-- Using toolchain /opt/nvidia/cuBB/cuPHY/cmake/toolchains/x86-64
-- The content of file: /opt/nvidia/cuBB/aerial-sdk-version is: 25-3-cubb, assigned to AERIAL_SDK_VERSION
CMake Warning at CMakeLists.txt:44 (message):
  Setting CMAKE_BUILD_TYPE to 'Release' as none was specified.


-- Enabled ccache
-- Using ENV{cuBB_SDK} /opt/nvidia/cuBB
-- The C compiler identification is GNU 12.3.0
-- The CXX compiler identification is GNU 12.3.0
-- The ASM compiler identification is GNU
-- Found assembler: /usr/local/gnu/bin/x86_64-linux-gnu-gcc
-- The CUDA compiler identification is NVIDIA 12.9.86
-- Detecting C compiler ABI info
-- Detecting C compiler ABI info - done
-- Check for working C compiler: /usr/local/gnu/bin/x86_64-linux-gnu-gcc - skipped
-- Detecting C compile features
-- Detecting C compile features - done
-- Detecting CXX compiler ABI info
-- Detecting CXX compiler ABI info - done
-- Check for working CXX compiler: /usr/local/gnu/bin/x86_64-linux-gnu-g++ - skipped
-- Detecting CXX compile features
-- Detecting CXX compile features - done
-- Detecting CUDA compiler ABI info
-- Detecting CUDA compiler ABI info - done
-- Check for working CUDA compiler: /usr/local/cuda/bin/nvcc - skipped
-- Detecting CUDA compile features
-- Detecting CUDA compile features - done
-- Using GPU architectures 80-real;90-real
-- Found CUDAToolkit: /usr/local/cuda/include (found version "12.9.86") 
-- Performing Test CMAKE_HAVE_LIBC_PTHREAD
-- Performing Test CMAKE_HAVE_LIBC_PTHREAD - Success
-- Found Threads: TRUE  
-- cuPHY is using toolchain /opt/nvidia/cuBB/cuPHY/cmake/toolchains/x86-64
-- cuPHY using CMAKE_CUDA_ARCHITECTURES=80-real;90-real
-- Found HDF5: /usr/lib/x86_64-linux-gnu/hdf5/serial/libhdf5.so;/usr/local/lib/libcrypto.so;/usr/lib/x86_64-linux-gnu/libcurl.so;/usr/lib/x86_64-linux-gnu/libpthread.a;/usr/lib/x86_64-linux-gnu/libsz.so;/usr/local/lib/libz.so;/usr/lib/x86_64-linux-gnu/libdl.a;/usr/lib/x86_64-linux-gnu/libm.so (found suitable version "1.10.7", minimum required is "1.10") found components: C 
-- Found Doxygen: /usr/bin/doxygen (found version "1.9.1") found components: doxygen dot 
-- Configuring /opt/nvidia/cuBB/build.x86_64/cuPHY/Doxyfile
-- including nvlog
-- mathdx: Found CUTLASS (NvidiaCutlass) dependency: /usr/local/nvidia/mathdx/25.06/external/cutlass/include
-- cufftdx: Found CUTLASS (NvidiaCutlass) dependency: /usr/local/nvidia/mathdx/25.06/external/cutlass/include
-- cufftdx: Found commondx dependency
-- Found cufftdx: (Version: 1.5.1, Include dirs: /usr/local/nvidia/mathdx/25.06/include)
-- mathDx: cuFFTDx found: /usr/local/nvidia/mathdx/25.06/include
-- Found GTest: /usr/local/lib/cmake/GTest/GTestConfig.cmake (found version "1.17.0")  
-- mathdx: Found CUTLASS (NvidiaCutlass) dependency: /usr/local/nvidia/mathdx/25.06/external/cutlass/include
-- cufftdx: Found CUTLASS (NvidiaCutlass) dependency: /usr/local/nvidia/mathdx/25.06/external/cutlass/include
-- cufftdx: Found commondx dependency
-- Found cufftdx: (Version: 1.5.1, Include dirs: /usr/local/nvidia/mathdx/25.06/include)
-- mathDx: cuFFTDx found: /usr/local/nvidia/mathdx/25.06/include
-- Found Python3: /usr/bin/python3.10 (found version "3.10.12") found components: Interpreter Development Development.Module Development.Embed 
-- Performing Test HAS_FLTO
-- Performing Test HAS_FLTO - Success
-- Found pybind11: /usr/include (found version "2.9.1")
-- testBenches is using toolchain /opt/nvidia/cuBB/cuPHY/cmake/toolchains/x86-64
-- testBenches is using CMAKE_CUDA_ARCHITECTURES=80-real;90-real
-- Found HDF5: /usr/lib/x86_64-linux-gnu/hdf5/serial/libhdf5.so;/usr/local/lib/libcrypto.so;/usr/lib/x86_64-linux-gnu/libcurl.so;/usr/lib/x86_64-linux-gnu/libpthread.a;/usr/lib/x86_64-linux-gnu/libsz.so;/usr/local/lib/libz.so;/usr/lib/x86_64-linux-gnu/libdl.a;/usr/lib/x86_64-linux-gnu/libm.so;/usr/lib/x86_64-linux-gnu/hdf5/serial/libhdf5_cpp.so;/usr/lib/x86_64-linux-gnu/hdf5/serial/libhdf5.so;/usr/local/lib/libcrypto.so;/usr/lib/x86_64-linux-gnu/libcurl.so;/usr/lib/x86_64-linux-gnu/libpthread.a;/usr/lib/x86_64-linux-gnu/libsz.so;/usr/local/lib/libz.so;/usr/lib/x86_64-linux-gnu/libdl.a;/usr/lib/x86_64-linux-gnu/libm.so (found version "1.10.7") found components: C CXX 
-- Using toolchain /opt/nvidia/cuBB/cuPHY/cmake/toolchains/x86-64
-- cuMAC is using toolchain /opt/nvidia/cuBB/cuPHY/cmake/toolchains/x86-64
-- Using GPU architectures 80-real;90-real
-- Found HDF5: /usr/lib/x86_64-linux-gnu/hdf5/serial/libhdf5_cpp.so;/usr/lib/x86_64-linux-gnu/hdf5/serial/libhdf5.so;/usr/local/lib/libcrypto.so;/usr/lib/x86_64-linux-gnu/libcurl.so;/usr/lib/x86_64-linux-gnu/libpthread.a;/usr/lib/x86_64-linux-gnu/libsz.so;/usr/local/lib/libz.so;/usr/lib/x86_64-linux-gnu/libdl.a;/usr/lib/x86_64-linux-gnu/libm.so (found version "1.10.7") found components: CXX 
-- cumac_ml is using toolchain /opt/nvidia/cuBB/cuPHY/cmake/toolchains/x86-64
-- cumac_ml is using GPU architectures 80-real;90-real
-- Using HDF5 CXX target /usr/lib/x86_64-linux-gnu/hdf5/serial/libhdf5_cpp.so;/usr/lib/x86_64-linux-gnu/hdf5/serial/libhdf5.so;/usr/local/lib/libcrypto.so;/usr/lib/x86_64-linux-gnu/libcurl.so;/usr/lib/x86_64-linux-gnu/libpthread.a;/usr/lib/x86_64-linux-gnu/libsz.so;/usr/local/lib/libz.so;/usr/lib/x86_64-linux-gnu/libdl.a;/usr/lib/x86_64-linux-gnu/libm.so.
-- ==========================================
-- nonOpenSourceModules Build Configuration
-- ==========================================
-- Build type: Release
-- C++ standard: 20
-- CUDA toolkit: 12.9.86
-- HDF5 CXX libraries: /usr/lib/x86_64-linux-gnu/hdf5/serial/libhdf5_cpp.so;/usr/lib/x86_64-linux-gnu/hdf5/serial/libhdf5.so;/usr/local/lib/libcrypto.so;/usr/lib/x86_64-linux-gnu/libcurl.so;/usr/lib/x86_64-linux-gnu/libpthread.a;/usr/lib/x86_64-linux-gnu/libsz.so;/usr/local/lib/libz.so;/usr/lib/x86_64-linux-gnu/libdl.a;/usr/lib/x86_64-linux-gnu/libm.so
-- TensorRT libraries: /usr/lib/x86_64-linux-gnu/libnvinfer.so, /usr/lib/x86_64-linux-gnu/libnvonnxparser.so
-- ==========================================
cuMAC-CP: L2ADAPTER_LIBS=
-- Found PkgConfig: /usr/bin/pkg-config (found version "0.29.2") 
-- Checking for one of the modules 'libdpdk'
-- Checking for one of the modules 'doca-gpunetio'
-- Found CURL: /usr/lib/x86_64-linux-gnu/libcurl.so (found version "7.81.0")  
=========================================================
Build nvipc for [x86_64] CMAKE_BUILD_TYPE=Release
NVIPC_CUDA_ENABLE=ON CUDAToolkit_VERSION=12.9.86
NVIPC_DPDK_ENABLE=OFF DPDK_VERSION=22.11.2504.1.0
NVIPC_DOCA_ENABLE=OFF DOCA_VERSION=3.0.0058
NVIPC_DOCA_GPUNETIO=OFF
NVIPC_GDRCPY_ENABLE=OFF
NVIPC_FMTLOG_ENABLE=ON
=========================================================
-- Found HDF5: /usr/lib/x86_64-linux-gnu/hdf5/serial/libhdf5.so;/usr/local/lib/libcrypto.so;/usr/lib/x86_64-linux-gnu/libcurl.so;/usr/lib/x86_64-linux-gnu/libpthread.a;/usr/lib/x86_64-linux-gnu/libsz.so;/usr/local/lib/libz.so;/usr/lib/x86_64-linux-gnu/libdl.a;/usr/lib/x86_64-linux-gnu/libm.so (found suitable version "1.10.7", minimum required is "1.10") found components: C 
-- Found libsctp: /usr/lib/x86_64-linux-gnu/libsctp.so
-- including nvipc
-- including oran_utils
-- CMAKE_CURRENT_SOURCE_DIR is /opt/nvidia/cuBB/cuPHY-CP/gt_common_libs/oran_utils
-- including slot_comamnd
-- CMAKE_CURRENT_SOURCE_DIR is /opt/nvidia/cuBB/cuPHY-CP/gt_common_libs/slot_command
-- PROJECT_SOURCE_DIR is /opt/nvidia/cuBB/cuPHY-CP/gt_common_libs/nvIPC/include/
-- including perf_metrics
-- Linking perf_metrics with nvlog target
-- CMAKE_CURRENT_SOURCE_DIR is /opt/nvidia/cuBB/cuPHY-CP/gt_common_libs/perf_metrics
-- Checking for module 'libyang>=2.1.88'
--   Found libyang, version 3.13.5
-- LIBYANG version = 3.13.5
-- LIBYANG dir= /usr/local/lib
-- Checking for module 'libyang-cpp>=1.1.0'
--   Found libyang-cpp, version 4
-- LIBYANG cpp version = 4
-- LIBYANG cpp dir= /usr/local/lib
-- Using system protoc: /usr/local/bin/protoc
-- Using system grpc_cpp_plugin: /usr/local/bin/grpc_cpp_plugin
-- Using system grpc_python_plugin: /usr/local/bin/grpc_python_plugin
-- RU building with REPO
-- Setting CUBB_HOME to /opt/nvidia/cuBB
-- DOCA_PATH cmake variable is seen from aeril-fh-drive cmake file doca include dirs Includes: /opt/mellanox/doca/include;/usr/include/libnl3, Lib Dirs: /opt/mellanox/doca/lib/x86_64-linux-gnu Libs:doca_gpunetio Cuda Driver Lib: Cuda RT Lib:
-- DOCA GPU communication enabled
-- Setting CUBB_HOME to /opt/nvidia/cuBB
-- FH Gen Cmake DOCA Lib Dirs: /opt/mellanox/doca/lib/x86_64-linux-gnu
-- CUDA_LIBRARIES is 
-- CUDA_INCLUDE_DIRS is 
-- Setting CUBB_HOME to /opt/nvidia/cuBB
-- Found libdw: /usr/lib/x86_64-linux-gnu/libdw.so  
-- Found libbfd: /usr/lib/x86_64-linux-gnu/libbfd.so  
-- Found libdwarf: /usr/lib/x86_64-linux-gnu/libdwarf.so  
-- Found Backward: /usr/local/lib/backward  
-- Cuphydriver Cmake DOCA Lib Dirs: /opt/mellanox/doca/lib/x86_64-linux-gnu
-- Found nlohmann_json: /usr/lib/cmake/nlohmann_json/nlohmann_jsonConfig.cmake (found version "3.10.5") 
-- Configuring E3 Agent ZMQ dependencies
-- Using ZMQ include: /usr/include
-- Using ZMQ library: zmq
-- Found OpenSSL: /usr/lib/x86_64-linux-gnu/libcrypto.so (found version "3.0.2")  
-- including comp_decomp_lib
-- CMAKE_CURRENT_SOURCE_DIR is /opt/nvidia/cuBB/cuPHY-CP/compression_decompression/comp_decomp_lib
-- including comp_decomp_examples
-- Found HDF5: /usr/lib/x86_64-linux-gnu/hdf5/serial/libhdf5.so;/usr/local/lib/libcrypto.so;/usr/lib/x86_64-linux-gnu/libcurl.so;/usr/lib/x86_64-linux-gnu/libpthread.a;/usr/lib/x86_64-linux-gnu/libsz.so;/usr/local/lib/libz.so;/usr/lib/x86_64-linux-gnu/libdl.a;/usr/lib/x86_64-linux-gnu/libm.so;/usr/lib/x86_64-linux-gnu/hdf5/serial/libhdf5_cpp.so;/usr/lib/x86_64-linux-gnu/hdf5/serial/libhdf5.so;/usr/local/lib/libcrypto.so;/usr/lib/x86_64-linux-gnu/libcurl.so;/usr/lib/x86_64-linux-gnu/libpthread.a;/usr/lib/x86_64-linux-gnu/libsz.so;/usr/local/lib/libz.so;/usr/lib/x86_64-linux-gnu/libdl.a;/usr/lib/x86_64-linux-gnu/libm.so (found suitable version "1.10.7", minimum required is "1.10") found components: C CXX 
-- TESTMAC: SOURCES=main.cpp;launch_pattern.cpp;test_mac_configs.cpp;test_mac.cpp;fapi_handler.cpp;fapi_validate.cpp;signal_handler.cpp;dummy.cu;cumac_pattern.cpp;cumac_handler.cpp;cumac_configs.cpp;cumac_validate.cpp;scf_fapi_handler.cpp
-- TESTMAC: L2ADAPTER_LIBS=scf_5g_fapi
-- Checking for module 'yaml-0.1'
--   Found yaml-0.1, version 0.2.5
-- tests includes order kernel test bench
-- Setting CUBB_HOME to /opt/nvidia/cuBB
-- Found HDF5: /usr/lib/x86_64-linux-gnu/hdf5/serial/libhdf5.so;/usr/local/lib/libcrypto.so;/usr/lib/x86_64-linux-gnu/libcurl.so;/usr/lib/x86_64-linux-gnu/libpthread.a;/usr/lib/x86_64-linux-gnu/libsz.so;/usr/local/lib/libz.so;/usr/lib/x86_64-linux-gnu/libdl.a;/usr/lib/x86_64-linux-gnu/libm.so (found suitable version "1.10.7", minimum required is "1.10") found components: C 
-- Order Kernel test bench Cmake DOCA Lib Dirs: /opt/mellanox/doca/lib/x86_64-linux-gnu
-- Order Kernel test bench include: /opt/nvidia/cuBB/cuPHY-CP/scfl2adapter/lib/scf_5g_fapi
-- Order Kernel test bench include: /opt/nvidia/cuBB/cuPHY-CP/cuphydriver/include
-- tests includes DL C test bench
-- Setting CUBB_HOME to /opt/nvidia/cuBB
-- Configuring done (8.7s)
-- Generating done (0.9s)
-- Build files have been written to: /opt/nvidia/cuBB/build.x86_64
chrt: failed to set pid 0's policy: Operation not permitted
[1/998] Building C object cuPHY/nvlog/CMakeFiles/nvlog.dir/src/aerial_event_code.c.o
[2/998] Building C object cuPHY/nvlog/CMakeFiles/nvlog_static.dir/src/aerial_event_code.c.o
[3/998] Building C object cuMAC/lib/cumac_msg/CMakeFiles/cumac_msg.dir/cumac_msg.c.o
[4/998] Linking C shared library cuMAC/lib/cumac_msg/libcumac_msg.so
[5/998] Building C object cuPHY/nvlog/CMakeFiles/nvlog.dir/src/nv_utils.c.o
[6/998] Building C object cuPHY/nvlog/CMakeFiles/nvlog_static.dir/src/nvlog.c.o
[7/998] Building C object cuPHY/nvlog/CMakeFiles/nvlog_static.dir/src/nv_utils.c.o
[8/998] Building C object cuPHY/nvlog/CMakeFiles/nvlog.dir/src/nvlog.c.o
[9/998] Building C object cuPHY/nvlog/CMakeFiles/nvlog_static.dir/src/stat_log.c.o
[10/998] Building C object cuPHY/nvlog/CMakeFiles/nvlog.dir/src/stat_log.c.o
[11/998] Generating API documentation (doxygen)
[12/998] Building CXX object cuPHY/examples/chanModels/src/CMakeFiles/chanModels.dir/chanModelsCommon.cpp.o
[13/998] Building CXX object cuMAC/examples/ml/trtEngine/CMakeFiles/trtEngine.dir/__/trtEngine.cpp.o
[14/998] Building CXX object cuPHY-CP/gt_common_libs/aerial_metrics/src/CMakeFiles/aerial_metrics.dir/aerial_metrics.cpp.o
[15/998] Building CXX object cuPHY/src/cuphy/CMakeFiles/genPucchLUT.dir/pucch_receiver/gen_pucch_receiver_LUTs.cpp.o
[16/998] Building CXX object testBenches/chanModels/examples/gauNoiseAdder/CMakeFiles/gau_noise_adder_ex.dir/gauNoiseAdder_ex.cpp.o
[17/998] Building C object cuPHY-CP/gt_common_libs/nvIPC/CMakeFiles/nvipc.dir/configs/nv_ipc_config.c.o
[18/998] Building CXX object cuPHY/src/cuphy/CMakeFiles/genLUT.dir/crc/gen_crc_LUTs.cpp.o
[19/998] Linking CXX executable cuPHY/src/cuphy/genPucchLUT
[20/998] Generating LUTs for PUCCH receiver Format 1
Generate look-up tables for PUCCH Receiver - Format 1
/opt/nvidia/cuBB/build.x86_64/cuPHY/src/cuphy/LUTS
[21/998] Linking CXX executable cuPHY/src/cuphy/genLUT
[22/998] Building CXX object cuPHY/nvlog/CMakeFiles/nvlog_static.dir/src/exit_handler.cpp.o
[23/998] Building CXX object cuMAC/examples/ml/drlMcsSelection/CMakeFiles/drlMcsSelection.dir/__/trtEngine.cpp.o
[24/998] Generating LUTs for CRC and Descrambling
Generate look-up tables for 3GPP NR CRC and descrambling: 
/opt/nvidia/cuBB/build.x86_64/cuPHY/src/cuphy/LUTS
Opening '/opt/nvidia/cuBB/build.x86_64/cuPHY/src/cuphy/LUTS/G_CRC_16_P_LUT.h' for writing...
Opening '/opt/nvidia/cuBB/build.x86_64/cuPHY/src/cuphy/LUTS/G_CRC_24_A_P_LUT.h' for writing...
Opening '/opt/nvidia/cuBB/build.x86_64/cuPHY/src/cuphy/LUTS/G_CRC_24_B_P_LUT.h' for writing...
Opening '/opt/nvidia/cuBB/build.x86_64/cuPHY/src/cuphy/LUTS/GOLD_1_SEQ_LUT.h' for writing...
Opening '/opt/nvidia/cuBB/build.x86_64/cuPHY/src/cuphy/LUTS/GOLD_2_32_P_LUT.h' for writing...
[25/998] Building C object cuPHY-CP/gt_common_libs/nvIPC/CMakeFiles/nvipc.dir/common/fd_share.c.o
[26/998] Building CUDA object testBenches/chanModels/examples/gauNoiseAdder/CMakeFiles/gau_noise_adder_ex.dir/dummy.cu.o
[27/998] Building C object cuPHY-CP/gt_common_libs/nvIPC/CMakeFiles/nvipc.dir/common/array_queue.c.o
[28/998] Building CUDA object cuPHY/test/derate_match_modulo/CMakeFiles/test_derate_match_modulo.dir/test_derate_match_modulo.cu.o
[29/998] Building C object cuPHY-CP/gt_common_libs/nvIPC/CMakeFiles/nvipc.dir/common/nv_ipc_mempool.c.o
[30/998] Building C object cuPHY-CP/gt_common_libs/nvIPC/CMakeFiles/nvipc.dir/common/nv_ipc_ring.c.o
[31/998] Building CXX object cuPHY-CP/gt_common_libs/aerial_metrics/src/CMakeFiles/aerial_metrics.dir/prometheus_metrics_backend.cpp.o
[32/998] Building CXX object cuPHY/nvlog/CMakeFiles/nvlog.dir/src/exit_handler.cpp.o
[33/998] Building CXX object cuPHY-CP/app_config/CMakeFiles/app_config.dir/app_config.cpp.o
[34/998] Building CXX object cuPHY/src/cuphy/CMakeFiles/cuphy_pti.dir/cuphy_pti.cpp.o
[35/998] Building C object cuPHY-CP/gt_common_libs/nvIPC/CMakeFiles/nvipc.dir/common/nv_ipc_debug.c.o
[36/998] Building CXX object cuMAC-CP/examples/L2IntegrationExample/CMakeFiles/l2_test.dir/l2_test.cpp.o
[37/998] Building CXX object cuPHY-CP/app_utils/CMakeFiles/app_utils.dir/app_utils.cpp.o
[38/998] Building CXX object cuPHY/nvlog/test/CMakeFiles/nvlog_test.dir/nvlog_test.cpp.o
[39/998] Building CXX object cuPHY-CP/app_utils/CMakeFiles/app_utils.dir/ptp_service_status_checking.cpp.o
[40/998] Building CXX object cuPHY/examples/chanModels/src/CMakeFiles/chanModels.dir/chanModels.cpp.o
[41/998] Building CXX object cuPHY-CP/gt_common_libs/aerial_metrics/test/CMakeFiles/aerial_metrics_test.dir/aerial_metrics_test.cpp.o
[42/998] Building CXX object cuPHY/test/hdf5/CMakeFiles/test_hdf5_host.dir/test_hdf5_host.cpp.o
[43/998] Building CXX object cuMAC/src/CMakeFiles/cumac.dir/4T4R/cellAssociationCpu.cpp.o
[44/998] Building CXX object cuMAC/src/CMakeFiles/cumac.dir/4T4R/multiCellLayerSelCpu.cpp.o
[45/998] Building CXX object cuMAC/examples/ml/trtEngine/CMakeFiles/trtEngine.dir/main.cpp.o
[46/998] Building CXX object cuMAC/src/CMakeFiles/cumac.dir/4T4R/roundRobinUeSelCpu.cpp.o
[47/998] Building CXX object cuPHY/nvlog/CMakeFiles/nvlog.dir/src/nvlog.cpp.o
[48/998] Building CXX object cuMAC/src/CMakeFiles/cumac.dir/4T4R/singleCellSchedulerCpu.cpp.o
[49/998] Linking CXX shared library cuPHY/nvlog/libnvlog.so
[50/998] Building CXX object cuMAC/examples/cusolverSvd/CMakeFiles/cusolverSvd.dir/test.cpp.o
[51/998] Building CXX object cuMAC/examples/trafficModel/CMakeFiles/trafficModel.dir/trafficGenerator.cpp.o
[52/998] Building CXX object cuPHY/nvlog/CMakeFiles/nvlog_static.dir/src/nvlog.cpp.o
[53/998] Linking CXX static library cuPHY/nvlog/libnvlog_static.a
[54/998] Building CXX object cuMAC/examples/channInput/CMakeFiles/channInputTest.dir/channInput_example/channInputTest.cpp.o
[55/998] Building CXX object cuMAC/examples/cellAssociate/CMakeFiles/cellAssociateTest.dir/cellAssociateTest.cpp.o
[56/998] Linking CXX executable cuPHY/nvlog/test/nvlog_test
[57/998] Building CXX object cuMAC/src/CMakeFiles/cumac.dir/4T4R/mcsSelectionLUTCpu.cpp.o
[58/998] Building CXX object cuMAC/examples/multiCellSchedulerUeSelection/CMakeFiles/multiCellSchedulerUeSelection.dir/__/trafficModel/trafficGenerator.cpp.o
[59/998] Building CXX object cuMAC/examples/scheduleTrafficTest/CMakeFiles/scheduleTrafficTest.dir/__/trafficModel/trafficGenerator.cpp.o
[60/998] Building CXX object cuMAC/src/CMakeFiles/cumac.dir/4T4R/roundRobinSchedulerCpu.cpp.o
[61/998] Building CXX object cuMAC/examples/singleCellScheduler/CMakeFiles/singleCellSchedule.dir/main.cpp.o
[62/998] Building CXX object cuMAC/examples/trafficModel/CMakeFiles/trafficModel.dir/main.cpp.o
[63/998] Building CXX object cuMAC/examples/ml/drlMcsSelection/CMakeFiles/drlMcsSelection.dir/main.cpp.o
[64/998] Building CXX object cuMAC/examples/ml/drlMcsSelection/CMakeFiles/drlMcsSelection.dir/drlMcsSelection.cpp.o
[65/998] Building CXX object cuMAC/examples/tvLoadingTest/CMakeFiles/tvLoadingTest.dir/main.cpp.o
[66/998] Building CXX object cuPHY/src/cuphy/CMakeFiles/cuphy.dir/cuphy_ldpc.cpp.o
[67/998] Building CUDA object cuPHY/src/cuphy/CMakeFiles/cuphy_pti.dir/cuphy_pti.cu.o
[68/998] Building CXX object cuPHY/src/cuphy/CMakeFiles/cuphy.dir/tensor_desc.cpp.o
[69/998] Building CXX object cuMAC/examples/pfmSort/CMakeFiles/pfmSortTest.dir/main.cpp.o
[70/998] Building CXX object cuPHY/src/cuphy/CMakeFiles/cuphy.dir/cuphy_common.cpp.o
[71/998] Building CXX object cuPHY/src/cuphy/CMakeFiles/cuphy.dir/cuphy_context.cpp.o
[72/998] Building CXX object cuMAC/src/CMakeFiles/cumac.dir/4T4R/multiCellUeSelectionCpu.cpp.o
[73/998] Building CXX object cuMAC/src/CMakeFiles/cumac.dir/cumacSubcontext.cpp.o
[74/998] Building CXX object cuMAC/examples/ml/drlMcsSelection/CMakeFiles/drlMcsSelection.dir/__/mcsSelectionDRL.cpp.o
[75/998] Building CXX object cuMAC/examples/scheduleTrafficTest/CMakeFiles/scheduleTrafficTest.dir/main.cpp.o
[76/998] Building CXX object cuMAC/src/CMakeFiles/cumac.dir/4T4R/multiCellSchedulerCpu.cpp.o
[77/998] Building CXX object cuPHY/src/cuphy/CMakeFiles/cuphy.dir/ch_est/ch_est_stream.cpp.o
[78/998] Building CXX object cuPHY/src/cuphy/CMakeFiles/cuphy.dir/ldpc/ldpc_api.cpp.o
[79/998] Building CXX object cuMAC/examples/muMimoUeGrpL2Integration/CMakeFiles/l2_muUeGrp_test.dir/l2_muUeGrp_test.cpp.o
[80/998] Building CXX object cuMAC/examples/scheduleTrafficTest/CMakeFiles/scheduleTrafficTest.dir/__/testBench.cpp.o
[81/998] Building CXX object cuPHY/src/cuphy/CMakeFiles/cuphy.dir/error_correction/ldpc.cpp.o
[82/998] Building CUDA object cuPHY/examples/chanModels/src/CMakeFiles/chanModels.dir/gauNoiseAdder.cu.o
[83/998] Building CXX object cuMAC/examples/multiCellSchedulerUeSelection/CMakeFiles/multiCellSchedulerUeSelection.dir/main.cpp.o
[84/998] Building CXX object cuMAC/examples/multiCellMuMimoScheduler/CMakeFiles/multiCellMuMimoScheduler.dir/main.cpp.o
[85/998] Building CXX object cuMAC/src/CMakeFiles/cumac.dir/64T64R/muMimoSchedulerBaseCpu.cpp.o
[86/998] Building CXX object cuPHY-CP/gt_common_libs/nvIPC/CMakeFiles/nvipc.dir/configs/nv_ipc_yaml_parser.cpp.o
[87/998] Building CXX object cuMAC/src/CMakeFiles/cumac.dir/__/examples/tools/h5TvLoad.cpp.o
[88/998] Building CXX object cuMAC/examples/multiCellSrsScheduler/CMakeFiles/multiCellSrsScheduler.dir/main.cpp.o
[89/998] Building CXX object cuPHY/src/cuphy/CMakeFiles/cuphy.dir/error_correction/ldpc2.cpp.o
[90/998] Building CXX object cuPHY/src/cuphy/CMakeFiles/cuphy.dir/device.cpp.o
[91/998] Building CXX object cuMAC/examples/pfmSort/CMakeFiles/pfmSortTest.dir/pfmSortTest.cpp.o
[92/998] Building CUDA object cuMAC-CP/examples/L2IntegrationExample/CMakeFiles/cumcp_test.dir/cumcp_test.cu.o
[93/998] Building CXX object cuMAC/src/CMakeFiles/cumac.dir/cpuMatAlg/cpuMatAlg.cpp.o
[94/998] Building CXX object cuMAC/examples/eigenMatOp/CMakeFiles/eigenMatOp.dir/test.cpp.o
[95/998] Building CXX object cuPHY/src/cuphy/CMakeFiles/cuphy.dir/ch_est/chest_factory.cpp.o
[96/998] Building CXX object cuMAC/src/CMakeFiles/cumac.dir/__/examples/tools/h5TvCreate.cpp.o
[97/998] Building CXX object cuPHY-CP/app_utils/CMakeFiles/app_utils.dir/rhocp_ptp_event_consumer.cpp.o
[98/998] Building CXX object cuPHY/src/cuphy/CMakeFiles/cuphy.dir/ch_est/ch_est_graph_mgr.cpp.o
[99/998] Building CXX object cuPHY/src/cuphy/CMakeFiles/cuphy.dir/error_correction/ldpc2_bg_desc_half2.cpp.o
[100/998] Building CXX object cuPHY/src/cuphy/CMakeFiles/cuphy.dir/ch_est/trtengine_chest.cpp.o
[101/998] Building CUDA object cuPHY/examples/chanModels/src/CMakeFiles/chanModels.dir/tdl_chan_src/tdl_chan.cu.o
[102/998] Building CXX object cuPHY/src/cuphy/CMakeFiles/cuphy.dir/cuphy.cpp.o
[103/998] Building CUDA object cuPHY/examples/chanModels/src/CMakeFiles/chanModels.dir/sls_chan_src/sls_chan_small_scale.cu.o
[104/998] Building CUDA object cuPHY/examples/chanModels/src/CMakeFiles/chanModels.dir/sls_chan_src/sls_chan_topology.cu.o
[105/998] Building CXX object cuPHY/src/cuphy/CMakeFiles/cuphy.dir/ch_est/ch_est_yaml_loader.cpp.o
[106/998] Building ASM object cuPHY/src/cuphy/CMakeFiles/cuphy.dir/error_correction/ldpc_decoder_cubin/ldpc_decoder_cubin.s.o
[107/998] Building CUDA object cuPHY/src/cuphy/CMakeFiles/cuphy.dir/soft_demapper/soft_demapper.cu.o
[108/998] Building CUDA object cuMAC/src/CMakeFiles/cumac.dir/pfmSort/pfmSort.cu.o
[109/998] Building CUDA object cuPHY/src/cuphy/CMakeFiles/cuphy.dir/empty_kernels.cu.o
[110/998] Building CUDA object cuPHY/examples/chanModels/src/CMakeFiles/chanModels.dir/fading_chan.cu.o
[111/998] Building CXX object cuPHY/src/cuphy/CMakeFiles/cuphy.dir/variant.cpp.o
[112/998] Building CUDA object cuPHY/src/cuphy/CMakeFiles/cuphy.dir/convert_tensor.cu.o
[113/998] Building CUDA object cuPHY/src/cuphy/CMakeFiles/cuphy.dir/channel_est/channel_est.cu.o
[114/998] Linking CXX static library cuPHY/src/cuphy/libcuphy_pti.a
[115/998] Building CXX object cuMAC/examples/cpuMatAlg/CMakeFiles/cpuMatAlg.dir/test.cpp.o
[116/998] Building CUDA object cuMAC/src/CMakeFiles/cumac.dir/4T4R/cellAssociation.cu.o
[117/998] Building CUDA object cuMAC/src/CMakeFiles/cumac.dir/multiCellSrsScheduler/multiCellSrsScheduler.cu.o
[118/998] Building CUDA object cuMAC/src/CMakeFiles/cumac.dir/4T4R/svdPrecoding.cu.o
[119/998] Building CUDA object cuPHY/src/cuphy/CMakeFiles/cuphy.dir/polar_encoder/polar_encoder.cu.o
[120/998] Building CUDA object cuPHY/src/cuphy/CMakeFiles/cuphy.dir/ch_est/ch_est_trtengine_pre_post_converion.cu.o
[121/998] Building CUDA object cuPHY/src/cuphy/CMakeFiles/cuphy.dir/modulation_mapper/modulation_mapper.cu.o
[122/998] Building CUDA object cuPHY/src/cuphy/CMakeFiles/cuphy.dir/pucch_F234_uci_seg/pucch_F234_uci_seg.cu.o
[123/998] Building CUDA object cuMAC/src/CMakeFiles/cumac.dir/4T4R/mcsSelectionLUT.cu.o
[124/998] Building CXX object cuPHY/src/cuphy/CMakeFiles/cuphy.dir/trt_engine/trt_engine.cpp.o
[125/998] Building CXX object cuPHY/src/cuphy/CMakeFiles/cuphy.dir/cuphy_pti.cpp.o
[126/998] Building CUDA object cuMAC/src/CMakeFiles/cumac.dir/4T4R/singleCellScheduler.cu.o
[127/998] Building CUDA object cuMAC/src/CMakeFiles/cumac.dir/4T4R/multiCellLayerSel.cu.o
[128/998] Building CUDA object cuPHY/examples/chanModels/src/CMakeFiles/chanModels.dir/sls_chan_src/sls_chan_large_scale_GPU.cu.o
[129/998] Building CUDA object cuPHY/src/cuphy/CMakeFiles/cuphy.dir/tensor_fill.cu.o
[130/998] Building CUDA object cuMAC/src/CMakeFiles/cumac.dir/4T4R/roundRobinUeSel.cu.o
[131/998] Building CUDA object cuPHY/src/cuphy/CMakeFiles/cuphy.dir/pucch_F3_front_end/pucch_F3_segLLRs.cu.o
[132/998] Building CUDA object cuPHY/src/cuphy/CMakeFiles/cuphy.dir/pusch_start_kernels.cu.o
[133/998] Building CUDA object cuMAC/src/CMakeFiles/cumac.dir/64T64R/multiCellMuUeSort.cu.o
[134/998] Building CUDA object cuMAC/src/CMakeFiles/cumac.dir/4T4R/multiCellUeSelection.cu.o
[135/998] Building CUDA object cuMAC/src/CMakeFiles/cumac.dir/tools/multiCellSinrCal.cu.o
[136/998] Building ASM object cuPHY/src/cuphy/CMakeFiles/cuphy_ldpc.dir/error_correction/ldpc_decoder_cubin/ldpc_decoder_cubin.s.o
[137/998] Building CXX object cuPHY/src/cuphy/CMakeFiles/cuphy_ldpc.dir/cuphy_ldpc.cpp.o
[138/998] Building CUDA object cuPHY/src/cuphy/CMakeFiles/cuphy.dir/cuphy_pti.cu.o
[139/998] Building CUDA object cuPHY/src/cuphy/CMakeFiles/cuphy.dir/tensor_reduction.cu.o
[140/998] Building CUDA object cuPHY/src/cuphy/CMakeFiles/cuphy.dir/pucch_F3_front_end/pucch_F3_csi2Ctrl.cu.o
[141/998] Building CUDA object cuPHY/examples/chanModels/src/CMakeFiles/chanModels.dir/cdl_chan_src/cdl_chan.cu.o
[142/998] Building CXX object cuPHY/src/cuphy/CMakeFiles/cuphy_ldpc.dir/cuphy_common.cpp.o
[143/998] Building CXX object cuPHY/src/cuphy/CMakeFiles/cuphy_ldpc.dir/cuphy_context.cpp.o
[144/998] Building CUDA object cuPHY/src/cuphy/CMakeFiles/cuphy.dir/pucch_receiver/pucch_receiver.cu.o
[145/998] Building CUDA object cuMAC/src/CMakeFiles/cumac.dir/64T64R/multiCellMuUeGrp.cu.o
[146/998] Building CUDA object cuPHY/src/cuphy/CMakeFiles/cuphy.dir/tensor_tile.cu.o
[147/998] Building CXX object cuPHY/src/cuphy/CMakeFiles/cuphy_ldpc.dir/tensor_desc.cpp.o
[148/998] Building CUDA object cuMAC/src/CMakeFiles/cumac.dir/4T4R/roundRobinScheduler.cu.o
[149/998] Building CUDA object cuMAC/src/CMakeFiles/cumac.dir/64T64R/multiCellBeamform.cu.o
[150/998] Building CXX object cuPHY/src/cuphy_hdf5/CMakeFiles/cuphy_hdf5.dir/cuphy_hdf5.cpp.o
[151/998] Building CUDA object cuPHY/src/cuphy/CMakeFiles/cuphy.dir/csirs/csirs_tf_signal.cu.o
[152/998] Building CUDA object cuPHY/src/cuphy/CMakeFiles/cuphy.dir/polar_seg_deRm_deItl/polar_seg_deRm_deItl.cu.o
[153/998] Building CUDA object cuPHY/src/cuphy/CMakeFiles/cuphy.dir/ss/ss.cu.o
[154/998] Building CUDA object cuMAC/src/CMakeFiles/cumac.dir/4T4R/multiCellScheduler.cu.o
[155/998] Building CUDA object cuPHY/src/cuphy/CMakeFiles/cuphy.dir/rng/rng.cu.o
[156/998] Building CXX object cuPHY/src/cuphy/CMakeFiles/cuphy_ldpc.dir/ldpc/ldpc_api.cpp.o
[157/998] Building CUDA object cuPHY/src/cuphy/CMakeFiles/cuphy.dir/descrambling/descrambling.cu.o
[158/998] Building CUDA object cuPHY/src/cuphy/CMakeFiles/cuphy.dir/comp_cwTreeTypes/comp_cwTreeTypes.cu.o
[159/998] Building CXX object cuPHY/src/cuphy/CMakeFiles/cuphy_ldpc.dir/error_correction/ldpc2.cpp.o
[160/998] Building CUDA object cuPHY/src/cuphy/CMakeFiles/cuphy.dir/crc/crc.cu.o
[161/998] Building CXX object cuPHY/src/cuphy/CMakeFiles/cuphy_ldpc.dir/error_correction/ldpc.cpp.o
[162/998] Building CUDA object cuPHY/src/cuphy/CMakeFiles/cuphy.dir/pucch_receiver/rm_decoder.cu.o
[163/998] Building CUDA object cuPHY/examples/chanModels/src/CMakeFiles/chanModels.dir/sls_chan_src/sls_chan.cu.o
[164/998] Building CUDA object cuPHY/src/cuphy/CMakeFiles/cuphy.dir/copy_kernel.cu.o
[165/998] Building CUDA object cuPHY/src/cuphy/CMakeFiles/cuphy.dir/uci_on_pusch/uciOnPusch_csi2Ctrl.cu.o
[166/998] Building CUDA object cuPHY/src/cuphy/CMakeFiles/cuphy.dir/srstx/srstx_tf_signal.cu.o
[167/998] Building CUDA object cuPHY/src/cuphy/CMakeFiles/cuphy.dir/error_correction/ldpc2_reg_index_fp_desc_dyn_row_dep.cu.o
[168/998] Building CUDA object cuPHY/src/cuphy/CMakeFiles/cuphy.dir/tensor_elementwise.cu.o
[169/998] Building CUDA object cuPHY/src/cuphy/CMakeFiles/cuphy.dir/pdsch_dmrs/pdsch_dmrs.cu.o
[170/998] Building CUDA object cuPHY/src/cuphy/CMakeFiles/cuphy.dir/csirs_rx/csirs_rx.cu.o
[171/998] Building CUDA object cuPHY/src/cuphy/CMakeFiles/cuphy.dir/pdcch/embed_pdcch_tf_signal.cu.o
[172/998] Building CUDA object cuPHY/src/cuphy/CMakeFiles/cuphy.dir/simplex_decoder/simplex_decoder.cu.o
[173/998] Building CUDA object cuPHY/examples/test_example/CMakeFiles/test_example.dir/dummy.cu.o
[174/998] Building CUDA object cuPHY/src/cuphy/CMakeFiles/cuphy.dir/error_correction/ldpc_cubin_wrappers/ldpc2_reg_index_fp_desc_dyn_sm80.cu.o
[175/998] Building CUDA object cuPHY/src/cuphy/CMakeFiles/cuphy.dir/error_correction/ldpc2_reg_box_plus.cu.o
[176/998] Building CUDA object cuPHY/examples/chanModels/src/CMakeFiles/chanModels.dir/sls_chan_src/sls_chan_large_scale.cu.o
[177/998] Building CUDA object cuPHY/examples/ss/CMakeFiles/testSS.dir/dummy.cu.o
[178/998] Building CUDA object cuPHY/src/cuphy/CMakeFiles/cuphy.dir/error_correction/ldpc_cubin_wrappers/ldpc2_split_index_fp_x2_desc_dyn_sm86.cu.o
[179/998] Building CUDA object cuPHY/examples/channel_estimation/CMakeFiles/cuphy_ex_channel_est.dir/dummy.cu.o
[180/998] Building CUDA object cuPHY/src/cuphy/CMakeFiles/cuphy.dir/uci_on_pusch/uciOnPusch_segLLRs0.cu.o
[181/998] Building CUDA object cuPHY/src/cuphy/CMakeFiles/cuphy.dir/error_correction/ldpc_cubin_wrappers/ldpc2_reg_index_fp_desc_dyn_row_dep_sm86.cu.o
[182/998] Building CUDA object cuPHY/examples/bfc/CMakeFiles/cuphy_ex_bfc.dir/dummy.cu.o
[183/998] Building CXX object cuPHY/examples/test_example/CMakeFiles/test_example.dir/main.cpp.o
[184/998] Building CUDA object cuMAC/examples/channInput/CMakeFiles/channInput.dir/channInput_src/channInput.cu.o
[185/998] Building CUDA object cuPHY/src/cuphy/CMakeFiles/cuphy.dir/uci_on_pusch/uciOnPusch_segLLRs1.cu.o
[186/998] Building CXX object cuPHY/src/cuphy_channels/CMakeFiles/cuphy_channels.dir/srs_tx.cpp.o
[187/998] Building CUDA object cuPHY/src/cuphy/CMakeFiles/cuphy.dir/pusch_rssi/pusch_rssi.cu.o
[188/998] Building CXX object cuPHY/src/cuphy/CMakeFiles/cuphy.dir/error_correction/ldpc2_bg_desc.cpp.o
[189/998] Building CUDA object cuPHY/src/cuphy/CMakeFiles/cuphy.dir/uci_on_pusch/uciOnPusch_segLLRs2.cu.o
[190/998] Building CUDA object cuPHY/src/cuphy/CMakeFiles/cuphy.dir/error_correction/ldpc_cubin_wrappers/ldpc2_reg_index_fp_desc_dyn_row_dep_sm80.cu.o
[191/998] Building CUDA object cuPHY/src/cuphy/CMakeFiles/cuphy.dir/error_correction/ldpc_cubin_wrappers/ldpc2_reg_index_fp_desc_dyn_row_dep_sm90.cu.o
[192/998] Building CXX object cuPHY/src/cuphy_channels/CMakeFiles/cuphy_channels.dir/csirs_tx.cpp.o
[193/998] Building CUDA object cuPHY/examples/ch_est/CMakeFiles/cuphy_ex_ch_est.dir/dummy.cu.o
[194/998] Building CXX object cuPHY/src/cuphy_channels/CMakeFiles/cuphy_channels.dir/pdcch_tx.cpp.o
[195/998] Building CUDA object cuPHY/examples/cfo_ta_est/CMakeFiles/cuphy_ex_cfo_ta_est.dir/dummy.cu.o
[196/998] Building CUDA object cuPHY/examples/channel_eq/CMakeFiles/cuphy_ex_channel_eq.dir/dummy.cu.o
[197/998] Building CUDA object cuPHY/src/cuphy/CMakeFiles/cuphy_ldpc.dir/error_correction/ldpc_cubin_wrappers/ldpc2_reg_index_fp_desc_dyn_sm80.cu.o
[198/998] Building CUDA object cuPHY/examples/csirs_tx_multi_cell/CMakeFiles/cuphy_ex_nzp_csirs_tx_multi_cell.dir/dummy.cu.o
[199/998] Building CUDA object cuPHY/src/cuphy/CMakeFiles/cuphy.dir/error_correction/ldpc2_reg_index_fp_x2_desc_dyn.cu.o
[200/998] Building CXX object cuPHY/src/cuphy_channels/CMakeFiles/cuphy_channels.dir/csirs_rx.cpp.o
[201/998] Building CUDA object cuPHY/src/cuphy/CMakeFiles/cuphy_ldpc.dir/soft_demapper/soft_demapper.cu.o
[202/998] Building CUDA object cuPHY/src/cuphy/CMakeFiles/cuphy.dir/error_correction/ldpc_cubin_wrappers/ldpc2_split_index_fp_x2_desc_dyn_sm90.cu.o
[203/998] Building CXX object cuPHY/examples/channel_estimation/CMakeFiles/cuphy_ex_channel_est.dir/cuphy_ex_channel_est.cpp.o
[204/998] Building CUDA object cuPHY/src/cuphy/CMakeFiles/cuphy.dir/pucch_F0_receiver/pucch_F0_receiver.cu.o
[205/998] Building CUDA object cuPHY/examples/csirs_rx_multi_cell/CMakeFiles/cuphy_ex_nzp_csirs_rx_multi_cell.dir/dummy.cu.o
[206/998] Building CXX object cuPHY/src/cuphy_channels/CMakeFiles/cuphy_channels.dir/srs_rx.cpp.o
[207/998] Building CUDA object cuMAC/examples/muMimoUeGrpL2Integration/CMakeFiles/cumac_muUeGrp_test.dir/cumac_muUeGrp_test.cu.o
[208/998] Building CXX object cuPHY/src/cuphy_channels/CMakeFiles/cuphy_channels.dir/bfw_tx.cpp.o
[209/998] Building CXX object cuPHY/examples/ss/CMakeFiles/testSS.dir/testSS.cpp.o
[210/998] Building CUDA object cuPHY/examples/error_correction/CMakeFiles/cuphy_ex_ldpc.dir/dummy.cu.o
[211/998] Building CXX object cuPHY/src/cuphy_channels/CMakeFiles/cuphy_channels.dir/pucch_rx.cpp.o
[212/998] Building CUDA object cuPHY/examples/ldpc_encode/CMakeFiles/ldpc_encode.dir/dummy.cu.o
[213/998] Building CUDA object cuPHY/src/cuphy/CMakeFiles/cuphy_ldpc.dir/error_correction/ldpc_cubin_wrappers/ldpc2_reg_index_fp_desc_dyn_row_dep_sm86.cu.o
[214/998] Building CUDA object cuPHY/src/cuphy/CMakeFiles/cuphy_ldpc.dir/error_correction/ldpc_cubin_wrappers/ldpc2_reg_index_fp_desc_dyn_row_dep_sm90.cu.o
[215/998] Building CUDA object cuPHY/src/cuphy/CMakeFiles/cuphy.dir/rate_matching/rate_matching.cu.o
[216/998] Building CUDA object cuPHY/examples/pdsch_tx/CMakeFiles/cuphy_ex_pdsch_tx.dir/dummy.cu.o
[217/998] Building CUDA object cuPHY/src/cuphy/CMakeFiles/cuphy_ldpc.dir/error_correction/ldpc_cubin_wrappers/ldpc2_reg_index_fp_desc_dyn_row_dep_sm80.cu.o
[218/998] Building CXX object cuPHY/src/cuphy_channels/CMakeFiles/cuphy_channels.dir/prach_rx.cpp.o
[219/998] Building CXX object cuPHY/src/cuphy/CMakeFiles/cuphy_ldpc.dir/error_correction/ldpc2_bg_desc_half2.cpp.o
[220/998] Building CUDA object cuPHY/examples/ssb_tx_multi_cell/CMakeFiles/cuphy_ex_ssb_tx_multi_cell.dir/dummy.cu.o
[221/998] Building CUDA object cuPHY/examples/pusch_rateMatch/CMakeFiles/cuphy_ex_pusch_rateMatch.dir/dummy.cu.o
[222/998] Building CUDA object cuPHY/examples/pdsch_tx_multi_cell/CMakeFiles/cuphy_ex_pdsch_tx_multi_cell.dir/dummy.cu.o
[223/998] Building CXX object cuPHY/examples/error_correction/CMakeFiles/cuphy_ex_ldpc.dir/ldpc_decode_test_vec_pybind.cpp.o
[224/998] Building CXX object cuPHY/examples/cfo_ta_est/CMakeFiles/cuphy_ex_cfo_ta_est.dir/cuphy_ex_cfo_ta_est.cpp.o
[225/998] Building CUDA object cuPHY/examples/pucch_F0_receiver/CMakeFiles/cuphy_ex_pucch_F0_receiver.dir/dummy.cu.o
[226/998] Building CUDA object cuPHY/src/cuphy/CMakeFiles/cuphy_ldpc.dir/convert_tensor.cu.o
[227/998] Building CXX object cuPHY/examples/error_correction/CMakeFiles/cuphy_ex_ldpc.dir/ldpc_decode_test_vec.cpp.o
[228/998] Building CXX object cuPHY/src/cuphy_channels/CMakeFiles/cuphy_channels.dir/ssb_tx.cpp.o
[229/998] Building CUDA object cuPHY/src/cuphy/CMakeFiles/cuphy_ldpc.dir/error_correction/ldpc_cubin_wrappers/ldpc2_split_index_fp_x2_desc_dyn_sm86.cu.o
[230/998] Building CUDA object cuPHY/src/cuphy/CMakeFiles/cuphy.dir/polar_decoder/polar_decoder.cu.o
[231/998] Building CUDA object cuPHY/examples/chanModels/src/CMakeFiles/chanModels.dir/sls_chan_src/sls_chan_small_scale_GPU.cu.o
[232/998] Building CUDA object cuPHY/src/cuphy/CMakeFiles/cuphy_ldpc.dir/error_correction/ldpc_cubin_wrappers/ldpc2_split_index_fp_x2_desc_dyn_sm90.cu.o
[233/998] Building CUDA object cuPHY/examples/pucch_F1_receiver/CMakeFiles/cuphy_ex_pucch_F1_receiver.dir/dummy.cu.o
[234/998] Building CUDA object cuPHY/examples/pucch_F2_front_end/CMakeFiles/cuphy_ex_pucch_F2_front_end.dir/dummy.cu.o
[235/998] Building CXX object cuPHY/examples/ldpc_encode/CMakeFiles/ldpc_encode.dir/ldpc_encode.cpp.o
[236/998] Building CXX object cuPHY/examples/error_correction/CMakeFiles/cuphy_ex_ldpc.dir/ldpc_decode_test_vec_file.cpp.o
[237/998] Building CUDA object cuPHY/src/cuphy/CMakeFiles/cuphy.dir/error_correction/ldpc2_reg_index_fp_desc_dyn.cu.o
[238/998] Building CXX object cuPHY/examples/error_correction/CMakeFiles/cuphy_ex_ldpc.dir/ldpc_decode_test_vec_gen.cpp.o
[239/998] Building CUDA object cuPHY/examples/bfc/CMakeFiles/cuphy_ex_bfc.dir/__/common/util.cu.o
[240/998] Building CUDA object cuPHY/src/cuphy/CMakeFiles/cuphy.dir/pucch_F1_receiver/pucch_F1_receiver.cu.o
[241/998] Building CUDA object cuPHY/src/cuphy/CMakeFiles/cuphy.dir/error_correction/ldpc2_shm_index_fp_desc_dyn.cu.o
[242/998] Building CUDA object cuPHY/examples/pucch_F3_segLLRs/CMakeFiles/cuphy_ex_pucch_F3_segLLRs.dir/dummy.cu.o
[243/998] Building CUDA object cuPHY/examples/pucch_F3_front_end/CMakeFiles/cuphy_ex_pucch_F3_front_end.dir/dummy.cu.o
[244/998] Building CUDA object cuPHY/examples/simplex_decoder/CMakeFiles/cuphy_ex_simplex_decoder.dir/dummy.cu.o
[245/998] Building CUDA object cuPHY/src/cuphy/CMakeFiles/cuphy.dir/error_correction/ldpc2_reg_index_fp_dp_desc_dyn_row_dep.cu.o
[246/998] Building CUDA object cuPHY/examples/pucch_F234_uci_seg/CMakeFiles/cuphy_ex_pucch_F234_uciSeg.dir/dummy.cu.o
[247/998] Building CXX object cuPHY/examples/pdsch_tx/CMakeFiles/cuphy_ex_pdsch_tx.dir/cuphy_ex_pdsch_tx.cpp.o
[248/998] Building CUDA object cuPHY/src/cuphy/CMakeFiles/cuphy_ldpc.dir/crc/crc.cu.o
[249/998] Building CUDA object cuPHY/examples/pucch_receiver/CMakeFiles/pucch_receiver.dir/dummy.cu.o
[250/998] Building CXX object cuPHY/examples/csirs_rx_multi_cell/CMakeFiles/cuphy_ex_nzp_csirs_rx_multi_cell.dir/cuphy_ex_nzp_csirs_rx_multi_cell.cpp.o
[251/998] Building CXX object cuPHY/examples/pusch_rateMatch/CMakeFiles/cuphy_ex_pusch_rateMatch.dir/cuphy_ex_pusch_rateMatch.cpp.o
[252/998] Building CUDA object cuPHY/examples/prach_receiver_multi_cell/CMakeFiles/prach_receiver_multi_cell.dir/dummy.cu.o
[253/998] Building CUDA object cuMAC/examples/cellAssociate/CMakeFiles/cellAssociateTest.dir/__/network.cu.o
[254/998] Building CUDA object cuMAC/examples/singleCellScheduler/CMakeFiles/singleCellSchedule.dir/__/network.cu.o
[255/998] Building CXX object cuPHY/examples/pusch_rx_multi_pipe/CMakeFiles/cuphy_ex_pusch_rx_multi_pipe.dir/cuphy_ex_pusch_rx_multi_pipe.cpp.o
[256/998] Building CUDA object cuPHY/examples/prach_test/CMakeFiles/cuphy_ex_gen_prach_perf_curve_from_file.dir/dummy.cu.o
[257/998] Building CXX object cuPHY/examples/csirs_tx_multi_cell/CMakeFiles/cuphy_ex_nzp_csirs_tx_multi_cell.dir/cuphy_ex_nzp_csirs_tx_multi_cell.cpp.o
[258/998] Building CUDA object cuMAC/examples/multiCellSchedulerUeSelection/CMakeFiles/multiCellSchedulerUeSelection.dir/__/network.cu.o
[259/998] Building CUDA object cuPHY/examples/modulation_mapper/CMakeFiles/modulation_mapper.dir/dummy.cu.o
[260/998] Building CUDA object cuPHY/src/cuphy/CMakeFiles/cuphy.dir/error_correction/ldpc2_split_index_fp_x2_desc_dyn.cu.o
[261/998] Building CUDA object cuPHY/src/cuphy/CMakeFiles/cuphy.dir/pucch_F2_front_end/pucch_F2_front_end.cu.o
[262/998] Building CXX object cuPHY/src/cuphy_channels/CMakeFiles/cuphy_channels.dir/pdsch_tx.cpp.o
[263/998] Building CUDA object cuPHY/examples/dl_rate_matching/CMakeFiles/dl_rate_matching.dir/dummy.cu.o
[264/998] Building CXX object cuPHY/examples/simplex_decoder/CMakeFiles/cuphy_ex_simplex_decoder.dir/cuphy_ex_simplex_decoder.cpp.o
[265/998] Building CUDA object cuPHY/examples/pdcch/CMakeFiles/embed_pdcch_tf_signal.dir/dummy.cu.o
[266/998] Building CUDA object cuMAC/examples/scheduleTrafficTest/CMakeFiles/scheduleTrafficTest.dir/__/network.cu.o
[267/998] Building CUDA object cuPHY/src/cuphy/CMakeFiles/cuphy_ldpc.dir/error_correction/ldpc2_reg_index_fp_desc_dyn_row_dep.cu.o
[268/998] Building CXX object cuPHY/examples/pucch_F1_receiver/CMakeFiles/cuphy_ex_pucch_F1_receiver.dir/cuphy_ex_pucch_F1_receiver.cpp.o
[269/998] Building CXX object cuPHY/examples/pucch_F0_receiver/CMakeFiles/cuphy_ex_pucch_F0_receiver.dir/cuphy_ex_pucch_F0_receiver.cpp.o
[270/998] Building CUDA object cuPHY/examples/pdcch_tx_multi_cell/CMakeFiles/cuphy_ex_pdcch_tx_multi_cell.dir/dummy.cu.o
[271/998] Building CXX object cuPHY/examples/pusch_rx_multi_pipe/CMakeFiles/cuphy_ex_pusch_rx_multi_pipe.dir/pusch_rx_test.cpp.o
[272/998] Building CXX object cuPHY/examples/pucch_receiver/CMakeFiles/pucch_receiver.dir/pucch_receiver.cpp.o
[273/998] Building CXX object cuPHY/examples/pucch_F2_front_end/CMakeFiles/cuphy_ex_pucch_F2_front_end.dir/cuphy_ex_pucch_F2_front_end.cpp.o
[274/998] Building CUDA object cuPHY/examples/csirs_rx_multi_cell/CMakeFiles/cuphy_ex_nzp_csirs_rx_multi_cell.dir/__/common/util.cu.o
[275/998] Building CUDA object cuPHY/examples/csirs_tx_multi_cell/CMakeFiles/cuphy_ex_nzp_csirs_tx_multi_cell.dir/__/common/util.cu.o
[276/998] Building CUDA object cuPHY/examples/pdsch_dmrs/CMakeFiles/pdsch_dmrs.dir/dummy.cu.o
[277/998] Building CUDA object cuPHY/examples/polar_encoder/CMakeFiles/cuphy_ex_polar_encoder.dir/dummy.cu.o
[278/998] Building CXX object cuPHY/examples/pucch_F3_front_end/CMakeFiles/cuphy_ex_pucch_F3_front_end.dir/cuphy_ex_pucch_F3_front_end.cpp.o
[279/998] Building CUDA object cuPHY/src/cuphy/CMakeFiles/cuphy.dir/pusch_noise_intf_est/pusch_noise_intf_est.cu.o
[280/998] Building CUDA object testBenches/chanModels/examples/ofdm/CMakeFiles/ofdm_mod_demod.dir/dummy.cu.o
[281/998] Building CXX object cuPHY/examples/pucch_F234_uci_seg/CMakeFiles/cuphy_ex_pucch_F234_uciSeg.dir/cuphy_ex_pucch_F234_uciSeg.cpp.o
[282/998] Building CUDA object cuPHY/examples/sym_demod/CMakeFiles/cuphy_ex_sym_demod.dir/dummy.cu.o
[283/998] Building CUDA object cuPHY/examples/pusch_rx_multi_pipe/CMakeFiles/cuphy_ex_pusch_rx_multi_pipe.dir/__/common/util.cu.o
[284/998] Building CUDA object cuPHY/examples/pusch_crc/CMakeFiles/cuphy_ex_pusch_crc.dir/dummy.cu.o
[285/998] Building CUDA object cuPHY/examples/comp_cwTreeTypes/CMakeFiles/cuphy_ex_comp_cwTreeTypes.dir/dummy.cu.o
[286/998] Building CXX object cuPHY/src/cuphy/CMakeFiles/cuphy_ldpc.dir/error_correction/ldpc2_bg_desc.cpp.o
[287/998] Building CUDA object cuPHY/src/cuphy/CMakeFiles/cuphy.dir/error_correction/ldpc_encode.cu.o
[288/998] Building CXX object cuPHY/examples/prach_test/CMakeFiles/cuphy_ex_gen_prach_perf_curve_from_file.dir/cuphy_ex_gen_prach_perf_curve_from_file.cpp.o
[289/998] Building CUDA object cuPHY/examples/uci_on_pusch_deRm/CMakeFiles/cuphy_ex_uci_on_pusch_deRm.dir/dummy.cu.o
[290/998] Building CUDA object cuPHY/examples/ssb_tx_multi_cell/CMakeFiles/cuphy_ex_ssb_tx_multi_cell.dir/__/common/util.cu.o
[291/998] Building CXX object cuPHY/examples/modulation_mapper/CMakeFiles/modulation_mapper.dir/modulation_mapper.cpp.o
[292/998] Building CUDA object cuMAC/examples/multiCellMuMimoScheduler/CMakeFiles/multiCellMuMimoScheduler.dir/mMimoNetwork.cu.o
[293/998] Building CUDA object cuPHY/src/cuphy/CMakeFiles/cuphy.dir/error_correction/ldpc2_reg_index_fp_desc_dyn_small.cu.o
[294/998] Building CXX object cuPHY/examples/pdcch/CMakeFiles/embed_pdcch_tf_signal.dir/embed_pdcch_tf_signal.cpp.o
[295/998] Building CUDA object cuPHY/examples/pucch_rx_pipeline/CMakeFiles/cuphy_ex_pucch_rx_pipeline.dir/dummy.cu.o
[296/998] Building CUDA object cuPHY/examples/pdsch_tx_multi_cell/CMakeFiles/cuphy_ex_pdsch_tx_multi_cell.dir/__/common/util.cu.o
[297/998] Building CXX object cuPHY/examples/pucch_F3_segLLRs/CMakeFiles/cuphy_ex_pucch_F3_segLLRs.dir/cuphy_ex_pucch_F3_segLLRs.cpp.o
[298/998] Building CXX object cuPHY/examples/ssb_tx_multi_cell/CMakeFiles/cuphy_ex_ssb_tx_multi_cell.dir/cuphy_ex_ssb_tx_multi_cell.cpp.o
[299/998] Building CUDA object cuPHY/src/cuphy/CMakeFiles/cuphy_ldpc.dir/error_correction/ldpc2_reg_box_plus.cu.o
[300/998] Building CUDA object cuPHY/examples/csi_rs/CMakeFiles/nzp_csi_rs_test.dir/dummy.cu.o
[301/998] Building CUDA object cuPHY/src/cuphy/CMakeFiles/cuphy_ldpc.dir/rate_matching/rate_matching.cu.o
[302/998] Building CXX object cuPHY/examples/prach_test/CMakeFiles/cuphy_ex_gen_prach_perf_curve_from_file.dir/gen_prach_perf_curve.cpp.o
[303/998] Building CUDA object cuPHY/examples/polar_seg_deRm_deItl/CMakeFiles/cuphy_ex_polar_seg_deRm_deItl.dir/dummy.cu.o
[304/998] Building CUDA object cuPHY/examples/graphs/CMakeFiles/graphs.dir/__/common/util.cu.o
[305/998] Building CXX object cuPHY/examples/sym_demod/CMakeFiles/cuphy_ex_sym_demod.dir/cuphy_ex_sym_demod.cpp.o
[306/998] Building CUDA object cuPHY/examples/polar_decoder/CMakeFiles/cuphy_ex_polar_decoder.dir/dummy.cu.o
[307/998] Building CUDA object cuPHY/src/cuphy/CMakeFiles/cuphy_ldpc.dir/error_correction/ldpc2_shm_index_fp_desc_dyn.cu.o
[308/998] Building CUDA object cuPHY/examples/uciOnPusch_deSeg_part2/CMakeFiles/cuphy_ex_uciOnPusch_deSeg_part2.dir/dummy.cu.o
[309/998] Building CXX object cuPHY/examples/pdsch_dmrs/CMakeFiles/pdsch_dmrs.dir/pdsch_dmrs.cpp.o
[310/998] Building CXX object cuPHY/examples/dl_rate_matching/CMakeFiles/dl_rate_matching.dir/dl_rate_matching.cpp.o
[311/998] Building CUDA object cuPHY/examples/ReedMuller_decoder/CMakeFiles/cuphy_ex_ReedMuller_decoder.dir/dummy.cu.o
[312/998] Building CUDA object cuPHY/examples/uciOnPusch_deSeg_part0/CMakeFiles/cuphy_ex_uciOnPusch_deSeg_part0.dir/dummy.cu.o
[313/998] Building CXX object cuPHY/examples/comp_cwTreeTypes/CMakeFiles/cuphy_ex_comp_cwTreeTypes.dir/cuphy_ex_comp_cwTreeTypes.cpp.o
[314/998] Building CXX object cuPHY/examples/ch_est/CMakeFiles/cuphy_ex_ch_est.dir/cuphy_ex_ch_est.cpp.o
[315/998] Building CUDA object cuPHY/examples/uciOnPusch_csi2_ctrl/CMakeFiles/cuphy_ex_uciOnPusch_csi2_ctrl.dir/dummy.cu.o
[316/998] Building CUDA object cuPHY/src/cuphy/CMakeFiles/cuphy_ldpc.dir/error_correction/ldpc2_reg_index_fp_dp_desc_dyn_row_dep.cu.o
[317/998] Building CUDA object cuPHY/examples/srs_chEst/CMakeFiles/cuphy_ex_srs_chEst.dir/dummy.cu.o
[318/998] Building CXX object cuPHY/src/cuphy_channels/CMakeFiles/cuphy_channels.dir/pusch_rx.cpp.o
[319/998] Building CUDA object cuPHY/examples/srs_tx/CMakeFiles/cuphy_ex_srs_tx.dir/dummy.cu.o
[320/998] Linking CUDA executable cuPHY/test/derate_match_modulo/test_derate_match_modulo
[321/998] Building CUDA object cuPHY/examples/srs_rx_pipeline/CMakeFiles/cuphy_ex_srs_rx_pipeline.dir/dummy.cu.o
[322/998] Building CXX object cuPHY/examples/pdsch_tx_multi_cell/CMakeFiles/cuphy_ex_pdsch_tx_multi_cell.dir/cuphy_ex_pdsch_tx_multi_cell.cpp.o
[323/998] Building CXX object testBenches/chanModels/examples/ofdm/CMakeFiles/ofdm_mod_demod.dir/ofdm_mod_demod.cpp.o
[324/998] Building CXX object cuPHY/examples/pusch_crc/CMakeFiles/cuphy_ex_pusch_crc.dir/cuphy_ex_pusch_crc.cpp.o
[325/998] Building CUDA object cuPHY/examples/prach_receiver_multi_cell/CMakeFiles/prach_receiver_multi_cell.dir/__/common/util.cu.o
[326/998] Building CUDA object cuPHY/examples/gen_pusch_bler_curve/CMakeFiles/cuphy_ex_gen_bler_curve_from_file.dir/dummy.cu.o
[327/998] Building CUDA object cuPHY/examples/gen_pucch_perf_curve/CMakeFiles/cuphy_ex_gen_perf_curve_from_file.dir/dummy.cu.o
[328/998] Building CXX object cuPHY/examples/csi_rs/CMakeFiles/nzp_csi_rs_test.dir/nzp_csi_rs_test.cpp.o
[329/998] Linking CXX executable cuPHY/test/hdf5/test_hdf5_host
[330/998] Building CXX object cuPHY/examples/uci_on_pusch_deRm/CMakeFiles/cuphy_ex_uci_on_pusch_deRm.dir/cuphy_ex_uci_on_pusch_deRm.cpp.o
[331/998] Building CUDA object cuPHY/examples/pdcch_tx_multi_cell/CMakeFiles/cuphy_ex_pdcch_tx_multi_cell.dir/__/common/util.cu.o
[332/998] Building CXX object cuPHY/examples/channel_eq/CMakeFiles/cuphy_ex_channel_eq.dir/cuphy_ex_channel_eq.cpp.o
In file included from /opt/nvidia/cuBB/cuPHY/examples/channel_eq/cuphy_ex_channel_eq.cpp:31:
/usr/local/include/gsl/gsl-lite.hpp:28:679: note: '#pragma message: /usr/local/include/gsl/gsl-lite.hpp(28): warning: The legacy header file <gsl/gsl-lite.hpp> implicitly enables gsl-lite's GSL compatibility mode, making namespace gsl and the Expects() and Ensures() macros available for backward compatibility. If possible, modernize your code by including the <gsl-lite/gsl-lite.hpp> header file, referring to namespace gsl_lite rather than namespace gsl, and using the prefixed contract checking macros gsl_Expects() and gsl_Ensures() instead of the unprefixed Expects() and Ensures(). If you wish to explicitly retain the GSL compatibility mode, define the macro gsl_FEATURE_GSL_COMPATIBILITY_MODE=1 in the build options.'
   28 | # pragma message (__FILE__ "(" gsl_STRINGIFY( __LINE__ ) "): warning: The legacy header file <gsl/gsl-lite.hpp> implicitly enables gsl-lite's GSL compatibility mode, making namespace gsl and the Expects() and Ensures() macros available for backward compatibility. If possible, modernize your code by including the <gsl-lite/gsl-lite.hpp> header file, referring to namespace gsl_lite rather than namespace gsl, and using the prefixed contract checking macros gsl_Expects() and gsl_Ensures() instead of the unprefixed Expects() and Ensures(). If you wish to explicitly retain the GSL compatibility mode, define the macro gsl_FEATURE_GSL_COMPATIBILITY_MODE=1 in the build options.")
      |                                                                                                                                                                                                                                                                                                                                                                                                                                                                                                                                                                                                                                                                                                       ^
[333/998] Building CUDA object cuPHY/src/cuphy/CMakeFiles/cuphy_ldpc.dir/error_correction/ldpc2_reg_index_fp_x2_desc_dyn.cu.o
[334/998] Building CUDA object cuPHY/src/cuphy/CMakeFiles/cuphy_ldpc.dir/error_correction/ldpc2_split_index_fp_x2_desc_dyn.cu.o
[335/998] Building CXX object cuPHY/examples/polar_decoder/CMakeFiles/cuphy_ex_polar_decoder.dir/cuphy_ex_polar_decoder.cpp.o
[336/998] Building CXX object cuPHY/examples/polar_seg_deRm_deItl/CMakeFiles/cuphy_ex_polar_seg_deRm_deItl.dir/cuphy_ex_polar_seg_deRm_deItl.cpp.o
[337/998] Building CXX object cuPHY/examples/pdcch_tx_multi_cell/CMakeFiles/cuphy_ex_pdcch_tx_multi_cell.dir/cuphy_ex_pdcch_tx_multi_cell.cpp.o
[338/998] Building CXX object cuPHY/examples/ReedMuller_decoder/CMakeFiles/cuphy_ex_ReedMuller_decoder.dir/cuphy_ex_ReedMuller_decoder.cpp.o
[339/998] Building CUDA object cuPHY/examples/srs_bfw/CMakeFiles/cuphy_ex_srs_bfw.dir/dummy.cu.o
[340/998] Building CXX object cuPHY/examples/pucch_rx_pipeline/CMakeFiles/cuphy_ex_pucch_rx_pipeline.dir/cuphy_ex_pucch_rx_pipeline.cpp.o
[341/998] Building CUDA object cuPHY/test/descrambling/CMakeFiles/testDescrambling.dir/dummy.cu.o
[342/998] Building CUDA object cuPHY/test/dl_rate_matching/CMakeFiles/testDlRateMatching.dir/dummy.cu.o
[343/998] Building CXX object cuPHY/examples/uciOnPusch_deSeg_part2/CMakeFiles/cuphy_ex_uciOnPusch_deSeg_part2.dir/cuphy_ex_uciOnPusch_deSeg_part2.cpp.o
[344/998] Building CXX object cuPHY/examples/uciOnPusch_csi2_ctrl/CMakeFiles/cuphy_ex_uciOnPusch_csi2_ctrl.dir/cuphy_ex_uciOnPusch_csi2_ctrl.cpp.o
[345/998] Building CUDA object cuPHY/test/hdf5/CMakeFiles/test_hdf5.dir/dummy.cu.o
[346/998] Building CXX object cuPHY/examples/bfc/CMakeFiles/cuphy_ex_bfc.dir/cuphy_ex_bfc.cpp.o
[347/998] Building CUDA object cuPHY/test/modulation_mapper/CMakeFiles/testModulationMapper.dir/dummy.cu.o
[348/998] Building CXX object cuPHY/examples/error_correction/CMakeFiles/cuphy_ex_ldpc.dir/cuphy_ex_ldpc.cpp.o
[349/998] Building CXX object cuPHY/examples/srs_chEst/CMakeFiles/cuphy_ex_srs_chEst.dir/cuphy_ex_srs_chEst.cpp.o
[350/998] Building CUDA object cuPHY/src/cuphy/CMakeFiles/cuphy.dir/bfc/bfc.cu.o
[351/998] Building CXX object cuPHY/examples/uciOnPusch_deSeg_part0/CMakeFiles/cuphy_ex_uciOnPusch_deSeg_part0.dir/cuphy_ex_uciOnPusch_deSeg_part0.cpp.o
[352/998] Building CUDA object cuPHY/test/rng/CMakeFiles/test_rng.dir/dummy.cu.o
[353/998] Building CXX object cuPHY/examples/gen_pusch_bler_curve/CMakeFiles/cuphy_ex_gen_bler_curve_from_file.dir/cuphy_ex_gen_bler_curve_from_file.cpp.o
[354/998] Building CXX object cuPHY/test/descrambling/CMakeFiles/testDescrambling.dir/__/__/src/cuphy/descrambling/testDescrambling.cpp.o
[355/998] Building CXX object cuPHY/examples/gen_pucch_perf_curve/CMakeFiles/cuphy_ex_gen_perf_curve_from_file.dir/cuphy_ex_gen_perf_curve_from_file.cpp.o
[356/998] Building CUDA object cuPHY/src/cuphy/CMakeFiles/cuphy_ldpc.dir/error_correction/ldpc_encode.cu.o
[357/998] Building CUDA object cuPHY/test/fill/CMakeFiles/test_fill.dir/dummy.cu.o
[358/998] Building CUDA object cuPHY/test/pucch/CMakeFiles/testPucchReceiver.dir/dummy.cu.o
[359/998] Building CUDA object cuPHY/test/tile/CMakeFiles/test_tile.dir/dummy.cu.o
[360/998] Building CUDA object cuPHY/examples/graphs/CMakeFiles/graphs.dir/graphs.cu.o
[361/998] Building CUDA object cuPHY/test/elementwise/CMakeFiles/test_elementwise.dir/dummy.cu.o
[362/998] Building CUDA object cuPHY/src/cuphy/CMakeFiles/cuphy_ldpc.dir/error_correction/ldpc2_reg_index_fp_desc_dyn.cu.o
[363/998] Building CXX object cuPHY/examples/srs_tx/CMakeFiles/cuphy_ex_srs_tx.dir/cuphy_ex_srs_tx.cpp.o
[364/998] Building CUDA object cuPHY/test/convert/CMakeFiles/test_convert.dir/dummy.cu.o
[365/998] Building CXX object cuPHY/examples/gen_pucch_perf_curve/CMakeFiles/cuphy_ex_gen_perf_curve_from_file.dir/gen_pucch_perf_curve.cpp.o
[366/998] Building CXX object cuPHY/test/pucch/CMakeFiles/testPucchReceiver.dir/__/__/src/cuphy/pucch_receiver/testPucchReceiver.cpp.o
[367/998] Building CUDA object cuPHY/test/reduction/CMakeFiles/test_reduction.dir/dummy.cu.o
[368/998] Building CUDA object cuPHY/test/kernelDescr/CMakeFiles/testKernelDescr.dir/dummy.cu.o
[369/998] Building CXX object cuPHY/examples/gen_pusch_bler_curve/CMakeFiles/cuphy_ex_gen_bler_curve_from_file.dir/gen_pusch_bler_curve.cpp.o
[370/998] Building CXX object cuPHY/test/hdf5/CMakeFiles/test_hdf5.dir/test_hdf5.cpp.o
[371/998] Building CXX object cuPHY/test/convert/CMakeFiles/test_convert.dir/__/__/src/cuphy/tensor_desc.cpp.o
[372/998] Building CUDA object cuPHY/test/cuphy_pti_ut/CMakeFiles/test_cuphy_pti_ut.dir/dummy.cu.o
[373/998] Building CUDA object cuPHY/src/cuphy/CMakeFiles/cuphy.dir/prach_receiver/prach_receiver.cu.o
[374/998] Building CUDA object cuPHY/examples/srs_tx/CMakeFiles/cuphy_ex_srs_tx.dir/__/common/util.cu.o
[375/998] Building CXX object cuPHY/test/dl_rate_matching/CMakeFiles/testDlRateMatching.dir/__/__/src/cuphy/dl_rate_matching/testDlRateMatching.cpp.o
[376/998] Building CUDA object cuPHY/test/cfo_ta_est/CMakeFiles/test_cfo_ta_est.dir/dummy.cu.o
[377/998] Building CUDA object cuPHY/examples/chanModels/src/CMakeFiles/chanModels.dir/fastFadingCommon.cu.o
[378/998] Building CXX object cuPHY/test/rng/CMakeFiles/test_rng.dir/test_rng.cpp.o
[379/998] Building CUDA object cuPHY/test/uciOnPusch_csi2Ctrl/CMakeFiles/test_uciOnPusch_csi2Ctrl.dir/dummy.cu.o
[380/998] Building CXX object cuPHY/test/modulation_mapper/CMakeFiles/testModulationMapper.dir/__/__/src/cuphy/modulation_mapper/testModulationMapper.cpp.o
[381/998] Building CUDA object cuPHY/examples/cuphy_pti_example/CMakeFiles/cuphy_pti_example.dir/cuphy_pti_example.cu.o
[382/998] Building CXX object cuPHY/test/tile/CMakeFiles/test_tile.dir/test_tile.cpp.o
[383/998] Building CXX object cuPHY/test/fill/CMakeFiles/test_fill.dir/test_fill.cpp.o
[384/998] Building CXX object cuPHY/test/cuphy_pti_ut/CMakeFiles/test_cuphy_pti_ut.dir/test_cuphy_pti_ut.cpp.o
[385/998] Building CXX object cuPHY/test/cuphy_api/CMakeFiles/cuphy_api_tests.dir/cuphy_api_tests.cpp.o
[386/998] Building CXX object cuPHY/test/kernelDescr/CMakeFiles/testKernelDescr.dir/testKernelDescr.cpp.o
[387/998] Building CXX object cuPHY/test/reduction/CMakeFiles/test_reduction.dir/test_reduction.cpp.o
[388/998] Building CUDA object cuPHY/src/cuphy/CMakeFiles/cuphy_ldpc.dir/error_correction/ldpc2_reg_index_fp_desc_dyn_small.cu.o
[389/998] Building CUDA object cuPHY/examples/srs_bfw/CMakeFiles/cuphy_ex_srs_bfw.dir/__/common/util.cu.o
[390/998] Building CXX object cuPHY/test/tensor_desc_tests/CMakeFiles/tensor_desc_tests.dir/vec_tests.cpp.o
[391/998] Building CXX object cuPHY/test/elementwise/CMakeFiles/test_elementwise.dir/test_elementwise.cpp.o
[392/998] Linking CXX shared library cuPHY/src/cuphy/libcuphy_ldpc.so
[393/998] Building CXX object cuPHY/examples/prach_receiver_multi_cell/CMakeFiles/prach_receiver_multi_cell.dir/prach_receiver_multi_cell.cpp.o
[394/998] Building CXX object cuPHY/examples/polar_encoder/CMakeFiles/cuphy_ex_polar_encoder.dir/cuphy_ex_polar_encoder.cpp.o
[395/998] Building CXX object cuPHY/test/error_correction/CMakeFiles/test_ldpc_internal_app_addr.dir/__/__/src/cuphy/error_correction/ldpc2_bg_desc_half2.cpp.o
[396/998] Building CXX object cuPHY/test/cuphy/CMakeFiles/cuphy_hpp_tests.dir/cuphy_hpp_tests.cpp.o
[397/998] Building CXX object cuPHY/test/cfo_ta_est/CMakeFiles/test_cfo_ta_est.dir/test_cfo_ta_est.cpp.o
[398/998] Building CUDA object cuPHY/test/cuphy_pti_ut/CMakeFiles/test_cuphy_pti_ut.dir/__/__/src/cuphy/cuphy_pti.cu.o
[399/998] Building CXX object pyaerial/CMakeFiles/pycuphycpp.dir/pybind11/pycuphy_srs_tx.cpp.o
[400/998] Building CUDA object cuPHY/test/soft_demapper/CMakeFiles/test_soft_demapper_internal.dir/__/__/src/cuphy/soft_demapper/soft_demapper.cu.o
[401/998] Building CXX object pyaerial/CMakeFiles/pycuphycpp.dir/pybind11/pycuphy_srs_chest.cpp.o
[402/998] Building CUDA object cuPHY/src/cuphy/CMakeFiles/cuphy.dir/pucch_F3_front_end/pucch_F3_front_end.cu.o
[403/998] Building CXX object pyaerial/CMakeFiles/pycuphycpp.dir/pybind11/pycuphy_csirs_util.cpp.o
[404/998] Building CXX object cuPHY/examples/bfc/CMakeFiles/cuphy_ex_bfc.dir/__/common/datasets.cpp.o
[405/998] Building CXX object pyaerial/CMakeFiles/_pycuphy.dir/pybind11/cuda_array_interface.cpp.o
[406/998] Building CXX object pyaerial/CMakeFiles/pycuphycpp.dir/pybind11/cuda_array_interface.cpp.o
[407/998] Building CXX object pyaerial/CMakeFiles/pycuphycpp.dir/pybind11/pycuphy_debug.cpp.o
[408/998] Building CXX object cuPHY/test/uciOnPusch_csi2Ctrl/CMakeFiles/test_uciOnPusch_csi2Ctrl.dir/test_uciOnPusch_csi2Ctrl.cpp.o
[409/998] Building CXX object pyaerial/CMakeFiles/_pycuphy.dir/pybind11/pycuphy_csirs_util.cpp.o
[410/998] Building CXX object cuPHY/test/convert/CMakeFiles/test_convert.dir/test_convert.cpp.o
[411/998] Building CXX object pyaerial/CMakeFiles/pycuphycpp.dir/pybind11/pycuphy_noise_intf_est.cpp.o
[412/998] Building CXX object cuPHY/examples/srs_rx_pipeline/CMakeFiles/cuphy_ex_srs_rx_pipeline.dir/cuphy_ex_srs_rx_pipeline.cpp.o
[413/998] Building CXX object pyaerial/CMakeFiles/pycuphycpp.dir/pybind11/pycuphy_cfo_ta_est.cpp.o
[414/998] Building CXX object pyaerial/CMakeFiles/pycuphycpp.dir/pybind11/pycuphy_ldpc_decoder.cpp.o
[415/998] Building CXX object pyaerial/CMakeFiles/_pycuphy.dir/pybind11/pycuphy_dmrs.cpp.o
[416/998] Building CXX object pyaerial/CMakeFiles/pycuphycpp.dir/pybind11/pycuphy_ldpc_derate_match.cpp.o
[417/998] Building CXX object pyaerial/CMakeFiles/pycuphycpp.dir/pybind11/pycuphy_rsrp.cpp.o
[418/998] Building CXX object pyaerial/CMakeFiles/pycuphycpp.dir/pybind11/pycuphy_srs_util.cpp.o
[419/998] Building CXX object pyaerial/CMakeFiles/_pycuphy.dir/pybind11/pycuphy_csirs_tx.cpp.o
[420/998] Building CXX object pyaerial/CMakeFiles/pycuphycpp.dir/pybind11/pycuphy_csirs_tx.cpp.o
[421/998] Building CXX object pyaerial/CMakeFiles/_pycuphy.dir/pybind11/pycuphy_csirs_rx.cpp.o
[422/998] Building CXX object pyaerial/CMakeFiles/pycuphycpp.dir/pybind11/pycuphy_srs_rx.cpp.o
[423/998] Building CXX object pyaerial/CMakeFiles/_pycuphy.dir/pybind11/pycuphy_pusch.cpp.o
[424/998] Building CXX object pyaerial/CMakeFiles/pycuphycpp.dir/pybind11/pycuphy_crc_encode.cpp.o
[425/998] Building CXX object pyaerial/CMakeFiles/pycuphycpp.dir/pybind11/pycuphy_crc_check.cpp.o
[426/998] Building CXX object cuPHY/examples/srs_bfw/CMakeFiles/cuphy_ex_srs_bfw.dir/cuphy_ex_srs_bfw.cpp.o
[427/998] Building CXX object pyaerial/CMakeFiles/_pycuphy.dir/pybind11/pycuphy_pdsch.cpp.o
[428/998] Building CXX object pyaerial/CMakeFiles/pycuphycpp.dir/pybind11/pycuphy_csirs_rx.cpp.o
[429/998] Building CUDA object cuPHY/test/crc/CMakeFiles/crcTest.dir/__/__/src/cuphy/crc/crcTest.cu.o
[430/998] Building CXX object pyaerial/CMakeFiles/_pycuphy.dir/pybind11/pycuphy_util.cpp.o
[431/998] Building CXX object pyaerial/CMakeFiles/pycuphycpp.dir/pybind11/pycuphy_channel_est.cpp.o
[432/998] Building CXX object pyaerial/CMakeFiles/pycuphycpp.dir/pybind11/pycuphy_channel_eq.cpp.o
[433/998] Building CXX object cuPHY/examples/csirs_rx_multi_cell/CMakeFiles/cuphy_ex_nzp_csirs_rx_multi_cell.dir/__/common/datasets.cpp.o
[434/998] Building CUDA object cuPHY/test/crc/CMakeFiles/crcTest.dir/__/__/src/cuphy/crc/crc.cu.o
[435/998] Building CUDA object cuPHY/test/crc/CMakeFiles/prepareCrcBuffersTest.dir/__/__/src/cuphy/crc/prepareCrcBuffersTest.cu.o
[436/998] Building CUDA object cuPHY/test/convert/CMakeFiles/test_convert.dir/__/__/src/cuphy/convert_tensor.cu.o
[437/998] Building CXX object cuPHY/test/bfw_compress/CMakeFiles/blockFP_test.dir/blockFP_test_main.cpp.o
[438/998] Building CXX object cuPHY/examples/ch_est/CMakeFiles/cuphy_ex_ch_est.dir/__/common/datasets.cpp.o
[439/998] Building CUDA object cuPHY/test/error_correction/CMakeFiles/test_ldpc_internal_loader.dir/test_ldpc_internal_loader.cu.o
[440/998] Linking CXX shared library cuPHY-CP/app_utils/libapp_utils.so
[441/998] Linking CXX shared library cuPHY-CP/app_config/libapp_config.so
[442/998] Linking CXX shared library cuPHY-CP/gt_common_libs/aerial_metrics/src/libaerial_metrics.so
[443/998] Linking CXX executable cuPHY-CP/gt_common_libs/aerial_metrics/test/aerial_metrics_test
[444/998] Building C object cuPHY-CP/gt_common_libs/nvIPC/CMakeFiles/nvipc.dir/common/nv_ipc_shm.c.o
[445/998] Building C object cuPHY-CP/gt_common_libs/nvIPC/CMakeFiles/nvipc.dir/common/nv_ipc_sem.c.o
[446/998] Building CXX object cuPHY/test/error_correction/CMakeFiles/test_ldpc_internal_app_addr.dir/__/__/src/cuphy/error_correction/ldpc2_bg_desc.cpp.o
[447/998] Building C object cuPHY-CP/gt_common_libs/nvIPC/CMakeFiles/nvipc.dir/common/nv_ipc_efd.c.o
[448/998] Building CXX object cuPHY/examples/cfo_ta_est/CMakeFiles/cuphy_ex_cfo_ta_est.dir/__/common/datasets.cpp.o
[449/998] Building CXX object pyaerial/CMakeFiles/pycuphycpp.dir/pybind11/pycuphy_ldpc_util.cpp.o
[450/998] Building C object cuPHY-CP/gt_common_libs/nvIPC/CMakeFiles/nvipc.dir/common/nv_ipc_epoll.c.o
[451/998] Building CUDA object testBenches/chanModels/examples/fading_chan/CMakeFiles/fading_chan_ex.dir/dummy.cu.o
[452/998] Building CXX object pyaerial/CMakeFiles/_pycuphy.dir/__/cuPHY/src/cuphy/tensor_desc.cpp.o
[453/998] Building C object cuPHY-CP/gt_common_libs/nvIPC/CMakeFiles/nvipc.dir/common/shm_logger.c.o
[454/998] Building CXX object cuPHY/examples/csirs_tx_multi_cell/CMakeFiles/cuphy_ex_nzp_csirs_tx_multi_cell.dir/__/common/datasets.cpp.o
[455/998] Building C object cuPHY-CP/gt_common_libs/nvIPC/CMakeFiles/nvipc.dir/nv_ipc_common.c.o
[456/998] Building C object cuPHY-CP/gt_common_libs/nvIPC/CMakeFiles/nvipc.dir/common/fh_shm_debug.c.o
[457/998] Building C object cuPHY-CP/gt_common_libs/nvIPC/CMakeFiles/nvipc.dir/udp/nv_ipc_udp_if.c.o
[458/998] Building CXX object pyaerial/CMakeFiles/_pycuphy.dir/pybind11/pycuphy_pdsch_params.cpp.o
[459/998] Building CXX object pyaerial/CMakeFiles/_pycuphy.dir/pybind11/pycuphy_srs_tx.cpp.o
[460/998] Building C object cuPHY-CP/gt_common_libs/nvIPC/CMakeFiles/nvipc.dir/shm/nv_ipc_shm_if.c.o
[461/998] Building C object cuPHY-CP/gt_common_libs/nvIPC/tests/dump/CMakeFiles/ipc_dump.dir/ipc_dump.c.o
[462/998] Building C object cuPHY-CP/gt_common_libs/nvIPC/tests/pcap/CMakeFiles/pcap.dir/pcap.c.o
[463/998] Building C object cuPHY-CP/gt_common_libs/nvIPC/tests/pcap/CMakeFiles/pcap_collect.dir/pcap_collect.c.o
[464/998] Building C object cuPHY-CP/gt_common_libs/nvIPC/tests/example/CMakeFiles/test_ipc.dir/test_ipc.c.o
[465/998] Building CUDA object cuPHY/test/soft_demapper/CMakeFiles/test_soft_demapper_internal.dir/test_soft_demapper_internal.cu.o
[466/998] Building CUDA object testBenches/chanModels/examples/tdl_chan/CMakeFiles/tdl_chan_ex.dir/dummy.cu.o
[467/998] Building CXX object cuPHY/examples/ss/CMakeFiles/testSS.dir/__/common/datasets.cpp.o
[468/998] Building CXX object pyaerial/CMakeFiles/_pycuphy.dir/pybind11/pycuphy_channel_est.cpp.o
[469/998] Building C object cuPHY-CP/gt_common_libs/nvIPC/tests/cunit/CMakeFiles/nvipc_cunit.dir/nvipc_cunit.c.o
[470/998] Building C object cuPHY-CP/gt_common_libs/nvIPC/tests/sched/CMakeFiles/sched_fifo_poll.dir/sched_fifo_poll.c.o
[471/998] Building C object cuPHY-CP/gt_common_libs/nvIPC/tests/cunit/CMakeFiles/nvipc_cunit.dir/test_timing.c.o
[472/998] Linking C executable cuPHY-CP/gt_common_libs/nvIPC/tests/sched/sched_fifo_poll
[473/998] Building C object cuPHY-CP/gt_common_libs/nvIPC/tests/cunit/CMakeFiles/nvipc_cunit.dir/test_common.c.o
[474/998] Building CUDA object testBenches/chanModels/examples/cdl_chan/CMakeFiles/cdl_chan_ex.dir/dummy.cu.o
[475/998] Building C object cuPHY-CP/gt_common_libs/nvIPC/tests/cunit/CMakeFiles/nvipc_cunit.dir/test_ipc.c.o
[476/998] Building CXX object pyaerial/CMakeFiles/_pycuphy.dir/pybind11/pycuphy_srs_chest.cpp.o
[477/998] Building CXX object pyaerial/CMakeFiles/pycuphycpp.dir/pybind11/pycuphy_chan_model.cpp.o
[478/998] Building CUDA object testBenches/chanModels/examples/sls_chan/CMakeFiles/sls_chan_ex.dir/dummy.cu.o
[479/998] Building CXX object pyaerial/CMakeFiles/_pycuphy.dir/pybind11/pycuphy_noise_intf_est.cpp.o
[480/998] Building CXX object cuPHY/examples/pusch_rx_multi_pipe/CMakeFiles/cuphy_ex_pusch_rx_multi_pipe.dir/__/common/datasets.cpp.o
[481/998] Building CXX object pyaerial/CMakeFiles/_pycuphy.dir/pybind11/pycuphy_debug.cpp.o
[482/998] Building CXX object pyaerial/CMakeFiles/_pycuphy.dir/pybind11/pycuphy_pusch_params.cpp.o
[483/998] Building CXX object cuPHY/examples/pucch_F3_front_end/CMakeFiles/cuphy_ex_pucch_F3_front_end.dir/__/common/datasets.cpp.o
[484/998] Building CXX object cuPHY/examples/pucch_F0_receiver/CMakeFiles/cuphy_ex_pucch_F0_receiver.dir/__/common/datasets.cpp.o
[485/998] Building CXX object pyaerial/CMakeFiles/_pycuphy.dir/pybind11/pycuphy_cfo_ta_est.cpp.o
[486/998] Building CXX object pyaerial/CMakeFiles/_pycuphy.dir/pybind11/pycuphy_srs_util.cpp.o
[487/998] Building CXX object cuPHY/examples/channel_eq/CMakeFiles/cuphy_ex_channel_eq.dir/__/common/datasets.cpp.o
[488/998] Building CUDA object cuPHY/test/criticalPathCudaApi/CMakeFiles/criticalPathCudaApi.dir/criticalPathCudaApi.cu.o
[489/998] Building CXX object pyaerial/CMakeFiles/pycuphycpp.dir/pybind11/pycuphy_util.cpp.o
[490/998] Building CXX object cuPHY-CP/gt_common_libs/perf_metrics/CMakeFiles/perf_metrics.dir/src/perf_metrics_accumulator.cpp.o
[491/998] Building CXX object cuPHY/examples/pucch_F2_front_end/CMakeFiles/cuphy_ex_pucch_F2_front_end.dir/__/common/datasets.cpp.o
[492/998] Building CXX object pyaerial/CMakeFiles/_pycuphy.dir/pybind11/pycuphy_srs_rx.cpp.o
[493/998] Building CXX object pyaerial/CMakeFiles/pycuphycpp.dir/pybind11/pycuphy_pusch_params.cpp.o
[494/998] Building CXX object pyaerial/CMakeFiles/_pycuphy.dir/pybind11/pycuphy_channel_eq.cpp.o
[495/998] Building CXX object cuPHY/examples/ssb_tx_multi_cell/CMakeFiles/cuphy_ex_ssb_tx_multi_cell.dir/__/common/datasets.cpp.o
[496/998] Building CUDA object cuPHY/test/error_correction/CMakeFiles/test_ldpc_internal_rc.dir/test_ldpc_internal_rc.cu.o
[497/998] Building CXX object cuPHY-CP/gt_common_libs/perf_metrics/CMakeFiles/perf_metrics.dir/src/perf_metrics_utils.cpp.o
[498/998] Linking CXX static library cuPHY-CP/gt_common_libs/perf_metrics/libperf_metrics.a
[499/998] Building CXX object cuPHY-CP/tests/order_kernel_test_bench/CMakeFiles/order_kernel_test_bench.dir/src/yaml_parser.cpp.o
[500/998] Building CXX object cuPHY-CP/gt_common_libs/perf_metrics/test/CMakeFiles/perf_metrics_accumulator_benchmark.dir/perf_metrics_accumulator_benchmark.cpp.o
[501/998] Building CUDA object cuPHY-CP/gt_common_libs/nvIPC/tests/cuda/CMakeFiles/test_memcopy.dir/test_memcpy.cu.o
[502/998] Linking CXX executable cuPHY-CP/gt_common_libs/perf_metrics/test/perf_metrics_accumulator_benchmark
[503/998] Linking CUDA executable cuPHY-CP/gt_common_libs/nvIPC/tests/cuda/test_memcopy
[504/998] Building CXX object cuPHY-CP/gt_common_libs/perf_metrics/test/CMakeFiles/perf_metrics_accumulator_unit_test.dir/perf_metrics_accumulator_unit_test.cpp.o
[505/998] Building CXX object testBenches/chanModels/examples/fading_chan/CMakeFiles/fading_chan_ex.dir/fading_chan_ex.cpp.o
[506/998] Linking CXX executable cuPHY-CP/gt_common_libs/perf_metrics/test/perf_metrics_accumulator_unit_test
[507/998] Building CUDA object cuPHY-CP/compression_decompression/comp_decomp_examples/CMakeFiles/qam_param_test.dir/QAM_param_test.cu.o
[508/998] Building CXX object pyaerial/CMakeFiles/_pycuphy.dir/pybind11/pycuphy_ldpc_encoder.cpp.o
[509/998] Building CXX object pyaerial/CMakeFiles/_pycuphy.dir/pybind11/pycuphy_trt_engine.cpp.o
[510/998] Linking CUDA executable cuPHY-CP/compression_decompression/comp_decomp_examples/qam_param_test
[511/998] Building CXX object pyaerial/CMakeFiles/_pycuphy.dir/pybind11/pycuphy_rsrp.cpp.o
[512/998] Building CXX object testBenches/chanModels/examples/tdl_chan/CMakeFiles/tdl_chan_ex.dir/tdl_chan_ex.cpp.o
[513/998] Building CXX object pyaerial/CMakeFiles/_pycuphy.dir/pybind11/pycuphy_ldpc_decoder.cpp.o
[514/998] Building CXX object pyaerial/CMakeFiles/_pycuphy.dir/pybind11/pycuphy_ldpc_rate_match.cpp.o
[515/998] Building CXX object cuPHY-CP/cuphyoam/CMakeFiles/libyang_test.dir/examples/libyang_test.cpp.o
[516/998] Building CXX object cuPHY-CP/cuphyl2adapter/tests/tickgen/CMakeFiles/tick_test.dir/tick_test.cpp.o
[517/998] Linking CXX executable cuPHY-CP/cuphyl2adapter/tests/tickgen/tick_test
[518/998] Linking CXX executable cuPHY-CP/cuphyoam/libyang_test
[519/998] Building CXX object testBenches/cubb_gpu_test_bench/CMakeFiles/cubb_gpu_test_bench.dir/testbench_common.cpp.o
[520/998] Building CXX object pyaerial/CMakeFiles/_pycuphy.dir/pybind11/pycuphy_crc_encode.cpp.o
[521/998] Building CXX object testBenches/chanModels/examples/cdl_chan/CMakeFiles/cdl_chan_ex.dir/cdl_chan_ex.cpp.o
[522/998] Building CXX object pyaerial/CMakeFiles/_pycuphy.dir/pybind11/pycuphy_ldpc_derate_match.cpp.o
[523/998] Building CXX object cuPHY/examples/prach_receiver_multi_cell/CMakeFiles/prach_receiver_multi_cell.dir/__/common/datasets.cpp.o
[524/998] Building CXX object cuPHY/examples/simplex_decoder/CMakeFiles/cuphy_ex_simplex_decoder.dir/__/common/datasets.cpp.o
[525/998] Building CXX object pyaerial/CMakeFiles/_pycuphy.dir/pybind11/pycuphy_crc_check.cpp.o
[526/998] Building CXX object pyaerial/CMakeFiles/_pycuphy.dir/pybind11/pycuphy_ldpc_util.cpp.o
[527/998] Building CUDA object cuPHY-CP/compression_decompression/comp_decomp_examples/CMakeFiles/qam_test.dir/QAM_test.cu.o
[528/998] Building CUDA object cuPHY/test/bfw_compress/CMakeFiles/blockFP_test.dir/blockFP_test.cu.o
[529/998] Building CXX object pyaerial/CMakeFiles/_pycuphy.dir/pybind11/pycuphy_chan_model.cpp.o
[530/998] Linking CUDA executable cuPHY-CP/compression_decompression/comp_decomp_examples/qam_test
[531/998] Building CXX object cuPHY/examples/pucch_F1_receiver/CMakeFiles/cuphy_ex_pucch_F1_receiver.dir/__/common/datasets.cpp.o
[532/998] Building CXX object pyaerial/tests/cpp/CMakeFiles/test_pusch_rx_main.dir/test_pusch_rx_main.cpp.o
[533/998] Building CXX object pyaerial/tests/cpp/CMakeFiles/test_pusch_rx_main.dir/test_pusch_rx.cpp.o
[534/998] Building CXX object cuPHY/examples/pucch_F234_uci_seg/CMakeFiles/cuphy_ex_pucch_F234_uciSeg.dir/__/common/datasets.cpp.o
[535/998] Building CUDA object cuPHY/src/cuphy/CMakeFiles/cuphy.dir/srs_chEst/srs_chEst.cu.o
[536/998] Building CXX object testBenches/chanModels/examples/sls_chan/CMakeFiles/sls_chan_ex.dir/sls_chan_ex.cpp.o
[537/998] Building CXX object testBenches/cubb_gpu_test_bench/CMakeFiles/cubb_gpu_test_bench.dir/cumac_testWrkr.cpp.o
[538/998] Building CXX object cuPHY/examples/prach_test/CMakeFiles/cuphy_ex_gen_prach_perf_curve_from_file.dir/__/common/datasets.cpp.o
[539/998] Building CXX object cuPHY/examples/pdcch_tx_multi_cell/CMakeFiles/cuphy_ex_pdcch_tx_multi_cell.dir/__/common/datasets.cpp.o
[540/998] Building CUDA object cuPHY/examples/chanModels/src/CMakeFiles/chanModels.dir/ofdm_src/ofdmMod.cu.o
[541/998] Building CUDA object testBenches/cubb_gpu_test_bench/CMakeFiles/cubb_gpu_test_bench.dir/__/__/cuPHY/examples/common/util.cu.o
[542/998] Building CXX object cuPHY/examples/pdcch/CMakeFiles/embed_pdcch_tf_signal.dir/__/common/datasets.cpp.o
[543/998] Building CXX object testBenches/cubb_gpu_test_bench/CMakeFiles/cubb_gpu_test_bench.dir/__/__/cuPHY/examples/pusch_rx_multi_pipe/pusch_rx_test.cpp.o
[544/998] Building CXX object cuPHY/examples/pusch_crc/CMakeFiles/cuphy_ex_pusch_crc.dir/__/common/datasets.cpp.o
[545/998] Building CXX object cuPHY/examples/pucch_F3_segLLRs/CMakeFiles/cuphy_ex_pucch_F3_segLLRs.dir/__/common/datasets.cpp.o
[546/998] Building CXX object cuPHY-CP/tests/order_kernel_test_bench/CMakeFiles/order_kernel_test_bench.dir/src/cuphycp_ex_order_kernel.cpp.o
[547/998] Building CUDA object cuPHY-CP/gt_common_libs/nvIPC/tests/cuda/CMakeFiles/cudaipctest.dir/test_cuda.cu.o
[548/998] Building CXX object cuPHY/examples/polar_decoder/CMakeFiles/cuphy_ex_polar_decoder.dir/__/common/datasets.cpp.o
[549/998] Building CXX object cuPHY/examples/comp_cwTreeTypes/CMakeFiles/cuphy_ex_comp_cwTreeTypes.dir/__/common/datasets.cpp.o
[550/998] Building CUDA object cuPHY-CP/gt_common_libs/nvIPC/CMakeFiles/nvipc.dir/cuda/nv_ipc_cuda_utils.cu.o
[551/998] Building CXX object cuPHY/examples/polar_seg_deRm_deItl/CMakeFiles/cuphy_ex_polar_seg_deRm_deItl.dir/__/common/datasets.cpp.o
[552/998] Building CXX object cuPHY/examples/pucch_rx_pipeline/CMakeFiles/cuphy_ex_pucch_rx_pipeline.dir/__/common/datasets.cpp.o
[553/998] Building CXX object cuPHY/examples/ReedMuller_decoder/CMakeFiles/cuphy_ex_ReedMuller_decoder.dir/__/common/datasets.cpp.o
[554/998] Building CXX object cuPHY/examples/uciOnPusch_deSeg_part2/CMakeFiles/cuphy_ex_uciOnPusch_deSeg_part2.dir/__/common/datasets.cpp.o
[555/998] Building CUDA object cuPHY-CP/gt_common_libs/nvIPC/CMakeFiles/nvipc.dir/cuda/nv_ipc_cudapool.cu.o
[556/998] Linking CXX shared library cuPHY-CP/gt_common_libs/nvIPC/libnvipc.so
[557/998] Linking CUDA static library cuPHY-CP/gt_common_libs/nvIPC/tests/cuda/libcudaipctest.a
[558/998] Building CXX object cuPHY/examples/pusch_rateMatch/CMakeFiles/cuphy_ex_pusch_rateMatch.dir/__/common/datasets.cpp.o
[559/998] Linking C executable cuPHY-CP/gt_common_libs/nvIPC/tests/dump/ipc_dump
[560/998] Linking C executable cuPHY-CP/gt_common_libs/nvIPC/tests/pcap/pcap
[561/998] Linking C executable cuPHY-CP/gt_common_libs/nvIPC/tests/pcap/pcap_collect
[562/998] Linking CXX executable cuMAC-CP/examples/L2IntegrationExample/l2_test
[563/998] Generating aerial_push_notification.pb.cc, aerial_push_notification.pb.h, aerial_push_notification.grpc.pb.cc, aerial_push_notification.grpc.pb.h, aerial_push_notification_pb2.py, aerial_push_notification_pb2_grpc.py
[564/998] Linking CUDA executable cuMAC-CP/examples/L2IntegrationExample/cumcp_test
[565/998] Generating scf_fapi_p9.pb.cc, scf_fapi_p9.pb.h, scf_fapi_p9.grpc.pb.cc, scf_fapi_p9.grpc.pb.h, scf_fapi_p9_pb2.py, scf_fapi_p9_pb2_grpc.py
[566/998] Linking CUDA executable cuPHY-CP/gt_common_libs/nvIPC/tests/cunit/nvipc_cunit
[567/998] Linking CUDA executable cuPHY-CP/gt_common_libs/nvIPC/tests/example/test_ipc
[568/998] Generating aerial_common.pb.cc, aerial_common.pb.h, aerial_common.grpc.pb.cc, aerial_common.grpc.pb.h, aerial_common_pb2.py, aerial_common_pb2_grpc.py
[569/998] Building CUDA object cuPHY-CP/gt_common_libs/nvIPC/tests/cuda/CMakeFiles/cuda_ipc.dir/cuda_ipc.cu.o
[570/998] Linking CXX executable cuMAC/examples/ml/trtEngine/trtEngine
[571/998] Linking CXX executable cuMAC/examples/ml/drlMcsSelection/drlMcsSelection
[572/998] Building CXX object cuPHY/examples/uci_on_pusch_deRm/CMakeFiles/cuphy_ex_uci_on_pusch_deRm.dir/__/common/datasets.cpp.o
[573/998] Linking CUDA executable cuPHY-CP/gt_common_libs/nvIPC/tests/cuda/cuda_ipc
[574/998] Building CXX object cuPHY/examples/uciOnPusch_deSeg_part0/CMakeFiles/cuphy_ex_uciOnPusch_deSeg_part0.dir/__/common/datasets.cpp.o
[575/998] Building CXX object cuPHY/examples/csi_rs/CMakeFiles/nzp_csi_rs_test.dir/__/common/datasets.cpp.o
[576/998] Building CXX object cuPHY/examples/srs_tx/CMakeFiles/cuphy_ex_srs_tx.dir/__/common/datasets.cpp.o
[577/998] Linking CXX shared library CMakeFiles/cumac.dir/cmake_device_link.o
[578/998] Building CXX object cuPHY/examples/gen_pusch_bler_curve/CMakeFiles/cuphy_ex_gen_bler_curve_from_file.dir/__/common/datasets.cpp.o
[579/998] Building CUDA object cuPHY/test/error_correction/CMakeFiles/test_ldpc_internal_app_addr.dir/test_ldpc_internal_app_addr.cu.o
[580/998] Building CXX object cuPHY/examples/srs_bfw/CMakeFiles/cuphy_ex_srs_bfw.dir/__/common/datasets.cpp.o
[581/998] Linking CXX shared library cuMAC/src/libcumac.so
[582/998] Building CXX object cuPHY-CP/cuphyoam/CMakeFiles/cuphyoamlib.dir/src/utils.cpp.o
[583/998] Building CXX object cuPHY-CP/cuphyoam/CMakeFiles/test_cuphyoam.dir/examples/test_cuphyoam.cpp.o
[584/998] Building CXX object cuPHY-CP/cuphyoam/CMakeFiles/test_grpc_stream.dir/examples/test_grpc_stream.cpp.o
[585/998] Linking CXX executable cuMAC/examples/cusolverSvd/cusolverSvd
[586/998] Linking CXX executable cuMAC/examples/eigenMatOp/eigenMatOp
[587/998] Linking CXX executable cuMAC/examples/cpuMatAlg/cpuMatAlg
[588/998] Linking CXX executable cuMAC/examples/trafficModel/trafficModel
[589/998] Linking CXX executable cuMAC/examples/muMimoUeGrpL2Integration/l2_muUeGrp_test
[590/998] Building CXX object cuPHY/examples/srs_rx_pipeline/CMakeFiles/cuphy_ex_srs_rx_pipeline.dir/__/common/datasets.cpp.o
[591/998] Linking CUDA executable cuMAC/examples/muMimoUeGrpL2Integration/cumac_muUeGrp_test
[592/998] Building CXX object cuPHY/examples/uciOnPusch_csi2_ctrl/CMakeFiles/cuphy_ex_uciOnPusch_csi2_ctrl.dir/__/common/datasets.cpp.o
[593/998] Building CXX object cuPHY-CP/cuphyoam/CMakeFiles/test_time.dir/examples/test_time.cpp.o
[594/998] Building CXX object cuPHY-CP/cuphyoam/CMakeFiles/test_basic_dpdk.dir/examples/test_basic_dpdk.cpp.o
[595/998] Building CXX object cuPHY/examples/srs_chEst/CMakeFiles/cuphy_ex_srs_chEst.dir/__/common/datasets.cpp.o
[596/998] Building CXX object cuMAC-CP/CMakeFiles/cumac_cp.dir/src/signal_handler.cpp.o
[597/998] Building CXX object cuPHY/examples/gen_pucch_perf_curve/CMakeFiles/cuphy_ex_gen_perf_curve_from_file.dir/__/common/datasets.cpp.o
[598/998] Building CXX object cuMAC-CP/CMakeFiles/cumac_cp.dir/src/cumac_cp_configs.cpp.o
[599/998] Building CXX object cuPHY-CP/cuphyoam/CMakeFiles/cuphyoamlib.dir/aerial_push_notification.pb.cc.o
[600/998] Building CXX object cuPHY-CP/cuphyoam/CMakeFiles/cuphyoamlib.dir/src/yang_model_manager.cpp.o
[601/998] Building CXX object cuPHY-CP/data_lake/CMakeFiles/data_lake.dir/e3_agent.cpp.o
[602/998] Building CXX object cuPHY-CP/cuphyoam/CMakeFiles/cuphyoamlib.dir/src/cus_conn_mgr.cpp.o
[603/998] Building CXX object cuPHY-CP/ru-emulator/ru_emulator/CMakeFiles/ru_standalone.dir/timing_utils.cpp.o
[604/998] Building CXX object cuPHY-CP/ru-emulator/ru_emulator/CMakeFiles/ru_emulator.dir/timing_utils.cpp.o
[605/998] Building CUDA object cuPHY/examples/chanModels/src/CMakeFiles/chanModels.dir/ofdm_src/ofdmDemod.cu.o
[606/998] Building CXX object cuPHY-CP/tests/order_kernel_test_bench/CMakeFiles/order_kernel_test_bench.dir/src/order_kernel_test_bench.cpp.o
[607/998] Building CXX object cuPHY-CP/ru-emulator/ru_emulator/CMakeFiles/ru_emulator.dir/oran.cpp.o
[608/998] Building CXX object cuPHY-CP/ru-emulator/ru_emulator/CMakeFiles/ru_emulator.dir/standalone.cpp.o
[609/998] Building CXX object cuPHY-CP/ru-emulator/ru_emulator/CMakeFiles/ru_standalone.dir/oran.cpp.o
[610/998] Building CXX object cuPHY-CP/ru-emulator/ru_emulator/CMakeFiles/ru_standalone.dir/pbch.cpp.o
[611/998] Building CXX object cuPHY-CP/ru-emulator/ru_emulator/CMakeFiles/ru_standalone.dir/setup.cpp.o
[612/998] Building CXX object cuPHY-CP/ru-emulator/ru_emulator/CMakeFiles/ru_debug.dir/standalone.cpp.o
[613/998] Building CXX object cuPHY-CP/ru-emulator/ru_emulator/CMakeFiles/ru_debug.dir/utils.cpp.o
[614/998] Building CXX object cuPHY-CP/ru-emulator/ru_emulator/CMakeFiles/ru_debug.dir/timing_utils.cpp.o
[615/998] Building CXX object cuPHY-CP/ru-emulator/ru_emulator/CMakeFiles/ru_standalone.dir/standalone.cpp.o
[616/998] Building CXX object cuPHY-CP/ru-emulator/ru_emulator/CMakeFiles/ru_emulator.dir/setup.cpp.o
[617/998] Building CXX object cuPHY-CP/ru-emulator/ru_emulator/CMakeFiles/ru_emulator.dir/utils.cpp.o
[618/998] Building CXX object cuPHY-CP/ru-emulator/ru_emulator/CMakeFiles/ru_standalone.dir/packet_timings.cpp.o
[619/998] Building CXX object cuPHY-CP/cuphyoam/CMakeFiles/cuphyoamlib.dir/scf_fapi_p9.pb.cc.o
[620/998] Building CXX object cuPHY-CP/ru-emulator/ru_emulator/CMakeFiles/ru_standalone.dir/pdsch.cpp.o
[621/998] Building CXX object cuPHY-CP/ru-emulator/ru_emulator/CMakeFiles/ru_emulator.dir/packet_timings.cpp.o
[622/998] Building CXX object cuPHY-CP/aerial-fh-driver/CMakeFiles/aerial-fh.dir/lib/fh_mutex.cpp.o
[623/998] Building CXX object cuPHY-CP/ru-emulator/ru_emulator/CMakeFiles/ru_standalone.dir/pdcch.cpp.o
[624/998] Building CXX object cuPHY-CP/ru-emulator/ru_emulator/CMakeFiles/ru_debug.dir/oran.cpp.o
[625/998] Building CXX object cuPHY-CP/ru-emulator/ru_emulator/CMakeFiles/ru_emulator.dir/pdsch.cpp.o
[626/998] Building CXX object cuPHY-CP/cuphyoam/CMakeFiles/p9_msg_client_grpc_test.dir/examples/p9_msg_client_grpc_test.cpp.o
[627/998] Building CXX object cuPHY-CP/ru-emulator/ru_emulator/CMakeFiles/ru_emulator.dir/pdcch.cpp.o
[628/998] Building CXX object cuPHY-CP/ru-emulator/ru_emulator/CMakeFiles/ru_standalone.dir/csirs.cpp.o
[629/998] Building CXX object cuPHY-CP/ru-emulator/ru_emulator/CMakeFiles/ru_debug.dir/setup.cpp.o
[630/998] Building CXX object cuPHY-CP/cuphyoam/CMakeFiles/test_grpc_cpp_client.dir/examples/test_grpc_cpp_client.cpp.o
[631/998] Building CXX object cuPHY-CP/cuphyoam/CMakeFiles/cuphyoamlib.dir/aerial_common.pb.cc.o
[632/998] Building CXX object cuPHY-CP/ru-emulator/ru_emulator/CMakeFiles/ru_emulator.dir/csirs.cpp.o
[633/998] Building CXX object cuPHY-CP/ru-emulator/ru_emulator/CMakeFiles/ru_emulator.dir/pbch.cpp.o
[634/998] Building CXX object testBenches/cubb_gpu_test_bench/CMakeFiles/cubb_gpu_test_bench.dir/cubb_gpu_test_bench.cpp.o
[635/998] Building CXX object cuPHY-CP/ru-emulator/ru_emulator/CMakeFiles/ru_standalone.dir/utils.cpp.o
[636/998] Building CXX object cuPHY-CP/ru-emulator/ru_emulator/CMakeFiles/ru_debug.dir/pbch.cpp.o
[637/998] Building CXX object cuPHY-CP/ru-emulator/ru_emulator/CMakeFiles/ru_emulator.dir/main.cpp.o
[638/998] Building CXX object cuPHY-CP/ru-emulator/ru_emulator/CMakeFiles/ru_debug.dir/main.cpp.o
[639/998] Building CXX object cuPHY-CP/ru-emulator/tests/CMakeFiles/compression_test.dir/compression_test.cpp.o
[640/998] Building CXX object cuPHY-CP/cuphyoam/CMakeFiles/cuphyoamlib.dir/src/push_notification_svc.cpp.o
[641/998] Building CXX object cuPHY-CP/ru-emulator/ru_emulator/CMakeFiles/ru_debug.dir/pdcch.cpp.o
[642/998] Building CXX object cuPHY-CP/ru-emulator/ru_emulator/CMakeFiles/ru_standalone.dir/main.cpp.o
[643/998] Building CXX object cuPHY-CP/cuphyoam/CMakeFiles/cuphyoamlib.dir/src/cuphyoam.cpp.o
[644/998] Linking CXX shared library CMakeFiles/chanModels.dir/cmake_device_link.o
[645/998] Building CXX object cuPHY-CP/ru-emulator/ru_emulator/CMakeFiles/ru_debug.dir/csirs.cpp.o
[646/998] Building CXX object cuPHY-CP/ru-emulator/ru_emulator/CMakeFiles/ru_standalone.dir/fh.cpp.o
[647/998] Building CXX object cuPHY-CP/ru-emulator/tests/CMakeFiles/compression_test.dir/__/ru_emulator/utils.cpp.o
[648/998] Building CXX object cuPHY-CP/ru-emulator/tests/CMakeFiles/ru_emulator_test.dir/__/ru_emulator/utils.cpp.o
[649/998] Building CXX object cuPHY-CP/ru-emulator/ru_emulator/CMakeFiles/ru_emulator.dir/fh.cpp.o
[650/998] Building CXX object cuMAC-CP/CMakeFiles/cumac_cp.dir/src/msg_recv.cpp.o
[651/998] Linking CXX shared library cuPHY/examples/chanModels/src/libchanModels.so
[652/998] Building CXX object cuMAC-CP/CMakeFiles/cumac_cp.dir/src/main.cpp.o
[653/998] Linking CUDA static library cuMAC/examples/channInput/libchannInput.a
[654/998] Building CXX object cuPHY-CP/cuphyoam/CMakeFiles/cuphyoamlib.dir/src/scf_fapi_oam_services.cpp.o
[655/998] Building CXX object cuPHY-CP/cuphyoam/CMakeFiles/test_grpc_push_notification_client.dir/examples/test_grpc_push_notification_client.cpp.o
[656/998] Building CXX object pyaerial/CMakeFiles/_pycuphy.dir/pybind11/pycuphy_pybind.cpp.o
[657/998] Linking CXX executable testBenches/chanModels/examples/gauNoiseAdder/gau_noise_adder_ex
[658/998] Linking CXX executable CMakeFiles/cellAssociateTest.dir/cmake_device_link.o
[659/998] Building CXX object cuPHY-CP/ru-emulator/tests/CMakeFiles/ru_emulator_test.dir/__/ru_emulator/timing_utils.cpp.o
[660/998] Building CXX object cuPHY-CP/ru-emulator/ru_emulator/CMakeFiles/ru_debug.dir/packet_timings.cpp.o
[661/998] Linking CXX executable CMakeFiles/channInputTest.dir/cmake_device_link.o
[662/998] Linking CXX executable cuMAC/examples/multiCellSchedulerUeSelection/multiCellSchedulerUeSelection
[663/998] Building CXX object cuPHY-CP/ru-emulator/tests/CMakeFiles/ru_emulator_test.dir/ru_emulator_test.cpp.o
[664/998] Building CXX object cuPHY-CP/cuphyoam/CMakeFiles/cuphyoamlib.dir/scf_fapi_p9.grpc.pb.cc.o
[665/998] Building CXX object cuPHY-CP/ru-emulator/ru_emulator/CMakeFiles/ru_standalone.dir/uplane_rx_cores.cpp.o
[666/998] Linking CXX executable CMakeFiles/singleCellSchedule.dir/cmake_device_link.o
[667/998] Linking CXX executable cuMAC/examples/channInput/channInputTest
[668/998] Linking CXX executable cuMAC/examples/multiCellSrsScheduler/multiCellSrsScheduler
[669/998] Building CXX object cuPHY-CP/ru-emulator/ru_emulator/CMakeFiles/ru_debug.dir/fh.cpp.o
[670/998] Building CXX object cuPHY-CP/ru-emulator/ru_emulator/CMakeFiles/ru_debug.dir/pdsch.cpp.o
[671/998] Linking CXX executable cuMAC/examples/cellAssociate/cellAssociateTest
[672/998] Linking CXX executable cuMAC/examples/tvLoadingTest/tvLoadingTest
[673/998] Building CXX object cuPHY-CP/ru-emulator/ru_emulator/CMakeFiles/ru_emulator.dir/uplane_rx_cores.cpp.o
[674/998] Linking CXX executable cuMAC/examples/multiCellMuMimoScheduler/multiCellMuMimoScheduler
[675/998] Linking CXX executable CMakeFiles/scheduleTrafficTest.dir/cmake_device_link.o
[676/998] Building CXX object cuPHY-CP/data_lake/CMakeFiles/data_lake.dir/data_lake.cpp.o
[677/998] Linking CXX executable cuMAC/examples/pfmSort/pfmSortTest
[678/998] Building CXX object cuPHY-CP/ru-emulator/ru_emulator/CMakeFiles/ru_emulator.dir/ru_emulator.cpp.o
[679/998] Building CXX object cuPHY-CP/ru-emulator/ru_emulator/CMakeFiles/ru_debug.dir/ru_emulator.cpp.o
[680/998] Building CXX object cuPHY-CP/ru-emulator/ru_emulator/CMakeFiles/ru_standalone.dir/ru_emulator.cpp.o
[681/998] Linking CXX executable cuMAC/examples/singleCellScheduler/singleCellSchedule
[682/998] Building CXX object cuPHY-CP/cuphyoam/CMakeFiles/cuphyoamlib.dir/aerial_push_notification.grpc.pb.cc.o
[683/998] Building CXX object cuPHY-CP/aerial-fh-driver/CMakeFiles/aerial-fh.dir/lib/pcap_logger.cpp.o
[684/998] Building CUDA object cuPHY/src/cuphy/CMakeFiles/cuphy.dir/dl_rate_matching/dl_rate_matching.cu.o
[685/998] Linking CXX executable cuMAC/examples/scheduleTrafficTest/scheduleTrafficTest
[686/998] Building CXX object cuPHY-CP/ru-emulator/ru_emulator/CMakeFiles/ru_debug.dir/uplane_rx_cores.cpp.o
[687/998] Building CUDA object cuPHY-CP/compression_decompression/comp_decomp_examples/CMakeFiles/modcomp_test.dir/modcomp_test.cu.o
[688/998] Building CXX object cuPHY-CP/cuphyoam/CMakeFiles/cus_conn_mgr.dir/examples/cus_conn_mgr.cpp.o
[689/998] Building CXX object cuPHY-CP/cuphyoam/CMakeFiles/cuphyoamlib.dir/src/common_svc.cpp.o
[690/998] Linking CXX shared library cuPHY-CP/data_lake/libdata_lake.so
[691/998] Building CXX object cuPHY-CP/cuphydriver/src/CMakeFiles/cuphydriver.dir/common/time.cpp.o
[692/998] Building CXX object cuPHY-CP/cuphydriver/src/CMakeFiles/cuphydriver.dir/common/pmu_reader.cpp.o
[693/998] Building CXX object cuMAC-CP/CMakeFiles/cumac_cp.dir/src/cumac_cp_tv.cpp.o
[694/998] Building CXX object cuPHY-CP/aerial-fh-driver/CMakeFiles/aerial-fh.dir/lib/gpu.cpp.o
[695/998] Building CXX object cuPHY-CP/aerial-fh-driver/CMakeFiles/aerial-fh.dir/lib/aerial_fh_driver.cpp.o
[696/998] Building CXX object testBenches/cubb_gpu_test_bench/CMakeFiles/cubb_gpu_test_bench.dir/cuphy_testWrkr.cpp.o
[697/998] Building CXX object cuPHY-CP/aerial-fh-driver/app/fh_generator/CMakeFiles/fh_generator.dir/src/oran_slot_iterator.cpp.o
[698/998] Building CXX object cuPHY-CP/cuphyoam/CMakeFiles/cuphyoamlib.dir/aerial_common.grpc.pb.cc.o
[699/998] Building CXX object cuPHY-CP/aerial-fh-driver/CMakeFiles/aerial-fh.dir/lib/memreg.cpp.o
[700/998] Building CXX object cuPHY-CP/aerial-fh-driver/app/fh_generator/CMakeFiles/fh_generator.dir/src/gpudevice.cpp.o
[701/998] Building CXX object cuPHY-CP/aerial-fh-driver/CMakeFiles/aerial-fh.dir/lib/gpu_mempool.cpp.o
[702/998] Building CXX object cuPHY-CP/aerial-fh-driver/app/fh_generator/CMakeFiles/fh_generator.dir/src/main.cpp.o
[703/998] Linking CXX shared library cuPHY-CP/cuphyoam/libcuphyoamlib.so
[704/998] Building CXX object cuPHY-CP/aerial-fh-driver/app/fh_generator/CMakeFiles/fh_generator.dir/src/ul_tx_worker.cpp.o
[705/998] Building CXX object cuPHY-CP/aerial-fh-driver/app/fh_generator/CMakeFiles/fh_generator.dir/src/dl_tx_worker.cpp.o
[706/998] Building CXX object cuPHY-CP/aerial-fh-driver/CMakeFiles/aerial-fh.dir/lib/pdump_client.cpp.o
[707/998] Building CXX object cuPHY-CP/aerial-fh-driver/app/fh_generator/CMakeFiles/fh_generator.dir/src/ul_rx_worker.cpp.o
[708/998] Linking CXX executable cuPHY-CP/cuphyoam/test_grpc_stream
[709/998] Building CXX object cuPHY-CP/aerial-fh-driver/app/fh_generator/CMakeFiles/fh_generator.dir/src/cell.cpp.o
[710/998] Building CXX object cuPHY-CP/aerial-fh-driver/CMakeFiles/aerial-fh.dir/lib/fronthaul.cpp.o
[711/998] Linking CXX executable cuPHY-CP/cuphyoam/test_cuphyoam
[712/998] Building CXX object cuPHY-CP/aerial-fh-driver/app/fh_generator/CMakeFiles/fh_generator.dir/src/order_entity.cpp.o
[713/998] Linking CXX executable cuPHY-CP/cuphyoam/test_time
[714/998] Linking CXX executable cuPHY-CP/cuphyoam/test_basic_dpdk
[715/998] Building CXX object cuPHY-CP/aerial-fh-driver/app/fh_generator/CMakeFiles/fh_generator.dir/src/dl_rx_worker.cpp.o
[716/998] Building CXX object cuPHY-CP/aerial-fh-driver/CMakeFiles/aerial-fh.dir/lib/metrics.cpp.o
[717/998] Building CXX object cuPHY-CP/aerial-fh-driver/CMakeFiles/aerial-fh.dir/lib/time.cpp.o
[718/998] Linking CXX executable cuPHY-CP/cuphyoam/test_grpc_cpp_client
[719/998] Linking CXX executable cuPHY-CP/cuphyoam/p9_msg_client_grpc_test
[720/998] Linking CXX executable cuPHY-CP/cuphyoam/test_grpc_push_notification_client
[721/998] Building CXX object cuPHY-CP/cuphyl2adapter/lib/nvPHY/CMakeFiles/nvphy.dir/nv_phy_limit_errors.cpp.o
[722/998] Linking CXX executable cuPHY-CP/cuphyoam/cus_conn_mgr
[723/998] Building CXX object cuPHY-CP/aerial-fh-driver/CMakeFiles/aerial-fh.dir/lib/rivermax.cpp.o
[724/998] Building CXX object cuPHY-CP/aerial-fh-driver/CMakeFiles/aerial-fh.dir/lib/queue_manager.cpp.o
[725/998] Building CXX object cuPHY-CP/aerial-fh-driver/app/fh_generator/CMakeFiles/fh_generator.dir/src/worker.cpp.o
[726/998] Building CXX object cuPHY-CP/cuphyl2adapter/lib/nvPHY/CMakeFiles/nvphy.dir/nv_module_dispatch_factory.cpp.o
[727/998] Building CXX object cuPHY-CP/aerial-fh-driver/CMakeFiles/aerial-fh.dir/lib/fh_stats_dump.cpp.o
[728/998] Building CXX object cuPHY-CP/cuphyl2adapter/lib/nvPHY/CMakeFiles/nvphy_generic.dir/nv_mac_factory.cpp.o
[729/998] Building CXX object cuPHY-CP/aerial-fh-driver/CMakeFiles/aerial-fh.dir/lib/flow.cpp.o
[730/998] Building CXX object cuPHY-CP/aerial-fh-driver/CMakeFiles/aerial-fh.dir/lib/packet_stats.cpp.o
[731/998] Building CXX object cuPHY-CP/cuphyl2adapter/lib/nvPHY/CMakeFiles/nvphy_generic.dir/nv_phy_epoll_context.cpp.o
[732/998] Building CXX object cuPHY-CP/aerial-fh-driver/CMakeFiles/aerial-fh.dir/lib/ring_buffer.cpp.o
[733/998] Building CXX object cuPHY-CP/cuphyl2adapter/lib/nvPHY/CMakeFiles/nvphy_generic.dir/nv_mac.cpp.o
[734/998] Building CXX object cuPHY-CP/aerial-fh-driver/CMakeFiles/aerial-fh.dir/lib/doca_obj.cpp.o
[735/998] Building CXX object cuPHY-CP/aerial-fh-driver/app/fh_generator/CMakeFiles/fh_generator.dir/src/packet_counts.cpp.o
[736/998] Building CXX object cuPHY-CP/aerial-fh-driver/CMakeFiles/aerial-fh.dir/lib/queue.cpp.o
[737/998] Building CXX object cuPHY-CP/aerial-fh-driver/app/fh_generator/CMakeFiles/fh_generator.dir/src/yaml_parser.cpp.o
[738/998] Building CXX object cuPHY-CP/cuphyl2adapter/lib/nvPHY/CMakeFiles/nvphy.dir/nv_mac.cpp.o
[739/998] Building CXX object cuPHY-CP/cuphyl2adapter/lib/nvPHY/CMakeFiles/nvphy.dir/nv_phy_instance.cpp.o
[740/998] Building CXX object cuPHY-CP/cuphyl2adapter/lib/nvPHY/CMakeFiles/nvphy.dir/nv_phy_epoll_context.cpp.o
[741/998] Building CXX object cuPHY-CP/cuphyl2adapter/lib/nvPHY/CMakeFiles/nvphy.dir/nv_ue_phy_module.cpp.o
[742/998] Building CXX object cuPHY-CP/scfl2adapter/tests/scf_5g_fapi/CMakeFiles/test_scf_5g_fapi.dir/test_scf_5g_fapi.cpp.o
[743/998] Building CXX object cuPHY-CP/cuphydriver/src/CMakeFiles/cuphydriver.dir/downlink/dl_validation_params.cpp.o
[744/998] Building CXX object cuPHY-CP/ru-emulator/ru_emulator/CMakeFiles/ru_standalone.dir/cplane_rx_cores.cpp.o
[745/998] Building CUDA object cuPHY-CP/cuphyl2adapter/tests/nv_phy_epoll_context/CMakeFiles/test_phy_epoll.dir/__/__/dummy.cu.o
[746/998] Building CXX object cuPHY-CP/scfl2adapter/lib/scf_5g_fapi/CMakeFiles/scf_5g_fapi.dir/scf_5g_fapi_mac.cpp.o
[747/998] Building CXX object cuPHY-CP/cuphyl2adapter/lib/nvPHY/CMakeFiles/nvphy.dir/nv_ue_phy_module_factory.cpp.o
[748/998] Building CXX object cuPHY-CP/ru-emulator/ru_emulator/CMakeFiles/ru_emulator.dir/cplane_rx_cores.cpp.o
[749/998] Building CXX object cuPHY-CP/aerial-fh-driver/CMakeFiles/aerial-fh.dir/lib/gpu_comm.cpp.o
[750/998] Building CXX object cuPHY-CP/ru-emulator/ru_emulator/CMakeFiles/ru_debug.dir/cplane_rx_cores.cpp.o
[751/998] Building CXX object cuPHY-CP/scfl2adapter/lib/scf_5g_fapi/CMakeFiles/scf_5g_fapi.dir/scf_5g_fapi_metrics.cpp.o
[752/998] Building CXX object cuPHY-CP/cuphyl2adapter/tests/nv_phy_epoll_context/CMakeFiles/test_phy_epoll.dir/test_phy_epoll.cpp.o
[753/998] Building CXX object cuPHY-CP/aerial-fh-driver/CMakeFiles/aerial-fh.dir/lib/nic.cpp.o
[754/998] Building CXX object cuPHY-CP/cuphyl2adapter/lib/nvPHY/CMakeFiles/nvphy.dir/nv_phy_factory.cpp.o
[755/998] Building CXX object cuPHY-CP/cuphyl2adapter/lib/nvPHY/CMakeFiles/nvphy_generic.dir/nv_phy_mac_transport.cpp.o
[756/998] Linking CXX static library cuPHY-CP/cuphyl2adapter/lib/nvPHY/libnvphy_generic.a
[757/998] Building CXX object cuPHY-CP/ru-emulator/ru_emulator/CMakeFiles/ru_debug.dir/config_parser.cpp.o
[758/998] Building CXX object cuPHY-CP/ru-emulator/ru_emulator/CMakeFiles/ru_standalone.dir/config_parser.cpp.o
[759/998] Building CXX object cuPHY-CP/ru-emulator/ru_emulator/CMakeFiles/ru_debug.dir/tv_parser.cpp.o
[760/998] Building CXX object cuPHY-CP/ru-emulator/ru_emulator/CMakeFiles/ru_standalone.dir/tv_parser.cpp.o
[761/998] Building CXX object cuPHY-CP/ru-emulator/ru_emulator/CMakeFiles/ru_emulator.dir/tv_parser.cpp.o
[762/998] Building CXX object cuMAC-CP/CMakeFiles/cumac_cp.dir/src/cumac_cp_handler.cpp.o
[763/998] Building CXX object cuPHY-CP/cuphyl2adapter/lib/nvPHY/CMakeFiles/nvphy.dir/nv_phy_mac_transport.cpp.o
[764/998] Building CUDA object cuPHY-CP/scfl2adapter/scf_app/cuphycontroller/CMakeFiles/l2_adapter_cuphycontroller_scf.dir/__/__/dummy.cu.o
[765/998] Building CXX object cuPHY-CP/scfl2adapter/scf_app/cuphycontroller/CMakeFiles/l2_adapter_cuphycontroller_scf.dir/signal_handler.cpp.o
[766/998] Building CXX object cuPHY-CP/cuphydriver/src/CMakeFiles/cuphydriver.dir/common/task.cpp.o
[767/998] Building CXX object cuPHY-CP/ru-emulator/ru_emulator/CMakeFiles/ru_emulator.dir/config_parser.cpp.o
[768/998] Building CUDA object cuPHY-CP/scfl2adapter/scf_app/cuphycontroller/CMakeFiles/tick_unit_test.dir/__/__/dummy.cu.o
[769/998] Building CUDA object cuPHY-CP/scfl2adapter/tests/scf_5g_fapi/CMakeFiles/test_scf_5g_fapi.dir/__/__/dummy.cu.o
[770/998] Building CXX object cuPHY-CP/scfl2adapter/lib/scf_5g_fapi/CMakeFiles/scf_5g_fapi.dir/scf_5g_fapi_dl_validate.cpp.o
[771/998] Building CUDA object cuPHY-CP/testMAC/testMAC/CMakeFiles/test_mac.dir/dummy.cu.o
[772/998] Building CXX object cuPHY-CP/cuphydriver/src/CMakeFiles/cuphydriver.dir/uplink/wavgcfo_pool.cpp.o
[773/998] Building CXX object cuPHY-CP/aerial-fh-driver/app/fh_generator/CMakeFiles/fh_generator.dir/src/fh_generator.cpp.o
[774/998] Building CXX object cuPHY-CP/tests/dlc_test_bench/CMakeFiles/dlc_test_bench.dir/timing_functions.cpp.o
[775/998] Building CXX object cuPHY-CP/scfl2adapter/lib/scf_5g_fapi/CMakeFiles/scf_5g_fapi.dir/scf_5g_fapi_ul_validate.cpp.o
[776/998] Building CXX object cuPHY-CP/testMAC/testMAC/CMakeFiles/test_mac.dir/signal_handler.cpp.o
[777/998] Building CXX object cuPHY-CP/scfl2adapter/lib/scf_5g_fapi/CMakeFiles/scf_5g_fapi.dir/scf_5g_slot_commands_common.cpp.o
[778/998] Building CXX object cuPHY-CP/cuphyl2adapter/lib/nvPHY/CMakeFiles/nvphy.dir/nv_phy_driver_proxy.cpp.o
[779/998] Building CXX object cuPHY-CP/tests/dlc_test_bench/CMakeFiles/dlc_test_bench.dir/pcap_writer.cpp.o
[780/998] Building CXX object cuPHY-CP/aerial-fh-driver/app/fh_generator/CMakeFiles/fh_generator.dir/src/grpc.cpp.o
[781/998] Building CXX object cuPHY-CP/tests/CMakeFiles/test_cuphycp.dir/test_utils.cpp.o
[782/998] Building CXX object cuPHY-CP/scfl2adapter/lib/scf_5g_fapi/CMakeFiles/scf_5g_fapi.dir/scf_5g_fapi.cpp.o
[783/998] Building CXX object cuPHY-CP/scfl2adapter/lib/scf_5g_fapi/CMakeFiles/scf_5g_fapi.dir/scf_5g_fapi_module_dispatch.cpp.o
[784/998] Building CXX object cuMAC-CP/CMakeFiles/cumac_cp.dir/src/cumac_task.cpp.o
[785/998] Building CXX object cuPHY-CP/cuphyl2adapter/lib/nvPHY/CMakeFiles/nvphy.dir/nv_tick_generator.cpp.o
[786/998] Building CXX object cuPHY-CP/testMAC/testMAC/CMakeFiles/test_mac.dir/cumac_configs.cpp.o
[787/998] Building CXX object cuPHY-CP/aerial-fh-driver/CMakeFiles/aerial-fh.dir/lib/peer.cpp.o
[788/998] Building CXX object cuPHY-CP/tests/CMakeFiles/test_cuphycp.dir/test_cuphycp.cpp.o
[789/998] Building CXX object cuPHY-CP/testMAC/testMAC/CMakeFiles/test_mac.dir/test_mac_configs.cpp.o
[790/998] Building CXX object cuPHY-CP/cuphycontroller/examples/CMakeFiles/cuphycontroller_scf.dir/__/src/cuphydriver.cpp.o
[791/998] Building CXX object cuPHY-CP/cuphydriver/src/CMakeFiles/cuphydriver.dir/common/mps.cpp.o
[792/998] Building CXX object cuPHY-CP/scfl2adapter/lib/scf_5g_fapi/CMakeFiles/scf_5g_fapi.dir/scf_5g_slot_commands_ssb_pbch.cpp.o
[793/998] Building CXX object cuPHY-CP/cuphydriver/src/CMakeFiles/cuphydriver.dir/common/gpudevice.cpp.o
[794/998] Building CXX object cuPHY-CP/cuphyl2adapter/lib/nvPHY/CMakeFiles/nvphy.dir/nv_simulate_phy_driver.cpp.o
[795/998] Building CXX object cuPHY-CP/scfl2adapter/lib/scf_5g_fapi/CMakeFiles/scf_5g_fapi.dir/scf_5g_slot_commands_pdcch.cpp.o
[796/998] Building CXX object cuPHY-CP/cuphydriver/src/CMakeFiles/cuphydriver.dir/common/memfoot.cpp.o
[797/998] Building CXX object cuPHY-CP/testMAC/testMAC/CMakeFiles/test_mac.dir/cumac_validate.cpp.o
[798/998] Building CXX object cuPHY-CP/cuphydriver/src/CMakeFiles/cuphydriver.dir/common/worker.cpp.o
[799/998] Building CXX object cuPHY-CP/scfl2adapter/scf_app/cuphycontroller/CMakeFiles/tick_unit_test.dir/tick_unit_test.cpp.o
[800/998] Building CXX object cuPHY-CP/scfl2adapter/lib/scf_5g_fapi/CMakeFiles/scf_5g_fapi.dir/scf_5g_slot_commands_pdsch_mod_comp.cpp.o
[801/998] Building CXX object cuPHY-CP/tests/CMakeFiles/test_cuphycp.dir/__/testMAC/testMAC/test_mac_configs.cpp.o
[802/998] Building CXX object cuPHY-CP/cuphydriver/src/CMakeFiles/cuphydriver.dir/uplink/ul_pcap_capture_thread.cpp.o
[803/998] Building CXX object cuPHY-CP/testMAC/testMAC/CMakeFiles/test_mac.dir/fapi_validate.cpp.o
[804/998] Building CXX object cuPHY-CP/scfl2adapter/scf_app/cuphycontroller/CMakeFiles/l2_adapter_cuphycontroller_scf.dir/cuphycontroller.cpp.o
[805/998] Building CXX object testBenches/cubb_gpu_test_bench/CMakeFiles/cubb_gpu_test_bench.dir/__/__/cuPHY/examples/common/datasets.cpp.o
[806/998] Building CXX object cuPHY-CP/cuphydriver/src/CMakeFiles/cuphydriver.dir/downlink/task_function_dl_val.cpp.o
[807/998] Building CXX object cuPHY-CP/cuphydriver/src/CMakeFiles/cuphydriver.dir/uplink/ulbuffer.cpp.o
[808/998] Building CXX object cuPHY-CP/cuphydriver/src/CMakeFiles/cuphydriver.dir/common/metrics.cpp.o
[809/998] Building CXX object pyaerial/tests/cpp/CMakeFiles/test_pusch_rx_main.dir/__/__/__/cuPHY/examples/common/datasets.cpp.o
[810/998] Building CXX object cuPHY-CP/cuphydriver/src/CMakeFiles/cuphydriver.dir/downlink/phypdcch_aggr.cpp.o
[811/998] Building CXX object cuPHY-CP/cuphydriver/src/CMakeFiles/cuphydriver.dir/downlink/phydlbfw_aggr.cpp.o
[812/998] Building CXX object cuPHY-CP/cuphydriver/src/CMakeFiles/cuphydriver.dir/uplink/phyulbfw_aggr.cpp.o
[813/998] Building CXX object cuPHY-CP/tests/dlc_test_bench/CMakeFiles/dlc_test_bench.dir/__/__/testMAC/testMAC/test_mac_configs.cpp.o
[814/998] Building CXX object cuPHY-CP/cuphydriver/src/CMakeFiles/cuphydriver.dir/downlink/phypbch_aggr.cpp.o
[815/998] Building CXX object cuPHY-CP/tests/dlc_test_bench/CMakeFiles/dlc_test_bench.dir/__/__/cuphycontroller/src/cuphydriver.cpp.o
[816/998] Building CXX object cuPHY-CP/testMAC/testMAC/CMakeFiles/test_mac.dir/test_mac.cpp.o
[817/998] Building CXX object cuPHY-CP/tests/CMakeFiles/test_cuphycp.dir/__/testMAC/testMAC/tests_launch_pattern.cpp.o
[818/998] Building CXX object cuPHY-CP/testMAC/testMAC/CMakeFiles/test_mac.dir/main.cpp.o
[819/998] Building CXX object cuPHY-CP/tests/dlc_test_bench/CMakeFiles/dlc_test_bench.dir/__/__/testMAC/testMAC/fapi_validate.cpp.o
[820/998] Building CXX object cuPHY-CP/cuphydriver/src/CMakeFiles/cuphydriver.dir/uplink/cv_memory_bank_srs_chest.cpp.o
[821/998] Building CXX object cuPHY-CP/cuphydriver/src/CMakeFiles/cuphydriver.dir/downlink/slot_map_dl.cpp.o
[822/998] Building CXX object cuPHY-CP/cuphydriver/src/CMakeFiles/cuphydriver.dir/downlink/phycsirs_aggr.cpp.o
[823/998] Building CXX object cuPHY-CP/cuphydriver/src/CMakeFiles/cuphydriver.dir/uplink/slot_map_ul.cpp.o
[824/998] Building CXX object cuPHY-CP/testMAC/testMAC/CMakeFiles/test_mac.dir/cumac_pattern.cpp.o
[825/998] Building CXX object cuPHY-CP/scfl2adapter/lib/scf_5g_fapi/CMakeFiles/scf_5g_fapi.dir/scf_5g_slot_commands.cpp.o
[826/998] Building CXX object cuPHY-CP/cuphycontroller/examples/CMakeFiles/cuphycontroller_scf.dir/cuphycontroller_scf.cpp.o
[827/998] Building CXX object cuPHY-CP/cuphydriver/src/CMakeFiles/cuphydriver.dir/downlink/dlbuffer.cpp.o
[828/998] Building CXX object cuPHY-CP/tests/dlc_test_bench/CMakeFiles/dlc_test_bench.dir/__/__/ru-emulator/ru_emulator/utils.cpp.o
[829/998] Building CXX object cuPHY-CP/tests/dlc_test_bench/CMakeFiles/dlc_test_bench.dir/__/__/ru-emulator/ru_emulator/oran.cpp.o
[830/998] Building CXX object cuPHY-CP/cuphydriver/src/CMakeFiles/cuphydriver.dir/common/phychannel.cpp.o
[831/998] Building CXX object cuPHY-CP/cuphydriver/src/CMakeFiles/cuphydriver.dir/uplink/phypucch_aggr.cpp.o
[832/998] Building CXX object cuPHY-CP/cuphydriver/src/CMakeFiles/cuphydriver.dir/uplink/harq_pool.cpp.o
[833/998] Building CXX object cuPHY-CP/tests/dlc_test_bench/CMakeFiles/dlc_test_bench.dir/__/__/ru-emulator/ru_emulator/fh.cpp.o
[834/998] Building CXX object cuPHY-CP/cuphydriver/src/CMakeFiles/cuphydriver.dir/uplink/phyprach_aggr.cpp.o
[835/998] Building CXX object cuPHY-CP/tests/dlc_test_bench/CMakeFiles/dlc_test_bench.dir/__/__/ru-emulator/ru_emulator/pdsch.cpp.o
[836/998] Building CXX object cuPHY-CP/testMAC/testMAC/CMakeFiles/test_mac.dir/fapi_handler.cpp.o
[837/998] Building CXX object cuPHY-CP/tests/dlc_test_bench/CMakeFiles/dlc_test_bench.dir/__/__/ru-emulator/ru_emulator/setup.cpp.o
[838/998] Building CUDA object cuPHY-CP/aerial-fh-driver/app/fh_generator/CMakeFiles/fh_generator.dir/src/cuda_kernels.cu.o
[839/998] Building CXX object cuPHY-CP/tests/dlc_test_bench/CMakeFiles/dlc_test_bench.dir/__/__/ru-emulator/ru_emulator/csirs.cpp.o
[840/998] Building CXX object cuPHY-CP/cuphydriver/src/CMakeFiles/cuphydriver.dir/common/cell.cpp.o
[841/998] Building CXX object cuPHY-CP/cuphydriver/src/CMakeFiles/cuphydriver.dir/uplink/order_entity.cpp.o
[842/998] Building CXX object cuPHY-CP/cuphydriver/src/CMakeFiles/cuphydriver.dir/uplink/physrs_aggr.cpp.o
[843/998] Building CXX object cuPHY-CP/tests/dlc_test_bench/CMakeFiles/dlc_test_bench.dir/ru_emulator_wrapper.cpp.o
[844/998] Building CXX object cuPHY-CP/tests/dlc_test_bench/CMakeFiles/dlc_test_bench.dir/__/__/ru-emulator/ru_emulator/standalone.cpp.o
[845/998] Building CXX object cuPHY-CP/tests/dlc_test_bench/CMakeFiles/dlc_test_bench.dir/__/__/ru-emulator/ru_emulator/ru_emulator.cpp.o
[846/998] Building CXX object cuPHY-CP/cuphydriver/src/CMakeFiles/cuphydriver.dir/downlink/phypdsch_aggr.cpp.o
[847/998] Building CXX object cuPHY-CP/tests/dlc_test_bench/CMakeFiles/dlc_test_bench.dir/__/__/ru-emulator/ru_emulator/pdcch.cpp.o
[848/998] Building CUDA object cuMAC-CP/CMakeFiles/cumac_cp.dir/src/cumac_cuda.cu.o
[849/998] Building CXX object cuPHY-CP/tests/dlc_test_bench/CMakeFiles/dlc_test_bench.dir/__/__/ru-emulator/ru_emulator/pbch.cpp.o
[850/998] Building CXX object cuPHY-CP/tests/dlc_test_bench/CMakeFiles/dlc_test_bench.dir/__/__/ru-emulator/ru_emulator/packet_timings.cpp.o
[851/998] Building CXX object cuPHY-CP/tests/dlc_test_bench/CMakeFiles/dlc_test_bench.dir/__/__/testMAC/testMAC/fapi_handler.cpp.o
[852/998] Building CXX object cuPHY-CP/cuphydriver/src/CMakeFiles/cuphydriver.dir/common/fh.cpp.o
[853/998] Building CXX object cuPHY-CP/cuphyl2adapter/lib/nvPHY/CMakeFiles/nvphy.dir/nv_phy_module.cpp.o
[854/998] Building CXX object cuPHY-CP/cuphycontroller/examples/CMakeFiles/cuphycontroller_scf.dir/__/src/yamlparser.cpp.o
[855/998] Building CXX object cuPHY-CP/tests/dlc_test_bench/CMakeFiles/dlc_test_bench.dir/__/__/ru-emulator/ru_emulator/uplane_rx_cores.cpp.o
[856/998] Building CXX object cuPHY-CP/scfl2adapter/lib/scf_5g_fapi/CMakeFiles/scf_5g_fapi.dir/scf_5g_slot_commands_pdsch_csirs.cpp.o
[857/998] Building CXX object cuPHY-CP/cuphydriver/src/CMakeFiles/cuphydriver.dir/downlink/task_function_dl_aggr.cpp.o
[858/998] Building CXX object cuPHY-CP/cuphydriver/src/CMakeFiles/cuphydriver.dir/uplink/phypusch_aggr.cpp.o
[859/998] Building CXX object cuPHY-CP/testMAC/testMAC/CMakeFiles/test_mac.dir/cumac_handler.cpp.o
[860/998] Building CXX object cuPHY-CP/tests/dlc_test_bench/CMakeFiles/dlc_test_bench.dir/__/__/cuphycontroller/src/yamlparser.cpp.o
[861/998] Building CXX object cuPHY-CP/cuphydriver/src/CMakeFiles/cuphydriver.dir/uplink/task_function_ul_aggr.cpp.o
[862/998] Building CXX object cuPHY-CP/tests/CMakeFiles/test_cuphycp.dir/__/scfl2adapter/lib/scf_5g_fapi/tests_scf_5g_slot_commands.cpp.o
[863/998] Building CUDA object cuPHY-CP/aerial-fh-driver/CMakeFiles/aerial-fh.dir/lib/gpu_comm_doca.cu.o
[864/998] Linking CXX shared library CMakeFiles/aerial-fh.dir/cmake_device_link.o
[865/998] Building CUDA object cuPHY-CP/tests/order_kernel_test_bench/CMakeFiles/order_kernel_test_bench.dir/__/__/cuphydriver/src/uplink/order_cuda_kernels.cu.o
[866/998] Building CXX object cuPHY-CP/testMAC/testMAC/CMakeFiles/test_mac.dir/scf_fapi_handler.cpp.o
[867/998] Linking CXX shared library cuPHY-CP/aerial-fh-driver/libaerial-fh.so
[868/998] Linking CXX executable CMakeFiles/order_kernel_test_bench.dir/cmake_device_link.o
[869/998] Linking CXX executable cuPHY-CP/tests/order_kernel_test_bench/order_kernel_test_bench
[870/998] Linking CXX executable cuPHY-CP/ru-emulator/tests/compression_test
FAILED: cuPHY-CP/ru-emulator/tests/compression_test 
: && /usr/local/gnu/bin/x86_64-linux-gnu-g++ -D_GNU_SOURCE     -Werror=return-type -DALLOW_EXPERIMENTAL_API  -mcmodel=medium -O3 -DNDEBUG  cuPHY-CP/ru-emulator/tests/CMakeFiles/compression_test.dir/compression_test.cpp.o cuPHY-CP/ru-emulator/tests/CMakeFiles/compression_test.dir/__/ru_emulator/utils.cpp.o -o cuPHY-CP/ru-emulator/tests/compression_test  -Wl,-rpath,/usr/local/cuda-12.9/targets/x86_64-linux/lib:/opt/nvidia/cuBB/build.x86_64/cuPHY-CP/aerial-fh-driver:/opt/nvidia/cuBB/build.x86_64/cuPHY-CP/cuphyoam:/opt/nvidia/cuBB/build.x86_64/cuPHY-CP/app_config:/usr/lib/x86_64-linux-gnu/hdf5/serial:/usr/local/lib:/opt/nvidia/cuBB/build.x86_64/cuPHY-CP/gt_common_libs/nvIPC:/opt/nvidia/cuBB/build.x86_64/cuPHY-CP/gt_common_libs/aerial_metrics/src:/opt/nvidia/cuBB/build.x86_64/cuPHY/nvlog  /usr/local/cuda-12.9/targets/x86_64-linux/lib/libcudart.so  /usr/lib/x86_64-linux-gnu/libcuda.so  -lyaml  cuPHY-CP/aerial-fh-driver/libaerial-fh.so  cuPHY-CP/cuphyoam/libcuphyoamlib.so  cuPHY-CP/app_config/libapp_config.so  cuPHY-CP/gt_common_libs/perf_metrics/libperf_metrics.a  /usr/lib/x86_64-linux-gnu/hdf5/serial/libhdf5.so  /usr/local/lib/libcrypto.so  /usr/lib/x86_64-linux-gnu/libcurl.so  /usr/lib/x86_64-linux-gnu/libpthread.a  /usr/lib/x86_64-linux-gnu/libsz.so  /usr/local/lib/libz.so  /usr/lib/x86_64-linux-gnu/libdl.a  -lm  -Wl,--no-as-needed  /usr/local/cuda-12.9/targets/x86_64-linux/lib/libcudart.so  cuPHY-CP/gt_common_libs/nvIPC/libnvipc.so  /usr/local/lib/libyang.so  /usr/local/lib/libyang-cpp.so  cuPHY-CP/gt_common_libs/aerial_metrics/src/libaerial_metrics.so  /usr/local/lib/libprometheus-cpp-pull.so.1.3.0  /usr/local/lib/libprometheus-cpp-core.so.1.3.0  cuPHY/nvlog/libnvlog.so  -lyaml  -lrt  -pthread  -lyaml-cpp  -lfmtlog-shared  /usr/local/lib/libfmt.so.10.2.1  -Wl,-rpath-link,/usr/local/lib && :
/usr/bin/ld: cuPHY-CP/aerial-fh-driver/libaerial-fh.so: undefined reference to `cuMemcpyBatchAsync'
collect2: error: ld returned 1 exit status
[871/998] Building CXX object cuPHY-CP/tests/dlc_test_bench/CMakeFiles/dlc_test_bench.dir/__/__/ru-emulator/ru_emulator/cplane_rx_cores.cpp.o
[872/998] Linking CXX executable cuPHY-CP/ru-emulator/ru_emulator/ru_standalone
FAILED: cuPHY-CP/ru-emulator/ru_emulator/ru_standalone 
: && /usr/local/gnu/bin/x86_64-linux-gnu-g++ -D_GNU_SOURCE     -Werror=return-type -DALLOW_EXPERIMENTAL_API  -mcmodel=medium -O3 -DNDEBUG  cuPHY-CP/ru-emulator/ru_emulator/CMakeFiles/ru_standalone.dir/main.cpp.o cuPHY-CP/ru-emulator/ru_emulator/CMakeFiles/ru_standalone.dir/ru_emulator.cpp.o cuPHY-CP/ru-emulator/ru_emulator/CMakeFiles/ru_standalone.dir/utils.cpp.o cuPHY-CP/ru-emulator/ru_emulator/CMakeFiles/ru_standalone.dir/config_parser.cpp.o cuPHY-CP/ru-emulator/ru_emulator/CMakeFiles/ru_standalone.dir/fh.cpp.o cuPHY-CP/ru-emulator/ru_emulator/CMakeFiles/ru_standalone.dir/oran.cpp.o cuPHY-CP/ru-emulator/ru_emulator/CMakeFiles/ru_standalone.dir/tv_parser.cpp.o cuPHY-CP/ru-emulator/ru_emulator/CMakeFiles/ru_standalone.dir/cplane_rx_cores.cpp.o cuPHY-CP/ru-emulator/ru_emulator/CMakeFiles/ru_standalone.dir/uplane_rx_cores.cpp.o cuPHY-CP/ru-emulator/ru_emulator/CMakeFiles/ru_standalone.dir/setup.cpp.o cuPHY-CP/ru-emulator/ru_emulator/CMakeFiles/ru_standalone.dir/pdsch.cpp.o cuPHY-CP/ru-emulator/ru_emulator/CMakeFiles/ru_standalone.dir/pbch.cpp.o cuPHY-CP/ru-emulator/ru_emulator/CMakeFiles/ru_standalone.dir/pdcch.cpp.o cuPHY-CP/ru-emulator/ru_emulator/CMakeFiles/ru_standalone.dir/csirs.cpp.o cuPHY-CP/ru-emulator/ru_emulator/CMakeFiles/ru_standalone.dir/packet_timings.cpp.o cuPHY-CP/ru-emulator/ru_emulator/CMakeFiles/ru_standalone.dir/standalone.cpp.o cuPHY-CP/ru-emulator/ru_emulator/CMakeFiles/ru_standalone.dir/timing_utils.cpp.o -o cuPHY-CP/ru-emulator/ru_emulator/ru_standalone  -Wl,-rpath,/usr/local/cuda-12.9/targets/x86_64-linux/lib:/opt/nvidia/cuBB/build.x86_64/cuPHY-CP/aerial-fh-driver:/opt/nvidia/cuBB/build.x86_64/cuPHY-CP/cuphyoam:/opt/nvidia/cuBB/build.x86_64/cuPHY-CP/app_config:/usr/lib/x86_64-linux-gnu/hdf5/serial:/usr/local/lib:/opt/nvidia/cuBB/build.x86_64/cuPHY-CP/gt_common_libs/nvIPC:/opt/nvidia/cuBB/build.x86_64/cuPHY-CP/gt_common_libs/aerial_metrics/src:/opt/nvidia/cuBB/build.x86_64/cuPHY/nvlog  /usr/local/cuda-12.9/targets/x86_64-linux/lib/libcudart.so  /usr/lib/x86_64-linux-gnu/libcuda.so  -lyaml  cuPHY-CP/aerial-fh-driver/libaerial-fh.so  cuPHY-CP/cuphyoam/libcuphyoamlib.so  cuPHY-CP/app_config/libapp_config.so  cuPHY-CP/gt_common_libs/perf_metrics/libperf_metrics.a  /usr/lib/x86_64-linux-gnu/hdf5/serial/libhdf5.so  /usr/local/lib/libcrypto.so  /usr/lib/x86_64-linux-gnu/libcurl.so  /usr/lib/x86_64-linux-gnu/libpthread.a  /usr/lib/x86_64-linux-gnu/libsz.so  /usr/local/lib/libz.so  /usr/lib/x86_64-linux-gnu/libdl.a  -lm  -Wl,--no-as-needed  /usr/local/cuda-12.9/targets/x86_64-linux/lib/libcudart.so  cuPHY-CP/gt_common_libs/nvIPC/libnvipc.so  /usr/local/lib/libyang.so  /usr/local/lib/libyang-cpp.so  cuPHY-CP/gt_common_libs/aerial_metrics/src/libaerial_metrics.so  /usr/local/lib/libprometheus-cpp-pull.so.1.3.0  /usr/local/lib/libprometheus-cpp-core.so.1.3.0  cuPHY/nvlog/libnvlog.so  -lyaml  -lrt  -pthread  -lyaml-cpp  -lfmtlog-shared  /usr/local/lib/libfmt.so.10.2.1  -Wl,-rpath-link,/usr/local/lib && :
/usr/bin/ld: cuPHY-CP/aerial-fh-driver/libaerial-fh.so: undefined reference to `cuMemcpyBatchAsync'
collect2: error: ld returned 1 exit status
[873/998] Linking CXX executable cuPHY-CP/ru-emulator/ru_emulator/ru_emulator
FAILED: cuPHY-CP/ru-emulator/ru_emulator/ru_emulator 
: && /usr/local/gnu/bin/x86_64-linux-gnu-g++ -D_GNU_SOURCE     -Werror=return-type -DALLOW_EXPERIMENTAL_API  -mcmodel=medium -O3 -DNDEBUG  cuPHY-CP/ru-emulator/ru_emulator/CMakeFiles/ru_emulator.dir/main.cpp.o cuPHY-CP/ru-emulator/ru_emulator/CMakeFiles/ru_emulator.dir/ru_emulator.cpp.o cuPHY-CP/ru-emulator/ru_emulator/CMakeFiles/ru_emulator.dir/utils.cpp.o cuPHY-CP/ru-emulator/ru_emulator/CMakeFiles/ru_emulator.dir/config_parser.cpp.o cuPHY-CP/ru-emulator/ru_emulator/CMakeFiles/ru_emulator.dir/fh.cpp.o cuPHY-CP/ru-emulator/ru_emulator/CMakeFiles/ru_emulator.dir/oran.cpp.o cuPHY-CP/ru-emulator/ru_emulator/CMakeFiles/ru_emulator.dir/tv_parser.cpp.o cuPHY-CP/ru-emulator/ru_emulator/CMakeFiles/ru_emulator.dir/cplane_rx_cores.cpp.o cuPHY-CP/ru-emulator/ru_emulator/CMakeFiles/ru_emulator.dir/uplane_rx_cores.cpp.o cuPHY-CP/ru-emulator/ru_emulator/CMakeFiles/ru_emulator.dir/setup.cpp.o cuPHY-CP/ru-emulator/ru_emulator/CMakeFiles/ru_emulator.dir/pdsch.cpp.o cuPHY-CP/ru-emulator/ru_emulator/CMakeFiles/ru_emulator.dir/pbch.cpp.o cuPHY-CP/ru-emulator/ru_emulator/CMakeFiles/ru_emulator.dir/pdcch.cpp.o cuPHY-CP/ru-emulator/ru_emulator/CMakeFiles/ru_emulator.dir/csirs.cpp.o cuPHY-CP/ru-emulator/ru_emulator/CMakeFiles/ru_emulator.dir/packet_timings.cpp.o cuPHY-CP/ru-emulator/ru_emulator/CMakeFiles/ru_emulator.dir/standalone.cpp.o cuPHY-CP/ru-emulator/ru_emulator/CMakeFiles/ru_emulator.dir/timing_utils.cpp.o -o cuPHY-CP/ru-emulator/ru_emulator/ru_emulator  -Wl,-rpath,/usr/local/cuda-12.9/targets/x86_64-linux/lib:/opt/nvidia/cuBB/build.x86_64/cuPHY-CP/aerial-fh-driver:/opt/nvidia/cuBB/build.x86_64/cuPHY-CP/cuphyoam:/opt/nvidia/cuBB/build.x86_64/cuPHY-CP/app_config:/usr/lib/x86_64-linux-gnu/hdf5/serial:/usr/local/lib:/opt/nvidia/cuBB/build.x86_64/cuPHY-CP/gt_common_libs/nvIPC:/opt/nvidia/cuBB/build.x86_64/cuPHY-CP/gt_common_libs/aerial_metrics/src:/opt/nvidia/cuBB/build.x86_64/cuPHY/nvlog  /usr/local/cuda-12.9/targets/x86_64-linux/lib/libcudart.so  /usr/lib/x86_64-linux-gnu/libcuda.so  -lyaml  cuPHY-CP/aerial-fh-driver/libaerial-fh.so  cuPHY-CP/cuphyoam/libcuphyoamlib.so  cuPHY-CP/app_config/libapp_config.so  cuPHY-CP/gt_common_libs/perf_metrics/libperf_metrics.a  /usr/lib/x86_64-linux-gnu/hdf5/serial/libhdf5.so  /usr/local/lib/libcrypto.so  /usr/lib/x86_64-linux-gnu/libcurl.so  /usr/lib/x86_64-linux-gnu/libpthread.a  /usr/lib/x86_64-linux-gnu/libsz.so  /usr/local/lib/libz.so  /usr/lib/x86_64-linux-gnu/libdl.a  -lm  -Wl,--no-as-needed  /usr/local/cuda-12.9/targets/x86_64-linux/lib/libcudart.so  cuPHY-CP/gt_common_libs/nvIPC/libnvipc.so  /usr/local/lib/libyang.so  /usr/local/lib/libyang-cpp.so  cuPHY-CP/gt_common_libs/aerial_metrics/src/libaerial_metrics.so  /usr/local/lib/libprometheus-cpp-pull.so.1.3.0  /usr/local/lib/libprometheus-cpp-core.so.1.3.0  cuPHY/nvlog/libnvlog.so  -lyaml  -lrt  -pthread  -lyaml-cpp  -lfmtlog-shared  /usr/local/lib/libfmt.so.10.2.1  -Wl,-rpath-link,/usr/local/lib && :
/usr/bin/ld: cuPHY-CP/aerial-fh-driver/libaerial-fh.so: undefined reference to `cuMemcpyBatchAsync'
collect2: error: ld returned 1 exit status
[874/998] Linking CXX executable cuPHY-CP/ru-emulator/ru_emulator/ru_debug
FAILED: cuPHY-CP/ru-emulator/ru_emulator/ru_debug 
: && /usr/local/gnu/bin/x86_64-linux-gnu-g++ -D_GNU_SOURCE     -Werror=return-type -DALLOW_EXPERIMENTAL_API  -mcmodel=medium -O3 -DNDEBUG  cuPHY-CP/ru-emulator/ru_emulator/CMakeFiles/ru_debug.dir/main.cpp.o cuPHY-CP/ru-emulator/ru_emulator/CMakeFiles/ru_debug.dir/ru_emulator.cpp.o cuPHY-CP/ru-emulator/ru_emulator/CMakeFiles/ru_debug.dir/utils.cpp.o cuPHY-CP/ru-emulator/ru_emulator/CMakeFiles/ru_debug.dir/config_parser.cpp.o cuPHY-CP/ru-emulator/ru_emulator/CMakeFiles/ru_debug.dir/fh.cpp.o cuPHY-CP/ru-emulator/ru_emulator/CMakeFiles/ru_debug.dir/oran.cpp.o cuPHY-CP/ru-emulator/ru_emulator/CMakeFiles/ru_debug.dir/tv_parser.cpp.o cuPHY-CP/ru-emulator/ru_emulator/CMakeFiles/ru_debug.dir/cplane_rx_cores.cpp.o cuPHY-CP/ru-emulator/ru_emulator/CMakeFiles/ru_debug.dir/uplane_rx_cores.cpp.o cuPHY-CP/ru-emulator/ru_emulator/CMakeFiles/ru_debug.dir/setup.cpp.o cuPHY-CP/ru-emulator/ru_emulator/CMakeFiles/ru_debug.dir/pdsch.cpp.o cuPHY-CP/ru-emulator/ru_emulator/CMakeFiles/ru_debug.dir/pbch.cpp.o cuPHY-CP/ru-emulator/ru_emulator/CMakeFiles/ru_debug.dir/pdcch.cpp.o cuPHY-CP/ru-emulator/ru_emulator/CMakeFiles/ru_debug.dir/csirs.cpp.o cuPHY-CP/ru-emulator/ru_emulator/CMakeFiles/ru_debug.dir/packet_timings.cpp.o cuPHY-CP/ru-emulator/ru_emulator/CMakeFiles/ru_debug.dir/standalone.cpp.o cuPHY-CP/ru-emulator/ru_emulator/CMakeFiles/ru_debug.dir/timing_utils.cpp.o -o cuPHY-CP/ru-emulator/ru_emulator/ru_debug  -Wl,-rpath,/usr/local/cuda-12.9/targets/x86_64-linux/lib:/opt/nvidia/cuBB/build.x86_64/cuPHY-CP/aerial-fh-driver:/opt/nvidia/cuBB/build.x86_64/cuPHY-CP/cuphyoam:/opt/nvidia/cuBB/build.x86_64/cuPHY-CP/app_config:/usr/lib/x86_64-linux-gnu/hdf5/serial:/usr/local/lib:/opt/nvidia/cuBB/build.x86_64/cuPHY-CP/gt_common_libs/nvIPC:/opt/nvidia/cuBB/build.x86_64/cuPHY-CP/gt_common_libs/aerial_metrics/src:/opt/nvidia/cuBB/build.x86_64/cuPHY/nvlog  /usr/local/cuda-12.9/targets/x86_64-linux/lib/libcudart.so  /usr/lib/x86_64-linux-gnu/libcuda.so  -lyaml  cuPHY-CP/aerial-fh-driver/libaerial-fh.so  cuPHY-CP/cuphyoam/libcuphyoamlib.so  cuPHY-CP/app_config/libapp_config.so  cuPHY-CP/gt_common_libs/perf_metrics/libperf_metrics.a  /usr/lib/x86_64-linux-gnu/hdf5/serial/libhdf5.so  /usr/local/lib/libcrypto.so  /usr/lib/x86_64-linux-gnu/libcurl.so  /usr/lib/x86_64-linux-gnu/libpthread.a  /usr/lib/x86_64-linux-gnu/libsz.so  /usr/local/lib/libz.so  /usr/lib/x86_64-linux-gnu/libdl.a  -lm  -Wl,--no-as-needed  /usr/local/cuda-12.9/targets/x86_64-linux/lib/libcudart.so  cuPHY-CP/gt_common_libs/nvIPC/libnvipc.so  /usr/local/lib/libyang.so  /usr/local/lib/libyang-cpp.so  cuPHY-CP/gt_common_libs/aerial_metrics/src/libaerial_metrics.so  /usr/local/lib/libprometheus-cpp-pull.so.1.3.0  /usr/local/lib/libprometheus-cpp-core.so.1.3.0  cuPHY/nvlog/libnvlog.so  -lyaml  -lrt  -pthread  -lyaml-cpp  -lfmtlog-shared  /usr/local/lib/libfmt.so.10.2.1  -Wl,-rpath-link,/usr/local/lib && :
/usr/bin/ld: cuPHY-CP/aerial-fh-driver/libaerial-fh.so: undefined reference to `cuMemcpyBatchAsync'
collect2: error: ld returned 1 exit status
[875/998] Linking CXX executable cuPHY-CP/ru-emulator/tests/ru_emulator_test
FAILED: cuPHY-CP/ru-emulator/tests/ru_emulator_test 
: && /usr/local/gnu/bin/x86_64-linux-gnu-g++ -D_GNU_SOURCE     -Werror=return-type -DALLOW_EXPERIMENTAL_API  -mcmodel=medium -O3 -DNDEBUG  cuPHY-CP/ru-emulator/tests/CMakeFiles/ru_emulator_test.dir/ru_emulator_test.cpp.o cuPHY-CP/ru-emulator/tests/CMakeFiles/ru_emulator_test.dir/__/ru_emulator/utils.cpp.o cuPHY-CP/ru-emulator/tests/CMakeFiles/ru_emulator_test.dir/__/ru_emulator/timing_utils.cpp.o -o cuPHY-CP/ru-emulator/tests/ru_emulator_test  -Wl,-rpath,/usr/local/cuda-12.9/targets/x86_64-linux/lib:/opt/nvidia/cuBB/build.x86_64/cuPHY-CP/aerial-fh-driver:/opt/nvidia/cuBB/build.x86_64/cuPHY-CP/cuphyoam:/opt/nvidia/cuBB/build.x86_64/cuPHY-CP/app_config:/usr/lib/x86_64-linux-gnu/hdf5/serial:/usr/local/lib:/opt/nvidia/cuBB/build.x86_64/cuPHY-CP/gt_common_libs/nvIPC:/opt/nvidia/cuBB/build.x86_64/cuPHY-CP/gt_common_libs/aerial_metrics/src:/opt/nvidia/cuBB/build.x86_64/cuPHY/nvlog  /usr/local/cuda-12.9/targets/x86_64-linux/lib/libcudart.so  /usr/lib/x86_64-linux-gnu/libcuda.so  -lyaml  cuPHY-CP/aerial-fh-driver/libaerial-fh.so  cuPHY-CP/cuphyoam/libcuphyoamlib.so  cuPHY-CP/app_config/libapp_config.so  cuPHY-CP/gt_common_libs/perf_metrics/libperf_metrics.a  /usr/lib/x86_64-linux-gnu/hdf5/serial/libhdf5.so  /usr/local/lib/libcrypto.so  /usr/lib/x86_64-linux-gnu/libcurl.so  /usr/lib/x86_64-linux-gnu/libpthread.a  /usr/lib/x86_64-linux-gnu/libsz.so  /usr/local/lib/libz.so  /usr/lib/x86_64-linux-gnu/libdl.a  -lm  -Wl,--no-as-needed  /usr/local/lib/libgtest.a  /usr/local/lib/libgtest_main.a  /usr/local/cuda-12.9/targets/x86_64-linux/lib/libcudart.so  cuPHY-CP/gt_common_libs/nvIPC/libnvipc.so  /usr/local/lib/libyang.so  /usr/local/lib/libyang-cpp.so  cuPHY-CP/gt_common_libs/aerial_metrics/src/libaerial_metrics.so  /usr/local/lib/libprometheus-cpp-pull.so.1.3.0  /usr/local/lib/libprometheus-cpp-core.so.1.3.0  cuPHY/nvlog/libnvlog.so  -lyaml  -lrt  -pthread  -lyaml-cpp  -lfmtlog-shared  /usr/local/lib/libfmt.so.10.2.1  /usr/local/lib/libgtest.a  -Wl,-rpath-link,/usr/local/lib && :
/usr/bin/ld: cuPHY-CP/aerial-fh-driver/libaerial-fh.so: undefined reference to `cuMemcpyBatchAsync'
collect2: error: ld returned 1 exit status
[876/998] Building CXX object cuPHY-CP/tests/dlc_test_bench/CMakeFiles/dlc_test_bench.dir/__/__/ru-emulator/ru_emulator/config_parser.cpp.o
[877/998] Building CXX object cuPHY-CP/tests/dlc_test_bench/CMakeFiles/dlc_test_bench.dir/__/__/testMAC/testMAC/scf_fapi_handler.cpp.o
[878/998] Building CXX object cuPHY-CP/tests/dlc_test_bench/CMakeFiles/dlc_test_bench.dir/__/__/ru-emulator/ru_emulator/tv_parser.cpp.o
[879/998] Building CXX object cuPHY-CP/testMAC/testMAC/CMakeFiles/test_mac.dir/launch_pattern.cpp.o
[880/998] Building CXX object cuPHY-CP/tests/CMakeFiles/test_cuphycp.dir/__/testMAC/testMAC/launch_pattern.cpp.o
[881/998] Building CUDA object cuPHY/src/cuphy/CMakeFiles/cuphy.dir/ch_est/ch_est.cu.o
[882/998] Building CUDA object cuPHY-CP/cuphydriver/src/CMakeFiles/cuphydriver.dir/common/generic_cuda_kernels.cu.o
[883/998] Building CXX object cuPHY-CP/tests/dlc_test_bench/CMakeFiles/dlc_test_bench.dir/dlc_test_bench.cpp.o
[884/998] Building CXX object cuPHY-CP/cuphydriver/src/CMakeFiles/cuphydriver.dir/common/context.cpp.o
[885/998] Building CXX object cuPHY-CP/cuphydriver/src/CMakeFiles/cuphydriver.dir/common/cuphydriver_api.cpp.o
[886/998] Building CXX object cuPHY-CP/tests/dlc_test_bench/CMakeFiles/dlc_test_bench.dir/__/__/testMAC/testMAC/launch_pattern.cpp.o
[887/998] Building CXX object cuPHY-CP/scfl2adapter/lib/scf_5g_fapi/CMakeFiles/scf_5g_fapi.dir/scf_5g_fapi_phy.cpp.o
[888/998] Building CXX object cuPHY-CP/tests/dlc_test_bench/CMakeFiles/dlc_test_bench.dir/sendCplaneUnitTest.cpp.o
[889/998] Building CUDA object cuPHY/src/cuphy/CMakeFiles/cuphy.dir/channel_eq/channel_eq.cu.o
[890/998] Building CUDA object cuPHY-CP/cuphydriver/src/CMakeFiles/cuphydriver.dir/uplink/order_cuda_kernels.cu.o
[891/998] Building CUDA object cuPHY/test/dl_rate_matching/CMakeFiles/testDlRateMatching.dir/__/__/src/cuphy/dl_rate_matching/dl_rate_matching.cu.o
[892/998] Building CUDA object cuPHY/src/cuphy/CMakeFiles/cuphy.dir/cfo_ta_est/cfo_ta_est.cu.o
ninja: build stopped: subcommand failed.
Error: Build failed.
