Start (ns),Duration (ns),CorrId,GrdX,GrdY,GrdZ,BlkX,BlkY,BlkZ,Reg/Trd,StcSMem (MB),DymSMem (MB),Bytes (MB),Throughput (MB/s),SrcMemKd,DstMemKd,Device,Ctx,GreenCtx,Strm,Name
1084095573,62976,668,,,,,,,,,,1.468,23304.783,Pinned,Device,NVIDIA A100-SXM4-40GB (0),1,,7,[CUDA memcpy Host-to-Device]
1217795393,1312,1219,,,,,,,,,,0.000,42.683,Pageable,Device,NVIDIA A100-SXM4-40GB (0),1,,7,[CUDA memcpy Host-to-Device]
1334506563,4544,1828,,,,,,,,,,0.028,6211.256,Pinned,Device,NVIDIA A100-SXM4-40GB (0),1,,7,[CUDA memcpy Host-to-Device]
1334588418,1952,1833,,,,,,,,,,0.007,3688.524,Pinned,Device,NVIDIA A100-SXM4-40GB (0),1,,7,[CUDA memcpy Host-to-Device]
1334616802,1472,1838,,,,,,,,,,0.008,5429.341,Pinned,Device,NVIDIA A100-SXM4-40GB (0),1,,7,[CUDA memcpy Host-to-Device]
1334690401,5056,1843,1,1,1,32,32,1,30,0.000,0.000,,,,,NVIDIA A100-SXM4-40GB (0),1,,7,"void convert_kernel<__half2, float2>(tensor_layout_any, T1 *, tensor_layout_any, const T2 *)"
1334719713,6783,1849,1,1,1,32,32,1,30,0.000,0.000,,,,,NVIDIA A100-SXM4-40GB (0),1,,7,"void convert_kernel<__half2, float2>(tensor_layout_any, T1 *, tensor_layout_any, const T2 *)"
1334750560,3712,1855,1,1,1,32,32,1,30,0.000,0.000,,,,,NVIDIA A100-SXM4-40GB (0),1,,7,"void convert_kernel<__half2, float2>(tensor_layout_any, T1 *, tensor_layout_any, const T2 *)"
1334774944,4576,1861,1,1,1,32,32,1,30,0.000,0.000,,,,,NVIDIA A100-SXM4-40GB (0),1,,7,"void convert_kernel<__half2, float2>(tensor_layout_any, T1 *, tensor_layout_any, const T2 *)"
1335000125,3104,1867,,,,,,,,,,0.028,9092.757,Pinned,Device,NVIDIA A100-SXM4-40GB (0),1,,13,[CUDA memcpy Host-to-Device]
1335036957,1408,1873,,,,,,,,,,0.007,5113.634,Pinned,Device,NVIDIA A100-SXM4-40GB (0),1,,13,[CUDA memcpy Host-to-Device]
1335063196,1824,1879,,,,,,,,,,0.008,4381.574,Pinned,Device,NVIDIA A100-SXM4-40GB (0),1,,13,[CUDA memcpy Host-to-Device]
1335093180,4928,1885,1,1,1,32,32,1,30,0.000,0.000,,,,,NVIDIA A100-SXM4-40GB (0),1,,13,"void convert_kernel<__half2, float2>(tensor_layout_any, T1 *, tensor_layout_any, const T2 *)"
1335123483,4128,1892,1,1,1,32,32,1,30,0.000,0.000,,,,,NVIDIA A100-SXM4-40GB (0),1,,13,"void convert_kernel<__half2, float2>(tensor_layout_any, T1 *, tensor_layout_any, const T2 *)"
1335150619,6176,1899,1,1,1,32,32,1,30,0.000,0.000,,,,,NVIDIA A100-SXM4-40GB (0),1,,13,"void convert_kernel<__half2, float2>(tensor_layout_any, T1 *, tensor_layout_any, const T2 *)"
1335179483,4576,1906,1,1,1,32,32,1,30,0.000,0.000,,,,,NVIDIA A100-SXM4-40GB (0),1,,13,"void convert_kernel<__half2, float2>(tensor_layout_any, T1 *, tensor_layout_any, const T2 *)"
1335633301,1760,1917,,,,,,,,,,0.028,16036.341,Device,Device,NVIDIA A100-SXM4-40GB (0),1,,13,[CUDA memcpy Device-to-Device]
1335643637,1312,1919,,,,,,,,,,0.007,5487.804,Device,Device,NVIDIA A100-SXM4-40GB (0),1,,13,[CUDA memcpy Device-to-Device]
1335651765,1344,1921,,,,,,,,,,0.008,5946.424,Device,Device,NVIDIA A100-SXM4-40GB (0),1,,13,[CUDA memcpy Device-to-Device]
1335662869,1344,1923,,,,,,,,,,0.000,142.857,Device,Device,NVIDIA A100-SXM4-40GB (0),1,,13,[CUDA memcpy Device-to-Device]
1335670933,1344,1925,,,,,,,,,,0.000,71.429,Device,Device,NVIDIA A100-SXM4-40GB (0),1,,13,[CUDA memcpy Device-to-Device]
1335678229,1343,1927,,,,,,,,,,0.000,288.905,Device,Device,NVIDIA A100-SXM4-40GB (0),1,,13,[CUDA memcpy Device-to-Device]
1335687636,1312,1929,,,,,,,,,,0.000,149.390,Device,Device,NVIDIA A100-SXM4-40GB (0),1,,13,[CUDA memcpy Device-to-Device]
1335705940,7488,1930,,,,,,,,,,0.135,18047.007,Pinned,Device,NVIDIA A100-SXM4-40GB (0),1,,13,[CUDA memcpy Host-to-Device]
1405032363,1056,1940,,,,,,,,,,0.000,53.030,Pageable,Device,NVIDIA A100-SXM4-40GB (0),1,,7,[CUDA memcpy Host-to-Device]
1405064491,3807,1946,,,,,,,,,,0.028,7413.711,Pinned,Device,NVIDIA A100-SXM4-40GB (0),1,,7,[CUDA memcpy Host-to-Device]
1405096970,1440,1951,,,,,,,,,,0.007,4999.997,Pinned,Device,NVIDIA A100-SXM4-40GB (0),1,,7,[CUDA memcpy Host-to-Device]
1405119562,1472,1956,,,,,,,,,,0.008,5429.341,Pinned,Device,NVIDIA A100-SXM4-40GB (0),1,,7,[CUDA memcpy Host-to-Device]
1405148361,4576,1961,1,1,1,32,32,1,30,0.000,0.000,,,,,NVIDIA A100-SXM4-40GB (0),1,,7,"void convert_kernel<__half2, float2>(tensor_layout_any, T1 *, tensor_layout_any, const T2 *)"
1405174633,6400,1967,1,1,1,32,32,1,30,0.000,0.000,,,,,NVIDIA A100-SXM4-40GB (0),1,,7,"void convert_kernel<__half2, float2>(tensor_layout_any, T1 *, tensor_layout_any, const T2 *)"
1405201833,3840,1973,1,1,1,32,32,1,30,0.000,0.000,,,,,NVIDIA A100-SXM4-40GB (0),1,,7,"void convert_kernel<__half2, float2>(tensor_layout_any, T1 *, tensor_layout_any, const T2 *)"
1405225865,4511,1979,1,1,1,32,32,1,30,0.000,0.000,,,,,NVIDIA A100-SXM4-40GB (0),1,,7,"void convert_kernel<__half2, float2>(tensor_layout_any, T1 *, tensor_layout_any, const T2 *)"
1406808885,3392,1994,,,,,,,,,,0.000,75.472,Pageable,Array,NVIDIA A100-SXM4-40GB (0),1,,7,[CUDA memcpy Host-to-Array]
1406814836,2176,1997,,,,,,,,,,0.000,58.823,Pageable,Array,NVIDIA A100-SXM4-40GB (0),1,,7,[CUDA memcpy Host-to-Array]
1406819476,1824,2000,,,,,,,,,,0.000,35.088,Pageable,Array,NVIDIA A100-SXM4-40GB (0),1,,7,[CUDA memcpy Host-to-Array]
1406824372,1824,2003,,,,,,,,,,0.000,17.544,Pageable,Array,NVIDIA A100-SXM4-40GB (0),1,,7,[CUDA memcpy Host-to-Array]
1406881332,1312,2008,,,,,,,,,,0.000,85.366,Pinned,Device,NVIDIA A100-SXM4-40GB (0),1,,13,[CUDA memcpy Host-to-Device]
1471530245,1056,2018,,,,,,,,,,0.000,53.030,Pageable,Device,NVIDIA A100-SXM4-40GB (0),1,,7,[CUDA memcpy Host-to-Device]
1471555237,4096,2024,,,,,,,,,,0.028,6890.607,Pinned,Device,NVIDIA A100-SXM4-40GB (0),1,,7,[CUDA memcpy Host-to-Device]
1471587077,1408,2029,,,,,,,,,,0.007,5113.634,Pinned,Device,NVIDIA A100-SXM4-40GB (0),1,,7,[CUDA memcpy Host-to-Device]
1471609124,1440,2034,,,,,,,,,,0.008,5549.996,Pinned,Device,NVIDIA A100-SXM4-40GB (0),1,,7,[CUDA memcpy Host-to-Device]
1471638596,4768,2039,1,1,1,32,32,1,30,0.000,0.000,,,,,NVIDIA A100-SXM4-40GB (0),1,,7,"void convert_kernel<__half2, float2>(tensor_layout_any, T1 *, tensor_layout_any, const T2 *)"
1471666020,6208,2045,1,1,1,32,32,1,30,0.000,0.000,,,,,NVIDIA A100-SXM4-40GB (0),1,,7,"void convert_kernel<__half2, float2>(tensor_layout_any, T1 *, tensor_layout_any, const T2 *)"
1471693667,3744,2051,1,1,1,32,32,1,30,0.000,0.000,,,,,NVIDIA A100-SXM4-40GB (0),1,,7,"void convert_kernel<__half2, float2>(tensor_layout_any, T1 *, tensor_layout_any, const T2 *)"
1471717891,4608,2057,1,1,1,32,32,1,30,0.000,0.000,,,,,NVIDIA A100-SXM4-40GB (0),1,,7,"void convert_kernel<__half2, float2>(tensor_layout_any, T1 *, tensor_layout_any, const T2 *)"
1475777872,3520,2081,,,,,,,,,,0.000,72.727,Pageable,Array,NVIDIA A100-SXM4-40GB (0),1,,7,[CUDA memcpy Host-to-Array]
1475784496,2208,2084,,,,,,,,,,0.000,57.971,Pageable,Array,NVIDIA A100-SXM4-40GB (0),1,,7,[CUDA memcpy Host-to-Array]
1475789904,2048,2087,,,,,,,,,,0.000,31.250,Pageable,Array,NVIDIA A100-SXM4-40GB (0),1,,7,[CUDA memcpy Host-to-Array]
1475794608,1856,2090,,,,,,,,,,0.000,17.241,Pageable,Array,NVIDIA A100-SXM4-40GB (0),1,,7,[CUDA memcpy Host-to-Array]
1594084990,13088,2179,1434,1,1,128,1,1,16,0.000,0.000,,,,,NVIDIA A100-SXM4-40GB (0),1,,13,cupy_copy__complex64_complex64
1594412314,78655,2184,1,1,1,32,32,1,30,0.000,0.000,,,,,NVIDIA A100-SXM4-40GB (0),1,,13,"void convert_kernel<__half2, float2>(tensor_layout_any, T1 *, tensor_layout_any, const T2 *)"
1594495481,4671,2186,,,,,,,,,,0.061,13153.444,Pinned,Device,NVIDIA A100-SXM4-40GB (0),1,,13,[CUDA memcpy Host-to-Device]
1594506008,589561,2187,,,,,,,,,,456.520,774258.734,Device,,NVIDIA A100-SXM4-40GB (0),1,,13,[CUDA memset]
1595101937,33727,2192,,,,,,,,,,0.825,24470.624,Pinned,Device,NVIDIA A100-SXM4-40GB (0),1,,13,[CUDA memcpy Host-to-Device]
1595138448,7424,2193,,,,,,,,,,0.131,17655.136,Pinned,Device,NVIDIA A100-SXM4-40GB (0),1,,13,[CUDA memcpy Host-to-Device]
1595151152,7680,2194,69,4,1,48,1,1,76,0.002,0.000,,,,,NVIDIA A100-SXM4-40GB (0),1,,13,"void ch_est::windowedChEstPreNoDftSOfdmKernel<float, __half, float, (unsigned int)2, (unsigned int)1, (unsigned short)4>(ch_est::puschRxChEstStatDescr_t *, ch_est::puschRxChEstDynDescr_t *)"
1595159920,6208,2195,137,2,1,24,2,1,44,0.001,0.001,,,,,NVIDIA A100-SXM4-40GB (0),1,,13,"void ch_est::chEstFilterNoDftSOfdmDispatchKernel<float, __half, float, (unsigned int)2>(ch_est::puschRxChEstStatDescr_t *, ch_est::puschRxChEstDynDescr_t *)"
1595167312,4576,2196,137,2,1,24,2,1,44,0.001,0.001,,,,,NVIDIA A100-SXM4-40GB (0),1,,13,"void ch_est::chEstFilterNoDftSOfdmDispatchKernel<float, __half, float, (unsigned int)2>(ch_est::puschRxChEstStatDescr_t *, ch_est::puschRxChEstDynDescr_t *)"
1670188703,2144,2213,103,1,1,128,1,1,16,0.000,0.000,,,,,NVIDIA A100-SXM4-40GB (0),1,,13,cupy_copy__complex64_complex64
1670608570,12704,2225,1434,1,1,128,1,1,16,0.000,0.000,,,,,NVIDIA A100-SXM4-40GB (0),1,,13,cupy_copy__complex64_complex64
1670651545,2112,2232,103,1,1,128,1,1,16,0.000,0.000,,,,,NVIDIA A100-SXM4-40GB (0),1,,13,cupy_copy__complex64_complex64
1671032276,78528,2239,1,1,1,32,32,1,30,0.000,0.000,,,,,NVIDIA A100-SXM4-40GB (0),1,,13,"void convert_kernel<__half2, float2>(tensor_layout_any, T1 *, tensor_layout_any, const T2 *)"
1671113267,4864,2241,,,,,,,,,,0.061,12631.572,Pinned,Device,NVIDIA A100-SXM4-40GB (0),1,,13,[CUDA memcpy Host-to-Device]
1671126259,45408,2242,,,,,,,,,,35.801,788408.741,Device,,NVIDIA A100-SXM4-40GB (0),1,,13,[CUDA memset]
1671175667,1984,2244,,,,,,,,,,0.000,40.323,Pinned,Device,NVIDIA A100-SXM4-40GB (0),1,,13,[CUDA memcpy Host-to-Device]
1671179795,7360,2245,,,,,,,,,,0.131,17808.622,Pinned,Device,NVIDIA A100-SXM4-40GB (0),1,,13,[CUDA memcpy Host-to-Device]
1671193458,8608,2246,273,1,1,48,1,1,40,0.000,0.001,,,,,NVIDIA A100-SXM4-40GB (0),1,,13,"void pusch_noise_intf_est::noiseIntfEstNoDftSOfdmKernel<float, __half, float, float, (unsigned int)2, (unsigned int)1, (unsigned char)4, (unsigned char)4>(pusch_noise_intf_est::puschRxNoiseIntfEstDynDescr)"
1671212594,2624,2257,35,1,1,128,1,1,16,0.000,0.000,,,,,NVIDIA A100-SXM4-40GB (0),1,,13,cupy_copy__complex64_complex64
1741439518,1504,2272,1,1,1,1,1,1,18,0.000,0.000,,,,,NVIDIA A100-SXM4-40GB (0),1,,13,cupy_copy__float32_float32
1741576732,2496,2278,,,,,,,,,,0.000,1.603,Device,Pageable,NVIDIA A100-SXM4-40GB (0),1,,7,[CUDA memcpy Device-to-Host]
1741732538,13248,2289,1434,1,1,128,1,1,16,0.000,0.000,,,,,NVIDIA A100-SXM4-40GB (0),1,,13,cupy_copy__complex64_complex64
1741767770,2400,2296,103,1,1,128,1,1,16,0.000,0.000,,,,,NVIDIA A100-SXM4-40GB (0),1,,13,cupy_copy__complex64_complex64
1741797753,1984,2303,35,1,1,128,1,1,16,0.000,0.000,,,,,NVIDIA A100-SXM4-40GB (0),1,,13,cupy_copy__complex64_complex64
1741819737,1472,2310,1,1,1,1,1,1,18,0.000,0.000,,,,,NVIDIA A100-SXM4-40GB (0),1,,13,cupy_copy__float32_float32
1742043606,78687,2321,1,1,1,32,32,1,30,0.000,0.000,,,,,NVIDIA A100-SXM4-40GB (0),1,,13,"void convert_kernel<__half2, float2>(tensor_layout_any, T1 *, tensor_layout_any, const T2 *)"
1742126197,4352,2323,,,,,,,,,,0.061,14117.622,Pinned,Device,NVIDIA A100-SXM4-40GB (0),1,,13,[CUDA memcpy Host-to-Device]
1742135669,3136,2324,,,,,,,,,,1.547,493182.821,Device,,NVIDIA A100-SXM4-40GB (0),1,,13,[CUDA memset]
1742145141,2688,2329,,,,,,,,,,0.021,7833.316,Pinned,Device,NVIDIA A100-SXM4-40GB (0),1,,13,[CUDA memcpy Host-to-Device]
1742150293,6784,2330,,,,,,,,,,0.131,19320.668,Pinned,Device,NVIDIA A100-SXM4-40GB (0),1,,13,[CUDA memcpy Host-to-Device]
1742166389,5919,2331,273,1,1,8,4,1,39,0.002,0.000,,,,,NVIDIA A100-SXM4-40GB (0),1,,13,"void channel_eq::eqMmseCoefCompLowMimoKernel<float, float, float, (unsigned int)4, (unsigned int)1, (unsigned int)4>(const channel_eq::_puschRxChEqStatDescr *, channel_eq::_puschRxChEqCoefCompDynDescr)"
1742173588,4832,2332,273,1,1,12,11,1,40,0.002,0.000,,,,,NVIDIA A100-SXM4-40GB (0),1,,13,"void channel_eq::eqMmseSoftDemapKernel<float, __half, __half, float, (unsigned int)4, (unsigned short)16383>(channel_eq::_puschRxChEqStatDescr *, channel_eq::_puschRxChEqSoftDemapDynDescr)"
1742179444,281181,2333,1,1,1,32,32,1,30,0.000,0.000,,,,,NVIDIA A100-SXM4-40GB (0),1,,13,"void convert_kernel<float2, __half2>(tensor_layout_any, T1 *, tensor_layout_any, const T2 *)"
1818929454,10208,2351,2253,1,1,128,1,1,16,0.000,0.000,,,,,NVIDIA A100-SXM4-40GB (0),1,,13,cupy_copy__float16_float16
1819045932,2432,2360,282,1,1,128,1,1,16,0.000,0.000,,,,,NVIDIA A100-SXM4-40GB (0),1,,13,cupy_copy__complex64_complex64
1893860574,1792,2375,26,1,1,128,1,1,16,0.000,0.000,,,,,NVIDIA A100-SXM4-40GB (0),1,,13,cupy_copy__float32_float32
1893989404,2592,2384,103,1,1,128,1,1,16,0.000,0.000,,,,,NVIDIA A100-SXM4-40GB (0),1,,13,cupy_copy__complex64_complex64
1894101083,11136,2394,1434,1,1,128,1,1,16,0.000,0.000,,,,,NVIDIA A100-SXM4-40GB (0),1,,13,cupy_copy__complex64_complex64
1894653780,78751,2399,1,1,1,32,32,1,30,0.000,0.000,,,,,NVIDIA A100-SXM4-40GB (0),1,,13,"void convert_kernel<__half2, float2>(tensor_layout_any, T1 *, tensor_layout_any, const T2 *)"
1894794802,4576,2402,,,,,,,,,,0.061,13426.545,Pinned,Device,NVIDIA A100-SXM4-40GB (0),1,,13,[CUDA memcpy Host-to-Device]
1894814546,588952,2403,,,,,,,,,,456.520,774715.255,Device,,NVIDIA A100-SXM4-40GB (0),1,,13,[CUDA memset]
1895404618,32704,2408,,,,,,,,,,0.825,25236.543,Pinned,Device,NVIDIA A100-SXM4-40GB (0),1,,13,[CUDA memcpy Host-to-Device]
1895439466,6752,2409,,,,,,,,,,0.131,19412.287,Pinned,Device,NVIDIA A100-SXM4-40GB (0),1,,13,[CUDA memcpy Host-to-Device]
1895450698,7104,2410,69,4,1,48,1,1,76,0.002,0.000,,,,,NVIDIA A100-SXM4-40GB (0),1,,13,"void ch_est::windowedChEstPreNoDftSOfdmKernel<float, __half, float, (unsigned int)2, (unsigned int)1, (unsigned short)4>(ch_est::puschRxChEstStatDescr_t *, ch_est::puschRxChEstDynDescr_t *)"
1895459050,6016,2411,137,2,1,24,2,1,44,0.001,0.001,,,,,NVIDIA A100-SXM4-40GB (0),1,,13,"void ch_est::chEstFilterNoDftSOfdmDispatchKernel<float, __half, float, (unsigned int)2>(ch_est::puschRxChEstStatDescr_t *, ch_est::puschRxChEstDynDescr_t *)"
1895466122,4544,2412,137,2,1,24,2,1,44,0.001,0.001,,,,,NVIDIA A100-SXM4-40GB (0),1,,13,"void ch_est::chEstFilterNoDftSOfdmDispatchKernel<float, __half, float, (unsigned int)2>(ch_est::puschRxChEstStatDescr_t *, ch_est::puschRxChEstDynDescr_t *)"
1895471978,2176,2423,103,1,1,128,1,1,16,0.000,0.000,,,,,NVIDIA A100-SXM4-40GB (0),1,,13,cupy_copy__complex64_complex64
1895475369,12608,2433,1434,1,1,128,1,1,16,0.000,0.000,,,,,NVIDIA A100-SXM4-40GB (0),1,,13,cupy_copy__complex64_complex64
1895489001,2112,2440,103,1,1,128,1,1,16,0.000,0.000,,,,,NVIDIA A100-SXM4-40GB (0),1,,13,cupy_copy__complex64_complex64
1895492201,78143,2447,1,1,1,32,32,1,30,0.000,0.000,,,,,NVIDIA A100-SXM4-40GB (0),1,,13,"void convert_kernel<__half2, float2>(tensor_layout_any, T1 *, tensor_layout_any, const T2 *)"
1895603080,4160,2450,,,,,,,,,,0.061,14769.193,Pinned,Device,NVIDIA A100-SXM4-40GB (0),1,,13,[CUDA memcpy Host-to-Device]
1895618664,44511,2451,,,,,,,,,,35.801,804304.367,Device,,NVIDIA A100-SXM4-40GB (0),1,,13,[CUDA memset]
1895664679,2080,2453,,,,,,,,,,0.000,38.462,Pinned,Device,NVIDIA A100-SXM4-40GB (0),1,,13,[CUDA memcpy Host-to-Device]
1895669255,6912,2454,,,,,,,,,,0.131,18962.842,Pinned,Device,NVIDIA A100-SXM4-40GB (0),1,,13,[CUDA memcpy Host-to-Device]
1895681127,8608,2455,273,1,1,48,1,1,40,0.000,0.001,,,,,NVIDIA A100-SXM4-40GB (0),1,,13,"void pusch_noise_intf_est::noiseIntfEstNoDftSOfdmKernel<float, __half, float, float, (unsigned int)2, (unsigned int)1, (unsigned char)4, (unsigned char)4>(pusch_noise_intf_est::puschRxNoiseIntfEstDynDescr)"
1895704199,2624,2466,35,1,1,128,1,1,16,0.000,0.000,,,,,NVIDIA A100-SXM4-40GB (0),1,,13,cupy_copy__complex64_complex64
1895742726,1536,2475,1,1,1,1,1,1,18,0.000,0.000,,,,,NVIDIA A100-SXM4-40GB (0),1,,13,cupy_copy__float32_float32
1895810597,2240,2481,,,,,,,,,,0.000,1.786,Device,Pageable,NVIDIA A100-SXM4-40GB (0),1,,7,[CUDA memcpy Device-to-Host]
1895902532,13472,2492,1434,1,1,128,1,1,16,0.000,0.000,,,,,NVIDIA A100-SXM4-40GB (0),1,,13,cupy_copy__complex64_complex64
1895934212,2336,2499,103,1,1,128,1,1,16,0.000,0.000,,,,,NVIDIA A100-SXM4-40GB (0),1,,13,cupy_copy__complex64_complex64
1895955555,2048,2506,35,1,1,128,1,1,16,0.000,0.000,,,,,NVIDIA A100-SXM4-40GB (0),1,,13,cupy_copy__complex64_complex64
1895974851,1504,2513,1,1,1,1,1,1,18,0.000,0.000,,,,,NVIDIA A100-SXM4-40GB (0),1,,13,cupy_copy__float32_float32
1896122913,78367,2524,1,1,1,32,32,1,30,0.000,0.000,,,,,NVIDIA A100-SXM4-40GB (0),1,,13,"void convert_kernel<__half2, float2>(tensor_layout_any, T1 *, tensor_layout_any, const T2 *)"
1896232800,4256,2527,,,,,,,,,,0.061,14436.065,Pinned,Device,NVIDIA A100-SXM4-40GB (0),1,,13,[CUDA memcpy Host-to-Device]
1896250464,2560,2528,,,,,,,,,,1.547,604150.000,Device,,NVIDIA A100-SXM4-40GB (0),1,,13,[CUDA memset]
1896263008,2464,2533,,,,,,,,,,0.021,8545.451,Pinned,Device,NVIDIA A100-SXM4-40GB (0),1,,13,[CUDA memcpy Host-to-Device]
1896267456,6847,2534,,,,,,,,,,0.131,19142.935,Pinned,Device,NVIDIA A100-SXM4-40GB (0),1,,13,[CUDA memcpy Host-to-Device]
1896283775,5888,2535,273,1,1,8,4,1,39,0.002,0.000,,,,,NVIDIA A100-SXM4-40GB (0),1,,13,"void channel_eq::eqMmseCoefCompLowMimoKernel<float, float, float, (unsigned int)4, (unsigned int)1, (unsigned int)4>(const channel_eq::_puschRxChEqStatDescr *, channel_eq::_puschRxChEqCoefCompDynDescr)"
1896290847,4896,2536,273,1,1,12,11,1,40,0.002,0.000,,,,,NVIDIA A100-SXM4-40GB (0),1,,13,"void channel_eq::eqMmseSoftDemapKernel<float, __half, __half, float, (unsigned int)4, (unsigned short)16383>(channel_eq::_puschRxChEqStatDescr *, channel_eq::_puschRxChEqSoftDemapDynDescr)"
1896296959,282077,2537,1,1,1,32,32,1,30,0.000,0.000,,,,,NVIDIA A100-SXM4-40GB (0),1,,13,"void convert_kernel<float2, __half2>(tensor_layout_any, T1 *, tensor_layout_any, const T2 *)"
1896580092,10559,2549,2253,1,1,128,1,1,16,0.000,0.000,,,,,NVIDIA A100-SXM4-40GB (0),1,,13,cupy_copy__float16_float16
1896591899,2368,2558,282,1,1,128,1,1,16,0.000,0.000,,,,,NVIDIA A100-SXM4-40GB (0),1,,13,cupy_copy__complex64_complex64
1896595323,1760,2567,26,1,1,128,1,1,16,0.000,0.000,,,,,NVIDIA A100-SXM4-40GB (0),1,,13,cupy_copy__float32_float32
1896598299,2560,2576,103,1,1,128,1,1,16,0.000,0.000,,,,,NVIDIA A100-SXM4-40GB (0),1,,13,cupy_copy__complex64_complex64
1896602139,11328,2586,1434,1,1,128,1,1,16,0.000,0.000,,,,,NVIDIA A100-SXM4-40GB (0),1,,13,cupy_copy__complex64_complex64
1896661755,78367,2591,1,1,1,32,32,1,30,0.000,0.000,,,,,NVIDIA A100-SXM4-40GB (0),1,,13,"void convert_kernel<__half2, float2>(tensor_layout_any, T1 *, tensor_layout_any, const T2 *)"
1896774841,4160,2594,,,,,,,,,,0.061,14769.193,Pinned,Device,NVIDIA A100-SXM4-40GB (0),1,,13,[CUDA memcpy Host-to-Device]
1896793465,588248,2595,,,,,,,,,,456.520,775628.296,Device,,NVIDIA A100-SXM4-40GB (0),1,,13,[CUDA memset]
1897389137,33056,2600,,,,,,,,,,0.825,24967.481,Pinned,Device,NVIDIA A100-SXM4-40GB (0),1,,13,[CUDA memcpy Host-to-Device]
1897424657,6784,2601,,,,,,,,,,0.131,19320.668,Pinned,Device,NVIDIA A100-SXM4-40GB (0),1,,13,[CUDA memcpy Host-to-Device]
1897440753,7104,2602,69,4,1,48,1,1,76,0.002,0.000,,,,,NVIDIA A100-SXM4-40GB (0),1,,13,"void ch_est::windowedChEstPreNoDftSOfdmKernel<float, __half, float, (unsigned int)2, (unsigned int)1, (unsigned short)4>(ch_est::puschRxChEstStatDescr_t *, ch_est::puschRxChEstDynDescr_t *)"
1897449137,6496,2603,137,2,1,24,2,1,44,0.001,0.001,,,,,NVIDIA A100-SXM4-40GB (0),1,,13,"void ch_est::chEstFilterNoDftSOfdmDispatchKernel<float, __half, float, (unsigned int)2>(ch_est::puschRxChEstStatDescr_t *, ch_est::puschRxChEstDynDescr_t *)"
1897456817,4543,2604,137,2,1,24,2,1,44,0.001,0.001,,,,,NVIDIA A100-SXM4-40GB (0),1,,13,"void ch_est::chEstFilterNoDftSOfdmDispatchKernel<float, __half, float, (unsigned int)2>(ch_est::puschRxChEstStatDescr_t *, ch_est::puschRxChEstDynDescr_t *)"
1897462704,2144,2615,103,1,1,128,1,1,16,0.000,0.000,,,,,NVIDIA A100-SXM4-40GB (0),1,,13,cupy_copy__complex64_complex64
1897465872,12704,2625,1434,1,1,128,1,1,16,0.000,0.000,,,,,NVIDIA A100-SXM4-40GB (0),1,,13,cupy_copy__complex64_complex64
1897479664,2144,2632,103,1,1,128,1,1,16,0.000,0.000,,,,,NVIDIA A100-SXM4-40GB (0),1,,13,cupy_copy__complex64_complex64
1897482864,78367,2639,1,1,1,32,32,1,30,0.000,0.000,,,,,NVIDIA A100-SXM4-40GB (0),1,,13,"void convert_kernel<__half2, float2>(tensor_layout_any, T1 *, tensor_layout_any, const T2 *)"
1897592015,4160,2642,,,,,,,,,,0.061,14769.193,Pinned,Device,NVIDIA A100-SXM4-40GB (0),1,,13,[CUDA memcpy Host-to-Device]
1897604591,44959,2643,,,,,,,,,,35.801,796284.952,Device,,NVIDIA A100-SXM4-40GB (0),1,,13,[CUDA memset]
1897657422,1856,2645,,,,,,,,,,0.000,43.103,Pinned,Device,NVIDIA A100-SXM4-40GB (0),1,,13,[CUDA memcpy Host-to-Device]
1897661390,7200,2646,,,,,,,,,,0.131,18204.328,Pinned,Device,NVIDIA A100-SXM4-40GB (0),1,,13,[CUDA memcpy Host-to-Device]
1897672782,8608,2647,273,1,1,48,1,1,40,0.000,0.001,,,,,NVIDIA A100-SXM4-40GB (0),1,,13,"void pusch_noise_intf_est::noiseIntfEstNoDftSOfdmKernel<float, __half, float, float, (unsigned int)2, (unsigned int)1, (unsigned char)4, (unsigned char)4>(pusch_noise_intf_est::puschRxNoiseIntfEstDynDescr)"
1897682574,2592,2658,35,1,1,128,1,1,16,0.000,0.000,,,,,NVIDIA A100-SXM4-40GB (0),1,,13,cupy_copy__complex64_complex64
1897713645,1504,2667,1,1,1,1,1,1,18,0.000,0.000,,,,,NVIDIA A100-SXM4-40GB (0),1,,13,cupy_copy__float32_float32
1897751981,1632,2673,,,,,,,,,,0.000,2.451,Device,Pageable,NVIDIA A100-SXM4-40GB (0),1,,7,[CUDA memcpy Device-to-Host]
1897814828,13056,2684,1434,1,1,128,1,1,16,0.000,0.000,,,,,NVIDIA A100-SXM4-40GB (0),1,,13,cupy_copy__complex64_complex64
1897841676,2368,2691,103,1,1,128,1,1,16,0.000,0.000,,,,,NVIDIA A100-SXM4-40GB (0),1,,13,cupy_copy__complex64_complex64
1897863147,2016,2698,35,1,1,128,1,1,16,0.000,0.000,,,,,NVIDIA A100-SXM4-40GB (0),1,,13,cupy_copy__complex64_complex64
1897881867,1472,2705,1,1,1,1,1,1,18,0.000,0.000,,,,,NVIDIA A100-SXM4-40GB (0),1,,13,cupy_copy__float32_float32
1898019401,78527,2716,1,1,1,32,32,1,30,0.000,0.000,,,,,NVIDIA A100-SXM4-40GB (0),1,,13,"void convert_kernel<__half2, float2>(tensor_layout_any, T1 *, tensor_layout_any, const T2 *)"
1898318950,4416,2719,,,,,,,,,,0.061,13913.027,Pinned,Device,NVIDIA A100-SXM4-40GB (0),1,,13,[CUDA memcpy Host-to-Device]
1898330566,2591,2720,,,,,,,,,,1.547,596921.079,Device,,NVIDIA A100-SXM4-40GB (0),1,,13,[CUDA memset]
1898337061,2720,2725,,,,,,,,,,0.021,7741.175,Pinned,Device,NVIDIA A100-SXM4-40GB (0),1,,13,[CUDA memcpy Host-to-Device]
1898342917,6912,2726,,,,,,,,,,0.131,18962.842,Pinned,Device,NVIDIA A100-SXM4-40GB (0),1,,13,[CUDA memcpy Host-to-Device]
1898355173,5888,2727,273,1,1,8,4,1,39,0.002,0.000,,,,,NVIDIA A100-SXM4-40GB (0),1,,13,"void channel_eq::eqMmseCoefCompLowMimoKernel<float, float, float, (unsigned int)4, (unsigned int)1, (unsigned int)4>(const channel_eq::_puschRxChEqStatDescr *, channel_eq::_puschRxChEqCoefCompDynDescr)"
1898362341,4832,2728,273,1,1,12,11,1,40,0.002,0.000,,,,,NVIDIA A100-SXM4-40GB (0),1,,13,"void channel_eq::eqMmseSoftDemapKernel<float, __half, __half, float, (unsigned int)4, (unsigned short)16383>(channel_eq::_puschRxChEqStatDescr *, channel_eq::_puschRxChEqSoftDemapDynDescr)"
1898368453,281149,2729,1,1,1,32,32,1,30,0.000,0.000,,,,,NVIDIA A100-SXM4-40GB (0),1,,13,"void convert_kernel<float2, __half2>(tensor_layout_any, T1 *, tensor_layout_any, const T2 *)"
1898650785,10304,2741,2253,1,1,128,1,1,16,0.000,0.000,,,,,NVIDIA A100-SXM4-40GB (0),1,,13,cupy_copy__float16_float16
1898662113,2368,2750,282,1,1,128,1,1,16,0.000,0.000,,,,,NVIDIA A100-SXM4-40GB (0),1,,13,cupy_copy__complex64_complex64
1898665569,1792,2759,26,1,1,128,1,1,16,0.000,0.000,,,,,NVIDIA A100-SXM4-40GB (0),1,,13,cupy_copy__float32_float32
1898668577,2528,2768,103,1,1,128,1,1,16,0.000,0.000,,,,,NVIDIA A100-SXM4-40GB (0),1,,13,cupy_copy__complex64_complex64
1898672353,11232,2778,1434,1,1,128,1,1,16,0.000,0.000,,,,,NVIDIA A100-SXM4-40GB (0),1,,13,cupy_copy__complex64_complex64
1898856031,79199,2783,1,1,1,32,32,1,30,0.000,0.000,,,,,NVIDIA A100-SXM4-40GB (0),1,,13,"void convert_kernel<__half2, float2>(tensor_layout_any, T1 *, tensor_layout_any, const T2 *)"
1898967709,4384,2786,,,,,,,,,,0.061,14014.587,Pinned,Device,NVIDIA A100-SXM4-40GB (0),1,,13,[CUDA memcpy Host-to-Device]
1898979613,587065,2787,,,,,,,,,,456.520,777454.377,Device,,NVIDIA A100-SXM4-40GB (0),1,,13,[CUDA memset]
1899571894,32703,2792,,,,,,,,,,0.825,25237.369,Pinned,Device,NVIDIA A100-SXM4-40GB (0),1,,13,[CUDA memcpy Host-to-Device]
1899607253,6720,2793,,,,,,,,,,0.131,19504.693,Pinned,Device,NVIDIA A100-SXM4-40GB (0),1,,13,[CUDA memcpy Host-to-Device]
1899622837,7072,2794,69,4,1,48,1,1,76,0.002,0.000,,,,,NVIDIA A100-SXM4-40GB (0),1,,13,"void ch_est::windowedChEstPreNoDftSOfdmKernel<float, __half, float, (unsigned int)2, (unsigned int)1, (unsigned short)4>(ch_est::puschRxChEstStatDescr_t *, ch_est::puschRxChEstDynDescr_t *)"
1899630997,6176,2795,137,2,1,24,2,1,44,0.001,0.001,,,,,NVIDIA A100-SXM4-40GB (0),1,,13,"void ch_est::chEstFilterNoDftSOfdmDispatchKernel<float, __half, float, (unsigned int)2>(ch_est::puschRxChEstStatDescr_t *, ch_est::puschRxChEstDynDescr_t *)"
1899638261,4608,2796,137,2,1,24,2,1,44,0.001,0.001,,,,,NVIDIA A100-SXM4-40GB (0),1,,13,"void ch_est::chEstFilterNoDftSOfdmDispatchKernel<float, __half, float, (unsigned int)2>(ch_est::puschRxChEstStatDescr_t *, ch_est::puschRxChEstDynDescr_t *)"
1899644117,2176,2807,103,1,1,128,1,1,16,0.000,0.000,,,,,NVIDIA A100-SXM4-40GB (0),1,,13,cupy_copy__complex64_complex64
1899647285,12640,2817,1434,1,1,128,1,1,16,0.000,0.000,,,,,NVIDIA A100-SXM4-40GB (0),1,,13,cupy_copy__complex64_complex64
1899661205,2080,2824,103,1,1,128,1,1,16,0.000,0.000,,,,,NVIDIA A100-SXM4-40GB (0),1,,13,cupy_copy__complex64_complex64
1899664565,78943,2831,1,1,1,32,32,1,30,0.000,0.000,,,,,NVIDIA A100-SXM4-40GB (0),1,,13,"void convert_kernel<__half2, float2>(tensor_layout_any, T1 *, tensor_layout_any, const T2 *)"
1899908498,4288,2834,,,,,,,,,,0.061,14328.300,Pinned,Device,NVIDIA A100-SXM4-40GB (0),1,,13,[CUDA memcpy Host-to-Device]
1899916146,45983,2835,,,,,,,,,,35.801,778563.477,Device,,NVIDIA A100-SXM4-40GB (0),1,,13,[CUDA memset]
1899965105,2016,2837,,,,,,,,,,0.000,39.682,Pinned,Device,NVIDIA A100-SXM4-40GB (0),1,,13,[CUDA memcpy Host-to-Device]
1899969745,6784,2838,,,,,,,,,,0.131,19320.668,Pinned,Device,NVIDIA A100-SXM4-40GB (0),1,,13,[CUDA memcpy Host-to-Device]
1899980785,8992,2839,273,1,1,48,1,1,40,0.000,0.001,,,,,NVIDIA A100-SXM4-40GB (0),1,,13,"void pusch_noise_intf_est::noiseIntfEstNoDftSOfdmKernel<float, __half, float, float, (unsigned int)2, (unsigned int)1, (unsigned char)4, (unsigned char)4>(pusch_noise_intf_est::puschRxNoiseIntfEstDynDescr)"
1899990929,2624,2850,35,1,1,128,1,1,16,0.000,0.000,,,,,NVIDIA A100-SXM4-40GB (0),1,,13,cupy_copy__complex64_complex64
1900019440,1536,2859,1,1,1,1,1,1,18,0.000,0.000,,,,,NVIDIA A100-SXM4-40GB (0),1,,13,cupy_copy__float32_float32
1900058448,1920,2865,,,,,,,,,,0.000,2.083,Device,Pageable,NVIDIA A100-SXM4-40GB (0),1,,7,[CUDA memcpy Device-to-Host]
1900117295,13504,2876,1434,1,1,128,1,1,16,0.000,0.000,,,,,NVIDIA A100-SXM4-40GB (0),1,,13,cupy_copy__complex64_complex64
1900144335,2368,2883,103,1,1,128,1,1,16,0.000,0.000,,,,,NVIDIA A100-SXM4-40GB (0),1,,13,cupy_copy__complex64_complex64
1900165198,2016,2890,35,1,1,128,1,1,16,0.000,0.000,,,,,NVIDIA A100-SXM4-40GB (0),1,,13,cupy_copy__complex64_complex64
1900184302,1504,2897,1,1,1,1,1,1,18,0.000,0.000,,,,,NVIDIA A100-SXM4-40GB (0),1,,13,cupy_copy__float32_float32
1900450571,79135,2908,1,1,1,32,32,1,30,0.000,0.000,,,,,NVIDIA A100-SXM4-40GB (0),1,,13,"void convert_kernel<__half2, float2>(tensor_layout_any, T1 *, tensor_layout_any, const T2 *)"
1900563849,4160,2911,,,,,,,,,,0.061,14769.193,Pinned,Device,NVIDIA A100-SXM4-40GB (0),1,,13,[CUDA memcpy Host-to-Device]
1900579273,2560,2912,,,,,,,,,,1.547,604150.000,Device,,NVIDIA A100-SXM4-40GB (0),1,,13,[CUDA memset]
1900585737,2880,2917,,,,,,,,,,0.021,7311.106,Pinned,Device,NVIDIA A100-SXM4-40GB (0),1,,13,[CUDA memcpy Host-to-Device]
1900591721,6784,2918,,,,,,,,,,0.131,19320.668,Pinned,Device,NVIDIA A100-SXM4-40GB (0),1,,13,[CUDA memcpy Host-to-Device]
1900602921,5888,2919,273,1,1,8,4,1,39,0.002,0.000,,,,,NVIDIA A100-SXM4-40GB (0),1,,13,"void channel_eq::eqMmseCoefCompLowMimoKernel<float, float, float, (unsigned int)4, (unsigned int)1, (unsigned int)4>(const channel_eq::_puschRxChEqStatDescr *, channel_eq::_puschRxChEqCoefCompDynDescr)"
1900609865,4864,2920,273,1,1,12,11,1,40,0.002,0.000,,,,,NVIDIA A100-SXM4-40GB (0),1,,13,"void channel_eq::eqMmseSoftDemapKernel<float, __half, __half, float, (unsigned int)4, (unsigned short)16383>(channel_eq::_puschRxChEqStatDescr *, channel_eq::_puschRxChEqSoftDemapDynDescr)"
1900616009,281308,2921,1,1,1,32,32,1,30,0.000,0.000,,,,,NVIDIA A100-SXM4-40GB (0),1,,13,"void convert_kernel<float2, __half2>(tensor_layout_any, T1 *, tensor_layout_any, const T2 *)"
1900898405,10368,2933,2253,1,1,128,1,1,16,0.000,0.000,,,,,NVIDIA A100-SXM4-40GB (0),1,,13,cupy_copy__float16_float16
1900909829,2368,2942,282,1,1,128,1,1,16,0.000,0.000,,,,,NVIDIA A100-SXM4-40GB (0),1,,13,cupy_copy__complex64_complex64
1900913445,1760,2951,26,1,1,128,1,1,16,0.000,0.000,,,,,NVIDIA A100-SXM4-40GB (0),1,,13,cupy_copy__float32_float32
1900916453,2560,2960,103,1,1,128,1,1,16,0.000,0.000,,,,,NVIDIA A100-SXM4-40GB (0),1,,13,cupy_copy__complex64_complex64
1900920229,11264,2970,1434,1,1,128,1,1,16,0.000,0.000,,,,,NVIDIA A100-SXM4-40GB (0),1,,13,cupy_copy__complex64_complex64
1900993348,77567,2975,1,1,1,32,32,1,30,0.000,0.000,,,,,NVIDIA A100-SXM4-40GB (0),1,,13,"void convert_kernel<__half2, float2>(tensor_layout_any, T1 *, tensor_layout_any, const T2 *)"
1901099491,4160,2978,,,,,,,,,,0.061,14769.193,Pinned,Device,NVIDIA A100-SXM4-40GB (0),1,,13,[CUDA memcpy Host-to-Device]
1901110755,588376,2979,,,,,,,,,,456.520,775628.296,Device,,NVIDIA A100-SXM4-40GB (0),1,,13,[CUDA memset]
1901701755,32800,2984,,,,,,,,,,0.825,25162.263,Pinned,Device,NVIDIA A100-SXM4-40GB (0),1,,13,[CUDA memcpy Host-to-Device]
1901737275,6880,2985,,,,,,,,,,0.131,19051.053,Pinned,Device,NVIDIA A100-SXM4-40GB (0),1,,13,[CUDA memcpy Host-to-Device]
1901753754,7296,2986,69,4,1,48,1,1,76,0.002,0.000,,,,,NVIDIA A100-SXM4-40GB (0),1,,13,"void ch_est::windowedChEstPreNoDftSOfdmKernel<float, __half, float, (unsigned int)2, (unsigned int)1, (unsigned short)4>(ch_est::puschRxChEstStatDescr_t *, ch_est::puschRxChEstDynDescr_t *)"
1901762330,6272,2987,137,2,1,24,2,1,44,0.001,0.001,,,,,NVIDIA A100-SXM4-40GB (0),1,,13,"void ch_est::chEstFilterNoDftSOfdmDispatchKernel<float, __half, float, (unsigned int)2>(ch_est::puschRxChEstStatDescr_t *, ch_est::puschRxChEstDynDescr_t *)"
1901769690,4576,2988,137,2,1,24,2,1,44,0.001,0.001,,,,,NVIDIA A100-SXM4-40GB (0),1,,13,"void ch_est::chEstFilterNoDftSOfdmDispatchKernel<float, __half, float, (unsigned int)2>(ch_est::puschRxChEstStatDescr_t *, ch_est::puschRxChEstDynDescr_t *)"
1901775354,2144,2999,103,1,1,128,1,1,16,0.000,0.000,,,,,NVIDIA A100-SXM4-40GB (0),1,,13,cupy_copy__complex64_complex64
1901778522,12576,3009,1434,1,1,128,1,1,16,0.000,0.000,,,,,NVIDIA A100-SXM4-40GB (0),1,,13,cupy_copy__complex64_complex64
1901792090,2112,3016,103,1,1,128,1,1,16,0.000,0.000,,,,,NVIDIA A100-SXM4-40GB (0),1,,13,cupy_copy__complex64_complex64
1901795290,78623,3023,1,1,1,32,32,1,30,0.000,0.000,,,,,NVIDIA A100-SXM4-40GB (0),1,,13,"void convert_kernel<__half2, float2>(tensor_layout_any, T1 *, tensor_layout_any, const T2 *)"
1901902425,4159,3026,,,,,,,,,,0.061,14772.756,Pinned,Device,NVIDIA A100-SXM4-40GB (0),1,,13,[CUDA memcpy Host-to-Device]
1901913880,44896,3027,,,,,,,,,,35.801,797394.782,Device,,NVIDIA A100-SXM4-40GB (0),1,,13,[CUDA memset]
1901966360,2368,3029,,,,,,,,,,0.000,33.784,Pinned,Device,NVIDIA A100-SXM4-40GB (0),1,,13,[CUDA memcpy Host-to-Device]
1901970840,6880,3030,,,,,,,,,,0.131,19051.053,Pinned,Device,NVIDIA A100-SXM4-40GB (0),1,,13,[CUDA memcpy Host-to-Device]
1901982008,8575,3031,273,1,1,48,1,1,40,0.000,0.001,,,,,NVIDIA A100-SXM4-40GB (0),1,,13,"void pusch_noise_intf_est::noiseIntfEstNoDftSOfdmKernel<float, __half, float, float, (unsigned int)2, (unsigned int)1, (unsigned char)4, (unsigned char)4>(pusch_noise_intf_est::puschRxNoiseIntfEstDynDescr)"
1901991607,2624,3042,35,1,1,128,1,1,16,0.000,0.000,,,,,NVIDIA A100-SXM4-40GB (0),1,,13,cupy_copy__complex64_complex64
1902027031,1536,3051,1,1,1,1,1,1,18,0.000,0.000,,,,,NVIDIA A100-SXM4-40GB (0),1,,13,cupy_copy__float32_float32
1902062871,1727,3057,,,,,,,,,,0.000,2.316,Device,Pageable,NVIDIA A100-SXM4-40GB (0),1,,7,[CUDA memcpy Device-to-Host]
1902120758,12992,3068,1434,1,1,128,1,1,16,0.000,0.000,,,,,NVIDIA A100-SXM4-40GB (0),1,,13,cupy_copy__complex64_complex64
1902147541,2336,3075,103,1,1,128,1,1,16,0.000,0.000,,,,,NVIDIA A100-SXM4-40GB (0),1,,13,cupy_copy__complex64_complex64
1902168341,1984,3082,35,1,1,128,1,1,16,0.000,0.000,,,,,NVIDIA A100-SXM4-40GB (0),1,,13,cupy_copy__complex64_complex64
1902186773,1472,3089,1,1,1,1,1,1,18,0.000,0.000,,,,,NVIDIA A100-SXM4-40GB (0),1,,13,cupy_copy__float32_float32
1902322707,78335,3100,1,1,1,32,32,1,30,0.000,0.000,,,,,NVIDIA A100-SXM4-40GB (0),1,,13,"void convert_kernel<__half2, float2>(tensor_layout_any, T1 *, tensor_layout_any, const T2 *)"
1902429714,4288,3103,,,,,,,,,,0.061,14328.300,Pinned,Device,NVIDIA A100-SXM4-40GB (0),1,,13,[CUDA memcpy Host-to-Device]
1902443602,2560,3104,,,,,,,,,,1.547,604150.000,Device,,NVIDIA A100-SXM4-40GB (0),1,,13,[CUDA memset]
1902449938,2688,3109,,,,,,,,,,0.021,7833.316,Pinned,Device,NVIDIA A100-SXM4-40GB (0),1,,13,[CUDA memcpy Host-to-Device]
1902454738,6847,3110,,,,,,,,,,0.131,19142.935,Pinned,Device,NVIDIA A100-SXM4-40GB (0),1,,13,[CUDA memcpy Host-to-Device]
1902466065,5824,3111,273,1,1,8,4,1,39,0.002,0.000,,,,,NVIDIA A100-SXM4-40GB (0),1,,13,"void channel_eq::eqMmseCoefCompLowMimoKernel<float, float, float, (unsigned int)4, (unsigned int)1, (unsigned int)4>(const channel_eq::_puschRxChEqStatDescr *, channel_eq::_puschRxChEqCoefCompDynDescr)"
1902472945,4768,3112,273,1,1,12,11,1,40,0.002,0.000,,,,,NVIDIA A100-SXM4-40GB (0),1,,13,"void channel_eq::eqMmseSoftDemapKernel<float, __half, __half, float, (unsigned int)4, (unsigned short)16383>(channel_eq::_puschRxChEqStatDescr *, channel_eq::_puschRxChEqSoftDemapDynDescr)"
1902478897,281533,3113,1,1,1,32,32,1,30,0.000,0.000,,,,,NVIDIA A100-SXM4-40GB (0),1,,13,"void convert_kernel<float2, __half2>(tensor_layout_any, T1 *, tensor_layout_any, const T2 *)"
1902761582,10624,3125,2253,1,1,128,1,1,16,0.000,0.000,,,,,NVIDIA A100-SXM4-40GB (0),1,,13,cupy_copy__float16_float16
1902773262,2368,3134,282,1,1,128,1,1,16,0.000,0.000,,,,,NVIDIA A100-SXM4-40GB (0),1,,13,cupy_copy__complex64_complex64
1902776718,1791,3143,26,1,1,128,1,1,16,0.000,0.000,,,,,NVIDIA A100-SXM4-40GB (0),1,,13,cupy_copy__float32_float32
1902779821,2528,3152,103,1,1,128,1,1,16,0.000,0.000,,,,,NVIDIA A100-SXM4-40GB (0),1,,13,cupy_copy__complex64_complex64
1902783597,11168,3162,1434,1,1,128,1,1,16,0.000,0.000,,,,,NVIDIA A100-SXM4-40GB (0),1,,13,cupy_copy__complex64_complex64
1902824397,78463,3167,1,1,1,32,32,1,30,0.000,0.000,,,,,NVIDIA A100-SXM4-40GB (0),1,,13,"void convert_kernel<__half2, float2>(tensor_layout_any, T1 *, tensor_layout_any, const T2 *)"
1902935724,4159,3170,,,,,,,,,,0.061,14772.756,Pinned,Device,NVIDIA A100-SXM4-40GB (0),1,,13,[CUDA memcpy Host-to-Device]
1902946859,587705,3171,,,,,,,,,,456.520,776541.336,Device,,NVIDIA A100-SXM4-40GB (0),1,,13,[CUDA memset]
1903537796,32736,3176,,,,,,,,,,0.825,25211.783,Pinned,Device,NVIDIA A100-SXM4-40GB (0),1,,13,[CUDA memcpy Host-to-Device]
1903573507,6912,3177,,,,,,,,,,0.131,18962.842,Pinned,Device,NVIDIA A100-SXM4-40GB (0),1,,13,[CUDA memcpy Host-to-Device]
1903585283,6880,3178,69,4,1,48,1,1,76,0.002,0.000,,,,,NVIDIA A100-SXM4-40GB (0),1,,13,"void ch_est::windowedChEstPreNoDftSOfdmKernel<float, __half, float, (unsigned int)2, (unsigned int)1, (unsigned short)4>(ch_est::puschRxChEstStatDescr_t *, ch_est::puschRxChEstDynDescr_t *)"
1903593475,6048,3179,137,2,1,24,2,1,44,0.001,0.001,,,,,NVIDIA A100-SXM4-40GB (0),1,,13,"void ch_est::chEstFilterNoDftSOfdmDispatchKernel<float, __half, float, (unsigned int)2>(ch_est::puschRxChEstStatDescr_t *, ch_est::puschRxChEstDynDescr_t *)"
1903600547,4544,3180,137,2,1,24,2,1,44,0.001,0.001,,,,,NVIDIA A100-SXM4-40GB (0),1,,13,"void ch_est::chEstFilterNoDftSOfdmDispatchKernel<float, __half, float, (unsigned int)2>(ch_est::puschRxChEstStatDescr_t *, ch_est::puschRxChEstDynDescr_t *)"
1903606403,2176,3191,103,1,1,128,1,1,16,0.000,0.000,,,,,NVIDIA A100-SXM4-40GB (0),1,,13,cupy_copy__complex64_complex64
1903609795,12288,3201,1434,1,1,128,1,1,16,0.000,0.000,,,,,NVIDIA A100-SXM4-40GB (0),1,,13,cupy_copy__complex64_complex64
1903623299,2112,3208,103,1,1,128,1,1,16,0.000,0.000,,,,,NVIDIA A100-SXM4-40GB (0),1,,13,cupy_copy__complex64_complex64
1903626467,78335,3215,1,1,1,32,32,1,30,0.000,0.000,,,,,NVIDIA A100-SXM4-40GB (0),1,,13,"void convert_kernel<__half2, float2>(tensor_layout_any, T1 *, tensor_layout_any, const T2 *)"
1903870080,4288,3218,,,,,,,,,,0.061,14328.300,Pinned,Device,NVIDIA A100-SXM4-40GB (0),1,,13,[CUDA memcpy Host-to-Device]
1903884672,46303,3219,,,,,,,,,,35.801,773157.532,Device,,NVIDIA A100-SXM4-40GB (0),1,,13,[CUDA memset]
1903934079,1856,3221,,,,,,,,,,0.000,43.103,Pinned,Device,NVIDIA A100-SXM4-40GB (0),1,,13,[CUDA memcpy Host-to-Device]
1903938719,6816,3222,,,,,,,,,,0.131,19229.966,Pinned,Device,NVIDIA A100-SXM4-40GB (0),1,,13,[CUDA memcpy Host-to-Device]
1903952863,9088,3223,273,1,1,48,1,1,40,0.000,0.001,,,,,NVIDIA A100-SXM4-40GB (0),1,,13,"void pusch_noise_intf_est::noiseIntfEstNoDftSOfdmKernel<float, __half, float, float, (unsigned int)2, (unsigned int)1, (unsigned char)4, (unsigned char)4>(pusch_noise_intf_est::puschRxNoiseIntfEstDynDescr)"
1903963007,2560,3234,35,1,1,128,1,1,16,0.000,0.000,,,,,NVIDIA A100-SXM4-40GB (0),1,,13,cupy_copy__complex64_complex64
1903982014,1536,3243,1,1,1,1,1,1,18,0.000,0.000,,,,,NVIDIA A100-SXM4-40GB (0),1,,13,cupy_copy__float32_float32
1904015678,1888,3249,,,,,,,,,,0.000,2.119,Device,Pageable,NVIDIA A100-SXM4-40GB (0),1,,7,[CUDA memcpy Device-to-Host]
1904073341,13216,3260,1434,1,1,128,1,1,16,0.000,0.000,,,,,NVIDIA A100-SXM4-40GB (0),1,,13,cupy_copy__complex64_complex64
1904099805,2400,3267,103,1,1,128,1,1,16,0.000,0.000,,,,,NVIDIA A100-SXM4-40GB (0),1,,13,cupy_copy__complex64_complex64
1904119645,1984,3274,35,1,1,128,1,1,16,0.000,0.000,,,,,NVIDIA A100-SXM4-40GB (0),1,,13,cupy_copy__complex64_complex64
1904137692,1504,3281,1,1,1,1,1,1,18,0.000,0.000,,,,,NVIDIA A100-SXM4-40GB (0),1,,13,cupy_copy__float32_float32
1904401401,79007,3292,1,1,1,32,32,1,30,0.000,0.000,,,,,NVIDIA A100-SXM4-40GB (0),1,,13,"void convert_kernel<__half2, float2>(tensor_layout_any, T1 *, tensor_layout_any, const T2 *)"
1904512920,4128,3295,,,,,,,,,,0.061,14883.717,Pinned,Device,NVIDIA A100-SXM4-40GB (0),1,,13,[CUDA memcpy Host-to-Device]
1904527671,2528,3296,,,,,,,,,,1.547,611796.509,Device,,NVIDIA A100-SXM4-40GB (0),1,,13,[CUDA memset]
1904536823,2496,3301,,,,,,,,,,0.021,8435.897,Pinned,Device,NVIDIA A100-SXM4-40GB (0),1,,13,[CUDA memcpy Host-to-Device]
1904548567,6816,3302,,,,,,,,,,0.131,19229.966,Pinned,Device,NVIDIA A100-SXM4-40GB (0),1,,13,[CUDA memcpy Host-to-Device]
1904561559,5984,3303,273,1,1,8,4,1,39,0.002,0.000,,,,,NVIDIA A100-SXM4-40GB (0),1,,13,"void channel_eq::eqMmseCoefCompLowMimoKernel<float, float, float, (unsigned int)4, (unsigned int)1, (unsigned int)4>(const channel_eq::_puschRxChEqStatDescr *, channel_eq::_puschRxChEqCoefCompDynDescr)"
1904568727,4960,3304,273,1,1,12,11,1,40,0.002,0.000,,,,,NVIDIA A100-SXM4-40GB (0),1,,13,"void channel_eq::eqMmseSoftDemapKernel<float, __half, __half, float, (unsigned int)4, (unsigned short)16383>(channel_eq::_puschRxChEqStatDescr *, channel_eq::_puschRxChEqSoftDemapDynDescr)"
1904574807,281660,3305,1,1,1,32,32,1,30,0.000,0.000,,,,,NVIDIA A100-SXM4-40GB (0),1,,13,"void convert_kernel<float2, __half2>(tensor_layout_any, T1 *, tensor_layout_any, const T2 *)"
1904857491,10176,3317,2253,1,1,128,1,1,16,0.000,0.000,,,,,NVIDIA A100-SXM4-40GB (0),1,,13,cupy_copy__float16_float16
1904868979,2400,3326,282,1,1,128,1,1,16,0.000,0.000,,,,,NVIDIA A100-SXM4-40GB (0),1,,13,cupy_copy__complex64_complex64
1904872435,1760,3335,26,1,1,128,1,1,16,0.000,0.000,,,,,NVIDIA A100-SXM4-40GB (0),1,,13,cupy_copy__float32_float32
1904875443,2528,3344,103,1,1,128,1,1,16,0.000,0.000,,,,,NVIDIA A100-SXM4-40GB (0),1,,13,cupy_copy__complex64_complex64
1904879283,11328,3354,1434,1,1,128,1,1,16,0.000,0.000,,,,,NVIDIA A100-SXM4-40GB (0),1,,13,cupy_copy__complex64_complex64
1904934994,78143,3359,1,1,1,32,32,1,30,0.000,0.000,,,,,NVIDIA A100-SXM4-40GB (0),1,,13,"void convert_kernel<__half2, float2>(tensor_layout_any, T1 *, tensor_layout_any, const T2 *)"
1905172111,4160,3362,,,,,,,,,,0.061,14769.193,Pinned,Device,NVIDIA A100-SXM4-40GB (0),1,,13,[CUDA memcpy Host-to-Device]
1905180143,590681,3363,,,,,,,,,,456.520,772432.652,Device,,NVIDIA A100-SXM4-40GB (0),1,,13,[CUDA memset]
1905774024,32703,3368,,,,,,,,,,0.825,25237.369,Pinned,Device,NVIDIA A100-SXM4-40GB (0),1,,13,[CUDA memcpy Host-to-Device]
1905808871,7104,3369,,,,,,,,,,0.131,18450.350,Pinned,Device,NVIDIA A100-SXM4-40GB (0),1,,13,[CUDA memcpy Host-to-Device]
1905819911,7936,3370,69,4,1,48,1,1,76,0.002,0.000,,,,,NVIDIA A100-SXM4-40GB (0),1,,13,"void ch_est::windowedChEstPreNoDftSOfdmKernel<float, __half, float, (unsigned int)2, (unsigned int)1, (unsigned short)4>(ch_est::puschRxChEstStatDescr_t *, ch_est::puschRxChEstDynDescr_t *)"
1905829127,6112,3371,137,2,1,24,2,1,44,0.001,0.001,,,,,NVIDIA A100-SXM4-40GB (0),1,,13,"void ch_est::chEstFilterNoDftSOfdmDispatchKernel<float, __half, float, (unsigned int)2>(ch_est::puschRxChEstStatDescr_t *, ch_est::puschRxChEstDynDescr_t *)"
1905836551,4576,3372,137,2,1,24,2,1,44,0.001,0.001,,,,,NVIDIA A100-SXM4-40GB (0),1,,13,"void ch_est::chEstFilterNoDftSOfdmDispatchKernel<float, __half, float, (unsigned int)2>(ch_est::puschRxChEstStatDescr_t *, ch_est::puschRxChEstDynDescr_t *)"
1905842375,2176,3383,103,1,1,128,1,1,16,0.000,0.000,,,,,NVIDIA A100-SXM4-40GB (0),1,,13,cupy_copy__complex64_complex64
1905845575,12800,3393,1434,1,1,128,1,1,16,0.000,0.000,,,,,NVIDIA A100-SXM4-40GB (0),1,,13,cupy_copy__complex64_complex64
1905859431,2112,3400,103,1,1,128,1,1,16,0.000,0.000,,,,,NVIDIA A100-SXM4-40GB (0),1,,13,cupy_copy__complex64_complex64
1905862599,78495,3407,1,1,1,32,32,1,30,0.000,0.000,,,,,NVIDIA A100-SXM4-40GB (0),1,,13,"void convert_kernel<__half2, float2>(tensor_layout_any, T1 *, tensor_layout_any, const T2 *)"
1905972613,4224,3410,,,,,,,,,,0.061,14545.428,Pinned,Device,NVIDIA A100-SXM4-40GB (0),1,,13,[CUDA memcpy Host-to-Device]
1905985349,44544,3411,,,,,,,,,,35.801,803695.751,Device,,NVIDIA A100-SXM4-40GB (0),1,,13,[CUDA memset]
1906037732,2016,3413,,,,,,,,,,0.000,39.682,Pinned,Device,NVIDIA A100-SXM4-40GB (0),1,,13,[CUDA memcpy Host-to-Device]
1906042532,6944,3414,,,,,,,,,,0.131,18875.548,Pinned,Device,NVIDIA A100-SXM4-40GB (0),1,,13,[CUDA memcpy Host-to-Device]
1906056164,8256,3415,273,1,1,48,1,1,40,0.000,0.001,,,,,NVIDIA A100-SXM4-40GB (0),1,,13,"void pusch_noise_intf_est::noiseIntfEstNoDftSOfdmKernel<float, __half, float, float, (unsigned int)2, (unsigned int)1, (unsigned char)4, (unsigned char)4>(pusch_noise_intf_est::puschRxNoiseIntfEstDynDescr)"
1906065476,2624,3426,35,1,1,128,1,1,16,0.000,0.000,,,,,NVIDIA A100-SXM4-40GB (0),1,,13,cupy_copy__complex64_complex64
1906099588,1536,3435,1,1,1,1,1,1,18,0.000,0.000,,,,,NVIDIA A100-SXM4-40GB (0),1,,13,cupy_copy__float32_float32
1906134115,1728,3441,,,,,,,,,,0.000,2.315,Device,Pageable,NVIDIA A100-SXM4-40GB (0),1,,7,[CUDA memcpy Device-to-Host]
1906192194,13568,3452,1434,1,1,128,1,1,16,0.000,0.000,,,,,NVIDIA A100-SXM4-40GB (0),1,,13,cupy_copy__complex64_complex64
1906218978,2336,3459,103,1,1,128,1,1,16,0.000,0.000,,,,,NVIDIA A100-SXM4-40GB (0),1,,13,cupy_copy__complex64_complex64
1906240066,1984,3466,35,1,1,128,1,1,16,0.000,0.000,,,,,NVIDIA A100-SXM4-40GB (0),1,,13,cupy_copy__complex64_complex64
1906258658,1504,3473,1,1,1,1,1,1,18,0.000,0.000,,,,,NVIDIA A100-SXM4-40GB (0),1,,13,cupy_copy__float32_float32
1906393216,78143,3484,1,1,1,32,32,1,30,0.000,0.000,,,,,NVIDIA A100-SXM4-40GB (0),1,,13,"void convert_kernel<__half2, float2>(tensor_layout_any, T1 *, tensor_layout_any, const T2 *)"
1906499999,4128,3487,,,,,,,,,,0.061,14883.717,Pinned,Device,NVIDIA A100-SXM4-40GB (0),1,,13,[CUDA memcpy Host-to-Device]
1906516766,2592,3488,,,,,,,,,,1.547,596690.632,Device,,NVIDIA A100-SXM4-40GB (0),1,,13,[CUDA memset]
1906523102,2720,3493,,,,,,,,,,0.021,7741.175,Pinned,Device,NVIDIA A100-SXM4-40GB (0),1,,13,[CUDA memcpy Host-to-Device]
1906528318,6848,3494,,,,,,,,,,0.131,19140.182,Pinned,Device,NVIDIA A100-SXM4-40GB (0),1,,13,[CUDA memcpy Host-to-Device]
1906540062,5888,3495,273,1,1,8,4,1,39,0.002,0.000,,,,,NVIDIA A100-SXM4-40GB (0),1,,13,"void channel_eq::eqMmseCoefCompLowMimoKernel<float, float, float, (unsigned int)4, (unsigned int)1, (unsigned int)4>(const channel_eq::_puschRxChEqStatDescr *, channel_eq::_puschRxChEqCoefCompDynDescr)"
1906547230,4960,3496,273,1,1,12,11,1,40,0.002,0.000,,,,,NVIDIA A100-SXM4-40GB (0),1,,13,"void channel_eq::eqMmseSoftDemapKernel<float, __half, __half, float, (unsigned int)4, (unsigned short)16383>(channel_eq::_puschRxChEqStatDescr *, channel_eq::_puschRxChEqSoftDemapDynDescr)"
1906553246,281404,3497,1,1,1,32,32,1,30,0.000,0.000,,,,,NVIDIA A100-SXM4-40GB (0),1,,13,"void convert_kernel<float2, __half2>(tensor_layout_any, T1 *, tensor_layout_any, const T2 *)"
1906835770,10560,3509,2253,1,1,128,1,1,16,0.000,0.000,,,,,NVIDIA A100-SXM4-40GB (0),1,,13,cupy_copy__float16_float16
1906847578,2400,3518,282,1,1,128,1,1,16,0.000,0.000,,,,,NVIDIA A100-SXM4-40GB (0),1,,13,cupy_copy__complex64_complex64
1906851034,1760,3527,26,1,1,128,1,1,16,0.000,0.000,,,,,NVIDIA A100-SXM4-40GB (0),1,,13,cupy_copy__float32_float32
1906854042,2528,3536,103,1,1,128,1,1,16,0.000,0.000,,,,,NVIDIA A100-SXM4-40GB (0),1,,13,cupy_copy__complex64_complex64
1906857818,11168,3546,1434,1,1,128,1,1,16,0.000,0.000,,,,,NVIDIA A100-SXM4-40GB (0),1,,13,cupy_copy__complex64_complex64
1906896410,78175,3551,1,1,1,32,32,1,30,0.000,0.000,,,,,NVIDIA A100-SXM4-40GB (0),1,,13,"void convert_kernel<__half2, float2>(tensor_layout_any, T1 *, tensor_layout_any, const T2 *)"
1907002744,4160,3554,,,,,,,,,,0.061,14769.193,Pinned,Device,NVIDIA A100-SXM4-40GB (0),1,,13,[CUDA memcpy Host-to-Device]
1907013816,588377,3555,,,,,,,,,,456.520,775628.296,Device,,NVIDIA A100-SXM4-40GB (0),1,,13,[CUDA memset]
1907604049,33023,3560,,,,,,,,,,0.825,24992.242,Pinned,Device,NVIDIA A100-SXM4-40GB (0),1,,13,[CUDA memcpy Host-to-Device]
1907639536,7488,3561,,,,,,,,,,0.131,17504.272,Pinned,Device,NVIDIA A100-SXM4-40GB (0),1,,13,[CUDA memcpy Host-to-Device]
1907651504,7296,3562,69,4,1,48,1,1,76,0.002,0.000,,,,,NVIDIA A100-SXM4-40GB (0),1,,13,"void ch_est::windowedChEstPreNoDftSOfdmKernel<float, __half, float, (unsigned int)2, (unsigned int)1, (unsigned short)4>(ch_est::puschRxChEstStatDescr_t *, ch_est::puschRxChEstDynDescr_t *)"
1907660112,6144,3563,137,2,1,24,2,1,44,0.001,0.001,,,,,NVIDIA A100-SXM4-40GB (0),1,,13,"void ch_est::chEstFilterNoDftSOfdmDispatchKernel<float, __half, float, (unsigned int)2>(ch_est::puschRxChEstStatDescr_t *, ch_est::puschRxChEstDynDescr_t *)"
1907667312,4576,3564,137,2,1,24,2,1,44,0.001,0.001,,,,,NVIDIA A100-SXM4-40GB (0),1,,13,"void ch_est::chEstFilterNoDftSOfdmDispatchKernel<float, __half, float, (unsigned int)2>(ch_est::puschRxChEstStatDescr_t *, ch_est::puschRxChEstDynDescr_t *)"
1907673168,2176,3575,103,1,1,128,1,1,16,0.000,0.000,,,,,NVIDIA A100-SXM4-40GB (0),1,,13,cupy_copy__complex64_complex64
1907676336,12480,3585,1434,1,1,128,1,1,16,0.000,0.000,,,,,NVIDIA A100-SXM4-40GB (0),1,,13,cupy_copy__complex64_complex64
1907689872,2080,3592,103,1,1,128,1,1,16,0.000,0.000,,,,,NVIDIA A100-SXM4-40GB (0),1,,13,cupy_copy__complex64_complex64
1907693232,78399,3599,1,1,1,32,32,1,30,0.000,0.000,,,,,NVIDIA A100-SXM4-40GB (0),1,,13,"void convert_kernel<__half2, float2>(tensor_layout_any, T1 *, tensor_layout_any, const T2 *)"
1907799022,4160,3602,,,,,,,,,,0.061,14769.193,Pinned,Device,NVIDIA A100-SXM4-40GB (0),1,,13,[CUDA memcpy Host-to-Device]
1907811086,44928,3603,,,,,,,,,,35.801,796821.967,Device,,NVIDIA A100-SXM4-40GB (0),1,,13,[CUDA memset]
1907857966,1855,3605,,,,,,,,,,0.000,43.127,Pinned,Device,NVIDIA A100-SXM4-40GB (0),1,,13,[CUDA memcpy Host-to-Device]
1907862317,6720,3606,,,,,,,,,,0.131,19504.693,Pinned,Device,NVIDIA A100-SXM4-40GB (0),1,,13,[CUDA memcpy Host-to-Device]
1907873005,8480,3607,273,1,1,48,1,1,40,0.000,0.001,,,,,NVIDIA A100-SXM4-40GB (0),1,,13,"void pusch_noise_intf_est::noiseIntfEstNoDftSOfdmKernel<float, __half, float, float, (unsigned int)2, (unsigned int)1, (unsigned char)4, (unsigned char)4>(pusch_noise_intf_est::puschRxNoiseIntfEstDynDescr)"
1907885389,2720,3618,35,1,1,128,1,1,16,0.000,0.000,,,,,NVIDIA A100-SXM4-40GB (0),1,,13,cupy_copy__complex64_complex64
1907920397,1504,3627,1,1,1,1,1,1,18,0.000,0.000,,,,,NVIDIA A100-SXM4-40GB (0),1,,13,cupy_copy__float32_float32
1907954284,1664,3633,,,,,,,,,,0.000,2.404,Device,Pageable,NVIDIA A100-SXM4-40GB (0),1,,7,[CUDA memcpy Device-to-Host]
1908012012,13439,3644,1434,1,1,128,1,1,16,0.000,0.000,,,,,NVIDIA A100-SXM4-40GB (0),1,,13,cupy_copy__complex64_complex64
1908037419,2400,3651,103,1,1,128,1,1,16,0.000,0.000,,,,,NVIDIA A100-SXM4-40GB (0),1,,13,cupy_copy__complex64_complex64
1908057995,2016,3658,35,1,1,128,1,1,16,0.000,0.000,,,,,NVIDIA A100-SXM4-40GB (0),1,,13,cupy_copy__complex64_complex64
1908076171,1504,3665,1,1,1,1,1,1,18,0.000,0.000,,,,,NVIDIA A100-SXM4-40GB (0),1,,13,cupy_copy__float32_float32
1908209737,78655,3676,1,1,1,32,32,1,30,0.000,0.000,,,,,NVIDIA A100-SXM4-40GB (0),1,,13,"void convert_kernel<__half2, float2>(tensor_layout_any, T1 *, tensor_layout_any, const T2 *)"
1908316712,4128,3679,,,,,,,,,,0.061,14883.717,Pinned,Device,NVIDIA A100-SXM4-40GB (0),1,,13,[CUDA memcpy Host-to-Device]
1908330888,2592,3680,,,,,,,,,,1.547,596690.632,Device,,NVIDIA A100-SXM4-40GB (0),1,,13,[CUDA memset]
1908339975,2592,3685,,,,,,,,,,0.021,8123.447,Pinned,Device,NVIDIA A100-SXM4-40GB (0),1,,13,[CUDA memcpy Host-to-Device]
1908351623,7200,3686,,,,,,,,,,0.131,18204.328,Pinned,Device,NVIDIA A100-SXM4-40GB (0),1,,13,[CUDA memcpy Host-to-Device]
1908364647,6048,3687,273,1,1,8,4,1,39,0.002,0.000,,,,,NVIDIA A100-SXM4-40GB (0),1,,13,"void channel_eq::eqMmseCoefCompLowMimoKernel<float, float, float, (unsigned int)4, (unsigned int)1, (unsigned int)4>(const channel_eq::_puschRxChEqStatDescr *, channel_eq::_puschRxChEqCoefCompDynDescr)"
1908371911,4832,3688,273,1,1,12,11,1,40,0.002,0.000,,,,,NVIDIA A100-SXM4-40GB (0),1,,13,"void channel_eq::eqMmseSoftDemapKernel<float, __half, __half, float, (unsigned int)4, (unsigned short)16383>(channel_eq::_puschRxChEqStatDescr *, channel_eq::_puschRxChEqSoftDemapDynDescr)"
1908378023,281852,3689,1,1,1,32,32,1,30,0.000,0.000,,,,,NVIDIA A100-SXM4-40GB (0),1,,13,"void convert_kernel<float2, __half2>(tensor_layout_any, T1 *, tensor_layout_any, const T2 *)"
1908661059,10176,3701,2253,1,1,128,1,1,16,0.000,0.000,,,,,NVIDIA A100-SXM4-40GB (0),1,,13,cupy_copy__float16_float16
1908672259,2368,3710,282,1,1,128,1,1,16,0.000,0.000,,,,,NVIDIA A100-SXM4-40GB (0),1,,13,cupy_copy__complex64_complex64
1908675843,1760,3719,26,1,1,128,1,1,16,0.000,0.000,,,,,NVIDIA A100-SXM4-40GB (0),1,,13,cupy_copy__float32_float32
1908678851,2592,3728,103,1,1,128,1,1,16,0.000,0.000,,,,,NVIDIA A100-SXM4-40GB (0),1,,13,cupy_copy__complex64_complex64
1908682627,11168,3738,1434,1,1,128,1,1,16,0.000,0.000,,,,,NVIDIA A100-SXM4-40GB (0),1,,13,cupy_copy__complex64_complex64
1908708867,78111,3743,1,1,1,32,32,1,30,0.000,0.000,,,,,NVIDIA A100-SXM4-40GB (0),1,,13,"void convert_kernel<__half2, float2>(tensor_layout_any, T1 *, tensor_layout_any, const T2 *)"
1908950176,4192,3746,,,,,,,,,,0.061,14656.451,Pinned,Device,NVIDIA A100-SXM4-40GB (0),1,,13,[CUDA memcpy Host-to-Device]
1908959040,589304,3747,,,,,,,,,,456.520,774258.734,Device,,NVIDIA A100-SXM4-40GB (0),1,,13,[CUDA memset]
1909552632,32800,3752,,,,,,,,,,0.825,25162.263,Pinned,Device,NVIDIA A100-SXM4-40GB (0),1,,13,[CUDA memcpy Host-to-Device]
1909587576,6720,3753,,,,,,,,,,0.131,19504.693,Pinned,Device,NVIDIA A100-SXM4-40GB (0),1,,13,[CUDA memcpy Host-to-Device]
1909599160,7167,3754,69,4,1,48,1,1,76,0.002,0.000,,,,,NVIDIA A100-SXM4-40GB (0),1,,13,"void ch_est::windowedChEstPreNoDftSOfdmKernel<float, __half, float, (unsigned int)2, (unsigned int)1, (unsigned short)4>(ch_est::puschRxChEstStatDescr_t *, ch_est::puschRxChEstDynDescr_t *)"
1909607607,6272,3755,137,2,1,24,2,1,44,0.001,0.001,,,,,NVIDIA A100-SXM4-40GB (0),1,,13,"void ch_est::chEstFilterNoDftSOfdmDispatchKernel<float, __half, float, (unsigned int)2>(ch_est::puschRxChEstStatDescr_t *, ch_est::puschRxChEstDynDescr_t *)"
1909614935,4544,3756,137,2,1,24,2,1,44,0.001,0.001,,,,,NVIDIA A100-SXM4-40GB (0),1,,13,"void ch_est::chEstFilterNoDftSOfdmDispatchKernel<float, __half, float, (unsigned int)2>(ch_est::puschRxChEstStatDescr_t *, ch_est::puschRxChEstDynDescr_t *)"
1909620599,2592,3767,103,1,1,128,1,1,16,0.000,0.000,,,,,NVIDIA A100-SXM4-40GB (0),1,,13,cupy_copy__complex64_complex64
1909624279,12736,3777,1434,1,1,128,1,1,16,0.000,0.000,,,,,NVIDIA A100-SXM4-40GB (0),1,,13,cupy_copy__complex64_complex64
1909638231,2144,3784,103,1,1,128,1,1,16,0.000,0.000,,,,,NVIDIA A100-SXM4-40GB (0),1,,13,cupy_copy__complex64_complex64
1909641431,78367,3791,1,1,1,32,32,1,30,0.000,0.000,,,,,NVIDIA A100-SXM4-40GB (0),1,,13,"void convert_kernel<__half2, float2>(tensor_layout_any, T1 *, tensor_layout_any, const T2 *)"
1909752822,4192,3794,,,,,,,,,,0.061,14656.451,Pinned,Device,NVIDIA A100-SXM4-40GB (0),1,,13,[CUDA memcpy Host-to-Device]
1909767861,44736,3795,,,,,,,,,,35.801,800258.859,Device,,NVIDIA A100-SXM4-40GB (0),1,,13,[CUDA memset]
1909820021,1856,3797,,,,,,,,,,0.000,43.103,Pinned,Device,NVIDIA A100-SXM4-40GB (0),1,,13,[CUDA memcpy Host-to-Device]
1909824021,6944,3798,,,,,,,,,,0.131,18875.548,Pinned,Device,NVIDIA A100-SXM4-40GB (0),1,,13,[CUDA memcpy Host-to-Device]
1909835701,8575,3799,273,1,1,48,1,1,40,0.000,0.001,,,,,NVIDIA A100-SXM4-40GB (0),1,,13,"void pusch_noise_intf_est::noiseIntfEstNoDftSOfdmKernel<float, __half, float, float, (unsigned int)2, (unsigned int)1, (unsigned char)4, (unsigned char)4>(pusch_noise_intf_est::puschRxNoiseIntfEstDynDescr)"
1909845332,2560,3810,35,1,1,128,1,1,16,0.000,0.000,,,,,NVIDIA A100-SXM4-40GB (0),1,,13,cupy_copy__complex64_complex64
1909880628,1504,3819,1,1,1,1,1,1,18,0.000,0.000,,,,,NVIDIA A100-SXM4-40GB (0),1,,13,cupy_copy__float32_float32
1909914388,1728,3825,,,,,,,,,,0.000,2.315,Device,Pageable,NVIDIA A100-SXM4-40GB (0),1,,7,[CUDA memcpy Device-to-Host]
1909972147,13152,3836,1434,1,1,128,1,1,16,0.000,0.000,,,,,NVIDIA A100-SXM4-40GB (0),1,,13,cupy_copy__complex64_complex64
1909997939,2368,3843,103,1,1,128,1,1,16,0.000,0.000,,,,,NVIDIA A100-SXM4-40GB (0),1,,13,cupy_copy__complex64_complex64
1910018802,2016,3850,35,1,1,128,1,1,16,0.000,0.000,,,,,NVIDIA A100-SXM4-40GB (0),1,,13,cupy_copy__complex64_complex64
1910036242,1472,3857,1,1,1,1,1,1,18,0.000,0.000,,,,,NVIDIA A100-SXM4-40GB (0),1,,13,cupy_copy__float32_float32
1910172752,78079,3868,1,1,1,32,32,1,30,0.000,0.000,,,,,NVIDIA A100-SXM4-40GB (0),1,,13,"void convert_kernel<__half2, float2>(tensor_layout_any, T1 *, tensor_layout_any, const T2 *)"
1910409805,4224,3871,,,,,,,,,,0.061,14545.428,Pinned,Device,NVIDIA A100-SXM4-40GB (0),1,,13,[CUDA memcpy Host-to-Device]
1910420365,2592,3872,,,,,,,,,,1.547,596690.632,Device,,NVIDIA A100-SXM4-40GB (0),1,,13,[CUDA memset]
1910423501,2752,3877,,,,,,,,,,0.021,7651.161,Pinned,Device,NVIDIA A100-SXM4-40GB (0),1,,13,[CUDA memcpy Host-to-Device]
1910429549,7424,3878,,,,,,,,,,0.131,17655.136,Pinned,Device,NVIDIA A100-SXM4-40GB (0),1,,13,[CUDA memcpy Host-to-Device]
1910441293,5856,3879,273,1,1,8,4,1,39,0.002,0.000,,,,,NVIDIA A100-SXM4-40GB (0),1,,13,"void channel_eq::eqMmseCoefCompLowMimoKernel<float, float, float, (unsigned int)4, (unsigned int)1, (unsigned int)4>(const channel_eq::_puschRxChEqStatDescr *, channel_eq::_puschRxChEqCoefCompDynDescr)"
1910448493,4928,3880,273,1,1,12,11,1,40,0.002,0.000,,,,,NVIDIA A100-SXM4-40GB (0),1,,13,"void channel_eq::eqMmseSoftDemapKernel<float, __half, __half, float, (unsigned int)4, (unsigned short)16383>(channel_eq::_puschRxChEqStatDescr *, channel_eq::_puschRxChEqSoftDemapDynDescr)"
1910454669,281724,3881,1,1,1,32,32,1,30,0.000,0.000,,,,,NVIDIA A100-SXM4-40GB (0),1,,13,"void convert_kernel<float2, __half2>(tensor_layout_any, T1 *, tensor_layout_any, const T2 *)"
1910737641,10496,3893,2253,1,1,128,1,1,16,0.000,0.000,,,,,NVIDIA A100-SXM4-40GB (0),1,,13,cupy_copy__float16_float16
1910749321,2368,3902,282,1,1,128,1,1,16,0.000,0.000,,,,,NVIDIA A100-SXM4-40GB (0),1,,13,cupy_copy__complex64_complex64
1910752777,1792,3911,26,1,1,128,1,1,16,0.000,0.000,,,,,NVIDIA A100-SXM4-40GB (0),1,,13,cupy_copy__float32_float32
1910755785,2528,3920,103,1,1,128,1,1,16,0.000,0.000,,,,,NVIDIA A100-SXM4-40GB (0),1,,13,cupy_copy__complex64_complex64
1910759561,11328,3930,1434,1,1,128,1,1,16,0.000,0.000,,,,,NVIDIA A100-SXM4-40GB (0),1,,13,cupy_copy__complex64_complex64
1910918375,78911,3935,1,1,1,32,32,1,30,0.000,0.000,,,,,NVIDIA A100-SXM4-40GB (0),1,,13,"void convert_kernel<__half2, float2>(tensor_layout_any, T1 *, tensor_layout_any, const T2 *)"
1911028486,4160,3938,,,,,,,,,,0.061,14769.193,Pinned,Device,NVIDIA A100-SXM4-40GB (0),1,,13,[CUDA memcpy Host-to-Device]
1911039621,587833,3939,,,,,,,,,,456.520,776541.336,Device,,NVIDIA A100-SXM4-40GB (0),1,,13,[CUDA memset]
1911628670,33056,3944,,,,,,,,,,0.825,24967.481,Pinned,Device,NVIDIA A100-SXM4-40GB (0),1,,13,[CUDA memcpy Host-to-Device]
1911664286,6879,3945,,,,,,,,,,0.131,19053.806,Pinned,Device,NVIDIA A100-SXM4-40GB (0),1,,13,[CUDA memcpy Host-to-Device]
1911678877,7136,3946,69,4,1,48,1,1,76,0.002,0.000,,,,,NVIDIA A100-SXM4-40GB (0),1,,13,"void ch_est::windowedChEstPreNoDftSOfdmKernel<float, __half, float, (unsigned int)2, (unsigned int)1, (unsigned short)4>(ch_est::puschRxChEstStatDescr_t *, ch_est::puschRxChEstDynDescr_t *)"
1911687133,6144,3947,137,2,1,24,2,1,44,0.001,0.001,,,,,NVIDIA A100-SXM4-40GB (0),1,,13,"void ch_est::chEstFilterNoDftSOfdmDispatchKernel<float, __half, float, (unsigned int)2>(ch_est::puschRxChEstStatDescr_t *, ch_est::puschRxChEstDynDescr_t *)"
1911694269,4608,3948,137,2,1,24,2,1,44,0.001,0.001,,,,,NVIDIA A100-SXM4-40GB (0),1,,13,"void ch_est::chEstFilterNoDftSOfdmDispatchKernel<float, __half, float, (unsigned int)2>(ch_est::puschRxChEstStatDescr_t *, ch_est::puschRxChEstDynDescr_t *)"
1911700125,2208,3959,103,1,1,128,1,1,16,0.000,0.000,,,,,NVIDIA A100-SXM4-40GB (0),1,,13,cupy_copy__complex64_complex64
1911703517,12896,3969,1434,1,1,128,1,1,16,0.000,0.000,,,,,NVIDIA A100-SXM4-40GB (0),1,,13,cupy_copy__complex64_complex64
1911717693,2144,3976,103,1,1,128,1,1,16,0.000,0.000,,,,,NVIDIA A100-SXM4-40GB (0),1,,13,cupy_copy__complex64_complex64
1911720893,78079,3983,1,1,1,32,32,1,30,0.000,0.000,,,,,NVIDIA A100-SXM4-40GB (0),1,,13,"void convert_kernel<__half2, float2>(tensor_layout_any, T1 *, tensor_layout_any, const T2 *)"
1911828732,4159,3986,,,,,,,,,,0.061,14772.756,Pinned,Device,NVIDIA A100-SXM4-40GB (0),1,,13,[CUDA memcpy Host-to-Device]
1911842907,45248,3987,,,,,,,,,,35.801,791201.216,Device,,NVIDIA A100-SXM4-40GB (0),1,,13,[CUDA memset]
1911895963,1984,3989,,,,,,,,,,0.000,40.323,Pinned,Device,NVIDIA A100-SXM4-40GB (0),1,,13,[CUDA memcpy Host-to-Device]
1911900411,7264,3990,,,,,,,,,,0.131,18044.027,Pinned,Device,NVIDIA A100-SXM4-40GB (0),1,,13,[CUDA memcpy Host-to-Device]
1911913530,8544,3991,273,1,1,48,1,1,40,0.000,0.001,,,,,NVIDIA A100-SXM4-40GB (0),1,,13,"void pusch_noise_intf_est::noiseIntfEstNoDftSOfdmKernel<float, __half, float, float, (unsigned int)2, (unsigned int)1, (unsigned char)4, (unsigned char)4>(pusch_noise_intf_est::puschRxNoiseIntfEstDynDescr)"
1911923162,2656,4002,35,1,1,128,1,1,16,0.000,0.000,,,,,NVIDIA A100-SXM4-40GB (0),1,,13,cupy_copy__complex64_complex64
1911950106,1536,4011,1,1,1,1,1,1,18,0.000,0.000,,,,,NVIDIA A100-SXM4-40GB (0),1,,13,cupy_copy__float32_float32
1911983194,1824,4017,,,,,,,,,,0.000,2.193,Device,Pageable,NVIDIA A100-SXM4-40GB (0),1,,7,[CUDA memcpy Device-to-Host]
1912040537,13888,4028,1434,1,1,128,1,1,16,0.000,0.000,,,,,NVIDIA A100-SXM4-40GB (0),1,,13,cupy_copy__complex64_complex64
1912067097,2335,4035,103,1,1,128,1,1,16,0.000,0.000,,,,,NVIDIA A100-SXM4-40GB (0),1,,13,cupy_copy__complex64_complex64
1912087512,2016,4042,35,1,1,128,1,1,16,0.000,0.000,,,,,NVIDIA A100-SXM4-40GB (0),1,,13,cupy_copy__complex64_complex64
1912105560,1504,4049,1,1,1,1,1,1,18,0.000,0.000,,,,,NVIDIA A100-SXM4-40GB (0),1,,13,cupy_copy__float32_float32
1912237526,78175,4060,1,1,1,32,32,1,30,0.000,0.000,,,,,NVIDIA A100-SXM4-40GB (0),1,,13,"void convert_kernel<__half2, float2>(tensor_layout_any, T1 *, tensor_layout_any, const T2 *)"
1912344277,4128,4063,,,,,,,,,,0.061,14883.717,Pinned,Device,NVIDIA A100-SXM4-40GB (0),1,,13,[CUDA memcpy Host-to-Device]
1912358389,2560,4064,,,,,,,,,,1.547,604150.000,Device,,NVIDIA A100-SXM4-40GB (0),1,,13,[CUDA memset]
1912364693,2720,4069,,,,,,,,,,0.021,7741.175,Pinned,Device,NVIDIA A100-SXM4-40GB (0),1,,13,[CUDA memcpy Host-to-Device]
1912369525,7328,4070,,,,,,,,,,0.131,17886.347,Pinned,Device,NVIDIA A100-SXM4-40GB (0),1,,13,[CUDA memcpy Host-to-Device]
1912384085,5951,4071,273,1,1,8,4,1,39,0.002,0.000,,,,,NVIDIA A100-SXM4-40GB (0),1,,13,"void channel_eq::eqMmseCoefCompLowMimoKernel<float, float, float, (unsigned int)4, (unsigned int)1, (unsigned int)4>(const channel_eq::_puschRxChEqStatDescr *, channel_eq::_puschRxChEqCoefCompDynDescr)"
1912391252,4832,4072,273,1,1,12,11,1,40,0.002,0.000,,,,,NVIDIA A100-SXM4-40GB (0),1,,13,"void channel_eq::eqMmseSoftDemapKernel<float, __half, __half, float, (unsigned int)4, (unsigned short)16383>(channel_eq::_puschRxChEqStatDescr *, channel_eq::_puschRxChEqSoftDemapDynDescr)"
1912397396,281565,4073,1,1,1,32,32,1,30,0.000,0.000,,,,,NVIDIA A100-SXM4-40GB (0),1,,13,"void convert_kernel<float2, __half2>(tensor_layout_any, T1 *, tensor_layout_any, const T2 *)"
1912680209,10272,4085,2253,1,1,128,1,1,16,0.000,0.000,,,,,NVIDIA A100-SXM4-40GB (0),1,,13,cupy_copy__float16_float16
1912691665,2400,4094,282,1,1,128,1,1,16,0.000,0.000,,,,,NVIDIA A100-SXM4-40GB (0),1,,13,cupy_copy__complex64_complex64
1912695153,1760,4103,26,1,1,128,1,1,16,0.000,0.000,,,,,NVIDIA A100-SXM4-40GB (0),1,,13,cupy_copy__float32_float32
1912698161,2560,4112,103,1,1,128,1,1,16,0.000,0.000,,,,,NVIDIA A100-SXM4-40GB (0),1,,13,cupy_copy__complex64_complex64
1912702001,11359,4122,1434,1,1,128,1,1,16,0.000,0.000,,,,,NVIDIA A100-SXM4-40GB (0),1,,13,cupy_copy__complex64_complex64
1912738960,77919,4127,1,1,1,32,32,1,30,0.000,0.000,,,,,NVIDIA A100-SXM4-40GB (0),1,,13,"void convert_kernel<__half2, float2>(tensor_layout_any, T1 *, tensor_layout_any, const T2 *)"
1912844911,4128,4130,,,,,,,,,,0.061,14883.717,Pinned,Device,NVIDIA A100-SXM4-40GB (0),1,,13,[CUDA memcpy Host-to-Device]
1912856783,588728,4131,,,,,,,,,,456.520,775171.775,Device,,NVIDIA A100-SXM4-40GB (0),1,,13,[CUDA memset]
1913449991,33216,4136,,,,,,,,,,0.825,24846.981,Pinned,Device,NVIDIA A100-SXM4-40GB (0),1,,13,[CUDA memcpy Host-to-Device]
1913485351,7072,4137,,,,,,,,,,0.131,18533.843,Pinned,Device,NVIDIA A100-SXM4-40GB (0),1,,13,[CUDA memcpy Host-to-Device]
1913502982,7072,4138,69,4,1,48,1,1,76,0.002,0.000,,,,,NVIDIA A100-SXM4-40GB (0),1,,13,"void ch_est::windowedChEstPreNoDftSOfdmKernel<float, __half, float, (unsigned int)2, (unsigned int)1, (unsigned short)4>(ch_est::puschRxChEstStatDescr_t *, ch_est::puschRxChEstDynDescr_t *)"
1913511334,6400,4139,137,2,1,24,2,1,44,0.001,0.001,,,,,NVIDIA A100-SXM4-40GB (0),1,,13,"void ch_est::chEstFilterNoDftSOfdmDispatchKernel<float, __half, float, (unsigned int)2>(ch_est::puschRxChEstStatDescr_t *, ch_est::puschRxChEstDynDescr_t *)"
1913518982,4576,4140,137,2,1,24,2,1,44,0.001,0.001,,,,,NVIDIA A100-SXM4-40GB (0),1,,13,"void ch_est::chEstFilterNoDftSOfdmDispatchKernel<float, __half, float, (unsigned int)2>(ch_est::puschRxChEstStatDescr_t *, ch_est::puschRxChEstDynDescr_t *)"
1913524838,2176,4151,103,1,1,128,1,1,16,0.000,0.000,,,,,NVIDIA A100-SXM4-40GB (0),1,,13,cupy_copy__complex64_complex64
1913528038,12864,4161,1434,1,1,128,1,1,16,0.000,0.000,,,,,NVIDIA A100-SXM4-40GB (0),1,,13,cupy_copy__complex64_complex64
1913541958,2144,4168,103,1,1,128,1,1,16,0.000,0.000,,,,,NVIDIA A100-SXM4-40GB (0),1,,13,cupy_copy__complex64_complex64
1913545158,78399,4175,1,1,1,32,32,1,30,0.000,0.000,,,,,NVIDIA A100-SXM4-40GB (0),1,,13,"void convert_kernel<__half2, float2>(tensor_layout_any, T1 *, tensor_layout_any, const T2 *)"
1913651781,4159,4178,,,,,,,,,,0.061,14772.756,Pinned,Device,NVIDIA A100-SXM4-40GB (0),1,,13,[CUDA memcpy Host-to-Device]
1913663844,44864,4179,,,,,,,,,,35.801,797967.597,Device,,NVIDIA A100-SXM4-40GB (0),1,,13,[CUDA memset]
1913710372,1952,4181,,,,,,,,,,0.000,40.984,Pinned,Device,NVIDIA A100-SXM4-40GB (0),1,,13,[CUDA memcpy Host-to-Device]
1913714820,6816,4182,,,,,,,,,,0.131,19229.966,Pinned,Device,NVIDIA A100-SXM4-40GB (0),1,,13,[CUDA memcpy Host-to-Device]
1913733380,8703,4183,273,1,1,48,1,1,40,0.000,0.001,,,,,NVIDIA A100-SXM4-40GB (0),1,,13,"void pusch_noise_intf_est::noiseIntfEstNoDftSOfdmKernel<float, __half, float, float, (unsigned int)2, (unsigned int)1, (unsigned char)4, (unsigned char)4>(pusch_noise_intf_est::puschRxNoiseIntfEstDynDescr)"
1913743331,2592,4194,35,1,1,128,1,1,16,0.000,0.000,,,,,NVIDIA A100-SXM4-40GB (0),1,,13,cupy_copy__complex64_complex64
1913770339,1504,4203,1,1,1,1,1,1,18,0.000,0.000,,,,,NVIDIA A100-SXM4-40GB (0),1,,13,cupy_copy__float32_float32
1913803651,2272,4209,,,,,,,,,,0.000,1.761,Device,Pageable,NVIDIA A100-SXM4-40GB (0),1,,7,[CUDA memcpy Device-to-Host]
1913862210,13440,4220,1434,1,1,128,1,1,16,0.000,0.000,,,,,NVIDIA A100-SXM4-40GB (0),1,,13,cupy_copy__complex64_complex64
1913888610,2336,4227,103,1,1,128,1,1,16,0.000,0.000,,,,,NVIDIA A100-SXM4-40GB (0),1,,13,cupy_copy__complex64_complex64
1913909409,1984,4234,35,1,1,128,1,1,16,0.000,0.000,,,,,NVIDIA A100-SXM4-40GB (0),1,,13,cupy_copy__complex64_complex64
1913927265,1472,4241,1,1,1,1,1,1,18,0.000,0.000,,,,,NVIDIA A100-SXM4-40GB (0),1,,13,cupy_copy__float32_float32
1914059807,78527,4252,1,1,1,32,32,1,30,0.000,0.000,,,,,NVIDIA A100-SXM4-40GB (0),1,,13,"void convert_kernel<__half2, float2>(tensor_layout_any, T1 *, tensor_layout_any, const T2 *)"
1914298460,4160,4255,,,,,,,,,,0.061,14769.193,Pinned,Device,NVIDIA A100-SXM4-40GB (0),1,,13,[CUDA memcpy Host-to-Device]
1914310012,2560,4256,,,,,,,,,,1.547,604150.000,Device,,NVIDIA A100-SXM4-40GB (0),1,,13,[CUDA memset]
1914313596,2752,4261,,,,,,,,,,0.021,7651.161,Pinned,Device,NVIDIA A100-SXM4-40GB (0),1,,13,[CUDA memcpy Host-to-Device]
1914318460,6816,4262,,,,,,,,,,0.131,19229.966,Pinned,Device,NVIDIA A100-SXM4-40GB (0),1,,13,[CUDA memcpy Host-to-Device]
1914331420,5856,4263,273,1,1,8,4,1,39,0.002,0.000,,,,,NVIDIA A100-SXM4-40GB (0),1,,13,"void channel_eq::eqMmseCoefCompLowMimoKernel<float, float, float, (unsigned int)4, (unsigned int)1, (unsigned int)4>(const channel_eq::_puschRxChEqStatDescr *, channel_eq::_puschRxChEqCoefCompDynDescr)"
1914338588,4896,4264,273,1,1,12,11,1,40,0.002,0.000,,,,,NVIDIA A100-SXM4-40GB (0),1,,13,"void channel_eq::eqMmseSoftDemapKernel<float, __half, __half, float, (unsigned int)4, (unsigned short)16383>(channel_eq::_puschRxChEqStatDescr *, channel_eq::_puschRxChEqSoftDemapDynDescr)"
1914344700,281660,4265,1,1,1,32,32,1,30,0.000,0.000,,,,,NVIDIA A100-SXM4-40GB (0),1,,13,"void convert_kernel<float2, __half2>(tensor_layout_any, T1 *, tensor_layout_any, const T2 *)"
1914627384,10528,4277,2253,1,1,128,1,1,16,0.000,0.000,,,,,NVIDIA A100-SXM4-40GB (0),1,,13,cupy_copy__float16_float16
1914638968,2400,4286,282,1,1,128,1,1,16,0.000,0.000,,,,,NVIDIA A100-SXM4-40GB (0),1,,13,cupy_copy__complex64_complex64
1914642424,1760,4295,26,1,1,128,1,1,16,0.000,0.000,,,,,NVIDIA A100-SXM4-40GB (0),1,,13,cupy_copy__float32_float32
1914645432,2528,4304,103,1,1,128,1,1,16,0.000,0.000,,,,,NVIDIA A100-SXM4-40GB (0),1,,13,cupy_copy__complex64_complex64
1914649208,11392,4314,1434,1,1,128,1,1,16,0.000,0.000,,,,,NVIDIA A100-SXM4-40GB (0),1,,13,cupy_copy__complex64_complex64
1914807670,79103,4319,1,1,1,32,32,1,30,0.000,0.000,,,,,NVIDIA A100-SXM4-40GB (0),1,,13,"void convert_kernel<__half2, float2>(tensor_layout_any, T1 *, tensor_layout_any, const T2 *)"
1914919541,4160,4322,,,,,,,,,,0.061,14769.193,Pinned,Device,NVIDIA A100-SXM4-40GB (0),1,,13,[CUDA memcpy Host-to-Device]
1914930900,587609,4323,,,,,,,,,,456.520,776541.336,Device,,NVIDIA A100-SXM4-40GB (0),1,,13,[CUDA memset]
1915523597,32736,4328,,,,,,,,,,0.825,25211.783,Pinned,Device,NVIDIA A100-SXM4-40GB (0),1,,13,[CUDA memcpy Host-to-Device]
1915558477,6719,4329,,,,,,,,,,0.131,19507.577,Pinned,Device,NVIDIA A100-SXM4-40GB (0),1,,13,[CUDA memcpy Host-to-Device]
1915574508,7168,4330,69,4,1,48,1,1,76,0.002,0.000,,,,,NVIDIA A100-SXM4-40GB (0),1,,13,"void ch_est::windowedChEstPreNoDftSOfdmKernel<float, __half, float, (unsigned int)2, (unsigned int)1, (unsigned short)4>(ch_est::puschRxChEstStatDescr_t *, ch_est::puschRxChEstDynDescr_t *)"
1915582796,6176,4331,137,2,1,24,2,1,44,0.001,0.001,,,,,NVIDIA A100-SXM4-40GB (0),1,,13,"void ch_est::chEstFilterNoDftSOfdmDispatchKernel<float, __half, float, (unsigned int)2>(ch_est::puschRxChEstStatDescr_t *, ch_est::puschRxChEstDynDescr_t *)"
1915590028,4576,4332,137,2,1,24,2,1,44,0.001,0.001,,,,,NVIDIA A100-SXM4-40GB (0),1,,13,"void ch_est::chEstFilterNoDftSOfdmDispatchKernel<float, __half, float, (unsigned int)2>(ch_est::puschRxChEstStatDescr_t *, ch_est::puschRxChEstDynDescr_t *)"
1915595884,2208,4343,103,1,1,128,1,1,16,0.000,0.000,,,,,NVIDIA A100-SXM4-40GB (0),1,,13,cupy_copy__complex64_complex64
1915599084,12544,4353,1434,1,1,128,1,1,16,0.000,0.000,,,,,NVIDIA A100-SXM4-40GB (0),1,,13,cupy_copy__complex64_complex64
1915612812,2112,4360,103,1,1,128,1,1,16,0.000,0.000,,,,,NVIDIA A100-SXM4-40GB (0),1,,13,cupy_copy__complex64_complex64
1915616236,78431,4367,1,1,1,32,32,1,30,0.000,0.000,,,,,NVIDIA A100-SXM4-40GB (0),1,,13,"void convert_kernel<__half2, float2>(tensor_layout_any, T1 *, tensor_layout_any, const T2 *)"
1915852617,4704,4370,,,,,,,,,,0.061,13061.222,Pinned,Device,NVIDIA A100-SXM4-40GB (0),1,,13,[CUDA memcpy Host-to-Device]
1915865321,45759,4371,,,,,,,,,,35.801,782358.379,Device,,NVIDIA A100-SXM4-40GB (0),1,,13,[CUDA memset]
1915915784,1856,4373,,,,,,,,,,0.000,43.103,Pinned,Device,NVIDIA A100-SXM4-40GB (0),1,,13,[CUDA memcpy Host-to-Device]
1915920296,6784,4374,,,,,,,,,,0.131,19320.668,Pinned,Device,NVIDIA A100-SXM4-40GB (0),1,,13,[CUDA memcpy Host-to-Device]
1915935976,9024,4375,273,1,1,48,1,1,40,0.000,0.001,,,,,NVIDIA A100-SXM4-40GB (0),1,,13,"void pusch_noise_intf_est::noiseIntfEstNoDftSOfdmKernel<float, __half, float, float, (unsigned int)2, (unsigned int)1, (unsigned char)4, (unsigned char)4>(pusch_noise_intf_est::puschRxNoiseIntfEstDynDescr)"
1915946024,2528,4386,35,1,1,128,1,1,16,0.000,0.000,,,,,NVIDIA A100-SXM4-40GB (0),1,,13,cupy_copy__complex64_complex64
1915956008,1503,4395,1,1,1,1,1,1,18,0.000,0.000,,,,,NVIDIA A100-SXM4-40GB (0),1,,13,cupy_copy__float32_float32
1915988903,1728,4401,,,,,,,,,,0.000,2.315,Device,Pageable,NVIDIA A100-SXM4-40GB (0),1,,7,[CUDA memcpy Device-to-Host]
1916046438,13824,4412,1434,1,1,128,1,1,16,0.000,0.000,,,,,NVIDIA A100-SXM4-40GB (0),1,,13,cupy_copy__complex64_complex64
1916073158,2400,4419,103,1,1,128,1,1,16,0.000,0.000,,,,,NVIDIA A100-SXM4-40GB (0),1,,13,cupy_copy__complex64_complex64
1916093446,2016,4426,35,1,1,128,1,1,16,0.000,0.000,,,,,NVIDIA A100-SXM4-40GB (0),1,,13,cupy_copy__complex64_complex64
1916111494,1504,4433,1,1,1,1,1,1,18,0.000,0.000,,,,,NVIDIA A100-SXM4-40GB (0),1,,13,cupy_copy__float32_float32
1916373122,79679,4444,1,1,1,32,32,1,30,0.000,0.000,,,,,NVIDIA A100-SXM4-40GB (0),1,,13,"void convert_kernel<__half2, float2>(tensor_layout_any, T1 *, tensor_layout_any, const T2 *)"
1916484481,4160,4447,,,,,,,,,,0.061,14769.193,Pinned,Device,NVIDIA A100-SXM4-40GB (0),1,,13,[CUDA memcpy Host-to-Device]
1916499297,2560,4448,,,,,,,,,,1.547,604150.000,Device,,NVIDIA A100-SXM4-40GB (0),1,,13,[CUDA memset]
1916505633,2720,4453,,,,,,,,,,0.021,7741.175,Pinned,Device,NVIDIA A100-SXM4-40GB (0),1,,13,[CUDA memcpy Host-to-Device]
1916511489,6783,4454,,,,,,,,,,0.131,19323.552,Pinned,Device,NVIDIA A100-SXM4-40GB (0),1,,13,[CUDA memcpy Host-to-Device]
1916525280,5952,4455,273,1,1,8,4,1,39,0.002,0.000,,,,,NVIDIA A100-SXM4-40GB (0),1,,13,"void channel_eq::eqMmseCoefCompLowMimoKernel<float, float, float, (unsigned int)4, (unsigned int)1, (unsigned int)4>(const channel_eq::_puschRxChEqStatDescr *, channel_eq::_puschRxChEqCoefCompDynDescr)"
1916532544,4864,4456,273,1,1,12,11,1,40,0.002,0.000,,,,,NVIDIA A100-SXM4-40GB (0),1,,13,"void channel_eq::eqMmseSoftDemapKernel<float, __half, __half, float, (unsigned int)4, (unsigned short)16383>(channel_eq::_puschRxChEqStatDescr *, channel_eq::_puschRxChEqSoftDemapDynDescr)"
1916538688,281181,4457,1,1,1,32,32,1,30,0.000,0.000,,,,,NVIDIA A100-SXM4-40GB (0),1,,13,"void convert_kernel<float2, __half2>(tensor_layout_any, T1 *, tensor_layout_any, const T2 *)"
1916820989,10367,4469,2253,1,1,128,1,1,16,0.000,0.000,,,,,NVIDIA A100-SXM4-40GB (0),1,,13,cupy_copy__float16_float16
1916832540,2368,4478,282,1,1,128,1,1,16,0.000,0.000,,,,,NVIDIA A100-SXM4-40GB (0),1,,13,cupy_copy__complex64_complex64
1916836156,1728,4487,26,1,1,128,1,1,16,0.000,0.000,,,,,NVIDIA A100-SXM4-40GB (0),1,,13,cupy_copy__float32_float32
1916839132,2560,4496,103,1,1,128,1,1,16,0.000,0.000,,,,,NVIDIA A100-SXM4-40GB (0),1,,13,cupy_copy__complex64_complex64
1916842908,11168,4506,1434,1,1,128,1,1,16,0.000,0.000,,,,,NVIDIA A100-SXM4-40GB (0),1,,13,cupy_copy__complex64_complex64
1916916091,78623,4511,1,1,1,32,32,1,30,0.000,0.000,,,,,NVIDIA A100-SXM4-40GB (0),1,,13,"void convert_kernel<__half2, float2>(tensor_layout_any, T1 *, tensor_layout_any, const T2 *)"
1917022874,4704,4514,,,,,,,,,,0.061,13061.222,Pinned,Device,NVIDIA A100-SXM4-40GB (0),1,,13,[CUDA memcpy Host-to-Device]
1917036410,588248,4515,,,,,,,,,,456.520,775628.296,Device,,NVIDIA A100-SXM4-40GB (0),1,,13,[CUDA memset]
1917630930,33312,4520,,,,,,,,,,0.825,24776.002,Pinned,Device,NVIDIA A100-SXM4-40GB (0),1,,13,[CUDA memcpy Host-to-Device]
1917666386,6720,4521,,,,,,,,,,0.131,19504.693,Pinned,Device,NVIDIA A100-SXM4-40GB (0),1,,13,[CUDA memcpy Host-to-Device]
1917680466,7232,4522,69,4,1,48,1,1,76,0.002,0.000,,,,,NVIDIA A100-SXM4-40GB (0),1,,13,"void ch_est::windowedChEstPreNoDftSOfdmKernel<float, __half, float, (unsigned int)2, (unsigned int)1, (unsigned short)4>(ch_est::puschRxChEstStatDescr_t *, ch_est::puschRxChEstDynDescr_t *)"
1917689010,6304,4523,137,2,1,24,2,1,44,0.001,0.001,,,,,NVIDIA A100-SXM4-40GB (0),1,,13,"void ch_est::chEstFilterNoDftSOfdmDispatchKernel<float, __half, float, (unsigned int)2>(ch_est::puschRxChEstStatDescr_t *, ch_est::puschRxChEstDynDescr_t *)"
1917696370,4544,4524,137,2,1,24,2,1,44,0.001,0.001,,,,,NVIDIA A100-SXM4-40GB (0),1,,13,"void ch_est::chEstFilterNoDftSOfdmDispatchKernel<float, __half, float, (unsigned int)2>(ch_est::puschRxChEstStatDescr_t *, ch_est::puschRxChEstDynDescr_t *)"
1917702002,2175,4535,103,1,1,128,1,1,16,0.000,0.000,,,,,NVIDIA A100-SXM4-40GB (0),1,,13,cupy_copy__complex64_complex64
1917705201,12768,4545,1434,1,1,128,1,1,16,0.000,0.000,,,,,NVIDIA A100-SXM4-40GB (0),1,,13,cupy_copy__complex64_complex64
1917719217,2112,4552,103,1,1,128,1,1,16,0.000,0.000,,,,,NVIDIA A100-SXM4-40GB (0),1,,13,cupy_copy__complex64_complex64
1917722417,78271,4559,1,1,1,32,32,1,30,0.000,0.000,,,,,NVIDIA A100-SXM4-40GB (0),1,,13,"void convert_kernel<__half2, float2>(tensor_layout_any, T1 *, tensor_layout_any, const T2 *)"
1917830480,4160,4562,,,,,,,,,,0.061,14769.193,Pinned,Device,NVIDIA A100-SXM4-40GB (0),1,,13,[CUDA memcpy Host-to-Device]
1917842896,45119,4563,,,,,,,,,,35.801,793456.676,Device,,NVIDIA A100-SXM4-40GB (0),1,,13,[CUDA memset]
1917894095,2432,4565,,,,,,,,,,0.000,32.895,Pinned,Device,NVIDIA A100-SXM4-40GB (0),1,,13,[CUDA memcpy Host-to-Device]
1917898639,6752,4566,,,,,,,,,,0.131,19412.287,Pinned,Device,NVIDIA A100-SXM4-40GB (0),1,,13,[CUDA memcpy Host-to-Device]
1917910863,8608,4567,273,1,1,48,1,1,40,0.000,0.001,,,,,NVIDIA A100-SXM4-40GB (0),1,,13,"void pusch_noise_intf_est::noiseIntfEstNoDftSOfdmKernel<float, __half, float, float, (unsigned int)2, (unsigned int)1, (unsigned char)4, (unsigned char)4>(pusch_noise_intf_est::puschRxNoiseIntfEstDynDescr)"
1917920495,2624,4578,35,1,1,128,1,1,16,0.000,0.000,,,,,NVIDIA A100-SXM4-40GB (0),1,,13,cupy_copy__complex64_complex64
1917947726,1536,4587,1,1,1,1,1,1,18,0.000,0.000,,,,,NVIDIA A100-SXM4-40GB (0),1,,13,cupy_copy__float32_float32
1917981390,2112,4593,,,,,,,,,,0.000,1.894,Device,Pageable,NVIDIA A100-SXM4-40GB (0),1,,7,[CUDA memcpy Device-to-Host]
1918038989,13088,4604,1434,1,1,128,1,1,16,0.000,0.000,,,,,NVIDIA A100-SXM4-40GB (0),1,,13,cupy_copy__complex64_complex64
1918065773,2368,4611,103,1,1,128,1,1,16,0.000,0.000,,,,,NVIDIA A100-SXM4-40GB (0),1,,13,cupy_copy__complex64_complex64
1918086413,1984,4618,35,1,1,128,1,1,16,0.000,0.000,,,,,NVIDIA A100-SXM4-40GB (0),1,,13,cupy_copy__complex64_complex64
1918104876,1504,4625,1,1,1,1,1,1,18,0.000,0.000,,,,,NVIDIA A100-SXM4-40GB (0),1,,13,cupy_copy__float32_float32
1918238059,78207,4636,1,1,1,32,32,1,30,0.000,0.000,,,,,NVIDIA A100-SXM4-40GB (0),1,,13,"void convert_kernel<__half2, float2>(tensor_layout_any, T1 *, tensor_layout_any, const T2 *)"
1918344969,4160,4639,,,,,,,,,,0.061,14769.193,Pinned,Device,NVIDIA A100-SXM4-40GB (0),1,,13,[CUDA memcpy Host-to-Device]
1918358473,2560,4640,,,,,,,,,,1.547,604150.000,Device,,NVIDIA A100-SXM4-40GB (0),1,,13,[CUDA memset]
1918369609,2496,4645,,,,,,,,,,0.021,8435.897,Pinned,Device,NVIDIA A100-SXM4-40GB (0),1,,13,[CUDA memcpy Host-to-Device]
1918381609,6816,4646,,,,,,,,,,0.131,19229.966,Pinned,Device,NVIDIA A100-SXM4-40GB (0),1,,13,[CUDA memcpy Host-to-Device]
1918394569,6080,4647,273,1,1,8,4,1,39,0.002,0.000,,,,,NVIDIA A100-SXM4-40GB (0),1,,13,"void channel_eq::eqMmseCoefCompLowMimoKernel<float, float, float, (unsigned int)4, (unsigned int)1, (unsigned int)4>(const channel_eq::_puschRxChEqStatDescr *, channel_eq::_puschRxChEqCoefCompDynDescr)"
1918401705,4896,4648,273,1,1,12,11,1,40,0.002,0.000,,,,,NVIDIA A100-SXM4-40GB (0),1,,13,"void channel_eq::eqMmseSoftDemapKernel<float, __half, __half, float, (unsigned int)4, (unsigned short)16383>(channel_eq::_puschRxChEqStatDescr *, channel_eq::_puschRxChEqSoftDemapDynDescr)"
1918407593,281564,4649,1,1,1,32,32,1,30,0.000,0.000,,,,,NVIDIA A100-SXM4-40GB (0),1,,13,"void convert_kernel<float2, __half2>(tensor_layout_any, T1 *, tensor_layout_any, const T2 *)"
1918690213,10496,4661,2253,1,1,128,1,1,16,0.000,0.000,,,,,NVIDIA A100-SXM4-40GB (0),1,,13,cupy_copy__float16_float16
1918701989,2368,4670,282,1,1,128,1,1,16,0.000,0.000,,,,,NVIDIA A100-SXM4-40GB (0),1,,13,cupy_copy__complex64_complex64
1918705445,1792,4679,26,1,1,128,1,1,16,0.000,0.000,,,,,NVIDIA A100-SXM4-40GB (0),1,,13,cupy_copy__float32_float32
1918708549,2528,4688,103,1,1,128,1,1,16,0.000,0.000,,,,,NVIDIA A100-SXM4-40GB (0),1,,13,cupy_copy__complex64_complex64
1918712325,11200,4698,1434,1,1,128,1,1,16,0.000,0.000,,,,,NVIDIA A100-SXM4-40GB (0),1,,13,cupy_copy__complex64_complex64
1918737956,78687,4703,1,1,1,32,32,1,30,0.000,0.000,,,,,NVIDIA A100-SXM4-40GB (0),1,,13,"void convert_kernel<__half2, float2>(tensor_layout_any, T1 *, tensor_layout_any, const T2 *)"
1918844291,4192,4706,,,,,,,,,,0.061,14656.451,Pinned,Device,NVIDIA A100-SXM4-40GB (0),1,,13,[CUDA memcpy Host-to-Device]
1918855203,588185,4707,,,,,,,,,,456.520,776084.816,Device,,NVIDIA A100-SXM4-40GB (0),1,,13,[CUDA memset]
1919451963,32896,4712,,,,,,,,,,0.825,25088.807,Pinned,Device,NVIDIA A100-SXM4-40GB (0),1,,13,[CUDA memcpy Host-to-Device]
1919487163,7136,4713,,,,,,,,,,0.131,18367.644,Pinned,Device,NVIDIA A100-SXM4-40GB (0),1,,13,[CUDA memcpy Host-to-Device]
1919499067,7232,4714,69,4,1,48,1,1,76,0.002,0.000,,,,,NVIDIA A100-SXM4-40GB (0),1,,13,"void ch_est::windowedChEstPreNoDftSOfdmKernel<float, __half, float, (unsigned int)2, (unsigned int)1, (unsigned short)4>(ch_est::puschRxChEstStatDescr_t *, ch_est::puschRxChEstDynDescr_t *)"
1919507323,6240,4715,137,2,1,24,2,1,44,0.001,0.001,,,,,NVIDIA A100-SXM4-40GB (0),1,,13,"void ch_est::chEstFilterNoDftSOfdmDispatchKernel<float, __half, float, (unsigned int)2>(ch_est::puschRxChEstStatDescr_t *, ch_est::puschRxChEstDynDescr_t *)"
1919514747,4576,4716,137,2,1,24,2,1,44,0.001,0.001,,,,,NVIDIA A100-SXM4-40GB (0),1,,13,"void ch_est::chEstFilterNoDftSOfdmDispatchKernel<float, __half, float, (unsigned int)2>(ch_est::puschRxChEstStatDescr_t *, ch_est::puschRxChEstDynDescr_t *)"
1919520603,2240,4727,103,1,1,128,1,1,16,0.000,0.000,,,,,NVIDIA A100-SXM4-40GB (0),1,,13,cupy_copy__complex64_complex64
1919523899,12639,4737,1434,1,1,128,1,1,16,0.000,0.000,,,,,NVIDIA A100-SXM4-40GB (0),1,,13,cupy_copy__complex64_complex64
1919537626,2080,4744,103,1,1,128,1,1,16,0.000,0.000,,,,,NVIDIA A100-SXM4-40GB (0),1,,13,cupy_copy__complex64_complex64
1919540826,78623,4751,1,1,1,32,32,1,30,0.000,0.000,,,,,NVIDIA A100-SXM4-40GB (0),1,,13,"void convert_kernel<__half2, float2>(tensor_layout_any, T1 *, tensor_layout_any, const T2 *)"
1919780823,4128,4754,,,,,,,,,,0.061,14883.717,Pinned,Device,NVIDIA A100-SXM4-40GB (0),1,,13,[CUDA memcpy Host-to-Device]
1919793335,45952,4755,,,,,,,,,,35.801,779064.691,Device,,NVIDIA A100-SXM4-40GB (0),1,,13,[CUDA memset]
1919846199,1855,4757,,,,,,,,,,0.000,43.127,Pinned,Device,NVIDIA A100-SXM4-40GB (0),1,,13,[CUDA memcpy Host-to-Device]
1919850550,7104,4758,,,,,,,,,,0.131,18450.350,Pinned,Device,NVIDIA A100-SXM4-40GB (0),1,,13,[CUDA memcpy Host-to-Device]
1919865622,9056,4759,273,1,1,48,1,1,40,0.000,0.001,,,,,NVIDIA A100-SXM4-40GB (0),1,,13,"void pusch_noise_intf_est::noiseIntfEstNoDftSOfdmKernel<float, __half, float, float, (unsigned int)2, (unsigned int)1, (unsigned char)4, (unsigned char)4>(pusch_noise_intf_est::puschRxNoiseIntfEstDynDescr)"
1919875670,2624,4770,35,1,1,128,1,1,16,0.000,0.000,,,,,NVIDIA A100-SXM4-40GB (0),1,,13,cupy_copy__complex64_complex64
1919887254,1504,4779,1,1,1,1,1,1,18,0.000,0.000,,,,,NVIDIA A100-SXM4-40GB (0),1,,13,cupy_copy__float32_float32
1919921014,1728,4785,,,,,,,,,,0.000,2.315,Device,Pageable,NVIDIA A100-SXM4-40GB (0),1,,7,[CUDA memcpy Device-to-Host]
1919979061,13120,4796,1434,1,1,128,1,1,16,0.000,0.000,,,,,NVIDIA A100-SXM4-40GB (0),1,,13,cupy_copy__complex64_complex64
1920005973,2399,4803,103,1,1,128,1,1,16,0.000,0.000,,,,,NVIDIA A100-SXM4-40GB (0),1,,13,cupy_copy__complex64_complex64
1920026644,1984,4810,35,1,1,128,1,1,16,0.000,0.000,,,,,NVIDIA A100-SXM4-40GB (0),1,,13,cupy_copy__complex64_complex64
1920045012,1504,4817,1,1,1,1,1,1,18,0.000,0.000,,,,,NVIDIA A100-SXM4-40GB (0),1,,13,cupy_copy__float32_float32
1920306289,78847,4828,1,1,1,32,32,1,30,0.000,0.000,,,,,NVIDIA A100-SXM4-40GB (0),1,,13,"void convert_kernel<__half2, float2>(tensor_layout_any, T1 *, tensor_layout_any, const T2 *)"
1920418095,4736,4831,,,,,,,,,,0.061,12972.933,Pinned,Device,NVIDIA A100-SXM4-40GB (0),1,,13,[CUDA memcpy Host-to-Device]
1920435247,2560,4832,,,,,,,,,,1.547,604150.000,Device,,NVIDIA A100-SXM4-40GB (0),1,,13,[CUDA memset]
1920441391,2752,4837,,,,,,,,,,0.021,7651.161,Pinned,Device,NVIDIA A100-SXM4-40GB (0),1,,13,[CUDA memcpy Host-to-Device]
1920446639,6816,4838,,,,,,,,,,0.131,19229.966,Pinned,Device,NVIDIA A100-SXM4-40GB (0),1,,13,[CUDA memcpy Host-to-Device]
1920458607,5888,4839,273,1,1,8,4,1,39,0.002,0.000,,,,,NVIDIA A100-SXM4-40GB (0),1,,13,"void channel_eq::eqMmseCoefCompLowMimoKernel<float, float, float, (unsigned int)4, (unsigned int)1, (unsigned int)4>(const channel_eq::_puschRxChEqStatDescr *, channel_eq::_puschRxChEqCoefCompDynDescr)"
1920465775,4832,4840,273,1,1,12,11,1,40,0.002,0.000,,,,,NVIDIA A100-SXM4-40GB (0),1,,13,"void channel_eq::eqMmseSoftDemapKernel<float, __half, __half, float, (unsigned int)4, (unsigned short)16383>(channel_eq::_puschRxChEqStatDescr *, channel_eq::_puschRxChEqSoftDemapDynDescr)"
1920471919,282524,4841,1,1,1,32,32,1,30,0.000,0.000,,,,,NVIDIA A100-SXM4-40GB (0),1,,13,"void convert_kernel<float2, __half2>(tensor_layout_any, T1 *, tensor_layout_any, const T2 *)"
1920755595,10144,4853,2253,1,1,128,1,1,16,0.000,0.000,,,,,NVIDIA A100-SXM4-40GB (0),1,,13,cupy_copy__float16_float16
1920766763,2368,4862,282,1,1,128,1,1,16,0.000,0.000,,,,,NVIDIA A100-SXM4-40GB (0),1,,13,cupy_copy__complex64_complex64
1920770187,1760,4871,26,1,1,128,1,1,16,0.000,0.000,,,,,NVIDIA A100-SXM4-40GB (0),1,,13,cupy_copy__float32_float32
1920773227,2560,4880,103,1,1,128,1,1,16,0.000,0.000,,,,,NVIDIA A100-SXM4-40GB (0),1,,13,cupy_copy__complex64_complex64
1920777099,11360,4890,1434,1,1,128,1,1,16,0.000,0.000,,,,,NVIDIA A100-SXM4-40GB (0),1,,13,cupy_copy__complex64_complex64
1920823562,78271,4895,1,1,1,32,32,1,30,0.000,0.000,,,,,NVIDIA A100-SXM4-40GB (0),1,,13,"void convert_kernel<__half2, float2>(tensor_layout_any, T1 *, tensor_layout_any, const T2 *)"
1921059687,4160,4898,,,,,,,,,,0.061,14769.193,Pinned,Device,NVIDIA A100-SXM4-40GB (0),1,,13,[CUDA memcpy Host-to-Device]
1921068167,590489,4899,,,,,,,,,,456.520,772889.173,Device,,NVIDIA A100-SXM4-40GB (0),1,,13,[CUDA memset]
1921667328,32767,4904,,,,,,,,,,0.825,25187.848,Pinned,Device,NVIDIA A100-SXM4-40GB (0),1,,13,[CUDA memcpy Host-to-Device]
1921702239,7232,4905,,,,,,,,,,0.131,18123.850,Pinned,Device,NVIDIA A100-SXM4-40GB (0),1,,13,[CUDA memcpy Host-to-Device]
1921713983,7808,4906,69,4,1,48,1,1,76,0.002,0.000,,,,,NVIDIA A100-SXM4-40GB (0),1,,13,"void ch_est::windowedChEstPreNoDftSOfdmKernel<float, __half, float, (unsigned int)2, (unsigned int)1, (unsigned short)4>(ch_est::puschRxChEstStatDescr_t *, ch_est::puschRxChEstDynDescr_t *)"
1921722815,6336,4907,137,2,1,24,2,1,44,0.001,0.001,,,,,NVIDIA A100-SXM4-40GB (0),1,,13,"void ch_est::chEstFilterNoDftSOfdmDispatchKernel<float, __half, float, (unsigned int)2>(ch_est::puschRxChEstStatDescr_t *, ch_est::puschRxChEstDynDescr_t *)"
1921730175,4576,4908,137,2,1,24,2,1,44,0.001,0.001,,,,,NVIDIA A100-SXM4-40GB (0),1,,13,"void ch_est::chEstFilterNoDftSOfdmDispatchKernel<float, __half, float, (unsigned int)2>(ch_est::puschRxChEstStatDescr_t *, ch_est::puschRxChEstDynDescr_t *)"
1921735999,2176,4919,103,1,1,128,1,1,16,0.000,0.000,,,,,NVIDIA A100-SXM4-40GB (0),1,,13,cupy_copy__complex64_complex64
1921739199,12384,4929,1434,1,1,128,1,1,16,0.000,0.000,,,,,NVIDIA A100-SXM4-40GB (0),1,,13,cupy_copy__complex64_complex64
1921752863,2143,4936,103,1,1,128,1,1,16,0.000,0.000,,,,,NVIDIA A100-SXM4-40GB (0),1,,13,cupy_copy__complex64_complex64
1921756062,78047,4943,1,1,1,32,32,1,30,0.000,0.000,,,,,NVIDIA A100-SXM4-40GB (0),1,,13,"void convert_kernel<__half2, float2>(tensor_layout_any, T1 *, tensor_layout_any, const T2 *)"
1921866781,4544,4946,,,,,,,,,,0.061,13521.101,Pinned,Device,NVIDIA A100-SXM4-40GB (0),1,,13,[CUDA memcpy Host-to-Device]
1921879357,45599,4947,,,,,,,,,,35.801,785115.053,Device,,NVIDIA A100-SXM4-40GB (0),1,,13,[CUDA memset]
1921932060,1984,4949,,,,,,,,,,0.000,40.323,Pinned,Device,NVIDIA A100-SXM4-40GB (0),1,,13,[CUDA memcpy Host-to-Device]
1921936156,6816,4950,,,,,,,,,,0.131,19229.966,Pinned,Device,NVIDIA A100-SXM4-40GB (0),1,,13,[CUDA memcpy Host-to-Device]
1921947452,8352,4951,273,1,1,48,1,1,40,0.000,0.001,,,,,NVIDIA A100-SXM4-40GB (0),1,,13,"void pusch_noise_intf_est::noiseIntfEstNoDftSOfdmKernel<float, __half, float, float, (unsigned int)2, (unsigned int)1, (unsigned char)4, (unsigned char)4>(pusch_noise_intf_est::puschRxNoiseIntfEstDynDescr)"
1921957020,2560,4962,35,1,1,128,1,1,16,0.000,0.000,,,,,NVIDIA A100-SXM4-40GB (0),1,,13,cupy_copy__complex64_complex64
1921990076,1503,4971,1,1,1,1,1,1,18,0.000,0.000,,,,,NVIDIA A100-SXM4-40GB (0),1,,13,cupy_copy__float32_float32
1922024091,1728,4977,,,,,,,,,,0.000,2.315,Device,Pageable,NVIDIA A100-SXM4-40GB (0),1,,7,[CUDA memcpy Device-to-Host]
1922082362,13408,4988,1434,1,1,128,1,1,16,0.000,0.000,,,,,NVIDIA A100-SXM4-40GB (0),1,,13,cupy_copy__complex64_complex64
1922109274,2336,4995,103,1,1,128,1,1,16,0.000,0.000,,,,,NVIDIA A100-SXM4-40GB (0),1,,13,cupy_copy__complex64_complex64
1922130074,1984,5002,35,1,1,128,1,1,16,0.000,0.000,,,,,NVIDIA A100-SXM4-40GB (0),1,,13,cupy_copy__complex64_complex64
1922149146,1471,5009,1,1,1,1,1,1,18,0.000,0.000,,,,,NVIDIA A100-SXM4-40GB (0),1,,13,cupy_copy__float32_float32
1922283256,78495,5020,1,1,1,32,32,1,30,0.000,0.000,,,,,NVIDIA A100-SXM4-40GB (0),1,,13,"void convert_kernel<__half2, float2>(tensor_layout_any, T1 *, tensor_layout_any, const T2 *)"
1922390358,4480,5023,,,,,,,,,,0.061,13714.268,Pinned,Device,NVIDIA A100-SXM4-40GB (0),1,,13,[CUDA memcpy Host-to-Device]
1922405270,2560,5024,,,,,,,,,,1.547,604150.000,Device,,NVIDIA A100-SXM4-40GB (0),1,,13,[CUDA memset]
1922411574,3296,5029,,,,,,,,,,0.021,6388.348,Pinned,Device,NVIDIA A100-SXM4-40GB (0),1,,13,[CUDA memcpy Host-to-Device]
1922416982,6912,5030,,,,,,,,,,0.131,18962.842,Pinned,Device,NVIDIA A100-SXM4-40GB (0),1,,13,[CUDA memcpy Host-to-Device]
1922430774,5920,5031,273,1,1,8,4,1,39,0.002,0.000,,,,,NVIDIA A100-SXM4-40GB (0),1,,13,"void channel_eq::eqMmseCoefCompLowMimoKernel<float, float, float, (unsigned int)4, (unsigned int)1, (unsigned int)4>(const channel_eq::_puschRxChEqStatDescr *, channel_eq::_puschRxChEqCoefCompDynDescr)"
1922437974,4832,5032,273,1,1,12,11,1,40,0.002,0.000,,,,,NVIDIA A100-SXM4-40GB (0),1,,13,"void channel_eq::eqMmseSoftDemapKernel<float, __half, __half, float, (unsigned int)4, (unsigned short)16383>(channel_eq::_puschRxChEqStatDescr *, channel_eq::_puschRxChEqSoftDemapDynDescr)"
1922444054,281532,5033,1,1,1,32,32,1,30,0.000,0.000,,,,,NVIDIA A100-SXM4-40GB (0),1,,13,"void convert_kernel<float2, __half2>(tensor_layout_any, T1 *, tensor_layout_any, const T2 *)"
1922726738,10432,5045,2253,1,1,128,1,1,16,0.000,0.000,,,,,NVIDIA A100-SXM4-40GB (0),1,,13,cupy_copy__float16_float16
1922738482,2400,5054,282,1,1,128,1,1,16,0.000,0.000,,,,,NVIDIA A100-SXM4-40GB (0),1,,13,cupy_copy__complex64_complex64
1922741970,1760,5063,26,1,1,128,1,1,16,0.000,0.000,,,,,NVIDIA A100-SXM4-40GB (0),1,,13,cupy_copy__float32_float32
1922744946,2528,5072,103,1,1,128,1,1,16,0.000,0.000,,,,,NVIDIA A100-SXM4-40GB (0),1,,13,cupy_copy__complex64_complex64
1922748722,11168,5082,1434,1,1,128,1,1,16,0.000,0.000,,,,,NVIDIA A100-SXM4-40GB (0),1,,13,cupy_copy__complex64_complex64
1922785521,78528,5087,1,1,1,32,32,1,30,0.000,0.000,,,,,NVIDIA A100-SXM4-40GB (0),1,,13,"void convert_kernel<__half2, float2>(tensor_layout_any, T1 *, tensor_layout_any, const T2 *)"
1922891312,4128,5090,,,,,,,,,,0.061,14883.717,Pinned,Device,NVIDIA A100-SXM4-40GB (0),1,,13,[CUDA memcpy Host-to-Device]
1922902064,587673,5091,,,,,,,,,,456.520,776541.336,Device,,NVIDIA A100-SXM4-40GB (0),1,,13,[CUDA memset]
1923492233,32959,5096,,,,,,,,,,0.825,25040.937,Pinned,Device,NVIDIA A100-SXM4-40GB (0),1,,13,[CUDA memcpy Host-to-Device]
1923527816,6752,5097,,,,,,,,,,0.131,19412.287,Pinned,Device,NVIDIA A100-SXM4-40GB (0),1,,13,[CUDA memcpy Host-to-Device]
1923541736,7104,5098,69,4,1,48,1,1,76,0.002,0.000,,,,,NVIDIA A100-SXM4-40GB (0),1,,13,"void ch_est::windowedChEstPreNoDftSOfdmKernel<float, __half, float, (unsigned int)2, (unsigned int)1, (unsigned short)4>(ch_est::puschRxChEstStatDescr_t *, ch_est::puschRxChEstDynDescr_t *)"
1923549896,6208,5099,137,2,1,24,2,1,44,0.001,0.001,,,,,NVIDIA A100-SXM4-40GB (0),1,,13,"void ch_est::chEstFilterNoDftSOfdmDispatchKernel<float, __half, float, (unsigned int)2>(ch_est::puschRxChEstStatDescr_t *, ch_est::puschRxChEstDynDescr_t *)"
1923557416,4576,5100,137,2,1,24,2,1,44,0.001,0.001,,,,,NVIDIA A100-SXM4-40GB (0),1,,13,"void ch_est::chEstFilterNoDftSOfdmDispatchKernel<float, __half, float, (unsigned int)2>(ch_est::puschRxChEstStatDescr_t *, ch_est::puschRxChEstDynDescr_t *)"
1923563272,2176,5111,103,1,1,128,1,1,16,0.000,0.000,,,,,NVIDIA A100-SXM4-40GB (0),1,,13,cupy_copy__complex64_complex64
1923566440,12352,5121,1434,1,1,128,1,1,16,0.000,0.000,,,,,NVIDIA A100-SXM4-40GB (0),1,,13,cupy_copy__complex64_complex64
1923579879,2112,5128,103,1,1,128,1,1,16,0.000,0.000,,,,,NVIDIA A100-SXM4-40GB (0),1,,13,cupy_copy__complex64_complex64
1923583271,78623,5135,1,1,1,32,32,1,30,0.000,0.000,,,,,NVIDIA A100-SXM4-40GB (0),1,,13,"void convert_kernel<__half2, float2>(tensor_layout_any, T1 *, tensor_layout_any, const T2 *)"
1923688678,4128,5138,,,,,,,,,,0.061,14883.717,Pinned,Device,NVIDIA A100-SXM4-40GB (0),1,,13,[CUDA memcpy Host-to-Device]
1923700038,44735,5139,,,,,,,,,,35.801,800258.859,Device,,NVIDIA A100-SXM4-40GB (0),1,,13,[CUDA memset]
1923751301,1824,5141,,,,,,,,,,0.000,43.860,Pinned,Device,NVIDIA A100-SXM4-40GB (0),1,,13,[CUDA memcpy Host-to-Device]
1923755301,6720,5142,,,,,,,,,,0.131,19504.693,Pinned,Device,NVIDIA A100-SXM4-40GB (0),1,,13,[CUDA memcpy Host-to-Device]
1923769125,8512,5143,273,1,1,48,1,1,40,0.000,0.001,,,,,NVIDIA A100-SXM4-40GB (0),1,,13,"void pusch_noise_intf_est::noiseIntfEstNoDftSOfdmKernel<float, __half, float, float, (unsigned int)2, (unsigned int)1, (unsigned char)4, (unsigned char)4>(pusch_noise_intf_est::puschRxNoiseIntfEstDynDescr)"
1923778725,2560,5154,35,1,1,128,1,1,16,0.000,0.000,,,,,NVIDIA A100-SXM4-40GB (0),1,,13,cupy_copy__complex64_complex64
1923805989,1536,5163,1,1,1,1,1,1,18,0.000,0.000,,,,,NVIDIA A100-SXM4-40GB (0),1,,13,cupy_copy__float32_float32
1923838948,1856,5169,,,,,,,,,,0.000,2.155,Device,Pageable,NVIDIA A100-SXM4-40GB (0),1,,7,[CUDA memcpy Device-to-Host]
1923896484,13951,5180,1434,1,1,128,1,1,16,0.000,0.000,,,,,NVIDIA A100-SXM4-40GB (0),1,,13,cupy_copy__complex64_complex64
1923922883,2368,5187,103,1,1,128,1,1,16,0.000,0.000,,,,,NVIDIA A100-SXM4-40GB (0),1,,13,cupy_copy__complex64_complex64
1923944163,2016,5194,35,1,1,128,1,1,16,0.000,0.000,,,,,NVIDIA A100-SXM4-40GB (0),1,,13,cupy_copy__complex64_complex64
1923962563,1504,5201,1,1,1,1,1,1,18,0.000,0.000,,,,,NVIDIA A100-SXM4-40GB (0),1,,13,cupy_copy__float32_float32
1924097441,78463,5212,1,1,1,32,32,1,30,0.000,0.000,,,,,NVIDIA A100-SXM4-40GB (0),1,,13,"void convert_kernel<__half2, float2>(tensor_layout_any, T1 *, tensor_layout_any, const T2 *)"
1924203872,4192,5215,,,,,,,,,,0.061,14656.451,Pinned,Device,NVIDIA A100-SXM4-40GB (0),1,,13,[CUDA memcpy Host-to-Device]
1924217919,2560,5216,,,,,,,,,,1.547,604150.000,Device,,NVIDIA A100-SXM4-40GB (0),1,,13,[CUDA memset]
1924223967,2784,5221,,,,,,,,,,0.021,7563.210,Pinned,Device,NVIDIA A100-SXM4-40GB (0),1,,13,[CUDA memcpy Host-to-Device]
1924229247,6816,5222,,,,,,,,,,0.131,19229.966,Pinned,Device,NVIDIA A100-SXM4-40GB (0),1,,13,[CUDA memcpy Host-to-Device]
1924241407,5920,5223,273,1,1,8,4,1,39,0.002,0.000,,,,,NVIDIA A100-SXM4-40GB (0),1,,13,"void channel_eq::eqMmseCoefCompLowMimoKernel<float, float, float, (unsigned int)4, (unsigned int)1, (unsigned int)4>(const channel_eq::_puschRxChEqStatDescr *, channel_eq::_puschRxChEqCoefCompDynDescr)"
1924248351,4800,5224,273,1,1,12,11,1,40,0.002,0.000,,,,,NVIDIA A100-SXM4-40GB (0),1,,13,"void channel_eq::eqMmseSoftDemapKernel<float, __half, __half, float, (unsigned int)4, (unsigned short)16383>(channel_eq::_puschRxChEqStatDescr *, channel_eq::_puschRxChEqSoftDemapDynDescr)"
1924254175,281308,5225,1,1,1,32,32,1,30,0.000,0.000,,,,,NVIDIA A100-SXM4-40GB (0),1,,13,"void convert_kernel<float2, __half2>(tensor_layout_any, T1 *, tensor_layout_any, const T2 *)"
1924536603,10240,5237,2253,1,1,128,1,1,16,0.000,0.000,,,,,NVIDIA A100-SXM4-40GB (0),1,,13,cupy_copy__float16_float16
1924548123,2368,5246,282,1,1,128,1,1,16,0.000,0.000,,,,,NVIDIA A100-SXM4-40GB (0),1,,13,cupy_copy__complex64_complex64
1924551707,1760,5255,26,1,1,128,1,1,16,0.000,0.000,,,,,NVIDIA A100-SXM4-40GB (0),1,,13,cupy_copy__float32_float32
1924554715,2528,5264,103,1,1,128,1,1,16,0.000,0.000,,,,,NVIDIA A100-SXM4-40GB (0),1,,13,cupy_copy__complex64_complex64
1924558459,11264,5274,1434,1,1,128,1,1,16,0.000,0.000,,,,,NVIDIA A100-SXM4-40GB (0),1,,13,cupy_copy__complex64_complex64
1924591579,77983,5279,1,1,1,32,32,1,30,0.000,0.000,,,,,NVIDIA A100-SXM4-40GB (0),1,,13,"void convert_kernel<__half2, float2>(tensor_layout_any, T1 *, tensor_layout_any, const T2 *)"
1924829944,4160,5282,,,,,,,,,,0.061,14769.193,Pinned,Device,NVIDIA A100-SXM4-40GB (0),1,,13,[CUDA memcpy Host-to-Device]
1924843768,589240,5283,,,,,,,,,,456.520,774715.255,Device,,NVIDIA A100-SXM4-40GB (0),1,,13,[CUDA memset]
1925442128,32672,5288,,,,,,,,,,0.825,25261.304,Pinned,Device,NVIDIA A100-SXM4-40GB (0),1,,13,[CUDA memcpy Host-to-Device]
1925477616,7135,5289,,,,,,,,,,0.131,18370.265,Pinned,Device,NVIDIA A100-SXM4-40GB (0),1,,13,[CUDA memcpy Host-to-Device]
1925495951,7392,5290,69,4,1,48,1,1,76,0.002,0.000,,,,,NVIDIA A100-SXM4-40GB (0),1,,13,"void ch_est::windowedChEstPreNoDftSOfdmKernel<float, __half, float, (unsigned int)2, (unsigned int)1, (unsigned short)4>(ch_est::puschRxChEstStatDescr_t *, ch_est::puschRxChEstDynDescr_t *)"
1925504431,6208,5291,137,2,1,24,2,1,44,0.001,0.001,,,,,NVIDIA A100-SXM4-40GB (0),1,,13,"void ch_est::chEstFilterNoDftSOfdmDispatchKernel<float, __half, float, (unsigned int)2>(ch_est::puschRxChEstStatDescr_t *, ch_est::puschRxChEstDynDescr_t *)"
1925511951,4576,5292,137,2,1,24,2,1,44,0.001,0.001,,,,,NVIDIA A100-SXM4-40GB (0),1,,13,"void ch_est::chEstFilterNoDftSOfdmDispatchKernel<float, __half, float, (unsigned int)2>(ch_est::puschRxChEstStatDescr_t *, ch_est::puschRxChEstDynDescr_t *)"
1925517583,2592,5303,103,1,1,128,1,1,16,0.000,0.000,,,,,NVIDIA A100-SXM4-40GB (0),1,,13,cupy_copy__complex64_complex64
1925521391,12640,5313,1434,1,1,128,1,1,16,0.000,0.000,,,,,NVIDIA A100-SXM4-40GB (0),1,,13,cupy_copy__complex64_complex64
1925535119,2112,5320,103,1,1,128,1,1,16,0.000,0.000,,,,,NVIDIA A100-SXM4-40GB (0),1,,13,cupy_copy__complex64_complex64
1925538319,78751,5327,1,1,1,32,32,1,30,0.000,0.000,,,,,NVIDIA A100-SXM4-40GB (0),1,,13,"void convert_kernel<__half2, float2>(tensor_layout_any, T1 *, tensor_layout_any, const T2 *)"
1925647309,4384,5330,,,,,,,,,,0.061,14014.587,Pinned,Device,NVIDIA A100-SXM4-40GB (0),1,,13,[CUDA memcpy Host-to-Device]
1925660045,44640,5331,,,,,,,,,,35.801,801977.305,Device,,NVIDIA A100-SXM4-40GB (0),1,,13,[CUDA memset]
1925706029,1856,5333,,,,,,,,,,0.000,43.103,Pinned,Device,NVIDIA A100-SXM4-40GB (0),1,,13,[CUDA memcpy Host-to-Device]
1925709997,6976,5334,,,,,,,,,,0.131,18788.909,Pinned,Device,NVIDIA A100-SXM4-40GB (0),1,,13,[CUDA memcpy Host-to-Device]
1925721101,8671,5335,273,1,1,48,1,1,40,0.000,0.001,,,,,NVIDIA A100-SXM4-40GB (0),1,,13,"void pusch_noise_intf_est::noiseIntfEstNoDftSOfdmKernel<float, __half, float, float, (unsigned int)2, (unsigned int)1, (unsigned char)4, (unsigned char)4>(pusch_noise_intf_est::puschRxNoiseIntfEstDynDescr)"
1925735468,2592,5346,35,1,1,128,1,1,16,0.000,0.000,,,,,NVIDIA A100-SXM4-40GB (0),1,,13,cupy_copy__complex64_complex64
1925771692,1536,5355,1,1,1,1,1,1,18,0.000,0.000,,,,,NVIDIA A100-SXM4-40GB (0),1,,13,cupy_copy__float32_float32
1925804715,1728,5361,,,,,,,,,,0.000,2.315,Device,Pageable,NVIDIA A100-SXM4-40GB (0),1,,7,[CUDA memcpy Device-to-Host]
1925862347,13280,5372,1434,1,1,128,1,1,16,0.000,0.000,,,,,NVIDIA A100-SXM4-40GB (0),1,,13,cupy_copy__complex64_complex64
1925888874,2368,5379,103,1,1,128,1,1,16,0.000,0.000,,,,,NVIDIA A100-SXM4-40GB (0),1,,13,cupy_copy__complex64_complex64
1925909418,1984,5386,35,1,1,128,1,1,16,0.000,0.000,,,,,NVIDIA A100-SXM4-40GB (0),1,,13,cupy_copy__complex64_complex64
1925932170,1504,5393,1,1,1,1,1,1,18,0.000,0.000,,,,,NVIDIA A100-SXM4-40GB (0),1,,13,cupy_copy__float32_float32
1926064424,78559,5404,1,1,1,32,32,1,30,0.000,0.000,,,,,NVIDIA A100-SXM4-40GB (0),1,,13,"void convert_kernel<__half2, float2>(tensor_layout_any, T1 *, tensor_layout_any, const T2 *)"
1926300421,4128,5407,,,,,,,,,,0.061,14883.717,Pinned,Device,NVIDIA A100-SXM4-40GB (0),1,,13,[CUDA memcpy Host-to-Device]
1926310981,2560,5408,,,,,,,,,,1.547,604150.000,Device,,NVIDIA A100-SXM4-40GB (0),1,,13,[CUDA memset]
1926314405,2752,5413,,,,,,,,,,0.021,7651.161,Pinned,Device,NVIDIA A100-SXM4-40GB (0),1,,13,[CUDA memcpy Host-to-Device]
1926319269,7104,5414,,,,,,,,,,0.131,18450.350,Pinned,Device,NVIDIA A100-SXM4-40GB (0),1,,13,[CUDA memcpy Host-to-Device]
1926337637,5920,5415,273,1,1,8,4,1,39,0.002,0.000,,,,,NVIDIA A100-SXM4-40GB (0),1,,13,"void channel_eq::eqMmseCoefCompLowMimoKernel<float, float, float, (unsigned int)4, (unsigned int)1, (unsigned int)4>(const channel_eq::_puschRxChEqStatDescr *, channel_eq::_puschRxChEqCoefCompDynDescr)"
1926344869,4928,5416,273,1,1,12,11,1,40,0.002,0.000,,,,,NVIDIA A100-SXM4-40GB (0),1,,13,"void channel_eq::eqMmseSoftDemapKernel<float, __half, __half, float, (unsigned int)4, (unsigned short)16383>(channel_eq::_puschRxChEqStatDescr *, channel_eq::_puschRxChEqSoftDemapDynDescr)"
1926350981,281916,5417,1,1,1,32,32,1,30,0.000,0.000,,,,,NVIDIA A100-SXM4-40GB (0),1,,13,"void convert_kernel<float2, __half2>(tensor_layout_any, T1 *, tensor_layout_any, const T2 *)"
1926634113,10208,5429,2253,1,1,128,1,1,16,0.000,0.000,,,,,NVIDIA A100-SXM4-40GB (0),1,,13,cupy_copy__float16_float16
1926645537,2400,5438,282,1,1,128,1,1,16,0.000,0.000,,,,,NVIDIA A100-SXM4-40GB (0),1,,13,cupy_copy__complex64_complex64
1926649025,1760,5447,26,1,1,128,1,1,16,0.000,0.000,,,,,NVIDIA A100-SXM4-40GB (0),1,,13,cupy_copy__float32_float32
1926651937,2528,5456,103,1,1,128,1,1,16,0.000,0.000,,,,,NVIDIA A100-SXM4-40GB (0),1,,13,cupy_copy__complex64_complex64
1926655745,11200,5466,1434,1,1,128,1,1,16,0.000,0.000,,,,,NVIDIA A100-SXM4-40GB (0),1,,13,cupy_copy__complex64_complex64
1926799679,79647,5471,1,1,1,32,32,1,30,0.000,0.000,,,,,NVIDIA A100-SXM4-40GB (0),1,,13,"void convert_kernel<__half2, float2>(tensor_layout_any, T1 *, tensor_layout_any, const T2 *)"
1926911166,4159,5474,,,,,,,,,,0.061,14772.756,Pinned,Device,NVIDIA A100-SXM4-40GB (0),1,,13,[CUDA memcpy Host-to-Device]
1926922365,588601,5475,,,,,,,,,,456.520,775171.775,Device,,NVIDIA A100-SXM4-40GB (0),1,,13,[CUDA memset]
1927513430,32704,5480,,,,,,,,,,0.825,25236.543,Pinned,Device,NVIDIA A100-SXM4-40GB (0),1,,13,[CUDA memcpy Host-to-Device]
1927548278,6975,5481,,,,,,,,,,0.131,18791.662,Pinned,Device,NVIDIA A100-SXM4-40GB (0),1,,13,[CUDA memcpy Host-to-Device]
1927560917,6912,5482,69,4,1,48,1,1,76,0.002,0.000,,,,,NVIDIA A100-SXM4-40GB (0),1,,13,"void ch_est::windowedChEstPreNoDftSOfdmKernel<float, __half, float, (unsigned int)2, (unsigned int)1, (unsigned short)4>(ch_est::puschRxChEstStatDescr_t *, ch_est::puschRxChEstDynDescr_t *)"
1927569141,6240,5483,137,2,1,24,2,1,44,0.001,0.001,,,,,NVIDIA A100-SXM4-40GB (0),1,,13,"void ch_est::chEstFilterNoDftSOfdmDispatchKernel<float, __half, float, (unsigned int)2>(ch_est::puschRxChEstStatDescr_t *, ch_est::puschRxChEstDynDescr_t *)"
1927576469,4544,5484,137,2,1,24,2,1,44,0.001,0.001,,,,,NVIDIA A100-SXM4-40GB (0),1,,13,"void ch_est::chEstFilterNoDftSOfdmDispatchKernel<float, __half, float, (unsigned int)2>(ch_est::puschRxChEstStatDescr_t *, ch_est::puschRxChEstDynDescr_t *)"
1927582325,2176,5495,103,1,1,128,1,1,16,0.000,0.000,,,,,NVIDIA A100-SXM4-40GB (0),1,,13,cupy_copy__complex64_complex64
1927585717,12352,5505,1434,1,1,128,1,1,16,0.000,0.000,,,,,NVIDIA A100-SXM4-40GB (0),1,,13,cupy_copy__complex64_complex64
1927599349,2112,5512,103,1,1,128,1,1,16,0.000,0.000,,,,,NVIDIA A100-SXM4-40GB (0),1,,13,cupy_copy__complex64_complex64
1927602549,78815,5519,1,1,1,32,32,1,30,0.000,0.000,,,,,NVIDIA A100-SXM4-40GB (0),1,,13,"void convert_kernel<__half2, float2>(tensor_layout_any, T1 *, tensor_layout_any, const T2 *)"
1927708627,4160,5522,,,,,,,,,,0.061,14769.193,Pinned,Device,NVIDIA A100-SXM4-40GB (0),1,,13,[CUDA memcpy Host-to-Device]
1927720659,44768,5523,,,,,,,,,,35.801,799686.044,Device,,NVIDIA A100-SXM4-40GB (0),1,,13,[CUDA memset]
1927772883,1856,5525,,,,,,,,,,0.000,43.103,Pinned,Device,NVIDIA A100-SXM4-40GB (0),1,,13,[CUDA memcpy Host-to-Device]
1927776851,6880,5526,,,,,,,,,,0.131,19051.053,Pinned,Device,NVIDIA A100-SXM4-40GB (0),1,,13,[CUDA memcpy Host-to-Device]
1927789266,8640,5527,273,1,1,48,1,1,40,0.000,0.001,,,,,NVIDIA A100-SXM4-40GB (0),1,,13,"void pusch_noise_intf_est::noiseIntfEstNoDftSOfdmKernel<float, __half, float, float, (unsigned int)2, (unsigned int)1, (unsigned char)4, (unsigned char)4>(pusch_noise_intf_est::puschRxNoiseIntfEstDynDescr)"
1927799058,2624,5538,35,1,1,128,1,1,16,0.000,0.000,,,,,NVIDIA A100-SXM4-40GB (0),1,,13,cupy_copy__complex64_complex64
1927831794,1536,5547,1,1,1,1,1,1,18,0.000,0.000,,,,,NVIDIA A100-SXM4-40GB (0),1,,13,cupy_copy__float32_float32
1927864882,1727,5553,,,,,,,,,,0.000,2.316,Device,Pageable,NVIDIA A100-SXM4-40GB (0),1,,7,[CUDA memcpy Device-to-Host]
1927922993,13664,5564,1434,1,1,128,1,1,16,0.000,0.000,,,,,NVIDIA A100-SXM4-40GB (0),1,,13,cupy_copy__complex64_complex64
1927949616,2368,5571,103,1,1,128,1,1,16,0.000,0.000,,,,,NVIDIA A100-SXM4-40GB (0),1,,13,cupy_copy__complex64_complex64
1927974032,2048,5578,35,1,1,128,1,1,16,0.000,0.000,,,,,NVIDIA A100-SXM4-40GB (0),1,,13,cupy_copy__complex64_complex64
1927993296,1472,5585,1,1,1,1,1,1,18,0.000,0.000,,,,,NVIDIA A100-SXM4-40GB (0),1,,13,cupy_copy__float32_float32
1928126062,77983,5596,1,1,1,32,32,1,30,0.000,0.000,,,,,NVIDIA A100-SXM4-40GB (0),1,,13,"void convert_kernel<__half2, float2>(tensor_layout_any, T1 *, tensor_layout_any, const T2 *)"
1928231917,4608,5599,,,,,,,,,,0.061,13333.279,Pinned,Device,NVIDIA A100-SXM4-40GB (0),1,,13,[CUDA memcpy Host-to-Device]
1928245581,2592,5600,,,,,,,,,,1.547,596690.632,Device,,NVIDIA A100-SXM4-40GB (0),1,,13,[CUDA memset]
1928251821,2848,5605,,,,,,,,,,0.021,7393.246,Pinned,Device,NVIDIA A100-SXM4-40GB (0),1,,13,[CUDA memcpy Host-to-Device]
1928256941,6751,5606,,,,,,,,,,0.131,19415.171,Pinned,Device,NVIDIA A100-SXM4-40GB (0),1,,13,[CUDA memcpy Host-to-Device]
1928268652,5888,5607,273,1,1,8,4,1,39,0.002,0.000,,,,,NVIDIA A100-SXM4-40GB (0),1,,13,"void channel_eq::eqMmseCoefCompLowMimoKernel<float, float, float, (unsigned int)4, (unsigned int)1, (unsigned int)4>(const channel_eq::_puschRxChEqStatDescr *, channel_eq::_puschRxChEqCoefCompDynDescr)"
1928275788,4832,5608,273,1,1,12,11,1,40,0.002,0.000,,,,,NVIDIA A100-SXM4-40GB (0),1,,13,"void channel_eq::eqMmseSoftDemapKernel<float, __half, __half, float, (unsigned int)4, (unsigned short)16383>(channel_eq::_puschRxChEqStatDescr *, channel_eq::_puschRxChEqSoftDemapDynDescr)"
1928281612,281533,5609,1,1,1,32,32,1,30,0.000,0.000,,,,,NVIDIA A100-SXM4-40GB (0),1,,13,"void convert_kernel<float2, __half2>(tensor_layout_any, T1 *, tensor_layout_any, const T2 *)"
1928564201,10368,5621,2253,1,1,128,1,1,16,0.000,0.000,,,,,NVIDIA A100-SXM4-40GB (0),1,,13,cupy_copy__float16_float16
1928575785,2400,5630,282,1,1,128,1,1,16,0.000,0.000,,,,,NVIDIA A100-SXM4-40GB (0),1,,13,cupy_copy__complex64_complex64
1928579273,1727,5639,26,1,1,128,1,1,16,0.000,0.000,,,,,NVIDIA A100-SXM4-40GB (0),1,,13,cupy_copy__float32_float32
1928582280,2560,5648,103,1,1,128,1,1,16,0.000,0.000,,,,,NVIDIA A100-SXM4-40GB (0),1,,13,cupy_copy__complex64_complex64
1928586120,11264,5658,1434,1,1,128,1,1,16,0.000,0.000,,,,,NVIDIA A100-SXM4-40GB (0),1,,13,cupy_copy__complex64_complex64
1928616456,79135,5663,1,1,1,32,32,1,30,0.000,0.000,,,,,NVIDIA A100-SXM4-40GB (0),1,,13,"void convert_kernel<__half2, float2>(tensor_layout_any, T1 *, tensor_layout_any, const T2 *)"
1928722663,4160,5666,,,,,,,,,,0.061,14769.193,Pinned,Device,NVIDIA A100-SXM4-40GB (0),1,,13,[CUDA memcpy Host-to-Device]
1928733127,588696,5667,,,,,,,,,,456.520,775171.775,Device,,NVIDIA A100-SXM4-40GB (0),1,,13,[CUDA memset]
1929327935,32864,5672,,,,,,,,,,0.825,25113.567,Pinned,Device,NVIDIA A100-SXM4-40GB (0),1,,13,[CUDA memcpy Host-to-Device]
1929362911,6752,5673,,,,,,,,,,0.131,19412.287,Pinned,Device,NVIDIA A100-SXM4-40GB (0),1,,13,[CUDA memcpy Host-to-Device]
1929375582,7552,5674,69,4,1,48,1,1,76,0.002,0.000,,,,,NVIDIA A100-SXM4-40GB (0),1,,13,"void ch_est::windowedChEstPreNoDftSOfdmKernel<float, __half, float, (unsigned int)2, (unsigned int)1, (unsigned short)4>(ch_est::puschRxChEstStatDescr_t *, ch_est::puschRxChEstDynDescr_t *)"
1929384222,6368,5675,137,2,1,24,2,1,44,0.001,0.001,,,,,NVIDIA A100-SXM4-40GB (0),1,,13,"void ch_est::chEstFilterNoDftSOfdmDispatchKernel<float, __half, float, (unsigned int)2>(ch_est::puschRxChEstStatDescr_t *, ch_est::puschRxChEstDynDescr_t *)"
1929391902,4576,5676,137,2,1,24,2,1,44,0.001,0.001,,,,,NVIDIA A100-SXM4-40GB (0),1,,13,"void ch_est::chEstFilterNoDftSOfdmDispatchKernel<float, __half, float, (unsigned int)2>(ch_est::puschRxChEstStatDescr_t *, ch_est::puschRxChEstDynDescr_t *)"
1929397758,2144,5687,103,1,1,128,1,1,16,0.000,0.000,,,,,NVIDIA A100-SXM4-40GB (0),1,,13,cupy_copy__complex64_complex64
1929400926,12320,5697,1434,1,1,128,1,1,16,0.000,0.000,,,,,NVIDIA A100-SXM4-40GB (0),1,,13,cupy_copy__complex64_complex64
1929414526,2144,5704,103,1,1,128,1,1,16,0.000,0.000,,,,,NVIDIA A100-SXM4-40GB (0),1,,13,cupy_copy__complex64_complex64
1929417726,78399,5711,1,1,1,32,32,1,30,0.000,0.000,,,,,NVIDIA A100-SXM4-40GB (0),1,,13,"void convert_kernel<__half2, float2>(tensor_layout_any, T1 *, tensor_layout_any, const T2 *)"
1929523197,4160,5714,,,,,,,,,,0.061,14769.193,Pinned,Device,NVIDIA A100-SXM4-40GB (0),1,,13,[CUDA memcpy Host-to-Device]
1929534812,44960,5715,,,,,,,,,,35.801,796249.151,Device,,NVIDIA A100-SXM4-40GB (0),1,,13,[CUDA memset]
1929586364,1856,5717,,,,,,,,,,0.000,43.103,Pinned,Device,NVIDIA A100-SXM4-40GB (0),1,,13,[CUDA memcpy Host-to-Device]
1929590364,6944,5718,,,,,,,,,,0.131,18875.548,Pinned,Device,NVIDIA A100-SXM4-40GB (0),1,,13,[CUDA memcpy Host-to-Device]
1929602716,8544,5719,273,1,1,48,1,1,40,0.000,0.001,,,,,NVIDIA A100-SXM4-40GB (0),1,,13,"void pusch_noise_intf_est::noiseIntfEstNoDftSOfdmKernel<float, __half, float, float, (unsigned int)2, (unsigned int)1, (unsigned char)4, (unsigned char)4>(pusch_noise_intf_est::puschRxNoiseIntfEstDynDescr)"
1929612412,2591,5730,35,1,1,128,1,1,16,0.000,0.000,,,,,NVIDIA A100-SXM4-40GB (0),1,,13,cupy_copy__complex64_complex64
1929640603,1504,5739,1,1,1,1,1,1,18,0.000,0.000,,,,,NVIDIA A100-SXM4-40GB (0),1,,13,cupy_copy__float32_float32
1929673243,1760,5745,,,,,,,,,,0.000,2.273,Device,Pageable,NVIDIA A100-SXM4-40GB (0),1,,7,[CUDA memcpy Device-to-Host]
1929729658,13120,5756,1434,1,1,128,1,1,16,0.000,0.000,,,,,NVIDIA A100-SXM4-40GB (0),1,,13,cupy_copy__complex64_complex64
1929759706,2368,5763,103,1,1,128,1,1,16,0.000,0.000,,,,,NVIDIA A100-SXM4-40GB (0),1,,13,cupy_copy__complex64_complex64
1929779385,2016,5770,35,1,1,128,1,1,16,0.000,0.000,,,,,NVIDIA A100-SXM4-40GB (0),1,,13,cupy_copy__complex64_complex64
1929797721,1504,5777,1,1,1,1,1,1,18,0.000,0.000,,,,,NVIDIA A100-SXM4-40GB (0),1,,13,cupy_copy__float32_float32
1929929848,78015,5788,1,1,1,32,32,1,30,0.000,0.000,,,,,NVIDIA A100-SXM4-40GB (0),1,,13,"void convert_kernel<__half2, float2>(tensor_layout_any, T1 *, tensor_layout_any, const T2 *)"
1930167701,4543,5791,,,,,,,,,,0.061,13524.050,Pinned,Device,NVIDIA A100-SXM4-40GB (0),1,,13,[CUDA memcpy Host-to-Device]
1930178644,2560,5792,,,,,,,,,,1.547,604150.000,Device,,NVIDIA A100-SXM4-40GB (0),1,,13,[CUDA memset]
1930184372,2752,5797,,,,,,,,,,0.021,7651.161,Pinned,Device,NVIDIA A100-SXM4-40GB (0),1,,13,[CUDA memcpy Host-to-Device]
1930189236,7456,5798,,,,,,,,,,0.131,17579.377,Pinned,Device,NVIDIA A100-SXM4-40GB (0),1,,13,[CUDA memcpy Host-to-Device]
1930200116,5888,5799,273,1,1,8,4,1,39,0.002,0.000,,,,,NVIDIA A100-SXM4-40GB (0),1,,13,"void channel_eq::eqMmseCoefCompLowMimoKernel<float, float, float, (unsigned int)4, (unsigned int)1, (unsigned int)4>(const channel_eq::_puschRxChEqStatDescr *, channel_eq::_puschRxChEqCoefCompDynDescr)"
1930207316,4832,5800,273,1,1,12,11,1,40,0.002,0.000,,,,,NVIDIA A100-SXM4-40GB (0),1,,13,"void channel_eq::eqMmseSoftDemapKernel<float, __half, __half, float, (unsigned int)4, (unsigned short)16383>(channel_eq::_puschRxChEqStatDescr *, channel_eq::_puschRxChEqSoftDemapDynDescr)"
1930213460,281564,5801,1,1,1,32,32,1,30,0.000,0.000,,,,,NVIDIA A100-SXM4-40GB (0),1,,13,"void convert_kernel<float2, __half2>(tensor_layout_any, T1 *, tensor_layout_any, const T2 *)"
1930496272,10304,5813,2253,1,1,128,1,1,16,0.000,0.000,,,,,NVIDIA A100-SXM4-40GB (0),1,,13,cupy_copy__float16_float16
1930507600,2368,5822,282,1,1,128,1,1,16,0.000,0.000,,,,,NVIDIA A100-SXM4-40GB (0),1,,13,cupy_copy__complex64_complex64
1930511056,1760,5831,26,1,1,128,1,1,16,0.000,0.000,,,,,NVIDIA A100-SXM4-40GB (0),1,,13,cupy_copy__float32_float32
1930514032,2528,5840,103,1,1,128,1,1,16,0.000,0.000,,,,,NVIDIA A100-SXM4-40GB (0),1,,13,cupy_copy__complex64_complex64
1930517808,11296,5850,1434,1,1,128,1,1,16,0.000,0.000,,,,,NVIDIA A100-SXM4-40GB (0),1,,13,cupy_copy__complex64_complex64
1930675310,78975,5855,1,1,1,32,32,1,30,0.000,0.000,,,,,NVIDIA A100-SXM4-40GB (0),1,,13,"void convert_kernel<__half2, float2>(tensor_layout_any, T1 *, tensor_layout_any, const T2 *)"
1930784749,4128,5858,,,,,,,,,,0.061,14883.717,Pinned,Device,NVIDIA A100-SXM4-40GB (0),1,,13,[CUDA memcpy Host-to-Device]
1930796333,588632,5859,,,,,,,,,,456.520,775171.775,Device,,NVIDIA A100-SXM4-40GB (0),1,,13,[CUDA memset]
1931393701,32928,5864,,,,,,,,,,0.825,25064.872,Pinned,Device,NVIDIA A100-SXM4-40GB (0),1,,13,[CUDA memcpy Host-to-Device]
1931429125,6752,5865,,,,,,,,,,0.131,19412.287,Pinned,Device,NVIDIA A100-SXM4-40GB (0),1,,13,[CUDA memcpy Host-to-Device]
1931447332,7104,5866,69,4,1,48,1,1,76,0.002,0.000,,,,,NVIDIA A100-SXM4-40GB (0),1,,13,"void ch_est::windowedChEstPreNoDftSOfdmKernel<float, __half, float, (unsigned int)2, (unsigned int)1, (unsigned short)4>(ch_est::puschRxChEstStatDescr_t *, ch_est::puschRxChEstDynDescr_t *)"
1931455684,6304,5867,137,2,1,24,2,1,44,0.001,0.001,,,,,NVIDIA A100-SXM4-40GB (0),1,,13,"void ch_est::chEstFilterNoDftSOfdmDispatchKernel<float, __half, float, (unsigned int)2>(ch_est::puschRxChEstStatDescr_t *, ch_est::puschRxChEstDynDescr_t *)"
1931463204,4576,5868,137,2,1,24,2,1,44,0.001,0.001,,,,,NVIDIA A100-SXM4-40GB (0),1,,13,"void ch_est::chEstFilterNoDftSOfdmDispatchKernel<float, __half, float, (unsigned int)2>(ch_est::puschRxChEstStatDescr_t *, ch_est::puschRxChEstDynDescr_t *)"
1931469060,2176,5879,103,1,1,128,1,1,16,0.000,0.000,,,,,NVIDIA A100-SXM4-40GB (0),1,,13,cupy_copy__complex64_complex64
1931472228,12736,5889,1434,1,1,128,1,1,16,0.000,0.000,,,,,NVIDIA A100-SXM4-40GB (0),1,,13,cupy_copy__complex64_complex64
1931486180,2080,5896,103,1,1,128,1,1,16,0.000,0.000,,,,,NVIDIA A100-SXM4-40GB (0),1,,13,cupy_copy__complex64_complex64
1931489572,78047,5903,1,1,1,32,32,1,30,0.000,0.000,,,,,NVIDIA A100-SXM4-40GB (0),1,,13,"void convert_kernel<__half2, float2>(tensor_layout_any, T1 *, tensor_layout_any, const T2 *)"
1931724353,4704,5906,,,,,,,,,,0.061,13061.222,Pinned,Device,NVIDIA A100-SXM4-40GB (0),1,,13,[CUDA memcpy Host-to-Device]
1931737153,46015,5907,,,,,,,,,,35.801,778026.463,Device,,NVIDIA A100-SXM4-40GB (0),1,,13,[CUDA memset]
1931787552,1856,5909,,,,,,,,,,0.000,43.103,Pinned,Device,NVIDIA A100-SXM4-40GB (0),1,,13,[CUDA memcpy Host-to-Device]
1931791872,6880,5910,,,,,,,,,,0.131,19051.053,Pinned,Device,NVIDIA A100-SXM4-40GB (0),1,,13,[CUDA memcpy Host-to-Device]
1931809824,9088,5911,273,1,1,48,1,1,40,0.000,0.001,,,,,NVIDIA A100-SXM4-40GB (0),1,,13,"void pusch_noise_intf_est::noiseIntfEstNoDftSOfdmKernel<float, __half, float, float, (unsigned int)2, (unsigned int)1, (unsigned char)4, (unsigned char)4>(pusch_noise_intf_est::puschRxNoiseIntfEstDynDescr)"
1931820032,2624,5922,35,1,1,128,1,1,16,0.000,0.000,,,,,NVIDIA A100-SXM4-40GB (0),1,,13,cupy_copy__complex64_complex64
1931828736,1536,5931,1,1,1,1,1,1,18,0.000,0.000,,,,,NVIDIA A100-SXM4-40GB (0),1,,13,cupy_copy__float32_float32
1931862399,1696,5937,,,,,,,,,,0.000,2.358,Device,Pageable,NVIDIA A100-SXM4-40GB (0),1,,7,[CUDA memcpy Device-to-Host]
1931923358,13248,5948,1434,1,1,128,1,1,16,0.000,0.000,,,,,NVIDIA A100-SXM4-40GB (0),1,,13,cupy_copy__complex64_complex64
1931950366,2368,5955,103,1,1,128,1,1,16,0.000,0.000,,,,,NVIDIA A100-SXM4-40GB (0),1,,13,cupy_copy__complex64_complex64
1931970622,2016,5962,35,1,1,128,1,1,16,0.000,0.000,,,,,NVIDIA A100-SXM4-40GB (0),1,,13,cupy_copy__complex64_complex64
1931989214,1472,5969,1,1,1,1,1,1,18,0.000,0.000,,,,,NVIDIA A100-SXM4-40GB (0),1,,13,cupy_copy__float32_float32
1932249914,78815,5980,1,1,1,32,32,1,30,0.000,0.000,,,,,NVIDIA A100-SXM4-40GB (0),1,,13,"void convert_kernel<__half2, float2>(tensor_layout_any, T1 *, tensor_layout_any, const T2 *)"
1932360153,4160,5983,,,,,,,,,,0.061,14769.193,Pinned,Device,NVIDIA A100-SXM4-40GB (0),1,,13,[CUDA memcpy Host-to-Device]
1932374329,2528,5984,,,,,,,,,,1.547,611796.509,Device,,NVIDIA A100-SXM4-40GB (0),1,,13,[CUDA memset]
1932380473,2720,5989,,,,,,,,,,0.021,7741.175,Pinned,Device,NVIDIA A100-SXM4-40GB (0),1,,13,[CUDA memcpy Host-to-Device]
1932385913,6975,5990,,,,,,,,,,0.131,18791.662,Pinned,Device,NVIDIA A100-SXM4-40GB (0),1,,13,[CUDA memcpy Host-to-Device]
1932397688,5888,5991,273,1,1,8,4,1,39,0.002,0.000,,,,,NVIDIA A100-SXM4-40GB (0),1,,13,"void channel_eq::eqMmseCoefCompLowMimoKernel<float, float, float, (unsigned int)4, (unsigned int)1, (unsigned int)4>(const channel_eq::_puschRxChEqStatDescr *, channel_eq::_puschRxChEqCoefCompDynDescr)"
1932404632,4832,5992,273,1,1,12,11,1,40,0.002,0.000,,,,,NVIDIA A100-SXM4-40GB (0),1,,13,"void channel_eq::eqMmseSoftDemapKernel<float, __half, __half, float, (unsigned int)4, (unsigned short)16383>(channel_eq::_puschRxChEqStatDescr *, channel_eq::_puschRxChEqSoftDemapDynDescr)"
1932410744,281661,5993,1,1,1,32,32,1,30,0.000,0.000,,,,,NVIDIA A100-SXM4-40GB (0),1,,13,"void convert_kernel<float2, __half2>(tensor_layout_any, T1 *, tensor_layout_any, const T2 *)"
1932693557,10496,6005,2253,1,1,128,1,1,16,0.000,0.000,,,,,NVIDIA A100-SXM4-40GB (0),1,,13,cupy_copy__float16_float16
1932705333,2368,6014,282,1,1,128,1,1,16,0.000,0.000,,,,,NVIDIA A100-SXM4-40GB (0),1,,13,cupy_copy__complex64_complex64
1932708949,1759,6023,26,1,1,128,1,1,16,0.000,0.000,,,,,NVIDIA A100-SXM4-40GB (0),1,,13,cupy_copy__float32_float32
1932711956,2528,6032,103,1,1,128,1,1,16,0.000,0.000,,,,,NVIDIA A100-SXM4-40GB (0),1,,13,cupy_copy__complex64_complex64
1932806163,11200,6047,1434,1,1,128,1,1,16,0.000,0.000,,,,,NVIDIA A100-SXM4-40GB (0),1,,13,cupy_copy__complex64_complex64
1932929554,78303,6052,1,1,1,32,32,1,30,0.000,0.000,,,,,NVIDIA A100-SXM4-40GB (0),1,,13,"void convert_kernel<__half2, float2>(tensor_layout_any, T1 *, tensor_layout_any, const T2 *)"
1933035632,4128,6055,,,,,,,,,,0.061,14883.717,Pinned,Device,NVIDIA A100-SXM4-40GB (0),1,,13,[CUDA memcpy Host-to-Device]
1933046480,588281,6056,,,,,,,,,,456.520,775628.296,Device,,NVIDIA A100-SXM4-40GB (0),1,,13,[CUDA memset]
1933636201,33471,6061,,,,,,,,,,0.825,24657.977,Pinned,Device,NVIDIA A100-SXM4-40GB (0),1,,13,[CUDA memcpy Host-to-Device]
1933671784,6816,6062,,,,,,,,,,0.131,19229.966,Pinned,Device,NVIDIA A100-SXM4-40GB (0),1,,13,[CUDA memcpy Host-to-Device]
1933684360,7200,6063,69,4,1,48,1,1,76,0.002,0.000,,,,,NVIDIA A100-SXM4-40GB (0),1,,13,"void ch_est::windowedChEstPreNoDftSOfdmKernel<float, __half, float, (unsigned int)2, (unsigned int)1, (unsigned short)4>(ch_est::puschRxChEstStatDescr_t *, ch_est::puschRxChEstDynDescr_t *)"
1933692808,6336,6064,137,2,1,24,2,1,44,0.001,0.001,,,,,NVIDIA A100-SXM4-40GB (0),1,,13,"void ch_est::chEstFilterNoDftSOfdmDispatchKernel<float, __half, float, (unsigned int)2>(ch_est::puschRxChEstStatDescr_t *, ch_est::puschRxChEstDynDescr_t *)"
1933700168,4544,6065,137,2,1,24,2,1,44,0.001,0.001,,,,,NVIDIA A100-SXM4-40GB (0),1,,13,"void ch_est::chEstFilterNoDftSOfdmDispatchKernel<float, __half, float, (unsigned int)2>(ch_est::puschRxChEstStatDescr_t *, ch_est::puschRxChEstDynDescr_t *)"
1933705832,2176,6076,103,1,1,128,1,1,16,0.000,0.000,,,,,NVIDIA A100-SXM4-40GB (0),1,,13,cupy_copy__complex64_complex64
1933709000,12352,6086,1434,1,1,128,1,1,16,0.000,0.000,,,,,NVIDIA A100-SXM4-40GB (0),1,,13,cupy_copy__complex64_complex64
1933722376,2112,6093,103,1,1,128,1,1,16,0.000,0.000,,,,,NVIDIA A100-SXM4-40GB (0),1,,13,cupy_copy__complex64_complex64
1933725576,78783,6100,1,1,1,32,32,1,30,0.000,0.000,,,,,NVIDIA A100-SXM4-40GB (0),1,,13,"void convert_kernel<__half2, float2>(tensor_layout_any, T1 *, tensor_layout_any, const T2 *)"
1933831590,4160,6103,,,,,,,,,,0.061,14769.193,Pinned,Device,NVIDIA A100-SXM4-40GB (0),1,,13,[CUDA memcpy Host-to-Device]
1933842918,44640,6104,,,,,,,,,,35.801,801977.305,Device,,NVIDIA A100-SXM4-40GB (0),1,,13,[CUDA memset]
1933895302,2016,6106,,,,,,,,,,0.000,39.682,Pinned,Device,NVIDIA A100-SXM4-40GB (0),1,,13,[CUDA memcpy Host-to-Device]
1933899590,6719,6107,,,,,,,,,,0.131,19507.577,Pinned,Device,NVIDIA A100-SXM4-40GB (0),1,,13,[CUDA memcpy Host-to-Device]
1933910661,8832,6108,273,1,1,48,1,1,40,0.000,0.001,,,,,NVIDIA A100-SXM4-40GB (0),1,,13,"void pusch_noise_intf_est::noiseIntfEstNoDftSOfdmKernel<float, __half, float, float, (unsigned int)2, (unsigned int)1, (unsigned char)4, (unsigned char)4>(pusch_noise_intf_est::puschRxNoiseIntfEstDynDescr)"
1933920709,2592,6119,35,1,1,128,1,1,16,0.000,0.000,,,,,NVIDIA A100-SXM4-40GB (0),1,,13,cupy_copy__complex64_complex64
1933953381,1504,6128,1,1,1,1,1,1,18,0.000,0.000,,,,,NVIDIA A100-SXM4-40GB (0),1,,13,cupy_copy__float32_float32
1933987940,1728,6134,,,,,,,,,,0.000,2.315,Device,Pageable,NVIDIA A100-SXM4-40GB (0),1,,7,[CUDA memcpy Device-to-Host]
1934047236,13343,6145,1434,1,1,128,1,1,16,0.000,0.000,,,,,NVIDIA A100-SXM4-40GB (0),1,,13,cupy_copy__complex64_complex64
1934074275,2368,6152,103,1,1,128,1,1,16,0.000,0.000,,,,,NVIDIA A100-SXM4-40GB (0),1,,13,cupy_copy__complex64_complex64
1934096067,1984,6159,35,1,1,128,1,1,16,0.000,0.000,,,,,NVIDIA A100-SXM4-40GB (0),1,,13,cupy_copy__complex64_complex64
1934115779,1504,6166,1,1,1,1,1,1,18,0.000,0.000,,,,,NVIDIA A100-SXM4-40GB (0),1,,13,cupy_copy__float32_float32
1934248545,78623,6177,1,1,1,32,32,1,30,0.000,0.000,,,,,NVIDIA A100-SXM4-40GB (0),1,,13,"void convert_kernel<__half2, float2>(tensor_layout_any, T1 *, tensor_layout_any, const T2 *)"
1934355168,4224,6180,,,,,,,,,,0.061,14545.428,Pinned,Device,NVIDIA A100-SXM4-40GB (0),1,,13,[CUDA memcpy Host-to-Device]
1934369248,2560,6181,,,,,,,,,,1.547,604150.000,Device,,NVIDIA A100-SXM4-40GB (0),1,,13,[CUDA memset]
1934375520,2751,6186,,,,,,,,,,0.021,7653.940,Pinned,Device,NVIDIA A100-SXM4-40GB (0),1,,13,[CUDA memcpy Host-to-Device]
1934380415,6816,6187,,,,,,,,,,0.131,19229.966,Pinned,Device,NVIDIA A100-SXM4-40GB (0),1,,13,[CUDA memcpy Host-to-Device]
1934392255,5920,6188,273,1,1,8,4,1,39,0.002,0.000,,,,,NVIDIA A100-SXM4-40GB (0),1,,13,"void channel_eq::eqMmseCoefCompLowMimoKernel<float, float, float, (unsigned int)4, (unsigned int)1, (unsigned int)4>(const channel_eq::_puschRxChEqStatDescr *, channel_eq::_puschRxChEqCoefCompDynDescr)"
1934399423,4832,6189,273,1,1,12,11,1,40,0.002,0.000,,,,,NVIDIA A100-SXM4-40GB (0),1,,13,"void channel_eq::eqMmseSoftDemapKernel<float, __half, __half, float, (unsigned int)4, (unsigned short)16383>(channel_eq::_puschRxChEqStatDescr *, channel_eq::_puschRxChEqSoftDemapDynDescr)"
1934405311,281341,6190,1,1,1,32,32,1,30,0.000,0.000,,,,,NVIDIA A100-SXM4-40GB (0),1,,13,"void convert_kernel<float2, __half2>(tensor_layout_any, T1 *, tensor_layout_any, const T2 *)"
1934687804,10431,6202,2253,1,1,128,1,1,16,0.000,0.000,,,,,NVIDIA A100-SXM4-40GB (0),1,,13,cupy_copy__float16_float16
1934699259,2368,6211,282,1,1,128,1,1,16,0.000,0.000,,,,,NVIDIA A100-SXM4-40GB (0),1,,13,cupy_copy__complex64_complex64
1934702715,1760,6220,26,1,1,128,1,1,16,0.000,0.000,,,,,NVIDIA A100-SXM4-40GB (0),1,,13,cupy_copy__float32_float32
1934705787,2528,6229,103,1,1,128,1,1,16,0.000,0.000,,,,,NVIDIA A100-SXM4-40GB (0),1,,13,cupy_copy__complex64_complex64
1934709563,11264,6239,1434,1,1,128,1,1,16,0.000,0.000,,,,,NVIDIA A100-SXM4-40GB (0),1,,13,cupy_copy__complex64_complex64
1934756379,78559,6244,1,1,1,32,32,1,30,0.000,0.000,,,,,NVIDIA A100-SXM4-40GB (0),1,,13,"void convert_kernel<__half2, float2>(tensor_layout_any, T1 *, tensor_layout_any, const T2 *)"
1934863353,4320,6247,,,,,,,,,,0.061,14222.193,Pinned,Device,NVIDIA A100-SXM4-40GB (0),1,,13,[CUDA memcpy Host-to-Device]
1934874105,588377,6248,,,,,,,,,,456.520,775628.296,Device,,NVIDIA A100-SXM4-40GB (0),1,,13,[CUDA memset]
1935464690,32703,6253,,,,,,,,,,0.825,25237.369,Pinned,Device,NVIDIA A100-SXM4-40GB (0),1,,13,[CUDA memcpy Host-to-Device]
1935499889,6912,6254,,,,,,,,,,0.131,18962.842,Pinned,Device,NVIDIA A100-SXM4-40GB (0),1,,13,[CUDA memcpy Host-to-Device]
1935512177,7104,6255,69,4,1,48,1,1,76,0.002,0.000,,,,,NVIDIA A100-SXM4-40GB (0),1,,13,"void ch_est::windowedChEstPreNoDftSOfdmKernel<float, __half, float, (unsigned int)2, (unsigned int)1, (unsigned short)4>(ch_est::puschRxChEstStatDescr_t *, ch_est::puschRxChEstDynDescr_t *)"
1935520497,6336,6256,137,2,1,24,2,1,44,0.001,0.001,,,,,NVIDIA A100-SXM4-40GB (0),1,,13,"void ch_est::chEstFilterNoDftSOfdmDispatchKernel<float, __half, float, (unsigned int)2>(ch_est::puschRxChEstStatDescr_t *, ch_est::puschRxChEstDynDescr_t *)"
1935527825,4608,6257,137,2,1,24,2,1,44,0.001,0.001,,,,,NVIDIA A100-SXM4-40GB (0),1,,13,"void ch_est::chEstFilterNoDftSOfdmDispatchKernel<float, __half, float, (unsigned int)2>(ch_est::puschRxChEstStatDescr_t *, ch_est::puschRxChEstDynDescr_t *)"
1935533745,2176,6268,103,1,1,128,1,1,16,0.000,0.000,,,,,NVIDIA A100-SXM4-40GB (0),1,,13,cupy_copy__complex64_complex64
1935537105,12672,6278,1434,1,1,128,1,1,16,0.000,0.000,,,,,NVIDIA A100-SXM4-40GB (0),1,,13,cupy_copy__complex64_complex64
1935550833,2080,6285,103,1,1,128,1,1,16,0.000,0.000,,,,,NVIDIA A100-SXM4-40GB (0),1,,13,cupy_copy__complex64_complex64
1935554001,78783,6292,1,1,1,32,32,1,30,0.000,0.000,,,,,NVIDIA A100-SXM4-40GB (0),1,,13,"void convert_kernel<__half2, float2>(tensor_layout_any, T1 *, tensor_layout_any, const T2 *)"
1935793326,4896,6295,,,,,,,,,,0.061,12548.997,Pinned,Device,NVIDIA A100-SXM4-40GB (0),1,,13,[CUDA memcpy Host-to-Device]
1935806445,46048,6296,,,,,,,,,,35.801,777453.647,Device,,NVIDIA A100-SXM4-40GB (0),1,,13,[CUDA memset]
1935858989,1984,6298,,,,,,,,,,0.000,40.323,Pinned,Device,NVIDIA A100-SXM4-40GB (0),1,,13,[CUDA memcpy Host-to-Device]
1935863085,6720,6299,,,,,,,,,,0.131,19504.693,Pinned,Device,NVIDIA A100-SXM4-40GB (0),1,,13,[CUDA memcpy Host-to-Device]
1935880173,9119,6300,273,1,1,48,1,1,40,0.000,0.001,,,,,NVIDIA A100-SXM4-40GB (0),1,,13,"void pusch_noise_intf_est::noiseIntfEstNoDftSOfdmKernel<float, __half, float, float, (unsigned int)2, (unsigned int)1, (unsigned char)4, (unsigned char)4>(pusch_noise_intf_est::puschRxNoiseIntfEstDynDescr)"
1935890604,2592,6311,35,1,1,128,1,1,16,0.000,0.000,,,,,NVIDIA A100-SXM4-40GB (0),1,,13,cupy_copy__complex64_complex64
1935901708,1536,6320,1,1,1,1,1,1,18,0.000,0.000,,,,,NVIDIA A100-SXM4-40GB (0),1,,13,cupy_copy__float32_float32
1935935404,1696,6326,,,,,,,,,,0.000,2.358,Device,Pageable,NVIDIA A100-SXM4-40GB (0),1,,7,[CUDA memcpy Device-to-Host]
1935992619,13440,6337,1434,1,1,128,1,1,16,0.000,0.000,,,,,NVIDIA A100-SXM4-40GB (0),1,,13,cupy_copy__complex64_complex64
1936019339,2336,6344,103,1,1,128,1,1,16,0.000,0.000,,,,,NVIDIA A100-SXM4-40GB (0),1,,13,cupy_copy__complex64_complex64
1936039627,2016,6351,35,1,1,128,1,1,16,0.000,0.000,,,,,NVIDIA A100-SXM4-40GB (0),1,,13,cupy_copy__complex64_complex64
1936057770,1504,6358,1,1,1,1,1,1,18,0.000,0.000,,,,,NVIDIA A100-SXM4-40GB (0),1,,13,cupy_copy__float32_float32
1936319303,78271,6369,1,1,1,32,32,1,30,0.000,0.000,,,,,NVIDIA A100-SXM4-40GB (0),1,,13,"void convert_kernel<__half2, float2>(tensor_layout_any, T1 *, tensor_layout_any, const T2 *)"
1936429062,4160,6372,,,,,,,,,,0.061,14769.193,Pinned,Device,NVIDIA A100-SXM4-40GB (0),1,,13,[CUDA memcpy Host-to-Device]
1936443653,2528,6373,,,,,,,,,,1.547,611796.509,Device,,NVIDIA A100-SXM4-40GB (0),1,,13,[CUDA memset]
1936449637,2720,6378,,,,,,,,,,0.021,7741.175,Pinned,Device,NVIDIA A100-SXM4-40GB (0),1,,13,[CUDA memcpy Host-to-Device]
1936454469,6816,6379,,,,,,,,,,0.131,19229.966,Pinned,Device,NVIDIA A100-SXM4-40GB (0),1,,13,[CUDA memcpy Host-to-Device]
1936466597,5888,6380,273,1,1,8,4,1,39,0.002,0.000,,,,,NVIDIA A100-SXM4-40GB (0),1,,13,"void channel_eq::eqMmseCoefCompLowMimoKernel<float, float, float, (unsigned int)4, (unsigned int)1, (unsigned int)4>(const channel_eq::_puschRxChEqStatDescr *, channel_eq::_puschRxChEqCoefCompDynDescr)"
1936473765,4800,6381,273,1,1,12,11,1,40,0.002,0.000,,,,,NVIDIA A100-SXM4-40GB (0),1,,13,"void channel_eq::eqMmseSoftDemapKernel<float, __half, __half, float, (unsigned int)4, (unsigned short)16383>(channel_eq::_puschRxChEqStatDescr *, channel_eq::_puschRxChEqSoftDemapDynDescr)"
1936479557,281596,6382,1,1,1,32,32,1,30,0.000,0.000,,,,,NVIDIA A100-SXM4-40GB (0),1,,13,"void convert_kernel<float2, __half2>(tensor_layout_any, T1 *, tensor_layout_any, const T2 *)"
1936762209,10304,6394,2253,1,1,128,1,1,16,0.000,0.000,,,,,NVIDIA A100-SXM4-40GB (0),1,,13,cupy_copy__float16_float16
1936773697,2400,6403,282,1,1,128,1,1,16,0.000,0.000,,,,,NVIDIA A100-SXM4-40GB (0),1,,13,cupy_copy__complex64_complex64
1936777153,1760,6412,26,1,1,128,1,1,16,0.000,0.000,,,,,NVIDIA A100-SXM4-40GB (0),1,,13,cupy_copy__float32_float32
1936780161,2528,6421,103,1,1,128,1,1,16,0.000,0.000,,,,,NVIDIA A100-SXM4-40GB (0),1,,13,cupy_copy__complex64_complex64
1936783969,11136,6431,1434,1,1,128,1,1,16,0.000,0.000,,,,,NVIDIA A100-SXM4-40GB (0),1,,13,cupy_copy__complex64_complex64
1936838144,78272,6436,1,1,1,32,32,1,30,0.000,0.000,,,,,NVIDIA A100-SXM4-40GB (0),1,,13,"void convert_kernel<__half2, float2>(tensor_layout_any, T1 *, tensor_layout_any, const T2 *)"
1937253371,4160,6439,,,,,,,,,,0.061,14769.193,Pinned,Device,NVIDIA A100-SXM4-40GB (0),1,,13,[CUDA memcpy Host-to-Device]
1937265915,590041,6440,,,,,,,,,,456.520,773345.693,Device,,NVIDIA A100-SXM4-40GB (0),1,,13,[CUDA memset]
1937864116,33119,6445,,,,,,,,,,0.825,24920.437,Pinned,Device,NVIDIA A100-SXM4-40GB (0),1,,13,[CUDA memcpy Host-to-Device]
1937899379,6976,6446,,,,,,,,,,0.131,18788.909,Pinned,Device,NVIDIA A100-SXM4-40GB (0),1,,13,[CUDA memcpy Host-to-Device]
1937915891,7584,6447,69,4,1,48,1,1,76,0.002,0.000,,,,,NVIDIA A100-SXM4-40GB (0),1,,13,"void ch_est::windowedChEstPreNoDftSOfdmKernel<float, __half, float, (unsigned int)2, (unsigned int)1, (unsigned short)4>(ch_est::puschRxChEstStatDescr_t *, ch_est::puschRxChEstDynDescr_t *)"
1937924563,6208,6448,137,2,1,24,2,1,44,0.001,0.001,,,,,NVIDIA A100-SXM4-40GB (0),1,,13,"void ch_est::chEstFilterNoDftSOfdmDispatchKernel<float, __half, float, (unsigned int)2>(ch_est::puschRxChEstStatDescr_t *, ch_est::puschRxChEstDynDescr_t *)"
1937932051,4608,6449,137,2,1,24,2,1,44,0.001,0.001,,,,,NVIDIA A100-SXM4-40GB (0),1,,13,"void ch_est::chEstFilterNoDftSOfdmDispatchKernel<float, __half, float, (unsigned int)2>(ch_est::puschRxChEstStatDescr_t *, ch_est::puschRxChEstDynDescr_t *)"
1937937907,2176,6460,103,1,1,128,1,1,16,0.000,0.000,,,,,NVIDIA A100-SXM4-40GB (0),1,,13,cupy_copy__complex64_complex64
1937941107,12735,6470,1434,1,1,128,1,1,16,0.000,0.000,,,,,NVIDIA A100-SXM4-40GB (0),1,,13,cupy_copy__complex64_complex64
1937955058,2144,6477,103,1,1,128,1,1,16,0.000,0.000,,,,,NVIDIA A100-SXM4-40GB (0),1,,13,cupy_copy__complex64_complex64
1937958258,78719,6484,1,1,1,32,32,1,30,0.000,0.000,,,,,NVIDIA A100-SXM4-40GB (0),1,,13,"void convert_kernel<__half2, float2>(tensor_layout_any, T1 *, tensor_layout_any, const T2 *)"
1938067793,4448,6487,,,,,,,,,,0.061,13812.941,Pinned,Device,NVIDIA A100-SXM4-40GB (0),1,,13,[CUDA memcpy Host-to-Device]
1938080689,44735,6488,,,,,,,,,,35.801,800258.859,Device,,NVIDIA A100-SXM4-40GB (0),1,,13,[CUDA memset]
1938133584,1920,6490,,,,,,,,,,0.000,41.667,Pinned,Device,NVIDIA A100-SXM4-40GB (0),1,,13,[CUDA memcpy Host-to-Device]
1938138672,6784,6491,,,,,,,,,,0.131,19320.668,Pinned,Device,NVIDIA A100-SXM4-40GB (0),1,,13,[CUDA memcpy Host-to-Device]
1938153072,8160,6492,273,1,1,48,1,1,40,0.000,0.001,,,,,NVIDIA A100-SXM4-40GB (0),1,,13,"void pusch_noise_intf_est::noiseIntfEstNoDftSOfdmKernel<float, __half, float, float, (unsigned int)2, (unsigned int)1, (unsigned char)4, (unsigned char)4>(pusch_noise_intf_est::puschRxNoiseIntfEstDynDescr)"
1938162480,2720,6503,35,1,1,128,1,1,16,0.000,0.000,,,,,NVIDIA A100-SXM4-40GB (0),1,,13,cupy_copy__complex64_complex64
1938195631,1536,6512,1,1,1,1,1,1,18,0.000,0.000,,,,,NVIDIA A100-SXM4-40GB (0),1,,13,cupy_copy__float32_float32
1938229455,1728,6518,,,,,,,,,,0.000,2.315,Device,Pageable,NVIDIA A100-SXM4-40GB (0),1,,7,[CUDA memcpy Device-to-Host]
1938287214,14016,6529,1434,1,1,128,1,1,16,0.000,0.000,,,,,NVIDIA A100-SXM4-40GB (0),1,,13,cupy_copy__complex64_complex64
1938314030,2336,6536,103,1,1,128,1,1,16,0.000,0.000,,,,,NVIDIA A100-SXM4-40GB (0),1,,13,cupy_copy__complex64_complex64
1938335118,2016,6543,35,1,1,128,1,1,16,0.000,0.000,,,,,NVIDIA A100-SXM4-40GB (0),1,,13,cupy_copy__complex64_complex64
1938353933,1504,6550,1,1,1,1,1,1,18,0.000,0.000,,,,,NVIDIA A100-SXM4-40GB (0),1,,13,cupy_copy__float32_float32
1938486668,78399,6561,1,1,1,32,32,1,30,0.000,0.000,,,,,NVIDIA A100-SXM4-40GB (0),1,,13,"void convert_kernel<__half2, float2>(tensor_layout_any, T1 *, tensor_layout_any, const T2 *)"
1938592970,4224,6564,,,,,,,,,,0.061,14545.428,Pinned,Device,NVIDIA A100-SXM4-40GB (0),1,,13,[CUDA memcpy Host-to-Device]
1938607690,2560,6565,,,,,,,,,,1.547,604150.000,Device,,NVIDIA A100-SXM4-40GB (0),1,,13,[CUDA memset]
1938613994,3040,6570,,,,,,,,,,0.021,6926.308,Pinned,Device,NVIDIA A100-SXM4-40GB (0),1,,13,[CUDA memcpy Host-to-Device]
1938619658,6784,6571,,,,,,,,,,0.131,19320.668,Pinned,Device,NVIDIA A100-SXM4-40GB (0),1,,13,[CUDA memcpy Host-to-Device]
1938630794,5856,6572,273,1,1,8,4,1,39,0.002,0.000,,,,,NVIDIA A100-SXM4-40GB (0),1,,13,"void channel_eq::eqMmseCoefCompLowMimoKernel<float, float, float, (unsigned int)4, (unsigned int)1, (unsigned int)4>(const channel_eq::_puschRxChEqStatDescr *, channel_eq::_puschRxChEqCoefCompDynDescr)"
1938637962,4864,6573,273,1,1,12,11,1,40,0.002,0.000,,,,,NVIDIA A100-SXM4-40GB (0),1,,13,"void channel_eq::eqMmseSoftDemapKernel<float, __half, __half, float, (unsigned int)4, (unsigned short)16383>(channel_eq::_puschRxChEqStatDescr *, channel_eq::_puschRxChEqSoftDemapDynDescr)"
1938644074,281500,6574,1,1,1,32,32,1,30,0.000,0.000,,,,,NVIDIA A100-SXM4-40GB (0),1,,13,"void convert_kernel<float2, __half2>(tensor_layout_any, T1 *, tensor_layout_any, const T2 *)"
1938926662,10240,6586,2253,1,1,128,1,1,16,0.000,0.000,,,,,NVIDIA A100-SXM4-40GB (0),1,,13,cupy_copy__float16_float16
1938938182,2368,6595,282,1,1,128,1,1,16,0.000,0.000,,,,,NVIDIA A100-SXM4-40GB (0),1,,13,cupy_copy__complex64_complex64
1938941638,1760,6604,26,1,1,128,1,1,16,0.000,0.000,,,,,NVIDIA A100-SXM4-40GB (0),1,,13,cupy_copy__float32_float32
1938944646,2528,6613,103,1,1,128,1,1,16,0.000,0.000,,,,,NVIDIA A100-SXM4-40GB (0),1,,13,cupy_copy__complex64_complex64
1938948422,11232,6623,1434,1,1,128,1,1,16,0.000,0.000,,,,,NVIDIA A100-SXM4-40GB (0),1,,13,cupy_copy__complex64_complex64
1938988325,78367,6628,1,1,1,32,32,1,30,0.000,0.000,,,,,NVIDIA A100-SXM4-40GB (0),1,,13,"void convert_kernel<__half2, float2>(tensor_layout_any, T1 *, tensor_layout_any, const T2 *)"
1939094340,4192,6631,,,,,,,,,,0.061,14656.451,Pinned,Device,NVIDIA A100-SXM4-40GB (0),1,,13,[CUDA memcpy Host-to-Device]
1939105508,588409,6632,,,,,,,,,,456.520,775628.296,Device,,NVIDIA A100-SXM4-40GB (0),1,,13,[CUDA memset]
1939696860,32864,6637,,,,,,,,,,0.825,25113.567,Pinned,Device,NVIDIA A100-SXM4-40GB (0),1,,13,[CUDA memcpy Host-to-Device]
1939731996,6784,6638,,,,,,,,,,0.131,19320.668,Pinned,Device,NVIDIA A100-SXM4-40GB (0),1,,13,[CUDA memcpy Host-to-Device]
1939748796,7264,6639,69,4,1,48,1,1,76,0.002,0.000,,,,,NVIDIA A100-SXM4-40GB (0),1,,13,"void ch_est::windowedChEstPreNoDftSOfdmKernel<float, __half, float, (unsigned int)2, (unsigned int)1, (unsigned short)4>(ch_est::puschRxChEstStatDescr_t *, ch_est::puschRxChEstDynDescr_t *)"
1939757276,6368,6640,137,2,1,24,2,1,44,0.001,0.001,,,,,NVIDIA A100-SXM4-40GB (0),1,,13,"void ch_est::chEstFilterNoDftSOfdmDispatchKernel<float, __half, float, (unsigned int)2>(ch_est::puschRxChEstStatDescr_t *, ch_est::puschRxChEstDynDescr_t *)"
1939764924,4608,6641,137,2,1,24,2,1,44,0.001,0.001,,,,,NVIDIA A100-SXM4-40GB (0),1,,13,"void ch_est::chEstFilterNoDftSOfdmDispatchKernel<float, __half, float, (unsigned int)2>(ch_est::puschRxChEstStatDescr_t *, ch_est::puschRxChEstDynDescr_t *)"
1939770812,2176,6652,103,1,1,128,1,1,16,0.000,0.000,,,,,NVIDIA A100-SXM4-40GB (0),1,,13,cupy_copy__complex64_complex64
1939773980,12351,6662,1434,1,1,128,1,1,16,0.000,0.000,,,,,NVIDIA A100-SXM4-40GB (0),1,,13,cupy_copy__complex64_complex64
1939787643,2112,6669,103,1,1,128,1,1,16,0.000,0.000,,,,,NVIDIA A100-SXM4-40GB (0),1,,13,cupy_copy__complex64_complex64
1939791035,78431,6676,1,1,1,32,32,1,30,0.000,0.000,,,,,NVIDIA A100-SXM4-40GB (0),1,,13,"void convert_kernel<__half2, float2>(tensor_layout_any, T1 *, tensor_layout_any, const T2 *)"
1939897178,4352,6679,,,,,,,,,,0.061,14117.622,Pinned,Device,NVIDIA A100-SXM4-40GB (0),1,,13,[CUDA memcpy Host-to-Device]
1939909754,44991,6680,,,,,,,,,,35.801,795712.137,Device,,NVIDIA A100-SXM4-40GB (0),1,,13,[CUDA memset]
1939957945,1984,6682,,,,,,,,,,0.000,40.323,Pinned,Device,NVIDIA A100-SXM4-40GB (0),1,,13,[CUDA memcpy Host-to-Device]
1939962137,6784,6683,,,,,,,,,,0.131,19320.668,Pinned,Device,NVIDIA A100-SXM4-40GB (0),1,,13,[CUDA memcpy Host-to-Device]
1939979193,8640,6684,273,1,1,48,1,1,40,0.000,0.001,,,,,NVIDIA A100-SXM4-40GB (0),1,,13,"void pusch_noise_intf_est::noiseIntfEstNoDftSOfdmKernel<float, __half, float, float, (unsigned int)2, (unsigned int)1, (unsigned char)4, (unsigned char)4>(pusch_noise_intf_est::puschRxNoiseIntfEstDynDescr)"
1939988889,2560,6695,35,1,1,128,1,1,16,0.000,0.000,,,,,NVIDIA A100-SXM4-40GB (0),1,,13,cupy_copy__complex64_complex64
1940021336,1536,6704,1,1,1,1,1,1,18,0.000,0.000,,,,,NVIDIA A100-SXM4-40GB (0),1,,13,cupy_copy__float32_float32
1940054520,1632,6710,,,,,,,,,,0.000,2.451,Device,Pageable,NVIDIA A100-SXM4-40GB (0),1,,7,[CUDA memcpy Device-to-Host]
1940112375,13408,6721,1434,1,1,128,1,1,16,0.000,0.000,,,,,NVIDIA A100-SXM4-40GB (0),1,,13,cupy_copy__complex64_complex64
1940139607,2368,6728,103,1,1,128,1,1,16,0.000,0.000,,,,,NVIDIA A100-SXM4-40GB (0),1,,13,cupy_copy__complex64_complex64
1940161239,1984,6735,35,1,1,128,1,1,16,0.000,0.000,,,,,NVIDIA A100-SXM4-40GB (0),1,,13,cupy_copy__complex64_complex64
1940179446,1504,6742,1,1,1,1,1,1,18,0.000,0.000,,,,,NVIDIA A100-SXM4-40GB (0),1,,13,cupy_copy__float32_float32
1940310997,78751,6753,1,1,1,32,32,1,30,0.000,0.000,,,,,NVIDIA A100-SXM4-40GB (0),1,,13,"void convert_kernel<__half2, float2>(tensor_layout_any, T1 *, tensor_layout_any, const T2 *)"
1940417267,4192,6756,,,,,,,,,,0.061,14656.451,Pinned,Device,NVIDIA A100-SXM4-40GB (0),1,,13,[CUDA memcpy Host-to-Device]
1940431219,2560,6757,,,,,,,,,,1.547,604150.000,Device,,NVIDIA A100-SXM4-40GB (0),1,,13,[CUDA memset]
1940437363,3040,6762,,,,,,,,,,0.021,6926.308,Pinned,Device,NVIDIA A100-SXM4-40GB (0),1,,13,[CUDA memcpy Host-to-Device]
1940442707,7584,6763,,,,,,,,,,0.131,17282.630,Pinned,Device,NVIDIA A100-SXM4-40GB (0),1,,13,[CUDA memcpy Host-to-Device]
1940454835,5856,6764,273,1,1,8,4,1,39,0.002,0.000,,,,,NVIDIA A100-SXM4-40GB (0),1,,13,"void channel_eq::eqMmseCoefCompLowMimoKernel<float, float, float, (unsigned int)4, (unsigned int)1, (unsigned int)4>(const channel_eq::_puschRxChEqStatDescr *, channel_eq::_puschRxChEqCoefCompDynDescr)"
1940461779,4864,6765,273,1,1,12,11,1,40,0.002,0.000,,,,,NVIDIA A100-SXM4-40GB (0),1,,13,"void channel_eq::eqMmseSoftDemapKernel<float, __half, __half, float, (unsigned int)4, (unsigned short)16383>(channel_eq::_puschRxChEqStatDescr *, channel_eq::_puschRxChEqSoftDemapDynDescr)"
1940467923,281180,6766,1,1,1,32,32,1,30,0.000,0.000,,,,,NVIDIA A100-SXM4-40GB (0),1,,13,"void convert_kernel<float2, __half2>(tensor_layout_any, T1 *, tensor_layout_any, const T2 *)"
1940750159,10432,6778,2253,1,1,128,1,1,16,0.000,0.000,,,,,NVIDIA A100-SXM4-40GB (0),1,,13,cupy_copy__float16_float16
1940761615,2368,6787,282,1,1,128,1,1,16,0.000,0.000,,,,,NVIDIA A100-SXM4-40GB (0),1,,13,cupy_copy__complex64_complex64
1940765263,1760,6796,26,1,1,128,1,1,16,0.000,0.000,,,,,NVIDIA A100-SXM4-40GB (0),1,,13,cupy_copy__float32_float32
1940768271,2560,6805,103,1,1,128,1,1,16,0.000,0.000,,,,,NVIDIA A100-SXM4-40GB (0),1,,13,cupy_copy__complex64_complex64
1940772047,11136,6815,1434,1,1,128,1,1,16,0.000,0.000,,,,,NVIDIA A100-SXM4-40GB (0),1,,13,cupy_copy__complex64_complex64
1940816846,78367,6820,1,1,1,32,32,1,30,0.000,0.000,,,,,NVIDIA A100-SXM4-40GB (0),1,,13,"void convert_kernel<__half2, float2>(tensor_layout_any, T1 *, tensor_layout_any, const T2 *)"
1941057387,4320,6823,,,,,,,,,,0.061,14222.193,Pinned,Device,NVIDIA A100-SXM4-40GB (0),1,,13,[CUDA memcpy Host-to-Device]
1941065451,590425,6824,,,,,,,,,,456.520,772889.173,Device,,NVIDIA A100-SXM4-40GB (0),1,,13,[CUDA memset]
1941663140,33023,6829,,,,,,,,,,0.825,24992.242,Pinned,Device,NVIDIA A100-SXM4-40GB (0),1,,13,[CUDA memcpy Host-to-Device]
1941698307,6784,6830,,,,,,,,,,0.131,19320.668,Pinned,Device,NVIDIA A100-SXM4-40GB (0),1,,13,[CUDA memcpy Host-to-Device]
1941710371,7328,6831,69,4,1,48,1,1,76,0.002,0.000,,,,,NVIDIA A100-SXM4-40GB (0),1,,13,"void ch_est::windowedChEstPreNoDftSOfdmKernel<float, __half, float, (unsigned int)2, (unsigned int)1, (unsigned short)4>(ch_est::puschRxChEstStatDescr_t *, ch_est::puschRxChEstDynDescr_t *)"
1941718979,6240,6832,137,2,1,24,2,1,44,0.001,0.001,,,,,NVIDIA A100-SXM4-40GB (0),1,,13,"void ch_est::chEstFilterNoDftSOfdmDispatchKernel<float, __half, float, (unsigned int)2>(ch_est::puschRxChEstStatDescr_t *, ch_est::puschRxChEstDynDescr_t *)"
1941726435,4576,6833,137,2,1,24,2,1,44,0.001,0.001,,,,,NVIDIA A100-SXM4-40GB (0),1,,13,"void ch_est::chEstFilterNoDftSOfdmDispatchKernel<float, __half, float, (unsigned int)2>(ch_est::puschRxChEstStatDescr_t *, ch_est::puschRxChEstDynDescr_t *)"
1941732227,2592,6844,103,1,1,128,1,1,16,0.000,0.000,,,,,NVIDIA A100-SXM4-40GB (0),1,,13,cupy_copy__complex64_complex64
1941736035,12512,6854,1434,1,1,128,1,1,16,0.000,0.000,,,,,NVIDIA A100-SXM4-40GB (0),1,,13,cupy_copy__complex64_complex64
1941749795,2112,6861,103,1,1,128,1,1,16,0.000,0.000,,,,,NVIDIA A100-SXM4-40GB (0),1,,13,cupy_copy__complex64_complex64
1941752995,78239,6868,1,1,1,32,32,1,30,0.000,0.000,,,,,NVIDIA A100-SXM4-40GB (0),1,,13,"void convert_kernel<__half2, float2>(tensor_layout_any, T1 *, tensor_layout_any, const T2 *)"
1941862113,4192,6871,,,,,,,,,,0.061,14656.451,Pinned,Device,NVIDIA A100-SXM4-40GB (0),1,,13,[CUDA memcpy Host-to-Device]
1941877985,44543,6872,,,,,,,,,,35.801,803731.552,Device,,NVIDIA A100-SXM4-40GB (0),1,,13,[CUDA memset]
1941923328,1888,6874,,,,,,,,,,0.000,42.373,Pinned,Device,NVIDIA A100-SXM4-40GB (0),1,,13,[CUDA memcpy Host-to-Device]
1941927744,7264,6875,,,,,,,,,,0.131,18044.027,Pinned,Device,NVIDIA A100-SXM4-40GB (0),1,,13,[CUDA memcpy Host-to-Device]
1941939040,8256,6876,273,1,1,48,1,1,40,0.000,0.001,,,,,NVIDIA A100-SXM4-40GB (0),1,,13,"void pusch_noise_intf_est::noiseIntfEstNoDftSOfdmKernel<float, __half, float, float, (unsigned int)2, (unsigned int)1, (unsigned char)4, (unsigned char)4>(pusch_noise_intf_est::puschRxNoiseIntfEstDynDescr)"
1941953120,2720,6887,35,1,1,128,1,1,16,0.000,0.000,,,,,NVIDIA A100-SXM4-40GB (0),1,,13,cupy_copy__complex64_complex64
1941988896,1504,6896,1,1,1,1,1,1,18,0.000,0.000,,,,,NVIDIA A100-SXM4-40GB (0),1,,13,cupy_copy__float32_float32
1942022431,1728,6902,,,,,,,,,,0.000,2.315,Device,Pageable,NVIDIA A100-SXM4-40GB (0),1,,7,[CUDA memcpy Device-to-Host]
1942078750,13664,6913,1434,1,1,128,1,1,16,0.000,0.000,,,,,NVIDIA A100-SXM4-40GB (0),1,,13,cupy_copy__complex64_complex64
1942104958,2336,6920,103,1,1,128,1,1,16,0.000,0.000,,,,,NVIDIA A100-SXM4-40GB (0),1,,13,cupy_copy__complex64_complex64
1942125982,2016,6927,35,1,1,128,1,1,16,0.000,0.000,,,,,NVIDIA A100-SXM4-40GB (0),1,,13,cupy_copy__complex64_complex64
1942144894,1472,6934,1,1,1,1,1,1,18,0.000,0.000,,,,,NVIDIA A100-SXM4-40GB (0),1,,13,cupy_copy__float32_float32
1942277788,78591,6945,1,1,1,32,32,1,30,0.000,0.000,,,,,NVIDIA A100-SXM4-40GB (0),1,,13,"void convert_kernel<__half2, float2>(tensor_layout_any, T1 *, tensor_layout_any, const T2 *)"
1942517049,4192,6948,,,,,,,,,,0.061,14656.451,Pinned,Device,NVIDIA A100-SXM4-40GB (0),1,,13,[CUDA memcpy Host-to-Device]
1942527897,2560,6949,,,,,,,,,,1.547,604150.000,Device,,NVIDIA A100-SXM4-40GB (0),1,,13,[CUDA memset]
1942531321,2976,6954,,,,,,,,,,0.021,7075.258,Pinned,Device,NVIDIA A100-SXM4-40GB (0),1,,13,[CUDA memcpy Host-to-Device]
1942536441,7488,6955,,,,,,,,,,0.131,17504.272,Pinned,Device,NVIDIA A100-SXM4-40GB (0),1,,13,[CUDA memcpy Host-to-Device]
1942548377,5919,6956,273,1,1,8,4,1,39,0.002,0.000,,,,,NVIDIA A100-SXM4-40GB (0),1,,13,"void channel_eq::eqMmseCoefCompLowMimoKernel<float, float, float, (unsigned int)4, (unsigned int)1, (unsigned int)4>(const channel_eq::_puschRxChEqStatDescr *, channel_eq::_puschRxChEqCoefCompDynDescr)"
1942555608,4800,6957,273,1,1,12,11,1,40,0.002,0.000,,,,,NVIDIA A100-SXM4-40GB (0),1,,13,"void channel_eq::eqMmseSoftDemapKernel<float, __half, __half, float, (unsigned int)4, (unsigned short)16383>(channel_eq::_puschRxChEqStatDescr *, channel_eq::_puschRxChEqSoftDemapDynDescr)"
1942561496,281149,6958,1,1,1,32,32,1,30,0.000,0.000,,,,,NVIDIA A100-SXM4-40GB (0),1,,13,"void convert_kernel<float2, __half2>(tensor_layout_any, T1 *, tensor_layout_any, const T2 *)"
1942843861,10208,6970,2253,1,1,128,1,1,16,0.000,0.000,,,,,NVIDIA A100-SXM4-40GB (0),1,,13,cupy_copy__float16_float16
1942855253,2400,6979,282,1,1,128,1,1,16,0.000,0.000,,,,,NVIDIA A100-SXM4-40GB (0),1,,13,cupy_copy__complex64_complex64
1942858837,1760,6988,26,1,1,128,1,1,16,0.000,0.000,,,,,NVIDIA A100-SXM4-40GB (0),1,,13,cupy_copy__float32_float32
1942861845,2560,6997,103,1,1,128,1,1,16,0.000,0.000,,,,,NVIDIA A100-SXM4-40GB (0),1,,13,cupy_copy__complex64_complex64
1942865653,11391,7007,1434,1,1,128,1,1,16,0.000,0.000,,,,,NVIDIA A100-SXM4-40GB (0),1,,13,cupy_copy__complex64_complex64
1943031442,79071,7012,1,1,1,32,32,1,30,0.000,0.000,,,,,NVIDIA A100-SXM4-40GB (0),1,,13,"void convert_kernel<__half2, float2>(tensor_layout_any, T1 *, tensor_layout_any, const T2 *)"
1943141809,4192,7015,,,,,,,,,,0.061,14656.451,Pinned,Device,NVIDIA A100-SXM4-40GB (0),1,,13,[CUDA memcpy Host-to-Device]
1943154129,587449,7016,,,,,,,,,,456.520,776997.857,Device,,NVIDIA A100-SXM4-40GB (0),1,,13,[CUDA memset]
1943749129,32768,7021,,,,,,,,,,0.825,25187.023,Pinned,Device,NVIDIA A100-SXM4-40GB (0),1,,13,[CUDA memcpy Host-to-Device]
1943784041,6784,7022,,,,,,,,,,0.131,19320.668,Pinned,Device,NVIDIA A100-SXM4-40GB (0),1,,13,[CUDA memcpy Host-to-Device]
1943800713,6944,7023,69,4,1,48,1,1,76,0.002,0.000,,,,,NVIDIA A100-SXM4-40GB (0),1,,13,"void ch_est::windowedChEstPreNoDftSOfdmKernel<float, __half, float, (unsigned int)2, (unsigned int)1, (unsigned short)4>(ch_est::puschRxChEstStatDescr_t *, ch_est::puschRxChEstDynDescr_t *)"
1943808969,6208,7024,137,2,1,24,2,1,44,0.001,0.001,,,,,NVIDIA A100-SXM4-40GB (0),1,,13,"void ch_est::chEstFilterNoDftSOfdmDispatchKernel<float, __half, float, (unsigned int)2>(ch_est::puschRxChEstStatDescr_t *, ch_est::puschRxChEstDynDescr_t *)"
1943816361,4576,7025,137,2,1,24,2,1,44,0.001,0.001,,,,,NVIDIA A100-SXM4-40GB (0),1,,13,"void ch_est::chEstFilterNoDftSOfdmDispatchKernel<float, __half, float, (unsigned int)2>(ch_est::puschRxChEstStatDescr_t *, ch_est::puschRxChEstDynDescr_t *)"
1943822249,2175,7036,103,1,1,128,1,1,16,0.000,0.000,,,,,NVIDIA A100-SXM4-40GB (0),1,,13,cupy_copy__complex64_complex64
1943825640,12544,7046,1434,1,1,128,1,1,16,0.000,0.000,,,,,NVIDIA A100-SXM4-40GB (0),1,,13,cupy_copy__complex64_complex64
1943839176,2112,7053,103,1,1,128,1,1,16,0.000,0.000,,,,,NVIDIA A100-SXM4-40GB (0),1,,13,cupy_copy__complex64_complex64
1943842472,78367,7060,1,1,1,32,32,1,30,0.000,0.000,,,,,NVIDIA A100-SXM4-40GB (0),1,,13,"void convert_kernel<__half2, float2>(tensor_layout_any, T1 *, tensor_layout_any, const T2 *)"
1943949639,4192,7063,,,,,,,,,,0.061,14656.451,Pinned,Device,NVIDIA A100-SXM4-40GB (0),1,,13,[CUDA memcpy Host-to-Device]
1943963399,44639,7064,,,,,,,,,,35.801,801977.305,Device,,NVIDIA A100-SXM4-40GB (0),1,,13,[CUDA memset]
1944016390,1888,7066,,,,,,,,,,0.000,42.373,Pinned,Device,NVIDIA A100-SXM4-40GB (0),1,,13,[CUDA memcpy Host-to-Device]
1944020422,6816,7067,,,,,,,,,,0.131,19229.966,Pinned,Device,NVIDIA A100-SXM4-40GB (0),1,,13,[CUDA memcpy Host-to-Device]
1944031718,8544,7068,273,1,1,48,1,1,40,0.000,0.001,,,,,NVIDIA A100-SXM4-40GB (0),1,,13,"void pusch_noise_intf_est::noiseIntfEstNoDftSOfdmKernel<float, __half, float, float, (unsigned int)2, (unsigned int)1, (unsigned char)4, (unsigned char)4>(pusch_noise_intf_est::puschRxNoiseIntfEstDynDescr)"
1944041350,2720,7079,35,1,1,128,1,1,16,0.000,0.000,,,,,NVIDIA A100-SXM4-40GB (0),1,,13,cupy_copy__complex64_complex64
1944070405,1536,7088,1,1,1,1,1,1,18,0.000,0.000,,,,,NVIDIA A100-SXM4-40GB (0),1,,13,cupy_copy__float32_float32
1944104677,1728,7094,,,,,,,,,,0.000,2.315,Device,Pageable,NVIDIA A100-SXM4-40GB (0),1,,7,[CUDA memcpy Device-to-Host]
1944163748,13440,7105,1434,1,1,128,1,1,16,0.000,0.000,,,,,NVIDIA A100-SXM4-40GB (0),1,,13,cupy_copy__complex64_complex64
1944190308,2368,7112,103,1,1,128,1,1,16,0.000,0.000,,,,,NVIDIA A100-SXM4-40GB (0),1,,13,cupy_copy__complex64_complex64
1944214116,1984,7119,35,1,1,128,1,1,16,0.000,0.000,,,,,NVIDIA A100-SXM4-40GB (0),1,,13,cupy_copy__complex64_complex64
1944234659,1504,7126,1,1,1,1,1,1,18,0.000,0.000,,,,,NVIDIA A100-SXM4-40GB (0),1,,13,cupy_copy__float32_float32
1944367842,78655,7137,1,1,1,32,32,1,30,0.000,0.000,,,,,NVIDIA A100-SXM4-40GB (0),1,,13,"void convert_kernel<__half2, float2>(tensor_layout_any, T1 *, tensor_layout_any, const T2 *)"
1944475520,4160,7140,,,,,,,,,,0.061,14769.193,Pinned,Device,NVIDIA A100-SXM4-40GB (0),1,,13,[CUDA memcpy Host-to-Device]
1944489440,2560,7141,,,,,,,,,,1.547,604150.000,Device,,NVIDIA A100-SXM4-40GB (0),1,,13,[CUDA memset]
1944495584,3168,7146,,,,,,,,,,0.021,6646.453,Pinned,Device,NVIDIA A100-SXM4-40GB (0),1,,13,[CUDA memcpy Host-to-Device]
1944501344,7104,7147,,,,,,,,,,0.131,18450.350,Pinned,Device,NVIDIA A100-SXM4-40GB (0),1,,13,[CUDA memcpy Host-to-Device]
1944515328,5888,7148,273,1,1,8,4,1,39,0.002,0.000,,,,,NVIDIA A100-SXM4-40GB (0),1,,13,"void channel_eq::eqMmseCoefCompLowMimoKernel<float, float, float, (unsigned int)4, (unsigned int)1, (unsigned int)4>(const channel_eq::_puschRxChEqStatDescr *, channel_eq::_puschRxChEqCoefCompDynDescr)"
1944522496,4864,7149,273,1,1,12,11,1,40,0.002,0.000,,,,,NVIDIA A100-SXM4-40GB (0),1,,13,"void channel_eq::eqMmseSoftDemapKernel<float, __half, __half, float, (unsigned int)4, (unsigned short)16383>(channel_eq::_puschRxChEqStatDescr *, channel_eq::_puschRxChEqSoftDemapDynDescr)"
1944528640,281372,7150,1,1,1,32,32,1,30,0.000,0.000,,,,,NVIDIA A100-SXM4-40GB (0),1,,13,"void convert_kernel<float2, __half2>(tensor_layout_any, T1 *, tensor_layout_any, const T2 *)"
1944811036,10464,7162,2253,1,1,128,1,1,16,0.000,0.000,,,,,NVIDIA A100-SXM4-40GB (0),1,,13,cupy_copy__float16_float16
1944822524,2368,7171,282,1,1,128,1,1,16,0.000,0.000,,,,,NVIDIA A100-SXM4-40GB (0),1,,13,cupy_copy__complex64_complex64
1944825948,1760,7180,26,1,1,128,1,1,16,0.000,0.000,,,,,NVIDIA A100-SXM4-40GB (0),1,,13,cupy_copy__float32_float32
1944828892,2560,7189,103,1,1,128,1,1,16,0.000,0.000,,,,,NVIDIA A100-SXM4-40GB (0),1,,13,cupy_copy__complex64_complex64
1944832444,11360,7199,1434,1,1,128,1,1,16,0.000,0.000,,,,,NVIDIA A100-SXM4-40GB (0),1,,13,cupy_copy__complex64_complex64
1944870939,78687,7204,1,1,1,32,32,1,30,0.000,0.000,,,,,NVIDIA A100-SXM4-40GB (0),1,,13,"void convert_kernel<__half2, float2>(tensor_layout_any, T1 *, tensor_layout_any, const T2 *)"
1944976762,4192,7207,,,,,,,,,,0.061,14656.451,Pinned,Device,NVIDIA A100-SXM4-40GB (0),1,,13,[CUDA memcpy Host-to-Device]
1944988410,588632,7208,,,,,,,,,,456.520,775171.775,Device,,NVIDIA A100-SXM4-40GB (0),1,,13,[CUDA memset]
1945578674,32768,7213,,,,,,,,,,0.825,25187.023,Pinned,Device,NVIDIA A100-SXM4-40GB (0),1,,13,[CUDA memcpy Host-to-Device]
1945614770,7232,7214,,,,,,,,,,0.131,18123.850,Pinned,Device,NVIDIA A100-SXM4-40GB (0),1,,13,[CUDA memcpy Host-to-Device]
1945631602,7232,7215,69,4,1,48,1,1,76,0.002,0.000,,,,,NVIDIA A100-SXM4-40GB (0),1,,13,"void ch_est::windowedChEstPreNoDftSOfdmKernel<float, __half, float, (unsigned int)2, (unsigned int)1, (unsigned short)4>(ch_est::puschRxChEstStatDescr_t *, ch_est::puschRxChEstDynDescr_t *)"
1945640114,6304,7216,137,2,1,24,2,1,44,0.001,0.001,,,,,NVIDIA A100-SXM4-40GB (0),1,,13,"void ch_est::chEstFilterNoDftSOfdmDispatchKernel<float, __half, float, (unsigned int)2>(ch_est::puschRxChEstStatDescr_t *, ch_est::puschRxChEstDynDescr_t *)"
1945647442,4575,7217,137,2,1,24,2,1,44,0.001,0.001,,,,,NVIDIA A100-SXM4-40GB (0),1,,13,"void ch_est::chEstFilterNoDftSOfdmDispatchKernel<float, __half, float, (unsigned int)2>(ch_est::puschRxChEstStatDescr_t *, ch_est::puschRxChEstDynDescr_t *)"
1945653297,2144,7228,103,1,1,128,1,1,16,0.000,0.000,,,,,NVIDIA A100-SXM4-40GB (0),1,,13,cupy_copy__complex64_complex64
1945656497,12384,7238,1434,1,1,128,1,1,16,0.000,0.000,,,,,NVIDIA A100-SXM4-40GB (0),1,,13,cupy_copy__complex64_complex64
1945669969,2112,7245,103,1,1,128,1,1,16,0.000,0.000,,,,,NVIDIA A100-SXM4-40GB (0),1,,13,cupy_copy__complex64_complex64
1945673201,78559,7252,1,1,1,32,32,1,30,0.000,0.000,,,,,NVIDIA A100-SXM4-40GB (0),1,,13,"void convert_kernel<__half2, float2>(tensor_layout_any, T1 *, tensor_layout_any, const T2 *)"
1945781104,4192,7255,,,,,,,,,,0.061,14656.451,Pinned,Device,NVIDIA A100-SXM4-40GB (0),1,,13,[CUDA memcpy Host-to-Device]
1945793328,44767,7256,,,,,,,,,,35.801,799686.044,Device,,NVIDIA A100-SXM4-40GB (0),1,,13,[CUDA memset]
1945846255,1920,7258,,,,,,,,,,0.000,41.667,Pinned,Device,NVIDIA A100-SXM4-40GB (0),1,,13,[CUDA memcpy Host-to-Device]
1945850415,6816,7259,,,,,,,,,,0.131,19229.966,Pinned,Device,NVIDIA A100-SXM4-40GB (0),1,,13,[CUDA memcpy Host-to-Device]
1945861615,8640,7260,273,1,1,48,1,1,40,0.000,0.001,,,,,NVIDIA A100-SXM4-40GB (0),1,,13,"void pusch_noise_intf_est::noiseIntfEstNoDftSOfdmKernel<float, __half, float, float, (unsigned int)2, (unsigned int)1, (unsigned char)4, (unsigned char)4>(pusch_noise_intf_est::puschRxNoiseIntfEstDynDescr)"
1945871343,2624,7271,35,1,1,128,1,1,16,0.000,0.000,,,,,NVIDIA A100-SXM4-40GB (0),1,,13,cupy_copy__complex64_complex64
1945898798,1504,7280,1,1,1,1,1,1,18,0.000,0.000,,,,,NVIDIA A100-SXM4-40GB (0),1,,13,cupy_copy__float32_float32
1945932718,1664,7286,,,,,,,,,,0.000,2.404,Device,Pageable,NVIDIA A100-SXM4-40GB (0),1,,7,[CUDA memcpy Device-to-Host]
1945989645,13184,7297,1434,1,1,128,1,1,16,0.000,0.000,,,,,NVIDIA A100-SXM4-40GB (0),1,,13,cupy_copy__complex64_complex64
1946016749,2368,7304,103,1,1,128,1,1,16,0.000,0.000,,,,,NVIDIA A100-SXM4-40GB (0),1,,13,cupy_copy__complex64_complex64
1946037261,2016,7311,35,1,1,128,1,1,16,0.000,0.000,,,,,NVIDIA A100-SXM4-40GB (0),1,,13,cupy_copy__complex64_complex64
1946055980,1504,7318,1,1,1,1,1,1,18,0.000,0.000,,,,,NVIDIA A100-SXM4-40GB (0),1,,13,cupy_copy__float32_float32
1946187243,77823,7329,1,1,1,32,32,1,30,0.000,0.000,,,,,NVIDIA A100-SXM4-40GB (0),1,,13,"void convert_kernel<__half2, float2>(tensor_layout_any, T1 *, tensor_layout_any, const T2 *)"
1946428008,4192,7332,,,,,,,,,,0.061,14656.451,Pinned,Device,NVIDIA A100-SXM4-40GB (0),1,,13,[CUDA memcpy Host-to-Device]
1946442600,2559,7333,,,,,,,,,,1.547,604385.087,Device,,NVIDIA A100-SXM4-40GB (0),1,,13,[CUDA memset]
1946446311,3040,7338,,,,,,,,,,0.021,6926.308,Pinned,Device,NVIDIA A100-SXM4-40GB (0),1,,13,[CUDA memcpy Host-to-Device]
1946451655,6912,7339,,,,,,,,,,0.131,18962.842,Pinned,Device,NVIDIA A100-SXM4-40GB (0),1,,13,[CUDA memcpy Host-to-Device]
1946466183,5888,7340,273,1,1,8,4,1,39,0.002,0.000,,,,,NVIDIA A100-SXM4-40GB (0),1,,13,"void channel_eq::eqMmseCoefCompLowMimoKernel<float, float, float, (unsigned int)4, (unsigned int)1, (unsigned int)4>(const channel_eq::_puschRxChEqStatDescr *, channel_eq::_puschRxChEqCoefCompDynDescr)"
1946473351,4800,7341,273,1,1,12,11,1,40,0.002,0.000,,,,,NVIDIA A100-SXM4-40GB (0),1,,13,"void channel_eq::eqMmseSoftDemapKernel<float, __half, __half, float, (unsigned int)4, (unsigned short)16383>(channel_eq::_puschRxChEqStatDescr *, channel_eq::_puschRxChEqSoftDemapDynDescr)"
1946479143,281469,7342,1,1,1,32,32,1,30,0.000,0.000,,,,,NVIDIA A100-SXM4-40GB (0),1,,13,"void convert_kernel<float2, __half2>(tensor_layout_any, T1 *, tensor_layout_any, const T2 *)"
1946761699,10240,7354,2253,1,1,128,1,1,16,0.000,0.000,,,,,NVIDIA A100-SXM4-40GB (0),1,,13,cupy_copy__float16_float16
1946773155,2368,7363,282,1,1,128,1,1,16,0.000,0.000,,,,,NVIDIA A100-SXM4-40GB (0),1,,13,cupy_copy__complex64_complex64
1946776611,1760,7372,26,1,1,128,1,1,16,0.000,0.000,,,,,NVIDIA A100-SXM4-40GB (0),1,,13,cupy_copy__float32_float32
1946779587,2528,7381,103,1,1,128,1,1,16,0.000,0.000,,,,,NVIDIA A100-SXM4-40GB (0),1,,13,cupy_copy__complex64_complex64
1946783395,11104,7391,1434,1,1,128,1,1,16,0.000,0.000,,,,,NVIDIA A100-SXM4-40GB (0),1,,13,cupy_copy__complex64_complex64
1946942817,78943,7396,1,1,1,32,32,1,30,0.000,0.000,,,,,NVIDIA A100-SXM4-40GB (0),1,,13,"void convert_kernel<__half2, float2>(tensor_layout_any, T1 *, tensor_layout_any, const T2 *)"
1947052928,4224,7399,,,,,,,,,,0.061,14545.428,Pinned,Device,NVIDIA A100-SXM4-40GB (0),1,,13,[CUDA memcpy Host-to-Device]
1947064576,588952,7400,,,,,,,,,,456.520,774715.255,Device,,NVIDIA A100-SXM4-40GB (0),1,,13,[CUDA memset]
1947659736,33248,7405,,,,,,,,,,0.825,24823.046,Pinned,Device,NVIDIA A100-SXM4-40GB (0),1,,13,[CUDA memcpy Host-to-Device]
1947695128,6816,7406,,,,,,,,,,0.131,19229.966,Pinned,Device,NVIDIA A100-SXM4-40GB (0),1,,13,[CUDA memcpy Host-to-Device]
1947712344,7327,7407,69,4,1,48,1,1,76,0.002,0.000,,,,,NVIDIA A100-SXM4-40GB (0),1,,13,"void ch_est::windowedChEstPreNoDftSOfdmKernel<float, __half, float, (unsigned int)2, (unsigned int)1, (unsigned short)4>(ch_est::puschRxChEstStatDescr_t *, ch_est::puschRxChEstDynDescr_t *)"
1947720951,6112,7408,137,2,1,24,2,1,44,0.001,0.001,,,,,NVIDIA A100-SXM4-40GB (0),1,,13,"void ch_est::chEstFilterNoDftSOfdmDispatchKernel<float, __half, float, (unsigned int)2>(ch_est::puschRxChEstStatDescr_t *, ch_est::puschRxChEstDynDescr_t *)"
1947728119,4608,7409,137,2,1,24,2,1,44,0.001,0.001,,,,,NVIDIA A100-SXM4-40GB (0),1,,13,"void ch_est::chEstFilterNoDftSOfdmDispatchKernel<float, __half, float, (unsigned int)2>(ch_est::puschRxChEstStatDescr_t *, ch_est::puschRxChEstDynDescr_t *)"
1947734007,2176,7420,103,1,1,128,1,1,16,0.000,0.000,,,,,NVIDIA A100-SXM4-40GB (0),1,,13,cupy_copy__complex64_complex64
1947737175,12672,7430,1434,1,1,128,1,1,16,0.000,0.000,,,,,NVIDIA A100-SXM4-40GB (0),1,,13,cupy_copy__complex64_complex64
1947750871,2112,7437,103,1,1,128,1,1,16,0.000,0.000,,,,,NVIDIA A100-SXM4-40GB (0),1,,13,cupy_copy__complex64_complex64
1947753975,78175,7444,1,1,1,32,32,1,30,0.000,0.000,,,,,NVIDIA A100-SXM4-40GB (0),1,,13,"void convert_kernel<__half2, float2>(tensor_layout_any, T1 *, tensor_layout_any, const T2 *)"
1947992436,4192,7447,,,,,,,,,,0.061,14656.451,Pinned,Device,NVIDIA A100-SXM4-40GB (0),1,,13,[CUDA memcpy Host-to-Device]
1948005204,46047,7448,,,,,,,,,,35.801,777453.647,Device,,NVIDIA A100-SXM4-40GB (0),1,,13,[CUDA memset]
1948055635,1920,7450,,,,,,,,,,0.000,41.667,Pinned,Device,NVIDIA A100-SXM4-40GB (0),1,,13,[CUDA memcpy Host-to-Device]
1948059699,6848,7451,,,,,,,,,,0.131,19140.182,Pinned,Device,NVIDIA A100-SXM4-40GB (0),1,,13,[CUDA memcpy Host-to-Device]
1948076883,9088,7452,273,1,1,48,1,1,40,0.000,0.001,,,,,NVIDIA A100-SXM4-40GB (0),1,,13,"void pusch_noise_intf_est::noiseIntfEstNoDftSOfdmKernel<float, __half, float, float, (unsigned int)2, (unsigned int)1, (unsigned char)4, (unsigned char)4>(pusch_noise_intf_est::puschRxNoiseIntfEstDynDescr)"
1948087059,2560,7463,35,1,1,128,1,1,16,0.000,0.000,,,,,NVIDIA A100-SXM4-40GB (0),1,,13,cupy_copy__complex64_complex64
1948096531,1536,7472,1,1,1,1,1,1,18,0.000,0.000,,,,,NVIDIA A100-SXM4-40GB (0),1,,13,cupy_copy__float32_float32
1948130546,1824,7478,,,,,,,,,,0.000,2.193,Device,Pageable,NVIDIA A100-SXM4-40GB (0),1,,7,[CUDA memcpy Device-to-Host]
1948188882,13055,7489,1434,1,1,128,1,1,16,0.000,0.000,,,,,NVIDIA A100-SXM4-40GB (0),1,,13,cupy_copy__complex64_complex64
1948215569,2368,7496,103,1,1,128,1,1,16,0.000,0.000,,,,,NVIDIA A100-SXM4-40GB (0),1,,13,cupy_copy__complex64_complex64
1948235761,2016,7503,35,1,1,128,1,1,16,0.000,0.000,,,,,NVIDIA A100-SXM4-40GB (0),1,,13,cupy_copy__complex64_complex64
1948254033,1504,7510,1,1,1,1,1,1,18,0.000,0.000,,,,,NVIDIA A100-SXM4-40GB (0),1,,13,cupy_copy__float32_float32
1948597292,78655,7521,1,1,1,32,32,1,30,0.000,0.000,,,,,NVIDIA A100-SXM4-40GB (0),1,,13,"void convert_kernel<__half2, float2>(tensor_layout_any, T1 *, tensor_layout_any, const T2 *)"
1948708363,4192,7524,,,,,,,,,,0.061,14656.451,Pinned,Device,NVIDIA A100-SXM4-40GB (0),1,,13,[CUDA memcpy Host-to-Device]
1948722667,2560,7525,,,,,,,,,,1.547,604150.000,Device,,NVIDIA A100-SXM4-40GB (0),1,,13,[CUDA memset]
1948728811,3424,7530,,,,,,,,,,0.021,6149.531,Pinned,Device,NVIDIA A100-SXM4-40GB (0),1,,13,[CUDA memcpy Host-to-Device]
1948735275,6816,7531,,,,,,,,,,0.131,19229.966,Pinned,Device,NVIDIA A100-SXM4-40GB (0),1,,13,[CUDA memcpy Host-to-Device]
1948749834,5888,7532,273,1,1,8,4,1,39,0.002,0.000,,,,,NVIDIA A100-SXM4-40GB (0),1,,13,"void channel_eq::eqMmseCoefCompLowMimoKernel<float, float, float, (unsigned int)4, (unsigned int)1, (unsigned int)4>(const channel_eq::_puschRxChEqStatDescr *, channel_eq::_puschRxChEqCoefCompDynDescr)"
1948756778,4896,7533,273,1,1,12,11,1,40,0.002,0.000,,,,,NVIDIA A100-SXM4-40GB (0),1,,13,"void channel_eq::eqMmseSoftDemapKernel<float, __half, __half, float, (unsigned int)4, (unsigned short)16383>(channel_eq::_puschRxChEqStatDescr *, channel_eq::_puschRxChEqSoftDemapDynDescr)"
1948762890,281821,7534,1,1,1,32,32,1,30,0.000,0.000,,,,,NVIDIA A100-SXM4-40GB (0),1,,13,"void convert_kernel<float2, __half2>(tensor_layout_any, T1 *, tensor_layout_any, const T2 *)"
1949045895,10240,7546,2253,1,1,128,1,1,16,0.000,0.000,,,,,NVIDIA A100-SXM4-40GB (0),1,,13,cupy_copy__float16_float16
1949057447,2368,7555,282,1,1,128,1,1,16,0.000,0.000,,,,,NVIDIA A100-SXM4-40GB (0),1,,13,cupy_copy__complex64_complex64
1949061095,1760,7564,26,1,1,128,1,1,16,0.000,0.000,,,,,NVIDIA A100-SXM4-40GB (0),1,,13,cupy_copy__float32_float32
1949064102,2528,7573,103,1,1,128,1,1,16,0.000,0.000,,,,,NVIDIA A100-SXM4-40GB (0),1,,13,cupy_copy__complex64_complex64
1949067846,11232,7583,1434,1,1,128,1,1,16,0.000,0.000,,,,,NVIDIA A100-SXM4-40GB (0),1,,13,cupy_copy__complex64_complex64
1949122022,78495,7588,1,1,1,32,32,1,30,0.000,0.000,,,,,NVIDIA A100-SXM4-40GB (0),1,,13,"void convert_kernel<__half2, float2>(tensor_layout_any, T1 *, tensor_layout_any, const T2 *)"
1949227908,4288,7591,,,,,,,,,,0.061,14328.300,Pinned,Device,NVIDIA A100-SXM4-40GB (0),1,,13,[CUDA memcpy Host-to-Device]
1949238404,587801,7592,,,,,,,,,,456.520,776541.336,Device,,NVIDIA A100-SXM4-40GB (0),1,,13,[CUDA memset]
1949833309,33151,7597,,,,,,,,,,0.825,24896.502,Pinned,Device,NVIDIA A100-SXM4-40GB (0),1,,13,[CUDA memcpy Host-to-Device]
1949869308,6784,7598,,,,,,,,,,0.131,19320.668,Pinned,Device,NVIDIA A100-SXM4-40GB (0),1,,13,[CUDA memcpy Host-to-Device]
1949883868,7360,7599,69,4,1,48,1,1,76,0.002,0.000,,,,,NVIDIA A100-SXM4-40GB (0),1,,13,"void ch_est::windowedChEstPreNoDftSOfdmKernel<float, __half, float, (unsigned int)2, (unsigned int)1, (unsigned short)4>(ch_est::puschRxChEstStatDescr_t *, ch_est::puschRxChEstDynDescr_t *)"
1949892444,6144,7600,137,2,1,24,2,1,44,0.001,0.001,,,,,NVIDIA A100-SXM4-40GB (0),1,,13,"void ch_est::chEstFilterNoDftSOfdmDispatchKernel<float, __half, float, (unsigned int)2>(ch_est::puschRxChEstStatDescr_t *, ch_est::puschRxChEstDynDescr_t *)"
1949899836,4576,7601,137,2,1,24,2,1,44,0.001,0.001,,,,,NVIDIA A100-SXM4-40GB (0),1,,13,"void ch_est::chEstFilterNoDftSOfdmDispatchKernel<float, __half, float, (unsigned int)2>(ch_est::puschRxChEstStatDescr_t *, ch_est::puschRxChEstDynDescr_t *)"
1949905596,2176,7612,103,1,1,128,1,1,16,0.000,0.000,,,,,NVIDIA A100-SXM4-40GB (0),1,,13,cupy_copy__complex64_complex64
1949908796,12704,7622,1434,1,1,128,1,1,16,0.000,0.000,,,,,NVIDIA A100-SXM4-40GB (0),1,,13,cupy_copy__complex64_complex64
1949922492,2112,7629,103,1,1,128,1,1,16,0.000,0.000,,,,,NVIDIA A100-SXM4-40GB (0),1,,13,cupy_copy__complex64_complex64
1949925692,78623,7636,1,1,1,32,32,1,30,0.000,0.000,,,,,NVIDIA A100-SXM4-40GB (0),1,,13,"void convert_kernel<__half2, float2>(tensor_layout_any, T1 *, tensor_layout_any, const T2 *)"
1950031514,4224,7639,,,,,,,,,,0.061,14545.428,Pinned,Device,NVIDIA A100-SXM4-40GB (0),1,,13,[CUDA memcpy Host-to-Device]
1950043834,44832,7640,,,,,,,,,,35.801,798540.413,Device,,NVIDIA A100-SXM4-40GB (0),1,,13,[CUDA memset]
1950095802,1919,7642,,,,,,,,,,0.000,41.688,Pinned,Device,NVIDIA A100-SXM4-40GB (0),1,,13,[CUDA memcpy Host-to-Device]
1950100569,7008,7643,,,,,,,,,,0.131,18703.188,Pinned,Device,NVIDIA A100-SXM4-40GB (0),1,,13,[CUDA memcpy Host-to-Device]
1950112345,8480,7644,273,1,1,48,1,1,40,0.000,0.001,,,,,NVIDIA A100-SXM4-40GB (0),1,,13,"void pusch_noise_intf_est::noiseIntfEstNoDftSOfdmKernel<float, __half, float, float, (unsigned int)2, (unsigned int)1, (unsigned char)4, (unsigned char)4>(pusch_noise_intf_est::puschRxNoiseIntfEstDynDescr)"
1950122041,2592,7655,35,1,1,128,1,1,16,0.000,0.000,,,,,NVIDIA A100-SXM4-40GB (0),1,,13,cupy_copy__complex64_complex64
1950149465,1504,7664,1,1,1,1,1,1,18,0.000,0.000,,,,,NVIDIA A100-SXM4-40GB (0),1,,13,cupy_copy__float32_float32
1950182456,1760,7670,,,,,,,,,,0.000,2.273,Device,Pageable,NVIDIA A100-SXM4-40GB (0),1,,7,[CUDA memcpy Device-to-Host]
1950239576,13600,7681,1434,1,1,128,1,1,16,0.000,0.000,,,,,NVIDIA A100-SXM4-40GB (0),1,,13,cupy_copy__complex64_complex64
1950265815,2368,7688,103,1,1,128,1,1,16,0.000,0.000,,,,,NVIDIA A100-SXM4-40GB (0),1,,13,cupy_copy__complex64_complex64
1950286775,1984,7695,35,1,1,128,1,1,16,0.000,0.000,,,,,NVIDIA A100-SXM4-40GB (0),1,,13,cupy_copy__complex64_complex64
1950305399,1472,7702,1,1,1,1,1,1,18,0.000,0.000,,,,,NVIDIA A100-SXM4-40GB (0),1,,13,cupy_copy__float32_float32
1950437781,78143,7713,1,1,1,32,32,1,30,0.000,0.000,,,,,NVIDIA A100-SXM4-40GB (0),1,,13,"void convert_kernel<__half2, float2>(tensor_layout_any, T1 *, tensor_layout_any, const T2 *)"
1950543028,4192,7716,,,,,,,,,,0.061,14656.451,Pinned,Device,NVIDIA A100-SXM4-40GB (0),1,,13,[CUDA memcpy Host-to-Device]
1950556788,2592,7717,,,,,,,,,,1.547,596690.632,Device,,NVIDIA A100-SXM4-40GB (0),1,,13,[CUDA memset]
1950568372,3104,7722,,,,,,,,,,0.021,6783.485,Pinned,Device,NVIDIA A100-SXM4-40GB (0),1,,13,[CUDA memcpy Host-to-Device]
1950580851,7456,7723,,,,,,,,,,0.131,17579.377,Pinned,Device,NVIDIA A100-SXM4-40GB (0),1,,13,[CUDA memcpy Host-to-Device]
1950593843,6080,7724,273,1,1,8,4,1,39,0.002,0.000,,,,,NVIDIA A100-SXM4-40GB (0),1,,13,"void channel_eq::eqMmseCoefCompLowMimoKernel<float, float, float, (unsigned int)4, (unsigned int)1, (unsigned int)4>(const channel_eq::_puschRxChEqStatDescr *, channel_eq::_puschRxChEqCoefCompDynDescr)"
1950600979,4864,7725,273,1,1,12,11,1,40,0.002,0.000,,,,,NVIDIA A100-SXM4-40GB (0),1,,13,"void channel_eq::eqMmseSoftDemapKernel<float, __half, __half, float, (unsigned int)4, (unsigned short)16383>(channel_eq::_puschRxChEqStatDescr *, channel_eq::_puschRxChEqSoftDemapDynDescr)"
1950606899,281501,7726,1,1,1,32,32,1,30,0.000,0.000,,,,,NVIDIA A100-SXM4-40GB (0),1,,13,"void convert_kernel<float2, __half2>(tensor_layout_any, T1 *, tensor_layout_any, const T2 *)"
1950889392,10527,7738,2253,1,1,128,1,1,16,0.000,0.000,,,,,NVIDIA A100-SXM4-40GB (0),1,,13,cupy_copy__float16_float16
1950901167,2368,7747,282,1,1,128,1,1,16,0.000,0.000,,,,,NVIDIA A100-SXM4-40GB (0),1,,13,cupy_copy__complex64_complex64
1950904623,1760,7756,26,1,1,128,1,1,16,0.000,0.000,,,,,NVIDIA A100-SXM4-40GB (0),1,,13,cupy_copy__float32_float32
1950907407,2560,7765,103,1,1,128,1,1,16,0.000,0.000,,,,,NVIDIA A100-SXM4-40GB (0),1,,13,cupy_copy__complex64_complex64
1950911215,11264,7775,1434,1,1,128,1,1,16,0.000,0.000,,,,,NVIDIA A100-SXM4-40GB (0),1,,13,cupy_copy__complex64_complex64
1950937327,78047,7780,1,1,1,32,32,1,30,0.000,0.000,,,,,NVIDIA A100-SXM4-40GB (0),1,,13,"void convert_kernel<__half2, float2>(tensor_layout_any, T1 *, tensor_layout_any, const T2 *)"
1951043406,4160,7783,,,,,,,,,,0.061,14769.193,Pinned,Device,NVIDIA A100-SXM4-40GB (0),1,,13,[CUDA memcpy Host-to-Device]
1951053645,587961,7784,,,,,,,,,,456.520,776084.816,Device,,NVIDIA A100-SXM4-40GB (0),1,,13,[CUDA memset]
1951643046,32736,7789,,,,,,,,,,0.825,25211.783,Pinned,Device,NVIDIA A100-SXM4-40GB (0),1,,13,[CUDA memcpy Host-to-Device]
1951677926,6847,7790,,,,,,,,,,0.131,19142.935,Pinned,Device,NVIDIA A100-SXM4-40GB (0),1,,13,[CUDA memcpy Host-to-Device]
1951691205,7232,7791,69,4,1,48,1,1,76,0.002,0.000,,,,,NVIDIA A100-SXM4-40GB (0),1,,13,"void ch_est::windowedChEstPreNoDftSOfdmKernel<float, __half, float, (unsigned int)2, (unsigned int)1, (unsigned short)4>(ch_est::puschRxChEstStatDescr_t *, ch_est::puschRxChEstDynDescr_t *)"
1951699685,6464,7792,137,2,1,24,2,1,44,0.001,0.001,,,,,NVIDIA A100-SXM4-40GB (0),1,,13,"void ch_est::chEstFilterNoDftSOfdmDispatchKernel<float, __half, float, (unsigned int)2>(ch_est::puschRxChEstStatDescr_t *, ch_est::puschRxChEstDynDescr_t *)"
1951707365,4576,7793,137,2,1,24,2,1,44,0.001,0.001,,,,,NVIDIA A100-SXM4-40GB (0),1,,13,"void ch_est::chEstFilterNoDftSOfdmDispatchKernel<float, __half, float, (unsigned int)2>(ch_est::puschRxChEstStatDescr_t *, ch_est::puschRxChEstDynDescr_t *)"
1951713221,2176,7804,103,1,1,128,1,1,16,0.000,0.000,,,,,NVIDIA A100-SXM4-40GB (0),1,,13,cupy_copy__complex64_complex64
1951716613,12640,7814,1434,1,1,128,1,1,16,0.000,0.000,,,,,NVIDIA A100-SXM4-40GB (0),1,,13,cupy_copy__complex64_complex64
1951730309,2112,7821,103,1,1,128,1,1,16,0.000,0.000,,,,,NVIDIA A100-SXM4-40GB (0),1,,13,cupy_copy__complex64_complex64
1951733509,78559,7828,1,1,1,32,32,1,30,0.000,0.000,,,,,NVIDIA A100-SXM4-40GB (0),1,,13,"void convert_kernel<__half2, float2>(tensor_layout_any, T1 *, tensor_layout_any, const T2 *)"
1951987138,4192,7831,,,,,,,,,,0.061,14656.451,Pinned,Device,NVIDIA A100-SXM4-40GB (0),1,,13,[CUDA memcpy Host-to-Device]
1951997762,46111,7832,,,,,,,,,,35.801,776379.619,Device,,NVIDIA A100-SXM4-40GB (0),1,,13,[CUDA memset]
1952051617,1888,7834,,,,,,,,,,0.000,42.373,Pinned,Device,NVIDIA A100-SXM4-40GB (0),1,,13,[CUDA memcpy Host-to-Device]
1952055649,6816,7835,,,,,,,,,,0.131,19229.966,Pinned,Device,NVIDIA A100-SXM4-40GB (0),1,,13,[CUDA memcpy Host-to-Device]
1952070049,8992,7836,273,1,1,48,1,1,40,0.000,0.001,,,,,NVIDIA A100-SXM4-40GB (0),1,,13,"void pusch_noise_intf_est::noiseIntfEstNoDftSOfdmKernel<float, __half, float, float, (unsigned int)2, (unsigned int)1, (unsigned char)4, (unsigned char)4>(pusch_noise_intf_est::puschRxNoiseIntfEstDynDescr)"
1952080193,2591,7847,35,1,1,128,1,1,16,0.000,0.000,,,,,NVIDIA A100-SXM4-40GB (0),1,,13,cupy_copy__complex64_complex64
1952092352,1536,7856,1,1,1,1,1,1,18,0.000,0.000,,,,,NVIDIA A100-SXM4-40GB (0),1,,13,cupy_copy__float32_float32
1952125408,1728,7862,,,,,,,,,,0.000,2.315,Device,Pageable,NVIDIA A100-SXM4-40GB (0),1,,7,[CUDA memcpy Device-to-Host]
1952183455,13024,7873,1434,1,1,128,1,1,16,0.000,0.000,,,,,NVIDIA A100-SXM4-40GB (0),1,,13,cupy_copy__complex64_complex64
1952209983,2368,7880,103,1,1,128,1,1,16,0.000,0.000,,,,,NVIDIA A100-SXM4-40GB (0),1,,13,cupy_copy__complex64_complex64
1952230239,2016,7887,35,1,1,128,1,1,16,0.000,0.000,,,,,NVIDIA A100-SXM4-40GB (0),1,,13,cupy_copy__complex64_complex64
1952248638,1504,7894,1,1,1,1,1,1,18,0.000,0.000,,,,,NVIDIA A100-SXM4-40GB (0),1,,13,cupy_copy__float32_float32
1952512507,78623,7905,1,1,1,32,32,1,30,0.000,0.000,,,,,NVIDIA A100-SXM4-40GB (0),1,,13,"void convert_kernel<__half2, float2>(tensor_layout_any, T1 *, tensor_layout_any, const T2 *)"
1952622586,4224,7908,,,,,,,,,,0.061,14545.428,Pinned,Device,NVIDIA A100-SXM4-40GB (0),1,,13,[CUDA memcpy Host-to-Device]
1952640889,2560,7909,,,,,,,,,,1.547,604150.000,Device,,NVIDIA A100-SXM4-40GB (0),1,,13,[CUDA memset]
1952647193,3040,7914,,,,,,,,,,0.021,6926.308,Pinned,Device,NVIDIA A100-SXM4-40GB (0),1,,13,[CUDA memcpy Host-to-Device]
1952652345,6880,7915,,,,,,,,,,0.131,19051.053,Pinned,Device,NVIDIA A100-SXM4-40GB (0),1,,13,[CUDA memcpy Host-to-Device]
1952664985,5888,7916,273,1,1,8,4,1,39,0.002,0.000,,,,,NVIDIA A100-SXM4-40GB (0),1,,13,"void channel_eq::eqMmseCoefCompLowMimoKernel<float, float, float, (unsigned int)4, (unsigned int)1, (unsigned int)4>(const channel_eq::_puschRxChEqStatDescr *, channel_eq::_puschRxChEqCoefCompDynDescr)"
1952672153,4864,7917,273,1,1,12,11,1,40,0.002,0.000,,,,,NVIDIA A100-SXM4-40GB (0),1,,13,"void channel_eq::eqMmseSoftDemapKernel<float, __half, __half, float, (unsigned int)4, (unsigned short)16383>(channel_eq::_puschRxChEqStatDescr *, channel_eq::_puschRxChEqSoftDemapDynDescr)"
1952678297,281468,7918,1,1,1,32,32,1,30,0.000,0.000,,,,,NVIDIA A100-SXM4-40GB (0),1,,13,"void convert_kernel<float2, __half2>(tensor_layout_any, T1 *, tensor_layout_any, const T2 *)"
1952960789,10112,7930,2253,1,1,128,1,1,16,0.000,0.000,,,,,NVIDIA A100-SXM4-40GB (0),1,,13,cupy_copy__float16_float16
1952972181,2368,7939,282,1,1,128,1,1,16,0.000,0.000,,,,,NVIDIA A100-SXM4-40GB (0),1,,13,cupy_copy__complex64_complex64
1952975605,1760,7948,26,1,1,128,1,1,16,0.000,0.000,,,,,NVIDIA A100-SXM4-40GB (0),1,,13,cupy_copy__float32_float32
1952978645,2560,7957,103,1,1,128,1,1,16,0.000,0.000,,,,,NVIDIA A100-SXM4-40GB (0),1,,13,cupy_copy__complex64_complex64
1953032597,11231,7973,1434,1,1,128,1,1,16,0.000,0.000,,,,,NVIDIA A100-SXM4-40GB (0),1,,13,cupy_copy__complex64_complex64
1953148563,79423,7978,1,1,1,32,32,1,30,0.000,0.000,,,,,NVIDIA A100-SXM4-40GB (0),1,,13,"void convert_kernel<__half2, float2>(tensor_layout_any, T1 *, tensor_layout_any, const T2 *)"
1953388880,4224,7981,,,,,,,,,,0.061,14545.428,Pinned,Device,NVIDIA A100-SXM4-40GB (0),1,,13,[CUDA memcpy Host-to-Device]
1953397360,590648,7982,,,,,,,,,,456.520,772889.173,Device,,NVIDIA A100-SXM4-40GB (0),1,,13,[CUDA memset]
1953990312,32768,7987,,,,,,,,,,0.825,25187.023,Pinned,Device,NVIDIA A100-SXM4-40GB (0),1,,13,[CUDA memcpy Host-to-Device]
1954025704,6944,7988,,,,,,,,,,0.131,18875.548,Pinned,Device,NVIDIA A100-SXM4-40GB (0),1,,13,[CUDA memcpy Host-to-Device]
1954038152,7776,7989,69,4,1,48,1,1,76,0.002,0.000,,,,,NVIDIA A100-SXM4-40GB (0),1,,13,"void ch_est::windowedChEstPreNoDftSOfdmKernel<float, __half, float, (unsigned int)2, (unsigned int)1, (unsigned short)4>(ch_est::puschRxChEstStatDescr_t *, ch_est::puschRxChEstDynDescr_t *)"
1954047176,6336,7990,137,2,1,24,2,1,44,0.001,0.001,,,,,NVIDIA A100-SXM4-40GB (0),1,,13,"void ch_est::chEstFilterNoDftSOfdmDispatchKernel<float, __half, float, (unsigned int)2>(ch_est::puschRxChEstStatDescr_t *, ch_est::puschRxChEstDynDescr_t *)"
1954054536,4544,7991,137,2,1,24,2,1,44,0.001,0.001,,,,,NVIDIA A100-SXM4-40GB (0),1,,13,"void ch_est::chEstFilterNoDftSOfdmDispatchKernel<float, __half, float, (unsigned int)2>(ch_est::puschRxChEstStatDescr_t *, ch_est::puschRxChEstDynDescr_t *)"
1954060360,2176,8002,103,1,1,128,1,1,16,0.000,0.000,,,,,NVIDIA A100-SXM4-40GB (0),1,,13,cupy_copy__complex64_complex64
1954063560,12351,8012,1434,1,1,128,1,1,16,0.000,0.000,,,,,NVIDIA A100-SXM4-40GB (0),1,,13,cupy_copy__complex64_complex64
1954076935,2144,8019,103,1,1,128,1,1,16,0.000,0.000,,,,,NVIDIA A100-SXM4-40GB (0),1,,13,cupy_copy__complex64_complex64
1954080135,78207,8026,1,1,1,32,32,1,30,0.000,0.000,,,,,NVIDIA A100-SXM4-40GB (0),1,,13,"void convert_kernel<__half2, float2>(tensor_layout_any, T1 *, tensor_layout_any, const T2 *)"
1954189382,4256,8029,,,,,,,,,,0.061,14436.065,Pinned,Device,NVIDIA A100-SXM4-40GB (0),1,,13,[CUDA memcpy Host-to-Device]
1954202374,45023,8030,,,,,,,,,,35.801,795139.322,Device,,NVIDIA A100-SXM4-40GB (0),1,,13,[CUDA memset]
1954255237,1920,8032,,,,,,,,,,0.000,41.667,Pinned,Device,NVIDIA A100-SXM4-40GB (0),1,,13,[CUDA memcpy Host-to-Device]
1954260037,6784,8033,,,,,,,,,,0.131,19320.668,Pinned,Device,NVIDIA A100-SXM4-40GB (0),1,,13,[CUDA memcpy Host-to-Device]
1954272645,8512,8034,273,1,1,48,1,1,40,0.000,0.001,,,,,NVIDIA A100-SXM4-40GB (0),1,,13,"void pusch_noise_intf_est::noiseIntfEstNoDftSOfdmKernel<float, __half, float, float, (unsigned int)2, (unsigned int)1, (unsigned char)4, (unsigned char)4>(pusch_noise_intf_est::puschRxNoiseIntfEstDynDescr)"
1954282341,2624,8045,35,1,1,128,1,1,16,0.000,0.000,,,,,NVIDIA A100-SXM4-40GB (0),1,,13,cupy_copy__complex64_complex64
1954313348,1536,8054,1,1,1,1,1,1,18,0.000,0.000,,,,,NVIDIA A100-SXM4-40GB (0),1,,13,cupy_copy__float32_float32
1954346884,1728,8060,,,,,,,,,,0.000,2.315,Device,Pageable,NVIDIA A100-SXM4-40GB (0),1,,7,[CUDA memcpy Device-to-Host]
1954403907,13376,8071,1434,1,1,128,1,1,16,0.000,0.000,,,,,NVIDIA A100-SXM4-40GB (0),1,,13,cupy_copy__complex64_complex64
1954430787,2336,8078,103,1,1,128,1,1,16,0.000,0.000,,,,,NVIDIA A100-SXM4-40GB (0),1,,13,cupy_copy__complex64_complex64
1954451747,1984,8085,35,1,1,128,1,1,16,0.000,0.000,,,,,NVIDIA A100-SXM4-40GB (0),1,,13,cupy_copy__complex64_complex64
1954470594,1504,8092,1,1,1,1,1,1,18,0.000,0.000,,,,,NVIDIA A100-SXM4-40GB (0),1,,13,cupy_copy__float32_float32
1954607233,78399,8103,1,1,1,32,32,1,30,0.000,0.000,,,,,NVIDIA A100-SXM4-40GB (0),1,,13,"void convert_kernel<__half2, float2>(tensor_layout_any, T1 *, tensor_layout_any, const T2 *)"
1954713503,4256,8106,,,,,,,,,,0.061,14436.065,Pinned,Device,NVIDIA A100-SXM4-40GB (0),1,,13,[CUDA memcpy Host-to-Device]
1954727583,2560,8107,,,,,,,,,,1.547,604150.000,Device,,NVIDIA A100-SXM4-40GB (0),1,,13,[CUDA memset]
1954733759,3488,8112,,,,,,,,,,0.021,6036.692,Pinned,Device,NVIDIA A100-SXM4-40GB (0),1,,13,[CUDA memcpy Host-to-Device]
1954739775,7328,8113,,,,,,,,,,0.131,17886.347,Pinned,Device,NVIDIA A100-SXM4-40GB (0),1,,13,[CUDA memcpy Host-to-Device]
1954751423,5888,8114,273,1,1,8,4,1,39,0.002,0.000,,,,,NVIDIA A100-SXM4-40GB (0),1,,13,"void channel_eq::eqMmseCoefCompLowMimoKernel<float, float, float, (unsigned int)4, (unsigned int)1, (unsigned int)4>(const channel_eq::_puschRxChEqStatDescr *, channel_eq::_puschRxChEqCoefCompDynDescr)"
1954758623,4800,8115,273,1,1,12,11,1,40,0.002,0.000,,,,,NVIDIA A100-SXM4-40GB (0),1,,13,"void channel_eq::eqMmseSoftDemapKernel<float, __half, __half, float, (unsigned int)4, (unsigned short)16383>(channel_eq::_puschRxChEqStatDescr *, channel_eq::_puschRxChEqSoftDemapDynDescr)"
1954764415,281340,8116,1,1,1,32,32,1,30,0.000,0.000,,,,,NVIDIA A100-SXM4-40GB (0),1,,13,"void convert_kernel<float2, __half2>(tensor_layout_any, T1 *, tensor_layout_any, const T2 *)"
1955046875,10176,8128,2253,1,1,128,1,1,16,0.000,0.000,,,,,NVIDIA A100-SXM4-40GB (0),1,,13,cupy_copy__float16_float16
1955058043,2400,8137,282,1,1,128,1,1,16,0.000,0.000,,,,,NVIDIA A100-SXM4-40GB (0),1,,13,cupy_copy__complex64_complex64
1955061499,1792,8146,26,1,1,128,1,1,16,0.000,0.000,,,,,NVIDIA A100-SXM4-40GB (0),1,,13,cupy_copy__float32_float32
1955064507,2528,8155,103,1,1,128,1,1,16,0.000,0.000,,,,,NVIDIA A100-SXM4-40GB (0),1,,13,cupy_copy__complex64_complex64
1955068283,11360,8165,1434,1,1,128,1,1,16,0.000,0.000,,,,,NVIDIA A100-SXM4-40GB (0),1,,13,cupy_copy__complex64_complex64
1955107514,78783,8170,1,1,1,32,32,1,30,0.000,0.000,,,,,NVIDIA A100-SXM4-40GB (0),1,,13,"void convert_kernel<__half2, float2>(tensor_layout_any, T1 *, tensor_layout_any, const T2 *)"
1955213689,4288,8173,,,,,,,,,,0.061,14328.300,Pinned,Device,NVIDIA A100-SXM4-40GB (0),1,,13,[CUDA memcpy Host-to-Device]
1955225209,587960,8174,,,,,,,,,,456.520,776084.816,Device,,NVIDIA A100-SXM4-40GB (0),1,,13,[CUDA memset]
1955816465,32736,8179,,,,,,,,,,0.825,25211.783,Pinned,Device,NVIDIA A100-SXM4-40GB (0),1,,13,[CUDA memcpy Host-to-Device]
1955852305,6816,8180,,,,,,,,,,0.131,19229.966,Pinned,Device,NVIDIA A100-SXM4-40GB (0),1,,13,[CUDA memcpy Host-to-Device]
1955868401,6976,8181,69,4,1,48,1,1,76,0.002,0.000,,,,,NVIDIA A100-SXM4-40GB (0),1,,13,"void ch_est::windowedChEstPreNoDftSOfdmKernel<float, __half, float, (unsigned int)2, (unsigned int)1, (unsigned short)4>(ch_est::puschRxChEstStatDescr_t *, ch_est::puschRxChEstDynDescr_t *)"
1955876401,6144,8182,137,2,1,24,2,1,44,0.001,0.001,,,,,NVIDIA A100-SXM4-40GB (0),1,,13,"void ch_est::chEstFilterNoDftSOfdmDispatchKernel<float, __half, float, (unsigned int)2>(ch_est::puschRxChEstStatDescr_t *, ch_est::puschRxChEstDynDescr_t *)"
1955883633,4576,8183,137,2,1,24,2,1,44,0.001,0.001,,,,,NVIDIA A100-SXM4-40GB (0),1,,13,"void ch_est::chEstFilterNoDftSOfdmDispatchKernel<float, __half, float, (unsigned int)2>(ch_est::puschRxChEstStatDescr_t *, ch_est::puschRxChEstDynDescr_t *)"
1955889489,2176,8194,103,1,1,128,1,1,16,0.000,0.000,,,,,NVIDIA A100-SXM4-40GB (0),1,,13,cupy_copy__complex64_complex64
1955892656,12352,8204,1434,1,1,128,1,1,16,0.000,0.000,,,,,NVIDIA A100-SXM4-40GB (0),1,,13,cupy_copy__complex64_complex64
1955906288,2112,8211,103,1,1,128,1,1,16,0.000,0.000,,,,,NVIDIA A100-SXM4-40GB (0),1,,13,cupy_copy__complex64_complex64
1955909712,78591,8218,1,1,1,32,32,1,30,0.000,0.000,,,,,NVIDIA A100-SXM4-40GB (0),1,,13,"void convert_kernel<__half2, float2>(tensor_layout_any, T1 *, tensor_layout_any, const T2 *)"
1956015503,4192,8221,,,,,,,,,,0.061,14656.451,Pinned,Device,NVIDIA A100-SXM4-40GB (0),1,,13,[CUDA memcpy Host-to-Device]
1956027887,44991,8222,,,,,,,,,,35.801,795712.137,Device,,NVIDIA A100-SXM4-40GB (0),1,,13,[CUDA memset]
1956080622,1888,8224,,,,,,,,,,0.000,42.373,Pinned,Device,NVIDIA A100-SXM4-40GB (0),1,,13,[CUDA memcpy Host-to-Device]
1956084654,7040,8225,,,,,,,,,,0.131,18618.122,Pinned,Device,NVIDIA A100-SXM4-40GB (0),1,,13,[CUDA memcpy Host-to-Device]
1956096366,8768,8226,273,1,1,48,1,1,40,0.000,0.001,,,,,NVIDIA A100-SXM4-40GB (0),1,,13,"void pusch_noise_intf_est::noiseIntfEstNoDftSOfdmKernel<float, __half, float, float, (unsigned int)2, (unsigned int)1, (unsigned char)4, (unsigned char)4>(pusch_noise_intf_est::puschRxNoiseIntfEstDynDescr)"
1956106158,2688,8237,35,1,1,128,1,1,16,0.000,0.000,,,,,NVIDIA A100-SXM4-40GB (0),1,,13,cupy_copy__complex64_complex64
1956133869,1536,8246,1,1,1,1,1,1,18,0.000,0.000,,,,,NVIDIA A100-SXM4-40GB (0),1,,13,cupy_copy__float32_float32
1956167085,1760,8252,,,,,,,,,,0.000,2.273,Device,Pageable,NVIDIA A100-SXM4-40GB (0),1,,7,[CUDA memcpy Device-to-Host]
1956224716,13280,8263,1434,1,1,128,1,1,16,0.000,0.000,,,,,NVIDIA A100-SXM4-40GB (0),1,,13,cupy_copy__complex64_complex64
1956251564,2336,8270,103,1,1,128,1,1,16,0.000,0.000,,,,,NVIDIA A100-SXM4-40GB (0),1,,13,cupy_copy__complex64_complex64
1956272204,2016,8277,35,1,1,128,1,1,16,0.000,0.000,,,,,NVIDIA A100-SXM4-40GB (0),1,,13,cupy_copy__complex64_complex64
1956295083,1504,8284,1,1,1,1,1,1,18,0.000,0.000,,,,,NVIDIA A100-SXM4-40GB (0),1,,13,cupy_copy__float32_float32
1956428042,77919,8295,1,1,1,32,32,1,30,0.000,0.000,,,,,NVIDIA A100-SXM4-40GB (0),1,,13,"void convert_kernel<__half2, float2>(tensor_layout_any, T1 *, tensor_layout_any, const T2 *)"
1956534088,4480,8298,,,,,,,,,,0.061,13714.268,Pinned,Device,NVIDIA A100-SXM4-40GB (0),1,,13,[CUDA memcpy Host-to-Device]
1956548808,2560,8299,,,,,,,,,,1.547,604150.000,Device,,NVIDIA A100-SXM4-40GB (0),1,,13,[CUDA memset]
1956555208,3040,8304,,,,,,,,,,0.021,6926.308,Pinned,Device,NVIDIA A100-SXM4-40GB (0),1,,13,[CUDA memcpy Host-to-Device]
1956560904,6816,8305,,,,,,,,,,0.131,19229.966,Pinned,Device,NVIDIA A100-SXM4-40GB (0),1,,13,[CUDA memcpy Host-to-Device]
1956572296,5920,8306,273,1,1,8,4,1,39,0.002,0.000,,,,,NVIDIA A100-SXM4-40GB (0),1,,13,"void channel_eq::eqMmseCoefCompLowMimoKernel<float, float, float, (unsigned int)4, (unsigned int)1, (unsigned int)4>(const channel_eq::_puschRxChEqStatDescr *, channel_eq::_puschRxChEqCoefCompDynDescr)"
1956579272,4864,8307,273,1,1,12,11,1,40,0.002,0.000,,,,,NVIDIA A100-SXM4-40GB (0),1,,13,"void channel_eq::eqMmseSoftDemapKernel<float, __half, __half, float, (unsigned int)4, (unsigned short)16383>(channel_eq::_puschRxChEqStatDescr *, channel_eq::_puschRxChEqSoftDemapDynDescr)"
1956585384,281596,8308,1,1,1,32,32,1,30,0.000,0.000,,,,,NVIDIA A100-SXM4-40GB (0),1,,13,"void convert_kernel<float2, __half2>(tensor_layout_any, T1 *, tensor_layout_any, const T2 *)"
1956868196,10336,8320,2253,1,1,128,1,1,16,0.000,0.000,,,,,NVIDIA A100-SXM4-40GB (0),1,,13,cupy_copy__float16_float16
1956879748,2368,8329,282,1,1,128,1,1,16,0.000,0.000,,,,,NVIDIA A100-SXM4-40GB (0),1,,13,cupy_copy__complex64_complex64
1956883364,1760,8338,26,1,1,128,1,1,16,0.000,0.000,,,,,NVIDIA A100-SXM4-40GB (0),1,,13,cupy_copy__float32_float32
1956886372,2560,8347,103,1,1,128,1,1,16,0.000,0.000,,,,,NVIDIA A100-SXM4-40GB (0),1,,13,cupy_copy__complex64_complex64
1956890148,11232,8357,1434,1,1,128,1,1,16,0.000,0.000,,,,,NVIDIA A100-SXM4-40GB (0),1,,13,cupy_copy__complex64_complex64
1956929123,78591,8362,1,1,1,32,32,1,30,0.000,0.000,,,,,NVIDIA A100-SXM4-40GB (0),1,,13,"void convert_kernel<__half2, float2>(tensor_layout_any, T1 *, tensor_layout_any, const T2 *)"
1957171296,4192,8365,,,,,,,,,,0.061,14656.451,Pinned,Device,NVIDIA A100-SXM4-40GB (0),1,,13,[CUDA memcpy Host-to-Device]
1957179712,590233,8366,,,,,,,,,,456.520,773345.693,Device,,NVIDIA A100-SXM4-40GB (0),1,,13,[CUDA memset]
1957775193,32735,8371,,,,,,,,,,0.825,25212.609,Pinned,Device,NVIDIA A100-SXM4-40GB (0),1,,13,[CUDA memcpy Host-to-Device]
1957810456,6848,8372,,,,,,,,,,0.131,19140.182,Pinned,Device,NVIDIA A100-SXM4-40GB (0),1,,13,[CUDA memcpy Host-to-Device]
1957826296,7328,8373,69,4,1,48,1,1,76,0.002,0.000,,,,,NVIDIA A100-SXM4-40GB (0),1,,13,"void ch_est::windowedChEstPreNoDftSOfdmKernel<float, __half, float, (unsigned int)2, (unsigned int)1, (unsigned short)4>(ch_est::puschRxChEstStatDescr_t *, ch_est::puschRxChEstDynDescr_t *)"
1957834904,6176,8374,137,2,1,24,2,1,44,0.001,0.001,,,,,NVIDIA A100-SXM4-40GB (0),1,,13,"void ch_est::chEstFilterNoDftSOfdmDispatchKernel<float, __half, float, (unsigned int)2>(ch_est::puschRxChEstStatDescr_t *, ch_est::puschRxChEstDynDescr_t *)"
1957842328,4544,8375,137,2,1,24,2,1,44,0.001,0.001,,,,,NVIDIA A100-SXM4-40GB (0),1,,13,"void ch_est::chEstFilterNoDftSOfdmDispatchKernel<float, __half, float, (unsigned int)2>(ch_est::puschRxChEstStatDescr_t *, ch_est::puschRxChEstDynDescr_t *)"
1957848088,2592,8386,103,1,1,128,1,1,16,0.000,0.000,,,,,NVIDIA A100-SXM4-40GB (0),1,,13,cupy_copy__complex64_complex64
1957851896,12448,8396,1434,1,1,128,1,1,16,0.000,0.000,,,,,NVIDIA A100-SXM4-40GB (0),1,,13,cupy_copy__complex64_complex64
1957865560,2112,8403,103,1,1,128,1,1,16,0.000,0.000,,,,,NVIDIA A100-SXM4-40GB (0),1,,13,cupy_copy__complex64_complex64
1957868760,78015,8410,1,1,1,32,32,1,30,0.000,0.000,,,,,NVIDIA A100-SXM4-40GB (0),1,,13,"void convert_kernel<__half2, float2>(tensor_layout_any, T1 *, tensor_layout_any, const T2 *)"
1957977590,4192,8413,,,,,,,,,,0.061,14656.451,Pinned,Device,NVIDIA A100-SXM4-40GB (0),1,,13,[CUDA memcpy Host-to-Device]
1957990422,45151,8414,,,,,,,,,,35.801,792883.861,Device,,NVIDIA A100-SXM4-40GB (0),1,,13,[CUDA memset]
1958042965,1888,8416,,,,,,,,,,0.000,42.373,Pinned,Device,NVIDIA A100-SXM4-40GB (0),1,,13,[CUDA memcpy Host-to-Device]
1958047221,6784,8417,,,,,,,,,,0.131,19320.668,Pinned,Device,NVIDIA A100-SXM4-40GB (0),1,,13,[CUDA memcpy Host-to-Device]
1958059349,8704,8418,273,1,1,48,1,1,40,0.000,0.001,,,,,NVIDIA A100-SXM4-40GB (0),1,,13,"void pusch_noise_intf_est::noiseIntfEstNoDftSOfdmKernel<float, __half, float, float, (unsigned int)2, (unsigned int)1, (unsigned char)4, (unsigned char)4>(pusch_noise_intf_est::puschRxNoiseIntfEstDynDescr)"
1958069269,2592,8429,35,1,1,128,1,1,16,0.000,0.000,,,,,NVIDIA A100-SXM4-40GB (0),1,,13,cupy_copy__complex64_complex64
1958103541,1536,8438,1,1,1,1,1,1,18,0.000,0.000,,,,,NVIDIA A100-SXM4-40GB (0),1,,13,cupy_copy__float32_float32
1958137492,1728,8444,,,,,,,,,,0.000,2.315,Device,Pageable,NVIDIA A100-SXM4-40GB (0),1,,7,[CUDA memcpy Device-to-Host]
1958195155,13280,8455,1434,1,1,128,1,1,16,0.000,0.000,,,,,NVIDIA A100-SXM4-40GB (0),1,,13,cupy_copy__complex64_complex64
1958222643,2368,8462,103,1,1,128,1,1,16,0.000,0.000,,,,,NVIDIA A100-SXM4-40GB (0),1,,13,cupy_copy__complex64_complex64
1958242643,1984,8469,35,1,1,128,1,1,16,0.000,0.000,,,,,NVIDIA A100-SXM4-40GB (0),1,,13,cupy_copy__complex64_complex64
1958264723,1472,8476,1,1,1,1,1,1,18,0.000,0.000,,,,,NVIDIA A100-SXM4-40GB (0),1,,13,cupy_copy__float32_float32
1958398065,78047,8487,1,1,1,32,32,1,30,0.000,0.000,,,,,NVIDIA A100-SXM4-40GB (0),1,,13,"void convert_kernel<__half2, float2>(tensor_layout_any, T1 *, tensor_layout_any, const T2 *)"
1958635374,4192,8490,,,,,,,,,,0.061,14656.451,Pinned,Device,NVIDIA A100-SXM4-40GB (0),1,,13,[CUDA memcpy Host-to-Device]
1958646414,2592,8491,,,,,,,,,,1.547,596690.632,Device,,NVIDIA A100-SXM4-40GB (0),1,,13,[CUDA memset]
1958649870,3072,8496,,,,,,,,,,0.021,6854.149,Pinned,Device,NVIDIA A100-SXM4-40GB (0),1,,13,[CUDA memcpy Host-to-Device]
1958655086,7200,8497,,,,,,,,,,0.131,18204.328,Pinned,Device,NVIDIA A100-SXM4-40GB (0),1,,13,[CUDA memcpy Host-to-Device]
1958666990,5887,8498,273,1,1,8,4,1,39,0.002,0.000,,,,,NVIDIA A100-SXM4-40GB (0),1,,13,"void channel_eq::eqMmseCoefCompLowMimoKernel<float, float, float, (unsigned int)4, (unsigned int)1, (unsigned int)4>(const channel_eq::_puschRxChEqStatDescr *, channel_eq::_puschRxChEqCoefCompDynDescr)"
1958674189,4832,8499,273,1,1,12,11,1,40,0.002,0.000,,,,,NVIDIA A100-SXM4-40GB (0),1,,13,"void channel_eq::eqMmseSoftDemapKernel<float, __half, __half, float, (unsigned int)4, (unsigned short)16383>(channel_eq::_puschRxChEqStatDescr *, channel_eq::_puschRxChEqSoftDemapDynDescr)"
1958680077,281405,8500,1,1,1,32,32,1,30,0.000,0.000,,,,,NVIDIA A100-SXM4-40GB (0),1,,13,"void convert_kernel<float2, __half2>(tensor_layout_any, T1 *, tensor_layout_any, const T2 *)"
1958962570,10272,8512,2253,1,1,128,1,1,16,0.000,0.000,,,,,NVIDIA A100-SXM4-40GB (0),1,,13,cupy_copy__float16_float16
1958973898,2368,8521,282,1,1,128,1,1,16,0.000,0.000,,,,,NVIDIA A100-SXM4-40GB (0),1,,13,cupy_copy__complex64_complex64
1958977450,1760,8530,26,1,1,128,1,1,16,0.000,0.000,,,,,NVIDIA A100-SXM4-40GB (0),1,,13,cupy_copy__float32_float32
1958980458,2528,8539,103,1,1,128,1,1,16,0.000,0.000,,,,,NVIDIA A100-SXM4-40GB (0),1,,13,cupy_copy__complex64_complex64
1958984234,11103,8549,1434,1,1,128,1,1,16,0.000,0.000,,,,,NVIDIA A100-SXM4-40GB (0),1,,13,cupy_copy__complex64_complex64
1959139048,79231,8554,1,1,1,32,32,1,30,0.000,0.000,,,,,NVIDIA A100-SXM4-40GB (0),1,,13,"void convert_kernel<__half2, float2>(tensor_layout_any, T1 *, tensor_layout_any, const T2 *)"
1959249318,4192,8557,,,,,,,,,,0.061,14656.451,Pinned,Device,NVIDIA A100-SXM4-40GB (0),1,,13,[CUDA memcpy Host-to-Device]
1959260326,587545,8558,,,,,,,,,,456.520,776541.336,Device,,NVIDIA A100-SXM4-40GB (0),1,,13,[CUDA memset]
1959851999,32735,8563,,,,,,,,,,0.825,25212.609,Pinned,Device,NVIDIA A100-SXM4-40GB (0),1,,13,[CUDA memcpy Host-to-Device]
1959886910,6784,8564,,,,,,,,,,0.131,19320.668,Pinned,Device,NVIDIA A100-SXM4-40GB (0),1,,13,[CUDA memcpy Host-to-Device]
1959899454,7168,8565,69,4,1,48,1,1,76,0.002,0.000,,,,,NVIDIA A100-SXM4-40GB (0),1,,13,"void ch_est::windowedChEstPreNoDftSOfdmKernel<float, __half, float, (unsigned int)2, (unsigned int)1, (unsigned short)4>(ch_est::puschRxChEstStatDescr_t *, ch_est::puschRxChEstDynDescr_t *)"
1959907742,6208,8566,137,2,1,24,2,1,44,0.001,0.001,,,,,NVIDIA A100-SXM4-40GB (0),1,,13,"void ch_est::chEstFilterNoDftSOfdmDispatchKernel<float, __half, float, (unsigned int)2>(ch_est::puschRxChEstStatDescr_t *, ch_est::puschRxChEstDynDescr_t *)"
1959915230,4576,8567,137,2,1,24,2,1,44,0.001,0.001,,,,,NVIDIA A100-SXM4-40GB (0),1,,13,"void ch_est::chEstFilterNoDftSOfdmDispatchKernel<float, __half, float, (unsigned int)2>(ch_est::puschRxChEstStatDescr_t *, ch_est::puschRxChEstDynDescr_t *)"
1959921118,2144,8578,103,1,1,128,1,1,16,0.000,0.000,,,,,NVIDIA A100-SXM4-40GB (0),1,,13,cupy_copy__complex64_complex64
1959924510,12576,8588,1434,1,1,128,1,1,16,0.000,0.000,,,,,NVIDIA A100-SXM4-40GB (0),1,,13,cupy_copy__complex64_complex64
1959938174,2112,8595,103,1,1,128,1,1,16,0.000,0.000,,,,,NVIDIA A100-SXM4-40GB (0),1,,13,cupy_copy__complex64_complex64
1959941341,78464,8602,1,1,1,32,32,1,30,0.000,0.000,,,,,NVIDIA A100-SXM4-40GB (0),1,,13,"void convert_kernel<__half2, float2>(tensor_layout_any, T1 *, tensor_layout_any, const T2 *)"
1960047580,4576,8605,,,,,,,,,,0.061,13426.545,Pinned,Device,NVIDIA A100-SXM4-40GB (0),1,,13,[CUDA memcpy Host-to-Device]
1960059868,44799,8606,,,,,,,,,,35.801,799113.228,Device,,NVIDIA A100-SXM4-40GB (0),1,,13,[CUDA memset]
1960105435,1920,8608,,,,,,,,,,0.000,41.667,Pinned,Device,NVIDIA A100-SXM4-40GB (0),1,,13,[CUDA memcpy Host-to-Device]
1960110203,7104,8609,,,,,,,,,,0.131,18450.350,Pinned,Device,NVIDIA A100-SXM4-40GB (0),1,,13,[CUDA memcpy Host-to-Device]
1960128187,8480,8610,273,1,1,48,1,1,40,0.000,0.001,,,,,NVIDIA A100-SXM4-40GB (0),1,,13,"void pusch_noise_intf_est::noiseIntfEstNoDftSOfdmKernel<float, __half, float, float, (unsigned int)2, (unsigned int)1, (unsigned char)4, (unsigned char)4>(pusch_noise_intf_est::puschRxNoiseIntfEstDynDescr)"
1960137819,2560,8621,35,1,1,128,1,1,16,0.000,0.000,,,,,NVIDIA A100-SXM4-40GB (0),1,,13,cupy_copy__complex64_complex64
1960165691,1536,8630,1,1,1,1,1,1,18,0.000,0.000,,,,,NVIDIA A100-SXM4-40GB (0),1,,13,cupy_copy__float32_float32
1960377912,2368,8636,,,,,,,,,,0.000,1.689,Device,Pageable,NVIDIA A100-SXM4-40GB (0),1,,7,[CUDA memcpy Device-to-Host]
1960436695,13376,8647,1434,1,1,128,1,1,16,0.000,0.000,,,,,NVIDIA A100-SXM4-40GB (0),1,,13,cupy_copy__complex64_complex64
1960463735,2336,8654,103,1,1,128,1,1,16,0.000,0.000,,,,,NVIDIA A100-SXM4-40GB (0),1,,13,cupy_copy__complex64_complex64
1960489111,2016,8661,35,1,1,128,1,1,16,0.000,0.000,,,,,NVIDIA A100-SXM4-40GB (0),1,,13,cupy_copy__complex64_complex64
1960508470,1472,8668,1,1,1,1,1,1,18,0.000,0.000,,,,,NVIDIA A100-SXM4-40GB (0),1,,13,cupy_copy__float32_float32
1960642677,78623,8679,1,1,1,32,32,1,30,0.000,0.000,,,,,NVIDIA A100-SXM4-40GB (0),1,,13,"void convert_kernel<__half2, float2>(tensor_layout_any, T1 *, tensor_layout_any, const T2 *)"
1960749363,4224,8682,,,,,,,,,,0.061,14545.428,Pinned,Device,NVIDIA A100-SXM4-40GB (0),1,,13,[CUDA memcpy Host-to-Device]
1960764499,2528,8683,,,,,,,,,,1.547,611796.509,Device,,NVIDIA A100-SXM4-40GB (0),1,,13,[CUDA memset]
1960770771,3008,8688,,,,,,,,,,0.021,6999.983,Pinned,Device,NVIDIA A100-SXM4-40GB (0),1,,13,[CUDA memcpy Host-to-Device]
1960775955,6816,8689,,,,,,,,,,0.131,19229.966,Pinned,Device,NVIDIA A100-SXM4-40GB (0),1,,13,[CUDA memcpy Host-to-Device]
1960788243,5984,8690,273,1,1,8,4,1,39,0.002,0.000,,,,,NVIDIA A100-SXM4-40GB (0),1,,13,"void channel_eq::eqMmseCoefCompLowMimoKernel<float, float, float, (unsigned int)4, (unsigned int)1, (unsigned int)4>(const channel_eq::_puschRxChEqStatDescr *, channel_eq::_puschRxChEqCoefCompDynDescr)"
1960795251,4800,8691,273,1,1,12,11,1,40,0.002,0.000,,,,,NVIDIA A100-SXM4-40GB (0),1,,13,"void channel_eq::eqMmseSoftDemapKernel<float, __half, __half, float, (unsigned int)4, (unsigned short)16383>(channel_eq::_puschRxChEqStatDescr *, channel_eq::_puschRxChEqSoftDemapDynDescr)"
1960801363,281340,8692,1,1,1,32,32,1,30,0.000,0.000,,,,,NVIDIA A100-SXM4-40GB (0),1,,13,"void convert_kernel<float2, __half2>(tensor_layout_any, T1 *, tensor_layout_any, const T2 *)"
1961083791,10368,8704,2253,1,1,128,1,1,16,0.000,0.000,,,,,NVIDIA A100-SXM4-40GB (0),1,,13,cupy_copy__float16_float16
1961095247,2368,8713,282,1,1,128,1,1,16,0.000,0.000,,,,,NVIDIA A100-SXM4-40GB (0),1,,13,cupy_copy__complex64_complex64
1961098703,1760,8722,26,1,1,128,1,1,16,0.000,0.000,,,,,NVIDIA A100-SXM4-40GB (0),1,,13,cupy_copy__float32_float32
1961101743,2528,8731,103,1,1,128,1,1,16,0.000,0.000,,,,,NVIDIA A100-SXM4-40GB (0),1,,13,cupy_copy__complex64_complex64
1961105263,11264,8741,1434,1,1,128,1,1,16,0.000,0.000,,,,,NVIDIA A100-SXM4-40GB (0),1,,13,cupy_copy__complex64_complex64
1961143470,78719,8746,1,1,1,32,32,1,30,0.000,0.000,,,,,NVIDIA A100-SXM4-40GB (0),1,,13,"void convert_kernel<__half2, float2>(tensor_layout_any, T1 *, tensor_layout_any, const T2 *)"
1961249293,4320,8749,,,,,,,,,,0.061,14222.193,Pinned,Device,NVIDIA A100-SXM4-40GB (0),1,,13,[CUDA memcpy Host-to-Device]
1961261901,588088,8750,,,,,,,,,,456.520,776084.816,Device,,NVIDIA A100-SXM4-40GB (0),1,,13,[CUDA memset]
1961852997,32800,8755,,,,,,,,,,0.825,25162.263,Pinned,Device,NVIDIA A100-SXM4-40GB (0),1,,13,[CUDA memcpy Host-to-Device]
1961888293,7168,8756,,,,,,,,,,0.131,18285.593,Pinned,Device,NVIDIA A100-SXM4-40GB (0),1,,13,[CUDA memcpy Host-to-Device]
1961904805,7040,8757,69,4,1,48,1,1,76,0.002,0.000,,,,,NVIDIA A100-SXM4-40GB (0),1,,13,"void ch_est::windowedChEstPreNoDftSOfdmKernel<float, __half, float, (unsigned int)2, (unsigned int)1, (unsigned short)4>(ch_est::puschRxChEstStatDescr_t *, ch_est::puschRxChEstDynDescr_t *)"
1961913061,6464,8758,137,2,1,24,2,1,44,0.001,0.001,,,,,NVIDIA A100-SXM4-40GB (0),1,,13,"void ch_est::chEstFilterNoDftSOfdmDispatchKernel<float, __half, float, (unsigned int)2>(ch_est::puschRxChEstStatDescr_t *, ch_est::puschRxChEstDynDescr_t *)"
1961920741,4576,8759,137,2,1,24,2,1,44,0.001,0.001,,,,,NVIDIA A100-SXM4-40GB (0),1,,13,"void ch_est::chEstFilterNoDftSOfdmDispatchKernel<float, __half, float, (unsigned int)2>(ch_est::puschRxChEstStatDescr_t *, ch_est::puschRxChEstDynDescr_t *)"
1961926596,2176,8770,103,1,1,128,1,1,16,0.000,0.000,,,,,NVIDIA A100-SXM4-40GB (0),1,,13,cupy_copy__complex64_complex64
1961929796,12576,8780,1434,1,1,128,1,1,16,0.000,0.000,,,,,NVIDIA A100-SXM4-40GB (0),1,,13,cupy_copy__complex64_complex64
1961943396,2112,8787,103,1,1,128,1,1,16,0.000,0.000,,,,,NVIDIA A100-SXM4-40GB (0),1,,13,cupy_copy__complex64_complex64
1961946596,78623,8794,1,1,1,32,32,1,30,0.000,0.000,,,,,NVIDIA A100-SXM4-40GB (0),1,,13,"void convert_kernel<__half2, float2>(tensor_layout_any, T1 *, tensor_layout_any, const T2 *)"
1962053379,4384,8797,,,,,,,,,,0.061,14014.587,Pinned,Device,NVIDIA A100-SXM4-40GB (0),1,,13,[CUDA memcpy Host-to-Device]
1962065667,44575,8798,,,,,,,,,,35.801,803158.737,Device,,NVIDIA A100-SXM4-40GB (0),1,,13,[CUDA memset]
1962118434,1888,8800,,,,,,,,,,0.000,42.373,Pinned,Device,NVIDIA A100-SXM4-40GB (0),1,,13,[CUDA memcpy Host-to-Device]
1962122466,6784,8801,,,,,,,,,,0.131,19320.668,Pinned,Device,NVIDIA A100-SXM4-40GB (0),1,,13,[CUDA memcpy Host-to-Device]
1962134850,8768,8802,273,1,1,48,1,1,40,0.000,0.001,,,,,NVIDIA A100-SXM4-40GB (0),1,,13,"void pusch_noise_intf_est::noiseIntfEstNoDftSOfdmKernel<float, __half, float, float, (unsigned int)2, (unsigned int)1, (unsigned char)4, (unsigned char)4>(pusch_noise_intf_est::puschRxNoiseIntfEstDynDescr)"
1962144802,2592,8813,35,1,1,128,1,1,16,0.000,0.000,,,,,NVIDIA A100-SXM4-40GB (0),1,,13,cupy_copy__complex64_complex64
1962169889,1536,8822,1,1,1,1,1,1,18,0.000,0.000,,,,,NVIDIA A100-SXM4-40GB (0),1,,13,cupy_copy__float32_float32
1962202625,1664,8828,,,,,,,,,,0.000,2.404,Device,Pageable,NVIDIA A100-SXM4-40GB (0),1,,7,[CUDA memcpy Device-to-Host]
1962260064,13856,8839,1434,1,1,128,1,1,16,0.000,0.000,,,,,NVIDIA A100-SXM4-40GB (0),1,,13,cupy_copy__complex64_complex64
1962289920,2336,8846,103,1,1,128,1,1,16,0.000,0.000,,,,,NVIDIA A100-SXM4-40GB (0),1,,13,cupy_copy__complex64_complex64
1962311072,1984,8853,35,1,1,128,1,1,16,0.000,0.000,,,,,NVIDIA A100-SXM4-40GB (0),1,,13,cupy_copy__complex64_complex64
1962330143,1504,8860,1,1,1,1,1,1,18,0.000,0.000,,,,,NVIDIA A100-SXM4-40GB (0),1,,13,cupy_copy__float32_float32
1962462878,77855,8871,1,1,1,32,32,1,30,0.000,0.000,,,,,NVIDIA A100-SXM4-40GB (0),1,,13,"void convert_kernel<__half2, float2>(tensor_layout_any, T1 *, tensor_layout_any, const T2 *)"
1962701371,4512,8874,,,,,,,,,,0.061,13617.009,Pinned,Device,NVIDIA A100-SXM4-40GB (0),1,,13,[CUDA memcpy Host-to-Device]
1962711259,2560,8875,,,,,,,,,,1.547,604150.000,Device,,NVIDIA A100-SXM4-40GB (0),1,,13,[CUDA memset]
1962714459,3072,8880,,,,,,,,,,0.021,6854.149,Pinned,Device,NVIDIA A100-SXM4-40GB (0),1,,13,[CUDA memcpy Host-to-Device]
1962720634,6944,8881,,,,,,,,,,0.131,18875.548,Pinned,Device,NVIDIA A100-SXM4-40GB (0),1,,13,[CUDA memcpy Host-to-Device]
1962732186,5920,8882,273,1,1,8,4,1,39,0.002,0.000,,,,,NVIDIA A100-SXM4-40GB (0),1,,13,"void channel_eq::eqMmseCoefCompLowMimoKernel<float, float, float, (unsigned int)4, (unsigned int)1, (unsigned int)4>(const channel_eq::_puschRxChEqStatDescr *, channel_eq::_puschRxChEqCoefCompDynDescr)"
1962739386,4832,8883,273,1,1,12,11,1,40,0.002,0.000,,,,,NVIDIA A100-SXM4-40GB (0),1,,13,"void channel_eq::eqMmseSoftDemapKernel<float, __half, __half, float, (unsigned int)4, (unsigned short)16383>(channel_eq::_puschRxChEqStatDescr *, channel_eq::_puschRxChEqSoftDemapDynDescr)"
1962745498,281245,8884,1,1,1,32,32,1,30,0.000,0.000,,,,,NVIDIA A100-SXM4-40GB (0),1,,13,"void convert_kernel<float2, __half2>(tensor_layout_any, T1 *, tensor_layout_any, const T2 *)"
1963027831,10399,8896,2253,1,1,128,1,1,16,0.000,0.000,,,,,NVIDIA A100-SXM4-40GB (0),1,,13,cupy_copy__float16_float16
1963039478,2400,8905,282,1,1,128,1,1,16,0.000,0.000,,,,,NVIDIA A100-SXM4-40GB (0),1,,13,cupy_copy__complex64_complex64
1963042966,1760,8914,26,1,1,128,1,1,16,0.000,0.000,,,,,NVIDIA A100-SXM4-40GB (0),1,,13,cupy_copy__float32_float32
1963045942,2528,8923,103,1,1,128,1,1,16,0.000,0.000,,,,,NVIDIA A100-SXM4-40GB (0),1,,13,cupy_copy__complex64_complex64
1963049750,11232,8933,1434,1,1,128,1,1,16,0.000,0.000,,,,,NVIDIA A100-SXM4-40GB (0),1,,13,cupy_copy__complex64_complex64
1963203092,78815,8938,1,1,1,32,32,1,30,0.000,0.000,,,,,NVIDIA A100-SXM4-40GB (0),1,,13,"void convert_kernel<__half2, float2>(tensor_layout_any, T1 *, tensor_layout_any, const T2 *)"
1963313203,4576,8941,,,,,,,,,,0.061,13426.545,Pinned,Device,NVIDIA A100-SXM4-40GB (0),1,,13,[CUDA memcpy Host-to-Device]
1963324755,588696,8942,,,,,,,,,,456.520,775171.775,Device,,NVIDIA A100-SXM4-40GB (0),1,,13,[CUDA memset]
1963915147,33056,8947,,,,,,,,,,0.825,24967.481,Pinned,Device,NVIDIA A100-SXM4-40GB (0),1,,13,[CUDA memcpy Host-to-Device]
1963950987,6816,8948,,,,,,,,,,0.131,19229.966,Pinned,Device,NVIDIA A100-SXM4-40GB (0),1,,13,[CUDA memcpy Host-to-Device]
1963967115,7008,8949,69,4,1,48,1,1,76,0.002,0.000,,,,,NVIDIA A100-SXM4-40GB (0),1,,13,"void ch_est::windowedChEstPreNoDftSOfdmKernel<float, __half, float, (unsigned int)2, (unsigned int)1, (unsigned short)4>(ch_est::puschRxChEstStatDescr_t *, ch_est::puschRxChEstDynDescr_t *)"
1963975339,6336,8950,137,2,1,24,2,1,44,0.001,0.001,,,,,NVIDIA A100-SXM4-40GB (0),1,,13,"void ch_est::chEstFilterNoDftSOfdmDispatchKernel<float, __half, float, (unsigned int)2>(ch_est::puschRxChEstStatDescr_t *, ch_est::puschRxChEstDynDescr_t *)"
1963982891,4544,8951,137,2,1,24,2,1,44,0.001,0.001,,,,,NVIDIA A100-SXM4-40GB (0),1,,13,"void ch_est::chEstFilterNoDftSOfdmDispatchKernel<float, __half, float, (unsigned int)2>(ch_est::puschRxChEstStatDescr_t *, ch_est::puschRxChEstDynDescr_t *)"
1963988747,2207,8962,103,1,1,128,1,1,16,0.000,0.000,,,,,NVIDIA A100-SXM4-40GB (0),1,,13,cupy_copy__complex64_complex64
1963991946,12480,8972,1434,1,1,128,1,1,16,0.000,0.000,,,,,NVIDIA A100-SXM4-40GB (0),1,,13,cupy_copy__complex64_complex64
1964005706,2144,8979,103,1,1,128,1,1,16,0.000,0.000,,,,,NVIDIA A100-SXM4-40GB (0),1,,13,cupy_copy__complex64_complex64
1964009162,78175,8986,1,1,1,32,32,1,30,0.000,0.000,,,,,NVIDIA A100-SXM4-40GB (0),1,,13,"void convert_kernel<__half2, float2>(tensor_layout_any, T1 *, tensor_layout_any, const T2 *)"
1964246823,4224,8989,,,,,,,,,,0.061,14545.428,Pinned,Device,NVIDIA A100-SXM4-40GB (0),1,,13,[CUDA memcpy Host-to-Device]
1964259975,46112,8990,,,,,,,,,,35.801,776379.619,Device,,NVIDIA A100-SXM4-40GB (0),1,,13,[CUDA memset]
1964311814,1920,8992,,,,,,,,,,0.000,41.667,Pinned,Device,NVIDIA A100-SXM4-40GB (0),1,,13,[CUDA memcpy Host-to-Device]
1964315878,6784,8993,,,,,,,,,,0.131,19320.668,Pinned,Device,NVIDIA A100-SXM4-40GB (0),1,,13,[CUDA memcpy Host-to-Device]
1964331654,9024,8994,273,1,1,48,1,1,40,0.000,0.001,,,,,NVIDIA A100-SXM4-40GB (0),1,,13,"void pusch_noise_intf_est::noiseIntfEstNoDftSOfdmKernel<float, __half, float, float, (unsigned int)2, (unsigned int)1, (unsigned char)4, (unsigned char)4>(pusch_noise_intf_est::puschRxNoiseIntfEstDynDescr)"
1964341894,2464,9005,35,1,1,128,1,1,16,0.000,0.000,,,,,NVIDIA A100-SXM4-40GB (0),1,,13,cupy_copy__complex64_complex64
1964350790,1504,9014,1,1,1,1,1,1,18,0.000,0.000,,,,,NVIDIA A100-SXM4-40GB (0),1,,13,cupy_copy__float32_float32
1964383814,1760,9020,,,,,,,,,,0.000,2.273,Device,Pageable,NVIDIA A100-SXM4-40GB (0),1,,7,[CUDA memcpy Device-to-Host]
1964444517,13152,9031,1434,1,1,128,1,1,16,0.000,0.000,,,,,NVIDIA A100-SXM4-40GB (0),1,,13,cupy_copy__complex64_complex64
1964471620,2368,9038,103,1,1,128,1,1,16,0.000,0.000,,,,,NVIDIA A100-SXM4-40GB (0),1,,13,cupy_copy__complex64_complex64
1964492356,2016,9045,35,1,1,128,1,1,16,0.000,0.000,,,,,NVIDIA A100-SXM4-40GB (0),1,,13,cupy_copy__complex64_complex64
1964511300,1504,9052,1,1,1,1,1,1,18,0.000,0.000,,,,,NVIDIA A100-SXM4-40GB (0),1,,13,cupy_copy__float32_float32
1964775233,78399,9063,1,1,1,32,32,1,30,0.000,0.000,,,,,NVIDIA A100-SXM4-40GB (0),1,,13,"void convert_kernel<__half2, float2>(tensor_layout_any, T1 *, tensor_layout_any, const T2 *)"
1964885663,4192,9066,,,,,,,,,,0.061,14656.451,Pinned,Device,NVIDIA A100-SXM4-40GB (0),1,,13,[CUDA memcpy Host-to-Device]
1964901727,2528,9067,,,,,,,,,,1.547,611796.509,Device,,NVIDIA A100-SXM4-40GB (0),1,,13,[CUDA memset]
1964907967,3040,9072,,,,,,,,,,0.021,6926.308,Pinned,Device,NVIDIA A100-SXM4-40GB (0),1,,13,[CUDA memcpy Host-to-Device]
1964913791,6848,9073,,,,,,,,,,0.131,19140.182,Pinned,Device,NVIDIA A100-SXM4-40GB (0),1,,13,[CUDA memcpy Host-to-Device]
1964926207,5888,9074,273,1,1,8,4,1,39,0.002,0.000,,,,,NVIDIA A100-SXM4-40GB (0),1,,13,"void channel_eq::eqMmseCoefCompLowMimoKernel<float, float, float, (unsigned int)4, (unsigned int)1, (unsigned int)4>(const channel_eq::_puschRxChEqStatDescr *, channel_eq::_puschRxChEqCoefCompDynDescr)"
1964933151,4768,9075,273,1,1,12,11,1,40,0.002,0.000,,,,,NVIDIA A100-SXM4-40GB (0),1,,13,"void channel_eq::eqMmseSoftDemapKernel<float, __half, __half, float, (unsigned int)4, (unsigned short)16383>(channel_eq::_puschRxChEqStatDescr *, channel_eq::_puschRxChEqSoftDemapDynDescr)"
1964938911,281884,9076,1,1,1,32,32,1,30,0.000,0.000,,,,,NVIDIA A100-SXM4-40GB (0),1,,13,"void convert_kernel<float2, __half2>(tensor_layout_any, T1 *, tensor_layout_any, const T2 *)"
1965222011,10272,9088,2253,1,1,128,1,1,16,0.000,0.000,,,,,NVIDIA A100-SXM4-40GB (0),1,,13,cupy_copy__float16_float16
1965233531,2400,9097,282,1,1,128,1,1,16,0.000,0.000,,,,,NVIDIA A100-SXM4-40GB (0),1,,13,cupy_copy__complex64_complex64
1965237179,1760,9106,26,1,1,128,1,1,16,0.000,0.000,,,,,NVIDIA A100-SXM4-40GB (0),1,,13,cupy_copy__float32_float32
1965240219,2528,9115,103,1,1,128,1,1,16,0.000,0.000,,,,,NVIDIA A100-SXM4-40GB (0),1,,13,cupy_copy__complex64_complex64
1965243995,11328,9125,1434,1,1,128,1,1,16,0.000,0.000,,,,,NVIDIA A100-SXM4-40GB (0),1,,13,cupy_copy__complex64_complex64
1965283642,78175,9130,1,1,1,32,32,1,30,0.000,0.000,,,,,NVIDIA A100-SXM4-40GB (0),1,,13,"void convert_kernel<__half2, float2>(tensor_layout_any, T1 *, tensor_layout_any, const T2 *)"
1965390009,4192,9133,,,,,,,,,,0.061,14656.451,Pinned,Device,NVIDIA A100-SXM4-40GB (0),1,,13,[CUDA memcpy Host-to-Device]
1965401081,588024,9134,,,,,,,,,,456.520,776084.816,Device,,NVIDIA A100-SXM4-40GB (0),1,,13,[CUDA memset]
1965992849,32768,9139,,,,,,,,,,0.825,25187.023,Pinned,Device,NVIDIA A100-SXM4-40GB (0),1,,13,[CUDA memcpy Host-to-Device]
1966027761,6816,9140,,,,,,,,,,0.131,19229.966,Pinned,Device,NVIDIA A100-SXM4-40GB (0),1,,13,[CUDA memcpy Host-to-Device]
1966042385,7296,9141,69,4,1,48,1,1,76,0.002,0.000,,,,,NVIDIA A100-SXM4-40GB (0),1,,13,"void ch_est::windowedChEstPreNoDftSOfdmKernel<float, __half, float, (unsigned int)2, (unsigned int)1, (unsigned short)4>(ch_est::puschRxChEstStatDescr_t *, ch_est::puschRxChEstDynDescr_t *)"
1966050961,6175,9142,137,2,1,24,2,1,44,0.001,0.001,,,,,NVIDIA A100-SXM4-40GB (0),1,,13,"void ch_est::chEstFilterNoDftSOfdmDispatchKernel<float, __half, float, (unsigned int)2>(ch_est::puschRxChEstStatDescr_t *, ch_est::puschRxChEstDynDescr_t *)"
1966058384,4576,9143,137,2,1,24,2,1,44,0.001,0.001,,,,,NVIDIA A100-SXM4-40GB (0),1,,13,"void ch_est::chEstFilterNoDftSOfdmDispatchKernel<float, __half, float, (unsigned int)2>(ch_est::puschRxChEstStatDescr_t *, ch_est::puschRxChEstDynDescr_t *)"
1966064144,2176,9154,103,1,1,128,1,1,16,0.000,0.000,,,,,NVIDIA A100-SXM4-40GB (0),1,,13,cupy_copy__complex64_complex64
1966067344,12672,9164,1434,1,1,128,1,1,16,0.000,0.000,,,,,NVIDIA A100-SXM4-40GB (0),1,,13,cupy_copy__complex64_complex64
1966081264,2112,9171,103,1,1,128,1,1,16,0.000,0.000,,,,,NVIDIA A100-SXM4-40GB (0),1,,13,cupy_copy__complex64_complex64
1966084432,77919,9178,1,1,1,32,32,1,30,0.000,0.000,,,,,NVIDIA A100-SXM4-40GB (0),1,,13,"void convert_kernel<__half2, float2>(tensor_layout_any, T1 *, tensor_layout_any, const T2 *)"
1966189231,4192,9181,,,,,,,,,,0.061,14656.451,Pinned,Device,NVIDIA A100-SXM4-40GB (0),1,,13,[CUDA memcpy Host-to-Device]
1966201711,45087,9182,,,,,,,,,,35.801,794029.492,Device,,NVIDIA A100-SXM4-40GB (0),1,,13,[CUDA memset]
1966253294,1920,9184,,,,,,,,,,0.000,41.667,Pinned,Device,NVIDIA A100-SXM4-40GB (0),1,,13,[CUDA memcpy Host-to-Device]
1966257358,6784,9185,,,,,,,,,,0.131,19320.668,Pinned,Device,NVIDIA A100-SXM4-40GB (0),1,,13,[CUDA memcpy Host-to-Device]
1966272046,8384,9186,273,1,1,48,1,1,40,0.000,0.001,,,,,NVIDIA A100-SXM4-40GB (0),1,,13,"void pusch_noise_intf_est::noiseIntfEstNoDftSOfdmKernel<float, __half, float, float, (unsigned int)2, (unsigned int)1, (unsigned char)4, (unsigned char)4>(pusch_noise_intf_est::puschRxNoiseIntfEstDynDescr)"
1966281518,2592,9197,35,1,1,128,1,1,16,0.000,0.000,,,,,NVIDIA A100-SXM4-40GB (0),1,,13,cupy_copy__complex64_complex64
1966308269,1536,9206,1,1,1,1,1,1,18,0.000,0.000,,,,,NVIDIA A100-SXM4-40GB (0),1,,13,cupy_copy__float32_float32
1966344205,1856,9212,,,,,,,,,,0.000,2.155,Device,Pageable,NVIDIA A100-SXM4-40GB (0),1,,7,[CUDA memcpy Device-to-Host]
1966401932,13312,9223,1434,1,1,128,1,1,16,0.000,0.000,,,,,NVIDIA A100-SXM4-40GB (0),1,,13,cupy_copy__complex64_complex64
1966429164,2368,9230,103,1,1,128,1,1,16,0.000,0.000,,,,,NVIDIA A100-SXM4-40GB (0),1,,13,cupy_copy__complex64_complex64
1966449740,2015,9237,35,1,1,128,1,1,16,0.000,0.000,,,,,NVIDIA A100-SXM4-40GB (0),1,,13,cupy_copy__complex64_complex64
1966468011,1472,9244,1,1,1,1,1,1,18,0.000,0.000,,,,,NVIDIA A100-SXM4-40GB (0),1,,13,cupy_copy__float32_float32
1966600714,78527,9255,1,1,1,32,32,1,30,0.000,0.000,,,,,NVIDIA A100-SXM4-40GB (0),1,,13,"void convert_kernel<__half2, float2>(tensor_layout_any, T1 *, tensor_layout_any, const T2 *)"
1966706824,4576,9258,,,,,,,,,,0.061,13426.545,Pinned,Device,NVIDIA A100-SXM4-40GB (0),1,,13,[CUDA memcpy Host-to-Device]
1966720840,2528,9259,,,,,,,,,,1.547,611796.509,Device,,NVIDIA A100-SXM4-40GB (0),1,,13,[CUDA memset]
1966727240,3040,9264,,,,,,,,,,0.021,6926.308,Pinned,Device,NVIDIA A100-SXM4-40GB (0),1,,13,[CUDA memcpy Host-to-Device]
1966732776,7104,9265,,,,,,,,,,0.131,18450.350,Pinned,Device,NVIDIA A100-SXM4-40GB (0),1,,13,[CUDA memcpy Host-to-Device]
1966744744,5920,9266,273,1,1,8,4,1,39,0.002,0.000,,,,,NVIDIA A100-SXM4-40GB (0),1,,13,"void channel_eq::eqMmseCoefCompLowMimoKernel<float, float, float, (unsigned int)4, (unsigned int)1, (unsigned int)4>(const channel_eq::_puschRxChEqStatDescr *, channel_eq::_puschRxChEqCoefCompDynDescr)"
1966751944,4800,9267,273,1,1,12,11,1,40,0.002,0.000,,,,,NVIDIA A100-SXM4-40GB (0),1,,13,"void channel_eq::eqMmseSoftDemapKernel<float, __half, __half, float, (unsigned int)4, (unsigned short)16383>(channel_eq::_puschRxChEqStatDescr *, channel_eq::_puschRxChEqSoftDemapDynDescr)"
1966757832,281820,9268,1,1,1,32,32,1,30,0.000,0.000,,,,,NVIDIA A100-SXM4-40GB (0),1,,13,"void convert_kernel<float2, __half2>(tensor_layout_any, T1 *, tensor_layout_any, const T2 *)"
1967040900,10304,9280,2253,1,1,128,1,1,16,0.000,0.000,,,,,NVIDIA A100-SXM4-40GB (0),1,,13,cupy_copy__float16_float16
1967052420,2368,9289,282,1,1,128,1,1,16,0.000,0.000,,,,,NVIDIA A100-SXM4-40GB (0),1,,13,cupy_copy__complex64_complex64
1967055876,1760,9298,26,1,1,128,1,1,16,0.000,0.000,,,,,NVIDIA A100-SXM4-40GB (0),1,,13,cupy_copy__float32_float32
1967058660,2528,9307,103,1,1,128,1,1,16,0.000,0.000,,,,,NVIDIA A100-SXM4-40GB (0),1,,13,cupy_copy__complex64_complex64
1967062404,11296,9317,1434,1,1,128,1,1,16,0.000,0.000,,,,,NVIDIA A100-SXM4-40GB (0),1,,13,cupy_copy__complex64_complex64
1967094051,78143,9322,1,1,1,32,32,1,30,0.000,0.000,,,,,NVIDIA A100-SXM4-40GB (0),1,,13,"void convert_kernel<__half2, float2>(tensor_layout_any, T1 *, tensor_layout_any, const T2 *)"
1967199970,4192,9325,,,,,,,,,,0.061,14656.451,Pinned,Device,NVIDIA A100-SXM4-40GB (0),1,,13,[CUDA memcpy Host-to-Device]
1967212194,588121,9326,,,,,,,,,,456.520,776084.816,Device,,NVIDIA A100-SXM4-40GB (0),1,,13,[CUDA memset]
1967807706,32992,9331,,,,,,,,,,0.825,25016.177,Pinned,Device,NVIDIA A100-SXM4-40GB (0),1,,13,[CUDA memcpy Host-to-Device]
1967843194,7040,9332,,,,,,,,,,0.131,18618.122,Pinned,Device,NVIDIA A100-SXM4-40GB (0),1,,13,[CUDA memcpy Host-to-Device]
1967855866,7168,9333,69,4,1,48,1,1,76,0.002,0.000,,,,,NVIDIA A100-SXM4-40GB (0),1,,13,"void ch_est::windowedChEstPreNoDftSOfdmKernel<float, __half, float, (unsigned int)2, (unsigned int)1, (unsigned short)4>(ch_est::puschRxChEstStatDescr_t *, ch_est::puschRxChEstDynDescr_t *)"
1967864122,6368,9334,137,2,1,24,2,1,44,0.001,0.001,,,,,NVIDIA A100-SXM4-40GB (0),1,,13,"void ch_est::chEstFilterNoDftSOfdmDispatchKernel<float, __half, float, (unsigned int)2>(ch_est::puschRxChEstStatDescr_t *, ch_est::puschRxChEstDynDescr_t *)"
1967871578,4544,9335,137,2,1,24,2,1,44,0.001,0.001,,,,,NVIDIA A100-SXM4-40GB (0),1,,13,"void ch_est::chEstFilterNoDftSOfdmDispatchKernel<float, __half, float, (unsigned int)2>(ch_est::puschRxChEstStatDescr_t *, ch_est::puschRxChEstDynDescr_t *)"
1967877402,2208,9346,103,1,1,128,1,1,16,0.000,0.000,,,,,NVIDIA A100-SXM4-40GB (0),1,,13,cupy_copy__complex64_complex64
1967880793,12608,9356,1434,1,1,128,1,1,16,0.000,0.000,,,,,NVIDIA A100-SXM4-40GB (0),1,,13,cupy_copy__complex64_complex64
1967894585,2112,9363,103,1,1,128,1,1,16,0.000,0.000,,,,,NVIDIA A100-SXM4-40GB (0),1,,13,cupy_copy__complex64_complex64
1967897785,79167,9370,1,1,1,32,32,1,30,0.000,0.000,,,,,NVIDIA A100-SXM4-40GB (0),1,,13,"void convert_kernel<__half2, float2>(tensor_layout_any, T1 *, tensor_layout_any, const T2 *)"
1968138006,4160,9373,,,,,,,,,,0.061,14769.193,Pinned,Device,NVIDIA A100-SXM4-40GB (0),1,,13,[CUDA memcpy Host-to-Device]
1968149078,46080,9374,,,,,,,,,,35.801,776916.633,Device,,NVIDIA A100-SXM4-40GB (0),1,,13,[CUDA memset]
1968203989,2048,9376,,,,,,,,,,0.000,39.062,Pinned,Device,NVIDIA A100-SXM4-40GB (0),1,,13,[CUDA memcpy Host-to-Device]
1968208213,6848,9377,,,,,,,,,,0.131,19140.182,Pinned,Device,NVIDIA A100-SXM4-40GB (0),1,,13,[CUDA memcpy Host-to-Device]
1968223861,9088,9378,273,1,1,48,1,1,40,0.000,0.001,,,,,NVIDIA A100-SXM4-40GB (0),1,,13,"void pusch_noise_intf_est::noiseIntfEstNoDftSOfdmKernel<float, __half, float, float, (unsigned int)2, (unsigned int)1, (unsigned char)4, (unsigned char)4>(pusch_noise_intf_est::puschRxNoiseIntfEstDynDescr)"
1968233973,2528,9389,35,1,1,128,1,1,16,0.000,0.000,,,,,NVIDIA A100-SXM4-40GB (0),1,,13,cupy_copy__complex64_complex64
1968247893,1504,9398,1,1,1,1,1,1,18,0.000,0.000,,,,,NVIDIA A100-SXM4-40GB (0),1,,13,cupy_copy__float32_float32
1968281076,1856,9404,,,,,,,,,,0.000,2.155,Device,Pageable,NVIDIA A100-SXM4-40GB (0),1,,7,[CUDA memcpy Device-to-Host]
1968339156,12800,9415,1434,1,1,128,1,1,16,0.000,0.000,,,,,NVIDIA A100-SXM4-40GB (0),1,,13,cupy_copy__complex64_complex64
1968366035,2336,9422,103,1,1,128,1,1,16,0.000,0.000,,,,,NVIDIA A100-SXM4-40GB (0),1,,13,cupy_copy__complex64_complex64
1968386707,2016,9429,35,1,1,128,1,1,16,0.000,0.000,,,,,NVIDIA A100-SXM4-40GB (0),1,,13,cupy_copy__complex64_complex64
1968405331,1504,9436,1,1,1,1,1,1,18,0.000,0.000,,,,,NVIDIA A100-SXM4-40GB (0),1,,13,cupy_copy__float32_float32
1968665360,78591,9447,1,1,1,32,32,1,30,0.000,0.000,,,,,NVIDIA A100-SXM4-40GB (0),1,,13,"void convert_kernel<__half2, float2>(tensor_layout_any, T1 *, tensor_layout_any, const T2 *)"
1968775694,4160,9450,,,,,,,,,,0.061,14769.193,Pinned,Device,NVIDIA A100-SXM4-40GB (0),1,,13,[CUDA memcpy Host-to-Device]
1968799630,2560,9451,,,,,,,,,,1.547,604150.000,Device,,NVIDIA A100-SXM4-40GB (0),1,,13,[CUDA memset]
1968805774,3040,9456,,,,,,,,,,0.021,6926.308,Pinned,Device,NVIDIA A100-SXM4-40GB (0),1,,13,[CUDA memcpy Host-to-Device]
1968811118,6848,9457,,,,,,,,,,0.131,19140.182,Pinned,Device,NVIDIA A100-SXM4-40GB (0),1,,13,[CUDA memcpy Host-to-Device]
1968823182,5920,9458,273,1,1,8,4,1,39,0.002,0.000,,,,,NVIDIA A100-SXM4-40GB (0),1,,13,"void channel_eq::eqMmseCoefCompLowMimoKernel<float, float, float, (unsigned int)4, (unsigned int)1, (unsigned int)4>(const channel_eq::_puschRxChEqStatDescr *, channel_eq::_puschRxChEqCoefCompDynDescr)"
1968830382,4863,9459,273,1,1,12,11,1,40,0.002,0.000,,,,,NVIDIA A100-SXM4-40GB (0),1,,13,"void channel_eq::eqMmseSoftDemapKernel<float, __half, __half, float, (unsigned int)4, (unsigned short)16383>(channel_eq::_puschRxChEqStatDescr *, channel_eq::_puschRxChEqSoftDemapDynDescr)"
1968836493,281245,9460,1,1,1,32,32,1,30,0.000,0.000,,,,,NVIDIA A100-SXM4-40GB (0),1,,13,"void convert_kernel<float2, __half2>(tensor_layout_any, T1 *, tensor_layout_any, const T2 *)"
1969118858,10464,9472,2253,1,1,128,1,1,16,0.000,0.000,,,,,NVIDIA A100-SXM4-40GB (0),1,,13,cupy_copy__float16_float16
1969130634,2400,9481,282,1,1,128,1,1,16,0.000,0.000,,,,,NVIDIA A100-SXM4-40GB (0),1,,13,cupy_copy__complex64_complex64
1969134090,1760,9490,26,1,1,128,1,1,16,0.000,0.000,,,,,NVIDIA A100-SXM4-40GB (0),1,,13,cupy_copy__float32_float32
1969137098,2560,9499,103,1,1,128,1,1,16,0.000,0.000,,,,,NVIDIA A100-SXM4-40GB (0),1,,13,cupy_copy__complex64_complex64
1969140714,11295,9509,1434,1,1,128,1,1,16,0.000,0.000,,,,,NVIDIA A100-SXM4-40GB (0),1,,13,cupy_copy__complex64_complex64
1969184137,78303,9514,1,1,1,32,32,1,30,0.000,0.000,,,,,NVIDIA A100-SXM4-40GB (0),1,,13,"void convert_kernel<__half2, float2>(tensor_layout_any, T1 *, tensor_layout_any, const T2 *)"
1969421638,4192,9517,,,,,,,,,,0.061,14656.451,Pinned,Device,NVIDIA A100-SXM4-40GB (0),1,,13,[CUDA memcpy Host-to-Device]
1969430118,591065,9518,,,,,,,,,,456.520,771976.132,Device,,NVIDIA A100-SXM4-40GB (0),1,,13,[CUDA memset]
1970025150,32768,9523,,,,,,,,,,0.825,25187.023,Pinned,Device,NVIDIA A100-SXM4-40GB (0),1,,13,[CUDA memcpy Host-to-Device]
1970060062,6816,9524,,,,,,,,,,0.131,19229.966,Pinned,Device,NVIDIA A100-SXM4-40GB (0),1,,13,[CUDA memcpy Host-to-Device]
1970079326,7680,9525,69,4,1,48,1,1,76,0.002,0.000,,,,,NVIDIA A100-SXM4-40GB (0),1,,13,"void ch_est::windowedChEstPreNoDftSOfdmKernel<float, __half, float, (unsigned int)2, (unsigned int)1, (unsigned short)4>(ch_est::puschRxChEstStatDescr_t *, ch_est::puschRxChEstDynDescr_t *)"
1970088222,6336,9526,137,2,1,24,2,1,44,0.001,0.001,,,,,NVIDIA A100-SXM4-40GB (0),1,,13,"void ch_est::chEstFilterNoDftSOfdmDispatchKernel<float, __half, float, (unsigned int)2>(ch_est::puschRxChEstStatDescr_t *, ch_est::puschRxChEstDynDescr_t *)"
1970095550,4544,9527,137,2,1,24,2,1,44,0.001,0.001,,,,,NVIDIA A100-SXM4-40GB (0),1,,13,"void ch_est::chEstFilterNoDftSOfdmDispatchKernel<float, __half, float, (unsigned int)2>(ch_est::puschRxChEstStatDescr_t *, ch_est::puschRxChEstDynDescr_t *)"
1970101406,2175,9538,103,1,1,128,1,1,16,0.000,0.000,,,,,NVIDIA A100-SXM4-40GB (0),1,,13,cupy_copy__complex64_complex64
1970104605,12608,9548,1434,1,1,128,1,1,16,0.000,0.000,,,,,NVIDIA A100-SXM4-40GB (0),1,,13,cupy_copy__complex64_complex64
1970118493,2112,9555,103,1,1,128,1,1,16,0.000,0.000,,,,,NVIDIA A100-SXM4-40GB (0),1,,13,cupy_copy__complex64_complex64
1970121661,78687,9562,1,1,1,32,32,1,30,0.000,0.000,,,,,NVIDIA A100-SXM4-40GB (0),1,,13,"void convert_kernel<__half2, float2>(tensor_layout_any, T1 *, tensor_layout_any, const T2 *)"
1970231420,4192,9565,,,,,,,,,,0.061,14656.451,Pinned,Device,NVIDIA A100-SXM4-40GB (0),1,,13,[CUDA memcpy Host-to-Device]
1970244572,44671,9566,,,,,,,,,,35.801,801404.490,Device,,NVIDIA A100-SXM4-40GB (0),1,,13,[CUDA memset]
1970296731,1888,9568,,,,,,,,,,0.000,42.373,Pinned,Device,NVIDIA A100-SXM4-40GB (0),1,,13,[CUDA memcpy Host-to-Device]
1970300763,6816,9569,,,,,,,,,,0.131,19229.966,Pinned,Device,NVIDIA A100-SXM4-40GB (0),1,,13,[CUDA memcpy Host-to-Device]
1970312379,8800,9570,273,1,1,48,1,1,40,0.000,0.001,,,,,NVIDIA A100-SXM4-40GB (0),1,,13,"void pusch_noise_intf_est::noiseIntfEstNoDftSOfdmKernel<float, __half, float, float, (unsigned int)2, (unsigned int)1, (unsigned char)4, (unsigned char)4>(pusch_noise_intf_est::puschRxNoiseIntfEstDynDescr)"
1970322907,2560,9581,35,1,1,128,1,1,16,0.000,0.000,,,,,NVIDIA A100-SXM4-40GB (0),1,,13,cupy_copy__complex64_complex64
1970356954,1536,9590,1,1,1,1,1,1,18,0.000,0.000,,,,,NVIDIA A100-SXM4-40GB (0),1,,13,cupy_copy__float32_float32
1970391130,1728,9596,,,,,,,,,,0.000,2.315,Device,Pageable,NVIDIA A100-SXM4-40GB (0),1,,7,[CUDA memcpy Device-to-Host]
1970450137,13344,9607,1434,1,1,128,1,1,16,0.000,0.000,,,,,NVIDIA A100-SXM4-40GB (0),1,,13,cupy_copy__complex64_complex64
1970475065,2368,9614,103,1,1,128,1,1,16,0.000,0.000,,,,,NVIDIA A100-SXM4-40GB (0),1,,13,cupy_copy__complex64_complex64
1970495513,1984,9621,35,1,1,128,1,1,16,0.000,0.000,,,,,NVIDIA A100-SXM4-40GB (0),1,,13,cupy_copy__complex64_complex64
1970513688,1504,9628,1,1,1,1,1,1,18,0.000,0.000,,,,,NVIDIA A100-SXM4-40GB (0),1,,13,cupy_copy__float32_float32
1970646423,78591,9639,1,1,1,32,32,1,30,0.000,0.000,,,,,NVIDIA A100-SXM4-40GB (0),1,,13,"void convert_kernel<__half2, float2>(tensor_layout_any, T1 *, tensor_layout_any, const T2 *)"
1970752629,4320,9642,,,,,,,,,,0.061,14222.193,Pinned,Device,NVIDIA A100-SXM4-40GB (0),1,,13,[CUDA memcpy Host-to-Device]
1970766773,2560,9643,,,,,,,,,,1.547,604150.000,Device,,NVIDIA A100-SXM4-40GB (0),1,,13,[CUDA memset]
1970772949,3008,9648,,,,,,,,,,0.021,6999.983,Pinned,Device,NVIDIA A100-SXM4-40GB (0),1,,13,[CUDA memcpy Host-to-Device]
1970778453,6912,9649,,,,,,,,,,0.131,18962.842,Pinned,Device,NVIDIA A100-SXM4-40GB (0),1,,13,[CUDA memcpy Host-to-Device]
1970789845,5888,9650,273,1,1,8,4,1,39,0.002,0.000,,,,,NVIDIA A100-SXM4-40GB (0),1,,13,"void channel_eq::eqMmseCoefCompLowMimoKernel<float, float, float, (unsigned int)4, (unsigned int)1, (unsigned int)4>(const channel_eq::_puschRxChEqStatDescr *, channel_eq::_puschRxChEqCoefCompDynDescr)"
1970797013,4864,9651,273,1,1,12,11,1,40,0.002,0.000,,,,,NVIDIA A100-SXM4-40GB (0),1,,13,"void channel_eq::eqMmseSoftDemapKernel<float, __half, __half, float, (unsigned int)4, (unsigned short)16383>(channel_eq::_puschRxChEqStatDescr *, channel_eq::_puschRxChEqSoftDemapDynDescr)"
1970803157,281372,9652,1,1,1,32,32,1,30,0.000,0.000,,,,,NVIDIA A100-SXM4-40GB (0),1,,13,"void convert_kernel<float2, __half2>(tensor_layout_any, T1 *, tensor_layout_any, const T2 *)"
1971085681,10176,9664,2253,1,1,128,1,1,16,0.000,0.000,,,,,NVIDIA A100-SXM4-40GB (0),1,,13,cupy_copy__float16_float16
1971096849,2368,9673,282,1,1,128,1,1,16,0.000,0.000,,,,,NVIDIA A100-SXM4-40GB (0),1,,13,cupy_copy__complex64_complex64
1971100305,1760,9682,26,1,1,128,1,1,16,0.000,0.000,,,,,NVIDIA A100-SXM4-40GB (0),1,,13,cupy_copy__float32_float32
1971103313,2528,9691,103,1,1,128,1,1,16,0.000,0.000,,,,,NVIDIA A100-SXM4-40GB (0),1,,13,cupy_copy__complex64_complex64
1971107121,11264,9701,1434,1,1,128,1,1,16,0.000,0.000,,,,,NVIDIA A100-SXM4-40GB (0),1,,13,cupy_copy__complex64_complex64
1971142448,78431,9706,1,1,1,32,32,1,30,0.000,0.000,,,,,NVIDIA A100-SXM4-40GB (0),1,,13,"void convert_kernel<__half2, float2>(tensor_layout_any, T1 *, tensor_layout_any, const T2 *)"
1971248143,4160,9709,,,,,,,,,,0.061,14769.193,Pinned,Device,NVIDIA A100-SXM4-40GB (0),1,,13,[CUDA memcpy Host-to-Device]
1971259887,588249,9710,,,,,,,,,,456.520,775628.296,Device,,NVIDIA A100-SXM4-40GB (0),1,,13,[CUDA memset]
1971851079,32960,9715,,,,,,,,,,0.825,25040.112,Pinned,Device,NVIDIA A100-SXM4-40GB (0),1,,13,[CUDA memcpy Host-to-Device]
1971886631,7456,9716,,,,,,,,,,0.131,17579.377,Pinned,Device,NVIDIA A100-SXM4-40GB (0),1,,13,[CUDA memcpy Host-to-Device]
1971899591,6944,9717,69,4,1,48,1,1,76,0.002,0.000,,,,,NVIDIA A100-SXM4-40GB (0),1,,13,"void ch_est::windowedChEstPreNoDftSOfdmKernel<float, __half, float, (unsigned int)2, (unsigned int)1, (unsigned short)4>(ch_est::puschRxChEstStatDescr_t *, ch_est::puschRxChEstDynDescr_t *)"
1971907815,6112,9718,137,2,1,24,2,1,44,0.001,0.001,,,,,NVIDIA A100-SXM4-40GB (0),1,,13,"void ch_est::chEstFilterNoDftSOfdmDispatchKernel<float, __half, float, (unsigned int)2>(ch_est::puschRxChEstStatDescr_t *, ch_est::puschRxChEstDynDescr_t *)"
1971915015,4608,9719,137,2,1,24,2,1,44,0.001,0.001,,,,,NVIDIA A100-SXM4-40GB (0),1,,13,"void ch_est::chEstFilterNoDftSOfdmDispatchKernel<float, __half, float, (unsigned int)2>(ch_est::puschRxChEstStatDescr_t *, ch_est::puschRxChEstDynDescr_t *)"
1971920871,2208,9730,103,1,1,128,1,1,16,0.000,0.000,,,,,NVIDIA A100-SXM4-40GB (0),1,,13,cupy_copy__complex64_complex64
1971924071,12383,9740,1434,1,1,128,1,1,16,0.000,0.000,,,,,NVIDIA A100-SXM4-40GB (0),1,,13,cupy_copy__complex64_complex64
1971937702,2112,9747,103,1,1,128,1,1,16,0.000,0.000,,,,,NVIDIA A100-SXM4-40GB (0),1,,13,cupy_copy__complex64_complex64
1971941126,78399,9754,1,1,1,32,32,1,30,0.000,0.000,,,,,NVIDIA A100-SXM4-40GB (0),1,,13,"void convert_kernel<__half2, float2>(tensor_layout_any, T1 *, tensor_layout_any, const T2 *)"
1972046725,4192,9757,,,,,,,,,,0.061,14656.451,Pinned,Device,NVIDIA A100-SXM4-40GB (0),1,,13,[CUDA memcpy Host-to-Device]
1972058917,44991,9758,,,,,,,,,,35.801,795712.137,Device,,NVIDIA A100-SXM4-40GB (0),1,,13,[CUDA memset]
1972106020,2528,9760,,,,,,,,,,0.000,31.646,Pinned,Device,NVIDIA A100-SXM4-40GB (0),1,,13,[CUDA memcpy Host-to-Device]
1972111332,6816,9761,,,,,,,,,,0.131,19229.966,Pinned,Device,NVIDIA A100-SXM4-40GB (0),1,,13,[CUDA memcpy Host-to-Device]
1972129348,8288,9762,273,1,1,48,1,1,40,0.000,0.001,,,,,NVIDIA A100-SXM4-40GB (0),1,,13,"void pusch_noise_intf_est::noiseIntfEstNoDftSOfdmKernel<float, __half, float, float, (unsigned int)2, (unsigned int)1, (unsigned char)4, (unsigned char)4>(pusch_noise_intf_est::puschRxNoiseIntfEstDynDescr)"
1972138756,2592,9773,35,1,1,128,1,1,16,0.000,0.000,,,,,NVIDIA A100-SXM4-40GB (0),1,,13,cupy_copy__complex64_complex64
1972167651,1504,9782,1,1,1,1,1,1,18,0.000,0.000,,,,,NVIDIA A100-SXM4-40GB (0),1,,13,cupy_copy__float32_float32
1972200899,1824,9788,,,,,,,,,,0.000,2.193,Device,Pageable,NVIDIA A100-SXM4-40GB (0),1,,7,[CUDA memcpy Device-to-Host]
1972258146,13920,9799,1434,1,1,128,1,1,16,0.000,0.000,,,,,NVIDIA A100-SXM4-40GB (0),1,,13,cupy_copy__complex64_complex64
1972290050,2368,9806,103,1,1,128,1,1,16,0.000,0.000,,,,,NVIDIA A100-SXM4-40GB (0),1,,13,cupy_copy__complex64_complex64
1972312034,2016,9813,35,1,1,128,1,1,16,0.000,0.000,,,,,NVIDIA A100-SXM4-40GB (0),1,,13,cupy_copy__complex64_complex64
1972330657,1504,9820,1,1,1,1,1,1,18,0.000,0.000,,,,,NVIDIA A100-SXM4-40GB (0),1,,13,cupy_copy__float32_float32
1972464480,78431,9831,1,1,1,32,32,1,30,0.000,0.000,,,,,NVIDIA A100-SXM4-40GB (0),1,,13,"void convert_kernel<__half2, float2>(tensor_layout_any, T1 *, tensor_layout_any, const T2 *)"
1972571454,4192,9834,,,,,,,,,,0.061,14656.451,Pinned,Device,NVIDIA A100-SXM4-40GB (0),1,,13,[CUDA memcpy Host-to-Device]
1972585438,2560,9835,,,,,,,,,,1.547,604150.000,Device,,NVIDIA A100-SXM4-40GB (0),1,,13,[CUDA memset]
1972591774,3008,9840,,,,,,,,,,0.021,6999.983,Pinned,Device,NVIDIA A100-SXM4-40GB (0),1,,13,[CUDA memcpy Host-to-Device]
1972597406,7168,9841,,,,,,,,,,0.131,18285.593,Pinned,Device,NVIDIA A100-SXM4-40GB (0),1,,13,[CUDA memcpy Host-to-Device]
1972608990,5920,9842,273,1,1,8,4,1,39,0.002,0.000,,,,,NVIDIA A100-SXM4-40GB (0),1,,13,"void channel_eq::eqMmseCoefCompLowMimoKernel<float, float, float, (unsigned int)4, (unsigned int)1, (unsigned int)4>(const channel_eq::_puschRxChEqStatDescr *, channel_eq::_puschRxChEqCoefCompDynDescr)"
1972615966,4800,9843,273,1,1,12,11,1,40,0.002,0.000,,,,,NVIDIA A100-SXM4-40GB (0),1,,13,"void channel_eq::eqMmseSoftDemapKernel<float, __half, __half, float, (unsigned int)4, (unsigned short)16383>(channel_eq::_puschRxChEqStatDescr *, channel_eq::_puschRxChEqSoftDemapDynDescr)"
1972622078,281852,9844,1,1,1,32,32,1,30,0.000,0.000,,,,,NVIDIA A100-SXM4-40GB (0),1,,13,"void convert_kernel<float2, __half2>(tensor_layout_any, T1 *, tensor_layout_any, const T2 *)"
1972905146,10432,9856,2253,1,1,128,1,1,16,0.000,0.000,,,,,NVIDIA A100-SXM4-40GB (0),1,,13,cupy_copy__float16_float16
1972916634,2368,9865,282,1,1,128,1,1,16,0.000,0.000,,,,,NVIDIA A100-SXM4-40GB (0),1,,13,cupy_copy__complex64_complex64
1972920058,1760,9874,26,1,1,128,1,1,16,0.000,0.000,,,,,NVIDIA A100-SXM4-40GB (0),1,,13,cupy_copy__float32_float32
1972923002,2528,9883,103,1,1,128,1,1,16,0.000,0.000,,,,,NVIDIA A100-SXM4-40GB (0),1,,13,cupy_copy__complex64_complex64
1972974809,11168,9899,1434,1,1,128,1,1,16,0.000,0.000,,,,,NVIDIA A100-SXM4-40GB (0),1,,13,cupy_copy__complex64_complex64
1973090360,78335,9904,1,1,1,32,32,1,30,0.000,0.000,,,,,NVIDIA A100-SXM4-40GB (0),1,,13,"void convert_kernel<__half2, float2>(tensor_layout_any, T1 *, tensor_layout_any, const T2 *)"
1973330581,4192,9907,,,,,,,,,,0.061,14656.451,Pinned,Device,NVIDIA A100-SXM4-40GB (0),1,,13,[CUDA memcpy Host-to-Device]
1973340021,589944,9908,,,,,,,,,,456.520,773802.214,Device,,NVIDIA A100-SXM4-40GB (0),1,,13,[CUDA memset]
1973935757,32768,9913,,,,,,,,,,0.825,25187.023,Pinned,Device,NVIDIA A100-SXM4-40GB (0),1,,13,[CUDA memcpy Host-to-Device]
1973971821,6816,9914,,,,,,,,,,0.131,19229.966,Pinned,Device,NVIDIA A100-SXM4-40GB (0),1,,13,[CUDA memcpy Host-to-Device]
1973982669,7328,9915,69,4,1,48,1,1,76,0.002,0.000,,,,,NVIDIA A100-SXM4-40GB (0),1,,13,"void ch_est::windowedChEstPreNoDftSOfdmKernel<float, __half, float, (unsigned int)2, (unsigned int)1, (unsigned short)4>(ch_est::puschRxChEstStatDescr_t *, ch_est::puschRxChEstDynDescr_t *)"
1973991277,6239,9916,137,2,1,24,2,1,44,0.001,0.001,,,,,NVIDIA A100-SXM4-40GB (0),1,,13,"void ch_est::chEstFilterNoDftSOfdmDispatchKernel<float, __half, float, (unsigned int)2>(ch_est::puschRxChEstStatDescr_t *, ch_est::puschRxChEstDynDescr_t *)"
1973998732,4544,9917,137,2,1,24,2,1,44,0.001,0.001,,,,,NVIDIA A100-SXM4-40GB (0),1,,13,"void ch_est::chEstFilterNoDftSOfdmDispatchKernel<float, __half, float, (unsigned int)2>(ch_est::puschRxChEstStatDescr_t *, ch_est::puschRxChEstDynDescr_t *)"
1974004492,2592,9928,103,1,1,128,1,1,16,0.000,0.000,,,,,NVIDIA A100-SXM4-40GB (0),1,,13,cupy_copy__complex64_complex64
1974008300,12416,9938,1434,1,1,128,1,1,16,0.000,0.000,,,,,NVIDIA A100-SXM4-40GB (0),1,,13,cupy_copy__complex64_complex64
1974021804,2112,9945,103,1,1,128,1,1,16,0.000,0.000,,,,,NVIDIA A100-SXM4-40GB (0),1,,13,cupy_copy__complex64_complex64
1974025004,78687,9952,1,1,1,32,32,1,30,0.000,0.000,,,,,NVIDIA A100-SXM4-40GB (0),1,,13,"void convert_kernel<__half2, float2>(tensor_layout_any, T1 *, tensor_layout_any, const T2 *)"
1974136555,4352,9955,,,,,,,,,,0.061,14117.622,Pinned,Device,NVIDIA A100-SXM4-40GB (0),1,,13,[CUDA memcpy Host-to-Device]
1974150315,45023,9956,,,,,,,,,,35.801,795139.322,Device,,NVIDIA A100-SXM4-40GB (0),1,,13,[CUDA memset]
1974203530,1888,9958,,,,,,,,,,0.000,42.373,Pinned,Device,NVIDIA A100-SXM4-40GB (0),1,,13,[CUDA memcpy Host-to-Device]
1974208202,6784,9959,,,,,,,,,,0.131,19320.668,Pinned,Device,NVIDIA A100-SXM4-40GB (0),1,,13,[CUDA memcpy Host-to-Device]
1974225098,8607,9960,273,1,1,48,1,1,40,0.000,0.001,,,,,NVIDIA A100-SXM4-40GB (0),1,,13,"void pusch_noise_intf_est::noiseIntfEstNoDftSOfdmKernel<float, __half, float, float, (unsigned int)2, (unsigned int)1, (unsigned char)4, (unsigned char)4>(pusch_noise_intf_est::puschRxNoiseIntfEstDynDescr)"
1974234985,2560,9971,35,1,1,128,1,1,16,0.000,0.000,,,,,NVIDIA A100-SXM4-40GB (0),1,,13,cupy_copy__complex64_complex64
1974263369,1536,9980,1,1,1,1,1,1,18,0.000,0.000,,,,,NVIDIA A100-SXM4-40GB (0),1,,13,cupy_copy__float32_float32
1974297609,1792,9986,,,,,,,,,,0.000,2.232,Device,Pageable,NVIDIA A100-SXM4-40GB (0),1,,7,[CUDA memcpy Device-to-Host]
1974355080,13024,9997,1434,1,1,128,1,1,16,0.000,0.000,,,,,NVIDIA A100-SXM4-40GB (0),1,,13,cupy_copy__complex64_complex64
1974381384,2336,10004,103,1,1,128,1,1,16,0.000,0.000,,,,,NVIDIA A100-SXM4-40GB (0),1,,13,cupy_copy__complex64_complex64
1974402343,2016,10011,35,1,1,128,1,1,16,0.000,0.000,,,,,NVIDIA A100-SXM4-40GB (0),1,,13,cupy_copy__complex64_complex64
1974420743,1504,10018,1,1,1,1,1,1,18,0.000,0.000,,,,,NVIDIA A100-SXM4-40GB (0),1,,13,cupy_copy__float32_float32
1974555141,79135,10029,1,1,1,32,32,1,30,0.000,0.000,,,,,NVIDIA A100-SXM4-40GB (0),1,,13,"void convert_kernel<__half2, float2>(tensor_layout_any, T1 *, tensor_layout_any, const T2 *)"
1974793250,4192,10032,,,,,,,,,,0.061,14656.451,Pinned,Device,NVIDIA A100-SXM4-40GB (0),1,,13,[CUDA memcpy Host-to-Device]
1974803234,2560,10033,,,,,,,,,,1.547,604150.000,Device,,NVIDIA A100-SXM4-40GB (0),1,,13,[CUDA memset]
1974806370,3008,10038,,,,,,,,,,0.021,6999.983,Pinned,Device,NVIDIA A100-SXM4-40GB (0),1,,13,[CUDA memcpy Host-to-Device]
1974812482,6784,10039,,,,,,,,,,0.131,19320.668,Pinned,Device,NVIDIA A100-SXM4-40GB (0),1,,13,[CUDA memcpy Host-to-Device]
1974829602,5920,10040,273,1,1,8,4,1,39,0.002,0.000,,,,,NVIDIA A100-SXM4-40GB (0),1,,13,"void channel_eq::eqMmseCoefCompLowMimoKernel<float, float, float, (unsigned int)4, (unsigned int)1, (unsigned int)4>(const channel_eq::_puschRxChEqStatDescr *, channel_eq::_puschRxChEqCoefCompDynDescr)"
1974836770,4800,10041,273,1,1,12,11,1,40,0.002,0.000,,,,,NVIDIA A100-SXM4-40GB (0),1,,13,"void channel_eq::eqMmseSoftDemapKernel<float, __half, __half, float, (unsigned int)4, (unsigned short)16383>(channel_eq::_puschRxChEqStatDescr *, channel_eq::_puschRxChEqSoftDemapDynDescr)"
1974842658,281852,10042,1,1,1,32,32,1,30,0.000,0.000,,,,,NVIDIA A100-SXM4-40GB (0),1,,13,"void convert_kernel<float2, __half2>(tensor_layout_any, T1 *, tensor_layout_any, const T2 *)"
1975125566,10240,10054,2253,1,1,128,1,1,16,0.000,0.000,,,,,NVIDIA A100-SXM4-40GB (0),1,,13,cupy_copy__float16_float16
1975136990,2400,10063,282,1,1,128,1,1,16,0.000,0.000,,,,,NVIDIA A100-SXM4-40GB (0),1,,13,cupy_copy__complex64_complex64
1975140478,1728,10072,26,1,1,128,1,1,16,0.000,0.000,,,,,NVIDIA A100-SXM4-40GB (0),1,,13,cupy_copy__float32_float32
1975143454,2528,10081,103,1,1,128,1,1,16,0.000,0.000,,,,,NVIDIA A100-SXM4-40GB (0),1,,13,cupy_copy__complex64_complex64
1975147230,11424,10091,1434,1,1,128,1,1,16,0.000,0.000,,,,,NVIDIA A100-SXM4-40GB (0),1,,13,cupy_copy__complex64_complex64
1975300124,78847,10096,1,1,1,32,32,1,30,0.000,0.000,,,,,NVIDIA A100-SXM4-40GB (0),1,,13,"void convert_kernel<__half2, float2>(tensor_layout_any, T1 *, tensor_layout_any, const T2 *)"
1975410331,4160,10099,,,,,,,,,,0.061,14769.193,Pinned,Device,NVIDIA A100-SXM4-40GB (0),1,,13,[CUDA memcpy Host-to-Device]
1975421851,588568,10100,,,,,,,,,,456.520,775628.296,Device,,NVIDIA A100-SXM4-40GB (0),1,,13,[CUDA memset]
1976018035,32800,10105,,,,,,,,,,0.825,25162.263,Pinned,Device,NVIDIA A100-SXM4-40GB (0),1,,13,[CUDA memcpy Host-to-Device]
1976053395,6783,10106,,,,,,,,,,0.131,19323.552,Pinned,Device,NVIDIA A100-SXM4-40GB (0),1,,13,[CUDA memcpy Host-to-Device]
1976067218,7328,10107,69,4,1,48,1,1,76,0.002,0.000,,,,,NVIDIA A100-SXM4-40GB (0),1,,13,"void ch_est::windowedChEstPreNoDftSOfdmKernel<float, __half, float, (unsigned int)2, (unsigned int)1, (unsigned short)4>(ch_est::puschRxChEstStatDescr_t *, ch_est::puschRxChEstDynDescr_t *)"
1976075826,6240,10108,137,2,1,24,2,1,44,0.001,0.001,,,,,NVIDIA A100-SXM4-40GB (0),1,,13,"void ch_est::chEstFilterNoDftSOfdmDispatchKernel<float, __half, float, (unsigned int)2>(ch_est::puschRxChEstStatDescr_t *, ch_est::puschRxChEstDynDescr_t *)"
1976083154,4576,10109,137,2,1,24,2,1,44,0.001,0.001,,,,,NVIDIA A100-SXM4-40GB (0),1,,13,"void ch_est::chEstFilterNoDftSOfdmDispatchKernel<float, __half, float, (unsigned int)2>(ch_est::puschRxChEstStatDescr_t *, ch_est::puschRxChEstDynDescr_t *)"
1976089010,2176,10120,103,1,1,128,1,1,16,0.000,0.000,,,,,NVIDIA A100-SXM4-40GB (0),1,,13,cupy_copy__complex64_complex64
1976092402,12576,10130,1434,1,1,128,1,1,16,0.000,0.000,,,,,NVIDIA A100-SXM4-40GB (0),1,,13,cupy_copy__complex64_complex64
1976106194,2080,10137,103,1,1,128,1,1,16,0.000,0.000,,,,,NVIDIA A100-SXM4-40GB (0),1,,13,cupy_copy__complex64_complex64
1976109490,78559,10144,1,1,1,32,32,1,30,0.000,0.000,,,,,NVIDIA A100-SXM4-40GB (0),1,,13,"void convert_kernel<__half2, float2>(tensor_layout_any, T1 *, tensor_layout_any, const T2 *)"
1976216177,4479,10147,,,,,,,,,,0.061,13717.340,Pinned,Device,NVIDIA A100-SXM4-40GB (0),1,,13,[CUDA memcpy Host-to-Device]
1976228816,45120,10148,,,,,,,,,,35.801,793456.676,Device,,NVIDIA A100-SXM4-40GB (0),1,,13,[CUDA memset]
1976275024,1888,10150,,,,,,,,,,0.000,42.373,Pinned,Device,NVIDIA A100-SXM4-40GB (0),1,,13,[CUDA memcpy Host-to-Device]
1976279312,6816,10151,,,,,,,,,,0.131,19229.966,Pinned,Device,NVIDIA A100-SXM4-40GB (0),1,,13,[CUDA memcpy Host-to-Device]
1976295919,8576,10152,273,1,1,48,1,1,40,0.000,0.001,,,,,NVIDIA A100-SXM4-40GB (0),1,,13,"void pusch_noise_intf_est::noiseIntfEstNoDftSOfdmKernel<float, __half, float, float, (unsigned int)2, (unsigned int)1, (unsigned char)4, (unsigned char)4>(pusch_noise_intf_est::puschRxNoiseIntfEstDynDescr)"
1976305711,2592,10163,35,1,1,128,1,1,16,0.000,0.000,,,,,NVIDIA A100-SXM4-40GB (0),1,,13,cupy_copy__complex64_complex64
1976336239,1536,10172,1,1,1,1,1,1,18,0.000,0.000,,,,,NVIDIA A100-SXM4-40GB (0),1,,13,cupy_copy__float32_float32
1976369935,1728,10178,,,,,,,,,,0.000,2.315,Device,Pageable,NVIDIA A100-SXM4-40GB (0),1,,7,[CUDA memcpy Device-to-Host]
1976427406,13728,10189,1434,1,1,128,1,1,16,0.000,0.000,,,,,NVIDIA A100-SXM4-40GB (0),1,,13,cupy_copy__complex64_complex64
1976454414,2367,10196,103,1,1,128,1,1,16,0.000,0.000,,,,,NVIDIA A100-SXM4-40GB (0),1,,13,cupy_copy__complex64_complex64
1976475597,2016,10203,35,1,1,128,1,1,16,0.000,0.000,,,,,NVIDIA A100-SXM4-40GB (0),1,,13,cupy_copy__complex64_complex64
1976494445,1504,10210,1,1,1,1,1,1,18,0.000,0.000,,,,,NVIDIA A100-SXM4-40GB (0),1,,13,cupy_copy__float32_float32
1976624779,78143,10221,1,1,1,32,32,1,30,0.000,0.000,,,,,NVIDIA A100-SXM4-40GB (0),1,,13,"void convert_kernel<__half2, float2>(tensor_layout_any, T1 *, tensor_layout_any, const T2 *)"
1976731018,4576,10224,,,,,,,,,,0.061,13426.545,Pinned,Device,NVIDIA A100-SXM4-40GB (0),1,,13,[CUDA memcpy Host-to-Device]
1976745258,2592,10225,,,,,,,,,,1.547,596690.632,Device,,NVIDIA A100-SXM4-40GB (0),1,,13,[CUDA memset]
1976751594,3328,10230,,,,,,,,,,0.021,6326.907,Pinned,Device,NVIDIA A100-SXM4-40GB (0),1,,13,[CUDA memcpy Host-to-Device]
1976757066,6880,10231,,,,,,,,,,0.131,19051.053,Pinned,Device,NVIDIA A100-SXM4-40GB (0),1,,13,[CUDA memcpy Host-to-Device]
1976772009,5920,10232,273,1,1,8,4,1,39,0.002,0.000,,,,,NVIDIA A100-SXM4-40GB (0),1,,13,"void channel_eq::eqMmseCoefCompLowMimoKernel<float, float, float, (unsigned int)4, (unsigned int)1, (unsigned int)4>(const channel_eq::_puschRxChEqStatDescr *, channel_eq::_puschRxChEqCoefCompDynDescr)"
1976779145,4832,10233,273,1,1,12,11,1,40,0.002,0.000,,,,,NVIDIA A100-SXM4-40GB (0),1,,13,"void channel_eq::eqMmseSoftDemapKernel<float, __half, __half, float, (unsigned int)4, (unsigned short)16383>(channel_eq::_puschRxChEqStatDescr *, channel_eq::_puschRxChEqSoftDemapDynDescr)"
1976785257,281501,10234,1,1,1,32,32,1,30,0.000,0.000,,,,,NVIDIA A100-SXM4-40GB (0),1,,13,"void convert_kernel<float2, __half2>(tensor_layout_any, T1 *, tensor_layout_any, const T2 *)"
1977068006,10368,10246,2253,1,1,128,1,1,16,0.000,0.000,,,,,NVIDIA A100-SXM4-40GB (0),1,,13,cupy_copy__float16_float16
1977079430,2400,10255,282,1,1,128,1,1,16,0.000,0.000,,,,,NVIDIA A100-SXM4-40GB (0),1,,13,cupy_copy__complex64_complex64
1977082918,1760,10264,26,1,1,128,1,1,16,0.000,0.000,,,,,NVIDIA A100-SXM4-40GB (0),1,,13,cupy_copy__float32_float32
1977085862,2528,10273,103,1,1,128,1,1,16,0.000,0.000,,,,,NVIDIA A100-SXM4-40GB (0),1,,13,cupy_copy__complex64_complex64
1977089414,11487,10283,1434,1,1,128,1,1,16,0.000,0.000,,,,,NVIDIA A100-SXM4-40GB (0),1,,13,cupy_copy__complex64_complex64
1977127013,78271,10288,1,1,1,32,32,1,30,0.000,0.000,,,,,NVIDIA A100-SXM4-40GB (0),1,,13,"void convert_kernel<__half2, float2>(tensor_layout_any, T1 *, tensor_layout_any, const T2 *)"
1977232100,4192,10291,,,,,,,,,,0.061,14656.451,Pinned,Device,NVIDIA A100-SXM4-40GB (0),1,,13,[CUDA memcpy Host-to-Device]
1977243300,587960,10292,,,,,,,,,,456.520,776084.816,Device,,NVIDIA A100-SXM4-40GB (0),1,,13,[CUDA memset]
1977836284,32736,10297,,,,,,,,,,0.825,25211.783,Pinned,Device,NVIDIA A100-SXM4-40GB (0),1,,13,[CUDA memcpy Host-to-Device]
1977871164,6880,10298,,,,,,,,,,0.131,19051.053,Pinned,Device,NVIDIA A100-SXM4-40GB (0),1,,13,[CUDA memcpy Host-to-Device]
1977883739,7296,10299,69,4,1,48,1,1,76,0.002,0.000,,,,,NVIDIA A100-SXM4-40GB (0),1,,13,"void ch_est::windowedChEstPreNoDftSOfdmKernel<float, __half, float, (unsigned int)2, (unsigned int)1, (unsigned short)4>(ch_est::puschRxChEstStatDescr_t *, ch_est::puschRxChEstDynDescr_t *)"
1977892091,6208,10300,137,2,1,24,2,1,44,0.001,0.001,,,,,NVIDIA A100-SXM4-40GB (0),1,,13,"void ch_est::chEstFilterNoDftSOfdmDispatchKernel<float, __half, float, (unsigned int)2>(ch_est::puschRxChEstStatDescr_t *, ch_est::puschRxChEstDynDescr_t *)"
1977899387,4576,10301,137,2,1,24,2,1,44,0.001,0.001,,,,,NVIDIA A100-SXM4-40GB (0),1,,13,"void ch_est::chEstFilterNoDftSOfdmDispatchKernel<float, __half, float, (unsigned int)2>(ch_est::puschRxChEstStatDescr_t *, ch_est::puschRxChEstDynDescr_t *)"
1977905275,2144,10312,103,1,1,128,1,1,16,0.000,0.000,,,,,NVIDIA A100-SXM4-40GB (0),1,,13,cupy_copy__complex64_complex64
1977908443,12544,10322,1434,1,1,128,1,1,16,0.000,0.000,,,,,NVIDIA A100-SXM4-40GB (0),1,,13,cupy_copy__complex64_complex64
1977922299,2144,10329,103,1,1,128,1,1,16,0.000,0.000,,,,,NVIDIA A100-SXM4-40GB (0),1,,13,cupy_copy__complex64_complex64
1977925467,78623,10336,1,1,1,32,32,1,30,0.000,0.000,,,,,NVIDIA A100-SXM4-40GB (0),1,,13,"void convert_kernel<__half2, float2>(tensor_layout_any, T1 *, tensor_layout_any, const T2 *)"
1978032154,4192,10339,,,,,,,,,,0.061,14656.451,Pinned,Device,NVIDIA A100-SXM4-40GB (0),1,,13,[CUDA memcpy Host-to-Device]
1978044473,44448,10340,,,,,,,,,,35.801,805449.998,Device,,NVIDIA A100-SXM4-40GB (0),1,,13,[CUDA memset]
1978096729,2368,10342,,,,,,,,,,0.000,33.784,Pinned,Device,NVIDIA A100-SXM4-40GB (0),1,,13,[CUDA memcpy Host-to-Device]
1978101689,6816,10343,,,,,,,,,,0.131,19229.966,Pinned,Device,NVIDIA A100-SXM4-40GB (0),1,,13,[CUDA memcpy Host-to-Device]
1978113081,8480,10344,273,1,1,48,1,1,40,0.000,0.001,,,,,NVIDIA A100-SXM4-40GB (0),1,,13,"void pusch_noise_intf_est::noiseIntfEstNoDftSOfdmKernel<float, __half, float, float, (unsigned int)2, (unsigned int)1, (unsigned char)4, (unsigned char)4>(pusch_noise_intf_est::puschRxNoiseIntfEstDynDescr)"
1978122680,2624,10355,35,1,1,128,1,1,16,0.000,0.000,,,,,NVIDIA A100-SXM4-40GB (0),1,,13,cupy_copy__complex64_complex64
1978149048,1536,10364,1,1,1,1,1,1,18,0.000,0.000,,,,,NVIDIA A100-SXM4-40GB (0),1,,13,cupy_copy__float32_float32
1978182808,1760,10370,,,,,,,,,,0.000,2.273,Device,Pageable,NVIDIA A100-SXM4-40GB (0),1,,7,[CUDA memcpy Device-to-Host]
1978240951,13440,10381,1434,1,1,128,1,1,16,0.000,0.000,,,,,NVIDIA A100-SXM4-40GB (0),1,,13,cupy_copy__complex64_complex64
1978267415,2336,10388,103,1,1,128,1,1,16,0.000,0.000,,,,,NVIDIA A100-SXM4-40GB (0),1,,13,cupy_copy__complex64_complex64
1978288438,1984,10395,35,1,1,128,1,1,16,0.000,0.000,,,,,NVIDIA A100-SXM4-40GB (0),1,,13,cupy_copy__complex64_complex64
1978307158,1472,10402,1,1,1,1,1,1,18,0.000,0.000,,,,,NVIDIA A100-SXM4-40GB (0),1,,13,cupy_copy__float32_float32
1978438901,77919,10413,1,1,1,32,32,1,30,0.000,0.000,,,,,NVIDIA A100-SXM4-40GB (0),1,,13,"void convert_kernel<__half2, float2>(tensor_layout_any, T1 *, tensor_layout_any, const T2 *)"
1978681169,4192,10416,,,,,,,,,,0.061,14656.451,Pinned,Device,NVIDIA A100-SXM4-40GB (0),1,,13,[CUDA memcpy Host-to-Device]
1978690865,2592,10417,,,,,,,,,,1.547,596690.632,Device,,NVIDIA A100-SXM4-40GB (0),1,,13,[CUDA memset]
1978694737,3040,10422,,,,,,,,,,0.021,6926.308,Pinned,Device,NVIDIA A100-SXM4-40GB (0),1,,13,[CUDA memcpy Host-to-Device]
1978700273,6944,10423,,,,,,,,,,0.131,18875.548,Pinned,Device,NVIDIA A100-SXM4-40GB (0),1,,13,[CUDA memcpy Host-to-Device]
1978712561,5888,10424,273,1,1,8,4,1,39,0.002,0.000,,,,,NVIDIA A100-SXM4-40GB (0),1,,13,"void channel_eq::eqMmseCoefCompLowMimoKernel<float, float, float, (unsigned int)4, (unsigned int)1, (unsigned int)4>(const channel_eq::_puschRxChEqStatDescr *, channel_eq::_puschRxChEqCoefCompDynDescr)"
1978719729,4928,10425,273,1,1,12,11,1,40,0.002,0.000,,,,,NVIDIA A100-SXM4-40GB (0),1,,13,"void channel_eq::eqMmseSoftDemapKernel<float, __half, __half, float, (unsigned int)4, (unsigned short)16383>(channel_eq::_puschRxChEqStatDescr *, channel_eq::_puschRxChEqSoftDemapDynDescr)"
1978725873,281916,10426,1,1,1,32,32,1,30,0.000,0.000,,,,,NVIDIA A100-SXM4-40GB (0),1,,13,"void convert_kernel<float2, __half2>(tensor_layout_any, T1 *, tensor_layout_any, const T2 *)"
1979008781,10464,10438,2253,1,1,128,1,1,16,0.000,0.000,,,,,NVIDIA A100-SXM4-40GB (0),1,,13,cupy_copy__float16_float16
1979020461,2400,10447,282,1,1,128,1,1,16,0.000,0.000,,,,,NVIDIA A100-SXM4-40GB (0),1,,13,cupy_copy__complex64_complex64
1979023917,1760,10456,26,1,1,128,1,1,16,0.000,0.000,,,,,NVIDIA A100-SXM4-40GB (0),1,,13,cupy_copy__float32_float32
1979026925,2496,10465,103,1,1,128,1,1,16,0.000,0.000,,,,,NVIDIA A100-SXM4-40GB (0),1,,13,cupy_copy__complex64_complex64
1979030669,11232,10475,1434,1,1,128,1,1,16,0.000,0.000,,,,,NVIDIA A100-SXM4-40GB (0),1,,13,cupy_copy__complex64_complex64
1979186091,79135,10480,1,1,1,32,32,1,30,0.000,0.000,,,,,NVIDIA A100-SXM4-40GB (0),1,,13,"void convert_kernel<__half2, float2>(tensor_layout_any, T1 *, tensor_layout_any, const T2 *)"
1979296138,4160,10483,,,,,,,,,,0.061,14769.193,Pinned,Device,NVIDIA A100-SXM4-40GB (0),1,,13,[CUDA memcpy Host-to-Device]
1979307562,587992,10484,,,,,,,,,,456.520,776084.816,Device,,NVIDIA A100-SXM4-40GB (0),1,,13,[CUDA memset]
1979899618,32864,10489,,,,,,,,,,0.825,25113.567,Pinned,Device,NVIDIA A100-SXM4-40GB (0),1,,13,[CUDA memcpy Host-to-Device]
1979934594,6816,10490,,,,,,,,,,0.131,19229.966,Pinned,Device,NVIDIA A100-SXM4-40GB (0),1,,13,[CUDA memcpy Host-to-Device]
1979948129,7264,10491,69,4,1,48,1,1,76,0.002,0.000,,,,,NVIDIA A100-SXM4-40GB (0),1,,13,"void ch_est::windowedChEstPreNoDftSOfdmKernel<float, __half, float, (unsigned int)2, (unsigned int)1, (unsigned short)4>(ch_est::puschRxChEstStatDescr_t *, ch_est::puschRxChEstDynDescr_t *)"
1979956737,6368,10492,137,2,1,24,2,1,44,0.001,0.001,,,,,NVIDIA A100-SXM4-40GB (0),1,,13,"void ch_est::chEstFilterNoDftSOfdmDispatchKernel<float, __half, float, (unsigned int)2>(ch_est::puschRxChEstStatDescr_t *, ch_est::puschRxChEstDynDescr_t *)"
1979964289,4576,10493,137,2,1,24,2,1,44,0.001,0.001,,,,,NVIDIA A100-SXM4-40GB (0),1,,13,"void ch_est::chEstFilterNoDftSOfdmDispatchKernel<float, __half, float, (unsigned int)2>(ch_est::puschRxChEstStatDescr_t *, ch_est::puschRxChEstDynDescr_t *)"
1979970145,2208,10504,103,1,1,128,1,1,16,0.000,0.000,,,,,NVIDIA A100-SXM4-40GB (0),1,,13,cupy_copy__complex64_complex64
1979973665,12416,10514,1434,1,1,128,1,1,16,0.000,0.000,,,,,NVIDIA A100-SXM4-40GB (0),1,,13,cupy_copy__complex64_complex64
1979987073,2112,10521,103,1,1,128,1,1,16,0.000,0.000,,,,,NVIDIA A100-SXM4-40GB (0),1,,13,cupy_copy__complex64_complex64
1979990177,78335,10528,1,1,1,32,32,1,30,0.000,0.000,,,,,NVIDIA A100-SXM4-40GB (0),1,,13,"void convert_kernel<__half2, float2>(tensor_layout_any, T1 *, tensor_layout_any, const T2 *)"
1980227230,4480,10531,,,,,,,,,,0.061,13714.268,Pinned,Device,NVIDIA A100-SXM4-40GB (0),1,,13,[CUDA memcpy Host-to-Device]
1980237246,45951,10532,,,,,,,,,,35.801,779100.492,Device,,NVIDIA A100-SXM4-40GB (0),1,,13,[CUDA memset]
1980290109,1888,10534,,,,,,,,,,0.000,42.373,Pinned,Device,NVIDIA A100-SXM4-40GB (0),1,,13,[CUDA memcpy Host-to-Device]
1980294141,6784,10535,,,,,,,,,,0.131,19320.668,Pinned,Device,NVIDIA A100-SXM4-40GB (0),1,,13,[CUDA memcpy Host-to-Device]
1980311997,9152,10536,273,1,1,48,1,1,40,0.000,0.001,,,,,NVIDIA A100-SXM4-40GB (0),1,,13,"void pusch_noise_intf_est::noiseIntfEstNoDftSOfdmKernel<float, __half, float, float, (unsigned int)2, (unsigned int)1, (unsigned char)4, (unsigned char)4>(pusch_noise_intf_est::puschRxNoiseIntfEstDynDescr)"
1980322461,2496,10547,35,1,1,128,1,1,16,0.000,0.000,,,,,NVIDIA A100-SXM4-40GB (0),1,,13,cupy_copy__complex64_complex64
1980330877,1536,10556,1,1,1,1,1,1,18,0.000,0.000,,,,,NVIDIA A100-SXM4-40GB (0),1,,13,cupy_copy__float32_float32
1980364860,1760,10562,,,,,,,,,,0.000,2.273,Device,Pageable,NVIDIA A100-SXM4-40GB (0),1,,7,[CUDA memcpy Device-to-Host]
1980422140,13151,10573,1434,1,1,128,1,1,16,0.000,0.000,,,,,NVIDIA A100-SXM4-40GB (0),1,,13,cupy_copy__complex64_complex64
1980448187,2400,10580,103,1,1,128,1,1,16,0.000,0.000,,,,,NVIDIA A100-SXM4-40GB (0),1,,13,cupy_copy__complex64_complex64
1980468795,2016,10587,35,1,1,128,1,1,16,0.000,0.000,,,,,NVIDIA A100-SXM4-40GB (0),1,,13,cupy_copy__complex64_complex64
1980487067,1472,10594,1,1,1,1,1,1,18,0.000,0.000,,,,,NVIDIA A100-SXM4-40GB (0),1,,13,cupy_copy__float32_float32
1980746615,78719,10605,1,1,1,32,32,1,30,0.000,0.000,,,,,NVIDIA A100-SXM4-40GB (0),1,,13,"void convert_kernel<__half2, float2>(tensor_layout_any, T1 *, tensor_layout_any, const T2 *)"
1980858230,4320,10608,,,,,,,,,,0.061,14222.193,Pinned,Device,NVIDIA A100-SXM4-40GB (0),1,,13,[CUDA memcpy Host-to-Device]
1980873302,2560,10609,,,,,,,,,,1.547,604150.000,Device,,NVIDIA A100-SXM4-40GB (0),1,,13,[CUDA memset]
1980879542,3040,10614,,,,,,,,,,0.021,6926.308,Pinned,Device,NVIDIA A100-SXM4-40GB (0),1,,13,[CUDA memcpy Host-to-Device]
1980885686,6848,10615,,,,,,,,,,0.131,19140.182,Pinned,Device,NVIDIA A100-SXM4-40GB (0),1,,13,[CUDA memcpy Host-to-Device]
1980900182,5951,10616,273,1,1,8,4,1,39,0.002,0.000,,,,,NVIDIA A100-SXM4-40GB (0),1,,13,"void channel_eq::eqMmseCoefCompLowMimoKernel<float, float, float, (unsigned int)4, (unsigned int)1, (unsigned int)4>(const channel_eq::_puschRxChEqStatDescr *, channel_eq::_puschRxChEqCoefCompDynDescr)"
1980907125,4832,10617,273,1,1,12,11,1,40,0.002,0.000,,,,,NVIDIA A100-SXM4-40GB (0),1,,13,"void channel_eq::eqMmseSoftDemapKernel<float, __half, __half, float, (unsigned int)4, (unsigned short)16383>(channel_eq::_puschRxChEqStatDescr *, channel_eq::_puschRxChEqSoftDemapDynDescr)"
1980913237,281341,10618,1,1,1,32,32,1,30,0.000,0.000,,,,,NVIDIA A100-SXM4-40GB (0),1,,13,"void convert_kernel<float2, __half2>(tensor_layout_any, T1 *, tensor_layout_any, const T2 *)"
1981195762,10336,10630,2253,1,1,128,1,1,16,0.000,0.000,,,,,NVIDIA A100-SXM4-40GB (0),1,,13,cupy_copy__float16_float16
1981207282,2400,10639,282,1,1,128,1,1,16,0.000,0.000,,,,,NVIDIA A100-SXM4-40GB (0),1,,13,cupy_copy__complex64_complex64
1981210930,1760,10648,26,1,1,128,1,1,16,0.000,0.000,,,,,NVIDIA A100-SXM4-40GB (0),1,,13,cupy_copy__float32_float32
1981213938,2560,10657,103,1,1,128,1,1,16,0.000,0.000,,,,,NVIDIA A100-SXM4-40GB (0),1,,13,cupy_copy__complex64_complex64
1981217714,11199,10667,1434,1,1,128,1,1,16,0.000,0.000,,,,,NVIDIA A100-SXM4-40GB (0),1,,13,cupy_copy__complex64_complex64
1981257393,78751,10672,1,1,1,32,32,1,30,0.000,0.000,,,,,NVIDIA A100-SXM4-40GB (0),1,,13,"void convert_kernel<__half2, float2>(tensor_layout_any, T1 *, tensor_layout_any, const T2 *)"
1981363856,4768,10675,,,,,,,,,,0.061,12885.873,Pinned,Device,NVIDIA A100-SXM4-40GB (0),1,,13,[CUDA memcpy Host-to-Device]
1981374704,588184,10676,,,,,,,,,,456.520,776084.816,Device,,NVIDIA A100-SXM4-40GB (0),1,,13,[CUDA memset]
1981964296,32768,10681,,,,,,,,,,0.825,25187.023,Pinned,Device,NVIDIA A100-SXM4-40GB (0),1,,13,[CUDA memcpy Host-to-Device]
1981999592,6880,10682,,,,,,,,,,0.131,19051.053,Pinned,Device,NVIDIA A100-SXM4-40GB (0),1,,13,[CUDA memcpy Host-to-Device]
1982015911,7328,10683,69,4,1,48,1,1,76,0.002,0.000,,,,,NVIDIA A100-SXM4-40GB (0),1,,13,"void ch_est::windowedChEstPreNoDftSOfdmKernel<float, __half, float, (unsigned int)2, (unsigned int)1, (unsigned short)4>(ch_est::puschRxChEstStatDescr_t *, ch_est::puschRxChEstDynDescr_t *)"
1982024295,6048,10684,137,2,1,24,2,1,44,0.001,0.001,,,,,NVIDIA A100-SXM4-40GB (0),1,,13,"void ch_est::chEstFilterNoDftSOfdmDispatchKernel<float, __half, float, (unsigned int)2>(ch_est::puschRxChEstStatDescr_t *, ch_est::puschRxChEstDynDescr_t *)"
1982031399,4576,10685,137,2,1,24,2,1,44,0.001,0.001,,,,,NVIDIA A100-SXM4-40GB (0),1,,13,"void ch_est::chEstFilterNoDftSOfdmDispatchKernel<float, __half, float, (unsigned int)2>(ch_est::puschRxChEstStatDescr_t *, ch_est::puschRxChEstDynDescr_t *)"
1982037191,2144,10696,103,1,1,128,1,1,16,0.000,0.000,,,,,NVIDIA A100-SXM4-40GB (0),1,,13,cupy_copy__complex64_complex64
1982040359,12352,10706,1434,1,1,128,1,1,16,0.000,0.000,,,,,NVIDIA A100-SXM4-40GB (0),1,,13,cupy_copy__complex64_complex64
1982053767,2112,10713,103,1,1,128,1,1,16,0.000,0.000,,,,,NVIDIA A100-SXM4-40GB (0),1,,13,cupy_copy__complex64_complex64
1982056967,78143,10720,1,1,1,32,32,1,30,0.000,0.000,,,,,NVIDIA A100-SXM4-40GB (0),1,,13,"void convert_kernel<__half2, float2>(tensor_layout_any, T1 *, tensor_layout_any, const T2 *)"
1982163942,4224,10723,,,,,,,,,,0.061,14545.428,Pinned,Device,NVIDIA A100-SXM4-40GB (0),1,,13,[CUDA memcpy Host-to-Device]
1982176453,44544,10724,,,,,,,,,,35.801,803695.751,Device,,NVIDIA A100-SXM4-40GB (0),1,,13,[CUDA memset]
1982222341,1920,10726,,,,,,,,,,0.000,41.667,Pinned,Device,NVIDIA A100-SXM4-40GB (0),1,,13,[CUDA memcpy Host-to-Device]
1982227045,7232,10727,,,,,,,,,,0.131,18123.850,Pinned,Device,NVIDIA A100-SXM4-40GB (0),1,,13,[CUDA memcpy Host-to-Device]
1982238053,8480,10728,273,1,1,48,1,1,40,0.000,0.001,,,,,NVIDIA A100-SXM4-40GB (0),1,,13,"void pusch_noise_intf_est::noiseIntfEstNoDftSOfdmKernel<float, __half, float, float, (unsigned int)2, (unsigned int)1, (unsigned char)4, (unsigned char)4>(pusch_noise_intf_est::puschRxNoiseIntfEstDynDescr)"
1982247749,2591,10739,35,1,1,128,1,1,16,0.000,0.000,,,,,NVIDIA A100-SXM4-40GB (0),1,,13,cupy_copy__complex64_complex64
1982282436,1504,10748,1,1,1,1,1,1,18,0.000,0.000,,,,,NVIDIA A100-SXM4-40GB (0),1,,13,cupy_copy__float32_float32
1982315460,2336,10754,,,,,,,,,,0.000,1.712,Device,Pageable,NVIDIA A100-SXM4-40GB (0),1,,7,[CUDA memcpy Device-to-Host]
1982373155,13280,10765,1434,1,1,128,1,1,16,0.000,0.000,,,,,NVIDIA A100-SXM4-40GB (0),1,,13,cupy_copy__complex64_complex64
1982400547,2368,10772,103,1,1,128,1,1,16,0.000,0.000,,,,,NVIDIA A100-SXM4-40GB (0),1,,13,cupy_copy__complex64_complex64
1982423042,2016,10779,35,1,1,128,1,1,16,0.000,0.000,,,,,NVIDIA A100-SXM4-40GB (0),1,,13,cupy_copy__complex64_complex64
1982441570,1504,10786,1,1,1,1,1,1,18,0.000,0.000,,,,,NVIDIA A100-SXM4-40GB (0),1,,13,cupy_copy__float32_float32
1982573472,78943,10797,1,1,1,32,32,1,30,0.000,0.000,,,,,NVIDIA A100-SXM4-40GB (0),1,,13,"void convert_kernel<__half2, float2>(tensor_layout_any, T1 *, tensor_layout_any, const T2 *)"
1982680415,4448,10800,,,,,,,,,,0.061,13812.941,Pinned,Device,NVIDIA A100-SXM4-40GB (0),1,,13,[CUDA memcpy Host-to-Device]
1982694815,2560,10801,,,,,,,,,,1.547,604150.000,Device,,NVIDIA A100-SXM4-40GB (0),1,,13,[CUDA memset]
1982705695,2528,10806,,,,,,,,,,0.021,8329.101,Pinned,Device,NVIDIA A100-SXM4-40GB (0),1,,13,[CUDA memcpy Host-to-Device]
1982717983,6880,10807,,,,,,,,,,0.131,19051.053,Pinned,Device,NVIDIA A100-SXM4-40GB (0),1,,13,[CUDA memcpy Host-to-Device]
1982730654,5920,10808,273,1,1,8,4,1,39,0.002,0.000,,,,,NVIDIA A100-SXM4-40GB (0),1,,13,"void channel_eq::eqMmseCoefCompLowMimoKernel<float, float, float, (unsigned int)4, (unsigned int)1, (unsigned int)4>(const channel_eq::_puschRxChEqStatDescr *, channel_eq::_puschRxChEqCoefCompDynDescr)"
1982737854,4928,10809,273,1,1,12,11,1,40,0.002,0.000,,,,,NVIDIA A100-SXM4-40GB (0),1,,13,"void channel_eq::eqMmseSoftDemapKernel<float, __half, __half, float, (unsigned int)4, (unsigned short)16383>(channel_eq::_puschRxChEqStatDescr *, channel_eq::_puschRxChEqSoftDemapDynDescr)"
1982744094,281533,10810,1,1,1,32,32,1,30,0.000,0.000,,,,,NVIDIA A100-SXM4-40GB (0),1,,13,"void convert_kernel<float2, __half2>(tensor_layout_any, T1 *, tensor_layout_any, const T2 *)"
1983026651,10208,10822,2253,1,1,128,1,1,16,0.000,0.000,,,,,NVIDIA A100-SXM4-40GB (0),1,,13,cupy_copy__float16_float16
1983037851,2368,10831,282,1,1,128,1,1,16,0.000,0.000,,,,,NVIDIA A100-SXM4-40GB (0),1,,13,cupy_copy__complex64_complex64
1983041403,1760,10840,26,1,1,128,1,1,16,0.000,0.000,,,,,NVIDIA A100-SXM4-40GB (0),1,,13,cupy_copy__float32_float32
1983044186,2560,10849,103,1,1,128,1,1,16,0.000,0.000,,,,,NVIDIA A100-SXM4-40GB (0),1,,13,cupy_copy__complex64_complex64
1983047962,11328,10859,1434,1,1,128,1,1,16,0.000,0.000,,,,,NVIDIA A100-SXM4-40GB (0),1,,13,cupy_copy__complex64_complex64
1983071354,78463,10864,1,1,1,32,32,1,30,0.000,0.000,,,,,NVIDIA A100-SXM4-40GB (0),1,,13,"void convert_kernel<__half2, float2>(tensor_layout_any, T1 *, tensor_layout_any, const T2 *)"
1983176985,4192,10867,,,,,,,,,,0.061,14656.451,Pinned,Device,NVIDIA A100-SXM4-40GB (0),1,,13,[CUDA memcpy Host-to-Device]
1983187705,587896,10868,,,,,,,,,,456.520,776084.816,Device,,NVIDIA A100-SXM4-40GB (0),1,,13,[CUDA memset]
1983777425,32896,10873,,,,,,,,,,0.825,25088.807,Pinned,Device,NVIDIA A100-SXM4-40GB (0),1,,13,[CUDA memcpy Host-to-Device]
1983812817,6816,10874,,,,,,,,,,0.131,19229.966,Pinned,Device,NVIDIA A100-SXM4-40GB (0),1,,13,[CUDA memcpy Host-to-Device]
1983824945,7264,10875,69,4,1,48,1,1,76,0.002,0.000,,,,,NVIDIA A100-SXM4-40GB (0),1,,13,"void ch_est::windowedChEstPreNoDftSOfdmKernel<float, __half, float, (unsigned int)2, (unsigned int)1, (unsigned short)4>(ch_est::puschRxChEstStatDescr_t *, ch_est::puschRxChEstDynDescr_t *)"
1983833233,6207,10876,137,2,1,24,2,1,44,0.001,0.001,,,,,NVIDIA A100-SXM4-40GB (0),1,,13,"void ch_est::chEstFilterNoDftSOfdmDispatchKernel<float, __half, float, (unsigned int)2>(ch_est::puschRxChEstStatDescr_t *, ch_est::puschRxChEstDynDescr_t *)"
1983840656,4576,10877,137,2,1,24,2,1,44,0.001,0.001,,,,,NVIDIA A100-SXM4-40GB (0),1,,13,"void ch_est::chEstFilterNoDftSOfdmDispatchKernel<float, __half, float, (unsigned int)2>(ch_est::puschRxChEstStatDescr_t *, ch_est::puschRxChEstDynDescr_t *)"
1983846544,2176,10888,103,1,1,128,1,1,16,0.000,0.000,,,,,NVIDIA A100-SXM4-40GB (0),1,,13,cupy_copy__complex64_complex64
1983849968,12640,10898,1434,1,1,128,1,1,16,0.000,0.000,,,,,NVIDIA A100-SXM4-40GB (0),1,,13,cupy_copy__complex64_complex64
1983863856,2112,10905,103,1,1,128,1,1,16,0.000,0.000,,,,,NVIDIA A100-SXM4-40GB (0),1,,13,cupy_copy__complex64_complex64
1983867024,78591,10912,1,1,1,32,32,1,30,0.000,0.000,,,,,NVIDIA A100-SXM4-40GB (0),1,,13,"void convert_kernel<__half2, float2>(tensor_layout_any, T1 *, tensor_layout_any, const T2 *)"
1984108461,4192,10915,,,,,,,,,,0.061,14656.451,Pinned,Device,NVIDIA A100-SXM4-40GB (0),1,,13,[CUDA memcpy Host-to-Device]
1984121229,45823,10916,,,,,,,,,,35.801,781284.350,Device,,NVIDIA A100-SXM4-40GB (0),1,,13,[CUDA memset]
1984173740,1888,10918,,,,,,,,,,0.000,42.373,Pinned,Device,NVIDIA A100-SXM4-40GB (0),1,,13,[CUDA memcpy Host-to-Device]
1984178220,6816,10919,,,,,,,,,,0.131,19229.966,Pinned,Device,NVIDIA A100-SXM4-40GB (0),1,,13,[CUDA memcpy Host-to-Device]
1984194988,9024,10920,273,1,1,48,1,1,40,0.000,0.001,,,,,NVIDIA A100-SXM4-40GB (0),1,,13,"void pusch_noise_intf_est::noiseIntfEstNoDftSOfdmKernel<float, __half, float, float, (unsigned int)2, (unsigned int)1, (unsigned char)4, (unsigned char)4>(pusch_noise_intf_est::puschRxNoiseIntfEstDynDescr)"
1984205228,2496,10931,35,1,1,128,1,1,16,0.000,0.000,,,,,NVIDIA A100-SXM4-40GB (0),1,,13,cupy_copy__complex64_complex64
1984214444,1536,10940,1,1,1,1,1,1,18,0.000,0.000,,,,,NVIDIA A100-SXM4-40GB (0),1,,13,cupy_copy__float32_float32
1984247403,1824,10946,,,,,,,,,,0.000,2.193,Device,Pageable,NVIDIA A100-SXM4-40GB (0),1,,7,[CUDA memcpy Device-to-Host]
1984304267,13471,10957,1434,1,1,128,1,1,16,0.000,0.000,,,,,NVIDIA A100-SXM4-40GB (0),1,,13,cupy_copy__complex64_complex64
1984330634,2368,10964,103,1,1,128,1,1,16,0.000,0.000,,,,,NVIDIA A100-SXM4-40GB (0),1,,13,cupy_copy__complex64_complex64
1984351050,2048,10971,35,1,1,128,1,1,16,0.000,0.000,,,,,NVIDIA A100-SXM4-40GB (0),1,,13,cupy_copy__complex64_complex64
1984368682,1504,10978,1,1,1,1,1,1,18,0.000,0.000,,,,,NVIDIA A100-SXM4-40GB (0),1,,13,cupy_copy__float32_float32
1984630663,78815,10989,1,1,1,32,32,1,30,0.000,0.000,,,,,NVIDIA A100-SXM4-40GB (0),1,,13,"void convert_kernel<__half2, float2>(tensor_layout_any, T1 *, tensor_layout_any, const T2 *)"
1984743557,4192,10992,,,,,,,,,,0.061,14656.451,Pinned,Device,NVIDIA A100-SXM4-40GB (0),1,,13,[CUDA memcpy Host-to-Device]
1984758277,2592,10993,,,,,,,,,,1.547,596690.632,Device,,NVIDIA A100-SXM4-40GB (0),1,,13,[CUDA memset]
1984764741,3168,10998,,,,,,,,,,0.021,6646.453,Pinned,Device,NVIDIA A100-SXM4-40GB (0),1,,13,[CUDA memcpy Host-to-Device]
1984770053,6912,10999,,,,,,,,,,0.131,18962.842,Pinned,Device,NVIDIA A100-SXM4-40GB (0),1,,13,[CUDA memcpy Host-to-Device]
1984782341,5856,11000,273,1,1,8,4,1,39,0.002,0.000,,,,,NVIDIA A100-SXM4-40GB (0),1,,13,"void channel_eq::eqMmseCoefCompLowMimoKernel<float, float, float, (unsigned int)4, (unsigned int)1, (unsigned int)4>(const channel_eq::_puschRxChEqStatDescr *, channel_eq::_puschRxChEqCoefCompDynDescr)"
1984789317,4799,11001,273,1,1,12,11,1,40,0.002,0.000,,,,,NVIDIA A100-SXM4-40GB (0),1,,13,"void channel_eq::eqMmseSoftDemapKernel<float, __half, __half, float, (unsigned int)4, (unsigned short)16383>(channel_eq::_puschRxChEqStatDescr *, channel_eq::_puschRxChEqSoftDemapDynDescr)"
1984795108,281181,11002,1,1,1,32,32,1,30,0.000,0.000,,,,,NVIDIA A100-SXM4-40GB (0),1,,13,"void convert_kernel<float2, __half2>(tensor_layout_any, T1 *, tensor_layout_any, const T2 *)"
1985077473,10272,11014,2253,1,1,128,1,1,16,0.000,0.000,,,,,NVIDIA A100-SXM4-40GB (0),1,,13,cupy_copy__float16_float16
1985088961,2400,11023,282,1,1,128,1,1,16,0.000,0.000,,,,,NVIDIA A100-SXM4-40GB (0),1,,13,cupy_copy__complex64_complex64
1985092417,1760,11032,26,1,1,128,1,1,16,0.000,0.000,,,,,NVIDIA A100-SXM4-40GB (0),1,,13,cupy_copy__float32_float32
1985095425,2560,11041,103,1,1,128,1,1,16,0.000,0.000,,,,,NVIDIA A100-SXM4-40GB (0),1,,13,cupy_copy__complex64_complex64
1985099009,11199,11051,1434,1,1,128,1,1,16,0.000,0.000,,,,,NVIDIA A100-SXM4-40GB (0),1,,13,cupy_copy__complex64_complex64
1985151104,78527,11056,1,1,1,32,32,1,30,0.000,0.000,,,,,NVIDIA A100-SXM4-40GB (0),1,,13,"void convert_kernel<__half2, float2>(tensor_layout_any, T1 *, tensor_layout_any, const T2 *)"
1985390173,4320,11059,,,,,,,,,,0.061,14222.193,Pinned,Device,NVIDIA A100-SXM4-40GB (0),1,,13,[CUDA memcpy Host-to-Device]
1985398845,590168,11060,,,,,,,,,,456.520,773345.693,Device,,NVIDIA A100-SXM4-40GB (0),1,,13,[CUDA memset]
1985996341,32736,11065,,,,,,,,,,0.825,25211.783,Pinned,Device,NVIDIA A100-SXM4-40GB (0),1,,13,[CUDA memcpy Host-to-Device]
1986031221,7328,11066,,,,,,,,,,0.131,17886.347,Pinned,Device,NVIDIA A100-SXM4-40GB (0),1,,13,[CUDA memcpy Host-to-Device]
1986042165,7680,11067,69,4,1,48,1,1,76,0.002,0.000,,,,,NVIDIA A100-SXM4-40GB (0),1,,13,"void ch_est::windowedChEstPreNoDftSOfdmKernel<float, __half, float, (unsigned int)2, (unsigned int)1, (unsigned short)4>(ch_est::puschRxChEstStatDescr_t *, ch_est::puschRxChEstDynDescr_t *)"
1986050869,6240,11068,137,2,1,24,2,1,44,0.001,0.001,,,,,NVIDIA A100-SXM4-40GB (0),1,,13,"void ch_est::chEstFilterNoDftSOfdmDispatchKernel<float, __half, float, (unsigned int)2>(ch_est::puschRxChEstStatDescr_t *, ch_est::puschRxChEstDynDescr_t *)"
1986058293,4543,11069,137,2,1,24,2,1,44,0.001,0.001,,,,,NVIDIA A100-SXM4-40GB (0),1,,13,"void ch_est::chEstFilterNoDftSOfdmDispatchKernel<float, __half, float, (unsigned int)2>(ch_est::puschRxChEstStatDescr_t *, ch_est::puschRxChEstDynDescr_t *)"
1986064116,2176,11080,103,1,1,128,1,1,16,0.000,0.000,,,,,NVIDIA A100-SXM4-40GB (0),1,,13,cupy_copy__complex64_complex64
1986067316,12480,11090,1434,1,1,128,1,1,16,0.000,0.000,,,,,NVIDIA A100-SXM4-40GB (0),1,,13,cupy_copy__complex64_complex64
1986080788,2112,11097,103,1,1,128,1,1,16,0.000,0.000,,,,,NVIDIA A100-SXM4-40GB (0),1,,13,cupy_copy__complex64_complex64
1986083956,78367,11104,1,1,1,32,32,1,30,0.000,0.000,,,,,NVIDIA A100-SXM4-40GB (0),1,,13,"void convert_kernel<__half2, float2>(tensor_layout_any, T1 *, tensor_layout_any, const T2 *)"
1986192947,4448,11107,,,,,,,,,,0.061,13812.941,Pinned,Device,NVIDIA A100-SXM4-40GB (0),1,,13,[CUDA memcpy Host-to-Device]
1986205715,44607,11108,,,,,,,,,,35.801,802585.921,Device,,NVIDIA A100-SXM4-40GB (0),1,,13,[CUDA memset]
1986251410,1920,11110,,,,,,,,,,0.000,41.667,Pinned,Device,NVIDIA A100-SXM4-40GB (0),1,,13,[CUDA memcpy Host-to-Device]
1986256146,6848,11111,,,,,,,,,,0.131,19140.182,Pinned,Device,NVIDIA A100-SXM4-40GB (0),1,,13,[CUDA memcpy Host-to-Device]
1986274706,8384,11112,273,1,1,48,1,1,40,0.000,0.001,,,,,NVIDIA A100-SXM4-40GB (0),1,,13,"void pusch_noise_intf_est::noiseIntfEstNoDftSOfdmKernel<float, __half, float, float, (unsigned int)2, (unsigned int)1, (unsigned char)4, (unsigned char)4>(pusch_noise_intf_est::puschRxNoiseIntfEstDynDescr)"
1986284178,2624,11123,35,1,1,128,1,1,16,0.000,0.000,,,,,NVIDIA A100-SXM4-40GB (0),1,,13,cupy_copy__complex64_complex64
1986317105,1536,11132,1,1,1,1,1,1,18,0.000,0.000,,,,,NVIDIA A100-SXM4-40GB (0),1,,13,cupy_copy__float32_float32
1986350513,1824,11138,,,,,,,,,,0.000,2.193,Device,Pageable,NVIDIA A100-SXM4-40GB (0),1,,7,[CUDA memcpy Device-to-Host]
1986408144,13280,11149,1434,1,1,128,1,1,16,0.000,0.000,,,,,NVIDIA A100-SXM4-40GB (0),1,,13,cupy_copy__complex64_complex64
1986434960,2336,11156,103,1,1,128,1,1,16,0.000,0.000,,,,,NVIDIA A100-SXM4-40GB (0),1,,13,cupy_copy__complex64_complex64
1986454960,1984,11163,35,1,1,128,1,1,16,0.000,0.000,,,,,NVIDIA A100-SXM4-40GB (0),1,,13,cupy_copy__complex64_complex64
1986473263,1472,11170,1,1,1,1,1,1,18,0.000,0.000,,,,,NVIDIA A100-SXM4-40GB (0),1,,13,cupy_copy__float32_float32
1986606222,78367,11181,1,1,1,32,32,1,30,0.000,0.000,,,,,NVIDIA A100-SXM4-40GB (0),1,,13,"void convert_kernel<__half2, float2>(tensor_layout_any, T1 *, tensor_layout_any, const T2 *)"
1986713068,4192,11184,,,,,,,,,,0.061,14656.451,Pinned,Device,NVIDIA A100-SXM4-40GB (0),1,,13,[CUDA memcpy Host-to-Device]
1986727308,2560,11185,,,,,,,,,,1.547,604150.000,Device,,NVIDIA A100-SXM4-40GB (0),1,,13,[CUDA memset]
1986733292,3008,11190,,,,,,,,,,0.021,6999.983,Pinned,Device,NVIDIA A100-SXM4-40GB (0),1,,13,[CUDA memcpy Host-to-Device]
1986738412,7168,11191,,,,,,,,,,0.131,18285.593,Pinned,Device,NVIDIA A100-SXM4-40GB (0),1,,13,[CUDA memcpy Host-to-Device]
1986750764,6048,11192,273,1,1,8,4,1,39,0.002,0.000,,,,,NVIDIA A100-SXM4-40GB (0),1,,13,"void channel_eq::eqMmseCoefCompLowMimoKernel<float, float, float, (unsigned int)4, (unsigned int)1, (unsigned int)4>(const channel_eq::_puschRxChEqStatDescr *, channel_eq::_puschRxChEqCoefCompDynDescr)"
1986757868,4864,11193,273,1,1,12,11,1,40,0.002,0.000,,,,,NVIDIA A100-SXM4-40GB (0),1,,13,"void channel_eq::eqMmseSoftDemapKernel<float, __half, __half, float, (unsigned int)4, (unsigned short)16383>(channel_eq::_puschRxChEqStatDescr *, channel_eq::_puschRxChEqSoftDemapDynDescr)"
1986763980,281820,11194,1,1,1,32,32,1,30,0.000,0.000,,,,,NVIDIA A100-SXM4-40GB (0),1,,13,"void convert_kernel<float2, __half2>(tensor_layout_any, T1 *, tensor_layout_any, const T2 *)"
1987046952,10496,11206,2253,1,1,128,1,1,16,0.000,0.000,,,,,NVIDIA A100-SXM4-40GB (0),1,,13,cupy_copy__float16_float16
1987058728,2368,11215,282,1,1,128,1,1,16,0.000,0.000,,,,,NVIDIA A100-SXM4-40GB (0),1,,13,cupy_copy__complex64_complex64
1987062184,1760,11224,26,1,1,128,1,1,16,0.000,0.000,,,,,NVIDIA A100-SXM4-40GB (0),1,,13,cupy_copy__float32_float32
1987065192,2528,11233,103,1,1,128,1,1,16,0.000,0.000,,,,,NVIDIA A100-SXM4-40GB (0),1,,13,cupy_copy__complex64_complex64
1987068968,11296,11243,1434,1,1,128,1,1,16,0.000,0.000,,,,,NVIDIA A100-SXM4-40GB (0),1,,13,cupy_copy__complex64_complex64
1987097863,78111,11248,1,1,1,32,32,1,30,0.000,0.000,,,,,NVIDIA A100-SXM4-40GB (0),1,,13,"void convert_kernel<__half2, float2>(tensor_layout_any, T1 *, tensor_layout_any, const T2 *)"
1987203558,4192,11251,,,,,,,,,,0.061,14656.451,Pinned,Device,NVIDIA A100-SXM4-40GB (0),1,,13,[CUDA memcpy Host-to-Device]
1987214438,587705,11252,,,,,,,,,,456.520,776541.336,Device,,NVIDIA A100-SXM4-40GB (0),1,,13,[CUDA memset]
1987803807,32799,11257,,,,,,,,,,0.825,25163.088,Pinned,Device,NVIDIA A100-SXM4-40GB (0),1,,13,[CUDA memcpy Host-to-Device]
1987838750,6976,11258,,,,,,,,,,0.131,18788.909,Pinned,Device,NVIDIA A100-SXM4-40GB (0),1,,13,[CUDA memcpy Host-to-Device]
1987855710,6880,11259,69,4,1,48,1,1,76,0.002,0.000,,,,,NVIDIA A100-SXM4-40GB (0),1,,13,"void ch_est::windowedChEstPreNoDftSOfdmKernel<float, __half, float, (unsigned int)2, (unsigned int)1, (unsigned short)4>(ch_est::puschRxChEstStatDescr_t *, ch_est::puschRxChEstDynDescr_t *)"
1987863806,6080,11260,137,2,1,24,2,1,44,0.001,0.001,,,,,NVIDIA A100-SXM4-40GB (0),1,,13,"void ch_est::chEstFilterNoDftSOfdmDispatchKernel<float, __half, float, (unsigned int)2>(ch_est::puschRxChEstStatDescr_t *, ch_est::puschRxChEstDynDescr_t *)"
1987871102,4576,11261,137,2,1,24,2,1,44,0.001,0.001,,,,,NVIDIA A100-SXM4-40GB (0),1,,13,"void ch_est::chEstFilterNoDftSOfdmDispatchKernel<float, __half, float, (unsigned int)2>(ch_est::puschRxChEstStatDescr_t *, ch_est::puschRxChEstDynDescr_t *)"
1987876958,2176,11272,103,1,1,128,1,1,16,0.000,0.000,,,,,NVIDIA A100-SXM4-40GB (0),1,,13,cupy_copy__complex64_complex64
1987880158,12351,11282,1434,1,1,128,1,1,16,0.000,0.000,,,,,NVIDIA A100-SXM4-40GB (0),1,,13,cupy_copy__complex64_complex64
1987893533,2112,11289,103,1,1,128,1,1,16,0.000,0.000,,,,,NVIDIA A100-SXM4-40GB (0),1,,13,cupy_copy__complex64_complex64
1987896669,78527,11296,1,1,1,32,32,1,30,0.000,0.000,,,,,NVIDIA A100-SXM4-40GB (0),1,,13,"void convert_kernel<__half2, float2>(tensor_layout_any, T1 *, tensor_layout_any, const T2 *)"
1988002236,4192,11299,,,,,,,,,,0.061,14656.451,Pinned,Device,NVIDIA A100-SXM4-40GB (0),1,,13,[CUDA memcpy Host-to-Device]
1988014428,44895,11300,,,,,,,,,,35.801,797430.583,Device,,NVIDIA A100-SXM4-40GB (0),1,,13,[CUDA memset]
1988065883,1888,11302,,,,,,,,,,0.000,42.373,Pinned,Device,NVIDIA A100-SXM4-40GB (0),1,,13,[CUDA memcpy Host-to-Device]
1988069915,6816,11303,,,,,,,,,,0.131,19229.966,Pinned,Device,NVIDIA A100-SXM4-40GB (0),1,,13,[CUDA memcpy Host-to-Device]
1988080603,8576,11304,273,1,1,48,1,1,40,0.000,0.001,,,,,NVIDIA A100-SXM4-40GB (0),1,,13,"void pusch_noise_intf_est::noiseIntfEstNoDftSOfdmKernel<float, __half, float, float, (unsigned int)2, (unsigned int)1, (unsigned char)4, (unsigned char)4>(pusch_noise_intf_est::puschRxNoiseIntfEstDynDescr)"
1988090267,2560,11315,35,1,1,128,1,1,16,0.000,0.000,,,,,NVIDIA A100-SXM4-40GB (0),1,,13,cupy_copy__complex64_complex64
1988119259,1536,11324,1,1,1,1,1,1,18,0.000,0.000,,,,,NVIDIA A100-SXM4-40GB (0),1,,13,cupy_copy__float32_float32
1988152378,1664,11330,,,,,,,,,,0.000,2.404,Device,Pageable,NVIDIA A100-SXM4-40GB (0),1,,7,[CUDA memcpy Device-to-Host]
1988209657,12960,11341,1434,1,1,128,1,1,16,0.000,0.000,,,,,NVIDIA A100-SXM4-40GB (0),1,,13,cupy_copy__complex64_complex64
1988236153,2368,11348,103,1,1,128,1,1,16,0.000,0.000,,,,,NVIDIA A100-SXM4-40GB (0),1,,13,cupy_copy__complex64_complex64
1988255993,1984,11355,35,1,1,128,1,1,16,0.000,0.000,,,,,NVIDIA A100-SXM4-40GB (0),1,,13,cupy_copy__complex64_complex64
1988274329,1472,11362,1,1,1,1,1,1,18,0.000,0.000,,,,,NVIDIA A100-SXM4-40GB (0),1,,13,cupy_copy__float32_float32
1988409495,78431,11373,1,1,1,32,32,1,30,0.000,0.000,,,,,NVIDIA A100-SXM4-40GB (0),1,,13,"void convert_kernel<__half2, float2>(tensor_layout_any, T1 *, tensor_layout_any, const T2 *)"
1988515734,4192,11376,,,,,,,,,,0.061,14656.451,Pinned,Device,NVIDIA A100-SXM4-40GB (0),1,,13,[CUDA memcpy Host-to-Device]
1988529717,2560,11377,,,,,,,,,,1.547,604150.000,Device,,NVIDIA A100-SXM4-40GB (0),1,,13,[CUDA memset]
1988535925,3008,11382,,,,,,,,,,0.021,6999.983,Pinned,Device,NVIDIA A100-SXM4-40GB (0),1,,13,[CUDA memcpy Host-to-Device]
1988541077,6880,11383,,,,,,,,,,0.131,19051.053,Pinned,Device,NVIDIA A100-SXM4-40GB (0),1,,13,[CUDA memcpy Host-to-Device]
1988553109,5888,11384,273,1,1,8,4,1,39,0.002,0.000,,,,,NVIDIA A100-SXM4-40GB (0),1,,13,"void channel_eq::eqMmseCoefCompLowMimoKernel<float, float, float, (unsigned int)4, (unsigned int)1, (unsigned int)4>(const channel_eq::_puschRxChEqStatDescr *, channel_eq::_puschRxChEqCoefCompDynDescr)"
1988560053,4832,11385,273,1,1,12,11,1,40,0.002,0.000,,,,,NVIDIA A100-SXM4-40GB (0),1,,13,"void channel_eq::eqMmseSoftDemapKernel<float, __half, __half, float, (unsigned int)4, (unsigned short)16383>(channel_eq::_puschRxChEqStatDescr *, channel_eq::_puschRxChEqSoftDemapDynDescr)"
1988566197,281244,11386,1,1,1,32,32,1,30,0.000,0.000,,,,,NVIDIA A100-SXM4-40GB (0),1,,13,"void convert_kernel<float2, __half2>(tensor_layout_any, T1 *, tensor_layout_any, const T2 *)"
1988848561,10432,11398,2253,1,1,128,1,1,16,0.000,0.000,,,,,NVIDIA A100-SXM4-40GB (0),1,,13,cupy_copy__float16_float16
1988860017,2368,11407,282,1,1,128,1,1,16,0.000,0.000,,,,,NVIDIA A100-SXM4-40GB (0),1,,13,cupy_copy__complex64_complex64
1988863633,1792,11416,26,1,1,128,1,1,16,0.000,0.000,,,,,NVIDIA A100-SXM4-40GB (0),1,,13,cupy_copy__float32_float32
1988866641,2560,11425,103,1,1,128,1,1,16,0.000,0.000,,,,,NVIDIA A100-SXM4-40GB (0),1,,13,cupy_copy__complex64_complex64
1988870449,11232,11435,1434,1,1,128,1,1,16,0.000,0.000,,,,,NVIDIA A100-SXM4-40GB (0),1,,13,cupy_copy__complex64_complex64
1988909521,78527,11440,1,1,1,32,32,1,30,0.000,0.000,,,,,NVIDIA A100-SXM4-40GB (0),1,,13,"void convert_kernel<__half2, float2>(tensor_layout_any, T1 *, tensor_layout_any, const T2 *)"
1989149614,4320,11443,,,,,,,,,,0.061,14222.193,Pinned,Device,NVIDIA A100-SXM4-40GB (0),1,,13,[CUDA memcpy Host-to-Device]
1989158221,591385,11444,,,,,,,,,,456.520,771519.611,Device,,NVIDIA A100-SXM4-40GB (0),1,,13,[CUDA memset]
1989755334,33184,11449,,,,,,,,,,0.825,24871.741,Pinned,Device,NVIDIA A100-SXM4-40GB (0),1,,13,[CUDA memcpy Host-to-Device]
1989790662,7071,11450,,,,,,,,,,0.131,18536.464,Pinned,Device,NVIDIA A100-SXM4-40GB (0),1,,13,[CUDA memcpy Host-to-Device]
1989801221,6976,11451,69,4,1,48,1,1,76,0.002,0.000,,,,,NVIDIA A100-SXM4-40GB (0),1,,13,"void ch_est::windowedChEstPreNoDftSOfdmKernel<float, __half, float, (unsigned int)2, (unsigned int)1, (unsigned short)4>(ch_est::puschRxChEstStatDescr_t *, ch_est::puschRxChEstDynDescr_t *)"
1989809253,6304,11452,137,2,1,24,2,1,44,0.001,0.001,,,,,NVIDIA A100-SXM4-40GB (0),1,,13,"void ch_est::chEstFilterNoDftSOfdmDispatchKernel<float, __half, float, (unsigned int)2>(ch_est::puschRxChEstStatDescr_t *, ch_est::puschRxChEstDynDescr_t *)"
1989816613,4576,11453,137,2,1,24,2,1,44,0.001,0.001,,,,,NVIDIA A100-SXM4-40GB (0),1,,13,"void ch_est::chEstFilterNoDftSOfdmDispatchKernel<float, __half, float, (unsigned int)2>(ch_est::puschRxChEstStatDescr_t *, ch_est::puschRxChEstDynDescr_t *)"
1989822373,2624,11464,103,1,1,128,1,1,16,0.000,0.000,,,,,NVIDIA A100-SXM4-40GB (0),1,,13,cupy_copy__complex64_complex64
1989826085,12544,11474,1434,1,1,128,1,1,16,0.000,0.000,,,,,NVIDIA A100-SXM4-40GB (0),1,,13,cupy_copy__complex64_complex64
1989839845,2144,11481,103,1,1,128,1,1,16,0.000,0.000,,,,,NVIDIA A100-SXM4-40GB (0),1,,13,cupy_copy__complex64_complex64
1989843045,78399,11488,1,1,1,32,32,1,30,0.000,0.000,,,,,NVIDIA A100-SXM4-40GB (0),1,,13,"void convert_kernel<__half2, float2>(tensor_layout_any, T1 *, tensor_layout_any, const T2 *)"
1989952291,4448,11491,,,,,,,,,,0.061,13812.941,Pinned,Device,NVIDIA A100-SXM4-40GB (0),1,,13,[CUDA memcpy Host-to-Device]
1989965059,45120,11492,,,,,,,,,,35.801,793456.676,Device,,NVIDIA A100-SXM4-40GB (0),1,,13,[CUDA memset]
1990019011,1888,11494,,,,,,,,,,0.000,42.373,Pinned,Device,NVIDIA A100-SXM4-40GB (0),1,,13,[CUDA memcpy Host-to-Device]
1990023427,6784,11495,,,,,,,,,,0.131,19320.668,Pinned,Device,NVIDIA A100-SXM4-40GB (0),1,,13,[CUDA memcpy Host-to-Device]
1990035394,8448,11496,273,1,1,48,1,1,40,0.000,0.001,,,,,NVIDIA A100-SXM4-40GB (0),1,,13,"void pusch_noise_intf_est::noiseIntfEstNoDftSOfdmKernel<float, __half, float, float, (unsigned int)2, (unsigned int)1, (unsigned char)4, (unsigned char)4>(pusch_noise_intf_est::puschRxNoiseIntfEstDynDescr)"
1990045026,2528,11507,35,1,1,128,1,1,16,0.000,0.000,,,,,NVIDIA A100-SXM4-40GB (0),1,,13,cupy_copy__complex64_complex64
1990076418,1536,11516,1,1,1,1,1,1,18,0.000,0.000,,,,,NVIDIA A100-SXM4-40GB (0),1,,13,cupy_copy__float32_float32
1990109794,1887,11522,,,,,,,,,,0.000,2.120,Device,Pageable,NVIDIA A100-SXM4-40GB (0),1,,7,[CUDA memcpy Device-to-Host]
1990167425,13376,11533,1434,1,1,128,1,1,16,0.000,0.000,,,,,NVIDIA A100-SXM4-40GB (0),1,,13,cupy_copy__complex64_complex64
1990194112,2368,11540,103,1,1,128,1,1,16,0.000,0.000,,,,,NVIDIA A100-SXM4-40GB (0),1,,13,cupy_copy__complex64_complex64
1990214720,2016,11547,35,1,1,128,1,1,16,0.000,0.000,,,,,NVIDIA A100-SXM4-40GB (0),1,,13,cupy_copy__complex64_complex64
1990237024,1504,11554,1,1,1,1,1,1,18,0.000,0.000,,,,,NVIDIA A100-SXM4-40GB (0),1,,13,cupy_copy__float32_float32
1990370622,78559,11565,1,1,1,32,32,1,30,0.000,0.000,,,,,NVIDIA A100-SXM4-40GB (0),1,,13,"void convert_kernel<__half2, float2>(tensor_layout_any, T1 *, tensor_layout_any, const T2 *)"
1990606747,4320,11568,,,,,,,,,,0.061,14222.193,Pinned,Device,NVIDIA A100-SXM4-40GB (0),1,,13,[CUDA memcpy Host-to-Device]
1990616699,2560,11569,,,,,,,,,,1.547,604150.000,Device,,NVIDIA A100-SXM4-40GB (0),1,,13,[CUDA memset]
1990619771,3040,11574,,,,,,,,,,0.021,6926.308,Pinned,Device,NVIDIA A100-SXM4-40GB (0),1,,13,[CUDA memcpy Host-to-Device]
1990624923,6880,11575,,,,,,,,,,0.131,19051.053,Pinned,Device,NVIDIA A100-SXM4-40GB (0),1,,13,[CUDA memcpy Host-to-Device]
1990643035,6016,11576,273,1,1,8,4,1,39,0.002,0.000,,,,,NVIDIA A100-SXM4-40GB (0),1,,13,"void channel_eq::eqMmseCoefCompLowMimoKernel<float, float, float, (unsigned int)4, (unsigned int)1, (unsigned int)4>(const channel_eq::_puschRxChEqStatDescr *, channel_eq::_puschRxChEqCoefCompDynDescr)"
1990650235,4864,11577,273,1,1,12,11,1,40,0.002,0.000,,,,,NVIDIA A100-SXM4-40GB (0),1,,13,"void channel_eq::eqMmseSoftDemapKernel<float, __half, __half, float, (unsigned int)4, (unsigned short)16383>(channel_eq::_puschRxChEqStatDescr *, channel_eq::_puschRxChEqSoftDemapDynDescr)"
1990656123,281532,11578,1,1,1,32,32,1,30,0.000,0.000,,,,,NVIDIA A100-SXM4-40GB (0),1,,13,"void convert_kernel<float2, __half2>(tensor_layout_any, T1 *, tensor_layout_any, const T2 *)"
1990938871,10240,11590,2253,1,1,128,1,1,16,0.000,0.000,,,,,NVIDIA A100-SXM4-40GB (0),1,,13,cupy_copy__float16_float16
1990950231,2368,11599,282,1,1,128,1,1,16,0.000,0.000,,,,,NVIDIA A100-SXM4-40GB (0),1,,13,cupy_copy__complex64_complex64
1990953687,1792,11608,26,1,1,128,1,1,16,0.000,0.000,,,,,NVIDIA A100-SXM4-40GB (0),1,,13,cupy_copy__float32_float32
1990956695,2560,11617,103,1,1,128,1,1,16,0.000,0.000,,,,,NVIDIA A100-SXM4-40GB (0),1,,13,cupy_copy__complex64_complex64
1990960471,11264,11627,1434,1,1,128,1,1,16,0.000,0.000,,,,,NVIDIA A100-SXM4-40GB (0),1,,13,cupy_copy__complex64_complex64
1991104821,78495,11632,1,1,1,32,32,1,30,0.000,0.000,,,,,NVIDIA A100-SXM4-40GB (0),1,,13,"void convert_kernel<__half2, float2>(tensor_layout_any, T1 *, tensor_layout_any, const T2 *)"
1991214228,4192,11635,,,,,,,,,,0.061,14656.451,Pinned,Device,NVIDIA A100-SXM4-40GB (0),1,,13,[CUDA memcpy Host-to-Device]
1991224947,588281,11636,,,,,,,,,,456.520,775628.296,Device,,NVIDIA A100-SXM4-40GB (0),1,,13,[CUDA memset]
1991820204,32864,11641,,,,,,,,,,0.825,25113.567,Pinned,Device,NVIDIA A100-SXM4-40GB (0),1,,13,[CUDA memcpy Host-to-Device]
1991856332,6783,11642,,,,,,,,,,0.131,19323.552,Pinned,Device,NVIDIA A100-SXM4-40GB (0),1,,13,[CUDA memcpy Host-to-Device]
1991872811,7200,11643,69,4,1,48,1,1,76,0.002,0.000,,,,,NVIDIA A100-SXM4-40GB (0),1,,13,"void ch_est::windowedChEstPreNoDftSOfdmKernel<float, __half, float, (unsigned int)2, (unsigned int)1, (unsigned short)4>(ch_est::puschRxChEstStatDescr_t *, ch_est::puschRxChEstDynDescr_t *)"
1991881291,6144,11644,137,2,1,24,2,1,44,0.001,0.001,,,,,NVIDIA A100-SXM4-40GB (0),1,,13,"void ch_est::chEstFilterNoDftSOfdmDispatchKernel<float, __half, float, (unsigned int)2>(ch_est::puschRxChEstStatDescr_t *, ch_est::puschRxChEstDynDescr_t *)"
1991888683,4608,11645,137,2,1,24,2,1,44,0.001,0.001,,,,,NVIDIA A100-SXM4-40GB (0),1,,13,"void ch_est::chEstFilterNoDftSOfdmDispatchKernel<float, __half, float, (unsigned int)2>(ch_est::puschRxChEstStatDescr_t *, ch_est::puschRxChEstDynDescr_t *)"
1991894539,2208,11656,103,1,1,128,1,1,16,0.000,0.000,,,,,NVIDIA A100-SXM4-40GB (0),1,,13,cupy_copy__complex64_complex64
1991897963,12672,11666,1434,1,1,128,1,1,16,0.000,0.000,,,,,NVIDIA A100-SXM4-40GB (0),1,,13,cupy_copy__complex64_complex64
1991911627,2112,11673,103,1,1,128,1,1,16,0.000,0.000,,,,,NVIDIA A100-SXM4-40GB (0),1,,13,cupy_copy__complex64_complex64
1991914827,78271,11680,1,1,1,32,32,1,30,0.000,0.000,,,,,NVIDIA A100-SXM4-40GB (0),1,,13,"void convert_kernel<__half2, float2>(tensor_layout_any, T1 *, tensor_layout_any, const T2 *)"
1992021161,4224,11683,,,,,,,,,,0.061,14545.428,Pinned,Device,NVIDIA A100-SXM4-40GB (0),1,,13,[CUDA memcpy Host-to-Device]
1992033705,44736,11684,,,,,,,,,,35.801,800258.859,Device,,NVIDIA A100-SXM4-40GB (0),1,,13,[CUDA memset]
1992086441,1920,11686,,,,,,,,,,0.000,41.667,Pinned,Device,NVIDIA A100-SXM4-40GB (0),1,,13,[CUDA memcpy Host-to-Device]
1992090505,6783,11687,,,,,,,,,,0.131,19323.552,Pinned,Device,NVIDIA A100-SXM4-40GB (0),1,,13,[CUDA memcpy Host-to-Device]
1992101800,8704,11688,273,1,1,48,1,1,40,0.000,0.001,,,,,NVIDIA A100-SXM4-40GB (0),1,,13,"void pusch_noise_intf_est::noiseIntfEstNoDftSOfdmKernel<float, __half, float, float, (unsigned int)2, (unsigned int)1, (unsigned char)4, (unsigned char)4>(pusch_noise_intf_est::puschRxNoiseIntfEstDynDescr)"
1992111560,2560,11699,35,1,1,128,1,1,16,0.000,0.000,,,,,NVIDIA A100-SXM4-40GB (0),1,,13,cupy_copy__complex64_complex64
1992138792,1536,11708,1,1,1,1,1,1,18,0.000,0.000,,,,,NVIDIA A100-SXM4-40GB (0),1,,13,cupy_copy__float32_float32
1992171976,1760,11714,,,,,,,,,,0.000,2.273,Device,Pageable,NVIDIA A100-SXM4-40GB (0),1,,7,[CUDA memcpy Device-to-Host]
1992229511,12960,11725,1434,1,1,128,1,1,16,0.000,0.000,,,,,NVIDIA A100-SXM4-40GB (0),1,,13,cupy_copy__complex64_complex64
1992255750,2368,11732,103,1,1,128,1,1,16,0.000,0.000,,,,,NVIDIA A100-SXM4-40GB (0),1,,13,cupy_copy__complex64_complex64
1992280262,1984,11739,35,1,1,128,1,1,16,0.000,0.000,,,,,NVIDIA A100-SXM4-40GB (0),1,,13,cupy_copy__complex64_complex64
1992298374,1504,11746,1,1,1,1,1,1,18,0.000,0.000,,,,,NVIDIA A100-SXM4-40GB (0),1,,13,cupy_copy__float32_float32
1992430052,78591,11757,1,1,1,32,32,1,30,0.000,0.000,,,,,NVIDIA A100-SXM4-40GB (0),1,,13,"void convert_kernel<__half2, float2>(tensor_layout_any, T1 *, tensor_layout_any, const T2 *)"
1992536323,4192,11760,,,,,,,,,,0.061,14656.451,Pinned,Device,NVIDIA A100-SXM4-40GB (0),1,,13,[CUDA memcpy Host-to-Device]
1992550275,2560,11761,,,,,,,,,,1.547,604150.000,Device,,NVIDIA A100-SXM4-40GB (0),1,,13,[CUDA memset]
1992556355,3360,11766,,,,,,,,,,0.021,6266.666,Pinned,Device,NVIDIA A100-SXM4-40GB (0),1,,13,[CUDA memcpy Host-to-Device]
1992561859,6880,11767,,,,,,,,,,0.131,19051.053,Pinned,Device,NVIDIA A100-SXM4-40GB (0),1,,13,[CUDA memcpy Host-to-Device]
1992573250,5824,11768,273,1,1,8,4,1,39,0.002,0.000,,,,,NVIDIA A100-SXM4-40GB (0),1,,13,"void channel_eq::eqMmseCoefCompLowMimoKernel<float, float, float, (unsigned int)4, (unsigned int)1, (unsigned int)4>(const channel_eq::_puschRxChEqStatDescr *, channel_eq::_puschRxChEqCoefCompDynDescr)"
1992580386,4832,11769,273,1,1,12,11,1,40,0.002,0.000,,,,,NVIDIA A100-SXM4-40GB (0),1,,13,"void channel_eq::eqMmseSoftDemapKernel<float, __half, __half, float, (unsigned int)4, (unsigned short)16383>(channel_eq::_puschRxChEqStatDescr *, channel_eq::_puschRxChEqSoftDemapDynDescr)"
1992586498,281277,11770,1,1,1,32,32,1,30,0.000,0.000,,,,,NVIDIA A100-SXM4-40GB (0),1,,13,"void convert_kernel<float2, __half2>(tensor_layout_any, T1 *, tensor_layout_any, const T2 *)"
1992868991,10144,11782,2253,1,1,128,1,1,16,0.000,0.000,,,,,NVIDIA A100-SXM4-40GB (0),1,,13,cupy_copy__float16_float16
1992880159,2400,11791,282,1,1,128,1,1,16,0.000,0.000,,,,,NVIDIA A100-SXM4-40GB (0),1,,13,cupy_copy__complex64_complex64
1992883615,1792,11800,26,1,1,128,1,1,16,0.000,0.000,,,,,NVIDIA A100-SXM4-40GB (0),1,,13,cupy_copy__float32_float32
1992886623,2559,11809,103,1,1,128,1,1,16,0.000,0.000,,,,,NVIDIA A100-SXM4-40GB (0),1,,13,cupy_copy__complex64_complex64
1992941086,11200,11825,1434,1,1,128,1,1,16,0.000,0.000,,,,,NVIDIA A100-SXM4-40GB (0),1,,13,cupy_copy__complex64_complex64
1993056380,78271,11830,1,1,1,32,32,1,30,0.000,0.000,,,,,NVIDIA A100-SXM4-40GB (0),1,,13,"void convert_kernel<__half2, float2>(tensor_layout_any, T1 *, tensor_layout_any, const T2 *)"
1993162171,4192,11833,,,,,,,,,,0.061,14656.451,Pinned,Device,NVIDIA A100-SXM4-40GB (0),1,,13,[CUDA memcpy Host-to-Device]
1993173787,588344,11834,,,,,,,,,,456.520,775628.296,Device,,NVIDIA A100-SXM4-40GB (0),1,,13,[CUDA memset]
1993766451,32768,11839,,,,,,,,,,0.825,25187.023,Pinned,Device,NVIDIA A100-SXM4-40GB (0),1,,13,[CUDA memcpy Host-to-Device]
1993802035,6976,11840,,,,,,,,,,0.131,18788.909,Pinned,Device,NVIDIA A100-SXM4-40GB (0),1,,13,[CUDA memcpy Host-to-Device]
1993813907,7232,11841,69,4,1,48,1,1,76,0.002,0.000,,,,,NVIDIA A100-SXM4-40GB (0),1,,13,"void ch_est::windowedChEstPreNoDftSOfdmKernel<float, __half, float, (unsigned int)2, (unsigned int)1, (unsigned short)4>(ch_est::puschRxChEstStatDescr_t *, ch_est::puschRxChEstDynDescr_t *)"
1993822227,6240,11842,137,2,1,24,2,1,44,0.001,0.001,,,,,NVIDIA A100-SXM4-40GB (0),1,,13,"void ch_est::chEstFilterNoDftSOfdmDispatchKernel<float, __half, float, (unsigned int)2>(ch_est::puschRxChEstStatDescr_t *, ch_est::puschRxChEstDynDescr_t *)"
1993829555,4576,11843,137,2,1,24,2,1,44,0.001,0.001,,,,,NVIDIA A100-SXM4-40GB (0),1,,13,"void ch_est::chEstFilterNoDftSOfdmDispatchKernel<float, __half, float, (unsigned int)2>(ch_est::puschRxChEstStatDescr_t *, ch_est::puschRxChEstDynDescr_t *)"
1993835411,2144,11854,103,1,1,128,1,1,16,0.000,0.000,,,,,NVIDIA A100-SXM4-40GB (0),1,,13,cupy_copy__complex64_complex64
1993838611,12671,11864,1434,1,1,128,1,1,16,0.000,0.000,,,,,NVIDIA A100-SXM4-40GB (0),1,,13,cupy_copy__complex64_complex64
1993852498,2144,11871,103,1,1,128,1,1,16,0.000,0.000,,,,,NVIDIA A100-SXM4-40GB (0),1,,13,cupy_copy__complex64_complex64
1993855666,79039,11878,1,1,1,32,32,1,30,0.000,0.000,,,,,NVIDIA A100-SXM4-40GB (0),1,,13,"void convert_kernel<__half2, float2>(tensor_layout_any, T1 *, tensor_layout_any, const T2 *)"
1993962161,4224,11881,,,,,,,,,,0.061,14545.428,Pinned,Device,NVIDIA A100-SXM4-40GB (0),1,,13,[CUDA memcpy Host-to-Device]
1993974481,44799,11882,,,,,,,,,,35.801,799113.228,Device,,NVIDIA A100-SXM4-40GB (0),1,,13,[CUDA memset]
1994025872,1920,11884,,,,,,,,,,0.000,41.667,Pinned,Device,NVIDIA A100-SXM4-40GB (0),1,,13,[CUDA memcpy Host-to-Device]
1994030128,6784,11885,,,,,,,,,,0.131,19320.668,Pinned,Device,NVIDIA A100-SXM4-40GB (0),1,,13,[CUDA memcpy Host-to-Device]
1994042256,8480,11886,273,1,1,48,1,1,40,0.000,0.001,,,,,NVIDIA A100-SXM4-40GB (0),1,,13,"void pusch_noise_intf_est::noiseIntfEstNoDftSOfdmKernel<float, __half, float, float, (unsigned int)2, (unsigned int)1, (unsigned char)4, (unsigned char)4>(pusch_noise_intf_est::puschRxNoiseIntfEstDynDescr)"
1994051888,2592,11897,35,1,1,128,1,1,16,0.000,0.000,,,,,NVIDIA A100-SXM4-40GB (0),1,,13,cupy_copy__complex64_complex64
1994079472,1535,11906,1,1,1,1,1,1,18,0.000,0.000,,,,,NVIDIA A100-SXM4-40GB (0),1,,13,cupy_copy__float32_float32
1994114127,2272,11912,,,,,,,,,,0.000,1.761,Device,Pageable,NVIDIA A100-SXM4-40GB (0),1,,7,[CUDA memcpy Device-to-Host]
1994175566,13120,11923,1434,1,1,128,1,1,16,0.000,0.000,,,,,NVIDIA A100-SXM4-40GB (0),1,,13,cupy_copy__complex64_complex64
1994202030,2336,11930,103,1,1,128,1,1,16,0.000,0.000,,,,,NVIDIA A100-SXM4-40GB (0),1,,13,cupy_copy__complex64_complex64
1994222574,1984,11937,35,1,1,128,1,1,16,0.000,0.000,,,,,NVIDIA A100-SXM4-40GB (0),1,,13,cupy_copy__complex64_complex64
1994241709,1472,11944,1,1,1,1,1,1,18,0.000,0.000,,,,,NVIDIA A100-SXM4-40GB (0),1,,13,cupy_copy__float32_float32
1994378220,78591,11955,1,1,1,32,32,1,30,0.000,0.000,,,,,NVIDIA A100-SXM4-40GB (0),1,,13,"void convert_kernel<__half2, float2>(tensor_layout_any, T1 *, tensor_layout_any, const T2 *)"
1994619145,4256,11958,,,,,,,,,,0.061,14436.065,Pinned,Device,NVIDIA A100-SXM4-40GB (0),1,,13,[CUDA memcpy Host-to-Device]
1994626601,2592,11959,,,,,,,,,,1.547,596690.632,Device,,NVIDIA A100-SXM4-40GB (0),1,,13,[CUDA memset]
1994634889,3039,11964,,,,,,,,,,0.021,6928.582,Pinned,Device,NVIDIA A100-SXM4-40GB (0),1,,13,[CUDA memcpy Host-to-Device]
1994640456,6784,11965,,,,,,,,,,0.131,19320.668,Pinned,Device,NVIDIA A100-SXM4-40GB (0),1,,13,[CUDA memcpy Host-to-Device]
1994658088,5920,11966,273,1,1,8,4,1,39,0.002,0.000,,,,,NVIDIA A100-SXM4-40GB (0),1,,13,"void channel_eq::eqMmseCoefCompLowMimoKernel<float, float, float, (unsigned int)4, (unsigned int)1, (unsigned int)4>(const channel_eq::_puschRxChEqStatDescr *, channel_eq::_puschRxChEqCoefCompDynDescr)"
1994665256,4832,11967,273,1,1,12,11,1,40,0.002,0.000,,,,,NVIDIA A100-SXM4-40GB (0),1,,13,"void channel_eq::eqMmseSoftDemapKernel<float, __half, __half, float, (unsigned int)4, (unsigned short)16383>(channel_eq::_puschRxChEqStatDescr *, channel_eq::_puschRxChEqSoftDemapDynDescr)"
1994671368,282076,11968,1,1,1,32,32,1,30,0.000,0.000,,,,,NVIDIA A100-SXM4-40GB (0),1,,13,"void convert_kernel<float2, __half2>(tensor_layout_any, T1 *, tensor_layout_any, const T2 *)"
1994954468,10624,11980,2253,1,1,128,1,1,16,0.000,0.000,,,,,NVIDIA A100-SXM4-40GB (0),1,,13,cupy_copy__float16_float16
1994966372,2400,11989,282,1,1,128,1,1,16,0.000,0.000,,,,,NVIDIA A100-SXM4-40GB (0),1,,13,cupy_copy__complex64_complex64
1994969828,1792,11998,26,1,1,128,1,1,16,0.000,0.000,,,,,NVIDIA A100-SXM4-40GB (0),1,,13,cupy_copy__float32_float32
1994972836,2528,12007,103,1,1,128,1,1,16,0.000,0.000,,,,,NVIDIA A100-SXM4-40GB (0),1,,13,cupy_copy__complex64_complex64
1994976612,11168,12017,1434,1,1,128,1,1,16,0.000,0.000,,,,,NVIDIA A100-SXM4-40GB (0),1,,13,cupy_copy__complex64_complex64
1995140386,78879,12022,1,1,1,32,32,1,30,0.000,0.000,,,,,NVIDIA A100-SXM4-40GB (0),1,,13,"void convert_kernel<__half2, float2>(tensor_layout_any, T1 *, tensor_layout_any, const T2 *)"
1995250081,4224,12025,,,,,,,,,,0.061,14545.428,Pinned,Device,NVIDIA A100-SXM4-40GB (0),1,,13,[CUDA memcpy Host-to-Device]
1995261377,588792,12026,,,,,,,,,,456.520,775171.775,Device,,NVIDIA A100-SXM4-40GB (0),1,,13,[CUDA memset]
1995852313,32864,12031,,,,,,,,,,0.825,25113.567,Pinned,Device,NVIDIA A100-SXM4-40GB (0),1,,13,[CUDA memcpy Host-to-Device]
1995887833,6976,12032,,,,,,,,,,0.131,18788.909,Pinned,Device,NVIDIA A100-SXM4-40GB (0),1,,13,[CUDA memcpy Host-to-Device]
1995904249,7039,12033,69,4,1,48,1,1,76,0.002,0.000,,,,,NVIDIA A100-SXM4-40GB (0),1,,13,"void ch_est::windowedChEstPreNoDftSOfdmKernel<float, __half, float, (unsigned int)2, (unsigned int)1, (unsigned short)4>(ch_est::puschRxChEstStatDescr_t *, ch_est::puschRxChEstDynDescr_t *)"
1995912600,6144,12034,137,2,1,24,2,1,44,0.001,0.001,,,,,NVIDIA A100-SXM4-40GB (0),1,,13,"void ch_est::chEstFilterNoDftSOfdmDispatchKernel<float, __half, float, (unsigned int)2>(ch_est::puschRxChEstStatDescr_t *, ch_est::puschRxChEstDynDescr_t *)"
1995919832,4576,12035,137,2,1,24,2,1,44,0.001,0.001,,,,,NVIDIA A100-SXM4-40GB (0),1,,13,"void ch_est::chEstFilterNoDftSOfdmDispatchKernel<float, __half, float, (unsigned int)2>(ch_est::puschRxChEstStatDescr_t *, ch_est::puschRxChEstDynDescr_t *)"
1995925688,2176,12046,103,1,1,128,1,1,16,0.000,0.000,,,,,NVIDIA A100-SXM4-40GB (0),1,,13,cupy_copy__complex64_complex64
1995928888,12576,12056,1434,1,1,128,1,1,16,0.000,0.000,,,,,NVIDIA A100-SXM4-40GB (0),1,,13,cupy_copy__complex64_complex64
1995942488,2112,12063,103,1,1,128,1,1,16,0.000,0.000,,,,,NVIDIA A100-SXM4-40GB (0),1,,13,cupy_copy__complex64_complex64
1995945592,78879,12070,1,1,1,32,32,1,30,0.000,0.000,,,,,NVIDIA A100-SXM4-40GB (0),1,,13,"void convert_kernel<__half2, float2>(tensor_layout_any, T1 *, tensor_layout_any, const T2 *)"
1996184661,4192,12073,,,,,,,,,,0.061,14656.451,Pinned,Device,NVIDIA A100-SXM4-40GB (0),1,,13,[CUDA memcpy Host-to-Device]
1996192501,46015,12074,,,,,,,,,,35.801,778026.463,Device,,NVIDIA A100-SXM4-40GB (0),1,,13,[CUDA memset]
1996240372,2432,12076,,,,,,,,,,0.000,32.895,Pinned,Device,NVIDIA A100-SXM4-40GB (0),1,,13,[CUDA memcpy Host-to-Device]
1996245812,7488,12077,,,,,,,,,,0.131,17504.272,Pinned,Device,NVIDIA A100-SXM4-40GB (0),1,,13,[CUDA memcpy Host-to-Device]
1996256852,9248,12078,273,1,1,48,1,1,40,0.000,0.001,,,,,NVIDIA A100-SXM4-40GB (0),1,,13,"void pusch_noise_intf_est::noiseIntfEstNoDftSOfdmKernel<float, __half, float, float, (unsigned int)2, (unsigned int)1, (unsigned char)4, (unsigned char)4>(pusch_noise_intf_est::puschRxNoiseIntfEstDynDescr)"
1996267316,2560,12089,35,1,1,128,1,1,16,0.000,0.000,,,,,NVIDIA A100-SXM4-40GB (0),1,,13,cupy_copy__complex64_complex64
1996293588,1536,12098,1,1,1,1,1,1,18,0.000,0.000,,,,,NVIDIA A100-SXM4-40GB (0),1,,13,cupy_copy__float32_float32
1996329907,1760,12104,,,,,,,,,,0.000,2.273,Device,Pageable,NVIDIA A100-SXM4-40GB (0),1,,7,[CUDA memcpy Device-to-Host]
1996388178,13216,12115,1434,1,1,128,1,1,16,0.000,0.000,,,,,NVIDIA A100-SXM4-40GB (0),1,,13,cupy_copy__complex64_complex64
1996414514,2368,12122,103,1,1,128,1,1,16,0.000,0.000,,,,,NVIDIA A100-SXM4-40GB (0),1,,13,cupy_copy__complex64_complex64
1996435282,2016,12129,35,1,1,128,1,1,16,0.000,0.000,,,,,NVIDIA A100-SXM4-40GB (0),1,,13,cupy_copy__complex64_complex64
1996453682,1472,12136,1,1,1,1,1,1,18,0.000,0.000,,,,,NVIDIA A100-SXM4-40GB (0),1,,13,cupy_copy__float32_float32
1996715790,78399,12147,1,1,1,32,32,1,30,0.000,0.000,,,,,NVIDIA A100-SXM4-40GB (0),1,,13,"void convert_kernel<__half2, float2>(tensor_layout_any, T1 *, tensor_layout_any, const T2 *)"
1996826989,4224,12150,,,,,,,,,,0.061,14545.428,Pinned,Device,NVIDIA A100-SXM4-40GB (0),1,,13,[CUDA memcpy Host-to-Device]
1996841805,2560,12151,,,,,,,,,,1.547,604150.000,Device,,NVIDIA A100-SXM4-40GB (0),1,,13,[CUDA memset]
1996848173,3424,12156,,,,,,,,,,0.021,6149.531,Pinned,Device,NVIDIA A100-SXM4-40GB (0),1,,13,[CUDA memcpy Host-to-Device]
1996854765,6783,12157,,,,,,,,,,0.131,19323.552,Pinned,Device,NVIDIA A100-SXM4-40GB (0),1,,13,[CUDA memcpy Host-to-Device]
1996865868,5920,12158,273,1,1,8,4,1,39,0.002,0.000,,,,,NVIDIA A100-SXM4-40GB (0),1,,13,"void channel_eq::eqMmseCoefCompLowMimoKernel<float, float, float, (unsigned int)4, (unsigned int)1, (unsigned int)4>(const channel_eq::_puschRxChEqStatDescr *, channel_eq::_puschRxChEqCoefCompDynDescr)"
1996873036,4896,12159,273,1,1,12,11,1,40,0.002,0.000,,,,,NVIDIA A100-SXM4-40GB (0),1,,13,"void channel_eq::eqMmseSoftDemapKernel<float, __half, __half, float, (unsigned int)4, (unsigned short)16383>(channel_eq::_puschRxChEqStatDescr *, channel_eq::_puschRxChEqSoftDemapDynDescr)"
1996879148,280893,12160,1,1,1,32,32,1,30,0.000,0.000,,,,,NVIDIA A100-SXM4-40GB (0),1,,13,"void convert_kernel<float2, __half2>(tensor_layout_any, T1 *, tensor_layout_any, const T2 *)"
1997161065,10144,12172,2253,1,1,128,1,1,16,0.000,0.000,,,,,NVIDIA A100-SXM4-40GB (0),1,,13,cupy_copy__float16_float16
1997172265,2368,12181,282,1,1,128,1,1,16,0.000,0.000,,,,,NVIDIA A100-SXM4-40GB (0),1,,13,cupy_copy__complex64_complex64
1997175912,1728,12190,26,1,1,128,1,1,16,0.000,0.000,,,,,NVIDIA A100-SXM4-40GB (0),1,,13,cupy_copy__float32_float32
1997178888,2560,12199,103,1,1,128,1,1,16,0.000,0.000,,,,,NVIDIA A100-SXM4-40GB (0),1,,13,cupy_copy__complex64_complex64
1997182632,11456,12209,1434,1,1,128,1,1,16,0.000,0.000,,,,,NVIDIA A100-SXM4-40GB (0),1,,13,cupy_copy__complex64_complex64
1997223048,78047,12214,1,1,1,32,32,1,30,0.000,0.000,,,,,NVIDIA A100-SXM4-40GB (0),1,,13,"void convert_kernel<__half2, float2>(tensor_layout_any, T1 *, tensor_layout_any, const T2 *)"
1997328615,4160,12217,,,,,,,,,,0.061,14769.193,Pinned,Device,NVIDIA A100-SXM4-40GB (0),1,,13,[CUDA memcpy Host-to-Device]
1997339494,588313,12218,,,,,,,,,,456.520,775628.296,Device,,NVIDIA A100-SXM4-40GB (0),1,,13,[CUDA memset]
1997933055,32736,12223,,,,,,,,,,0.825,25211.783,Pinned,Device,NVIDIA A100-SXM4-40GB (0),1,,13,[CUDA memcpy Host-to-Device]
1997968511,6783,12224,,,,,,,,,,0.131,19323.552,Pinned,Device,NVIDIA A100-SXM4-40GB (0),1,,13,[CUDA memcpy Host-to-Device]
1997984990,7104,12225,69,4,1,48,1,1,76,0.002,0.000,,,,,NVIDIA A100-SXM4-40GB (0),1,,13,"void ch_est::windowedChEstPreNoDftSOfdmKernel<float, __half, float, (unsigned int)2, (unsigned int)1, (unsigned short)4>(ch_est::puschRxChEstStatDescr_t *, ch_est::puschRxChEstDynDescr_t *)"
1997993118,6496,12226,137,2,1,24,2,1,44,0.001,0.001,,,,,NVIDIA A100-SXM4-40GB (0),1,,13,"void ch_est::chEstFilterNoDftSOfdmDispatchKernel<float, __half, float, (unsigned int)2>(ch_est::puschRxChEstStatDescr_t *, ch_est::puschRxChEstDynDescr_t *)"
1998000830,4576,12227,137,2,1,24,2,1,44,0.001,0.001,,,,,NVIDIA A100-SXM4-40GB (0),1,,13,"void ch_est::chEstFilterNoDftSOfdmDispatchKernel<float, __half, float, (unsigned int)2>(ch_est::puschRxChEstStatDescr_t *, ch_est::puschRxChEstDynDescr_t *)"
1998006526,2144,12238,103,1,1,128,1,1,16,0.000,0.000,,,,,NVIDIA A100-SXM4-40GB (0),1,,13,cupy_copy__complex64_complex64
1998009694,12640,12248,1434,1,1,128,1,1,16,0.000,0.000,,,,,NVIDIA A100-SXM4-40GB (0),1,,13,cupy_copy__complex64_complex64
1998023390,2112,12255,103,1,1,128,1,1,16,0.000,0.000,,,,,NVIDIA A100-SXM4-40GB (0),1,,13,cupy_copy__complex64_complex64
1998026590,78431,12262,1,1,1,32,32,1,30,0.000,0.000,,,,,NVIDIA A100-SXM4-40GB (0),1,,13,"void convert_kernel<__half2, float2>(tensor_layout_any, T1 *, tensor_layout_any, const T2 *)"
1998133276,4224,12265,,,,,,,,,,0.061,14545.428,Pinned,Device,NVIDIA A100-SXM4-40GB (0),1,,13,[CUDA memcpy Host-to-Device]
1998144860,44896,12266,,,,,,,,,,35.801,797394.782,Device,,NVIDIA A100-SXM4-40GB (0),1,,13,[CUDA memset]
1998197596,2112,12268,,,,,,,,,,0.000,37.879,Pinned,Device,NVIDIA A100-SXM4-40GB (0),1,,13,[CUDA memcpy Host-to-Device]
1998202204,7135,12269,,,,,,,,,,0.131,18370.265,Pinned,Device,NVIDIA A100-SXM4-40GB (0),1,,13,[CUDA memcpy Host-to-Device]
1998213979,8736,12270,273,1,1,48,1,1,40,0.000,0.001,,,,,NVIDIA A100-SXM4-40GB (0),1,,13,"void pusch_noise_intf_est::noiseIntfEstNoDftSOfdmKernel<float, __half, float, float, (unsigned int)2, (unsigned int)1, (unsigned char)4, (unsigned char)4>(pusch_noise_intf_est::puschRxNoiseIntfEstDynDescr)"
1998223739,2624,12281,35,1,1,128,1,1,16,0.000,0.000,,,,,NVIDIA A100-SXM4-40GB (0),1,,13,cupy_copy__complex64_complex64
1998253275,1536,12290,1,1,1,1,1,1,18,0.000,0.000,,,,,NVIDIA A100-SXM4-40GB (0),1,,13,cupy_copy__float32_float32
1998287195,1855,12296,,,,,,,,,,0.000,2.156,Device,Pageable,NVIDIA A100-SXM4-40GB (0),1,,7,[CUDA memcpy Device-to-Host]
1998343898,13056,12307,1434,1,1,128,1,1,16,0.000,0.000,,,,,NVIDIA A100-SXM4-40GB (0),1,,13,cupy_copy__complex64_complex64
1998370489,2336,12314,103,1,1,128,1,1,16,0.000,0.000,,,,,NVIDIA A100-SXM4-40GB (0),1,,13,cupy_copy__complex64_complex64
1998390873,2016,12321,35,1,1,128,1,1,16,0.000,0.000,,,,,NVIDIA A100-SXM4-40GB (0),1,,13,cupy_copy__complex64_complex64
1998409465,1504,12328,1,1,1,1,1,1,18,0.000,0.000,,,,,NVIDIA A100-SXM4-40GB (0),1,,13,cupy_copy__float32_float32
1998539895,78431,12339,1,1,1,32,32,1,30,0.000,0.000,,,,,NVIDIA A100-SXM4-40GB (0),1,,13,"void convert_kernel<__half2, float2>(tensor_layout_any, T1 *, tensor_layout_any, const T2 *)"
1998645782,4192,12342,,,,,,,,,,0.061,14656.451,Pinned,Device,NVIDIA A100-SXM4-40GB (0),1,,13,[CUDA memcpy Host-to-Device]
1998659926,2528,12343,,,,,,,,,,1.547,611796.509,Device,,NVIDIA A100-SXM4-40GB (0),1,,13,[CUDA memset]
1998666678,3008,12348,,,,,,,,,,0.021,6999.983,Pinned,Device,NVIDIA A100-SXM4-40GB (0),1,,13,[CUDA memcpy Host-to-Device]
1998671830,7328,12349,,,,,,,,,,0.131,17886.347,Pinned,Device,NVIDIA A100-SXM4-40GB (0),1,,13,[CUDA memcpy Host-to-Device]
1998683062,5919,12350,273,1,1,8,4,1,39,0.002,0.000,,,,,NVIDIA A100-SXM4-40GB (0),1,,13,"void channel_eq::eqMmseCoefCompLowMimoKernel<float, float, float, (unsigned int)4, (unsigned int)1, (unsigned int)4>(const channel_eq::_puschRxChEqStatDescr *, channel_eq::_puschRxChEqCoefCompDynDescr)"
1998690261,4864,12351,273,1,1,12,11,1,40,0.002,0.000,,,,,NVIDIA A100-SXM4-40GB (0),1,,13,"void channel_eq::eqMmseSoftDemapKernel<float, __half, __half, float, (unsigned int)4, (unsigned short)16383>(channel_eq::_puschRxChEqStatDescr *, channel_eq::_puschRxChEqSoftDemapDynDescr)"
1998696181,281725,12352,1,1,1,32,32,1,30,0.000,0.000,,,,,NVIDIA A100-SXM4-40GB (0),1,,13,"void convert_kernel<float2, __half2>(tensor_layout_any, T1 *, tensor_layout_any, const T2 *)"
1998978994,10368,12364,2253,1,1,128,1,1,16,0.000,0.000,,,,,NVIDIA A100-SXM4-40GB (0),1,,13,cupy_copy__float16_float16
1998990450,2368,12373,282,1,1,128,1,1,16,0.000,0.000,,,,,NVIDIA A100-SXM4-40GB (0),1,,13,cupy_copy__complex64_complex64
1998993938,1760,12382,26,1,1,128,1,1,16,0.000,0.000,,,,,NVIDIA A100-SXM4-40GB (0),1,,13,cupy_copy__float32_float32
1998996690,2560,12391,103,1,1,128,1,1,16,0.000,0.000,,,,,NVIDIA A100-SXM4-40GB (0),1,,13,cupy_copy__complex64_complex64
1999000498,11359,12401,1434,1,1,128,1,1,16,0.000,0.000,,,,,NVIDIA A100-SXM4-40GB (0),1,,13,cupy_copy__complex64_complex64
1999035793,78335,12406,1,1,1,32,32,1,30,0.000,0.000,,,,,NVIDIA A100-SXM4-40GB (0),1,,13,"void convert_kernel<__half2, float2>(tensor_layout_any, T1 *, tensor_layout_any, const T2 *)"
1999141296,4608,12409,,,,,,,,,,0.061,13333.279,Pinned,Device,NVIDIA A100-SXM4-40GB (0),1,,13,[CUDA memcpy Host-to-Device]
1999152240,587896,12410,,,,,,,,,,456.520,776084.816,Device,,NVIDIA A100-SXM4-40GB (0),1,,13,[CUDA memset]
1999744488,32736,12415,,,,,,,,,,0.825,25211.783,Pinned,Device,NVIDIA A100-SXM4-40GB (0),1,,13,[CUDA memcpy Host-to-Device]
1999779816,6912,12416,,,,,,,,,,0.131,18962.842,Pinned,Device,NVIDIA A100-SXM4-40GB (0),1,,13,[CUDA memcpy Host-to-Device]
1999791976,7071,12417,69,4,1,48,1,1,76,0.002,0.000,,,,,NVIDIA A100-SXM4-40GB (0),1,,13,"void ch_est::windowedChEstPreNoDftSOfdmKernel<float, __half, float, (unsigned int)2, (unsigned int)1, (unsigned short)4>(ch_est::puschRxChEstStatDescr_t *, ch_est::puschRxChEstDynDescr_t *)"
1999800103,6144,12418,137,2,1,24,2,1,44,0.001,0.001,,,,,NVIDIA A100-SXM4-40GB (0),1,,13,"void ch_est::chEstFilterNoDftSOfdmDispatchKernel<float, __half, float, (unsigned int)2>(ch_est::puschRxChEstStatDescr_t *, ch_est::puschRxChEstDynDescr_t *)"
1999807527,4544,12419,137,2,1,24,2,1,44,0.001,0.001,,,,,NVIDIA A100-SXM4-40GB (0),1,,13,"void ch_est::chEstFilterNoDftSOfdmDispatchKernel<float, __half, float, (unsigned int)2>(ch_est::puschRxChEstStatDescr_t *, ch_est::puschRxChEstDynDescr_t *)"
1999813383,2208,12430,103,1,1,128,1,1,16,0.000,0.000,,,,,NVIDIA A100-SXM4-40GB (0),1,,13,cupy_copy__complex64_complex64
1999816807,12640,12440,1434,1,1,128,1,1,16,0.000,0.000,,,,,NVIDIA A100-SXM4-40GB (0),1,,13,cupy_copy__complex64_complex64
1999830663,2080,12447,103,1,1,128,1,1,16,0.000,0.000,,,,,NVIDIA A100-SXM4-40GB (0),1,,13,cupy_copy__complex64_complex64
1999833831,77983,12454,1,1,1,32,32,1,30,0.000,0.000,,,,,NVIDIA A100-SXM4-40GB (0),1,,13,"void convert_kernel<__half2, float2>(tensor_layout_any, T1 *, tensor_layout_any, const T2 *)"
2000074340,4192,12457,,,,,,,,,,0.061,14656.451,Pinned,Device,NVIDIA A100-SXM4-40GB (0),1,,13,[CUDA memcpy Host-to-Device]
2000087236,46015,12458,,,,,,,,,,35.801,778026.463,Device,,NVIDIA A100-SXM4-40GB (0),1,,13,[CUDA memset]
2000138691,1920,12460,,,,,,,,,,0.000,41.667,Pinned,Device,NVIDIA A100-SXM4-40GB (0),1,,13,[CUDA memcpy Host-to-Device]
2000142755,7168,12461,,,,,,,,,,0.131,18285.593,Pinned,Device,NVIDIA A100-SXM4-40GB (0),1,,13,[CUDA memcpy Host-to-Device]
2000159971,8992,12462,273,1,1,48,1,1,40,0.000,0.001,,,,,NVIDIA A100-SXM4-40GB (0),1,,13,"void pusch_noise_intf_est::noiseIntfEstNoDftSOfdmKernel<float, __half, float, float, (unsigned int)2, (unsigned int)1, (unsigned char)4, (unsigned char)4>(pusch_noise_intf_est::puschRxNoiseIntfEstDynDescr)"
2000170083,2528,12473,35,1,1,128,1,1,16,0.000,0.000,,,,,NVIDIA A100-SXM4-40GB (0),1,,13,cupy_copy__complex64_complex64
2000186499,1536,12482,1,1,1,1,1,1,18,0.000,0.000,,,,,NVIDIA A100-SXM4-40GB (0),1,,13,cupy_copy__float32_float32
2000220290,1760,12488,,,,,,,,,,0.000,2.273,Device,Pageable,NVIDIA A100-SXM4-40GB (0),1,,7,[CUDA memcpy Device-to-Host]
2000277409,13056,12499,1434,1,1,128,1,1,16,0.000,0.000,,,,,NVIDIA A100-SXM4-40GB (0),1,,13,cupy_copy__complex64_complex64
2000303937,2400,12506,103,1,1,128,1,1,16,0.000,0.000,,,,,NVIDIA A100-SXM4-40GB (0),1,,13,cupy_copy__complex64_complex64
2000324641,1984,12513,35,1,1,128,1,1,16,0.000,0.000,,,,,NVIDIA A100-SXM4-40GB (0),1,,13,cupy_copy__complex64_complex64
2000342657,1504,12520,1,1,1,1,1,1,18,0.000,0.000,,,,,NVIDIA A100-SXM4-40GB (0),1,,13,cupy_copy__float32_float32
2000604061,78399,12531,1,1,1,32,32,1,30,0.000,0.000,,,,,NVIDIA A100-SXM4-40GB (0),1,,13,"void convert_kernel<__half2, float2>(tensor_layout_any, T1 *, tensor_layout_any, const T2 *)"
2000714556,4448,12534,,,,,,,,,,0.061,13812.941,Pinned,Device,NVIDIA A100-SXM4-40GB (0),1,,13,[CUDA memcpy Host-to-Device]
2000729244,2560,12535,,,,,,,,,,1.547,604150.000,Device,,NVIDIA A100-SXM4-40GB (0),1,,13,[CUDA memset]
2000735388,3008,12540,,,,,,,,,,0.021,6999.983,Pinned,Device,NVIDIA A100-SXM4-40GB (0),1,,13,[CUDA memcpy Host-to-Device]
2000740604,7776,12541,,,,,,,,,,0.131,16855.859,Pinned,Device,NVIDIA A100-SXM4-40GB (0),1,,13,[CUDA memcpy Host-to-Device]
2000752763,5856,12542,273,1,1,8,4,1,39,0.002,0.000,,,,,NVIDIA A100-SXM4-40GB (0),1,,13,"void channel_eq::eqMmseCoefCompLowMimoKernel<float, float, float, (unsigned int)4, (unsigned int)1, (unsigned int)4>(const channel_eq::_puschRxChEqStatDescr *, channel_eq::_puschRxChEqCoefCompDynDescr)"
2000759931,4864,12543,273,1,1,12,11,1,40,0.002,0.000,,,,,NVIDIA A100-SXM4-40GB (0),1,,13,"void channel_eq::eqMmseSoftDemapKernel<float, __half, __half, float, (unsigned int)4, (unsigned short)16383>(channel_eq::_puschRxChEqStatDescr *, channel_eq::_puschRxChEqSoftDemapDynDescr)"
2000766075,281373,12544,1,1,1,32,32,1,30,0.000,0.000,,,,,NVIDIA A100-SXM4-40GB (0),1,,13,"void convert_kernel<float2, __half2>(tensor_layout_any, T1 *, tensor_layout_any, const T2 *)"
2001048664,10464,12556,2253,1,1,128,1,1,16,0.000,0.000,,,,,NVIDIA A100-SXM4-40GB (0),1,,13,cupy_copy__float16_float16
2001060152,2368,12565,282,1,1,128,1,1,16,0.000,0.000,,,,,NVIDIA A100-SXM4-40GB (0),1,,13,cupy_copy__complex64_complex64
2001063576,1792,12574,26,1,1,128,1,1,16,0.000,0.000,,,,,NVIDIA A100-SXM4-40GB (0),1,,13,cupy_copy__float32_float32
2001066583,2592,12583,103,1,1,128,1,1,16,0.000,0.000,,,,,NVIDIA A100-SXM4-40GB (0),1,,13,cupy_copy__complex64_complex64
2001070167,11296,12593,1434,1,1,128,1,1,16,0.000,0.000,,,,,NVIDIA A100-SXM4-40GB (0),1,,13,cupy_copy__complex64_complex64
2001119735,78879,12598,1,1,1,32,32,1,30,0.000,0.000,,,,,NVIDIA A100-SXM4-40GB (0),1,,13,"void convert_kernel<__half2, float2>(tensor_layout_any, T1 *, tensor_layout_any, const T2 *)"
2001357236,4160,12601,,,,,,,,,,0.061,14769.193,Pinned,Device,NVIDIA A100-SXM4-40GB (0),1,,13,[CUDA memcpy Host-to-Device]
2001365332,589976,12602,,,,,,,,,,456.520,773345.693,Device,,NVIDIA A100-SXM4-40GB (0),1,,13,[CUDA memset]
2001958188,32768,12607,,,,,,,,,,0.825,25187.023,Pinned,Device,NVIDIA A100-SXM4-40GB (0),1,,13,[CUDA memcpy Host-to-Device]
2001993484,6912,12608,,,,,,,,,,0.131,18962.842,Pinned,Device,NVIDIA A100-SXM4-40GB (0),1,,13,[CUDA memcpy Host-to-Device]
2002005836,7648,12609,69,4,1,48,1,1,76,0.002,0.000,,,,,NVIDIA A100-SXM4-40GB (0),1,,13,"void ch_est::windowedChEstPreNoDftSOfdmKernel<float, __half, float, (unsigned int)2, (unsigned int)1, (unsigned short)4>(ch_est::puschRxChEstStatDescr_t *, ch_est::puschRxChEstDynDescr_t *)"
2002014508,6175,12610,137,2,1,24,2,1,44,0.001,0.001,,,,,NVIDIA A100-SXM4-40GB (0),1,,13,"void ch_est::chEstFilterNoDftSOfdmDispatchKernel<float, __half, float, (unsigned int)2>(ch_est::puschRxChEstStatDescr_t *, ch_est::puschRxChEstDynDescr_t *)"
2002021899,4576,12611,137,2,1,24,2,1,44,0.001,0.001,,,,,NVIDIA A100-SXM4-40GB (0),1,,13,"void ch_est::chEstFilterNoDftSOfdmDispatchKernel<float, __half, float, (unsigned int)2>(ch_est::puschRxChEstStatDescr_t *, ch_est::puschRxChEstDynDescr_t *)"
2002027787,2176,12622,103,1,1,128,1,1,16,0.000,0.000,,,,,NVIDIA A100-SXM4-40GB (0),1,,13,cupy_copy__complex64_complex64
2002030955,12672,12632,1434,1,1,128,1,1,16,0.000,0.000,,,,,NVIDIA A100-SXM4-40GB (0),1,,13,cupy_copy__complex64_complex64
2002044843,2112,12639,103,1,1,128,1,1,16,0.000,0.000,,,,,NVIDIA A100-SXM4-40GB (0),1,,13,cupy_copy__complex64_complex64
2002048011,78495,12646,1,1,1,32,32,1,30,0.000,0.000,,,,,NVIDIA A100-SXM4-40GB (0),1,,13,"void convert_kernel<__half2, float2>(tensor_layout_any, T1 *, tensor_layout_any, const T2 *)"
2002158154,4192,12649,,,,,,,,,,0.061,14656.451,Pinned,Device,NVIDIA A100-SXM4-40GB (0),1,,13,[CUDA memcpy Host-to-Device]
2002171082,44607,12650,,,,,,,,,,35.801,802585.921,Device,,NVIDIA A100-SXM4-40GB (0),1,,13,[CUDA memset]
2002216713,1888,12652,,,,,,,,,,0.000,42.373,Pinned,Device,NVIDIA A100-SXM4-40GB (0),1,,13,[CUDA memcpy Host-to-Device]
2002221129,7104,12653,,,,,,,,,,0.131,18450.350,Pinned,Device,NVIDIA A100-SXM4-40GB (0),1,,13,[CUDA memcpy Host-to-Device]
2002232425,8416,12654,273,1,1,48,1,1,40,0.000,0.001,,,,,NVIDIA A100-SXM4-40GB (0),1,,13,"void pusch_noise_intf_est::noiseIntfEstNoDftSOfdmKernel<float, __half, float, float, (unsigned int)2, (unsigned int)1, (unsigned char)4, (unsigned char)4>(pusch_noise_intf_est::puschRxNoiseIntfEstDynDescr)"
2002248841,2656,12665,35,1,1,128,1,1,16,0.000,0.000,,,,,NVIDIA A100-SXM4-40GB (0),1,,13,cupy_copy__complex64_complex64
2002285800,1504,12674,1,1,1,1,1,1,18,0.000,0.000,,,,,NVIDIA A100-SXM4-40GB (0),1,,13,cupy_copy__float32_float32
2002319336,1728,12680,,,,,,,,,,0.000,2.315,Device,Pageable,NVIDIA A100-SXM4-40GB (0),1,,7,[CUDA memcpy Device-to-Host]
2002376999,13184,12691,1434,1,1,128,1,1,16,0.000,0.000,,,,,NVIDIA A100-SXM4-40GB (0),1,,13,cupy_copy__complex64_complex64
2002403623,2336,12698,103,1,1,128,1,1,16,0.000,0.000,,,,,NVIDIA A100-SXM4-40GB (0),1,,13,cupy_copy__complex64_complex64
2002425094,1984,12705,35,1,1,128,1,1,16,0.000,0.000,,,,,NVIDIA A100-SXM4-40GB (0),1,,13,cupy_copy__complex64_complex64
2002443558,1504,12712,1,1,1,1,1,1,18,0.000,0.000,,,,,NVIDIA A100-SXM4-40GB (0),1,,13,cupy_copy__float32_float32
2002575556,78304,12723,1,1,1,32,32,1,30,0.000,0.000,,,,,NVIDIA A100-SXM4-40GB (0),1,,13,"void convert_kernel<__half2, float2>(tensor_layout_any, T1 *, tensor_layout_any, const T2 *)"
2002681859,4192,12726,,,,,,,,,,0.061,14656.451,Pinned,Device,NVIDIA A100-SXM4-40GB (0),1,,13,[CUDA memcpy Host-to-Device]
2002695939,2560,12727,,,,,,,,,,1.547,604150.000,Device,,NVIDIA A100-SXM4-40GB (0),1,,13,[CUDA memset]
2002702179,3104,12732,,,,,,,,,,0.021,6783.485,Pinned,Device,NVIDIA A100-SXM4-40GB (0),1,,13,[CUDA memcpy Host-to-Device]
2002707427,7488,12733,,,,,,,,,,0.131,17504.272,Pinned,Device,NVIDIA A100-SXM4-40GB (0),1,,13,[CUDA memcpy Host-to-Device]
2002719299,5920,12734,273,1,1,8,4,1,39,0.002,0.000,,,,,NVIDIA A100-SXM4-40GB (0),1,,13,"void channel_eq::eqMmseCoefCompLowMimoKernel<float, float, float, (unsigned int)4, (unsigned int)1, (unsigned int)4>(const channel_eq::_puschRxChEqStatDescr *, channel_eq::_puschRxChEqCoefCompDynDescr)"
2002726275,4832,12735,273,1,1,12,11,1,40,0.002,0.000,,,,,NVIDIA A100-SXM4-40GB (0),1,,13,"void channel_eq::eqMmseSoftDemapKernel<float, __half, __half, float, (unsigned int)4, (unsigned short)16383>(channel_eq::_puschRxChEqStatDescr *, channel_eq::_puschRxChEqSoftDemapDynDescr)"
2002732387,281724,12736,1,1,1,32,32,1,30,0.000,0.000,,,,,NVIDIA A100-SXM4-40GB (0),1,,13,"void convert_kernel<float2, __half2>(tensor_layout_any, T1 *, tensor_layout_any, const T2 *)"
2003015359,10240,12748,2253,1,1,128,1,1,16,0.000,0.000,,,,,NVIDIA A100-SXM4-40GB (0),1,,13,cupy_copy__float16_float16
2003026879,2368,12757,282,1,1,128,1,1,16,0.000,0.000,,,,,NVIDIA A100-SXM4-40GB (0),1,,13,cupy_copy__complex64_complex64
2003030335,1760,12766,26,1,1,128,1,1,16,0.000,0.000,,,,,NVIDIA A100-SXM4-40GB (0),1,,13,cupy_copy__float32_float32
2003033279,2496,12775,103,1,1,128,1,1,16,0.000,0.000,,,,,NVIDIA A100-SXM4-40GB (0),1,,13,cupy_copy__complex64_complex64
2003037055,11200,12785,1434,1,1,128,1,1,16,0.000,0.000,,,,,NVIDIA A100-SXM4-40GB (0),1,,13,cupy_copy__complex64_complex64
2003071262,78463,12790,1,1,1,32,32,1,30,0.000,0.000,,,,,NVIDIA A100-SXM4-40GB (0),1,,13,"void convert_kernel<__half2, float2>(tensor_layout_any, T1 *, tensor_layout_any, const T2 *)"
2003177181,4480,12793,,,,,,,,,,0.061,13714.268,Pinned,Device,NVIDIA A100-SXM4-40GB (0),1,,13,[CUDA memcpy Host-to-Device]
2003187965,588984,12794,,,,,,,,,,456.520,774715.255,Device,,NVIDIA A100-SXM4-40GB (0),1,,13,[CUDA memset]
2003785493,32864,12799,,,,,,,,,,0.825,25113.567,Pinned,Device,NVIDIA A100-SXM4-40GB (0),1,,13,[CUDA memcpy Host-to-Device]
2003820501,6784,12800,,,,,,,,,,0.131,19320.668,Pinned,Device,NVIDIA A100-SXM4-40GB (0),1,,13,[CUDA memcpy Host-to-Device]
2003834677,6912,12801,69,4,1,48,1,1,76,0.002,0.000,,,,,NVIDIA A100-SXM4-40GB (0),1,,13,"void ch_est::windowedChEstPreNoDftSOfdmKernel<float, __half, float, (unsigned int)2, (unsigned int)1, (unsigned short)4>(ch_est::puschRxChEstStatDescr_t *, ch_est::puschRxChEstDynDescr_t *)"
2003842869,6143,12802,137,2,1,24,2,1,44,0.001,0.001,,,,,NVIDIA A100-SXM4-40GB (0),1,,13,"void ch_est::chEstFilterNoDftSOfdmDispatchKernel<float, __half, float, (unsigned int)2>(ch_est::puschRxChEstStatDescr_t *, ch_est::puschRxChEstDynDescr_t *)"
2003850196,4576,12803,137,2,1,24,2,1,44,0.001,0.001,,,,,NVIDIA A100-SXM4-40GB (0),1,,13,"void ch_est::chEstFilterNoDftSOfdmDispatchKernel<float, __half, float, (unsigned int)2>(ch_est::puschRxChEstStatDescr_t *, ch_est::puschRxChEstDynDescr_t *)"
2003856052,2208,12814,103,1,1,128,1,1,16,0.000,0.000,,,,,NVIDIA A100-SXM4-40GB (0),1,,13,cupy_copy__complex64_complex64
2003859220,12512,12824,1434,1,1,128,1,1,16,0.000,0.000,,,,,NVIDIA A100-SXM4-40GB (0),1,,13,cupy_copy__complex64_complex64
2003872980,2112,12831,103,1,1,128,1,1,16,0.000,0.000,,,,,NVIDIA A100-SXM4-40GB (0),1,,13,cupy_copy__complex64_complex64
2003876084,78335,12838,1,1,1,32,32,1,30,0.000,0.000,,,,,NVIDIA A100-SXM4-40GB (0),1,,13,"void convert_kernel<__half2, float2>(tensor_layout_any, T1 *, tensor_layout_any, const T2 *)"
2003981683,4160,12841,,,,,,,,,,0.061,14769.193,Pinned,Device,NVIDIA A100-SXM4-40GB (0),1,,13,[CUDA memcpy Host-to-Device]
2003994355,44575,12842,,,,,,,,,,35.801,803158.737,Device,,NVIDIA A100-SXM4-40GB (0),1,,13,[CUDA memset]
2004040498,1888,12844,,,,,,,,,,0.000,42.373,Pinned,Device,NVIDIA A100-SXM4-40GB (0),1,,13,[CUDA memcpy Host-to-Device]
2004044530,6976,12845,,,,,,,,,,0.131,18788.909,Pinned,Device,NVIDIA A100-SXM4-40GB (0),1,,13,[CUDA memcpy Host-to-Device]
2004055826,8704,12846,273,1,1,48,1,1,40,0.000,0.001,,,,,NVIDIA A100-SXM4-40GB (0),1,,13,"void pusch_noise_intf_est::noiseIntfEstNoDftSOfdmKernel<float, __half, float, float, (unsigned int)2, (unsigned int)1, (unsigned char)4, (unsigned char)4>(pusch_noise_intf_est::puschRxNoiseIntfEstDynDescr)"
2004068498,2560,12857,35,1,1,128,1,1,16,0.000,0.000,,,,,NVIDIA A100-SXM4-40GB (0),1,,13,cupy_copy__complex64_complex64
2004104113,1536,12866,1,1,1,1,1,1,18,0.000,0.000,,,,,NVIDIA A100-SXM4-40GB (0),1,,13,cupy_copy__float32_float32
2004137905,1664,12872,,,,,,,,,,0.000,2.404,Device,Pageable,NVIDIA A100-SXM4-40GB (0),1,,7,[CUDA memcpy Device-to-Host]
2004194608,13184,12883,1434,1,1,128,1,1,16,0.000,0.000,,,,,NVIDIA A100-SXM4-40GB (0),1,,13,cupy_copy__complex64_complex64
2004221936,2368,12890,103,1,1,128,1,1,16,0.000,0.000,,,,,NVIDIA A100-SXM4-40GB (0),1,,13,cupy_copy__complex64_complex64
2004242959,2016,12897,35,1,1,128,1,1,16,0.000,0.000,,,,,NVIDIA A100-SXM4-40GB (0),1,,13,cupy_copy__complex64_complex64
2004261391,1504,12904,1,1,1,1,1,1,18,0.000,0.000,,,,,NVIDIA A100-SXM4-40GB (0),1,,13,cupy_copy__float32_float32
2004392814,77951,12915,1,1,1,32,32,1,30,0.000,0.000,,,,,NVIDIA A100-SXM4-40GB (0),1,,13,"void convert_kernel<__half2, float2>(tensor_layout_any, T1 *, tensor_layout_any, const T2 *)"
2004498764,4192,12918,,,,,,,,,,0.061,14656.451,Pinned,Device,NVIDIA A100-SXM4-40GB (0),1,,13,[CUDA memcpy Host-to-Device]
2004512428,2560,12919,,,,,,,,,,1.547,604150.000,Device,,NVIDIA A100-SXM4-40GB (0),1,,13,[CUDA memset]
2004518604,3008,12924,,,,,,,,,,0.021,6999.983,Pinned,Device,NVIDIA A100-SXM4-40GB (0),1,,13,[CUDA memcpy Host-to-Device]
2004523788,6880,12925,,,,,,,,,,0.131,19051.053,Pinned,Device,NVIDIA A100-SXM4-40GB (0),1,,13,[CUDA memcpy Host-to-Device]
2004535916,5888,12926,273,1,1,8,4,1,39,0.002,0.000,,,,,NVIDIA A100-SXM4-40GB (0),1,,13,"void channel_eq::eqMmseCoefCompLowMimoKernel<float, float, float, (unsigned int)4, (unsigned int)1, (unsigned int)4>(const channel_eq::_puschRxChEqStatDescr *, channel_eq::_puschRxChEqCoefCompDynDescr)"
2004542860,4832,12927,273,1,1,12,11,1,40,0.002,0.000,,,,,NVIDIA A100-SXM4-40GB (0),1,,13,"void channel_eq::eqMmseSoftDemapKernel<float, __half, __half, float, (unsigned int)4, (unsigned short)16383>(channel_eq::_puschRxChEqStatDescr *, channel_eq::_puschRxChEqSoftDemapDynDescr)"
2004548972,281980,12928,1,1,1,32,32,1,30,0.000,0.000,,,,,NVIDIA A100-SXM4-40GB (0),1,,13,"void convert_kernel<float2, __half2>(tensor_layout_any, T1 *, tensor_layout_any, const T2 *)"
2004832136,10688,12940,2253,1,1,128,1,1,16,0.000,0.000,,,,,NVIDIA A100-SXM4-40GB (0),1,,13,cupy_copy__float16_float16
2004843848,2368,12949,282,1,1,128,1,1,16,0.000,0.000,,,,,NVIDIA A100-SXM4-40GB (0),1,,13,cupy_copy__complex64_complex64
2004847464,1760,12958,26,1,1,128,1,1,16,0.000,0.000,,,,,NVIDIA A100-SXM4-40GB (0),1,,13,cupy_copy__float32_float32
2004850472,2560,12967,103,1,1,128,1,1,16,0.000,0.000,,,,,NVIDIA A100-SXM4-40GB (0),1,,13,cupy_copy__complex64_complex64
2004854248,11168,12977,1434,1,1,128,1,1,16,0.000,0.000,,,,,NVIDIA A100-SXM4-40GB (0),1,,13,cupy_copy__complex64_complex64
2004891495,78431,12982,1,1,1,32,32,1,30,0.000,0.000,,,,,NVIDIA A100-SXM4-40GB (0),1,,13,"void convert_kernel<__half2, float2>(tensor_layout_any, T1 *, tensor_layout_any, const T2 *)"
2005131940,4704,12985,,,,,,,,,,0.061,13061.222,Pinned,Device,NVIDIA A100-SXM4-40GB (0),1,,13,[CUDA memcpy Host-to-Device]
2005140516,589497,12986,,,,,,,,,,456.520,774258.734,Device,,NVIDIA A100-SXM4-40GB (0),1,,13,[CUDA memset]
2005736861,32767,12991,,,,,,,,,,0.825,25187.848,Pinned,Device,NVIDIA A100-SXM4-40GB (0),1,,13,[CUDA memcpy Host-to-Device]
2005771772,6784,12992,,,,,,,,,,0.131,19320.668,Pinned,Device,NVIDIA A100-SXM4-40GB (0),1,,13,[CUDA memcpy Host-to-Device]
2005789820,7296,12993,69,4,1,48,1,1,76,0.002,0.000,,,,,NVIDIA A100-SXM4-40GB (0),1,,13,"void ch_est::windowedChEstPreNoDftSOfdmKernel<float, __half, float, (unsigned int)2, (unsigned int)1, (unsigned short)4>(ch_est::puschRxChEstStatDescr_t *, ch_est::puschRxChEstDynDescr_t *)"
2005798428,6240,12994,137,2,1,24,2,1,44,0.001,0.001,,,,,NVIDIA A100-SXM4-40GB (0),1,,13,"void ch_est::chEstFilterNoDftSOfdmDispatchKernel<float, __half, float, (unsigned int)2>(ch_est::puschRxChEstStatDescr_t *, ch_est::puschRxChEstDynDescr_t *)"
2005805788,4544,12995,137,2,1,24,2,1,44,0.001,0.001,,,,,NVIDIA A100-SXM4-40GB (0),1,,13,"void ch_est::chEstFilterNoDftSOfdmDispatchKernel<float, __half, float, (unsigned int)2>(ch_est::puschRxChEstStatDescr_t *, ch_est::puschRxChEstDynDescr_t *)"
2005811548,2592,13006,103,1,1,128,1,1,16,0.000,0.000,,,,,NVIDIA A100-SXM4-40GB (0),1,,13,cupy_copy__complex64_complex64
2005815324,12320,13016,1434,1,1,128,1,1,16,0.000,0.000,,,,,NVIDIA A100-SXM4-40GB (0),1,,13,cupy_copy__complex64_complex64
2005828700,2111,13023,103,1,1,128,1,1,16,0.000,0.000,,,,,NVIDIA A100-SXM4-40GB (0),1,,13,cupy_copy__complex64_complex64
2005831899,78815,13030,1,1,1,32,32,1,30,0.000,0.000,,,,,NVIDIA A100-SXM4-40GB (0),1,,13,"void convert_kernel<__half2, float2>(tensor_layout_any, T1 *, tensor_layout_any, const T2 *)"
2005941818,4512,13033,,,,,,,,,,0.061,13617.009,Pinned,Device,NVIDIA A100-SXM4-40GB (0),1,,13,[CUDA memcpy Host-to-Device]
2005957018,44383,13034,,,,,,,,,,35.801,806631.430,Device,,NVIDIA A100-SXM4-40GB (0),1,,13,[CUDA memset]
2006002393,1888,13036,,,,,,,,,,0.000,42.373,Pinned,Device,NVIDIA A100-SXM4-40GB (0),1,,13,[CUDA memcpy Host-to-Device]
2006006425,7040,13037,,,,,,,,,,0.131,18618.122,Pinned,Device,NVIDIA A100-SXM4-40GB (0),1,,13,[CUDA memcpy Host-to-Device]
2006018809,8224,13038,273,1,1,48,1,1,40,0.000,0.001,,,,,NVIDIA A100-SXM4-40GB (0),1,,13,"void pusch_noise_intf_est::noiseIntfEstNoDftSOfdmKernel<float, __half, float, float, (unsigned int)2, (unsigned int)1, (unsigned char)4, (unsigned char)4>(pusch_noise_intf_est::puschRxNoiseIntfEstDynDescr)"
2006033081,2816,13049,35,1,1,128,1,1,16,0.000,0.000,,,,,NVIDIA A100-SXM4-40GB (0),1,,13,cupy_copy__complex64_complex64
2006069016,1504,13058,1,1,1,1,1,1,18,0.000,0.000,,,,,NVIDIA A100-SXM4-40GB (0),1,,13,cupy_copy__float32_float32
2006102680,1728,13064,,,,,,,,,,0.000,2.315,Device,Pageable,NVIDIA A100-SXM4-40GB (0),1,,7,[CUDA memcpy Device-to-Host]
2006160855,14112,13075,1434,1,1,128,1,1,16,0.000,0.000,,,,,NVIDIA A100-SXM4-40GB (0),1,,13,cupy_copy__complex64_complex64
2006187671,2368,13082,103,1,1,128,1,1,16,0.000,0.000,,,,,NVIDIA A100-SXM4-40GB (0),1,,13,cupy_copy__complex64_complex64
2006208023,2016,13089,35,1,1,128,1,1,16,0.000,0.000,,,,,NVIDIA A100-SXM4-40GB (0),1,,13,cupy_copy__complex64_complex64
2006225943,1471,13096,1,1,1,1,1,1,18,0.000,0.000,,,,,NVIDIA A100-SXM4-40GB (0),1,,13,cupy_copy__float32_float32
2006357333,78591,13107,1,1,1,32,32,1,30,0.000,0.000,,,,,NVIDIA A100-SXM4-40GB (0),1,,13,"void convert_kernel<__half2, float2>(tensor_layout_any, T1 *, tensor_layout_any, const T2 *)"
2006595186,4736,13110,,,,,,,,,,0.061,12972.933,Pinned,Device,NVIDIA A100-SXM4-40GB (0),1,,13,[CUDA memcpy Host-to-Device]
2006606770,2560,13111,,,,,,,,,,1.547,604150.000,Device,,NVIDIA A100-SXM4-40GB (0),1,,13,[CUDA memset]
2006610386,3040,13116,,,,,,,,,,0.021,6926.308,Pinned,Device,NVIDIA A100-SXM4-40GB (0),1,,13,[CUDA memcpy Host-to-Device]
2006615570,6816,13117,,,,,,,,,,0.131,19229.966,Pinned,Device,NVIDIA A100-SXM4-40GB (0),1,,13,[CUDA memcpy Host-to-Device]
2006627473,5888,13118,273,1,1,8,4,1,39,0.002,0.000,,,,,NVIDIA A100-SXM4-40GB (0),1,,13,"void channel_eq::eqMmseCoefCompLowMimoKernel<float, float, float, (unsigned int)4, (unsigned int)1, (unsigned int)4>(const channel_eq::_puschRxChEqStatDescr *, channel_eq::_puschRxChEqCoefCompDynDescr)"
2006634673,4800,13119,273,1,1,12,11,1,40,0.002,0.000,,,,,NVIDIA A100-SXM4-40GB (0),1,,13,"void channel_eq::eqMmseSoftDemapKernel<float, __half, __half, float, (unsigned int)4, (unsigned short)16383>(channel_eq::_puschRxChEqStatDescr *, channel_eq::_puschRxChEqSoftDemapDynDescr)"
2006640561,281469,13120,1,1,1,32,32,1,30,0.000,0.000,,,,,NVIDIA A100-SXM4-40GB (0),1,,13,"void convert_kernel<float2, __half2>(tensor_layout_any, T1 *, tensor_layout_any, const T2 *)"
2006923086,10400,13132,2253,1,1,128,1,1,16,0.000,0.000,,,,,NVIDIA A100-SXM4-40GB (0),1,,13,cupy_copy__float16_float16
2006934766,2368,13141,282,1,1,128,1,1,16,0.000,0.000,,,,,NVIDIA A100-SXM4-40GB (0),1,,13,cupy_copy__complex64_complex64
2006938318,1792,13150,26,1,1,128,1,1,16,0.000,0.000,,,,,NVIDIA A100-SXM4-40GB (0),1,,13,cupy_copy__float32_float32
2006941357,2496,13159,103,1,1,128,1,1,16,0.000,0.000,,,,,NVIDIA A100-SXM4-40GB (0),1,,13,cupy_copy__complex64_complex64
2006945101,11200,13169,1434,1,1,128,1,1,16,0.000,0.000,,,,,NVIDIA A100-SXM4-40GB (0),1,,13,cupy_copy__complex64_complex64
2007104715,79455,13174,1,1,1,32,32,1,30,0.000,0.000,,,,,NVIDIA A100-SXM4-40GB (0),1,,13,"void convert_kernel<__half2, float2>(tensor_layout_any, T1 *, tensor_layout_any, const T2 *)"
2007214858,4224,13177,,,,,,,,,,0.061,14545.428,Pinned,Device,NVIDIA A100-SXM4-40GB (0),1,,13,[CUDA memcpy Host-to-Device]
2007226698,588504,13178,,,,,,,,,,456.520,775628.296,Device,,NVIDIA A100-SXM4-40GB (0),1,,13,[CUDA memset]
2007816610,32736,13183,,,,,,,,,,0.825,25211.783,Pinned,Device,NVIDIA A100-SXM4-40GB (0),1,,13,[CUDA memcpy Host-to-Device]
2007851490,6816,13184,,,,,,,,,,0.131,19229.966,Pinned,Device,NVIDIA A100-SXM4-40GB (0),1,,13,[CUDA memcpy Host-to-Device]
2007868546,7168,13185,69,4,1,48,1,1,76,0.002,0.000,,,,,NVIDIA A100-SXM4-40GB (0),1,,13,"void ch_est::windowedChEstPreNoDftSOfdmKernel<float, __half, float, (unsigned int)2, (unsigned int)1, (unsigned short)4>(ch_est::puschRxChEstStatDescr_t *, ch_est::puschRxChEstDynDescr_t *)"
2007876802,6144,13186,137,2,1,24,2,1,44,0.001,0.001,,,,,NVIDIA A100-SXM4-40GB (0),1,,13,"void ch_est::chEstFilterNoDftSOfdmDispatchKernel<float, __half, float, (unsigned int)2>(ch_est::puschRxChEstStatDescr_t *, ch_est::puschRxChEstDynDescr_t *)"
2007884226,4544,13187,137,2,1,24,2,1,44,0.001,0.001,,,,,NVIDIA A100-SXM4-40GB (0),1,,13,"void ch_est::chEstFilterNoDftSOfdmDispatchKernel<float, __half, float, (unsigned int)2>(ch_est::puschRxChEstStatDescr_t *, ch_est::puschRxChEstDynDescr_t *)"
2007890082,2208,13198,103,1,1,128,1,1,16,0.000,0.000,,,,,NVIDIA A100-SXM4-40GB (0),1,,13,cupy_copy__complex64_complex64
2007893538,12415,13208,1434,1,1,128,1,1,16,0.000,0.000,,,,,NVIDIA A100-SXM4-40GB (0),1,,13,cupy_copy__complex64_complex64
2007907009,2112,13215,103,1,1,128,1,1,16,0.000,0.000,,,,,NVIDIA A100-SXM4-40GB (0),1,,13,cupy_copy__complex64_complex64
2007910241,78655,13222,1,1,1,32,32,1,30,0.000,0.000,,,,,NVIDIA A100-SXM4-40GB (0),1,,13,"void convert_kernel<__half2, float2>(tensor_layout_any, T1 *, tensor_layout_any, const T2 *)"
2008017184,4224,13225,,,,,,,,,,0.061,14545.428,Pinned,Device,NVIDIA A100-SXM4-40GB (0),1,,13,[CUDA memcpy Host-to-Device]
2008029056,44383,13226,,,,,,,,,,35.801,806631.430,Device,,NVIDIA A100-SXM4-40GB (0),1,,13,[CUDA memset]
2008081119,1888,13228,,,,,,,,,,0.000,42.373,Pinned,Device,NVIDIA A100-SXM4-40GB (0),1,,13,[CUDA memcpy Host-to-Device]
2008086143,6784,13229,,,,,,,,,,0.131,19320.668,Pinned,Device,NVIDIA A100-SXM4-40GB (0),1,,13,[CUDA memcpy Host-to-Device]
2008097535,8736,13230,273,1,1,48,1,1,40,0.000,0.001,,,,,NVIDIA A100-SXM4-40GB (0),1,,13,"void pusch_noise_intf_est::noiseIntfEstNoDftSOfdmKernel<float, __half, float, float, (unsigned int)2, (unsigned int)1, (unsigned char)4, (unsigned char)4>(pusch_noise_intf_est::puschRxNoiseIntfEstDynDescr)"
2008107295,2592,13241,35,1,1,128,1,1,16,0.000,0.000,,,,,NVIDIA A100-SXM4-40GB (0),1,,13,cupy_copy__complex64_complex64
2008135742,1536,13250,1,1,1,1,1,1,18,0.000,0.000,,,,,NVIDIA A100-SXM4-40GB (0),1,,13,cupy_copy__float32_float32
2008168958,1888,13256,,,,,,,,,,0.000,2.119,Device,Pageable,NVIDIA A100-SXM4-40GB (0),1,,7,[CUDA memcpy Device-to-Host]
2008226109,13568,13267,1434,1,1,128,1,1,16,0.000,0.000,,,,,NVIDIA A100-SXM4-40GB (0),1,,13,cupy_copy__complex64_complex64
2008253117,2368,13274,103,1,1,128,1,1,16,0.000,0.000,,,,,NVIDIA A100-SXM4-40GB (0),1,,13,cupy_copy__complex64_complex64
2008273309,2016,13281,35,1,1,128,1,1,16,0.000,0.000,,,,,NVIDIA A100-SXM4-40GB (0),1,,13,cupy_copy__complex64_complex64
2008291228,1504,13288,1,1,1,1,1,1,18,0.000,0.000,,,,,NVIDIA A100-SXM4-40GB (0),1,,13,cupy_copy__float32_float32
2008422075,78207,13299,1,1,1,32,32,1,30,0.000,0.000,,,,,NVIDIA A100-SXM4-40GB (0),1,,13,"void convert_kernel<__half2, float2>(tensor_layout_any, T1 *, tensor_layout_any, const T2 *)"
2008528442,4223,13302,,,,,,,,,,0.061,14548.869,Pinned,Device,NVIDIA A100-SXM4-40GB (0),1,,13,[CUDA memcpy Host-to-Device]
2008542137,2592,13303,,,,,,,,,,1.547,596690.632,Device,,NVIDIA A100-SXM4-40GB (0),1,,13,[CUDA memset]
2008548185,3264,13308,,,,,,,,,,0.021,6450.969,Pinned,Device,NVIDIA A100-SXM4-40GB (0),1,,13,[CUDA memcpy Host-to-Device]
2008553593,7072,13309,,,,,,,,,,0.131,18533.843,Pinned,Device,NVIDIA A100-SXM4-40GB (0),1,,13,[CUDA memcpy Host-to-Device]
2008567385,6016,13310,273,1,1,8,4,1,39,0.002,0.000,,,,,NVIDIA A100-SXM4-40GB (0),1,,13,"void channel_eq::eqMmseCoefCompLowMimoKernel<float, float, float, (unsigned int)4, (unsigned int)1, (unsigned int)4>(const channel_eq::_puschRxChEqStatDescr *, channel_eq::_puschRxChEqCoefCompDynDescr)"
2008574489,4832,13311,273,1,1,12,11,1,40,0.002,0.000,,,,,NVIDIA A100-SXM4-40GB (0),1,,13,"void channel_eq::eqMmseSoftDemapKernel<float, __half, __half, float, (unsigned int)4, (unsigned short)16383>(channel_eq::_puschRxChEqStatDescr *, channel_eq::_puschRxChEqSoftDemapDynDescr)"
2008580633,281724,13312,1,1,1,32,32,1,30,0.000,0.000,,,,,NVIDIA A100-SXM4-40GB (0),1,,13,"void convert_kernel<float2, __half2>(tensor_layout_any, T1 *, tensor_layout_any, const T2 *)"
2008863605,10271,13324,2253,1,1,128,1,1,16,0.000,0.000,,,,,NVIDIA A100-SXM4-40GB (0),1,,13,cupy_copy__float16_float16
2008875124,2400,13333,282,1,1,128,1,1,16,0.000,0.000,,,,,NVIDIA A100-SXM4-40GB (0),1,,13,cupy_copy__complex64_complex64
2008878580,1792,13342,26,1,1,128,1,1,16,0.000,0.000,,,,,NVIDIA A100-SXM4-40GB (0),1,,13,cupy_copy__float32_float32
2008881620,2560,13351,103,1,1,128,1,1,16,0.000,0.000,,,,,NVIDIA A100-SXM4-40GB (0),1,,13,cupy_copy__complex64_complex64
2008885172,11136,13361,1434,1,1,128,1,1,16,0.000,0.000,,,,,NVIDIA A100-SXM4-40GB (0),1,,13,cupy_copy__complex64_complex64
2008924436,78911,13366,1,1,1,32,32,1,30,0.000,0.000,,,,,NVIDIA A100-SXM4-40GB (0),1,,13,"void convert_kernel<__half2, float2>(tensor_layout_any, T1 *, tensor_layout_any, const T2 *)"
2009031411,4159,13369,,,,,,,,,,0.061,14772.756,Pinned,Device,NVIDIA A100-SXM4-40GB (0),1,,13,[CUDA memcpy Host-to-Device]
2009042002,589177,13370,,,,,,,,,,456.520,774715.255,Device,,NVIDIA A100-SXM4-40GB (0),1,,13,[CUDA memset]
2009633099,32768,13375,,,,,,,,,,0.825,25187.023,Pinned,Device,NVIDIA A100-SXM4-40GB (0),1,,13,[CUDA memcpy Host-to-Device]
2009668139,6847,13376,,,,,,,,,,0.131,19142.935,Pinned,Device,NVIDIA A100-SXM4-40GB (0),1,,13,[CUDA memcpy Host-to-Device]
2009681610,7200,13377,69,4,1,48,1,1,76,0.002,0.000,,,,,NVIDIA A100-SXM4-40GB (0),1,,13,"void ch_est::windowedChEstPreNoDftSOfdmKernel<float, __half, float, (unsigned int)2, (unsigned int)1, (unsigned short)4>(ch_est::puschRxChEstStatDescr_t *, ch_est::puschRxChEstDynDescr_t *)"
2009690154,6016,13378,137,2,1,24,2,1,44,0.001,0.001,,,,,NVIDIA A100-SXM4-40GB (0),1,,13,"void ch_est::chEstFilterNoDftSOfdmDispatchKernel<float, __half, float, (unsigned int)2>(ch_est::puschRxChEstStatDescr_t *, ch_est::puschRxChEstDynDescr_t *)"
2009697226,4544,13379,137,2,1,24,2,1,44,0.001,0.001,,,,,NVIDIA A100-SXM4-40GB (0),1,,13,"void ch_est::chEstFilterNoDftSOfdmDispatchKernel<float, __half, float, (unsigned int)2>(ch_est::puschRxChEstStatDescr_t *, ch_est::puschRxChEstDynDescr_t *)"
2009703050,2176,13390,103,1,1,128,1,1,16,0.000,0.000,,,,,NVIDIA A100-SXM4-40GB (0),1,,13,cupy_copy__complex64_complex64
2009706250,12512,13400,1434,1,1,128,1,1,16,0.000,0.000,,,,,NVIDIA A100-SXM4-40GB (0),1,,13,cupy_copy__complex64_complex64
2009720074,2112,13407,103,1,1,128,1,1,16,0.000,0.000,,,,,NVIDIA A100-SXM4-40GB (0),1,,13,cupy_copy__complex64_complex64
2009723242,78719,13414,1,1,1,32,32,1,30,0.000,0.000,,,,,NVIDIA A100-SXM4-40GB (0),1,,13,"void convert_kernel<__half2, float2>(tensor_layout_any, T1 *, tensor_layout_any, const T2 *)"
2009829449,4607,13417,,,,,,,,,,0.061,13336.166,Pinned,Device,NVIDIA A100-SXM4-40GB (0),1,,13,[CUDA memcpy Host-to-Device]
2009841448,44736,13418,,,,,,,,,,35.801,800258.859,Device,,NVIDIA A100-SXM4-40GB (0),1,,13,[CUDA memset]
2009894600,1888,13420,,,,,,,,,,0.000,42.373,Pinned,Device,NVIDIA A100-SXM4-40GB (0),1,,13,[CUDA memcpy Host-to-Device]
2009898632,6848,13421,,,,,,,,,,0.131,19140.182,Pinned,Device,NVIDIA A100-SXM4-40GB (0),1,,13,[CUDA memcpy Host-to-Device]
2009909416,8607,13422,273,1,1,48,1,1,40,0.000,0.001,,,,,NVIDIA A100-SXM4-40GB (0),1,,13,"void pusch_noise_intf_est::noiseIntfEstNoDftSOfdmKernel<float, __half, float, float, (unsigned int)2, (unsigned int)1, (unsigned char)4, (unsigned char)4>(pusch_noise_intf_est::puschRxNoiseIntfEstDynDescr)"
2009919047,2624,13433,35,1,1,128,1,1,16,0.000,0.000,,,,,NVIDIA A100-SXM4-40GB (0),1,,13,cupy_copy__complex64_complex64
2009946215,1536,13442,1,1,1,1,1,1,18,0.000,0.000,,,,,NVIDIA A100-SXM4-40GB (0),1,,13,cupy_copy__float32_float32
2009979335,1632,13448,,,,,,,,,,0.000,2.451,Device,Pageable,NVIDIA A100-SXM4-40GB (0),1,,7,[CUDA memcpy Device-to-Host]
2010037382,13856,13459,1434,1,1,128,1,1,16,0.000,0.000,,,,,NVIDIA A100-SXM4-40GB (0),1,,13,cupy_copy__complex64_complex64
2010063750,2368,13466,103,1,1,128,1,1,16,0.000,0.000,,,,,NVIDIA A100-SXM4-40GB (0),1,,13,cupy_copy__complex64_complex64
2010084677,1984,13473,35,1,1,128,1,1,16,0.000,0.000,,,,,NVIDIA A100-SXM4-40GB (0),1,,13,cupy_copy__complex64_complex64
2010103269,1472,13480,1,1,1,1,1,1,18,0.000,0.000,,,,,NVIDIA A100-SXM4-40GB (0),1,,13,cupy_copy__float32_float32
2010236035,78143,13491,1,1,1,32,32,1,30,0.000,0.000,,,,,NVIDIA A100-SXM4-40GB (0),1,,13,"void convert_kernel<__half2, float2>(tensor_layout_any, T1 *, tensor_layout_any, const T2 *)"
2010476992,4288,13494,,,,,,,,,,0.061,14328.300,Pinned,Device,NVIDIA A100-SXM4-40GB (0),1,,13,[CUDA memcpy Host-to-Device]
2010487936,2592,13495,,,,,,,,,,1.547,596690.632,Device,,NVIDIA A100-SXM4-40GB (0),1,,13,[CUDA memset]
2010491584,3424,13500,,,,,,,,,,0.021,6149.531,Pinned,Device,NVIDIA A100-SXM4-40GB (0),1,,13,[CUDA memcpy Host-to-Device]
2010497792,6816,13501,,,,,,,,,,0.131,19229.966,Pinned,Device,NVIDIA A100-SXM4-40GB (0),1,,13,[CUDA memcpy Host-to-Device]
2010513504,5888,13502,273,1,1,8,4,1,39,0.002,0.000,,,,,NVIDIA A100-SXM4-40GB (0),1,,13,"void channel_eq::eqMmseCoefCompLowMimoKernel<float, float, float, (unsigned int)4, (unsigned int)1, (unsigned int)4>(const channel_eq::_puschRxChEqStatDescr *, channel_eq::_puschRxChEqCoefCompDynDescr)"
2010520672,4832,13503,273,1,1,12,11,1,40,0.002,0.000,,,,,NVIDIA A100-SXM4-40GB (0),1,,13,"void channel_eq::eqMmseSoftDemapKernel<float, __half, __half, float, (unsigned int)4, (unsigned short)16383>(channel_eq::_puschRxChEqStatDescr *, channel_eq::_puschRxChEqSoftDemapDynDescr)"
2010526816,281756,13504,1,1,1,32,32,1,30,0.000,0.000,,,,,NVIDIA A100-SXM4-40GB (0),1,,13,"void convert_kernel<float2, __half2>(tensor_layout_any, T1 *, tensor_layout_any, const T2 *)"
2010809692,10400,13516,2253,1,1,128,1,1,16,0.000,0.000,,,,,NVIDIA A100-SXM4-40GB (0),1,,13,cupy_copy__float16_float16
2010821340,2368,13525,282,1,1,128,1,1,16,0.000,0.000,,,,,NVIDIA A100-SXM4-40GB (0),1,,13,cupy_copy__complex64_complex64
2010824796,1760,13534,26,1,1,128,1,1,16,0.000,0.000,,,,,NVIDIA A100-SXM4-40GB (0),1,,13,cupy_copy__float32_float32
2010827804,2528,13543,103,1,1,128,1,1,16,0.000,0.000,,,,,NVIDIA A100-SXM4-40GB (0),1,,13,cupy_copy__complex64_complex64
2010831580,11360,13553,1434,1,1,128,1,1,16,0.000,0.000,,,,,NVIDIA A100-SXM4-40GB (0),1,,13,cupy_copy__complex64_complex64
2010980826,79103,13558,1,1,1,32,32,1,30,0.000,0.000,,,,,NVIDIA A100-SXM4-40GB (0),1,,13,"void convert_kernel<__half2, float2>(tensor_layout_any, T1 *, tensor_layout_any, const T2 *)"
2011091065,4736,13561,,,,,,,,,,0.061,12972.933,Pinned,Device,NVIDIA A100-SXM4-40GB (0),1,,13,[CUDA memcpy Host-to-Device]
2011103097,588888,13562,,,,,,,,,,456.520,775171.775,Device,,NVIDIA A100-SXM4-40GB (0),1,,13,[CUDA memset]
2011699569,32768,13567,,,,,,,,,,0.825,25187.023,Pinned,Device,NVIDIA A100-SXM4-40GB (0),1,,13,[CUDA memcpy Host-to-Device]
2011734929,7744,13568,,,,,,,,,,0.131,16925.590,Pinned,Device,NVIDIA A100-SXM4-40GB (0),1,,13,[CUDA memcpy Host-to-Device]
2011747312,7264,13569,69,4,1,48,1,1,76,0.002,0.000,,,,,NVIDIA A100-SXM4-40GB (0),1,,13,"void ch_est::windowedChEstPreNoDftSOfdmKernel<float, __half, float, (unsigned int)2, (unsigned int)1, (unsigned short)4>(ch_est::puschRxChEstStatDescr_t *, ch_est::puschRxChEstDynDescr_t *)"
2011755888,6144,13570,137,2,1,24,2,1,44,0.001,0.001,,,,,NVIDIA A100-SXM4-40GB (0),1,,13,"void ch_est::chEstFilterNoDftSOfdmDispatchKernel<float, __half, float, (unsigned int)2>(ch_est::puschRxChEstStatDescr_t *, ch_est::puschRxChEstDynDescr_t *)"
2011763120,4576,13571,137,2,1,24,2,1,44,0.001,0.001,,,,,NVIDIA A100-SXM4-40GB (0),1,,13,"void ch_est::chEstFilterNoDftSOfdmDispatchKernel<float, __half, float, (unsigned int)2>(ch_est::puschRxChEstStatDescr_t *, ch_est::puschRxChEstDynDescr_t *)"
2011769008,2176,13582,103,1,1,128,1,1,16,0.000,0.000,,,,,NVIDIA A100-SXM4-40GB (0),1,,13,cupy_copy__complex64_complex64
2011772144,12576,13592,1434,1,1,128,1,1,16,0.000,0.000,,,,,NVIDIA A100-SXM4-40GB (0),1,,13,cupy_copy__complex64_complex64
2011786032,2112,13599,103,1,1,128,1,1,16,0.000,0.000,,,,,NVIDIA A100-SXM4-40GB (0),1,,13,cupy_copy__complex64_complex64
2011789456,78207,13606,1,1,1,32,32,1,30,0.000,0.000,,,,,NVIDIA A100-SXM4-40GB (0),1,,13,"void convert_kernel<__half2, float2>(tensor_layout_any, T1 *, tensor_layout_any, const T2 *)"
2012026445,4480,13609,,,,,,,,,,0.061,13714.268,Pinned,Device,NVIDIA A100-SXM4-40GB (0),1,,13,[CUDA memcpy Host-to-Device]
2012035469,46047,13610,,,,,,,,,,35.801,777453.647,Device,,NVIDIA A100-SXM4-40GB (0),1,,13,[CUDA memset]
2012090028,2368,13612,,,,,,,,,,0.000,33.784,Pinned,Device,NVIDIA A100-SXM4-40GB (0),1,,13,[CUDA memcpy Host-to-Device]
2012094892,7072,13613,,,,,,,,,,0.131,18533.843,Pinned,Device,NVIDIA A100-SXM4-40GB (0),1,,13,[CUDA memcpy Host-to-Device]
2012108460,9024,13614,273,1,1,48,1,1,40,0.000,0.001,,,,,NVIDIA A100-SXM4-40GB (0),1,,13,"void pusch_noise_intf_est::noiseIntfEstNoDftSOfdmKernel<float, __half, float, float, (unsigned int)2, (unsigned int)1, (unsigned char)4, (unsigned char)4>(pusch_noise_intf_est::puschRxNoiseIntfEstDynDescr)"
2012118508,2592,13625,35,1,1,128,1,1,16,0.000,0.000,,,,,NVIDIA A100-SXM4-40GB (0),1,,13,cupy_copy__complex64_complex64
2012137580,1504,13634,1,1,1,1,1,1,18,0.000,0.000,,,,,NVIDIA A100-SXM4-40GB (0),1,,13,cupy_copy__float32_float32
2012170315,1728,13640,,,,,,,,,,0.000,2.315,Device,Pageable,NVIDIA A100-SXM4-40GB (0),1,,7,[CUDA memcpy Device-to-Host]
2012227370,13120,13651,1434,1,1,128,1,1,16,0.000,0.000,,,,,NVIDIA A100-SXM4-40GB (0),1,,13,cupy_copy__complex64_complex64
2012253866,2368,13658,103,1,1,128,1,1,16,0.000,0.000,,,,,NVIDIA A100-SXM4-40GB (0),1,,13,cupy_copy__complex64_complex64
2012274282,2016,13665,35,1,1,128,1,1,16,0.000,0.000,,,,,NVIDIA A100-SXM4-40GB (0),1,,13,cupy_copy__complex64_complex64
2012292874,1504,13672,1,1,1,1,1,1,18,0.000,0.000,,,,,NVIDIA A100-SXM4-40GB (0),1,,13,cupy_copy__float32_float32
2012553894,78847,13683,1,1,1,32,32,1,30,0.000,0.000,,,,,NVIDIA A100-SXM4-40GB (0),1,,13,"void convert_kernel<__half2, float2>(tensor_layout_any, T1 *, tensor_layout_any, const T2 *)"
2012664421,4544,13686,,,,,,,,,,0.061,13521.101,Pinned,Device,NVIDIA A100-SXM4-40GB (0),1,,13,[CUDA memcpy Host-to-Device]
2012679013,2560,13687,,,,,,,,,,1.547,604150.000,Device,,NVIDIA A100-SXM4-40GB (0),1,,13,[CUDA memset]
2012685157,3040,13692,,,,,,,,,,0.021,6926.308,Pinned,Device,NVIDIA A100-SXM4-40GB (0),1,,13,[CUDA memcpy Host-to-Device]
2012691333,7200,13693,,,,,,,,,,0.131,18204.328,Pinned,Device,NVIDIA A100-SXM4-40GB (0),1,,13,[CUDA memcpy Host-to-Device]
2012705252,5920,13694,273,1,1,8,4,1,39,0.002,0.000,,,,,NVIDIA A100-SXM4-40GB (0),1,,13,"void channel_eq::eqMmseCoefCompLowMimoKernel<float, float, float, (unsigned int)4, (unsigned int)1, (unsigned int)4>(const channel_eq::_puschRxChEqStatDescr *, channel_eq::_puschRxChEqCoefCompDynDescr)"
2012712228,4832,13695,273,1,1,12,11,1,40,0.002,0.000,,,,,NVIDIA A100-SXM4-40GB (0),1,,13,"void channel_eq::eqMmseSoftDemapKernel<float, __half, __half, float, (unsigned int)4, (unsigned short)16383>(channel_eq::_puschRxChEqStatDescr *, channel_eq::_puschRxChEqSoftDemapDynDescr)"
2012718340,281757,13696,1,1,1,32,32,1,30,0.000,0.000,,,,,NVIDIA A100-SXM4-40GB (0),1,,13,"void convert_kernel<float2, __half2>(tensor_layout_any, T1 *, tensor_layout_any, const T2 *)"
2013001121,10336,13708,2253,1,1,128,1,1,16,0.000,0.000,,,,,NVIDIA A100-SXM4-40GB (0),1,,13,cupy_copy__float16_float16
2013012673,2368,13717,282,1,1,128,1,1,16,0.000,0.000,,,,,NVIDIA A100-SXM4-40GB (0),1,,13,cupy_copy__complex64_complex64
2013016129,1760,13726,26,1,1,128,1,1,16,0.000,0.000,,,,,NVIDIA A100-SXM4-40GB (0),1,,13,cupy_copy__float32_float32
2013019073,2528,13735,103,1,1,128,1,1,16,0.000,0.000,,,,,NVIDIA A100-SXM4-40GB (0),1,,13,cupy_copy__complex64_complex64
2013071680,11200,13751,1434,1,1,128,1,1,16,0.000,0.000,,,,,NVIDIA A100-SXM4-40GB (0),1,,13,cupy_copy__complex64_complex64
2013187422,78175,13756,1,1,1,32,32,1,30,0.000,0.000,,,,,NVIDIA A100-SXM4-40GB (0),1,,13,"void convert_kernel<__half2, float2>(tensor_layout_any, T1 *, tensor_layout_any, const T2 *)"
2013293053,4192,13759,,,,,,,,,,0.061,14656.451,Pinned,Device,NVIDIA A100-SXM4-40GB (0),1,,13,[CUDA memcpy Host-to-Device]
2013304157,589113,13760,,,,,,,,,,456.520,774715.255,Device,,NVIDIA A100-SXM4-40GB (0),1,,13,[CUDA memset]
2013894998,33151,13765,,,,,,,,,,0.825,24896.502,Pinned,Device,NVIDIA A100-SXM4-40GB (0),1,,13,[CUDA memcpy Host-to-Device]
2013930677,6816,13766,,,,,,,,,,0.131,19229.966,Pinned,Device,NVIDIA A100-SXM4-40GB (0),1,,13,[CUDA memcpy Host-to-Device]
2013946901,7168,13767,69,4,1,48,1,1,76,0.002,0.000,,,,,NVIDIA A100-SXM4-40GB (0),1,,13,"void ch_est::windowedChEstPreNoDftSOfdmKernel<float, __half, float, (unsigned int)2, (unsigned int)1, (unsigned short)4>(ch_est::puschRxChEstStatDescr_t *, ch_est::puschRxChEstDynDescr_t *)"
2013955189,6400,13768,137,2,1,24,2,1,44,0.001,0.001,,,,,NVIDIA A100-SXM4-40GB (0),1,,13,"void ch_est::chEstFilterNoDftSOfdmDispatchKernel<float, __half, float, (unsigned int)2>(ch_est::puschRxChEstStatDescr_t *, ch_est::puschRxChEstDynDescr_t *)"
2013962613,4576,13769,137,2,1,24,2,1,44,0.001,0.001,,,,,NVIDIA A100-SXM4-40GB (0),1,,13,"void ch_est::chEstFilterNoDftSOfdmDispatchKernel<float, __half, float, (unsigned int)2>(ch_est::puschRxChEstStatDescr_t *, ch_est::puschRxChEstDynDescr_t *)"
2013968373,2176,13780,103,1,1,128,1,1,16,0.000,0.000,,,,,NVIDIA A100-SXM4-40GB (0),1,,13,cupy_copy__complex64_complex64
2013971573,12607,13790,1434,1,1,128,1,1,16,0.000,0.000,,,,,NVIDIA A100-SXM4-40GB (0),1,,13,cupy_copy__complex64_complex64
2013985204,2112,13797,103,1,1,128,1,1,16,0.000,0.000,,,,,NVIDIA A100-SXM4-40GB (0),1,,13,cupy_copy__complex64_complex64
2013988404,78783,13804,1,1,1,32,32,1,30,0.000,0.000,,,,,NVIDIA A100-SXM4-40GB (0),1,,13,"void convert_kernel<__half2, float2>(tensor_layout_any, T1 *, tensor_layout_any, const T2 *)"
2014094931,4224,13807,,,,,,,,,,0.061,14545.428,Pinned,Device,NVIDIA A100-SXM4-40GB (0),1,,13,[CUDA memcpy Host-to-Device]
2014106675,44895,13808,,,,,,,,,,35.801,797430.583,Device,,NVIDIA A100-SXM4-40GB (0),1,,13,[CUDA memset]
2014159506,1920,13810,,,,,,,,,,0.000,41.667,Pinned,Device,NVIDIA A100-SXM4-40GB (0),1,,13,[CUDA memcpy Host-to-Device]
2014163538,6816,13811,,,,,,,,,,0.131,19229.966,Pinned,Device,NVIDIA A100-SXM4-40GB (0),1,,13,[CUDA memcpy Host-to-Device]
2014174834,8736,13812,273,1,1,48,1,1,40,0.000,0.001,,,,,NVIDIA A100-SXM4-40GB (0),1,,13,"void pusch_noise_intf_est::noiseIntfEstNoDftSOfdmKernel<float, __half, float, float, (unsigned int)2, (unsigned int)1, (unsigned char)4, (unsigned char)4>(pusch_noise_intf_est::puschRxNoiseIntfEstDynDescr)"
2014184594,2592,13823,35,1,1,128,1,1,16,0.000,0.000,,,,,NVIDIA A100-SXM4-40GB (0),1,,13,cupy_copy__complex64_complex64
2014213682,1504,13832,1,1,1,1,1,1,18,0.000,0.000,,,,,NVIDIA A100-SXM4-40GB (0),1,,13,cupy_copy__float32_float32
2014246577,1728,13838,,,,,,,,,,0.000,2.315,Device,Pageable,NVIDIA A100-SXM4-40GB (0),1,,7,[CUDA memcpy Device-to-Host]
2014304464,12896,13849,1434,1,1,128,1,1,16,0.000,0.000,,,,,NVIDIA A100-SXM4-40GB (0),1,,13,cupy_copy__complex64_complex64
2014331824,2368,13856,103,1,1,128,1,1,16,0.000,0.000,,,,,NVIDIA A100-SXM4-40GB (0),1,,13,cupy_copy__complex64_complex64
2014352656,1984,13863,35,1,1,128,1,1,16,0.000,0.000,,,,,NVIDIA A100-SXM4-40GB (0),1,,13,cupy_copy__complex64_complex64
2014371184,1472,13870,1,1,1,1,1,1,18,0.000,0.000,,,,,NVIDIA A100-SXM4-40GB (0),1,,13,cupy_copy__float32_float32
2014503630,77887,13881,1,1,1,32,32,1,30,0.000,0.000,,,,,NVIDIA A100-SXM4-40GB (0),1,,13,"void convert_kernel<__half2, float2>(tensor_layout_any, T1 *, tensor_layout_any, const T2 *)"
2014609069,4192,13884,,,,,,,,,,0.061,14656.451,Pinned,Device,NVIDIA A100-SXM4-40GB (0),1,,13,[CUDA memcpy Host-to-Device]
2014625932,2560,13885,,,,,,,,,,1.547,604150.000,Device,,NVIDIA A100-SXM4-40GB (0),1,,13,[CUDA memset]
2014632140,3040,13890,,,,,,,,,,0.021,6926.308,Pinned,Device,NVIDIA A100-SXM4-40GB (0),1,,13,[CUDA memcpy Host-to-Device]
2014637292,6880,13891,,,,,,,,,,0.131,19051.053,Pinned,Device,NVIDIA A100-SXM4-40GB (0),1,,13,[CUDA memcpy Host-to-Device]
2014648652,5888,13892,273,1,1,8,4,1,39,0.002,0.000,,,,,NVIDIA A100-SXM4-40GB (0),1,,13,"void channel_eq::eqMmseCoefCompLowMimoKernel<float, float, float, (unsigned int)4, (unsigned int)1, (unsigned int)4>(const channel_eq::_puschRxChEqStatDescr *, channel_eq::_puschRxChEqCoefCompDynDescr)"
2014655820,4928,13893,273,1,1,12,11,1,40,0.002,0.000,,,,,NVIDIA A100-SXM4-40GB (0),1,,13,"void channel_eq::eqMmseSoftDemapKernel<float, __half, __half, float, (unsigned int)4, (unsigned short)16383>(channel_eq::_puschRxChEqStatDescr *, channel_eq::_puschRxChEqSoftDemapDynDescr)"
2014661772,281660,13894,1,1,1,32,32,1,30,0.000,0.000,,,,,NVIDIA A100-SXM4-40GB (0),1,,13,"void convert_kernel<float2, __half2>(tensor_layout_any, T1 *, tensor_layout_any, const T2 *)"
2014944648,10304,13906,2253,1,1,128,1,1,16,0.000,0.000,,,,,NVIDIA A100-SXM4-40GB (0),1,,13,cupy_copy__float16_float16
2014956200,2400,13915,282,1,1,128,1,1,16,0.000,0.000,,,,,NVIDIA A100-SXM4-40GB (0),1,,13,cupy_copy__complex64_complex64
2014959656,1792,13924,26,1,1,128,1,1,16,0.000,0.000,,,,,NVIDIA A100-SXM4-40GB (0),1,,13,cupy_copy__float32_float32
2014962472,2528,13933,103,1,1,128,1,1,16,0.000,0.000,,,,,NVIDIA A100-SXM4-40GB (0),1,,13,cupy_copy__complex64_complex64
2014966216,11296,13943,1434,1,1,128,1,1,16,0.000,0.000,,,,,NVIDIA A100-SXM4-40GB (0),1,,13,cupy_copy__complex64_complex64
2014997736,78399,13948,1,1,1,32,32,1,30,0.000,0.000,,,,,NVIDIA A100-SXM4-40GB (0),1,,13,"void convert_kernel<__half2, float2>(tensor_layout_any, T1 *, tensor_layout_any, const T2 *)"
2015103750,4192,13951,,,,,,,,,,0.061,14656.451,Pinned,Device,NVIDIA A100-SXM4-40GB (0),1,,13,[CUDA memcpy Host-to-Device]
2015115334,588153,13952,,,,,,,,,,456.520,776084.816,Device,,NVIDIA A100-SXM4-40GB (0),1,,13,[CUDA memset]
2015706399,32735,13957,,,,,,,,,,0.825,25212.609,Pinned,Device,NVIDIA A100-SXM4-40GB (0),1,,13,[CUDA memcpy Host-to-Device]
2015741662,6880,13958,,,,,,,,,,0.131,19051.053,Pinned,Device,NVIDIA A100-SXM4-40GB (0),1,,13,[CUDA memcpy Host-to-Device]
2015755934,7072,13959,69,4,1,48,1,1,76,0.002,0.000,,,,,NVIDIA A100-SXM4-40GB (0),1,,13,"void ch_est::windowedChEstPreNoDftSOfdmKernel<float, __half, float, (unsigned int)2, (unsigned int)1, (unsigned short)4>(ch_est::puschRxChEstStatDescr_t *, ch_est::puschRxChEstDynDescr_t *)"
2015764062,6272,13960,137,2,1,24,2,1,44,0.001,0.001,,,,,NVIDIA A100-SXM4-40GB (0),1,,13,"void ch_est::chEstFilterNoDftSOfdmDispatchKernel<float, __half, float, (unsigned int)2>(ch_est::puschRxChEstStatDescr_t *, ch_est::puschRxChEstDynDescr_t *)"
2015771422,4544,13961,137,2,1,24,2,1,44,0.001,0.001,,,,,NVIDIA A100-SXM4-40GB (0),1,,13,"void ch_est::chEstFilterNoDftSOfdmDispatchKernel<float, __half, float, (unsigned int)2>(ch_est::puschRxChEstStatDescr_t *, ch_est::puschRxChEstDynDescr_t *)"
2015777278,2176,13972,103,1,1,128,1,1,16,0.000,0.000,,,,,NVIDIA A100-SXM4-40GB (0),1,,13,cupy_copy__complex64_complex64
2015780670,12352,13982,1434,1,1,128,1,1,16,0.000,0.000,,,,,NVIDIA A100-SXM4-40GB (0),1,,13,cupy_copy__complex64_complex64
2015794142,2080,13989,103,1,1,128,1,1,16,0.000,0.000,,,,,NVIDIA A100-SXM4-40GB (0),1,,13,cupy_copy__complex64_complex64
2015797342,79039,13996,1,1,1,32,32,1,30,0.000,0.000,,,,,NVIDIA A100-SXM4-40GB (0),1,,13,"void convert_kernel<__half2, float2>(tensor_layout_any, T1 *, tensor_layout_any, const T2 *)"
2016041083,4192,13999,,,,,,,,,,0.061,14656.451,Pinned,Device,NVIDIA A100-SXM4-40GB (0),1,,13,[CUDA memcpy Host-to-Device]
2016054267,45983,14000,,,,,,,,,,35.801,778563.477,Device,,NVIDIA A100-SXM4-40GB (0),1,,13,[CUDA memset]
2016107130,1888,14002,,,,,,,,,,0.000,42.373,Pinned,Device,NVIDIA A100-SXM4-40GB (0),1,,13,[CUDA memcpy Host-to-Device]
2016111354,6816,14003,,,,,,,,,,0.131,19229.966,Pinned,Device,NVIDIA A100-SXM4-40GB (0),1,,13,[CUDA memcpy Host-to-Device]
2016127002,9056,14004,273,1,1,48,1,1,40,0.000,0.001,,,,,NVIDIA A100-SXM4-40GB (0),1,,13,"void pusch_noise_intf_est::noiseIntfEstNoDftSOfdmKernel<float, __half, float, float, (unsigned int)2, (unsigned int)1, (unsigned char)4, (unsigned char)4>(pusch_noise_intf_est::puschRxNoiseIntfEstDynDescr)"
2016137114,2495,14015,35,1,1,128,1,1,16,0.000,0.000,,,,,NVIDIA A100-SXM4-40GB (0),1,,13,cupy_copy__complex64_complex64
2016146585,1504,14024,1,1,1,1,1,1,18,0.000,0.000,,,,,NVIDIA A100-SXM4-40GB (0),1,,13,cupy_copy__float32_float32
2016179673,1760,14030,,,,,,,,,,0.000,2.273,Device,Pageable,NVIDIA A100-SXM4-40GB (0),1,,7,[CUDA memcpy Device-to-Host]
2016236600,13408,14041,1434,1,1,128,1,1,16,0.000,0.000,,,,,NVIDIA A100-SXM4-40GB (0),1,,13,cupy_copy__complex64_complex64
2016262904,2368,14048,103,1,1,128,1,1,16,0.000,0.000,,,,,NVIDIA A100-SXM4-40GB (0),1,,13,cupy_copy__complex64_complex64
2016283384,2048,14055,35,1,1,128,1,1,16,0.000,0.000,,,,,NVIDIA A100-SXM4-40GB (0),1,,13,cupy_copy__complex64_complex64
2016300791,1472,14062,1,1,1,1,1,1,18,0.000,0.000,,,,,NVIDIA A100-SXM4-40GB (0),1,,13,cupy_copy__float32_float32
2016562356,79199,14073,1,1,1,32,32,1,30,0.000,0.000,,,,,NVIDIA A100-SXM4-40GB (0),1,,13,"void convert_kernel<__half2, float2>(tensor_layout_any, T1 *, tensor_layout_any, const T2 *)"
2016673619,4160,14076,,,,,,,,,,0.061,14769.193,Pinned,Device,NVIDIA A100-SXM4-40GB (0),1,,13,[CUDA memcpy Host-to-Device]
2016688339,2560,14077,,,,,,,,,,1.547,604150.000,Device,,NVIDIA A100-SXM4-40GB (0),1,,13,[CUDA memset]
2016694355,3071,14082,,,,,,,,,,0.021,6856.381,Pinned,Device,NVIDIA A100-SXM4-40GB (0),1,,13,[CUDA memcpy Host-to-Device]
2016699570,8544,14083,,,,,,,,,,0.131,15340.798,Pinned,Device,NVIDIA A100-SXM4-40GB (0),1,,13,[CUDA memcpy Host-to-Device]
2016711890,5888,14084,273,1,1,8,4,1,39,0.002,0.000,,,,,NVIDIA A100-SXM4-40GB (0),1,,13,"void channel_eq::eqMmseCoefCompLowMimoKernel<float, float, float, (unsigned int)4, (unsigned int)1, (unsigned int)4>(const channel_eq::_puschRxChEqStatDescr *, channel_eq::_puschRxChEqCoefCompDynDescr)"
2016719058,4832,14085,273,1,1,12,11,1,40,0.002,0.000,,,,,NVIDIA A100-SXM4-40GB (0),1,,13,"void channel_eq::eqMmseSoftDemapKernel<float, __half, __half, float, (unsigned int)4, (unsigned short)16383>(channel_eq::_puschRxChEqStatDescr *, channel_eq::_puschRxChEqSoftDemapDynDescr)"
2016725202,281853,14086,1,1,1,32,32,1,30,0.000,0.000,,,,,NVIDIA A100-SXM4-40GB (0),1,,13,"void convert_kernel<float2, __half2>(tensor_layout_any, T1 *, tensor_layout_any, const T2 *)"
2017008239,10175,14098,2253,1,1,128,1,1,16,0.000,0.000,,,,,NVIDIA A100-SXM4-40GB (0),1,,13,cupy_copy__float16_float16
2017019438,2368,14107,282,1,1,128,1,1,16,0.000,0.000,,,,,NVIDIA A100-SXM4-40GB (0),1,,13,cupy_copy__complex64_complex64
2017022894,1760,14116,26,1,1,128,1,1,16,0.000,0.000,,,,,NVIDIA A100-SXM4-40GB (0),1,,13,cupy_copy__float32_float32
2017025902,2528,14125,103,1,1,128,1,1,16,0.000,0.000,,,,,NVIDIA A100-SXM4-40GB (0),1,,13,cupy_copy__complex64_complex64
2017029454,11456,14135,1434,1,1,128,1,1,16,0.000,0.000,,,,,NVIDIA A100-SXM4-40GB (0),1,,13,cupy_copy__complex64_complex64
2017076814,78431,14140,1,1,1,32,32,1,30,0.000,0.000,,,,,NVIDIA A100-SXM4-40GB (0),1,,13,"void convert_kernel<__half2, float2>(tensor_layout_any, T1 *, tensor_layout_any, const T2 *)"
2017314987,4160,14143,,,,,,,,,,0.061,14769.193,Pinned,Device,NVIDIA A100-SXM4-40GB (0),1,,13,[CUDA memcpy Host-to-Device]
2017323787,589304,14144,,,,,,,,,,456.520,774258.734,Device,,NVIDIA A100-SXM4-40GB (0),1,,13,[CUDA memset]
2017922147,32736,14149,,,,,,,,,,0.825,25211.783,Pinned,Device,NVIDIA A100-SXM4-40GB (0),1,,13,[CUDA memcpy Host-to-Device]
2017957507,6784,14150,,,,,,,,,,0.131,19320.668,Pinned,Device,NVIDIA A100-SXM4-40GB (0),1,,13,[CUDA memcpy Host-to-Device]
2017975266,7776,14151,69,4,1,48,1,1,76,0.002,0.000,,,,,NVIDIA A100-SXM4-40GB (0),1,,13,"void ch_est::windowedChEstPreNoDftSOfdmKernel<float, __half, float, (unsigned int)2, (unsigned int)1, (unsigned short)4>(ch_est::puschRxChEstStatDescr_t *, ch_est::puschRxChEstDynDescr_t *)"
2017984098,6368,14152,137,2,1,24,2,1,44,0.001,0.001,,,,,NVIDIA A100-SXM4-40GB (0),1,,13,"void ch_est::chEstFilterNoDftSOfdmDispatchKernel<float, __half, float, (unsigned int)2>(ch_est::puschRxChEstStatDescr_t *, ch_est::puschRxChEstDynDescr_t *)"
2017991746,4576,14153,137,2,1,24,2,1,44,0.001,0.001,,,,,NVIDIA A100-SXM4-40GB (0),1,,13,"void ch_est::chEstFilterNoDftSOfdmDispatchKernel<float, __half, float, (unsigned int)2>(ch_est::puschRxChEstStatDescr_t *, ch_est::puschRxChEstDynDescr_t *)"
2017997602,2176,14164,103,1,1,128,1,1,16,0.000,0.000,,,,,NVIDIA A100-SXM4-40GB (0),1,,13,cupy_copy__complex64_complex64
2018000802,12608,14174,1434,1,1,128,1,1,16,0.000,0.000,,,,,NVIDIA A100-SXM4-40GB (0),1,,13,cupy_copy__complex64_complex64
2018014626,2144,14181,103,1,1,128,1,1,16,0.000,0.000,,,,,NVIDIA A100-SXM4-40GB (0),1,,13,cupy_copy__complex64_complex64
2018017826,78719,14188,1,1,1,32,32,1,30,0.000,0.000,,,,,NVIDIA A100-SXM4-40GB (0),1,,13,"void convert_kernel<__half2, float2>(tensor_layout_any, T1 *, tensor_layout_any, const T2 *)"
2018127137,4224,14191,,,,,,,,,,0.061,14545.428,Pinned,Device,NVIDIA A100-SXM4-40GB (0),1,,13,[CUDA memcpy Host-to-Device]
2018139808,44640,14192,,,,,,,,,,35.801,801977.305,Device,,NVIDIA A100-SXM4-40GB (0),1,,13,[CUDA memset]
2018192992,2048,14194,,,,,,,,,,0.000,39.062,Pinned,Device,NVIDIA A100-SXM4-40GB (0),1,,13,[CUDA memcpy Host-to-Device]
2018197184,6784,14195,,,,,,,,,,0.131,19320.668,Pinned,Device,NVIDIA A100-SXM4-40GB (0),1,,13,[CUDA memcpy Host-to-Device]
2018209376,8671,14196,273,1,1,48,1,1,40,0.000,0.001,,,,,NVIDIA A100-SXM4-40GB (0),1,,13,"void pusch_noise_intf_est::noiseIntfEstNoDftSOfdmKernel<float, __half, float, float, (unsigned int)2, (unsigned int)1, (unsigned char)4, (unsigned char)4>(pusch_noise_intf_est::puschRxNoiseIntfEstDynDescr)"
2018219071,2592,14207,35,1,1,128,1,1,16,0.000,0.000,,,,,NVIDIA A100-SXM4-40GB (0),1,,13,cupy_copy__complex64_complex64
2018251295,1536,14216,1,1,1,1,1,1,18,0.000,0.000,,,,,NVIDIA A100-SXM4-40GB (0),1,,13,cupy_copy__float32_float32
2018284415,1728,14222,,,,,,,,,,0.000,2.315,Device,Pageable,NVIDIA A100-SXM4-40GB (0),1,,7,[CUDA memcpy Device-to-Host]
2018341150,13088,14233,1434,1,1,128,1,1,16,0.000,0.000,,,,,NVIDIA A100-SXM4-40GB (0),1,,13,cupy_copy__complex64_complex64
2018367870,2368,14240,103,1,1,128,1,1,16,0.000,0.000,,,,,NVIDIA A100-SXM4-40GB (0),1,,13,cupy_copy__complex64_complex64
2018388381,1984,14247,35,1,1,128,1,1,16,0.000,0.000,,,,,NVIDIA A100-SXM4-40GB (0),1,,13,cupy_copy__complex64_complex64
2018407517,1504,14254,1,1,1,1,1,1,18,0.000,0.000,,,,,NVIDIA A100-SXM4-40GB (0),1,,13,cupy_copy__float32_float32
2018543547,78335,14265,1,1,1,32,32,1,30,0.000,0.000,,,,,NVIDIA A100-SXM4-40GB (0),1,,13,"void convert_kernel<__half2, float2>(tensor_layout_any, T1 *, tensor_layout_any, const T2 *)"
2018650298,4384,14268,,,,,,,,,,0.061,14014.587,Pinned,Device,NVIDIA A100-SXM4-40GB (0),1,,13,[CUDA memcpy Host-to-Device]
2018664250,2560,14269,,,,,,,,,,1.547,604150.000,Device,,NVIDIA A100-SXM4-40GB (0),1,,13,[CUDA memset]
2018670458,3072,14274,,,,,,,,,,0.021,6854.149,Pinned,Device,NVIDIA A100-SXM4-40GB (0),1,,13,[CUDA memcpy Host-to-Device]
2018675962,6880,14275,,,,,,,,,,0.131,19051.053,Pinned,Device,NVIDIA A100-SXM4-40GB (0),1,,13,[CUDA memcpy Host-to-Device]
2018687578,5887,14276,273,1,1,8,4,1,39,0.002,0.000,,,,,NVIDIA A100-SXM4-40GB (0),1,,13,"void channel_eq::eqMmseCoefCompLowMimoKernel<float, float, float, (unsigned int)4, (unsigned int)1, (unsigned int)4>(const channel_eq::_puschRxChEqStatDescr *, channel_eq::_puschRxChEqCoefCompDynDescr)"
2018694745,4832,14277,273,1,1,12,11,1,40,0.002,0.000,,,,,NVIDIA A100-SXM4-40GB (0),1,,13,"void channel_eq::eqMmseSoftDemapKernel<float, __half, __half, float, (unsigned int)4, (unsigned short)16383>(channel_eq::_puschRxChEqStatDescr *, channel_eq::_puschRxChEqSoftDemapDynDescr)"
2018700889,281085,14278,1,1,1,32,32,1,30,0.000,0.000,,,,,NVIDIA A100-SXM4-40GB (0),1,,13,"void convert_kernel<float2, __half2>(tensor_layout_any, T1 *, tensor_layout_any, const T2 *)"
2018983062,10336,14290,2253,1,1,128,1,1,16,0.000,0.000,,,,,NVIDIA A100-SXM4-40GB (0),1,,13,cupy_copy__float16_float16
2018994710,2368,14299,282,1,1,128,1,1,16,0.000,0.000,,,,,NVIDIA A100-SXM4-40GB (0),1,,13,cupy_copy__complex64_complex64
2018998134,1792,14308,26,1,1,128,1,1,16,0.000,0.000,,,,,NVIDIA A100-SXM4-40GB (0),1,,13,cupy_copy__float32_float32
2019001142,2528,14317,103,1,1,128,1,1,16,0.000,0.000,,,,,NVIDIA A100-SXM4-40GB (0),1,,13,cupy_copy__complex64_complex64
2019004950,11263,14327,1434,1,1,128,1,1,16,0.000,0.000,,,,,NVIDIA A100-SXM4-40GB (0),1,,13,cupy_copy__complex64_complex64
2019033013,78559,14332,1,1,1,32,32,1,30,0.000,0.000,,,,,NVIDIA A100-SXM4-40GB (0),1,,13,"void convert_kernel<__half2, float2>(tensor_layout_any, T1 *, tensor_layout_any, const T2 *)"
2019139220,4288,14335,,,,,,,,,,0.061,14328.300,Pinned,Device,NVIDIA A100-SXM4-40GB (0),1,,13,[CUDA memcpy Host-to-Device]
2019150036,588856,14336,,,,,,,,,,456.520,775171.775,Device,,NVIDIA A100-SXM4-40GB (0),1,,13,[CUDA memset]
2019740204,32832,14341,,,,,,,,,,0.825,25138.328,Pinned,Device,NVIDIA A100-SXM4-40GB (0),1,,13,[CUDA memcpy Host-to-Device]
2019775180,6976,14342,,,,,,,,,,0.131,18788.909,Pinned,Device,NVIDIA A100-SXM4-40GB (0),1,,13,[CUDA memcpy Host-to-Device]
2019792844,6976,14343,69,4,1,48,1,1,76,0.002,0.000,,,,,NVIDIA A100-SXM4-40GB (0),1,,13,"void ch_est::windowedChEstPreNoDftSOfdmKernel<float, __half, float, (unsigned int)2, (unsigned int)1, (unsigned short)4>(ch_est::puschRxChEstStatDescr_t *, ch_est::puschRxChEstDynDescr_t *)"
2019800876,6400,14344,137,2,1,24,2,1,44,0.001,0.001,,,,,NVIDIA A100-SXM4-40GB (0),1,,13,"void ch_est::chEstFilterNoDftSOfdmDispatchKernel<float, __half, float, (unsigned int)2>(ch_est::puschRxChEstStatDescr_t *, ch_est::puschRxChEstDynDescr_t *)"
2019808396,4543,14345,137,2,1,24,2,1,44,0.001,0.001,,,,,NVIDIA A100-SXM4-40GB (0),1,,13,"void ch_est::chEstFilterNoDftSOfdmDispatchKernel<float, __half, float, (unsigned int)2>(ch_est::puschRxChEstStatDescr_t *, ch_est::puschRxChEstDynDescr_t *)"
2019814155,2208,14356,103,1,1,128,1,1,16,0.000,0.000,,,,,NVIDIA A100-SXM4-40GB (0),1,,13,cupy_copy__complex64_complex64
2019817675,12448,14366,1434,1,1,128,1,1,16,0.000,0.000,,,,,NVIDIA A100-SXM4-40GB (0),1,,13,cupy_copy__complex64_complex64
2019831179,2112,14373,103,1,1,128,1,1,16,0.000,0.000,,,,,NVIDIA A100-SXM4-40GB (0),1,,13,cupy_copy__complex64_complex64
2019834571,78879,14380,1,1,1,32,32,1,30,0.000,0.000,,,,,NVIDIA A100-SXM4-40GB (0),1,,13,"void convert_kernel<__half2, float2>(tensor_layout_any, T1 *, tensor_layout_any, const T2 *)"
2019940170,4512,14383,,,,,,,,,,0.061,13617.009,Pinned,Device,NVIDIA A100-SXM4-40GB (0),1,,13,[CUDA memcpy Host-to-Device]
2019952554,45119,14384,,,,,,,,,,35.801,793456.676,Device,,NVIDIA A100-SXM4-40GB (0),1,,13,[CUDA memset]
2020005193,1888,14386,,,,,,,,,,0.000,42.373,Pinned,Device,NVIDIA A100-SXM4-40GB (0),1,,13,[CUDA memcpy Host-to-Device]
2020010025,6816,14387,,,,,,,,,,0.131,19229.966,Pinned,Device,NVIDIA A100-SXM4-40GB (0),1,,13,[CUDA memcpy Host-to-Device]
2020021801,8416,14388,273,1,1,48,1,1,40,0.000,0.001,,,,,NVIDIA A100-SXM4-40GB (0),1,,13,"void pusch_noise_intf_est::noiseIntfEstNoDftSOfdmKernel<float, __half, float, float, (unsigned int)2, (unsigned int)1, (unsigned char)4, (unsigned char)4>(pusch_noise_intf_est::puschRxNoiseIntfEstDynDescr)"
2020031273,2560,14399,35,1,1,128,1,1,16,0.000,0.000,,,,,NVIDIA A100-SXM4-40GB (0),1,,13,cupy_copy__complex64_complex64
2020058216,1536,14408,1,1,1,1,1,1,18,0.000,0.000,,,,,NVIDIA A100-SXM4-40GB (0),1,,13,cupy_copy__float32_float32
2020091880,1664,14414,,,,,,,,,,0.000,2.404,Device,Pageable,NVIDIA A100-SXM4-40GB (0),1,,7,[CUDA memcpy Device-to-Host]
2020148615,13024,14425,1434,1,1,128,1,1,16,0.000,0.000,,,,,NVIDIA A100-SXM4-40GB (0),1,,13,cupy_copy__complex64_complex64
2020174279,2336,14432,103,1,1,128,1,1,16,0.000,0.000,,,,,NVIDIA A100-SXM4-40GB (0),1,,13,cupy_copy__complex64_complex64
2020194759,2048,14439,35,1,1,128,1,1,16,0.000,0.000,,,,,NVIDIA A100-SXM4-40GB (0),1,,13,cupy_copy__complex64_complex64
2020217478,1504,14446,1,1,1,1,1,1,18,0.000,0.000,,,,,NVIDIA A100-SXM4-40GB (0),1,,13,cupy_copy__float32_float32
2020349925,78271,14457,1,1,1,32,32,1,30,0.000,0.000,,,,,NVIDIA A100-SXM4-40GB (0),1,,13,"void convert_kernel<__half2, float2>(tensor_layout_any, T1 *, tensor_layout_any, const T2 *)"
2020456387,4320,14460,,,,,,,,,,0.061,14222.193,Pinned,Device,NVIDIA A100-SXM4-40GB (0),1,,13,[CUDA memcpy Host-to-Device]
2020470563,2560,14461,,,,,,,,,,1.547,604150.000,Device,,NVIDIA A100-SXM4-40GB (0),1,,13,[CUDA memset]
2020476835,3008,14466,,,,,,,,,,0.021,6999.983,Pinned,Device,NVIDIA A100-SXM4-40GB (0),1,,13,[CUDA memcpy Host-to-Device]
2020482115,6816,14467,,,,,,,,,,0.131,19229.966,Pinned,Device,NVIDIA A100-SXM4-40GB (0),1,,13,[CUDA memcpy Host-to-Device]
2020494115,5920,14468,273,1,1,8,4,1,39,0.002,0.000,,,,,NVIDIA A100-SXM4-40GB (0),1,,13,"void channel_eq::eqMmseCoefCompLowMimoKernel<float, float, float, (unsigned int)4, (unsigned int)1, (unsigned int)4>(const channel_eq::_puschRxChEqStatDescr *, channel_eq::_puschRxChEqCoefCompDynDescr)"
2020501059,4768,14469,273,1,1,12,11,1,40,0.002,0.000,,,,,NVIDIA A100-SXM4-40GB (0),1,,13,"void channel_eq::eqMmseSoftDemapKernel<float, __half, __half, float, (unsigned int)4, (unsigned short)16383>(channel_eq::_puschRxChEqStatDescr *, channel_eq::_puschRxChEqSoftDemapDynDescr)"
2020506851,281660,14470,1,1,1,32,32,1,30,0.000,0.000,,,,,NVIDIA A100-SXM4-40GB (0),1,,13,"void convert_kernel<float2, __half2>(tensor_layout_any, T1 *, tensor_layout_any, const T2 *)"
2020789631,10336,14482,2253,1,1,128,1,1,16,0.000,0.000,,,,,NVIDIA A100-SXM4-40GB (0),1,,13,cupy_copy__float16_float16
2020801151,2400,14491,282,1,1,128,1,1,16,0.000,0.000,,,,,NVIDIA A100-SXM4-40GB (0),1,,13,cupy_copy__complex64_complex64
2020804799,1760,14500,26,1,1,128,1,1,16,0.000,0.000,,,,,NVIDIA A100-SXM4-40GB (0),1,,13,cupy_copy__float32_float32
2020807807,2528,14509,103,1,1,128,1,1,16,0.000,0.000,,,,,NVIDIA A100-SXM4-40GB (0),1,,13,cupy_copy__complex64_complex64
2020811583,11232,14519,1434,1,1,128,1,1,16,0.000,0.000,,,,,NVIDIA A100-SXM4-40GB (0),1,,13,cupy_copy__complex64_complex64
2020848798,78240,14524,1,1,1,32,32,1,30,0.000,0.000,,,,,NVIDIA A100-SXM4-40GB (0),1,,13,"void convert_kernel<__half2, float2>(tensor_layout_any, T1 *, tensor_layout_any, const T2 *)"
2021139227,4192,14527,,,,,,,,,,0.061,14656.451,Pinned,Device,NVIDIA A100-SXM4-40GB (0),1,,13,[CUDA memcpy Host-to-Device]
2021147163,589912,14528,,,,,,,,,,456.520,773802.214,Device,,NVIDIA A100-SXM4-40GB (0),1,,13,[CUDA memset]
2021746099,32736,14533,,,,,,,,,,0.825,25211.783,Pinned,Device,NVIDIA A100-SXM4-40GB (0),1,,13,[CUDA memcpy Host-to-Device]
2021781363,6816,14534,,,,,,,,,,0.131,19229.966,Pinned,Device,NVIDIA A100-SXM4-40GB (0),1,,13,[CUDA memcpy Host-to-Device]
2021794355,7264,14535,69,4,1,48,1,1,76,0.002,0.000,,,,,NVIDIA A100-SXM4-40GB (0),1,,13,"void ch_est::windowedChEstPreNoDftSOfdmKernel<float, __half, float, (unsigned int)2, (unsigned int)1, (unsigned short)4>(ch_est::puschRxChEstStatDescr_t *, ch_est::puschRxChEstDynDescr_t *)"
2021802611,6239,14536,137,2,1,24,2,1,44,0.001,0.001,,,,,NVIDIA A100-SXM4-40GB (0),1,,13,"void ch_est::chEstFilterNoDftSOfdmDispatchKernel<float, __half, float, (unsigned int)2>(ch_est::puschRxChEstStatDescr_t *, ch_est::puschRxChEstDynDescr_t *)"
2021810034,4576,14537,137,2,1,24,2,1,44,0.001,0.001,,,,,NVIDIA A100-SXM4-40GB (0),1,,13,"void ch_est::chEstFilterNoDftSOfdmDispatchKernel<float, __half, float, (unsigned int)2>(ch_est::puschRxChEstStatDescr_t *, ch_est::puschRxChEstDynDescr_t *)"
2021815826,2560,14548,103,1,1,128,1,1,16,0.000,0.000,,,,,NVIDIA A100-SXM4-40GB (0),1,,13,cupy_copy__complex64_complex64
2021819602,12416,14558,1434,1,1,128,1,1,16,0.000,0.000,,,,,NVIDIA A100-SXM4-40GB (0),1,,13,cupy_copy__complex64_complex64
2021833042,2112,14565,103,1,1,128,1,1,16,0.000,0.000,,,,,NVIDIA A100-SXM4-40GB (0),1,,13,cupy_copy__complex64_complex64
2021836242,77567,14572,1,1,1,32,32,1,30,0.000,0.000,,,,,NVIDIA A100-SXM4-40GB (0),1,,13,"void convert_kernel<__half2, float2>(tensor_layout_any, T1 *, tensor_layout_any, const T2 *)"
2021944145,4224,14575,,,,,,,,,,0.061,14545.428,Pinned,Device,NVIDIA A100-SXM4-40GB (0),1,,13,[CUDA memcpy Host-to-Device]
2021956721,44831,14576,,,,,,,,,,35.801,798540.413,Device,,NVIDIA A100-SXM4-40GB (0),1,,13,[CUDA memset]
2022010416,1888,14578,,,,,,,,,,0.000,42.373,Pinned,Device,NVIDIA A100-SXM4-40GB (0),1,,13,[CUDA memcpy Host-to-Device]
2022015056,6784,14579,,,,,,,,,,0.131,19320.668,Pinned,Device,NVIDIA A100-SXM4-40GB (0),1,,13,[CUDA memcpy Host-to-Device]
2022030160,8544,14580,273,1,1,48,1,1,40,0.000,0.001,,,,,NVIDIA A100-SXM4-40GB (0),1,,13,"void pusch_noise_intf_est::noiseIntfEstNoDftSOfdmKernel<float, __half, float, float, (unsigned int)2, (unsigned int)1, (unsigned char)4, (unsigned char)4>(pusch_noise_intf_est::puschRxNoiseIntfEstDynDescr)"
2022039760,2592,14591,35,1,1,128,1,1,16,0.000,0.000,,,,,NVIDIA A100-SXM4-40GB (0),1,,13,cupy_copy__complex64_complex64
2022067951,1536,14600,1,1,1,1,1,1,18,0.000,0.000,,,,,NVIDIA A100-SXM4-40GB (0),1,,13,cupy_copy__float32_float32
2022101967,1760,14606,,,,,,,,,,0.000,2.273,Device,Pageable,NVIDIA A100-SXM4-40GB (0),1,,7,[CUDA memcpy Device-to-Host]
2022158542,12832,14617,1434,1,1,128,1,1,16,0.000,0.000,,,,,NVIDIA A100-SXM4-40GB (0),1,,13,cupy_copy__complex64_complex64
2022185198,2368,14624,103,1,1,128,1,1,16,0.000,0.000,,,,,NVIDIA A100-SXM4-40GB (0),1,,13,cupy_copy__complex64_complex64
2022209261,1984,14631,35,1,1,128,1,1,16,0.000,0.000,,,,,NVIDIA A100-SXM4-40GB (0),1,,13,cupy_copy__complex64_complex64
2022227373,1504,14638,1,1,1,1,1,1,18,0.000,0.000,,,,,NVIDIA A100-SXM4-40GB (0),1,,13,cupy_copy__float32_float32
2022361612,78751,14649,1,1,1,32,32,1,30,0.000,0.000,,,,,NVIDIA A100-SXM4-40GB (0),1,,13,"void convert_kernel<__half2, float2>(tensor_layout_any, T1 *, tensor_layout_any, const T2 *)"
2022601993,4767,14652,,,,,,,,,,0.061,12888.576,Pinned,Device,NVIDIA A100-SXM4-40GB (0),1,,13,[CUDA memcpy Host-to-Device]
2022611880,2560,14653,,,,,,,,,,1.547,604150.000,Device,,NVIDIA A100-SXM4-40GB (0),1,,13,[CUDA memset]
2022615304,3040,14658,,,,,,,,,,0.021,6926.308,Pinned,Device,NVIDIA A100-SXM4-40GB (0),1,,13,[CUDA memcpy Host-to-Device]
2022620840,7168,14659,,,,,,,,,,0.131,18285.593,Pinned,Device,NVIDIA A100-SXM4-40GB (0),1,,13,[CUDA memcpy Host-to-Device]
2022637480,5888,14660,273,1,1,8,4,1,39,0.002,0.000,,,,,NVIDIA A100-SXM4-40GB (0),1,,13,"void channel_eq::eqMmseCoefCompLowMimoKernel<float, float, float, (unsigned int)4, (unsigned int)1, (unsigned int)4>(const channel_eq::_puschRxChEqStatDescr *, channel_eq::_puschRxChEqCoefCompDynDescr)"
2022644680,4768,14661,273,1,1,12,11,1,40,0.002,0.000,,,,,NVIDIA A100-SXM4-40GB (0),1,,13,"void channel_eq::eqMmseSoftDemapKernel<float, __half, __half, float, (unsigned int)4, (unsigned short)16383>(channel_eq::_puschRxChEqStatDescr *, channel_eq::_puschRxChEqSoftDemapDynDescr)"
2022650472,281724,14662,1,1,1,32,32,1,30,0.000,0.000,,,,,NVIDIA A100-SXM4-40GB (0),1,,13,"void convert_kernel<float2, __half2>(tensor_layout_any, T1 *, tensor_layout_any, const T2 *)"
2022933412,10240,14674,2253,1,1,128,1,1,16,0.000,0.000,,,,,NVIDIA A100-SXM4-40GB (0),1,,13,cupy_copy__float16_float16
2022944740,2368,14683,282,1,1,128,1,1,16,0.000,0.000,,,,,NVIDIA A100-SXM4-40GB (0),1,,13,cupy_copy__complex64_complex64
2022948196,1760,14692,26,1,1,128,1,1,16,0.000,0.000,,,,,NVIDIA A100-SXM4-40GB (0),1,,13,cupy_copy__float32_float32
2022951204,2528,14701,103,1,1,128,1,1,16,0.000,0.000,,,,,NVIDIA A100-SXM4-40GB (0),1,,13,cupy_copy__complex64_complex64
2022954980,11296,14711,1434,1,1,128,1,1,16,0.000,0.000,,,,,NVIDIA A100-SXM4-40GB (0),1,,13,cupy_copy__complex64_complex64
2023110178,78815,14716,1,1,1,32,32,1,30,0.000,0.000,,,,,NVIDIA A100-SXM4-40GB (0),1,,13,"void convert_kernel<__half2, float2>(tensor_layout_any, T1 *, tensor_layout_any, const T2 *)"
2023219841,4224,14719,,,,,,,,,,0.061,14545.428,Pinned,Device,NVIDIA A100-SXM4-40GB (0),1,,13,[CUDA memcpy Host-to-Device]
2023231777,588568,14720,,,,,,,,,,456.520,775628.296,Device,,NVIDIA A100-SXM4-40GB (0),1,,13,[CUDA memset]
2023825593,32864,14725,,,,,,,,,,0.825,25113.567,Pinned,Device,NVIDIA A100-SXM4-40GB (0),1,,13,[CUDA memcpy Host-to-Device]
2023860633,7328,14726,,,,,,,,,,0.131,17886.347,Pinned,Device,NVIDIA A100-SXM4-40GB (0),1,,13,[CUDA memcpy Host-to-Device]
2023878585,7167,14727,69,4,1,48,1,1,76,0.002,0.000,,,,,NVIDIA A100-SXM4-40GB (0),1,,13,"void ch_est::windowedChEstPreNoDftSOfdmKernel<float, __half, float, (unsigned int)2, (unsigned int)1, (unsigned short)4>(ch_est::puschRxChEstStatDescr_t *, ch_est::puschRxChEstDynDescr_t *)"
2023886840,6272,14728,137,2,1,24,2,1,44,0.001,0.001,,,,,NVIDIA A100-SXM4-40GB (0),1,,13,"void ch_est::chEstFilterNoDftSOfdmDispatchKernel<float, __half, float, (unsigned int)2>(ch_est::puschRxChEstStatDescr_t *, ch_est::puschRxChEstDynDescr_t *)"
2023894168,4544,14729,137,2,1,24,2,1,44,0.001,0.001,,,,,NVIDIA A100-SXM4-40GB (0),1,,13,"void ch_est::chEstFilterNoDftSOfdmDispatchKernel<float, __half, float, (unsigned int)2>(ch_est::puschRxChEstStatDescr_t *, ch_est::puschRxChEstDynDescr_t *)"
2023900024,2176,14740,103,1,1,128,1,1,16,0.000,0.000,,,,,NVIDIA A100-SXM4-40GB (0),1,,13,cupy_copy__complex64_complex64
2023903448,12448,14750,1434,1,1,128,1,1,16,0.000,0.000,,,,,NVIDIA A100-SXM4-40GB (0),1,,13,cupy_copy__complex64_complex64
2023917208,2080,14757,103,1,1,128,1,1,16,0.000,0.000,,,,,NVIDIA A100-SXM4-40GB (0),1,,13,cupy_copy__complex64_complex64
2023920504,78559,14764,1,1,1,32,32,1,30,0.000,0.000,,,,,NVIDIA A100-SXM4-40GB (0),1,,13,"void convert_kernel<__half2, float2>(tensor_layout_any, T1 *, tensor_layout_any, const T2 *)"
2024026743,4224,14767,,,,,,,,,,0.061,14545.428,Pinned,Device,NVIDIA A100-SXM4-40GB (0),1,,13,[CUDA memcpy Host-to-Device]
2024038551,45087,14768,,,,,,,,,,35.801,794029.492,Device,,NVIDIA A100-SXM4-40GB (0),1,,13,[CUDA memset]
2024090774,1888,14770,,,,,,,,,,0.000,42.373,Pinned,Device,NVIDIA A100-SXM4-40GB (0),1,,13,[CUDA memcpy Host-to-Device]
2024094806,6784,14771,,,,,,,,,,0.131,19320.668,Pinned,Device,NVIDIA A100-SXM4-40GB (0),1,,13,[CUDA memcpy Host-to-Device]
2024106550,8544,14772,273,1,1,48,1,1,40,0.000,0.001,,,,,NVIDIA A100-SXM4-40GB (0),1,,13,"void pusch_noise_intf_est::noiseIntfEstNoDftSOfdmKernel<float, __half, float, float, (unsigned int)2, (unsigned int)1, (unsigned char)4, (unsigned char)4>(pusch_noise_intf_est::puschRxNoiseIntfEstDynDescr)"
2024116118,2592,14783,35,1,1,128,1,1,16,0.000,0.000,,,,,NVIDIA A100-SXM4-40GB (0),1,,13,cupy_copy__complex64_complex64
2024145365,1536,14792,1,1,1,1,1,1,18,0.000,0.000,,,,,NVIDIA A100-SXM4-40GB (0),1,,13,cupy_copy__float32_float32
2024178805,2080,14798,,,,,,,,,,0.000,1.923,Device,Pageable,NVIDIA A100-SXM4-40GB (0),1,,7,[CUDA memcpy Device-to-Host]
2024236692,13760,14809,1434,1,1,128,1,1,16,0.000,0.000,,,,,NVIDIA A100-SXM4-40GB (0),1,,13,cupy_copy__complex64_complex64
2024266868,2368,14816,103,1,1,128,1,1,16,0.000,0.000,,,,,NVIDIA A100-SXM4-40GB (0),1,,13,cupy_copy__complex64_complex64
2024287795,2016,14823,35,1,1,128,1,1,16,0.000,0.000,,,,,NVIDIA A100-SXM4-40GB (0),1,,13,cupy_copy__complex64_complex64
2024305907,1504,14830,1,1,1,1,1,1,18,0.000,0.000,,,,,NVIDIA A100-SXM4-40GB (0),1,,13,cupy_copy__float32_float32
2024438482,78623,14841,1,1,1,32,32,1,30,0.000,0.000,,,,,NVIDIA A100-SXM4-40GB (0),1,,13,"void convert_kernel<__half2, float2>(tensor_layout_any, T1 *, tensor_layout_any, const T2 *)"
2024545392,4192,14844,,,,,,,,,,0.061,14656.451,Pinned,Device,NVIDIA A100-SXM4-40GB (0),1,,13,[CUDA memcpy Host-to-Device]
2024559408,2560,14845,,,,,,,,,,1.547,604150.000,Device,,NVIDIA A100-SXM4-40GB (0),1,,13,[CUDA memset]
2024565392,3104,14850,,,,,,,,,,0.021,6783.485,Pinned,Device,NVIDIA A100-SXM4-40GB (0),1,,13,[CUDA memcpy Host-to-Device]
2024570640,6848,14851,,,,,,,,,,0.131,19140.182,Pinned,Device,NVIDIA A100-SXM4-40GB (0),1,,13,[CUDA memcpy Host-to-Device]
2024582736,5888,14852,273,1,1,8,4,1,39,0.002,0.000,,,,,NVIDIA A100-SXM4-40GB (0),1,,13,"void channel_eq::eqMmseCoefCompLowMimoKernel<float, float, float, (unsigned int)4, (unsigned int)1, (unsigned int)4>(const channel_eq::_puschRxChEqStatDescr *, channel_eq::_puschRxChEqCoefCompDynDescr)"
2024589904,4864,14853,273,1,1,12,11,1,40,0.002,0.000,,,,,NVIDIA A100-SXM4-40GB (0),1,,13,"void channel_eq::eqMmseSoftDemapKernel<float, __half, __half, float, (unsigned int)4, (unsigned short)16383>(channel_eq::_puschRxChEqStatDescr *, channel_eq::_puschRxChEqSoftDemapDynDescr)"
2024596048,281820,14854,1,1,1,32,32,1,30,0.000,0.000,,,,,NVIDIA A100-SXM4-40GB (0),1,,13,"void convert_kernel<float2, __half2>(tensor_layout_any, T1 *, tensor_layout_any, const T2 *)"
2024878892,10432,14866,2253,1,1,128,1,1,16,0.000,0.000,,,,,NVIDIA A100-SXM4-40GB (0),1,,13,cupy_copy__float16_float16
2024890348,2400,14875,282,1,1,128,1,1,16,0.000,0.000,,,,,NVIDIA A100-SXM4-40GB (0),1,,13,cupy_copy__complex64_complex64
2024893836,1760,14884,26,1,1,128,1,1,16,0.000,0.000,,,,,NVIDIA A100-SXM4-40GB (0),1,,13,cupy_copy__float32_float32
2024896844,2560,14893,103,1,1,128,1,1,16,0.000,0.000,,,,,NVIDIA A100-SXM4-40GB (0),1,,13,cupy_copy__complex64_complex64
2024900396,11264,14903,1434,1,1,128,1,1,16,0.000,0.000,,,,,NVIDIA A100-SXM4-40GB (0),1,,13,cupy_copy__complex64_complex64
2024943819,78047,14908,1,1,1,32,32,1,30,0.000,0.000,,,,,NVIDIA A100-SXM4-40GB (0),1,,13,"void convert_kernel<__half2, float2>(tensor_layout_any, T1 *, tensor_layout_any, const T2 *)"
2025049098,4192,14911,,,,,,,,,,0.061,14656.451,Pinned,Device,NVIDIA A100-SXM4-40GB (0),1,,13,[CUDA memcpy Host-to-Device]
2025062026,587768,14912,,,,,,,,,,456.520,776541.336,Device,,NVIDIA A100-SXM4-40GB (0),1,,13,[CUDA memset]
2025652386,32832,14917,,,,,,,,,,0.825,25138.328,Pinned,Device,NVIDIA A100-SXM4-40GB (0),1,,13,[CUDA memcpy Host-to-Device]
2025687906,6784,14918,,,,,,,,,,0.131,19320.668,Pinned,Device,NVIDIA A100-SXM4-40GB (0),1,,13,[CUDA memcpy Host-to-Device]
2025701922,7232,14919,69,4,1,48,1,1,76,0.002,0.000,,,,,NVIDIA A100-SXM4-40GB (0),1,,13,"void ch_est::windowedChEstPreNoDftSOfdmKernel<float, __half, float, (unsigned int)2, (unsigned int)1, (unsigned short)4>(ch_est::puschRxChEstStatDescr_t *, ch_est::puschRxChEstDynDescr_t *)"
2025710370,6368,14920,137,2,1,24,2,1,44,0.001,0.001,,,,,NVIDIA A100-SXM4-40GB (0),1,,13,"void ch_est::chEstFilterNoDftSOfdmDispatchKernel<float, __half, float, (unsigned int)2>(ch_est::puschRxChEstStatDescr_t *, ch_est::puschRxChEstDynDescr_t *)"
2025717729,4576,14921,137,2,1,24,2,1,44,0.001,0.001,,,,,NVIDIA A100-SXM4-40GB (0),1,,13,"void ch_est::chEstFilterNoDftSOfdmDispatchKernel<float, __half, float, (unsigned int)2>(ch_est::puschRxChEstStatDescr_t *, ch_est::puschRxChEstDynDescr_t *)"
2025723585,2144,14932,103,1,1,128,1,1,16,0.000,0.000,,,,,NVIDIA A100-SXM4-40GB (0),1,,13,cupy_copy__complex64_complex64
2025726785,12480,14942,1434,1,1,128,1,1,16,0.000,0.000,,,,,NVIDIA A100-SXM4-40GB (0),1,,13,cupy_copy__complex64_complex64
2025740481,2144,14949,103,1,1,128,1,1,16,0.000,0.000,,,,,NVIDIA A100-SXM4-40GB (0),1,,13,cupy_copy__complex64_complex64
2025743681,78911,14956,1,1,1,32,32,1,30,0.000,0.000,,,,,NVIDIA A100-SXM4-40GB (0),1,,13,"void convert_kernel<__half2, float2>(tensor_layout_any, T1 *, tensor_layout_any, const T2 *)"
2025849920,4896,14959,,,,,,,,,,0.061,12548.997,Pinned,Device,NVIDIA A100-SXM4-40GB (0),1,,13,[CUDA memcpy Host-to-Device]
2025862336,44543,14960,,,,,,,,,,35.801,803731.552,Device,,NVIDIA A100-SXM4-40GB (0),1,,13,[CUDA memset]
2025914879,1888,14962,,,,,,,,,,0.000,42.373,Pinned,Device,NVIDIA A100-SXM4-40GB (0),1,,13,[CUDA memcpy Host-to-Device]
2025918911,7136,14963,,,,,,,,,,0.131,18367.644,Pinned,Device,NVIDIA A100-SXM4-40GB (0),1,,13,[CUDA memcpy Host-to-Device]
2025930239,8736,14964,273,1,1,48,1,1,40,0.000,0.001,,,,,NVIDIA A100-SXM4-40GB (0),1,,13,"void pusch_noise_intf_est::noiseIntfEstNoDftSOfdmKernel<float, __half, float, float, (unsigned int)2, (unsigned int)1, (unsigned char)4, (unsigned char)4>(pusch_noise_intf_est::puschRxNoiseIntfEstDynDescr)"
2025940063,2592,14975,35,1,1,128,1,1,16,0.000,0.000,,,,,NVIDIA A100-SXM4-40GB (0),1,,13,cupy_copy__complex64_complex64
2025973022,1536,14984,1,1,1,1,1,1,18,0.000,0.000,,,,,NVIDIA A100-SXM4-40GB (0),1,,13,cupy_copy__float32_float32
2026005822,1760,14990,,,,,,,,,,0.000,2.273,Device,Pageable,NVIDIA A100-SXM4-40GB (0),1,,7,[CUDA memcpy Device-to-Host]
2026063677,13216,15001,1434,1,1,128,1,1,16,0.000,0.000,,,,,NVIDIA A100-SXM4-40GB (0),1,,13,cupy_copy__complex64_complex64
2026093405,2368,15008,103,1,1,128,1,1,16,0.000,0.000,,,,,NVIDIA A100-SXM4-40GB (0),1,,13,cupy_copy__complex64_complex64
2026114269,1983,15015,35,1,1,128,1,1,16,0.000,0.000,,,,,NVIDIA A100-SXM4-40GB (0),1,,13,cupy_copy__complex64_complex64
2026132828,1472,15022,1,1,1,1,1,1,18,0.000,0.000,,,,,NVIDIA A100-SXM4-40GB (0),1,,13,cupy_copy__float32_float32
2026264283,78591,15033,1,1,1,32,32,1,30,0.000,0.000,,,,,NVIDIA A100-SXM4-40GB (0),1,,13,"void convert_kernel<__half2, float2>(tensor_layout_any, T1 *, tensor_layout_any, const T2 *)"
2026515671,4224,15036,,,,,,,,,,0.061,14545.428,Pinned,Device,NVIDIA A100-SXM4-40GB (0),1,,13,[CUDA memcpy Host-to-Device]
2026525751,2560,15037,,,,,,,,,,1.547,604150.000,Device,,NVIDIA A100-SXM4-40GB (0),1,,13,[CUDA memset]
2026528951,3264,15042,,,,,,,,,,0.021,6450.969,Pinned,Device,NVIDIA A100-SXM4-40GB (0),1,,13,[CUDA memcpy Host-to-Device]
2026534359,6784,15043,,,,,,,,,,0.131,19320.668,Pinned,Device,NVIDIA A100-SXM4-40GB (0),1,,13,[CUDA memcpy Host-to-Device]
2026552215,5856,15044,273,1,1,8,4,1,39,0.002,0.000,,,,,NVIDIA A100-SXM4-40GB (0),1,,13,"void channel_eq::eqMmseCoefCompLowMimoKernel<float, float, float, (unsigned int)4, (unsigned int)1, (unsigned int)4>(const channel_eq::_puschRxChEqStatDescr *, channel_eq::_puschRxChEqCoefCompDynDescr)"
2026559383,4864,15045,273,1,1,12,11,1,40,0.002,0.000,,,,,NVIDIA A100-SXM4-40GB (0),1,,13,"void channel_eq::eqMmseSoftDemapKernel<float, __half, __half, float, (unsigned int)4, (unsigned short)16383>(channel_eq::_puschRxChEqStatDescr *, channel_eq::_puschRxChEqSoftDemapDynDescr)"
2026565495,281980,15046,1,1,1,32,32,1,30,0.000,0.000,,,,,NVIDIA A100-SXM4-40GB (0),1,,13,"void convert_kernel<float2, __half2>(tensor_layout_any, T1 *, tensor_layout_any, const T2 *)"
2026848499,10400,15058,2253,1,1,128,1,1,16,0.000,0.000,,,,,NVIDIA A100-SXM4-40GB (0),1,,13,cupy_copy__float16_float16
2026860179,2368,15067,282,1,1,128,1,1,16,0.000,0.000,,,,,NVIDIA A100-SXM4-40GB (0),1,,13,cupy_copy__complex64_complex64
2026863635,1760,15076,26,1,1,128,1,1,16,0.000,0.000,,,,,NVIDIA A100-SXM4-40GB (0),1,,13,cupy_copy__float32_float32
2026866547,2560,15085,103,1,1,128,1,1,16,0.000,0.000,,,,,NVIDIA A100-SXM4-40GB (0),1,,13,cupy_copy__complex64_complex64
2026870323,11232,15095,1434,1,1,128,1,1,16,0.000,0.000,,,,,NVIDIA A100-SXM4-40GB (0),1,,13,cupy_copy__complex64_complex64
2027020049,79071,15100,1,1,1,32,32,1,30,0.000,0.000,,,,,NVIDIA A100-SXM4-40GB (0),1,,13,"void convert_kernel<__half2, float2>(tensor_layout_any, T1 *, tensor_layout_any, const T2 *)"
2027130320,4320,15103,,,,,,,,,,0.061,14222.193,Pinned,Device,NVIDIA A100-SXM4-40GB (0),1,,13,[CUDA memcpy Host-to-Device]
2027142032,586680,15104,,,,,,,,,,456.520,777910.898,Device,,NVIDIA A100-SXM4-40GB (0),1,,13,[CUDA memset]
2027732104,32800,15109,,,,,,,,,,0.825,25162.263,Pinned,Device,NVIDIA A100-SXM4-40GB (0),1,,13,[CUDA memcpy Host-to-Device]
2027768424,6784,15110,,,,,,,,,,0.131,19320.668,Pinned,Device,NVIDIA A100-SXM4-40GB (0),1,,13,[CUDA memcpy Host-to-Device]
2027780584,7072,15111,69,4,1,48,1,1,76,0.002,0.000,,,,,NVIDIA A100-SXM4-40GB (0),1,,13,"void ch_est::windowedChEstPreNoDftSOfdmKernel<float, __half, float, (unsigned int)2, (unsigned int)1, (unsigned short)4>(ch_est::puschRxChEstStatDescr_t *, ch_est::puschRxChEstDynDescr_t *)"
2027788776,6175,15112,137,2,1,24,2,1,44,0.001,0.001,,,,,NVIDIA A100-SXM4-40GB (0),1,,13,"void ch_est::chEstFilterNoDftSOfdmDispatchKernel<float, __half, float, (unsigned int)2>(ch_est::puschRxChEstStatDescr_t *, ch_est::puschRxChEstDynDescr_t *)"
2027796007,4576,15113,137,2,1,24,2,1,44,0.001,0.001,,,,,NVIDIA A100-SXM4-40GB (0),1,,13,"void ch_est::chEstFilterNoDftSOfdmDispatchKernel<float, __half, float, (unsigned int)2>(ch_est::puschRxChEstStatDescr_t *, ch_est::puschRxChEstDynDescr_t *)"
2027801863,2208,15124,103,1,1,128,1,1,16,0.000,0.000,,,,,NVIDIA A100-SXM4-40GB (0),1,,13,cupy_copy__complex64_complex64
2027805063,12352,15134,1434,1,1,128,1,1,16,0.000,0.000,,,,,NVIDIA A100-SXM4-40GB (0),1,,13,cupy_copy__complex64_complex64
2027818631,2144,15141,103,1,1,128,1,1,16,0.000,0.000,,,,,NVIDIA A100-SXM4-40GB (0),1,,13,cupy_copy__complex64_complex64
2027821767,78655,15148,1,1,1,32,32,1,30,0.000,0.000,,,,,NVIDIA A100-SXM4-40GB (0),1,,13,"void convert_kernel<__half2, float2>(tensor_layout_any, T1 *, tensor_layout_any, const T2 *)"
2028059204,4224,15151,,,,,,,,,,0.061,14545.428,Pinned,Device,NVIDIA A100-SXM4-40GB (0),1,,13,[CUDA memcpy Host-to-Device]
2028070756,46367,15152,,,,,,,,,,35.801,772119.304,Device,,NVIDIA A100-SXM4-40GB (0),1,,13,[CUDA memset]
2028124643,1888,15154,,,,,,,,,,0.000,42.373,Pinned,Device,NVIDIA A100-SXM4-40GB (0),1,,13,[CUDA memcpy Host-to-Device]
2028129731,6784,15155,,,,,,,,,,0.131,19320.668,Pinned,Device,NVIDIA A100-SXM4-40GB (0),1,,13,[CUDA memcpy Host-to-Device]
2028144099,9056,15156,273,1,1,48,1,1,40,0.000,0.001,,,,,NVIDIA A100-SXM4-40GB (0),1,,13,"void pusch_noise_intf_est::noiseIntfEstNoDftSOfdmKernel<float, __half, float, float, (unsigned int)2, (unsigned int)1, (unsigned char)4, (unsigned char)4>(pusch_noise_intf_est::puschRxNoiseIntfEstDynDescr)"
2028154211,2400,15167,35,1,1,128,1,1,16,0.000,0.000,,,,,NVIDIA A100-SXM4-40GB (0),1,,13,cupy_copy__complex64_complex64
2028163619,1536,15176,1,1,1,1,1,1,18,0.000,0.000,,,,,NVIDIA A100-SXM4-40GB (0),1,,13,cupy_copy__float32_float32
2028199938,1728,15182,,,,,,,,,,0.000,2.315,Device,Pageable,NVIDIA A100-SXM4-40GB (0),1,,7,[CUDA memcpy Device-to-Host]
2028258754,12959,15193,1434,1,1,128,1,1,16,0.000,0.000,,,,,NVIDIA A100-SXM4-40GB (0),1,,13,cupy_copy__complex64_complex64
2028284673,2368,15200,103,1,1,128,1,1,16,0.000,0.000,,,,,NVIDIA A100-SXM4-40GB (0),1,,13,cupy_copy__complex64_complex64
2028305473,2016,15207,35,1,1,128,1,1,16,0.000,0.000,,,,,NVIDIA A100-SXM4-40GB (0),1,,13,cupy_copy__complex64_complex64
2028323969,1504,15214,1,1,1,1,1,1,18,0.000,0.000,,,,,NVIDIA A100-SXM4-40GB (0),1,,13,cupy_copy__float32_float32
2028585214,78847,15225,1,1,1,32,32,1,30,0.000,0.000,,,,,NVIDIA A100-SXM4-40GB (0),1,,13,"void convert_kernel<__half2, float2>(tensor_layout_any, T1 *, tensor_layout_any, const T2 *)"
2028699388,4192,15228,,,,,,,,,,0.061,14656.451,Pinned,Device,NVIDIA A100-SXM4-40GB (0),1,,13,[CUDA memcpy Host-to-Device]
2028714716,2560,15229,,,,,,,,,,1.547,604150.000,Device,,NVIDIA A100-SXM4-40GB (0),1,,13,[CUDA memset]
2028721052,3008,15234,,,,,,,,,,0.021,6999.983,Pinned,Device,NVIDIA A100-SXM4-40GB (0),1,,13,[CUDA memcpy Host-to-Device]
2028726588,6880,15235,,,,,,,,,,0.131,19051.053,Pinned,Device,NVIDIA A100-SXM4-40GB (0),1,,13,[CUDA memcpy Host-to-Device]
2028739260,6048,15236,273,1,1,8,4,1,39,0.002,0.000,,,,,NVIDIA A100-SXM4-40GB (0),1,,13,"void channel_eq::eqMmseCoefCompLowMimoKernel<float, float, float, (unsigned int)4, (unsigned int)1, (unsigned int)4>(const channel_eq::_puschRxChEqStatDescr *, channel_eq::_puschRxChEqCoefCompDynDescr)"
2028746556,4831,15237,273,1,1,12,11,1,40,0.002,0.000,,,,,NVIDIA A100-SXM4-40GB (0),1,,13,"void channel_eq::eqMmseSoftDemapKernel<float, __half, __half, float, (unsigned int)4, (unsigned short)16383>(channel_eq::_puschRxChEqStatDescr *, channel_eq::_puschRxChEqSoftDemapDynDescr)"
2028752667,281597,15238,1,1,1,32,32,1,30,0.000,0.000,,,,,NVIDIA A100-SXM4-40GB (0),1,,13,"void convert_kernel<float2, __half2>(tensor_layout_any, T1 *, tensor_layout_any, const T2 *)"
2029035416,10176,15250,2253,1,1,128,1,1,16,0.000,0.000,,,,,NVIDIA A100-SXM4-40GB (0),1,,13,cupy_copy__float16_float16
2029046616,2368,15259,282,1,1,128,1,1,16,0.000,0.000,,,,,NVIDIA A100-SXM4-40GB (0),1,,13,cupy_copy__complex64_complex64
2029050264,1760,15268,26,1,1,128,1,1,16,0.000,0.000,,,,,NVIDIA A100-SXM4-40GB (0),1,,13,cupy_copy__float32_float32
2029053272,2528,15277,103,1,1,128,1,1,16,0.000,0.000,,,,,NVIDIA A100-SXM4-40GB (0),1,,13,cupy_copy__complex64_complex64
2029057048,11264,15287,1434,1,1,128,1,1,16,0.000,0.000,,,,,NVIDIA A100-SXM4-40GB (0),1,,13,cupy_copy__complex64_complex64
2029107799,78431,15292,1,1,1,32,32,1,30,0.000,0.000,,,,,NVIDIA A100-SXM4-40GB (0),1,,13,"void convert_kernel<__half2, float2>(tensor_layout_any, T1 *, tensor_layout_any, const T2 *)"
2029213814,4192,15295,,,,,,,,,,0.061,14656.451,Pinned,Device,NVIDIA A100-SXM4-40GB (0),1,,13,[CUDA memcpy Host-to-Device]
2029224758,588408,15296,,,,,,,,,,456.520,775628.296,Device,,NVIDIA A100-SXM4-40GB (0),1,,13,[CUDA memset]
2029815886,32864,15301,,,,,,,,,,0.825,25113.567,Pinned,Device,NVIDIA A100-SXM4-40GB (0),1,,13,[CUDA memcpy Host-to-Device]
2029851054,7392,15302,,,,,,,,,,0.131,17731.551,Pinned,Device,NVIDIA A100-SXM4-40GB (0),1,,13,[CUDA memcpy Host-to-Device]
2029867854,6943,15303,69,4,1,48,1,1,76,0.002,0.000,,,,,NVIDIA A100-SXM4-40GB (0),1,,13,"void ch_est::windowedChEstPreNoDftSOfdmKernel<float, __half, float, (unsigned int)2, (unsigned int)1, (unsigned short)4>(ch_est::puschRxChEstStatDescr_t *, ch_est::puschRxChEstDynDescr_t *)"
2029876045,6336,15304,137,2,1,24,2,1,44,0.001,0.001,,,,,NVIDIA A100-SXM4-40GB (0),1,,13,"void ch_est::chEstFilterNoDftSOfdmDispatchKernel<float, __half, float, (unsigned int)2>(ch_est::puschRxChEstStatDescr_t *, ch_est::puschRxChEstDynDescr_t *)"
2029883405,4576,15305,137,2,1,24,2,1,44,0.001,0.001,,,,,NVIDIA A100-SXM4-40GB (0),1,,13,"void ch_est::chEstFilterNoDftSOfdmDispatchKernel<float, __half, float, (unsigned int)2>(ch_est::puschRxChEstStatDescr_t *, ch_est::puschRxChEstDynDescr_t *)"
2029889197,2144,15316,103,1,1,128,1,1,16,0.000,0.000,,,,,NVIDIA A100-SXM4-40GB (0),1,,13,cupy_copy__complex64_complex64
2029892365,12416,15326,1434,1,1,128,1,1,16,0.000,0.000,,,,,NVIDIA A100-SXM4-40GB (0),1,,13,cupy_copy__complex64_complex64
2029906029,2144,15333,103,1,1,128,1,1,16,0.000,0.000,,,,,NVIDIA A100-SXM4-40GB (0),1,,13,cupy_copy__complex64_complex64
2029909229,77983,15340,1,1,1,32,32,1,30,0.000,0.000,,,,,NVIDIA A100-SXM4-40GB (0),1,,13,"void convert_kernel<__half2, float2>(tensor_layout_any, T1 *, tensor_layout_any, const T2 *)"
2030014348,4448,15343,,,,,,,,,,0.061,13812.941,Pinned,Device,NVIDIA A100-SXM4-40GB (0),1,,13,[CUDA memcpy Host-to-Device]
2030026412,44607,15344,,,,,,,,,,35.801,802585.921,Device,,NVIDIA A100-SXM4-40GB (0),1,,13,[CUDA memset]
2030078059,1888,15346,,,,,,,,,,0.000,42.373,Pinned,Device,NVIDIA A100-SXM4-40GB (0),1,,13,[CUDA memcpy Host-to-Device]
2030082795,6816,15347,,,,,,,,,,0.131,19229.966,Pinned,Device,NVIDIA A100-SXM4-40GB (0),1,,13,[CUDA memcpy Host-to-Device]
2030093803,8608,15348,273,1,1,48,1,1,40,0.000,0.001,,,,,NVIDIA A100-SXM4-40GB (0),1,,13,"void pusch_noise_intf_est::noiseIntfEstNoDftSOfdmKernel<float, __half, float, float, (unsigned int)2, (unsigned int)1, (unsigned char)4, (unsigned char)4>(pusch_noise_intf_est::puschRxNoiseIntfEstDynDescr)"
2030103435,2624,15359,35,1,1,128,1,1,16,0.000,0.000,,,,,NVIDIA A100-SXM4-40GB (0),1,,13,cupy_copy__complex64_complex64
2030132330,1536,15368,1,1,1,1,1,1,18,0.000,0.000,,,,,NVIDIA A100-SXM4-40GB (0),1,,13,cupy_copy__float32_float32
2030169162,1824,15374,,,,,,,,,,0.000,2.193,Device,Pageable,NVIDIA A100-SXM4-40GB (0),1,,7,[CUDA memcpy Device-to-Host]
2030228169,13440,15385,1434,1,1,128,1,1,16,0.000,0.000,,,,,NVIDIA A100-SXM4-40GB (0),1,,13,cupy_copy__complex64_complex64
2030254633,2336,15392,103,1,1,128,1,1,16,0.000,0.000,,,,,NVIDIA A100-SXM4-40GB (0),1,,13,cupy_copy__complex64_complex64
2030274568,1984,15399,35,1,1,128,1,1,16,0.000,0.000,,,,,NVIDIA A100-SXM4-40GB (0),1,,13,cupy_copy__complex64_complex64
2030293064,1472,15406,1,1,1,1,1,1,18,0.000,0.000,,,,,NVIDIA A100-SXM4-40GB (0),1,,13,cupy_copy__float32_float32
2030424903,78143,15417,1,1,1,32,32,1,30,0.000,0.000,,,,,NVIDIA A100-SXM4-40GB (0),1,,13,"void convert_kernel<__half2, float2>(tensor_layout_any, T1 *, tensor_layout_any, const T2 *)"
2030531173,4192,15420,,,,,,,,,,0.061,14656.451,Pinned,Device,NVIDIA A100-SXM4-40GB (0),1,,13,[CUDA memcpy Host-to-Device]
2030545573,2560,15421,,,,,,,,,,1.547,604150.000,Device,,NVIDIA A100-SXM4-40GB (0),1,,13,[CUDA memset]
2030552005,3136,15426,,,,,,,,,,0.021,6714.274,Pinned,Device,NVIDIA A100-SXM4-40GB (0),1,,13,[CUDA memcpy Host-to-Device]
2030557253,6848,15427,,,,,,,,,,0.131,19140.182,Pinned,Device,NVIDIA A100-SXM4-40GB (0),1,,13,[CUDA memcpy Host-to-Device]
2030568517,5888,15428,273,1,1,8,4,1,39,0.002,0.000,,,,,NVIDIA A100-SXM4-40GB (0),1,,13,"void channel_eq::eqMmseCoefCompLowMimoKernel<float, float, float, (unsigned int)4, (unsigned int)1, (unsigned int)4>(const channel_eq::_puschRxChEqStatDescr *, channel_eq::_puschRxChEqCoefCompDynDescr)"
2030575685,4864,15429,273,1,1,12,11,1,40,0.002,0.000,,,,,NVIDIA A100-SXM4-40GB (0),1,,13,"void channel_eq::eqMmseSoftDemapKernel<float, __half, __half, float, (unsigned int)4, (unsigned short)16383>(channel_eq::_puschRxChEqStatDescr *, channel_eq::_puschRxChEqSoftDemapDynDescr)"
2030581605,281596,15430,1,1,1,32,32,1,30,0.000,0.000,,,,,NVIDIA A100-SXM4-40GB (0),1,,13,"void convert_kernel<float2, __half2>(tensor_layout_any, T1 *, tensor_layout_any, const T2 *)"
2030864385,10304,15442,2253,1,1,128,1,1,16,0.000,0.000,,,,,NVIDIA A100-SXM4-40GB (0),1,,13,cupy_copy__float16_float16
2030875905,2400,15451,282,1,1,128,1,1,16,0.000,0.000,,,,,NVIDIA A100-SXM4-40GB (0),1,,13,cupy_copy__complex64_complex64
2030879393,1760,15460,26,1,1,128,1,1,16,0.000,0.000,,,,,NVIDIA A100-SXM4-40GB (0),1,,13,cupy_copy__float32_float32
2030882177,2496,15469,103,1,1,128,1,1,16,0.000,0.000,,,,,NVIDIA A100-SXM4-40GB (0),1,,13,cupy_copy__complex64_complex64
2030885921,11168,15479,1434,1,1,128,1,1,16,0.000,0.000,,,,,NVIDIA A100-SXM4-40GB (0),1,,13,cupy_copy__complex64_complex64
2030919424,78911,15484,1,1,1,32,32,1,30,0.000,0.000,,,,,NVIDIA A100-SXM4-40GB (0),1,,13,"void convert_kernel<__half2, float2>(tensor_layout_any, T1 *, tensor_layout_any, const T2 *)"
2031027007,4800,15487,,,,,,,,,,0.061,12799.980,Pinned,Device,NVIDIA A100-SXM4-40GB (0),1,,13,[CUDA memcpy Host-to-Device]
2031037567,588536,15488,,,,,,,,,,456.520,775628.296,Device,,NVIDIA A100-SXM4-40GB (0),1,,13,[CUDA memset]
2031627671,32768,15493,,,,,,,,,,0.825,25187.023,Pinned,Device,NVIDIA A100-SXM4-40GB (0),1,,13,[CUDA memcpy Host-to-Device]
2031662583,6880,15494,,,,,,,,,,0.131,19051.053,Pinned,Device,NVIDIA A100-SXM4-40GB (0),1,,13,[CUDA memcpy Host-to-Device]
2031675863,7168,15495,69,4,1,48,1,1,76,0.002,0.000,,,,,NVIDIA A100-SXM4-40GB (0),1,,13,"void ch_est::windowedChEstPreNoDftSOfdmKernel<float, __half, float, (unsigned int)2, (unsigned int)1, (unsigned short)4>(ch_est::puschRxChEstStatDescr_t *, ch_est::puschRxChEstDynDescr_t *)"
2031684119,6080,15496,137,2,1,24,2,1,44,0.001,0.001,,,,,NVIDIA A100-SXM4-40GB (0),1,,13,"void ch_est::chEstFilterNoDftSOfdmDispatchKernel<float, __half, float, (unsigned int)2>(ch_est::puschRxChEstStatDescr_t *, ch_est::puschRxChEstDynDescr_t *)"
2031691511,4576,15497,137,2,1,24,2,1,44,0.001,0.001,,,,,NVIDIA A100-SXM4-40GB (0),1,,13,"void ch_est::chEstFilterNoDftSOfdmDispatchKernel<float, __half, float, (unsigned int)2>(ch_est::puschRxChEstStatDescr_t *, ch_est::puschRxChEstDynDescr_t *)"
2031697367,2176,15508,103,1,1,128,1,1,16,0.000,0.000,,,,,NVIDIA A100-SXM4-40GB (0),1,,13,cupy_copy__complex64_complex64
2031700791,12447,15518,1434,1,1,128,1,1,16,0.000,0.000,,,,,NVIDIA A100-SXM4-40GB (0),1,,13,cupy_copy__complex64_complex64
2031714518,2112,15525,103,1,1,128,1,1,16,0.000,0.000,,,,,NVIDIA A100-SXM4-40GB (0),1,,13,cupy_copy__complex64_complex64
2031717718,78527,15532,1,1,1,32,32,1,30,0.000,0.000,,,,,NVIDIA A100-SXM4-40GB (0),1,,13,"void convert_kernel<__half2, float2>(tensor_layout_any, T1 *, tensor_layout_any, const T2 *)"
2031958195,4192,15535,,,,,,,,,,0.061,14656.451,Pinned,Device,NVIDIA A100-SXM4-40GB (0),1,,13,[CUDA memcpy Host-to-Device]
2031969075,46048,15536,,,,,,,,,,35.801,777453.647,Device,,NVIDIA A100-SXM4-40GB (0),1,,13,[CUDA memset]
2032022611,1887,15538,,,,,,,,,,0.000,42.395,Pinned,Device,NVIDIA A100-SXM4-40GB (0),1,,13,[CUDA memcpy Host-to-Device]
2032027122,6816,15539,,,,,,,,,,0.131,19229.966,Pinned,Device,NVIDIA A100-SXM4-40GB (0),1,,13,[CUDA memcpy Host-to-Device]
2032043858,8864,15540,273,1,1,48,1,1,40,0.000,0.001,,,,,NVIDIA A100-SXM4-40GB (0),1,,13,"void pusch_noise_intf_est::noiseIntfEstNoDftSOfdmKernel<float, __half, float, float, (unsigned int)2, (unsigned int)1, (unsigned char)4, (unsigned char)4>(pusch_noise_intf_est::puschRxNoiseIntfEstDynDescr)"
2032054034,2688,15551,35,1,1,128,1,1,16,0.000,0.000,,,,,NVIDIA A100-SXM4-40GB (0),1,,13,cupy_copy__complex64_complex64
2032067730,1536,15560,1,1,1,1,1,1,18,0.000,0.000,,,,,NVIDIA A100-SXM4-40GB (0),1,,13,cupy_copy__float32_float32
2032100690,1728,15566,,,,,,,,,,0.000,2.315,Device,Pageable,NVIDIA A100-SXM4-40GB (0),1,,7,[CUDA memcpy Device-to-Host]
2032156689,13152,15577,1434,1,1,128,1,1,16,0.000,0.000,,,,,NVIDIA A100-SXM4-40GB (0),1,,13,cupy_copy__complex64_complex64
2032183312,2368,15584,103,1,1,128,1,1,16,0.000,0.000,,,,,NVIDIA A100-SXM4-40GB (0),1,,13,cupy_copy__complex64_complex64
2032203440,2016,15591,35,1,1,128,1,1,16,0.000,0.000,,,,,NVIDIA A100-SXM4-40GB (0),1,,13,cupy_copy__complex64_complex64
2032221040,1504,15598,1,1,1,1,1,1,18,0.000,0.000,,,,,NVIDIA A100-SXM4-40GB (0),1,,13,cupy_copy__float32_float32
2032481677,78271,15609,1,1,1,32,32,1,30,0.000,0.000,,,,,NVIDIA A100-SXM4-40GB (0),1,,13,"void convert_kernel<__half2, float2>(tensor_layout_any, T1 *, tensor_layout_any, const T2 *)"
2032591499,4192,15612,,,,,,,,,,0.061,14656.451,Pinned,Device,NVIDIA A100-SXM4-40GB (0),1,,13,[CUDA memcpy Host-to-Device]
2032605611,2560,15613,,,,,,,,,,1.547,604150.000,Device,,NVIDIA A100-SXM4-40GB (0),1,,13,[CUDA memset]
2032611851,3040,15618,,,,,,,,,,0.021,6926.308,Pinned,Device,NVIDIA A100-SXM4-40GB (0),1,,13,[CUDA memcpy Host-to-Device]
2032617163,6912,15619,,,,,,,,,,0.131,18962.842,Pinned,Device,NVIDIA A100-SXM4-40GB (0),1,,13,[CUDA memcpy Host-to-Device]
2032629707,5920,15620,273,1,1,8,4,1,39,0.002,0.000,,,,,NVIDIA A100-SXM4-40GB (0),1,,13,"void channel_eq::eqMmseCoefCompLowMimoKernel<float, float, float, (unsigned int)4, (unsigned int)1, (unsigned int)4>(const channel_eq::_puschRxChEqStatDescr *, channel_eq::_puschRxChEqCoefCompDynDescr)"
2032636907,4800,15621,273,1,1,12,11,1,40,0.002,0.000,,,,,NVIDIA A100-SXM4-40GB (0),1,,13,"void channel_eq::eqMmseSoftDemapKernel<float, __half, __half, float, (unsigned int)4, (unsigned short)16383>(channel_eq::_puschRxChEqStatDescr *, channel_eq::_puschRxChEqSoftDemapDynDescr)"
2032643019,281596,15622,1,1,1,32,32,1,30,0.000,0.000,,,,,NVIDIA A100-SXM4-40GB (0),1,,13,"void convert_kernel<float2, __half2>(tensor_layout_any, T1 *, tensor_layout_any, const T2 *)"
2032925703,10560,15634,2253,1,1,128,1,1,16,0.000,0.000,,,,,NVIDIA A100-SXM4-40GB (0),1,,13,cupy_copy__float16_float16
2032937511,2368,15643,282,1,1,128,1,1,16,0.000,0.000,,,,,NVIDIA A100-SXM4-40GB (0),1,,13,cupy_copy__complex64_complex64
2032940967,1760,15652,26,1,1,128,1,1,16,0.000,0.000,,,,,NVIDIA A100-SXM4-40GB (0),1,,13,cupy_copy__float32_float32
2032943975,2560,15661,103,1,1,128,1,1,16,0.000,0.000,,,,,NVIDIA A100-SXM4-40GB (0),1,,13,cupy_copy__complex64_complex64
2032999782,11328,15677,1434,1,1,128,1,1,16,0.000,0.000,,,,,NVIDIA A100-SXM4-40GB (0),1,,13,cupy_copy__complex64_complex64
2033117797,78943,15682,1,1,1,32,32,1,30,0.000,0.000,,,,,NVIDIA A100-SXM4-40GB (0),1,,13,"void convert_kernel<__half2, float2>(tensor_layout_any, T1 *, tensor_layout_any, const T2 *)"
2033356514,4160,15685,,,,,,,,,,0.061,14769.193,Pinned,Device,NVIDIA A100-SXM4-40GB (0),1,,13,[CUDA memcpy Host-to-Device]
2033365474,590552,15686,,,,,,,,,,456.520,772889.173,Device,,NVIDIA A100-SXM4-40GB (0),1,,13,[CUDA memset]
2033958810,33056,15691,,,,,,,,,,0.825,24967.481,Pinned,Device,NVIDIA A100-SXM4-40GB (0),1,,13,[CUDA memcpy Host-to-Device]
2033994010,6784,15692,,,,,,,,,,0.131,19320.668,Pinned,Device,NVIDIA A100-SXM4-40GB (0),1,,13,[CUDA memcpy Host-to-Device]
2034008506,7648,15693,69,4,1,48,1,1,76,0.002,0.000,,,,,NVIDIA A100-SXM4-40GB (0),1,,13,"void ch_est::windowedChEstPreNoDftSOfdmKernel<float, __half, float, (unsigned int)2, (unsigned int)1, (unsigned short)4>(ch_est::puschRxChEstStatDescr_t *, ch_est::puschRxChEstDynDescr_t *)"
2034017210,6207,15694,137,2,1,24,2,1,44,0.001,0.001,,,,,NVIDIA A100-SXM4-40GB (0),1,,13,"void ch_est::chEstFilterNoDftSOfdmDispatchKernel<float, __half, float, (unsigned int)2>(ch_est::puschRxChEstStatDescr_t *, ch_est::puschRxChEstDynDescr_t *)"
2034024633,4576,15695,137,2,1,24,2,1,44,0.001,0.001,,,,,NVIDIA A100-SXM4-40GB (0),1,,13,"void ch_est::chEstFilterNoDftSOfdmDispatchKernel<float, __half, float, (unsigned int)2>(ch_est::puschRxChEstStatDescr_t *, ch_est::puschRxChEstDynDescr_t *)"
2034030521,2144,15706,103,1,1,128,1,1,16,0.000,0.000,,,,,NVIDIA A100-SXM4-40GB (0),1,,13,cupy_copy__complex64_complex64
2034033689,12480,15716,1434,1,1,128,1,1,16,0.000,0.000,,,,,NVIDIA A100-SXM4-40GB (0),1,,13,cupy_copy__complex64_complex64
2034047257,2112,15723,103,1,1,128,1,1,16,0.000,0.000,,,,,NVIDIA A100-SXM4-40GB (0),1,,13,cupy_copy__complex64_complex64
2034050457,78335,15730,1,1,1,32,32,1,30,0.000,0.000,,,,,NVIDIA A100-SXM4-40GB (0),1,,13,"void convert_kernel<__half2, float2>(tensor_layout_any, T1 *, tensor_layout_any, const T2 *)"
2034159512,4224,15733,,,,,,,,,,0.061,14545.428,Pinned,Device,NVIDIA A100-SXM4-40GB (0),1,,13,[CUDA memcpy Host-to-Device]
2034172184,44511,15734,,,,,,,,,,35.801,804304.367,Device,,NVIDIA A100-SXM4-40GB (0),1,,13,[CUDA memset]
2034223159,1888,15736,,,,,,,,,,0.000,42.373,Pinned,Device,NVIDIA A100-SXM4-40GB (0),1,,13,[CUDA memcpy Host-to-Device]
2034228375,7008,15737,,,,,,,,,,0.131,18703.188,Pinned,Device,NVIDIA A100-SXM4-40GB (0),1,,13,[CUDA memcpy Host-to-Device]
2034242967,8256,15738,273,1,1,48,1,1,40,0.000,0.001,,,,,NVIDIA A100-SXM4-40GB (0),1,,13,"void pusch_noise_intf_est::noiseIntfEstNoDftSOfdmKernel<float, __half, float, float, (unsigned int)2, (unsigned int)1, (unsigned char)4, (unsigned char)4>(pusch_noise_intf_est::puschRxNoiseIntfEstDynDescr)"
2034252439,2592,15749,35,1,1,128,1,1,16,0.000,0.000,,,,,NVIDIA A100-SXM4-40GB (0),1,,13,cupy_copy__complex64_complex64
2034286390,1536,15758,1,1,1,1,1,1,18,0.000,0.000,,,,,NVIDIA A100-SXM4-40GB (0),1,,13,cupy_copy__float32_float32
2034320566,1760,15764,,,,,,,,,,0.000,2.273,Device,Pageable,NVIDIA A100-SXM4-40GB (0),1,,7,[CUDA memcpy Device-to-Host]
2034378005,12960,15775,1434,1,1,128,1,1,16,0.000,0.000,,,,,NVIDIA A100-SXM4-40GB (0),1,,13,cupy_copy__complex64_complex64
2034404597,2368,15782,103,1,1,128,1,1,16,0.000,0.000,,,,,NVIDIA A100-SXM4-40GB (0),1,,13,cupy_copy__complex64_complex64
2034424756,1984,15789,35,1,1,128,1,1,16,0.000,0.000,,,,,NVIDIA A100-SXM4-40GB (0),1,,13,cupy_copy__complex64_complex64
2034443220,1504,15796,1,1,1,1,1,1,18,0.000,0.000,,,,,NVIDIA A100-SXM4-40GB (0),1,,13,cupy_copy__float32_float32
2034575507,78335,15807,1,1,1,32,32,1,30,0.000,0.000,,,,,NVIDIA A100-SXM4-40GB (0),1,,13,"void convert_kernel<__half2, float2>(tensor_layout_any, T1 *, tensor_layout_any, const T2 *)"
2034682321,4192,15810,,,,,,,,,,0.061,14656.451,Pinned,Device,NVIDIA A100-SXM4-40GB (0),1,,13,[CUDA memcpy Host-to-Device]
2034696817,2560,15811,,,,,,,,,,1.547,604150.000,Device,,NVIDIA A100-SXM4-40GB (0),1,,13,[CUDA memset]
2034702801,3584,15816,,,,,,,,,,0.021,5874.982,Pinned,Device,NVIDIA A100-SXM4-40GB (0),1,,13,[CUDA memcpy Host-to-Device]
2034708881,6848,15817,,,,,,,,,,0.131,19140.182,Pinned,Device,NVIDIA A100-SXM4-40GB (0),1,,13,[CUDA memcpy Host-to-Device]
2034720049,5920,15818,273,1,1,8,4,1,39,0.002,0.000,,,,,NVIDIA A100-SXM4-40GB (0),1,,13,"void channel_eq::eqMmseCoefCompLowMimoKernel<float, float, float, (unsigned int)4, (unsigned int)1, (unsigned int)4>(const channel_eq::_puschRxChEqStatDescr *, channel_eq::_puschRxChEqCoefCompDynDescr)"
2034727249,4800,15819,273,1,1,12,11,1,40,0.002,0.000,,,,,NVIDIA A100-SXM4-40GB (0),1,,13,"void channel_eq::eqMmseSoftDemapKernel<float, __half, __half, float, (unsigned int)4, (unsigned short)16383>(channel_eq::_puschRxChEqStatDescr *, channel_eq::_puschRxChEqSoftDemapDynDescr)"
2034733393,281596,15820,1,1,1,32,32,1,30,0.000,0.000,,,,,NVIDIA A100-SXM4-40GB (0),1,,13,"void convert_kernel<float2, __half2>(tensor_layout_any, T1 *, tensor_layout_any, const T2 *)"
2035016237,10368,15832,2253,1,1,128,1,1,16,0.000,0.000,,,,,NVIDIA A100-SXM4-40GB (0),1,,13,cupy_copy__float16_float16
2035027693,2400,15841,282,1,1,128,1,1,16,0.000,0.000,,,,,NVIDIA A100-SXM4-40GB (0),1,,13,cupy_copy__complex64_complex64
2035031181,1760,15850,26,1,1,128,1,1,16,0.000,0.000,,,,,NVIDIA A100-SXM4-40GB (0),1,,13,cupy_copy__float32_float32
2035034189,2528,15859,103,1,1,128,1,1,16,0.000,0.000,,,,,NVIDIA A100-SXM4-40GB (0),1,,13,cupy_copy__complex64_complex64
2035037965,11232,15869,1434,1,1,128,1,1,16,0.000,0.000,,,,,NVIDIA A100-SXM4-40GB (0),1,,13,cupy_copy__complex64_complex64
2035071084,78207,15874,1,1,1,32,32,1,30,0.000,0.000,,,,,NVIDIA A100-SXM4-40GB (0),1,,13,"void convert_kernel<__half2, float2>(tensor_layout_any, T1 *, tensor_layout_any, const T2 *)"
2035177195,4160,15877,,,,,,,,,,0.061,14769.193,Pinned,Device,NVIDIA A100-SXM4-40GB (0),1,,13,[CUDA memcpy Host-to-Device]
2035188171,589144,15878,,,,,,,,,,456.520,774715.255,Device,,NVIDIA A100-SXM4-40GB (0),1,,13,[CUDA memset]
2035778915,32768,15883,,,,,,,,,,0.825,25187.023,Pinned,Device,NVIDIA A100-SXM4-40GB (0),1,,13,[CUDA memcpy Host-to-Device]
2035813795,6944,15884,,,,,,,,,,0.131,18875.548,Pinned,Device,NVIDIA A100-SXM4-40GB (0),1,,13,[CUDA memcpy Host-to-Device]
2035828131,7104,15885,69,4,1,48,1,1,76,0.002,0.000,,,,,NVIDIA A100-SXM4-40GB (0),1,,13,"void ch_est::windowedChEstPreNoDftSOfdmKernel<float, __half, float, (unsigned int)2, (unsigned int)1, (unsigned short)4>(ch_est::puschRxChEstStatDescr_t *, ch_est::puschRxChEstDynDescr_t *)"
2035836483,6240,15886,137,2,1,24,2,1,44,0.001,0.001,,,,,NVIDIA A100-SXM4-40GB (0),1,,13,"void ch_est::chEstFilterNoDftSOfdmDispatchKernel<float, __half, float, (unsigned int)2>(ch_est::puschRxChEstStatDescr_t *, ch_est::puschRxChEstDynDescr_t *)"
2035843779,4544,15887,137,2,1,24,2,1,44,0.001,0.001,,,,,NVIDIA A100-SXM4-40GB (0),1,,13,"void ch_est::chEstFilterNoDftSOfdmDispatchKernel<float, __half, float, (unsigned int)2>(ch_est::puschRxChEstStatDescr_t *, ch_est::puschRxChEstDynDescr_t *)"
2035849635,2176,15898,103,1,1,128,1,1,16,0.000,0.000,,,,,NVIDIA A100-SXM4-40GB (0),1,,13,cupy_copy__complex64_complex64
2035852835,12543,15908,1434,1,1,128,1,1,16,0.000,0.000,,,,,NVIDIA A100-SXM4-40GB (0),1,,13,cupy_copy__complex64_complex64
2035866658,2080,15915,103,1,1,128,1,1,16,0.000,0.000,,,,,NVIDIA A100-SXM4-40GB (0),1,,13,cupy_copy__complex64_complex64
2035869730,78175,15922,1,1,1,32,32,1,30,0.000,0.000,,,,,NVIDIA A100-SXM4-40GB (0),1,,13,"void convert_kernel<__half2, float2>(tensor_layout_any, T1 *, tensor_layout_any, const T2 *)"
2035975073,4256,15925,,,,,,,,,,0.061,14436.065,Pinned,Device,NVIDIA A100-SXM4-40GB (0),1,,13,[CUDA memcpy Host-to-Device]
2035987201,44991,15926,,,,,,,,,,35.801,795712.137,Device,,NVIDIA A100-SXM4-40GB (0),1,,13,[CUDA memset]
2036035584,1920,15928,,,,,,,,,,0.000,41.667,Pinned,Device,NVIDIA A100-SXM4-40GB (0),1,,13,[CUDA memcpy Host-to-Device]
2036039744,6816,15929,,,,,,,,,,0.131,19229.966,Pinned,Device,NVIDIA A100-SXM4-40GB (0),1,,13,[CUDA memcpy Host-to-Device]
2036056832,8512,15930,273,1,1,48,1,1,40,0.000,0.001,,,,,NVIDIA A100-SXM4-40GB (0),1,,13,"void pusch_noise_intf_est::noiseIntfEstNoDftSOfdmKernel<float, __half, float, float, (unsigned int)2, (unsigned int)1, (unsigned char)4, (unsigned char)4>(pusch_noise_intf_est::puschRxNoiseIntfEstDynDescr)"
2036066560,2560,15941,35,1,1,128,1,1,16,0.000,0.000,,,,,NVIDIA A100-SXM4-40GB (0),1,,13,cupy_copy__complex64_complex64
2036095487,1536,15950,1,1,1,1,1,1,18,0.000,0.000,,,,,NVIDIA A100-SXM4-40GB (0),1,,13,cupy_copy__float32_float32
2036128703,1664,15956,,,,,,,,,,0.000,2.404,Device,Pageable,NVIDIA A100-SXM4-40GB (0),1,,7,[CUDA memcpy Device-to-Host]
2036186654,13152,15967,1434,1,1,128,1,1,16,0.000,0.000,,,,,NVIDIA A100-SXM4-40GB (0),1,,13,cupy_copy__complex64_complex64
2036212702,2368,15974,103,1,1,128,1,1,16,0.000,0.000,,,,,NVIDIA A100-SXM4-40GB (0),1,,13,cupy_copy__complex64_complex64
2036233342,2016,15981,35,1,1,128,1,1,16,0.000,0.000,,,,,NVIDIA A100-SXM4-40GB (0),1,,13,cupy_copy__complex64_complex64
2036251998,1504,15988,1,1,1,1,1,1,18,0.000,0.000,,,,,NVIDIA A100-SXM4-40GB (0),1,,13,cupy_copy__float32_float32
2036383068,78239,15999,1,1,1,32,32,1,30,0.000,0.000,,,,,NVIDIA A100-SXM4-40GB (0),1,,13,"void convert_kernel<__half2, float2>(tensor_layout_any, T1 *, tensor_layout_any, const T2 *)"
2036489019,4224,16002,,,,,,,,,,0.061,14545.428,Pinned,Device,NVIDIA A100-SXM4-40GB (0),1,,13,[CUDA memcpy Host-to-Device]
2036502970,2560,16003,,,,,,,,,,1.547,604150.000,Device,,NVIDIA A100-SXM4-40GB (0),1,,13,[CUDA memset]
2036508986,3008,16008,,,,,,,,,,0.021,6999.983,Pinned,Device,NVIDIA A100-SXM4-40GB (0),1,,13,[CUDA memcpy Host-to-Device]
2036514138,6848,16009,,,,,,,,,,0.131,19140.182,Pinned,Device,NVIDIA A100-SXM4-40GB (0),1,,13,[CUDA memcpy Host-to-Device]
2036526874,5856,16010,273,1,1,8,4,1,39,0.002,0.000,,,,,NVIDIA A100-SXM4-40GB (0),1,,13,"void channel_eq::eqMmseCoefCompLowMimoKernel<float, float, float, (unsigned int)4, (unsigned int)1, (unsigned int)4>(const channel_eq::_puschRxChEqStatDescr *, channel_eq::_puschRxChEqCoefCompDynDescr)"
2036533850,4864,16011,273,1,1,12,11,1,40,0.002,0.000,,,,,NVIDIA A100-SXM4-40GB (0),1,,13,"void channel_eq::eqMmseSoftDemapKernel<float, __half, __half, float, (unsigned int)4, (unsigned short)16383>(channel_eq::_puschRxChEqStatDescr *, channel_eq::_puschRxChEqSoftDemapDynDescr)"
2036539962,281692,16012,1,1,1,32,32,1,30,0.000,0.000,,,,,NVIDIA A100-SXM4-40GB (0),1,,13,"void convert_kernel<float2, __half2>(tensor_layout_any, T1 *, tensor_layout_any, const T2 *)"
2036822774,10400,16024,2253,1,1,128,1,1,16,0.000,0.000,,,,,NVIDIA A100-SXM4-40GB (0),1,,13,cupy_copy__float16_float16
2036834262,2368,16033,282,1,1,128,1,1,16,0.000,0.000,,,,,NVIDIA A100-SXM4-40GB (0),1,,13,cupy_copy__complex64_complex64
2036837878,1760,16042,26,1,1,128,1,1,16,0.000,0.000,,,,,NVIDIA A100-SXM4-40GB (0),1,,13,cupy_copy__float32_float32
2036840886,2560,16051,103,1,1,128,1,1,16,0.000,0.000,,,,,NVIDIA A100-SXM4-40GB (0),1,,13,cupy_copy__complex64_complex64
2036844662,11296,16061,1434,1,1,128,1,1,16,0.000,0.000,,,,,NVIDIA A100-SXM4-40GB (0),1,,13,cupy_copy__complex64_complex64
2036881494,78687,16066,1,1,1,32,32,1,30,0.000,0.000,,,,,NVIDIA A100-SXM4-40GB (0),1,,13,"void convert_kernel<__half2, float2>(tensor_layout_any, T1 *, tensor_layout_any, const T2 *)"
2037123155,4736,16069,,,,,,,,,,0.061,12972.933,Pinned,Device,NVIDIA A100-SXM4-40GB (0),1,,13,[CUDA memcpy Host-to-Device]
2037132115,589848,16070,,,,,,,,,,456.520,773802.214,Device,,NVIDIA A100-SXM4-40GB (0),1,,13,[CUDA memset]
2037726059,32768,16075,,,,,,,,,,0.825,25187.023,Pinned,Device,NVIDIA A100-SXM4-40GB (0),1,,13,[CUDA memcpy Host-to-Device]
2037760939,6816,16076,,,,,,,,,,0.131,19229.966,Pinned,Device,NVIDIA A100-SXM4-40GB (0),1,,13,[CUDA memcpy Host-to-Device]
2037777130,7168,16077,69,4,1,48,1,1,76,0.002,0.000,,,,,NVIDIA A100-SXM4-40GB (0),1,,13,"void ch_est::windowedChEstPreNoDftSOfdmKernel<float, __half, float, (unsigned int)2, (unsigned int)1, (unsigned short)4>(ch_est::puschRxChEstStatDescr_t *, ch_est::puschRxChEstDynDescr_t *)"
2037785514,6176,16078,137,2,1,24,2,1,44,0.001,0.001,,,,,NVIDIA A100-SXM4-40GB (0),1,,13,"void ch_est::chEstFilterNoDftSOfdmDispatchKernel<float, __half, float, (unsigned int)2>(ch_est::puschRxChEstStatDescr_t *, ch_est::puschRxChEstDynDescr_t *)"
2037792938,4576,16079,137,2,1,24,2,1,44,0.001,0.001,,,,,NVIDIA A100-SXM4-40GB (0),1,,13,"void ch_est::chEstFilterNoDftSOfdmDispatchKernel<float, __half, float, (unsigned int)2>(ch_est::puschRxChEstStatDescr_t *, ch_est::puschRxChEstDynDescr_t *)"
2037798730,2560,16090,103,1,1,128,1,1,16,0.000,0.000,,,,,NVIDIA A100-SXM4-40GB (0),1,,13,cupy_copy__complex64_complex64
2037802474,12448,16100,1434,1,1,128,1,1,16,0.000,0.000,,,,,NVIDIA A100-SXM4-40GB (0),1,,13,cupy_copy__complex64_complex64
2037815946,2112,16107,103,1,1,128,1,1,16,0.000,0.000,,,,,NVIDIA A100-SXM4-40GB (0),1,,13,cupy_copy__complex64_complex64
2037819146,78591,16114,1,1,1,32,32,1,30,0.000,0.000,,,,,NVIDIA A100-SXM4-40GB (0),1,,13,"void convert_kernel<__half2, float2>(tensor_layout_any, T1 *, tensor_layout_any, const T2 *)"
2037930633,4415,16117,,,,,,,,,,0.061,13916.160,Pinned,Device,NVIDIA A100-SXM4-40GB (0),1,,13,[CUDA memcpy Host-to-Device]
2037943464,45056,16118,,,,,,,,,,35.801,794566.506,Device,,NVIDIA A100-SXM4-40GB (0),1,,13,[CUDA memset]
2037995880,1888,16120,,,,,,,,,,0.000,42.373,Pinned,Device,NVIDIA A100-SXM4-40GB (0),1,,13,[CUDA memcpy Host-to-Device]
2038000328,6848,16121,,,,,,,,,,0.131,19140.182,Pinned,Device,NVIDIA A100-SXM4-40GB (0),1,,13,[CUDA memcpy Host-to-Device]
2038013287,8480,16122,273,1,1,48,1,1,40,0.000,0.001,,,,,NVIDIA A100-SXM4-40GB (0),1,,13,"void pusch_noise_intf_est::noiseIntfEstNoDftSOfdmKernel<float, __half, float, float, (unsigned int)2, (unsigned int)1, (unsigned char)4, (unsigned char)4>(pusch_noise_intf_est::puschRxNoiseIntfEstDynDescr)"
2038022951,2624,16133,35,1,1,128,1,1,16,0.000,0.000,,,,,NVIDIA A100-SXM4-40GB (0),1,,13,cupy_copy__complex64_complex64
2038056199,1536,16142,1,1,1,1,1,1,18,0.000,0.000,,,,,NVIDIA A100-SXM4-40GB (0),1,,13,cupy_copy__float32_float32
2038090598,1728,16148,,,,,,,,,,0.000,2.315,Device,Pageable,NVIDIA A100-SXM4-40GB (0),1,,7,[CUDA memcpy Device-to-Host]
2038148006,13120,16159,1434,1,1,128,1,1,16,0.000,0.000,,,,,NVIDIA A100-SXM4-40GB (0),1,,13,cupy_copy__complex64_complex64
2038174373,2368,16166,103,1,1,128,1,1,16,0.000,0.000,,,,,NVIDIA A100-SXM4-40GB (0),1,,13,cupy_copy__complex64_complex64
2038194885,1984,16173,35,1,1,128,1,1,16,0.000,0.000,,,,,NVIDIA A100-SXM4-40GB (0),1,,13,cupy_copy__complex64_complex64
2038213669,1504,16180,1,1,1,1,1,1,18,0.000,0.000,,,,,NVIDIA A100-SXM4-40GB (0),1,,13,cupy_copy__float32_float32
2038346275,78463,16191,1,1,1,32,32,1,30,0.000,0.000,,,,,NVIDIA A100-SXM4-40GB (0),1,,13,"void convert_kernel<__half2, float2>(tensor_layout_any, T1 *, tensor_layout_any, const T2 *)"
2038585728,4384,16194,,,,,,,,,,0.061,14014.587,Pinned,Device,NVIDIA A100-SXM4-40GB (0),1,,13,[CUDA memcpy Host-to-Device]
2038595584,2560,16195,,,,,,,,,,1.547,604150.000,Device,,NVIDIA A100-SXM4-40GB (0),1,,13,[CUDA memset]
2038598688,3072,16200,,,,,,,,,,0.021,6854.149,Pinned,Device,NVIDIA A100-SXM4-40GB (0),1,,13,[CUDA memcpy Host-to-Device]
2038603904,7040,16201,,,,,,,,,,0.131,18618.122,Pinned,Device,NVIDIA A100-SXM4-40GB (0),1,,13,[CUDA memcpy Host-to-Device]
2038621952,5856,16202,273,1,1,8,4,1,39,0.002,0.000,,,,,NVIDIA A100-SXM4-40GB (0),1,,13,"void channel_eq::eqMmseCoefCompLowMimoKernel<float, float, float, (unsigned int)4, (unsigned int)1, (unsigned int)4>(const channel_eq::_puschRxChEqStatDescr *, channel_eq::_puschRxChEqCoefCompDynDescr)"
2038629152,4800,16203,273,1,1,12,11,1,40,0.002,0.000,,,,,NVIDIA A100-SXM4-40GB (0),1,,13,"void channel_eq::eqMmseSoftDemapKernel<float, __half, __half, float, (unsigned int)4, (unsigned short)16383>(channel_eq::_puschRxChEqStatDescr *, channel_eq::_puschRxChEqSoftDemapDynDescr)"
2038635040,282012,16204,1,1,1,32,32,1,30,0.000,0.000,,,,,NVIDIA A100-SXM4-40GB (0),1,,13,"void convert_kernel<float2, __half2>(tensor_layout_any, T1 *, tensor_layout_any, const T2 *)"
2038918300,10176,16216,2253,1,1,128,1,1,16,0.000,0.000,,,,,NVIDIA A100-SXM4-40GB (0),1,,13,cupy_copy__float16_float16
2038929692,2400,16225,282,1,1,128,1,1,16,0.000,0.000,,,,,NVIDIA A100-SXM4-40GB (0),1,,13,cupy_copy__complex64_complex64
2038933276,1760,16234,26,1,1,128,1,1,16,0.000,0.000,,,,,NVIDIA A100-SXM4-40GB (0),1,,13,cupy_copy__float32_float32
2038936252,2528,16243,103,1,1,128,1,1,16,0.000,0.000,,,,,NVIDIA A100-SXM4-40GB (0),1,,13,cupy_copy__complex64_complex64
2038940028,11264,16253,1434,1,1,128,1,1,16,0.000,0.000,,,,,NVIDIA A100-SXM4-40GB (0),1,,13,cupy_copy__complex64_complex64
2039090394,78655,16258,1,1,1,32,32,1,30,0.000,0.000,,,,,NVIDIA A100-SXM4-40GB (0),1,,13,"void convert_kernel<__half2, float2>(tensor_layout_any, T1 *, tensor_layout_any, const T2 *)"
2039199577,4160,16261,,,,,,,,,,0.061,14769.193,Pinned,Device,NVIDIA A100-SXM4-40GB (0),1,,13,[CUDA memcpy Host-to-Device]
2039210904,587161,16262,,,,,,,,,,456.520,777454.377,Device,,NVIDIA A100-SXM4-40GB (0),1,,13,[CUDA memset]
2039802865,32768,16267,,,,,,,,,,0.825,25187.023,Pinned,Device,NVIDIA A100-SXM4-40GB (0),1,,13,[CUDA memcpy Host-to-Device]
2039837777,6816,16268,,,,,,,,,,0.131,19229.966,Pinned,Device,NVIDIA A100-SXM4-40GB (0),1,,13,[CUDA memcpy Host-to-Device]
2039850320,7136,16269,69,4,1,48,1,1,76,0.002,0.000,,,,,NVIDIA A100-SXM4-40GB (0),1,,13,"void ch_est::windowedChEstPreNoDftSOfdmKernel<float, __half, float, (unsigned int)2, (unsigned int)1, (unsigned short)4>(ch_est::puschRxChEstStatDescr_t *, ch_est::puschRxChEstDynDescr_t *)"
2039858672,6176,16270,137,2,1,24,2,1,44,0.001,0.001,,,,,NVIDIA A100-SXM4-40GB (0),1,,13,"void ch_est::chEstFilterNoDftSOfdmDispatchKernel<float, __half, float, (unsigned int)2>(ch_est::puschRxChEstStatDescr_t *, ch_est::puschRxChEstDynDescr_t *)"
2039866096,4544,16271,137,2,1,24,2,1,44,0.001,0.001,,,,,NVIDIA A100-SXM4-40GB (0),1,,13,"void ch_est::chEstFilterNoDftSOfdmDispatchKernel<float, __half, float, (unsigned int)2>(ch_est::puschRxChEstStatDescr_t *, ch_est::puschRxChEstDynDescr_t *)"
2039871952,2176,16282,103,1,1,128,1,1,16,0.000,0.000,,,,,NVIDIA A100-SXM4-40GB (0),1,,13,cupy_copy__complex64_complex64
2039875344,12320,16292,1434,1,1,128,1,1,16,0.000,0.000,,,,,NVIDIA A100-SXM4-40GB (0),1,,13,cupy_copy__complex64_complex64
2039888688,2112,16299,103,1,1,128,1,1,16,0.000,0.000,,,,,NVIDIA A100-SXM4-40GB (0),1,,13,cupy_copy__complex64_complex64
2039891984,78495,16306,1,1,1,32,32,1,30,0.000,0.000,,,,,NVIDIA A100-SXM4-40GB (0),1,,13,"void convert_kernel<__half2, float2>(tensor_layout_any, T1 *, tensor_layout_any, const T2 *)"
2039999055,4224,16309,,,,,,,,,,0.061,14545.428,Pinned,Device,NVIDIA A100-SXM4-40GB (0),1,,13,[CUDA memcpy Host-to-Device]
2040011726,44928,16310,,,,,,,,,,35.801,796821.967,Device,,NVIDIA A100-SXM4-40GB (0),1,,13,[CUDA memset]
2040062958,2464,16312,,,,,,,,,,0.000,32.468,Pinned,Device,NVIDIA A100-SXM4-40GB (0),1,,13,[CUDA memcpy Host-to-Device]
2040067566,6816,16313,,,,,,,,,,0.131,19229.966,Pinned,Device,NVIDIA A100-SXM4-40GB (0),1,,13,[CUDA memcpy Host-to-Device]
2040077966,8383,16314,273,1,1,48,1,1,40,0.000,0.001,,,,,NVIDIA A100-SXM4-40GB (0),1,,13,"void pusch_noise_intf_est::noiseIntfEstNoDftSOfdmKernel<float, __half, float, float, (unsigned int)2, (unsigned int)1, (unsigned char)4, (unsigned char)4>(pusch_noise_intf_est::puschRxNoiseIntfEstDynDescr)"
2040087405,2656,16325,35,1,1,128,1,1,16,0.000,0.000,,,,,NVIDIA A100-SXM4-40GB (0),1,,13,cupy_copy__complex64_complex64
2040117037,1504,16334,1,1,1,1,1,1,18,0.000,0.000,,,,,NVIDIA A100-SXM4-40GB (0),1,,13,cupy_copy__float32_float32
2040150669,1760,16340,,,,,,,,,,0.000,2.273,Device,Pageable,NVIDIA A100-SXM4-40GB (0),1,,7,[CUDA memcpy Device-to-Host]
2040207532,13184,16351,1434,1,1,128,1,1,16,0.000,0.000,,,,,NVIDIA A100-SXM4-40GB (0),1,,13,cupy_copy__complex64_complex64
2040233900,2368,16358,103,1,1,128,1,1,16,0.000,0.000,,,,,NVIDIA A100-SXM4-40GB (0),1,,13,cupy_copy__complex64_complex64
2040254187,2016,16365,35,1,1,128,1,1,16,0.000,0.000,,,,,NVIDIA A100-SXM4-40GB (0),1,,13,cupy_copy__complex64_complex64
2040272267,1504,16372,1,1,1,1,1,1,18,0.000,0.000,,,,,NVIDIA A100-SXM4-40GB (0),1,,13,cupy_copy__float32_float32
2040403850,78335,16383,1,1,1,32,32,1,30,0.000,0.000,,,,,NVIDIA A100-SXM4-40GB (0),1,,13,"void convert_kernel<__half2, float2>(tensor_layout_any, T1 *, tensor_layout_any, const T2 *)"
2040510504,4192,16386,,,,,,,,,,0.061,14656.451,Pinned,Device,NVIDIA A100-SXM4-40GB (0),1,,13,[CUDA memcpy Host-to-Device]
2040524776,2560,16387,,,,,,,,,,1.547,604150.000,Device,,NVIDIA A100-SXM4-40GB (0),1,,13,[CUDA memset]
2040530920,3040,16392,,,,,,,,,,0.021,6926.308,Pinned,Device,NVIDIA A100-SXM4-40GB (0),1,,13,[CUDA memcpy Host-to-Device]
2040536072,6880,16393,,,,,,,,,,0.131,19051.053,Pinned,Device,NVIDIA A100-SXM4-40GB (0),1,,13,[CUDA memcpy Host-to-Device]
2040550632,5888,16394,273,1,1,8,4,1,39,0.002,0.000,,,,,NVIDIA A100-SXM4-40GB (0),1,,13,"void channel_eq::eqMmseCoefCompLowMimoKernel<float, float, float, (unsigned int)4, (unsigned int)1, (unsigned int)4>(const channel_eq::_puschRxChEqStatDescr *, channel_eq::_puschRxChEqCoefCompDynDescr)"
2040557576,4832,16395,273,1,1,12,11,1,40,0.002,0.000,,,,,NVIDIA A100-SXM4-40GB (0),1,,13,"void channel_eq::eqMmseSoftDemapKernel<float, __half, __half, float, (unsigned int)4, (unsigned short)16383>(channel_eq::_puschRxChEqStatDescr *, channel_eq::_puschRxChEqSoftDemapDynDescr)"
2040563400,281372,16396,1,1,1,32,32,1,30,0.000,0.000,,,,,NVIDIA A100-SXM4-40GB (0),1,,13,"void convert_kernel<float2, __half2>(tensor_layout_any, T1 *, tensor_layout_any, const T2 *)"
2040845860,10176,16408,2253,1,1,128,1,1,16,0.000,0.000,,,,,NVIDIA A100-SXM4-40GB (0),1,,13,cupy_copy__float16_float16
2040857060,2400,16417,282,1,1,128,1,1,16,0.000,0.000,,,,,NVIDIA A100-SXM4-40GB (0),1,,13,cupy_copy__complex64_complex64
2040860548,1760,16426,26,1,1,128,1,1,16,0.000,0.000,,,,,NVIDIA A100-SXM4-40GB (0),1,,13,cupy_copy__float32_float32
2040863556,2560,16435,103,1,1,128,1,1,16,0.000,0.000,,,,,NVIDIA A100-SXM4-40GB (0),1,,13,cupy_copy__complex64_complex64
2040867108,11168,16445,1434,1,1,128,1,1,16,0.000,0.000,,,,,NVIDIA A100-SXM4-40GB (0),1,,13,cupy_copy__complex64_complex64
2040905891,78303,16450,1,1,1,32,32,1,30,0.000,0.000,,,,,NVIDIA A100-SXM4-40GB (0),1,,13,"void convert_kernel<__half2, float2>(tensor_layout_any, T1 *, tensor_layout_any, const T2 *)"
2041011074,4224,16453,,,,,,,,,,0.061,14545.428,Pinned,Device,NVIDIA A100-SXM4-40GB (0),1,,13,[CUDA memcpy Host-to-Device]
2041021698,588792,16454,,,,,,,,,,456.520,775171.775,Device,,NVIDIA A100-SXM4-40GB (0),1,,13,[CUDA memset]
2041618746,32960,16459,,,,,,,,,,0.825,25040.112,Pinned,Device,NVIDIA A100-SXM4-40GB (0),1,,13,[CUDA memcpy Host-to-Device]
2041653850,7072,16460,,,,,,,,,,0.131,18533.843,Pinned,Device,NVIDIA A100-SXM4-40GB (0),1,,13,[CUDA memcpy Host-to-Device]
2041667898,7168,16461,69,4,1,48,1,1,76,0.002,0.000,,,,,NVIDIA A100-SXM4-40GB (0),1,,13,"void ch_est::windowedChEstPreNoDftSOfdmKernel<float, __half, float, (unsigned int)2, (unsigned int)1, (unsigned short)4>(ch_est::puschRxChEstStatDescr_t *, ch_est::puschRxChEstDynDescr_t *)"
2041676314,6208,16462,137,2,1,24,2,1,44,0.001,0.001,,,,,NVIDIA A100-SXM4-40GB (0),1,,13,"void ch_est::chEstFilterNoDftSOfdmDispatchKernel<float, __half, float, (unsigned int)2>(ch_est::puschRxChEstStatDescr_t *, ch_est::puschRxChEstDynDescr_t *)"
2041683737,4576,16463,137,2,1,24,2,1,44,0.001,0.001,,,,,NVIDIA A100-SXM4-40GB (0),1,,13,"void ch_est::chEstFilterNoDftSOfdmDispatchKernel<float, __half, float, (unsigned int)2>(ch_est::puschRxChEstStatDescr_t *, ch_est::puschRxChEstDynDescr_t *)"
2041689593,2176,16474,103,1,1,128,1,1,16,0.000,0.000,,,,,NVIDIA A100-SXM4-40GB (0),1,,13,cupy_copy__complex64_complex64
2041692793,12416,16484,1434,1,1,128,1,1,16,0.000,0.000,,,,,NVIDIA A100-SXM4-40GB (0),1,,13,cupy_copy__complex64_complex64
2041706233,2112,16491,103,1,1,128,1,1,16,0.000,0.000,,,,,NVIDIA A100-SXM4-40GB (0),1,,13,cupy_copy__complex64_complex64
2041709401,78911,16498,1,1,1,32,32,1,30,0.000,0.000,,,,,NVIDIA A100-SXM4-40GB (0),1,,13,"void convert_kernel<__half2, float2>(tensor_layout_any, T1 *, tensor_layout_any, const T2 *)"
2041815192,4192,16501,,,,,,,,,,0.061,14656.451,Pinned,Device,NVIDIA A100-SXM4-40GB (0),1,,13,[CUDA memcpy Host-to-Device]
2041827480,44767,16502,,,,,,,,,,35.801,799686.044,Device,,NVIDIA A100-SXM4-40GB (0),1,,13,[CUDA memset]
2041878839,1920,16504,,,,,,,,,,0.000,41.667,Pinned,Device,NVIDIA A100-SXM4-40GB (0),1,,13,[CUDA memcpy Host-to-Device]
2041883543,6816,16505,,,,,,,,,,0.131,19229.966,Pinned,Device,NVIDIA A100-SXM4-40GB (0),1,,13,[CUDA memcpy Host-to-Device]
2041894519,8672,16506,273,1,1,48,1,1,40,0.000,0.001,,,,,NVIDIA A100-SXM4-40GB (0),1,,13,"void pusch_noise_intf_est::noiseIntfEstNoDftSOfdmKernel<float, __half, float, float, (unsigned int)2, (unsigned int)1, (unsigned char)4, (unsigned char)4>(pusch_noise_intf_est::puschRxNoiseIntfEstDynDescr)"
2041904279,2624,16517,35,1,1,128,1,1,16,0.000,0.000,,,,,NVIDIA A100-SXM4-40GB (0),1,,13,cupy_copy__complex64_complex64
2041931862,1504,16526,1,1,1,1,1,1,18,0.000,0.000,,,,,NVIDIA A100-SXM4-40GB (0),1,,13,cupy_copy__float32_float32
2041964662,1664,16532,,,,,,,,,,0.000,2.404,Device,Pageable,NVIDIA A100-SXM4-40GB (0),1,,7,[CUDA memcpy Device-to-Host]
2042021749,14368,16543,1434,1,1,128,1,1,16,0.000,0.000,,,,,NVIDIA A100-SXM4-40GB (0),1,,13,cupy_copy__complex64_complex64
2042048021,2368,16550,103,1,1,128,1,1,16,0.000,0.000,,,,,NVIDIA A100-SXM4-40GB (0),1,,13,cupy_copy__complex64_complex64
2042068661,2016,16557,35,1,1,128,1,1,16,0.000,0.000,,,,,NVIDIA A100-SXM4-40GB (0),1,,13,cupy_copy__complex64_complex64
2042087700,1472,16564,1,1,1,1,1,1,18,0.000,0.000,,,,,NVIDIA A100-SXM4-40GB (0),1,,13,cupy_copy__float32_float32
2042218899,79103,16575,1,1,1,32,32,1,30,0.000,0.000,,,,,NVIDIA A100-SXM4-40GB (0),1,,13,"void convert_kernel<__half2, float2>(tensor_layout_any, T1 *, tensor_layout_any, const T2 *)"
2042459152,4544,16578,,,,,,,,,,0.061,13521.101,Pinned,Device,NVIDIA A100-SXM4-40GB (0),1,,13,[CUDA memcpy Host-to-Device]
2042473136,2560,16579,,,,,,,,,,1.547,604150.000,Device,,NVIDIA A100-SXM4-40GB (0),1,,13,[CUDA memset]
2042480944,3039,16584,,,,,,,,,,0.021,6928.582,Pinned,Device,NVIDIA A100-SXM4-40GB (0),1,,13,[CUDA memcpy Host-to-Device]
2042486511,6976,16585,,,,,,,,,,0.131,18788.909,Pinned,Device,NVIDIA A100-SXM4-40GB (0),1,,13,[CUDA memcpy Host-to-Device]
2042499791,5952,16586,273,1,1,8,4,1,39,0.002,0.000,,,,,NVIDIA A100-SXM4-40GB (0),1,,13,"void channel_eq::eqMmseCoefCompLowMimoKernel<float, float, float, (unsigned int)4, (unsigned int)1, (unsigned int)4>(const channel_eq::_puschRxChEqStatDescr *, channel_eq::_puschRxChEqCoefCompDynDescr)"
2042506959,4800,16587,273,1,1,12,11,1,40,0.002,0.000,,,,,NVIDIA A100-SXM4-40GB (0),1,,13,"void channel_eq::eqMmseSoftDemapKernel<float, __half, __half, float, (unsigned int)4, (unsigned short)16383>(channel_eq::_puschRxChEqStatDescr *, channel_eq::_puschRxChEqSoftDemapDynDescr)"
2042512751,281821,16588,1,1,1,32,32,1,30,0.000,0.000,,,,,NVIDIA A100-SXM4-40GB (0),1,,13,"void convert_kernel<float2, __half2>(tensor_layout_any, T1 *, tensor_layout_any, const T2 *)"
2042795724,10367,16600,2253,1,1,128,1,1,16,0.000,0.000,,,,,NVIDIA A100-SXM4-40GB (0),1,,13,cupy_copy__float16_float16
2042807179,2400,16609,282,1,1,128,1,1,16,0.000,0.000,,,,,NVIDIA A100-SXM4-40GB (0),1,,13,cupy_copy__complex64_complex64
2042810635,1760,16618,26,1,1,128,1,1,16,0.000,0.000,,,,,NVIDIA A100-SXM4-40GB (0),1,,13,cupy_copy__float32_float32
2042813643,2528,16627,103,1,1,128,1,1,16,0.000,0.000,,,,,NVIDIA A100-SXM4-40GB (0),1,,13,cupy_copy__complex64_complex64
2042817419,11232,16637,1434,1,1,128,1,1,16,0.000,0.000,,,,,NVIDIA A100-SXM4-40GB (0),1,,13,cupy_copy__complex64_complex64
2042967049,78719,16642,1,1,1,32,32,1,30,0.000,0.000,,,,,NVIDIA A100-SXM4-40GB (0),1,,13,"void convert_kernel<__half2, float2>(tensor_layout_any, T1 *, tensor_layout_any, const T2 *)"
2043077032,4192,16645,,,,,,,,,,0.061,14656.451,Pinned,Device,NVIDIA A100-SXM4-40GB (0),1,,13,[CUDA memcpy Host-to-Device]
2043088072,588665,16646,,,,,,,,,,456.520,775171.775,Device,,NVIDIA A100-SXM4-40GB (0),1,,13,[CUDA memset]
2043677985,32703,16651,,,,,,,,,,0.825,25237.369,Pinned,Device,NVIDIA A100-SXM4-40GB (0),1,,13,[CUDA memcpy Host-to-Device]
2043712832,7008,16652,,,,,,,,,,0.131,18703.188,Pinned,Device,NVIDIA A100-SXM4-40GB (0),1,,13,[CUDA memcpy Host-to-Device]
2043728544,7232,16653,69,4,1,48,1,1,76,0.002,0.000,,,,,NVIDIA A100-SXM4-40GB (0),1,,13,"void ch_est::windowedChEstPreNoDftSOfdmKernel<float, __half, float, (unsigned int)2, (unsigned int)1, (unsigned short)4>(ch_est::puschRxChEstStatDescr_t *, ch_est::puschRxChEstDynDescr_t *)"
2043736832,6112,16654,137,2,1,24,2,1,44,0.001,0.001,,,,,NVIDIA A100-SXM4-40GB (0),1,,13,"void ch_est::chEstFilterNoDftSOfdmDispatchKernel<float, __half, float, (unsigned int)2>(ch_est::puschRxChEstStatDescr_t *, ch_est::puschRxChEstDynDescr_t *)"
2043744224,4576,16655,137,2,1,24,2,1,44,0.001,0.001,,,,,NVIDIA A100-SXM4-40GB (0),1,,13,"void ch_est::chEstFilterNoDftSOfdmDispatchKernel<float, __half, float, (unsigned int)2>(ch_est::puschRxChEstStatDescr_t *, ch_est::puschRxChEstDynDescr_t *)"
2043750080,2208,16666,103,1,1,128,1,1,16,0.000,0.000,,,,,NVIDIA A100-SXM4-40GB (0),1,,13,cupy_copy__complex64_complex64
2043753280,12479,16676,1434,1,1,128,1,1,16,0.000,0.000,,,,,NVIDIA A100-SXM4-40GB (0),1,,13,cupy_copy__complex64_complex64
2043766815,2112,16683,103,1,1,128,1,1,16,0.000,0.000,,,,,NVIDIA A100-SXM4-40GB (0),1,,13,cupy_copy__complex64_complex64
2043769919,78591,16690,1,1,1,32,32,1,30,0.000,0.000,,,,,NVIDIA A100-SXM4-40GB (0),1,,13,"void convert_kernel<__half2, float2>(tensor_layout_any, T1 *, tensor_layout_any, const T2 *)"
2044010652,4256,16693,,,,,,,,,,0.061,14436.065,Pinned,Device,NVIDIA A100-SXM4-40GB (0),1,,13,[CUDA memcpy Host-to-Device]
2044023452,45952,16694,,,,,,,,,,35.801,779064.691,Device,,NVIDIA A100-SXM4-40GB (0),1,,13,[CUDA memset]
2044074908,1888,16696,,,,,,,,,,0.000,42.373,Pinned,Device,NVIDIA A100-SXM4-40GB (0),1,,13,[CUDA memcpy Host-to-Device]
2044078971,7136,16697,,,,,,,,,,0.131,18367.644,Pinned,Device,NVIDIA A100-SXM4-40GB (0),1,,13,[CUDA memcpy Host-to-Device]
2044097211,9184,16698,273,1,1,48,1,1,40,0.000,0.001,,,,,NVIDIA A100-SXM4-40GB (0),1,,13,"void pusch_noise_intf_est::noiseIntfEstNoDftSOfdmKernel<float, __half, float, float, (unsigned int)2, (unsigned int)1, (unsigned char)4, (unsigned char)4>(pusch_noise_intf_est::puschRxNoiseIntfEstDynDescr)"
2044107675,2528,16709,35,1,1,128,1,1,16,0.000,0.000,,,,,NVIDIA A100-SXM4-40GB (0),1,,13,cupy_copy__complex64_complex64
2044115707,1536,16718,1,1,1,1,1,1,18,0.000,0.000,,,,,NVIDIA A100-SXM4-40GB (0),1,,13,cupy_copy__float32_float32
2044149115,1760,16724,,,,,,,,,,0.000,2.273,Device,Pageable,NVIDIA A100-SXM4-40GB (0),1,,7,[CUDA memcpy Device-to-Host]
2044206938,13152,16735,1434,1,1,128,1,1,16,0.000,0.000,,,,,NVIDIA A100-SXM4-40GB (0),1,,13,cupy_copy__complex64_complex64
2044233306,2368,16742,103,1,1,128,1,1,16,0.000,0.000,,,,,NVIDIA A100-SXM4-40GB (0),1,,13,cupy_copy__complex64_complex64
2044253721,2016,16749,35,1,1,128,1,1,16,0.000,0.000,,,,,NVIDIA A100-SXM4-40GB (0),1,,13,cupy_copy__complex64_complex64
2044271993,1504,16756,1,1,1,1,1,1,18,0.000,0.000,,,,,NVIDIA A100-SXM4-40GB (0),1,,13,cupy_copy__float32_float32
2044532470,78559,16767,1,1,1,32,32,1,30,0.000,0.000,,,,,NVIDIA A100-SXM4-40GB (0),1,,13,"void convert_kernel<__half2, float2>(tensor_layout_any, T1 *, tensor_layout_any, const T2 *)"
2044642868,4448,16770,,,,,,,,,,0.061,13812.941,Pinned,Device,NVIDIA A100-SXM4-40GB (0),1,,13,[CUDA memcpy Host-to-Device]
2044657620,2560,16771,,,,,,,,,,1.547,604150.000,Device,,NVIDIA A100-SXM4-40GB (0),1,,13,[CUDA memset]
2044667636,3552,16776,,,,,,,,,,0.021,5927.917,Pinned,Device,NVIDIA A100-SXM4-40GB (0),1,,13,[CUDA memcpy Host-to-Device]
2044673684,6880,16777,,,,,,,,,,0.131,19051.053,Pinned,Device,NVIDIA A100-SXM4-40GB (0),1,,13,[CUDA memcpy Host-to-Device]
2044687540,5920,16778,273,1,1,8,4,1,39,0.002,0.000,,,,,NVIDIA A100-SXM4-40GB (0),1,,13,"void channel_eq::eqMmseCoefCompLowMimoKernel<float, float, float, (unsigned int)4, (unsigned int)1, (unsigned int)4>(const channel_eq::_puschRxChEqStatDescr *, channel_eq::_puschRxChEqCoefCompDynDescr)"
2044694580,4864,16779,273,1,1,12,11,1,40,0.002,0.000,,,,,NVIDIA A100-SXM4-40GB (0),1,,13,"void channel_eq::eqMmseSoftDemapKernel<float, __half, __half, float, (unsigned int)4, (unsigned short)16383>(channel_eq::_puschRxChEqStatDescr *, channel_eq::_puschRxChEqSoftDemapDynDescr)"
2044700660,281660,16780,1,1,1,32,32,1,30,0.000,0.000,,,,,NVIDIA A100-SXM4-40GB (0),1,,13,"void convert_kernel<float2, __half2>(tensor_layout_any, T1 *, tensor_layout_any, const T2 *)"
2044983440,10176,16792,2253,1,1,128,1,1,16,0.000,0.000,,,,,NVIDIA A100-SXM4-40GB (0),1,,13,cupy_copy__float16_float16
2044994640,2368,16801,282,1,1,128,1,1,16,0.000,0.000,,,,,NVIDIA A100-SXM4-40GB (0),1,,13,cupy_copy__complex64_complex64
2044998288,1760,16810,26,1,1,128,1,1,16,0.000,0.000,,,,,NVIDIA A100-SXM4-40GB (0),1,,13,cupy_copy__float32_float32
2045001296,2560,16819,103,1,1,128,1,1,16,0.000,0.000,,,,,NVIDIA A100-SXM4-40GB (0),1,,13,cupy_copy__complex64_complex64
2045005072,11232,16829,1434,1,1,128,1,1,16,0.000,0.000,,,,,NVIDIA A100-SXM4-40GB (0),1,,13,cupy_copy__complex64_complex64
2045051535,79167,16834,1,1,1,32,32,1,30,0.000,0.000,,,,,NVIDIA A100-SXM4-40GB (0),1,,13,"void convert_kernel<__half2, float2>(tensor_layout_any, T1 *, tensor_layout_any, const T2 *)"
2045157902,4192,16837,,,,,,,,,,0.061,14656.451,Pinned,Device,NVIDIA A100-SXM4-40GB (0),1,,13,[CUDA memcpy Host-to-Device]
2045168718,588024,16838,,,,,,,,,,456.520,776084.816,Device,,NVIDIA A100-SXM4-40GB (0),1,,13,[CUDA memset]
2045757798,32768,16843,,,,,,,,,,0.825,25187.023,Pinned,Device,NVIDIA A100-SXM4-40GB (0),1,,13,[CUDA memcpy Host-to-Device]
2045793158,6848,16844,,,,,,,,,,0.131,19140.182,Pinned,Device,NVIDIA A100-SXM4-40GB (0),1,,13,[CUDA memcpy Host-to-Device]
2045806886,7296,16845,69,4,1,48,1,1,76,0.002,0.000,,,,,NVIDIA A100-SXM4-40GB (0),1,,13,"void ch_est::windowedChEstPreNoDftSOfdmKernel<float, __half, float, (unsigned int)2, (unsigned int)1, (unsigned short)4>(ch_est::puschRxChEstStatDescr_t *, ch_est::puschRxChEstDynDescr_t *)"
2045815494,6208,16846,137,2,1,24,2,1,44,0.001,0.001,,,,,NVIDIA A100-SXM4-40GB (0),1,,13,"void ch_est::chEstFilterNoDftSOfdmDispatchKernel<float, __half, float, (unsigned int)2>(ch_est::puschRxChEstStatDescr_t *, ch_est::puschRxChEstDynDescr_t *)"
2045822886,4608,16847,137,2,1,24,2,1,44,0.001,0.001,,,,,NVIDIA A100-SXM4-40GB (0),1,,13,"void ch_est::chEstFilterNoDftSOfdmDispatchKernel<float, __half, float, (unsigned int)2>(ch_est::puschRxChEstStatDescr_t *, ch_est::puschRxChEstDynDescr_t *)"
2045828614,2176,16858,103,1,1,128,1,1,16,0.000,0.000,,,,,NVIDIA A100-SXM4-40GB (0),1,,13,cupy_copy__complex64_complex64
2045831782,12383,16868,1434,1,1,128,1,1,16,0.000,0.000,,,,,NVIDIA A100-SXM4-40GB (0),1,,13,cupy_copy__complex64_complex64
2045845381,2144,16875,103,1,1,128,1,1,16,0.000,0.000,,,,,NVIDIA A100-SXM4-40GB (0),1,,13,cupy_copy__complex64_complex64
2045848581,78591,16882,1,1,1,32,32,1,30,0.000,0.000,,,,,NVIDIA A100-SXM4-40GB (0),1,,13,"void convert_kernel<__half2, float2>(tensor_layout_any, T1 *, tensor_layout_any, const T2 *)"
2045954308,4224,16885,,,,,,,,,,0.061,14545.428,Pinned,Device,NVIDIA A100-SXM4-40GB (0),1,,13,[CUDA memcpy Host-to-Device]
2045966532,44607,16886,,,,,,,,,,35.801,802585.921,Device,,NVIDIA A100-SXM4-40GB (0),1,,13,[CUDA memset]
2046017443,1888,16888,,,,,,,,,,0.000,42.373,Pinned,Device,NVIDIA A100-SXM4-40GB (0),1,,13,[CUDA memcpy Host-to-Device]
2046022019,6944,16889,,,,,,,,,,0.131,18875.548,Pinned,Device,NVIDIA A100-SXM4-40GB (0),1,,13,[CUDA memcpy Host-to-Device]
2046034179,8576,16890,273,1,1,48,1,1,40,0.000,0.001,,,,,NVIDIA A100-SXM4-40GB (0),1,,13,"void pusch_noise_intf_est::noiseIntfEstNoDftSOfdmKernel<float, __half, float, float, (unsigned int)2, (unsigned int)1, (unsigned char)4, (unsigned char)4>(pusch_noise_intf_est::puschRxNoiseIntfEstDynDescr)"
2046043875,2592,16901,35,1,1,128,1,1,16,0.000,0.000,,,,,NVIDIA A100-SXM4-40GB (0),1,,13,cupy_copy__complex64_complex64
2046070691,1536,16910,1,1,1,1,1,1,18,0.000,0.000,,,,,NVIDIA A100-SXM4-40GB (0),1,,13,cupy_copy__float32_float32
2046104258,1728,16916,,,,,,,,,,0.000,2.315,Device,Pageable,NVIDIA A100-SXM4-40GB (0),1,,7,[CUDA memcpy Device-to-Host]
2046161985,13024,16927,1434,1,1,128,1,1,16,0.000,0.000,,,,,NVIDIA A100-SXM4-40GB (0),1,,13,cupy_copy__complex64_complex64
2046188897,2368,16934,103,1,1,128,1,1,16,0.000,0.000,,,,,NVIDIA A100-SXM4-40GB (0),1,,13,cupy_copy__complex64_complex64
2046209345,2016,16941,35,1,1,128,1,1,16,0.000,0.000,,,,,NVIDIA A100-SXM4-40GB (0),1,,13,cupy_copy__complex64_complex64
2046227681,1504,16948,1,1,1,1,1,1,18,0.000,0.000,,,,,NVIDIA A100-SXM4-40GB (0),1,,13,cupy_copy__float32_float32
2046359519,79007,16959,1,1,1,32,32,1,30,0.000,0.000,,,,,NVIDIA A100-SXM4-40GB (0),1,,13,"void convert_kernel<__half2, float2>(tensor_layout_any, T1 *, tensor_layout_any, const T2 *)"
2046466302,4288,16962,,,,,,,,,,0.061,14328.300,Pinned,Device,NVIDIA A100-SXM4-40GB (0),1,,13,[CUDA memcpy Host-to-Device]
2046480477,2528,16963,,,,,,,,,,1.547,611796.509,Device,,NVIDIA A100-SXM4-40GB (0),1,,13,[CUDA memset]
2046491229,2496,16968,,,,,,,,,,0.021,8435.897,Pinned,Device,NVIDIA A100-SXM4-40GB (0),1,,13,[CUDA memcpy Host-to-Device]
2046495965,6880,16969,,,,,,,,,,0.131,19051.053,Pinned,Device,NVIDIA A100-SXM4-40GB (0),1,,13,[CUDA memcpy Host-to-Device]
2046507805,5952,16970,273,1,1,8,4,1,39,0.002,0.000,,,,,NVIDIA A100-SXM4-40GB (0),1,,13,"void channel_eq::eqMmseCoefCompLowMimoKernel<float, float, float, (unsigned int)4, (unsigned int)1, (unsigned int)4>(const channel_eq::_puschRxChEqStatDescr *, channel_eq::_puschRxChEqCoefCompDynDescr)"
2046515005,4832,16971,273,1,1,12,11,1,40,0.002,0.000,,,,,NVIDIA A100-SXM4-40GB (0),1,,13,"void channel_eq::eqMmseSoftDemapKernel<float, __half, __half, float, (unsigned int)4, (unsigned short)16383>(channel_eq::_puschRxChEqStatDescr *, channel_eq::_puschRxChEqSoftDemapDynDescr)"
2046520925,281276,16972,1,1,1,32,32,1,30,0.000,0.000,,,,,NVIDIA A100-SXM4-40GB (0),1,,13,"void convert_kernel<float2, __half2>(tensor_layout_any, T1 *, tensor_layout_any, const T2 *)"
2046803449,10208,16984,2253,1,1,128,1,1,16,0.000,0.000,,,,,NVIDIA A100-SXM4-40GB (0),1,,13,cupy_copy__float16_float16
2046814649,2400,16993,282,1,1,128,1,1,16,0.000,0.000,,,,,NVIDIA A100-SXM4-40GB (0),1,,13,cupy_copy__complex64_complex64
2046818105,1792,17002,26,1,1,128,1,1,16,0.000,0.000,,,,,NVIDIA A100-SXM4-40GB (0),1,,13,cupy_copy__float32_float32
2046820889,2560,17011,103,1,1,128,1,1,16,0.000,0.000,,,,,NVIDIA A100-SXM4-40GB (0),1,,13,cupy_copy__complex64_complex64
2046824665,11232,17021,1434,1,1,128,1,1,16,0.000,0.000,,,,,NVIDIA A100-SXM4-40GB (0),1,,13,cupy_copy__complex64_complex64
2046857977,77983,17026,1,1,1,32,32,1,30,0.000,0.000,,,,,NVIDIA A100-SXM4-40GB (0),1,,13,"void convert_kernel<__half2, float2>(tensor_layout_any, T1 *, tensor_layout_any, const T2 *)"
2046962839,4192,17029,,,,,,,,,,0.061,14656.451,Pinned,Device,NVIDIA A100-SXM4-40GB (0),1,,13,[CUDA memcpy Host-to-Device]
2046973751,588217,17030,,,,,,,,,,456.520,776084.816,Device,,NVIDIA A100-SXM4-40GB (0),1,,13,[CUDA memset]
2047565712,32735,17035,,,,,,,,,,0.825,25212.609,Pinned,Device,NVIDIA A100-SXM4-40GB (0),1,,13,[CUDA memcpy Host-to-Device]
2047600591,7104,17036,,,,,,,,,,0.131,18450.350,Pinned,Device,NVIDIA A100-SXM4-40GB (0),1,,13,[CUDA memcpy Host-to-Device]
2047612175,6944,17037,69,4,1,48,1,1,76,0.002,0.000,,,,,NVIDIA A100-SXM4-40GB (0),1,,13,"void ch_est::windowedChEstPreNoDftSOfdmKernel<float, __half, float, (unsigned int)2, (unsigned int)1, (unsigned short)4>(ch_est::puschRxChEstStatDescr_t *, ch_est::puschRxChEstDynDescr_t *)"
2047620175,6144,17038,137,2,1,24,2,1,44,0.001,0.001,,,,,NVIDIA A100-SXM4-40GB (0),1,,13,"void ch_est::chEstFilterNoDftSOfdmDispatchKernel<float, __half, float, (unsigned int)2>(ch_est::puschRxChEstStatDescr_t *, ch_est::puschRxChEstDynDescr_t *)"
2047627567,4576,17039,137,2,1,24,2,1,44,0.001,0.001,,,,,NVIDIA A100-SXM4-40GB (0),1,,13,"void ch_est::chEstFilterNoDftSOfdmDispatchKernel<float, __half, float, (unsigned int)2>(ch_est::puschRxChEstStatDescr_t *, ch_est::puschRxChEstDynDescr_t *)"
2047633455,2176,17050,103,1,1,128,1,1,16,0.000,0.000,,,,,NVIDIA A100-SXM4-40GB (0),1,,13,cupy_copy__complex64_complex64
2047636879,12640,17060,1434,1,1,128,1,1,16,0.000,0.000,,,,,NVIDIA A100-SXM4-40GB (0),1,,13,cupy_copy__complex64_complex64
2047650575,2112,17067,103,1,1,128,1,1,16,0.000,0.000,,,,,NVIDIA A100-SXM4-40GB (0),1,,13,cupy_copy__complex64_complex64
2047653775,78911,17074,1,1,1,32,32,1,30,0.000,0.000,,,,,NVIDIA A100-SXM4-40GB (0),1,,13,"void convert_kernel<__half2, float2>(tensor_layout_any, T1 *, tensor_layout_any, const T2 *)"
2047908332,4415,17077,,,,,,,,,,0.061,13916.160,Pinned,Device,NVIDIA A100-SXM4-40GB (0),1,,13,[CUDA memcpy Host-to-Device]
2047921771,45984,17078,,,,,,,,,,35.801,778527.676,Device,,NVIDIA A100-SXM4-40GB (0),1,,13,[CUDA memset]
2047972235,1888,17080,,,,,,,,,,0.000,42.373,Pinned,Device,NVIDIA A100-SXM4-40GB (0),1,,13,[CUDA memcpy Host-to-Device]
2047977163,6816,17081,,,,,,,,,,0.131,19229.966,Pinned,Device,NVIDIA A100-SXM4-40GB (0),1,,13,[CUDA memcpy Host-to-Device]
2047994506,9248,17082,273,1,1,48,1,1,40,0.000,0.001,,,,,NVIDIA A100-SXM4-40GB (0),1,,13,"void pusch_noise_intf_est::noiseIntfEstNoDftSOfdmKernel<float, __half, float, float, (unsigned int)2, (unsigned int)1, (unsigned char)4, (unsigned char)4>(pusch_noise_intf_est::puschRxNoiseIntfEstDynDescr)"
2048004810,2528,17093,35,1,1,128,1,1,16,0.000,0.000,,,,,NVIDIA A100-SXM4-40GB (0),1,,13,cupy_copy__complex64_complex64
2048014218,1536,17102,1,1,1,1,1,1,18,0.000,0.000,,,,,NVIDIA A100-SXM4-40GB (0),1,,13,cupy_copy__float32_float32
2048047530,1760,17108,,,,,,,,,,0.000,2.273,Device,Pageable,NVIDIA A100-SXM4-40GB (0),1,,7,[CUDA memcpy Device-to-Host]
2048105161,13632,17119,1434,1,1,128,1,1,16,0.000,0.000,,,,,NVIDIA A100-SXM4-40GB (0),1,,13,cupy_copy__complex64_complex64
2048132361,2400,17126,103,1,1,128,1,1,16,0.000,0.000,,,,,NVIDIA A100-SXM4-40GB (0),1,,13,cupy_copy__complex64_complex64
2048152904,2016,17133,35,1,1,128,1,1,16,0.000,0.000,,,,,NVIDIA A100-SXM4-40GB (0),1,,13,cupy_copy__complex64_complex64
2048171208,1472,17140,1,1,1,1,1,1,18,0.000,0.000,,,,,NVIDIA A100-SXM4-40GB (0),1,,13,cupy_copy__float32_float32
2048437637,78431,17151,1,1,1,32,32,1,30,0.000,0.000,,,,,NVIDIA A100-SXM4-40GB (0),1,,13,"void convert_kernel<__half2, float2>(tensor_layout_any, T1 *, tensor_layout_any, const T2 *)"
2048551011,4192,17154,,,,,,,,,,0.061,14656.451,Pinned,Device,NVIDIA A100-SXM4-40GB (0),1,,13,[CUDA memcpy Host-to-Device]
2048565891,2560,17155,,,,,,,,,,1.547,604150.000,Device,,NVIDIA A100-SXM4-40GB (0),1,,13,[CUDA memset]
2048572291,3040,17160,,,,,,,,,,0.021,6926.308,Pinned,Device,NVIDIA A100-SXM4-40GB (0),1,,13,[CUDA memcpy Host-to-Device]
2048577443,7008,17161,,,,,,,,,,0.131,18703.188,Pinned,Device,NVIDIA A100-SXM4-40GB (0),1,,13,[CUDA memcpy Host-to-Device]
2048588963,5888,17162,273,1,1,8,4,1,39,0.002,0.000,,,,,NVIDIA A100-SXM4-40GB (0),1,,13,"void channel_eq::eqMmseCoefCompLowMimoKernel<float, float, float, (unsigned int)4, (unsigned int)1, (unsigned int)4>(const channel_eq::_puschRxChEqStatDescr *, channel_eq::_puschRxChEqCoefCompDynDescr)"
2048596163,4832,17163,273,1,1,12,11,1,40,0.002,0.000,,,,,NVIDIA A100-SXM4-40GB (0),1,,13,"void channel_eq::eqMmseSoftDemapKernel<float, __half, __half, float, (unsigned int)4, (unsigned short)16383>(channel_eq::_puschRxChEqStatDescr *, channel_eq::_puschRxChEqSoftDemapDynDescr)"
2048602275,281532,17164,1,1,1,32,32,1,30,0.000,0.000,,,,,NVIDIA A100-SXM4-40GB (0),1,,13,"void convert_kernel<float2, __half2>(tensor_layout_any, T1 *, tensor_layout_any, const T2 *)"
2048884927,10400,17176,2253,1,1,128,1,1,16,0.000,0.000,,,,,NVIDIA A100-SXM4-40GB (0),1,,13,cupy_copy__float16_float16
2048896415,2368,17185,282,1,1,128,1,1,16,0.000,0.000,,,,,NVIDIA A100-SXM4-40GB (0),1,,13,cupy_copy__complex64_complex64
2048899839,1760,17194,26,1,1,128,1,1,16,0.000,0.000,,,,,NVIDIA A100-SXM4-40GB (0),1,,13,cupy_copy__float32_float32
2048902847,2560,17203,103,1,1,128,1,1,16,0.000,0.000,,,,,NVIDIA A100-SXM4-40GB (0),1,,13,cupy_copy__complex64_complex64
2048906399,11328,17213,1434,1,1,128,1,1,16,0.000,0.000,,,,,NVIDIA A100-SXM4-40GB (0),1,,13,cupy_copy__complex64_complex64
2048954878,78367,17218,1,1,1,32,32,1,30,0.000,0.000,,,,,NVIDIA A100-SXM4-40GB (0),1,,13,"void convert_kernel<__half2, float2>(tensor_layout_any, T1 *, tensor_layout_any, const T2 *)"
2049193179,4192,17221,,,,,,,,,,0.061,14656.451,Pinned,Device,NVIDIA A100-SXM4-40GB (0),1,,13,[CUDA memcpy Host-to-Device]
2049201403,590009,17222,,,,,,,,,,456.520,773345.693,Device,,NVIDIA A100-SXM4-40GB (0),1,,13,[CUDA memset]
2049799252,32735,17227,,,,,,,,,,0.825,25212.609,Pinned,Device,NVIDIA A100-SXM4-40GB (0),1,,13,[CUDA memcpy Host-to-Device]
2049834131,7168,17228,,,,,,,,,,0.131,18285.593,Pinned,Device,NVIDIA A100-SXM4-40GB (0),1,,13,[CUDA memcpy Host-to-Device]
2049852019,7840,17229,69,4,1,48,1,1,76,0.002,0.000,,,,,NVIDIA A100-SXM4-40GB (0),1,,13,"void ch_est::windowedChEstPreNoDftSOfdmKernel<float, __half, float, (unsigned int)2, (unsigned int)1, (unsigned short)4>(ch_est::puschRxChEstStatDescr_t *, ch_est::puschRxChEstDynDescr_t *)"
2049861107,6560,17230,137,2,1,24,2,1,44,0.001,0.001,,,,,NVIDIA A100-SXM4-40GB (0),1,,13,"void ch_est::chEstFilterNoDftSOfdmDispatchKernel<float, __half, float, (unsigned int)2>(ch_est::puschRxChEstStatDescr_t *, ch_est::puschRxChEstDynDescr_t *)"
2049868691,4576,17231,137,2,1,24,2,1,44,0.001,0.001,,,,,NVIDIA A100-SXM4-40GB (0),1,,13,"void ch_est::chEstFilterNoDftSOfdmDispatchKernel<float, __half, float, (unsigned int)2>(ch_est::puschRxChEstStatDescr_t *, ch_est::puschRxChEstDynDescr_t *)"
2049874547,2144,17242,103,1,1,128,1,1,16,0.000,0.000,,,,,NVIDIA A100-SXM4-40GB (0),1,,13,cupy_copy__complex64_complex64
2049877715,12544,17252,1434,1,1,128,1,1,16,0.000,0.000,,,,,NVIDIA A100-SXM4-40GB (0),1,,13,cupy_copy__complex64_complex64
2049891539,2144,17259,103,1,1,128,1,1,16,0.000,0.000,,,,,NVIDIA A100-SXM4-40GB (0),1,,13,cupy_copy__complex64_complex64
2049894739,78175,17266,1,1,1,32,32,1,30,0.000,0.000,,,,,NVIDIA A100-SXM4-40GB (0),1,,13,"void convert_kernel<__half2, float2>(tensor_layout_any, T1 *, tensor_layout_any, const T2 *)"
2050003537,4224,17269,,,,,,,,,,0.061,14545.428,Pinned,Device,NVIDIA A100-SXM4-40GB (0),1,,13,[CUDA memcpy Host-to-Device]
2050016305,44832,17270,,,,,,,,,,35.801,798540.413,Device,,NVIDIA A100-SXM4-40GB (0),1,,13,[CUDA memset]
2050069712,2368,17272,,,,,,,,,,0.000,33.784,Pinned,Device,NVIDIA A100-SXM4-40GB (0),1,,13,[CUDA memcpy Host-to-Device]
2050074224,6976,17273,,,,,,,,,,0.131,18788.909,Pinned,Device,NVIDIA A100-SXM4-40GB (0),1,,13,[CUDA memcpy Host-to-Device]
2050090384,8800,17274,273,1,1,48,1,1,40,0.000,0.001,,,,,NVIDIA A100-SXM4-40GB (0),1,,13,"void pusch_noise_intf_est::noiseIntfEstNoDftSOfdmKernel<float, __half, float, float, (unsigned int)2, (unsigned int)1, (unsigned char)4, (unsigned char)4>(pusch_noise_intf_est::puschRxNoiseIntfEstDynDescr)"
2050100304,2656,17285,35,1,1,128,1,1,16,0.000,0.000,,,,,NVIDIA A100-SXM4-40GB (0),1,,13,cupy_copy__complex64_complex64
2050126928,1536,17294,1,1,1,1,1,1,18,0.000,0.000,,,,,NVIDIA A100-SXM4-40GB (0),1,,13,cupy_copy__float32_float32
2050160719,1728,17300,,,,,,,,,,0.000,2.315,Device,Pageable,NVIDIA A100-SXM4-40GB (0),1,,7,[CUDA memcpy Device-to-Host]
2050218095,13023,17311,1434,1,1,128,1,1,16,0.000,0.000,,,,,NVIDIA A100-SXM4-40GB (0),1,,13,cupy_copy__complex64_complex64
2050244718,2336,17318,103,1,1,128,1,1,16,0.000,0.000,,,,,NVIDIA A100-SXM4-40GB (0),1,,13,cupy_copy__complex64_complex64
2050265550,1984,17325,35,1,1,128,1,1,16,0.000,0.000,,,,,NVIDIA A100-SXM4-40GB (0),1,,13,cupy_copy__complex64_complex64
2050283694,1472,17332,1,1,1,1,1,1,18,0.000,0.000,,,,,NVIDIA A100-SXM4-40GB (0),1,,13,cupy_copy__float32_float32
2050416556,78847,17343,1,1,1,32,32,1,30,0.000,0.000,,,,,NVIDIA A100-SXM4-40GB (0),1,,13,"void convert_kernel<__half2, float2>(tensor_layout_any, T1 *, tensor_layout_any, const T2 *)"
2050523627,4192,17346,,,,,,,,,,0.061,14656.451,Pinned,Device,NVIDIA A100-SXM4-40GB (0),1,,13,[CUDA memcpy Host-to-Device]
2050538123,2592,17347,,,,,,,,,,1.547,596690.632,Device,,NVIDIA A100-SXM4-40GB (0),1,,13,[CUDA memset]
2050544170,3040,17352,,,,,,,,,,0.021,6926.308,Pinned,Device,NVIDIA A100-SXM4-40GB (0),1,,13,[CUDA memcpy Host-to-Device]
2050550186,6816,17353,,,,,,,,,,0.131,19229.966,Pinned,Device,NVIDIA A100-SXM4-40GB (0),1,,13,[CUDA memcpy Host-to-Device]
2050561322,5888,17354,273,1,1,8,4,1,39,0.002,0.000,,,,,NVIDIA A100-SXM4-40GB (0),1,,13,"void channel_eq::eqMmseCoefCompLowMimoKernel<float, float, float, (unsigned int)4, (unsigned int)1, (unsigned int)4>(const channel_eq::_puschRxChEqStatDescr *, channel_eq::_puschRxChEqCoefCompDynDescr)"
2050568490,4896,17355,273,1,1,12,11,1,40,0.002,0.000,,,,,NVIDIA A100-SXM4-40GB (0),1,,13,"void channel_eq::eqMmseSoftDemapKernel<float, __half, __half, float, (unsigned int)4, (unsigned short)16383>(channel_eq::_puschRxChEqStatDescr *, channel_eq::_puschRxChEqSoftDemapDynDescr)"
2050574602,281693,17356,1,1,1,32,32,1,30,0.000,0.000,,,,,NVIDIA A100-SXM4-40GB (0),1,,13,"void convert_kernel<float2, __half2>(tensor_layout_any, T1 *, tensor_layout_any, const T2 *)"
2050857383,10303,17368,2253,1,1,128,1,1,16,0.000,0.000,,,,,NVIDIA A100-SXM4-40GB (0),1,,13,cupy_copy__float16_float16
2050868902,2400,17377,282,1,1,128,1,1,16,0.000,0.000,,,,,NVIDIA A100-SXM4-40GB (0),1,,13,cupy_copy__complex64_complex64
2050872358,1760,17386,26,1,1,128,1,1,16,0.000,0.000,,,,,NVIDIA A100-SXM4-40GB (0),1,,13,cupy_copy__float32_float32
2050875302,2528,17395,103,1,1,128,1,1,16,0.000,0.000,,,,,NVIDIA A100-SXM4-40GB (0),1,,13,cupy_copy__complex64_complex64
2050879078,11168,17405,1434,1,1,128,1,1,16,0.000,0.000,,,,,NVIDIA A100-SXM4-40GB (0),1,,13,cupy_copy__complex64_complex64
2050909126,78687,17410,1,1,1,32,32,1,30,0.000,0.000,,,,,NVIDIA A100-SXM4-40GB (0),1,,13,"void convert_kernel<__half2, float2>(tensor_layout_any, T1 *, tensor_layout_any, const T2 *)"
2051015333,4192,17413,,,,,,,,,,0.061,14656.451,Pinned,Device,NVIDIA A100-SXM4-40GB (0),1,,13,[CUDA memcpy Host-to-Device]
2051026052,587641,17414,,,,,,,,,,456.520,776541.336,Device,,NVIDIA A100-SXM4-40GB (0),1,,13,[CUDA memset]
2051617597,33280,17419,,,,,,,,,,0.825,24799.937,Pinned,Device,NVIDIA A100-SXM4-40GB (0),1,,13,[CUDA memcpy Host-to-Device]
2051652989,6784,17420,,,,,,,,,,0.131,19320.668,Pinned,Device,NVIDIA A100-SXM4-40GB (0),1,,13,[CUDA memcpy Host-to-Device]
2051670588,6944,17421,69,4,1,48,1,1,76,0.002,0.000,,,,,NVIDIA A100-SXM4-40GB (0),1,,13,"void ch_est::windowedChEstPreNoDftSOfdmKernel<float, __half, float, (unsigned int)2, (unsigned int)1, (unsigned short)4>(ch_est::puschRxChEstStatDescr_t *, ch_est::puschRxChEstDynDescr_t *)"
2051678620,6080,17422,137,2,1,24,2,1,44,0.001,0.001,,,,,NVIDIA A100-SXM4-40GB (0),1,,13,"void ch_est::chEstFilterNoDftSOfdmDispatchKernel<float, __half, float, (unsigned int)2>(ch_est::puschRxChEstStatDescr_t *, ch_est::puschRxChEstDynDescr_t *)"
2051685980,4544,17423,137,2,1,24,2,1,44,0.001,0.001,,,,,NVIDIA A100-SXM4-40GB (0),1,,13,"void ch_est::chEstFilterNoDftSOfdmDispatchKernel<float, __half, float, (unsigned int)2>(ch_est::puschRxChEstStatDescr_t *, ch_est::puschRxChEstDynDescr_t *)"
2051691836,2176,17434,103,1,1,128,1,1,16,0.000,0.000,,,,,NVIDIA A100-SXM4-40GB (0),1,,13,cupy_copy__complex64_complex64
2051695004,12512,17444,1434,1,1,128,1,1,16,0.000,0.000,,,,,NVIDIA A100-SXM4-40GB (0),1,,13,cupy_copy__complex64_complex64
2051708796,2112,17451,103,1,1,128,1,1,16,0.000,0.000,,,,,NVIDIA A100-SXM4-40GB (0),1,,13,cupy_copy__complex64_complex64
2051711932,78655,17458,1,1,1,32,32,1,30,0.000,0.000,,,,,NVIDIA A100-SXM4-40GB (0),1,,13,"void convert_kernel<__half2, float2>(tensor_layout_any, T1 *, tensor_layout_any, const T2 *)"
2051817403,4191,17461,,,,,,,,,,0.061,14659.953,Pinned,Device,NVIDIA A100-SXM4-40GB (0),1,,13,[CUDA memcpy Host-to-Device]
2051829178,44416,17462,,,,,,,,,,35.801,806022.813,Device,,NVIDIA A100-SXM4-40GB (0),1,,13,[CUDA memset]
2051881146,1920,17464,,,,,,,,,,0.000,41.667,Pinned,Device,NVIDIA A100-SXM4-40GB (0),1,,13,[CUDA memcpy Host-to-Device]
2051885562,7040,17465,,,,,,,,,,0.131,18618.122,Pinned,Device,NVIDIA A100-SXM4-40GB (0),1,,13,[CUDA memcpy Host-to-Device]
2051898106,8543,17466,273,1,1,48,1,1,40,0.000,0.001,,,,,NVIDIA A100-SXM4-40GB (0),1,,13,"void pusch_noise_intf_est::noiseIntfEstNoDftSOfdmKernel<float, __half, float, float, (unsigned int)2, (unsigned int)1, (unsigned char)4, (unsigned char)4>(pusch_noise_intf_est::puschRxNoiseIntfEstDynDescr)"
2051907897,2624,17477,35,1,1,128,1,1,16,0.000,0.000,,,,,NVIDIA A100-SXM4-40GB (0),1,,13,cupy_copy__complex64_complex64
2051933913,1536,17486,1,1,1,1,1,1,18,0.000,0.000,,,,,NVIDIA A100-SXM4-40GB (0),1,,13,cupy_copy__float32_float32
2051967001,1632,17492,,,,,,,,,,0.000,2.451,Device,Pageable,NVIDIA A100-SXM4-40GB (0),1,,7,[CUDA memcpy Device-to-Host]
2052023832,13408,17503,1434,1,1,128,1,1,16,0.000,0.000,,,,,NVIDIA A100-SXM4-40GB (0),1,,13,cupy_copy__complex64_complex64
2052050584,2368,17510,103,1,1,128,1,1,16,0.000,0.000,,,,,NVIDIA A100-SXM4-40GB (0),1,,13,cupy_copy__complex64_complex64
2052070935,1984,17517,35,1,1,128,1,1,16,0.000,0.000,,,,,NVIDIA A100-SXM4-40GB (0),1,,13,cupy_copy__complex64_complex64
2052089943,1472,17524,1,1,1,1,1,1,18,0.000,0.000,,,,,NVIDIA A100-SXM4-40GB (0),1,,13,cupy_copy__float32_float32
2052223925,78271,17535,1,1,1,32,32,1,30,0.000,0.000,,,,,NVIDIA A100-SXM4-40GB (0),1,,13,"void convert_kernel<__half2, float2>(tensor_layout_any, T1 *, tensor_layout_any, const T2 *)"
2052329972,4192,17538,,,,,,,,,,0.061,14656.451,Pinned,Device,NVIDIA A100-SXM4-40GB (0),1,,13,[CUDA memcpy Host-to-Device]
2052344148,2592,17539,,,,,,,,,,1.547,596690.632,Device,,NVIDIA A100-SXM4-40GB (0),1,,13,[CUDA memset]
2052350196,3232,17544,,,,,,,,,,0.021,6514.832,Pinned,Device,NVIDIA A100-SXM4-40GB (0),1,,13,[CUDA memcpy Host-to-Device]
2052355572,6880,17545,,,,,,,,,,0.131,19051.053,Pinned,Device,NVIDIA A100-SXM4-40GB (0),1,,13,[CUDA memcpy Host-to-Device]
2052366932,5888,17546,273,1,1,8,4,1,39,0.002,0.000,,,,,NVIDIA A100-SXM4-40GB (0),1,,13,"void channel_eq::eqMmseCoefCompLowMimoKernel<float, float, float, (unsigned int)4, (unsigned int)1, (unsigned int)4>(const channel_eq::_puschRxChEqStatDescr *, channel_eq::_puschRxChEqCoefCompDynDescr)"
2052373908,4928,17547,273,1,1,12,11,1,40,0.002,0.000,,,,,NVIDIA A100-SXM4-40GB (0),1,,13,"void channel_eq::eqMmseSoftDemapKernel<float, __half, __half, float, (unsigned int)4, (unsigned short)16383>(channel_eq::_puschRxChEqStatDescr *, channel_eq::_puschRxChEqSoftDemapDynDescr)"
2052379955,281373,17548,1,1,1,32,32,1,30,0.000,0.000,,,,,NVIDIA A100-SXM4-40GB (0),1,,13,"void convert_kernel<float2, __half2>(tensor_layout_any, T1 *, tensor_layout_any, const T2 *)"
2052662320,10432,17560,2253,1,1,128,1,1,16,0.000,0.000,,,,,NVIDIA A100-SXM4-40GB (0),1,,13,cupy_copy__float16_float16
2052673808,2368,17569,282,1,1,128,1,1,16,0.000,0.000,,,,,NVIDIA A100-SXM4-40GB (0),1,,13,cupy_copy__complex64_complex64
2052677264,1760,17578,26,1,1,128,1,1,16,0.000,0.000,,,,,NVIDIA A100-SXM4-40GB (0),1,,13,cupy_copy__float32_float32
2052680272,2560,17587,103,1,1,128,1,1,16,0.000,0.000,,,,,NVIDIA A100-SXM4-40GB (0),1,,13,cupy_copy__complex64_complex64
2052731375,11456,17603,1434,1,1,128,1,1,16,0.000,0.000,,,,,NVIDIA A100-SXM4-40GB (0),1,,13,cupy_copy__complex64_complex64
2052852142,77599,17608,1,1,1,32,32,1,30,0.000,0.000,,,,,NVIDIA A100-SXM4-40GB (0),1,,13,"void convert_kernel<__half2, float2>(tensor_layout_any, T1 *, tensor_layout_any, const T2 *)"
2053111018,4160,17611,,,,,,,,,,0.061,14769.193,Pinned,Device,NVIDIA A100-SXM4-40GB (0),1,,13,[CUDA memcpy Host-to-Device]
2053119690,591513,17612,,,,,,,,,,456.520,771519.611,Device,,NVIDIA A100-SXM4-40GB (0),1,,13,[CUDA memset]
2053714595,32959,17617,,,,,,,,,,0.825,25040.937,Pinned,Device,NVIDIA A100-SXM4-40GB (0),1,,13,[CUDA memcpy Host-to-Device]
2053749698,6784,17618,,,,,,,,,,0.131,19320.668,Pinned,Device,NVIDIA A100-SXM4-40GB (0),1,,13,[CUDA memcpy Host-to-Device]
2053767714,7456,17619,69,4,1,48,1,1,76,0.002,0.000,,,,,NVIDIA A100-SXM4-40GB (0),1,,13,"void ch_est::windowedChEstPreNoDftSOfdmKernel<float, __half, float, (unsigned int)2, (unsigned int)1, (unsigned short)4>(ch_est::puschRxChEstStatDescr_t *, ch_est::puschRxChEstDynDescr_t *)"
2053776290,6176,17620,137,2,1,24,2,1,44,0.001,0.001,,,,,NVIDIA A100-SXM4-40GB (0),1,,13,"void ch_est::chEstFilterNoDftSOfdmDispatchKernel<float, __half, float, (unsigned int)2>(ch_est::puschRxChEstStatDescr_t *, ch_est::puschRxChEstDynDescr_t *)"
2053783746,4576,17621,137,2,1,24,2,1,44,0.001,0.001,,,,,NVIDIA A100-SXM4-40GB (0),1,,13,"void ch_est::chEstFilterNoDftSOfdmDispatchKernel<float, __half, float, (unsigned int)2>(ch_est::puschRxChEstStatDescr_t *, ch_est::puschRxChEstDynDescr_t *)"
2053789538,2592,17632,103,1,1,128,1,1,16,0.000,0.000,,,,,NVIDIA A100-SXM4-40GB (0),1,,13,cupy_copy__complex64_complex64
2053793314,12544,17642,1434,1,1,128,1,1,16,0.000,0.000,,,,,NVIDIA A100-SXM4-40GB (0),1,,13,cupy_copy__complex64_complex64
2053807042,2144,17649,103,1,1,128,1,1,16,0.000,0.000,,,,,NVIDIA A100-SXM4-40GB (0),1,,13,cupy_copy__complex64_complex64
2053810274,78239,17656,1,1,1,32,32,1,30,0.000,0.000,,,,,NVIDIA A100-SXM4-40GB (0),1,,13,"void convert_kernel<__half2, float2>(tensor_layout_any, T1 *, tensor_layout_any, const T2 *)"
2053919136,4192,17659,,,,,,,,,,0.061,14656.451,Pinned,Device,NVIDIA A100-SXM4-40GB (0),1,,13,[CUDA memcpy Host-to-Device]
2053932096,44639,17660,,,,,,,,,,35.801,801977.305,Device,,NVIDIA A100-SXM4-40GB (0),1,,13,[CUDA memset]
2053985087,1888,17662,,,,,,,,,,0.000,42.373,Pinned,Device,NVIDIA A100-SXM4-40GB (0),1,,13,[CUDA memcpy Host-to-Device]
2053989087,6848,17663,,,,,,,,,,0.131,19140.182,Pinned,Device,NVIDIA A100-SXM4-40GB (0),1,,13,[CUDA memcpy Host-to-Device]
2054000063,8736,17664,273,1,1,48,1,1,40,0.000,0.001,,,,,NVIDIA A100-SXM4-40GB (0),1,,13,"void pusch_noise_intf_est::noiseIntfEstNoDftSOfdmKernel<float, __half, float, float, (unsigned int)2, (unsigned int)1, (unsigned char)4, (unsigned char)4>(pusch_noise_intf_est::puschRxNoiseIntfEstDynDescr)"
2054009887,2592,17675,35,1,1,128,1,1,16,0.000,0.000,,,,,NVIDIA A100-SXM4-40GB (0),1,,13,cupy_copy__complex64_complex64
2054043071,1536,17684,1,1,1,1,1,1,18,0.000,0.000,,,,,NVIDIA A100-SXM4-40GB (0),1,,13,cupy_copy__float32_float32
2054076094,1728,17690,,,,,,,,,,0.000,2.315,Device,Pageable,NVIDIA A100-SXM4-40GB (0),1,,7,[CUDA memcpy Device-to-Host]
2054134430,13311,17701,1434,1,1,128,1,1,16,0.000,0.000,,,,,NVIDIA A100-SXM4-40GB (0),1,,13,cupy_copy__complex64_complex64
2054159805,2368,17708,103,1,1,128,1,1,16,0.000,0.000,,,,,NVIDIA A100-SXM4-40GB (0),1,,13,cupy_copy__complex64_complex64
2054184061,2016,17715,35,1,1,128,1,1,16,0.000,0.000,,,,,NVIDIA A100-SXM4-40GB (0),1,,13,cupy_copy__complex64_complex64
2054203005,1504,17722,1,1,1,1,1,1,18,0.000,0.000,,,,,NVIDIA A100-SXM4-40GB (0),1,,13,cupy_copy__float32_float32
2054335739,78111,17733,1,1,1,32,32,1,30,0.000,0.000,,,,,NVIDIA A100-SXM4-40GB (0),1,,13,"void convert_kernel<__half2, float2>(tensor_layout_any, T1 *, tensor_layout_any, const T2 *)"
2054576088,4192,17736,,,,,,,,,,0.061,14656.451,Pinned,Device,NVIDIA A100-SXM4-40GB (0),1,,13,[CUDA memcpy Host-to-Device]
2054587544,2592,17737,,,,,,,,,,1.547,596690.632,Device,,NVIDIA A100-SXM4-40GB (0),1,,13,[CUDA memset]
2054591320,3040,17742,,,,,,,,,,0.021,6926.308,Pinned,Device,NVIDIA A100-SXM4-40GB (0),1,,13,[CUDA memcpy Host-to-Device]
2054596856,6816,17743,,,,,,,,,,0.131,19229.966,Pinned,Device,NVIDIA A100-SXM4-40GB (0),1,,13,[CUDA memcpy Host-to-Device]
2054614552,5887,17744,273,1,1,8,4,1,39,0.002,0.000,,,,,NVIDIA A100-SXM4-40GB (0),1,,13,"void channel_eq::eqMmseCoefCompLowMimoKernel<float, float, float, (unsigned int)4, (unsigned int)1, (unsigned int)4>(const channel_eq::_puschRxChEqStatDescr *, channel_eq::_puschRxChEqCoefCompDynDescr)"
2054621751,4864,17745,273,1,1,12,11,1,40,0.002,0.000,,,,,NVIDIA A100-SXM4-40GB (0),1,,13,"void channel_eq::eqMmseSoftDemapKernel<float, __half, __half, float, (unsigned int)4, (unsigned short)16383>(channel_eq::_puschRxChEqStatDescr *, channel_eq::_puschRxChEqSoftDemapDynDescr)"
2054627671,281789,17746,1,1,1,32,32,1,30,0.000,0.000,,,,,NVIDIA A100-SXM4-40GB (0),1,,13,"void convert_kernel<float2, __half2>(tensor_layout_any, T1 *, tensor_layout_any, const T2 *)"
2054910516,10336,17758,2253,1,1,128,1,1,16,0.000,0.000,,,,,NVIDIA A100-SXM4-40GB (0),1,,13,cupy_copy__float16_float16
2054921844,2400,17767,282,1,1,128,1,1,16,0.000,0.000,,,,,NVIDIA A100-SXM4-40GB (0),1,,13,cupy_copy__complex64_complex64
2054925428,1760,17776,26,1,1,128,1,1,16,0.000,0.000,,,,,NVIDIA A100-SXM4-40GB (0),1,,13,cupy_copy__float32_float32
2054928436,2528,17785,103,1,1,128,1,1,16,0.000,0.000,,,,,NVIDIA A100-SXM4-40GB (0),1,,13,cupy_copy__complex64_complex64
2054932212,11391,17795,1434,1,1,128,1,1,16,0.000,0.000,,,,,NVIDIA A100-SXM4-40GB (0),1,,13,cupy_copy__complex64_complex64
2055079890,78911,17800,1,1,1,32,32,1,30,0.000,0.000,,,,,NVIDIA A100-SXM4-40GB (0),1,,13,"void convert_kernel<__half2, float2>(tensor_layout_any, T1 *, tensor_layout_any, const T2 *)"
2055190128,4160,17803,,,,,,,,,,0.061,14769.193,Pinned,Device,NVIDIA A100-SXM4-40GB (0),1,,13,[CUDA memcpy Host-to-Device]
2055202128,588569,17804,,,,,,,,,,456.520,775628.296,Device,,NVIDIA A100-SXM4-40GB (0),1,,13,[CUDA memset]
2055796873,32959,17809,,,,,,,,,,0.825,25040.937,Pinned,Device,NVIDIA A100-SXM4-40GB (0),1,,13,[CUDA memcpy Host-to-Device]
2055831976,6816,17810,,,,,,,,,,0.131,19229.966,Pinned,Device,NVIDIA A100-SXM4-40GB (0),1,,13,[CUDA memcpy Host-to-Device]
2055844008,7232,17811,69,4,1,48,1,1,76,0.002,0.000,,,,,NVIDIA A100-SXM4-40GB (0),1,,13,"void ch_est::windowedChEstPreNoDftSOfdmKernel<float, __half, float, (unsigned int)2, (unsigned int)1, (unsigned short)4>(ch_est::puschRxChEstStatDescr_t *, ch_est::puschRxChEstDynDescr_t *)"
2055852264,6272,17812,137,2,1,24,2,1,44,0.001,0.001,,,,,NVIDIA A100-SXM4-40GB (0),1,,13,"void ch_est::chEstFilterNoDftSOfdmDispatchKernel<float, __half, float, (unsigned int)2>(ch_est::puschRxChEstStatDescr_t *, ch_est::puschRxChEstDynDescr_t *)"
2055859592,4576,17813,137,2,1,24,2,1,44,0.001,0.001,,,,,NVIDIA A100-SXM4-40GB (0),1,,13,"void ch_est::chEstFilterNoDftSOfdmDispatchKernel<float, __half, float, (unsigned int)2>(ch_est::puschRxChEstStatDescr_t *, ch_est::puschRxChEstDynDescr_t *)"
2055865480,2176,17824,103,1,1,128,1,1,16,0.000,0.000,,,,,NVIDIA A100-SXM4-40GB (0),1,,13,cupy_copy__complex64_complex64
2055868648,12448,17834,1434,1,1,128,1,1,16,0.000,0.000,,,,,NVIDIA A100-SXM4-40GB (0),1,,13,cupy_copy__complex64_complex64
2055882344,2112,17841,103,1,1,128,1,1,16,0.000,0.000,,,,,NVIDIA A100-SXM4-40GB (0),1,,13,cupy_copy__complex64_complex64
2055885640,78079,17848,1,1,1,32,32,1,30,0.000,0.000,,,,,NVIDIA A100-SXM4-40GB (0),1,,13,"void convert_kernel<__half2, float2>(tensor_layout_any, T1 *, tensor_layout_any, const T2 *)"
2055991270,4384,17851,,,,,,,,,,0.061,14014.587,Pinned,Device,NVIDIA A100-SXM4-40GB (0),1,,13,[CUDA memcpy Host-to-Device]
2056003462,44960,17852,,,,,,,,,,35.801,796249.151,Device,,NVIDIA A100-SXM4-40GB (0),1,,13,[CUDA memset]
2056055941,1888,17854,,,,,,,,,,0.000,42.373,Pinned,Device,NVIDIA A100-SXM4-40GB (0),1,,13,[CUDA memcpy Host-to-Device]
2056059973,6880,17855,,,,,,,,,,0.131,19051.053,Pinned,Device,NVIDIA A100-SXM4-40GB (0),1,,13,[CUDA memcpy Host-to-Device]
2056071301,8608,17856,273,1,1,48,1,1,40,0.000,0.001,,,,,NVIDIA A100-SXM4-40GB (0),1,,13,"void pusch_noise_intf_est::noiseIntfEstNoDftSOfdmKernel<float, __half, float, float, (unsigned int)2, (unsigned int)1, (unsigned char)4, (unsigned char)4>(pusch_noise_intf_est::puschRxNoiseIntfEstDynDescr)"
2056081093,2624,17867,35,1,1,128,1,1,16,0.000,0.000,,,,,NVIDIA A100-SXM4-40GB (0),1,,13,cupy_copy__complex64_complex64
2056108805,1536,17876,1,1,1,1,1,1,18,0.000,0.000,,,,,NVIDIA A100-SXM4-40GB (0),1,,13,cupy_copy__float32_float32
2056142212,1728,17882,,,,,,,,,,0.000,2.315,Device,Pageable,NVIDIA A100-SXM4-40GB (0),1,,7,[CUDA memcpy Device-to-Host]
2056202212,13375,17893,1434,1,1,128,1,1,16,0.000,0.000,,,,,NVIDIA A100-SXM4-40GB (0),1,,13,cupy_copy__complex64_complex64
2056231651,2400,17900,103,1,1,128,1,1,16,0.000,0.000,,,,,NVIDIA A100-SXM4-40GB (0),1,,13,cupy_copy__complex64_complex64
2056251939,2016,17907,35,1,1,128,1,1,16,0.000,0.000,,,,,NVIDIA A100-SXM4-40GB (0),1,,13,cupy_copy__complex64_complex64
2056270179,1504,17914,1,1,1,1,1,1,18,0.000,0.000,,,,,NVIDIA A100-SXM4-40GB (0),1,,13,cupy_copy__float32_float32
2056400993,78303,17925,1,1,1,32,32,1,30,0.000,0.000,,,,,NVIDIA A100-SXM4-40GB (0),1,,13,"void convert_kernel<__half2, float2>(tensor_layout_any, T1 *, tensor_layout_any, const T2 *)"
2056507424,4160,17928,,,,,,,,,,0.061,14769.193,Pinned,Device,NVIDIA A100-SXM4-40GB (0),1,,13,[CUDA memcpy Host-to-Device]
2056521504,2592,17929,,,,,,,,,,1.547,596690.632,Device,,NVIDIA A100-SXM4-40GB (0),1,,13,[CUDA memset]
2056527776,3040,17934,,,,,,,,,,0.021,6926.308,Pinned,Device,NVIDIA A100-SXM4-40GB (0),1,,13,[CUDA memcpy Host-to-Device]
2056532959,6880,17935,,,,,,,,,,0.131,19051.053,Pinned,Device,NVIDIA A100-SXM4-40GB (0),1,,13,[CUDA memcpy Host-to-Device]
2056544383,5888,17936,273,1,1,8,4,1,39,0.002,0.000,,,,,NVIDIA A100-SXM4-40GB (0),1,,13,"void channel_eq::eqMmseCoefCompLowMimoKernel<float, float, float, (unsigned int)4, (unsigned int)1, (unsigned int)4>(const channel_eq::_puschRxChEqStatDescr *, channel_eq::_puschRxChEqCoefCompDynDescr)"
2056551583,4864,17937,273,1,1,12,11,1,40,0.002,0.000,,,,,NVIDIA A100-SXM4-40GB (0),1,,13,"void channel_eq::eqMmseSoftDemapKernel<float, __half, __half, float, (unsigned int)4, (unsigned short)16383>(channel_eq::_puschRxChEqStatDescr *, channel_eq::_puschRxChEqSoftDemapDynDescr)"
2056557727,282045,17938,1,1,1,32,32,1,30,0.000,0.000,,,,,NVIDIA A100-SXM4-40GB (0),1,,13,"void convert_kernel<float2, __half2>(tensor_layout_any, T1 *, tensor_layout_any, const T2 *)"
2056840956,10335,17950,2253,1,1,128,1,1,16,0.000,0.000,,,,,NVIDIA A100-SXM4-40GB (0),1,,13,cupy_copy__float16_float16
2056852475,2400,17959,282,1,1,128,1,1,16,0.000,0.000,,,,,NVIDIA A100-SXM4-40GB (0),1,,13,cupy_copy__complex64_complex64
2056855931,1760,17968,26,1,1,128,1,1,16,0.000,0.000,,,,,NVIDIA A100-SXM4-40GB (0),1,,13,cupy_copy__float32_float32
2056858939,2528,17977,103,1,1,128,1,1,16,0.000,0.000,,,,,NVIDIA A100-SXM4-40GB (0),1,,13,cupy_copy__complex64_complex64
2056862491,11104,17987,1434,1,1,128,1,1,16,0.000,0.000,,,,,NVIDIA A100-SXM4-40GB (0),1,,13,cupy_copy__complex64_complex64
2056897531,78623,17992,1,1,1,32,32,1,30,0.000,0.000,,,,,NVIDIA A100-SXM4-40GB (0),1,,13,"void convert_kernel<__half2, float2>(tensor_layout_any, T1 *, tensor_layout_any, const T2 *)"
2057003770,4224,17995,,,,,,,,,,0.061,14545.428,Pinned,Device,NVIDIA A100-SXM4-40GB (0),1,,13,[CUDA memcpy Host-to-Device]
2057014745,587641,17996,,,,,,,,,,456.520,776541.336,Device,,NVIDIA A100-SXM4-40GB (0),1,,13,[CUDA memset]
2057604882,32768,18001,,,,,,,,,,0.825,25187.023,Pinned,Device,NVIDIA A100-SXM4-40GB (0),1,,13,[CUDA memcpy Host-to-Device]
2057639762,7040,18002,,,,,,,,,,0.131,18618.122,Pinned,Device,NVIDIA A100-SXM4-40GB (0),1,,13,[CUDA memcpy Host-to-Device]
2057653393,7360,18003,69,4,1,48,1,1,76,0.002,0.000,,,,,NVIDIA A100-SXM4-40GB (0),1,,13,"void ch_est::windowedChEstPreNoDftSOfdmKernel<float, __half, float, (unsigned int)2, (unsigned int)1, (unsigned short)4>(ch_est::puschRxChEstStatDescr_t *, ch_est::puschRxChEstDynDescr_t *)"
2057661873,6240,18004,137,2,1,24,2,1,44,0.001,0.001,,,,,NVIDIA A100-SXM4-40GB (0),1,,13,"void ch_est::chEstFilterNoDftSOfdmDispatchKernel<float, __half, float, (unsigned int)2>(ch_est::puschRxChEstStatDescr_t *, ch_est::puschRxChEstDynDescr_t *)"
2057669329,4576,18005,137,2,1,24,2,1,44,0.001,0.001,,,,,NVIDIA A100-SXM4-40GB (0),1,,13,"void ch_est::chEstFilterNoDftSOfdmDispatchKernel<float, __half, float, (unsigned int)2>(ch_est::puschRxChEstStatDescr_t *, ch_est::puschRxChEstDynDescr_t *)"
2057675185,2176,18016,103,1,1,128,1,1,16,0.000,0.000,,,,,NVIDIA A100-SXM4-40GB (0),1,,13,cupy_copy__complex64_complex64
2057678385,12416,18026,1434,1,1,128,1,1,16,0.000,0.000,,,,,NVIDIA A100-SXM4-40GB (0),1,,13,cupy_copy__complex64_complex64
2057691857,2176,18033,103,1,1,128,1,1,16,0.000,0.000,,,,,NVIDIA A100-SXM4-40GB (0),1,,13,cupy_copy__complex64_complex64
2057695089,77695,18040,1,1,1,32,32,1,30,0.000,0.000,,,,,NVIDIA A100-SXM4-40GB (0),1,,13,"void convert_kernel<__half2, float2>(tensor_layout_any, T1 *, tensor_layout_any, const T2 *)"
2057801520,4224,18043,,,,,,,,,,0.061,14545.428,Pinned,Device,NVIDIA A100-SXM4-40GB (0),1,,13,[CUDA memcpy Host-to-Device]
2057813103,44480,18044,,,,,,,,,,35.801,804877.183,Device,,NVIDIA A100-SXM4-40GB (0),1,,13,[CUDA memset]
2057865327,1920,18046,,,,,,,,,,0.000,41.667,Pinned,Device,NVIDIA A100-SXM4-40GB (0),1,,13,[CUDA memcpy Host-to-Device]
2057870223,6816,18047,,,,,,,,,,0.131,19229.966,Pinned,Device,NVIDIA A100-SXM4-40GB (0),1,,13,[CUDA memcpy Host-to-Device]
2057881711,8639,18048,273,1,1,48,1,1,40,0.000,0.001,,,,,NVIDIA A100-SXM4-40GB (0),1,,13,"void pusch_noise_intf_est::noiseIntfEstNoDftSOfdmKernel<float, __half, float, float, (unsigned int)2, (unsigned int)1, (unsigned char)4, (unsigned char)4>(pusch_noise_intf_est::puschRxNoiseIntfEstDynDescr)"
2057891406,2656,18059,35,1,1,128,1,1,16,0.000,0.000,,,,,NVIDIA A100-SXM4-40GB (0),1,,13,cupy_copy__complex64_complex64
2057923886,1504,18068,1,1,1,1,1,1,18,0.000,0.000,,,,,NVIDIA A100-SXM4-40GB (0),1,,13,cupy_copy__float32_float32
2057957870,1664,18074,,,,,,,,,,0.000,2.404,Device,Pageable,NVIDIA A100-SXM4-40GB (0),1,,7,[CUDA memcpy Device-to-Host]
2058017197,13376,18085,1434,1,1,128,1,1,16,0.000,0.000,,,,,NVIDIA A100-SXM4-40GB (0),1,,13,cupy_copy__complex64_complex64
2058044109,2368,18092,103,1,1,128,1,1,16,0.000,0.000,,,,,NVIDIA A100-SXM4-40GB (0),1,,13,cupy_copy__complex64_complex64
2058064972,1984,18099,35,1,1,128,1,1,16,0.000,0.000,,,,,NVIDIA A100-SXM4-40GB (0),1,,13,cupy_copy__complex64_complex64
2058083276,1504,18106,1,1,1,1,1,1,18,0.000,0.000,,,,,NVIDIA A100-SXM4-40GB (0),1,,13,cupy_copy__float32_float32
2058215594,78335,18117,1,1,1,32,32,1,30,0.000,0.000,,,,,NVIDIA A100-SXM4-40GB (0),1,,13,"void convert_kernel<__half2, float2>(tensor_layout_any, T1 *, tensor_layout_any, const T2 *)"
2058465319,4192,18120,,,,,,,,,,0.061,14656.451,Pinned,Device,NVIDIA A100-SXM4-40GB (0),1,,13,[CUDA memcpy Host-to-Device]
2058476615,2592,18121,,,,,,,,,,1.547,596690.632,Device,,NVIDIA A100-SXM4-40GB (0),1,,13,[CUDA memset]
2058479751,3072,18126,,,,,,,,,,0.021,6854.149,Pinned,Device,NVIDIA A100-SXM4-40GB (0),1,,13,[CUDA memcpy Host-to-Device]
2058485319,7136,18127,,,,,,,,,,0.131,18367.644,Pinned,Device,NVIDIA A100-SXM4-40GB (0),1,,13,[CUDA memcpy Host-to-Device]
2058495783,5888,18128,273,1,1,8,4,1,39,0.002,0.000,,,,,NVIDIA A100-SXM4-40GB (0),1,,13,"void channel_eq::eqMmseCoefCompLowMimoKernel<float, float, float, (unsigned int)4, (unsigned int)1, (unsigned int)4>(const channel_eq::_puschRxChEqStatDescr *, channel_eq::_puschRxChEqCoefCompDynDescr)"
2058502951,4864,18129,273,1,1,12,11,1,40,0.002,0.000,,,,,NVIDIA A100-SXM4-40GB (0),1,,13,"void channel_eq::eqMmseSoftDemapKernel<float, __half, __half, float, (unsigned int)4, (unsigned short)16383>(channel_eq::_puschRxChEqStatDescr *, channel_eq::_puschRxChEqSoftDemapDynDescr)"
2058509095,282268,18130,1,1,1,32,32,1,30,0.000,0.000,,,,,NVIDIA A100-SXM4-40GB (0),1,,13,"void convert_kernel<float2, __half2>(tensor_layout_any, T1 *, tensor_layout_any, const T2 *)"
2058792419,10144,18142,2253,1,1,128,1,1,16,0.000,0.000,,,,,NVIDIA A100-SXM4-40GB (0),1,,13,cupy_copy__float16_float16
2058803811,2368,18151,282,1,1,128,1,1,16,0.000,0.000,,,,,NVIDIA A100-SXM4-40GB (0),1,,13,cupy_copy__complex64_complex64
2058807267,1760,18160,26,1,1,128,1,1,16,0.000,0.000,,,,,NVIDIA A100-SXM4-40GB (0),1,,13,cupy_copy__float32_float32
2058810275,2528,18169,103,1,1,128,1,1,16,0.000,0.000,,,,,NVIDIA A100-SXM4-40GB (0),1,,13,cupy_copy__complex64_complex64
2058814051,11296,18179,1434,1,1,128,1,1,16,0.000,0.000,,,,,NVIDIA A100-SXM4-40GB (0),1,,13,cupy_copy__complex64_complex64
2058984321,79519,18184,1,1,1,32,32,1,30,0.000,0.000,,,,,NVIDIA A100-SXM4-40GB (0),1,,13,"void convert_kernel<__half2, float2>(tensor_layout_any, T1 *, tensor_layout_any, const T2 *)"
2059097023,4544,18187,,,,,,,,,,0.061,13521.101,Pinned,Device,NVIDIA A100-SXM4-40GB (0),1,,13,[CUDA memcpy Host-to-Device]
2059108223,589145,18188,,,,,,,,,,456.520,774715.255,Device,,NVIDIA A100-SXM4-40GB (0),1,,13,[CUDA memset]
2059700984,32767,18193,,,,,,,,,,0.825,25187.848,Pinned,Device,NVIDIA A100-SXM4-40GB (0),1,,13,[CUDA memcpy Host-to-Device]
2059736055,6880,18194,,,,,,,,,,0.131,19051.053,Pinned,Device,NVIDIA A100-SXM4-40GB (0),1,,13,[CUDA memcpy Host-to-Device]
2059749463,7136,18195,69,4,1,48,1,1,76,0.002,0.000,,,,,NVIDIA A100-SXM4-40GB (0),1,,13,"void ch_est::windowedChEstPreNoDftSOfdmKernel<float, __half, float, (unsigned int)2, (unsigned int)1, (unsigned short)4>(ch_est::puschRxChEstStatDescr_t *, ch_est::puschRxChEstDynDescr_t *)"
2059757815,6112,18196,137,2,1,24,2,1,44,0.001,0.001,,,,,NVIDIA A100-SXM4-40GB (0),1,,13,"void ch_est::chEstFilterNoDftSOfdmDispatchKernel<float, __half, float, (unsigned int)2>(ch_est::puschRxChEstStatDescr_t *, ch_est::puschRxChEstDynDescr_t *)"
2059765143,4576,18197,137,2,1,24,2,1,44,0.001,0.001,,,,,NVIDIA A100-SXM4-40GB (0),1,,13,"void ch_est::chEstFilterNoDftSOfdmDispatchKernel<float, __half, float, (unsigned int)2>(ch_est::puschRxChEstStatDescr_t *, ch_est::puschRxChEstDynDescr_t *)"
2059770999,2208,18208,103,1,1,128,1,1,16,0.000,0.000,,,,,NVIDIA A100-SXM4-40GB (0),1,,13,cupy_copy__complex64_complex64
2059774519,12704,18218,1434,1,1,128,1,1,16,0.000,0.000,,,,,NVIDIA A100-SXM4-40GB (0),1,,13,cupy_copy__complex64_complex64
2059788439,2112,18225,103,1,1,128,1,1,16,0.000,0.000,,,,,NVIDIA A100-SXM4-40GB (0),1,,13,cupy_copy__complex64_complex64
2059791543,78143,18232,1,1,1,32,32,1,30,0.000,0.000,,,,,NVIDIA A100-SXM4-40GB (0),1,,13,"void convert_kernel<__half2, float2>(tensor_layout_any, T1 *, tensor_layout_any, const T2 *)"
2060029076,4192,18235,,,,,,,,,,0.061,14656.451,Pinned,Device,NVIDIA A100-SXM4-40GB (0),1,,13,[CUDA memcpy Host-to-Device]
2060041684,45855,18236,,,,,,,,,,35.801,780711.535,Device,,NVIDIA A100-SXM4-40GB (0),1,,13,[CUDA memset]
2060093171,1888,18238,,,,,,,,,,0.000,42.373,Pinned,Device,NVIDIA A100-SXM4-40GB (0),1,,13,[CUDA memcpy Host-to-Device]
2060097203,7200,18239,,,,,,,,,,0.131,18204.328,Pinned,Device,NVIDIA A100-SXM4-40GB (0),1,,13,[CUDA memcpy Host-to-Device]
2060113363,8832,18240,273,1,1,48,1,1,40,0.000,0.001,,,,,NVIDIA A100-SXM4-40GB (0),1,,13,"void pusch_noise_intf_est::noiseIntfEstNoDftSOfdmKernel<float, __half, float, float, (unsigned int)2, (unsigned int)1, (unsigned char)4, (unsigned char)4>(pusch_noise_intf_est::puschRxNoiseIntfEstDynDescr)"
2060123251,2623,18251,35,1,1,128,1,1,16,0.000,0.000,,,,,NVIDIA A100-SXM4-40GB (0),1,,13,cupy_copy__complex64_complex64
2060132850,1536,18260,1,1,1,1,1,1,18,0.000,0.000,,,,,NVIDIA A100-SXM4-40GB (0),1,,13,cupy_copy__float32_float32
2060169330,2112,18266,,,,,,,,,,0.000,1.894,Device,Pageable,NVIDIA A100-SXM4-40GB (0),1,,7,[CUDA memcpy Device-to-Host]
2060420111,13312,18277,1434,1,1,128,1,1,16,0.000,0.000,,,,,NVIDIA A100-SXM4-40GB (0),1,,13,cupy_copy__complex64_complex64
2060435407,2368,18284,103,1,1,128,1,1,16,0.000,0.000,,,,,NVIDIA A100-SXM4-40GB (0),1,,13,cupy_copy__complex64_complex64
2060454478,1984,18291,35,1,1,128,1,1,16,0.000,0.000,,,,,NVIDIA A100-SXM4-40GB (0),1,,13,cupy_copy__complex64_complex64
2060473038,1472,18298,1,1,1,1,1,1,18,0.000,0.000,,,,,NVIDIA A100-SXM4-40GB (0),1,,13,cupy_copy__float32_float32
2060732587,79007,18309,1,1,1,32,32,1,30,0.000,0.000,,,,,NVIDIA A100-SXM4-40GB (0),1,,13,"void convert_kernel<__half2, float2>(tensor_layout_any, T1 *, tensor_layout_any, const T2 *)"
2060844169,4192,18312,,,,,,,,,,0.061,14656.451,Pinned,Device,NVIDIA A100-SXM4-40GB (0),1,,13,[CUDA memcpy Host-to-Device]
2060858889,2560,18313,,,,,,,,,,1.547,604150.000,Device,,NVIDIA A100-SXM4-40GB (0),1,,13,[CUDA memset]
2060865001,3136,18318,,,,,,,,,,0.021,6714.274,Pinned,Device,NVIDIA A100-SXM4-40GB (0),1,,13,[CUDA memcpy Host-to-Device]
2060870665,6848,18319,,,,,,,,,,0.131,19140.182,Pinned,Device,NVIDIA A100-SXM4-40GB (0),1,,13,[CUDA memcpy Host-to-Device]
2060882281,5888,18320,273,1,1,8,4,1,39,0.002,0.000,,,,,NVIDIA A100-SXM4-40GB (0),1,,13,"void channel_eq::eqMmseCoefCompLowMimoKernel<float, float, float, (unsigned int)4, (unsigned int)1, (unsigned int)4>(const channel_eq::_puschRxChEqStatDescr *, channel_eq::_puschRxChEqCoefCompDynDescr)"
2060889449,4864,18321,273,1,1,12,11,1,40,0.002,0.000,,,,,NVIDIA A100-SXM4-40GB (0),1,,13,"void channel_eq::eqMmseSoftDemapKernel<float, __half, __half, float, (unsigned int)4, (unsigned short)16383>(channel_eq::_puschRxChEqStatDescr *, channel_eq::_puschRxChEqSoftDemapDynDescr)"
2060895593,281340,18322,1,1,1,32,32,1,30,0.000,0.000,,,,,NVIDIA A100-SXM4-40GB (0),1,,13,"void convert_kernel<float2, __half2>(tensor_layout_any, T1 *, tensor_layout_any, const T2 *)"
2061178181,10528,18334,2253,1,1,128,1,1,16,0.000,0.000,,,,,NVIDIA A100-SXM4-40GB (0),1,,13,cupy_copy__float16_float16
2061189989,2400,18343,282,1,1,128,1,1,16,0.000,0.000,,,,,NVIDIA A100-SXM4-40GB (0),1,,13,cupy_copy__complex64_complex64
2061193637,1760,18352,26,1,1,128,1,1,16,0.000,0.000,,,,,NVIDIA A100-SXM4-40GB (0),1,,13,cupy_copy__float32_float32
2061196613,2560,18361,103,1,1,128,1,1,16,0.000,0.000,,,,,NVIDIA A100-SXM4-40GB (0),1,,13,cupy_copy__complex64_complex64
2061200389,11136,18371,1434,1,1,128,1,1,16,0.000,0.000,,,,,NVIDIA A100-SXM4-40GB (0),1,,13,cupy_copy__complex64_complex64
2061238053,78655,18376,1,1,1,32,32,1,30,0.000,0.000,,,,,NVIDIA A100-SXM4-40GB (0),1,,13,"void convert_kernel<__half2, float2>(tensor_layout_any, T1 *, tensor_layout_any, const T2 *)"
2061344419,4160,18379,,,,,,,,,,0.061,14769.193,Pinned,Device,NVIDIA A100-SXM4-40GB (0),1,,13,[CUDA memcpy Host-to-Device]
2061355459,588345,18380,,,,,,,,,,456.520,775628.296,Device,,NVIDIA A100-SXM4-40GB (0),1,,13,[CUDA memset]
2061947612,32831,18385,,,,,,,,,,0.825,25139.153,Pinned,Device,NVIDIA A100-SXM4-40GB (0),1,,13,[CUDA memcpy Host-to-Device]
2061982587,6784,18386,,,,,,,,,,0.131,19320.668,Pinned,Device,NVIDIA A100-SXM4-40GB (0),1,,13,[CUDA memcpy Host-to-Device]
2062000571,7264,18387,69,4,1,48,1,1,76,0.002,0.000,,,,,NVIDIA A100-SXM4-40GB (0),1,,13,"void ch_est::windowedChEstPreNoDftSOfdmKernel<float, __half, float, (unsigned int)2, (unsigned int)1, (unsigned short)4>(ch_est::puschRxChEstStatDescr_t *, ch_est::puschRxChEstDynDescr_t *)"
2062009147,6240,18388,137,2,1,24,2,1,44,0.001,0.001,,,,,NVIDIA A100-SXM4-40GB (0),1,,13,"void ch_est::chEstFilterNoDftSOfdmDispatchKernel<float, __half, float, (unsigned int)2>(ch_est::puschRxChEstStatDescr_t *, ch_est::puschRxChEstDynDescr_t *)"
2062016571,4576,18389,137,2,1,24,2,1,44,0.001,0.001,,,,,NVIDIA A100-SXM4-40GB (0),1,,13,"void ch_est::chEstFilterNoDftSOfdmDispatchKernel<float, __half, float, (unsigned int)2>(ch_est::puschRxChEstStatDescr_t *, ch_est::puschRxChEstDynDescr_t *)"
2062022395,2176,18400,103,1,1,128,1,1,16,0.000,0.000,,,,,NVIDIA A100-SXM4-40GB (0),1,,13,cupy_copy__complex64_complex64
2062025563,12480,18410,1434,1,1,128,1,1,16,0.000,0.000,,,,,NVIDIA A100-SXM4-40GB (0),1,,13,cupy_copy__complex64_complex64
2062039227,2111,18417,103,1,1,128,1,1,16,0.000,0.000,,,,,NVIDIA A100-SXM4-40GB (0),1,,13,cupy_copy__complex64_complex64
2062042426,78495,18424,1,1,1,32,32,1,30,0.000,0.000,,,,,NVIDIA A100-SXM4-40GB (0),1,,13,"void convert_kernel<__half2, float2>(tensor_layout_any, T1 *, tensor_layout_any, const T2 *)"
2062148953,4672,18427,,,,,,,,,,0.061,13150.679,Pinned,Device,NVIDIA A100-SXM4-40GB (0),1,,13,[CUDA memcpy Host-to-Device]
2062161145,44639,18428,,,,,,,,,,35.801,801977.305,Device,,NVIDIA A100-SXM4-40GB (0),1,,13,[CUDA memset]
2062212792,1888,18430,,,,,,,,,,0.000,42.373,Pinned,Device,NVIDIA A100-SXM4-40GB (0),1,,13,[CUDA memcpy Host-to-Device]
2062216856,7008,18431,,,,,,,,,,0.131,18703.188,Pinned,Device,NVIDIA A100-SXM4-40GB (0),1,,13,[CUDA memcpy Host-to-Device]
2062228536,8576,18432,273,1,1,48,1,1,40,0.000,0.001,,,,,NVIDIA A100-SXM4-40GB (0),1,,13,"void pusch_noise_intf_est::noiseIntfEstNoDftSOfdmKernel<float, __half, float, float, (unsigned int)2, (unsigned int)1, (unsigned char)4, (unsigned char)4>(pusch_noise_intf_est::puschRxNoiseIntfEstDynDescr)"
2062238200,2624,18443,35,1,1,128,1,1,16,0.000,0.000,,,,,NVIDIA A100-SXM4-40GB (0),1,,13,cupy_copy__complex64_complex64
2062269560,1536,18452,1,1,1,1,1,1,18,0.000,0.000,,,,,NVIDIA A100-SXM4-40GB (0),1,,13,cupy_copy__float32_float32
2062302679,1760,18458,,,,,,,,,,0.000,2.273,Device,Pageable,NVIDIA A100-SXM4-40GB (0),1,,7,[CUDA memcpy Device-to-Host]
2062359990,12928,18469,1434,1,1,128,1,1,16,0.000,0.000,,,,,NVIDIA A100-SXM4-40GB (0),1,,13,cupy_copy__complex64_complex64
2062386166,2368,18476,103,1,1,128,1,1,16,0.000,0.000,,,,,NVIDIA A100-SXM4-40GB (0),1,,13,cupy_copy__complex64_complex64
2062407094,1984,18483,35,1,1,128,1,1,16,0.000,0.000,,,,,NVIDIA A100-SXM4-40GB (0),1,,13,cupy_copy__complex64_complex64
2062425750,1504,18490,1,1,1,1,1,1,18,0.000,0.000,,,,,NVIDIA A100-SXM4-40GB (0),1,,13,cupy_copy__float32_float32
2062556884,78655,18501,1,1,1,32,32,1,30,0.000,0.000,,,,,NVIDIA A100-SXM4-40GB (0),1,,13,"void convert_kernel<__half2, float2>(tensor_layout_any, T1 *, tensor_layout_any, const T2 *)"
2062662963,4736,18504,,,,,,,,,,0.061,12972.933,Pinned,Device,NVIDIA A100-SXM4-40GB (0),1,,13,[CUDA memcpy Host-to-Device]
2062676851,2559,18505,,,,,,,,,,1.547,604385.087,Device,,NVIDIA A100-SXM4-40GB (0),1,,13,[CUDA memset]
2062682994,3008,18510,,,,,,,,,,0.021,6999.983,Pinned,Device,NVIDIA A100-SXM4-40GB (0),1,,13,[CUDA memcpy Host-to-Device]
2062688370,6880,18511,,,,,,,,,,0.131,19051.053,Pinned,Device,NVIDIA A100-SXM4-40GB (0),1,,13,[CUDA memcpy Host-to-Device]
2062699922,5888,18512,273,1,1,8,4,1,39,0.002,0.000,,,,,NVIDIA A100-SXM4-40GB (0),1,,13,"void channel_eq::eqMmseCoefCompLowMimoKernel<float, float, float, (unsigned int)4, (unsigned int)1, (unsigned int)4>(const channel_eq::_puschRxChEqStatDescr *, channel_eq::_puschRxChEqCoefCompDynDescr)"
2062707090,4928,18513,273,1,1,12,11,1,40,0.002,0.000,,,,,NVIDIA A100-SXM4-40GB (0),1,,13,"void channel_eq::eqMmseSoftDemapKernel<float, __half, __half, float, (unsigned int)4, (unsigned short)16383>(channel_eq::_puschRxChEqStatDescr *, channel_eq::_puschRxChEqSoftDemapDynDescr)"
2062713362,281373,18514,1,1,1,32,32,1,30,0.000,0.000,,,,,NVIDIA A100-SXM4-40GB (0),1,,13,"void convert_kernel<float2, __half2>(tensor_layout_any, T1 *, tensor_layout_any, const T2 *)"
2062995759,10463,18526,2253,1,1,128,1,1,16,0.000,0.000,,,,,NVIDIA A100-SXM4-40GB (0),1,,13,cupy_copy__float16_float16
2063007278,2400,18535,282,1,1,128,1,1,16,0.000,0.000,,,,,NVIDIA A100-SXM4-40GB (0),1,,13,cupy_copy__complex64_complex64
2063010766,1760,18544,26,1,1,128,1,1,16,0.000,0.000,,,,,NVIDIA A100-SXM4-40GB (0),1,,13,cupy_copy__float32_float32
2063013550,2528,18553,103,1,1,128,1,1,16,0.000,0.000,,,,,NVIDIA A100-SXM4-40GB (0),1,,13,cupy_copy__complex64_complex64
2063017294,11328,18563,1434,1,1,128,1,1,16,0.000,0.000,,,,,NVIDIA A100-SXM4-40GB (0),1,,13,cupy_copy__complex64_complex64
2063048654,78783,18568,1,1,1,32,32,1,30,0.000,0.000,,,,,NVIDIA A100-SXM4-40GB (0),1,,13,"void convert_kernel<__half2, float2>(tensor_layout_any, T1 *, tensor_layout_any, const T2 *)"
2063154733,4223,18571,,,,,,,,,,0.061,14548.869,Pinned,Device,NVIDIA A100-SXM4-40GB (0),1,,13,[CUDA memcpy Host-to-Device]
2063165164,587097,18572,,,,,,,,,,456.520,777454.377,Device,,NVIDIA A100-SXM4-40GB (0),1,,13,[CUDA memset]
2063753957,32928,18577,,,,,,,,,,0.825,25064.872,Pinned,Device,NVIDIA A100-SXM4-40GB (0),1,,13,[CUDA memcpy Host-to-Device]
2063789029,7551,18578,,,,,,,,,,0.131,17358.127,Pinned,Device,NVIDIA A100-SXM4-40GB (0),1,,13,[CUDA memcpy Host-to-Device]
2063801412,7168,18579,69,4,1,48,1,1,76,0.002,0.000,,,,,NVIDIA A100-SXM4-40GB (0),1,,13,"void ch_est::windowedChEstPreNoDftSOfdmKernel<float, __half, float, (unsigned int)2, (unsigned int)1, (unsigned short)4>(ch_est::puschRxChEstStatDescr_t *, ch_est::puschRxChEstDynDescr_t *)"
2063809700,6176,18580,137,2,1,24,2,1,44,0.001,0.001,,,,,NVIDIA A100-SXM4-40GB (0),1,,13,"void ch_est::chEstFilterNoDftSOfdmDispatchKernel<float, __half, float, (unsigned int)2>(ch_est::puschRxChEstStatDescr_t *, ch_est::puschRxChEstDynDescr_t *)"
2063817092,4576,18581,137,2,1,24,2,1,44,0.001,0.001,,,,,NVIDIA A100-SXM4-40GB (0),1,,13,"void ch_est::chEstFilterNoDftSOfdmDispatchKernel<float, __half, float, (unsigned int)2>(ch_est::puschRxChEstStatDescr_t *, ch_est::puschRxChEstDynDescr_t *)"
2063822980,2176,18592,103,1,1,128,1,1,16,0.000,0.000,,,,,NVIDIA A100-SXM4-40GB (0),1,,13,cupy_copy__complex64_complex64
2063826404,12544,18602,1434,1,1,128,1,1,16,0.000,0.000,,,,,NVIDIA A100-SXM4-40GB (0),1,,13,cupy_copy__complex64_complex64
2063840036,2112,18609,103,1,1,128,1,1,16,0.000,0.000,,,,,NVIDIA A100-SXM4-40GB (0),1,,13,cupy_copy__complex64_complex64
2063843236,78367,18616,1,1,1,32,32,1,30,0.000,0.000,,,,,NVIDIA A100-SXM4-40GB (0),1,,13,"void convert_kernel<__half2, float2>(tensor_layout_any, T1 *, tensor_layout_any, const T2 *)"
2064092673,4736,18619,,,,,,,,,,0.061,12972.933,Pinned,Device,NVIDIA A100-SXM4-40GB (0),1,,13,[CUDA memcpy Host-to-Device]
2064103841,46239,18620,,,,,,,,,,35.801,774231.561,Device,,NVIDIA A100-SXM4-40GB (0),1,,13,[CUDA memset]
2064157440,1984,18622,,,,,,,,,,0.000,40.323,Pinned,Device,NVIDIA A100-SXM4-40GB (0),1,,13,[CUDA memcpy Host-to-Device]
2064161824,7136,18623,,,,,,,,,,0.131,18367.644,Pinned,Device,NVIDIA A100-SXM4-40GB (0),1,,13,[CUDA memcpy Host-to-Device]
2064175136,9024,18624,273,1,1,48,1,1,40,0.000,0.001,,,,,NVIDIA A100-SXM4-40GB (0),1,,13,"void pusch_noise_intf_est::noiseIntfEstNoDftSOfdmKernel<float, __half, float, float, (unsigned int)2, (unsigned int)1, (unsigned char)4, (unsigned char)4>(pusch_noise_intf_est::puschRxNoiseIntfEstDynDescr)"
2064185184,2528,18635,35,1,1,128,1,1,16,0.000,0.000,,,,,NVIDIA A100-SXM4-40GB (0),1,,13,cupy_copy__complex64_complex64
2064202623,1536,18644,1,1,1,1,1,1,18,0.000,0.000,,,,,NVIDIA A100-SXM4-40GB (0),1,,13,cupy_copy__float32_float32
2064237087,1760,18650,,,,,,,,,,0.000,2.273,Device,Pageable,NVIDIA A100-SXM4-40GB (0),1,,7,[CUDA memcpy Device-to-Host]
2064294398,13312,18661,1434,1,1,128,1,1,16,0.000,0.000,,,,,NVIDIA A100-SXM4-40GB (0),1,,13,cupy_copy__complex64_complex64
2064321150,2336,18668,103,1,1,128,1,1,16,0.000,0.000,,,,,NVIDIA A100-SXM4-40GB (0),1,,13,cupy_copy__complex64_complex64
2064342654,1984,18675,35,1,1,128,1,1,16,0.000,0.000,,,,,NVIDIA A100-SXM4-40GB (0),1,,13,cupy_copy__complex64_complex64
2064361437,1472,18682,1,1,1,1,1,1,18,0.000,0.000,,,,,NVIDIA A100-SXM4-40GB (0),1,,13,cupy_copy__float32_float32
2064633786,78559,18693,1,1,1,32,32,1,30,0.000,0.000,,,,,NVIDIA A100-SXM4-40GB (0),1,,13,"void convert_kernel<__half2, float2>(tensor_layout_any, T1 *, tensor_layout_any, const T2 *)"
2064744121,4192,18696,,,,,,,,,,0.061,14656.451,Pinned,Device,NVIDIA A100-SXM4-40GB (0),1,,13,[CUDA memcpy Host-to-Device]
2064758552,2624,18697,,,,,,,,,,1.547,589413.767,Device,,NVIDIA A100-SXM4-40GB (0),1,,13,[CUDA memset]
2064765112,3232,18702,,,,,,,,,,0.021,6514.832,Pinned,Device,NVIDIA A100-SXM4-40GB (0),1,,13,[CUDA memcpy Host-to-Device]
2064770488,7648,18703,,,,,,,,,,0.131,17138.057,Pinned,Device,NVIDIA A100-SXM4-40GB (0),1,,13,[CUDA memcpy Host-to-Device]
2064783768,5888,18704,273,1,1,8,4,1,39,0.002,0.000,,,,,NVIDIA A100-SXM4-40GB (0),1,,13,"void channel_eq::eqMmseCoefCompLowMimoKernel<float, float, float, (unsigned int)4, (unsigned int)1, (unsigned int)4>(const channel_eq::_puschRxChEqStatDescr *, channel_eq::_puschRxChEqCoefCompDynDescr)"
2064790712,4800,18705,273,1,1,12,11,1,40,0.002,0.000,,,,,NVIDIA A100-SXM4-40GB (0),1,,13,"void channel_eq::eqMmseSoftDemapKernel<float, __half, __half, float, (unsigned int)4, (unsigned short)16383>(channel_eq::_puschRxChEqStatDescr *, channel_eq::_puschRxChEqSoftDemapDynDescr)"
2064796824,281084,18706,1,1,1,32,32,1,30,0.000,0.000,,,,,NVIDIA A100-SXM4-40GB (0),1,,13,"void convert_kernel<float2, __half2>(tensor_layout_any, T1 *, tensor_layout_any, const T2 *)"
2065078964,10208,18718,2253,1,1,128,1,1,16,0.000,0.000,,,,,NVIDIA A100-SXM4-40GB (0),1,,13,cupy_copy__float16_float16
2065090196,2368,18727,282,1,1,128,1,1,16,0.000,0.000,,,,,NVIDIA A100-SXM4-40GB (0),1,,13,cupy_copy__complex64_complex64
2065093620,1792,18736,26,1,1,128,1,1,16,0.000,0.000,,,,,NVIDIA A100-SXM4-40GB (0),1,,13,cupy_copy__float32_float32
2065096660,2528,18745,103,1,1,128,1,1,16,0.000,0.000,,,,,NVIDIA A100-SXM4-40GB (0),1,,13,cupy_copy__complex64_complex64
2065100212,11264,18755,1434,1,1,128,1,1,16,0.000,0.000,,,,,NVIDIA A100-SXM4-40GB (0),1,,13,cupy_copy__complex64_complex64
2065153875,78304,18760,1,1,1,32,32,1,30,0.000,0.000,,,,,NVIDIA A100-SXM4-40GB (0),1,,13,"void convert_kernel<__half2, float2>(tensor_layout_any, T1 *, tensor_layout_any, const T2 *)"
2065395632,4224,18763,,,,,,,,,,0.061,14545.428,Pinned,Device,NVIDIA A100-SXM4-40GB (0),1,,13,[CUDA memcpy Host-to-Device]
2065404080,590393,18764,,,,,,,,,,456.520,772889.173,Device,,NVIDIA A100-SXM4-40GB (0),1,,13,[CUDA memset]
2066002825,32991,18769,,,,,,,,,,0.825,25017.002,Pinned,Device,NVIDIA A100-SXM4-40GB (0),1,,13,[CUDA memcpy Host-to-Device]
2066037960,6816,18770,,,,,,,,,,0.131,19229.966,Pinned,Device,NVIDIA A100-SXM4-40GB (0),1,,13,[CUDA memcpy Host-to-Device]
2066055560,7616,18771,69,4,1,48,1,1,76,0.002,0.000,,,,,NVIDIA A100-SXM4-40GB (0),1,,13,"void ch_est::windowedChEstPreNoDftSOfdmKernel<float, __half, float, (unsigned int)2, (unsigned int)1, (unsigned short)4>(ch_est::puschRxChEstStatDescr_t *, ch_est::puschRxChEstDynDescr_t *)"
2066064296,6048,18772,137,2,1,24,2,1,44,0.001,0.001,,,,,NVIDIA A100-SXM4-40GB (0),1,,13,"void ch_est::chEstFilterNoDftSOfdmDispatchKernel<float, __half, float, (unsigned int)2>(ch_est::puschRxChEstStatDescr_t *, ch_est::puschRxChEstDynDescr_t *)"
2066071528,4608,18773,137,2,1,24,2,1,44,0.001,0.001,,,,,NVIDIA A100-SXM4-40GB (0),1,,13,"void ch_est::chEstFilterNoDftSOfdmDispatchKernel<float, __half, float, (unsigned int)2>(ch_est::puschRxChEstStatDescr_t *, ch_est::puschRxChEstDynDescr_t *)"
2066077384,2176,18784,103,1,1,128,1,1,16,0.000,0.000,,,,,NVIDIA A100-SXM4-40GB (0),1,,13,cupy_copy__complex64_complex64
2066080584,12512,18794,1434,1,1,128,1,1,16,0.000,0.000,,,,,NVIDIA A100-SXM4-40GB (0),1,,13,cupy_copy__complex64_complex64
2066094312,2080,18801,103,1,1,128,1,1,16,0.000,0.000,,,,,NVIDIA A100-SXM4-40GB (0),1,,13,cupy_copy__complex64_complex64
2066097480,78783,18808,1,1,1,32,32,1,30,0.000,0.000,,,,,NVIDIA A100-SXM4-40GB (0),1,,13,"void convert_kernel<__half2, float2>(tensor_layout_any, T1 *, tensor_layout_any, const T2 *)"
2066207078,4224,18811,,,,,,,,,,0.061,14545.428,Pinned,Device,NVIDIA A100-SXM4-40GB (0),1,,13,[CUDA memcpy Host-to-Device]
2066219942,44640,18812,,,,,,,,,,35.801,801977.305,Device,,NVIDIA A100-SXM4-40GB (0),1,,13,[CUDA memset]
2066273285,1952,18814,,,,,,,,,,0.000,40.984,Pinned,Device,NVIDIA A100-SXM4-40GB (0),1,,13,[CUDA memcpy Host-to-Device]
2066277381,6784,18815,,,,,,,,,,0.131,19320.668,Pinned,Device,NVIDIA A100-SXM4-40GB (0),1,,13,[CUDA memcpy Host-to-Device]
2066289701,8544,18816,273,1,1,48,1,1,40,0.000,0.001,,,,,NVIDIA A100-SXM4-40GB (0),1,,13,"void pusch_noise_intf_est::noiseIntfEstNoDftSOfdmKernel<float, __half, float, float, (unsigned int)2, (unsigned int)1, (unsigned char)4, (unsigned char)4>(pusch_noise_intf_est::puschRxNoiseIntfEstDynDescr)"
2066299397,2592,18827,35,1,1,128,1,1,16,0.000,0.000,,,,,NVIDIA A100-SXM4-40GB (0),1,,13,cupy_copy__complex64_complex64
2066333701,1536,18836,1,1,1,1,1,1,18,0.000,0.000,,,,,NVIDIA A100-SXM4-40GB (0),1,,13,cupy_copy__float32_float32
2066367780,1888,18842,,,,,,,,,,0.000,2.119,Device,Pageable,NVIDIA A100-SXM4-40GB (0),1,,7,[CUDA memcpy Device-to-Host]
2066606465,13184,18853,1434,1,1,128,1,1,16,0.000,0.000,,,,,NVIDIA A100-SXM4-40GB (0),1,,13,cupy_copy__complex64_complex64
2066633345,2336,18860,103,1,1,128,1,1,16,0.000,0.000,,,,,NVIDIA A100-SXM4-40GB (0),1,,13,cupy_copy__complex64_complex64
2066654113,1952,18867,35,1,1,128,1,1,16,0.000,0.000,,,,,NVIDIA A100-SXM4-40GB (0),1,,13,cupy_copy__complex64_complex64
2066671936,1472,18874,1,1,1,1,1,1,18,0.000,0.000,,,,,NVIDIA A100-SXM4-40GB (0),1,,13,cupy_copy__float32_float32
2066804735,78207,18885,1,1,1,32,32,1,30,0.000,0.000,,,,,NVIDIA A100-SXM4-40GB (0),1,,13,"void convert_kernel<__half2, float2>(tensor_layout_any, T1 *, tensor_layout_any, const T2 *)"
2066910877,4224,18888,,,,,,,,,,0.061,14545.428,Pinned,Device,NVIDIA A100-SXM4-40GB (0),1,,13,[CUDA memcpy Host-to-Device]
2066924573,2560,18889,,,,,,,,,,1.547,604150.000,Device,,NVIDIA A100-SXM4-40GB (0),1,,13,[CUDA memset]
2066930525,2976,18894,,,,,,,,,,0.021,7075.258,Pinned,Device,NVIDIA A100-SXM4-40GB (0),1,,13,[CUDA memcpy Host-to-Device]
2066935645,7360,18895,,,,,,,,,,0.131,17808.622,Pinned,Device,NVIDIA A100-SXM4-40GB (0),1,,13,[CUDA memcpy Host-to-Device]
2066947389,5888,18896,273,1,1,8,4,1,39,0.002,0.000,,,,,NVIDIA A100-SXM4-40GB (0),1,,13,"void channel_eq::eqMmseCoefCompLowMimoKernel<float, float, float, (unsigned int)4, (unsigned int)1, (unsigned int)4>(const channel_eq::_puschRxChEqStatDescr *, channel_eq::_puschRxChEqCoefCompDynDescr)"
2066954557,4800,18897,273,1,1,12,11,1,40,0.002,0.000,,,,,NVIDIA A100-SXM4-40GB (0),1,,13,"void channel_eq::eqMmseSoftDemapKernel<float, __half, __half, float, (unsigned int)4, (unsigned short)16383>(channel_eq::_puschRxChEqStatDescr *, channel_eq::_puschRxChEqSoftDemapDynDescr)"
2066960349,281244,18898,1,1,1,32,32,1,30,0.000,0.000,,,,,NVIDIA A100-SXM4-40GB (0),1,,13,"void convert_kernel<float2, __half2>(tensor_layout_any, T1 *, tensor_layout_any, const T2 *)"
2067242841,10144,18910,2253,1,1,128,1,1,16,0.000,0.000,,,,,NVIDIA A100-SXM4-40GB (0),1,,13,cupy_copy__float16_float16
2067254009,2400,18919,282,1,1,128,1,1,16,0.000,0.000,,,,,NVIDIA A100-SXM4-40GB (0),1,,13,cupy_copy__complex64_complex64
2067257497,1728,18928,26,1,1,128,1,1,16,0.000,0.000,,,,,NVIDIA A100-SXM4-40GB (0),1,,13,cupy_copy__float32_float32
2067260473,2528,18937,103,1,1,128,1,1,16,0.000,0.000,,,,,NVIDIA A100-SXM4-40GB (0),1,,13,cupy_copy__complex64_complex64
2067264281,11072,18947,1434,1,1,128,1,1,16,0.000,0.000,,,,,NVIDIA A100-SXM4-40GB (0),1,,13,cupy_copy__complex64_complex64
2067301273,78399,18952,1,1,1,32,32,1,30,0.000,0.000,,,,,NVIDIA A100-SXM4-40GB (0),1,,13,"void convert_kernel<__half2, float2>(tensor_layout_any, T1 *, tensor_layout_any, const T2 *)"
2067407255,4288,18955,,,,,,,,,,0.061,14328.300,Pinned,Device,NVIDIA A100-SXM4-40GB (0),1,,13,[CUDA memcpy Host-to-Device]
2067417687,588313,18956,,,,,,,,,,456.520,775628.296,Device,,NVIDIA A100-SXM4-40GB (0),1,,13,[CUDA memset]
2068008560,32703,18961,,,,,,,,,,0.825,25237.369,Pinned,Device,NVIDIA A100-SXM4-40GB (0),1,,13,[CUDA memcpy Host-to-Device]
2068044015,6880,18962,,,,,,,,,,0.131,19051.053,Pinned,Device,NVIDIA A100-SXM4-40GB (0),1,,13,[CUDA memcpy Host-to-Device]
2068056047,6912,18963,69,4,1,48,1,1,76,0.002,0.000,,,,,NVIDIA A100-SXM4-40GB (0),1,,13,"void ch_est::windowedChEstPreNoDftSOfdmKernel<float, __half, float, (unsigned int)2, (unsigned int)1, (unsigned short)4>(ch_est::puschRxChEstStatDescr_t *, ch_est::puschRxChEstDynDescr_t *)"
2068064015,6080,18964,137,2,1,24,2,1,44,0.001,0.001,,,,,NVIDIA A100-SXM4-40GB (0),1,,13,"void ch_est::chEstFilterNoDftSOfdmDispatchKernel<float, __half, float, (unsigned int)2>(ch_est::puschRxChEstStatDescr_t *, ch_est::puschRxChEstDynDescr_t *)"
2068071375,4576,18965,137,2,1,24,2,1,44,0.001,0.001,,,,,NVIDIA A100-SXM4-40GB (0),1,,13,"void ch_est::chEstFilterNoDftSOfdmDispatchKernel<float, __half, float, (unsigned int)2>(ch_est::puschRxChEstStatDescr_t *, ch_est::puschRxChEstDynDescr_t *)"
2068077231,2176,18976,103,1,1,128,1,1,16,0.000,0.000,,,,,NVIDIA A100-SXM4-40GB (0),1,,13,cupy_copy__complex64_complex64
2068080431,12416,18986,1434,1,1,128,1,1,16,0.000,0.000,,,,,NVIDIA A100-SXM4-40GB (0),1,,13,cupy_copy__complex64_complex64
2068094031,2144,18993,103,1,1,128,1,1,16,0.000,0.000,,,,,NVIDIA A100-SXM4-40GB (0),1,,13,cupy_copy__complex64_complex64
2068097423,78271,19000,1,1,1,32,32,1,30,0.000,0.000,,,,,NVIDIA A100-SXM4-40GB (0),1,,13,"void convert_kernel<__half2, float2>(tensor_layout_any, T1 *, tensor_layout_any, const T2 *)"
2068202509,4448,19003,,,,,,,,,,0.061,13812.941,Pinned,Device,NVIDIA A100-SXM4-40GB (0),1,,13,[CUDA memcpy Host-to-Device]
2068214605,44896,19004,,,,,,,,,,35.801,797394.782,Device,,NVIDIA A100-SXM4-40GB (0),1,,13,[CUDA memset]
2068260781,1984,19006,,,,,,,,,,0.000,40.323,Pinned,Device,NVIDIA A100-SXM4-40GB (0),1,,13,[CUDA memcpy Host-to-Device]
2068265101,7167,19007,,,,,,,,,,0.131,18288.214,Pinned,Device,NVIDIA A100-SXM4-40GB (0),1,,13,[CUDA memcpy Host-to-Device]
2068276172,8896,19008,273,1,1,48,1,1,40,0.000,0.001,,,,,NVIDIA A100-SXM4-40GB (0),1,,13,"void pusch_noise_intf_est::noiseIntfEstNoDftSOfdmKernel<float, __half, float, float, (unsigned int)2, (unsigned int)1, (unsigned char)4, (unsigned char)4>(pusch_noise_intf_est::puschRxNoiseIntfEstDynDescr)"
2068287660,2592,19019,35,1,1,128,1,1,16,0.000,0.000,,,,,NVIDIA A100-SXM4-40GB (0),1,,13,cupy_copy__complex64_complex64
2068322732,1504,19028,1,1,1,1,1,1,18,0.000,0.000,,,,,NVIDIA A100-SXM4-40GB (0),1,,13,cupy_copy__float32_float32
2068354955,1632,19034,,,,,,,,,,0.000,2.451,Device,Pageable,NVIDIA A100-SXM4-40GB (0),1,,7,[CUDA memcpy Device-to-Host]
2068411627,13472,19045,1434,1,1,128,1,1,16,0.000,0.000,,,,,NVIDIA A100-SXM4-40GB (0),1,,13,cupy_copy__complex64_complex64
2068438250,2368,19052,103,1,1,128,1,1,16,0.000,0.000,,,,,NVIDIA A100-SXM4-40GB (0),1,,13,cupy_copy__complex64_complex64
2068458538,2016,19059,35,1,1,128,1,1,16,0.000,0.000,,,,,NVIDIA A100-SXM4-40GB (0),1,,13,cupy_copy__complex64_complex64
2068476970,1472,19066,1,1,1,1,1,1,18,0.000,0.000,,,,,NVIDIA A100-SXM4-40GB (0),1,,13,cupy_copy__float32_float32
2068607912,78687,19077,1,1,1,32,32,1,30,0.000,0.000,,,,,NVIDIA A100-SXM4-40GB (0),1,,13,"void convert_kernel<__half2, float2>(tensor_layout_any, T1 *, tensor_layout_any, const T2 *)"
2068714887,4160,19080,,,,,,,,,,0.061,14769.193,Pinned,Device,NVIDIA A100-SXM4-40GB (0),1,,13,[CUDA memcpy Host-to-Device]
2068728839,2560,19081,,,,,,,,,,1.547,604150.000,Device,,NVIDIA A100-SXM4-40GB (0),1,,13,[CUDA memset]
2068734727,2784,19086,,,,,,,,,,0.021,7563.210,Pinned,Device,NVIDIA A100-SXM4-40GB (0),1,,13,[CUDA memcpy Host-to-Device]
2068740327,6943,19087,,,,,,,,,,0.131,18878.169,Pinned,Device,NVIDIA A100-SXM4-40GB (0),1,,13,[CUDA memcpy Host-to-Device]
2068751110,5888,19088,273,1,1,8,4,1,39,0.002,0.000,,,,,NVIDIA A100-SXM4-40GB (0),1,,13,"void channel_eq::eqMmseCoefCompLowMimoKernel<float, float, float, (unsigned int)4, (unsigned int)1, (unsigned int)4>(const channel_eq::_puschRxChEqStatDescr *, channel_eq::_puschRxChEqCoefCompDynDescr)"
2068758054,4864,19089,273,1,1,12,11,1,40,0.002,0.000,,,,,NVIDIA A100-SXM4-40GB (0),1,,13,"void channel_eq::eqMmseSoftDemapKernel<float, __half, __half, float, (unsigned int)4, (unsigned short)16383>(channel_eq::_puschRxChEqStatDescr *, channel_eq::_puschRxChEqSoftDemapDynDescr)"
2068764198,282077,19090,1,1,1,32,32,1,30,0.000,0.000,,,,,NVIDIA A100-SXM4-40GB (0),1,,13,"void convert_kernel<float2, __half2>(tensor_layout_any, T1 *, tensor_layout_any, const T2 *)"
2069047491,10304,19102,2253,1,1,128,1,1,16,0.000,0.000,,,,,NVIDIA A100-SXM4-40GB (0),1,,13,cupy_copy__float16_float16
2069059011,2400,19111,282,1,1,128,1,1,16,0.000,0.000,,,,,NVIDIA A100-SXM4-40GB (0),1,,13,cupy_copy__complex64_complex64
2069062435,1760,19120,26,1,1,128,1,1,16,0.000,0.000,,,,,NVIDIA A100-SXM4-40GB (0),1,,13,cupy_copy__float32_float32
2069065442,2560,19129,103,1,1,128,1,1,16,0.000,0.000,,,,,NVIDIA A100-SXM4-40GB (0),1,,13,cupy_copy__complex64_complex64
2069069218,11360,19139,1434,1,1,128,1,1,16,0.000,0.000,,,,,NVIDIA A100-SXM4-40GB (0),1,,13,cupy_copy__complex64_complex64
2069111874,78207,19144,1,1,1,32,32,1,30,0.000,0.000,,,,,NVIDIA A100-SXM4-40GB (0),1,,13,"void convert_kernel<__half2, float2>(tensor_layout_any, T1 *, tensor_layout_any, const T2 *)"
2069429182,4160,19147,,,,,,,,,,0.061,14769.193,Pinned,Device,NVIDIA A100-SXM4-40GB (0),1,,13,[CUDA memcpy Host-to-Device]
2069439070,589272,19148,,,,,,,,,,456.520,774715.255,Device,,NVIDIA A100-SXM4-40GB (0),1,,13,[CUDA memset]
2070035286,32704,19153,,,,,,,,,,0.825,25236.543,Pinned,Device,NVIDIA A100-SXM4-40GB (0),1,,13,[CUDA memcpy Host-to-Device]
2070070806,6752,19154,,,,,,,,,,0.131,19412.287,Pinned,Device,NVIDIA A100-SXM4-40GB (0),1,,13,[CUDA memcpy Host-to-Device]
2070084534,6912,19155,69,4,1,48,1,1,76,0.002,0.000,,,,,NVIDIA A100-SXM4-40GB (0),1,,13,"void ch_est::windowedChEstPreNoDftSOfdmKernel<float, __half, float, (unsigned int)2, (unsigned int)1, (unsigned short)4>(ch_est::puschRxChEstStatDescr_t *, ch_est::puschRxChEstDynDescr_t *)"
2070092534,6368,19156,137,2,1,24,2,1,44,0.001,0.001,,,,,NVIDIA A100-SXM4-40GB (0),1,,13,"void ch_est::chEstFilterNoDftSOfdmDispatchKernel<float, __half, float, (unsigned int)2>(ch_est::puschRxChEstStatDescr_t *, ch_est::puschRxChEstDynDescr_t *)"
2070099894,4575,19157,137,2,1,24,2,1,44,0.001,0.001,,,,,NVIDIA A100-SXM4-40GB (0),1,,13,"void ch_est::chEstFilterNoDftSOfdmDispatchKernel<float, __half, float, (unsigned int)2>(ch_est::puschRxChEstStatDescr_t *, ch_est::puschRxChEstDynDescr_t *)"
2070105557,2592,19168,103,1,1,128,1,1,16,0.000,0.000,,,,,NVIDIA A100-SXM4-40GB (0),1,,13,cupy_copy__complex64_complex64
2070109365,12832,19178,1434,1,1,128,1,1,16,0.000,0.000,,,,,NVIDIA A100-SXM4-40GB (0),1,,13,cupy_copy__complex64_complex64
2070123445,2144,19185,103,1,1,128,1,1,16,0.000,0.000,,,,,NVIDIA A100-SXM4-40GB (0),1,,13,cupy_copy__complex64_complex64
2070126645,78111,19192,1,1,1,32,32,1,30,0.000,0.000,,,,,NVIDIA A100-SXM4-40GB (0),1,,13,"void convert_kernel<__half2, float2>(tensor_layout_any, T1 *, tensor_layout_any, const T2 *)"
2070235188,4192,19195,,,,,,,,,,0.061,14656.451,Pinned,Device,NVIDIA A100-SXM4-40GB (0),1,,13,[CUDA memcpy Host-to-Device]
2070250356,45151,19196,,,,,,,,,,35.801,792883.861,Device,,NVIDIA A100-SXM4-40GB (0),1,,13,[CUDA memset]
2070302675,1952,19198,,,,,,,,,,0.000,40.984,Pinned,Device,NVIDIA A100-SXM4-40GB (0),1,,13,[CUDA memcpy Host-to-Device]
2070307123,6752,19199,,,,,,,,,,0.131,19412.287,Pinned,Device,NVIDIA A100-SXM4-40GB (0),1,,13,[CUDA memcpy Host-to-Device]
2070320083,8736,19200,273,1,1,48,1,1,40,0.000,0.001,,,,,NVIDIA A100-SXM4-40GB (0),1,,13,"void pusch_noise_intf_est::noiseIntfEstNoDftSOfdmKernel<float, __half, float, float, (unsigned int)2, (unsigned int)1, (unsigned char)4, (unsigned char)4>(pusch_noise_intf_est::puschRxNoiseIntfEstDynDescr)"
2070329875,2688,19211,35,1,1,128,1,1,16,0.000,0.000,,,,,NVIDIA A100-SXM4-40GB (0),1,,13,cupy_copy__complex64_complex64
2070361490,1536,19220,1,1,1,1,1,1,18,0.000,0.000,,,,,NVIDIA A100-SXM4-40GB (0),1,,13,cupy_copy__float32_float32
2070394834,1920,19226,,,,,,,,,,0.000,2.083,Device,Pageable,NVIDIA A100-SXM4-40GB (0),1,,7,[CUDA memcpy Device-to-Host]
2070633583,13248,19237,1434,1,1,128,1,1,16,0.000,0.000,,,,,NVIDIA A100-SXM4-40GB (0),1,,13,cupy_copy__complex64_complex64
2070648111,2368,19244,103,1,1,128,1,1,16,0.000,0.000,,,,,NVIDIA A100-SXM4-40GB (0),1,,13,cupy_copy__complex64_complex64
2070651535,2016,19251,35,1,1,128,1,1,16,0.000,0.000,,,,,NVIDIA A100-SXM4-40GB (0),1,,13,cupy_copy__complex64_complex64
2070654671,1504,19258,1,1,1,1,1,1,18,0.000,0.000,,,,,NVIDIA A100-SXM4-40GB (0),1,,13,cupy_copy__float32_float32
2070785133,78207,19269,1,1,1,32,32,1,30,0.000,0.000,,,,,NVIDIA A100-SXM4-40GB (0),1,,13,"void convert_kernel<__half2, float2>(tensor_layout_any, T1 *, tensor_layout_any, const T2 *)"
2071029770,4128,19272,,,,,,,,,,0.061,14883.717,Pinned,Device,NVIDIA A100-SXM4-40GB (0),1,,13,[CUDA memcpy Host-to-Device]
2071038826,2560,19273,,,,,,,,,,1.547,604150.000,Device,,NVIDIA A100-SXM4-40GB (0),1,,13,[CUDA memset]
2071042698,2752,19278,,,,,,,,,,0.021,7651.161,Pinned,Device,NVIDIA A100-SXM4-40GB (0),1,,13,[CUDA memcpy Host-to-Device]
2071047914,6784,19279,,,,,,,,,,0.131,19320.668,Pinned,Device,NVIDIA A100-SXM4-40GB (0),1,,13,[CUDA memcpy Host-to-Device]
2071059818,5887,19280,273,1,1,8,4,1,39,0.002,0.000,,,,,NVIDIA A100-SXM4-40GB (0),1,,13,"void channel_eq::eqMmseCoefCompLowMimoKernel<float, float, float, (unsigned int)4, (unsigned int)1, (unsigned int)4>(const channel_eq::_puschRxChEqStatDescr *, channel_eq::_puschRxChEqCoefCompDynDescr)"
2071066985,4832,19281,273,1,1,12,11,1,40,0.002,0.000,,,,,NVIDIA A100-SXM4-40GB (0),1,,13,"void channel_eq::eqMmseSoftDemapKernel<float, __half, __half, float, (unsigned int)4, (unsigned short)16383>(channel_eq::_puschRxChEqStatDescr *, channel_eq::_puschRxChEqSoftDemapDynDescr)"
2071073129,281629,19282,1,1,1,32,32,1,30,0.000,0.000,,,,,NVIDIA A100-SXM4-40GB (0),1,,13,"void convert_kernel<float2, __half2>(tensor_layout_any, T1 *, tensor_layout_any, const T2 *)"
2071355750,10240,19294,2253,1,1,128,1,1,16,0.000,0.000,,,,,NVIDIA A100-SXM4-40GB (0),1,,13,cupy_copy__float16_float16
2071367174,2400,19303,282,1,1,128,1,1,16,0.000,0.000,,,,,NVIDIA A100-SXM4-40GB (0),1,,13,cupy_copy__complex64_complex64
2071370662,1760,19312,26,1,1,128,1,1,16,0.000,0.000,,,,,NVIDIA A100-SXM4-40GB (0),1,,13,cupy_copy__float32_float32
2071373638,2560,19321,103,1,1,128,1,1,16,0.000,0.000,,,,,NVIDIA A100-SXM4-40GB (0),1,,13,cupy_copy__complex64_complex64
2071377414,11327,19331,1434,1,1,128,1,1,16,0.000,0.000,,,,,NVIDIA A100-SXM4-40GB (0),1,,13,cupy_copy__complex64_complex64
2071535876,78655,19336,1,1,1,32,32,1,30,0.000,0.000,,,,,NVIDIA A100-SXM4-40GB (0),1,,13,"void convert_kernel<__half2, float2>(tensor_layout_any, T1 *, tensor_layout_any, const T2 *)"
2071645410,4128,19339,,,,,,,,,,0.061,14883.717,Pinned,Device,NVIDIA A100-SXM4-40GB (0),1,,13,[CUDA memcpy Host-to-Device]
2071656162,587321,19340,,,,,,,,,,456.520,776997.857,Device,,NVIDIA A100-SXM4-40GB (0),1,,13,[CUDA memset]
2072247867,32863,19345,,,,,,,,,,0.825,25114.393,Pinned,Device,NVIDIA A100-SXM4-40GB (0),1,,13,[CUDA memcpy Host-to-Device]
2072282874,6720,19346,,,,,,,,,,0.131,19504.693,Pinned,Device,NVIDIA A100-SXM4-40GB (0),1,,13,[CUDA memcpy Host-to-Device]
2072296378,7040,19347,69,4,1,48,1,1,76,0.002,0.000,,,,,NVIDIA A100-SXM4-40GB (0),1,,13,"void ch_est::windowedChEstPreNoDftSOfdmKernel<float, __half, float, (unsigned int)2, (unsigned int)1, (unsigned short)4>(ch_est::puschRxChEstStatDescr_t *, ch_est::puschRxChEstDynDescr_t *)"
2072304698,6016,19348,137,2,1,24,2,1,44,0.001,0.001,,,,,NVIDIA A100-SXM4-40GB (0),1,,13,"void ch_est::chEstFilterNoDftSOfdmDispatchKernel<float, __half, float, (unsigned int)2>(ch_est::puschRxChEstStatDescr_t *, ch_est::puschRxChEstDynDescr_t *)"
2072311770,4544,19349,137,2,1,24,2,1,44,0.001,0.001,,,,,NVIDIA A100-SXM4-40GB (0),1,,13,"void ch_est::chEstFilterNoDftSOfdmDispatchKernel<float, __half, float, (unsigned int)2>(ch_est::puschRxChEstStatDescr_t *, ch_est::puschRxChEstDynDescr_t *)"
2072317626,2208,19360,103,1,1,128,1,1,16,0.000,0.000,,,,,NVIDIA A100-SXM4-40GB (0),1,,13,cupy_copy__complex64_complex64
2072321018,12512,19370,1434,1,1,128,1,1,16,0.000,0.000,,,,,NVIDIA A100-SXM4-40GB (0),1,,13,cupy_copy__complex64_complex64
2072334714,2112,19377,103,1,1,128,1,1,16,0.000,0.000,,,,,NVIDIA A100-SXM4-40GB (0),1,,13,cupy_copy__complex64_complex64
2072337913,79295,19384,1,1,1,32,32,1,30,0.000,0.000,,,,,NVIDIA A100-SXM4-40GB (0),1,,13,"void convert_kernel<__half2, float2>(tensor_layout_any, T1 *, tensor_layout_any, const T2 *)"
2072444760,4160,19387,,,,,,,,,,0.061,14769.193,Pinned,Device,NVIDIA A100-SXM4-40GB (0),1,,13,[CUDA memcpy Host-to-Device]
2072456888,44607,19388,,,,,,,,,,35.801,802585.921,Device,,NVIDIA A100-SXM4-40GB (0),1,,13,[CUDA memset]
2072507959,1824,19390,,,,,,,,,,0.000,43.860,Pinned,Device,NVIDIA A100-SXM4-40GB (0),1,,13,[CUDA memcpy Host-to-Device]
2072512151,6752,19391,,,,,,,,,,0.131,19412.287,Pinned,Device,NVIDIA A100-SXM4-40GB (0),1,,13,[CUDA memcpy Host-to-Device]
2072524727,8512,19392,273,1,1,48,1,1,40,0.000,0.001,,,,,NVIDIA A100-SXM4-40GB (0),1,,13,"void pusch_noise_intf_est::noiseIntfEstNoDftSOfdmKernel<float, __half, float, float, (unsigned int)2, (unsigned int)1, (unsigned char)4, (unsigned char)4>(pusch_noise_intf_est::puschRxNoiseIntfEstDynDescr)"
2072534327,2528,19403,35,1,1,128,1,1,16,0.000,0.000,,,,,NVIDIA A100-SXM4-40GB (0),1,,13,cupy_copy__complex64_complex64
2072563063,1536,19412,1,1,1,1,1,1,18,0.000,0.000,,,,,NVIDIA A100-SXM4-40GB (0),1,,13,cupy_copy__float32_float32
2072596630,1920,19418,,,,,,,,,,0.000,2.083,Device,Pageable,NVIDIA A100-SXM4-40GB (0),1,,7,[CUDA memcpy Device-to-Host]
2072653590,13567,19429,1434,1,1,128,1,1,16,0.000,0.000,,,,,NVIDIA A100-SXM4-40GB (0),1,,13,cupy_copy__complex64_complex64
2072679893,2336,19436,103,1,1,128,1,1,16,0.000,0.000,,,,,NVIDIA A100-SXM4-40GB (0),1,,13,cupy_copy__complex64_complex64
2072700565,2016,19443,35,1,1,128,1,1,16,0.000,0.000,,,,,NVIDIA A100-SXM4-40GB (0),1,,13,cupy_copy__complex64_complex64
2072718741,1504,19450,1,1,1,1,1,1,18,0.000,0.000,,,,,NVIDIA A100-SXM4-40GB (0),1,,13,cupy_copy__float32_float32
2072860531,78911,19461,1,1,1,32,32,1,30,0.000,0.000,,,,,NVIDIA A100-SXM4-40GB (0),1,,13,"void convert_kernel<__half2, float2>(tensor_layout_any, T1 *, tensor_layout_any, const T2 *)"
2072967730,4224,19464,,,,,,,,,,0.061,14545.428,Pinned,Device,NVIDIA A100-SXM4-40GB (0),1,,13,[CUDA memcpy Host-to-Device]
2072981713,2528,19465,,,,,,,,,,1.547,611796.509,Device,,NVIDIA A100-SXM4-40GB (0),1,,13,[CUDA memset]
2072988113,2848,19470,,,,,,,,,,0.021,7393.246,Pinned,Device,NVIDIA A100-SXM4-40GB (0),1,,13,[CUDA memcpy Host-to-Device]
2072993393,6784,19471,,,,,,,,,,0.131,19320.668,Pinned,Device,NVIDIA A100-SXM4-40GB (0),1,,13,[CUDA memcpy Host-to-Device]
2073006385,5952,19472,273,1,1,8,4,1,39,0.002,0.000,,,,,NVIDIA A100-SXM4-40GB (0),1,,13,"void channel_eq::eqMmseCoefCompLowMimoKernel<float, float, float, (unsigned int)4, (unsigned int)1, (unsigned int)4>(const channel_eq::_puschRxChEqStatDescr *, channel_eq::_puschRxChEqCoefCompDynDescr)"
2073013489,4864,19473,273,1,1,12,11,1,40,0.002,0.000,,,,,NVIDIA A100-SXM4-40GB (0),1,,13,"void channel_eq::eqMmseSoftDemapKernel<float, __half, __half, float, (unsigned int)4, (unsigned short)16383>(channel_eq::_puschRxChEqStatDescr *, channel_eq::_puschRxChEqSoftDemapDynDescr)"
2073019601,281308,19474,1,1,1,32,32,1,30,0.000,0.000,,,,,NVIDIA A100-SXM4-40GB (0),1,,13,"void convert_kernel<float2, __half2>(tensor_layout_any, T1 *, tensor_layout_any, const T2 *)"
2073302029,10528,19486,2253,1,1,128,1,1,16,0.000,0.000,,,,,NVIDIA A100-SXM4-40GB (0),1,,13,cupy_copy__float16_float16
2073313805,2368,19495,282,1,1,128,1,1,16,0.000,0.000,,,,,NVIDIA A100-SXM4-40GB (0),1,,13,cupy_copy__complex64_complex64
2073317261,1760,19504,26,1,1,128,1,1,16,0.000,0.000,,,,,NVIDIA A100-SXM4-40GB (0),1,,13,cupy_copy__float32_float32
2073320269,2560,19513,103,1,1,128,1,1,16,0.000,0.000,,,,,NVIDIA A100-SXM4-40GB (0),1,,13,cupy_copy__complex64_complex64
2073374957,11231,19529,1434,1,1,128,1,1,16,0.000,0.000,,,,,NVIDIA A100-SXM4-40GB (0),1,,13,cupy_copy__complex64_complex64
2073489483,78335,19534,1,1,1,32,32,1,30,0.000,0.000,,,,,NVIDIA A100-SXM4-40GB (0),1,,13,"void convert_kernel<__half2, float2>(tensor_layout_any, T1 *, tensor_layout_any, const T2 *)"
2073594986,4160,19537,,,,,,,,,,0.061,14769.193,Pinned,Device,NVIDIA A100-SXM4-40GB (0),1,,13,[CUDA memcpy Host-to-Device]
2073605930,589112,19538,,,,,,,,,,456.520,774715.255,Device,,NVIDIA A100-SXM4-40GB (0),1,,13,[CUDA memset]
2074202018,32736,19543,,,,,,,,,,0.825,25211.783,Pinned,Device,NVIDIA A100-SXM4-40GB (0),1,,13,[CUDA memcpy Host-to-Device]
2074237538,6752,19544,,,,,,,,,,0.131,19412.287,Pinned,Device,NVIDIA A100-SXM4-40GB (0),1,,13,[CUDA memcpy Host-to-Device]
2074249122,7167,19545,69,4,1,48,1,1,76,0.002,0.000,,,,,NVIDIA A100-SXM4-40GB (0),1,,13,"void ch_est::windowedChEstPreNoDftSOfdmKernel<float, __half, float, (unsigned int)2, (unsigned int)1, (unsigned short)4>(ch_est::puschRxChEstStatDescr_t *, ch_est::puschRxChEstDynDescr_t *)"
2074257377,6112,19546,137,2,1,24,2,1,44,0.001,0.001,,,,,NVIDIA A100-SXM4-40GB (0),1,,13,"void ch_est::chEstFilterNoDftSOfdmDispatchKernel<float, __half, float, (unsigned int)2>(ch_est::puschRxChEstStatDescr_t *, ch_est::puschRxChEstDynDescr_t *)"
2074264769,4576,19547,137,2,1,24,2,1,44,0.001,0.001,,,,,NVIDIA A100-SXM4-40GB (0),1,,13,"void ch_est::chEstFilterNoDftSOfdmDispatchKernel<float, __half, float, (unsigned int)2>(ch_est::puschRxChEstStatDescr_t *, ch_est::puschRxChEstDynDescr_t *)"
2074270657,2144,19558,103,1,1,128,1,1,16,0.000,0.000,,,,,NVIDIA A100-SXM4-40GB (0),1,,13,cupy_copy__complex64_complex64
2074273825,12352,19568,1434,1,1,128,1,1,16,0.000,0.000,,,,,NVIDIA A100-SXM4-40GB (0),1,,13,cupy_copy__complex64_complex64
2074287265,2112,19575,103,1,1,128,1,1,16,0.000,0.000,,,,,NVIDIA A100-SXM4-40GB (0),1,,13,cupy_copy__complex64_complex64
2074290433,78879,19582,1,1,1,32,32,1,30,0.000,0.000,,,,,NVIDIA A100-SXM4-40GB (0),1,,13,"void convert_kernel<__half2, float2>(tensor_layout_any, T1 *, tensor_layout_any, const T2 *)"
2074396448,4192,19585,,,,,,,,,,0.061,14656.451,Pinned,Device,NVIDIA A100-SXM4-40GB (0),1,,13,[CUDA memcpy Host-to-Device]
2074408288,44575,19586,,,,,,,,,,35.801,803158.737,Device,,NVIDIA A100-SXM4-40GB (0),1,,13,[CUDA memset]
2074460063,1856,19588,,,,,,,,,,0.000,43.103,Pinned,Device,NVIDIA A100-SXM4-40GB (0),1,,13,[CUDA memcpy Host-to-Device]
2074464415,6816,19589,,,,,,,,,,0.131,19229.966,Pinned,Device,NVIDIA A100-SXM4-40GB (0),1,,13,[CUDA memcpy Host-to-Device]
2074475391,8512,19590,273,1,1,48,1,1,40,0.000,0.001,,,,,NVIDIA A100-SXM4-40GB (0),1,,13,"void pusch_noise_intf_est::noiseIntfEstNoDftSOfdmKernel<float, __half, float, float, (unsigned int)2, (unsigned int)1, (unsigned char)4, (unsigned char)4>(pusch_noise_intf_est::puschRxNoiseIntfEstDynDescr)"
2074485023,2592,19601,35,1,1,128,1,1,16,0.000,0.000,,,,,NVIDIA A100-SXM4-40GB (0),1,,13,cupy_copy__complex64_complex64
2074513438,1504,19610,1,1,1,1,1,1,18,0.000,0.000,,,,,NVIDIA A100-SXM4-40GB (0),1,,13,cupy_copy__float32_float32
2074546174,1952,19616,,,,,,,,,,0.000,2.049,Device,Pageable,NVIDIA A100-SXM4-40GB (0),1,,7,[CUDA memcpy Device-to-Host]
2074603773,13024,19627,1434,1,1,128,1,1,16,0.000,0.000,,,,,NVIDIA A100-SXM4-40GB (0),1,,13,cupy_copy__complex64_complex64
2074629757,2368,19634,103,1,1,128,1,1,16,0.000,0.000,,,,,NVIDIA A100-SXM4-40GB (0),1,,13,cupy_copy__complex64_complex64
2074650109,1984,19641,35,1,1,128,1,1,16,0.000,0.000,,,,,NVIDIA A100-SXM4-40GB (0),1,,13,cupy_copy__complex64_complex64
2074667996,1504,19648,1,1,1,1,1,1,18,0.000,0.000,,,,,NVIDIA A100-SXM4-40GB (0),1,,13,cupy_copy__float32_float32
2074799195,78719,19659,1,1,1,32,32,1,30,0.000,0.000,,,,,NVIDIA A100-SXM4-40GB (0),1,,13,"void convert_kernel<__half2, float2>(tensor_layout_any, T1 *, tensor_layout_any, const T2 *)"
2075045464,4160,19662,,,,,,,,,,0.061,14769.193,Pinned,Device,NVIDIA A100-SXM4-40GB (0),1,,13,[CUDA memcpy Host-to-Device]
2075057847,2592,19663,,,,,,,,,,1.547,596690.632,Device,,NVIDIA A100-SXM4-40GB (0),1,,13,[CUDA memset]
2075066999,2816,19668,,,,,,,,,,0.021,7477.259,Pinned,Device,NVIDIA A100-SXM4-40GB (0),1,,13,[CUDA memcpy Host-to-Device]
2075072599,6816,19669,,,,,,,,,,0.131,19229.966,Pinned,Device,NVIDIA A100-SXM4-40GB (0),1,,13,[CUDA memcpy Host-to-Device]
2075084087,5984,19670,273,1,1,8,4,1,39,0.002,0.000,,,,,NVIDIA A100-SXM4-40GB (0),1,,13,"void channel_eq::eqMmseCoefCompLowMimoKernel<float, float, float, (unsigned int)4, (unsigned int)1, (unsigned int)4>(const channel_eq::_puschRxChEqStatDescr *, channel_eq::_puschRxChEqCoefCompDynDescr)"
2075091191,4864,19671,273,1,1,12,11,1,40,0.002,0.000,,,,,NVIDIA A100-SXM4-40GB (0),1,,13,"void channel_eq::eqMmseSoftDemapKernel<float, __half, __half, float, (unsigned int)4, (unsigned short)16383>(channel_eq::_puschRxChEqStatDescr *, channel_eq::_puschRxChEqSoftDemapDynDescr)"
2075097303,281244,19672,1,1,1,32,32,1,30,0.000,0.000,,,,,NVIDIA A100-SXM4-40GB (0),1,,13,"void convert_kernel<float2, __half2>(tensor_layout_any, T1 *, tensor_layout_any, const T2 *)"
2075379667,10176,19684,2253,1,1,128,1,1,16,0.000,0.000,,,,,NVIDIA A100-SXM4-40GB (0),1,,13,cupy_copy__float16_float16
2075391059,2368,19693,282,1,1,128,1,1,16,0.000,0.000,,,,,NVIDIA A100-SXM4-40GB (0),1,,13,cupy_copy__complex64_complex64
2075394515,1760,19702,26,1,1,128,1,1,16,0.000,0.000,,,,,NVIDIA A100-SXM4-40GB (0),1,,13,cupy_copy__float32_float32
2075397523,2528,19711,103,1,1,128,1,1,16,0.000,0.000,,,,,NVIDIA A100-SXM4-40GB (0),1,,13,cupy_copy__complex64_complex64
2075401299,11136,19721,1434,1,1,128,1,1,16,0.000,0.000,,,,,NVIDIA A100-SXM4-40GB (0),1,,13,cupy_copy__complex64_complex64
2075568817,79103,19726,1,1,1,32,32,1,30,0.000,0.000,,,,,NVIDIA A100-SXM4-40GB (0),1,,13,"void convert_kernel<__half2, float2>(tensor_layout_any, T1 *, tensor_layout_any, const T2 *)"
2075679120,4160,19729,,,,,,,,,,0.061,14769.193,Pinned,Device,NVIDIA A100-SXM4-40GB (0),1,,13,[CUDA memcpy Host-to-Device]
2075690159,588345,19730,,,,,,,,,,456.520,775628.296,Device,,NVIDIA A100-SXM4-40GB (0),1,,13,[CUDA memset]
2076280328,33312,19735,,,,,,,,,,0.825,24776.002,Pinned,Device,NVIDIA A100-SXM4-40GB (0),1,,13,[CUDA memcpy Host-to-Device]
2076316136,6752,19736,,,,,,,,,,0.131,19412.287,Pinned,Device,NVIDIA A100-SXM4-40GB (0),1,,13,[CUDA memcpy Host-to-Device]
2076328839,7232,19737,69,4,1,48,1,1,76,0.002,0.000,,,,,NVIDIA A100-SXM4-40GB (0),1,,13,"void ch_est::windowedChEstPreNoDftSOfdmKernel<float, __half, float, (unsigned int)2, (unsigned int)1, (unsigned short)4>(ch_est::puschRxChEstStatDescr_t *, ch_est::puschRxChEstDynDescr_t *)"
2076337319,6144,19738,137,2,1,24,2,1,44,0.001,0.001,,,,,NVIDIA A100-SXM4-40GB (0),1,,13,"void ch_est::chEstFilterNoDftSOfdmDispatchKernel<float, __half, float, (unsigned int)2>(ch_est::puschRxChEstStatDescr_t *, ch_est::puschRxChEstDynDescr_t *)"
2076344551,4576,19739,137,2,1,24,2,1,44,0.001,0.001,,,,,NVIDIA A100-SXM4-40GB (0),1,,13,"void ch_est::chEstFilterNoDftSOfdmDispatchKernel<float, __half, float, (unsigned int)2>(ch_est::puschRxChEstStatDescr_t *, ch_est::puschRxChEstDynDescr_t *)"
2076350407,2176,19750,103,1,1,128,1,1,16,0.000,0.000,,,,,NVIDIA A100-SXM4-40GB (0),1,,13,cupy_copy__complex64_complex64
2076353607,12384,19760,1434,1,1,128,1,1,16,0.000,0.000,,,,,NVIDIA A100-SXM4-40GB (0),1,,13,cupy_copy__complex64_complex64
2076367047,2112,19767,103,1,1,128,1,1,16,0.000,0.000,,,,,NVIDIA A100-SXM4-40GB (0),1,,13,cupy_copy__complex64_complex64
2076370471,77919,19774,1,1,1,32,32,1,30,0.000,0.000,,,,,NVIDIA A100-SXM4-40GB (0),1,,13,"void convert_kernel<__half2, float2>(tensor_layout_any, T1 *, tensor_layout_any, const T2 *)"
2076606788,4544,19777,,,,,,,,,,0.061,13521.101,Pinned,Device,NVIDIA A100-SXM4-40GB (0),1,,13,[CUDA memcpy Host-to-Device]
2076619012,45663,19778,,,,,,,,,,35.801,784005.223,Device,,NVIDIA A100-SXM4-40GB (0),1,,13,[CUDA memset]
2076670851,1856,19780,,,,,,,,,,0.000,43.103,Pinned,Device,NVIDIA A100-SXM4-40GB (0),1,,13,[CUDA memcpy Host-to-Device]
2076675523,6752,19781,,,,,,,,,,0.131,19412.287,Pinned,Device,NVIDIA A100-SXM4-40GB (0),1,,13,[CUDA memcpy Host-to-Device]
2076691747,8992,19782,273,1,1,48,1,1,40,0.000,0.001,,,,,NVIDIA A100-SXM4-40GB (0),1,,13,"void pusch_noise_intf_est::noiseIntfEstNoDftSOfdmKernel<float, __half, float, float, (unsigned int)2, (unsigned int)1, (unsigned char)4, (unsigned char)4>(pusch_noise_intf_est::puschRxNoiseIntfEstDynDescr)"
2076701795,2496,19793,35,1,1,128,1,1,16,0.000,0.000,,,,,NVIDIA A100-SXM4-40GB (0),1,,13,cupy_copy__complex64_complex64
2076709955,1536,19802,1,1,1,1,1,1,18,0.000,0.000,,,,,NVIDIA A100-SXM4-40GB (0),1,,13,cupy_copy__float32_float32
2076743074,1728,19808,,,,,,,,,,0.000,2.315,Device,Pageable,NVIDIA A100-SXM4-40GB (0),1,,7,[CUDA memcpy Device-to-Host]
2076808097,12992,19819,1434,1,1,128,1,1,16,0.000,0.000,,,,,NVIDIA A100-SXM4-40GB (0),1,,13,cupy_copy__complex64_complex64
2076834337,2368,19826,103,1,1,128,1,1,16,0.000,0.000,,,,,NVIDIA A100-SXM4-40GB (0),1,,13,cupy_copy__complex64_complex64
2076854497,2016,19833,35,1,1,128,1,1,16,0.000,0.000,,,,,NVIDIA A100-SXM4-40GB (0),1,,13,cupy_copy__complex64_complex64
2076872385,1504,19840,1,1,1,1,1,1,18,0.000,0.000,,,,,NVIDIA A100-SXM4-40GB (0),1,,13,cupy_copy__float32_float32
2077132957,78047,19851,1,1,1,32,32,1,30,0.000,0.000,,,,,NVIDIA A100-SXM4-40GB (0),1,,13,"void convert_kernel<__half2, float2>(tensor_layout_any, T1 *, tensor_layout_any, const T2 *)"
2077242876,4128,19854,,,,,,,,,,0.061,14883.717,Pinned,Device,NVIDIA A100-SXM4-40GB (0),1,,13,[CUDA memcpy Host-to-Device]
2077256924,2560,19855,,,,,,,,,,1.547,604150.000,Device,,NVIDIA A100-SXM4-40GB (0),1,,13,[CUDA memset]
2077267612,2464,19860,,,,,,,,,,0.021,8545.451,Pinned,Device,NVIDIA A100-SXM4-40GB (0),1,,13,[CUDA memcpy Host-to-Device]
2077280124,6847,19861,,,,,,,,,,0.131,19142.935,Pinned,Device,NVIDIA A100-SXM4-40GB (0),1,,13,[CUDA memcpy Host-to-Device]
2077294875,5856,19862,273,1,1,8,4,1,39,0.002,0.000,,,,,NVIDIA A100-SXM4-40GB (0),1,,13,"void channel_eq::eqMmseCoefCompLowMimoKernel<float, float, float, (unsigned int)4, (unsigned int)1, (unsigned int)4>(const channel_eq::_puschRxChEqStatDescr *, channel_eq::_puschRxChEqCoefCompDynDescr)"
2077301787,4864,19863,273,1,1,12,11,1,40,0.002,0.000,,,,,NVIDIA A100-SXM4-40GB (0),1,,13,"void channel_eq::eqMmseSoftDemapKernel<float, __half, __half, float, (unsigned int)4, (unsigned short)16383>(channel_eq::_puschRxChEqStatDescr *, channel_eq::_puschRxChEqSoftDemapDynDescr)"
2077307899,281533,19864,1,1,1,32,32,1,30,0.000,0.000,,,,,NVIDIA A100-SXM4-40GB (0),1,,13,"void convert_kernel<float2, __half2>(tensor_layout_any, T1 *, tensor_layout_any, const T2 *)"
2077590616,10432,19876,2253,1,1,128,1,1,16,0.000,0.000,,,,,NVIDIA A100-SXM4-40GB (0),1,,13,cupy_copy__float16_float16
2077602072,2400,19885,282,1,1,128,1,1,16,0.000,0.000,,,,,NVIDIA A100-SXM4-40GB (0),1,,13,cupy_copy__complex64_complex64
2077605688,1759,19894,26,1,1,128,1,1,16,0.000,0.000,,,,,NVIDIA A100-SXM4-40GB (0),1,,13,cupy_copy__float32_float32
2077608695,2528,19903,103,1,1,128,1,1,16,0.000,0.000,,,,,NVIDIA A100-SXM4-40GB (0),1,,13,cupy_copy__complex64_complex64
2077612471,11200,19913,1434,1,1,128,1,1,16,0.000,0.000,,,,,NVIDIA A100-SXM4-40GB (0),1,,13,cupy_copy__complex64_complex64
2077636631,78687,19918,1,1,1,32,32,1,30,0.000,0.000,,,,,NVIDIA A100-SXM4-40GB (0),1,,13,"void convert_kernel<__half2, float2>(tensor_layout_any, T1 *, tensor_layout_any, const T2 *)"
2077742902,4192,19921,,,,,,,,,,0.061,14656.451,Pinned,Device,NVIDIA A100-SXM4-40GB (0),1,,13,[CUDA memcpy Host-to-Device]
2077753174,587800,19922,,,,,,,,,,456.520,776541.336,Device,,NVIDIA A100-SXM4-40GB (0),1,,13,[CUDA memset]
2078345710,32704,19927,,,,,,,,,,0.825,25236.543,Pinned,Device,NVIDIA A100-SXM4-40GB (0),1,,13,[CUDA memcpy Host-to-Device]
2078381518,6848,19928,,,,,,,,,,0.131,19140.182,Pinned,Device,NVIDIA A100-SXM4-40GB (0),1,,13,[CUDA memcpy Host-to-Device]
2078399726,7135,19929,69,4,1,48,1,1,76,0.002,0.000,,,,,NVIDIA A100-SXM4-40GB (0),1,,13,"void ch_est::windowedChEstPreNoDftSOfdmKernel<float, __half, float, (unsigned int)2, (unsigned int)1, (unsigned short)4>(ch_est::puschRxChEstStatDescr_t *, ch_est::puschRxChEstDynDescr_t *)"
2078408077,6080,19930,137,2,1,24,2,1,44,0.001,0.001,,,,,NVIDIA A100-SXM4-40GB (0),1,,13,"void ch_est::chEstFilterNoDftSOfdmDispatchKernel<float, __half, float, (unsigned int)2>(ch_est::puschRxChEstStatDescr_t *, ch_est::puschRxChEstDynDescr_t *)"
2078415181,4544,19931,137,2,1,24,2,1,44,0.001,0.001,,,,,NVIDIA A100-SXM4-40GB (0),1,,13,"void ch_est::chEstFilterNoDftSOfdmDispatchKernel<float, __half, float, (unsigned int)2>(ch_est::puschRxChEstStatDescr_t *, ch_est::puschRxChEstDynDescr_t *)"
2078420813,2176,19942,103,1,1,128,1,1,16,0.000,0.000,,,,,NVIDIA A100-SXM4-40GB (0),1,,13,cupy_copy__complex64_complex64
2078423981,12448,19952,1434,1,1,128,1,1,16,0.000,0.000,,,,,NVIDIA A100-SXM4-40GB (0),1,,13,cupy_copy__complex64_complex64
2078437421,2144,19959,103,1,1,128,1,1,16,0.000,0.000,,,,,NVIDIA A100-SXM4-40GB (0),1,,13,cupy_copy__complex64_complex64
2078440621,77983,19966,1,1,1,32,32,1,30,0.000,0.000,,,,,NVIDIA A100-SXM4-40GB (0),1,,13,"void convert_kernel<__half2, float2>(tensor_layout_any, T1 *, tensor_layout_any, const T2 *)"
2078549868,4256,19969,,,,,,,,,,0.061,14436.065,Pinned,Device,NVIDIA A100-SXM4-40GB (0),1,,13,[CUDA memcpy Host-to-Device]
2078562540,44607,19970,,,,,,,,,,35.801,802585.921,Device,,NVIDIA A100-SXM4-40GB (0),1,,13,[CUDA memset]
2078615019,1856,19972,,,,,,,,,,0.000,43.103,Pinned,Device,NVIDIA A100-SXM4-40GB (0),1,,13,[CUDA memcpy Host-to-Device]
2078619531,6848,19973,,,,,,,,,,0.131,19140.182,Pinned,Device,NVIDIA A100-SXM4-40GB (0),1,,13,[CUDA memcpy Host-to-Device]
2078631051,8544,19974,273,1,1,48,1,1,40,0.000,0.001,,,,,NVIDIA A100-SXM4-40GB (0),1,,13,"void pusch_noise_intf_est::noiseIntfEstNoDftSOfdmKernel<float, __half, float, float, (unsigned int)2, (unsigned int)1, (unsigned char)4, (unsigned char)4>(pusch_noise_intf_est::puschRxNoiseIntfEstDynDescr)"
2078640651,2592,19985,35,1,1,128,1,1,16,0.000,0.000,,,,,NVIDIA A100-SXM4-40GB (0),1,,13,cupy_copy__complex64_complex64
2078669194,1536,19994,1,1,1,1,1,1,18,0.000,0.000,,,,,NVIDIA A100-SXM4-40GB (0),1,,13,cupy_copy__float32_float32
2078701770,1728,20000,,,,,,,,,,0.000,2.315,Device,Pageable,NVIDIA A100-SXM4-40GB (0),1,,7,[CUDA memcpy Device-to-Host]
2078758377,13536,20011,1434,1,1,128,1,1,16,0.000,0.000,,,,,NVIDIA A100-SXM4-40GB (0),1,,13,cupy_copy__complex64_complex64
2078784553,2336,20018,103,1,1,128,1,1,16,0.000,0.000,,,,,NVIDIA A100-SXM4-40GB (0),1,,13,cupy_copy__complex64_complex64
2078804712,2016,20025,35,1,1,128,1,1,16,0.000,0.000,,,,,NVIDIA A100-SXM4-40GB (0),1,,13,cupy_copy__complex64_complex64
2078823688,1504,20032,1,1,1,1,1,1,18,0.000,0.000,,,,,NVIDIA A100-SXM4-40GB (0),1,,13,cupy_copy__float32_float32
2078953255,78367,20043,1,1,1,32,32,1,30,0.000,0.000,,,,,NVIDIA A100-SXM4-40GB (0),1,,13,"void convert_kernel<__half2, float2>(tensor_layout_any, T1 *, tensor_layout_any, const T2 *)"
2079058565,4160,20046,,,,,,,,,,0.061,14769.193,Pinned,Device,NVIDIA A100-SXM4-40GB (0),1,,13,[CUDA memcpy Host-to-Device]
2079075685,2560,20047,,,,,,,,,,1.547,604150.000,Device,,NVIDIA A100-SXM4-40GB (0),1,,13,[CUDA memset]
2079081829,2752,20052,,,,,,,,,,0.021,7651.161,Pinned,Device,NVIDIA A100-SXM4-40GB (0),1,,13,[CUDA memcpy Host-to-Device]
2079086725,7456,20053,,,,,,,,,,0.131,17579.377,Pinned,Device,NVIDIA A100-SXM4-40GB (0),1,,13,[CUDA memcpy Host-to-Device]
2079098533,5920,20054,273,1,1,8,4,1,39,0.002,0.000,,,,,NVIDIA A100-SXM4-40GB (0),1,,13,"void channel_eq::eqMmseCoefCompLowMimoKernel<float, float, float, (unsigned int)4, (unsigned int)1, (unsigned int)4>(const channel_eq::_puschRxChEqStatDescr *, channel_eq::_puschRxChEqCoefCompDynDescr)"
2079105733,4800,20055,273,1,1,12,11,1,40,0.002,0.000,,,,,NVIDIA A100-SXM4-40GB (0),1,,13,"void channel_eq::eqMmseSoftDemapKernel<float, __half, __half, float, (unsigned int)4, (unsigned short)16383>(channel_eq::_puschRxChEqStatDescr *, channel_eq::_puschRxChEqSoftDemapDynDescr)"
2079111621,281372,20056,1,1,1,32,32,1,30,0.000,0.000,,,,,NVIDIA A100-SXM4-40GB (0),1,,13,"void convert_kernel<float2, __half2>(tensor_layout_any, T1 *, tensor_layout_any, const T2 *)"
2079394209,10656,20068,2253,1,1,128,1,1,16,0.000,0.000,,,,,NVIDIA A100-SXM4-40GB (0),1,,13,cupy_copy__float16_float16
2079405921,2368,20077,282,1,1,128,1,1,16,0.000,0.000,,,,,NVIDIA A100-SXM4-40GB (0),1,,13,cupy_copy__complex64_complex64
2079409377,1792,20086,26,1,1,128,1,1,16,0.000,0.000,,,,,NVIDIA A100-SXM4-40GB (0),1,,13,cupy_copy__float32_float32
2079412161,2560,20095,103,1,1,128,1,1,16,0.000,0.000,,,,,NVIDIA A100-SXM4-40GB (0),1,,13,cupy_copy__complex64_complex64
2079415937,11328,20105,1434,1,1,128,1,1,16,0.000,0.000,,,,,NVIDIA A100-SXM4-40GB (0),1,,13,cupy_copy__complex64_complex64
2079448288,78687,20110,1,1,1,32,32,1,30,0.000,0.000,,,,,NVIDIA A100-SXM4-40GB (0),1,,13,"void convert_kernel<__half2, float2>(tensor_layout_any, T1 *, tensor_layout_any, const T2 *)"
2079554015,4096,20113,,,,,,,,,,0.061,14999.962,Pinned,Device,NVIDIA A100-SXM4-40GB (0),1,,13,[CUDA memcpy Host-to-Device]
2079564543,587993,20114,,,,,,,,,,456.520,776084.816,Device,,NVIDIA A100-SXM4-40GB (0),1,,13,[CUDA memset]
2080160599,32896,20119,,,,,,,,,,0.825,25088.807,Pinned,Device,NVIDIA A100-SXM4-40GB (0),1,,13,[CUDA memcpy Host-to-Device]
2080195671,6752,20120,,,,,,,,,,0.131,19412.287,Pinned,Device,NVIDIA A100-SXM4-40GB (0),1,,13,[CUDA memcpy Host-to-Device]
2080206679,7168,20121,69,4,1,48,1,1,76,0.002,0.000,,,,,NVIDIA A100-SXM4-40GB (0),1,,13,"void ch_est::windowedChEstPreNoDftSOfdmKernel<float, __half, float, (unsigned int)2, (unsigned int)1, (unsigned short)4>(ch_est::puschRxChEstStatDescr_t *, ch_est::puschRxChEstDynDescr_t *)"
2080215159,6080,20122,137,2,1,24,2,1,44,0.001,0.001,,,,,NVIDIA A100-SXM4-40GB (0),1,,13,"void ch_est::chEstFilterNoDftSOfdmDispatchKernel<float, __half, float, (unsigned int)2>(ch_est::puschRxChEstStatDescr_t *, ch_est::puschRxChEstDynDescr_t *)"
2080222231,4608,20123,137,2,1,24,2,1,44,0.001,0.001,,,,,NVIDIA A100-SXM4-40GB (0),1,,13,"void ch_est::chEstFilterNoDftSOfdmDispatchKernel<float, __half, float, (unsigned int)2>(ch_est::puschRxChEstStatDescr_t *, ch_est::puschRxChEstDynDescr_t *)"
2080228119,2176,20134,103,1,1,128,1,1,16,0.000,0.000,,,,,NVIDIA A100-SXM4-40GB (0),1,,13,cupy_copy__complex64_complex64
2080231479,12639,20144,1434,1,1,128,1,1,16,0.000,0.000,,,,,NVIDIA A100-SXM4-40GB (0),1,,13,cupy_copy__complex64_complex64
2080245334,2112,20151,103,1,1,128,1,1,16,0.000,0.000,,,,,NVIDIA A100-SXM4-40GB (0),1,,13,cupy_copy__complex64_complex64
2080248534,78943,20158,1,1,1,32,32,1,30,0.000,0.000,,,,,NVIDIA A100-SXM4-40GB (0),1,,13,"void convert_kernel<__half2, float2>(tensor_layout_any, T1 *, tensor_layout_any, const T2 *)"
2080495219,4256,20161,,,,,,,,,,0.061,14436.065,Pinned,Device,NVIDIA A100-SXM4-40GB (0),1,,13,[CUDA memcpy Host-to-Device]
2080505043,46208,20162,,,,,,,,,,35.801,774768.575,Device,,NVIDIA A100-SXM4-40GB (0),1,,13,[CUDA memset]
2080559954,2208,20164,,,,,,,,,,0.000,36.232,Pinned,Device,NVIDIA A100-SXM4-40GB (0),1,,13,[CUDA memcpy Host-to-Device]
2080564658,6848,20165,,,,,,,,,,0.131,19140.182,Pinned,Device,NVIDIA A100-SXM4-40GB (0),1,,13,[CUDA memcpy Host-to-Device]
2080579410,8864,20166,273,1,1,48,1,1,40,0.000,0.001,,,,,NVIDIA A100-SXM4-40GB (0),1,,13,"void pusch_noise_intf_est::noiseIntfEstNoDftSOfdmKernel<float, __half, float, float, (unsigned int)2, (unsigned int)1, (unsigned char)4, (unsigned char)4>(pusch_noise_intf_est::puschRxNoiseIntfEstDynDescr)"
2080589266,2560,20177,35,1,1,128,1,1,16,0.000,0.000,,,,,NVIDIA A100-SXM4-40GB (0),1,,13,cupy_copy__complex64_complex64
2080599026,1536,20186,1,1,1,1,1,1,18,0.000,0.000,,,,,NVIDIA A100-SXM4-40GB (0),1,,13,cupy_copy__float32_float32
2080632306,1728,20192,,,,,,,,,,0.000,2.315,Device,Pageable,NVIDIA A100-SXM4-40GB (0),1,,7,[CUDA memcpy Device-to-Host]
2080689137,13152,20203,1434,1,1,128,1,1,16,0.000,0.000,,,,,NVIDIA A100-SXM4-40GB (0),1,,13,cupy_copy__complex64_complex64
2080715153,2368,20210,103,1,1,128,1,1,16,0.000,0.000,,,,,NVIDIA A100-SXM4-40GB (0),1,,13,cupy_copy__complex64_complex64
2080735120,2016,20217,35,1,1,128,1,1,16,0.000,0.000,,,,,NVIDIA A100-SXM4-40GB (0),1,,13,cupy_copy__complex64_complex64
2080752816,1504,20224,1,1,1,1,1,1,18,0.000,0.000,,,,,NVIDIA A100-SXM4-40GB (0),1,,13,cupy_copy__float32_float32
2081031437,78431,20235,1,1,1,32,32,1,30,0.000,0.000,,,,,NVIDIA A100-SXM4-40GB (0),1,,13,"void convert_kernel<__half2, float2>(tensor_layout_any, T1 *, tensor_layout_any, const T2 *)"
2081142187,4608,20238,,,,,,,,,,0.061,13333.279,Pinned,Device,NVIDIA A100-SXM4-40GB (0),1,,13,[CUDA memcpy Host-to-Device]
2081157131,2560,20239,,,,,,,,,,1.547,604150.000,Device,,NVIDIA A100-SXM4-40GB (0),1,,13,[CUDA memset]
2081163307,2752,20244,,,,,,,,,,0.021,7651.161,Pinned,Device,NVIDIA A100-SXM4-40GB (0),1,,13,[CUDA memcpy Host-to-Device]
2081168523,6848,20245,,,,,,,,,,0.131,19140.182,Pinned,Device,NVIDIA A100-SXM4-40GB (0),1,,13,[CUDA memcpy Host-to-Device]
2081180043,5888,20246,273,1,1,8,4,1,39,0.002,0.000,,,,,NVIDIA A100-SXM4-40GB (0),1,,13,"void channel_eq::eqMmseCoefCompLowMimoKernel<float, float, float, (unsigned int)4, (unsigned int)1, (unsigned int)4>(const channel_eq::_puschRxChEqStatDescr *, channel_eq::_puschRxChEqCoefCompDynDescr)"
2081187211,4864,20247,273,1,1,12,11,1,40,0.002,0.000,,,,,NVIDIA A100-SXM4-40GB (0),1,,13,"void channel_eq::eqMmseSoftDemapKernel<float, __half, __half, float, (unsigned int)4, (unsigned short)16383>(channel_eq::_puschRxChEqStatDescr *, channel_eq::_puschRxChEqSoftDemapDynDescr)"
2081193355,281212,20248,1,1,1,32,32,1,30,0.000,0.000,,,,,NVIDIA A100-SXM4-40GB (0),1,,13,"void convert_kernel<float2, __half2>(tensor_layout_any, T1 *, tensor_layout_any, const T2 *)"
2081475719,10304,20260,2253,1,1,128,1,1,16,0.000,0.000,,,,,NVIDIA A100-SXM4-40GB (0),1,,13,cupy_copy__float16_float16
2081487239,2368,20269,282,1,1,128,1,1,16,0.000,0.000,,,,,NVIDIA A100-SXM4-40GB (0),1,,13,cupy_copy__complex64_complex64
2081490663,1792,20278,26,1,1,128,1,1,16,0.000,0.000,,,,,NVIDIA A100-SXM4-40GB (0),1,,13,cupy_copy__float32_float32
2081493671,2560,20287,103,1,1,128,1,1,16,0.000,0.000,,,,,NVIDIA A100-SXM4-40GB (0),1,,13,cupy_copy__complex64_complex64
2081497223,11232,20297,1434,1,1,128,1,1,16,0.000,0.000,,,,,NVIDIA A100-SXM4-40GB (0),1,,13,cupy_copy__complex64_complex64
2081534246,79103,20302,1,1,1,32,32,1,30,0.000,0.000,,,,,NVIDIA A100-SXM4-40GB (0),1,,13,"void convert_kernel<__half2, float2>(tensor_layout_any, T1 *, tensor_layout_any, const T2 *)"
2081772547,4352,20305,,,,,,,,,,0.061,14117.622,Pinned,Device,NVIDIA A100-SXM4-40GB (0),1,,13,[CUDA memcpy Host-to-Device]
2081780067,590105,20306,,,,,,,,,,456.520,773345.693,Device,,NVIDIA A100-SXM4-40GB (0),1,,13,[CUDA memset]
2082377372,32799,20311,,,,,,,,,,0.825,25163.088,Pinned,Device,NVIDIA A100-SXM4-40GB (0),1,,13,[CUDA memcpy Host-to-Device]
2082413115,6848,20312,,,,,,,,,,0.131,19140.182,Pinned,Device,NVIDIA A100-SXM4-40GB (0),1,,13,[CUDA memcpy Host-to-Device]
2082423899,7840,20313,69,4,1,48,1,1,76,0.002,0.000,,,,,NVIDIA A100-SXM4-40GB (0),1,,13,"void ch_est::windowedChEstPreNoDftSOfdmKernel<float, __half, float, (unsigned int)2, (unsigned int)1, (unsigned short)4>(ch_est::puschRxChEstStatDescr_t *, ch_est::puschRxChEstDynDescr_t *)"
2082433051,6336,20314,137,2,1,24,2,1,44,0.001,0.001,,,,,NVIDIA A100-SXM4-40GB (0),1,,13,"void ch_est::chEstFilterNoDftSOfdmDispatchKernel<float, __half, float, (unsigned int)2>(ch_est::puschRxChEstStatDescr_t *, ch_est::puschRxChEstDynDescr_t *)"
2082440411,4608,20315,137,2,1,24,2,1,44,0.001,0.001,,,,,NVIDIA A100-SXM4-40GB (0),1,,13,"void ch_est::chEstFilterNoDftSOfdmDispatchKernel<float, __half, float, (unsigned int)2>(ch_est::puschRxChEstStatDescr_t *, ch_est::puschRxChEstDynDescr_t *)"
2082446267,2144,20326,103,1,1,128,1,1,16,0.000,0.000,,,,,NVIDIA A100-SXM4-40GB (0),1,,13,cupy_copy__complex64_complex64
2082449435,12864,20336,1434,1,1,128,1,1,16,0.000,0.000,,,,,NVIDIA A100-SXM4-40GB (0),1,,13,cupy_copy__complex64_complex64
2082463547,2112,20343,103,1,1,128,1,1,16,0.000,0.000,,,,,NVIDIA A100-SXM4-40GB (0),1,,13,cupy_copy__complex64_complex64
2082466715,78655,20350,1,1,1,32,32,1,30,0.000,0.000,,,,,NVIDIA A100-SXM4-40GB (0),1,,13,"void convert_kernel<__half2, float2>(tensor_layout_any, T1 *, tensor_layout_any, const T2 *)"
2082576089,4192,20353,,,,,,,,,,0.061,14656.451,Pinned,Device,NVIDIA A100-SXM4-40GB (0),1,,13,[CUDA memcpy Host-to-Device]
2082588633,44320,20354,,,,,,,,,,35.801,807777.060,Device,,NVIDIA A100-SXM4-40GB (0),1,,13,[CUDA memset]
2082640696,1856,20356,,,,,,,,,,0.000,43.103,Pinned,Device,NVIDIA A100-SXM4-40GB (0),1,,13,[CUDA memcpy Host-to-Device]
2082644664,6784,20357,,,,,,,,,,0.131,19320.668,Pinned,Device,NVIDIA A100-SXM4-40GB (0),1,,13,[CUDA memcpy Host-to-Device]
2082657080,8160,20358,273,1,1,48,1,1,40,0.000,0.001,,,,,NVIDIA A100-SXM4-40GB (0),1,,13,"void pusch_noise_intf_est::noiseIntfEstNoDftSOfdmKernel<float, __half, float, float, (unsigned int)2, (unsigned int)1, (unsigned char)4, (unsigned char)4>(pusch_noise_intf_est::puschRxNoiseIntfEstDynDescr)"
2082666328,2624,20369,35,1,1,128,1,1,16,0.000,0.000,,,,,NVIDIA A100-SXM4-40GB (0),1,,13,cupy_copy__complex64_complex64
2082698040,1536,20378,1,1,1,1,1,1,18,0.000,0.000,,,,,NVIDIA A100-SXM4-40GB (0),1,,13,cupy_copy__float32_float32
2082733687,1696,20384,,,,,,,,,,0.000,2.358,Device,Pageable,NVIDIA A100-SXM4-40GB (0),1,,7,[CUDA memcpy Device-to-Host]
2082791031,14399,20395,1434,1,1,128,1,1,16,0.000,0.000,,,,,NVIDIA A100-SXM4-40GB (0),1,,13,cupy_copy__complex64_complex64
2082817910,2368,20402,103,1,1,128,1,1,16,0.000,0.000,,,,,NVIDIA A100-SXM4-40GB (0),1,,13,cupy_copy__complex64_complex64
2082838070,1984,20409,35,1,1,128,1,1,16,0.000,0.000,,,,,NVIDIA A100-SXM4-40GB (0),1,,13,cupy_copy__complex64_complex64
2082856502,1472,20416,1,1,1,1,1,1,18,0.000,0.000,,,,,NVIDIA A100-SXM4-40GB (0),1,,13,cupy_copy__float32_float32
2082989940,78751,20427,1,1,1,32,32,1,30,0.000,0.000,,,,,NVIDIA A100-SXM4-40GB (0),1,,13,"void convert_kernel<__half2, float2>(tensor_layout_any, T1 *, tensor_layout_any, const T2 *)"
2083096915,4160,20430,,,,,,,,,,0.061,14769.193,Pinned,Device,NVIDIA A100-SXM4-40GB (0),1,,13,[CUDA memcpy Host-to-Device]
2083110835,2528,20431,,,,,,,,,,1.547,611796.509,Device,,NVIDIA A100-SXM4-40GB (0),1,,13,[CUDA memset]
2083117074,2784,20436,,,,,,,,,,0.021,7563.210,Pinned,Device,NVIDIA A100-SXM4-40GB (0),1,,13,[CUDA memcpy Host-to-Device]
2083122002,6848,20437,,,,,,,,,,0.131,19140.182,Pinned,Device,NVIDIA A100-SXM4-40GB (0),1,,13,[CUDA memcpy Host-to-Device]
2083133938,5888,20438,273,1,1,8,4,1,39,0.002,0.000,,,,,NVIDIA A100-SXM4-40GB (0),1,,13,"void channel_eq::eqMmseCoefCompLowMimoKernel<float, float, float, (unsigned int)4, (unsigned int)1, (unsigned int)4>(const channel_eq::_puschRxChEqStatDescr *, channel_eq::_puschRxChEqCoefCompDynDescr)"
2083141106,4832,20439,273,1,1,12,11,1,40,0.002,0.000,,,,,NVIDIA A100-SXM4-40GB (0),1,,13,"void channel_eq::eqMmseSoftDemapKernel<float, __half, __half, float, (unsigned int)4, (unsigned short)16383>(channel_eq::_puschRxChEqStatDescr *, channel_eq::_puschRxChEqSoftDemapDynDescr)"
2083147186,281341,20440,1,1,1,32,32,1,30,0.000,0.000,,,,,NVIDIA A100-SXM4-40GB (0),1,,13,"void convert_kernel<float2, __half2>(tensor_layout_any, T1 *, tensor_layout_any, const T2 *)"
2083429583,10143,20452,2253,1,1,128,1,1,16,0.000,0.000,,,,,NVIDIA A100-SXM4-40GB (0),1,,13,cupy_copy__float16_float16
2083440974,2400,20461,282,1,1,128,1,1,16,0.000,0.000,,,,,NVIDIA A100-SXM4-40GB (0),1,,13,cupy_copy__complex64_complex64
2083444430,1760,20470,26,1,1,128,1,1,16,0.000,0.000,,,,,NVIDIA A100-SXM4-40GB (0),1,,13,cupy_copy__float32_float32
2083447374,2528,20479,103,1,1,128,1,1,16,0.000,0.000,,,,,NVIDIA A100-SXM4-40GB (0),1,,13,cupy_copy__complex64_complex64
2083451150,11200,20489,1434,1,1,128,1,1,16,0.000,0.000,,,,,NVIDIA A100-SXM4-40GB (0),1,,13,cupy_copy__complex64_complex64
2083484846,78495,20494,1,1,1,32,32,1,30,0.000,0.000,,,,,NVIDIA A100-SXM4-40GB (0),1,,13,"void convert_kernel<__half2, float2>(tensor_layout_any, T1 *, tensor_layout_any, const T2 *)"
2083592557,4159,20497,,,,,,,,,,0.061,14772.756,Pinned,Device,NVIDIA A100-SXM4-40GB (0),1,,13,[CUDA memcpy Host-to-Device]
2083604716,587929,20498,,,,,,,,,,456.520,776084.816,Device,,NVIDIA A100-SXM4-40GB (0),1,,13,[CUDA memset]
2084195749,32832,20503,,,,,,,,,,0.825,25138.328,Pinned,Device,NVIDIA A100-SXM4-40GB (0),1,,13,[CUDA memcpy Host-to-Device]
2084230693,7039,20504,,,,,,,,,,0.131,18620.744,Pinned,Device,NVIDIA A100-SXM4-40GB (0),1,,13,[CUDA memcpy Host-to-Device]
2084245284,7168,20505,69,4,1,48,1,1,76,0.002,0.000,,,,,NVIDIA A100-SXM4-40GB (0),1,,13,"void ch_est::windowedChEstPreNoDftSOfdmKernel<float, __half, float, (unsigned int)2, (unsigned int)1, (unsigned short)4>(ch_est::puschRxChEstStatDescr_t *, ch_est::puschRxChEstDynDescr_t *)"
2084253508,6048,20506,137,2,1,24,2,1,44,0.001,0.001,,,,,NVIDIA A100-SXM4-40GB (0),1,,13,"void ch_est::chEstFilterNoDftSOfdmDispatchKernel<float, __half, float, (unsigned int)2>(ch_est::puschRxChEstStatDescr_t *, ch_est::puschRxChEstDynDescr_t *)"
2084260836,4576,20507,137,2,1,24,2,1,44,0.001,0.001,,,,,NVIDIA A100-SXM4-40GB (0),1,,13,"void ch_est::chEstFilterNoDftSOfdmDispatchKernel<float, __half, float, (unsigned int)2>(ch_est::puschRxChEstStatDescr_t *, ch_est::puschRxChEstDynDescr_t *)"
2084266692,2176,20518,103,1,1,128,1,1,16,0.000,0.000,,,,,NVIDIA A100-SXM4-40GB (0),1,,13,cupy_copy__complex64_complex64
2084269860,12672,20528,1434,1,1,128,1,1,16,0.000,0.000,,,,,NVIDIA A100-SXM4-40GB (0),1,,13,cupy_copy__complex64_complex64
2084283780,2112,20535,103,1,1,128,1,1,16,0.000,0.000,,,,,NVIDIA A100-SXM4-40GB (0),1,,13,cupy_copy__complex64_complex64
2084287204,78495,20542,1,1,1,32,32,1,30,0.000,0.000,,,,,NVIDIA A100-SXM4-40GB (0),1,,13,"void convert_kernel<__half2, float2>(tensor_layout_any, T1 *, tensor_layout_any, const T2 *)"
2084392674,4384,20545,,,,,,,,,,0.061,14014.587,Pinned,Device,NVIDIA A100-SXM4-40GB (0),1,,13,[CUDA memcpy Host-to-Device]
2084404834,44448,20546,,,,,,,,,,35.801,805449.998,Device,,NVIDIA A100-SXM4-40GB (0),1,,13,[CUDA memset]
2084456226,1952,20548,,,,,,,,,,0.000,40.984,Pinned,Device,NVIDIA A100-SXM4-40GB (0),1,,13,[CUDA memcpy Host-to-Device]
2084460290,6720,20549,,,,,,,,,,0.131,19504.693,Pinned,Device,NVIDIA A100-SXM4-40GB (0),1,,13,[CUDA memcpy Host-to-Device]
2084472609,8448,20550,273,1,1,48,1,1,40,0.000,0.001,,,,,NVIDIA A100-SXM4-40GB (0),1,,13,"void pusch_noise_intf_est::noiseIntfEstNoDftSOfdmKernel<float, __half, float, float, (unsigned int)2, (unsigned int)1, (unsigned char)4, (unsigned char)4>(pusch_noise_intf_est::puschRxNoiseIntfEstDynDescr)"
2084482177,2560,20561,35,1,1,128,1,1,16,0.000,0.000,,,,,NVIDIA A100-SXM4-40GB (0),1,,13,cupy_copy__complex64_complex64
2084509345,1536,20570,1,1,1,1,1,1,18,0.000,0.000,,,,,NVIDIA A100-SXM4-40GB (0),1,,13,cupy_copy__float32_float32
2084541953,2080,20576,,,,,,,,,,0.000,1.923,Device,Pageable,NVIDIA A100-SXM4-40GB (0),1,,7,[CUDA memcpy Device-to-Host]
2084599296,13984,20587,1434,1,1,128,1,1,16,0.000,0.000,,,,,NVIDIA A100-SXM4-40GB (0),1,,13,cupy_copy__complex64_complex64
2084626208,2368,20594,103,1,1,128,1,1,16,0.000,0.000,,,,,NVIDIA A100-SXM4-40GB (0),1,,13,cupy_copy__complex64_complex64
2084646431,2016,20601,35,1,1,128,1,1,16,0.000,0.000,,,,,NVIDIA A100-SXM4-40GB (0),1,,13,cupy_copy__complex64_complex64
2084667839,1504,20608,1,1,1,1,1,1,18,0.000,0.000,,,,,NVIDIA A100-SXM4-40GB (0),1,,13,cupy_copy__float32_float32
2084809405,78815,20619,1,1,1,32,32,1,30,0.000,0.000,,,,,NVIDIA A100-SXM4-40GB (0),1,,13,"void convert_kernel<__half2, float2>(tensor_layout_any, T1 *, tensor_layout_any, const T2 *)"
2084916412,4160,20622,,,,,,,,,,0.061,14769.193,Pinned,Device,NVIDIA A100-SXM4-40GB (0),1,,13,[CUDA memcpy Host-to-Device]
2084930268,2560,20623,,,,,,,,,,1.547,604150.000,Device,,NVIDIA A100-SXM4-40GB (0),1,,13,[CUDA memset]
2084936316,3136,20628,,,,,,,,,,0.021,6714.274,Pinned,Device,NVIDIA A100-SXM4-40GB (0),1,,13,[CUDA memcpy Host-to-Device]
2084941564,6848,20629,,,,,,,,,,0.131,19140.182,Pinned,Device,NVIDIA A100-SXM4-40GB (0),1,,13,[CUDA memcpy Host-to-Device]
2084952699,5984,20630,273,1,1,8,4,1,39,0.002,0.000,,,,,NVIDIA A100-SXM4-40GB (0),1,,13,"void channel_eq::eqMmseCoefCompLowMimoKernel<float, float, float, (unsigned int)4, (unsigned int)1, (unsigned int)4>(const channel_eq::_puschRxChEqStatDescr *, channel_eq::_puschRxChEqCoefCompDynDescr)"
2084959995,4800,20631,273,1,1,12,11,1,40,0.002,0.000,,,,,NVIDIA A100-SXM4-40GB (0),1,,13,"void channel_eq::eqMmseSoftDemapKernel<float, __half, __half, float, (unsigned int)4, (unsigned short)16383>(channel_eq::_puschRxChEqStatDescr *, channel_eq::_puschRxChEqSoftDemapDynDescr)"
2084965787,281917,20632,1,1,1,32,32,1,30,0.000,0.000,,,,,NVIDIA A100-SXM4-40GB (0),1,,13,"void convert_kernel<float2, __half2>(tensor_layout_any, T1 *, tensor_layout_any, const T2 *)"
2085248792,10336,20644,2253,1,1,128,1,1,16,0.000,0.000,,,,,NVIDIA A100-SXM4-40GB (0),1,,13,cupy_copy__float16_float16
2085260344,2400,20653,282,1,1,128,1,1,16,0.000,0.000,,,,,NVIDIA A100-SXM4-40GB (0),1,,13,cupy_copy__complex64_complex64
2085263992,1760,20662,26,1,1,128,1,1,16,0.000,0.000,,,,,NVIDIA A100-SXM4-40GB (0),1,,13,cupy_copy__float32_float32
2085267000,2560,20671,103,1,1,128,1,1,16,0.000,0.000,,,,,NVIDIA A100-SXM4-40GB (0),1,,13,cupy_copy__complex64_complex64
2085270743,11200,20681,1434,1,1,128,1,1,16,0.000,0.000,,,,,NVIDIA A100-SXM4-40GB (0),1,,13,cupy_copy__complex64_complex64
2085301623,78463,20686,1,1,1,32,32,1,30,0.000,0.000,,,,,NVIDIA A100-SXM4-40GB (0),1,,13,"void convert_kernel<__half2, float2>(tensor_layout_any, T1 *, tensor_layout_any, const T2 *)"
2085557268,4160,20689,,,,,,,,,,0.061,14769.193,Pinned,Device,NVIDIA A100-SXM4-40GB (0),1,,13,[CUDA memcpy Host-to-Device]
2085565620,589528,20690,,,,,,,,,,456.520,774258.734,Device,,NVIDIA A100-SXM4-40GB (0),1,,13,[CUDA memset]
2086157580,32896,20695,,,,,,,,,,0.825,25088.807,Pinned,Device,NVIDIA A100-SXM4-40GB (0),1,,13,[CUDA memcpy Host-to-Device]
2086192588,6816,20696,,,,,,,,,,0.131,19229.966,Pinned,Device,NVIDIA A100-SXM4-40GB (0),1,,13,[CUDA memcpy Host-to-Device]
2086209676,7168,20697,69,4,1,48,1,1,76,0.002,0.000,,,,,NVIDIA A100-SXM4-40GB (0),1,,13,"void ch_est::windowedChEstPreNoDftSOfdmKernel<float, __half, float, (unsigned int)2, (unsigned int)1, (unsigned short)4>(ch_est::puschRxChEstStatDescr_t *, ch_est::puschRxChEstDynDescr_t *)"
2086217932,6336,20698,137,2,1,24,2,1,44,0.001,0.001,,,,,NVIDIA A100-SXM4-40GB (0),1,,13,"void ch_est::chEstFilterNoDftSOfdmDispatchKernel<float, __half, float, (unsigned int)2>(ch_est::puschRxChEstStatDescr_t *, ch_est::puschRxChEstDynDescr_t *)"
2086225580,4607,20699,137,2,1,24,2,1,44,0.001,0.001,,,,,NVIDIA A100-SXM4-40GB (0),1,,13,"void ch_est::chEstFilterNoDftSOfdmDispatchKernel<float, __half, float, (unsigned int)2>(ch_est::puschRxChEstStatDescr_t *, ch_est::puschRxChEstDynDescr_t *)"
2086231275,2592,20710,103,1,1,128,1,1,16,0.000,0.000,,,,,NVIDIA A100-SXM4-40GB (0),1,,13,cupy_copy__complex64_complex64
2086235051,12800,20720,1434,1,1,128,1,1,16,0.000,0.000,,,,,NVIDIA A100-SXM4-40GB (0),1,,13,cupy_copy__complex64_complex64
2086249131,2144,20727,103,1,1,128,1,1,16,0.000,0.000,,,,,NVIDIA A100-SXM4-40GB (0),1,,13,cupy_copy__complex64_complex64
2086252331,79007,20734,1,1,1,32,32,1,30,0.000,0.000,,,,,NVIDIA A100-SXM4-40GB (0),1,,13,"void convert_kernel<__half2, float2>(tensor_layout_any, T1 *, tensor_layout_any, const T2 *)"
2086362346,4288,20737,,,,,,,,,,0.061,14328.300,Pinned,Device,NVIDIA A100-SXM4-40GB (0),1,,13,[CUDA memcpy Host-to-Device]
2086375146,44639,20738,,,,,,,,,,35.801,801977.305,Device,,NVIDIA A100-SXM4-40GB (0),1,,13,[CUDA memset]
2086426697,1856,20740,,,,,,,,,,0.000,43.103,Pinned,Device,NVIDIA A100-SXM4-40GB (0),1,,13,[CUDA memcpy Host-to-Device]
2086430665,7072,20741,,,,,,,,,,0.131,18533.843,Pinned,Device,NVIDIA A100-SXM4-40GB (0),1,,13,[CUDA memcpy Host-to-Device]
2086443753,8736,20742,273,1,1,48,1,1,40,0.000,0.001,,,,,NVIDIA A100-SXM4-40GB (0),1,,13,"void pusch_noise_intf_est::noiseIntfEstNoDftSOfdmKernel<float, __half, float, float, (unsigned int)2, (unsigned int)1, (unsigned char)4, (unsigned char)4>(pusch_noise_intf_est::puschRxNoiseIntfEstDynDescr)"
2086453673,2560,20753,35,1,1,128,1,1,16,0.000,0.000,,,,,NVIDIA A100-SXM4-40GB (0),1,,13,cupy_copy__complex64_complex64
2086485672,1504,20762,1,1,1,1,1,1,18,0.000,0.000,,,,,NVIDIA A100-SXM4-40GB (0),1,,13,cupy_copy__float32_float32
2086519208,1696,20768,,,,,,,,,,0.000,2.358,Device,Pageable,NVIDIA A100-SXM4-40GB (0),1,,7,[CUDA memcpy Device-to-Host]
2086575911,13024,20779,1434,1,1,128,1,1,16,0.000,0.000,,,,,NVIDIA A100-SXM4-40GB (0),1,,13,cupy_copy__complex64_complex64
2086601575,2368,20786,103,1,1,128,1,1,16,0.000,0.000,,,,,NVIDIA A100-SXM4-40GB (0),1,,13,cupy_copy__complex64_complex64
2086625735,1983,20793,35,1,1,128,1,1,16,0.000,0.000,,,,,NVIDIA A100-SXM4-40GB (0),1,,13,cupy_copy__complex64_complex64
2086643846,1472,20800,1,1,1,1,1,1,18,0.000,0.000,,,,,NVIDIA A100-SXM4-40GB (0),1,,13,cupy_copy__float32_float32
2086777253,79039,20811,1,1,1,32,32,1,30,0.000,0.000,,,,,NVIDIA A100-SXM4-40GB (0),1,,13,"void convert_kernel<__half2, float2>(tensor_layout_any, T1 *, tensor_layout_any, const T2 *)"
2087024226,4287,20814,,,,,,,,,,0.061,14331.679,Pinned,Device,NVIDIA A100-SXM4-40GB (0),1,,13,[CUDA memcpy Host-to-Device]
2087034401,2592,20815,,,,,,,,,,1.547,596690.632,Device,,NVIDIA A100-SXM4-40GB (0),1,,13,[CUDA memset]
2087037377,2752,20820,,,,,,,,,,0.021,7651.161,Pinned,Device,NVIDIA A100-SXM4-40GB (0),1,,13,[CUDA memcpy Host-to-Device]
2087042241,6752,20821,,,,,,,,,,0.131,19412.287,Pinned,Device,NVIDIA A100-SXM4-40GB (0),1,,13,[CUDA memcpy Host-to-Device]
2087052737,5888,20822,273,1,1,8,4,1,39,0.002,0.000,,,,,NVIDIA A100-SXM4-40GB (0),1,,13,"void channel_eq::eqMmseCoefCompLowMimoKernel<float, float, float, (unsigned int)4, (unsigned int)1, (unsigned int)4>(const channel_eq::_puschRxChEqStatDescr *, channel_eq::_puschRxChEqCoefCompDynDescr)"
2087059937,4800,20823,273,1,1,12,11,1,40,0.002,0.000,,,,,NVIDIA A100-SXM4-40GB (0),1,,13,"void channel_eq::eqMmseSoftDemapKernel<float, __half, __half, float, (unsigned int)4, (unsigned short)16383>(channel_eq::_puschRxChEqStatDescr *, channel_eq::_puschRxChEqSoftDemapDynDescr)"
2087065793,281628,20824,1,1,1,32,32,1,30,0.000,0.000,,,,,NVIDIA A100-SXM4-40GB (0),1,,13,"void convert_kernel<float2, __half2>(tensor_layout_any, T1 *, tensor_layout_any, const T2 *)"
2087348541,10240,20836,2253,1,1,128,1,1,16,0.000,0.000,,,,,NVIDIA A100-SXM4-40GB (0),1,,13,cupy_copy__float16_float16
2087359965,2368,20845,282,1,1,128,1,1,16,0.000,0.000,,,,,NVIDIA A100-SXM4-40GB (0),1,,13,cupy_copy__complex64_complex64
2087363421,1792,20854,26,1,1,128,1,1,16,0.000,0.000,,,,,NVIDIA A100-SXM4-40GB (0),1,,13,cupy_copy__float32_float32
2087366461,2496,20863,103,1,1,128,1,1,16,0.000,0.000,,,,,NVIDIA A100-SXM4-40GB (0),1,,13,cupy_copy__complex64_complex64
2087370205,11264,20873,1434,1,1,128,1,1,16,0.000,0.000,,,,,NVIDIA A100-SXM4-40GB (0),1,,13,cupy_copy__complex64_complex64
2087525147,79231,20878,1,1,1,32,32,1,30,0.000,0.000,,,,,NVIDIA A100-SXM4-40GB (0),1,,13,"void convert_kernel<__half2, float2>(tensor_layout_any, T1 *, tensor_layout_any, const T2 *)"
2087635482,4640,20881,,,,,,,,,,0.061,13241.364,Pinned,Device,NVIDIA A100-SXM4-40GB (0),1,,13,[CUDA memcpy Host-to-Device]
2087646874,588568,20882,,,,,,,,,,456.520,775628.296,Device,,NVIDIA A100-SXM4-40GB (0),1,,13,[CUDA memset]
2088238450,32672,20887,,,,,,,,,,0.825,25261.304,Pinned,Device,NVIDIA A100-SXM4-40GB (0),1,,13,[CUDA memcpy Host-to-Device]
2088273234,7040,20888,,,,,,,,,,0.131,18618.122,Pinned,Device,NVIDIA A100-SXM4-40GB (0),1,,13,[CUDA memcpy Host-to-Device]
2088290418,7008,20889,69,4,1,48,1,1,76,0.002,0.000,,,,,NVIDIA A100-SXM4-40GB (0),1,,13,"void ch_est::windowedChEstPreNoDftSOfdmKernel<float, __half, float, (unsigned int)2, (unsigned int)1, (unsigned short)4>(ch_est::puschRxChEstStatDescr_t *, ch_est::puschRxChEstDynDescr_t *)"
2088298738,6207,20890,137,2,1,24,2,1,44,0.001,0.001,,,,,NVIDIA A100-SXM4-40GB (0),1,,13,"void ch_est::chEstFilterNoDftSOfdmDispatchKernel<float, __half, float, (unsigned int)2>(ch_est::puschRxChEstStatDescr_t *, ch_est::puschRxChEstDynDescr_t *)"
2088306161,4544,20891,137,2,1,24,2,1,44,0.001,0.001,,,,,NVIDIA A100-SXM4-40GB (0),1,,13,"void ch_est::chEstFilterNoDftSOfdmDispatchKernel<float, __half, float, (unsigned int)2>(ch_est::puschRxChEstStatDescr_t *, ch_est::puschRxChEstDynDescr_t *)"
2088312017,2176,20902,103,1,1,128,1,1,16,0.000,0.000,,,,,NVIDIA A100-SXM4-40GB (0),1,,13,cupy_copy__complex64_complex64
2088315441,12544,20912,1434,1,1,128,1,1,16,0.000,0.000,,,,,NVIDIA A100-SXM4-40GB (0),1,,13,cupy_copy__complex64_complex64
2088329169,2144,20919,103,1,1,128,1,1,16,0.000,0.000,,,,,NVIDIA A100-SXM4-40GB (0),1,,13,cupy_copy__complex64_complex64
2088332369,77983,20926,1,1,1,32,32,1,30,0.000,0.000,,,,,NVIDIA A100-SXM4-40GB (0),1,,13,"void convert_kernel<__half2, float2>(tensor_layout_any, T1 *, tensor_layout_any, const T2 *)"
2088437808,4160,20929,,,,,,,,,,0.061,14769.193,Pinned,Device,NVIDIA A100-SXM4-40GB (0),1,,13,[CUDA memcpy Host-to-Device]
2088450192,45247,20930,,,,,,,,,,35.801,791201.216,Device,,NVIDIA A100-SXM4-40GB (0),1,,13,[CUDA memset]
2088500975,1856,20932,,,,,,,,,,0.000,43.103,Pinned,Device,NVIDIA A100-SXM4-40GB (0),1,,13,[CUDA memcpy Host-to-Device]
2088505295,6784,20933,,,,,,,,,,0.131,19320.668,Pinned,Device,NVIDIA A100-SXM4-40GB (0),1,,13,[CUDA memcpy Host-to-Device]
2088516623,8672,20934,273,1,1,48,1,1,40,0.000,0.001,,,,,NVIDIA A100-SXM4-40GB (0),1,,13,"void pusch_noise_intf_est::noiseIntfEstNoDftSOfdmKernel<float, __half, float, float, (unsigned int)2, (unsigned int)1, (unsigned char)4, (unsigned char)4>(pusch_noise_intf_est::puschRxNoiseIntfEstDynDescr)"
2088526543,2560,20945,35,1,1,128,1,1,16,0.000,0.000,,,,,NVIDIA A100-SXM4-40GB (0),1,,13,cupy_copy__complex64_complex64
2088556750,1536,20954,1,1,1,1,1,1,18,0.000,0.000,,,,,NVIDIA A100-SXM4-40GB (0),1,,13,cupy_copy__float32_float32
2088589998,1728,20960,,,,,,,,,,0.000,2.315,Device,Pageable,NVIDIA A100-SXM4-40GB (0),1,,7,[CUDA memcpy Device-to-Host]
2088647597,13120,20971,1434,1,1,128,1,1,16,0.000,0.000,,,,,NVIDIA A100-SXM4-40GB (0),1,,13,cupy_copy__complex64_complex64
2088677741,2336,20978,103,1,1,128,1,1,16,0.000,0.000,,,,,NVIDIA A100-SXM4-40GB (0),1,,13,cupy_copy__complex64_complex64
2088698893,2016,20985,35,1,1,128,1,1,16,0.000,0.000,,,,,NVIDIA A100-SXM4-40GB (0),1,,13,cupy_copy__complex64_complex64
2088717068,1472,20992,1,1,1,1,1,1,18,0.000,0.000,,,,,NVIDIA A100-SXM4-40GB (0),1,,13,cupy_copy__float32_float32
2088856523,78463,21003,1,1,1,32,32,1,30,0.000,0.000,,,,,NVIDIA A100-SXM4-40GB (0),1,,13,"void convert_kernel<__half2, float2>(tensor_layout_any, T1 *, tensor_layout_any, const T2 *)"
2088962505,4288,21006,,,,,,,,,,0.061,14328.300,Pinned,Device,NVIDIA A100-SXM4-40GB (0),1,,13,[CUDA memcpy Host-to-Device]
2088976905,2560,21007,,,,,,,,,,1.547,604150.000,Device,,NVIDIA A100-SXM4-40GB (0),1,,13,[CUDA memset]
2088982889,2720,21012,,,,,,,,,,0.021,7741.175,Pinned,Device,NVIDIA A100-SXM4-40GB (0),1,,13,[CUDA memcpy Host-to-Device]
2088988393,6784,21013,,,,,,,,,,0.131,19320.668,Pinned,Device,NVIDIA A100-SXM4-40GB (0),1,,13,[CUDA memcpy Host-to-Device]
2088999401,5984,21014,273,1,1,8,4,1,39,0.002,0.000,,,,,NVIDIA A100-SXM4-40GB (0),1,,13,"void channel_eq::eqMmseCoefCompLowMimoKernel<float, float, float, (unsigned int)4, (unsigned int)1, (unsigned int)4>(const channel_eq::_puschRxChEqStatDescr *, channel_eq::_puschRxChEqCoefCompDynDescr)"
2089006569,4960,21015,273,1,1,12,11,1,40,0.002,0.000,,,,,NVIDIA A100-SXM4-40GB (0),1,,13,"void channel_eq::eqMmseSoftDemapKernel<float, __half, __half, float, (unsigned int)4, (unsigned short)16383>(channel_eq::_puschRxChEqStatDescr *, channel_eq::_puschRxChEqSoftDemapDynDescr)"
2089012713,281404,21016,1,1,1,32,32,1,30,0.000,0.000,,,,,NVIDIA A100-SXM4-40GB (0),1,,13,"void convert_kernel<float2, __half2>(tensor_layout_any, T1 *, tensor_layout_any, const T2 *)"
2089295141,10336,21028,2253,1,1,128,1,1,16,0.000,0.000,,,,,NVIDIA A100-SXM4-40GB (0),1,,13,cupy_copy__float16_float16
2089306693,2368,21037,282,1,1,128,1,1,16,0.000,0.000,,,,,NVIDIA A100-SXM4-40GB (0),1,,13,cupy_copy__complex64_complex64
2089310117,1760,21046,26,1,1,128,1,1,16,0.000,0.000,,,,,NVIDIA A100-SXM4-40GB (0),1,,13,cupy_copy__float32_float32
2089313189,2560,21055,103,1,1,128,1,1,16,0.000,0.000,,,,,NVIDIA A100-SXM4-40GB (0),1,,13,cupy_copy__complex64_complex64
2089317029,11200,21065,1434,1,1,128,1,1,16,0.000,0.000,,,,,NVIDIA A100-SXM4-40GB (0),1,,13,cupy_copy__complex64_complex64
2089345988,77919,21070,1,1,1,32,32,1,30,0.000,0.000,,,,,NVIDIA A100-SXM4-40GB (0),1,,13,"void convert_kernel<__half2, float2>(tensor_layout_any, T1 *, tensor_layout_any, const T2 *)"
2089453123,4160,21073,,,,,,,,,,0.061,14769.193,Pinned,Device,NVIDIA A100-SXM4-40GB (0),1,,13,[CUDA memcpy Host-to-Device]
2089464483,588601,21074,,,,,,,,,,456.520,775171.775,Device,,NVIDIA A100-SXM4-40GB (0),1,,13,[CUDA memset]
2090055004,32671,21079,,,,,,,,,,0.825,25262.129,Pinned,Device,NVIDIA A100-SXM4-40GB (0),1,,13,[CUDA memcpy Host-to-Device]
2090089819,6752,21080,,,,,,,,,,0.131,19412.287,Pinned,Device,NVIDIA A100-SXM4-40GB (0),1,,13,[CUDA memcpy Host-to-Device]
2090107995,7296,21081,69,4,1,48,1,1,76,0.002,0.000,,,,,NVIDIA A100-SXM4-40GB (0),1,,13,"void ch_est::windowedChEstPreNoDftSOfdmKernel<float, __half, float, (unsigned int)2, (unsigned int)1, (unsigned short)4>(ch_est::puschRxChEstStatDescr_t *, ch_est::puschRxChEstDynDescr_t *)"
2090116507,6368,21082,137,2,1,24,2,1,44,0.001,0.001,,,,,NVIDIA A100-SXM4-40GB (0),1,,13,"void ch_est::chEstFilterNoDftSOfdmDispatchKernel<float, __half, float, (unsigned int)2>(ch_est::puschRxChEstStatDescr_t *, ch_est::puschRxChEstDynDescr_t *)"
2090124155,4544,21083,137,2,1,24,2,1,44,0.001,0.001,,,,,NVIDIA A100-SXM4-40GB (0),1,,13,"void ch_est::chEstFilterNoDftSOfdmDispatchKernel<float, __half, float, (unsigned int)2>(ch_est::puschRxChEstStatDescr_t *, ch_est::puschRxChEstDynDescr_t *)"
2090130043,2144,21094,103,1,1,128,1,1,16,0.000,0.000,,,,,NVIDIA A100-SXM4-40GB (0),1,,13,cupy_copy__complex64_complex64
2090133211,12351,21104,1434,1,1,128,1,1,16,0.000,0.000,,,,,NVIDIA A100-SXM4-40GB (0),1,,13,cupy_copy__complex64_complex64
2090146810,2144,21111,103,1,1,128,1,1,16,0.000,0.000,,,,,NVIDIA A100-SXM4-40GB (0),1,,13,cupy_copy__complex64_complex64
2090150010,78431,21118,1,1,1,32,32,1,30,0.000,0.000,,,,,NVIDIA A100-SXM4-40GB (0),1,,13,"void convert_kernel<__half2, float2>(tensor_layout_any, T1 *, tensor_layout_any, const T2 *)"
2090255481,4160,21121,,,,,,,,,,0.061,14769.193,Pinned,Device,NVIDIA A100-SXM4-40GB (0),1,,13,[CUDA memcpy Host-to-Device]
2090267577,44543,21122,,,,,,,,,,35.801,803731.552,Device,,NVIDIA A100-SXM4-40GB (0),1,,13,[CUDA memset]
2090320216,1952,21124,,,,,,,,,,0.000,40.984,Pinned,Device,NVIDIA A100-SXM4-40GB (0),1,,13,[CUDA memcpy Host-to-Device]
2090324280,6752,21125,,,,,,,,,,0.131,19412.287,Pinned,Device,NVIDIA A100-SXM4-40GB (0),1,,13,[CUDA memcpy Host-to-Device]
2090335224,8576,21126,273,1,1,48,1,1,40,0.000,0.001,,,,,NVIDIA A100-SXM4-40GB (0),1,,13,"void pusch_noise_intf_est::noiseIntfEstNoDftSOfdmKernel<float, __half, float, float, (unsigned int)2, (unsigned int)1, (unsigned char)4, (unsigned char)4>(pusch_noise_intf_est::puschRxNoiseIntfEstDynDescr)"
2090344824,2688,21137,35,1,1,128,1,1,16,0.000,0.000,,,,,NVIDIA A100-SXM4-40GB (0),1,,13,cupy_copy__complex64_complex64
2090371704,1504,21146,1,1,1,1,1,1,18,0.000,0.000,,,,,NVIDIA A100-SXM4-40GB (0),1,,13,cupy_copy__float32_float32
2090404343,1664,21152,,,,,,,,,,0.000,2.404,Device,Pageable,NVIDIA A100-SXM4-40GB (0),1,,7,[CUDA memcpy Device-to-Host]
2090464214,13088,21163,1434,1,1,128,1,1,16,0.000,0.000,,,,,NVIDIA A100-SXM4-40GB (0),1,,13,cupy_copy__complex64_complex64
2090490102,2368,21170,103,1,1,128,1,1,16,0.000,0.000,,,,,NVIDIA A100-SXM4-40GB (0),1,,13,cupy_copy__complex64_complex64
2090510166,2016,21177,35,1,1,128,1,1,16,0.000,0.000,,,,,NVIDIA A100-SXM4-40GB (0),1,,13,cupy_copy__complex64_complex64
2090528374,1504,21184,1,1,1,1,1,1,18,0.000,0.000,,,,,NVIDIA A100-SXM4-40GB (0),1,,13,cupy_copy__float32_float32
2090659348,78079,21195,1,1,1,32,32,1,30,0.000,0.000,,,,,NVIDIA A100-SXM4-40GB (0),1,,13,"void convert_kernel<__half2, float2>(tensor_layout_any, T1 *, tensor_layout_any, const T2 *)"
2090906225,4800,21198,,,,,,,,,,0.061,12799.980,Pinned,Device,NVIDIA A100-SXM4-40GB (0),1,,13,[CUDA memcpy Host-to-Device]
2090915697,2592,21199,,,,,,,,,,1.547,596690.632,Device,,NVIDIA A100-SXM4-40GB (0),1,,13,[CUDA memset]
2090919313,3008,21204,,,,,,,,,,0.021,6999.983,Pinned,Device,NVIDIA A100-SXM4-40GB (0),1,,13,[CUDA memcpy Host-to-Device]
2090924433,7040,21205,,,,,,,,,,0.131,18618.122,Pinned,Device,NVIDIA A100-SXM4-40GB (0),1,,13,[CUDA memcpy Host-to-Device]
2090942576,5856,21206,273,1,1,8,4,1,39,0.002,0.000,,,,,NVIDIA A100-SXM4-40GB (0),1,,13,"void channel_eq::eqMmseCoefCompLowMimoKernel<float, float, float, (unsigned int)4, (unsigned int)1, (unsigned int)4>(const channel_eq::_puschRxChEqStatDescr *, channel_eq::_puschRxChEqCoefCompDynDescr)"
2090949744,4960,21207,273,1,1,12,11,1,40,0.002,0.000,,,,,NVIDIA A100-SXM4-40GB (0),1,,13,"void channel_eq::eqMmseSoftDemapKernel<float, __half, __half, float, (unsigned int)4, (unsigned short)16383>(channel_eq::_puschRxChEqStatDescr *, channel_eq::_puschRxChEqSoftDemapDynDescr)"
2090955792,281533,21208,1,1,1,32,32,1,30,0.000,0.000,,,,,NVIDIA A100-SXM4-40GB (0),1,,13,"void convert_kernel<float2, __half2>(tensor_layout_any, T1 *, tensor_layout_any, const T2 *)"
2091238445,10368,21220,2253,1,1,128,1,1,16,0.000,0.000,,,,,NVIDIA A100-SXM4-40GB (0),1,,13,cupy_copy__float16_float16
2091250093,2400,21229,282,1,1,128,1,1,16,0.000,0.000,,,,,NVIDIA A100-SXM4-40GB (0),1,,13,cupy_copy__complex64_complex64
2091253549,1760,21238,26,1,1,128,1,1,16,0.000,0.000,,,,,NVIDIA A100-SXM4-40GB (0),1,,13,cupy_copy__float32_float32
2091256493,2527,21247,103,1,1,128,1,1,16,0.000,0.000,,,,,NVIDIA A100-SXM4-40GB (0),1,,13,cupy_copy__complex64_complex64
2091260268,11264,21257,1434,1,1,128,1,1,16,0.000,0.000,,,,,NVIDIA A100-SXM4-40GB (0),1,,13,cupy_copy__complex64_complex64
2091473706,79519,21262,1,1,1,32,32,1,30,0.000,0.000,,,,,NVIDIA A100-SXM4-40GB (0),1,,13,"void convert_kernel<__half2, float2>(tensor_layout_any, T1 *, tensor_layout_any, const T2 *)"
2091584424,4800,21265,,,,,,,,,,0.061,12799.980,Pinned,Device,NVIDIA A100-SXM4-40GB (0),1,,13,[CUDA memcpy Host-to-Device]
2091595336,587225,21266,,,,,,,,,,456.520,776997.857,Device,,NVIDIA A100-SXM4-40GB (0),1,,13,[CUDA memset]
2092183969,32735,21271,,,,,,,,,,0.825,25212.609,Pinned,Device,NVIDIA A100-SXM4-40GB (0),1,,13,[CUDA memcpy Host-to-Device]
2092219552,6880,21272,,,,,,,,,,0.131,19051.053,Pinned,Device,NVIDIA A100-SXM4-40GB (0),1,,13,[CUDA memcpy Host-to-Device]
2092233408,7168,21273,69,4,1,48,1,1,76,0.002,0.000,,,,,NVIDIA A100-SXM4-40GB (0),1,,13,"void ch_est::windowedChEstPreNoDftSOfdmKernel<float, __half, float, (unsigned int)2, (unsigned int)1, (unsigned short)4>(ch_est::puschRxChEstStatDescr_t *, ch_est::puschRxChEstDynDescr_t *)"
2092241888,6144,21274,137,2,1,24,2,1,44,0.001,0.001,,,,,NVIDIA A100-SXM4-40GB (0),1,,13,"void ch_est::chEstFilterNoDftSOfdmDispatchKernel<float, __half, float, (unsigned int)2>(ch_est::puschRxChEstStatDescr_t *, ch_est::puschRxChEstDynDescr_t *)"
2092249152,4576,21275,137,2,1,24,2,1,44,0.001,0.001,,,,,NVIDIA A100-SXM4-40GB (0),1,,13,"void ch_est::chEstFilterNoDftSOfdmDispatchKernel<float, __half, float, (unsigned int)2>(ch_est::puschRxChEstStatDescr_t *, ch_est::puschRxChEstDynDescr_t *)"
2092255008,2176,21286,103,1,1,128,1,1,16,0.000,0.000,,,,,NVIDIA A100-SXM4-40GB (0),1,,13,cupy_copy__complex64_complex64
2092258144,12704,21296,1434,1,1,128,1,1,16,0.000,0.000,,,,,NVIDIA A100-SXM4-40GB (0),1,,13,cupy_copy__complex64_complex64
2092272032,2112,21303,103,1,1,128,1,1,16,0.000,0.000,,,,,NVIDIA A100-SXM4-40GB (0),1,,13,cupy_copy__complex64_complex64
2092275456,78655,21310,1,1,1,32,32,1,30,0.000,0.000,,,,,NVIDIA A100-SXM4-40GB (0),1,,13,"void convert_kernel<__half2, float2>(tensor_layout_any, T1 *, tensor_layout_any, const T2 *)"
2092517117,4128,21313,,,,,,,,,,0.061,14883.717,Pinned,Device,NVIDIA A100-SXM4-40GB (0),1,,13,[CUDA memcpy Host-to-Device]
2092528701,46079,21314,,,,,,,,,,35.801,776916.633,Device,,NVIDIA A100-SXM4-40GB (0),1,,13,[CUDA memset]
2092582588,1856,21316,,,,,,,,,,0.000,43.103,Pinned,Device,NVIDIA A100-SXM4-40GB (0),1,,13,[CUDA memcpy Host-to-Device]
2092586588,6720,21317,,,,,,,,,,0.131,19504.693,Pinned,Device,NVIDIA A100-SXM4-40GB (0),1,,13,[CUDA memcpy Host-to-Device]
2092601020,8864,21318,273,1,1,48,1,1,40,0.000,0.001,,,,,NVIDIA A100-SXM4-40GB (0),1,,13,"void pusch_noise_intf_est::noiseIntfEstNoDftSOfdmKernel<float, __half, float, float, (unsigned int)2, (unsigned int)1, (unsigned char)4, (unsigned char)4>(pusch_noise_intf_est::puschRxNoiseIntfEstDynDescr)"
2092610940,2528,21329,35,1,1,128,1,1,16,0.000,0.000,,,,,NVIDIA A100-SXM4-40GB (0),1,,13,cupy_copy__complex64_complex64
2092621371,1504,21338,1,1,1,1,1,1,18,0.000,0.000,,,,,NVIDIA A100-SXM4-40GB (0),1,,13,cupy_copy__float32_float32
2092657403,1696,21344,,,,,,,,,,0.000,2.358,Device,Pageable,NVIDIA A100-SXM4-40GB (0),1,,7,[CUDA memcpy Device-to-Host]
2092715834,13024,21355,1434,1,1,128,1,1,16,0.000,0.000,,,,,NVIDIA A100-SXM4-40GB (0),1,,13,cupy_copy__complex64_complex64
2092742138,2368,21362,103,1,1,128,1,1,16,0.000,0.000,,,,,NVIDIA A100-SXM4-40GB (0),1,,13,cupy_copy__complex64_complex64
2092762298,2016,21369,35,1,1,128,1,1,16,0.000,0.000,,,,,NVIDIA A100-SXM4-40GB (0),1,,13,cupy_copy__complex64_complex64
2093667406,1504,21376,1,1,1,1,1,1,18,0.000,0.000,,,,,NVIDIA A100-SXM4-40GB (0),1,,13,cupy_copy__float32_float32
2094138152,78783,21387,1,1,1,32,32,1,30,0.000,0.000,,,,,NVIDIA A100-SXM4-40GB (0),1,,13,"void convert_kernel<__half2, float2>(tensor_layout_any, T1 *, tensor_layout_any, const T2 *)"
2094251111,4128,21390,,,,,,,,,,0.061,14883.717,Pinned,Device,NVIDIA A100-SXM4-40GB (0),1,,13,[CUDA memcpy Host-to-Device]
2094268167,2560,21391,,,,,,,,,,1.547,604150.000,Device,,NVIDIA A100-SXM4-40GB (0),1,,13,[CUDA memset]
2094274343,2752,21396,,,,,,,,,,0.021,7651.161,Pinned,Device,NVIDIA A100-SXM4-40GB (0),1,,13,[CUDA memcpy Host-to-Device]
2094279591,6816,21397,,,,,,,,,,0.131,19229.966,Pinned,Device,NVIDIA A100-SXM4-40GB (0),1,,13,[CUDA memcpy Host-to-Device]
2094291590,5888,21398,273,1,1,8,4,1,39,0.002,0.000,,,,,NVIDIA A100-SXM4-40GB (0),1,,13,"void channel_eq::eqMmseCoefCompLowMimoKernel<float, float, float, (unsigned int)4, (unsigned int)1, (unsigned int)4>(const channel_eq::_puschRxChEqStatDescr *, channel_eq::_puschRxChEqCoefCompDynDescr)"
2094298502,4800,21399,273,1,1,12,11,1,40,0.002,0.000,,,,,NVIDIA A100-SXM4-40GB (0),1,,13,"void channel_eq::eqMmseSoftDemapKernel<float, __half, __half, float, (unsigned int)4, (unsigned short)16383>(channel_eq::_puschRxChEqStatDescr *, channel_eq::_puschRxChEqSoftDemapDynDescr)"
2094304294,281533,21400,1,1,1,32,32,1,30,0.000,0.000,,,,,NVIDIA A100-SXM4-40GB (0),1,,13,"void convert_kernel<float2, __half2>(tensor_layout_any, T1 *, tensor_layout_any, const T2 *)"
2094586947,10432,21412,2253,1,1,128,1,1,16,0.000,0.000,,,,,NVIDIA A100-SXM4-40GB (0),1,,13,cupy_copy__float16_float16
2094598403,2368,21421,282,1,1,128,1,1,16,0.000,0.000,,,,,NVIDIA A100-SXM4-40GB (0),1,,13,cupy_copy__complex64_complex64
2094602019,1760,21430,26,1,1,128,1,1,16,0.000,0.000,,,,,NVIDIA A100-SXM4-40GB (0),1,,13,cupy_copy__float32_float32
2094605027,2560,21439,103,1,1,128,1,1,16,0.000,0.000,,,,,NVIDIA A100-SXM4-40GB (0),1,,13,cupy_copy__complex64_complex64
2094671138,11136,21455,1434,1,1,128,1,1,16,0.000,0.000,,,,,NVIDIA A100-SXM4-40GB (0),1,,13,cupy_copy__complex64_complex64
2094798176,78591,21460,1,1,1,32,32,1,30,0.000,0.000,,,,,NVIDIA A100-SXM4-40GB (0),1,,13,"void convert_kernel<__half2, float2>(tensor_layout_any, T1 *, tensor_layout_any, const T2 *)"
2094906751,4128,21463,,,,,,,,,,0.061,14883.717,Pinned,Device,NVIDIA A100-SXM4-40GB (0),1,,13,[CUDA memcpy Host-to-Device]
2094917919,587320,21464,,,,,,,,,,456.520,776997.857,Device,,NVIDIA A100-SXM4-40GB (0),1,,13,[CUDA memset]
2095508759,32800,21469,,,,,,,,,,0.825,25162.263,Pinned,Device,NVIDIA A100-SXM4-40GB (0),1,,13,[CUDA memcpy Host-to-Device]
2095544311,6784,21470,,,,,,,,,,0.131,19320.668,Pinned,Device,NVIDIA A100-SXM4-40GB (0),1,,13,[CUDA memcpy Host-to-Device]
2095561751,7295,21471,69,4,1,48,1,1,76,0.002,0.000,,,,,NVIDIA A100-SXM4-40GB (0),1,,13,"void ch_est::windowedChEstPreNoDftSOfdmKernel<float, __half, float, (unsigned int)2, (unsigned int)1, (unsigned short)4>(ch_est::puschRxChEstStatDescr_t *, ch_est::puschRxChEstDynDescr_t *)"
2095570326,6176,21472,137,2,1,24,2,1,44,0.001,0.001,,,,,NVIDIA A100-SXM4-40GB (0),1,,13,"void ch_est::chEstFilterNoDftSOfdmDispatchKernel<float, __half, float, (unsigned int)2>(ch_est::puschRxChEstStatDescr_t *, ch_est::puschRxChEstDynDescr_t *)"
2095577750,4576,21473,137,2,1,24,2,1,44,0.001,0.001,,,,,NVIDIA A100-SXM4-40GB (0),1,,13,"void ch_est::chEstFilterNoDftSOfdmDispatchKernel<float, __half, float, (unsigned int)2>(ch_est::puschRxChEstStatDescr_t *, ch_est::puschRxChEstDynDescr_t *)"
2095583510,2176,21484,103,1,1,128,1,1,16,0.000,0.000,,,,,NVIDIA A100-SXM4-40GB (0),1,,13,cupy_copy__complex64_complex64
2095586710,12448,21494,1434,1,1,128,1,1,16,0.000,0.000,,,,,NVIDIA A100-SXM4-40GB (0),1,,13,cupy_copy__complex64_complex64
2095600214,2112,21501,103,1,1,128,1,1,16,0.000,0.000,,,,,NVIDIA A100-SXM4-40GB (0),1,,13,cupy_copy__complex64_complex64
2095603510,78847,21508,1,1,1,32,32,1,30,0.000,0.000,,,,,NVIDIA A100-SXM4-40GB (0),1,,13,"void convert_kernel<__half2, float2>(tensor_layout_any, T1 *, tensor_layout_any, const T2 *)"
2095711317,4160,21511,,,,,,,,,,0.061,14769.193,Pinned,Device,NVIDIA A100-SXM4-40GB (0),1,,13,[CUDA memcpy Host-to-Device]
2095724373,44639,21512,,,,,,,,,,35.801,801977.305,Device,,NVIDIA A100-SXM4-40GB (0),1,,13,[CUDA memset]
2095771892,1888,21514,,,,,,,,,,0.000,42.373,Pinned,Device,NVIDIA A100-SXM4-40GB (0),1,,13,[CUDA memcpy Host-to-Device]
2095775924,7072,21515,,,,,,,,,,0.131,18533.843,Pinned,Device,NVIDIA A100-SXM4-40GB (0),1,,13,[CUDA memcpy Host-to-Device]
2095787956,8096,21516,273,1,1,48,1,1,40,0.000,0.001,,,,,NVIDIA A100-SXM4-40GB (0),1,,13,"void pusch_noise_intf_est::noiseIntfEstNoDftSOfdmKernel<float, __half, float, float, (unsigned int)2, (unsigned int)1, (unsigned char)4, (unsigned char)4>(pusch_noise_intf_est::puschRxNoiseIntfEstDynDescr)"
2095803732,2720,21527,35,1,1,128,1,1,16,0.000,0.000,,,,,NVIDIA A100-SXM4-40GB (0),1,,13,cupy_copy__complex64_complex64
2095842515,1504,21536,1,1,1,1,1,1,18,0.000,0.000,,,,,NVIDIA A100-SXM4-40GB (0),1,,13,cupy_copy__float32_float32
2095899570,1888,21542,,,,,,,,,,0.000,2.119,Device,Pageable,NVIDIA A100-SXM4-40GB (0),1,,7,[CUDA memcpy Device-to-Host]
2095960530,13343,21553,1434,1,1,128,1,1,16,0.000,0.000,,,,,NVIDIA A100-SXM4-40GB (0),1,,13,cupy_copy__complex64_complex64
2095987217,2368,21560,103,1,1,128,1,1,16,0.000,0.000,,,,,NVIDIA A100-SXM4-40GB (0),1,,13,cupy_copy__complex64_complex64
2096011313,1984,21567,35,1,1,128,1,1,16,0.000,0.000,,,,,NVIDIA A100-SXM4-40GB (0),1,,13,cupy_copy__complex64_complex64
2096030737,1504,21574,1,1,1,1,1,1,18,0.000,0.000,,,,,NVIDIA A100-SXM4-40GB (0),1,,13,cupy_copy__float32_float32
2096163503,78303,21585,1,1,1,32,32,1,30,0.000,0.000,,,,,NVIDIA A100-SXM4-40GB (0),1,,13,"void convert_kernel<__half2, float2>(tensor_layout_any, T1 *, tensor_layout_any, const T2 *)"
2096272686,4160,21588,,,,,,,,,,0.061,14769.193,Pinned,Device,NVIDIA A100-SXM4-40GB (0),1,,13,[CUDA memcpy Host-to-Device]
2096287277,2560,21589,,,,,,,,,,1.547,604150.000,Device,,NVIDIA A100-SXM4-40GB (0),1,,13,[CUDA memset]
2096293485,2816,21594,,,,,,,,,,0.021,7477.259,Pinned,Device,NVIDIA A100-SXM4-40GB (0),1,,13,[CUDA memcpy Host-to-Device]
2096298669,6816,21595,,,,,,,,,,0.131,19229.966,Pinned,Device,NVIDIA A100-SXM4-40GB (0),1,,13,[CUDA memcpy Host-to-Device]
2096310125,5888,21596,273,1,1,8,4,1,39,0.002,0.000,,,,,NVIDIA A100-SXM4-40GB (0),1,,13,"void channel_eq::eqMmseCoefCompLowMimoKernel<float, float, float, (unsigned int)4, (unsigned int)1, (unsigned int)4>(const channel_eq::_puschRxChEqStatDescr *, channel_eq::_puschRxChEqCoefCompDynDescr)"
2096317293,4864,21597,273,1,1,12,11,1,40,0.002,0.000,,,,,NVIDIA A100-SXM4-40GB (0),1,,13,"void channel_eq::eqMmseSoftDemapKernel<float, __half, __half, float, (unsigned int)4, (unsigned short)16383>(channel_eq::_puschRxChEqStatDescr *, channel_eq::_puschRxChEqSoftDemapDynDescr)"
2096323149,281533,21598,1,1,1,32,32,1,30,0.000,0.000,,,,,NVIDIA A100-SXM4-40GB (0),1,,13,"void convert_kernel<float2, __half2>(tensor_layout_any, T1 *, tensor_layout_any, const T2 *)"
2096605705,10368,21610,2253,1,1,128,1,1,16,0.000,0.000,,,,,NVIDIA A100-SXM4-40GB (0),1,,13,cupy_copy__float16_float16
2096617257,2400,21619,282,1,1,128,1,1,16,0.000,0.000,,,,,NVIDIA A100-SXM4-40GB (0),1,,13,cupy_copy__complex64_complex64
2096620745,1760,21628,26,1,1,128,1,1,16,0.000,0.000,,,,,NVIDIA A100-SXM4-40GB (0),1,,13,cupy_copy__float32_float32
2096623497,2528,21637,103,1,1,128,1,1,16,0.000,0.000,,,,,NVIDIA A100-SXM4-40GB (0),1,,13,cupy_copy__complex64_complex64
2096627305,11136,21647,1434,1,1,128,1,1,16,0.000,0.000,,,,,NVIDIA A100-SXM4-40GB (0),1,,13,cupy_copy__complex64_complex64
2096670345,77983,21652,1,1,1,32,32,1,30,0.000,0.000,,,,,NVIDIA A100-SXM4-40GB (0),1,,13,"void convert_kernel<__half2, float2>(tensor_layout_any, T1 *, tensor_layout_any, const T2 *)"
2096783559,4160,21655,,,,,,,,,,0.061,14769.193,Pinned,Device,NVIDIA A100-SXM4-40GB (0),1,,13,[CUDA memcpy Host-to-Device]
2096794951,588153,21656,,,,,,,,,,456.520,776084.816,Device,,NVIDIA A100-SXM4-40GB (0),1,,13,[CUDA memset]
2097385728,32703,21661,,,,,,,,,,0.825,25237.369,Pinned,Device,NVIDIA A100-SXM4-40GB (0),1,,13,[CUDA memcpy Host-to-Device]
2097420543,6912,21662,,,,,,,,,,0.131,18962.842,Pinned,Device,NVIDIA A100-SXM4-40GB (0),1,,13,[CUDA memcpy Host-to-Device]
2097434655,7168,21663,69,4,1,48,1,1,76,0.002,0.000,,,,,NVIDIA A100-SXM4-40GB (0),1,,13,"void ch_est::windowedChEstPreNoDftSOfdmKernel<float, __half, float, (unsigned int)2, (unsigned int)1, (unsigned short)4>(ch_est::puschRxChEstStatDescr_t *, ch_est::puschRxChEstDynDescr_t *)"
2097443135,6208,21664,137,2,1,24,2,1,44,0.001,0.001,,,,,NVIDIA A100-SXM4-40GB (0),1,,13,"void ch_est::chEstFilterNoDftSOfdmDispatchKernel<float, __half, float, (unsigned int)2>(ch_est::puschRxChEstStatDescr_t *, ch_est::puschRxChEstDynDescr_t *)"
2097450527,4544,21665,137,2,1,24,2,1,44,0.001,0.001,,,,,NVIDIA A100-SXM4-40GB (0),1,,13,"void ch_est::chEstFilterNoDftSOfdmDispatchKernel<float, __half, float, (unsigned int)2>(ch_est::puschRxChEstStatDescr_t *, ch_est::puschRxChEstDynDescr_t *)"
2097456415,2176,21676,103,1,1,128,1,1,16,0.000,0.000,,,,,NVIDIA A100-SXM4-40GB (0),1,,13,cupy_copy__complex64_complex64
2097459807,12672,21686,1434,1,1,128,1,1,16,0.000,0.000,,,,,NVIDIA A100-SXM4-40GB (0),1,,13,cupy_copy__complex64_complex64
2097473535,2080,21693,103,1,1,128,1,1,16,0.000,0.000,,,,,NVIDIA A100-SXM4-40GB (0),1,,13,cupy_copy__complex64_complex64
2097476799,78207,21700,1,1,1,32,32,1,30,0.000,0.000,,,,,NVIDIA A100-SXM4-40GB (0),1,,13,"void convert_kernel<__half2, float2>(tensor_layout_any, T1 *, tensor_layout_any, const T2 *)"
2097725819,4288,21703,,,,,,,,,,0.061,14328.300,Pinned,Device,NVIDIA A100-SXM4-40GB (0),1,,13,[CUDA memcpy Host-to-Device]
2097739771,46368,21704,,,,,,,,,,35.801,772083.503,Device,,NVIDIA A100-SXM4-40GB (0),1,,13,[CUDA memset]
2097790171,1856,21706,,,,,,,,,,0.000,43.103,Pinned,Device,NVIDIA A100-SXM4-40GB (0),1,,13,[CUDA memcpy Host-to-Device]
2097794139,7104,21707,,,,,,,,,,0.131,18450.350,Pinned,Device,NVIDIA A100-SXM4-40GB (0),1,,13,[CUDA memcpy Host-to-Device]
2097807162,9152,21708,273,1,1,48,1,1,40,0.000,0.001,,,,,NVIDIA A100-SXM4-40GB (0),1,,13,"void pusch_noise_intf_est::noiseIntfEstNoDftSOfdmKernel<float, __half, float, float, (unsigned int)2, (unsigned int)1, (unsigned char)4, (unsigned char)4>(pusch_noise_intf_est::puschRxNoiseIntfEstDynDescr)"
2097817594,2528,21719,35,1,1,128,1,1,16,0.000,0.000,,,,,NVIDIA A100-SXM4-40GB (0),1,,13,cupy_copy__complex64_complex64
2097834682,1504,21728,1,1,1,1,1,1,18,0.000,0.000,,,,,NVIDIA A100-SXM4-40GB (0),1,,13,cupy_copy__float32_float32
2097868090,1728,21734,,,,,,,,,,0.000,2.315,Device,Pageable,NVIDIA A100-SXM4-40GB (0),1,,7,[CUDA memcpy Device-to-Host]
2097926457,12960,21745,1434,1,1,128,1,1,16,0.000,0.000,,,,,NVIDIA A100-SXM4-40GB (0),1,,13,cupy_copy__complex64_complex64
2097952441,2336,21752,103,1,1,128,1,1,16,0.000,0.000,,,,,NVIDIA A100-SXM4-40GB (0),1,,13,cupy_copy__complex64_complex64
2097973016,2048,21759,35,1,1,128,1,1,16,0.000,0.000,,,,,NVIDIA A100-SXM4-40GB (0),1,,13,cupy_copy__complex64_complex64
2097991608,1504,21766,1,1,1,1,1,1,18,0.000,0.000,,,,,NVIDIA A100-SXM4-40GB (0),1,,13,cupy_copy__float32_float32
2098256661,79231,21777,1,1,1,32,32,1,30,0.000,0.000,,,,,NVIDIA A100-SXM4-40GB (0),1,,13,"void convert_kernel<__half2, float2>(tensor_layout_any, T1 *, tensor_layout_any, const T2 *)"
2098369843,4160,21780,,,,,,,,,,0.061,14769.193,Pinned,Device,NVIDIA A100-SXM4-40GB (0),1,,13,[CUDA memcpy Host-to-Device]
2098384723,2528,21781,,,,,,,,,,1.547,611796.509,Device,,NVIDIA A100-SXM4-40GB (0),1,,13,[CUDA memset]
2098390835,3008,21786,,,,,,,,,,0.021,6999.983,Pinned,Device,NVIDIA A100-SXM4-40GB (0),1,,13,[CUDA memcpy Host-to-Device]
2098396243,6848,21787,,,,,,,,,,0.131,19140.182,Pinned,Device,NVIDIA A100-SXM4-40GB (0),1,,13,[CUDA memcpy Host-to-Device]
2098407859,5888,21788,273,1,1,8,4,1,39,0.002,0.000,,,,,NVIDIA A100-SXM4-40GB (0),1,,13,"void channel_eq::eqMmseCoefCompLowMimoKernel<float, float, float, (unsigned int)4, (unsigned int)1, (unsigned int)4>(const channel_eq::_puschRxChEqStatDescr *, channel_eq::_puschRxChEqCoefCompDynDescr)"
2098415027,4832,21789,273,1,1,12,11,1,40,0.002,0.000,,,,,NVIDIA A100-SXM4-40GB (0),1,,13,"void channel_eq::eqMmseSoftDemapKernel<float, __half, __half, float, (unsigned int)4, (unsigned short)16383>(channel_eq::_puschRxChEqStatDescr *, channel_eq::_puschRxChEqSoftDemapDynDescr)"
2098421171,281116,21790,1,1,1,32,32,1,30,0.000,0.000,,,,,NVIDIA A100-SXM4-40GB (0),1,,13,"void convert_kernel<float2, __half2>(tensor_layout_any, T1 *, tensor_layout_any, const T2 *)"
2098703375,10560,21802,2253,1,1,128,1,1,16,0.000,0.000,,,,,NVIDIA A100-SXM4-40GB (0),1,,13,cupy_copy__float16_float16
2098715151,2368,21811,282,1,1,128,1,1,16,0.000,0.000,,,,,NVIDIA A100-SXM4-40GB (0),1,,13,cupy_copy__complex64_complex64
2098718607,1760,21820,26,1,1,128,1,1,16,0.000,0.000,,,,,NVIDIA A100-SXM4-40GB (0),1,,13,cupy_copy__float32_float32
2098721551,2528,21829,103,1,1,128,1,1,16,0.000,0.000,,,,,NVIDIA A100-SXM4-40GB (0),1,,13,cupy_copy__complex64_complex64
2098725103,11136,21839,1434,1,1,128,1,1,16,0.000,0.000,,,,,NVIDIA A100-SXM4-40GB (0),1,,13,cupy_copy__complex64_complex64
2098769166,78431,21844,1,1,1,32,32,1,30,0.000,0.000,,,,,NVIDIA A100-SXM4-40GB (0),1,,13,"void convert_kernel<__half2, float2>(tensor_layout_any, T1 *, tensor_layout_any, const T2 *)"
2099004683,4128,21847,,,,,,,,,,0.061,14883.717,Pinned,Device,NVIDIA A100-SXM4-40GB (0),1,,13,[CUDA memcpy Host-to-Device]
2099013035,590169,21848,,,,,,,,,,456.520,773345.693,Device,,NVIDIA A100-SXM4-40GB (0),1,,13,[CUDA memset]
2099609700,32671,21853,,,,,,,,,,0.825,25262.129,Pinned,Device,NVIDIA A100-SXM4-40GB (0),1,,13,[CUDA memcpy Host-to-Device]
2099644515,6912,21854,,,,,,,,,,0.131,18962.842,Pinned,Device,NVIDIA A100-SXM4-40GB (0),1,,13,[CUDA memcpy Host-to-Device]
2099657315,7776,21855,69,4,1,48,1,1,76,0.002,0.000,,,,,NVIDIA A100-SXM4-40GB (0),1,,13,"void ch_est::windowedChEstPreNoDftSOfdmKernel<float, __half, float, (unsigned int)2, (unsigned int)1, (unsigned short)4>(ch_est::puschRxChEstStatDescr_t *, ch_est::puschRxChEstDynDescr_t *)"
2099666339,6304,21856,137,2,1,24,2,1,44,0.001,0.001,,,,,NVIDIA A100-SXM4-40GB (0),1,,13,"void ch_est::chEstFilterNoDftSOfdmDispatchKernel<float, __half, float, (unsigned int)2>(ch_est::puschRxChEstStatDescr_t *, ch_est::puschRxChEstDynDescr_t *)"
2099673667,4544,21857,137,2,1,24,2,1,44,0.001,0.001,,,,,NVIDIA A100-SXM4-40GB (0),1,,13,"void ch_est::chEstFilterNoDftSOfdmDispatchKernel<float, __half, float, (unsigned int)2>(ch_est::puschRxChEstStatDescr_t *, ch_est::puschRxChEstDynDescr_t *)"
2099679523,2176,21868,103,1,1,128,1,1,16,0.000,0.000,,,,,NVIDIA A100-SXM4-40GB (0),1,,13,cupy_copy__complex64_complex64
2099682723,12448,21878,1434,1,1,128,1,1,16,0.000,0.000,,,,,NVIDIA A100-SXM4-40GB (0),1,,13,cupy_copy__complex64_complex64
2099696259,2144,21885,103,1,1,128,1,1,16,0.000,0.000,,,,,NVIDIA A100-SXM4-40GB (0),1,,13,cupy_copy__complex64_complex64
2099699459,78975,21892,1,1,1,32,32,1,30,0.000,0.000,,,,,NVIDIA A100-SXM4-40GB (0),1,,13,"void convert_kernel<__half2, float2>(tensor_layout_any, T1 *, tensor_layout_any, const T2 *)"
2099811873,4288,21895,,,,,,,,,,0.061,14328.300,Pinned,Device,NVIDIA A100-SXM4-40GB (0),1,,13,[CUDA memcpy Host-to-Device]
2099824993,44640,21896,,,,,,,,,,35.801,801977.305,Device,,NVIDIA A100-SXM4-40GB (0),1,,13,[CUDA memset]
2099877089,1823,21898,,,,,,,,,,0.000,43.884,Pinned,Device,NVIDIA A100-SXM4-40GB (0),1,,13,[CUDA memcpy Host-to-Device]
2099881056,6880,21899,,,,,,,,,,0.131,19051.053,Pinned,Device,NVIDIA A100-SXM4-40GB (0),1,,13,[CUDA memcpy Host-to-Device]
2099893856,8288,21900,273,1,1,48,1,1,40,0.000,0.001,,,,,NVIDIA A100-SXM4-40GB (0),1,,13,"void pusch_noise_intf_est::noiseIntfEstNoDftSOfdmKernel<float, __half, float, float, (unsigned int)2, (unsigned int)1, (unsigned char)4, (unsigned char)4>(pusch_noise_intf_est::puschRxNoiseIntfEstDynDescr)"
2099905504,2592,21911,35,1,1,128,1,1,16,0.000,0.000,,,,,NVIDIA A100-SXM4-40GB (0),1,,13,cupy_copy__complex64_complex64
2099941088,1536,21920,1,1,1,1,1,1,18,0.000,0.000,,,,,NVIDIA A100-SXM4-40GB (0),1,,13,cupy_copy__float32_float32
2099979615,1728,21926,,,,,,,,,,0.000,2.315,Device,Pageable,NVIDIA A100-SXM4-40GB (0),1,,7,[CUDA memcpy Device-to-Host]
2100037823,13791,21937,1434,1,1,128,1,1,16,0.000,0.000,,,,,NVIDIA A100-SXM4-40GB (0),1,,13,cupy_copy__complex64_complex64
2100064158,2400,21944,103,1,1,128,1,1,16,0.000,0.000,,,,,NVIDIA A100-SXM4-40GB (0),1,,13,cupy_copy__complex64_complex64
2100084382,1984,21951,35,1,1,128,1,1,16,0.000,0.000,,,,,NVIDIA A100-SXM4-40GB (0),1,,13,cupy_copy__complex64_complex64
2100102878,1504,21958,1,1,1,1,1,1,18,0.000,0.000,,,,,NVIDIA A100-SXM4-40GB (0),1,,13,cupy_copy__float32_float32
2100242556,78239,21969,1,1,1,32,32,1,30,0.000,0.000,,,,,NVIDIA A100-SXM4-40GB (0),1,,13,"void convert_kernel<__half2, float2>(tensor_layout_any, T1 *, tensor_layout_any, const T2 *)"
2100348763,4160,21972,,,,,,,,,,0.061,14769.193,Pinned,Device,NVIDIA A100-SXM4-40GB (0),1,,13,[CUDA memcpy Host-to-Device]
2100362970,2592,21973,,,,,,,,,,1.547,596690.632,Device,,NVIDIA A100-SXM4-40GB (0),1,,13,[CUDA memset]
2100369082,2720,21978,,,,,,,,,,0.021,7741.175,Pinned,Device,NVIDIA A100-SXM4-40GB (0),1,,13,[CUDA memcpy Host-to-Device]
2100373946,7040,21979,,,,,,,,,,0.131,18618.122,Pinned,Device,NVIDIA A100-SXM4-40GB (0),1,,13,[CUDA memcpy Host-to-Device]
2100385178,5856,21980,273,1,1,8,4,1,39,0.002,0.000,,,,,NVIDIA A100-SXM4-40GB (0),1,,13,"void channel_eq::eqMmseCoefCompLowMimoKernel<float, float, float, (unsigned int)4, (unsigned int)1, (unsigned int)4>(const channel_eq::_puschRxChEqStatDescr *, channel_eq::_puschRxChEqCoefCompDynDescr)"
2100392058,4800,21981,273,1,1,12,11,1,40,0.002,0.000,,,,,NVIDIA A100-SXM4-40GB (0),1,,13,"void channel_eq::eqMmseSoftDemapKernel<float, __half, __half, float, (unsigned int)4, (unsigned short)16383>(channel_eq::_puschRxChEqStatDescr *, channel_eq::_puschRxChEqSoftDemapDynDescr)"
2100398170,281884,21982,1,1,1,32,32,1,30,0.000,0.000,,,,,NVIDIA A100-SXM4-40GB (0),1,,13,"void convert_kernel<float2, __half2>(tensor_layout_any, T1 *, tensor_layout_any, const T2 *)"
2100681142,10112,21994,2253,1,1,128,1,1,16,0.000,0.000,,,,,NVIDIA A100-SXM4-40GB (0),1,,13,cupy_copy__float16_float16
2100692278,2400,22003,282,1,1,128,1,1,16,0.000,0.000,,,,,NVIDIA A100-SXM4-40GB (0),1,,13,cupy_copy__complex64_complex64
2100695766,1760,22012,26,1,1,128,1,1,16,0.000,0.000,,,,,NVIDIA A100-SXM4-40GB (0),1,,13,cupy_copy__float32_float32
2100698742,2560,22021,103,1,1,128,1,1,16,0.000,0.000,,,,,NVIDIA A100-SXM4-40GB (0),1,,13,cupy_copy__complex64_complex64
2100702550,11360,22031,1434,1,1,128,1,1,16,0.000,0.000,,,,,NVIDIA A100-SXM4-40GB (0),1,,13,cupy_copy__complex64_complex64
2100742838,77823,22036,1,1,1,32,32,1,30,0.000,0.000,,,,,NVIDIA A100-SXM4-40GB (0),1,,13,"void convert_kernel<__half2, float2>(tensor_layout_any, T1 *, tensor_layout_any, const T2 *)"
2100850612,4608,22039,,,,,,,,,,0.061,13333.279,Pinned,Device,NVIDIA A100-SXM4-40GB (0),1,,13,[CUDA memcpy Host-to-Device]
2100861972,589017,22040,,,,,,,,,,456.520,774715.255,Device,,NVIDIA A100-SXM4-40GB (0),1,,13,[CUDA memset]
2101455053,32767,22045,,,,,,,,,,0.825,25187.848,Pinned,Device,NVIDIA A100-SXM4-40GB (0),1,,13,[CUDA memcpy Host-to-Device]
2101489932,6784,22046,,,,,,,,,,0.131,19320.668,Pinned,Device,NVIDIA A100-SXM4-40GB (0),1,,13,[CUDA memcpy Host-to-Device]
2101501516,7040,22047,69,4,1,48,1,1,76,0.002,0.000,,,,,NVIDIA A100-SXM4-40GB (0),1,,13,"void ch_est::windowedChEstPreNoDftSOfdmKernel<float, __half, float, (unsigned int)2, (unsigned int)1, (unsigned short)4>(ch_est::puschRxChEstStatDescr_t *, ch_est::puschRxChEstDynDescr_t *)"
2101509836,6112,22048,137,2,1,24,2,1,44,0.001,0.001,,,,,NVIDIA A100-SXM4-40GB (0),1,,13,"void ch_est::chEstFilterNoDftSOfdmDispatchKernel<float, __half, float, (unsigned int)2>(ch_est::puschRxChEstStatDescr_t *, ch_est::puschRxChEstDynDescr_t *)"
2101517164,4576,22049,137,2,1,24,2,1,44,0.001,0.001,,,,,NVIDIA A100-SXM4-40GB (0),1,,13,"void ch_est::chEstFilterNoDftSOfdmDispatchKernel<float, __half, float, (unsigned int)2>(ch_est::puschRxChEstStatDescr_t *, ch_est::puschRxChEstDynDescr_t *)"
2101523020,2176,22060,103,1,1,128,1,1,16,0.000,0.000,,,,,NVIDIA A100-SXM4-40GB (0),1,,13,cupy_copy__complex64_complex64
2101526188,12480,22070,1434,1,1,128,1,1,16,0.000,0.000,,,,,NVIDIA A100-SXM4-40GB (0),1,,13,cupy_copy__complex64_complex64
2101539948,2112,22077,103,1,1,128,1,1,16,0.000,0.000,,,,,NVIDIA A100-SXM4-40GB (0),1,,13,cupy_copy__complex64_complex64
2101543340,78303,22084,1,1,1,32,32,1,30,0.000,0.000,,,,,NVIDIA A100-SXM4-40GB (0),1,,13,"void convert_kernel<__half2, float2>(tensor_layout_any, T1 *, tensor_layout_any, const T2 *)"
2101649194,4192,22087,,,,,,,,,,0.061,14656.451,Pinned,Device,NVIDIA A100-SXM4-40GB (0),1,,13,[CUDA memcpy Host-to-Device]
2101661258,44864,22088,,,,,,,,,,35.801,797967.597,Device,,NVIDIA A100-SXM4-40GB (0),1,,13,[CUDA memset]
2101707082,2496,22090,,,,,,,,,,0.000,32.051,Pinned,Device,NVIDIA A100-SXM4-40GB (0),1,,13,[CUDA memcpy Host-to-Device]
2101712234,7071,22091,,,,,,,,,,0.131,18536.464,Pinned,Device,NVIDIA A100-SXM4-40GB (0),1,,13,[CUDA memcpy Host-to-Device]
2101730281,8608,22092,273,1,1,48,1,1,40,0.000,0.001,,,,,NVIDIA A100-SXM4-40GB (0),1,,13,"void pusch_noise_intf_est::noiseIntfEstNoDftSOfdmKernel<float, __half, float, float, (unsigned int)2, (unsigned int)1, (unsigned char)4, (unsigned char)4>(pusch_noise_intf_est::puschRxNoiseIntfEstDynDescr)"
2101739881,2592,22103,35,1,1,128,1,1,16,0.000,0.000,,,,,NVIDIA A100-SXM4-40GB (0),1,,13,cupy_copy__complex64_complex64
2101771913,1536,22112,1,1,1,1,1,1,18,0.000,0.000,,,,,NVIDIA A100-SXM4-40GB (0),1,,13,cupy_copy__float32_float32
2101805032,1856,22118,,,,,,,,,,0.000,2.155,Device,Pageable,NVIDIA A100-SXM4-40GB (0),1,,7,[CUDA memcpy Device-to-Host]
2101862376,13311,22129,1434,1,1,128,1,1,16,0.000,0.000,,,,,NVIDIA A100-SXM4-40GB (0),1,,13,cupy_copy__complex64_complex64
2101888839,2336,22136,103,1,1,128,1,1,16,0.000,0.000,,,,,NVIDIA A100-SXM4-40GB (0),1,,13,cupy_copy__complex64_complex64
2101909607,2016,22143,35,1,1,128,1,1,16,0.000,0.000,,,,,NVIDIA A100-SXM4-40GB (0),1,,13,cupy_copy__complex64_complex64
2101927719,1504,22150,1,1,1,1,1,1,18,0.000,0.000,,,,,NVIDIA A100-SXM4-40GB (0),1,,13,cupy_copy__float32_float32
2102058629,78271,22161,1,1,1,32,32,1,30,0.000,0.000,,,,,NVIDIA A100-SXM4-40GB (0),1,,13,"void convert_kernel<__half2, float2>(tensor_layout_any, T1 *, tensor_layout_any, const T2 *)"
2102164676,4160,22164,,,,,,,,,,0.061,14769.193,Pinned,Device,NVIDIA A100-SXM4-40GB (0),1,,13,[CUDA memcpy Host-to-Device]
2102178852,2560,22165,,,,,,,,,,1.547,604150.000,Device,,NVIDIA A100-SXM4-40GB (0),1,,13,[CUDA memset]
2102184900,2752,22170,,,,,,,,,,0.021,7651.161,Pinned,Device,NVIDIA A100-SXM4-40GB (0),1,,13,[CUDA memcpy Host-to-Device]
2102189764,6847,22171,,,,,,,,,,0.131,19142.935,Pinned,Device,NVIDIA A100-SXM4-40GB (0),1,,13,[CUDA memcpy Host-to-Device]
2102201219,5888,22172,273,1,1,8,4,1,39,0.002,0.000,,,,,NVIDIA A100-SXM4-40GB (0),1,,13,"void channel_eq::eqMmseCoefCompLowMimoKernel<float, float, float, (unsigned int)4, (unsigned int)1, (unsigned int)4>(const channel_eq::_puschRxChEqStatDescr *, channel_eq::_puschRxChEqCoefCompDynDescr)"
2102208163,4832,22173,273,1,1,12,11,1,40,0.002,0.000,,,,,NVIDIA A100-SXM4-40GB (0),1,,13,"void channel_eq::eqMmseSoftDemapKernel<float, __half, __half, float, (unsigned int)4, (unsigned short)16383>(channel_eq::_puschRxChEqStatDescr *, channel_eq::_puschRxChEqSoftDemapDynDescr)"
2102214275,281373,22174,1,1,1,32,32,1,30,0.000,0.000,,,,,NVIDIA A100-SXM4-40GB (0),1,,13,"void convert_kernel<float2, __half2>(tensor_layout_any, T1 *, tensor_layout_any, const T2 *)"
2102496768,10176,22186,2253,1,1,128,1,1,16,0.000,0.000,,,,,NVIDIA A100-SXM4-40GB (0),1,,13,cupy_copy__float16_float16
2102508256,2400,22195,282,1,1,128,1,1,16,0.000,0.000,,,,,NVIDIA A100-SXM4-40GB (0),1,,13,cupy_copy__complex64_complex64
2102511872,1759,22204,26,1,1,128,1,1,16,0.000,0.000,,,,,NVIDIA A100-SXM4-40GB (0),1,,13,cupy_copy__float32_float32
2102514879,2528,22213,103,1,1,128,1,1,16,0.000,0.000,,,,,NVIDIA A100-SXM4-40GB (0),1,,13,cupy_copy__complex64_complex64
2102518623,11168,22223,1434,1,1,128,1,1,16,0.000,0.000,,,,,NVIDIA A100-SXM4-40GB (0),1,,13,cupy_copy__complex64_complex64
2102550463,78527,22228,1,1,1,32,32,1,30,0.000,0.000,,,,,NVIDIA A100-SXM4-40GB (0),1,,13,"void convert_kernel<__half2, float2>(tensor_layout_any, T1 *, tensor_layout_any, const T2 *)"
2102798236,4160,22231,,,,,,,,,,0.061,14769.193,Pinned,Device,NVIDIA A100-SXM4-40GB (0),1,,13,[CUDA memcpy Host-to-Device]
2102806140,589304,22232,,,,,,,,,,456.520,774258.734,Device,,NVIDIA A100-SXM4-40GB (0),1,,13,[CUDA memset]
2103403956,32800,22237,,,,,,,,,,0.825,25162.263,Pinned,Device,NVIDIA A100-SXM4-40GB (0),1,,13,[CUDA memcpy Host-to-Device]
2103439220,6784,22238,,,,,,,,,,0.131,19320.668,Pinned,Device,NVIDIA A100-SXM4-40GB (0),1,,13,[CUDA memcpy Host-to-Device]
2103456692,6976,22239,69,4,1,48,1,1,76,0.002,0.000,,,,,NVIDIA A100-SXM4-40GB (0),1,,13,"void ch_est::windowedChEstPreNoDftSOfdmKernel<float, __half, float, (unsigned int)2, (unsigned int)1, (unsigned short)4>(ch_est::puschRxChEstStatDescr_t *, ch_est::puschRxChEstDynDescr_t *)"
2103464884,6463,22240,137,2,1,24,2,1,44,0.001,0.001,,,,,NVIDIA A100-SXM4-40GB (0),1,,13,"void ch_est::chEstFilterNoDftSOfdmDispatchKernel<float, __half, float, (unsigned int)2>(ch_est::puschRxChEstStatDescr_t *, ch_est::puschRxChEstDynDescr_t *)"
2103472563,4576,22241,137,2,1,24,2,1,44,0.001,0.001,,,,,NVIDIA A100-SXM4-40GB (0),1,,13,"void ch_est::chEstFilterNoDftSOfdmDispatchKernel<float, __half, float, (unsigned int)2>(ch_est::puschRxChEstStatDescr_t *, ch_est::puschRxChEstDynDescr_t *)"
2103478195,2592,22252,103,1,1,128,1,1,16,0.000,0.000,,,,,NVIDIA A100-SXM4-40GB (0),1,,13,cupy_copy__complex64_complex64
2103481971,12768,22262,1434,1,1,128,1,1,16,0.000,0.000,,,,,NVIDIA A100-SXM4-40GB (0),1,,13,cupy_copy__complex64_complex64
2103496051,2112,22269,103,1,1,128,1,1,16,0.000,0.000,,,,,NVIDIA A100-SXM4-40GB (0),1,,13,cupy_copy__complex64_complex64
2103499219,78079,22276,1,1,1,32,32,1,30,0.000,0.000,,,,,NVIDIA A100-SXM4-40GB (0),1,,13,"void convert_kernel<__half2, float2>(tensor_layout_any, T1 *, tensor_layout_any, const T2 *)"
2103610610,4416,22279,,,,,,,,,,0.061,13913.027,Pinned,Device,NVIDIA A100-SXM4-40GB (0),1,,13,[CUDA memcpy Host-to-Device]
2103623346,44831,22280,,,,,,,,,,35.801,798540.413,Device,,NVIDIA A100-SXM4-40GB (0),1,,13,[CUDA memset]
2103675441,1920,22282,,,,,,,,,,0.000,41.667,Pinned,Device,NVIDIA A100-SXM4-40GB (0),1,,13,[CUDA memcpy Host-to-Device]
2103679505,6752,22283,,,,,,,,,,0.131,19412.287,Pinned,Device,NVIDIA A100-SXM4-40GB (0),1,,13,[CUDA memcpy Host-to-Device]
2103691825,8512,22284,273,1,1,48,1,1,40,0.000,0.001,,,,,NVIDIA A100-SXM4-40GB (0),1,,13,"void pusch_noise_intf_est::noiseIntfEstNoDftSOfdmKernel<float, __half, float, float, (unsigned int)2, (unsigned int)1, (unsigned char)4, (unsigned char)4>(pusch_noise_intf_est::puschRxNoiseIntfEstDynDescr)"
2103701457,2592,22295,35,1,1,128,1,1,16,0.000,0.000,,,,,NVIDIA A100-SXM4-40GB (0),1,,13,cupy_copy__complex64_complex64
2103734704,1536,22304,1,1,1,1,1,1,18,0.000,0.000,,,,,NVIDIA A100-SXM4-40GB (0),1,,13,cupy_copy__float32_float32
2103768112,1728,22310,,,,,,,,,,0.000,2.315,Device,Pageable,NVIDIA A100-SXM4-40GB (0),1,,7,[CUDA memcpy Device-to-Host]
2103824975,12928,22321,1434,1,1,128,1,1,16,0.000,0.000,,,,,NVIDIA A100-SXM4-40GB (0),1,,13,cupy_copy__complex64_complex64
2103851919,2368,22328,103,1,1,128,1,1,16,0.000,0.000,,,,,NVIDIA A100-SXM4-40GB (0),1,,13,cupy_copy__complex64_complex64
2103872462,1984,22335,35,1,1,128,1,1,16,0.000,0.000,,,,,NVIDIA A100-SXM4-40GB (0),1,,13,cupy_copy__complex64_complex64
2103891694,1504,22342,1,1,1,1,1,1,18,0.000,0.000,,,,,NVIDIA A100-SXM4-40GB (0),1,,13,cupy_copy__float32_float32
2104024237,78463,22353,1,1,1,32,32,1,30,0.000,0.000,,,,,NVIDIA A100-SXM4-40GB (0),1,,13,"void convert_kernel<__half2, float2>(tensor_layout_any, T1 *, tensor_layout_any, const T2 *)"
2104261674,4160,22356,,,,,,,,,,0.061,14769.193,Pinned,Device,NVIDIA A100-SXM4-40GB (0),1,,13,[CUDA memcpy Host-to-Device]
2104272329,2560,22357,,,,,,,,,,1.547,604150.000,Device,,NVIDIA A100-SXM4-40GB (0),1,,13,[CUDA memset]
2104275529,2752,22362,,,,,,,,,,0.021,7651.161,Pinned,Device,NVIDIA A100-SXM4-40GB (0),1,,13,[CUDA memcpy Host-to-Device]
2104281129,6848,22363,,,,,,,,,,0.131,19140.182,Pinned,Device,NVIDIA A100-SXM4-40GB (0),1,,13,[CUDA memcpy Host-to-Device]
2104298441,5888,22364,273,1,1,8,4,1,39,0.002,0.000,,,,,NVIDIA A100-SXM4-40GB (0),1,,13,"void channel_eq::eqMmseCoefCompLowMimoKernel<float, float, float, (unsigned int)4, (unsigned int)1, (unsigned int)4>(const channel_eq::_puschRxChEqStatDescr *, channel_eq::_puschRxChEqCoefCompDynDescr)"
2104305609,4864,22365,273,1,1,12,11,1,40,0.002,0.000,,,,,NVIDIA A100-SXM4-40GB (0),1,,13,"void channel_eq::eqMmseSoftDemapKernel<float, __half, __half, float, (unsigned int)4, (unsigned short)16383>(channel_eq::_puschRxChEqStatDescr *, channel_eq::_puschRxChEqSoftDemapDynDescr)"
2104311497,282108,22366,1,1,1,32,32,1,30,0.000,0.000,,,,,NVIDIA A100-SXM4-40GB (0),1,,13,"void convert_kernel<float2, __half2>(tensor_layout_any, T1 *, tensor_layout_any, const T2 *)"
2104594757,10080,22378,2253,1,1,128,1,1,16,0.000,0.000,,,,,NVIDIA A100-SXM4-40GB (0),1,,13,cupy_copy__float16_float16
2104605829,2400,22387,282,1,1,128,1,1,16,0.000,0.000,,,,,NVIDIA A100-SXM4-40GB (0),1,,13,cupy_copy__complex64_complex64
2104609317,1760,22396,26,1,1,128,1,1,16,0.000,0.000,,,,,NVIDIA A100-SXM4-40GB (0),1,,13,cupy_copy__float32_float32
2104612325,2528,22405,103,1,1,128,1,1,16,0.000,0.000,,,,,NVIDIA A100-SXM4-40GB (0),1,,13,cupy_copy__complex64_complex64
2104616069,11200,22415,1434,1,1,128,1,1,16,0.000,0.000,,,,,NVIDIA A100-SXM4-40GB (0),1,,13,cupy_copy__complex64_complex64
2104762851,79423,22420,1,1,1,32,32,1,30,0.000,0.000,,,,,NVIDIA A100-SXM4-40GB (0),1,,13,"void convert_kernel<__half2, float2>(tensor_layout_any, T1 *, tensor_layout_any, const T2 *)"
2104874146,4128,22423,,,,,,,,,,0.061,14883.717,Pinned,Device,NVIDIA A100-SXM4-40GB (0),1,,13,[CUDA memcpy Host-to-Device]
2104885890,587672,22424,,,,,,,,,,456.520,776541.336,Device,,NVIDIA A100-SXM4-40GB (0),1,,13,[CUDA memset]
2105474554,32672,22429,,,,,,,,,,0.825,25261.304,Pinned,Device,NVIDIA A100-SXM4-40GB (0),1,,13,[CUDA memcpy Host-to-Device]
2105509370,6752,22430,,,,,,,,,,0.131,19412.287,Pinned,Device,NVIDIA A100-SXM4-40GB (0),1,,13,[CUDA memcpy Host-to-Device]
2105525178,7328,22431,69,4,1,48,1,1,76,0.002,0.000,,,,,NVIDIA A100-SXM4-40GB (0),1,,13,"void ch_est::windowedChEstPreNoDftSOfdmKernel<float, __half, float, (unsigned int)2, (unsigned int)1, (unsigned short)4>(ch_est::puschRxChEstStatDescr_t *, ch_est::puschRxChEstDynDescr_t *)"
2105533754,6304,22432,137,2,1,24,2,1,44,0.001,0.001,,,,,NVIDIA A100-SXM4-40GB (0),1,,13,"void ch_est::chEstFilterNoDftSOfdmDispatchKernel<float, __half, float, (unsigned int)2>(ch_est::puschRxChEstStatDescr_t *, ch_est::puschRxChEstDynDescr_t *)"
2105541082,4576,22433,137,2,1,24,2,1,44,0.001,0.001,,,,,NVIDIA A100-SXM4-40GB (0),1,,13,"void ch_est::chEstFilterNoDftSOfdmDispatchKernel<float, __half, float, (unsigned int)2>(ch_est::puschRxChEstStatDescr_t *, ch_est::puschRxChEstDynDescr_t *)"
2105546969,2176,22444,103,1,1,128,1,1,16,0.000,0.000,,,,,NVIDIA A100-SXM4-40GB (0),1,,13,cupy_copy__complex64_complex64
2105550329,12864,22454,1434,1,1,128,1,1,16,0.000,0.000,,,,,NVIDIA A100-SXM4-40GB (0),1,,13,cupy_copy__complex64_complex64
2105564249,2080,22461,103,1,1,128,1,1,16,0.000,0.000,,,,,NVIDIA A100-SXM4-40GB (0),1,,13,cupy_copy__complex64_complex64
2105567545,78399,22468,1,1,1,32,32,1,30,0.000,0.000,,,,,NVIDIA A100-SXM4-40GB (0),1,,13,"void convert_kernel<__half2, float2>(tensor_layout_any, T1 *, tensor_layout_any, const T2 *)"
2105673944,4320,22471,,,,,,,,,,0.061,14222.193,Pinned,Device,NVIDIA A100-SXM4-40GB (0),1,,13,[CUDA memcpy Host-to-Device]
2105685848,45055,22472,,,,,,,,,,35.801,794602.307,Device,,NVIDIA A100-SXM4-40GB (0),1,,13,[CUDA memset]
2105737751,1856,22474,,,,,,,,,,0.000,43.103,Pinned,Device,NVIDIA A100-SXM4-40GB (0),1,,13,[CUDA memcpy Host-to-Device]
2105741751,6784,22475,,,,,,,,,,0.131,19320.668,Pinned,Device,NVIDIA A100-SXM4-40GB (0),1,,13,[CUDA memcpy Host-to-Device]
2105752407,8736,22476,273,1,1,48,1,1,40,0.000,0.001,,,,,NVIDIA A100-SXM4-40GB (0),1,,13,"void pusch_noise_intf_est::noiseIntfEstNoDftSOfdmKernel<float, __half, float, float, (unsigned int)2, (unsigned int)1, (unsigned char)4, (unsigned char)4>(pusch_noise_intf_est::puschRxNoiseIntfEstDynDescr)"
2105762327,2560,22487,35,1,1,128,1,1,16,0.000,0.000,,,,,NVIDIA A100-SXM4-40GB (0),1,,13,cupy_copy__complex64_complex64
2105792054,1536,22496,1,1,1,1,1,1,18,0.000,0.000,,,,,NVIDIA A100-SXM4-40GB (0),1,,13,cupy_copy__float32_float32
2105825046,1728,22502,,,,,,,,,,0.000,2.315,Device,Pageable,NVIDIA A100-SXM4-40GB (0),1,,7,[CUDA memcpy Device-to-Host]
2105883029,13408,22513,1434,1,1,128,1,1,16,0.000,0.000,,,,,NVIDIA A100-SXM4-40GB (0),1,,13,cupy_copy__complex64_complex64
2105909205,2368,22520,103,1,1,128,1,1,16,0.000,0.000,,,,,NVIDIA A100-SXM4-40GB (0),1,,13,cupy_copy__complex64_complex64
2105929781,1984,22527,35,1,1,128,1,1,16,0.000,0.000,,,,,NVIDIA A100-SXM4-40GB (0),1,,13,cupy_copy__complex64_complex64
2105947572,1504,22534,1,1,1,1,1,1,18,0.000,0.000,,,,,NVIDIA A100-SXM4-40GB (0),1,,13,cupy_copy__float32_float32
2106077395,78495,22545,1,1,1,32,32,1,30,0.000,0.000,,,,,NVIDIA A100-SXM4-40GB (0),1,,13,"void convert_kernel<__half2, float2>(tensor_layout_any, T1 *, tensor_layout_any, const T2 *)"
2106184402,4159,22548,,,,,,,,,,0.061,14772.756,Pinned,Device,NVIDIA A100-SXM4-40GB (0),1,,13,[CUDA memcpy Host-to-Device]
2106198673,2560,22549,,,,,,,,,,1.547,604150.000,Device,,NVIDIA A100-SXM4-40GB (0),1,,13,[CUDA memset]
2106204657,2720,22554,,,,,,,,,,0.021,7741.175,Pinned,Device,NVIDIA A100-SXM4-40GB (0),1,,13,[CUDA memcpy Host-to-Device]
2106209905,6752,22555,,,,,,,,,,0.131,19412.287,Pinned,Device,NVIDIA A100-SXM4-40GB (0),1,,13,[CUDA memcpy Host-to-Device]
2106223409,5856,22556,273,1,1,8,4,1,39,0.002,0.000,,,,,NVIDIA A100-SXM4-40GB (0),1,,13,"void channel_eq::eqMmseCoefCompLowMimoKernel<float, float, float, (unsigned int)4, (unsigned int)1, (unsigned int)4>(const channel_eq::_puschRxChEqStatDescr *, channel_eq::_puschRxChEqCoefCompDynDescr)"
2106230513,4768,22557,273,1,1,12,11,1,40,0.002,0.000,,,,,NVIDIA A100-SXM4-40GB (0),1,,13,"void channel_eq::eqMmseSoftDemapKernel<float, __half, __half, float, (unsigned int)4, (unsigned short)16383>(channel_eq::_puschRxChEqStatDescr *, channel_eq::_puschRxChEqSoftDemapDynDescr)"
2106236305,281980,22558,1,1,1,32,32,1,30,0.000,0.000,,,,,NVIDIA A100-SXM4-40GB (0),1,,13,"void convert_kernel<float2, __half2>(tensor_layout_any, T1 *, tensor_layout_any, const T2 *)"
2106519309,10368,22570,2253,1,1,128,1,1,16,0.000,0.000,,,,,NVIDIA A100-SXM4-40GB (0),1,,13,cupy_copy__float16_float16
2106530733,2400,22579,282,1,1,128,1,1,16,0.000,0.000,,,,,NVIDIA A100-SXM4-40GB (0),1,,13,cupy_copy__complex64_complex64
2106534189,1792,22588,26,1,1,128,1,1,16,0.000,0.000,,,,,NVIDIA A100-SXM4-40GB (0),1,,13,cupy_copy__float32_float32
2106537229,2560,22597,103,1,1,128,1,1,16,0.000,0.000,,,,,NVIDIA A100-SXM4-40GB (0),1,,13,cupy_copy__complex64_complex64
2106541101,11136,22607,1434,1,1,128,1,1,16,0.000,0.000,,,,,NVIDIA A100-SXM4-40GB (0),1,,13,cupy_copy__complex64_complex64
2106571213,78239,22612,1,1,1,32,32,1,30,0.000,0.000,,,,,NVIDIA A100-SXM4-40GB (0),1,,13,"void convert_kernel<__half2, float2>(tensor_layout_any, T1 *, tensor_layout_any, const T2 *)"
2106676619,4416,22615,,,,,,,,,,0.061,13913.027,Pinned,Device,NVIDIA A100-SXM4-40GB (0),1,,13,[CUDA memcpy Host-to-Device]
2106687499,588025,22616,,,,,,,,,,456.520,776084.816,Device,,NVIDIA A100-SXM4-40GB (0),1,,13,[CUDA memset]
2107278468,32735,22621,,,,,,,,,,0.825,25212.609,Pinned,Device,NVIDIA A100-SXM4-40GB (0),1,,13,[CUDA memcpy Host-to-Device]
2107313315,7136,22622,,,,,,,,,,0.131,18367.644,Pinned,Device,NVIDIA A100-SXM4-40GB (0),1,,13,[CUDA memcpy Host-to-Device]
2107328003,7168,22623,69,4,1,48,1,1,76,0.002,0.000,,,,,NVIDIA A100-SXM4-40GB (0),1,,13,"void ch_est::windowedChEstPreNoDftSOfdmKernel<float, __half, float, (unsigned int)2, (unsigned int)1, (unsigned short)4>(ch_est::puschRxChEstStatDescr_t *, ch_est::puschRxChEstDynDescr_t *)"
2107336483,6240,22624,137,2,1,24,2,1,44,0.001,0.001,,,,,NVIDIA A100-SXM4-40GB (0),1,,13,"void ch_est::chEstFilterNoDftSOfdmDispatchKernel<float, __half, float, (unsigned int)2>(ch_est::puschRxChEstStatDescr_t *, ch_est::puschRxChEstDynDescr_t *)"
2107343907,4576,22625,137,2,1,24,2,1,44,0.001,0.001,,,,,NVIDIA A100-SXM4-40GB (0),1,,13,"void ch_est::chEstFilterNoDftSOfdmDispatchKernel<float, __half, float, (unsigned int)2>(ch_est::puschRxChEstStatDescr_t *, ch_est::puschRxChEstDynDescr_t *)"
2107349795,2144,22636,103,1,1,128,1,1,16,0.000,0.000,,,,,NVIDIA A100-SXM4-40GB (0),1,,13,cupy_copy__complex64_complex64
2107352963,12544,22646,1434,1,1,128,1,1,16,0.000,0.000,,,,,NVIDIA A100-SXM4-40GB (0),1,,13,cupy_copy__complex64_complex64
2107366691,2144,22653,103,1,1,128,1,1,16,0.000,0.000,,,,,NVIDIA A100-SXM4-40GB (0),1,,13,cupy_copy__complex64_complex64
2107369891,78143,22660,1,1,1,32,32,1,30,0.000,0.000,,,,,NVIDIA A100-SXM4-40GB (0),1,,13,"void convert_kernel<__half2, float2>(tensor_layout_any, T1 *, tensor_layout_any, const T2 *)"
2107475297,4192,22663,,,,,,,,,,0.061,14656.451,Pinned,Device,NVIDIA A100-SXM4-40GB (0),1,,13,[CUDA memcpy Host-to-Device]
2107487361,44832,22664,,,,,,,,,,35.801,798540.413,Device,,NVIDIA A100-SXM4-40GB (0),1,,13,[CUDA memset]
2107538945,1856,22666,,,,,,,,,,0.000,43.103,Pinned,Device,NVIDIA A100-SXM4-40GB (0),1,,13,[CUDA memcpy Host-to-Device]
2107542944,6752,22667,,,,,,,,,,0.131,19412.287,Pinned,Device,NVIDIA A100-SXM4-40GB (0),1,,13,[CUDA memcpy Host-to-Device]
2107554592,8480,22668,273,1,1,48,1,1,40,0.000,0.001,,,,,NVIDIA A100-SXM4-40GB (0),1,,13,"void pusch_noise_intf_est::noiseIntfEstNoDftSOfdmKernel<float, __half, float, float, (unsigned int)2, (unsigned int)1, (unsigned char)4, (unsigned char)4>(pusch_noise_intf_est::puschRxNoiseIntfEstDynDescr)"
2107564192,2592,22679,35,1,1,128,1,1,16,0.000,0.000,,,,,NVIDIA A100-SXM4-40GB (0),1,,13,cupy_copy__complex64_complex64
2107592000,1504,22688,1,1,1,1,1,1,18,0.000,0.000,,,,,NVIDIA A100-SXM4-40GB (0),1,,13,cupy_copy__float32_float32
2107624639,2144,22694,,,,,,,,,,0.000,1.866,Device,Pageable,NVIDIA A100-SXM4-40GB (0),1,,7,[CUDA memcpy Device-to-Host]
2107681247,13152,22705,1434,1,1,128,1,1,16,0.000,0.000,,,,,NVIDIA A100-SXM4-40GB (0),1,,13,cupy_copy__complex64_complex64
2107708158,2304,22712,103,1,1,128,1,1,16,0.000,0.000,,,,,NVIDIA A100-SXM4-40GB (0),1,,13,cupy_copy__complex64_complex64
2107727998,1984,22719,35,1,1,128,1,1,16,0.000,0.000,,,,,NVIDIA A100-SXM4-40GB (0),1,,13,cupy_copy__complex64_complex64
2107746174,1472,22726,1,1,1,1,1,1,18,0.000,0.000,,,,,NVIDIA A100-SXM4-40GB (0),1,,13,cupy_copy__float32_float32
2107877180,79167,22737,1,1,1,32,32,1,30,0.000,0.000,,,,,NVIDIA A100-SXM4-40GB (0),1,,13,"void convert_kernel<__half2, float2>(tensor_layout_any, T1 *, tensor_layout_any, const T2 *)"
2108131705,4256,22740,,,,,,,,,,0.061,14436.065,Pinned,Device,NVIDIA A100-SXM4-40GB (0),1,,13,[CUDA memcpy Host-to-Device]
2108139385,2592,22741,,,,,,,,,,1.547,596690.632,Device,,NVIDIA A100-SXM4-40GB (0),1,,13,[CUDA memset]
2108146873,2784,22746,,,,,,,,,,0.021,7563.210,Pinned,Device,NVIDIA A100-SXM4-40GB (0),1,,13,[CUDA memcpy Host-to-Device]
2108152121,7296,22747,,,,,,,,,,0.131,17964.859,Pinned,Device,NVIDIA A100-SXM4-40GB (0),1,,13,[CUDA memcpy Host-to-Device]
2108164281,5920,22748,273,1,1,8,4,1,39,0.002,0.000,,,,,NVIDIA A100-SXM4-40GB (0),1,,13,"void channel_eq::eqMmseCoefCompLowMimoKernel<float, float, float, (unsigned int)4, (unsigned int)1, (unsigned int)4>(const channel_eq::_puschRxChEqStatDescr *, channel_eq::_puschRxChEqCoefCompDynDescr)"
2108171481,4800,22749,273,1,1,12,11,1,40,0.002,0.000,,,,,NVIDIA A100-SXM4-40GB (0),1,,13,"void channel_eq::eqMmseSoftDemapKernel<float, __half, __half, float, (unsigned int)4, (unsigned short)16383>(channel_eq::_puschRxChEqStatDescr *, channel_eq::_puschRxChEqSoftDemapDynDescr)"
2108177561,281724,22750,1,1,1,32,32,1,30,0.000,0.000,,,,,NVIDIA A100-SXM4-40GB (0),1,,13,"void convert_kernel<float2, __half2>(tensor_layout_any, T1 *, tensor_layout_any, const T2 *)"
2108460405,10304,22762,2253,1,1,128,1,1,16,0.000,0.000,,,,,NVIDIA A100-SXM4-40GB (0),1,,13,cupy_copy__float16_float16
2108471765,2368,22771,282,1,1,128,1,1,16,0.000,0.000,,,,,NVIDIA A100-SXM4-40GB (0),1,,13,cupy_copy__complex64_complex64
2108475221,1760,22780,26,1,1,128,1,1,16,0.000,0.000,,,,,NVIDIA A100-SXM4-40GB (0),1,,13,cupy_copy__float32_float32
2108478197,2560,22789,103,1,1,128,1,1,16,0.000,0.000,,,,,NVIDIA A100-SXM4-40GB (0),1,,13,cupy_copy__complex64_complex64
2108482005,11232,22799,1434,1,1,128,1,1,16,0.000,0.000,,,,,NVIDIA A100-SXM4-40GB (0),1,,13,cupy_copy__complex64_complex64
2108638163,78911,22804,1,1,1,32,32,1,30,0.000,0.000,,,,,NVIDIA A100-SXM4-40GB (0),1,,13,"void convert_kernel<__half2, float2>(tensor_layout_any, T1 *, tensor_layout_any, const T2 *)"
2108748369,4160,22807,,,,,,,,,,0.061,14769.193,Pinned,Device,NVIDIA A100-SXM4-40GB (0),1,,13,[CUDA memcpy Host-to-Device]
2108759217,588793,22808,,,,,,,,,,456.520,775171.775,Device,,NVIDIA A100-SXM4-40GB (0),1,,13,[CUDA memset]
2109349994,32735,22813,,,,,,,,,,0.825,25212.609,Pinned,Device,NVIDIA A100-SXM4-40GB (0),1,,13,[CUDA memcpy Host-to-Device]
2109384841,6752,22814,,,,,,,,,,0.131,19412.287,Pinned,Device,NVIDIA A100-SXM4-40GB (0),1,,13,[CUDA memcpy Host-to-Device]
2109396425,7072,22815,69,4,1,48,1,1,76,0.002,0.000,,,,,NVIDIA A100-SXM4-40GB (0),1,,13,"void ch_est::windowedChEstPreNoDftSOfdmKernel<float, __half, float, (unsigned int)2, (unsigned int)1, (unsigned short)4>(ch_est::puschRxChEstStatDescr_t *, ch_est::puschRxChEstDynDescr_t *)"
2109404745,6240,22816,137,2,1,24,2,1,44,0.001,0.001,,,,,NVIDIA A100-SXM4-40GB (0),1,,13,"void ch_est::chEstFilterNoDftSOfdmDispatchKernel<float, __half, float, (unsigned int)2>(ch_est::puschRxChEstStatDescr_t *, ch_est::puschRxChEstDynDescr_t *)"
2109412009,4576,22817,137,2,1,24,2,1,44,0.001,0.001,,,,,NVIDIA A100-SXM4-40GB (0),1,,13,"void ch_est::chEstFilterNoDftSOfdmDispatchKernel<float, __half, float, (unsigned int)2>(ch_est::puschRxChEstStatDescr_t *, ch_est::puschRxChEstDynDescr_t *)"
2109417865,2176,22828,103,1,1,128,1,1,16,0.000,0.000,,,,,NVIDIA A100-SXM4-40GB (0),1,,13,cupy_copy__complex64_complex64
2109421033,12352,22838,1434,1,1,128,1,1,16,0.000,0.000,,,,,NVIDIA A100-SXM4-40GB (0),1,,13,cupy_copy__complex64_complex64
2109434377,2112,22845,103,1,1,128,1,1,16,0.000,0.000,,,,,NVIDIA A100-SXM4-40GB (0),1,,13,cupy_copy__complex64_complex64
2109437801,79071,22852,1,1,1,32,32,1,30,0.000,0.000,,,,,NVIDIA A100-SXM4-40GB (0),1,,13,"void convert_kernel<__half2, float2>(tensor_layout_any, T1 *, tensor_layout_any, const T2 *)"
2109675174,4352,22855,,,,,,,,,,0.061,14117.622,Pinned,Device,NVIDIA A100-SXM4-40GB (0),1,,13,[CUDA memcpy Host-to-Device]
2109687654,45727,22856,,,,,,,,,,35.801,782895.393,Device,,NVIDIA A100-SXM4-40GB (0),1,,13,[CUDA memset]
2109740133,1856,22858,,,,,,,,,,0.000,43.103,Pinned,Device,NVIDIA A100-SXM4-40GB (0),1,,13,[CUDA memcpy Host-to-Device]
2109744101,6912,22859,,,,,,,,,,0.131,18962.842,Pinned,Device,NVIDIA A100-SXM4-40GB (0),1,,13,[CUDA memcpy Host-to-Device]
2109760389,8928,22860,273,1,1,48,1,1,40,0.000,0.001,,,,,NVIDIA A100-SXM4-40GB (0),1,,13,"void pusch_noise_intf_est::noiseIntfEstNoDftSOfdmKernel<float, __half, float, float, (unsigned int)2, (unsigned int)1, (unsigned char)4, (unsigned char)4>(pusch_noise_intf_est::puschRxNoiseIntfEstDynDescr)"
2109770597,2528,22871,35,1,1,128,1,1,16,0.000,0.000,,,,,NVIDIA A100-SXM4-40GB (0),1,,13,cupy_copy__complex64_complex64
2109778852,1536,22880,1,1,1,1,1,1,18,0.000,0.000,,,,,NVIDIA A100-SXM4-40GB (0),1,,13,cupy_copy__float32_float32
2109812292,1888,22886,,,,,,,,,,0.000,2.119,Device,Pageable,NVIDIA A100-SXM4-40GB (0),1,,7,[CUDA memcpy Device-to-Host]
2109869475,13280,22897,1434,1,1,128,1,1,16,0.000,0.000,,,,,NVIDIA A100-SXM4-40GB (0),1,,13,cupy_copy__complex64_complex64
2109895747,2400,22904,103,1,1,128,1,1,16,0.000,0.000,,,,,NVIDIA A100-SXM4-40GB (0),1,,13,cupy_copy__complex64_complex64
2109916163,2016,22911,35,1,1,128,1,1,16,0.000,0.000,,,,,NVIDIA A100-SXM4-40GB (0),1,,13,cupy_copy__complex64_complex64
2109934435,1504,22918,1,1,1,1,1,1,18,0.000,0.000,,,,,NVIDIA A100-SXM4-40GB (0),1,,13,cupy_copy__float32_float32
2110193055,78687,22929,1,1,1,32,32,1,30,0.000,0.000,,,,,NVIDIA A100-SXM4-40GB (0),1,,13,"void convert_kernel<__half2, float2>(tensor_layout_any, T1 *, tensor_layout_any, const T2 *)"
2110303102,4160,22932,,,,,,,,,,0.061,14769.193,Pinned,Device,NVIDIA A100-SXM4-40GB (0),1,,13,[CUDA memcpy Host-to-Device]
2110317406,2560,22933,,,,,,,,,,1.547,604150.000,Device,,NVIDIA A100-SXM4-40GB (0),1,,13,[CUDA memset]
2110323486,2752,22938,,,,,,,,,,0.021,7651.161,Pinned,Device,NVIDIA A100-SXM4-40GB (0),1,,13,[CUDA memcpy Host-to-Device]
2110329438,6911,22939,,,,,,,,,,0.131,18965.594,Pinned,Device,NVIDIA A100-SXM4-40GB (0),1,,13,[CUDA memcpy Host-to-Device]
2110343037,5856,22940,273,1,1,8,4,1,39,0.002,0.000,,,,,NVIDIA A100-SXM4-40GB (0),1,,13,"void channel_eq::eqMmseCoefCompLowMimoKernel<float, float, float, (unsigned int)4, (unsigned int)1, (unsigned int)4>(const channel_eq::_puschRxChEqStatDescr *, channel_eq::_puschRxChEqCoefCompDynDescr)"
2110349949,4832,22941,273,1,1,12,11,1,40,0.002,0.000,,,,,NVIDIA A100-SXM4-40GB (0),1,,13,"void channel_eq::eqMmseSoftDemapKernel<float, __half, __half, float, (unsigned int)4, (unsigned short)16383>(channel_eq::_puschRxChEqStatDescr *, channel_eq::_puschRxChEqSoftDemapDynDescr)"
2110356061,281437,22942,1,1,1,32,32,1,30,0.000,0.000,,,,,NVIDIA A100-SXM4-40GB (0),1,,13,"void convert_kernel<float2, __half2>(tensor_layout_any, T1 *, tensor_layout_any, const T2 *)"
2110638522,10336,22954,2253,1,1,128,1,1,16,0.000,0.000,,,,,NVIDIA A100-SXM4-40GB (0),1,,13,cupy_copy__float16_float16
2110649978,2368,22963,282,1,1,128,1,1,16,0.000,0.000,,,,,NVIDIA A100-SXM4-40GB (0),1,,13,cupy_copy__complex64_complex64
2110653594,1760,22972,26,1,1,128,1,1,16,0.000,0.000,,,,,NVIDIA A100-SXM4-40GB (0),1,,13,cupy_copy__float32_float32
2110656505,2592,22981,103,1,1,128,1,1,16,0.000,0.000,,,,,NVIDIA A100-SXM4-40GB (0),1,,13,cupy_copy__complex64_complex64
2110660313,11136,22991,1434,1,1,128,1,1,16,0.000,0.000,,,,,NVIDIA A100-SXM4-40GB (0),1,,13,cupy_copy__complex64_complex64
2110693945,78751,22996,1,1,1,32,32,1,30,0.000,0.000,,,,,NVIDIA A100-SXM4-40GB (0),1,,13,"void convert_kernel<__half2, float2>(tensor_layout_any, T1 *, tensor_layout_any, const T2 *)"
2110800120,4608,22999,,,,,,,,,,0.061,13333.279,Pinned,Device,NVIDIA A100-SXM4-40GB (0),1,,13,[CUDA memcpy Host-to-Device]
2110811064,588120,23000,,,,,,,,,,456.520,776084.816,Device,,NVIDIA A100-SXM4-40GB (0),1,,13,[CUDA memset]
2111403792,32704,23005,,,,,,,,,,0.825,25236.543,Pinned,Device,NVIDIA A100-SXM4-40GB (0),1,,13,[CUDA memcpy Host-to-Device]
2111438608,6816,23006,,,,,,,,,,0.131,19229.966,Pinned,Device,NVIDIA A100-SXM4-40GB (0),1,,13,[CUDA memcpy Host-to-Device]
2111449680,7327,23007,69,4,1,48,1,1,76,0.002,0.000,,,,,NVIDIA A100-SXM4-40GB (0),1,,13,"void ch_est::windowedChEstPreNoDftSOfdmKernel<float, __half, float, (unsigned int)2, (unsigned int)1, (unsigned short)4>(ch_est::puschRxChEstStatDescr_t *, ch_est::puschRxChEstDynDescr_t *)"
2111458255,6240,23008,137,2,1,24,2,1,44,0.001,0.001,,,,,NVIDIA A100-SXM4-40GB (0),1,,13,"void ch_est::chEstFilterNoDftSOfdmDispatchKernel<float, __half, float, (unsigned int)2>(ch_est::puschRxChEstStatDescr_t *, ch_est::puschRxChEstDynDescr_t *)"
2111465679,4576,23009,137,2,1,24,2,1,44,0.001,0.001,,,,,NVIDIA A100-SXM4-40GB (0),1,,13,"void ch_est::chEstFilterNoDftSOfdmDispatchKernel<float, __half, float, (unsigned int)2>(ch_est::puschRxChEstStatDescr_t *, ch_est::puschRxChEstDynDescr_t *)"
2111471343,2144,23020,103,1,1,128,1,1,16,0.000,0.000,,,,,NVIDIA A100-SXM4-40GB (0),1,,13,cupy_copy__complex64_complex64
2111474511,12288,23030,1434,1,1,128,1,1,16,0.000,0.000,,,,,NVIDIA A100-SXM4-40GB (0),1,,13,cupy_copy__complex64_complex64
2111488079,2112,23037,103,1,1,128,1,1,16,0.000,0.000,,,,,NVIDIA A100-SXM4-40GB (0),1,,13,cupy_copy__complex64_complex64
2111491247,78175,23044,1,1,1,32,32,1,30,0.000,0.000,,,,,NVIDIA A100-SXM4-40GB (0),1,,13,"void convert_kernel<__half2, float2>(tensor_layout_any, T1 *, tensor_layout_any, const T2 *)"
2111598382,4192,23047,,,,,,,,,,0.061,14656.451,Pinned,Device,NVIDIA A100-SXM4-40GB (0),1,,13,[CUDA memcpy Host-to-Device]
2111610094,44927,23048,,,,,,,,,,35.801,796857.768,Device,,NVIDIA A100-SXM4-40GB (0),1,,13,[CUDA memset]
2111663181,1824,23050,,,,,,,,,,0.000,43.860,Pinned,Device,NVIDIA A100-SXM4-40GB (0),1,,13,[CUDA memcpy Host-to-Device]
2111668269,6784,23051,,,,,,,,,,0.131,19320.668,Pinned,Device,NVIDIA A100-SXM4-40GB (0),1,,13,[CUDA memcpy Host-to-Device]
2111680301,8800,23052,273,1,1,48,1,1,40,0.000,0.001,,,,,NVIDIA A100-SXM4-40GB (0),1,,13,"void pusch_noise_intf_est::noiseIntfEstNoDftSOfdmKernel<float, __half, float, float, (unsigned int)2, (unsigned int)1, (unsigned char)4, (unsigned char)4>(pusch_noise_intf_est::puschRxNoiseIntfEstDynDescr)"
2111690189,2560,23063,35,1,1,128,1,1,16,0.000,0.000,,,,,NVIDIA A100-SXM4-40GB (0),1,,13,cupy_copy__complex64_complex64
2111716332,1536,23072,1,1,1,1,1,1,18,0.000,0.000,,,,,NVIDIA A100-SXM4-40GB (0),1,,13,cupy_copy__float32_float32
2111748844,2176,23078,,,,,,,,,,0.000,1.838,Device,Pageable,NVIDIA A100-SXM4-40GB (0),1,,7,[CUDA memcpy Device-to-Host]
2111805163,13088,23089,1434,1,1,128,1,1,16,0.000,0.000,,,,,NVIDIA A100-SXM4-40GB (0),1,,13,cupy_copy__complex64_complex64
2111831883,2368,23096,103,1,1,128,1,1,16,0.000,0.000,,,,,NVIDIA A100-SXM4-40GB (0),1,,13,cupy_copy__complex64_complex64
2111852043,2015,23103,35,1,1,128,1,1,16,0.000,0.000,,,,,NVIDIA A100-SXM4-40GB (0),1,,13,cupy_copy__complex64_complex64
2111870730,1504,23110,1,1,1,1,1,1,18,0.000,0.000,,,,,NVIDIA A100-SXM4-40GB (0),1,,13,cupy_copy__float32_float32
2112004521,78399,23121,1,1,1,32,32,1,30,0.000,0.000,,,,,NVIDIA A100-SXM4-40GB (0),1,,13,"void convert_kernel<__half2, float2>(tensor_layout_any, T1 *, tensor_layout_any, const T2 *)"
2112110119,4160,23124,,,,,,,,,,0.061,14769.193,Pinned,Device,NVIDIA A100-SXM4-40GB (0),1,,13,[CUDA memcpy Host-to-Device]
2112124135,2560,23125,,,,,,,,,,1.547,604150.000,Device,,NVIDIA A100-SXM4-40GB (0),1,,13,[CUDA memset]
2112133511,2496,23130,,,,,,,,,,0.021,8435.897,Pinned,Device,NVIDIA A100-SXM4-40GB (0),1,,13,[CUDA memcpy Host-to-Device]
2112138503,6880,23131,,,,,,,,,,0.131,19051.053,Pinned,Device,NVIDIA A100-SXM4-40GB (0),1,,13,[CUDA memcpy Host-to-Device]
2112150279,5888,23132,273,1,1,8,4,1,39,0.002,0.000,,,,,NVIDIA A100-SXM4-40GB (0),1,,13,"void channel_eq::eqMmseCoefCompLowMimoKernel<float, float, float, (unsigned int)4, (unsigned int)1, (unsigned int)4>(const channel_eq::_puschRxChEqStatDescr *, channel_eq::_puschRxChEqCoefCompDynDescr)"
2112157447,4832,23133,273,1,1,12,11,1,40,0.002,0.000,,,,,NVIDIA A100-SXM4-40GB (0),1,,13,"void channel_eq::eqMmseSoftDemapKernel<float, __half, __half, float, (unsigned int)4, (unsigned short)16383>(channel_eq::_puschRxChEqStatDescr *, channel_eq::_puschRxChEqSoftDemapDynDescr)"
2112163335,281212,23134,1,1,1,32,32,1,30,0.000,0.000,,,,,NVIDIA A100-SXM4-40GB (0),1,,13,"void convert_kernel<float2, __half2>(tensor_layout_any, T1 *, tensor_layout_any, const T2 *)"
2112445571,10560,23146,2253,1,1,128,1,1,16,0.000,0.000,,,,,NVIDIA A100-SXM4-40GB (0),1,,13,cupy_copy__float16_float16
2112457347,2368,23155,282,1,1,128,1,1,16,0.000,0.000,,,,,NVIDIA A100-SXM4-40GB (0),1,,13,cupy_copy__complex64_complex64
2112460803,1760,23164,26,1,1,128,1,1,16,0.000,0.000,,,,,NVIDIA A100-SXM4-40GB (0),1,,13,cupy_copy__float32_float32
2112463587,2528,23173,103,1,1,128,1,1,16,0.000,0.000,,,,,NVIDIA A100-SXM4-40GB (0),1,,13,cupy_copy__complex64_complex64
2112467363,11264,23183,1434,1,1,128,1,1,16,0.000,0.000,,,,,NVIDIA A100-SXM4-40GB (0),1,,13,cupy_copy__complex64_complex64
2112498754,78495,23188,1,1,1,32,32,1,30,0.000,0.000,,,,,NVIDIA A100-SXM4-40GB (0),1,,13,"void convert_kernel<__half2, float2>(tensor_layout_any, T1 *, tensor_layout_any, const T2 *)"
2112604769,4128,23191,,,,,,,,,,0.061,14883.717,Pinned,Device,NVIDIA A100-SXM4-40GB (0),1,,13,[CUDA memcpy Host-to-Device]
2112615329,587257,23192,,,,,,,,,,456.520,776997.857,Device,,NVIDIA A100-SXM4-40GB (0),1,,13,[CUDA memset]
2113206330,32735,23197,,,,,,,,,,0.825,25212.609,Pinned,Device,NVIDIA A100-SXM4-40GB (0),1,,13,[CUDA memcpy Host-to-Device]
2113241497,6784,23198,,,,,,,,,,0.131,19320.668,Pinned,Device,NVIDIA A100-SXM4-40GB (0),1,,13,[CUDA memcpy Host-to-Device]
2113252793,7008,23199,69,4,1,48,1,1,76,0.002,0.000,,,,,NVIDIA A100-SXM4-40GB (0),1,,13,"void ch_est::windowedChEstPreNoDftSOfdmKernel<float, __half, float, (unsigned int)2, (unsigned int)1, (unsigned short)4>(ch_est::puschRxChEstStatDescr_t *, ch_est::puschRxChEstDynDescr_t *)"
2113261113,6208,23200,137,2,1,24,2,1,44,0.001,0.001,,,,,NVIDIA A100-SXM4-40GB (0),1,,13,"void ch_est::chEstFilterNoDftSOfdmDispatchKernel<float, __half, float, (unsigned int)2>(ch_est::puschRxChEstStatDescr_t *, ch_est::puschRxChEstDynDescr_t *)"
2113268505,4576,23201,137,2,1,24,2,1,44,0.001,0.001,,,,,NVIDIA A100-SXM4-40GB (0),1,,13,"void ch_est::chEstFilterNoDftSOfdmDispatchKernel<float, __half, float, (unsigned int)2>(ch_est::puschRxChEstStatDescr_t *, ch_est::puschRxChEstDynDescr_t *)"
2113274393,2176,23212,103,1,1,128,1,1,16,0.000,0.000,,,,,NVIDIA A100-SXM4-40GB (0),1,,13,cupy_copy__complex64_complex64
2113277753,12415,23222,1434,1,1,128,1,1,16,0.000,0.000,,,,,NVIDIA A100-SXM4-40GB (0),1,,13,cupy_copy__complex64_complex64
2113291416,2112,23229,103,1,1,128,1,1,16,0.000,0.000,,,,,NVIDIA A100-SXM4-40GB (0),1,,13,cupy_copy__complex64_complex64
2113294712,78367,23236,1,1,1,32,32,1,30,0.000,0.000,,,,,NVIDIA A100-SXM4-40GB (0),1,,13,"void convert_kernel<__half2, float2>(tensor_layout_any, T1 *, tensor_layout_any, const T2 *)"
2113542645,4160,23239,,,,,,,,,,0.061,14769.193,Pinned,Device,NVIDIA A100-SXM4-40GB (0),1,,13,[CUDA memcpy Host-to-Device]
2113555253,46016,23240,,,,,,,,,,35.801,777990.662,Device,,NVIDIA A100-SXM4-40GB (0),1,,13,[CUDA memset]
2113606709,1856,23242,,,,,,,,,,0.000,43.103,Pinned,Device,NVIDIA A100-SXM4-40GB (0),1,,13,[CUDA memcpy Host-to-Device]
2113610676,7168,23243,,,,,,,,,,0.131,18285.593,Pinned,Device,NVIDIA A100-SXM4-40GB (0),1,,13,[CUDA memcpy Host-to-Device]
2113627988,8800,23244,273,1,1,48,1,1,40,0.000,0.001,,,,,NVIDIA A100-SXM4-40GB (0),1,,13,"void pusch_noise_intf_est::noiseIntfEstNoDftSOfdmKernel<float, __half, float, float, (unsigned int)2, (unsigned int)1, (unsigned char)4, (unsigned char)4>(pusch_noise_intf_est::puschRxNoiseIntfEstDynDescr)"
2113637876,2528,23255,35,1,1,128,1,1,16,0.000,0.000,,,,,NVIDIA A100-SXM4-40GB (0),1,,13,cupy_copy__complex64_complex64
2113646868,1504,23264,1,1,1,1,1,1,18,0.000,0.000,,,,,NVIDIA A100-SXM4-40GB (0),1,,13,cupy_copy__float32_float32
2113679956,1728,23270,,,,,,,,,,0.000,2.315,Device,Pageable,NVIDIA A100-SXM4-40GB (0),1,,7,[CUDA memcpy Device-to-Host]
2113736211,13120,23281,1434,1,1,128,1,1,16,0.000,0.000,,,,,NVIDIA A100-SXM4-40GB (0),1,,13,cupy_copy__complex64_complex64
2113762259,2368,23288,103,1,1,128,1,1,16,0.000,0.000,,,,,NVIDIA A100-SXM4-40GB (0),1,,13,cupy_copy__complex64_complex64
2113782610,2016,23295,35,1,1,128,1,1,16,0.000,0.000,,,,,NVIDIA A100-SXM4-40GB (0),1,,13,cupy_copy__complex64_complex64
2113801298,1504,23302,1,1,1,1,1,1,18,0.000,0.000,,,,,NVIDIA A100-SXM4-40GB (0),1,,13,cupy_copy__float32_float32
2114066703,78879,23313,1,1,1,32,32,1,30,0.000,0.000,,,,,NVIDIA A100-SXM4-40GB (0),1,,13,"void convert_kernel<__half2, float2>(tensor_layout_any, T1 *, tensor_layout_any, const T2 *)"
2114177613,4160,23316,,,,,,,,,,0.061,14769.193,Pinned,Device,NVIDIA A100-SXM4-40GB (0),1,,13,[CUDA memcpy Host-to-Device]
2114193229,2560,23317,,,,,,,,,,1.547,604150.000,Device,,NVIDIA A100-SXM4-40GB (0),1,,13,[CUDA memset]
2114199341,2752,23322,,,,,,,,,,0.021,7651.161,Pinned,Device,NVIDIA A100-SXM4-40GB (0),1,,13,[CUDA memcpy Host-to-Device]
2114204205,6816,23323,,,,,,,,,,0.131,19229.966,Pinned,Device,NVIDIA A100-SXM4-40GB (0),1,,13,[CUDA memcpy Host-to-Device]
2114215917,5920,23324,273,1,1,8,4,1,39,0.002,0.000,,,,,NVIDIA A100-SXM4-40GB (0),1,,13,"void channel_eq::eqMmseCoefCompLowMimoKernel<float, float, float, (unsigned int)4, (unsigned int)1, (unsigned int)4>(const channel_eq::_puschRxChEqStatDescr *, channel_eq::_puschRxChEqCoefCompDynDescr)"
2114223117,4832,23325,273,1,1,12,11,1,40,0.002,0.000,,,,,NVIDIA A100-SXM4-40GB (0),1,,13,"void channel_eq::eqMmseSoftDemapKernel<float, __half, __half, float, (unsigned int)4, (unsigned short)16383>(channel_eq::_puschRxChEqStatDescr *, channel_eq::_puschRxChEqSoftDemapDynDescr)"
2114229229,281276,23326,1,1,1,32,32,1,30,0.000,0.000,,,,,NVIDIA A100-SXM4-40GB (0),1,,13,"void convert_kernel<float2, __half2>(tensor_layout_any, T1 *, tensor_layout_any, const T2 *)"
2114511689,10336,23338,2253,1,1,128,1,1,16,0.000,0.000,,,,,NVIDIA A100-SXM4-40GB (0),1,,13,cupy_copy__float16_float16
2114523081,2400,23347,282,1,1,128,1,1,16,0.000,0.000,,,,,NVIDIA A100-SXM4-40GB (0),1,,13,cupy_copy__complex64_complex64
2114526537,1760,23356,26,1,1,128,1,1,16,0.000,0.000,,,,,NVIDIA A100-SXM4-40GB (0),1,,13,cupy_copy__float32_float32
2114529545,2560,23365,103,1,1,128,1,1,16,0.000,0.000,,,,,NVIDIA A100-SXM4-40GB (0),1,,13,cupy_copy__complex64_complex64
2114579336,11296,23381,1434,1,1,128,1,1,16,0.000,0.000,,,,,NVIDIA A100-SXM4-40GB (0),1,,13,cupy_copy__complex64_complex64
2114694727,78975,23386,1,1,1,32,32,1,30,0.000,0.000,,,,,NVIDIA A100-SXM4-40GB (0),1,,13,"void convert_kernel<__half2, float2>(tensor_layout_any, T1 *, tensor_layout_any, const T2 *)"
2114933124,4448,23389,,,,,,,,,,0.061,13812.941,Pinned,Device,NVIDIA A100-SXM4-40GB (0),1,,13,[CUDA memcpy Host-to-Device]
2114942788,590616,23390,,,,,,,,,,456.520,772889.173,Device,,NVIDIA A100-SXM4-40GB (0),1,,13,[CUDA memset]
2115539836,32736,23395,,,,,,,,,,0.825,25211.783,Pinned,Device,NVIDIA A100-SXM4-40GB (0),1,,13,[CUDA memcpy Host-to-Device]
2115574684,7392,23396,,,,,,,,,,0.131,17731.551,Pinned,Device,NVIDIA A100-SXM4-40GB (0),1,,13,[CUDA memcpy Host-to-Device]
2115586460,7744,23397,69,4,1,48,1,1,76,0.002,0.000,,,,,NVIDIA A100-SXM4-40GB (0),1,,13,"void ch_est::windowedChEstPreNoDftSOfdmKernel<float, __half, float, (unsigned int)2, (unsigned int)1, (unsigned short)4>(ch_est::puschRxChEstStatDescr_t *, ch_est::puschRxChEstDynDescr_t *)"
2115595452,6336,23398,137,2,1,24,2,1,44,0.001,0.001,,,,,NVIDIA A100-SXM4-40GB (0),1,,13,"void ch_est::chEstFilterNoDftSOfdmDispatchKernel<float, __half, float, (unsigned int)2>(ch_est::puschRxChEstStatDescr_t *, ch_est::puschRxChEstDynDescr_t *)"
2115603100,4575,23399,137,2,1,24,2,1,44,0.001,0.001,,,,,NVIDIA A100-SXM4-40GB (0),1,,13,"void ch_est::chEstFilterNoDftSOfdmDispatchKernel<float, __half, float, (unsigned int)2>(ch_est::puschRxChEstStatDescr_t *, ch_est::puschRxChEstDynDescr_t *)"
2115608955,2176,23410,103,1,1,128,1,1,16,0.000,0.000,,,,,NVIDIA A100-SXM4-40GB (0),1,,13,cupy_copy__complex64_complex64
2115612155,12640,23420,1434,1,1,128,1,1,16,0.000,0.000,,,,,NVIDIA A100-SXM4-40GB (0),1,,13,cupy_copy__complex64_complex64
2115626011,2112,23427,103,1,1,128,1,1,16,0.000,0.000,,,,,NVIDIA A100-SXM4-40GB (0),1,,13,cupy_copy__complex64_complex64
2115629179,78143,23434,1,1,1,32,32,1,30,0.000,0.000,,,,,NVIDIA A100-SXM4-40GB (0),1,,13,"void convert_kernel<__half2, float2>(tensor_layout_any, T1 *, tensor_layout_any, const T2 *)"
2115741786,4736,23437,,,,,,,,,,0.061,12972.933,Pinned,Device,NVIDIA A100-SXM4-40GB (0),1,,13,[CUDA memcpy Host-to-Device]
2115754714,44703,23438,,,,,,,,,,35.801,800831.674,Device,,NVIDIA A100-SXM4-40GB (0),1,,13,[CUDA memset]
2115807257,1824,23440,,,,,,,,,,0.000,43.860,Pinned,Device,NVIDIA A100-SXM4-40GB (0),1,,13,[CUDA memcpy Host-to-Device]
2115811289,6976,23441,,,,,,,,,,0.131,18788.909,Pinned,Device,NVIDIA A100-SXM4-40GB (0),1,,13,[CUDA memcpy Host-to-Device]
2115824025,8608,23442,273,1,1,48,1,1,40,0.000,0.001,,,,,NVIDIA A100-SXM4-40GB (0),1,,13,"void pusch_noise_intf_est::noiseIntfEstNoDftSOfdmKernel<float, __half, float, float, (unsigned int)2, (unsigned int)1, (unsigned char)4, (unsigned char)4>(pusch_noise_intf_est::puschRxNoiseIntfEstDynDescr)"
2115833689,2624,23453,35,1,1,128,1,1,16,0.000,0.000,,,,,NVIDIA A100-SXM4-40GB (0),1,,13,cupy_copy__complex64_complex64
2115866872,1536,23462,1,1,1,1,1,1,18,0.000,0.000,,,,,NVIDIA A100-SXM4-40GB (0),1,,13,cupy_copy__float32_float32
2115900760,1728,23468,,,,,,,,,,0.000,2.315,Device,Pageable,NVIDIA A100-SXM4-40GB (0),1,,7,[CUDA memcpy Device-to-Host]
2115958423,12992,23479,1434,1,1,128,1,1,16,0.000,0.000,,,,,NVIDIA A100-SXM4-40GB (0),1,,13,cupy_copy__complex64_complex64
2115984695,2336,23486,103,1,1,128,1,1,16,0.000,0.000,,,,,NVIDIA A100-SXM4-40GB (0),1,,13,cupy_copy__complex64_complex64
2116005334,1984,23493,35,1,1,128,1,1,16,0.000,0.000,,,,,NVIDIA A100-SXM4-40GB (0),1,,13,cupy_copy__complex64_complex64
2116024534,1504,23500,1,1,1,1,1,1,18,0.000,0.000,,,,,NVIDIA A100-SXM4-40GB (0),1,,13,cupy_copy__float32_float32
2116163061,78111,23511,1,1,1,32,32,1,30,0.000,0.000,,,,,NVIDIA A100-SXM4-40GB (0),1,,13,"void convert_kernel<__half2, float2>(tensor_layout_any, T1 *, tensor_layout_any, const T2 *)"
2116268851,4160,23514,,,,,,,,,,0.061,14769.193,Pinned,Device,NVIDIA A100-SXM4-40GB (0),1,,13,[CUDA memcpy Host-to-Device]
2116282995,2560,23515,,,,,,,,,,1.547,604150.000,Device,,NVIDIA A100-SXM4-40GB (0),1,,13,[CUDA memset]
2116289299,2784,23520,,,,,,,,,,0.021,7563.210,Pinned,Device,NVIDIA A100-SXM4-40GB (0),1,,13,[CUDA memcpy Host-to-Device]
2116294195,6816,23521,,,,,,,,,,0.131,19229.966,Pinned,Device,NVIDIA A100-SXM4-40GB (0),1,,13,[CUDA memcpy Host-to-Device]
2116305747,5856,23522,273,1,1,8,4,1,39,0.002,0.000,,,,,NVIDIA A100-SXM4-40GB (0),1,,13,"void channel_eq::eqMmseCoefCompLowMimoKernel<float, float, float, (unsigned int)4, (unsigned int)1, (unsigned int)4>(const channel_eq::_puschRxChEqStatDescr *, channel_eq::_puschRxChEqCoefCompDynDescr)"
2116312595,4992,23523,273,1,1,12,11,1,40,0.002,0.000,,,,,NVIDIA A100-SXM4-40GB (0),1,,13,"void channel_eq::eqMmseSoftDemapKernel<float, __half, __half, float, (unsigned int)4, (unsigned short)16383>(channel_eq::_puschRxChEqStatDescr *, channel_eq::_puschRxChEqSoftDemapDynDescr)"
2116318643,281756,23524,1,1,1,32,32,1,30,0.000,0.000,,,,,NVIDIA A100-SXM4-40GB (0),1,,13,"void convert_kernel<float2, __half2>(tensor_layout_any, T1 *, tensor_layout_any, const T2 *)"
2116601647,10400,23536,2253,1,1,128,1,1,16,0.000,0.000,,,,,NVIDIA A100-SXM4-40GB (0),1,,13,cupy_copy__float16_float16
2116613071,2368,23545,282,1,1,128,1,1,16,0.000,0.000,,,,,NVIDIA A100-SXM4-40GB (0),1,,13,cupy_copy__complex64_complex64
2116616495,1792,23554,26,1,1,128,1,1,16,0.000,0.000,,,,,NVIDIA A100-SXM4-40GB (0),1,,13,cupy_copy__float32_float32
2116619535,2528,23563,103,1,1,128,1,1,16,0.000,0.000,,,,,NVIDIA A100-SXM4-40GB (0),1,,13,cupy_copy__complex64_complex64
2116623311,11168,23573,1434,1,1,128,1,1,16,0.000,0.000,,,,,NVIDIA A100-SXM4-40GB (0),1,,13,cupy_copy__complex64_complex64
2116653230,78751,23578,1,1,1,32,32,1,30,0.000,0.000,,,,,NVIDIA A100-SXM4-40GB (0),1,,13,"void convert_kernel<__half2, float2>(tensor_layout_any, T1 *, tensor_layout_any, const T2 *)"
2116759181,4160,23581,,,,,,,,,,0.061,14769.193,Pinned,Device,NVIDIA A100-SXM4-40GB (0),1,,13,[CUDA memcpy Host-to-Device]
2116770157,588121,23582,,,,,,,,,,456.520,776084.816,Device,,NVIDIA A100-SXM4-40GB (0),1,,13,[CUDA memset]
2117367173,33312,23587,,,,,,,,,,0.825,24776.002,Pinned,Device,NVIDIA A100-SXM4-40GB (0),1,,13,[CUDA memcpy Host-to-Device]
2117403045,6848,23588,,,,,,,,,,0.131,19140.182,Pinned,Device,NVIDIA A100-SXM4-40GB (0),1,,13,[CUDA memcpy Host-to-Device]
2117415301,7136,23589,69,4,1,48,1,1,76,0.002,0.000,,,,,NVIDIA A100-SXM4-40GB (0),1,,13,"void ch_est::windowedChEstPreNoDftSOfdmKernel<float, __half, float, (unsigned int)2, (unsigned int)1, (unsigned short)4>(ch_est::puschRxChEstStatDescr_t *, ch_est::puschRxChEstDynDescr_t *)"
2117423461,6208,23590,137,2,1,24,2,1,44,0.001,0.001,,,,,NVIDIA A100-SXM4-40GB (0),1,,13,"void ch_est::chEstFilterNoDftSOfdmDispatchKernel<float, __half, float, (unsigned int)2>(ch_est::puschRxChEstStatDescr_t *, ch_est::puschRxChEstDynDescr_t *)"
2117430693,4576,23591,137,2,1,24,2,1,44,0.001,0.001,,,,,NVIDIA A100-SXM4-40GB (0),1,,13,"void ch_est::chEstFilterNoDftSOfdmDispatchKernel<float, __half, float, (unsigned int)2>(ch_est::puschRxChEstStatDescr_t *, ch_est::puschRxChEstDynDescr_t *)"
2117436549,2176,23602,103,1,1,128,1,1,16,0.000,0.000,,,,,NVIDIA A100-SXM4-40GB (0),1,,13,cupy_copy__complex64_complex64
2117439717,12511,23612,1434,1,1,128,1,1,16,0.000,0.000,,,,,NVIDIA A100-SXM4-40GB (0),1,,13,cupy_copy__complex64_complex64
2117453508,2112,23619,103,1,1,128,1,1,16,0.000,0.000,,,,,NVIDIA A100-SXM4-40GB (0),1,,13,cupy_copy__complex64_complex64
2117456900,78719,23626,1,1,1,32,32,1,30,0.000,0.000,,,,,NVIDIA A100-SXM4-40GB (0),1,,13,"void convert_kernel<__half2, float2>(tensor_layout_any, T1 *, tensor_layout_any, const T2 *)"
2117562915,4160,23629,,,,,,,,,,0.061,14769.193,Pinned,Device,NVIDIA A100-SXM4-40GB (0),1,,13,[CUDA memcpy Host-to-Device]
2117574403,44863,23630,,,,,,,,,,35.801,798003.398,Device,,NVIDIA A100-SXM4-40GB (0),1,,13,[CUDA memset]
2117625218,1856,23632,,,,,,,,,,0.000,43.103,Pinned,Device,NVIDIA A100-SXM4-40GB (0),1,,13,[CUDA memcpy Host-to-Device]
2117629186,6912,23633,,,,,,,,,,0.131,18962.842,Pinned,Device,NVIDIA A100-SXM4-40GB (0),1,,13,[CUDA memcpy Host-to-Device]
2117641602,8576,23634,273,1,1,48,1,1,40,0.000,0.001,,,,,NVIDIA A100-SXM4-40GB (0),1,,13,"void pusch_noise_intf_est::noiseIntfEstNoDftSOfdmKernel<float, __half, float, float, (unsigned int)2, (unsigned int)1, (unsigned char)4, (unsigned char)4>(pusch_noise_intf_est::puschRxNoiseIntfEstDynDescr)"
2117651234,2528,23645,35,1,1,128,1,1,16,0.000,0.000,,,,,NVIDIA A100-SXM4-40GB (0),1,,13,cupy_copy__complex64_complex64
2117685633,1536,23654,1,1,1,1,1,1,18,0.000,0.000,,,,,NVIDIA A100-SXM4-40GB (0),1,,13,cupy_copy__float32_float32
2117718529,1632,23660,,,,,,,,,,0.000,2.451,Device,Pageable,NVIDIA A100-SXM4-40GB (0),1,,7,[CUDA memcpy Device-to-Host]
2117774880,13344,23671,1434,1,1,128,1,1,16,0.000,0.000,,,,,NVIDIA A100-SXM4-40GB (0),1,,13,cupy_copy__complex64_complex64
2117801856,2368,23678,103,1,1,128,1,1,16,0.000,0.000,,,,,NVIDIA A100-SXM4-40GB (0),1,,13,cupy_copy__complex64_complex64
2117823104,2016,23685,35,1,1,128,1,1,16,0.000,0.000,,,,,NVIDIA A100-SXM4-40GB (0),1,,13,cupy_copy__complex64_complex64
2117845951,1504,23692,1,1,1,1,1,1,18,0.000,0.000,,,,,NVIDIA A100-SXM4-40GB (0),1,,13,cupy_copy__float32_float32
2117979902,78687,23703,1,1,1,32,32,1,30,0.000,0.000,,,,,NVIDIA A100-SXM4-40GB (0),1,,13,"void convert_kernel<__half2, float2>(tensor_layout_any, T1 *, tensor_layout_any, const T2 *)"
2118086492,4128,23706,,,,,,,,,,0.061,14883.717,Pinned,Device,NVIDIA A100-SXM4-40GB (0),1,,13,[CUDA memcpy Host-to-Device]
2118100444,2560,23707,,,,,,,,,,1.547,604150.000,Device,,NVIDIA A100-SXM4-40GB (0),1,,13,[CUDA memset]
2118106684,2752,23712,,,,,,,,,,0.021,7651.161,Pinned,Device,NVIDIA A100-SXM4-40GB (0),1,,13,[CUDA memcpy Host-to-Device]
2118111580,6784,23713,,,,,,,,,,0.131,19320.668,Pinned,Device,NVIDIA A100-SXM4-40GB (0),1,,13,[CUDA memcpy Host-to-Device]
2118122652,5888,23714,273,1,1,8,4,1,39,0.002,0.000,,,,,NVIDIA A100-SXM4-40GB (0),1,,13,"void channel_eq::eqMmseCoefCompLowMimoKernel<float, float, float, (unsigned int)4, (unsigned int)1, (unsigned int)4>(const channel_eq::_puschRxChEqStatDescr *, channel_eq::_puschRxChEqCoefCompDynDescr)"
2118129596,4832,23715,273,1,1,12,11,1,40,0.002,0.000,,,,,NVIDIA A100-SXM4-40GB (0),1,,13,"void channel_eq::eqMmseSoftDemapKernel<float, __half, __half, float, (unsigned int)4, (unsigned short)16383>(channel_eq::_puschRxChEqStatDescr *, channel_eq::_puschRxChEqSoftDemapDynDescr)"
2118135708,281212,23716,1,1,1,32,32,1,30,0.000,0.000,,,,,NVIDIA A100-SXM4-40GB (0),1,,13,"void convert_kernel<float2, __half2>(tensor_layout_any, T1 *, tensor_layout_any, const T2 *)"
2118418072,10496,23728,2253,1,1,128,1,1,16,0.000,0.000,,,,,NVIDIA A100-SXM4-40GB (0),1,,13,cupy_copy__float16_float16
2118429848,2368,23737,282,1,1,128,1,1,16,0.000,0.000,,,,,NVIDIA A100-SXM4-40GB (0),1,,13,cupy_copy__complex64_complex64
2118433432,1792,23746,26,1,1,128,1,1,16,0.000,0.000,,,,,NVIDIA A100-SXM4-40GB (0),1,,13,cupy_copy__float32_float32
2118436440,2560,23755,103,1,1,128,1,1,16,0.000,0.000,,,,,NVIDIA A100-SXM4-40GB (0),1,,13,cupy_copy__complex64_complex64
2118440248,11200,23765,1434,1,1,128,1,1,16,0.000,0.000,,,,,NVIDIA A100-SXM4-40GB (0),1,,13,cupy_copy__complex64_complex64
2118475800,78463,23770,1,1,1,32,32,1,30,0.000,0.000,,,,,NVIDIA A100-SXM4-40GB (0),1,,13,"void convert_kernel<__half2, float2>(tensor_layout_any, T1 *, tensor_layout_any, const T2 *)"
2118722004,4128,23773,,,,,,,,,,0.061,14883.717,Pinned,Device,NVIDIA A100-SXM4-40GB (0),1,,13,[CUDA memcpy Host-to-Device]
2118730484,589369,23774,,,,,,,,,,456.520,774258.734,Device,,NVIDIA A100-SXM4-40GB (0),1,,13,[CUDA memset]
2119326573,32703,23779,,,,,,,,,,0.825,25237.369,Pinned,Device,NVIDIA A100-SXM4-40GB (0),1,,13,[CUDA memcpy Host-to-Device]
2119361676,6752,23780,,,,,,,,,,0.131,19412.287,Pinned,Device,NVIDIA A100-SXM4-40GB (0),1,,13,[CUDA memcpy Host-to-Device]
2119372428,7104,23781,69,4,1,48,1,1,76,0.002,0.000,,,,,NVIDIA A100-SXM4-40GB (0),1,,13,"void ch_est::windowedChEstPreNoDftSOfdmKernel<float, __half, float, (unsigned int)2, (unsigned int)1, (unsigned short)4>(ch_est::puschRxChEstStatDescr_t *, ch_est::puschRxChEstDynDescr_t *)"
2119380652,6304,23782,137,2,1,24,2,1,44,0.001,0.001,,,,,NVIDIA A100-SXM4-40GB (0),1,,13,"void ch_est::chEstFilterNoDftSOfdmDispatchKernel<float, __half, float, (unsigned int)2>(ch_est::puschRxChEstStatDescr_t *, ch_est::puschRxChEstDynDescr_t *)"
2119388012,4544,23783,137,2,1,24,2,1,44,0.001,0.001,,,,,NVIDIA A100-SXM4-40GB (0),1,,13,"void ch_est::chEstFilterNoDftSOfdmDispatchKernel<float, __half, float, (unsigned int)2>(ch_est::puschRxChEstStatDescr_t *, ch_est::puschRxChEstDynDescr_t *)"
2119393644,2624,23794,103,1,1,128,1,1,16,0.000,0.000,,,,,NVIDIA A100-SXM4-40GB (0),1,,13,cupy_copy__complex64_complex64
2119397452,12416,23804,1434,1,1,128,1,1,16,0.000,0.000,,,,,NVIDIA A100-SXM4-40GB (0),1,,13,cupy_copy__complex64_complex64
2119411052,2144,23811,103,1,1,128,1,1,16,0.000,0.000,,,,,NVIDIA A100-SXM4-40GB (0),1,,13,cupy_copy__complex64_complex64
2119414252,78271,23818,1,1,1,32,32,1,30,0.000,0.000,,,,,NVIDIA A100-SXM4-40GB (0),1,,13,"void convert_kernel<__half2, float2>(tensor_layout_any, T1 *, tensor_layout_any, const T2 *)"
2119523466,4352,23821,,,,,,,,,,0.061,14117.622,Pinned,Device,NVIDIA A100-SXM4-40GB (0),1,,13,[CUDA memcpy Host-to-Device]
2119535946,45152,23822,,,,,,,,,,35.801,792883.861,Device,,NVIDIA A100-SXM4-40GB (0),1,,13,[CUDA memset]
2119588202,1888,23824,,,,,,,,,,0.000,42.373,Pinned,Device,NVIDIA A100-SXM4-40GB (0),1,,13,[CUDA memcpy Host-to-Device]
2119592202,6719,23825,,,,,,,,,,0.131,19507.577,Pinned,Device,NVIDIA A100-SXM4-40GB (0),1,,13,[CUDA memcpy Host-to-Device]
2119605609,8544,23826,273,1,1,48,1,1,40,0.000,0.001,,,,,NVIDIA A100-SXM4-40GB (0),1,,13,"void pusch_noise_intf_est::noiseIntfEstNoDftSOfdmKernel<float, __half, float, float, (unsigned int)2, (unsigned int)1, (unsigned char)4, (unsigned char)4>(pusch_noise_intf_est::puschRxNoiseIntfEstDynDescr)"
2119615337,2592,23837,35,1,1,128,1,1,16,0.000,0.000,,,,,NVIDIA A100-SXM4-40GB (0),1,,13,cupy_copy__complex64_complex64
2119649225,1536,23846,1,1,1,1,1,1,18,0.000,0.000,,,,,NVIDIA A100-SXM4-40GB (0),1,,13,cupy_copy__float32_float32
2119683560,1728,23852,,,,,,,,,,0.000,2.315,Device,Pageable,NVIDIA A100-SXM4-40GB (0),1,,7,[CUDA memcpy Device-to-Host]
2119741448,13216,23863,1434,1,1,128,1,1,16,0.000,0.000,,,,,NVIDIA A100-SXM4-40GB (0),1,,13,cupy_copy__complex64_complex64
2119769511,2368,23870,103,1,1,128,1,1,16,0.000,0.000,,,,,NVIDIA A100-SXM4-40GB (0),1,,13,cupy_copy__complex64_complex64
2119794439,2016,23877,35,1,1,128,1,1,16,0.000,0.000,,,,,NVIDIA A100-SXM4-40GB (0),1,,13,cupy_copy__complex64_complex64
2119813031,1504,23884,1,1,1,1,1,1,18,0.000,0.000,,,,,NVIDIA A100-SXM4-40GB (0),1,,13,cupy_copy__float32_float32
2119950629,78751,23895,1,1,1,32,32,1,30,0.000,0.000,,,,,NVIDIA A100-SXM4-40GB (0),1,,13,"void convert_kernel<__half2, float2>(tensor_layout_any, T1 *, tensor_layout_any, const T2 *)"
2120190882,4128,23898,,,,,,,,,,0.061,14883.717,Pinned,Device,NVIDIA A100-SXM4-40GB (0),1,,13,[CUDA memcpy Host-to-Device]
2120198146,2560,23899,,,,,,,,,,1.547,604150.000,Device,,NVIDIA A100-SXM4-40GB (0),1,,13,[CUDA memset]
2120204322,2816,23904,,,,,,,,,,0.021,7477.259,Pinned,Device,NVIDIA A100-SXM4-40GB (0),1,,13,[CUDA memcpy Host-to-Device]
2120209250,6816,23905,,,,,,,,,,0.131,19229.966,Pinned,Device,NVIDIA A100-SXM4-40GB (0),1,,13,[CUDA memcpy Host-to-Device]
2120221442,6016,23906,273,1,1,8,4,1,39,0.002,0.000,,,,,NVIDIA A100-SXM4-40GB (0),1,,13,"void channel_eq::eqMmseCoefCompLowMimoKernel<float, float, float, (unsigned int)4, (unsigned int)1, (unsigned int)4>(const channel_eq::_puschRxChEqStatDescr *, channel_eq::_puschRxChEqCoefCompDynDescr)"
2120228546,4800,23907,273,1,1,12,11,1,40,0.002,0.000,,,,,NVIDIA A100-SXM4-40GB (0),1,,13,"void channel_eq::eqMmseSoftDemapKernel<float, __half, __half, float, (unsigned int)4, (unsigned short)16383>(channel_eq::_puschRxChEqStatDescr *, channel_eq::_puschRxChEqSoftDemapDynDescr)"
2120234402,282524,23908,1,1,1,32,32,1,30,0.000,0.000,,,,,NVIDIA A100-SXM4-40GB (0),1,,13,"void convert_kernel<float2, __half2>(tensor_layout_any, T1 *, tensor_layout_any, const T2 *)"
2120517982,10400,23920,2253,1,1,128,1,1,16,0.000,0.000,,,,,NVIDIA A100-SXM4-40GB (0),1,,13,cupy_copy__float16_float16
2120529662,2400,23929,282,1,1,128,1,1,16,0.000,0.000,,,,,NVIDIA A100-SXM4-40GB (0),1,,13,cupy_copy__complex64_complex64
2120533118,1760,23938,26,1,1,128,1,1,16,0.000,0.000,,,,,NVIDIA A100-SXM4-40GB (0),1,,13,cupy_copy__float32_float32
2120536126,2528,23947,103,1,1,128,1,1,16,0.000,0.000,,,,,NVIDIA A100-SXM4-40GB (0),1,,13,cupy_copy__complex64_complex64
2120539902,11264,23957,1434,1,1,128,1,1,16,0.000,0.000,,,,,NVIDIA A100-SXM4-40GB (0),1,,13,cupy_copy__complex64_complex64
2120692380,79039,23962,1,1,1,32,32,1,30,0.000,0.000,,,,,NVIDIA A100-SXM4-40GB (0),1,,13,"void convert_kernel<__half2, float2>(tensor_layout_any, T1 *, tensor_layout_any, const T2 *)"
2120809050,4128,23965,,,,,,,,,,0.061,14883.717,Pinned,Device,NVIDIA A100-SXM4-40GB (0),1,,13,[CUDA memcpy Host-to-Device]
2120820378,588505,23966,,,,,,,,,,456.520,775628.296,Device,,NVIDIA A100-SXM4-40GB (0),1,,13,[CUDA memset]
2121411539,32799,23971,,,,,,,,,,0.825,25163.088,Pinned,Device,NVIDIA A100-SXM4-40GB (0),1,,13,[CUDA memcpy Host-to-Device]
2121446610,6784,23972,,,,,,,,,,0.131,19320.668,Pinned,Device,NVIDIA A100-SXM4-40GB (0),1,,13,[CUDA memcpy Host-to-Device]
2121462482,7232,23973,69,4,1,48,1,1,76,0.002,0.000,,,,,NVIDIA A100-SXM4-40GB (0),1,,13,"void ch_est::windowedChEstPreNoDftSOfdmKernel<float, __half, float, (unsigned int)2, (unsigned int)1, (unsigned short)4>(ch_est::puschRxChEstStatDescr_t *, ch_est::puschRxChEstDynDescr_t *)"
2121470738,6272,23974,137,2,1,24,2,1,44,0.001,0.001,,,,,NVIDIA A100-SXM4-40GB (0),1,,13,"void ch_est::chEstFilterNoDftSOfdmDispatchKernel<float, __half, float, (unsigned int)2>(ch_est::puschRxChEstStatDescr_t *, ch_est::puschRxChEstDynDescr_t *)"
2121478066,4576,23975,137,2,1,24,2,1,44,0.001,0.001,,,,,NVIDIA A100-SXM4-40GB (0),1,,13,"void ch_est::chEstFilterNoDftSOfdmDispatchKernel<float, __half, float, (unsigned int)2>(ch_est::puschRxChEstStatDescr_t *, ch_est::puschRxChEstDynDescr_t *)"
2121483954,2176,23986,103,1,1,128,1,1,16,0.000,0.000,,,,,NVIDIA A100-SXM4-40GB (0),1,,13,cupy_copy__complex64_complex64
2121487346,12448,23996,1434,1,1,128,1,1,16,0.000,0.000,,,,,NVIDIA A100-SXM4-40GB (0),1,,13,cupy_copy__complex64_complex64
2121500786,2112,24003,103,1,1,128,1,1,16,0.000,0.000,,,,,NVIDIA A100-SXM4-40GB (0),1,,13,cupy_copy__complex64_complex64
2121503986,78399,24010,1,1,1,32,32,1,30,0.000,0.000,,,,,NVIDIA A100-SXM4-40GB (0),1,,13,"void convert_kernel<__half2, float2>(tensor_layout_any, T1 *, tensor_layout_any, const T2 *)"
2121610320,4192,24013,,,,,,,,,,0.061,14656.451,Pinned,Device,NVIDIA A100-SXM4-40GB (0),1,,13,[CUDA memcpy Host-to-Device]
2121622000,44704,24014,,,,,,,,,,35.801,800831.674,Device,,NVIDIA A100-SXM4-40GB (0),1,,13,[CUDA memset]
2121674063,2400,24016,,,,,,,,,,0.000,33.333,Pinned,Device,NVIDIA A100-SXM4-40GB (0),1,,13,[CUDA memcpy Host-to-Device]
2121678607,6752,24017,,,,,,,,,,0.131,19412.287,Pinned,Device,NVIDIA A100-SXM4-40GB (0),1,,13,[CUDA memcpy Host-to-Device]
2121689711,8576,24018,273,1,1,48,1,1,40,0.000,0.001,,,,,NVIDIA A100-SXM4-40GB (0),1,,13,"void pusch_noise_intf_est::noiseIntfEstNoDftSOfdmKernel<float, __half, float, float, (unsigned int)2, (unsigned int)1, (unsigned char)4, (unsigned char)4>(pusch_noise_intf_est::puschRxNoiseIntfEstDynDescr)"
2121699535,2624,24029,35,1,1,128,1,1,16,0.000,0.000,,,,,NVIDIA A100-SXM4-40GB (0),1,,13,cupy_copy__complex64_complex64
2121731535,1536,24038,1,1,1,1,1,1,18,0.000,0.000,,,,,NVIDIA A100-SXM4-40GB (0),1,,13,cupy_copy__float32_float32
2121765070,1728,24044,,,,,,,,,,0.000,2.315,Device,Pageable,NVIDIA A100-SXM4-40GB (0),1,,7,[CUDA memcpy Device-to-Host]
2121823534,13087,24055,1434,1,1,128,1,1,16,0.000,0.000,,,,,NVIDIA A100-SXM4-40GB (0),1,,13,cupy_copy__complex64_complex64
2121853293,2368,24062,103,1,1,128,1,1,16,0.000,0.000,,,,,NVIDIA A100-SXM4-40GB (0),1,,13,cupy_copy__complex64_complex64
2121874093,2016,24069,35,1,1,128,1,1,16,0.000,0.000,,,,,NVIDIA A100-SXM4-40GB (0),1,,13,cupy_copy__complex64_complex64
2121892877,1472,24076,1,1,1,1,1,1,18,0.000,0.000,,,,,NVIDIA A100-SXM4-40GB (0),1,,13,cupy_copy__float32_float32
2122026187,78399,24087,1,1,1,32,32,1,30,0.000,0.000,,,,,NVIDIA A100-SXM4-40GB (0),1,,13,"void convert_kernel<__half2, float2>(tensor_layout_any, T1 *, tensor_layout_any, const T2 *)"
2122132874,4160,24090,,,,,,,,,,0.061,14769.193,Pinned,Device,NVIDIA A100-SXM4-40GB (0),1,,13,[CUDA memcpy Host-to-Device]
2122147114,2560,24091,,,,,,,,,,1.547,604150.000,Device,,NVIDIA A100-SXM4-40GB (0),1,,13,[CUDA memset]
2122153225,2720,24096,,,,,,,,,,0.021,7741.175,Pinned,Device,NVIDIA A100-SXM4-40GB (0),1,,13,[CUDA memcpy Host-to-Device]
2122158089,6816,24097,,,,,,,,,,0.131,19229.966,Pinned,Device,NVIDIA A100-SXM4-40GB (0),1,,13,[CUDA memcpy Host-to-Device]
2122169673,5888,24098,273,1,1,8,4,1,39,0.002,0.000,,,,,NVIDIA A100-SXM4-40GB (0),1,,13,"void channel_eq::eqMmseCoefCompLowMimoKernel<float, float, float, (unsigned int)4, (unsigned int)1, (unsigned int)4>(const channel_eq::_puschRxChEqStatDescr *, channel_eq::_puschRxChEqCoefCompDynDescr)"
2122176873,4800,24099,273,1,1,12,11,1,40,0.002,0.000,,,,,NVIDIA A100-SXM4-40GB (0),1,,13,"void channel_eq::eqMmseSoftDemapKernel<float, __half, __half, float, (unsigned int)4, (unsigned short)16383>(channel_eq::_puschRxChEqStatDescr *, channel_eq::_puschRxChEqSoftDemapDynDescr)"
2122182985,282141,24100,1,1,1,32,32,1,30,0.000,0.000,,,,,NVIDIA A100-SXM4-40GB (0),1,,13,"void convert_kernel<float2, __half2>(tensor_layout_any, T1 *, tensor_layout_any, const T2 *)"
2122466150,10271,24112,2253,1,1,128,1,1,16,0.000,0.000,,,,,NVIDIA A100-SXM4-40GB (0),1,,13,cupy_copy__float16_float16
2122477669,2368,24121,282,1,1,128,1,1,16,0.000,0.000,,,,,NVIDIA A100-SXM4-40GB (0),1,,13,cupy_copy__complex64_complex64
2122481125,1760,24130,26,1,1,128,1,1,16,0.000,0.000,,,,,NVIDIA A100-SXM4-40GB (0),1,,13,cupy_copy__float32_float32
2122484133,2560,24139,103,1,1,128,1,1,16,0.000,0.000,,,,,NVIDIA A100-SXM4-40GB (0),1,,13,cupy_copy__complex64_complex64
2122487973,11200,24149,1434,1,1,128,1,1,16,0.000,0.000,,,,,NVIDIA A100-SXM4-40GB (0),1,,13,cupy_copy__complex64_complex64
2122519973,78879,24154,1,1,1,32,32,1,30,0.000,0.000,,,,,NVIDIA A100-SXM4-40GB (0),1,,13,"void convert_kernel<__half2, float2>(tensor_layout_any, T1 *, tensor_layout_any, const T2 *)"
2122626372,4127,24157,,,,,,,,,,0.061,14887.281,Pinned,Device,NVIDIA A100-SXM4-40GB (0),1,,13,[CUDA memcpy Host-to-Device]
2122637411,588505,24158,,,,,,,,,,456.520,775628.296,Device,,NVIDIA A100-SXM4-40GB (0),1,,13,[CUDA memset]
2123229116,32704,24163,,,,,,,,,,0.825,25236.543,Pinned,Device,NVIDIA A100-SXM4-40GB (0),1,,13,[CUDA memcpy Host-to-Device]
2123263932,6847,24164,,,,,,,,,,0.131,19142.935,Pinned,Device,NVIDIA A100-SXM4-40GB (0),1,,13,[CUDA memcpy Host-to-Device]
2123276603,7424,24165,69,4,1,48,1,1,76,0.002,0.000,,,,,NVIDIA A100-SXM4-40GB (0),1,,13,"void ch_est::windowedChEstPreNoDftSOfdmKernel<float, __half, float, (unsigned int)2, (unsigned int)1, (unsigned short)4>(ch_est::puschRxChEstStatDescr_t *, ch_est::puschRxChEstDynDescr_t *)"
2123285371,6208,24166,137,2,1,24,2,1,44,0.001,0.001,,,,,NVIDIA A100-SXM4-40GB (0),1,,13,"void ch_est::chEstFilterNoDftSOfdmDispatchKernel<float, __half, float, (unsigned int)2>(ch_est::puschRxChEstStatDescr_t *, ch_est::puschRxChEstDynDescr_t *)"
2123292763,4576,24167,137,2,1,24,2,1,44,0.001,0.001,,,,,NVIDIA A100-SXM4-40GB (0),1,,13,"void ch_est::chEstFilterNoDftSOfdmDispatchKernel<float, __half, float, (unsigned int)2>(ch_est::puschRxChEstStatDescr_t *, ch_est::puschRxChEstDynDescr_t *)"
2123298619,2176,24178,103,1,1,128,1,1,16,0.000,0.000,,,,,NVIDIA A100-SXM4-40GB (0),1,,13,cupy_copy__complex64_complex64
2123301819,12384,24188,1434,1,1,128,1,1,16,0.000,0.000,,,,,NVIDIA A100-SXM4-40GB (0),1,,13,cupy_copy__complex64_complex64
2123315227,2144,24195,103,1,1,128,1,1,16,0.000,0.000,,,,,NVIDIA A100-SXM4-40GB (0),1,,13,cupy_copy__complex64_complex64
2123318395,78975,24202,1,1,1,32,32,1,30,0.000,0.000,,,,,NVIDIA A100-SXM4-40GB (0),1,,13,"void convert_kernel<__half2, float2>(tensor_layout_any, T1 *, tensor_layout_any, const T2 *)"
2123424346,4127,24205,,,,,,,,,,0.061,14887.281,Pinned,Device,NVIDIA A100-SXM4-40GB (0),1,,13,[CUDA memcpy Host-to-Device]
2123436345,44544,24206,,,,,,,,,,35.801,803695.751,Device,,NVIDIA A100-SXM4-40GB (0),1,,13,[CUDA memset]
2123488569,1856,24208,,,,,,,,,,0.000,43.103,Pinned,Device,NVIDIA A100-SXM4-40GB (0),1,,13,[CUDA memcpy Host-to-Device]
2123492569,6752,24209,,,,,,,,,,0.131,19412.287,Pinned,Device,NVIDIA A100-SXM4-40GB (0),1,,13,[CUDA memcpy Host-to-Device]
2123504505,8575,24210,273,1,1,48,1,1,40,0.000,0.001,,,,,NVIDIA A100-SXM4-40GB (0),1,,13,"void pusch_noise_intf_est::noiseIntfEstNoDftSOfdmKernel<float, __half, float, float, (unsigned int)2, (unsigned int)1, (unsigned char)4, (unsigned char)4>(pusch_noise_intf_est::puschRxNoiseIntfEstDynDescr)"
2123514232,2592,24221,35,1,1,128,1,1,16,0.000,0.000,,,,,NVIDIA A100-SXM4-40GB (0),1,,13,cupy_copy__complex64_complex64
2123540920,1504,24230,1,1,1,1,1,1,18,0.000,0.000,,,,,NVIDIA A100-SXM4-40GB (0),1,,13,cupy_copy__float32_float32
2123573880,1632,24236,,,,,,,,,,0.000,2.451,Device,Pageable,NVIDIA A100-SXM4-40GB (0),1,,7,[CUDA memcpy Device-to-Host]
2123634711,13248,24247,1434,1,1,128,1,1,16,0.000,0.000,,,,,NVIDIA A100-SXM4-40GB (0),1,,13,cupy_copy__complex64_complex64
2123660631,2368,24254,103,1,1,128,1,1,16,0.000,0.000,,,,,NVIDIA A100-SXM4-40GB (0),1,,13,cupy_copy__complex64_complex64
2123681046,2016,24261,35,1,1,128,1,1,16,0.000,0.000,,,,,NVIDIA A100-SXM4-40GB (0),1,,13,cupy_copy__complex64_complex64
2123699670,1504,24268,1,1,1,1,1,1,18,0.000,0.000,,,,,NVIDIA A100-SXM4-40GB (0),1,,13,cupy_copy__float32_float32
2123830676,78623,24279,1,1,1,32,32,1,30,0.000,0.000,,,,,NVIDIA A100-SXM4-40GB (0),1,,13,"void convert_kernel<__half2, float2>(tensor_layout_any, T1 *, tensor_layout_any, const T2 *)"
2124094577,4160,24282,,,,,,,,,,0.061,14769.193,Pinned,Device,NVIDIA A100-SXM4-40GB (0),1,,13,[CUDA memcpy Host-to-Device]
2124104081,2560,24283,,,,,,,,,,1.547,604150.000,Device,,NVIDIA A100-SXM4-40GB (0),1,,13,[CUDA memset]
2124107793,2880,24288,,,,,,,,,,0.021,7311.106,Pinned,Device,NVIDIA A100-SXM4-40GB (0),1,,13,[CUDA memcpy Host-to-Device]
2124113265,6752,24289,,,,,,,,,,0.131,19412.287,Pinned,Device,NVIDIA A100-SXM4-40GB (0),1,,13,[CUDA memcpy Host-to-Device]
2124131025,6016,24290,273,1,1,8,4,1,39,0.002,0.000,,,,,NVIDIA A100-SXM4-40GB (0),1,,13,"void channel_eq::eqMmseCoefCompLowMimoKernel<float, float, float, (unsigned int)4, (unsigned int)1, (unsigned int)4>(const channel_eq::_puschRxChEqStatDescr *, channel_eq::_puschRxChEqCoefCompDynDescr)"
2124138129,4864,24291,273,1,1,12,11,1,40,0.002,0.000,,,,,NVIDIA A100-SXM4-40GB (0),1,,13,"void channel_eq::eqMmseSoftDemapKernel<float, __half, __half, float, (unsigned int)4, (unsigned short)16383>(channel_eq::_puschRxChEqStatDescr *, channel_eq::_puschRxChEqSoftDemapDynDescr)"
2124144273,281724,24292,1,1,1,32,32,1,30,0.000,0.000,,,,,NVIDIA A100-SXM4-40GB (0),1,,13,"void convert_kernel<float2, __half2>(tensor_layout_any, T1 *, tensor_layout_any, const T2 *)"
2124427053,10304,24304,2253,1,1,128,1,1,16,0.000,0.000,,,,,NVIDIA A100-SXM4-40GB (0),1,,13,cupy_copy__float16_float16
2124438381,2400,24313,282,1,1,128,1,1,16,0.000,0.000,,,,,NVIDIA A100-SXM4-40GB (0),1,,13,cupy_copy__complex64_complex64
2124441837,1792,24322,26,1,1,128,1,1,16,0.000,0.000,,,,,NVIDIA A100-SXM4-40GB (0),1,,13,cupy_copy__float32_float32
2124444845,2560,24331,103,1,1,128,1,1,16,0.000,0.000,,,,,NVIDIA A100-SXM4-40GB (0),1,,13,cupy_copy__complex64_complex64
2124448621,11168,24341,1434,1,1,128,1,1,16,0.000,0.000,,,,,NVIDIA A100-SXM4-40GB (0),1,,13,cupy_copy__complex64_complex64
2124597835,78879,24346,1,1,1,32,32,1,30,0.000,0.000,,,,,NVIDIA A100-SXM4-40GB (0),1,,13,"void convert_kernel<__half2, float2>(tensor_layout_any, T1 *, tensor_layout_any, const T2 *)"
2124707497,4160,24349,,,,,,,,,,0.061,14769.193,Pinned,Device,NVIDIA A100-SXM4-40GB (0),1,,13,[CUDA memcpy Host-to-Device]
2124718921,589241,24350,,,,,,,,,,456.520,774715.255,Device,,NVIDIA A100-SXM4-40GB (0),1,,13,[CUDA memset]
2125309858,32672,24355,,,,,,,,,,0.825,25261.304,Pinned,Device,NVIDIA A100-SXM4-40GB (0),1,,13,[CUDA memcpy Host-to-Device]
2125344993,6752,24356,,,,,,,,,,0.131,19412.287,Pinned,Device,NVIDIA A100-SXM4-40GB (0),1,,13,[CUDA memcpy Host-to-Device]
2125357345,6976,24357,69,4,1,48,1,1,76,0.002,0.000,,,,,NVIDIA A100-SXM4-40GB (0),1,,13,"void ch_est::windowedChEstPreNoDftSOfdmKernel<float, __half, float, (unsigned int)2, (unsigned int)1, (unsigned short)4>(ch_est::puschRxChEstStatDescr_t *, ch_est::puschRxChEstDynDescr_t *)"
2125365345,6080,24358,137,2,1,24,2,1,44,0.001,0.001,,,,,NVIDIA A100-SXM4-40GB (0),1,,13,"void ch_est::chEstFilterNoDftSOfdmDispatchKernel<float, __half, float, (unsigned int)2>(ch_est::puschRxChEstStatDescr_t *, ch_est::puschRxChEstDynDescr_t *)"
2125372673,4576,24359,137,2,1,24,2,1,44,0.001,0.001,,,,,NVIDIA A100-SXM4-40GB (0),1,,13,"void ch_est::chEstFilterNoDftSOfdmDispatchKernel<float, __half, float, (unsigned int)2>(ch_est::puschRxChEstStatDescr_t *, ch_est::puschRxChEstDynDescr_t *)"
2125378497,2208,24370,103,1,1,128,1,1,16,0.000,0.000,,,,,NVIDIA A100-SXM4-40GB (0),1,,13,cupy_copy__complex64_complex64
2125382017,12608,24380,1434,1,1,128,1,1,16,0.000,0.000,,,,,NVIDIA A100-SXM4-40GB (0),1,,13,cupy_copy__complex64_complex64
2125395937,2080,24387,103,1,1,128,1,1,16,0.000,0.000,,,,,NVIDIA A100-SXM4-40GB (0),1,,13,cupy_copy__complex64_complex64
2125399297,77759,24394,1,1,1,32,32,1,30,0.000,0.000,,,,,NVIDIA A100-SXM4-40GB (0),1,,13,"void convert_kernel<__half2, float2>(tensor_layout_any, T1 *, tensor_layout_any, const T2 *)"
2125637438,4192,24397,,,,,,,,,,0.061,14656.451,Pinned,Device,NVIDIA A100-SXM4-40GB (0),1,,13,[CUDA memcpy Host-to-Device]
2125647518,46079,24398,,,,,,,,,,35.801,776916.633,Device,,NVIDIA A100-SXM4-40GB (0),1,,13,[CUDA memset]
2125701405,1952,24400,,,,,,,,,,0.000,40.984,Pinned,Device,NVIDIA A100-SXM4-40GB (0),1,,13,[CUDA memcpy Host-to-Device]
2125705821,6752,24401,,,,,,,,,,0.131,19412.287,Pinned,Device,NVIDIA A100-SXM4-40GB (0),1,,13,[CUDA memcpy Host-to-Device]
2125719837,9152,24402,273,1,1,48,1,1,40,0.000,0.001,,,,,NVIDIA A100-SXM4-40GB (0),1,,13,"void pusch_noise_intf_est::noiseIntfEstNoDftSOfdmKernel<float, __half, float, float, (unsigned int)2, (unsigned int)1, (unsigned char)4, (unsigned char)4>(pusch_noise_intf_est::puschRxNoiseIntfEstDynDescr)"
2125730237,2592,24413,35,1,1,128,1,1,16,0.000,0.000,,,,,NVIDIA A100-SXM4-40GB (0),1,,13,cupy_copy__complex64_complex64
2125743804,1536,24422,1,1,1,1,1,1,18,0.000,0.000,,,,,NVIDIA A100-SXM4-40GB (0),1,,13,cupy_copy__float32_float32
2125780956,1696,24428,,,,,,,,,,0.000,2.358,Device,Pageable,NVIDIA A100-SXM4-40GB (0),1,,7,[CUDA memcpy Device-to-Host]
2125839675,13248,24439,1434,1,1,128,1,1,16,0.000,0.000,,,,,NVIDIA A100-SXM4-40GB (0),1,,13,cupy_copy__complex64_complex64
2125866747,2400,24446,103,1,1,128,1,1,16,0.000,0.000,,,,,NVIDIA A100-SXM4-40GB (0),1,,13,cupy_copy__complex64_complex64
2125887483,2016,24453,35,1,1,128,1,1,16,0.000,0.000,,,,,NVIDIA A100-SXM4-40GB (0),1,,13,cupy_copy__complex64_complex64
2125905818,1504,24460,1,1,1,1,1,1,18,0.000,0.000,,,,,NVIDIA A100-SXM4-40GB (0),1,,13,cupy_copy__float32_float32
2126172055,79007,24471,1,1,1,32,32,1,30,0.000,0.000,,,,,NVIDIA A100-SXM4-40GB (0),1,,13,"void convert_kernel<__half2, float2>(tensor_layout_any, T1 *, tensor_layout_any, const T2 *)"
2126282486,4128,24474,,,,,,,,,,0.061,14883.717,Pinned,Device,NVIDIA A100-SXM4-40GB (0),1,,13,[CUDA memcpy Host-to-Device]
2126297398,2528,24475,,,,,,,,,,1.547,611796.509,Device,,NVIDIA A100-SXM4-40GB (0),1,,13,[CUDA memset]
2126303765,2752,24480,,,,,,,,,,0.021,7651.161,Pinned,Device,NVIDIA A100-SXM4-40GB (0),1,,13,[CUDA memcpy Host-to-Device]
2126309077,7136,24481,,,,,,,,,,0.131,18367.644,Pinned,Device,NVIDIA A100-SXM4-40GB (0),1,,13,[CUDA memcpy Host-to-Device]
2126320021,5888,24482,273,1,1,8,4,1,39,0.002,0.000,,,,,NVIDIA A100-SXM4-40GB (0),1,,13,"void channel_eq::eqMmseCoefCompLowMimoKernel<float, float, float, (unsigned int)4, (unsigned int)1, (unsigned int)4>(const channel_eq::_puschRxChEqStatDescr *, channel_eq::_puschRxChEqCoefCompDynDescr)"
2126326965,4832,24483,273,1,1,12,11,1,40,0.002,0.000,,,,,NVIDIA A100-SXM4-40GB (0),1,,13,"void channel_eq::eqMmseSoftDemapKernel<float, __half, __half, float, (unsigned int)4, (unsigned short)16383>(channel_eq::_puschRxChEqStatDescr *, channel_eq::_puschRxChEqSoftDemapDynDescr)"
2126333077,281341,24484,1,1,1,32,32,1,30,0.000,0.000,,,,,NVIDIA A100-SXM4-40GB (0),1,,13,"void convert_kernel<float2, __half2>(tensor_layout_any, T1 *, tensor_layout_any, const T2 *)"
2126615538,10623,24496,2253,1,1,128,1,1,16,0.000,0.000,,,,,NVIDIA A100-SXM4-40GB (0),1,,13,cupy_copy__float16_float16
2126627249,2368,24505,282,1,1,128,1,1,16,0.000,0.000,,,,,NVIDIA A100-SXM4-40GB (0),1,,13,cupy_copy__complex64_complex64
2126630865,1760,24514,26,1,1,128,1,1,16,0.000,0.000,,,,,NVIDIA A100-SXM4-40GB (0),1,,13,cupy_copy__float32_float32
2126633873,2528,24523,103,1,1,128,1,1,16,0.000,0.000,,,,,NVIDIA A100-SXM4-40GB (0),1,,13,cupy_copy__complex64_complex64
2126637617,11168,24533,1434,1,1,128,1,1,16,0.000,0.000,,,,,NVIDIA A100-SXM4-40GB (0),1,,13,cupy_copy__complex64_complex64
2126680465,78527,24538,1,1,1,32,32,1,30,0.000,0.000,,,,,NVIDIA A100-SXM4-40GB (0),1,,13,"void convert_kernel<__half2, float2>(tensor_layout_any, T1 *, tensor_layout_any, const T2 *)"
2126786287,4096,24541,,,,,,,,,,0.061,14999.962,Pinned,Device,NVIDIA A100-SXM4-40GB (0),1,,13,[CUDA memcpy Host-to-Device]
2126797167,588249,24542,,,,,,,,,,456.520,775628.296,Device,,NVIDIA A100-SXM4-40GB (0),1,,13,[CUDA memset]
2127394056,32703,24547,,,,,,,,,,0.825,25237.369,Pinned,Device,NVIDIA A100-SXM4-40GB (0),1,,13,[CUDA memcpy Host-to-Device]
2127429831,7136,24548,,,,,,,,,,0.131,18367.644,Pinned,Device,NVIDIA A100-SXM4-40GB (0),1,,13,[CUDA memcpy Host-to-Device]
2127442183,7136,24549,69,4,1,48,1,1,76,0.002,0.000,,,,,NVIDIA A100-SXM4-40GB (0),1,,13,"void ch_est::windowedChEstPreNoDftSOfdmKernel<float, __half, float, (unsigned int)2, (unsigned int)1, (unsigned short)4>(ch_est::puschRxChEstStatDescr_t *, ch_est::puschRxChEstDynDescr_t *)"
2127450535,6272,24550,137,2,1,24,2,1,44,0.001,0.001,,,,,NVIDIA A100-SXM4-40GB (0),1,,13,"void ch_est::chEstFilterNoDftSOfdmDispatchKernel<float, __half, float, (unsigned int)2>(ch_est::puschRxChEstStatDescr_t *, ch_est::puschRxChEstDynDescr_t *)"
2127457895,4544,24551,137,2,1,24,2,1,44,0.001,0.001,,,,,NVIDIA A100-SXM4-40GB (0),1,,13,"void ch_est::chEstFilterNoDftSOfdmDispatchKernel<float, __half, float, (unsigned int)2>(ch_est::puschRxChEstStatDescr_t *, ch_est::puschRxChEstDynDescr_t *)"
2127463623,2176,24562,103,1,1,128,1,1,16,0.000,0.000,,,,,NVIDIA A100-SXM4-40GB (0),1,,13,cupy_copy__complex64_complex64
2127466823,12736,24572,1434,1,1,128,1,1,16,0.000,0.000,,,,,NVIDIA A100-SXM4-40GB (0),1,,13,cupy_copy__complex64_complex64
2127480807,2112,24579,103,1,1,128,1,1,16,0.000,0.000,,,,,NVIDIA A100-SXM4-40GB (0),1,,13,cupy_copy__complex64_complex64
2127484039,77951,24586,1,1,1,32,32,1,30,0.000,0.000,,,,,NVIDIA A100-SXM4-40GB (0),1,,13,"void convert_kernel<__half2, float2>(tensor_layout_any, T1 *, tensor_layout_any, const T2 *)"
2127589221,4160,24589,,,,,,,,,,0.061,14769.193,Pinned,Device,NVIDIA A100-SXM4-40GB (0),1,,13,[CUDA memcpy Host-to-Device]
2127601285,45056,24590,,,,,,,,,,35.801,794566.506,Device,,NVIDIA A100-SXM4-40GB (0),1,,13,[CUDA memset]
2127652741,1856,24592,,,,,,,,,,0.000,43.103,Pinned,Device,NVIDIA A100-SXM4-40GB (0),1,,13,[CUDA memcpy Host-to-Device]
2127657221,6879,24593,,,,,,,,,,0.131,19053.806,Pinned,Device,NVIDIA A100-SXM4-40GB (0),1,,13,[CUDA memcpy Host-to-Device]
2127667780,8640,24594,273,1,1,48,1,1,40,0.000,0.001,,,,,NVIDIA A100-SXM4-40GB (0),1,,13,"void pusch_noise_intf_est::noiseIntfEstNoDftSOfdmKernel<float, __half, float, float, (unsigned int)2, (unsigned int)1, (unsigned char)4, (unsigned char)4>(pusch_noise_intf_est::puschRxNoiseIntfEstDynDescr)"
2127677412,2752,24605,35,1,1,128,1,1,16,0.000,0.000,,,,,NVIDIA A100-SXM4-40GB (0),1,,13,cupy_copy__complex64_complex64
2127709476,1536,24614,1,1,1,1,1,1,18,0.000,0.000,,,,,NVIDIA A100-SXM4-40GB (0),1,,13,cupy_copy__float32_float32
2127742819,1728,24620,,,,,,,,,,0.000,2.315,Device,Pageable,NVIDIA A100-SXM4-40GB (0),1,,7,[CUDA memcpy Device-to-Host]
2127800387,13728,24631,1434,1,1,128,1,1,16,0.000,0.000,,,,,NVIDIA A100-SXM4-40GB (0),1,,13,cupy_copy__complex64_complex64
2127827170,2368,24638,103,1,1,128,1,1,16,0.000,0.000,,,,,NVIDIA A100-SXM4-40GB (0),1,,13,cupy_copy__complex64_complex64
2127847778,2016,24645,35,1,1,128,1,1,16,0.000,0.000,,,,,NVIDIA A100-SXM4-40GB (0),1,,13,cupy_copy__complex64_complex64
2127866050,1504,24652,1,1,1,1,1,1,18,0.000,0.000,,,,,NVIDIA A100-SXM4-40GB (0),1,,13,cupy_copy__float32_float32
2127999072,78719,24663,1,1,1,32,32,1,30,0.000,0.000,,,,,NVIDIA A100-SXM4-40GB (0),1,,13,"void convert_kernel<__half2, float2>(tensor_layout_any, T1 *, tensor_layout_any, const T2 *)"
2128104991,4160,24666,,,,,,,,,,0.061,14769.193,Pinned,Device,NVIDIA A100-SXM4-40GB (0),1,,13,[CUDA memcpy Host-to-Device]
2128118879,2592,24667,,,,,,,,,,1.547,596690.632,Device,,NVIDIA A100-SXM4-40GB (0),1,,13,[CUDA memset]
2128124927,3360,24672,,,,,,,,,,0.021,6266.666,Pinned,Device,NVIDIA A100-SXM4-40GB (0),1,,13,[CUDA memcpy Host-to-Device]
2128130463,6720,24673,,,,,,,,,,0.131,19504.693,Pinned,Device,NVIDIA A100-SXM4-40GB (0),1,,13,[CUDA memcpy Host-to-Device]
2128140926,5952,24674,273,1,1,8,4,1,39,0.002,0.000,,,,,NVIDIA A100-SXM4-40GB (0),1,,13,"void channel_eq::eqMmseCoefCompLowMimoKernel<float, float, float, (unsigned int)4, (unsigned int)1, (unsigned int)4>(const channel_eq::_puschRxChEqStatDescr *, channel_eq::_puschRxChEqCoefCompDynDescr)"
2128148126,4832,24675,273,1,1,12,11,1,40,0.002,0.000,,,,,NVIDIA A100-SXM4-40GB (0),1,,13,"void channel_eq::eqMmseSoftDemapKernel<float, __half, __half, float, (unsigned int)4, (unsigned short)16383>(channel_eq::_puschRxChEqStatDescr *, channel_eq::_puschRxChEqSoftDemapDynDescr)"
2128154046,281469,24676,1,1,1,32,32,1,30,0.000,0.000,,,,,NVIDIA A100-SXM4-40GB (0),1,,13,"void convert_kernel<float2, __half2>(tensor_layout_any, T1 *, tensor_layout_any, const T2 *)"
2128436539,10336,24688,2253,1,1,128,1,1,16,0.000,0.000,,,,,NVIDIA A100-SXM4-40GB (0),1,,13,cupy_copy__float16_float16
2128447963,2368,24697,282,1,1,128,1,1,16,0.000,0.000,,,,,NVIDIA A100-SXM4-40GB (0),1,,13,cupy_copy__complex64_complex64
2128451547,1760,24706,26,1,1,128,1,1,16,0.000,0.000,,,,,NVIDIA A100-SXM4-40GB (0),1,,13,cupy_copy__float32_float32
2128454299,2528,24715,103,1,1,128,1,1,16,0.000,0.000,,,,,NVIDIA A100-SXM4-40GB (0),1,,13,cupy_copy__complex64_complex64
2128458074,11168,24725,1434,1,1,128,1,1,16,0.000,0.000,,,,,NVIDIA A100-SXM4-40GB (0),1,,13,cupy_copy__complex64_complex64
2128489274,78111,24730,1,1,1,32,32,1,30,0.000,0.000,,,,,NVIDIA A100-SXM4-40GB (0),1,,13,"void convert_kernel<__half2, float2>(tensor_layout_any, T1 *, tensor_layout_any, const T2 *)"
2128593977,4288,24733,,,,,,,,,,0.061,14328.300,Pinned,Device,NVIDIA A100-SXM4-40GB (0),1,,13,[CUDA memcpy Host-to-Device]
2128604505,587256,24734,,,,,,,,,,456.520,776997.857,Device,,NVIDIA A100-SXM4-40GB (0),1,,13,[CUDA memset]
2129197937,33152,24739,,,,,,,,,,0.825,24895.676,Pinned,Device,NVIDIA A100-SXM4-40GB (0),1,,13,[CUDA memcpy Host-to-Device]
2129233553,6784,24740,,,,,,,,,,0.131,19320.668,Pinned,Device,NVIDIA A100-SXM4-40GB (0),1,,13,[CUDA memcpy Host-to-Device]
2129248913,7135,24741,69,4,1,48,1,1,76,0.002,0.000,,,,,NVIDIA A100-SXM4-40GB (0),1,,13,"void ch_est::windowedChEstPreNoDftSOfdmKernel<float, __half, float, (unsigned int)2, (unsigned int)1, (unsigned short)4>(ch_est::puschRxChEstStatDescr_t *, ch_est::puschRxChEstDynDescr_t *)"
2129257360,6016,24742,137,2,1,24,2,1,44,0.001,0.001,,,,,NVIDIA A100-SXM4-40GB (0),1,,13,"void ch_est::chEstFilterNoDftSOfdmDispatchKernel<float, __half, float, (unsigned int)2>(ch_est::puschRxChEstStatDescr_t *, ch_est::puschRxChEstDynDescr_t *)"
2129264432,4608,24743,137,2,1,24,2,1,44,0.001,0.001,,,,,NVIDIA A100-SXM4-40GB (0),1,,13,"void ch_est::chEstFilterNoDftSOfdmDispatchKernel<float, __half, float, (unsigned int)2>(ch_est::puschRxChEstStatDescr_t *, ch_est::puschRxChEstDynDescr_t *)"
2129270320,2176,24754,103,1,1,128,1,1,16,0.000,0.000,,,,,NVIDIA A100-SXM4-40GB (0),1,,13,cupy_copy__complex64_complex64
2129273776,12416,24764,1434,1,1,128,1,1,16,0.000,0.000,,,,,NVIDIA A100-SXM4-40GB (0),1,,13,cupy_copy__complex64_complex64
2129287280,2112,24771,103,1,1,128,1,1,16,0.000,0.000,,,,,NVIDIA A100-SXM4-40GB (0),1,,13,cupy_copy__complex64_complex64
2129290480,78463,24778,1,1,1,32,32,1,30,0.000,0.000,,,,,NVIDIA A100-SXM4-40GB (0),1,,13,"void convert_kernel<__half2, float2>(tensor_layout_any, T1 *, tensor_layout_any, const T2 *)"
2129536269,4128,24781,,,,,,,,,,0.061,14883.717,Pinned,Device,NVIDIA A100-SXM4-40GB (0),1,,13,[CUDA memcpy Host-to-Device]
2129549933,46015,24782,,,,,,,,,,35.801,778026.463,Device,,NVIDIA A100-SXM4-40GB (0),1,,13,[CUDA memset]
2129601388,2464,24784,,,,,,,,,,0.000,32.468,Pinned,Device,NVIDIA A100-SXM4-40GB (0),1,,13,[CUDA memcpy Host-to-Device]
2129605964,6784,24785,,,,,,,,,,0.131,19320.668,Pinned,Device,NVIDIA A100-SXM4-40GB (0),1,,13,[CUDA memcpy Host-to-Device]
2129623660,9152,24786,273,1,1,48,1,1,40,0.000,0.001,,,,,NVIDIA A100-SXM4-40GB (0),1,,13,"void pusch_noise_intf_est::noiseIntfEstNoDftSOfdmKernel<float, __half, float, float, (unsigned int)2, (unsigned int)1, (unsigned char)4, (unsigned char)4>(pusch_noise_intf_est::puschRxNoiseIntfEstDynDescr)"
2129634124,2560,24797,35,1,1,128,1,1,16,0.000,0.000,,,,,NVIDIA A100-SXM4-40GB (0),1,,13,cupy_copy__complex64_complex64
2129647180,1536,24806,1,1,1,1,1,1,18,0.000,0.000,,,,,NVIDIA A100-SXM4-40GB (0),1,,13,cupy_copy__float32_float32
2129681195,1728,24812,,,,,,,,,,0.000,2.315,Device,Pageable,NVIDIA A100-SXM4-40GB (0),1,,7,[CUDA memcpy Device-to-Host]
2129739082,13152,24823,1434,1,1,128,1,1,16,0.000,0.000,,,,,NVIDIA A100-SXM4-40GB (0),1,,13,cupy_copy__complex64_complex64
2129765802,2336,24830,103,1,1,128,1,1,16,0.000,0.000,,,,,NVIDIA A100-SXM4-40GB (0),1,,13,cupy_copy__complex64_complex64
2129786346,2016,24837,35,1,1,128,1,1,16,0.000,0.000,,,,,NVIDIA A100-SXM4-40GB (0),1,,13,cupy_copy__complex64_complex64
2129805194,1472,24844,1,1,1,1,1,1,18,0.000,0.000,,,,,NVIDIA A100-SXM4-40GB (0),1,,13,cupy_copy__float32_float32
2130078470,78495,24855,1,1,1,32,32,1,30,0.000,0.000,,,,,NVIDIA A100-SXM4-40GB (0),1,,13,"void convert_kernel<__half2, float2>(tensor_layout_any, T1 *, tensor_layout_any, const T2 *)"
2130189477,4160,24858,,,,,,,,,,0.061,14769.193,Pinned,Device,NVIDIA A100-SXM4-40GB (0),1,,13,[CUDA memcpy Host-to-Device]
2130204549,2560,24859,,,,,,,,,,1.547,604150.000,Device,,NVIDIA A100-SXM4-40GB (0),1,,13,[CUDA memset]
2130212965,2463,24864,,,,,,,,,,0.021,8548.904,Pinned,Device,NVIDIA A100-SXM4-40GB (0),1,,13,[CUDA memcpy Host-to-Device]
2130225060,6848,24865,,,,,,,,,,0.131,19140.182,Pinned,Device,NVIDIA A100-SXM4-40GB (0),1,,13,[CUDA memcpy Host-to-Device]
2130238084,5856,24866,273,1,1,8,4,1,39,0.002,0.000,,,,,NVIDIA A100-SXM4-40GB (0),1,,13,"void channel_eq::eqMmseCoefCompLowMimoKernel<float, float, float, (unsigned int)4, (unsigned int)1, (unsigned int)4>(const channel_eq::_puschRxChEqStatDescr *, channel_eq::_puschRxChEqCoefCompDynDescr)"
2130245252,4864,24867,273,1,1,12,11,1,40,0.002,0.000,,,,,NVIDIA A100-SXM4-40GB (0),1,,13,"void channel_eq::eqMmseSoftDemapKernel<float, __half, __half, float, (unsigned int)4, (unsigned short)16383>(channel_eq::_puschRxChEqStatDescr *, channel_eq::_puschRxChEqSoftDemapDynDescr)"
2130251364,281916,24868,1,1,1,32,32,1,30,0.000,0.000,,,,,NVIDIA A100-SXM4-40GB (0),1,,13,"void convert_kernel<float2, __half2>(tensor_layout_any, T1 *, tensor_layout_any, const T2 *)"
2130534336,10432,24880,2253,1,1,128,1,1,16,0.000,0.000,,,,,NVIDIA A100-SXM4-40GB (0),1,,13,cupy_copy__float16_float16
2130545760,2400,24889,282,1,1,128,1,1,16,0.000,0.000,,,,,NVIDIA A100-SXM4-40GB (0),1,,13,cupy_copy__complex64_complex64
2130549216,1760,24898,26,1,1,128,1,1,16,0.000,0.000,,,,,NVIDIA A100-SXM4-40GB (0),1,,13,cupy_copy__float32_float32
2130552224,2528,24907,103,1,1,128,1,1,16,0.000,0.000,,,,,NVIDIA A100-SXM4-40GB (0),1,,13,cupy_copy__complex64_complex64
2130555776,11104,24917,1434,1,1,128,1,1,16,0.000,0.000,,,,,NVIDIA A100-SXM4-40GB (0),1,,13,cupy_copy__complex64_complex64
2130585696,78719,24922,1,1,1,32,32,1,30,0.000,0.000,,,,,NVIDIA A100-SXM4-40GB (0),1,,13,"void convert_kernel<__half2, float2>(tensor_layout_any, T1 *, tensor_layout_any, const T2 *)"
2130822109,4160,24925,,,,,,,,,,0.061,14769.193,Pinned,Device,NVIDIA A100-SXM4-40GB (0),1,,13,[CUDA memcpy Host-to-Device]
2130829885,591512,24926,,,,,,,,,,456.520,771519.611,Device,,NVIDIA A100-SXM4-40GB (0),1,,13,[CUDA memset]
2131424949,32704,24931,,,,,,,,,,0.825,25236.543,Pinned,Device,NVIDIA A100-SXM4-40GB (0),1,,13,[CUDA memcpy Host-to-Device]
2131459797,6944,24932,,,,,,,,,,0.131,18875.548,Pinned,Device,NVIDIA A100-SXM4-40GB (0),1,,13,[CUDA memcpy Host-to-Device]
2131473621,7872,24933,69,4,1,48,1,1,76,0.002,0.000,,,,,NVIDIA A100-SXM4-40GB (0),1,,13,"void ch_est::windowedChEstPreNoDftSOfdmKernel<float, __half, float, (unsigned int)2, (unsigned int)1, (unsigned short)4>(ch_est::puschRxChEstStatDescr_t *, ch_est::puschRxChEstDynDescr_t *)"
2131482773,6304,24934,137,2,1,24,2,1,44,0.001,0.001,,,,,NVIDIA A100-SXM4-40GB (0),1,,13,"void ch_est::chEstFilterNoDftSOfdmDispatchKernel<float, __half, float, (unsigned int)2>(ch_est::puschRxChEstStatDescr_t *, ch_est::puschRxChEstDynDescr_t *)"
2131490101,4575,24935,137,2,1,24,2,1,44,0.001,0.001,,,,,NVIDIA A100-SXM4-40GB (0),1,,13,"void ch_est::chEstFilterNoDftSOfdmDispatchKernel<float, __half, float, (unsigned int)2>(ch_est::puschRxChEstStatDescr_t *, ch_est::puschRxChEstDynDescr_t *)"
2131495988,2144,24946,103,1,1,128,1,1,16,0.000,0.000,,,,,NVIDIA A100-SXM4-40GB (0),1,,13,cupy_copy__complex64_complex64
2131499156,12448,24956,1434,1,1,128,1,1,16,0.000,0.000,,,,,NVIDIA A100-SXM4-40GB (0),1,,13,cupy_copy__complex64_complex64
2131512628,2112,24963,103,1,1,128,1,1,16,0.000,0.000,,,,,NVIDIA A100-SXM4-40GB (0),1,,13,cupy_copy__complex64_complex64
2131515828,78495,24970,1,1,1,32,32,1,30,0.000,0.000,,,,,NVIDIA A100-SXM4-40GB (0),1,,13,"void convert_kernel<__half2, float2>(tensor_layout_any, T1 *, tensor_layout_any, const T2 *)"
2131625235,4160,24973,,,,,,,,,,0.061,14769.193,Pinned,Device,NVIDIA A100-SXM4-40GB (0),1,,13,[CUDA memcpy Host-to-Device]
2131637555,44479,24974,,,,,,,,,,35.801,804877.183,Device,,NVIDIA A100-SXM4-40GB (0),1,,13,[CUDA memset]
2131690418,2112,24976,,,,,,,,,,0.000,37.879,Pinned,Device,NVIDIA A100-SXM4-40GB (0),1,,13,[CUDA memcpy Host-to-Device]
2131694642,6784,24977,,,,,,,,,,0.131,19320.668,Pinned,Device,NVIDIA A100-SXM4-40GB (0),1,,13,[CUDA memcpy Host-to-Device]
2131707090,8544,24978,273,1,1,48,1,1,40,0.000,0.001,,,,,NVIDIA A100-SXM4-40GB (0),1,,13,"void pusch_noise_intf_est::noiseIntfEstNoDftSOfdmKernel<float, __half, float, float, (unsigned int)2, (unsigned int)1, (unsigned char)4, (unsigned char)4>(pusch_noise_intf_est::puschRxNoiseIntfEstDynDescr)"
2131716818,2592,24989,35,1,1,128,1,1,16,0.000,0.000,,,,,NVIDIA A100-SXM4-40GB (0),1,,13,cupy_copy__complex64_complex64
2131750993,1536,24998,1,1,1,1,1,1,18,0.000,0.000,,,,,NVIDIA A100-SXM4-40GB (0),1,,13,cupy_copy__float32_float32
2131783985,2144,25004,,,,,,,,,,0.000,1.866,Device,Pageable,NVIDIA A100-SXM4-40GB (0),1,,7,[CUDA memcpy Device-to-Host]
2131841424,13600,25015,1434,1,1,128,1,1,16,0.000,0.000,,,,,NVIDIA A100-SXM4-40GB (0),1,,13,cupy_copy__complex64_complex64
2131867408,2336,25022,103,1,1,128,1,1,16,0.000,0.000,,,,,NVIDIA A100-SXM4-40GB (0),1,,13,cupy_copy__complex64_complex64
2131887536,2016,25029,35,1,1,128,1,1,16,0.000,0.000,,,,,NVIDIA A100-SXM4-40GB (0),1,,13,cupy_copy__complex64_complex64
2131905647,1472,25036,1,1,1,1,1,1,18,0.000,0.000,,,,,NVIDIA A100-SXM4-40GB (0),1,,13,cupy_copy__float32_float32
2132041454,78879,25047,1,1,1,32,32,1,30,0.000,0.000,,,,,NVIDIA A100-SXM4-40GB (0),1,,13,"void convert_kernel<__half2, float2>(tensor_layout_any, T1 *, tensor_layout_any, const T2 *)"
2132148652,4160,25050,,,,,,,,,,0.061,14769.193,Pinned,Device,NVIDIA A100-SXM4-40GB (0),1,,13,[CUDA memcpy Host-to-Device]
2132163180,2560,25051,,,,,,,,,,1.547,604150.000,Device,,NVIDIA A100-SXM4-40GB (0),1,,13,[CUDA memset]
2132169676,2752,25056,,,,,,,,,,0.021,7651.161,Pinned,Device,NVIDIA A100-SXM4-40GB (0),1,,13,[CUDA memcpy Host-to-Device]
2132174988,7232,25057,,,,,,,,,,0.131,18123.850,Pinned,Device,NVIDIA A100-SXM4-40GB (0),1,,13,[CUDA memcpy Host-to-Device]
2132187756,5856,25058,273,1,1,8,4,1,39,0.002,0.000,,,,,NVIDIA A100-SXM4-40GB (0),1,,13,"void channel_eq::eqMmseCoefCompLowMimoKernel<float, float, float, (unsigned int)4, (unsigned int)1, (unsigned int)4>(const channel_eq::_puschRxChEqStatDescr *, channel_eq::_puschRxChEqCoefCompDynDescr)"
2132194924,4896,25059,273,1,1,12,11,1,40,0.002,0.000,,,,,NVIDIA A100-SXM4-40GB (0),1,,13,"void channel_eq::eqMmseSoftDemapKernel<float, __half, __half, float, (unsigned int)4, (unsigned short)16383>(channel_eq::_puschRxChEqStatDescr *, channel_eq::_puschRxChEqSoftDemapDynDescr)"
2132201036,281788,25060,1,1,1,32,32,1,30,0.000,0.000,,,,,NVIDIA A100-SXM4-40GB (0),1,,13,"void convert_kernel<float2, __half2>(tensor_layout_any, T1 *, tensor_layout_any, const T2 *)"
2132484008,10208,25072,2253,1,1,128,1,1,16,0.000,0.000,,,,,NVIDIA A100-SXM4-40GB (0),1,,13,cupy_copy__float16_float16
2132495528,2368,25081,282,1,1,128,1,1,16,0.000,0.000,,,,,NVIDIA A100-SXM4-40GB (0),1,,13,cupy_copy__complex64_complex64
2132498984,1760,25090,26,1,1,128,1,1,16,0.000,0.000,,,,,NVIDIA A100-SXM4-40GB (0),1,,13,cupy_copy__float32_float32
2132501992,2528,25099,103,1,1,128,1,1,16,0.000,0.000,,,,,NVIDIA A100-SXM4-40GB (0),1,,13,cupy_copy__complex64_complex64
2132505768,11264,25109,1434,1,1,128,1,1,16,0.000,0.000,,,,,NVIDIA A100-SXM4-40GB (0),1,,13,cupy_copy__complex64_complex64
2132535783,78623,25114,1,1,1,32,32,1,30,0.000,0.000,,,,,NVIDIA A100-SXM4-40GB (0),1,,13,"void convert_kernel<__half2, float2>(tensor_layout_any, T1 *, tensor_layout_any, const T2 *)"
2132641926,4192,25117,,,,,,,,,,0.061,14656.451,Pinned,Device,NVIDIA A100-SXM4-40GB (0),1,,13,[CUDA memcpy Host-to-Device]
2132652518,589241,25118,,,,,,,,,,456.520,774715.255,Device,,NVIDIA A100-SXM4-40GB (0),1,,13,[CUDA memset]
2133249214,32704,25123,,,,,,,,,,0.825,25236.543,Pinned,Device,NVIDIA A100-SXM4-40GB (0),1,,13,[CUDA memcpy Host-to-Device]
2133284030,6752,25124,,,,,,,,,,0.131,19412.287,Pinned,Device,NVIDIA A100-SXM4-40GB (0),1,,13,[CUDA memcpy Host-to-Device]
2133297342,7040,25125,69,4,1,48,1,1,76,0.002,0.000,,,,,NVIDIA A100-SXM4-40GB (0),1,,13,"void ch_est::windowedChEstPreNoDftSOfdmKernel<float, __half, float, (unsigned int)2, (unsigned int)1, (unsigned short)4>(ch_est::puschRxChEstStatDescr_t *, ch_est::puschRxChEstDynDescr_t *)"
2133305630,6144,25126,137,2,1,24,2,1,44,0.001,0.001,,,,,NVIDIA A100-SXM4-40GB (0),1,,13,"void ch_est::chEstFilterNoDftSOfdmDispatchKernel<float, __half, float, (unsigned int)2>(ch_est::puschRxChEstStatDescr_t *, ch_est::puschRxChEstDynDescr_t *)"
2133312990,4576,25127,137,2,1,24,2,1,44,0.001,0.001,,,,,NVIDIA A100-SXM4-40GB (0),1,,13,"void ch_est::chEstFilterNoDftSOfdmDispatchKernel<float, __half, float, (unsigned int)2>(ch_est::puschRxChEstStatDescr_t *, ch_est::puschRxChEstDynDescr_t *)"
2133318814,2208,25138,103,1,1,128,1,1,16,0.000,0.000,,,,,NVIDIA A100-SXM4-40GB (0),1,,13,cupy_copy__complex64_complex64
2133322334,12607,25148,1434,1,1,128,1,1,16,0.000,0.000,,,,,NVIDIA A100-SXM4-40GB (0),1,,13,cupy_copy__complex64_complex64
2133336189,2112,25155,103,1,1,128,1,1,16,0.000,0.000,,,,,NVIDIA A100-SXM4-40GB (0),1,,13,cupy_copy__complex64_complex64
2133339613,78623,25162,1,1,1,32,32,1,30,0.000,0.000,,,,,NVIDIA A100-SXM4-40GB (0),1,,13,"void convert_kernel<__half2, float2>(tensor_layout_any, T1 *, tensor_layout_any, const T2 *)"
2133445884,4160,25165,,,,,,,,,,0.061,14769.193,Pinned,Device,NVIDIA A100-SXM4-40GB (0),1,,13,[CUDA memcpy Host-to-Device]
2133457308,44543,25166,,,,,,,,,,35.801,803731.552,Device,,NVIDIA A100-SXM4-40GB (0),1,,13,[CUDA memset]
2133503771,1856,25168,,,,,,,,,,0.000,43.103,Pinned,Device,NVIDIA A100-SXM4-40GB (0),1,,13,[CUDA memcpy Host-to-Device]
2133507739,6848,25169,,,,,,,,,,0.131,19140.182,Pinned,Device,NVIDIA A100-SXM4-40GB (0),1,,13,[CUDA memcpy Host-to-Device]
2133519515,8480,25170,273,1,1,48,1,1,40,0.000,0.001,,,,,NVIDIA A100-SXM4-40GB (0),1,,13,"void pusch_noise_intf_est::noiseIntfEstNoDftSOfdmKernel<float, __half, float, float, (unsigned int)2, (unsigned int)1, (unsigned char)4, (unsigned char)4>(pusch_noise_intf_est::puschRxNoiseIntfEstDynDescr)"
2133532315,2592,25181,35,1,1,128,1,1,16,0.000,0.000,,,,,NVIDIA A100-SXM4-40GB (0),1,,13,cupy_copy__complex64_complex64
2133567098,1536,25190,1,1,1,1,1,1,18,0.000,0.000,,,,,NVIDIA A100-SXM4-40GB (0),1,,13,cupy_copy__float32_float32
2133600794,1632,25196,,,,,,,,,,0.000,2.451,Device,Pageable,NVIDIA A100-SXM4-40GB (0),1,,7,[CUDA memcpy Device-to-Host]
2133657785,13152,25207,1434,1,1,128,1,1,16,0.000,0.000,,,,,NVIDIA A100-SXM4-40GB (0),1,,13,cupy_copy__complex64_complex64
2133683801,2368,25214,103,1,1,128,1,1,16,0.000,0.000,,,,,NVIDIA A100-SXM4-40GB (0),1,,13,cupy_copy__complex64_complex64
2133704601,2016,25221,35,1,1,128,1,1,16,0.000,0.000,,,,,NVIDIA A100-SXM4-40GB (0),1,,13,cupy_copy__complex64_complex64
2133723065,1504,25228,1,1,1,1,1,1,18,0.000,0.000,,,,,NVIDIA A100-SXM4-40GB (0),1,,13,cupy_copy__float32_float32
2133856151,78559,25239,1,1,1,32,32,1,30,0.000,0.000,,,,,NVIDIA A100-SXM4-40GB (0),1,,13,"void convert_kernel<__half2, float2>(tensor_layout_any, T1 *, tensor_layout_any, const T2 *)"
2133963030,4351,25242,,,,,,,,,,0.061,14120.878,Pinned,Device,NVIDIA A100-SXM4-40GB (0),1,,13,[CUDA memcpy Host-to-Device]
2133976757,2560,25243,,,,,,,,,,1.547,604150.000,Device,,NVIDIA A100-SXM4-40GB (0),1,,13,[CUDA memset]
2133982773,2752,25248,,,,,,,,,,0.021,7651.161,Pinned,Device,NVIDIA A100-SXM4-40GB (0),1,,13,[CUDA memcpy Host-to-Device]
2133988085,7104,25249,,,,,,,,,,0.131,18450.350,Pinned,Device,NVIDIA A100-SXM4-40GB (0),1,,13,[CUDA memcpy Host-to-Device]
2133998997,5856,25250,273,1,1,8,4,1,39,0.002,0.000,,,,,NVIDIA A100-SXM4-40GB (0),1,,13,"void channel_eq::eqMmseCoefCompLowMimoKernel<float, float, float, (unsigned int)4, (unsigned int)1, (unsigned int)4>(const channel_eq::_puschRxChEqStatDescr *, channel_eq::_puschRxChEqCoefCompDynDescr)"
2134005941,4800,25251,273,1,1,12,11,1,40,0.002,0.000,,,,,NVIDIA A100-SXM4-40GB (0),1,,13,"void channel_eq::eqMmseSoftDemapKernel<float, __half, __half, float, (unsigned int)4, (unsigned short)16383>(channel_eq::_puschRxChEqStatDescr *, channel_eq::_puschRxChEqSoftDemapDynDescr)"
2134012053,281404,25252,1,1,1,32,32,1,30,0.000,0.000,,,,,NVIDIA A100-SXM4-40GB (0),1,,13,"void convert_kernel<float2, __half2>(tensor_layout_any, T1 *, tensor_layout_any, const T2 *)"
2134294609,10304,25264,2253,1,1,128,1,1,16,0.000,0.000,,,,,NVIDIA A100-SXM4-40GB (0),1,,13,cupy_copy__float16_float16
2134306129,2368,25273,282,1,1,128,1,1,16,0.000,0.000,,,,,NVIDIA A100-SXM4-40GB (0),1,,13,cupy_copy__complex64_complex64
2134309585,1760,25282,26,1,1,128,1,1,16,0.000,0.000,,,,,NVIDIA A100-SXM4-40GB (0),1,,13,cupy_copy__float32_float32
2134312497,2592,25291,103,1,1,128,1,1,16,0.000,0.000,,,,,NVIDIA A100-SXM4-40GB (0),1,,13,cupy_copy__complex64_complex64
2134361169,11327,25307,1434,1,1,128,1,1,16,0.000,0.000,,,,,NVIDIA A100-SXM4-40GB (0),1,,13,cupy_copy__complex64_complex64
2134474159,78143,25312,1,1,1,32,32,1,30,0.000,0.000,,,,,NVIDIA A100-SXM4-40GB (0),1,,13,"void convert_kernel<__half2, float2>(tensor_layout_any, T1 *, tensor_layout_any, const T2 *)"
2134724780,4128,25315,,,,,,,,,,0.061,14883.717,Pinned,Device,NVIDIA A100-SXM4-40GB (0),1,,13,[CUDA memcpy Host-to-Device]
2134732876,589785,25316,,,,,,,,,,456.520,773802.214,Device,,NVIDIA A100-SXM4-40GB (0),1,,13,[CUDA memset]
2135331844,32704,25321,,,,,,,,,,0.825,25236.543,Pinned,Device,NVIDIA A100-SXM4-40GB (0),1,,13,[CUDA memcpy Host-to-Device]
2135366660,6752,25322,,,,,,,,,,0.131,19412.287,Pinned,Device,NVIDIA A100-SXM4-40GB (0),1,,13,[CUDA memcpy Host-to-Device]
2135378116,7200,25323,69,4,1,48,1,1,76,0.002,0.000,,,,,NVIDIA A100-SXM4-40GB (0),1,,13,"void ch_est::windowedChEstPreNoDftSOfdmKernel<float, __half, float, (unsigned int)2, (unsigned int)1, (unsigned short)4>(ch_est::puschRxChEstStatDescr_t *, ch_est::puschRxChEstDynDescr_t *)"
2135386372,6176,25324,137,2,1,24,2,1,44,0.001,0.001,,,,,NVIDIA A100-SXM4-40GB (0),1,,13,"void ch_est::chEstFilterNoDftSOfdmDispatchKernel<float, __half, float, (unsigned int)2>(ch_est::puschRxChEstStatDescr_t *, ch_est::puschRxChEstDynDescr_t *)"
2135393796,4576,25325,137,2,1,24,2,1,44,0.001,0.001,,,,,NVIDIA A100-SXM4-40GB (0),1,,13,"void ch_est::chEstFilterNoDftSOfdmDispatchKernel<float, __half, float, (unsigned int)2>(ch_est::puschRxChEstStatDescr_t *, ch_est::puschRxChEstDynDescr_t *)"
2135399428,2592,25336,103,1,1,128,1,1,16,0.000,0.000,,,,,NVIDIA A100-SXM4-40GB (0),1,,13,cupy_copy__complex64_complex64
2135403203,12704,25346,1434,1,1,128,1,1,16,0.000,0.000,,,,,NVIDIA A100-SXM4-40GB (0),1,,13,cupy_copy__complex64_complex64
2135417187,2112,25353,103,1,1,128,1,1,16,0.000,0.000,,,,,NVIDIA A100-SXM4-40GB (0),1,,13,cupy_copy__complex64_complex64
2135420483,78463,25360,1,1,1,32,32,1,30,0.000,0.000,,,,,NVIDIA A100-SXM4-40GB (0),1,,13,"void convert_kernel<__half2, float2>(tensor_layout_any, T1 *, tensor_layout_any, const T2 *)"
2135529698,4192,25363,,,,,,,,,,0.061,14656.451,Pinned,Device,NVIDIA A100-SXM4-40GB (0),1,,13,[CUDA memcpy Host-to-Device]
2135542370,45055,25364,,,,,,,,,,35.801,794602.307,Device,,NVIDIA A100-SXM4-40GB (0),1,,13,[CUDA memset]
2135595169,1856,25366,,,,,,,,,,0.000,43.103,Pinned,Device,NVIDIA A100-SXM4-40GB (0),1,,13,[CUDA memcpy Host-to-Device]
2135599137,6752,25367,,,,,,,,,,0.131,19412.287,Pinned,Device,NVIDIA A100-SXM4-40GB (0),1,,13,[CUDA memcpy Host-to-Device]
2135611553,8768,25368,273,1,1,48,1,1,40,0.000,0.001,,,,,NVIDIA A100-SXM4-40GB (0),1,,13,"void pusch_noise_intf_est::noiseIntfEstNoDftSOfdmKernel<float, __half, float, float, (unsigned int)2, (unsigned int)1, (unsigned char)4, (unsigned char)4>(pusch_noise_intf_est::puschRxNoiseIntfEstDynDescr)"
2135621537,2688,25379,35,1,1,128,1,1,16,0.000,0.000,,,,,NVIDIA A100-SXM4-40GB (0),1,,13,cupy_copy__complex64_complex64
2135652928,1504,25388,1,1,1,1,1,1,18,0.000,0.000,,,,,NVIDIA A100-SXM4-40GB (0),1,,13,cupy_copy__float32_float32
2135686752,1920,25394,,,,,,,,,,0.000,2.083,Device,Pageable,NVIDIA A100-SXM4-40GB (0),1,,7,[CUDA memcpy Device-to-Host]
2135745119,13408,25405,1434,1,1,128,1,1,16,0.000,0.000,,,,,NVIDIA A100-SXM4-40GB (0),1,,13,cupy_copy__complex64_complex64
2135771647,2336,25412,103,1,1,128,1,1,16,0.000,0.000,,,,,NVIDIA A100-SXM4-40GB (0),1,,13,cupy_copy__complex64_complex64
2135791711,1984,25419,35,1,1,128,1,1,16,0.000,0.000,,,,,NVIDIA A100-SXM4-40GB (0),1,,13,cupy_copy__complex64_complex64
2135809886,1504,25426,1,1,1,1,1,1,18,0.000,0.000,,,,,NVIDIA A100-SXM4-40GB (0),1,,13,cupy_copy__float32_float32
2135941053,78303,25437,1,1,1,32,32,1,30,0.000,0.000,,,,,NVIDIA A100-SXM4-40GB (0),1,,13,"void convert_kernel<__half2, float2>(tensor_layout_any, T1 *, tensor_layout_any, const T2 *)"
2136185306,4160,25440,,,,,,,,,,0.061,14769.193,Pinned,Device,NVIDIA A100-SXM4-40GB (0),1,,13,[CUDA memcpy Host-to-Device]
2136194426,2592,25441,,,,,,,,,,1.547,596690.632,Device,,NVIDIA A100-SXM4-40GB (0),1,,13,[CUDA memset]
2136198010,2720,25446,,,,,,,,,,0.021,7741.175,Pinned,Device,NVIDIA A100-SXM4-40GB (0),1,,13,[CUDA memcpy Host-to-Device]
2136202873,6880,25447,,,,,,,,,,0.131,19051.053,Pinned,Device,NVIDIA A100-SXM4-40GB (0),1,,13,[CUDA memcpy Host-to-Device]
2136216121,6048,25448,273,1,1,8,4,1,39,0.002,0.000,,,,,NVIDIA A100-SXM4-40GB (0),1,,13,"void channel_eq::eqMmseCoefCompLowMimoKernel<float, float, float, (unsigned int)4, (unsigned int)1, (unsigned int)4>(const channel_eq::_puschRxChEqStatDescr *, channel_eq::_puschRxChEqCoefCompDynDescr)"
2136223225,4832,25449,273,1,1,12,11,1,40,0.002,0.000,,,,,NVIDIA A100-SXM4-40GB (0),1,,13,"void channel_eq::eqMmseSoftDemapKernel<float, __half, __half, float, (unsigned int)4, (unsigned short)16383>(channel_eq::_puschRxChEqStatDescr *, channel_eq::_puschRxChEqSoftDemapDynDescr)"
2136229113,281149,25450,1,1,1,32,32,1,30,0.000,0.000,,,,,NVIDIA A100-SXM4-40GB (0),1,,13,"void convert_kernel<float2, __half2>(tensor_layout_any, T1 *, tensor_layout_any, const T2 *)"
2136511446,10463,25462,2253,1,1,128,1,1,16,0.000,0.000,,,,,NVIDIA A100-SXM4-40GB (0),1,,13,cupy_copy__float16_float16
2136523093,2368,25471,282,1,1,128,1,1,16,0.000,0.000,,,,,NVIDIA A100-SXM4-40GB (0),1,,13,cupy_copy__complex64_complex64
2136526645,1792,25480,26,1,1,128,1,1,16,0.000,0.000,,,,,NVIDIA A100-SXM4-40GB (0),1,,13,cupy_copy__float32_float32
2136529653,2528,25489,103,1,1,128,1,1,16,0.000,0.000,,,,,NVIDIA A100-SXM4-40GB (0),1,,13,cupy_copy__complex64_complex64
2136533429,11360,25499,1434,1,1,128,1,1,16,0.000,0.000,,,,,NVIDIA A100-SXM4-40GB (0),1,,13,cupy_copy__complex64_complex64
2136697459,78591,25504,1,1,1,32,32,1,30,0.000,0.000,,,,,NVIDIA A100-SXM4-40GB (0),1,,13,"void convert_kernel<__half2, float2>(tensor_layout_any, T1 *, tensor_layout_any, const T2 *)"
2136810130,4192,25507,,,,,,,,,,0.061,14656.451,Pinned,Device,NVIDIA A100-SXM4-40GB (0),1,,13,[CUDA memcpy Host-to-Device]
2136821810,587384,25508,,,,,,,,,,456.520,776997.857,Device,,NVIDIA A100-SXM4-40GB (0),1,,13,[CUDA memset]
2137412362,33248,25513,,,,,,,,,,0.825,24823.046,Pinned,Device,NVIDIA A100-SXM4-40GB (0),1,,13,[CUDA memcpy Host-to-Device]
2137448138,6784,25514,,,,,,,,,,0.131,19320.668,Pinned,Device,NVIDIA A100-SXM4-40GB (0),1,,13,[CUDA memcpy Host-to-Device]
2137463306,7136,25515,69,4,1,48,1,1,76,0.002,0.000,,,,,NVIDIA A100-SXM4-40GB (0),1,,13,"void ch_est::windowedChEstPreNoDftSOfdmKernel<float, __half, float, (unsigned int)2, (unsigned int)1, (unsigned short)4>(ch_est::puschRxChEstStatDescr_t *, ch_est::puschRxChEstDynDescr_t *)"
2137471658,6112,25516,137,2,1,24,2,1,44,0.001,0.001,,,,,NVIDIA A100-SXM4-40GB (0),1,,13,"void ch_est::chEstFilterNoDftSOfdmDispatchKernel<float, __half, float, (unsigned int)2>(ch_est::puschRxChEstStatDescr_t *, ch_est::puschRxChEstDynDescr_t *)"
2137479049,4576,25517,137,2,1,24,2,1,44,0.001,0.001,,,,,NVIDIA A100-SXM4-40GB (0),1,,13,"void ch_est::chEstFilterNoDftSOfdmDispatchKernel<float, __half, float, (unsigned int)2>(ch_est::puschRxChEstStatDescr_t *, ch_est::puschRxChEstDynDescr_t *)"
2137484905,2208,25528,103,1,1,128,1,1,16,0.000,0.000,,,,,NVIDIA A100-SXM4-40GB (0),1,,13,cupy_copy__complex64_complex64
2137488297,12192,25538,1434,1,1,128,1,1,16,0.000,0.000,,,,,NVIDIA A100-SXM4-40GB (0),1,,13,cupy_copy__complex64_complex64
2137501769,2144,25545,103,1,1,128,1,1,16,0.000,0.000,,,,,NVIDIA A100-SXM4-40GB (0),1,,13,cupy_copy__complex64_complex64
2137504969,77791,25552,1,1,1,32,32,1,30,0.000,0.000,,,,,NVIDIA A100-SXM4-40GB (0),1,,13,"void convert_kernel<__half2, float2>(tensor_layout_any, T1 *, tensor_layout_any, const T2 *)"
2137610536,4192,25555,,,,,,,,,,0.061,14656.451,Pinned,Device,NVIDIA A100-SXM4-40GB (0),1,,13,[CUDA memcpy Host-to-Device]
2137622696,44575,25556,,,,,,,,,,35.801,803158.737,Device,,NVIDIA A100-SXM4-40GB (0),1,,13,[CUDA memset]
2137674887,1856,25558,,,,,,,,,,0.000,43.103,Pinned,Device,NVIDIA A100-SXM4-40GB (0),1,,13,[CUDA memcpy Host-to-Device]
2137678855,6784,25559,,,,,,,,,,0.131,19320.668,Pinned,Device,NVIDIA A100-SXM4-40GB (0),1,,13,[CUDA memcpy Host-to-Device]
2137691271,8480,25560,273,1,1,48,1,1,40,0.000,0.001,,,,,NVIDIA A100-SXM4-40GB (0),1,,13,"void pusch_noise_intf_est::noiseIntfEstNoDftSOfdmKernel<float, __half, float, float, (unsigned int)2, (unsigned int)1, (unsigned char)4, (unsigned char)4>(pusch_noise_intf_est::puschRxNoiseIntfEstDynDescr)"
2137701031,2592,25571,35,1,1,128,1,1,16,0.000,0.000,,,,,NVIDIA A100-SXM4-40GB (0),1,,13,cupy_copy__complex64_complex64
2137731622,1536,25580,1,1,1,1,1,1,18,0.000,0.000,,,,,NVIDIA A100-SXM4-40GB (0),1,,13,cupy_copy__float32_float32
2137764998,1696,25586,,,,,,,,,,0.000,2.358,Device,Pageable,NVIDIA A100-SXM4-40GB (0),1,,7,[CUDA memcpy Device-to-Host]
2137822661,13024,25597,1434,1,1,128,1,1,16,0.000,0.000,,,,,NVIDIA A100-SXM4-40GB (0),1,,13,cupy_copy__complex64_complex64
2137850085,2336,25604,103,1,1,128,1,1,16,0.000,0.000,,,,,NVIDIA A100-SXM4-40GB (0),1,,13,cupy_copy__complex64_complex64
2137870949,2016,25611,35,1,1,128,1,1,16,0.000,0.000,,,,,NVIDIA A100-SXM4-40GB (0),1,,13,cupy_copy__complex64_complex64
2137890372,1504,25618,1,1,1,1,1,1,18,0.000,0.000,,,,,NVIDIA A100-SXM4-40GB (0),1,,13,cupy_copy__float32_float32
2138027171,78463,25629,1,1,1,32,32,1,30,0.000,0.000,,,,,NVIDIA A100-SXM4-40GB (0),1,,13,"void convert_kernel<__half2, float2>(tensor_layout_any, T1 *, tensor_layout_any, const T2 *)"
2138134081,4160,25632,,,,,,,,,,0.061,14769.193,Pinned,Device,NVIDIA A100-SXM4-40GB (0),1,,13,[CUDA memcpy Host-to-Device]
2138147937,2560,25633,,,,,,,,,,1.547,604150.000,Device,,NVIDIA A100-SXM4-40GB (0),1,,13,[CUDA memset]
2138153889,2752,25638,,,,,,,,,,0.021,7651.161,Pinned,Device,NVIDIA A100-SXM4-40GB (0),1,,13,[CUDA memcpy Host-to-Device]
2138159553,6752,25639,,,,,,,,,,0.131,19412.287,Pinned,Device,NVIDIA A100-SXM4-40GB (0),1,,13,[CUDA memcpy Host-to-Device]
2138172449,5888,25640,273,1,1,8,4,1,39,0.002,0.000,,,,,NVIDIA A100-SXM4-40GB (0),1,,13,"void channel_eq::eqMmseCoefCompLowMimoKernel<float, float, float, (unsigned int)4, (unsigned int)1, (unsigned int)4>(const channel_eq::_puschRxChEqStatDescr *, channel_eq::_puschRxChEqCoefCompDynDescr)"
2138179585,4832,25641,273,1,1,12,11,1,40,0.002,0.000,,,,,NVIDIA A100-SXM4-40GB (0),1,,13,"void channel_eq::eqMmseSoftDemapKernel<float, __half, __half, float, (unsigned int)4, (unsigned short)16383>(channel_eq::_puschRxChEqStatDescr *, channel_eq::_puschRxChEqSoftDemapDynDescr)"
2138185729,281308,25642,1,1,1,32,32,1,30,0.000,0.000,,,,,NVIDIA A100-SXM4-40GB (0),1,,13,"void convert_kernel<float2, __half2>(tensor_layout_any, T1 *, tensor_layout_any, const T2 *)"
2138468253,10176,25654,2253,1,1,128,1,1,16,0.000,0.000,,,,,NVIDIA A100-SXM4-40GB (0),1,,13,cupy_copy__float16_float16
2138479421,2368,25663,282,1,1,128,1,1,16,0.000,0.000,,,,,NVIDIA A100-SXM4-40GB (0),1,,13,cupy_copy__complex64_complex64
2138482877,1760,25672,26,1,1,128,1,1,16,0.000,0.000,,,,,NVIDIA A100-SXM4-40GB (0),1,,13,cupy_copy__float32_float32
2138485885,2560,25681,103,1,1,128,1,1,16,0.000,0.000,,,,,NVIDIA A100-SXM4-40GB (0),1,,13,cupy_copy__complex64_complex64
2138489437,11232,25691,1434,1,1,128,1,1,16,0.000,0.000,,,,,NVIDIA A100-SXM4-40GB (0),1,,13,cupy_copy__complex64_complex64
2138521788,78271,25696,1,1,1,32,32,1,30,0.000,0.000,,,,,NVIDIA A100-SXM4-40GB (0),1,,13,"void convert_kernel<__half2, float2>(tensor_layout_any, T1 *, tensor_layout_any, const T2 *)"
2138627035,4288,25699,,,,,,,,,,0.061,14328.300,Pinned,Device,NVIDIA A100-SXM4-40GB (0),1,,13,[CUDA memcpy Host-to-Device]
2138637371,590233,25700,,,,,,,,,,456.520,773345.693,Device,,NVIDIA A100-SXM4-40GB (0),1,,13,[CUDA memset]
2139229940,32703,25705,,,,,,,,,,0.825,25237.369,Pinned,Device,NVIDIA A100-SXM4-40GB (0),1,,13,[CUDA memcpy Host-to-Device]
2139264755,6784,25706,,,,,,,,,,0.131,19320.668,Pinned,Device,NVIDIA A100-SXM4-40GB (0),1,,13,[CUDA memcpy Host-to-Device]
2139276339,7328,25707,69,4,1,48,1,1,76,0.002,0.000,,,,,NVIDIA A100-SXM4-40GB (0),1,,13,"void ch_est::windowedChEstPreNoDftSOfdmKernel<float, __half, float, (unsigned int)2, (unsigned int)1, (unsigned short)4>(ch_est::puschRxChEstStatDescr_t *, ch_est::puschRxChEstDynDescr_t *)"
2139284787,6336,25708,137,2,1,24,2,1,44,0.001,0.001,,,,,NVIDIA A100-SXM4-40GB (0),1,,13,"void ch_est::chEstFilterNoDftSOfdmDispatchKernel<float, __half, float, (unsigned int)2>(ch_est::puschRxChEstStatDescr_t *, ch_est::puschRxChEstDynDescr_t *)"
2139292179,4608,25709,137,2,1,24,2,1,44,0.001,0.001,,,,,NVIDIA A100-SXM4-40GB (0),1,,13,"void ch_est::chEstFilterNoDftSOfdmDispatchKernel<float, __half, float, (unsigned int)2>(ch_est::puschRxChEstStatDescr_t *, ch_est::puschRxChEstDynDescr_t *)"
2139298067,2176,25720,103,1,1,128,1,1,16,0.000,0.000,,,,,NVIDIA A100-SXM4-40GB (0),1,,13,cupy_copy__complex64_complex64
2139301267,12544,25730,1434,1,1,128,1,1,16,0.000,0.000,,,,,NVIDIA A100-SXM4-40GB (0),1,,13,cupy_copy__complex64_complex64
2139315058,2112,25737,103,1,1,128,1,1,16,0.000,0.000,,,,,NVIDIA A100-SXM4-40GB (0),1,,13,cupy_copy__complex64_complex64
2139318258,78591,25744,1,1,1,32,32,1,30,0.000,0.000,,,,,NVIDIA A100-SXM4-40GB (0),1,,13,"void convert_kernel<__half2, float2>(tensor_layout_any, T1 *, tensor_layout_any, const T2 *)"
2139423665,4160,25747,,,,,,,,,,0.061,14769.193,Pinned,Device,NVIDIA A100-SXM4-40GB (0),1,,13,[CUDA memcpy Host-to-Device]
2139435313,45151,25748,,,,,,,,,,35.801,792883.861,Device,,NVIDIA A100-SXM4-40GB (0),1,,13,[CUDA memset]
2139486960,1856,25750,,,,,,,,,,0.000,43.103,Pinned,Device,NVIDIA A100-SXM4-40GB (0),1,,13,[CUDA memcpy Host-to-Device]
2139491056,7072,25751,,,,,,,,,,0.131,18533.843,Pinned,Device,NVIDIA A100-SXM4-40GB (0),1,,13,[CUDA memcpy Host-to-Device]
2139501968,8576,25752,273,1,1,48,1,1,40,0.000,0.001,,,,,NVIDIA A100-SXM4-40GB (0),1,,13,"void pusch_noise_intf_est::noiseIntfEstNoDftSOfdmKernel<float, __half, float, float, (unsigned int)2, (unsigned int)1, (unsigned char)4, (unsigned char)4>(pusch_noise_intf_est::puschRxNoiseIntfEstDynDescr)"
2139511568,2784,25763,35,1,1,128,1,1,16,0.000,0.000,,,,,NVIDIA A100-SXM4-40GB (0),1,,13,cupy_copy__complex64_complex64
2139537488,1536,25772,1,1,1,1,1,1,18,0.000,0.000,,,,,NVIDIA A100-SXM4-40GB (0),1,,13,cupy_copy__float32_float32
2139569807,1792,25778,,,,,,,,,,0.000,2.232,Device,Pageable,NVIDIA A100-SXM4-40GB (0),1,,7,[CUDA memcpy Device-to-Host]
2139625935,13151,25789,1434,1,1,128,1,1,16,0.000,0.000,,,,,NVIDIA A100-SXM4-40GB (0),1,,13,cupy_copy__complex64_complex64
2139651790,2336,25796,103,1,1,128,1,1,16,0.000,0.000,,,,,NVIDIA A100-SXM4-40GB (0),1,,13,cupy_copy__complex64_complex64
2139671566,1984,25803,35,1,1,128,1,1,16,0.000,0.000,,,,,NVIDIA A100-SXM4-40GB (0),1,,13,cupy_copy__complex64_complex64
2139689934,1472,25810,1,1,1,1,1,1,18,0.000,0.000,,,,,NVIDIA A100-SXM4-40GB (0),1,,13,cupy_copy__float32_float32
2139819564,79071,25821,1,1,1,32,32,1,30,0.000,0.000,,,,,NVIDIA A100-SXM4-40GB (0),1,,13,"void convert_kernel<__half2, float2>(tensor_layout_any, T1 *, tensor_layout_any, const T2 *)"
2140131464,4192,25824,,,,,,,,,,0.061,14656.451,Pinned,Device,NVIDIA A100-SXM4-40GB (0),1,,13,[CUDA memcpy Host-to-Device]
2140142056,2560,25825,,,,,,,,,,1.547,604150.000,Device,,NVIDIA A100-SXM4-40GB (0),1,,13,[CUDA memset]
2140148552,2752,25830,,,,,,,,,,0.021,7651.161,Pinned,Device,NVIDIA A100-SXM4-40GB (0),1,,13,[CUDA memcpy Host-to-Device]
2140153416,6944,25831,,,,,,,,,,0.131,18875.548,Pinned,Device,NVIDIA A100-SXM4-40GB (0),1,,13,[CUDA memcpy Host-to-Device]
2140166664,5888,25832,273,1,1,8,4,1,39,0.002,0.000,,,,,NVIDIA A100-SXM4-40GB (0),1,,13,"void channel_eq::eqMmseCoefCompLowMimoKernel<float, float, float, (unsigned int)4, (unsigned int)1, (unsigned int)4>(const channel_eq::_puschRxChEqStatDescr *, channel_eq::_puschRxChEqCoefCompDynDescr)"
2140173864,4960,25833,273,1,1,12,11,1,40,0.002,0.000,,,,,NVIDIA A100-SXM4-40GB (0),1,,13,"void channel_eq::eqMmseSoftDemapKernel<float, __half, __half, float, (unsigned int)4, (unsigned short)16383>(channel_eq::_puschRxChEqStatDescr *, channel_eq::_puschRxChEqSoftDemapDynDescr)"
2140179912,281980,25834,1,1,1,32,32,1,30,0.000,0.000,,,,,NVIDIA A100-SXM4-40GB (0),1,,13,"void convert_kernel<float2, __half2>(tensor_layout_any, T1 *, tensor_layout_any, const T2 *)"
2140463044,10336,25846,2253,1,1,128,1,1,16,0.000,0.000,,,,,NVIDIA A100-SXM4-40GB (0),1,,13,cupy_copy__float16_float16
2140474372,2400,25855,282,1,1,128,1,1,16,0.000,0.000,,,,,NVIDIA A100-SXM4-40GB (0),1,,13,cupy_copy__complex64_complex64
2140477828,1792,25864,26,1,1,128,1,1,16,0.000,0.000,,,,,NVIDIA A100-SXM4-40GB (0),1,,13,cupy_copy__float32_float32
2140480836,2528,25873,103,1,1,128,1,1,16,0.000,0.000,,,,,NVIDIA A100-SXM4-40GB (0),1,,13,cupy_copy__complex64_complex64
2140484612,11264,25883,1434,1,1,128,1,1,16,0.000,0.000,,,,,NVIDIA A100-SXM4-40GB (0),1,,13,cupy_copy__complex64_complex64
2140648002,78975,25888,1,1,1,32,32,1,30,0.000,0.000,,,,,NVIDIA A100-SXM4-40GB (0),1,,13,"void convert_kernel<__half2, float2>(tensor_layout_any, T1 *, tensor_layout_any, const T2 *)"
2140757760,4288,25891,,,,,,,,,,0.061,14328.300,Pinned,Device,NVIDIA A100-SXM4-40GB (0),1,,13,[CUDA memcpy Host-to-Device]
2140768800,588857,25892,,,,,,,,,,456.520,775171.775,Device,,NVIDIA A100-SXM4-40GB (0),1,,13,[CUDA memset]
2141363929,33119,25897,,,,,,,,,,0.825,24920.437,Pinned,Device,NVIDIA A100-SXM4-40GB (0),1,,13,[CUDA memcpy Host-to-Device]
2141399192,6752,25898,,,,,,,,,,0.131,19412.287,Pinned,Device,NVIDIA A100-SXM4-40GB (0),1,,13,[CUDA memcpy Host-to-Device]
2141416920,7104,25899,69,4,1,48,1,1,76,0.002,0.000,,,,,NVIDIA A100-SXM4-40GB (0),1,,13,"void ch_est::windowedChEstPreNoDftSOfdmKernel<float, __half, float, (unsigned int)2, (unsigned int)1, (unsigned short)4>(ch_est::puschRxChEstStatDescr_t *, ch_est::puschRxChEstDynDescr_t *)"
2141425240,6112,25900,137,2,1,24,2,1,44,0.001,0.001,,,,,NVIDIA A100-SXM4-40GB (0),1,,13,"void ch_est::chEstFilterNoDftSOfdmDispatchKernel<float, __half, float, (unsigned int)2>(ch_est::puschRxChEstStatDescr_t *, ch_est::puschRxChEstDynDescr_t *)"
2141432568,4608,25901,137,2,1,24,2,1,44,0.001,0.001,,,,,NVIDIA A100-SXM4-40GB (0),1,,13,"void ch_est::chEstFilterNoDftSOfdmDispatchKernel<float, __half, float, (unsigned int)2>(ch_est::puschRxChEstStatDescr_t *, ch_est::puschRxChEstDynDescr_t *)"
2141438424,2176,25912,103,1,1,128,1,1,16,0.000,0.000,,,,,NVIDIA A100-SXM4-40GB (0),1,,13,cupy_copy__complex64_complex64
2141441592,12352,25922,1434,1,1,128,1,1,16,0.000,0.000,,,,,NVIDIA A100-SXM4-40GB (0),1,,13,cupy_copy__complex64_complex64
2141455128,2112,25929,103,1,1,128,1,1,16,0.000,0.000,,,,,NVIDIA A100-SXM4-40GB (0),1,,13,cupy_copy__complex64_complex64
2141458552,78303,25936,1,1,1,32,32,1,30,0.000,0.000,,,,,NVIDIA A100-SXM4-40GB (0),1,,13,"void convert_kernel<__half2, float2>(tensor_layout_any, T1 *, tensor_layout_any, const T2 *)"
2141699797,4160,25939,,,,,,,,,,0.061,14769.193,Pinned,Device,NVIDIA A100-SXM4-40GB (0),1,,13,[CUDA memcpy Host-to-Device]
2141711828,45664,25940,,,,,,,,,,35.801,784005.223,Device,,NVIDIA A100-SXM4-40GB (0),1,,13,[CUDA memset]
2141763668,2336,25942,,,,,,,,,,0.000,34.247,Pinned,Device,NVIDIA A100-SXM4-40GB (0),1,,13,[CUDA memcpy Host-to-Device]
2141768180,6752,25943,,,,,,,,,,0.131,19412.287,Pinned,Device,NVIDIA A100-SXM4-40GB (0),1,,13,[CUDA memcpy Host-to-Device]
2141786612,8959,25944,273,1,1,48,1,1,40,0.000,0.001,,,,,NVIDIA A100-SXM4-40GB (0),1,,13,"void pusch_noise_intf_est::noiseIntfEstNoDftSOfdmKernel<float, __half, float, float, (unsigned int)2, (unsigned int)1, (unsigned char)4, (unsigned char)4>(pusch_noise_intf_est::puschRxNoiseIntfEstDynDescr)"
2141796691,2528,25955,35,1,1,128,1,1,16,0.000,0.000,,,,,NVIDIA A100-SXM4-40GB (0),1,,13,cupy_copy__complex64_complex64
2141805939,1536,25964,1,1,1,1,1,1,18,0.000,0.000,,,,,NVIDIA A100-SXM4-40GB (0),1,,13,cupy_copy__float32_float32
2141839987,1728,25970,,,,,,,,,,0.000,2.315,Device,Pageable,NVIDIA A100-SXM4-40GB (0),1,,7,[CUDA memcpy Device-to-Host]
2141897874,12992,25981,1434,1,1,128,1,1,16,0.000,0.000,,,,,NVIDIA A100-SXM4-40GB (0),1,,13,cupy_copy__complex64_complex64
2141924050,2336,25988,103,1,1,128,1,1,16,0.000,0.000,,,,,NVIDIA A100-SXM4-40GB (0),1,,13,cupy_copy__complex64_complex64
2141944818,2016,25995,35,1,1,128,1,1,16,0.000,0.000,,,,,NVIDIA A100-SXM4-40GB (0),1,,13,cupy_copy__complex64_complex64
2141963057,1504,26002,1,1,1,1,1,1,18,0.000,0.000,,,,,NVIDIA A100-SXM4-40GB (0),1,,13,cupy_copy__float32_float32
2142227438,78687,26013,1,1,1,32,32,1,30,0.000,0.000,,,,,NVIDIA A100-SXM4-40GB (0),1,,13,"void convert_kernel<__half2, float2>(tensor_layout_any, T1 *, tensor_layout_any, const T2 *)"
2142337901,4128,26016,,,,,,,,,,0.061,14883.717,Pinned,Device,NVIDIA A100-SXM4-40GB (0),1,,13,[CUDA memcpy Host-to-Device]
2142352396,2592,26017,,,,,,,,,,1.547,596690.632,Device,,NVIDIA A100-SXM4-40GB (0),1,,13,[CUDA memset]
2142362508,2464,26022,,,,,,,,,,0.021,8545.451,Pinned,Device,NVIDIA A100-SXM4-40GB (0),1,,13,[CUDA memcpy Host-to-Device]
2142374700,6816,26023,,,,,,,,,,0.131,19229.966,Pinned,Device,NVIDIA A100-SXM4-40GB (0),1,,13,[CUDA memcpy Host-to-Device]
2142387692,5888,26024,273,1,1,8,4,1,39,0.002,0.000,,,,,NVIDIA A100-SXM4-40GB (0),1,,13,"void channel_eq::eqMmseCoefCompLowMimoKernel<float, float, float, (unsigned int)4, (unsigned int)1, (unsigned int)4>(const channel_eq::_puschRxChEqStatDescr *, channel_eq::_puschRxChEqCoefCompDynDescr)"
2142394636,4864,26025,273,1,1,12,11,1,40,0.002,0.000,,,,,NVIDIA A100-SXM4-40GB (0),1,,13,"void channel_eq::eqMmseSoftDemapKernel<float, __half, __half, float, (unsigned int)4, (unsigned short)16383>(channel_eq::_puschRxChEqStatDescr *, channel_eq::_puschRxChEqSoftDemapDynDescr)"
2142400748,281404,26026,1,1,1,32,32,1,30,0.000,0.000,,,,,NVIDIA A100-SXM4-40GB (0),1,,13,"void convert_kernel<float2, __half2>(tensor_layout_any, T1 *, tensor_layout_any, const T2 *)"
2142683368,10432,26038,2253,1,1,128,1,1,16,0.000,0.000,,,,,NVIDIA A100-SXM4-40GB (0),1,,13,cupy_copy__float16_float16
2142694792,2400,26047,282,1,1,128,1,1,16,0.000,0.000,,,,,NVIDIA A100-SXM4-40GB (0),1,,13,cupy_copy__complex64_complex64
2142698472,1760,26056,26,1,1,128,1,1,16,0.000,0.000,,,,,NVIDIA A100-SXM4-40GB (0),1,,13,cupy_copy__float32_float32
2142701448,2528,26065,103,1,1,128,1,1,16,0.000,0.000,,,,,NVIDIA A100-SXM4-40GB (0),1,,13,cupy_copy__complex64_complex64
2142705224,11296,26075,1434,1,1,128,1,1,16,0.000,0.000,,,,,NVIDIA A100-SXM4-40GB (0),1,,13,cupy_copy__complex64_complex64
2142731336,78847,26080,1,1,1,32,32,1,30,0.000,0.000,,,,,NVIDIA A100-SXM4-40GB (0),1,,13,"void convert_kernel<__half2, float2>(tensor_layout_any, T1 *, tensor_layout_any, const T2 *)"
2142837542,4160,26083,,,,,,,,,,0.061,14769.193,Pinned,Device,NVIDIA A100-SXM4-40GB (0),1,,13,[CUDA memcpy Host-to-Device]
2142848262,588249,26084,,,,,,,,,,456.520,775628.296,Device,,NVIDIA A100-SXM4-40GB (0),1,,13,[CUDA memset]
2143444031,32703,26089,,,,,,,,,,0.825,25237.369,Pinned,Device,NVIDIA A100-SXM4-40GB (0),1,,13,[CUDA memcpy Host-to-Device]
2143479198,6752,26090,,,,,,,,,,0.131,19412.287,Pinned,Device,NVIDIA A100-SXM4-40GB (0),1,,13,[CUDA memcpy Host-to-Device]
2143496638,7200,26091,69,4,1,48,1,1,76,0.002,0.000,,,,,NVIDIA A100-SXM4-40GB (0),1,,13,"void ch_est::windowedChEstPreNoDftSOfdmKernel<float, __half, float, (unsigned int)2, (unsigned int)1, (unsigned short)4>(ch_est::puschRxChEstStatDescr_t *, ch_est::puschRxChEstDynDescr_t *)"
2143504894,6272,26092,137,2,1,24,2,1,44,0.001,0.001,,,,,NVIDIA A100-SXM4-40GB (0),1,,13,"void ch_est::chEstFilterNoDftSOfdmDispatchKernel<float, __half, float, (unsigned int)2>(ch_est::puschRxChEstStatDescr_t *, ch_est::puschRxChEstDynDescr_t *)"
2143512222,4608,26093,137,2,1,24,2,1,44,0.001,0.001,,,,,NVIDIA A100-SXM4-40GB (0),1,,13,"void ch_est::chEstFilterNoDftSOfdmDispatchKernel<float, __half, float, (unsigned int)2>(ch_est::puschRxChEstStatDescr_t *, ch_est::puschRxChEstDynDescr_t *)"
2143517918,2176,26104,103,1,1,128,1,1,16,0.000,0.000,,,,,NVIDIA A100-SXM4-40GB (0),1,,13,cupy_copy__complex64_complex64
2143521086,12736,26114,1434,1,1,128,1,1,16,0.000,0.000,,,,,NVIDIA A100-SXM4-40GB (0),1,,13,cupy_copy__complex64_complex64
2143535102,2144,26121,103,1,1,128,1,1,16,0.000,0.000,,,,,NVIDIA A100-SXM4-40GB (0),1,,13,cupy_copy__complex64_complex64
2143538302,78239,26128,1,1,1,32,32,1,30,0.000,0.000,,,,,NVIDIA A100-SXM4-40GB (0),1,,13,"void convert_kernel<__half2, float2>(tensor_layout_any, T1 *, tensor_layout_any, const T2 *)"
2143644156,4128,26131,,,,,,,,,,0.061,14883.717,Pinned,Device,NVIDIA A100-SXM4-40GB (0),1,,13,[CUDA memcpy Host-to-Device]
2143655676,45120,26132,,,,,,,,,,35.801,793456.676,Device,,NVIDIA A100-SXM4-40GB (0),1,,13,[CUDA memset]
2143707195,1920,26134,,,,,,,,,,0.000,41.667,Pinned,Device,NVIDIA A100-SXM4-40GB (0),1,,13,[CUDA memcpy Host-to-Device]
2143711771,7072,26135,,,,,,,,,,0.131,18533.843,Pinned,Device,NVIDIA A100-SXM4-40GB (0),1,,13,[CUDA memcpy Host-to-Device]
2143724571,8480,26136,273,1,1,48,1,1,40,0.000,0.001,,,,,NVIDIA A100-SXM4-40GB (0),1,,13,"void pusch_noise_intf_est::noiseIntfEstNoDftSOfdmKernel<float, __half, float, float, (unsigned int)2, (unsigned int)1, (unsigned char)4, (unsigned char)4>(pusch_noise_intf_est::puschRxNoiseIntfEstDynDescr)"
2143734235,2592,26147,35,1,1,128,1,1,16,0.000,0.000,,,,,NVIDIA A100-SXM4-40GB (0),1,,13,cupy_copy__complex64_complex64
2143761659,1536,26156,1,1,1,1,1,1,18,0.000,0.000,,,,,NVIDIA A100-SXM4-40GB (0),1,,13,cupy_copy__float32_float32
2143794778,1728,26162,,,,,,,,,,0.000,2.315,Device,Pageable,NVIDIA A100-SXM4-40GB (0),1,,7,[CUDA memcpy Device-to-Host]
2143852730,13279,26173,1434,1,1,128,1,1,16,0.000,0.000,,,,,NVIDIA A100-SXM4-40GB (0),1,,13,cupy_copy__complex64_complex64
2143878617,2400,26180,103,1,1,128,1,1,16,0.000,0.000,,,,,NVIDIA A100-SXM4-40GB (0),1,,13,cupy_copy__complex64_complex64
2143899161,1984,26187,35,1,1,128,1,1,16,0.000,0.000,,,,,NVIDIA A100-SXM4-40GB (0),1,,13,cupy_copy__complex64_complex64
2143917785,1472,26194,1,1,1,1,1,1,18,0.000,0.000,,,,,NVIDIA A100-SXM4-40GB (0),1,,13,cupy_copy__float32_float32
2144052439,78879,26205,1,1,1,32,32,1,30,0.000,0.000,,,,,NVIDIA A100-SXM4-40GB (0),1,,13,"void convert_kernel<__half2, float2>(tensor_layout_any, T1 *, tensor_layout_any, const T2 *)"
2144158422,4128,26208,,,,,,,,,,0.061,14883.717,Pinned,Device,NVIDIA A100-SXM4-40GB (0),1,,13,[CUDA memcpy Host-to-Device]
2144174966,2592,26209,,,,,,,,,,1.547,596690.632,Device,,NVIDIA A100-SXM4-40GB (0),1,,13,[CUDA memset]
2144181078,2783,26214,,,,,,,,,,0.021,7565.926,Pinned,Device,NVIDIA A100-SXM4-40GB (0),1,,13,[CUDA memcpy Host-to-Device]
2144185973,7104,26215,,,,,,,,,,0.131,18450.350,Pinned,Device,NVIDIA A100-SXM4-40GB (0),1,,13,[CUDA memcpy Host-to-Device]
2144197365,5920,26216,273,1,1,8,4,1,39,0.002,0.000,,,,,NVIDIA A100-SXM4-40GB (0),1,,13,"void channel_eq::eqMmseCoefCompLowMimoKernel<float, float, float, (unsigned int)4, (unsigned int)1, (unsigned int)4>(const channel_eq::_puschRxChEqStatDescr *, channel_eq::_puschRxChEqCoefCompDynDescr)"
2144204565,4864,26217,273,1,1,12,11,1,40,0.002,0.000,,,,,NVIDIA A100-SXM4-40GB (0),1,,13,"void channel_eq::eqMmseSoftDemapKernel<float, __half, __half, float, (unsigned int)4, (unsigned short)16383>(channel_eq::_puschRxChEqStatDescr *, channel_eq::_puschRxChEqSoftDemapDynDescr)"
2144210453,281245,26218,1,1,1,32,32,1,30,0.000,0.000,,,,,NVIDIA A100-SXM4-40GB (0),1,,13,"void convert_kernel<float2, __half2>(tensor_layout_any, T1 *, tensor_layout_any, const T2 *)"
2144492754,10176,26230,2253,1,1,128,1,1,16,0.000,0.000,,,,,NVIDIA A100-SXM4-40GB (0),1,,13,cupy_copy__float16_float16
2144504209,2400,26239,282,1,1,128,1,1,16,0.000,0.000,,,,,NVIDIA A100-SXM4-40GB (0),1,,13,cupy_copy__complex64_complex64
2144507697,1728,26248,26,1,1,128,1,1,16,0.000,0.000,,,,,NVIDIA A100-SXM4-40GB (0),1,,13,cupy_copy__float32_float32
2144510449,2528,26257,103,1,1,128,1,1,16,0.000,0.000,,,,,NVIDIA A100-SXM4-40GB (0),1,,13,cupy_copy__complex64_complex64
2144514225,11200,26267,1434,1,1,128,1,1,16,0.000,0.000,,,,,NVIDIA A100-SXM4-40GB (0),1,,13,cupy_copy__complex64_complex64
2144544657,78911,26272,1,1,1,32,32,1,30,0.000,0.000,,,,,NVIDIA A100-SXM4-40GB (0),1,,13,"void convert_kernel<__half2, float2>(tensor_layout_any, T1 *, tensor_layout_any, const T2 *)"
2144650288,4256,26275,,,,,,,,,,0.061,14436.065,Pinned,Device,NVIDIA A100-SXM4-40GB (0),1,,13,[CUDA memcpy Host-to-Device]
2144661040,588376,26276,,,,,,,,,,456.520,775628.296,Device,,NVIDIA A100-SXM4-40GB (0),1,,13,[CUDA memset]
2145254056,32832,26281,,,,,,,,,,0.825,25138.328,Pinned,Device,NVIDIA A100-SXM4-40GB (0),1,,13,[CUDA memcpy Host-to-Device]
2145289000,6752,26282,,,,,,,,,,0.131,19412.287,Pinned,Device,NVIDIA A100-SXM4-40GB (0),1,,13,[CUDA memcpy Host-to-Device]
2145301607,7104,26283,69,4,1,48,1,1,76,0.002,0.000,,,,,NVIDIA A100-SXM4-40GB (0),1,,13,"void ch_est::windowedChEstPreNoDftSOfdmKernel<float, __half, float, (unsigned int)2, (unsigned int)1, (unsigned short)4>(ch_est::puschRxChEstStatDescr_t *, ch_est::puschRxChEstDynDescr_t *)"
2145309927,6240,26284,137,2,1,24,2,1,44,0.001,0.001,,,,,NVIDIA A100-SXM4-40GB (0),1,,13,"void ch_est::chEstFilterNoDftSOfdmDispatchKernel<float, __half, float, (unsigned int)2>(ch_est::puschRxChEstStatDescr_t *, ch_est::puschRxChEstDynDescr_t *)"
2145317351,4608,26285,137,2,1,24,2,1,44,0.001,0.001,,,,,NVIDIA A100-SXM4-40GB (0),1,,13,"void ch_est::chEstFilterNoDftSOfdmDispatchKernel<float, __half, float, (unsigned int)2>(ch_est::puschRxChEstStatDescr_t *, ch_est::puschRxChEstDynDescr_t *)"
2145323239,2176,26296,103,1,1,128,1,1,16,0.000,0.000,,,,,NVIDIA A100-SXM4-40GB (0),1,,13,cupy_copy__complex64_complex64
2145326599,12448,26306,1434,1,1,128,1,1,16,0.000,0.000,,,,,NVIDIA A100-SXM4-40GB (0),1,,13,cupy_copy__complex64_complex64
2145340071,2112,26313,103,1,1,128,1,1,16,0.000,0.000,,,,,NVIDIA A100-SXM4-40GB (0),1,,13,cupy_copy__complex64_complex64
2145343239,78463,26320,1,1,1,32,32,1,30,0.000,0.000,,,,,NVIDIA A100-SXM4-40GB (0),1,,13,"void convert_kernel<__half2, float2>(tensor_layout_any, T1 *, tensor_layout_any, const T2 *)"
2145679139,4128,26323,,,,,,,,,,0.061,14883.717,Pinned,Device,NVIDIA A100-SXM4-40GB (0),1,,13,[CUDA memcpy Host-to-Device]
2145693091,45887,26324,,,,,,,,,,35.801,780174.520,Device,,NVIDIA A100-SXM4-40GB (0),1,,13,[CUDA memset]
2145744546,1856,26326,,,,,,,,,,0.000,43.103,Pinned,Device,NVIDIA A100-SXM4-40GB (0),1,,13,[CUDA memcpy Host-to-Device]
2145748514,6848,26327,,,,,,,,,,0.131,19140.182,Pinned,Device,NVIDIA A100-SXM4-40GB (0),1,,13,[CUDA memcpy Host-to-Device]
2145766850,9280,26328,273,1,1,48,1,1,40,0.000,0.001,,,,,NVIDIA A100-SXM4-40GB (0),1,,13,"void pusch_noise_intf_est::noiseIntfEstNoDftSOfdmKernel<float, __half, float, float, (unsigned int)2, (unsigned int)1, (unsigned char)4, (unsigned char)4>(pusch_noise_intf_est::puschRxNoiseIntfEstDynDescr)"
2145777154,2656,26339,35,1,1,128,1,1,16,0.000,0.000,,,,,NVIDIA A100-SXM4-40GB (0),1,,13,cupy_copy__complex64_complex64
2145785601,1536,26348,1,1,1,1,1,1,18,0.000,0.000,,,,,NVIDIA A100-SXM4-40GB (0),1,,13,cupy_copy__float32_float32
2145818913,1920,26354,,,,,,,,,,0.000,2.083,Device,Pageable,NVIDIA A100-SXM4-40GB (0),1,,7,[CUDA memcpy Device-to-Host]
2145876224,13056,26365,1434,1,1,128,1,1,16,0.000,0.000,,,,,NVIDIA A100-SXM4-40GB (0),1,,13,cupy_copy__complex64_complex64
2145902848,2368,26372,103,1,1,128,1,1,16,0.000,0.000,,,,,NVIDIA A100-SXM4-40GB (0),1,,13,cupy_copy__complex64_complex64
2145923456,1984,26379,35,1,1,128,1,1,16,0.000,0.000,,,,,NVIDIA A100-SXM4-40GB (0),1,,13,cupy_copy__complex64_complex64
2145942143,1504,26386,1,1,1,1,1,1,18,0.000,0.000,,,,,NVIDIA A100-SXM4-40GB (0),1,,13,cupy_copy__float32_float32
2146236796,77631,26397,1,1,1,32,32,1,30,0.000,0.000,,,,,NVIDIA A100-SXM4-40GB (0),1,,13,"void convert_kernel<__half2, float2>(tensor_layout_any, T1 *, tensor_layout_any, const T2 *)"
2146346330,4160,26400,,,,,,,,,,0.061,14769.193,Pinned,Device,NVIDIA A100-SXM4-40GB (0),1,,13,[CUDA memcpy Host-to-Device]
2146360890,2560,26401,,,,,,,,,,1.547,604150.000,Device,,NVIDIA A100-SXM4-40GB (0),1,,13,[CUDA memset]
2146367194,2784,26406,,,,,,,,,,0.021,7563.210,Pinned,Device,NVIDIA A100-SXM4-40GB (0),1,,13,[CUDA memcpy Host-to-Device]
2146372922,6720,26407,,,,,,,,,,0.131,19504.693,Pinned,Device,NVIDIA A100-SXM4-40GB (0),1,,13,[CUDA memcpy Host-to-Device]
2146383130,5952,26408,273,1,1,8,4,1,39,0.002,0.000,,,,,NVIDIA A100-SXM4-40GB (0),1,,13,"void channel_eq::eqMmseCoefCompLowMimoKernel<float, float, float, (unsigned int)4, (unsigned int)1, (unsigned int)4>(const channel_eq::_puschRxChEqStatDescr *, channel_eq::_puschRxChEqCoefCompDynDescr)"
2146390266,4864,26409,273,1,1,12,11,1,40,0.002,0.000,,,,,NVIDIA A100-SXM4-40GB (0),1,,13,"void channel_eq::eqMmseSoftDemapKernel<float, __half, __half, float, (unsigned int)4, (unsigned short)16383>(channel_eq::_puschRxChEqStatDescr *, channel_eq::_puschRxChEqSoftDemapDynDescr)"
2146396378,281404,26410,1,1,1,32,32,1,30,0.000,0.000,,,,,NVIDIA A100-SXM4-40GB (0),1,,13,"void convert_kernel<float2, __half2>(tensor_layout_any, T1 *, tensor_layout_any, const T2 *)"
2146678966,10240,26422,2253,1,1,128,1,1,16,0.000,0.000,,,,,NVIDIA A100-SXM4-40GB (0),1,,13,cupy_copy__float16_float16
2146690454,2368,26431,282,1,1,128,1,1,16,0.000,0.000,,,,,NVIDIA A100-SXM4-40GB (0),1,,13,cupy_copy__complex64_complex64
2146693910,1760,26440,26,1,1,128,1,1,16,0.000,0.000,,,,,NVIDIA A100-SXM4-40GB (0),1,,13,cupy_copy__float32_float32
2146696918,2560,26449,103,1,1,128,1,1,16,0.000,0.000,,,,,NVIDIA A100-SXM4-40GB (0),1,,13,cupy_copy__complex64_complex64
2146700470,11296,26459,1434,1,1,128,1,1,16,0.000,0.000,,,,,NVIDIA A100-SXM4-40GB (0),1,,13,cupy_copy__complex64_complex64
2146740693,78367,26464,1,1,1,32,32,1,30,0.000,0.000,,,,,NVIDIA A100-SXM4-40GB (0),1,,13,"void convert_kernel<__half2, float2>(tensor_layout_any, T1 *, tensor_layout_any, const T2 *)"
2146983570,4288,26467,,,,,,,,,,0.061,14328.300,Pinned,Device,NVIDIA A100-SXM4-40GB (0),1,,13,[CUDA memcpy Host-to-Device]
2146993586,589753,26468,,,,,,,,,,456.520,773802.214,Device,,NVIDIA A100-SXM4-40GB (0),1,,13,[CUDA memset]
2147585611,33215,26473,,,,,,,,,,0.825,24847.806,Pinned,Device,NVIDIA A100-SXM4-40GB (0),1,,13,[CUDA memcpy Host-to-Device]
2147620970,6720,26474,,,,,,,,,,0.131,19504.693,Pinned,Device,NVIDIA A100-SXM4-40GB (0),1,,13,[CUDA memcpy Host-to-Device]
2147635210,7680,26475,69,4,1,48,1,1,76,0.002,0.000,,,,,NVIDIA A100-SXM4-40GB (0),1,,13,"void ch_est::windowedChEstPreNoDftSOfdmKernel<float, __half, float, (unsigned int)2, (unsigned int)1, (unsigned short)4>(ch_est::puschRxChEstStatDescr_t *, ch_est::puschRxChEstDynDescr_t *)"
2147644234,6240,26476,137,2,1,24,2,1,44,0.001,0.001,,,,,NVIDIA A100-SXM4-40GB (0),1,,13,"void ch_est::chEstFilterNoDftSOfdmDispatchKernel<float, __half, float, (unsigned int)2>(ch_est::puschRxChEstStatDescr_t *, ch_est::puschRxChEstDynDescr_t *)"
2147651562,4576,26477,137,2,1,24,2,1,44,0.001,0.001,,,,,NVIDIA A100-SXM4-40GB (0),1,,13,"void ch_est::chEstFilterNoDftSOfdmDispatchKernel<float, __half, float, (unsigned int)2>(ch_est::puschRxChEstStatDescr_t *, ch_est::puschRxChEstDynDescr_t *)"
2147657418,2144,26488,103,1,1,128,1,1,16,0.000,0.000,,,,,NVIDIA A100-SXM4-40GB (0),1,,13,cupy_copy__complex64_complex64
2147660586,12736,26498,1434,1,1,128,1,1,16,0.000,0.000,,,,,NVIDIA A100-SXM4-40GB (0),1,,13,cupy_copy__complex64_complex64
2147674602,2144,26505,103,1,1,128,1,1,16,0.000,0.000,,,,,NVIDIA A100-SXM4-40GB (0),1,,13,cupy_copy__complex64_complex64
2147677802,78527,26512,1,1,1,32,32,1,30,0.000,0.000,,,,,NVIDIA A100-SXM4-40GB (0),1,,13,"void convert_kernel<__half2, float2>(tensor_layout_any, T1 *, tensor_layout_any, const T2 *)"
2147787112,4192,26515,,,,,,,,,,0.061,14656.451,Pinned,Device,NVIDIA A100-SXM4-40GB (0),1,,13,[CUDA memcpy Host-to-Device]
2147799688,44768,26516,,,,,,,,,,35.801,799686.044,Device,,NVIDIA A100-SXM4-40GB (0),1,,13,[CUDA memset]
2147852296,1856,26518,,,,,,,,,,0.000,43.103,Pinned,Device,NVIDIA A100-SXM4-40GB (0),1,,13,[CUDA memcpy Host-to-Device]
2147857447,6752,26519,,,,,,,,,,0.131,19412.287,Pinned,Device,NVIDIA A100-SXM4-40GB (0),1,,13,[CUDA memcpy Host-to-Device]
2147867943,8544,26520,273,1,1,48,1,1,40,0.000,0.001,,,,,NVIDIA A100-SXM4-40GB (0),1,,13,"void pusch_noise_intf_est::noiseIntfEstNoDftSOfdmKernel<float, __half, float, float, (unsigned int)2, (unsigned int)1, (unsigned char)4, (unsigned char)4>(pusch_noise_intf_est::puschRxNoiseIntfEstDynDescr)"
2147877639,2848,26531,35,1,1,128,1,1,16,0.000,0.000,,,,,NVIDIA A100-SXM4-40GB (0),1,,13,cupy_copy__complex64_complex64
2147910535,1536,26540,1,1,1,1,1,1,18,0.000,0.000,,,,,NVIDIA A100-SXM4-40GB (0),1,,13,cupy_copy__float32_float32
2147944070,1728,26546,,,,,,,,,,0.000,2.315,Device,Pageable,NVIDIA A100-SXM4-40GB (0),1,,7,[CUDA memcpy Device-to-Host]
2148001414,13568,26557,1434,1,1,128,1,1,16,0.000,0.000,,,,,NVIDIA A100-SXM4-40GB (0),1,,13,cupy_copy__complex64_complex64
2148027525,2368,26564,103,1,1,128,1,1,16,0.000,0.000,,,,,NVIDIA A100-SXM4-40GB (0),1,,13,cupy_copy__complex64_complex64
2148047973,2016,26571,35,1,1,128,1,1,16,0.000,0.000,,,,,NVIDIA A100-SXM4-40GB (0),1,,13,cupy_copy__complex64_complex64
2148065765,1504,26578,1,1,1,1,1,1,18,0.000,0.000,,,,,NVIDIA A100-SXM4-40GB (0),1,,13,cupy_copy__float32_float32
2148200803,78431,26589,1,1,1,32,32,1,30,0.000,0.000,,,,,NVIDIA A100-SXM4-40GB (0),1,,13,"void convert_kernel<__half2, float2>(tensor_layout_any, T1 *, tensor_layout_any, const T2 *)"
2148306882,4128,26592,,,,,,,,,,0.061,14883.717,Pinned,Device,NVIDIA A100-SXM4-40GB (0),1,,13,[CUDA memcpy Host-to-Device]
2148320706,2560,26593,,,,,,,,,,1.547,604150.000,Device,,NVIDIA A100-SXM4-40GB (0),1,,13,[CUDA memset]
2148326690,2720,26598,,,,,,,,,,0.021,7741.175,Pinned,Device,NVIDIA A100-SXM4-40GB (0),1,,13,[CUDA memcpy Host-to-Device]
2148331554,6815,26599,,,,,,,,,,0.131,19232.850,Pinned,Device,NVIDIA A100-SXM4-40GB (0),1,,13,[CUDA memcpy Host-to-Device]
2148343201,5952,26600,273,1,1,8,4,1,39,0.002,0.000,,,,,NVIDIA A100-SXM4-40GB (0),1,,13,"void channel_eq::eqMmseCoefCompLowMimoKernel<float, float, float, (unsigned int)4, (unsigned int)1, (unsigned int)4>(const channel_eq::_puschRxChEqStatDescr *, channel_eq::_puschRxChEqCoefCompDynDescr)"
2148350401,4800,26601,273,1,1,12,11,1,40,0.002,0.000,,,,,NVIDIA A100-SXM4-40GB (0),1,,13,"void channel_eq::eqMmseSoftDemapKernel<float, __half, __half, float, (unsigned int)4, (unsigned short)16383>(channel_eq::_puschRxChEqStatDescr *, channel_eq::_puschRxChEqSoftDemapDynDescr)"
2148356193,281885,26602,1,1,1,32,32,1,30,0.000,0.000,,,,,NVIDIA A100-SXM4-40GB (0),1,,13,"void convert_kernel<float2, __half2>(tensor_layout_any, T1 *, tensor_layout_any, const T2 *)"
2148639134,10272,26614,2253,1,1,128,1,1,16,0.000,0.000,,,,,NVIDIA A100-SXM4-40GB (0),1,,13,cupy_copy__float16_float16
2148650654,2368,26623,282,1,1,128,1,1,16,0.000,0.000,,,,,NVIDIA A100-SXM4-40GB (0),1,,13,cupy_copy__complex64_complex64
2148654110,1759,26632,26,1,1,128,1,1,16,0.000,0.000,,,,,NVIDIA A100-SXM4-40GB (0),1,,13,cupy_copy__float32_float32
2148657021,2560,26641,103,1,1,128,1,1,16,0.000,0.000,,,,,NVIDIA A100-SXM4-40GB (0),1,,13,cupy_copy__complex64_complex64
2148660829,11232,26651,1434,1,1,128,1,1,16,0.000,0.000,,,,,NVIDIA A100-SXM4-40GB (0),1,,13,cupy_copy__complex64_complex64
2148692445,77983,26656,1,1,1,32,32,1,30,0.000,0.000,,,,,NVIDIA A100-SXM4-40GB (0),1,,13,"void convert_kernel<__half2, float2>(tensor_layout_any, T1 *, tensor_layout_any, const T2 *)"
2148804316,4224,26659,,,,,,,,,,0.061,14545.428,Pinned,Device,NVIDIA A100-SXM4-40GB (0),1,,13,[CUDA memcpy Host-to-Device]
2148815707,588249,26660,,,,,,,,,,456.520,775628.296,Device,,NVIDIA A100-SXM4-40GB (0),1,,13,[CUDA memset]
2149410420,32736,26665,,,,,,,,,,0.825,25211.783,Pinned,Device,NVIDIA A100-SXM4-40GB (0),1,,13,[CUDA memcpy Host-to-Device]
2149445940,7391,26666,,,,,,,,,,0.131,17733.911,Pinned,Device,NVIDIA A100-SXM4-40GB (0),1,,13,[CUDA memcpy Host-to-Device]
2149462419,7040,26667,69,4,1,48,1,1,76,0.002,0.000,,,,,NVIDIA A100-SXM4-40GB (0),1,,13,"void ch_est::windowedChEstPreNoDftSOfdmKernel<float, __half, float, (unsigned int)2, (unsigned int)1, (unsigned short)4>(ch_est::puschRxChEstStatDescr_t *, ch_est::puschRxChEstDynDescr_t *)"
2149470547,6144,26668,137,2,1,24,2,1,44,0.001,0.001,,,,,NVIDIA A100-SXM4-40GB (0),1,,13,"void ch_est::chEstFilterNoDftSOfdmDispatchKernel<float, __half, float, (unsigned int)2>(ch_est::puschRxChEstStatDescr_t *, ch_est::puschRxChEstDynDescr_t *)"
2149477875,4576,26669,137,2,1,24,2,1,44,0.001,0.001,,,,,NVIDIA A100-SXM4-40GB (0),1,,13,"void ch_est::chEstFilterNoDftSOfdmDispatchKernel<float, __half, float, (unsigned int)2>(ch_est::puschRxChEstStatDescr_t *, ch_est::puschRxChEstDynDescr_t *)"
2149483731,2208,26680,103,1,1,128,1,1,16,0.000,0.000,,,,,NVIDIA A100-SXM4-40GB (0),1,,13,cupy_copy__complex64_complex64
2149486931,12768,26690,1434,1,1,128,1,1,16,0.000,0.000,,,,,NVIDIA A100-SXM4-40GB (0),1,,13,cupy_copy__complex64_complex64
2149501011,2112,26697,103,1,1,128,1,1,16,0.000,0.000,,,,,NVIDIA A100-SXM4-40GB (0),1,,13,cupy_copy__complex64_complex64
2149504403,78239,26704,1,1,1,32,32,1,30,0.000,0.000,,,,,NVIDIA A100-SXM4-40GB (0),1,,13,"void convert_kernel<__half2, float2>(tensor_layout_any, T1 *, tensor_layout_any, const T2 *)"
2149610194,4735,26707,,,,,,,,,,0.061,12975.698,Pinned,Device,NVIDIA A100-SXM4-40GB (0),1,,13,[CUDA memcpy Host-to-Device]
2149622225,45184,26708,,,,,,,,,,35.801,792311.046,Device,,NVIDIA A100-SXM4-40GB (0),1,,13,[CUDA memset]
2149673585,1856,26710,,,,,,,,,,0.000,43.103,Pinned,Device,NVIDIA A100-SXM4-40GB (0),1,,13,[CUDA memcpy Host-to-Device]
2149677553,6752,26711,,,,,,,,,,0.131,19412.287,Pinned,Device,NVIDIA A100-SXM4-40GB (0),1,,13,[CUDA memcpy Host-to-Device]
2149688593,8479,26712,273,1,1,48,1,1,40,0.000,0.001,,,,,NVIDIA A100-SXM4-40GB (0),1,,13,"void pusch_noise_intf_est::noiseIntfEstNoDftSOfdmKernel<float, __half, float, float, (unsigned int)2, (unsigned int)1, (unsigned char)4, (unsigned char)4>(pusch_noise_intf_est::puschRxNoiseIntfEstDynDescr)"
2149698128,2624,26723,35,1,1,128,1,1,16,0.000,0.000,,,,,NVIDIA A100-SXM4-40GB (0),1,,13,cupy_copy__complex64_complex64
2149725168,1504,26732,1,1,1,1,1,1,18,0.000,0.000,,,,,NVIDIA A100-SXM4-40GB (0),1,,13,cupy_copy__float32_float32
2149757424,2208,26738,,,,,,,,,,0.000,1.812,Device,Pageable,NVIDIA A100-SXM4-40GB (0),1,,7,[CUDA memcpy Device-to-Host]
2149814255,13056,26749,1434,1,1,128,1,1,16,0.000,0.000,,,,,NVIDIA A100-SXM4-40GB (0),1,,13,cupy_copy__complex64_complex64
2149840015,2368,26756,103,1,1,128,1,1,16,0.000,0.000,,,,,NVIDIA A100-SXM4-40GB (0),1,,13,cupy_copy__complex64_complex64
2149859982,1984,26763,35,1,1,128,1,1,16,0.000,0.000,,,,,NVIDIA A100-SXM4-40GB (0),1,,13,cupy_copy__complex64_complex64
2149882670,1504,26770,1,1,1,1,1,1,18,0.000,0.000,,,,,NVIDIA A100-SXM4-40GB (0),1,,13,cupy_copy__float32_float32
2150013548,77855,26781,1,1,1,32,32,1,30,0.000,0.000,,,,,NVIDIA A100-SXM4-40GB (0),1,,13,"void convert_kernel<__half2, float2>(tensor_layout_any, T1 *, tensor_layout_any, const T2 *)"
2150118571,4160,26784,,,,,,,,,,0.061,14769.193,Pinned,Device,NVIDIA A100-SXM4-40GB (0),1,,13,[CUDA memcpy Host-to-Device]
2150132587,2528,26785,,,,,,,,,,1.547,611796.509,Device,,NVIDIA A100-SXM4-40GB (0),1,,13,[CUDA memset]
2150138731,3200,26790,,,,,,,,,,0.021,6580.000,Pinned,Device,NVIDIA A100-SXM4-40GB (0),1,,13,[CUDA memcpy Host-to-Device]
2150144651,6752,26791,,,,,,,,,,0.131,19412.287,Pinned,Device,NVIDIA A100-SXM4-40GB (0),1,,13,[CUDA memcpy Host-to-Device]
2150155083,5920,26792,273,1,1,8,4,1,39,0.002,0.000,,,,,NVIDIA A100-SXM4-40GB (0),1,,13,"void channel_eq::eqMmseCoefCompLowMimoKernel<float, float, float, (unsigned int)4, (unsigned int)1, (unsigned int)4>(const channel_eq::_puschRxChEqStatDescr *, channel_eq::_puschRxChEqCoefCompDynDescr)"
2150162027,4832,26793,273,1,1,12,11,1,40,0.002,0.000,,,,,NVIDIA A100-SXM4-40GB (0),1,,13,"void channel_eq::eqMmseSoftDemapKernel<float, __half, __half, float, (unsigned int)4, (unsigned short)16383>(channel_eq::_puschRxChEqStatDescr *, channel_eq::_puschRxChEqSoftDemapDynDescr)"
2150168139,280796,26794,1,1,1,32,32,1,30,0.000,0.000,,,,,NVIDIA A100-SXM4-40GB (0),1,,13,"void convert_kernel<float2, __half2>(tensor_layout_any, T1 *, tensor_layout_any, const T2 *)"
2150449991,10400,26806,2253,1,1,128,1,1,16,0.000,0.000,,,,,NVIDIA A100-SXM4-40GB (0),1,,13,cupy_copy__float16_float16
2150461415,2400,26815,282,1,1,128,1,1,16,0.000,0.000,,,,,NVIDIA A100-SXM4-40GB (0),1,,13,cupy_copy__complex64_complex64
2150465031,1760,26824,26,1,1,128,1,1,16,0.000,0.000,,,,,NVIDIA A100-SXM4-40GB (0),1,,13,cupy_copy__float32_float32
2150468039,2528,26833,103,1,1,128,1,1,16,0.000,0.000,,,,,NVIDIA A100-SXM4-40GB (0),1,,13,cupy_copy__complex64_complex64
2150471815,11168,26843,1434,1,1,128,1,1,16,0.000,0.000,,,,,NVIDIA A100-SXM4-40GB (0),1,,13,cupy_copy__complex64_complex64
2150497670,78719,26848,1,1,1,32,32,1,30,0.000,0.000,,,,,NVIDIA A100-SXM4-40GB (0),1,,13,"void convert_kernel<__half2, float2>(tensor_layout_any, T1 *, tensor_layout_any, const T2 *)"
2150744707,4160,26851,,,,,,,,,,0.061,14769.193,Pinned,Device,NVIDIA A100-SXM4-40GB (0),1,,13,[CUDA memcpy Host-to-Device]
2150753635,590393,26852,,,,,,,,,,456.520,772889.173,Device,,NVIDIA A100-SXM4-40GB (0),1,,13,[CUDA memset]
2151347644,32735,26857,,,,,,,,,,0.825,25212.609,Pinned,Device,NVIDIA A100-SXM4-40GB (0),1,,13,[CUDA memcpy Host-to-Device]
2151382875,6752,26858,,,,,,,,,,0.131,19412.287,Pinned,Device,NVIDIA A100-SXM4-40GB (0),1,,13,[CUDA memcpy Host-to-Device]
2151397339,7136,26859,69,4,1,48,1,1,76,0.002,0.000,,,,,NVIDIA A100-SXM4-40GB (0),1,,13,"void ch_est::windowedChEstPreNoDftSOfdmKernel<float, __half, float, (unsigned int)2, (unsigned int)1, (unsigned short)4>(ch_est::puschRxChEstStatDescr_t *, ch_est::puschRxChEstDynDescr_t *)"
2151405563,6144,26860,137,2,1,24,2,1,44,0.001,0.001,,,,,NVIDIA A100-SXM4-40GB (0),1,,13,"void ch_est::chEstFilterNoDftSOfdmDispatchKernel<float, __half, float, (unsigned int)2>(ch_est::puschRxChEstStatDescr_t *, ch_est::puschRxChEstDynDescr_t *)"
2151412763,4576,26861,137,2,1,24,2,1,44,0.001,0.001,,,,,NVIDIA A100-SXM4-40GB (0),1,,13,"void ch_est::chEstFilterNoDftSOfdmDispatchKernel<float, __half, float, (unsigned int)2>(ch_est::puschRxChEstStatDescr_t *, ch_est::puschRxChEstDynDescr_t *)"
2151418395,2592,26872,103,1,1,128,1,1,16,0.000,0.000,,,,,NVIDIA A100-SXM4-40GB (0),1,,13,cupy_copy__complex64_complex64
2151422107,12320,26882,1434,1,1,128,1,1,16,0.000,0.000,,,,,NVIDIA A100-SXM4-40GB (0),1,,13,cupy_copy__complex64_complex64
2151435643,2112,26889,103,1,1,128,1,1,16,0.000,0.000,,,,,NVIDIA A100-SXM4-40GB (0),1,,13,cupy_copy__complex64_complex64
2151438843,78335,26896,1,1,1,32,32,1,30,0.000,0.000,,,,,NVIDIA A100-SXM4-40GB (0),1,,13,"void convert_kernel<__half2, float2>(tensor_layout_any, T1 *, tensor_layout_any, const T2 *)"
2151547769,4160,26899,,,,,,,,,,0.061,14769.193,Pinned,Device,NVIDIA A100-SXM4-40GB (0),1,,13,[CUDA memcpy Host-to-Device]
2151560505,44768,26900,,,,,,,,,,35.801,799686.044,Device,,NVIDIA A100-SXM4-40GB (0),1,,13,[CUDA memset]
2151613400,1856,26902,,,,,,,,,,0.000,43.103,Pinned,Device,NVIDIA A100-SXM4-40GB (0),1,,13,[CUDA memcpy Host-to-Device]
2151617400,6720,26903,,,,,,,,,,0.131,19504.693,Pinned,Device,NVIDIA A100-SXM4-40GB (0),1,,13,[CUDA memcpy Host-to-Device]
2151629752,8512,26904,273,1,1,48,1,1,40,0.000,0.001,,,,,NVIDIA A100-SXM4-40GB (0),1,,13,"void pusch_noise_intf_est::noiseIntfEstNoDftSOfdmKernel<float, __half, float, float, (unsigned int)2, (unsigned int)1, (unsigned char)4, (unsigned char)4>(pusch_noise_intf_est::puschRxNoiseIntfEstDynDescr)"
2151639384,2592,26915,35,1,1,128,1,1,16,0.000,0.000,,,,,NVIDIA A100-SXM4-40GB (0),1,,13,cupy_copy__complex64_complex64
2151671352,1504,26924,1,1,1,1,1,1,18,0.000,0.000,,,,,NVIDIA A100-SXM4-40GB (0),1,,13,cupy_copy__float32_float32
2151704599,1792,26930,,,,,,,,,,0.000,2.232,Device,Pageable,NVIDIA A100-SXM4-40GB (0),1,,7,[CUDA memcpy Device-to-Host]
2151761399,13631,26941,1434,1,1,128,1,1,16,0.000,0.000,,,,,NVIDIA A100-SXM4-40GB (0),1,,13,cupy_copy__complex64_complex64
2151787990,2336,26948,103,1,1,128,1,1,16,0.000,0.000,,,,,NVIDIA A100-SXM4-40GB (0),1,,13,cupy_copy__complex64_complex64
2151812246,2016,26955,35,1,1,128,1,1,16,0.000,0.000,,,,,NVIDIA A100-SXM4-40GB (0),1,,13,cupy_copy__complex64_complex64
2151831382,1504,26962,1,1,1,1,1,1,18,0.000,0.000,,,,,NVIDIA A100-SXM4-40GB (0),1,,13,cupy_copy__float32_float32
2151962420,77823,26973,1,1,1,32,32,1,30,0.000,0.000,,,,,NVIDIA A100-SXM4-40GB (0),1,,13,"void convert_kernel<__half2, float2>(tensor_layout_any, T1 *, tensor_layout_any, const T2 *)"
2152206161,4192,26976,,,,,,,,,,0.061,14656.451,Pinned,Device,NVIDIA A100-SXM4-40GB (0),1,,13,[CUDA memcpy Host-to-Device]
2152215089,2592,26977,,,,,,,,,,1.547,596690.632,Device,,NVIDIA A100-SXM4-40GB (0),1,,13,[CUDA memset]
2152219281,2784,26982,,,,,,,,,,0.021,7563.210,Pinned,Device,NVIDIA A100-SXM4-40GB (0),1,,13,[CUDA memcpy Host-to-Device]
2152224529,6752,26983,,,,,,,,,,0.131,19412.287,Pinned,Device,NVIDIA A100-SXM4-40GB (0),1,,13,[CUDA memcpy Host-to-Device]
2152241489,5983,26984,273,1,1,8,4,1,39,0.002,0.000,,,,,NVIDIA A100-SXM4-40GB (0),1,,13,"void channel_eq::eqMmseCoefCompLowMimoKernel<float, float, float, (unsigned int)4, (unsigned int)1, (unsigned int)4>(const channel_eq::_puschRxChEqStatDescr *, channel_eq::_puschRxChEqCoefCompDynDescr)"
2152248688,4800,26985,273,1,1,12,11,1,40,0.002,0.000,,,,,NVIDIA A100-SXM4-40GB (0),1,,13,"void channel_eq::eqMmseSoftDemapKernel<float, __half, __half, float, (unsigned int)4, (unsigned short)16383>(channel_eq::_puschRxChEqStatDescr *, channel_eq::_puschRxChEqSoftDemapDynDescr)"
2152254704,281693,26986,1,1,1,32,32,1,30,0.000,0.000,,,,,NVIDIA A100-SXM4-40GB (0),1,,13,"void convert_kernel<float2, __half2>(tensor_layout_any, T1 *, tensor_layout_any, const T2 *)"
2152537389,10368,26998,2253,1,1,128,1,1,16,0.000,0.000,,,,,NVIDIA A100-SXM4-40GB (0),1,,13,cupy_copy__float16_float16
2152548781,2368,27007,282,1,1,128,1,1,16,0.000,0.000,,,,,NVIDIA A100-SXM4-40GB (0),1,,13,cupy_copy__complex64_complex64
2152552333,1792,27016,26,1,1,128,1,1,16,0.000,0.000,,,,,NVIDIA A100-SXM4-40GB (0),1,,13,cupy_copy__float32_float32
2152555373,2528,27025,103,1,1,128,1,1,16,0.000,0.000,,,,,NVIDIA A100-SXM4-40GB (0),1,,13,cupy_copy__complex64_complex64
2152559149,11263,27035,1434,1,1,128,1,1,16,0.000,0.000,,,,,NVIDIA A100-SXM4-40GB (0),1,,13,cupy_copy__complex64_complex64
2152704523,79359,27040,1,1,1,32,32,1,30,0.000,0.000,,,,,NVIDIA A100-SXM4-40GB (0),1,,13,"void convert_kernel<__half2, float2>(tensor_layout_any, T1 *, tensor_layout_any, const T2 *)"
2152815401,4160,27043,,,,,,,,,,0.061,14769.193,Pinned,Device,NVIDIA A100-SXM4-40GB (0),1,,13,[CUDA memcpy Host-to-Device]
2152826697,589177,27044,,,,,,,,,,456.520,774715.255,Device,,NVIDIA A100-SXM4-40GB (0),1,,13,[CUDA memset]
2153422786,32703,27049,,,,,,,,,,0.825,25237.369,Pinned,Device,NVIDIA A100-SXM4-40GB (0),1,,13,[CUDA memcpy Host-to-Device]
2153457953,6752,27050,,,,,,,,,,0.131,19412.287,Pinned,Device,NVIDIA A100-SXM4-40GB (0),1,,13,[CUDA memcpy Host-to-Device]
2153470913,7040,27051,69,4,1,48,1,1,76,0.002,0.000,,,,,NVIDIA A100-SXM4-40GB (0),1,,13,"void ch_est::windowedChEstPreNoDftSOfdmKernel<float, __half, float, (unsigned int)2, (unsigned int)1, (unsigned short)4>(ch_est::puschRxChEstStatDescr_t *, ch_est::puschRxChEstDynDescr_t *)"
2153479233,6176,27052,137,2,1,24,2,1,44,0.001,0.001,,,,,NVIDIA A100-SXM4-40GB (0),1,,13,"void ch_est::chEstFilterNoDftSOfdmDispatchKernel<float, __half, float, (unsigned int)2>(ch_est::puschRxChEstStatDescr_t *, ch_est::puschRxChEstDynDescr_t *)"
2153486657,4544,27053,137,2,1,24,2,1,44,0.001,0.001,,,,,NVIDIA A100-SXM4-40GB (0),1,,13,"void ch_est::chEstFilterNoDftSOfdmDispatchKernel<float, __half, float, (unsigned int)2>(ch_est::puschRxChEstStatDescr_t *, ch_est::puschRxChEstDynDescr_t *)"
2153492513,2208,27064,103,1,1,128,1,1,16,0.000,0.000,,,,,NVIDIA A100-SXM4-40GB (0),1,,13,cupy_copy__complex64_complex64
2153495937,12576,27074,1434,1,1,128,1,1,16,0.000,0.000,,,,,NVIDIA A100-SXM4-40GB (0),1,,13,cupy_copy__complex64_complex64
2153509505,2112,27081,103,1,1,128,1,1,16,0.000,0.000,,,,,NVIDIA A100-SXM4-40GB (0),1,,13,cupy_copy__complex64_complex64
2153512705,78335,27088,1,1,1,32,32,1,30,0.000,0.000,,,,,NVIDIA A100-SXM4-40GB (0),1,,13,"void convert_kernel<__half2, float2>(tensor_layout_any, T1 *, tensor_layout_any, const T2 *)"
2153617983,4672,27091,,,,,,,,,,0.061,13150.679,Pinned,Device,NVIDIA A100-SXM4-40GB (0),1,,13,[CUDA memcpy Host-to-Device]
2153629951,44704,27092,,,,,,,,,,35.801,800831.674,Device,,NVIDIA A100-SXM4-40GB (0),1,,13,[CUDA memset]
2153680831,2240,27094,,,,,,,,,,0.000,35.714,Pinned,Device,NVIDIA A100-SXM4-40GB (0),1,,13,[CUDA memcpy Host-to-Device]
2153685182,6784,27095,,,,,,,,,,0.131,19320.668,Pinned,Device,NVIDIA A100-SXM4-40GB (0),1,,13,[CUDA memcpy Host-to-Device]
2153697214,8480,27096,273,1,1,48,1,1,40,0.000,0.001,,,,,NVIDIA A100-SXM4-40GB (0),1,,13,"void pusch_noise_intf_est::noiseIntfEstNoDftSOfdmKernel<float, __half, float, float, (unsigned int)2, (unsigned int)1, (unsigned char)4, (unsigned char)4>(pusch_noise_intf_est::puschRxNoiseIntfEstDynDescr)"
2153706718,2592,27107,35,1,1,128,1,1,16,0.000,0.000,,,,,NVIDIA A100-SXM4-40GB (0),1,,13,cupy_copy__complex64_complex64
2153739518,1536,27116,1,1,1,1,1,1,18,0.000,0.000,,,,,NVIDIA A100-SXM4-40GB (0),1,,13,cupy_copy__float32_float32
2153772477,1760,27122,,,,,,,,,,0.000,2.273,Device,Pageable,NVIDIA A100-SXM4-40GB (0),1,,7,[CUDA memcpy Device-to-Host]
2153829181,13536,27133,1434,1,1,128,1,1,16,0.000,0.000,,,,,NVIDIA A100-SXM4-40GB (0),1,,13,cupy_copy__complex64_complex64
2153859612,2368,27140,103,1,1,128,1,1,16,0.000,0.000,,,,,NVIDIA A100-SXM4-40GB (0),1,,13,cupy_copy__complex64_complex64
2153879708,2016,27147,35,1,1,128,1,1,16,0.000,0.000,,,,,NVIDIA A100-SXM4-40GB (0),1,,13,cupy_copy__complex64_complex64
2153898204,1472,27154,1,1,1,1,1,1,18,0.000,0.000,,,,,NVIDIA A100-SXM4-40GB (0),1,,13,cupy_copy__float32_float32
2154028666,78271,27165,1,1,1,32,32,1,30,0.000,0.000,,,,,NVIDIA A100-SXM4-40GB (0),1,,13,"void convert_kernel<__half2, float2>(tensor_layout_any, T1 *, tensor_layout_any, const T2 *)"
2154135001,4352,27168,,,,,,,,,,0.061,14117.622,Pinned,Device,NVIDIA A100-SXM4-40GB (0),1,,13,[CUDA memcpy Host-to-Device]
2154149049,2560,27169,,,,,,,,,,1.547,604150.000,Device,,NVIDIA A100-SXM4-40GB (0),1,,13,[CUDA memset]
2154155385,2752,27174,,,,,,,,,,0.021,7651.161,Pinned,Device,NVIDIA A100-SXM4-40GB (0),1,,13,[CUDA memcpy Host-to-Device]
2154161177,6815,27175,,,,,,,,,,0.131,19232.850,Pinned,Device,NVIDIA A100-SXM4-40GB (0),1,,13,[CUDA memcpy Host-to-Device]
2154171544,5952,27176,273,1,1,8,4,1,39,0.002,0.000,,,,,NVIDIA A100-SXM4-40GB (0),1,,13,"void channel_eq::eqMmseCoefCompLowMimoKernel<float, float, float, (unsigned int)4, (unsigned int)1, (unsigned int)4>(const channel_eq::_puschRxChEqStatDescr *, channel_eq::_puschRxChEqCoefCompDynDescr)"
2154178712,4864,27177,273,1,1,12,11,1,40,0.002,0.000,,,,,NVIDIA A100-SXM4-40GB (0),1,,13,"void channel_eq::eqMmseSoftDemapKernel<float, __half, __half, float, (unsigned int)4, (unsigned short)16383>(channel_eq::_puschRxChEqStatDescr *, channel_eq::_puschRxChEqSoftDemapDynDescr)"
2154184856,281341,27178,1,1,1,32,32,1,30,0.000,0.000,,,,,NVIDIA A100-SXM4-40GB (0),1,,13,"void convert_kernel<float2, __half2>(tensor_layout_any, T1 *, tensor_layout_any, const T2 *)"
2154467221,10432,27190,2253,1,1,128,1,1,16,0.000,0.000,,,,,NVIDIA A100-SXM4-40GB (0),1,,13,cupy_copy__float16_float16
2154478645,2368,27199,282,1,1,128,1,1,16,0.000,0.000,,,,,NVIDIA A100-SXM4-40GB (0),1,,13,cupy_copy__complex64_complex64
2154482100,1760,27208,26,1,1,128,1,1,16,0.000,0.000,,,,,NVIDIA A100-SXM4-40GB (0),1,,13,cupy_copy__float32_float32
2154485108,2560,27217,103,1,1,128,1,1,16,0.000,0.000,,,,,NVIDIA A100-SXM4-40GB (0),1,,13,cupy_copy__complex64_complex64
2154538644,11328,27233,1434,1,1,128,1,1,16,0.000,0.000,,,,,NVIDIA A100-SXM4-40GB (0),1,,13,cupy_copy__complex64_complex64
2154654066,78239,27238,1,1,1,32,32,1,30,0.000,0.000,,,,,NVIDIA A100-SXM4-40GB (0),1,,13,"void convert_kernel<__half2, float2>(tensor_layout_any, T1 *, tensor_layout_any, const T2 *)"
2154760017,4480,27241,,,,,,,,,,0.061,13714.268,Pinned,Device,NVIDIA A100-SXM4-40GB (0),1,,13,[CUDA memcpy Host-to-Device]
2154771025,588984,27242,,,,,,,,,,456.520,774715.255,Device,,NVIDIA A100-SXM4-40GB (0),1,,13,[CUDA memset]
2155361161,32704,27247,,,,,,,,,,0.825,25236.543,Pinned,Device,NVIDIA A100-SXM4-40GB (0),1,,13,[CUDA memcpy Host-to-Device]
2155395977,7136,27248,,,,,,,,,,0.131,18367.644,Pinned,Device,NVIDIA A100-SXM4-40GB (0),1,,13,[CUDA memcpy Host-to-Device]
2155412777,7104,27249,69,4,1,48,1,1,76,0.002,0.000,,,,,NVIDIA A100-SXM4-40GB (0),1,,13,"void ch_est::windowedChEstPreNoDftSOfdmKernel<float, __half, float, (unsigned int)2, (unsigned int)1, (unsigned short)4>(ch_est::puschRxChEstStatDescr_t *, ch_est::puschRxChEstDynDescr_t *)"
2155420937,6304,27250,137,2,1,24,2,1,44,0.001,0.001,,,,,NVIDIA A100-SXM4-40GB (0),1,,13,"void ch_est::chEstFilterNoDftSOfdmDispatchKernel<float, __half, float, (unsigned int)2>(ch_est::puschRxChEstStatDescr_t *, ch_est::puschRxChEstDynDescr_t *)"
2155428265,4608,27251,137,2,1,24,2,1,44,0.001,0.001,,,,,NVIDIA A100-SXM4-40GB (0),1,,13,"void ch_est::chEstFilterNoDftSOfdmDispatchKernel<float, __half, float, (unsigned int)2>(ch_est::puschRxChEstStatDescr_t *, ch_est::puschRxChEstDynDescr_t *)"
2155434121,2176,27262,103,1,1,128,1,1,16,0.000,0.000,,,,,NVIDIA A100-SXM4-40GB (0),1,,13,cupy_copy__complex64_complex64
2155437321,12671,27272,1434,1,1,128,1,1,16,0.000,0.000,,,,,NVIDIA A100-SXM4-40GB (0),1,,13,cupy_copy__complex64_complex64
2155451240,2144,27279,103,1,1,128,1,1,16,0.000,0.000,,,,,NVIDIA A100-SXM4-40GB (0),1,,13,cupy_copy__complex64_complex64
2155454440,78623,27286,1,1,1,32,32,1,30,0.000,0.000,,,,,NVIDIA A100-SXM4-40GB (0),1,,13,"void convert_kernel<__half2, float2>(tensor_layout_any, T1 *, tensor_layout_any, const T2 *)"
2155559591,4160,27289,,,,,,,,,,0.061,14769.193,Pinned,Device,NVIDIA A100-SXM4-40GB (0),1,,13,[CUDA memcpy Host-to-Device]
2155571559,44863,27290,,,,,,,,,,35.801,798003.398,Device,,NVIDIA A100-SXM4-40GB (0),1,,13,[CUDA memset]
2155624358,1984,27292,,,,,,,,,,0.000,40.323,Pinned,Device,NVIDIA A100-SXM4-40GB (0),1,,13,[CUDA memcpy Host-to-Device]
2155628806,7232,27293,,,,,,,,,,0.131,18123.850,Pinned,Device,NVIDIA A100-SXM4-40GB (0),1,,13,[CUDA memcpy Host-to-Device]
2155640038,8544,27294,273,1,1,48,1,1,40,0.000,0.001,,,,,NVIDIA A100-SXM4-40GB (0),1,,13,"void pusch_noise_intf_est::noiseIntfEstNoDftSOfdmKernel<float, __half, float, float, (unsigned int)2, (unsigned int)1, (unsigned char)4, (unsigned char)4>(pusch_noise_intf_est::puschRxNoiseIntfEstDynDescr)"
2155649734,2560,27305,35,1,1,128,1,1,16,0.000,0.000,,,,,NVIDIA A100-SXM4-40GB (0),1,,13,cupy_copy__complex64_complex64
2155677510,1536,27314,1,1,1,1,1,1,18,0.000,0.000,,,,,NVIDIA A100-SXM4-40GB (0),1,,13,cupy_copy__float32_float32
2155709605,1888,27320,,,,,,,,,,0.000,2.119,Device,Pageable,NVIDIA A100-SXM4-40GB (0),1,,7,[CUDA memcpy Device-to-Host]
2155770436,13056,27331,1434,1,1,128,1,1,16,0.000,0.000,,,,,NVIDIA A100-SXM4-40GB (0),1,,13,cupy_copy__complex64_complex64
2155796580,2336,27338,103,1,1,128,1,1,16,0.000,0.000,,,,,NVIDIA A100-SXM4-40GB (0),1,,13,cupy_copy__complex64_complex64
2155818084,1984,27345,35,1,1,128,1,1,16,0.000,0.000,,,,,NVIDIA A100-SXM4-40GB (0),1,,13,cupy_copy__complex64_complex64
2155836452,1472,27352,1,1,1,1,1,1,18,0.000,0.000,,,,,NVIDIA A100-SXM4-40GB (0),1,,13,cupy_copy__float32_float32
2155969954,78463,27363,1,1,1,32,32,1,30,0.000,0.000,,,,,NVIDIA A100-SXM4-40GB (0),1,,13,"void convert_kernel<__half2, float2>(tensor_layout_any, T1 *, tensor_layout_any, const T2 *)"
2156216927,4480,27366,,,,,,,,,,0.061,13714.268,Pinned,Device,NVIDIA A100-SXM4-40GB (0),1,,13,[CUDA memcpy Host-to-Device]
2156226687,2560,27367,,,,,,,,,,1.547,604150.000,Device,,NVIDIA A100-SXM4-40GB (0),1,,13,[CUDA memset]
2156230271,2720,27372,,,,,,,,,,0.021,7741.175,Pinned,Device,NVIDIA A100-SXM4-40GB (0),1,,13,[CUDA memcpy Host-to-Device]
2156235103,6751,27373,,,,,,,,,,0.131,19415.171,Pinned,Device,NVIDIA A100-SXM4-40GB (0),1,,13,[CUDA memcpy Host-to-Device]
2156245310,5824,27374,273,1,1,8,4,1,39,0.002,0.000,,,,,NVIDIA A100-SXM4-40GB (0),1,,13,"void channel_eq::eqMmseCoefCompLowMimoKernel<float, float, float, (unsigned int)4, (unsigned int)1, (unsigned int)4>(const channel_eq::_puschRxChEqStatDescr *, channel_eq::_puschRxChEqCoefCompDynDescr)"
2156252158,4800,27375,273,1,1,12,11,1,40,0.002,0.000,,,,,NVIDIA A100-SXM4-40GB (0),1,,13,"void channel_eq::eqMmseSoftDemapKernel<float, __half, __half, float, (unsigned int)4, (unsigned short)16383>(channel_eq::_puschRxChEqStatDescr *, channel_eq::_puschRxChEqSoftDemapDynDescr)"
2156258270,281309,27376,1,1,1,32,32,1,30,0.000,0.000,,,,,NVIDIA A100-SXM4-40GB (0),1,,13,"void convert_kernel<float2, __half2>(tensor_layout_any, T1 *, tensor_layout_any, const T2 *)"
2156540667,10304,27388,2253,1,1,128,1,1,16,0.000,0.000,,,,,NVIDIA A100-SXM4-40GB (0),1,,13,cupy_copy__float16_float16
2156551995,2400,27397,282,1,1,128,1,1,16,0.000,0.000,,,,,NVIDIA A100-SXM4-40GB (0),1,,13,cupy_copy__complex64_complex64
2156555451,1760,27406,26,1,1,128,1,1,16,0.000,0.000,,,,,NVIDIA A100-SXM4-40GB (0),1,,13,cupy_copy__float32_float32
2156558458,2528,27415,103,1,1,128,1,1,16,0.000,0.000,,,,,NVIDIA A100-SXM4-40GB (0),1,,13,cupy_copy__complex64_complex64
2156562234,11168,27425,1434,1,1,128,1,1,16,0.000,0.000,,,,,NVIDIA A100-SXM4-40GB (0),1,,13,cupy_copy__complex64_complex64
2156727832,79039,27430,1,1,1,32,32,1,30,0.000,0.000,,,,,NVIDIA A100-SXM4-40GB (0),1,,13,"void convert_kernel<__half2, float2>(tensor_layout_any, T1 *, tensor_layout_any, const T2 *)"
2156837623,4128,27433,,,,,,,,,,0.061,14883.717,Pinned,Device,NVIDIA A100-SXM4-40GB (0),1,,13,[CUDA memcpy Host-to-Device]
2156848983,588952,27434,,,,,,,,,,456.520,774715.255,Device,,NVIDIA A100-SXM4-40GB (0),1,,13,[CUDA memset]
2157441551,32832,27439,,,,,,,,,,0.825,25138.328,Pinned,Device,NVIDIA A100-SXM4-40GB (0),1,,13,[CUDA memcpy Host-to-Device]
2157476911,6752,27440,,,,,,,,,,0.131,19412.287,Pinned,Device,NVIDIA A100-SXM4-40GB (0),1,,13,[CUDA memcpy Host-to-Device]
2157489103,7104,27441,69,4,1,48,1,1,76,0.002,0.000,,,,,NVIDIA A100-SXM4-40GB (0),1,,13,"void ch_est::windowedChEstPreNoDftSOfdmKernel<float, __half, float, (unsigned int)2, (unsigned int)1, (unsigned short)4>(ch_est::puschRxChEstStatDescr_t *, ch_est::puschRxChEstDynDescr_t *)"
2157497455,6016,27442,137,2,1,24,2,1,44,0.001,0.001,,,,,NVIDIA A100-SXM4-40GB (0),1,,13,"void ch_est::chEstFilterNoDftSOfdmDispatchKernel<float, __half, float, (unsigned int)2>(ch_est::puschRxChEstStatDescr_t *, ch_est::puschRxChEstDynDescr_t *)"
2157504559,4608,27443,137,2,1,24,2,1,44,0.001,0.001,,,,,NVIDIA A100-SXM4-40GB (0),1,,13,"void ch_est::chEstFilterNoDftSOfdmDispatchKernel<float, __half, float, (unsigned int)2>(ch_est::puschRxChEstStatDescr_t *, ch_est::puschRxChEstDynDescr_t *)"
2157510415,2208,27454,103,1,1,128,1,1,16,0.000,0.000,,,,,NVIDIA A100-SXM4-40GB (0),1,,13,cupy_copy__complex64_complex64
2157513615,12511,27464,1434,1,1,128,1,1,16,0.000,0.000,,,,,NVIDIA A100-SXM4-40GB (0),1,,13,cupy_copy__complex64_complex64
2157527150,2112,27471,103,1,1,128,1,1,16,0.000,0.000,,,,,NVIDIA A100-SXM4-40GB (0),1,,13,cupy_copy__complex64_complex64
2157530542,78367,27478,1,1,1,32,32,1,30,0.000,0.000,,,,,NVIDIA A100-SXM4-40GB (0),1,,13,"void convert_kernel<__half2, float2>(tensor_layout_any, T1 *, tensor_layout_any, const T2 *)"
2157773547,4160,27481,,,,,,,,,,0.061,14769.193,Pinned,Device,NVIDIA A100-SXM4-40GB (0),1,,13,[CUDA memcpy Host-to-Device]
2157784331,45760,27482,,,,,,,,,,35.801,782358.379,Device,,NVIDIA A100-SXM4-40GB (0),1,,13,[CUDA memset]
2157837194,1856,27484,,,,,,,,,,0.000,43.103,Pinned,Device,NVIDIA A100-SXM4-40GB (0),1,,13,[CUDA memcpy Host-to-Device]
2157841162,6912,27485,,,,,,,,,,0.131,18962.842,Pinned,Device,NVIDIA A100-SXM4-40GB (0),1,,13,[CUDA memcpy Host-to-Device]
2157858090,8832,27486,273,1,1,48,1,1,40,0.000,0.001,,,,,NVIDIA A100-SXM4-40GB (0),1,,13,"void pusch_noise_intf_est::noiseIntfEstNoDftSOfdmKernel<float, __half, float, float, (unsigned int)2, (unsigned int)1, (unsigned char)4, (unsigned char)4>(pusch_noise_intf_est::puschRxNoiseIntfEstDynDescr)"
2157867946,2560,27497,35,1,1,128,1,1,16,0.000,0.000,,,,,NVIDIA A100-SXM4-40GB (0),1,,13,cupy_copy__complex64_complex64
2157878186,1536,27506,1,1,1,1,1,1,18,0.000,0.000,,,,,NVIDIA A100-SXM4-40GB (0),1,,13,cupy_copy__float32_float32
2157914441,1696,27512,,,,,,,,,,0.000,2.358,Device,Pageable,NVIDIA A100-SXM4-40GB (0),1,,7,[CUDA memcpy Device-to-Host]
2157971881,13248,27523,1434,1,1,128,1,1,16,0.000,0.000,,,,,NVIDIA A100-SXM4-40GB (0),1,,13,cupy_copy__complex64_complex64
2157998664,2336,27530,103,1,1,128,1,1,16,0.000,0.000,,,,,NVIDIA A100-SXM4-40GB (0),1,,13,cupy_copy__complex64_complex64
2158018984,2016,27537,35,1,1,128,1,1,16,0.000,0.000,,,,,NVIDIA A100-SXM4-40GB (0),1,,13,cupy_copy__complex64_complex64
2158037160,1472,27544,1,1,1,1,1,1,18,0.000,0.000,,,,,NVIDIA A100-SXM4-40GB (0),1,,13,cupy_copy__float32_float32
2158297189,78591,27555,1,1,1,32,32,1,30,0.000,0.000,,,,,NVIDIA A100-SXM4-40GB (0),1,,13,"void convert_kernel<__half2, float2>(tensor_layout_any, T1 *, tensor_layout_any, const T2 *)"
2158407395,4160,27558,,,,,,,,,,0.061,14769.193,Pinned,Device,NVIDIA A100-SXM4-40GB (0),1,,13,[CUDA memcpy Host-to-Device]
2158421571,2528,27559,,,,,,,,,,1.547,611796.509,Device,,NVIDIA A100-SXM4-40GB (0),1,,13,[CUDA memset]
2158427491,2752,27564,,,,,,,,,,0.021,7651.161,Pinned,Device,NVIDIA A100-SXM4-40GB (0),1,,13,[CUDA memcpy Host-to-Device]
2158432355,6816,27565,,,,,,,,,,0.131,19229.966,Pinned,Device,NVIDIA A100-SXM4-40GB (0),1,,13,[CUDA memcpy Host-to-Device]
2158443939,5888,27566,273,1,1,8,4,1,39,0.002,0.000,,,,,NVIDIA A100-SXM4-40GB (0),1,,13,"void channel_eq::eqMmseCoefCompLowMimoKernel<float, float, float, (unsigned int)4, (unsigned int)1, (unsigned int)4>(const channel_eq::_puschRxChEqStatDescr *, channel_eq::_puschRxChEqCoefCompDynDescr)"
2158450883,4800,27567,273,1,1,12,11,1,40,0.002,0.000,,,,,NVIDIA A100-SXM4-40GB (0),1,,13,"void channel_eq::eqMmseSoftDemapKernel<float, __half, __half, float, (unsigned int)4, (unsigned short)16383>(channel_eq::_puschRxChEqStatDescr *, channel_eq::_puschRxChEqSoftDemapDynDescr)"
2158456675,281020,27568,1,1,1,32,32,1,30,0.000,0.000,,,,,NVIDIA A100-SXM4-40GB (0),1,,13,"void convert_kernel<float2, __half2>(tensor_layout_any, T1 *, tensor_layout_any, const T2 *)"
2158738687,10560,27580,2253,1,1,128,1,1,16,0.000,0.000,,,,,NVIDIA A100-SXM4-40GB (0),1,,13,cupy_copy__float16_float16
2158750463,2400,27589,282,1,1,128,1,1,16,0.000,0.000,,,,,NVIDIA A100-SXM4-40GB (0),1,,13,cupy_copy__complex64_complex64
2158754079,1760,27598,26,1,1,128,1,1,16,0.000,0.000,,,,,NVIDIA A100-SXM4-40GB (0),1,,13,cupy_copy__float32_float32
2158757087,2560,27607,103,1,1,128,1,1,16,0.000,0.000,,,,,NVIDIA A100-SXM4-40GB (0),1,,13,cupy_copy__complex64_complex64
2158760863,11296,27617,1434,1,1,128,1,1,16,0.000,0.000,,,,,NVIDIA A100-SXM4-40GB (0),1,,13,cupy_copy__complex64_complex64
2158829662,78751,27622,1,1,1,32,32,1,30,0.000,0.000,,,,,NVIDIA A100-SXM4-40GB (0),1,,13,"void convert_kernel<__half2, float2>(tensor_layout_any, T1 *, tensor_layout_any, const T2 *)"
2158935837,4160,27625,,,,,,,,,,0.061,14769.193,Pinned,Device,NVIDIA A100-SXM4-40GB (0),1,,13,[CUDA memcpy Host-to-Device]
2158946685,589336,27626,,,,,,,,,,456.520,774258.734,Device,,NVIDIA A100-SXM4-40GB (0),1,,13,[CUDA memset]
2159543157,32864,27631,,,,,,,,,,0.825,25113.567,Pinned,Device,NVIDIA A100-SXM4-40GB (0),1,,13,[CUDA memcpy Host-to-Device]
2159578325,6752,27632,,,,,,,,,,0.131,19412.287,Pinned,Device,NVIDIA A100-SXM4-40GB (0),1,,13,[CUDA memcpy Host-to-Device]
2159595764,7232,27633,69,4,1,48,1,1,76,0.002,0.000,,,,,NVIDIA A100-SXM4-40GB (0),1,,13,"void ch_est::windowedChEstPreNoDftSOfdmKernel<float, __half, float, (unsigned int)2, (unsigned int)1, (unsigned short)4>(ch_est::puschRxChEstStatDescr_t *, ch_est::puschRxChEstDynDescr_t *)"
2159604020,6240,27634,137,2,1,24,2,1,44,0.001,0.001,,,,,NVIDIA A100-SXM4-40GB (0),1,,13,"void ch_est::chEstFilterNoDftSOfdmDispatchKernel<float, __half, float, (unsigned int)2>(ch_est::puschRxChEstStatDescr_t *, ch_est::puschRxChEstDynDescr_t *)"
2159611444,4608,27635,137,2,1,24,2,1,44,0.001,0.001,,,,,NVIDIA A100-SXM4-40GB (0),1,,13,"void ch_est::chEstFilterNoDftSOfdmDispatchKernel<float, __half, float, (unsigned int)2>(ch_est::puschRxChEstStatDescr_t *, ch_est::puschRxChEstDynDescr_t *)"
2159617108,2176,27646,103,1,1,128,1,1,16,0.000,0.000,,,,,NVIDIA A100-SXM4-40GB (0),1,,13,cupy_copy__complex64_complex64
2159620276,12512,27656,1434,1,1,128,1,1,16,0.000,0.000,,,,,NVIDIA A100-SXM4-40GB (0),1,,13,cupy_copy__complex64_complex64
2159633812,2112,27663,103,1,1,128,1,1,16,0.000,0.000,,,,,NVIDIA A100-SXM4-40GB (0),1,,13,cupy_copy__complex64_complex64
2159637012,78303,27670,1,1,1,32,32,1,30,0.000,0.000,,,,,NVIDIA A100-SXM4-40GB (0),1,,13,"void convert_kernel<__half2, float2>(tensor_layout_any, T1 *, tensor_layout_any, const T2 *)"
2159742643,4160,27673,,,,,,,,,,0.061,14769.193,Pinned,Device,NVIDIA A100-SXM4-40GB (0),1,,13,[CUDA memcpy Host-to-Device]
2159754546,44416,27674,,,,,,,,,,35.801,806022.813,Device,,NVIDIA A100-SXM4-40GB (0),1,,13,[CUDA memset]
2159806322,1984,27676,,,,,,,,,,0.000,40.323,Pinned,Device,NVIDIA A100-SXM4-40GB (0),1,,13,[CUDA memcpy Host-to-Device]
2159810418,6848,27677,,,,,,,,,,0.131,19140.182,Pinned,Device,NVIDIA A100-SXM4-40GB (0),1,,13,[CUDA memcpy Host-to-Device]
2159821682,8576,27678,273,1,1,48,1,1,40,0.000,0.001,,,,,NVIDIA A100-SXM4-40GB (0),1,,13,"void pusch_noise_intf_est::noiseIntfEstNoDftSOfdmKernel<float, __half, float, float, (unsigned int)2, (unsigned int)1, (unsigned char)4, (unsigned char)4>(pusch_noise_intf_est::puschRxNoiseIntfEstDynDescr)"
2159831313,2592,27689,35,1,1,128,1,1,16,0.000,0.000,,,,,NVIDIA A100-SXM4-40GB (0),1,,13,cupy_copy__complex64_complex64
2159863121,1536,27698,1,1,1,1,1,1,18,0.000,0.000,,,,,NVIDIA A100-SXM4-40GB (0),1,,13,cupy_copy__float32_float32
2159896369,1728,27704,,,,,,,,,,0.000,2.315,Device,Pageable,NVIDIA A100-SXM4-40GB (0),1,,7,[CUDA memcpy Device-to-Host]
2159955056,13024,27715,1434,1,1,128,1,1,16,0.000,0.000,,,,,NVIDIA A100-SXM4-40GB (0),1,,13,cupy_copy__complex64_complex64
2159981744,2400,27722,103,1,1,128,1,1,16,0.000,0.000,,,,,NVIDIA A100-SXM4-40GB (0),1,,13,cupy_copy__complex64_complex64
2160002063,1984,27729,35,1,1,128,1,1,16,0.000,0.000,,,,,NVIDIA A100-SXM4-40GB (0),1,,13,cupy_copy__complex64_complex64
2160019439,1472,27736,1,1,1,1,1,1,18,0.000,0.000,,,,,NVIDIA A100-SXM4-40GB (0),1,,13,cupy_copy__float32_float32
2160151501,78463,27747,1,1,1,32,32,1,30,0.000,0.000,,,,,NVIDIA A100-SXM4-40GB (0),1,,13,"void convert_kernel<__half2, float2>(tensor_layout_any, T1 *, tensor_layout_any, const T2 *)"
2160257228,4128,27750,,,,,,,,,,0.061,14883.717,Pinned,Device,NVIDIA A100-SXM4-40GB (0),1,,13,[CUDA memcpy Host-to-Device]
2160271756,2560,27751,,,,,,,,,,1.547,604150.000,Device,,NVIDIA A100-SXM4-40GB (0),1,,13,[CUDA memset]
2160277772,2784,27756,,,,,,,,,,0.021,7563.210,Pinned,Device,NVIDIA A100-SXM4-40GB (0),1,,13,[CUDA memcpy Host-to-Device]
2160283052,6752,27757,,,,,,,,,,0.131,19412.287,Pinned,Device,NVIDIA A100-SXM4-40GB (0),1,,13,[CUDA memcpy Host-to-Device]
2160294092,5920,27758,273,1,1,8,4,1,39,0.002,0.000,,,,,NVIDIA A100-SXM4-40GB (0),1,,13,"void channel_eq::eqMmseCoefCompLowMimoKernel<float, float, float, (unsigned int)4, (unsigned int)1, (unsigned int)4>(const channel_eq::_puschRxChEqStatDescr *, channel_eq::_puschRxChEqCoefCompDynDescr)"
2160301260,4832,27759,273,1,1,12,11,1,40,0.002,0.000,,,,,NVIDIA A100-SXM4-40GB (0),1,,13,"void channel_eq::eqMmseSoftDemapKernel<float, __half, __half, float, (unsigned int)4, (unsigned short)16383>(channel_eq::_puschRxChEqStatDescr *, channel_eq::_puschRxChEqSoftDemapDynDescr)"
2160307148,281148,27760,1,1,1,32,32,1,30,0.000,0.000,,,,,NVIDIA A100-SXM4-40GB (0),1,,13,"void convert_kernel<float2, __half2>(tensor_layout_any, T1 *, tensor_layout_any, const T2 *)"
2160589416,10336,27772,2253,1,1,128,1,1,16,0.000,0.000,,,,,NVIDIA A100-SXM4-40GB (0),1,,13,cupy_copy__float16_float16
2160600968,2400,27781,282,1,1,128,1,1,16,0.000,0.000,,,,,NVIDIA A100-SXM4-40GB (0),1,,13,cupy_copy__complex64_complex64
2160604424,1792,27790,26,1,1,128,1,1,16,0.000,0.000,,,,,NVIDIA A100-SXM4-40GB (0),1,,13,cupy_copy__float32_float32
2160607528,2528,27799,103,1,1,128,1,1,16,0.000,0.000,,,,,NVIDIA A100-SXM4-40GB (0),1,,13,cupy_copy__complex64_complex64
2160611304,11264,27809,1434,1,1,128,1,1,16,0.000,0.000,,,,,NVIDIA A100-SXM4-40GB (0),1,,13,cupy_copy__complex64_complex64
2160643207,78335,27814,1,1,1,32,32,1,30,0.000,0.000,,,,,NVIDIA A100-SXM4-40GB (0),1,,13,"void convert_kernel<__half2, float2>(tensor_layout_any, T1 *, tensor_layout_any, const T2 *)"
2160748806,4160,27817,,,,,,,,,,0.061,14769.193,Pinned,Device,NVIDIA A100-SXM4-40GB (0),1,,13,[CUDA memcpy Host-to-Device]
2160759654,588664,27818,,,,,,,,,,456.520,775171.775,Device,,NVIDIA A100-SXM4-40GB (0),1,,13,[CUDA memset]
2161352158,33312,27823,,,,,,,,,,0.825,24776.002,Pinned,Device,NVIDIA A100-SXM4-40GB (0),1,,13,[CUDA memcpy Host-to-Device]
2161388158,6752,27824,,,,,,,,,,0.131,19412.287,Pinned,Device,NVIDIA A100-SXM4-40GB (0),1,,13,[CUDA memcpy Host-to-Device]
2161406174,7136,27825,69,4,1,48,1,1,76,0.002,0.000,,,,,NVIDIA A100-SXM4-40GB (0),1,,13,"void ch_est::windowedChEstPreNoDftSOfdmKernel<float, __half, float, (unsigned int)2, (unsigned int)1, (unsigned short)4>(ch_est::puschRxChEstStatDescr_t *, ch_est::puschRxChEstDynDescr_t *)"
2161414526,6240,27826,137,2,1,24,2,1,44,0.001,0.001,,,,,NVIDIA A100-SXM4-40GB (0),1,,13,"void ch_est::chEstFilterNoDftSOfdmDispatchKernel<float, __half, float, (unsigned int)2>(ch_est::puschRxChEstStatDescr_t *, ch_est::puschRxChEstDynDescr_t *)"
2161421950,4608,27827,137,2,1,24,2,1,44,0.001,0.001,,,,,NVIDIA A100-SXM4-40GB (0),1,,13,"void ch_est::chEstFilterNoDftSOfdmDispatchKernel<float, __half, float, (unsigned int)2>(ch_est::puschRxChEstStatDescr_t *, ch_est::puschRxChEstDynDescr_t *)"
2161427805,2208,27838,103,1,1,128,1,1,16,0.000,0.000,,,,,NVIDIA A100-SXM4-40GB (0),1,,13,cupy_copy__complex64_complex64
2161431197,12352,27848,1434,1,1,128,1,1,16,0.000,0.000,,,,,NVIDIA A100-SXM4-40GB (0),1,,13,cupy_copy__complex64_complex64
2161444637,2112,27855,103,1,1,128,1,1,16,0.000,0.000,,,,,NVIDIA A100-SXM4-40GB (0),1,,13,cupy_copy__complex64_complex64
2161447837,78911,27862,1,1,1,32,32,1,30,0.000,0.000,,,,,NVIDIA A100-SXM4-40GB (0),1,,13,"void convert_kernel<__half2, float2>(tensor_layout_any, T1 *, tensor_layout_any, const T2 *)"
2161694170,4320,27865,,,,,,,,,,0.061,14222.193,Pinned,Device,NVIDIA A100-SXM4-40GB (0),1,,13,[CUDA memcpy Host-to-Device]
2161705178,45919,27866,,,,,,,,,,35.801,779637.506,Device,,NVIDIA A100-SXM4-40GB (0),1,,13,[CUDA memset]
2161758041,1856,27868,,,,,,,,,,0.000,43.103,Pinned,Device,NVIDIA A100-SXM4-40GB (0),1,,13,[CUDA memcpy Host-to-Device]
2161762041,6784,27869,,,,,,,,,,0.131,19320.668,Pinned,Device,NVIDIA A100-SXM4-40GB (0),1,,13,[CUDA memcpy Host-to-Device]
2161774553,8928,27870,273,1,1,48,1,1,40,0.000,0.001,,,,,NVIDIA A100-SXM4-40GB (0),1,,13,"void pusch_noise_intf_est::noiseIntfEstNoDftSOfdmKernel<float, __half, float, float, (unsigned int)2, (unsigned int)1, (unsigned char)4, (unsigned char)4>(pusch_noise_intf_est::puschRxNoiseIntfEstDynDescr)"
2161784569,2592,27881,35,1,1,128,1,1,16,0.000,0.000,,,,,NVIDIA A100-SXM4-40GB (0),1,,13,cupy_copy__complex64_complex64
2161801721,1536,27890,1,1,1,1,1,1,18,0.000,0.000,,,,,NVIDIA A100-SXM4-40GB (0),1,,13,cupy_copy__float32_float32
2161834552,1728,27896,,,,,,,,,,0.000,2.315,Device,Pageable,NVIDIA A100-SXM4-40GB (0),1,,7,[CUDA memcpy Device-to-Host]
2161892248,12896,27907,1434,1,1,128,1,1,16,0.000,0.000,,,,,NVIDIA A100-SXM4-40GB (0),1,,13,cupy_copy__complex64_complex64
2161918615,2400,27914,103,1,1,128,1,1,16,0.000,0.000,,,,,NVIDIA A100-SXM4-40GB (0),1,,13,cupy_copy__complex64_complex64
2161938551,2016,27921,35,1,1,128,1,1,16,0.000,0.000,,,,,NVIDIA A100-SXM4-40GB (0),1,,13,cupy_copy__complex64_complex64
2161956695,1504,27928,1,1,1,1,1,1,18,0.000,0.000,,,,,NVIDIA A100-SXM4-40GB (0),1,,13,cupy_copy__float32_float32
2162223956,78559,27939,1,1,1,32,32,1,30,0.000,0.000,,,,,NVIDIA A100-SXM4-40GB (0),1,,13,"void convert_kernel<__half2, float2>(tensor_layout_any, T1 *, tensor_layout_any, const T2 *)"
2162336690,4704,27942,,,,,,,,,,0.061,13061.222,Pinned,Device,NVIDIA A100-SXM4-40GB (0),1,,13,[CUDA memcpy Host-to-Device]
2162351698,2560,27943,,,,,,,,,,1.547,604150.000,Device,,NVIDIA A100-SXM4-40GB (0),1,,13,[CUDA memset]
2162357586,2752,27948,,,,,,,,,,0.021,7651.161,Pinned,Device,NVIDIA A100-SXM4-40GB (0),1,,13,[CUDA memcpy Host-to-Device]
2162363026,6752,27949,,,,,,,,,,0.131,19412.287,Pinned,Device,NVIDIA A100-SXM4-40GB (0),1,,13,[CUDA memcpy Host-to-Device]
2162373970,5984,27950,273,1,1,8,4,1,39,0.002,0.000,,,,,NVIDIA A100-SXM4-40GB (0),1,,13,"void channel_eq::eqMmseCoefCompLowMimoKernel<float, float, float, (unsigned int)4, (unsigned int)1, (unsigned int)4>(const channel_eq::_puschRxChEqStatDescr *, channel_eq::_puschRxChEqCoefCompDynDescr)"
2162381170,4863,27951,273,1,1,12,11,1,40,0.002,0.000,,,,,NVIDIA A100-SXM4-40GB (0),1,,13,"void channel_eq::eqMmseSoftDemapKernel<float, __half, __half, float, (unsigned int)4, (unsigned short)16383>(channel_eq::_puschRxChEqStatDescr *, channel_eq::_puschRxChEqSoftDemapDynDescr)"
2162387281,281565,27952,1,1,1,32,32,1,30,0.000,0.000,,,,,NVIDIA A100-SXM4-40GB (0),1,,13,"void convert_kernel<float2, __half2>(tensor_layout_any, T1 *, tensor_layout_any, const T2 *)"
2162670094,10304,27964,2253,1,1,128,1,1,16,0.000,0.000,,,,,NVIDIA A100-SXM4-40GB (0),1,,13,cupy_copy__float16_float16
2162681582,2368,27973,282,1,1,128,1,1,16,0.000,0.000,,,,,NVIDIA A100-SXM4-40GB (0),1,,13,cupy_copy__complex64_complex64
2162685038,1792,27982,26,1,1,128,1,1,16,0.000,0.000,,,,,NVIDIA A100-SXM4-40GB (0),1,,13,cupy_copy__float32_float32
2162688078,2528,27991,103,1,1,128,1,1,16,0.000,0.000,,,,,NVIDIA A100-SXM4-40GB (0),1,,13,cupy_copy__complex64_complex64
2162691918,11520,28001,1434,1,1,128,1,1,16,0.000,0.000,,,,,NVIDIA A100-SXM4-40GB (0),1,,13,cupy_copy__complex64_complex64
2162730893,77791,28006,1,1,1,32,32,1,30,0.000,0.000,,,,,NVIDIA A100-SXM4-40GB (0),1,,13,"void convert_kernel<__half2, float2>(tensor_layout_any, T1 *, tensor_layout_any, const T2 *)"
2162972234,4128,28009,,,,,,,,,,0.061,14883.717,Pinned,Device,NVIDIA A100-SXM4-40GB (0),1,,13,[CUDA memcpy Host-to-Device]
2162979946,590105,28010,,,,,,,,,,456.520,773345.693,Device,,NVIDIA A100-SXM4-40GB (0),1,,13,[CUDA memset]
2163576099,32703,28015,,,,,,,,,,0.825,25237.369,Pinned,Device,NVIDIA A100-SXM4-40GB (0),1,,13,[CUDA memcpy Host-to-Device]
2163610946,6752,28016,,,,,,,,,,0.131,19412.287,Pinned,Device,NVIDIA A100-SXM4-40GB (0),1,,13,[CUDA memcpy Host-to-Device]
2163628226,7616,28017,69,4,1,48,1,1,76,0.002,0.000,,,,,NVIDIA A100-SXM4-40GB (0),1,,13,"void ch_est::windowedChEstPreNoDftSOfdmKernel<float, __half, float, (unsigned int)2, (unsigned int)1, (unsigned short)4>(ch_est::puschRxChEstStatDescr_t *, ch_est::puschRxChEstDynDescr_t *)"
2163636930,6176,28018,137,2,1,24,2,1,44,0.001,0.001,,,,,NVIDIA A100-SXM4-40GB (0),1,,13,"void ch_est::chEstFilterNoDftSOfdmDispatchKernel<float, __half, float, (unsigned int)2>(ch_est::puschRxChEstStatDescr_t *, ch_est::puschRxChEstDynDescr_t *)"
2163644322,4576,28019,137,2,1,24,2,1,44,0.001,0.001,,,,,NVIDIA A100-SXM4-40GB (0),1,,13,"void ch_est::chEstFilterNoDftSOfdmDispatchKernel<float, __half, float, (unsigned int)2>(ch_est::puschRxChEstStatDescr_t *, ch_est::puschRxChEstDynDescr_t *)"
2163650178,2176,28030,103,1,1,128,1,1,16,0.000,0.000,,,,,NVIDIA A100-SXM4-40GB (0),1,,13,cupy_copy__complex64_complex64
2163653346,12415,28040,1434,1,1,128,1,1,16,0.000,0.000,,,,,NVIDIA A100-SXM4-40GB (0),1,,13,cupy_copy__complex64_complex64
2163666977,2144,28047,103,1,1,128,1,1,16,0.000,0.000,,,,,NVIDIA A100-SXM4-40GB (0),1,,13,cupy_copy__complex64_complex64
2163670177,78623,28054,1,1,1,32,32,1,30,0.000,0.000,,,,,NVIDIA A100-SXM4-40GB (0),1,,13,"void convert_kernel<__half2, float2>(tensor_layout_any, T1 *, tensor_layout_any, const T2 *)"
2163779040,4352,28057,,,,,,,,,,0.061,14117.622,Pinned,Device,NVIDIA A100-SXM4-40GB (0),1,,13,[CUDA memcpy Host-to-Device]
2163791744,44703,28058,,,,,,,,,,35.801,800831.674,Device,,NVIDIA A100-SXM4-40GB (0),1,,13,[CUDA memset]
2163838367,1856,28060,,,,,,,,,,0.000,43.103,Pinned,Device,NVIDIA A100-SXM4-40GB (0),1,,13,[CUDA memcpy Host-to-Device]
2163842719,6720,28061,,,,,,,,,,0.131,19504.693,Pinned,Device,NVIDIA A100-SXM4-40GB (0),1,,13,[CUDA memcpy Host-to-Device]
2163854143,8384,28062,273,1,1,48,1,1,40,0.000,0.001,,,,,NVIDIA A100-SXM4-40GB (0),1,,13,"void pusch_noise_intf_est::noiseIntfEstNoDftSOfdmKernel<float, __half, float, float, (unsigned int)2, (unsigned int)1, (unsigned char)4, (unsigned char)4>(pusch_noise_intf_est::puschRxNoiseIntfEstDynDescr)"
2163869983,2624,28073,35,1,1,128,1,1,16,0.000,0.000,,,,,NVIDIA A100-SXM4-40GB (0),1,,13,cupy_copy__complex64_complex64
2163904734,1536,28082,1,1,1,1,1,1,18,0.000,0.000,,,,,NVIDIA A100-SXM4-40GB (0),1,,13,cupy_copy__float32_float32
2163938238,1728,28088,,,,,,,,,,0.000,2.315,Device,Pageable,NVIDIA A100-SXM4-40GB (0),1,,7,[CUDA memcpy Device-to-Host]
2163995901,13056,28099,1434,1,1,128,1,1,16,0.000,0.000,,,,,NVIDIA A100-SXM4-40GB (0),1,,13,cupy_copy__complex64_complex64
2164022301,2368,28106,103,1,1,128,1,1,16,0.000,0.000,,,,,NVIDIA A100-SXM4-40GB (0),1,,13,cupy_copy__complex64_complex64
2164042589,1984,28113,35,1,1,128,1,1,16,0.000,0.000,,,,,NVIDIA A100-SXM4-40GB (0),1,,13,cupy_copy__complex64_complex64
2164061117,1503,28120,1,1,1,1,1,1,18,0.000,0.000,,,,,NVIDIA A100-SXM4-40GB (0),1,,13,cupy_copy__float32_float32
2164192955,78591,28131,1,1,1,32,32,1,30,0.000,0.000,,,,,NVIDIA A100-SXM4-40GB (0),1,,13,"void convert_kernel<__half2, float2>(tensor_layout_any, T1 *, tensor_layout_any, const T2 *)"
2164299706,4127,28134,,,,,,,,,,0.061,14887.281,Pinned,Device,NVIDIA A100-SXM4-40GB (0),1,,13,[CUDA memcpy Host-to-Device]
2164313241,2560,28135,,,,,,,,,,1.547,604150.000,Device,,NVIDIA A100-SXM4-40GB (0),1,,13,[CUDA memset]
2164319129,2752,28140,,,,,,,,,,0.021,7651.161,Pinned,Device,NVIDIA A100-SXM4-40GB (0),1,,13,[CUDA memcpy Host-to-Device]
2164323993,6944,28141,,,,,,,,,,0.131,18875.548,Pinned,Device,NVIDIA A100-SXM4-40GB (0),1,,13,[CUDA memcpy Host-to-Device]
2164335641,5888,28142,273,1,1,8,4,1,39,0.002,0.000,,,,,NVIDIA A100-SXM4-40GB (0),1,,13,"void channel_eq::eqMmseCoefCompLowMimoKernel<float, float, float, (unsigned int)4, (unsigned int)1, (unsigned int)4>(const channel_eq::_puschRxChEqStatDescr *, channel_eq::_puschRxChEqCoefCompDynDescr)"
2164342745,4864,28143,273,1,1,12,11,1,40,0.002,0.000,,,,,NVIDIA A100-SXM4-40GB (0),1,,13,"void channel_eq::eqMmseSoftDemapKernel<float, __half, __half, float, (unsigned int)4, (unsigned short)16383>(channel_eq::_puschRxChEqStatDescr *, channel_eq::_puschRxChEqSoftDemapDynDescr)"
2164348857,282108,28144,1,1,1,32,32,1,30,0.000,0.000,,,,,NVIDIA A100-SXM4-40GB (0),1,,13,"void convert_kernel<float2, __half2>(tensor_layout_any, T1 *, tensor_layout_any, const T2 *)"
2164632085,10176,28156,2253,1,1,128,1,1,16,0.000,0.000,,,,,NVIDIA A100-SXM4-40GB (0),1,,13,cupy_copy__float16_float16
2164643253,2432,28165,282,1,1,128,1,1,16,0.000,0.000,,,,,NVIDIA A100-SXM4-40GB (0),1,,13,cupy_copy__complex64_complex64
2164646741,1760,28174,26,1,1,128,1,1,16,0.000,0.000,,,,,NVIDIA A100-SXM4-40GB (0),1,,13,cupy_copy__float32_float32
2164649749,2496,28183,103,1,1,128,1,1,16,0.000,0.000,,,,,NVIDIA A100-SXM4-40GB (0),1,,13,cupy_copy__complex64_complex64
2164653525,11200,28193,1434,1,1,128,1,1,16,0.000,0.000,,,,,NVIDIA A100-SXM4-40GB (0),1,,13,cupy_copy__complex64_complex64
2164689173,78847,28198,1,1,1,32,32,1,30,0.000,0.000,,,,,NVIDIA A100-SXM4-40GB (0),1,,13,"void convert_kernel<__half2, float2>(tensor_layout_any, T1 *, tensor_layout_any, const T2 *)"
2164801523,4864,28201,,,,,,,,,,0.061,12631.572,Pinned,Device,NVIDIA A100-SXM4-40GB (0),1,,13,[CUDA memcpy Host-to-Device]
2164812179,588281,28202,,,,,,,,,,456.520,775628.296,Device,,NVIDIA A100-SXM4-40GB (0),1,,13,[CUDA memset]
2165403052,32703,28207,,,,,,,,,,0.825,25237.369,Pinned,Device,NVIDIA A100-SXM4-40GB (0),1,,13,[CUDA memcpy Host-to-Device]
2165437867,6752,28208,,,,,,,,,,0.131,19412.287,Pinned,Device,NVIDIA A100-SXM4-40GB (0),1,,13,[CUDA memcpy Host-to-Device]
2165451563,7008,28209,69,4,1,48,1,1,76,0.002,0.000,,,,,NVIDIA A100-SXM4-40GB (0),1,,13,"void ch_est::windowedChEstPreNoDftSOfdmKernel<float, __half, float, (unsigned int)2, (unsigned int)1, (unsigned short)4>(ch_est::puschRxChEstStatDescr_t *, ch_est::puschRxChEstDynDescr_t *)"
2165459883,6560,28210,137,2,1,24,2,1,44,0.001,0.001,,,,,NVIDIA A100-SXM4-40GB (0),1,,13,"void ch_est::chEstFilterNoDftSOfdmDispatchKernel<float, __half, float, (unsigned int)2>(ch_est::puschRxChEstStatDescr_t *, ch_est::puschRxChEstDynDescr_t *)"
2165467691,4576,28211,137,2,1,24,2,1,44,0.001,0.001,,,,,NVIDIA A100-SXM4-40GB (0),1,,13,"void ch_est::chEstFilterNoDftSOfdmDispatchKernel<float, __half, float, (unsigned int)2>(ch_est::puschRxChEstStatDescr_t *, ch_est::puschRxChEstDynDescr_t *)"
2165473547,2208,28222,103,1,1,128,1,1,16,0.000,0.000,,,,,NVIDIA A100-SXM4-40GB (0),1,,13,cupy_copy__complex64_complex64
2165477067,12480,28232,1434,1,1,128,1,1,16,0.000,0.000,,,,,NVIDIA A100-SXM4-40GB (0),1,,13,cupy_copy__complex64_complex64
2165490763,2112,28239,103,1,1,128,1,1,16,0.000,0.000,,,,,NVIDIA A100-SXM4-40GB (0),1,,13,cupy_copy__complex64_complex64
2165494155,78975,28246,1,1,1,32,32,1,30,0.000,0.000,,,,,NVIDIA A100-SXM4-40GB (0),1,,13,"void convert_kernel<__half2, float2>(tensor_layout_any, T1 *, tensor_layout_any, const T2 *)"
2165599849,4416,28249,,,,,,,,,,0.061,13913.027,Pinned,Device,NVIDIA A100-SXM4-40GB (0),1,,13,[CUDA memcpy Host-to-Device]
2165612009,44832,28250,,,,,,,,,,35.801,798540.413,Device,,NVIDIA A100-SXM4-40GB (0),1,,13,[CUDA memset]
2165665576,1856,28252,,,,,,,,,,0.000,43.103,Pinned,Device,NVIDIA A100-SXM4-40GB (0),1,,13,[CUDA memcpy Host-to-Device]
2165669544,7552,28253,,,,,,,,,,0.131,17355.899,Pinned,Device,NVIDIA A100-SXM4-40GB (0),1,,13,[CUDA memcpy Host-to-Device]
2165681928,8288,28254,273,1,1,48,1,1,40,0.000,0.001,,,,,NVIDIA A100-SXM4-40GB (0),1,,13,"void pusch_noise_intf_est::noiseIntfEstNoDftSOfdmKernel<float, __half, float, float, (unsigned int)2, (unsigned int)1, (unsigned char)4, (unsigned char)4>(pusch_noise_intf_est::puschRxNoiseIntfEstDynDescr)"
2165691240,2624,28265,35,1,1,128,1,1,16,0.000,0.000,,,,,NVIDIA A100-SXM4-40GB (0),1,,13,cupy_copy__complex64_complex64
2165719272,1536,28274,1,1,1,1,1,1,18,0.000,0.000,,,,,NVIDIA A100-SXM4-40GB (0),1,,13,cupy_copy__float32_float32
2165751655,1792,28280,,,,,,,,,,0.000,2.232,Device,Pageable,NVIDIA A100-SXM4-40GB (0),1,,7,[CUDA memcpy Device-to-Host]
2165809063,12991,28291,1434,1,1,128,1,1,16,0.000,0.000,,,,,NVIDIA A100-SXM4-40GB (0),1,,13,cupy_copy__complex64_complex64
2165835462,2400,28298,103,1,1,128,1,1,16,0.000,0.000,,,,,NVIDIA A100-SXM4-40GB (0),1,,13,cupy_copy__complex64_complex64
2165854950,2016,28305,35,1,1,128,1,1,16,0.000,0.000,,,,,NVIDIA A100-SXM4-40GB (0),1,,13,cupy_copy__complex64_complex64
2165872742,1472,28312,1,1,1,1,1,1,18,0.000,0.000,,,,,NVIDIA A100-SXM4-40GB (0),1,,13,cupy_copy__float32_float32
2166002756,78079,28323,1,1,1,32,32,1,30,0.000,0.000,,,,,NVIDIA A100-SXM4-40GB (0),1,,13,"void convert_kernel<__half2, float2>(tensor_layout_any, T1 *, tensor_layout_any, const T2 *)"
2166108419,4128,28326,,,,,,,,,,0.061,14883.717,Pinned,Device,NVIDIA A100-SXM4-40GB (0),1,,13,[CUDA memcpy Host-to-Device]
2166122211,2560,28327,,,,,,,,,,1.547,604150.000,Device,,NVIDIA A100-SXM4-40GB (0),1,,13,[CUDA memset]
2166128227,2880,28332,,,,,,,,,,0.021,7311.106,Pinned,Device,NVIDIA A100-SXM4-40GB (0),1,,13,[CUDA memcpy Host-to-Device]
2166134211,6943,28333,,,,,,,,,,0.131,18878.169,Pinned,Device,NVIDIA A100-SXM4-40GB (0),1,,13,[CUDA memcpy Host-to-Device]
2166152386,6016,28334,273,1,1,8,4,1,39,0.002,0.000,,,,,NVIDIA A100-SXM4-40GB (0),1,,13,"void channel_eq::eqMmseCoefCompLowMimoKernel<float, float, float, (unsigned int)4, (unsigned int)1, (unsigned int)4>(const channel_eq::_puschRxChEqStatDescr *, channel_eq::_puschRxChEqCoefCompDynDescr)"
2166159682,4832,28335,273,1,1,12,11,1,40,0.002,0.000,,,,,NVIDIA A100-SXM4-40GB (0),1,,13,"void channel_eq::eqMmseSoftDemapKernel<float, __half, __half, float, (unsigned int)4, (unsigned short)16383>(channel_eq::_puschRxChEqStatDescr *, channel_eq::_puschRxChEqSoftDemapDynDescr)"
2166165794,281661,28336,1,1,1,32,32,1,30,0.000,0.000,,,,,NVIDIA A100-SXM4-40GB (0),1,,13,"void convert_kernel<float2, __half2>(tensor_layout_any, T1 *, tensor_layout_any, const T2 *)"
2166448639,10047,28348,2253,1,1,128,1,1,16,0.000,0.000,,,,,NVIDIA A100-SXM4-40GB (0),1,,13,cupy_copy__float16_float16
2166459902,2368,28357,282,1,1,128,1,1,16,0.000,0.000,,,,,NVIDIA A100-SXM4-40GB (0),1,,13,cupy_copy__complex64_complex64
2166463518,1760,28366,26,1,1,128,1,1,16,0.000,0.000,,,,,NVIDIA A100-SXM4-40GB (0),1,,13,cupy_copy__float32_float32
2166466526,2528,28375,103,1,1,128,1,1,16,0.000,0.000,,,,,NVIDIA A100-SXM4-40GB (0),1,,13,cupy_copy__complex64_complex64
2166470270,11360,28385,1434,1,1,128,1,1,16,0.000,0.000,,,,,NVIDIA A100-SXM4-40GB (0),1,,13,cupy_copy__complex64_complex64
2166494206,78207,28390,1,1,1,32,32,1,30,0.000,0.000,,,,,NVIDIA A100-SXM4-40GB (0),1,,13,"void convert_kernel<__half2, float2>(tensor_layout_any, T1 *, tensor_layout_any, const T2 *)"
2166740315,4192,28393,,,,,,,,,,0.061,14656.451,Pinned,Device,NVIDIA A100-SXM4-40GB (0),1,,13,[CUDA memcpy Host-to-Device]
2166750395,590520,28394,,,,,,,,,,456.520,772889.173,Device,,NVIDIA A100-SXM4-40GB (0),1,,13,[CUDA memset]
2167345395,32960,28399,,,,,,,,,,0.825,25040.112,Pinned,Device,NVIDIA A100-SXM4-40GB (0),1,,13,[CUDA memcpy Host-to-Device]
2167380499,6752,28400,,,,,,,,,,0.131,19412.287,Pinned,Device,NVIDIA A100-SXM4-40GB (0),1,,13,[CUDA memcpy Host-to-Device]
2167396499,7264,28401,69,4,1,48,1,1,76,0.002,0.000,,,,,NVIDIA A100-SXM4-40GB (0),1,,13,"void ch_est::windowedChEstPreNoDftSOfdmKernel<float, __half, float, (unsigned int)2, (unsigned int)1, (unsigned short)4>(ch_est::puschRxChEstStatDescr_t *, ch_est::puschRxChEstDynDescr_t *)"
2167405075,6176,28402,137,2,1,24,2,1,44,0.001,0.001,,,,,NVIDIA A100-SXM4-40GB (0),1,,13,"void ch_est::chEstFilterNoDftSOfdmDispatchKernel<float, __half, float, (unsigned int)2>(ch_est::puschRxChEstStatDescr_t *, ch_est::puschRxChEstDynDescr_t *)"
2167412467,4575,28403,137,2,1,24,2,1,44,0.001,0.001,,,,,NVIDIA A100-SXM4-40GB (0),1,,13,"void ch_est::chEstFilterNoDftSOfdmDispatchKernel<float, __half, float, (unsigned int)2>(ch_est::puschRxChEstStatDescr_t *, ch_est::puschRxChEstDynDescr_t *)"
2167418258,2592,28414,103,1,1,128,1,1,16,0.000,0.000,,,,,NVIDIA A100-SXM4-40GB (0),1,,13,cupy_copy__complex64_complex64
2167422066,12448,28424,1434,1,1,128,1,1,16,0.000,0.000,,,,,NVIDIA A100-SXM4-40GB (0),1,,13,cupy_copy__complex64_complex64
2167435762,2144,28431,103,1,1,128,1,1,16,0.000,0.000,,,,,NVIDIA A100-SXM4-40GB (0),1,,13,cupy_copy__complex64_complex64
2167438962,78975,28438,1,1,1,32,32,1,30,0.000,0.000,,,,,NVIDIA A100-SXM4-40GB (0),1,,13,"void convert_kernel<__half2, float2>(tensor_layout_any, T1 *, tensor_layout_any, const T2 *)"
2167550129,4448,28441,,,,,,,,,,0.061,13812.941,Pinned,Device,NVIDIA A100-SXM4-40GB (0),1,,13,[CUDA memcpy Host-to-Device]
2167562833,44671,28442,,,,,,,,,,35.801,801404.490,Device,,NVIDIA A100-SXM4-40GB (0),1,,13,[CUDA memset]
2167615248,1856,28444,,,,,,,,,,0.000,43.103,Pinned,Device,NVIDIA A100-SXM4-40GB (0),1,,13,[CUDA memcpy Host-to-Device]
2167619632,6752,28445,,,,,,,,,,0.131,19412.287,Pinned,Device,NVIDIA A100-SXM4-40GB (0),1,,13,[CUDA memcpy Host-to-Device]
2167632656,8512,28446,273,1,1,48,1,1,40,0.000,0.001,,,,,NVIDIA A100-SXM4-40GB (0),1,,13,"void pusch_noise_intf_est::noiseIntfEstNoDftSOfdmKernel<float, __half, float, float, (unsigned int)2, (unsigned int)1, (unsigned char)4, (unsigned char)4>(pusch_noise_intf_est::puschRxNoiseIntfEstDynDescr)"
2167642320,2592,28457,35,1,1,128,1,1,16,0.000,0.000,,,,,NVIDIA A100-SXM4-40GB (0),1,,13,cupy_copy__complex64_complex64
2167673295,1536,28466,1,1,1,1,1,1,18,0.000,0.000,,,,,NVIDIA A100-SXM4-40GB (0),1,,13,cupy_copy__float32_float32
2167706799,1696,28472,,,,,,,,,,0.000,2.358,Device,Pageable,NVIDIA A100-SXM4-40GB (0),1,,7,[CUDA memcpy Device-to-Host]
2167763534,12928,28483,1434,1,1,128,1,1,16,0.000,0.000,,,,,NVIDIA A100-SXM4-40GB (0),1,,13,cupy_copy__complex64_complex64
2167789582,2368,28490,103,1,1,128,1,1,16,0.000,0.000,,,,,NVIDIA A100-SXM4-40GB (0),1,,13,cupy_copy__complex64_complex64
2167809966,2016,28497,35,1,1,128,1,1,16,0.000,0.000,,,,,NVIDIA A100-SXM4-40GB (0),1,,13,cupy_copy__complex64_complex64
2167827725,1504,28504,1,1,1,1,1,1,18,0.000,0.000,,,,,NVIDIA A100-SXM4-40GB (0),1,,13,cupy_copy__float32_float32
2167959180,78655,28515,1,1,1,32,32,1,30,0.000,0.000,,,,,NVIDIA A100-SXM4-40GB (0),1,,13,"void convert_kernel<__half2, float2>(tensor_layout_any, T1 *, tensor_layout_any, const T2 *)"
2168208521,4415,28518,,,,,,,,,,0.061,13916.160,Pinned,Device,NVIDIA A100-SXM4-40GB (0),1,,13,[CUDA memcpy Host-to-Device]
2168216936,2592,28519,,,,,,,,,,1.547,596690.632,Device,,NVIDIA A100-SXM4-40GB (0),1,,13,[CUDA memset]
2168226568,2752,28524,,,,,,,,,,0.021,7651.161,Pinned,Device,NVIDIA A100-SXM4-40GB (0),1,,13,[CUDA memcpy Host-to-Device]
2168231432,6784,28525,,,,,,,,,,0.131,19320.668,Pinned,Device,NVIDIA A100-SXM4-40GB (0),1,,13,[CUDA memcpy Host-to-Device]
2168246440,5856,28526,273,1,1,8,4,1,39,0.002,0.000,,,,,NVIDIA A100-SXM4-40GB (0),1,,13,"void channel_eq::eqMmseCoefCompLowMimoKernel<float, float, float, (unsigned int)4, (unsigned int)1, (unsigned int)4>(const channel_eq::_puschRxChEqStatDescr *, channel_eq::_puschRxChEqCoefCompDynDescr)"
2168253288,4800,28527,273,1,1,12,11,1,40,0.002,0.000,,,,,NVIDIA A100-SXM4-40GB (0),1,,13,"void channel_eq::eqMmseSoftDemapKernel<float, __half, __half, float, (unsigned int)4, (unsigned short)16383>(channel_eq::_puschRxChEqStatDescr *, channel_eq::_puschRxChEqSoftDemapDynDescr)"
2168259176,281148,28528,1,1,1,32,32,1,30,0.000,0.000,,,,,NVIDIA A100-SXM4-40GB (0),1,,13,"void convert_kernel<float2, __half2>(tensor_layout_any, T1 *, tensor_layout_any, const T2 *)"
2168541572,10368,28540,2253,1,1,128,1,1,16,0.000,0.000,,,,,NVIDIA A100-SXM4-40GB (0),1,,13,cupy_copy__float16_float16
2168553220,2400,28549,282,1,1,128,1,1,16,0.000,0.000,,,,,NVIDIA A100-SXM4-40GB (0),1,,13,cupy_copy__complex64_complex64
2168556708,1760,28558,26,1,1,128,1,1,16,0.000,0.000,,,,,NVIDIA A100-SXM4-40GB (0),1,,13,cupy_copy__float32_float32
2168559716,2528,28567,103,1,1,128,1,1,16,0.000,0.000,,,,,NVIDIA A100-SXM4-40GB (0),1,,13,cupy_copy__complex64_complex64
2168563460,11200,28577,1434,1,1,128,1,1,16,0.000,0.000,,,,,NVIDIA A100-SXM4-40GB (0),1,,13,cupy_copy__complex64_complex64
2168712962,78623,28582,1,1,1,32,32,1,30,0.000,0.000,,,,,NVIDIA A100-SXM4-40GB (0),1,,13,"void convert_kernel<__half2, float2>(tensor_layout_any, T1 *, tensor_layout_any, const T2 *)"
2168823105,4160,28585,,,,,,,,,,0.061,14769.193,Pinned,Device,NVIDIA A100-SXM4-40GB (0),1,,13,[CUDA memcpy Host-to-Device]
2168834465,587800,28586,,,,,,,,,,456.520,776541.336,Device,,NVIDIA A100-SXM4-40GB (0),1,,13,[CUDA memset]
2169423577,32896,28591,,,,,,,,,,0.825,25088.807,Pinned,Device,NVIDIA A100-SXM4-40GB (0),1,,13,[CUDA memcpy Host-to-Device]
2169459417,6784,28592,,,,,,,,,,0.131,19320.668,Pinned,Device,NVIDIA A100-SXM4-40GB (0),1,,13,[CUDA memcpy Host-to-Device]
2169469977,7136,28593,69,4,1,48,1,1,76,0.002,0.000,,,,,NVIDIA A100-SXM4-40GB (0),1,,13,"void ch_est::windowedChEstPreNoDftSOfdmKernel<float, __half, float, (unsigned int)2, (unsigned int)1, (unsigned short)4>(ch_est::puschRxChEstStatDescr_t *, ch_est::puschRxChEstDynDescr_t *)"
2169478361,6080,28594,137,2,1,24,2,1,44,0.001,0.001,,,,,NVIDIA A100-SXM4-40GB (0),1,,13,"void ch_est::chEstFilterNoDftSOfdmDispatchKernel<float, __half, float, (unsigned int)2>(ch_est::puschRxChEstStatDescr_t *, ch_est::puschRxChEstDynDescr_t *)"
2169485753,4575,28595,137,2,1,24,2,1,44,0.001,0.001,,,,,NVIDIA A100-SXM4-40GB (0),1,,13,"void ch_est::chEstFilterNoDftSOfdmDispatchKernel<float, __half, float, (unsigned int)2>(ch_est::puschRxChEstStatDescr_t *, ch_est::puschRxChEstDynDescr_t *)"
2169491608,2176,28606,103,1,1,128,1,1,16,0.000,0.000,,,,,NVIDIA A100-SXM4-40GB (0),1,,13,cupy_copy__complex64_complex64
2169494968,12224,28616,1434,1,1,128,1,1,16,0.000,0.000,,,,,NVIDIA A100-SXM4-40GB (0),1,,13,cupy_copy__complex64_complex64
2169508248,2112,28623,103,1,1,128,1,1,16,0.000,0.000,,,,,NVIDIA A100-SXM4-40GB (0),1,,13,cupy_copy__complex64_complex64
2169511448,78207,28630,1,1,1,32,32,1,30,0.000,0.000,,,,,NVIDIA A100-SXM4-40GB (0),1,,13,"void convert_kernel<__half2, float2>(tensor_layout_any, T1 *, tensor_layout_any, const T2 *)"
2169617335,4192,28633,,,,,,,,,,0.061,14656.451,Pinned,Device,NVIDIA A100-SXM4-40GB (0),1,,13,[CUDA memcpy Host-to-Device]
2169629431,45087,28634,,,,,,,,,,35.801,794029.492,Device,,NVIDIA A100-SXM4-40GB (0),1,,13,[CUDA memset]
2169681270,1856,28636,,,,,,,,,,0.000,43.103,Pinned,Device,NVIDIA A100-SXM4-40GB (0),1,,13,[CUDA memcpy Host-to-Device]
2169685238,6752,28637,,,,,,,,,,0.131,19412.287,Pinned,Device,NVIDIA A100-SXM4-40GB (0),1,,13,[CUDA memcpy Host-to-Device]
2169698294,8576,28638,273,1,1,48,1,1,40,0.000,0.001,,,,,NVIDIA A100-SXM4-40GB (0),1,,13,"void pusch_noise_intf_est::noiseIntfEstNoDftSOfdmKernel<float, __half, float, float, (unsigned int)2, (unsigned int)1, (unsigned char)4, (unsigned char)4>(pusch_noise_intf_est::puschRxNoiseIntfEstDynDescr)"
2169707958,2656,28649,35,1,1,128,1,1,16,0.000,0.000,,,,,NVIDIA A100-SXM4-40GB (0),1,,13,cupy_copy__complex64_complex64
2169736501,1536,28658,1,1,1,1,1,1,18,0.000,0.000,,,,,NVIDIA A100-SXM4-40GB (0),1,,13,cupy_copy__float32_float32
2169769077,1728,28664,,,,,,,,,,0.000,2.315,Device,Pageable,NVIDIA A100-SXM4-40GB (0),1,,7,[CUDA memcpy Device-to-Host]
2169827092,12992,28675,1434,1,1,128,1,1,16,0.000,0.000,,,,,NVIDIA A100-SXM4-40GB (0),1,,13,cupy_copy__complex64_complex64
2169854516,2336,28682,103,1,1,128,1,1,16,0.000,0.000,,,,,NVIDIA A100-SXM4-40GB (0),1,,13,cupy_copy__complex64_complex64
2169875124,2048,28689,35,1,1,128,1,1,16,0.000,0.000,,,,,NVIDIA A100-SXM4-40GB (0),1,,13,cupy_copy__complex64_complex64
2169894067,1504,28696,1,1,1,1,1,1,18,0.000,0.000,,,,,NVIDIA A100-SXM4-40GB (0),1,,13,cupy_copy__float32_float32
2170025234,78367,28707,1,1,1,32,32,1,30,0.000,0.000,,,,,NVIDIA A100-SXM4-40GB (0),1,,13,"void convert_kernel<__half2, float2>(tensor_layout_any, T1 *, tensor_layout_any, const T2 *)"
2170130992,4160,28710,,,,,,,,,,0.061,14769.193,Pinned,Device,NVIDIA A100-SXM4-40GB (0),1,,13,[CUDA memcpy Host-to-Device]
2170145040,2528,28711,,,,,,,,,,1.547,611796.509,Device,,NVIDIA A100-SXM4-40GB (0),1,,13,[CUDA memset]
2170151152,2880,28716,,,,,,,,,,0.021,7311.106,Pinned,Device,NVIDIA A100-SXM4-40GB (0),1,,13,[CUDA memcpy Host-to-Device]
2170156144,7104,28717,,,,,,,,,,0.131,18450.350,Pinned,Device,NVIDIA A100-SXM4-40GB (0),1,,13,[CUDA memcpy Host-to-Device]
2170170032,5952,28718,273,1,1,8,4,1,39,0.002,0.000,,,,,NVIDIA A100-SXM4-40GB (0),1,,13,"void channel_eq::eqMmseCoefCompLowMimoKernel<float, float, float, (unsigned int)4, (unsigned int)1, (unsigned int)4>(const channel_eq::_puschRxChEqStatDescr *, channel_eq::_puschRxChEqCoefCompDynDescr)"
2170177168,4864,28719,273,1,1,12,11,1,40,0.002,0.000,,,,,NVIDIA A100-SXM4-40GB (0),1,,13,"void channel_eq::eqMmseSoftDemapKernel<float, __half, __half, float, (unsigned int)4, (unsigned short)16383>(channel_eq::_puschRxChEqStatDescr *, channel_eq::_puschRxChEqSoftDemapDynDescr)"
2170183280,281692,28720,1,1,1,32,32,1,30,0.000,0.000,,,,,NVIDIA A100-SXM4-40GB (0),1,,13,"void convert_kernel<float2, __half2>(tensor_layout_any, T1 *, tensor_layout_any, const T2 *)"
2170466124,10368,28732,2253,1,1,128,1,1,16,0.000,0.000,,,,,NVIDIA A100-SXM4-40GB (0),1,,13,cupy_copy__float16_float16
2170477516,2400,28741,282,1,1,128,1,1,16,0.000,0.000,,,,,NVIDIA A100-SXM4-40GB (0),1,,13,cupy_copy__complex64_complex64
2170481004,1760,28750,26,1,1,128,1,1,16,0.000,0.000,,,,,NVIDIA A100-SXM4-40GB (0),1,,13,cupy_copy__float32_float32
2170484044,2528,28759,103,1,1,128,1,1,16,0.000,0.000,,,,,NVIDIA A100-SXM4-40GB (0),1,,13,cupy_copy__complex64_complex64
2170487564,11072,28769,1434,1,1,128,1,1,16,0.000,0.000,,,,,NVIDIA A100-SXM4-40GB (0),1,,13,cupy_copy__complex64_complex64
2170519564,78527,28774,1,1,1,32,32,1,30,0.000,0.000,,,,,NVIDIA A100-SXM4-40GB (0),1,,13,"void convert_kernel<__half2, float2>(tensor_layout_any, T1 *, tensor_layout_any, const T2 *)"
2170628106,4224,28777,,,,,,,,,,0.061,14545.428,Pinned,Device,NVIDIA A100-SXM4-40GB (0),1,,13,[CUDA memcpy Host-to-Device]
2170638890,588089,28778,,,,,,,,,,456.520,776084.816,Device,,NVIDIA A100-SXM4-40GB (0),1,,13,[CUDA memset]
2171235043,32735,28783,,,,,,,,,,0.825,25212.609,Pinned,Device,NVIDIA A100-SXM4-40GB (0),1,,13,[CUDA memcpy Host-to-Device]
2171269922,7232,28784,,,,,,,,,,0.131,18123.850,Pinned,Device,NVIDIA A100-SXM4-40GB (0),1,,13,[CUDA memcpy Host-to-Device]
2171281090,6976,28785,69,4,1,48,1,1,76,0.002,0.000,,,,,NVIDIA A100-SXM4-40GB (0),1,,13,"void ch_est::windowedChEstPreNoDftSOfdmKernel<float, __half, float, (unsigned int)2, (unsigned int)1, (unsigned short)4>(ch_est::puschRxChEstStatDescr_t *, ch_est::puschRxChEstDynDescr_t *)"
2171289154,6464,28786,137,2,1,24,2,1,44,0.001,0.001,,,,,NVIDIA A100-SXM4-40GB (0),1,,13,"void ch_est::chEstFilterNoDftSOfdmDispatchKernel<float, __half, float, (unsigned int)2>(ch_est::puschRxChEstStatDescr_t *, ch_est::puschRxChEstDynDescr_t *)"
2171296802,4576,28787,137,2,1,24,2,1,44,0.001,0.001,,,,,NVIDIA A100-SXM4-40GB (0),1,,13,"void ch_est::chEstFilterNoDftSOfdmDispatchKernel<float, __half, float, (unsigned int)2>(ch_est::puschRxChEstStatDescr_t *, ch_est::puschRxChEstDynDescr_t *)"
2171302690,2144,28798,103,1,1,128,1,1,16,0.000,0.000,,,,,NVIDIA A100-SXM4-40GB (0),1,,13,cupy_copy__complex64_complex64
2171305858,12288,28808,1434,1,1,128,1,1,16,0.000,0.000,,,,,NVIDIA A100-SXM4-40GB (0),1,,13,cupy_copy__complex64_complex64
2171319458,2112,28815,103,1,1,128,1,1,16,0.000,0.000,,,,,NVIDIA A100-SXM4-40GB (0),1,,13,cupy_copy__complex64_complex64
2171322626,78367,28822,1,1,1,32,32,1,30,0.000,0.000,,,,,NVIDIA A100-SXM4-40GB (0),1,,13,"void convert_kernel<__half2, float2>(tensor_layout_any, T1 *, tensor_layout_any, const T2 *)"
2171430688,4160,28825,,,,,,,,,,0.061,14769.193,Pinned,Device,NVIDIA A100-SXM4-40GB (0),1,,13,[CUDA memcpy Host-to-Device]
2171443008,44511,28826,,,,,,,,,,35.801,804304.367,Device,,NVIDIA A100-SXM4-40GB (0),1,,13,[CUDA memset]
2171495135,1856,28828,,,,,,,,,,0.000,43.103,Pinned,Device,NVIDIA A100-SXM4-40GB (0),1,,13,[CUDA memcpy Host-to-Device]
2171499967,7488,28829,,,,,,,,,,0.131,17504.272,Pinned,Device,NVIDIA A100-SXM4-40GB (0),1,,13,[CUDA memcpy Host-to-Device]
2171511839,8608,28830,273,1,1,48,1,1,40,0.000,0.001,,,,,NVIDIA A100-SXM4-40GB (0),1,,13,"void pusch_noise_intf_est::noiseIntfEstNoDftSOfdmKernel<float, __half, float, float, (unsigned int)2, (unsigned int)1, (unsigned char)4, (unsigned char)4>(pusch_noise_intf_est::puschRxNoiseIntfEstDynDescr)"
2171521503,2560,28841,35,1,1,128,1,1,16,0.000,0.000,,,,,NVIDIA A100-SXM4-40GB (0),1,,13,cupy_copy__complex64_complex64
2171547807,1504,28850,1,1,1,1,1,1,18,0.000,0.000,,,,,NVIDIA A100-SXM4-40GB (0),1,,13,cupy_copy__float32_float32
2171580030,2272,28856,,,,,,,,,,0.000,1.761,Device,Pageable,NVIDIA A100-SXM4-40GB (0),1,,7,[CUDA memcpy Device-to-Host]
2171798748,12863,28867,1434,1,1,128,1,1,16,0.000,0.000,,,,,NVIDIA A100-SXM4-40GB (0),1,,13,cupy_copy__complex64_complex64
2171812859,2368,28874,103,1,1,128,1,1,16,0.000,0.000,,,,,NVIDIA A100-SXM4-40GB (0),1,,13,cupy_copy__complex64_complex64
2171833307,1984,28881,35,1,1,128,1,1,16,0.000,0.000,,,,,NVIDIA A100-SXM4-40GB (0),1,,13,cupy_copy__complex64_complex64
2171851931,1504,28888,1,1,1,1,1,1,18,0.000,0.000,,,,,NVIDIA A100-SXM4-40GB (0),1,,13,cupy_copy__float32_float32
2171981273,78399,28899,1,1,1,32,32,1,30,0.000,0.000,,,,,NVIDIA A100-SXM4-40GB (0),1,,13,"void convert_kernel<__half2, float2>(tensor_layout_any, T1 *, tensor_layout_any, const T2 *)"
2172227446,4320,28902,,,,,,,,,,0.061,14222.193,Pinned,Device,NVIDIA A100-SXM4-40GB (0),1,,13,[CUDA memcpy Host-to-Device]
2172238390,2560,28903,,,,,,,,,,1.547,604150.000,Device,,NVIDIA A100-SXM4-40GB (0),1,,13,[CUDA memset]
2172247478,2752,28908,,,,,,,,,,0.021,7651.161,Pinned,Device,NVIDIA A100-SXM4-40GB (0),1,,13,[CUDA memcpy Host-to-Device]
2172253430,7008,28909,,,,,,,,,,0.131,18703.188,Pinned,Device,NVIDIA A100-SXM4-40GB (0),1,,13,[CUDA memcpy Host-to-Device]
2172264566,5888,28910,273,1,1,8,4,1,39,0.002,0.000,,,,,NVIDIA A100-SXM4-40GB (0),1,,13,"void channel_eq::eqMmseCoefCompLowMimoKernel<float, float, float, (unsigned int)4, (unsigned int)1, (unsigned int)4>(const channel_eq::_puschRxChEqStatDescr *, channel_eq::_puschRxChEqCoefCompDynDescr)"
2172271702,4800,28911,273,1,1,12,11,1,40,0.002,0.000,,,,,NVIDIA A100-SXM4-40GB (0),1,,13,"void channel_eq::eqMmseSoftDemapKernel<float, __half, __half, float, (unsigned int)4, (unsigned short)16383>(channel_eq::_puschRxChEqStatDescr *, channel_eq::_puschRxChEqSoftDemapDynDescr)"
2172277494,281404,28912,1,1,1,32,32,1,30,0.000,0.000,,,,,NVIDIA A100-SXM4-40GB (0),1,,13,"void convert_kernel<float2, __half2>(tensor_layout_any, T1 *, tensor_layout_any, const T2 *)"
2172559986,10336,28924,2253,1,1,128,1,1,16,0.000,0.000,,,,,NVIDIA A100-SXM4-40GB (0),1,,13,cupy_copy__float16_float16
2172571314,2400,28933,282,1,1,128,1,1,16,0.000,0.000,,,,,NVIDIA A100-SXM4-40GB (0),1,,13,cupy_copy__complex64_complex64
2172574802,1728,28942,26,1,1,128,1,1,16,0.000,0.000,,,,,NVIDIA A100-SXM4-40GB (0),1,,13,cupy_copy__float32_float32
2172577778,2528,28951,103,1,1,128,1,1,16,0.000,0.000,,,,,NVIDIA A100-SXM4-40GB (0),1,,13,cupy_copy__complex64_complex64
2172581554,11232,28961,1434,1,1,128,1,1,16,0.000,0.000,,,,,NVIDIA A100-SXM4-40GB (0),1,,13,cupy_copy__complex64_complex64
2172736080,79551,28966,1,1,1,32,32,1,30,0.000,0.000,,,,,NVIDIA A100-SXM4-40GB (0),1,,13,"void convert_kernel<__half2, float2>(tensor_layout_any, T1 *, tensor_layout_any, const T2 *)"
2172846702,5056,28969,,,,,,,,,,0.061,12151.849,Pinned,Device,NVIDIA A100-SXM4-40GB (0),1,,13,[CUDA memcpy Host-to-Device]
2172857774,588089,28970,,,,,,,,,,456.520,776084.816,Device,,NVIDIA A100-SXM4-40GB (0),1,,13,[CUDA memset]
2173452999,32767,28975,,,,,,,,,,0.825,25187.848,Pinned,Device,NVIDIA A100-SXM4-40GB (0),1,,13,[CUDA memcpy Host-to-Device]
2173487910,6752,28976,,,,,,,,,,0.131,19412.287,Pinned,Device,NVIDIA A100-SXM4-40GB (0),1,,13,[CUDA memcpy Host-to-Device]
2173501126,7232,28977,69,4,1,48,1,1,76,0.002,0.000,,,,,NVIDIA A100-SXM4-40GB (0),1,,13,"void ch_est::windowedChEstPreNoDftSOfdmKernel<float, __half, float, (unsigned int)2, (unsigned int)1, (unsigned short)4>(ch_est::puschRxChEstStatDescr_t *, ch_est::puschRxChEstDynDescr_t *)"
2173509382,6144,28978,137,2,1,24,2,1,44,0.001,0.001,,,,,NVIDIA A100-SXM4-40GB (0),1,,13,"void ch_est::chEstFilterNoDftSOfdmDispatchKernel<float, __half, float, (unsigned int)2>(ch_est::puschRxChEstStatDescr_t *, ch_est::puschRxChEstDynDescr_t *)"
2173516614,4544,28979,137,2,1,24,2,1,44,0.001,0.001,,,,,NVIDIA A100-SXM4-40GB (0),1,,13,"void ch_est::chEstFilterNoDftSOfdmDispatchKernel<float, __half, float, (unsigned int)2>(ch_est::puschRxChEstStatDescr_t *, ch_est::puschRxChEstDynDescr_t *)"
2173522470,2176,28990,103,1,1,128,1,1,16,0.000,0.000,,,,,NVIDIA A100-SXM4-40GB (0),1,,13,cupy_copy__complex64_complex64
2173525638,12608,29000,1434,1,1,128,1,1,16,0.000,0.000,,,,,NVIDIA A100-SXM4-40GB (0),1,,13,cupy_copy__complex64_complex64
2173539558,2080,29007,103,1,1,128,1,1,16,0.000,0.000,,,,,NVIDIA A100-SXM4-40GB (0),1,,13,cupy_copy__complex64_complex64
2173542662,78399,29014,1,1,1,32,32,1,30,0.000,0.000,,,,,NVIDIA A100-SXM4-40GB (0),1,,13,"void convert_kernel<__half2, float2>(tensor_layout_any, T1 *, tensor_layout_any, const T2 *)"
2173789923,4160,29017,,,,,,,,,,0.061,14769.193,Pinned,Device,NVIDIA A100-SXM4-40GB (0),1,,13,[CUDA memcpy Host-to-Device]
2173802562,46048,29018,,,,,,,,,,35.801,777453.647,Device,,NVIDIA A100-SXM4-40GB (0),1,,13,[CUDA memset]
2173852994,2464,29020,,,,,,,,,,0.000,32.468,Pinned,Device,NVIDIA A100-SXM4-40GB (0),1,,13,[CUDA memcpy Host-to-Device]
2173858242,6752,29021,,,,,,,,,,0.131,19412.287,Pinned,Device,NVIDIA A100-SXM4-40GB (0),1,,13,[CUDA memcpy Host-to-Device]
2173876290,9247,29022,273,1,1,48,1,1,40,0.000,0.001,,,,,NVIDIA A100-SXM4-40GB (0),1,,13,"void pusch_noise_intf_est::noiseIntfEstNoDftSOfdmKernel<float, __half, float, float, (unsigned int)2, (unsigned int)1, (unsigned char)4, (unsigned char)4>(pusch_noise_intf_est::puschRxNoiseIntfEstDynDescr)"
2173886689,2624,29033,35,1,1,128,1,1,16,0.000,0.000,,,,,NVIDIA A100-SXM4-40GB (0),1,,13,cupy_copy__complex64_complex64
2173895233,1504,29042,1,1,1,1,1,1,18,0.000,0.000,,,,,NVIDIA A100-SXM4-40GB (0),1,,13,cupy_copy__float32_float32
2173927649,1728,29048,,,,,,,,,,0.000,2.315,Device,Pageable,NVIDIA A100-SXM4-40GB (0),1,,7,[CUDA memcpy Device-to-Host]
2173984576,12960,29059,1434,1,1,128,1,1,16,0.000,0.000,,,,,NVIDIA A100-SXM4-40GB (0),1,,13,cupy_copy__complex64_complex64
2174010752,2368,29066,103,1,1,128,1,1,16,0.000,0.000,,,,,NVIDIA A100-SXM4-40GB (0),1,,13,cupy_copy__complex64_complex64
2174030304,2016,29073,35,1,1,128,1,1,16,0.000,0.000,,,,,NVIDIA A100-SXM4-40GB (0),1,,13,cupy_copy__complex64_complex64
2174048447,1472,29080,1,1,1,1,1,1,18,0.000,0.000,,,,,NVIDIA A100-SXM4-40GB (0),1,,13,cupy_copy__float32_float32
2174307708,78303,29091,1,1,1,32,32,1,30,0.000,0.000,,,,,NVIDIA A100-SXM4-40GB (0),1,,13,"void convert_kernel<__half2, float2>(tensor_layout_any, T1 *, tensor_layout_any, const T2 *)"
2174417467,4160,29094,,,,,,,,,,0.061,14769.193,Pinned,Device,NVIDIA A100-SXM4-40GB (0),1,,13,[CUDA memcpy Host-to-Device]
2174432091,2560,29095,,,,,,,,,,1.547,604150.000,Device,,NVIDIA A100-SXM4-40GB (0),1,,13,[CUDA memset]
2174442010,2656,29100,,,,,,,,,,0.021,7927.710,Pinned,Device,NVIDIA A100-SXM4-40GB (0),1,,13,[CUDA memcpy Host-to-Device]
2174454170,7104,29101,,,,,,,,,,0.131,18450.350,Pinned,Device,NVIDIA A100-SXM4-40GB (0),1,,13,[CUDA memcpy Host-to-Device]
2174467162,5856,29102,273,1,1,8,4,1,39,0.002,0.000,,,,,NVIDIA A100-SXM4-40GB (0),1,,13,"void channel_eq::eqMmseCoefCompLowMimoKernel<float, float, float, (unsigned int)4, (unsigned int)1, (unsigned int)4>(const channel_eq::_puschRxChEqStatDescr *, channel_eq::_puschRxChEqCoefCompDynDescr)"
2174474074,4864,29103,273,1,1,12,11,1,40,0.002,0.000,,,,,NVIDIA A100-SXM4-40GB (0),1,,13,"void channel_eq::eqMmseSoftDemapKernel<float, __half, __half, float, (unsigned int)4, (unsigned short)16383>(channel_eq::_puschRxChEqStatDescr *, channel_eq::_puschRxChEqSoftDemapDynDescr)"
2174480218,281404,29104,1,1,1,32,32,1,30,0.000,0.000,,,,,NVIDIA A100-SXM4-40GB (0),1,,13,"void convert_kernel<float2, __half2>(tensor_layout_any, T1 *, tensor_layout_any, const T2 *)"
2174762806,10496,29116,2253,1,1,128,1,1,16,0.000,0.000,,,,,NVIDIA A100-SXM4-40GB (0),1,,13,cupy_copy__float16_float16
2174774582,2400,29125,282,1,1,128,1,1,16,0.000,0.000,,,,,NVIDIA A100-SXM4-40GB (0),1,,13,cupy_copy__complex64_complex64
2174778038,1760,29134,26,1,1,128,1,1,16,0.000,0.000,,,,,NVIDIA A100-SXM4-40GB (0),1,,13,cupy_copy__float32_float32
2174781046,2560,29143,103,1,1,128,1,1,16,0.000,0.000,,,,,NVIDIA A100-SXM4-40GB (0),1,,13,cupy_copy__complex64_complex64
2174830166,11295,29159,1434,1,1,128,1,1,16,0.000,0.000,,,,,NVIDIA A100-SXM4-40GB (0),1,,13,cupy_copy__complex64_complex64
2174946388,78495,29164,1,1,1,32,32,1,30,0.000,0.000,,,,,NVIDIA A100-SXM4-40GB (0),1,,13,"void convert_kernel<__half2, float2>(tensor_layout_any, T1 *, tensor_layout_any, const T2 *)"
2175051827,4160,29167,,,,,,,,,,0.061,14769.193,Pinned,Device,NVIDIA A100-SXM4-40GB (0),1,,13,[CUDA memcpy Host-to-Device]
2175062579,588920,29168,,,,,,,,,,456.520,775171.775,Device,,NVIDIA A100-SXM4-40GB (0),1,,13,[CUDA memset]
2175654187,32768,29173,,,,,,,,,,0.825,25187.023,Pinned,Device,NVIDIA A100-SXM4-40GB (0),1,,13,[CUDA memcpy Host-to-Device]
2175689067,6880,29174,,,,,,,,,,0.131,19051.053,Pinned,Device,NVIDIA A100-SXM4-40GB (0),1,,13,[CUDA memcpy Host-to-Device]
2175701675,7328,29175,69,4,1,48,1,1,76,0.002,0.000,,,,,NVIDIA A100-SXM4-40GB (0),1,,13,"void ch_est::windowedChEstPreNoDftSOfdmKernel<float, __half, float, (unsigned int)2, (unsigned int)1, (unsigned short)4>(ch_est::puschRxChEstStatDescr_t *, ch_est::puschRxChEstDynDescr_t *)"
2175710251,6271,29176,137,2,1,24,2,1,44,0.001,0.001,,,,,NVIDIA A100-SXM4-40GB (0),1,,13,"void ch_est::chEstFilterNoDftSOfdmDispatchKernel<float, __half, float, (unsigned int)2>(ch_est::puschRxChEstStatDescr_t *, ch_est::puschRxChEstDynDescr_t *)"
2175717610,4576,29177,137,2,1,24,2,1,44,0.001,0.001,,,,,NVIDIA A100-SXM4-40GB (0),1,,13,"void ch_est::chEstFilterNoDftSOfdmDispatchKernel<float, __half, float, (unsigned int)2>(ch_est::puschRxChEstStatDescr_t *, ch_est::puschRxChEstDynDescr_t *)"
2175723306,2144,29188,103,1,1,128,1,1,16,0.000,0.000,,,,,NVIDIA A100-SXM4-40GB (0),1,,13,cupy_copy__complex64_complex64
2175726442,12544,29198,1434,1,1,128,1,1,16,0.000,0.000,,,,,NVIDIA A100-SXM4-40GB (0),1,,13,cupy_copy__complex64_complex64
2175740010,2112,29205,103,1,1,128,1,1,16,0.000,0.000,,,,,NVIDIA A100-SXM4-40GB (0),1,,13,cupy_copy__complex64_complex64
2175743210,78495,29212,1,1,1,32,32,1,30,0.000,0.000,,,,,NVIDIA A100-SXM4-40GB (0),1,,13,"void convert_kernel<__half2, float2>(tensor_layout_any, T1 *, tensor_layout_any, const T2 *)"
2175848841,4352,29215,,,,,,,,,,0.061,14117.622,Pinned,Device,NVIDIA A100-SXM4-40GB (0),1,,13,[CUDA memcpy Host-to-Device]
2175860745,44767,29216,,,,,,,,,,35.801,799686.044,Device,,NVIDIA A100-SXM4-40GB (0),1,,13,[CUDA memset]
2175913640,1856,29218,,,,,,,,,,0.000,43.103,Pinned,Device,NVIDIA A100-SXM4-40GB (0),1,,13,[CUDA memcpy Host-to-Device]
2175918600,6784,29219,,,,,,,,,,0.131,19320.668,Pinned,Device,NVIDIA A100-SXM4-40GB (0),1,,13,[CUDA memcpy Host-to-Device]
2175930024,8480,29220,273,1,1,48,1,1,40,0.000,0.001,,,,,NVIDIA A100-SXM4-40GB (0),1,,13,"void pusch_noise_intf_est::noiseIntfEstNoDftSOfdmKernel<float, __half, float, float, (unsigned int)2, (unsigned int)1, (unsigned char)4, (unsigned char)4>(pusch_noise_intf_est::puschRxNoiseIntfEstDynDescr)"
2175939560,2592,29231,35,1,1,128,1,1,16,0.000,0.000,,,,,NVIDIA A100-SXM4-40GB (0),1,,13,cupy_copy__complex64_complex64
2175970311,1536,29240,1,1,1,1,1,1,18,0.000,0.000,,,,,NVIDIA A100-SXM4-40GB (0),1,,13,cupy_copy__float32_float32
2176002695,1728,29246,,,,,,,,,,0.000,2.315,Device,Pageable,NVIDIA A100-SXM4-40GB (0),1,,7,[CUDA memcpy Device-to-Host]
2176060166,13696,29257,1434,1,1,128,1,1,16,0.000,0.000,,,,,NVIDIA A100-SXM4-40GB (0),1,,13,cupy_copy__complex64_complex64
2176087142,2336,29264,103,1,1,128,1,1,16,0.000,0.000,,,,,NVIDIA A100-SXM4-40GB (0),1,,13,cupy_copy__complex64_complex64
2176107302,1952,29271,35,1,1,128,1,1,16,0.000,0.000,,,,,NVIDIA A100-SXM4-40GB (0),1,,13,cupy_copy__complex64_complex64
2176126661,1504,29278,1,1,1,1,1,1,18,0.000,0.000,,,,,NVIDIA A100-SXM4-40GB (0),1,,13,cupy_copy__float32_float32
2176258468,78271,29289,1,1,1,32,32,1,30,0.000,0.000,,,,,NVIDIA A100-SXM4-40GB (0),1,,13,"void convert_kernel<__half2, float2>(tensor_layout_any, T1 *, tensor_layout_any, const T2 *)"
2176366850,4128,29292,,,,,,,,,,0.061,14883.717,Pinned,Device,NVIDIA A100-SXM4-40GB (0),1,,13,[CUDA memcpy Host-to-Device]
2176381218,2592,29293,,,,,,,,,,1.547,596690.632,Device,,NVIDIA A100-SXM4-40GB (0),1,,13,[CUDA memset]
2176387202,2752,29298,,,,,,,,,,0.021,7651.161,Pinned,Device,NVIDIA A100-SXM4-40GB (0),1,,13,[CUDA memcpy Host-to-Device]
2176392642,7360,29299,,,,,,,,,,0.131,17808.622,Pinned,Device,NVIDIA A100-SXM4-40GB (0),1,,13,[CUDA memcpy Host-to-Device]
2176403810,6016,29300,273,1,1,8,4,1,39,0.002,0.000,,,,,NVIDIA A100-SXM4-40GB (0),1,,13,"void channel_eq::eqMmseCoefCompLowMimoKernel<float, float, float, (unsigned int)4, (unsigned int)1, (unsigned int)4>(const channel_eq::_puschRxChEqStatDescr *, channel_eq::_puschRxChEqCoefCompDynDescr)"
2176410914,4800,29301,273,1,1,12,11,1,40,0.002,0.000,,,,,NVIDIA A100-SXM4-40GB (0),1,,13,"void channel_eq::eqMmseSoftDemapKernel<float, __half, __half, float, (unsigned int)4, (unsigned short)16383>(channel_eq::_puschRxChEqStatDescr *, channel_eq::_puschRxChEqSoftDemapDynDescr)"
2176416802,281116,29302,1,1,1,32,32,1,30,0.000,0.000,,,,,NVIDIA A100-SXM4-40GB (0),1,,13,"void convert_kernel<float2, __half2>(tensor_layout_any, T1 *, tensor_layout_any, const T2 *)"
2176699134,10304,29314,2253,1,1,128,1,1,16,0.000,0.000,,,,,NVIDIA A100-SXM4-40GB (0),1,,13,cupy_copy__float16_float16
2176710590,2400,29323,282,1,1,128,1,1,16,0.000,0.000,,,,,NVIDIA A100-SXM4-40GB (0),1,,13,cupy_copy__complex64_complex64
2176714174,1760,29332,26,1,1,128,1,1,16,0.000,0.000,,,,,NVIDIA A100-SXM4-40GB (0),1,,13,cupy_copy__float32_float32
2176717246,2592,29341,103,1,1,128,1,1,16,0.000,0.000,,,,,NVIDIA A100-SXM4-40GB (0),1,,13,cupy_copy__complex64_complex64
2176721054,11200,29351,1434,1,1,128,1,1,16,0.000,0.000,,,,,NVIDIA A100-SXM4-40GB (0),1,,13,cupy_copy__complex64_complex64
2176756765,78207,29356,1,1,1,32,32,1,30,0.000,0.000,,,,,NVIDIA A100-SXM4-40GB (0),1,,13,"void convert_kernel<__half2, float2>(tensor_layout_any, T1 *, tensor_layout_any, const T2 *)"
2176862652,4160,29359,,,,,,,,,,0.061,14769.193,Pinned,Device,NVIDIA A100-SXM4-40GB (0),1,,13,[CUDA memcpy Host-to-Device]
2176873788,587833,29360,,,,,,,,,,456.520,776541.336,Device,,NVIDIA A100-SXM4-40GB (0),1,,13,[CUDA memset]
2177470101,33087,29365,,,,,,,,,,0.825,24944.372,Pinned,Device,NVIDIA A100-SXM4-40GB (0),1,,13,[CUDA memcpy Host-to-Device]
2177505460,7136,29366,,,,,,,,,,0.131,18367.644,Pinned,Device,NVIDIA A100-SXM4-40GB (0),1,,13,[CUDA memcpy Host-to-Device]
2177523764,7072,29367,69,4,1,48,1,1,76,0.002,0.000,,,,,NVIDIA A100-SXM4-40GB (0),1,,13,"void ch_est::windowedChEstPreNoDftSOfdmKernel<float, __half, float, (unsigned int)2, (unsigned int)1, (unsigned short)4>(ch_est::puschRxChEstStatDescr_t *, ch_est::puschRxChEstDynDescr_t *)"
2177532084,6080,29368,137,2,1,24,2,1,44,0.001,0.001,,,,,NVIDIA A100-SXM4-40GB (0),1,,13,"void ch_est::chEstFilterNoDftSOfdmDispatchKernel<float, __half, float, (unsigned int)2>(ch_est::puschRxChEstStatDescr_t *, ch_est::puschRxChEstDynDescr_t *)"
2177539476,4608,29369,137,2,1,24,2,1,44,0.001,0.001,,,,,NVIDIA A100-SXM4-40GB (0),1,,13,"void ch_est::chEstFilterNoDftSOfdmDispatchKernel<float, __half, float, (unsigned int)2>(ch_est::puschRxChEstStatDescr_t *, ch_est::puschRxChEstDynDescr_t *)"
2177545364,2176,29380,103,1,1,128,1,1,16,0.000,0.000,,,,,NVIDIA A100-SXM4-40GB (0),1,,13,cupy_copy__complex64_complex64
2177548628,12735,29390,1434,1,1,128,1,1,16,0.000,0.000,,,,,NVIDIA A100-SXM4-40GB (0),1,,13,cupy_copy__complex64_complex64
2177562579,2112,29397,103,1,1,128,1,1,16,0.000,0.000,,,,,NVIDIA A100-SXM4-40GB (0),1,,13,cupy_copy__complex64_complex64
2177565779,77983,29404,1,1,1,32,32,1,30,0.000,0.000,,,,,NVIDIA A100-SXM4-40GB (0),1,,13,"void convert_kernel<__half2, float2>(tensor_layout_any, T1 *, tensor_layout_any, const T2 *)"
2177819344,4160,29407,,,,,,,,,,0.061,14769.193,Pinned,Device,NVIDIA A100-SXM4-40GB (0),1,,13,[CUDA memcpy Host-to-Device]
2177826800,45759,29408,,,,,,,,,,35.801,782358.379,Device,,NVIDIA A100-SXM4-40GB (0),1,,13,[CUDA memset]
2177876239,1856,29410,,,,,,,,,,0.000,43.103,Pinned,Device,NVIDIA A100-SXM4-40GB (0),1,,13,[CUDA memcpy Host-to-Device]
2177880207,6752,29411,,,,,,,,,,0.131,19412.287,Pinned,Device,NVIDIA A100-SXM4-40GB (0),1,,13,[CUDA memcpy Host-to-Device]
2177890927,9184,29412,273,1,1,48,1,1,40,0.000,0.001,,,,,NVIDIA A100-SXM4-40GB (0),1,,13,"void pusch_noise_intf_est::noiseIntfEstNoDftSOfdmKernel<float, __half, float, float, (unsigned int)2, (unsigned int)1, (unsigned char)4, (unsigned char)4>(pusch_noise_intf_est::puschRxNoiseIntfEstDynDescr)"
2177901167,2496,29423,35,1,1,128,1,1,16,0.000,0.000,,,,,NVIDIA A100-SXM4-40GB (0),1,,13,cupy_copy__complex64_complex64
2177929135,1504,29432,1,1,1,1,1,1,18,0.000,0.000,,,,,NVIDIA A100-SXM4-40GB (0),1,,13,cupy_copy__float32_float32
2177963438,2240,29438,,,,,,,,,,0.000,1.786,Device,Pageable,NVIDIA A100-SXM4-40GB (0),1,,7,[CUDA memcpy Device-to-Host]
2178020814,13023,29449,1434,1,1,128,1,1,16,0.000,0.000,,,,,NVIDIA A100-SXM4-40GB (0),1,,13,cupy_copy__complex64_complex64
2178046893,2336,29456,103,1,1,128,1,1,16,0.000,0.000,,,,,NVIDIA A100-SXM4-40GB (0),1,,13,cupy_copy__complex64_complex64
2178066445,2016,29463,35,1,1,128,1,1,16,0.000,0.000,,,,,NVIDIA A100-SXM4-40GB (0),1,,13,cupy_copy__complex64_complex64
2178084525,1504,29470,1,1,1,1,1,1,18,0.000,0.000,,,,,NVIDIA A100-SXM4-40GB (0),1,,13,cupy_copy__float32_float32
2178349226,78815,29481,1,1,1,32,32,1,30,0.000,0.000,,,,,NVIDIA A100-SXM4-40GB (0),1,,13,"void convert_kernel<__half2, float2>(tensor_layout_any, T1 *, tensor_layout_any, const T2 *)"
2178458984,4160,29484,,,,,,,,,,0.061,14769.193,Pinned,Device,NVIDIA A100-SXM4-40GB (0),1,,13,[CUDA memcpy Host-to-Device]
2178473608,2560,29485,,,,,,,,,,1.547,604150.000,Device,,NVIDIA A100-SXM4-40GB (0),1,,13,[CUDA memset]
2178479624,2784,29490,,,,,,,,,,0.021,7563.210,Pinned,Device,NVIDIA A100-SXM4-40GB (0),1,,13,[CUDA memcpy Host-to-Device]
2178485256,6784,29491,,,,,,,,,,0.131,19320.668,Pinned,Device,NVIDIA A100-SXM4-40GB (0),1,,13,[CUDA memcpy Host-to-Device]
2178496552,5888,29492,273,1,1,8,4,1,39,0.002,0.000,,,,,NVIDIA A100-SXM4-40GB (0),1,,13,"void channel_eq::eqMmseCoefCompLowMimoKernel<float, float, float, (unsigned int)4, (unsigned int)1, (unsigned int)4>(const channel_eq::_puschRxChEqStatDescr *, channel_eq::_puschRxChEqCoefCompDynDescr)"
2178503720,4864,29493,273,1,1,12,11,1,40,0.002,0.000,,,,,NVIDIA A100-SXM4-40GB (0),1,,13,"void channel_eq::eqMmseSoftDemapKernel<float, __half, __half, float, (unsigned int)4, (unsigned short)16383>(channel_eq::_puschRxChEqStatDescr *, channel_eq::_puschRxChEqSoftDemapDynDescr)"
2178509864,281468,29494,1,1,1,32,32,1,30,0.000,0.000,,,,,NVIDIA A100-SXM4-40GB (0),1,,13,"void convert_kernel<float2, __half2>(tensor_layout_any, T1 *, tensor_layout_any, const T2 *)"
2178792356,10304,29506,2253,1,1,128,1,1,16,0.000,0.000,,,,,NVIDIA A100-SXM4-40GB (0),1,,13,cupy_copy__float16_float16
2178803876,2368,29515,282,1,1,128,1,1,16,0.000,0.000,,,,,NVIDIA A100-SXM4-40GB (0),1,,13,cupy_copy__complex64_complex64
2178807332,1760,29524,26,1,1,128,1,1,16,0.000,0.000,,,,,NVIDIA A100-SXM4-40GB (0),1,,13,cupy_copy__float32_float32
2178810340,2560,29533,103,1,1,128,1,1,16,0.000,0.000,,,,,NVIDIA A100-SXM4-40GB (0),1,,13,cupy_copy__complex64_complex64
2178814212,11072,29543,1434,1,1,128,1,1,16,0.000,0.000,,,,,NVIDIA A100-SXM4-40GB (0),1,,13,cupy_copy__complex64_complex64
2178858915,78559,29548,1,1,1,32,32,1,30,0.000,0.000,,,,,NVIDIA A100-SXM4-40GB (0),1,,13,"void convert_kernel<__half2, float2>(tensor_layout_any, T1 *, tensor_layout_any, const T2 *)"
2179104000,4128,29551,,,,,,,,,,0.061,14883.717,Pinned,Device,NVIDIA A100-SXM4-40GB (0),1,,13,[CUDA memcpy Host-to-Device]
2179114464,589753,29552,,,,,,,,,,456.520,773802.214,Device,,NVIDIA A100-SXM4-40GB (0),1,,13,[CUDA memset]
2179706969,32703,29557,,,,,,,,,,0.825,25237.369,Pinned,Device,NVIDIA A100-SXM4-40GB (0),1,,13,[CUDA memcpy Host-to-Device]
2179742168,6752,29558,,,,,,,,,,0.131,19412.287,Pinned,Device,NVIDIA A100-SXM4-40GB (0),1,,13,[CUDA memcpy Host-to-Device]
2179755640,7744,29559,69,4,1,48,1,1,76,0.002,0.000,,,,,NVIDIA A100-SXM4-40GB (0),1,,13,"void ch_est::windowedChEstPreNoDftSOfdmKernel<float, __half, float, (unsigned int)2, (unsigned int)1, (unsigned short)4>(ch_est::puschRxChEstStatDescr_t *, ch_est::puschRxChEstDynDescr_t *)"
2179764728,6336,29560,137,2,1,24,2,1,44,0.001,0.001,,,,,NVIDIA A100-SXM4-40GB (0),1,,13,"void ch_est::chEstFilterNoDftSOfdmDispatchKernel<float, __half, float, (unsigned int)2>(ch_est::puschRxChEstStatDescr_t *, ch_est::puschRxChEstDynDescr_t *)"
2179772056,4576,29561,137,2,1,24,2,1,44,0.001,0.001,,,,,NVIDIA A100-SXM4-40GB (0),1,,13,"void ch_est::chEstFilterNoDftSOfdmDispatchKernel<float, __half, float, (unsigned int)2>(ch_est::puschRxChEstStatDescr_t *, ch_est::puschRxChEstDynDescr_t *)"
2179777912,2176,29572,103,1,1,128,1,1,16,0.000,0.000,,,,,NVIDIA A100-SXM4-40GB (0),1,,13,cupy_copy__complex64_complex64
2179781112,12575,29582,1434,1,1,128,1,1,16,0.000,0.000,,,,,NVIDIA A100-SXM4-40GB (0),1,,13,cupy_copy__complex64_complex64
2179794903,2112,29589,103,1,1,128,1,1,16,0.000,0.000,,,,,NVIDIA A100-SXM4-40GB (0),1,,13,cupy_copy__complex64_complex64
2179798071,79039,29596,1,1,1,32,32,1,30,0.000,0.000,,,,,NVIDIA A100-SXM4-40GB (0),1,,13,"void convert_kernel<__half2, float2>(tensor_layout_any, T1 *, tensor_layout_any, const T2 *)"
2179907862,4192,29599,,,,,,,,,,0.061,14656.451,Pinned,Device,NVIDIA A100-SXM4-40GB (0),1,,13,[CUDA memcpy Host-to-Device]
2179920982,44479,29600,,,,,,,,,,35.801,804877.183,Device,,NVIDIA A100-SXM4-40GB (0),1,,13,[CUDA memset]
2179966517,1856,29602,,,,,,,,,,0.000,43.103,Pinned,Device,NVIDIA A100-SXM4-40GB (0),1,,13,[CUDA memcpy Host-to-Device]
2179970485,7136,29603,,,,,,,,,,0.131,18367.644,Pinned,Device,NVIDIA A100-SXM4-40GB (0),1,,13,[CUDA memcpy Host-to-Device]
2179983221,8064,29604,273,1,1,48,1,1,40,0.000,0.001,,,,,NVIDIA A100-SXM4-40GB (0),1,,13,"void pusch_noise_intf_est::noiseIntfEstNoDftSOfdmKernel<float, __half, float, float, (unsigned int)2, (unsigned int)1, (unsigned char)4, (unsigned char)4>(pusch_noise_intf_est::puschRxNoiseIntfEstDynDescr)"
2179998229,2688,29615,35,1,1,128,1,1,16,0.000,0.000,,,,,NVIDIA A100-SXM4-40GB (0),1,,13,cupy_copy__complex64_complex64
2180033524,1536,29624,1,1,1,1,1,1,18,0.000,0.000,,,,,NVIDIA A100-SXM4-40GB (0),1,,13,cupy_copy__float32_float32
2180066516,1728,29630,,,,,,,,,,0.000,2.315,Device,Pageable,NVIDIA A100-SXM4-40GB (0),1,,7,[CUDA memcpy Device-to-Host]
2180125267,13056,29641,1434,1,1,128,1,1,16,0.000,0.000,,,,,NVIDIA A100-SXM4-40GB (0),1,,13,cupy_copy__complex64_complex64
2180152115,2336,29648,103,1,1,128,1,1,16,0.000,0.000,,,,,NVIDIA A100-SXM4-40GB (0),1,,13,cupy_copy__complex64_complex64
2180172275,1984,29655,35,1,1,128,1,1,16,0.000,0.000,,,,,NVIDIA A100-SXM4-40GB (0),1,,13,cupy_copy__complex64_complex64
2180190610,1504,29662,1,1,1,1,1,1,18,0.000,0.000,,,,,NVIDIA A100-SXM4-40GB (0),1,,13,cupy_copy__float32_float32
2180325329,78175,29673,1,1,1,32,32,1,30,0.000,0.000,,,,,NVIDIA A100-SXM4-40GB (0),1,,13,"void convert_kernel<__half2, float2>(tensor_layout_any, T1 *, tensor_layout_any, const T2 *)"
2180431375,4128,29676,,,,,,,,,,0.061,14883.717,Pinned,Device,NVIDIA A100-SXM4-40GB (0),1,,13,[CUDA memcpy Host-to-Device]
2180445359,2560,29677,,,,,,,,,,1.547,604150.000,Device,,NVIDIA A100-SXM4-40GB (0),1,,13,[CUDA memset]
2180451471,2752,29682,,,,,,,,,,0.021,7651.161,Pinned,Device,NVIDIA A100-SXM4-40GB (0),1,,13,[CUDA memcpy Host-to-Device]
2180456655,7200,29683,,,,,,,,,,0.131,18204.328,Pinned,Device,NVIDIA A100-SXM4-40GB (0),1,,13,[CUDA memcpy Host-to-Device]
2180467919,5856,29684,273,1,1,8,4,1,39,0.002,0.000,,,,,NVIDIA A100-SXM4-40GB (0),1,,13,"void channel_eq::eqMmseCoefCompLowMimoKernel<float, float, float, (unsigned int)4, (unsigned int)1, (unsigned int)4>(const channel_eq::_puschRxChEqStatDescr *, channel_eq::_puschRxChEqCoefCompDynDescr)"
2180474831,4832,29685,273,1,1,12,11,1,40,0.002,0.000,,,,,NVIDIA A100-SXM4-40GB (0),1,,13,"void channel_eq::eqMmseSoftDemapKernel<float, __half, __half, float, (unsigned int)4, (unsigned short)16383>(channel_eq::_puschRxChEqStatDescr *, channel_eq::_puschRxChEqSoftDemapDynDescr)"
2180480943,281820,29686,1,1,1,32,32,1,30,0.000,0.000,,,,,NVIDIA A100-SXM4-40GB (0),1,,13,"void convert_kernel<float2, __half2>(tensor_layout_any, T1 *, tensor_layout_any, const T2 *)"
2180763819,10368,29698,2253,1,1,128,1,1,16,0.000,0.000,,,,,NVIDIA A100-SXM4-40GB (0),1,,13,cupy_copy__float16_float16
2180775275,2368,29707,282,1,1,128,1,1,16,0.000,0.000,,,,,NVIDIA A100-SXM4-40GB (0),1,,13,cupy_copy__complex64_complex64
2180778731,1760,29716,26,1,1,128,1,1,16,0.000,0.000,,,,,NVIDIA A100-SXM4-40GB (0),1,,13,cupy_copy__float32_float32
2180781739,2528,29725,103,1,1,128,1,1,16,0.000,0.000,,,,,NVIDIA A100-SXM4-40GB (0),1,,13,cupy_copy__complex64_complex64
2180785515,11232,29735,1434,1,1,128,1,1,16,0.000,0.000,,,,,NVIDIA A100-SXM4-40GB (0),1,,13,cupy_copy__complex64_complex64
2180820299,78719,29740,1,1,1,32,32,1,30,0.000,0.000,,,,,NVIDIA A100-SXM4-40GB (0),1,,13,"void convert_kernel<__half2, float2>(tensor_layout_any, T1 *, tensor_layout_any, const T2 *)"
2180926025,4160,29743,,,,,,,,,,0.061,14769.193,Pinned,Device,NVIDIA A100-SXM4-40GB (0),1,,13,[CUDA memcpy Host-to-Device]
2180936713,587929,29744,,,,,,,,,,456.520,776084.816,Device,,NVIDIA A100-SXM4-40GB (0),1,,13,[CUDA memset]
2181526082,33375,29749,,,,,,,,,,0.825,24728.957,Pinned,Device,NVIDIA A100-SXM4-40GB (0),1,,13,[CUDA memcpy Host-to-Device]
2181562241,6752,29750,,,,,,,,,,0.131,19412.287,Pinned,Device,NVIDIA A100-SXM4-40GB (0),1,,13,[CUDA memcpy Host-to-Device]
2181573185,7200,29751,69,4,1,48,1,1,76,0.002,0.000,,,,,NVIDIA A100-SXM4-40GB (0),1,,13,"void ch_est::windowedChEstPreNoDftSOfdmKernel<float, __half, float, (unsigned int)2, (unsigned int)1, (unsigned short)4>(ch_est::puschRxChEstStatDescr_t *, ch_est::puschRxChEstDynDescr_t *)"
2181581441,6176,29752,137,2,1,24,2,1,44,0.001,0.001,,,,,NVIDIA A100-SXM4-40GB (0),1,,13,"void ch_est::chEstFilterNoDftSOfdmDispatchKernel<float, __half, float, (unsigned int)2>(ch_est::puschRxChEstStatDescr_t *, ch_est::puschRxChEstDynDescr_t *)"
2181588833,4576,29753,137,2,1,24,2,1,44,0.001,0.001,,,,,NVIDIA A100-SXM4-40GB (0),1,,13,"void ch_est::chEstFilterNoDftSOfdmDispatchKernel<float, __half, float, (unsigned int)2>(ch_est::puschRxChEstStatDescr_t *, ch_est::puschRxChEstDynDescr_t *)"
2181594689,2176,29764,103,1,1,128,1,1,16,0.000,0.000,,,,,NVIDIA A100-SXM4-40GB (0),1,,13,cupy_copy__complex64_complex64
2181597857,12480,29774,1434,1,1,128,1,1,16,0.000,0.000,,,,,NVIDIA A100-SXM4-40GB (0),1,,13,cupy_copy__complex64_complex64
2181611393,2112,29781,103,1,1,128,1,1,16,0.000,0.000,,,,,NVIDIA A100-SXM4-40GB (0),1,,13,cupy_copy__complex64_complex64
2181614785,78783,29788,1,1,1,32,32,1,30,0.000,0.000,,,,,NVIDIA A100-SXM4-40GB (0),1,,13,"void convert_kernel<__half2, float2>(tensor_layout_any, T1 *, tensor_layout_any, const T2 *)"
2181720063,4768,29791,,,,,,,,,,0.061,12885.873,Pinned,Device,NVIDIA A100-SXM4-40GB (0),1,,13,[CUDA memcpy Host-to-Device]
2181732191,44544,29792,,,,,,,,,,35.801,803695.751,Device,,NVIDIA A100-SXM4-40GB (0),1,,13,[CUDA memset]
2181783774,1824,29794,,,,,,,,,,0.000,43.860,Pinned,Device,NVIDIA A100-SXM4-40GB (0),1,,13,[CUDA memcpy Host-to-Device]
2181787710,6848,29795,,,,,,,,,,0.131,19140.182,Pinned,Device,NVIDIA A100-SXM4-40GB (0),1,,13,[CUDA memcpy Host-to-Device]
2181800062,8576,29796,273,1,1,48,1,1,40,0.000,0.001,,,,,NVIDIA A100-SXM4-40GB (0),1,,13,"void pusch_noise_intf_est::noiseIntfEstNoDftSOfdmKernel<float, __half, float, float, (unsigned int)2, (unsigned int)1, (unsigned char)4, (unsigned char)4>(pusch_noise_intf_est::puschRxNoiseIntfEstDynDescr)"
2181809886,2592,29807,35,1,1,128,1,1,16,0.000,0.000,,,,,NVIDIA A100-SXM4-40GB (0),1,,13,cupy_copy__complex64_complex64
2181836126,1536,29816,1,1,1,1,1,1,18,0.000,0.000,,,,,NVIDIA A100-SXM4-40GB (0),1,,13,cupy_copy__float32_float32
2181868733,1632,29822,,,,,,,,,,0.000,2.451,Device,Pageable,NVIDIA A100-SXM4-40GB (0),1,,7,[CUDA memcpy Device-to-Host]
2181924701,13728,29833,1434,1,1,128,1,1,16,0.000,0.000,,,,,NVIDIA A100-SXM4-40GB (0),1,,13,cupy_copy__complex64_complex64
2181950684,2336,29840,103,1,1,128,1,1,16,0.000,0.000,,,,,NVIDIA A100-SXM4-40GB (0),1,,13,cupy_copy__complex64_complex64
2181971132,2016,29847,35,1,1,128,1,1,16,0.000,0.000,,,,,NVIDIA A100-SXM4-40GB (0),1,,13,cupy_copy__complex64_complex64
2181992860,1504,29854,1,1,1,1,1,1,18,0.000,0.000,,,,,NVIDIA A100-SXM4-40GB (0),1,,13,cupy_copy__float32_float32
2182123066,78111,29865,1,1,1,32,32,1,30,0.000,0.000,,,,,NVIDIA A100-SXM4-40GB (0),1,,13,"void convert_kernel<__half2, float2>(tensor_layout_any, T1 *, tensor_layout_any, const T2 *)"
2182228953,4160,29868,,,,,,,,,,0.061,14769.193,Pinned,Device,NVIDIA A100-SXM4-40GB (0),1,,13,[CUDA memcpy Host-to-Device]
2182242585,2560,29869,,,,,,,,,,1.547,604150.000,Device,,NVIDIA A100-SXM4-40GB (0),1,,13,[CUDA memset]
2182248793,3392,29874,,,,,,,,,,0.021,6207.540,Pinned,Device,NVIDIA A100-SXM4-40GB (0),1,,13,[CUDA memcpy Host-to-Device]
2182254393,7104,29875,,,,,,,,,,0.131,18450.350,Pinned,Device,NVIDIA A100-SXM4-40GB (0),1,,13,[CUDA memcpy Host-to-Device]
2182264888,5888,29876,273,1,1,8,4,1,39,0.002,0.000,,,,,NVIDIA A100-SXM4-40GB (0),1,,13,"void channel_eq::eqMmseCoefCompLowMimoKernel<float, float, float, (unsigned int)4, (unsigned int)1, (unsigned int)4>(const channel_eq::_puschRxChEqStatDescr *, channel_eq::_puschRxChEqCoefCompDynDescr)"
2182271832,4800,29877,273,1,1,12,11,1,40,0.002,0.000,,,,,NVIDIA A100-SXM4-40GB (0),1,,13,"void channel_eq::eqMmseSoftDemapKernel<float, __half, __half, float, (unsigned int)4, (unsigned short)16383>(channel_eq::_puschRxChEqStatDescr *, channel_eq::_puschRxChEqSoftDemapDynDescr)"
2182277624,281501,29878,1,1,1,32,32,1,30,0.000,0.000,,,,,NVIDIA A100-SXM4-40GB (0),1,,13,"void convert_kernel<float2, __half2>(tensor_layout_any, T1 *, tensor_layout_any, const T2 *)"
2182560181,10240,29890,2253,1,1,128,1,1,16,0.000,0.000,,,,,NVIDIA A100-SXM4-40GB (0),1,,13,cupy_copy__float16_float16
2182571669,2400,29899,282,1,1,128,1,1,16,0.000,0.000,,,,,NVIDIA A100-SXM4-40GB (0),1,,13,cupy_copy__complex64_complex64
2182575285,1760,29908,26,1,1,128,1,1,16,0.000,0.000,,,,,NVIDIA A100-SXM4-40GB (0),1,,13,cupy_copy__float32_float32
2182578293,2560,29917,103,1,1,128,1,1,16,0.000,0.000,,,,,NVIDIA A100-SXM4-40GB (0),1,,13,cupy_copy__complex64_complex64
2182582036,11200,29927,1434,1,1,128,1,1,16,0.000,0.000,,,,,NVIDIA A100-SXM4-40GB (0),1,,13,cupy_copy__complex64_complex64
2182617876,78207,29932,1,1,1,32,32,1,30,0.000,0.000,,,,,NVIDIA A100-SXM4-40GB (0),1,,13,"void convert_kernel<__half2, float2>(tensor_layout_any, T1 *, tensor_layout_any, const T2 *)"
2182869041,4160,29935,,,,,,,,,,0.061,14769.193,Pinned,Device,NVIDIA A100-SXM4-40GB (0),1,,13,[CUDA memcpy Host-to-Device]
2182880081,590296,29936,,,,,,,,,,456.520,773345.693,Device,,NVIDIA A100-SXM4-40GB (0),1,,13,[CUDA memset]
2183479753,32672,29941,,,,,,,,,,0.825,25261.304,Pinned,Device,NVIDIA A100-SXM4-40GB (0),1,,13,[CUDA memcpy Host-to-Device]
2183514537,6752,29942,,,,,,,,,,0.131,19412.287,Pinned,Device,NVIDIA A100-SXM4-40GB (0),1,,13,[CUDA memcpy Host-to-Device]
2183531465,7232,29943,69,4,1,48,1,1,76,0.002,0.000,,,,,NVIDIA A100-SXM4-40GB (0),1,,13,"void ch_est::windowedChEstPreNoDftSOfdmKernel<float, __half, float, (unsigned int)2, (unsigned int)1, (unsigned short)4>(ch_est::puschRxChEstStatDescr_t *, ch_est::puschRxChEstDynDescr_t *)"
2183539720,6496,29944,137,2,1,24,2,1,44,0.001,0.001,,,,,NVIDIA A100-SXM4-40GB (0),1,,13,"void ch_est::chEstFilterNoDftSOfdmDispatchKernel<float, __half, float, (unsigned int)2>(ch_est::puschRxChEstStatDescr_t *, ch_est::puschRxChEstDynDescr_t *)"
2183547432,4608,29945,137,2,1,24,2,1,44,0.001,0.001,,,,,NVIDIA A100-SXM4-40GB (0),1,,13,"void ch_est::chEstFilterNoDftSOfdmDispatchKernel<float, __half, float, (unsigned int)2>(ch_est::puschRxChEstStatDescr_t *, ch_est::puschRxChEstDynDescr_t *)"
2183553064,2592,29956,103,1,1,128,1,1,16,0.000,0.000,,,,,NVIDIA A100-SXM4-40GB (0),1,,13,cupy_copy__complex64_complex64
2183556840,12288,29966,1434,1,1,128,1,1,16,0.000,0.000,,,,,NVIDIA A100-SXM4-40GB (0),1,,13,cupy_copy__complex64_complex64
2183570344,2144,29973,103,1,1,128,1,1,16,0.000,0.000,,,,,NVIDIA A100-SXM4-40GB (0),1,,13,cupy_copy__complex64_complex64
2183573576,78463,29980,1,1,1,32,32,1,30,0.000,0.000,,,,,NVIDIA A100-SXM4-40GB (0),1,,13,"void convert_kernel<__half2, float2>(tensor_layout_any, T1 *, tensor_layout_any, const T2 *)"
2183684263,4256,29983,,,,,,,,,,0.061,14436.065,Pinned,Device,NVIDIA A100-SXM4-40GB (0),1,,13,[CUDA memcpy Host-to-Device]
2183698023,44383,29984,,,,,,,,,,35.801,806631.430,Device,,NVIDIA A100-SXM4-40GB (0),1,,13,[CUDA memset]
2183750214,1888,29986,,,,,,,,,,0.000,42.373,Pinned,Device,NVIDIA A100-SXM4-40GB (0),1,,13,[CUDA memcpy Host-to-Device]
2183754182,7424,29987,,,,,,,,,,0.131,17655.136,Pinned,Device,NVIDIA A100-SXM4-40GB (0),1,,13,[CUDA memcpy Host-to-Device]
2183766598,8608,29988,273,1,1,48,1,1,40,0.000,0.001,,,,,NVIDIA A100-SXM4-40GB (0),1,,13,"void pusch_noise_intf_est::noiseIntfEstNoDftSOfdmKernel<float, __half, float, float, (unsigned int)2, (unsigned int)1, (unsigned char)4, (unsigned char)4>(pusch_noise_intf_est::puschRxNoiseIntfEstDynDescr)"
2183776230,2592,29999,35,1,1,128,1,1,16,0.000,0.000,,,,,NVIDIA A100-SXM4-40GB (0),1,,13,cupy_copy__complex64_complex64
2183811461,1504,30008,1,1,1,1,1,1,18,0.000,0.000,,,,,NVIDIA A100-SXM4-40GB (0),1,,13,cupy_copy__float32_float32
2183847781,1728,30014,,,,,,,,,,0.000,2.315,Device,Pageable,NVIDIA A100-SXM4-40GB (0),1,,7,[CUDA memcpy Device-to-Host]
2183906468,12928,30025,1434,1,1,128,1,1,16,0.000,0.000,,,,,NVIDIA A100-SXM4-40GB (0),1,,13,cupy_copy__complex64_complex64
2183933124,2336,30032,103,1,1,128,1,1,16,0.000,0.000,,,,,NVIDIA A100-SXM4-40GB (0),1,,13,cupy_copy__complex64_complex64
2183957923,1984,30039,35,1,1,128,1,1,16,0.000,0.000,,,,,NVIDIA A100-SXM4-40GB (0),1,,13,cupy_copy__complex64_complex64
2183976931,1472,30046,1,1,1,1,1,1,18,0.000,0.000,,,,,NVIDIA A100-SXM4-40GB (0),1,,13,cupy_copy__float32_float32
2184109345,78335,30057,1,1,1,32,32,1,30,0.000,0.000,,,,,NVIDIA A100-SXM4-40GB (0),1,,13,"void convert_kernel<__half2, float2>(tensor_layout_any, T1 *, tensor_layout_any, const T2 *)"
2184358206,4160,30060,,,,,,,,,,0.061,14769.193,Pinned,Device,NVIDIA A100-SXM4-40GB (0),1,,13,[CUDA memcpy Host-to-Device]
2184368990,2560,30061,,,,,,,,,,1.547,604150.000,Device,,NVIDIA A100-SXM4-40GB (0),1,,13,[CUDA memset]
2184372510,2720,30066,,,,,,,,,,0.021,7741.175,Pinned,Device,NVIDIA A100-SXM4-40GB (0),1,,13,[CUDA memcpy Host-to-Device]
2184377342,7360,30067,,,,,,,,,,0.131,17808.622,Pinned,Device,NVIDIA A100-SXM4-40GB (0),1,,13,[CUDA memcpy Host-to-Device]
2184395742,5888,30068,273,1,1,8,4,1,39,0.002,0.000,,,,,NVIDIA A100-SXM4-40GB (0),1,,13,"void channel_eq::eqMmseCoefCompLowMimoKernel<float, float, float, (unsigned int)4, (unsigned int)1, (unsigned int)4>(const channel_eq::_puschRxChEqStatDescr *, channel_eq::_puschRxChEqCoefCompDynDescr)"
2184402942,4864,30069,273,1,1,12,11,1,40,0.002,0.000,,,,,NVIDIA A100-SXM4-40GB (0),1,,13,"void channel_eq::eqMmseSoftDemapKernel<float, __half, __half, float, (unsigned int)4, (unsigned short)16383>(channel_eq::_puschRxChEqStatDescr *, channel_eq::_puschRxChEqSoftDemapDynDescr)"
2184408830,281500,30070,1,1,1,32,32,1,30,0.000,0.000,,,,,NVIDIA A100-SXM4-40GB (0),1,,13,"void convert_kernel<float2, __half2>(tensor_layout_any, T1 *, tensor_layout_any, const T2 *)"
2184691482,10496,30082,2253,1,1,128,1,1,16,0.000,0.000,,,,,NVIDIA A100-SXM4-40GB (0),1,,13,cupy_copy__float16_float16
2184703066,2368,30091,282,1,1,128,1,1,16,0.000,0.000,,,,,NVIDIA A100-SXM4-40GB (0),1,,13,cupy_copy__complex64_complex64
2184706618,1792,30100,26,1,1,128,1,1,16,0.000,0.000,,,,,NVIDIA A100-SXM4-40GB (0),1,,13,cupy_copy__float32_float32
2184709626,2528,30109,103,1,1,128,1,1,16,0.000,0.000,,,,,NVIDIA A100-SXM4-40GB (0),1,,13,cupy_copy__complex64_complex64
2184713402,11296,30119,1434,1,1,128,1,1,16,0.000,0.000,,,,,NVIDIA A100-SXM4-40GB (0),1,,13,cupy_copy__complex64_complex64
2184877848,78303,30124,1,1,1,32,32,1,30,0.000,0.000,,,,,NVIDIA A100-SXM4-40GB (0),1,,13,"void convert_kernel<__half2, float2>(tensor_layout_any, T1 *, tensor_layout_any, const T2 *)"
2184987766,4128,30127,,,,,,,,,,0.061,14883.717,Pinned,Device,NVIDIA A100-SXM4-40GB (0),1,,13,[CUDA memcpy Host-to-Device]
2185000470,588089,30128,,,,,,,,,,456.520,776084.816,Device,,NVIDIA A100-SXM4-40GB (0),1,,13,[CUDA memset]
2185589967,32703,30133,,,,,,,,,,0.825,25237.369,Pinned,Device,NVIDIA A100-SXM4-40GB (0),1,,13,[CUDA memcpy Host-to-Device]
2185624782,6816,30134,,,,,,,,,,0.131,19229.966,Pinned,Device,NVIDIA A100-SXM4-40GB (0),1,,13,[CUDA memcpy Host-to-Device]
2185642926,7296,30135,69,4,1,48,1,1,76,0.002,0.000,,,,,NVIDIA A100-SXM4-40GB (0),1,,13,"void ch_est::windowedChEstPreNoDftSOfdmKernel<float, __half, float, (unsigned int)2, (unsigned int)1, (unsigned short)4>(ch_est::puschRxChEstStatDescr_t *, ch_est::puschRxChEstDynDescr_t *)"
2185651502,6080,30136,137,2,1,24,2,1,44,0.001,0.001,,,,,NVIDIA A100-SXM4-40GB (0),1,,13,"void ch_est::chEstFilterNoDftSOfdmDispatchKernel<float, __half, float, (unsigned int)2>(ch_est::puschRxChEstStatDescr_t *, ch_est::puschRxChEstDynDescr_t *)"
2185658894,4608,30137,137,2,1,24,2,1,44,0.001,0.001,,,,,NVIDIA A100-SXM4-40GB (0),1,,13,"void ch_est::chEstFilterNoDftSOfdmDispatchKernel<float, __half, float, (unsigned int)2>(ch_est::puschRxChEstStatDescr_t *, ch_est::puschRxChEstDynDescr_t *)"
2185664782,2176,30148,103,1,1,128,1,1,16,0.000,0.000,,,,,NVIDIA A100-SXM4-40GB (0),1,,13,cupy_copy__complex64_complex64
2185668142,12512,30158,1434,1,1,128,1,1,16,0.000,0.000,,,,,NVIDIA A100-SXM4-40GB (0),1,,13,cupy_copy__complex64_complex64
2185681710,2112,30165,103,1,1,128,1,1,16,0.000,0.000,,,,,NVIDIA A100-SXM4-40GB (0),1,,13,cupy_copy__complex64_complex64
2185684910,78303,30172,1,1,1,32,32,1,30,0.000,0.000,,,,,NVIDIA A100-SXM4-40GB (0),1,,13,"void convert_kernel<__half2, float2>(tensor_layout_any, T1 *, tensor_layout_any, const T2 *)"
2185794220,4160,30175,,,,,,,,,,0.061,14769.193,Pinned,Device,NVIDIA A100-SXM4-40GB (0),1,,13,[CUDA memcpy Host-to-Device]
2185805964,44544,30176,,,,,,,,,,35.801,803695.751,Device,,NVIDIA A100-SXM4-40GB (0),1,,13,[CUDA memset]
2185858603,1856,30178,,,,,,,,,,0.000,43.103,Pinned,Device,NVIDIA A100-SXM4-40GB (0),1,,13,[CUDA memcpy Host-to-Device]
2185862571,6752,30179,,,,,,,,,,0.131,19412.287,Pinned,Device,NVIDIA A100-SXM4-40GB (0),1,,13,[CUDA memcpy Host-to-Device]
2185874987,8512,30180,273,1,1,48,1,1,40,0.000,0.001,,,,,NVIDIA A100-SXM4-40GB (0),1,,13,"void pusch_noise_intf_est::noiseIntfEstNoDftSOfdmKernel<float, __half, float, float, (unsigned int)2, (unsigned int)1, (unsigned char)4, (unsigned char)4>(pusch_noise_intf_est::puschRxNoiseIntfEstDynDescr)"
2185884587,2752,30191,35,1,1,128,1,1,16,0.000,0.000,,,,,NVIDIA A100-SXM4-40GB (0),1,,13,cupy_copy__complex64_complex64
2185912971,1536,30200,1,1,1,1,1,1,18,0.000,0.000,,,,,NVIDIA A100-SXM4-40GB (0),1,,13,cupy_copy__float32_float32
2185945834,1952,30206,,,,,,,,,,0.000,2.049,Device,Pageable,NVIDIA A100-SXM4-40GB (0),1,,7,[CUDA memcpy Device-to-Host]
2186004426,13887,30217,1434,1,1,128,1,1,16,0.000,0.000,,,,,NVIDIA A100-SXM4-40GB (0),1,,13,cupy_copy__complex64_complex64
2186034153,2368,30224,103,1,1,128,1,1,16,0.000,0.000,,,,,NVIDIA A100-SXM4-40GB (0),1,,13,cupy_copy__complex64_complex64
2186055017,2016,30231,35,1,1,128,1,1,16,0.000,0.000,,,,,NVIDIA A100-SXM4-40GB (0),1,,13,cupy_copy__complex64_complex64
2186072777,1472,30238,1,1,1,1,1,1,18,0.000,0.000,,,,,NVIDIA A100-SXM4-40GB (0),1,,13,cupy_copy__float32_float32
2186204135,78623,30249,1,1,1,32,32,1,30,0.000,0.000,,,,,NVIDIA A100-SXM4-40GB (0),1,,13,"void convert_kernel<__half2, float2>(tensor_layout_any, T1 *, tensor_layout_any, const T2 *)"
2186311078,4128,30252,,,,,,,,,,0.061,14883.717,Pinned,Device,NVIDIA A100-SXM4-40GB (0),1,,13,[CUDA memcpy Host-to-Device]
2186325542,2560,30253,,,,,,,,,,1.547,604150.000,Device,,NVIDIA A100-SXM4-40GB (0),1,,13,[CUDA memset]
2186331590,2751,30258,,,,,,,,,,0.021,7653.940,Pinned,Device,NVIDIA A100-SXM4-40GB (0),1,,13,[CUDA memcpy Host-to-Device]
2186336549,7072,30259,,,,,,,,,,0.131,18533.843,Pinned,Device,NVIDIA A100-SXM4-40GB (0),1,,13,[CUDA memcpy Host-to-Device]
2186349061,5920,30260,273,1,1,8,4,1,39,0.002,0.000,,,,,NVIDIA A100-SXM4-40GB (0),1,,13,"void channel_eq::eqMmseCoefCompLowMimoKernel<float, float, float, (unsigned int)4, (unsigned int)1, (unsigned int)4>(const channel_eq::_puschRxChEqStatDescr *, channel_eq::_puschRxChEqCoefCompDynDescr)"
2186356165,4832,30261,273,1,1,12,11,1,40,0.002,0.000,,,,,NVIDIA A100-SXM4-40GB (0),1,,13,"void channel_eq::eqMmseSoftDemapKernel<float, __half, __half, float, (unsigned int)4, (unsigned short)16383>(channel_eq::_puschRxChEqStatDescr *, channel_eq::_puschRxChEqSoftDemapDynDescr)"
2186362277,281725,30262,1,1,1,32,32,1,30,0.000,0.000,,,,,NVIDIA A100-SXM4-40GB (0),1,,13,"void convert_kernel<float2, __half2>(tensor_layout_any, T1 *, tensor_layout_any, const T2 *)"
2186645122,10239,30274,2253,1,1,128,1,1,16,0.000,0.000,,,,,NVIDIA A100-SXM4-40GB (0),1,,13,cupy_copy__float16_float16
2186656609,2400,30283,282,1,1,128,1,1,16,0.000,0.000,,,,,NVIDIA A100-SXM4-40GB (0),1,,13,cupy_copy__complex64_complex64
2186660097,1760,30292,26,1,1,128,1,1,16,0.000,0.000,,,,,NVIDIA A100-SXM4-40GB (0),1,,13,cupy_copy__float32_float32
2186663105,2560,30301,103,1,1,128,1,1,16,0.000,0.000,,,,,NVIDIA A100-SXM4-40GB (0),1,,13,cupy_copy__complex64_complex64
2186666657,11296,30311,1434,1,1,128,1,1,16,0.000,0.000,,,,,NVIDIA A100-SXM4-40GB (0),1,,13,cupy_copy__complex64_complex64
2186694497,78271,30316,1,1,1,32,32,1,30,0.000,0.000,,,,,NVIDIA A100-SXM4-40GB (0),1,,13,"void convert_kernel<__half2, float2>(tensor_layout_any, T1 *, tensor_layout_any, const T2 *)"
2186800704,4576,30319,,,,,,,,,,0.061,13426.545,Pinned,Device,NVIDIA A100-SXM4-40GB (0),1,,13,[CUDA memcpy Host-to-Device]
2186811200,588568,30320,,,,,,,,,,456.520,775628.296,Device,,NVIDIA A100-SXM4-40GB (0),1,,13,[CUDA memset]
2187403416,32736,30325,,,,,,,,,,0.825,25211.783,Pinned,Device,NVIDIA A100-SXM4-40GB (0),1,,13,[CUDA memcpy Host-to-Device]
2187438264,6752,30326,,,,,,,,,,0.131,19412.287,Pinned,Device,NVIDIA A100-SXM4-40GB (0),1,,13,[CUDA memcpy Host-to-Device]
2187450904,7231,30327,69,4,1,48,1,1,76,0.002,0.000,,,,,NVIDIA A100-SXM4-40GB (0),1,,13,"void ch_est::windowedChEstPreNoDftSOfdmKernel<float, __half, float, (unsigned int)2, (unsigned int)1, (unsigned short)4>(ch_est::puschRxChEstStatDescr_t *, ch_est::puschRxChEstDynDescr_t *)"
2187459191,6400,30328,137,2,1,24,2,1,44,0.001,0.001,,,,,NVIDIA A100-SXM4-40GB (0),1,,13,"void ch_est::chEstFilterNoDftSOfdmDispatchKernel<float, __half, float, (unsigned int)2>(ch_est::puschRxChEstStatDescr_t *, ch_est::puschRxChEstDynDescr_t *)"
2187466871,4576,30329,137,2,1,24,2,1,44,0.001,0.001,,,,,NVIDIA A100-SXM4-40GB (0),1,,13,"void ch_est::chEstFilterNoDftSOfdmDispatchKernel<float, __half, float, (unsigned int)2>(ch_est::puschRxChEstStatDescr_t *, ch_est::puschRxChEstDynDescr_t *)"
2187472727,2176,30340,103,1,1,128,1,1,16,0.000,0.000,,,,,NVIDIA A100-SXM4-40GB (0),1,,13,cupy_copy__complex64_complex64
2187475927,12416,30350,1434,1,1,128,1,1,16,0.000,0.000,,,,,NVIDIA A100-SXM4-40GB (0),1,,13,cupy_copy__complex64_complex64
2187489623,2144,30357,103,1,1,128,1,1,16,0.000,0.000,,,,,NVIDIA A100-SXM4-40GB (0),1,,13,cupy_copy__complex64_complex64
2187492823,78687,30364,1,1,1,32,32,1,30,0.000,0.000,,,,,NVIDIA A100-SXM4-40GB (0),1,,13,"void convert_kernel<__half2, float2>(tensor_layout_any, T1 *, tensor_layout_any, const T2 *)"
2187598838,4384,30367,,,,,,,,,,0.061,14014.587,Pinned,Device,NVIDIA A100-SXM4-40GB (0),1,,13,[CUDA memcpy Host-to-Device]
2187610902,44799,30368,,,,,,,,,,35.801,799113.228,Device,,NVIDIA A100-SXM4-40GB (0),1,,13,[CUDA memset]
2187663605,2400,30370,,,,,,,,,,0.000,33.333,Pinned,Device,NVIDIA A100-SXM4-40GB (0),1,,13,[CUDA memcpy Host-to-Device]
2187668117,6752,30371,,,,,,,,,,0.131,19412.287,Pinned,Device,NVIDIA A100-SXM4-40GB (0),1,,13,[CUDA memcpy Host-to-Device]
2187678517,8640,30372,273,1,1,48,1,1,40,0.000,0.001,,,,,NVIDIA A100-SXM4-40GB (0),1,,13,"void pusch_noise_intf_est::noiseIntfEstNoDftSOfdmKernel<float, __half, float, float, (unsigned int)2, (unsigned int)1, (unsigned char)4, (unsigned char)4>(pusch_noise_intf_est::puschRxNoiseIntfEstDynDescr)"
2187688341,2719,30383,35,1,1,128,1,1,16,0.000,0.000,,,,,NVIDIA A100-SXM4-40GB (0),1,,13,cupy_copy__complex64_complex64
2187715764,1536,30392,1,1,1,1,1,1,18,0.000,0.000,,,,,NVIDIA A100-SXM4-40GB (0),1,,13,cupy_copy__float32_float32
2187748276,1664,30398,,,,,,,,,,0.000,2.404,Device,Pageable,NVIDIA A100-SXM4-40GB (0),1,,7,[CUDA memcpy Device-to-Host]
2187808339,13248,30409,1434,1,1,128,1,1,16,0.000,0.000,,,,,NVIDIA A100-SXM4-40GB (0),1,,13,cupy_copy__complex64_complex64
2187835539,2336,30416,103,1,1,128,1,1,16,0.000,0.000,,,,,NVIDIA A100-SXM4-40GB (0),1,,13,cupy_copy__complex64_complex64
2187855026,1984,30423,35,1,1,128,1,1,16,0.000,0.000,,,,,NVIDIA A100-SXM4-40GB (0),1,,13,cupy_copy__complex64_complex64
2187874290,1472,30430,1,1,1,1,1,1,18,0.000,0.000,,,,,NVIDIA A100-SXM4-40GB (0),1,,13,cupy_copy__float32_float32
2188005617,78655,30441,1,1,1,32,32,1,30,0.000,0.000,,,,,NVIDIA A100-SXM4-40GB (0),1,,13,"void convert_kernel<__half2, float2>(tensor_layout_any, T1 *, tensor_layout_any, const T2 *)"
2188297357,4736,30444,,,,,,,,,,0.061,12972.933,Pinned,Device,NVIDIA A100-SXM4-40GB (0),1,,13,[CUDA memcpy Host-to-Device]
2188307021,2560,30445,,,,,,,,,,1.547,604150.000,Device,,NVIDIA A100-SXM4-40GB (0),1,,13,[CUDA memset]
2188310765,2944,30450,,,,,,,,,,0.021,7152.155,Pinned,Device,NVIDIA A100-SXM4-40GB (0),1,,13,[CUDA memcpy Host-to-Device]
2188316749,6720,30451,,,,,,,,,,0.131,19504.693,Pinned,Device,NVIDIA A100-SXM4-40GB (0),1,,13,[CUDA memcpy Host-to-Device]
2188333996,5888,30452,273,1,1,8,4,1,39,0.002,0.000,,,,,NVIDIA A100-SXM4-40GB (0),1,,13,"void channel_eq::eqMmseCoefCompLowMimoKernel<float, float, float, (unsigned int)4, (unsigned int)1, (unsigned int)4>(const channel_eq::_puschRxChEqStatDescr *, channel_eq::_puschRxChEqCoefCompDynDescr)"
2188341196,4800,30453,273,1,1,12,11,1,40,0.002,0.000,,,,,NVIDIA A100-SXM4-40GB (0),1,,13,"void channel_eq::eqMmseSoftDemapKernel<float, __half, __half, float, (unsigned int)4, (unsigned short)16383>(channel_eq::_puschRxChEqStatDescr *, channel_eq::_puschRxChEqSoftDemapDynDescr)"
2188347308,281437,30454,1,1,1,32,32,1,30,0.000,0.000,,,,,NVIDIA A100-SXM4-40GB (0),1,,13,"void convert_kernel<float2, __half2>(tensor_layout_any, T1 *, tensor_layout_any, const T2 *)"
2188629929,10240,30466,2253,1,1,128,1,1,16,0.000,0.000,,,,,NVIDIA A100-SXM4-40GB (0),1,,13,cupy_copy__float16_float16
2188641257,2368,30475,282,1,1,128,1,1,16,0.000,0.000,,,,,NVIDIA A100-SXM4-40GB (0),1,,13,cupy_copy__complex64_complex64
2188644681,1792,30484,26,1,1,128,1,1,16,0.000,0.000,,,,,NVIDIA A100-SXM4-40GB (0),1,,13,cupy_copy__float32_float32
2188647721,2495,30493,103,1,1,128,1,1,16,0.000,0.000,,,,,NVIDIA A100-SXM4-40GB (0),1,,13,cupy_copy__complex64_complex64
2188651496,11264,30503,1434,1,1,128,1,1,16,0.000,0.000,,,,,NVIDIA A100-SXM4-40GB (0),1,,13,cupy_copy__complex64_complex64
2188815174,79295,30508,1,1,1,32,32,1,30,0.000,0.000,,,,,NVIDIA A100-SXM4-40GB (0),1,,13,"void convert_kernel<__half2, float2>(tensor_layout_any, T1 *, tensor_layout_any, const T2 *)"
2188925285,4224,30511,,,,,,,,,,0.061,14545.428,Pinned,Device,NVIDIA A100-SXM4-40GB (0),1,,13,[CUDA memcpy Host-to-Device]
2188936549,588857,30512,,,,,,,,,,456.520,775171.775,Device,,NVIDIA A100-SXM4-40GB (0),1,,13,[CUDA memset]
2189526494,32703,30517,,,,,,,,,,0.825,25237.369,Pinned,Device,NVIDIA A100-SXM4-40GB (0),1,,13,[CUDA memcpy Host-to-Device]
2189561309,6880,30518,,,,,,,,,,0.131,19051.053,Pinned,Device,NVIDIA A100-SXM4-40GB (0),1,,13,[CUDA memcpy Host-to-Device]
2189573629,7168,30519,69,4,1,48,1,1,76,0.002,0.000,,,,,NVIDIA A100-SXM4-40GB (0),1,,13,"void ch_est::windowedChEstPreNoDftSOfdmKernel<float, __half, float, (unsigned int)2, (unsigned int)1, (unsigned short)4>(ch_est::puschRxChEstStatDescr_t *, ch_est::puschRxChEstDynDescr_t *)"
2189581917,6208,30520,137,2,1,24,2,1,44,0.001,0.001,,,,,NVIDIA A100-SXM4-40GB (0),1,,13,"void ch_est::chEstFilterNoDftSOfdmDispatchKernel<float, __half, float, (unsigned int)2>(ch_est::puschRxChEstStatDescr_t *, ch_est::puschRxChEstDynDescr_t *)"
2189589149,4576,30521,137,2,1,24,2,1,44,0.001,0.001,,,,,NVIDIA A100-SXM4-40GB (0),1,,13,"void ch_est::chEstFilterNoDftSOfdmDispatchKernel<float, __half, float, (unsigned int)2>(ch_est::puschRxChEstStatDescr_t *, ch_est::puschRxChEstDynDescr_t *)"
2189595037,2176,30532,103,1,1,128,1,1,16,0.000,0.000,,,,,NVIDIA A100-SXM4-40GB (0),1,,13,cupy_copy__complex64_complex64
2189598237,12383,30542,1434,1,1,128,1,1,16,0.000,0.000,,,,,NVIDIA A100-SXM4-40GB (0),1,,13,cupy_copy__complex64_complex64
2189611740,2080,30549,103,1,1,128,1,1,16,0.000,0.000,,,,,NVIDIA A100-SXM4-40GB (0),1,,13,cupy_copy__complex64_complex64
2189615100,78143,30556,1,1,1,32,32,1,30,0.000,0.000,,,,,NVIDIA A100-SXM4-40GB (0),1,,13,"void convert_kernel<__half2, float2>(tensor_layout_any, T1 *, tensor_layout_any, const T2 *)"
2189873401,4160,30559,,,,,,,,,,0.061,14769.193,Pinned,Device,NVIDIA A100-SXM4-40GB (0),1,,13,[CUDA memcpy Host-to-Device]
2189883257,46623,30560,,,,,,,,,,35.801,767858.990,Device,,NVIDIA A100-SXM4-40GB (0),1,,13,[CUDA memset]
2189936120,1856,30562,,,,,,,,,,0.000,43.103,Pinned,Device,NVIDIA A100-SXM4-40GB (0),1,,13,[CUDA memcpy Host-to-Device]
2189940376,6752,30563,,,,,,,,,,0.131,19412.287,Pinned,Device,NVIDIA A100-SXM4-40GB (0),1,,13,[CUDA memcpy Host-to-Device]
2189957016,8960,30564,273,1,1,48,1,1,40,0.000,0.001,,,,,NVIDIA A100-SXM4-40GB (0),1,,13,"void pusch_noise_intf_est::noiseIntfEstNoDftSOfdmKernel<float, __half, float, float, (unsigned int)2, (unsigned int)1, (unsigned char)4, (unsigned char)4>(pusch_noise_intf_est::puschRxNoiseIntfEstDynDescr)"
2189967192,2528,30575,35,1,1,128,1,1,16,0.000,0.000,,,,,NVIDIA A100-SXM4-40GB (0),1,,13,cupy_copy__complex64_complex64
2189976280,1536,30584,1,1,1,1,1,1,18,0.000,0.000,,,,,NVIDIA A100-SXM4-40GB (0),1,,13,cupy_copy__float32_float32
2190012215,1728,30590,,,,,,,,,,0.000,2.315,Device,Pageable,NVIDIA A100-SXM4-40GB (0),1,,7,[CUDA memcpy Device-to-Host]
2190069463,13152,30601,1434,1,1,128,1,1,16,0.000,0.000,,,,,NVIDIA A100-SXM4-40GB (0),1,,13,cupy_copy__complex64_complex64
2190095702,2336,30608,103,1,1,128,1,1,16,0.000,0.000,,,,,NVIDIA A100-SXM4-40GB (0),1,,13,cupy_copy__complex64_complex64
2190115702,2048,30615,35,1,1,128,1,1,16,0.000,0.000,,,,,NVIDIA A100-SXM4-40GB (0),1,,13,cupy_copy__complex64_complex64
2190134262,1504,30622,1,1,1,1,1,1,18,0.000,0.000,,,,,NVIDIA A100-SXM4-40GB (0),1,,13,cupy_copy__float32_float32
2190395347,78303,30633,1,1,1,32,32,1,30,0.000,0.000,,,,,NVIDIA A100-SXM4-40GB (0),1,,13,"void convert_kernel<__half2, float2>(tensor_layout_any, T1 *, tensor_layout_any, const T2 *)"
2190505489,4128,30636,,,,,,,,,,0.061,14883.717,Pinned,Device,NVIDIA A100-SXM4-40GB (0),1,,13,[CUDA memcpy Host-to-Device]
2190520177,2560,30637,,,,,,,,,,1.547,604150.000,Device,,NVIDIA A100-SXM4-40GB (0),1,,13,[CUDA memset]
2190526129,2752,30642,,,,,,,,,,0.021,7651.161,Pinned,Device,NVIDIA A100-SXM4-40GB (0),1,,13,[CUDA memcpy Host-to-Device]
2190530993,6912,30643,,,,,,,,,,0.131,18962.842,Pinned,Device,NVIDIA A100-SXM4-40GB (0),1,,13,[CUDA memcpy Host-to-Device]
2190542385,5888,30644,273,1,1,8,4,1,39,0.002,0.000,,,,,NVIDIA A100-SXM4-40GB (0),1,,13,"void channel_eq::eqMmseCoefCompLowMimoKernel<float, float, float, (unsigned int)4, (unsigned int)1, (unsigned int)4>(const channel_eq::_puschRxChEqStatDescr *, channel_eq::_puschRxChEqCoefCompDynDescr)"
2190549329,4832,30645,273,1,1,12,11,1,40,0.002,0.000,,,,,NVIDIA A100-SXM4-40GB (0),1,,13,"void channel_eq::eqMmseSoftDemapKernel<float, __half, __half, float, (unsigned int)4, (unsigned short)16383>(channel_eq::_puschRxChEqStatDescr *, channel_eq::_puschRxChEqSoftDemapDynDescr)"
2190555409,281724,30646,1,1,1,32,32,1,30,0.000,0.000,,,,,NVIDIA A100-SXM4-40GB (0),1,,13,"void convert_kernel<float2, __half2>(tensor_layout_any, T1 *, tensor_layout_any, const T2 *)"
2190838317,10304,30658,2253,1,1,128,1,1,16,0.000,0.000,,,,,NVIDIA A100-SXM4-40GB (0),1,,13,cupy_copy__float16_float16
2190849869,2400,30667,282,1,1,128,1,1,16,0.000,0.000,,,,,NVIDIA A100-SXM4-40GB (0),1,,13,cupy_copy__complex64_complex64
2190853485,1760,30676,26,1,1,128,1,1,16,0.000,0.000,,,,,NVIDIA A100-SXM4-40GB (0),1,,13,cupy_copy__float32_float32
2190856493,2528,30685,103,1,1,128,1,1,16,0.000,0.000,,,,,NVIDIA A100-SXM4-40GB (0),1,,13,cupy_copy__complex64_complex64
2190860269,11136,30695,1434,1,1,128,1,1,16,0.000,0.000,,,,,NVIDIA A100-SXM4-40GB (0),1,,13,cupy_copy__complex64_complex64
2190901388,78943,30700,1,1,1,32,32,1,30,0.000,0.000,,,,,NVIDIA A100-SXM4-40GB (0),1,,13,"void convert_kernel<__half2, float2>(tensor_layout_any, T1 *, tensor_layout_any, const T2 *)"
2191007627,4320,30703,,,,,,,,,,0.061,14222.193,Pinned,Device,NVIDIA A100-SXM4-40GB (0),1,,13,[CUDA memcpy Host-to-Device]
2191018443,588920,30704,,,,,,,,,,456.520,775171.775,Device,,NVIDIA A100-SXM4-40GB (0),1,,13,[CUDA memset]
2191609955,32704,30709,,,,,,,,,,0.825,25236.543,Pinned,Device,NVIDIA A100-SXM4-40GB (0),1,,13,[CUDA memcpy Host-to-Device]
2191644803,6752,30710,,,,,,,,,,0.131,19412.287,Pinned,Device,NVIDIA A100-SXM4-40GB (0),1,,13,[CUDA memcpy Host-to-Device]
2191657443,7264,30711,69,4,1,48,1,1,76,0.002,0.000,,,,,NVIDIA A100-SXM4-40GB (0),1,,13,"void ch_est::windowedChEstPreNoDftSOfdmKernel<float, __half, float, (unsigned int)2, (unsigned int)1, (unsigned short)4>(ch_est::puschRxChEstStatDescr_t *, ch_est::puschRxChEstDynDescr_t *)"
2191666019,6144,30712,137,2,1,24,2,1,44,0.001,0.001,,,,,NVIDIA A100-SXM4-40GB (0),1,,13,"void ch_est::chEstFilterNoDftSOfdmDispatchKernel<float, __half, float, (unsigned int)2>(ch_est::puschRxChEstStatDescr_t *, ch_est::puschRxChEstDynDescr_t *)"
2191673411,4576,30713,137,2,1,24,2,1,44,0.001,0.001,,,,,NVIDIA A100-SXM4-40GB (0),1,,13,"void ch_est::chEstFilterNoDftSOfdmDispatchKernel<float, __half, float, (unsigned int)2>(ch_est::puschRxChEstStatDescr_t *, ch_est::puschRxChEstDynDescr_t *)"
2191679235,2176,30724,103,1,1,128,1,1,16,0.000,0.000,,,,,NVIDIA A100-SXM4-40GB (0),1,,13,cupy_copy__complex64_complex64
2191682434,12256,30734,1434,1,1,128,1,1,16,0.000,0.000,,,,,NVIDIA A100-SXM4-40GB (0),1,,13,cupy_copy__complex64_complex64
2191695970,2144,30741,103,1,1,128,1,1,16,0.000,0.000,,,,,NVIDIA A100-SXM4-40GB (0),1,,13,cupy_copy__complex64_complex64
2191699170,78143,30748,1,1,1,32,32,1,30,0.000,0.000,,,,,NVIDIA A100-SXM4-40GB (0),1,,13,"void convert_kernel<__half2, float2>(tensor_layout_any, T1 *, tensor_layout_any, const T2 *)"
2191804961,4768,30751,,,,,,,,,,0.061,12885.873,Pinned,Device,NVIDIA A100-SXM4-40GB (0),1,,13,[CUDA memcpy Host-to-Device]
2191817121,45119,30752,,,,,,,,,,35.801,793456.676,Device,,NVIDIA A100-SXM4-40GB (0),1,,13,[CUDA memset]
2191868384,1856,30754,,,,,,,,,,0.000,43.103,Pinned,Device,NVIDIA A100-SXM4-40GB (0),1,,13,[CUDA memcpy Host-to-Device]
2191872576,6752,30755,,,,,,,,,,0.131,19412.287,Pinned,Device,NVIDIA A100-SXM4-40GB (0),1,,13,[CUDA memcpy Host-to-Device]
2191883712,8576,30756,273,1,1,48,1,1,40,0.000,0.001,,,,,NVIDIA A100-SXM4-40GB (0),1,,13,"void pusch_noise_intf_est::noiseIntfEstNoDftSOfdmKernel<float, __half, float, float, (unsigned int)2, (unsigned int)1, (unsigned char)4, (unsigned char)4>(pusch_noise_intf_est::puschRxNoiseIntfEstDynDescr)"
2191893344,2592,30767,35,1,1,128,1,1,16,0.000,0.000,,,,,NVIDIA A100-SXM4-40GB (0),1,,13,cupy_copy__complex64_complex64
2191927487,1504,30776,1,1,1,1,1,1,18,0.000,0.000,,,,,NVIDIA A100-SXM4-40GB (0),1,,13,cupy_copy__float32_float32
2191963231,1728,30782,,,,,,,,,,0.000,2.315,Device,Pageable,NVIDIA A100-SXM4-40GB (0),1,,7,[CUDA memcpy Device-to-Host]
2192021086,13504,30793,1434,1,1,128,1,1,16,0.000,0.000,,,,,NVIDIA A100-SXM4-40GB (0),1,,13,cupy_copy__complex64_complex64
2192046942,2336,30800,103,1,1,128,1,1,16,0.000,0.000,,,,,NVIDIA A100-SXM4-40GB (0),1,,13,cupy_copy__complex64_complex64
2192067198,1984,30807,35,1,1,128,1,1,16,0.000,0.000,,,,,NVIDIA A100-SXM4-40GB (0),1,,13,cupy_copy__complex64_complex64
2192085405,1504,30814,1,1,1,1,1,1,18,0.000,0.000,,,,,NVIDIA A100-SXM4-40GB (0),1,,13,cupy_copy__float32_float32
2192217468,78015,30825,1,1,1,32,32,1,30,0.000,0.000,,,,,NVIDIA A100-SXM4-40GB (0),1,,13,"void convert_kernel<__half2, float2>(tensor_layout_any, T1 *, tensor_layout_any, const T2 *)"
2192322778,4128,30828,,,,,,,,,,0.061,14883.717,Pinned,Device,NVIDIA A100-SXM4-40GB (0),1,,13,[CUDA memcpy Host-to-Device]
2192336986,2592,30829,,,,,,,,,,1.547,596690.632,Device,,NVIDIA A100-SXM4-40GB (0),1,,13,[CUDA memset]
2192342650,2752,30834,,,,,,,,,,0.021,7651.161,Pinned,Device,NVIDIA A100-SXM4-40GB (0),1,,13,[CUDA memcpy Host-to-Device]
2192348058,6752,30835,,,,,,,,,,0.131,19412.287,Pinned,Device,NVIDIA A100-SXM4-40GB (0),1,,13,[CUDA memcpy Host-to-Device]
2192358650,5888,30836,273,1,1,8,4,1,39,0.002,0.000,,,,,NVIDIA A100-SXM4-40GB (0),1,,13,"void channel_eq::eqMmseCoefCompLowMimoKernel<float, float, float, (unsigned int)4, (unsigned int)1, (unsigned int)4>(const channel_eq::_puschRxChEqStatDescr *, channel_eq::_puschRxChEqCoefCompDynDescr)"
2192365850,4864,30837,273,1,1,12,11,1,40,0.002,0.000,,,,,NVIDIA A100-SXM4-40GB (0),1,,13,"void channel_eq::eqMmseSoftDemapKernel<float, __half, __half, float, (unsigned int)4, (unsigned short)16383>(channel_eq::_puschRxChEqStatDescr *, channel_eq::_puschRxChEqSoftDemapDynDescr)"
2192371738,281372,30838,1,1,1,32,32,1,30,0.000,0.000,,,,,NVIDIA A100-SXM4-40GB (0),1,,13,"void convert_kernel<float2, __half2>(tensor_layout_any, T1 *, tensor_layout_any, const T2 *)"
2192654166,10464,30850,2253,1,1,128,1,1,16,0.000,0.000,,,,,NVIDIA A100-SXM4-40GB (0),1,,13,cupy_copy__float16_float16
2192665622,2400,30859,282,1,1,128,1,1,16,0.000,0.000,,,,,NVIDIA A100-SXM4-40GB (0),1,,13,cupy_copy__complex64_complex64
2192669078,1760,30868,26,1,1,128,1,1,16,0.000,0.000,,,,,NVIDIA A100-SXM4-40GB (0),1,,13,cupy_copy__float32_float32
2192671862,2528,30877,103,1,1,128,1,1,16,0.000,0.000,,,,,NVIDIA A100-SXM4-40GB (0),1,,13,cupy_copy__complex64_complex64
2192675606,11264,30887,1434,1,1,128,1,1,16,0.000,0.000,,,,,NVIDIA A100-SXM4-40GB (0),1,,13,cupy_copy__complex64_complex64
2192712694,78015,30892,1,1,1,32,32,1,30,0.000,0.000,,,,,NVIDIA A100-SXM4-40GB (0),1,,13,"void convert_kernel<__half2, float2>(tensor_layout_any, T1 *, tensor_layout_any, const T2 *)"
2192818516,4160,30895,,,,,,,,,,0.061,14769.193,Pinned,Device,NVIDIA A100-SXM4-40GB (0),1,,13,[CUDA memcpy Host-to-Device]
2192829460,587449,30896,,,,,,,,,,456.520,776997.857,Device,,NVIDIA A100-SXM4-40GB (0),1,,13,[CUDA memset]
2193422381,33023,30901,,,,,,,,,,0.825,24992.242,Pinned,Device,NVIDIA A100-SXM4-40GB (0),1,,13,[CUDA memcpy Host-to-Device]
2193457932,6752,30902,,,,,,,,,,0.131,19412.287,Pinned,Device,NVIDIA A100-SXM4-40GB (0),1,,13,[CUDA memcpy Host-to-Device]
2193468172,7104,30903,69,4,1,48,1,1,76,0.002,0.000,,,,,NVIDIA A100-SXM4-40GB (0),1,,13,"void ch_est::windowedChEstPreNoDftSOfdmKernel<float, __half, float, (unsigned int)2, (unsigned int)1, (unsigned short)4>(ch_est::puschRxChEstStatDescr_t *, ch_est::puschRxChEstDynDescr_t *)"
2193476492,6144,30904,137,2,1,24,2,1,44,0.001,0.001,,,,,NVIDIA A100-SXM4-40GB (0),1,,13,"void ch_est::chEstFilterNoDftSOfdmDispatchKernel<float, __half, float, (unsigned int)2>(ch_est::puschRxChEstStatDescr_t *, ch_est::puschRxChEstDynDescr_t *)"
2193483884,4544,30905,137,2,1,24,2,1,44,0.001,0.001,,,,,NVIDIA A100-SXM4-40GB (0),1,,13,"void ch_est::chEstFilterNoDftSOfdmDispatchKernel<float, __half, float, (unsigned int)2>(ch_est::puschRxChEstStatDescr_t *, ch_est::puschRxChEstDynDescr_t *)"
2193489740,2176,30916,103,1,1,128,1,1,16,0.000,0.000,,,,,NVIDIA A100-SXM4-40GB (0),1,,13,cupy_copy__complex64_complex64
2193493100,12544,30926,1434,1,1,128,1,1,16,0.000,0.000,,,,,NVIDIA A100-SXM4-40GB (0),1,,13,cupy_copy__complex64_complex64
2193506924,2080,30933,103,1,1,128,1,1,16,0.000,0.000,,,,,NVIDIA A100-SXM4-40GB (0),1,,13,cupy_copy__complex64_complex64
2193510092,78303,30940,1,1,1,32,32,1,30,0.000,0.000,,,,,NVIDIA A100-SXM4-40GB (0),1,,13,"void convert_kernel<__half2, float2>(tensor_layout_any, T1 *, tensor_layout_any, const T2 *)"
2193754569,4703,30943,,,,,,,,,,0.061,13063.987,Pinned,Device,NVIDIA A100-SXM4-40GB (0),1,,13,[CUDA memcpy Host-to-Device]
2193762408,46240,30944,,,,,,,,,,35.801,774231.561,Device,,NVIDIA A100-SXM4-40GB (0),1,,13,[CUDA memset]
2193813960,2240,30946,,,,,,,,,,0.000,35.714,Pinned,Device,NVIDIA A100-SXM4-40GB (0),1,,13,[CUDA memcpy Host-to-Device]
2193818312,7008,30947,,,,,,,,,,0.131,18703.188,Pinned,Device,NVIDIA A100-SXM4-40GB (0),1,,13,[CUDA memcpy Host-to-Device]
2193832104,8927,30948,273,1,1,48,1,1,40,0.000,0.001,,,,,NVIDIA A100-SXM4-40GB (0),1,,13,"void pusch_noise_intf_est::noiseIntfEstNoDftSOfdmKernel<float, __half, float, float, (unsigned int)2, (unsigned int)1, (unsigned char)4, (unsigned char)4>(pusch_noise_intf_est::puschRxNoiseIntfEstDynDescr)"
2193842279,2560,30959,35,1,1,128,1,1,16,0.000,0.000,,,,,NVIDIA A100-SXM4-40GB (0),1,,13,cupy_copy__complex64_complex64
2193869767,1504,30968,1,1,1,1,1,1,18,0.000,0.000,,,,,NVIDIA A100-SXM4-40GB (0),1,,13,cupy_copy__float32_float32
2193903335,1728,30974,,,,,,,,,,0.000,2.315,Device,Pageable,NVIDIA A100-SXM4-40GB (0),1,,7,[CUDA memcpy Device-to-Host]
2193961862,13056,30985,1434,1,1,128,1,1,16,0.000,0.000,,,,,NVIDIA A100-SXM4-40GB (0),1,,13,cupy_copy__complex64_complex64
2193988614,2368,30992,103,1,1,128,1,1,16,0.000,0.000,,,,,NVIDIA A100-SXM4-40GB (0),1,,13,cupy_copy__complex64_complex64
2194009381,2016,30999,35,1,1,128,1,1,16,0.000,0.000,,,,,NVIDIA A100-SXM4-40GB (0),1,,13,cupy_copy__complex64_complex64
2194028453,1504,31006,1,1,1,1,1,1,18,0.000,0.000,,,,,NVIDIA A100-SXM4-40GB (0),1,,13,cupy_copy__float32_float32
2194292034,79103,31017,1,1,1,32,32,1,30,0.000,0.000,,,,,NVIDIA A100-SXM4-40GB (0),1,,13,"void convert_kernel<__half2, float2>(tensor_layout_any, T1 *, tensor_layout_any, const T2 *)"
2194402976,4704,31020,,,,,,,,,,0.061,13061.222,Pinned,Device,NVIDIA A100-SXM4-40GB (0),1,,13,[CUDA memcpy Host-to-Device]
2194417344,2560,31021,,,,,,,,,,1.547,604150.000,Device,,NVIDIA A100-SXM4-40GB (0),1,,13,[CUDA memset]
2194423456,3200,31026,,,,,,,,,,0.021,6580.000,Pinned,Device,NVIDIA A100-SXM4-40GB (0),1,,13,[CUDA memcpy Host-to-Device]
2194428768,6752,31027,,,,,,,,,,0.131,19412.287,Pinned,Device,NVIDIA A100-SXM4-40GB (0),1,,13,[CUDA memcpy Host-to-Device]
2194439808,5888,31028,273,1,1,8,4,1,39,0.002,0.000,,,,,NVIDIA A100-SXM4-40GB (0),1,,13,"void channel_eq::eqMmseCoefCompLowMimoKernel<float, float, float, (unsigned int)4, (unsigned int)1, (unsigned int)4>(const channel_eq::_puschRxChEqStatDescr *, channel_eq::_puschRxChEqCoefCompDynDescr)"
2194447008,4864,31029,273,1,1,12,11,1,40,0.002,0.000,,,,,NVIDIA A100-SXM4-40GB (0),1,,13,"void channel_eq::eqMmseSoftDemapKernel<float, __half, __half, float, (unsigned int)4, (unsigned short)16383>(channel_eq::_puschRxChEqStatDescr *, channel_eq::_puschRxChEqSoftDemapDynDescr)"
2194453152,281692,31030,1,1,1,32,32,1,30,0.000,0.000,,,,,NVIDIA A100-SXM4-40GB (0),1,,13,"void convert_kernel<float2, __half2>(tensor_layout_any, T1 *, tensor_layout_any, const T2 *)"
2194735868,10208,31042,2253,1,1,128,1,1,16,0.000,0.000,,,,,NVIDIA A100-SXM4-40GB (0),1,,13,cupy_copy__float16_float16
2194747388,2368,31051,282,1,1,128,1,1,16,0.000,0.000,,,,,NVIDIA A100-SXM4-40GB (0),1,,13,cupy_copy__complex64_complex64
2194750844,1760,31060,26,1,1,128,1,1,16,0.000,0.000,,,,,NVIDIA A100-SXM4-40GB (0),1,,13,cupy_copy__float32_float32
2194753852,2528,31069,103,1,1,128,1,1,16,0.000,0.000,,,,,NVIDIA A100-SXM4-40GB (0),1,,13,cupy_copy__complex64_complex64
2194804059,11296,31085,1434,1,1,128,1,1,16,0.000,0.000,,,,,NVIDIA A100-SXM4-40GB (0),1,,13,cupy_copy__complex64_complex64
2194919578,78527,31090,1,1,1,32,32,1,30,0.000,0.000,,,,,NVIDIA A100-SXM4-40GB (0),1,,13,"void convert_kernel<__half2, float2>(tensor_layout_any, T1 *, tensor_layout_any, const T2 *)"
2195162551,4128,31093,,,,,,,,,,0.061,14883.717,Pinned,Device,NVIDIA A100-SXM4-40GB (0),1,,13,[CUDA memcpy Host-to-Device]
2195169847,589688,31094,,,,,,,,,,456.520,773802.214,Device,,NVIDIA A100-SXM4-40GB (0),1,,13,[CUDA memset]
2195768623,32672,31099,,,,,,,,,,0.825,25261.304,Pinned,Device,NVIDIA A100-SXM4-40GB (0),1,,13,[CUDA memcpy Host-to-Device]
2195804079,7168,31100,,,,,,,,,,0.131,18285.593,Pinned,Device,NVIDIA A100-SXM4-40GB (0),1,,13,[CUDA memcpy Host-to-Device]
2195822383,7712,31101,69,4,1,48,1,1,76,0.002,0.000,,,,,NVIDIA A100-SXM4-40GB (0),1,,13,"void ch_est::windowedChEstPreNoDftSOfdmKernel<float, __half, float, (unsigned int)2, (unsigned int)1, (unsigned short)4>(ch_est::puschRxChEstStatDescr_t *, ch_est::puschRxChEstDynDescr_t *)"
2195831407,6303,31102,137,2,1,24,2,1,44,0.001,0.001,,,,,NVIDIA A100-SXM4-40GB (0),1,,13,"void ch_est::chEstFilterNoDftSOfdmDispatchKernel<float, __half, float, (unsigned int)2>(ch_est::puschRxChEstStatDescr_t *, ch_est::puschRxChEstDynDescr_t *)"
2195838734,4576,31103,137,2,1,24,2,1,44,0.001,0.001,,,,,NVIDIA A100-SXM4-40GB (0),1,,13,"void ch_est::chEstFilterNoDftSOfdmDispatchKernel<float, __half, float, (unsigned int)2>(ch_est::puschRxChEstStatDescr_t *, ch_est::puschRxChEstDynDescr_t *)"
2195844590,2176,31114,103,1,1,128,1,1,16,0.000,0.000,,,,,NVIDIA A100-SXM4-40GB (0),1,,13,cupy_copy__complex64_complex64
2195847790,12448,31124,1434,1,1,128,1,1,16,0.000,0.000,,,,,NVIDIA A100-SXM4-40GB (0),1,,13,cupy_copy__complex64_complex64
2195861582,2112,31131,103,1,1,128,1,1,16,0.000,0.000,,,,,NVIDIA A100-SXM4-40GB (0),1,,13,cupy_copy__complex64_complex64
2195864782,78207,31138,1,1,1,32,32,1,30,0.000,0.000,,,,,NVIDIA A100-SXM4-40GB (0),1,,13,"void convert_kernel<__half2, float2>(tensor_layout_any, T1 *, tensor_layout_any, const T2 *)"
2195973613,4192,31141,,,,,,,,,,0.061,14656.451,Pinned,Device,NVIDIA A100-SXM4-40GB (0),1,,13,[CUDA memcpy Host-to-Device]
2195987533,44575,31142,,,,,,,,,,35.801,803158.737,Device,,NVIDIA A100-SXM4-40GB (0),1,,13,[CUDA memset]
2196033548,1856,31144,,,,,,,,,,0.000,43.103,Pinned,Device,NVIDIA A100-SXM4-40GB (0),1,,13,[CUDA memcpy Host-to-Device]
2196038540,6784,31145,,,,,,,,,,0.131,19320.668,Pinned,Device,NVIDIA A100-SXM4-40GB (0),1,,13,[CUDA memcpy Host-to-Device]
2196050316,8288,31146,273,1,1,48,1,1,40,0.000,0.001,,,,,NVIDIA A100-SXM4-40GB (0),1,,13,"void pusch_noise_intf_est::noiseIntfEstNoDftSOfdmKernel<float, __half, float, float, (unsigned int)2, (unsigned int)1, (unsigned char)4, (unsigned char)4>(pusch_noise_intf_est::puschRxNoiseIntfEstDynDescr)"
2196067084,2592,31157,35,1,1,128,1,1,16,0.000,0.000,,,,,NVIDIA A100-SXM4-40GB (0),1,,13,cupy_copy__complex64_complex64
2196103307,1504,31166,1,1,1,1,1,1,18,0.000,0.000,,,,,NVIDIA A100-SXM4-40GB (0),1,,13,cupy_copy__float32_float32
2196140427,2720,31172,,,,,,,,,,0.000,1.471,Device,Pageable,NVIDIA A100-SXM4-40GB (0),1,,7,[CUDA memcpy Device-to-Host]
2196199594,13760,31183,1434,1,1,128,1,1,16,0.000,0.000,,,,,NVIDIA A100-SXM4-40GB (0),1,,13,cupy_copy__complex64_complex64
2196226730,2336,31190,103,1,1,128,1,1,16,0.000,0.000,,,,,NVIDIA A100-SXM4-40GB (0),1,,13,cupy_copy__complex64_complex64
2196247177,1984,31197,35,1,1,128,1,1,16,0.000,0.000,,,,,NVIDIA A100-SXM4-40GB (0),1,,13,cupy_copy__complex64_complex64
2196265513,1472,31204,1,1,1,1,1,1,18,0.000,0.000,,,,,NVIDIA A100-SXM4-40GB (0),1,,13,cupy_copy__float32_float32
2196400199,77887,31215,1,1,1,32,32,1,30,0.000,0.000,,,,,NVIDIA A100-SXM4-40GB (0),1,,13,"void convert_kernel<__half2, float2>(tensor_layout_any, T1 *, tensor_layout_any, const T2 *)"
2196506118,4160,31218,,,,,,,,,,0.061,14769.193,Pinned,Device,NVIDIA A100-SXM4-40GB (0),1,,13,[CUDA memcpy Host-to-Device]
2196520166,2528,31219,,,,,,,,,,1.547,611796.509,Device,,NVIDIA A100-SXM4-40GB (0),1,,13,[CUDA memset]
2196527046,2752,31224,,,,,,,,,,0.021,7651.161,Pinned,Device,NVIDIA A100-SXM4-40GB (0),1,,13,[CUDA memcpy Host-to-Device]
2196532262,6784,31225,,,,,,,,,,0.131,19320.668,Pinned,Device,NVIDIA A100-SXM4-40GB (0),1,,13,[CUDA memcpy Host-to-Device]
2196550470,5887,31226,273,1,1,8,4,1,39,0.002,0.000,,,,,NVIDIA A100-SXM4-40GB (0),1,,13,"void channel_eq::eqMmseCoefCompLowMimoKernel<float, float, float, (unsigned int)4, (unsigned int)1, (unsigned int)4>(const channel_eq::_puschRxChEqStatDescr *, channel_eq::_puschRxChEqCoefCompDynDescr)"
2196557637,4896,31227,273,1,1,12,11,1,40,0.002,0.000,,,,,NVIDIA A100-SXM4-40GB (0),1,,13,"void channel_eq::eqMmseSoftDemapKernel<float, __half, __half, float, (unsigned int)4, (unsigned short)16383>(channel_eq::_puschRxChEqStatDescr *, channel_eq::_puschRxChEqSoftDemapDynDescr)"
2196563781,281597,31228,1,1,1,32,32,1,30,0.000,0.000,,,,,NVIDIA A100-SXM4-40GB (0),1,,13,"void convert_kernel<float2, __half2>(tensor_layout_any, T1 *, tensor_layout_any, const T2 *)"
2196846626,10272,31240,2253,1,1,128,1,1,16,0.000,0.000,,,,,NVIDIA A100-SXM4-40GB (0),1,,13,cupy_copy__float16_float16
2196858146,2368,31249,282,1,1,128,1,1,16,0.000,0.000,,,,,NVIDIA A100-SXM4-40GB (0),1,,13,cupy_copy__complex64_complex64
2196861570,1792,31258,26,1,1,128,1,1,16,0.000,0.000,,,,,NVIDIA A100-SXM4-40GB (0),1,,13,cupy_copy__float32_float32
2196864578,2528,31267,103,1,1,128,1,1,16,0.000,0.000,,,,,NVIDIA A100-SXM4-40GB (0),1,,13,cupy_copy__complex64_complex64
2196868354,11295,31277,1434,1,1,128,1,1,16,0.000,0.000,,,,,NVIDIA A100-SXM4-40GB (0),1,,13,cupy_copy__complex64_complex64
2196909185,78463,31282,1,1,1,32,32,1,30,0.000,0.000,,,,,NVIDIA A100-SXM4-40GB (0),1,,13,"void convert_kernel<__half2, float2>(tensor_layout_any, T1 *, tensor_layout_any, const T2 *)"
2197015296,4128,31285,,,,,,,,,,0.061,14883.717,Pinned,Device,NVIDIA A100-SXM4-40GB (0),1,,13,[CUDA memcpy Host-to-Device]
2197025952,588856,31286,,,,,,,,,,456.520,775171.775,Device,,NVIDIA A100-SXM4-40GB (0),1,,13,[CUDA memset]
2197617688,32800,31291,,,,,,,,,,0.825,25162.263,Pinned,Device,NVIDIA A100-SXM4-40GB (0),1,,13,[CUDA memcpy Host-to-Device]
2197653464,6848,31292,,,,,,,,,,0.131,19140.182,Pinned,Device,NVIDIA A100-SXM4-40GB (0),1,,13,[CUDA memcpy Host-to-Device]
2197669655,7040,31293,69,4,1,48,1,1,76,0.002,0.000,,,,,NVIDIA A100-SXM4-40GB (0),1,,13,"void ch_est::windowedChEstPreNoDftSOfdmKernel<float, __half, float, (unsigned int)2, (unsigned int)1, (unsigned short)4>(ch_est::puschRxChEstStatDescr_t *, ch_est::puschRxChEstDynDescr_t *)"
2197677815,6112,31294,137,2,1,24,2,1,44,0.001,0.001,,,,,NVIDIA A100-SXM4-40GB (0),1,,13,"void ch_est::chEstFilterNoDftSOfdmDispatchKernel<float, __half, float, (unsigned int)2>(ch_est::puschRxChEstStatDescr_t *, ch_est::puschRxChEstDynDescr_t *)"
2197685143,4576,31295,137,2,1,24,2,1,44,0.001,0.001,,,,,NVIDIA A100-SXM4-40GB (0),1,,13,"void ch_est::chEstFilterNoDftSOfdmDispatchKernel<float, __half, float, (unsigned int)2>(ch_est::puschRxChEstStatDescr_t *, ch_est::puschRxChEstDynDescr_t *)"
2197690999,2176,31306,103,1,1,128,1,1,16,0.000,0.000,,,,,NVIDIA A100-SXM4-40GB (0),1,,13,cupy_copy__complex64_complex64
2197694167,12704,31316,1434,1,1,128,1,1,16,0.000,0.000,,,,,NVIDIA A100-SXM4-40GB (0),1,,13,cupy_copy__complex64_complex64
2197708055,2112,31323,103,1,1,128,1,1,16,0.000,0.000,,,,,NVIDIA A100-SXM4-40GB (0),1,,13,cupy_copy__complex64_complex64
2197711415,78335,31330,1,1,1,32,32,1,30,0.000,0.000,,,,,NVIDIA A100-SXM4-40GB (0),1,,13,"void convert_kernel<__half2, float2>(tensor_layout_any, T1 *, tensor_layout_any, const T2 *)"
2197816918,4160,31333,,,,,,,,,,0.061,14769.193,Pinned,Device,NVIDIA A100-SXM4-40GB (0),1,,13,[CUDA memcpy Host-to-Device]
2197830677,45120,31334,,,,,,,,,,35.801,793456.676,Device,,NVIDIA A100-SXM4-40GB (0),1,,13,[CUDA memset]
2197883285,1856,31336,,,,,,,,,,0.000,43.103,Pinned,Device,NVIDIA A100-SXM4-40GB (0),1,,13,[CUDA memcpy Host-to-Device]
2197887285,6752,31337,,,,,,,,,,0.131,19412.287,Pinned,Device,NVIDIA A100-SXM4-40GB (0),1,,13,[CUDA memcpy Host-to-Device]
2197898645,8608,31338,273,1,1,48,1,1,40,0.000,0.001,,,,,NVIDIA A100-SXM4-40GB (0),1,,13,"void pusch_noise_intf_est::noiseIntfEstNoDftSOfdmKernel<float, __half, float, float, (unsigned int)2, (unsigned int)1, (unsigned char)4, (unsigned char)4>(pusch_noise_intf_est::puschRxNoiseIntfEstDynDescr)"
2197908373,2591,31349,35,1,1,128,1,1,16,0.000,0.000,,,,,NVIDIA A100-SXM4-40GB (0),1,,13,cupy_copy__complex64_complex64
2197936628,1536,31358,1,1,1,1,1,1,18,0.000,0.000,,,,,NVIDIA A100-SXM4-40GB (0),1,,13,cupy_copy__float32_float32
2197969460,1664,31364,,,,,,,,,,0.000,2.404,Device,Pageable,NVIDIA A100-SXM4-40GB (0),1,,7,[CUDA memcpy Device-to-Host]
2198026131,13600,31375,1434,1,1,128,1,1,16,0.000,0.000,,,,,NVIDIA A100-SXM4-40GB (0),1,,13,cupy_copy__complex64_complex64
2198052243,2368,31382,103,1,1,128,1,1,16,0.000,0.000,,,,,NVIDIA A100-SXM4-40GB (0),1,,13,cupy_copy__complex64_complex64
2198073106,2016,31389,35,1,1,128,1,1,16,0.000,0.000,,,,,NVIDIA A100-SXM4-40GB (0),1,,13,cupy_copy__complex64_complex64
2198091282,1472,31396,1,1,1,1,1,1,18,0.000,0.000,,,,,NVIDIA A100-SXM4-40GB (0),1,,13,cupy_copy__float32_float32
2198222865,78335,31407,1,1,1,32,32,1,30,0.000,0.000,,,,,NVIDIA A100-SXM4-40GB (0),1,,13,"void convert_kernel<__half2, float2>(tensor_layout_any, T1 *, tensor_layout_any, const T2 *)"
2198328463,4256,31410,,,,,,,,,,0.061,14436.065,Pinned,Device,NVIDIA A100-SXM4-40GB (0),1,,13,[CUDA memcpy Host-to-Device]
2198342831,2528,31411,,,,,,,,,,1.547,611796.509,Device,,NVIDIA A100-SXM4-40GB (0),1,,13,[CUDA memset]
2198348783,2944,31416,,,,,,,,,,0.021,7152.155,Pinned,Device,NVIDIA A100-SXM4-40GB (0),1,,13,[CUDA memcpy Host-to-Device]
2198354223,7040,31417,,,,,,,,,,0.131,18618.122,Pinned,Device,NVIDIA A100-SXM4-40GB (0),1,,13,[CUDA memcpy Host-to-Device]
2198365359,5824,31418,273,1,1,8,4,1,39,0.002,0.000,,,,,NVIDIA A100-SXM4-40GB (0),1,,13,"void channel_eq::eqMmseCoefCompLowMimoKernel<float, float, float, (unsigned int)4, (unsigned int)1, (unsigned int)4>(const channel_eq::_puschRxChEqStatDescr *, channel_eq::_puschRxChEqCoefCompDynDescr)"
2198372399,4832,31419,273,1,1,12,11,1,40,0.002,0.000,,,,,NVIDIA A100-SXM4-40GB (0),1,,13,"void channel_eq::eqMmseSoftDemapKernel<float, __half, __half, float, (unsigned int)4, (unsigned short)16383>(channel_eq::_puschRxChEqStatDescr *, channel_eq::_puschRxChEqSoftDemapDynDescr)"
2198378511,281724,31420,1,1,1,32,32,1,30,0.000,0.000,,,,,NVIDIA A100-SXM4-40GB (0),1,,13,"void convert_kernel<float2, __half2>(tensor_layout_any, T1 *, tensor_layout_any, const T2 *)"
2198661323,10368,31432,2253,1,1,128,1,1,16,0.000,0.000,,,,,NVIDIA A100-SXM4-40GB (0),1,,13,cupy_copy__float16_float16
2198672779,2400,31441,282,1,1,128,1,1,16,0.000,0.000,,,,,NVIDIA A100-SXM4-40GB (0),1,,13,cupy_copy__complex64_complex64
2198676427,1760,31450,26,1,1,128,1,1,16,0.000,0.000,,,,,NVIDIA A100-SXM4-40GB (0),1,,13,cupy_copy__float32_float32
2198679435,2560,31459,103,1,1,128,1,1,16,0.000,0.000,,,,,NVIDIA A100-SXM4-40GB (0),1,,13,cupy_copy__complex64_complex64
2198683211,11200,31469,1434,1,1,128,1,1,16,0.000,0.000,,,,,NVIDIA A100-SXM4-40GB (0),1,,13,cupy_copy__complex64_complex64
2198714858,78655,31474,1,1,1,32,32,1,30,0.000,0.000,,,,,NVIDIA A100-SXM4-40GB (0),1,,13,"void convert_kernel<__half2, float2>(tensor_layout_any, T1 *, tensor_layout_any, const T2 *)"
2198964103,4128,31477,,,,,,,,,,0.061,14883.717,Pinned,Device,NVIDIA A100-SXM4-40GB (0),1,,13,[CUDA memcpy Host-to-Device]
2198971751,589977,31478,,,,,,,,,,456.520,773345.693,Device,,NVIDIA A100-SXM4-40GB (0),1,,13,[CUDA memset]
2199564096,32703,31483,,,,,,,,,,0.825,25237.369,Pinned,Device,NVIDIA A100-SXM4-40GB (0),1,,13,[CUDA memcpy Host-to-Device]
2199599295,6912,31484,,,,,,,,,,0.131,18962.842,Pinned,Device,NVIDIA A100-SXM4-40GB (0),1,,13,[CUDA memcpy Host-to-Device]
2199611743,7232,31485,69,4,1,48,1,1,76,0.002,0.000,,,,,NVIDIA A100-SXM4-40GB (0),1,,13,"void ch_est::windowedChEstPreNoDftSOfdmKernel<float, __half, float, (unsigned int)2, (unsigned int)1, (unsigned short)4>(ch_est::puschRxChEstStatDescr_t *, ch_est::puschRxChEstDynDescr_t *)"
2199619999,6240,31486,137,2,1,24,2,1,44,0.001,0.001,,,,,NVIDIA A100-SXM4-40GB (0),1,,13,"void ch_est::chEstFilterNoDftSOfdmDispatchKernel<float, __half, float, (unsigned int)2>(ch_est::puschRxChEstStatDescr_t *, ch_est::puschRxChEstDynDescr_t *)"
2199627423,4576,31487,137,2,1,24,2,1,44,0.001,0.001,,,,,NVIDIA A100-SXM4-40GB (0),1,,13,"void ch_est::chEstFilterNoDftSOfdmDispatchKernel<float, __half, float, (unsigned int)2>(ch_est::puschRxChEstStatDescr_t *, ch_est::puschRxChEstDynDescr_t *)"
2199633087,2592,31498,103,1,1,128,1,1,16,0.000,0.000,,,,,NVIDIA A100-SXM4-40GB (0),1,,13,cupy_copy__complex64_complex64
2199636895,12544,31508,1434,1,1,128,1,1,16,0.000,0.000,,,,,NVIDIA A100-SXM4-40GB (0),1,,13,cupy_copy__complex64_complex64
2199650655,2112,31515,103,1,1,128,1,1,16,0.000,0.000,,,,,NVIDIA A100-SXM4-40GB (0),1,,13,cupy_copy__complex64_complex64
2199653855,79039,31522,1,1,1,32,32,1,30,0.000,0.000,,,,,NVIDIA A100-SXM4-40GB (0),1,,13,"void convert_kernel<__half2, float2>(tensor_layout_any, T1 *, tensor_layout_any, const T2 *)"
2199763549,4192,31525,,,,,,,,,,0.061,14656.451,Pinned,Device,NVIDIA A100-SXM4-40GB (0),1,,13,[CUDA memcpy Host-to-Device]
2199776349,45280,31526,,,,,,,,,,35.801,790628.401,Device,,NVIDIA A100-SXM4-40GB (0),1,,13,[CUDA memset]
2199828860,1856,31528,,,,,,,,,,0.000,43.103,Pinned,Device,NVIDIA A100-SXM4-40GB (0),1,,13,[CUDA memcpy Host-to-Device]
2199832828,6784,31529,,,,,,,,,,0.131,19320.668,Pinned,Device,NVIDIA A100-SXM4-40GB (0),1,,13,[CUDA memcpy Host-to-Device]
2199844252,8288,31530,273,1,1,48,1,1,40,0.000,0.001,,,,,NVIDIA A100-SXM4-40GB (0),1,,13,"void pusch_noise_intf_est::noiseIntfEstNoDftSOfdmKernel<float, __half, float, float, (unsigned int)2, (unsigned int)1, (unsigned char)4, (unsigned char)4>(pusch_noise_intf_est::puschRxNoiseIntfEstDynDescr)"
2199853756,2688,31541,35,1,1,128,1,1,16,0.000,0.000,,,,,NVIDIA A100-SXM4-40GB (0),1,,13,cupy_copy__complex64_complex64
2199888028,1536,31550,1,1,1,1,1,1,18,0.000,0.000,,,,,NVIDIA A100-SXM4-40GB (0),1,,13,cupy_copy__float32_float32
2199921115,1920,31556,,,,,,,,,,0.000,2.083,Device,Pageable,NVIDIA A100-SXM4-40GB (0),1,,7,[CUDA memcpy Device-to-Host]
2199978459,13439,31567,1434,1,1,128,1,1,16,0.000,0.000,,,,,NVIDIA A100-SXM4-40GB (0),1,,13,cupy_copy__complex64_complex64
2200004410,2336,31574,103,1,1,128,1,1,16,0.000,0.000,,,,,NVIDIA A100-SXM4-40GB (0),1,,13,cupy_copy__complex64_complex64
2200024762,1952,31581,35,1,1,128,1,1,16,0.000,0.000,,,,,NVIDIA A100-SXM4-40GB (0),1,,13,cupy_copy__complex64_complex64
2200043258,1504,31588,1,1,1,1,1,1,18,0.000,0.000,,,,,NVIDIA A100-SXM4-40GB (0),1,,13,cupy_copy__float32_float32
2200174392,77887,31599,1,1,1,32,32,1,30,0.000,0.000,,,,,NVIDIA A100-SXM4-40GB (0),1,,13,"void convert_kernel<__half2, float2>(tensor_layout_any, T1 *, tensor_layout_any, const T2 *)"
2200440309,4288,31602,,,,,,,,,,0.061,14328.300,Pinned,Device,NVIDIA A100-SXM4-40GB (0),1,,13,[CUDA memcpy Host-to-Device]
2200453877,2560,31603,,,,,,,,,,1.547,604150.000,Device,,NVIDIA A100-SXM4-40GB (0),1,,13,[CUDA memset]
2200460373,2720,31608,,,,,,,,,,0.021,7741.175,Pinned,Device,NVIDIA A100-SXM4-40GB (0),1,,13,[CUDA memcpy Host-to-Device]
2200466036,6816,31609,,,,,,,,,,0.131,19229.966,Pinned,Device,NVIDIA A100-SXM4-40GB (0),1,,13,[CUDA memcpy Host-to-Device]
2200477460,5888,31610,273,1,1,8,4,1,39,0.002,0.000,,,,,NVIDIA A100-SXM4-40GB (0),1,,13,"void channel_eq::eqMmseCoefCompLowMimoKernel<float, float, float, (unsigned int)4, (unsigned int)1, (unsigned int)4>(const channel_eq::_puschRxChEqStatDescr *, channel_eq::_puschRxChEqCoefCompDynDescr)"
2200484628,4832,31611,273,1,1,12,11,1,40,0.002,0.000,,,,,NVIDIA A100-SXM4-40GB (0),1,,13,"void channel_eq::eqMmseSoftDemapKernel<float, __half, __half, float, (unsigned int)4, (unsigned short)16383>(channel_eq::_puschRxChEqStatDescr *, channel_eq::_puschRxChEqSoftDemapDynDescr)"
2200490516,281501,31612,1,1,1,32,32,1,30,0.000,0.000,,,,,NVIDIA A100-SXM4-40GB (0),1,,13,"void convert_kernel<float2, __half2>(tensor_layout_any, T1 *, tensor_layout_any, const T2 *)"
2200773073,10303,31624,2253,1,1,128,1,1,16,0.000,0.000,,,,,NVIDIA A100-SXM4-40GB (0),1,,13,cupy_copy__float16_float16
2200784432,2368,31633,282,1,1,128,1,1,16,0.000,0.000,,,,,NVIDIA A100-SXM4-40GB (0),1,,13,cupy_copy__complex64_complex64
2200787888,1792,31642,26,1,1,128,1,1,16,0.000,0.000,,,,,NVIDIA A100-SXM4-40GB (0),1,,13,cupy_copy__float32_float32
2200790896,2528,31651,103,1,1,128,1,1,16,0.000,0.000,,,,,NVIDIA A100-SXM4-40GB (0),1,,13,cupy_copy__complex64_complex64
2200794672,11424,31661,1434,1,1,128,1,1,16,0.000,0.000,,,,,NVIDIA A100-SXM4-40GB (0),1,,13,cupy_copy__complex64_complex64
2201029997,78783,31666,1,1,1,32,32,1,30,0.000,0.000,,,,,NVIDIA A100-SXM4-40GB (0),1,,13,"void convert_kernel<__half2, float2>(tensor_layout_any, T1 *, tensor_layout_any, const T2 *)"
2201140332,4128,31669,,,,,,,,,,0.061,14883.717,Pinned,Device,NVIDIA A100-SXM4-40GB (0),1,,13,[CUDA memcpy Host-to-Device]
2201151404,588761,31670,,,,,,,,,,456.520,775171.775,Device,,NVIDIA A100-SXM4-40GB (0),1,,13,[CUDA memset]
2201743332,32704,31675,,,,,,,,,,0.825,25236.543,Pinned,Device,NVIDIA A100-SXM4-40GB (0),1,,13,[CUDA memcpy Host-to-Device]
2201778596,6752,31676,,,,,,,,,,0.131,19412.287,Pinned,Device,NVIDIA A100-SXM4-40GB (0),1,,13,[CUDA memcpy Host-to-Device]
2201791844,7264,31677,69,4,1,48,1,1,76,0.002,0.000,,,,,NVIDIA A100-SXM4-40GB (0),1,,13,"void ch_est::windowedChEstPreNoDftSOfdmKernel<float, __half, float, (unsigned int)2, (unsigned int)1, (unsigned short)4>(ch_est::puschRxChEstStatDescr_t *, ch_est::puschRxChEstDynDescr_t *)"
2201800100,6144,31678,137,2,1,24,2,1,44,0.001,0.001,,,,,NVIDIA A100-SXM4-40GB (0),1,,13,"void ch_est::chEstFilterNoDftSOfdmDispatchKernel<float, __half, float, (unsigned int)2>(ch_est::puschRxChEstStatDescr_t *, ch_est::puschRxChEstDynDescr_t *)"
2201807524,4544,31679,137,2,1,24,2,1,44,0.001,0.001,,,,,NVIDIA A100-SXM4-40GB (0),1,,13,"void ch_est::chEstFilterNoDftSOfdmDispatchKernel<float, __half, float, (unsigned int)2>(ch_est::puschRxChEstStatDescr_t *, ch_est::puschRxChEstDynDescr_t *)"
2201813380,2176,31690,103,1,1,128,1,1,16,0.000,0.000,,,,,NVIDIA A100-SXM4-40GB (0),1,,13,cupy_copy__complex64_complex64
2201816772,12447,31700,1434,1,1,128,1,1,16,0.000,0.000,,,,,NVIDIA A100-SXM4-40GB (0),1,,13,cupy_copy__complex64_complex64
2201830307,2112,31707,103,1,1,128,1,1,16,0.000,0.000,,,,,NVIDIA A100-SXM4-40GB (0),1,,13,cupy_copy__complex64_complex64
2201833507,78655,31714,1,1,1,32,32,1,30,0.000,0.000,,,,,NVIDIA A100-SXM4-40GB (0),1,,13,"void convert_kernel<__half2, float2>(tensor_layout_any, T1 *, tensor_layout_any, const T2 *)"
2201939970,4160,31717,,,,,,,,,,0.061,14769.193,Pinned,Device,NVIDIA A100-SXM4-40GB (0),1,,13,[CUDA memcpy Host-to-Device]
2201952930,45183,31718,,,,,,,,,,35.801,792346.847,Device,,NVIDIA A100-SXM4-40GB (0),1,,13,[CUDA memset]
2202005473,1856,31720,,,,,,,,,,0.000,43.103,Pinned,Device,NVIDIA A100-SXM4-40GB (0),1,,13,[CUDA memcpy Host-to-Device]
2202010049,6720,31721,,,,,,,,,,0.131,19504.693,Pinned,Device,NVIDIA A100-SXM4-40GB (0),1,,13,[CUDA memcpy Host-to-Device]
2202022113,8320,31722,273,1,1,48,1,1,40,0.000,0.001,,,,,NVIDIA A100-SXM4-40GB (0),1,,13,"void pusch_noise_intf_est::noiseIntfEstNoDftSOfdmKernel<float, __half, float, float, (unsigned int)2, (unsigned int)1, (unsigned char)4, (unsigned char)4>(pusch_noise_intf_est::puschRxNoiseIntfEstDynDescr)"
2202031585,2528,31733,35,1,1,128,1,1,16,0.000,0.000,,,,,NVIDIA A100-SXM4-40GB (0),1,,13,cupy_copy__complex64_complex64
2202059873,1535,31742,1,1,1,1,1,1,18,0.000,0.000,,,,,NVIDIA A100-SXM4-40GB (0),1,,13,cupy_copy__float32_float32
2202093248,1696,31748,,,,,,,,,,0.000,2.358,Device,Pageable,NVIDIA A100-SXM4-40GB (0),1,,7,[CUDA memcpy Device-to-Host]
2202150463,13536,31759,1434,1,1,128,1,1,16,0.000,0.000,,,,,NVIDIA A100-SXM4-40GB (0),1,,13,cupy_copy__complex64_complex64
2202177407,2368,31766,103,1,1,128,1,1,16,0.000,0.000,,,,,NVIDIA A100-SXM4-40GB (0),1,,13,cupy_copy__complex64_complex64
2202198399,2016,31773,35,1,1,128,1,1,16,0.000,0.000,,,,,NVIDIA A100-SXM4-40GB (0),1,,13,cupy_copy__complex64_complex64
2202216735,1472,31780,1,1,1,1,1,1,18,0.000,0.000,,,,,NVIDIA A100-SXM4-40GB (0),1,,13,cupy_copy__float32_float32
2202348413,78335,31791,1,1,1,32,32,1,30,0.000,0.000,,,,,NVIDIA A100-SXM4-40GB (0),1,,13,"void convert_kernel<__half2, float2>(tensor_layout_any, T1 *, tensor_layout_any, const T2 *)"
2202455164,4159,31794,,,,,,,,,,0.061,14772.756,Pinned,Device,NVIDIA A100-SXM4-40GB (0),1,,13,[CUDA memcpy Host-to-Device]
2202468123,2560,31795,,,,,,,,,,1.547,604150.000,Device,,NVIDIA A100-SXM4-40GB (0),1,,13,[CUDA memset]
2202474171,2752,31800,,,,,,,,,,0.021,7651.161,Pinned,Device,NVIDIA A100-SXM4-40GB (0),1,,13,[CUDA memcpy Host-to-Device]
2202479387,6848,31801,,,,,,,,,,0.131,19140.182,Pinned,Device,NVIDIA A100-SXM4-40GB (0),1,,13,[CUDA memcpy Host-to-Device]
2202493595,5856,31802,273,1,1,8,4,1,39,0.002,0.000,,,,,NVIDIA A100-SXM4-40GB (0),1,,13,"void channel_eq::eqMmseCoefCompLowMimoKernel<float, float, float, (unsigned int)4, (unsigned int)1, (unsigned int)4>(const channel_eq::_puschRxChEqStatDescr *, channel_eq::_puschRxChEqCoefCompDynDescr)"
2202500699,4832,31803,273,1,1,12,11,1,40,0.002,0.000,,,,,NVIDIA A100-SXM4-40GB (0),1,,13,"void channel_eq::eqMmseSoftDemapKernel<float, __half, __half, float, (unsigned int)4, (unsigned short)16383>(channel_eq::_puschRxChEqStatDescr *, channel_eq::_puschRxChEqSoftDemapDynDescr)"
2202506843,281500,31804,1,1,1,32,32,1,30,0.000,0.000,,,,,NVIDIA A100-SXM4-40GB (0),1,,13,"void convert_kernel<float2, __half2>(tensor_layout_any, T1 *, tensor_layout_any, const T2 *)"
2202789367,10176,31816,2253,1,1,128,1,1,16,0.000,0.000,,,,,NVIDIA A100-SXM4-40GB (0),1,,13,cupy_copy__float16_float16
2202800535,2368,31825,282,1,1,128,1,1,16,0.000,0.000,,,,,NVIDIA A100-SXM4-40GB (0),1,,13,cupy_copy__complex64_complex64
2202803991,1760,31834,26,1,1,128,1,1,16,0.000,0.000,,,,,NVIDIA A100-SXM4-40GB (0),1,,13,cupy_copy__float32_float32
2202807031,2528,31843,103,1,1,128,1,1,16,0.000,0.000,,,,,NVIDIA A100-SXM4-40GB (0),1,,13,cupy_copy__complex64_complex64
2202810871,11232,31853,1434,1,1,128,1,1,16,0.000,0.000,,,,,NVIDIA A100-SXM4-40GB (0),1,,13,cupy_copy__complex64_complex64
2202845111,78175,31858,1,1,1,32,32,1,30,0.000,0.000,,,,,NVIDIA A100-SXM4-40GB (0),1,,13,"void convert_kernel<__half2, float2>(tensor_layout_any, T1 *, tensor_layout_any, const T2 *)"
2202950421,4256,31861,,,,,,,,,,0.061,14436.065,Pinned,Device,NVIDIA A100-SXM4-40GB (0),1,,13,[CUDA memcpy Host-to-Device]
2202961045,589049,31862,,,,,,,,,,456.520,774715.255,Device,,NVIDIA A100-SXM4-40GB (0),1,,13,[CUDA memset]
2203558222,33439,31867,,,,,,,,,,0.825,24681.912,Pinned,Device,NVIDIA A100-SXM4-40GB (0),1,,13,[CUDA memcpy Host-to-Device]
2203593901,6752,31868,,,,,,,,,,0.131,19412.287,Pinned,Device,NVIDIA A100-SXM4-40GB (0),1,,13,[CUDA memcpy Host-to-Device]
2203609805,7328,31869,69,4,1,48,1,1,76,0.002,0.000,,,,,NVIDIA A100-SXM4-40GB (0),1,,13,"void ch_est::windowedChEstPreNoDftSOfdmKernel<float, __half, float, (unsigned int)2, (unsigned int)1, (unsigned short)4>(ch_est::puschRxChEstStatDescr_t *, ch_est::puschRxChEstDynDescr_t *)"
2203618349,6272,31870,137,2,1,24,2,1,44,0.001,0.001,,,,,NVIDIA A100-SXM4-40GB (0),1,,13,"void ch_est::chEstFilterNoDftSOfdmDispatchKernel<float, __half, float, (unsigned int)2>(ch_est::puschRxChEstStatDescr_t *, ch_est::puschRxChEstDynDescr_t *)"
2203625677,4576,31871,137,2,1,24,2,1,44,0.001,0.001,,,,,NVIDIA A100-SXM4-40GB (0),1,,13,"void ch_est::chEstFilterNoDftSOfdmDispatchKernel<float, __half, float, (unsigned int)2>(ch_est::puschRxChEstStatDescr_t *, ch_est::puschRxChEstDynDescr_t *)"
2203631565,2176,31882,103,1,1,128,1,1,16,0.000,0.000,,,,,NVIDIA A100-SXM4-40GB (0),1,,13,cupy_copy__complex64_complex64
2203634733,12544,31892,1434,1,1,128,1,1,16,0.000,0.000,,,,,NVIDIA A100-SXM4-40GB (0),1,,13,cupy_copy__complex64_complex64
2203648333,2112,31899,103,1,1,128,1,1,16,0.000,0.000,,,,,NVIDIA A100-SXM4-40GB (0),1,,13,cupy_copy__complex64_complex64
2203651501,78303,31906,1,1,1,32,32,1,30,0.000,0.000,,,,,NVIDIA A100-SXM4-40GB (0),1,,13,"void convert_kernel<__half2, float2>(tensor_layout_any, T1 *, tensor_layout_any, const T2 *)"
2203756555,4160,31909,,,,,,,,,,0.061,14769.193,Pinned,Device,NVIDIA A100-SXM4-40GB (0),1,,13,[CUDA memcpy Host-to-Device]
2203768331,44864,31910,,,,,,,,,,35.801,797967.597,Device,,NVIDIA A100-SXM4-40GB (0),1,,13,[CUDA memset]
2203821002,1856,31912,,,,,,,,,,0.000,43.103,Pinned,Device,NVIDIA A100-SXM4-40GB (0),1,,13,[CUDA memcpy Host-to-Device]
2203824970,6752,31913,,,,,,,,,,0.131,19412.287,Pinned,Device,NVIDIA A100-SXM4-40GB (0),1,,13,[CUDA memcpy Host-to-Device]
2203835978,8608,31914,273,1,1,48,1,1,40,0.000,0.001,,,,,NVIDIA A100-SXM4-40GB (0),1,,13,"void pusch_noise_intf_est::noiseIntfEstNoDftSOfdmKernel<float, __half, float, float, (unsigned int)2, (unsigned int)1, (unsigned char)4, (unsigned char)4>(pusch_noise_intf_est::puschRxNoiseIntfEstDynDescr)"
2203845834,2624,31925,35,1,1,128,1,1,16,0.000,0.000,,,,,NVIDIA A100-SXM4-40GB (0),1,,13,cupy_copy__complex64_complex64
2203873578,1536,31934,1,1,1,1,1,1,18,0.000,0.000,,,,,NVIDIA A100-SXM4-40GB (0),1,,13,cupy_copy__float32_float32
2203906217,1728,31940,,,,,,,,,,0.000,2.315,Device,Pageable,NVIDIA A100-SXM4-40GB (0),1,,7,[CUDA memcpy Device-to-Host]
2203962921,13151,31951,1434,1,1,128,1,1,16,0.000,0.000,,,,,NVIDIA A100-SXM4-40GB (0),1,,13,cupy_copy__complex64_complex64
2203990216,2336,31958,103,1,1,128,1,1,16,0.000,0.000,,,,,NVIDIA A100-SXM4-40GB (0),1,,13,cupy_copy__complex64_complex64
2204010632,2016,31965,35,1,1,128,1,1,16,0.000,0.000,,,,,NVIDIA A100-SXM4-40GB (0),1,,13,cupy_copy__complex64_complex64
2204029480,1472,31972,1,1,1,1,1,1,18,0.000,0.000,,,,,NVIDIA A100-SXM4-40GB (0),1,,13,cupy_copy__float32_float32
2204159782,78239,31983,1,1,1,32,32,1,30,0.000,0.000,,,,,NVIDIA A100-SXM4-40GB (0),1,,13,"void convert_kernel<__half2, float2>(tensor_layout_any, T1 *, tensor_layout_any, const T2 *)"
2204409539,4128,31986,,,,,,,,,,0.061,14883.717,Pinned,Device,NVIDIA A100-SXM4-40GB (0),1,,13,[CUDA memcpy Host-to-Device]
2204422851,2560,31987,,,,,,,,,,1.547,604150.000,Device,,NVIDIA A100-SXM4-40GB (0),1,,13,[CUDA memset]
2204430371,2752,31992,,,,,,,,,,0.021,7651.161,Pinned,Device,NVIDIA A100-SXM4-40GB (0),1,,13,[CUDA memcpy Host-to-Device]
2204435235,6784,31993,,,,,,,,,,0.131,19320.668,Pinned,Device,NVIDIA A100-SXM4-40GB (0),1,,13,[CUDA memcpy Host-to-Device]
2204445731,5856,31994,273,1,1,8,4,1,39,0.002,0.000,,,,,NVIDIA A100-SXM4-40GB (0),1,,13,"void channel_eq::eqMmseCoefCompLowMimoKernel<float, float, float, (unsigned int)4, (unsigned int)1, (unsigned int)4>(const channel_eq::_puschRxChEqStatDescr *, channel_eq::_puschRxChEqCoefCompDynDescr)"
2204452867,4863,31995,273,1,1,12,11,1,40,0.002,0.000,,,,,NVIDIA A100-SXM4-40GB (0),1,,13,"void channel_eq::eqMmseSoftDemapKernel<float, __half, __half, float, (unsigned int)4, (unsigned short)16383>(channel_eq::_puschRxChEqStatDescr *, channel_eq::_puschRxChEqSoftDemapDynDescr)"
2204458978,281821,31996,1,1,1,32,32,1,30,0.000,0.000,,,,,NVIDIA A100-SXM4-40GB (0),1,,13,"void convert_kernel<float2, __half2>(tensor_layout_any, T1 *, tensor_layout_any, const T2 *)"
2204741823,10208,32008,2253,1,1,128,1,1,16,0.000,0.000,,,,,NVIDIA A100-SXM4-40GB (0),1,,13,cupy_copy__float16_float16
2204753247,2432,32017,282,1,1,128,1,1,16,0.000,0.000,,,,,NVIDIA A100-SXM4-40GB (0),1,,13,cupy_copy__complex64_complex64
2204756703,1760,32026,26,1,1,128,1,1,16,0.000,0.000,,,,,NVIDIA A100-SXM4-40GB (0),1,,13,cupy_copy__float32_float32
2204759711,2528,32035,103,1,1,128,1,1,16,0.000,0.000,,,,,NVIDIA A100-SXM4-40GB (0),1,,13,cupy_copy__complex64_complex64
2204763487,11231,32045,1434,1,1,128,1,1,16,0.000,0.000,,,,,NVIDIA A100-SXM4-40GB (0),1,,13,cupy_copy__complex64_complex64
2204941340,78815,32050,1,1,1,32,32,1,30,0.000,0.000,,,,,NVIDIA A100-SXM4-40GB (0),1,,13,"void convert_kernel<__half2, float2>(tensor_layout_any, T1 *, tensor_layout_any, const T2 *)"
2205051163,4224,32053,,,,,,,,,,0.061,14545.428,Pinned,Device,NVIDIA A100-SXM4-40GB (0),1,,13,[CUDA memcpy Host-to-Device]
2205062075,588281,32054,,,,,,,,,,456.520,775628.296,Device,,NVIDIA A100-SXM4-40GB (0),1,,13,[CUDA memset]
2205651956,32735,32059,,,,,,,,,,0.825,25212.609,Pinned,Device,NVIDIA A100-SXM4-40GB (0),1,,13,[CUDA memcpy Host-to-Device]
2205686835,6752,32060,,,,,,,,,,0.131,19412.287,Pinned,Device,NVIDIA A100-SXM4-40GB (0),1,,13,[CUDA memcpy Host-to-Device]
2205700371,7104,32061,69,4,1,48,1,1,76,0.002,0.000,,,,,NVIDIA A100-SXM4-40GB (0),1,,13,"void ch_est::windowedChEstPreNoDftSOfdmKernel<float, __half, float, (unsigned int)2, (unsigned int)1, (unsigned short)4>(ch_est::puschRxChEstStatDescr_t *, ch_est::puschRxChEstDynDescr_t *)"
2205708531,6016,32062,137,2,1,24,2,1,44,0.001,0.001,,,,,NVIDIA A100-SXM4-40GB (0),1,,13,"void ch_est::chEstFilterNoDftSOfdmDispatchKernel<float, __half, float, (unsigned int)2>(ch_est::puschRxChEstStatDescr_t *, ch_est::puschRxChEstDynDescr_t *)"
2205715827,4608,32063,137,2,1,24,2,1,44,0.001,0.001,,,,,NVIDIA A100-SXM4-40GB (0),1,,13,"void ch_est::chEstFilterNoDftSOfdmDispatchKernel<float, __half, float, (unsigned int)2>(ch_est::puschRxChEstStatDescr_t *, ch_est::puschRxChEstDynDescr_t *)"
2205721683,2208,32074,103,1,1,128,1,1,16,0.000,0.000,,,,,NVIDIA A100-SXM4-40GB (0),1,,13,cupy_copy__complex64_complex64
2205725203,12351,32084,1434,1,1,128,1,1,16,0.000,0.000,,,,,NVIDIA A100-SXM4-40GB (0),1,,13,cupy_copy__complex64_complex64
2205738578,2080,32091,103,1,1,128,1,1,16,0.000,0.000,,,,,NVIDIA A100-SXM4-40GB (0),1,,13,cupy_copy__complex64_complex64
2205742002,78335,32098,1,1,1,32,32,1,30,0.000,0.000,,,,,NVIDIA A100-SXM4-40GB (0),1,,13,"void convert_kernel<__half2, float2>(tensor_layout_any, T1 *, tensor_layout_any, const T2 *)"
2205986127,4160,32101,,,,,,,,,,0.061,14769.193,Pinned,Device,NVIDIA A100-SXM4-40GB (0),1,,13,[CUDA memcpy Host-to-Device]
2205998767,46016,32102,,,,,,,,,,35.801,777990.662,Device,,NVIDIA A100-SXM4-40GB (0),1,,13,[CUDA memset]
2206049167,1856,32104,,,,,,,,,,0.000,43.103,Pinned,Device,NVIDIA A100-SXM4-40GB (0),1,,13,[CUDA memcpy Host-to-Device]
2206053134,6752,32105,,,,,,,,,,0.131,19412.287,Pinned,Device,NVIDIA A100-SXM4-40GB (0),1,,13,[CUDA memcpy Host-to-Device]
2206071502,9152,32106,273,1,1,48,1,1,40,0.000,0.001,,,,,NVIDIA A100-SXM4-40GB (0),1,,13,"void pusch_noise_intf_est::noiseIntfEstNoDftSOfdmKernel<float, __half, float, float, (unsigned int)2, (unsigned int)1, (unsigned char)4, (unsigned char)4>(pusch_noise_intf_est::puschRxNoiseIntfEstDynDescr)"
2206081870,2624,32117,35,1,1,128,1,1,16,0.000,0.000,,,,,NVIDIA A100-SXM4-40GB (0),1,,13,cupy_copy__complex64_complex64
2206089902,1536,32126,1,1,1,1,1,1,18,0.000,0.000,,,,,NVIDIA A100-SXM4-40GB (0),1,,13,cupy_copy__float32_float32
2206128046,1728,32132,,,,,,,,,,0.000,2.315,Device,Pageable,NVIDIA A100-SXM4-40GB (0),1,,7,[CUDA memcpy Device-to-Host]
2206186029,12864,32143,1434,1,1,128,1,1,16,0.000,0.000,,,,,NVIDIA A100-SXM4-40GB (0),1,,13,cupy_copy__complex64_complex64
2206212716,2400,32150,103,1,1,128,1,1,16,0.000,0.000,,,,,NVIDIA A100-SXM4-40GB (0),1,,13,cupy_copy__complex64_complex64
2206233164,1984,32157,35,1,1,128,1,1,16,0.000,0.000,,,,,NVIDIA A100-SXM4-40GB (0),1,,13,cupy_copy__complex64_complex64
2206251404,1472,32164,1,1,1,1,1,1,18,0.000,0.000,,,,,NVIDIA A100-SXM4-40GB (0),1,,13,cupy_copy__float32_float32
2206525897,78911,32175,1,1,1,32,32,1,30,0.000,0.000,,,,,NVIDIA A100-SXM4-40GB (0),1,,13,"void convert_kernel<__half2, float2>(tensor_layout_any, T1 *, tensor_layout_any, const T2 *)"
2206636551,4128,32178,,,,,,,,,,0.061,14883.717,Pinned,Device,NVIDIA A100-SXM4-40GB (0),1,,13,[CUDA memcpy Host-to-Device]
2206651367,2592,32179,,,,,,,,,,1.547,596690.632,Device,,NVIDIA A100-SXM4-40GB (0),1,,13,[CUDA memset]
2206662695,2528,32184,,,,,,,,,,0.021,8329.101,Pinned,Device,NVIDIA A100-SXM4-40GB (0),1,,13,[CUDA memcpy Host-to-Device]
2206674951,6848,32185,,,,,,,,,,0.131,19140.182,Pinned,Device,NVIDIA A100-SXM4-40GB (0),1,,13,[CUDA memcpy Host-to-Device]
2206687943,5855,32186,273,1,1,8,4,1,39,0.002,0.000,,,,,NVIDIA A100-SXM4-40GB (0),1,,13,"void channel_eq::eqMmseCoefCompLowMimoKernel<float, float, float, (unsigned int)4, (unsigned int)1, (unsigned int)4>(const channel_eq::_puschRxChEqStatDescr *, channel_eq::_puschRxChEqCoefCompDynDescr)"
2206694886,4864,32187,273,1,1,12,11,1,40,0.002,0.000,,,,,NVIDIA A100-SXM4-40GB (0),1,,13,"void channel_eq::eqMmseSoftDemapKernel<float, __half, __half, float, (unsigned int)4, (unsigned short)16383>(channel_eq::_puschRxChEqStatDescr *, channel_eq::_puschRxChEqSoftDemapDynDescr)"
2206700998,282237,32188,1,1,1,32,32,1,30,0.000,0.000,,,,,NVIDIA A100-SXM4-40GB (0),1,,13,"void convert_kernel<float2, __half2>(tensor_layout_any, T1 *, tensor_layout_any, const T2 *)"
2206984291,10304,32200,2253,1,1,128,1,1,16,0.000,0.000,,,,,NVIDIA A100-SXM4-40GB (0),1,,13,cupy_copy__float16_float16
2206995811,2400,32209,282,1,1,128,1,1,16,0.000,0.000,,,,,NVIDIA A100-SXM4-40GB (0),1,,13,cupy_copy__complex64_complex64
2206999459,1760,32218,26,1,1,128,1,1,16,0.000,0.000,,,,,NVIDIA A100-SXM4-40GB (0),1,,13,cupy_copy__float32_float32
2207002467,2528,32227,103,1,1,128,1,1,16,0.000,0.000,,,,,NVIDIA A100-SXM4-40GB (0),1,,13,cupy_copy__complex64_complex64
2207006243,11295,32237,1434,1,1,128,1,1,16,0.000,0.000,,,,,NVIDIA A100-SXM4-40GB (0),1,,13,cupy_copy__complex64_complex64
2207031842,78367,32242,1,1,1,32,32,1,30,0.000,0.000,,,,,NVIDIA A100-SXM4-40GB (0),1,,13,"void convert_kernel<__half2, float2>(tensor_layout_any, T1 *, tensor_layout_any, const T2 *)"
2207137057,4160,32245,,,,,,,,,,0.061,14769.193,Pinned,Device,NVIDIA A100-SXM4-40GB (0),1,,13,[CUDA memcpy Host-to-Device]
2207147745,588472,32246,,,,,,,,,,456.520,775628.296,Device,,NVIDIA A100-SXM4-40GB (0),1,,13,[CUDA memset]
2207740825,32864,32251,,,,,,,,,,0.825,25113.567,Pinned,Device,NVIDIA A100-SXM4-40GB (0),1,,13,[CUDA memcpy Host-to-Device]
2207775801,6720,32252,,,,,,,,,,0.131,19504.693,Pinned,Device,NVIDIA A100-SXM4-40GB (0),1,,13,[CUDA memcpy Host-to-Device]
2207787289,7392,32253,69,4,1,48,1,1,76,0.002,0.000,,,,,NVIDIA A100-SXM4-40GB (0),1,,13,"void ch_est::windowedChEstPreNoDftSOfdmKernel<float, __half, float, (unsigned int)2, (unsigned int)1, (unsigned short)4>(ch_est::puschRxChEstStatDescr_t *, ch_est::puschRxChEstDynDescr_t *)"
2207795769,6304,32254,137,2,1,24,2,1,44,0.001,0.001,,,,,NVIDIA A100-SXM4-40GB (0),1,,13,"void ch_est::chEstFilterNoDftSOfdmDispatchKernel<float, __half, float, (unsigned int)2>(ch_est::puschRxChEstStatDescr_t *, ch_est::puschRxChEstDynDescr_t *)"
2207803257,4575,32255,137,2,1,24,2,1,44,0.001,0.001,,,,,NVIDIA A100-SXM4-40GB (0),1,,13,"void ch_est::chEstFilterNoDftSOfdmDispatchKernel<float, __half, float, (unsigned int)2>(ch_est::puschRxChEstStatDescr_t *, ch_est::puschRxChEstDynDescr_t *)"
2207808952,2176,32266,103,1,1,128,1,1,16,0.000,0.000,,,,,NVIDIA A100-SXM4-40GB (0),1,,13,cupy_copy__complex64_complex64
2207812120,12544,32276,1434,1,1,128,1,1,16,0.000,0.000,,,,,NVIDIA A100-SXM4-40GB (0),1,,13,cupy_copy__complex64_complex64
2207825880,2112,32283,103,1,1,128,1,1,16,0.000,0.000,,,,,NVIDIA A100-SXM4-40GB (0),1,,13,cupy_copy__complex64_complex64
2207829112,79039,32290,1,1,1,32,32,1,30,0.000,0.000,,,,,NVIDIA A100-SXM4-40GB (0),1,,13,"void convert_kernel<__half2, float2>(tensor_layout_any, T1 *, tensor_layout_any, const T2 *)"
2207935831,4160,32293,,,,,,,,,,0.061,14769.193,Pinned,Device,NVIDIA A100-SXM4-40GB (0),1,,13,[CUDA memcpy Host-to-Device]
2207947927,44863,32294,,,,,,,,,,35.801,798003.398,Device,,NVIDIA A100-SXM4-40GB (0),1,,13,[CUDA memset]
2207999254,1856,32296,,,,,,,,,,0.000,43.103,Pinned,Device,NVIDIA A100-SXM4-40GB (0),1,,13,[CUDA memcpy Host-to-Device]
2208003446,6944,32297,,,,,,,,,,0.131,18875.548,Pinned,Device,NVIDIA A100-SXM4-40GB (0),1,,13,[CUDA memcpy Host-to-Device]
2208015606,8544,32298,273,1,1,48,1,1,40,0.000,0.001,,,,,NVIDIA A100-SXM4-40GB (0),1,,13,"void pusch_noise_intf_est::noiseIntfEstNoDftSOfdmKernel<float, __half, float, float, (unsigned int)2, (unsigned int)1, (unsigned char)4, (unsigned char)4>(pusch_noise_intf_est::puschRxNoiseIntfEstDynDescr)"
2208025174,2624,32309,35,1,1,128,1,1,16,0.000,0.000,,,,,NVIDIA A100-SXM4-40GB (0),1,,13,cupy_copy__complex64_complex64
2208052021,1536,32318,1,1,1,1,1,1,18,0.000,0.000,,,,,NVIDIA A100-SXM4-40GB (0),1,,13,cupy_copy__float32_float32
2208084853,1728,32324,,,,,,,,,,0.000,2.315,Device,Pageable,NVIDIA A100-SXM4-40GB (0),1,,7,[CUDA memcpy Device-to-Host]
2208142164,13440,32335,1434,1,1,128,1,1,16,0.000,0.000,,,,,NVIDIA A100-SXM4-40GB (0),1,,13,cupy_copy__complex64_complex64
2208168340,2368,32342,103,1,1,128,1,1,16,0.000,0.000,,,,,NVIDIA A100-SXM4-40GB (0),1,,13,cupy_copy__complex64_complex64
2208188724,2016,32349,35,1,1,128,1,1,16,0.000,0.000,,,,,NVIDIA A100-SXM4-40GB (0),1,,13,cupy_copy__complex64_complex64
2208207187,1472,32356,1,1,1,1,1,1,18,0.000,0.000,,,,,NVIDIA A100-SXM4-40GB (0),1,,13,cupy_copy__float32_float32
2208336530,78975,32367,1,1,1,32,32,1,30,0.000,0.000,,,,,NVIDIA A100-SXM4-40GB (0),1,,13,"void convert_kernel<__half2, float2>(tensor_layout_any, T1 *, tensor_layout_any, const T2 *)"
2208442961,4191,32370,,,,,,,,,,0.061,14659.953,Pinned,Device,NVIDIA A100-SXM4-40GB (0),1,,13,[CUDA memcpy Host-to-Device]
2208460048,2560,32371,,,,,,,,,,1.547,604150.000,Device,,NVIDIA A100-SXM4-40GB (0),1,,13,[CUDA memset]
2208466096,2816,32376,,,,,,,,,,0.021,7477.259,Pinned,Device,NVIDIA A100-SXM4-40GB (0),1,,13,[CUDA memcpy Host-to-Device]
2208471024,6816,32377,,,,,,,,,,0.131,19229.966,Pinned,Device,NVIDIA A100-SXM4-40GB (0),1,,13,[CUDA memcpy Host-to-Device]
2208482608,5888,32378,273,1,1,8,4,1,39,0.002,0.000,,,,,NVIDIA A100-SXM4-40GB (0),1,,13,"void channel_eq::eqMmseCoefCompLowMimoKernel<float, float, float, (unsigned int)4, (unsigned int)1, (unsigned int)4>(const channel_eq::_puschRxChEqStatDescr *, channel_eq::_puschRxChEqCoefCompDynDescr)"
2208489808,4800,32379,273,1,1,12,11,1,40,0.002,0.000,,,,,NVIDIA A100-SXM4-40GB (0),1,,13,"void channel_eq::eqMmseSoftDemapKernel<float, __half, __half, float, (unsigned int)4, (unsigned short)16383>(channel_eq::_puschRxChEqStatDescr *, channel_eq::_puschRxChEqSoftDemapDynDescr)"
2208495696,281916,32380,1,1,1,32,32,1,30,0.000,0.000,,,,,NVIDIA A100-SXM4-40GB (0),1,,13,"void convert_kernel<float2, __half2>(tensor_layout_any, T1 *, tensor_layout_any, const T2 *)"
2208778700,10272,32392,2253,1,1,128,1,1,16,0.000,0.000,,,,,NVIDIA A100-SXM4-40GB (0),1,,13,cupy_copy__float16_float16
2208790028,2368,32401,282,1,1,128,1,1,16,0.000,0.000,,,,,NVIDIA A100-SXM4-40GB (0),1,,13,cupy_copy__complex64_complex64
2208793484,1792,32410,26,1,1,128,1,1,16,0.000,0.000,,,,,NVIDIA A100-SXM4-40GB (0),1,,13,cupy_copy__float32_float32
2208796588,2592,32419,103,1,1,128,1,1,16,0.000,0.000,,,,,NVIDIA A100-SXM4-40GB (0),1,,13,cupy_copy__complex64_complex64
2208800396,11008,32429,1434,1,1,128,1,1,16,0.000,0.000,,,,,NVIDIA A100-SXM4-40GB (0),1,,13,cupy_copy__complex64_complex64
2208837708,79103,32434,1,1,1,32,32,1,30,0.000,0.000,,,,,NVIDIA A100-SXM4-40GB (0),1,,13,"void convert_kernel<__half2, float2>(tensor_layout_any, T1 *, tensor_layout_any, const T2 *)"
2208943690,4416,32437,,,,,,,,,,0.061,13913.027,Pinned,Device,NVIDIA A100-SXM4-40GB (0),1,,13,[CUDA memcpy Host-to-Device]
2208954634,588697,32438,,,,,,,,,,456.520,775171.775,Device,,NVIDIA A100-SXM4-40GB (0),1,,13,[CUDA memset]
2209544419,32671,32443,,,,,,,,,,0.825,25262.129,Pinned,Device,NVIDIA A100-SXM4-40GB (0),1,,13,[CUDA memcpy Host-to-Device]
2209579202,6784,32444,,,,,,,,,,0.131,19320.668,Pinned,Device,NVIDIA A100-SXM4-40GB (0),1,,13,[CUDA memcpy Host-to-Device]
2209592578,7200,32445,69,4,1,48,1,1,76,0.002,0.000,,,,,NVIDIA A100-SXM4-40GB (0),1,,13,"void ch_est::windowedChEstPreNoDftSOfdmKernel<float, __half, float, (unsigned int)2, (unsigned int)1, (unsigned short)4>(ch_est::puschRxChEstStatDescr_t *, ch_est::puschRxChEstDynDescr_t *)"
2209600834,6240,32446,137,2,1,24,2,1,44,0.001,0.001,,,,,NVIDIA A100-SXM4-40GB (0),1,,13,"void ch_est::chEstFilterNoDftSOfdmDispatchKernel<float, __half, float, (unsigned int)2>(ch_est::puschRxChEstStatDescr_t *, ch_est::puschRxChEstDynDescr_t *)"
2209608194,4576,32447,137,2,1,24,2,1,44,0.001,0.001,,,,,NVIDIA A100-SXM4-40GB (0),1,,13,"void ch_est::chEstFilterNoDftSOfdmDispatchKernel<float, __half, float, (unsigned int)2>(ch_est::puschRxChEstStatDescr_t *, ch_est::puschRxChEstDynDescr_t *)"
2209614050,2176,32458,103,1,1,128,1,1,16,0.000,0.000,,,,,NVIDIA A100-SXM4-40GB (0),1,,13,cupy_copy__complex64_complex64
2209617442,12480,32468,1434,1,1,128,1,1,16,0.000,0.000,,,,,NVIDIA A100-SXM4-40GB (0),1,,13,cupy_copy__complex64_complex64
2209631106,2144,32475,103,1,1,128,1,1,16,0.000,0.000,,,,,NVIDIA A100-SXM4-40GB (0),1,,13,cupy_copy__complex64_complex64
2209634306,78687,32482,1,1,1,32,32,1,30,0.000,0.000,,,,,NVIDIA A100-SXM4-40GB (0),1,,13,"void convert_kernel<__half2, float2>(tensor_layout_any, T1 *, tensor_layout_any, const T2 *)"
2209954782,4128,32485,,,,,,,,,,0.061,14883.717,Pinned,Device,NVIDIA A100-SXM4-40GB (0),1,,13,[CUDA memcpy Host-to-Device]
2209968733,45824,32486,,,,,,,,,,35.801,781248.549,Device,,NVIDIA A100-SXM4-40GB (0),1,,13,[CUDA memset]
2210019197,2272,32488,,,,,,,,,,0.000,35.211,Pinned,Device,NVIDIA A100-SXM4-40GB (0),1,,13,[CUDA memcpy Host-to-Device]
2210023581,7104,32489,,,,,,,,,,0.131,18450.350,Pinned,Device,NVIDIA A100-SXM4-40GB (0),1,,13,[CUDA memcpy Host-to-Device]
2210041501,9055,32490,273,1,1,48,1,1,40,0.000,0.001,,,,,NVIDIA A100-SXM4-40GB (0),1,,13,"void pusch_noise_intf_est::noiseIntfEstNoDftSOfdmKernel<float, __half, float, float, (unsigned int)2, (unsigned int)1, (unsigned char)4, (unsigned char)4>(pusch_noise_intf_est::puschRxNoiseIntfEstDynDescr)"
2210051900,2624,32501,35,1,1,128,1,1,16,0.000,0.000,,,,,NVIDIA A100-SXM4-40GB (0),1,,13,cupy_copy__complex64_complex64
2210061692,1536,32510,1,1,1,1,1,1,18,0.000,0.000,,,,,NVIDIA A100-SXM4-40GB (0),1,,13,cupy_copy__float32_float32
2210094780,1728,32516,,,,,,,,,,0.000,2.315,Device,Pageable,NVIDIA A100-SXM4-40GB (0),1,,7,[CUDA memcpy Device-to-Host]
2210151099,13408,32527,1434,1,1,128,1,1,16,0.000,0.000,,,,,NVIDIA A100-SXM4-40GB (0),1,,13,cupy_copy__complex64_complex64
2210176891,2400,32534,103,1,1,128,1,1,16,0.000,0.000,,,,,NVIDIA A100-SXM4-40GB (0),1,,13,cupy_copy__complex64_complex64
2210197563,2016,32541,35,1,1,128,1,1,16,0.000,0.000,,,,,NVIDIA A100-SXM4-40GB (0),1,,13,cupy_copy__complex64_complex64
2210215898,1504,32548,1,1,1,1,1,1,18,0.000,0.000,,,,,NVIDIA A100-SXM4-40GB (0),1,,13,cupy_copy__float32_float32
2210482615,78207,32559,1,1,1,32,32,1,30,0.000,0.000,,,,,NVIDIA A100-SXM4-40GB (0),1,,13,"void convert_kernel<__half2, float2>(tensor_layout_any, T1 *, tensor_layout_any, const T2 *)"
2210592470,4320,32562,,,,,,,,,,0.061,14222.193,Pinned,Device,NVIDIA A100-SXM4-40GB (0),1,,13,[CUDA memcpy Host-to-Device]
2210607701,2560,32563,,,,,,,,,,1.547,604150.000,Device,,NVIDIA A100-SXM4-40GB (0),1,,13,[CUDA memset]
2210613749,2720,32568,,,,,,,,,,0.021,7741.175,Pinned,Device,NVIDIA A100-SXM4-40GB (0),1,,13,[CUDA memcpy Host-to-Device]
2210619349,7136,32569,,,,,,,,,,0.131,18367.644,Pinned,Device,NVIDIA A100-SXM4-40GB (0),1,,13,[CUDA memcpy Host-to-Device]
2210630773,5920,32570,273,1,1,8,4,1,39,0.002,0.000,,,,,NVIDIA A100-SXM4-40GB (0),1,,13,"void channel_eq::eqMmseCoefCompLowMimoKernel<float, float, float, (unsigned int)4, (unsigned int)1, (unsigned int)4>(const channel_eq::_puschRxChEqStatDescr *, channel_eq::_puschRxChEqCoefCompDynDescr)"
2210637909,4864,32571,273,1,1,12,11,1,40,0.002,0.000,,,,,NVIDIA A100-SXM4-40GB (0),1,,13,"void channel_eq::eqMmseSoftDemapKernel<float, __half, __half, float, (unsigned int)4, (unsigned short)16383>(channel_eq::_puschRxChEqStatDescr *, channel_eq::_puschRxChEqSoftDemapDynDescr)"
2210644053,281436,32572,1,1,1,32,32,1,30,0.000,0.000,,,,,NVIDIA A100-SXM4-40GB (0),1,,13,"void convert_kernel<float2, __half2>(tensor_layout_any, T1 *, tensor_layout_any, const T2 *)"
2210926673,10272,32584,2253,1,1,128,1,1,16,0.000,0.000,,,,,NVIDIA A100-SXM4-40GB (0),1,,13,cupy_copy__float16_float16
2210938193,2368,32593,282,1,1,128,1,1,16,0.000,0.000,,,,,NVIDIA A100-SXM4-40GB (0),1,,13,cupy_copy__complex64_complex64
2210941649,1760,32602,26,1,1,128,1,1,16,0.000,0.000,,,,,NVIDIA A100-SXM4-40GB (0),1,,13,cupy_copy__float32_float32
2210944657,2560,32611,103,1,1,128,1,1,16,0.000,0.000,,,,,NVIDIA A100-SXM4-40GB (0),1,,13,cupy_copy__complex64_complex64
2210948209,11136,32621,1434,1,1,128,1,1,16,0.000,0.000,,,,,NVIDIA A100-SXM4-40GB (0),1,,13,cupy_copy__complex64_complex64
2210982417,78175,32626,1,1,1,32,32,1,30,0.000,0.000,,,,,NVIDIA A100-SXM4-40GB (0),1,,13,"void convert_kernel<__half2, float2>(tensor_layout_any, T1 *, tensor_layout_any, const T2 *)"
2211218062,4320,32629,,,,,,,,,,0.061,14222.193,Pinned,Device,NVIDIA A100-SXM4-40GB (0),1,,13,[CUDA memcpy Host-to-Device]
2211228142,590968,32630,,,,,,,,,,456.520,772432.652,Device,,NVIDIA A100-SXM4-40GB (0),1,,13,[CUDA memset]
2211826758,32800,32635,,,,,,,,,,0.825,25162.263,Pinned,Device,NVIDIA A100-SXM4-40GB (0),1,,13,[CUDA memcpy Host-to-Device]
2211861670,6784,32636,,,,,,,,,,0.131,19320.668,Pinned,Device,NVIDIA A100-SXM4-40GB (0),1,,13,[CUDA memcpy Host-to-Device]
2211878502,7775,32637,69,4,1,48,1,1,76,0.002,0.000,,,,,NVIDIA A100-SXM4-40GB (0),1,,13,"void ch_est::windowedChEstPreNoDftSOfdmKernel<float, __half, float, (unsigned int)2, (unsigned int)1, (unsigned short)4>(ch_est::puschRxChEstStatDescr_t *, ch_est::puschRxChEstDynDescr_t *)"
2211887525,6272,32638,137,2,1,24,2,1,44,0.001,0.001,,,,,NVIDIA A100-SXM4-40GB (0),1,,13,"void ch_est::chEstFilterNoDftSOfdmDispatchKernel<float, __half, float, (unsigned int)2>(ch_est::puschRxChEstStatDescr_t *, ch_est::puschRxChEstDynDescr_t *)"
2211894853,4576,32639,137,2,1,24,2,1,44,0.001,0.001,,,,,NVIDIA A100-SXM4-40GB (0),1,,13,"void ch_est::chEstFilterNoDftSOfdmDispatchKernel<float, __half, float, (unsigned int)2>(ch_est::puschRxChEstStatDescr_t *, ch_est::puschRxChEstDynDescr_t *)"
2211900709,2176,32650,103,1,1,128,1,1,16,0.000,0.000,,,,,NVIDIA A100-SXM4-40GB (0),1,,13,cupy_copy__complex64_complex64
2211903877,12736,32660,1434,1,1,128,1,1,16,0.000,0.000,,,,,NVIDIA A100-SXM4-40GB (0),1,,13,cupy_copy__complex64_complex64
2211917669,2112,32667,103,1,1,128,1,1,16,0.000,0.000,,,,,NVIDIA A100-SXM4-40GB (0),1,,13,cupy_copy__complex64_complex64
2211920869,77951,32674,1,1,1,32,32,1,30,0.000,0.000,,,,,NVIDIA A100-SXM4-40GB (0),1,,13,"void convert_kernel<__half2, float2>(tensor_layout_any, T1 *, tensor_layout_any, const T2 *)"
2212029572,4160,32677,,,,,,,,,,0.061,14769.193,Pinned,Device,NVIDIA A100-SXM4-40GB (0),1,,13,[CUDA memcpy Host-to-Device]
2212042499,44512,32678,,,,,,,,,,35.801,804268.566,Device,,NVIDIA A100-SXM4-40GB (0),1,,13,[CUDA memset]
2212094819,1856,32680,,,,,,,,,,0.000,43.103,Pinned,Device,NVIDIA A100-SXM4-40GB (0),1,,13,[CUDA memcpy Host-to-Device]
2212098787,6816,32681,,,,,,,,,,0.131,19229.966,Pinned,Device,NVIDIA A100-SXM4-40GB (0),1,,13,[CUDA memcpy Host-to-Device]
2212109539,8576,32682,273,1,1,48,1,1,40,0.000,0.001,,,,,NVIDIA A100-SXM4-40GB (0),1,,13,"void pusch_noise_intf_est::noiseIntfEstNoDftSOfdmKernel<float, __half, float, float, (unsigned int)2, (unsigned int)1, (unsigned char)4, (unsigned char)4>(pusch_noise_intf_est::puschRxNoiseIntfEstDynDescr)"
2212119362,2560,32693,35,1,1,128,1,1,16,0.000,0.000,,,,,NVIDIA A100-SXM4-40GB (0),1,,13,cupy_copy__complex64_complex64
2212153090,1536,32702,1,1,1,1,1,1,18,0.000,0.000,,,,,NVIDIA A100-SXM4-40GB (0),1,,13,cupy_copy__float32_float32
2212187458,1888,32708,,,,,,,,,,0.000,2.119,Device,Pageable,NVIDIA A100-SXM4-40GB (0),1,,7,[CUDA memcpy Device-to-Host]
2212245057,13568,32719,1434,1,1,128,1,1,16,0.000,0.000,,,,,NVIDIA A100-SXM4-40GB (0),1,,13,cupy_copy__complex64_complex64
2212271585,2336,32726,103,1,1,128,1,1,16,0.000,0.000,,,,,NVIDIA A100-SXM4-40GB (0),1,,13,cupy_copy__complex64_complex64
2212292288,2016,32733,35,1,1,128,1,1,16,0.000,0.000,,,,,NVIDIA A100-SXM4-40GB (0),1,,13,cupy_copy__complex64_complex64
2212310656,1472,32740,1,1,1,1,1,1,18,0.000,0.000,,,,,NVIDIA A100-SXM4-40GB (0),1,,13,cupy_copy__float32_float32
2212445694,78271,32751,1,1,1,32,32,1,30,0.000,0.000,,,,,NVIDIA A100-SXM4-40GB (0),1,,13,"void convert_kernel<__half2, float2>(tensor_layout_any, T1 *, tensor_layout_any, const T2 *)"
2212551741,4256,32754,,,,,,,,,,0.061,14436.065,Pinned,Device,NVIDIA A100-SXM4-40GB (0),1,,13,[CUDA memcpy Host-to-Device]
2212565629,2560,32755,,,,,,,,,,1.547,604150.000,Device,,NVIDIA A100-SXM4-40GB (0),1,,13,[CUDA memset]
2212571677,2880,32760,,,,,,,,,,0.021,7311.106,Pinned,Device,NVIDIA A100-SXM4-40GB (0),1,,13,[CUDA memcpy Host-to-Device]
2212577149,6816,32761,,,,,,,,,,0.131,19229.966,Pinned,Device,NVIDIA A100-SXM4-40GB (0),1,,13,[CUDA memcpy Host-to-Device]
2212588605,5888,32762,273,1,1,8,4,1,39,0.002,0.000,,,,,NVIDIA A100-SXM4-40GB (0),1,,13,"void channel_eq::eqMmseCoefCompLowMimoKernel<float, float, float, (unsigned int)4, (unsigned int)1, (unsigned int)4>(const channel_eq::_puschRxChEqStatDescr *, channel_eq::_puschRxChEqCoefCompDynDescr)"
2212595773,4799,32763,273,1,1,12,11,1,40,0.002,0.000,,,,,NVIDIA A100-SXM4-40GB (0),1,,13,"void channel_eq::eqMmseSoftDemapKernel<float, __half, __half, float, (unsigned int)4, (unsigned short)16383>(channel_eq::_puschRxChEqStatDescr *, channel_eq::_puschRxChEqSoftDemapDynDescr)"
2212601852,281309,32764,1,1,1,32,32,1,30,0.000,0.000,,,,,NVIDIA A100-SXM4-40GB (0),1,,13,"void convert_kernel<float2, __half2>(tensor_layout_any, T1 *, tensor_layout_any, const T2 *)"
2212884185,10336,32776,2253,1,1,128,1,1,16,0.000,0.000,,,,,NVIDIA A100-SXM4-40GB (0),1,,13,cupy_copy__float16_float16
2212895705,2400,32785,282,1,1,128,1,1,16,0.000,0.000,,,,,NVIDIA A100-SXM4-40GB (0),1,,13,cupy_copy__complex64_complex64
2212899161,1760,32794,26,1,1,128,1,1,16,0.000,0.000,,,,,NVIDIA A100-SXM4-40GB (0),1,,13,cupy_copy__float32_float32
2212902169,2528,32803,103,1,1,128,1,1,16,0.000,0.000,,,,,NVIDIA A100-SXM4-40GB (0),1,,13,cupy_copy__complex64_complex64
2212905945,11327,32813,1434,1,1,128,1,1,16,0.000,0.000,,,,,NVIDIA A100-SXM4-40GB (0),1,,13,cupy_copy__complex64_complex64
2212944280,78335,32818,1,1,1,32,32,1,30,0.000,0.000,,,,,NVIDIA A100-SXM4-40GB (0),1,,13,"void convert_kernel<__half2, float2>(tensor_layout_any, T1 *, tensor_layout_any, const T2 *)"
2213049527,4224,32821,,,,,,,,,,0.061,14545.428,Pinned,Device,NVIDIA A100-SXM4-40GB (0),1,,13,[CUDA memcpy Host-to-Device]
2213060375,587608,32822,,,,,,,,,,456.520,776541.336,Device,,NVIDIA A100-SXM4-40GB (0),1,,13,[CUDA memset]
2213653327,32800,32827,,,,,,,,,,0.825,25162.263,Pinned,Device,NVIDIA A100-SXM4-40GB (0),1,,13,[CUDA memcpy Host-to-Device]
2213689743,7488,32828,,,,,,,,,,0.131,17504.272,Pinned,Device,NVIDIA A100-SXM4-40GB (0),1,,13,[CUDA memcpy Host-to-Device]
2213702863,7104,32829,69,4,1,48,1,1,76,0.002,0.000,,,,,NVIDIA A100-SXM4-40GB (0),1,,13,"void ch_est::windowedChEstPreNoDftSOfdmKernel<float, __half, float, (unsigned int)2, (unsigned int)1, (unsigned short)4>(ch_est::puschRxChEstStatDescr_t *, ch_est::puschRxChEstDynDescr_t *)"
2213711215,6335,32830,137,2,1,24,2,1,44,0.001,0.001,,,,,NVIDIA A100-SXM4-40GB (0),1,,13,"void ch_est::chEstFilterNoDftSOfdmDispatchKernel<float, __half, float, (unsigned int)2>(ch_est::puschRxChEstStatDescr_t *, ch_est::puschRxChEstDynDescr_t *)"
2213718766,4608,32831,137,2,1,24,2,1,44,0.001,0.001,,,,,NVIDIA A100-SXM4-40GB (0),1,,13,"void ch_est::chEstFilterNoDftSOfdmDispatchKernel<float, __half, float, (unsigned int)2>(ch_est::puschRxChEstStatDescr_t *, ch_est::puschRxChEstDynDescr_t *)"
2213724622,2176,32842,103,1,1,128,1,1,16,0.000,0.000,,,,,NVIDIA A100-SXM4-40GB (0),1,,13,cupy_copy__complex64_complex64
2213727790,12512,32852,1434,1,1,128,1,1,16,0.000,0.000,,,,,NVIDIA A100-SXM4-40GB (0),1,,13,cupy_copy__complex64_complex64
2213741518,2144,32859,103,1,1,128,1,1,16,0.000,0.000,,,,,NVIDIA A100-SXM4-40GB (0),1,,13,cupy_copy__complex64_complex64
2213744910,78367,32866,1,1,1,32,32,1,30,0.000,0.000,,,,,NVIDIA A100-SXM4-40GB (0),1,,13,"void convert_kernel<__half2, float2>(tensor_layout_any, T1 *, tensor_layout_any, const T2 *)"
2213850253,4384,32869,,,,,,,,,,0.061,14014.587,Pinned,Device,NVIDIA A100-SXM4-40GB (0),1,,13,[CUDA memcpy Host-to-Device]
2213862637,44767,32870,,,,,,,,,,35.801,799686.044,Device,,NVIDIA A100-SXM4-40GB (0),1,,13,[CUDA memset]
2213915852,1856,32872,,,,,,,,,,0.000,43.103,Pinned,Device,NVIDIA A100-SXM4-40GB (0),1,,13,[CUDA memcpy Host-to-Device]
2213919852,6752,32873,,,,,,,,,,0.131,19412.287,Pinned,Device,NVIDIA A100-SXM4-40GB (0),1,,13,[CUDA memcpy Host-to-Device]
2213931180,8512,32874,273,1,1,48,1,1,40,0.000,0.001,,,,,NVIDIA A100-SXM4-40GB (0),1,,13,"void pusch_noise_intf_est::noiseIntfEstNoDftSOfdmKernel<float, __half, float, float, (unsigned int)2, (unsigned int)1, (unsigned char)4, (unsigned char)4>(pusch_noise_intf_est::puschRxNoiseIntfEstDynDescr)"
2213940844,2592,32885,35,1,1,128,1,1,16,0.000,0.000,,,,,NVIDIA A100-SXM4-40GB (0),1,,13,cupy_copy__complex64_complex64
2213968267,1536,32894,1,1,1,1,1,1,18,0.000,0.000,,,,,NVIDIA A100-SXM4-40GB (0),1,,13,cupy_copy__float32_float32
2214000683,1632,32900,,,,,,,,,,0.000,2.451,Device,Pageable,NVIDIA A100-SXM4-40GB (0),1,,7,[CUDA memcpy Device-to-Host]
2214056650,13440,32911,1434,1,1,128,1,1,16,0.000,0.000,,,,,NVIDIA A100-SXM4-40GB (0),1,,13,cupy_copy__complex64_complex64
2214083370,2368,32918,103,1,1,128,1,1,16,0.000,0.000,,,,,NVIDIA A100-SXM4-40GB (0),1,,13,cupy_copy__complex64_complex64
2214103498,2016,32925,35,1,1,128,1,1,16,0.000,0.000,,,,,NVIDIA A100-SXM4-40GB (0),1,,13,cupy_copy__complex64_complex64
2214125449,1504,32932,1,1,1,1,1,1,18,0.000,0.000,,,,,NVIDIA A100-SXM4-40GB (0),1,,13,cupy_copy__float32_float32
2214255848,78111,32943,1,1,1,32,32,1,30,0.000,0.000,,,,,NVIDIA A100-SXM4-40GB (0),1,,13,"void convert_kernel<__half2, float2>(tensor_layout_any, T1 *, tensor_layout_any, const T2 *)"
2214361542,4352,32946,,,,,,,,,,0.061,14117.622,Pinned,Device,NVIDIA A100-SXM4-40GB (0),1,,13,[CUDA memcpy Host-to-Device]
2214376518,2592,32947,,,,,,,,,,1.547,596690.632,Device,,NVIDIA A100-SXM4-40GB (0),1,,13,[CUDA memset]
2214382790,2816,32952,,,,,,,,,,0.021,7477.259,Pinned,Device,NVIDIA A100-SXM4-40GB (0),1,,13,[CUDA memcpy Host-to-Device]
2214388518,6752,32953,,,,,,,,,,0.131,19412.287,Pinned,Device,NVIDIA A100-SXM4-40GB (0),1,,13,[CUDA memcpy Host-to-Device]
2214399046,5888,32954,273,1,1,8,4,1,39,0.002,0.000,,,,,NVIDIA A100-SXM4-40GB (0),1,,13,"void channel_eq::eqMmseCoefCompLowMimoKernel<float, float, float, (unsigned int)4, (unsigned int)1, (unsigned int)4>(const channel_eq::_puschRxChEqStatDescr *, channel_eq::_puschRxChEqCoefCompDynDescr)"
2214405958,4832,32955,273,1,1,12,11,1,40,0.002,0.000,,,,,NVIDIA A100-SXM4-40GB (0),1,,13,"void channel_eq::eqMmseSoftDemapKernel<float, __half, __half, float, (unsigned int)4, (unsigned short)16383>(channel_eq::_puschRxChEqStatDescr *, channel_eq::_puschRxChEqSoftDemapDynDescr)"
2214411782,282076,32956,1,1,1,32,32,1,30,0.000,0.000,,,,,NVIDIA A100-SXM4-40GB (0),1,,13,"void convert_kernel<float2, __half2>(tensor_layout_any, T1 *, tensor_layout_any, const T2 *)"
2214695010,10144,32968,2253,1,1,128,1,1,16,0.000,0.000,,,,,NVIDIA A100-SXM4-40GB (0),1,,13,cupy_copy__float16_float16
2214706178,2368,32977,282,1,1,128,1,1,16,0.000,0.000,,,,,NVIDIA A100-SXM4-40GB (0),1,,13,cupy_copy__complex64_complex64
2214709634,1792,32986,26,1,1,128,1,1,16,0.000,0.000,,,,,NVIDIA A100-SXM4-40GB (0),1,,13,cupy_copy__float32_float32
2214712642,2560,32995,103,1,1,128,1,1,16,0.000,0.000,,,,,NVIDIA A100-SXM4-40GB (0),1,,13,cupy_copy__complex64_complex64
2214762561,11232,33011,1434,1,1,128,1,1,16,0.000,0.000,,,,,NVIDIA A100-SXM4-40GB (0),1,,13,cupy_copy__complex64_complex64
2214875488,78239,33016,1,1,1,32,32,1,30,0.000,0.000,,,,,NVIDIA A100-SXM4-40GB (0),1,,13,"void convert_kernel<__half2, float2>(tensor_layout_any, T1 *, tensor_layout_any, const T2 *)"
2215120829,4160,33019,,,,,,,,,,0.061,14769.193,Pinned,Device,NVIDIA A100-SXM4-40GB (0),1,,13,[CUDA memcpy Host-to-Device]
2215129661,590232,33020,,,,,,,,,,456.520,773345.693,Device,,NVIDIA A100-SXM4-40GB (0),1,,13,[CUDA memset]
2215724789,32704,33025,,,,,,,,,,0.825,25236.543,Pinned,Device,NVIDIA A100-SXM4-40GB (0),1,,13,[CUDA memcpy Host-to-Device]
2215759637,6752,33026,,,,,,,,,,0.131,19412.287,Pinned,Device,NVIDIA A100-SXM4-40GB (0),1,,13,[CUDA memcpy Host-to-Device]
2215775797,7040,33027,69,4,1,48,1,1,76,0.002,0.000,,,,,NVIDIA A100-SXM4-40GB (0),1,,13,"void ch_est::windowedChEstPreNoDftSOfdmKernel<float, __half, float, (unsigned int)2, (unsigned int)1, (unsigned short)4>(ch_est::puschRxChEstStatDescr_t *, ch_est::puschRxChEstDynDescr_t *)"
2215784149,6272,33028,137,2,1,24,2,1,44,0.001,0.001,,,,,NVIDIA A100-SXM4-40GB (0),1,,13,"void ch_est::chEstFilterNoDftSOfdmDispatchKernel<float, __half, float, (unsigned int)2>(ch_est::puschRxChEstStatDescr_t *, ch_est::puschRxChEstDynDescr_t *)"
2215791476,4544,33029,137,2,1,24,2,1,44,0.001,0.001,,,,,NVIDIA A100-SXM4-40GB (0),1,,13,"void ch_est::chEstFilterNoDftSOfdmDispatchKernel<float, __half, float, (unsigned int)2>(ch_est::puschRxChEstStatDescr_t *, ch_est::puschRxChEstDynDescr_t *)"
2215797140,2624,33040,103,1,1,128,1,1,16,0.000,0.000,,,,,NVIDIA A100-SXM4-40GB (0),1,,13,cupy_copy__complex64_complex64
2215800948,12512,33050,1434,1,1,128,1,1,16,0.000,0.000,,,,,NVIDIA A100-SXM4-40GB (0),1,,13,cupy_copy__complex64_complex64
2215814484,2144,33057,103,1,1,128,1,1,16,0.000,0.000,,,,,NVIDIA A100-SXM4-40GB (0),1,,13,cupy_copy__complex64_complex64
2215817684,78079,33064,1,1,1,32,32,1,30,0.000,0.000,,,,,NVIDIA A100-SXM4-40GB (0),1,,13,"void convert_kernel<__half2, float2>(tensor_layout_any, T1 *, tensor_layout_any, const T2 *)"
2215926099,4192,33067,,,,,,,,,,0.061,14656.451,Pinned,Device,NVIDIA A100-SXM4-40GB (0),1,,13,[CUDA memcpy Host-to-Device]
2215938611,44703,33068,,,,,,,,,,35.801,800831.674,Device,,NVIDIA A100-SXM4-40GB (0),1,,13,[CUDA memset]
2215990450,1856,33070,,,,,,,,,,0.000,43.103,Pinned,Device,NVIDIA A100-SXM4-40GB (0),1,,13,[CUDA memcpy Host-to-Device]
2215994418,6752,33071,,,,,,,,,,0.131,19412.287,Pinned,Device,NVIDIA A100-SXM4-40GB (0),1,,13,[CUDA memcpy Host-to-Device]
2216007858,8640,33072,273,1,1,48,1,1,40,0.000,0.001,,,,,NVIDIA A100-SXM4-40GB (0),1,,13,"void pusch_noise_intf_est::noiseIntfEstNoDftSOfdmKernel<float, __half, float, float, (unsigned int)2, (unsigned int)1, (unsigned char)4, (unsigned char)4>(pusch_noise_intf_est::puschRxNoiseIntfEstDynDescr)"
2216017746,2560,33083,35,1,1,128,1,1,16,0.000,0.000,,,,,NVIDIA A100-SXM4-40GB (0),1,,13,cupy_copy__complex64_complex64
2216049745,1536,33092,1,1,1,1,1,1,18,0.000,0.000,,,,,NVIDIA A100-SXM4-40GB (0),1,,13,cupy_copy__float32_float32
2216085873,1728,33098,,,,,,,,,,0.000,2.315,Device,Pageable,NVIDIA A100-SXM4-40GB (0),1,,7,[CUDA memcpy Device-to-Host]
2216143024,13216,33109,1434,1,1,128,1,1,16,0.000,0.000,,,,,NVIDIA A100-SXM4-40GB (0),1,,13,cupy_copy__complex64_complex64
2216169968,2336,33116,103,1,1,128,1,1,16,0.000,0.000,,,,,NVIDIA A100-SXM4-40GB (0),1,,13,cupy_copy__complex64_complex64
2216194319,1984,33123,35,1,1,128,1,1,16,0.000,0.000,,,,,NVIDIA A100-SXM4-40GB (0),1,,13,cupy_copy__complex64_complex64
2216213359,1472,33130,1,1,1,1,1,1,18,0.000,0.000,,,,,NVIDIA A100-SXM4-40GB (0),1,,13,cupy_copy__float32_float32
2216345006,78559,33141,1,1,1,32,32,1,30,0.000,0.000,,,,,NVIDIA A100-SXM4-40GB (0),1,,13,"void convert_kernel<__half2, float2>(tensor_layout_any, T1 *, tensor_layout_any, const T2 *)"
2216588939,4159,33144,,,,,,,,,,0.061,14772.756,Pinned,Device,NVIDIA A100-SXM4-40GB (0),1,,13,[CUDA memcpy Host-to-Device]
2216599242,2560,33145,,,,,,,,,,1.547,604150.000,Device,,NVIDIA A100-SXM4-40GB (0),1,,13,[CUDA memset]
2216602474,2944,33150,,,,,,,,,,0.021,7152.155,Pinned,Device,NVIDIA A100-SXM4-40GB (0),1,,13,[CUDA memcpy Host-to-Device]
2216607690,6752,33151,,,,,,,,,,0.131,19412.287,Pinned,Device,NVIDIA A100-SXM4-40GB (0),1,,13,[CUDA memcpy Host-to-Device]
2216625738,5824,33152,273,1,1,8,4,1,39,0.002,0.000,,,,,NVIDIA A100-SXM4-40GB (0),1,,13,"void channel_eq::eqMmseCoefCompLowMimoKernel<float, float, float, (unsigned int)4, (unsigned int)1, (unsigned int)4>(const channel_eq::_puschRxChEqStatDescr *, channel_eq::_puschRxChEqCoefCompDynDescr)"
2216632586,4832,33153,273,1,1,12,11,1,40,0.002,0.000,,,,,NVIDIA A100-SXM4-40GB (0),1,,13,"void channel_eq::eqMmseSoftDemapKernel<float, __half, __half, float, (unsigned int)4, (unsigned short)16383>(channel_eq::_puschRxChEqStatDescr *, channel_eq::_puschRxChEqSoftDemapDynDescr)"
2216638474,281116,33154,1,1,1,32,32,1,30,0.000,0.000,,,,,NVIDIA A100-SXM4-40GB (0),1,,13,"void convert_kernel<float2, __half2>(tensor_layout_any, T1 *, tensor_layout_any, const T2 *)"
2216920646,10240,33166,2253,1,1,128,1,1,16,0.000,0.000,,,,,NVIDIA A100-SXM4-40GB (0),1,,13,cupy_copy__float16_float16
2216932070,2400,33175,282,1,1,128,1,1,16,0.000,0.000,,,,,NVIDIA A100-SXM4-40GB (0),1,,13,cupy_copy__complex64_complex64
2216935526,1760,33184,26,1,1,128,1,1,16,0.000,0.000,,,,,NVIDIA A100-SXM4-40GB (0),1,,13,cupy_copy__float32_float32
2216938534,2560,33193,103,1,1,128,1,1,16,0.000,0.000,,,,,NVIDIA A100-SXM4-40GB (0),1,,13,cupy_copy__complex64_complex64
2216942310,11232,33203,1434,1,1,128,1,1,16,0.000,0.000,,,,,NVIDIA A100-SXM4-40GB (0),1,,13,cupy_copy__complex64_complex64
2217114212,79103,33208,1,1,1,32,32,1,30,0.000,0.000,,,,,NVIDIA A100-SXM4-40GB (0),1,,13,"void convert_kernel<__half2, float2>(tensor_layout_any, T1 *, tensor_layout_any, const T2 *)"
2217224195,4159,33211,,,,,,,,,,0.061,14772.756,Pinned,Device,NVIDIA A100-SXM4-40GB (0),1,,13,[CUDA memcpy Host-to-Device]
2217237090,588857,33212,,,,,,,,,,456.520,775171.775,Device,,NVIDIA A100-SXM4-40GB (0),1,,13,[CUDA memset]
2217828123,33312,33217,,,,,,,,,,0.825,24776.002,Pinned,Device,NVIDIA A100-SXM4-40GB (0),1,,13,[CUDA memcpy Host-to-Device]
2217864187,6719,33218,,,,,,,,,,0.131,19507.577,Pinned,Device,NVIDIA A100-SXM4-40GB (0),1,,13,[CUDA memcpy Host-to-Device]
2217880090,7104,33219,69,4,1,48,1,1,76,0.002,0.000,,,,,NVIDIA A100-SXM4-40GB (0),1,,13,"void ch_est::windowedChEstPreNoDftSOfdmKernel<float, __half, float, (unsigned int)2, (unsigned int)1, (unsigned short)4>(ch_est::puschRxChEstStatDescr_t *, ch_est::puschRxChEstDynDescr_t *)"
2217888442,6080,33220,137,2,1,24,2,1,44,0.001,0.001,,,,,NVIDIA A100-SXM4-40GB (0),1,,13,"void ch_est::chEstFilterNoDftSOfdmDispatchKernel<float, __half, float, (unsigned int)2>(ch_est::puschRxChEstStatDescr_t *, ch_est::puschRxChEstDynDescr_t *)"
2217895834,4544,33221,137,2,1,24,2,1,44,0.001,0.001,,,,,NVIDIA A100-SXM4-40GB (0),1,,13,"void ch_est::chEstFilterNoDftSOfdmDispatchKernel<float, __half, float, (unsigned int)2>(ch_est::puschRxChEstStatDescr_t *, ch_est::puschRxChEstDynDescr_t *)"
2217901690,2176,33232,103,1,1,128,1,1,16,0.000,0.000,,,,,NVIDIA A100-SXM4-40GB (0),1,,13,cupy_copy__complex64_complex64
2217905114,12448,33242,1434,1,1,128,1,1,16,0.000,0.000,,,,,NVIDIA A100-SXM4-40GB (0),1,,13,cupy_copy__complex64_complex64
2217918554,2112,33249,103,1,1,128,1,1,16,0.000,0.000,,,,,NVIDIA A100-SXM4-40GB (0),1,,13,cupy_copy__complex64_complex64
2217921754,78527,33256,1,1,1,32,32,1,30,0.000,0.000,,,,,NVIDIA A100-SXM4-40GB (0),1,,13,"void convert_kernel<__half2, float2>(tensor_layout_any, T1 *, tensor_layout_any, const T2 *)"
2218027288,4832,33259,,,,,,,,,,0.061,12715.192,Pinned,Device,NVIDIA A100-SXM4-40GB (0),1,,13,[CUDA memcpy Host-to-Device]
2218039800,45024,33260,,,,,,,,,,35.801,795139.322,Device,,NVIDIA A100-SXM4-40GB (0),1,,13,[CUDA memset]
2218091288,1888,33262,,,,,,,,,,0.000,42.373,Pinned,Device,NVIDIA A100-SXM4-40GB (0),1,,13,[CUDA memcpy Host-to-Device]
2218095288,7200,33263,,,,,,,,,,0.131,18204.328,Pinned,Device,NVIDIA A100-SXM4-40GB (0),1,,13,[CUDA memcpy Host-to-Device]
2218108055,8544,33264,273,1,1,48,1,1,40,0.000,0.001,,,,,NVIDIA A100-SXM4-40GB (0),1,,13,"void pusch_noise_intf_est::noiseIntfEstNoDftSOfdmKernel<float, __half, float, float, (unsigned int)2, (unsigned int)1, (unsigned char)4, (unsigned char)4>(pusch_noise_intf_est::puschRxNoiseIntfEstDynDescr)"
2218117815,2688,33275,35,1,1,128,1,1,16,0.000,0.000,,,,,NVIDIA A100-SXM4-40GB (0),1,,13,cupy_copy__complex64_complex64
2218145591,1536,33284,1,1,1,1,1,1,18,0.000,0.000,,,,,NVIDIA A100-SXM4-40GB (0),1,,13,cupy_copy__float32_float32
2218178647,1760,33290,,,,,,,,,,0.000,2.273,Device,Pageable,NVIDIA A100-SXM4-40GB (0),1,,7,[CUDA memcpy Device-to-Host]
2218235670,13408,33301,1434,1,1,128,1,1,16,0.000,0.000,,,,,NVIDIA A100-SXM4-40GB (0),1,,13,cupy_copy__complex64_complex64
2218265877,2336,33308,103,1,1,128,1,1,16,0.000,0.000,,,,,NVIDIA A100-SXM4-40GB (0),1,,13,cupy_copy__complex64_complex64
2218286805,2048,33315,35,1,1,128,1,1,16,0.000,0.000,,,,,NVIDIA A100-SXM4-40GB (0),1,,13,cupy_copy__complex64_complex64
2218306197,1472,33322,1,1,1,1,1,1,18,0.000,0.000,,,,,NVIDIA A100-SXM4-40GB (0),1,,13,cupy_copy__float32_float32
2218436531,78335,33333,1,1,1,32,32,1,30,0.000,0.000,,,,,NVIDIA A100-SXM4-40GB (0),1,,13,"void convert_kernel<__half2, float2>(tensor_layout_any, T1 *, tensor_layout_any, const T2 *)"
2218542610,4160,33336,,,,,,,,,,0.061,14769.193,Pinned,Device,NVIDIA A100-SXM4-40GB (0),1,,13,[CUDA memcpy Host-to-Device]
2218556562,2560,33337,,,,,,,,,,1.547,604150.000,Device,,NVIDIA A100-SXM4-40GB (0),1,,13,[CUDA memset]
2218562770,2784,33342,,,,,,,,,,0.021,7563.210,Pinned,Device,NVIDIA A100-SXM4-40GB (0),1,,13,[CUDA memcpy Host-to-Device]
2218567762,6784,33343,,,,,,,,,,0.131,19320.668,Pinned,Device,NVIDIA A100-SXM4-40GB (0),1,,13,[CUDA memcpy Host-to-Device]
2218578738,5888,33344,273,1,1,8,4,1,39,0.002,0.000,,,,,NVIDIA A100-SXM4-40GB (0),1,,13,"void channel_eq::eqMmseCoefCompLowMimoKernel<float, float, float, (unsigned int)4, (unsigned int)1, (unsigned int)4>(const channel_eq::_puschRxChEqStatDescr *, channel_eq::_puschRxChEqCoefCompDynDescr)"
2218585905,4800,33345,273,1,1,12,11,1,40,0.002,0.000,,,,,NVIDIA A100-SXM4-40GB (0),1,,13,"void channel_eq::eqMmseSoftDemapKernel<float, __half, __half, float, (unsigned int)4, (unsigned short)16383>(channel_eq::_puschRxChEqStatDescr *, channel_eq::_puschRxChEqSoftDemapDynDescr)"
2218591697,281245,33346,1,1,1,32,32,1,30,0.000,0.000,,,,,NVIDIA A100-SXM4-40GB (0),1,,13,"void convert_kernel<float2, __half2>(tensor_layout_any, T1 *, tensor_layout_any, const T2 *)"
2218873998,10400,33358,2253,1,1,128,1,1,16,0.000,0.000,,,,,NVIDIA A100-SXM4-40GB (0),1,,13,cupy_copy__float16_float16
2218885454,2400,33367,282,1,1,128,1,1,16,0.000,0.000,,,,,NVIDIA A100-SXM4-40GB (0),1,,13,cupy_copy__complex64_complex64
2218888910,1760,33376,26,1,1,128,1,1,16,0.000,0.000,,,,,NVIDIA A100-SXM4-40GB (0),1,,13,cupy_copy__float32_float32
2218891854,2592,33385,103,1,1,128,1,1,16,0.000,0.000,,,,,NVIDIA A100-SXM4-40GB (0),1,,13,cupy_copy__complex64_complex64
2218895726,11231,33395,1434,1,1,128,1,1,16,0.000,0.000,,,,,NVIDIA A100-SXM4-40GB (0),1,,13,cupy_copy__complex64_complex64
2218924493,78399,33400,1,1,1,32,32,1,30,0.000,0.000,,,,,NVIDIA A100-SXM4-40GB (0),1,,13,"void convert_kernel<__half2, float2>(tensor_layout_any, T1 *, tensor_layout_any, const T2 *)"
2219030124,4160,33403,,,,,,,,,,0.061,14769.193,Pinned,Device,NVIDIA A100-SXM4-40GB (0),1,,13,[CUDA memcpy Host-to-Device]
2219041324,587512,33404,,,,,,,,,,456.520,776997.857,Device,,NVIDIA A100-SXM4-40GB (0),1,,13,[CUDA memset]
2219632388,32704,33409,,,,,,,,,,0.825,25236.543,Pinned,Device,NVIDIA A100-SXM4-40GB (0),1,,13,[CUDA memcpy Host-to-Device]
2219667652,6784,33410,,,,,,,,,,0.131,19320.668,Pinned,Device,NVIDIA A100-SXM4-40GB (0),1,,13,[CUDA memcpy Host-to-Device]
2219678820,7328,33411,69,4,1,48,1,1,76,0.002,0.000,,,,,NVIDIA A100-SXM4-40GB (0),1,,13,"void ch_est::windowedChEstPreNoDftSOfdmKernel<float, __half, float, (unsigned int)2, (unsigned int)1, (unsigned short)4>(ch_est::puschRxChEstStatDescr_t *, ch_est::puschRxChEstDynDescr_t *)"
2219687460,6240,33412,137,2,1,24,2,1,44,0.001,0.001,,,,,NVIDIA A100-SXM4-40GB (0),1,,13,"void ch_est::chEstFilterNoDftSOfdmDispatchKernel<float, __half, float, (unsigned int)2>(ch_est::puschRxChEstStatDescr_t *, ch_est::puschRxChEstDynDescr_t *)"
2219694788,4576,33413,137,2,1,24,2,1,44,0.001,0.001,,,,,NVIDIA A100-SXM4-40GB (0),1,,13,"void ch_est::chEstFilterNoDftSOfdmDispatchKernel<float, __half, float, (unsigned int)2>(ch_est::puschRxChEstStatDescr_t *, ch_est::puschRxChEstDynDescr_t *)"
2219700644,2143,33424,103,1,1,128,1,1,16,0.000,0.000,,,,,NVIDIA A100-SXM4-40GB (0),1,,13,cupy_copy__complex64_complex64
2219703811,12576,33434,1434,1,1,128,1,1,16,0.000,0.000,,,,,NVIDIA A100-SXM4-40GB (0),1,,13,cupy_copy__complex64_complex64
2219717571,2144,33441,103,1,1,128,1,1,16,0.000,0.000,,,,,NVIDIA A100-SXM4-40GB (0),1,,13,cupy_copy__complex64_complex64
2219720771,79103,33448,1,1,1,32,32,1,30,0.000,0.000,,,,,NVIDIA A100-SXM4-40GB (0),1,,13,"void convert_kernel<__half2, float2>(tensor_layout_any, T1 *, tensor_layout_any, const T2 *)"
2219827298,4288,33451,,,,,,,,,,0.061,14328.300,Pinned,Device,NVIDIA A100-SXM4-40GB (0),1,,13,[CUDA memcpy Host-to-Device]
2219839202,44511,33452,,,,,,,,,,35.801,804304.367,Device,,NVIDIA A100-SXM4-40GB (0),1,,13,[CUDA memset]
2219890817,1856,33454,,,,,,,,,,0.000,43.103,Pinned,Device,NVIDIA A100-SXM4-40GB (0),1,,13,[CUDA memcpy Host-to-Device]
2219894785,6784,33455,,,,,,,,,,0.131,19320.668,Pinned,Device,NVIDIA A100-SXM4-40GB (0),1,,13,[CUDA memcpy Host-to-Device]
2219907201,8800,33456,273,1,1,48,1,1,40,0.000,0.001,,,,,NVIDIA A100-SXM4-40GB (0),1,,13,"void pusch_noise_intf_est::noiseIntfEstNoDftSOfdmKernel<float, __half, float, float, (unsigned int)2, (unsigned int)1, (unsigned char)4, (unsigned char)4>(pusch_noise_intf_est::puschRxNoiseIntfEstDynDescr)"
2219917025,2560,33467,35,1,1,128,1,1,16,0.000,0.000,,,,,NVIDIA A100-SXM4-40GB (0),1,,13,cupy_copy__complex64_complex64
2219943296,1536,33476,1,1,1,1,1,1,18,0.000,0.000,,,,,NVIDIA A100-SXM4-40GB (0),1,,13,cupy_copy__float32_float32
2219975776,1952,33482,,,,,,,,,,0.000,2.049,Device,Pageable,NVIDIA A100-SXM4-40GB (0),1,,7,[CUDA memcpy Device-to-Host]
2220035871,13248,33493,1434,1,1,128,1,1,16,0.000,0.000,,,,,NVIDIA A100-SXM4-40GB (0),1,,13,cupy_copy__complex64_complex64
2220062303,2336,33500,103,1,1,128,1,1,16,0.000,0.000,,,,,NVIDIA A100-SXM4-40GB (0),1,,13,cupy_copy__complex64_complex64
2220082175,1984,33507,35,1,1,128,1,1,16,0.000,0.000,,,,,NVIDIA A100-SXM4-40GB (0),1,,13,cupy_copy__complex64_complex64
2220101119,1503,33514,1,1,1,1,1,1,18,0.000,0.000,,,,,NVIDIA A100-SXM4-40GB (0),1,,13,cupy_copy__float32_float32
2220232349,78271,33525,1,1,1,32,32,1,30,0.000,0.000,,,,,NVIDIA A100-SXM4-40GB (0),1,,13,"void convert_kernel<__half2, float2>(tensor_layout_any, T1 *, tensor_layout_any, const T2 *)"
2220478554,4224,33528,,,,,,,,,,0.061,14545.428,Pinned,Device,NVIDIA A100-SXM4-40GB (0),1,,13,[CUDA memcpy Host-to-Device]
2220487866,2560,33529,,,,,,,,,,1.547,604150.000,Device,,NVIDIA A100-SXM4-40GB (0),1,,13,[CUDA memset]
2220491578,3168,33534,,,,,,,,,,0.021,6646.453,Pinned,Device,NVIDIA A100-SXM4-40GB (0),1,,13,[CUDA memcpy Host-to-Device]
2220496858,6751,33535,,,,,,,,,,0.131,19415.171,Pinned,Device,NVIDIA A100-SXM4-40GB (0),1,,13,[CUDA memcpy Host-to-Device]
2220514841,5984,33536,273,1,1,8,4,1,39,0.002,0.000,,,,,NVIDIA A100-SXM4-40GB (0),1,,13,"void channel_eq::eqMmseCoefCompLowMimoKernel<float, float, float, (unsigned int)4, (unsigned int)1, (unsigned int)4>(const channel_eq::_puschRxChEqStatDescr *, channel_eq::_puschRxChEqCoefCompDynDescr)"
2220522041,4832,33537,273,1,1,12,11,1,40,0.002,0.000,,,,,NVIDIA A100-SXM4-40GB (0),1,,13,"void channel_eq::eqMmseSoftDemapKernel<float, __half, __half, float, (unsigned int)4, (unsigned short)16383>(channel_eq::_puschRxChEqStatDescr *, channel_eq::_puschRxChEqSoftDemapDynDescr)"
2220528153,281789,33538,1,1,1,32,32,1,30,0.000,0.000,,,,,NVIDIA A100-SXM4-40GB (0),1,,13,"void convert_kernel<float2, __half2>(tensor_layout_any, T1 *, tensor_layout_any, const T2 *)"
2220810998,10271,33550,2253,1,1,128,1,1,16,0.000,0.000,,,,,NVIDIA A100-SXM4-40GB (0),1,,13,cupy_copy__float16_float16
2220822293,2400,33559,282,1,1,128,1,1,16,0.000,0.000,,,,,NVIDIA A100-SXM4-40GB (0),1,,13,cupy_copy__complex64_complex64
2220825781,1792,33568,26,1,1,128,1,1,16,0.000,0.000,,,,,NVIDIA A100-SXM4-40GB (0),1,,13,cupy_copy__float32_float32
2220828789,2496,33577,103,1,1,128,1,1,16,0.000,0.000,,,,,NVIDIA A100-SXM4-40GB (0),1,,13,cupy_copy__complex64_complex64
2220832565,11104,33587,1434,1,1,128,1,1,16,0.000,0.000,,,,,NVIDIA A100-SXM4-40GB (0),1,,13,cupy_copy__complex64_complex64
2221108018,78623,33592,1,1,1,32,32,1,30,0.000,0.000,,,,,NVIDIA A100-SXM4-40GB (0),1,,13,"void convert_kernel<__half2, float2>(tensor_layout_any, T1 *, tensor_layout_any, const T2 *)"
2221217265,4127,33595,,,,,,,,,,0.061,14887.281,Pinned,Device,NVIDIA A100-SXM4-40GB (0),1,,13,[CUDA memcpy Host-to-Device]
2221228592,588313,33596,,,,,,,,,,456.520,775628.296,Device,,NVIDIA A100-SXM4-40GB (0),1,,13,[CUDA memset]
2221819625,32704,33601,,,,,,,,,,0.825,25236.543,Pinned,Device,NVIDIA A100-SXM4-40GB (0),1,,13,[CUDA memcpy Host-to-Device]
2221854441,7007,33602,,,,,,,,,,0.131,18705.809,Pinned,Device,NVIDIA A100-SXM4-40GB (0),1,,13,[CUDA memcpy Host-to-Device]
2221872616,7168,33603,69,4,1,48,1,1,76,0.002,0.000,,,,,NVIDIA A100-SXM4-40GB (0),1,,13,"void ch_est::windowedChEstPreNoDftSOfdmKernel<float, __half, float, (unsigned int)2, (unsigned int)1, (unsigned short)4>(ch_est::puschRxChEstStatDescr_t *, ch_est::puschRxChEstDynDescr_t *)"
2221880872,6464,33604,137,2,1,24,2,1,44,0.001,0.001,,,,,NVIDIA A100-SXM4-40GB (0),1,,13,"void ch_est::chEstFilterNoDftSOfdmDispatchKernel<float, __half, float, (unsigned int)2>(ch_est::puschRxChEstStatDescr_t *, ch_est::puschRxChEstDynDescr_t *)"
2221888392,4608,33605,137,2,1,24,2,1,44,0.001,0.001,,,,,NVIDIA A100-SXM4-40GB (0),1,,13,"void ch_est::chEstFilterNoDftSOfdmDispatchKernel<float, __half, float, (unsigned int)2>(ch_est::puschRxChEstStatDescr_t *, ch_est::puschRxChEstDynDescr_t *)"
2221894280,2176,33616,103,1,1,128,1,1,16,0.000,0.000,,,,,NVIDIA A100-SXM4-40GB (0),1,,13,cupy_copy__complex64_complex64
2221897448,12416,33626,1434,1,1,128,1,1,16,0.000,0.000,,,,,NVIDIA A100-SXM4-40GB (0),1,,13,cupy_copy__complex64_complex64
2221911080,2112,33633,103,1,1,128,1,1,16,0.000,0.000,,,,,NVIDIA A100-SXM4-40GB (0),1,,13,cupy_copy__complex64_complex64
2221914408,78399,33640,1,1,1,32,32,1,30,0.000,0.000,,,,,NVIDIA A100-SXM4-40GB (0),1,,13,"void convert_kernel<__half2, float2>(tensor_layout_any, T1 *, tensor_layout_any, const T2 *)"
2222156677,4192,33643,,,,,,,,,,0.061,14656.451,Pinned,Device,NVIDIA A100-SXM4-40GB (0),1,,13,[CUDA memcpy Host-to-Device]
2222167525,45695,33644,,,,,,,,,,35.801,783468.209,Device,,NVIDIA A100-SXM4-40GB (0),1,,13,[CUDA memset]
2222220388,1856,33646,,,,,,,,,,0.000,43.103,Pinned,Device,NVIDIA A100-SXM4-40GB (0),1,,13,[CUDA memcpy Host-to-Device]
2222224356,6784,33647,,,,,,,,,,0.131,19320.668,Pinned,Device,NVIDIA A100-SXM4-40GB (0),1,,13,[CUDA memcpy Host-to-Device]
2222235204,9120,33648,273,1,1,48,1,1,40,0.000,0.001,,,,,NVIDIA A100-SXM4-40GB (0),1,,13,"void pusch_noise_intf_est::noiseIntfEstNoDftSOfdmKernel<float, __half, float, float, (unsigned int)2, (unsigned int)1, (unsigned char)4, (unsigned char)4>(pusch_noise_intf_est::puschRxNoiseIntfEstDynDescr)"
2222245508,2560,33659,35,1,1,128,1,1,16,0.000,0.000,,,,,NVIDIA A100-SXM4-40GB (0),1,,13,cupy_copy__complex64_complex64
2222262755,1536,33668,1,1,1,1,1,1,18,0.000,0.000,,,,,NVIDIA A100-SXM4-40GB (0),1,,13,cupy_copy__float32_float32
2222299043,1728,33674,,,,,,,,,,0.000,2.315,Device,Pageable,NVIDIA A100-SXM4-40GB (0),1,,7,[CUDA memcpy Device-to-Host]
2222357058,13280,33685,1434,1,1,128,1,1,16,0.000,0.000,,,,,NVIDIA A100-SXM4-40GB (0),1,,13,cupy_copy__complex64_complex64
2222383650,2368,33692,103,1,1,128,1,1,16,0.000,0.000,,,,,NVIDIA A100-SXM4-40GB (0),1,,13,cupy_copy__complex64_complex64
2222404066,2016,33699,35,1,1,128,1,1,16,0.000,0.000,,,,,NVIDIA A100-SXM4-40GB (0),1,,13,cupy_copy__complex64_complex64
2222421761,1472,33706,1,1,1,1,1,1,18,0.000,0.000,,,,,NVIDIA A100-SXM4-40GB (0),1,,13,cupy_copy__float32_float32
2222795453,78847,33717,1,1,1,32,32,1,30,0.000,0.000,,,,,NVIDIA A100-SXM4-40GB (0),1,,13,"void convert_kernel<__half2, float2>(tensor_layout_any, T1 *, tensor_layout_any, const T2 *)"
2222906203,4160,33720,,,,,,,,,,0.061,14769.193,Pinned,Device,NVIDIA A100-SXM4-40GB (0),1,,13,[CUDA memcpy Host-to-Device]
2222920699,2528,33721,,,,,,,,,,1.547,611796.509,Device,,NVIDIA A100-SXM4-40GB (0),1,,13,[CUDA memset]
2222926843,2720,33726,,,,,,,,,,0.021,7741.175,Pinned,Device,NVIDIA A100-SXM4-40GB (0),1,,13,[CUDA memcpy Host-to-Device]
2222932059,6816,33727,,,,,,,,,,0.131,19229.966,Pinned,Device,NVIDIA A100-SXM4-40GB (0),1,,13,[CUDA memcpy Host-to-Device]
2222943547,5952,33728,273,1,1,8,4,1,39,0.002,0.000,,,,,NVIDIA A100-SXM4-40GB (0),1,,13,"void channel_eq::eqMmseCoefCompLowMimoKernel<float, float, float, (unsigned int)4, (unsigned int)1, (unsigned int)4>(const channel_eq::_puschRxChEqStatDescr *, channel_eq::_puschRxChEqCoefCompDynDescr)"
2222950811,4896,33729,273,1,1,12,11,1,40,0.002,0.000,,,,,NVIDIA A100-SXM4-40GB (0),1,,13,"void channel_eq::eqMmseSoftDemapKernel<float, __half, __half, float, (unsigned int)4, (unsigned short)16383>(channel_eq::_puschRxChEqStatDescr *, channel_eq::_puschRxChEqSoftDemapDynDescr)"
2222956955,281756,33730,1,1,1,32,32,1,30,0.000,0.000,,,,,NVIDIA A100-SXM4-40GB (0),1,,13,"void convert_kernel<float2, __half2>(tensor_layout_any, T1 *, tensor_layout_any, const T2 *)"
2223239735,10208,33742,2253,1,1,128,1,1,16,0.000,0.000,,,,,NVIDIA A100-SXM4-40GB (0),1,,13,cupy_copy__float16_float16
2223251223,2400,33751,282,1,1,128,1,1,16,0.000,0.000,,,,,NVIDIA A100-SXM4-40GB (0),1,,13,cupy_copy__complex64_complex64
2223254871,1760,33760,26,1,1,128,1,1,16,0.000,0.000,,,,,NVIDIA A100-SXM4-40GB (0),1,,13,cupy_copy__float32_float32
2223257847,2560,33769,103,1,1,128,1,1,16,0.000,0.000,,,,,NVIDIA A100-SXM4-40GB (0),1,,13,cupy_copy__complex64_complex64
2223261623,11232,33779,1434,1,1,128,1,1,16,0.000,0.000,,,,,NVIDIA A100-SXM4-40GB (0),1,,13,cupy_copy__complex64_complex64
2223299958,77695,33784,1,1,1,32,32,1,30,0.000,0.000,,,,,NVIDIA A100-SXM4-40GB (0),1,,13,"void convert_kernel<__half2, float2>(tensor_layout_any, T1 *, tensor_layout_any, const T2 *)"
2223404853,4192,33787,,,,,,,,,,0.061,14656.451,Pinned,Device,NVIDIA A100-SXM4-40GB (0),1,,13,[CUDA memcpy Host-to-Device]
2223416309,588089,33788,,,,,,,,,,456.520,776084.816,Device,,NVIDIA A100-SXM4-40GB (0),1,,13,[CUDA memset]
2224007886,32671,33793,,,,,,,,,,0.825,25262.129,Pinned,Device,NVIDIA A100-SXM4-40GB (0),1,,13,[CUDA memcpy Host-to-Device]
2224044141,6752,33794,,,,,,,,,,0.131,19412.287,Pinned,Device,NVIDIA A100-SXM4-40GB (0),1,,13,[CUDA memcpy Host-to-Device]
2224054637,7200,33795,69,4,1,48,1,1,76,0.002,0.000,,,,,NVIDIA A100-SXM4-40GB (0),1,,13,"void ch_est::windowedChEstPreNoDftSOfdmKernel<float, __half, float, (unsigned int)2, (unsigned int)1, (unsigned short)4>(ch_est::puschRxChEstStatDescr_t *, ch_est::puschRxChEstDynDescr_t *)"
2224062893,6464,33796,137,2,1,24,2,1,44,0.001,0.001,,,,,NVIDIA A100-SXM4-40GB (0),1,,13,"void ch_est::chEstFilterNoDftSOfdmDispatchKernel<float, __half, float, (unsigned int)2>(ch_est::puschRxChEstStatDescr_t *, ch_est::puschRxChEstDynDescr_t *)"
2224070573,4544,33797,137,2,1,24,2,1,44,0.001,0.001,,,,,NVIDIA A100-SXM4-40GB (0),1,,13,"void ch_est::chEstFilterNoDftSOfdmDispatchKernel<float, __half, float, (unsigned int)2>(ch_est::puschRxChEstStatDescr_t *, ch_est::puschRxChEstDynDescr_t *)"
2224076205,2176,33808,103,1,1,128,1,1,16,0.000,0.000,,,,,NVIDIA A100-SXM4-40GB (0),1,,13,cupy_copy__complex64_complex64
2224079373,12928,33818,1434,1,1,128,1,1,16,0.000,0.000,,,,,NVIDIA A100-SXM4-40GB (0),1,,13,cupy_copy__complex64_complex64
2224093356,2112,33825,103,1,1,128,1,1,16,0.000,0.000,,,,,NVIDIA A100-SXM4-40GB (0),1,,13,cupy_copy__complex64_complex64
2224096556,78175,33832,1,1,1,32,32,1,30,0.000,0.000,,,,,NVIDIA A100-SXM4-40GB (0),1,,13,"void convert_kernel<__half2, float2>(tensor_layout_any, T1 *, tensor_layout_any, const T2 *)"
2224202315,4160,33835,,,,,,,,,,0.061,14769.193,Pinned,Device,NVIDIA A100-SXM4-40GB (0),1,,13,[CUDA memcpy Host-to-Device]
2224214795,44639,33836,,,,,,,,,,35.801,801977.305,Device,,NVIDIA A100-SXM4-40GB (0),1,,13,[CUDA memset]
2224267338,1856,33838,,,,,,,,,,0.000,43.103,Pinned,Device,NVIDIA A100-SXM4-40GB (0),1,,13,[CUDA memcpy Host-to-Device]
2224272266,6912,33839,,,,,,,,,,0.131,18962.842,Pinned,Device,NVIDIA A100-SXM4-40GB (0),1,,13,[CUDA memcpy Host-to-Device]
2224283882,8832,33840,273,1,1,48,1,1,40,0.000,0.001,,,,,NVIDIA A100-SXM4-40GB (0),1,,13,"void pusch_noise_intf_est::noiseIntfEstNoDftSOfdmKernel<float, __half, float, float, (unsigned int)2, (unsigned int)1, (unsigned char)4, (unsigned char)4>(pusch_noise_intf_est::puschRxNoiseIntfEstDynDescr)"
2224293898,2656,33851,35,1,1,128,1,1,16,0.000,0.000,,,,,NVIDIA A100-SXM4-40GB (0),1,,13,cupy_copy__complex64_complex64
2224323722,1536,33860,1,1,1,1,1,1,18,0.000,0.000,,,,,NVIDIA A100-SXM4-40GB (0),1,,13,cupy_copy__float32_float32
2224356841,1696,33866,,,,,,,,,,0.000,2.358,Device,Pageable,NVIDIA A100-SXM4-40GB (0),1,,7,[CUDA memcpy Device-to-Host]
2224415400,13536,33877,1434,1,1,128,1,1,16,0.000,0.000,,,,,NVIDIA A100-SXM4-40GB (0),1,,13,cupy_copy__complex64_complex64
2224442440,2336,33884,103,1,1,128,1,1,16,0.000,0.000,,,,,NVIDIA A100-SXM4-40GB (0),1,,13,cupy_copy__complex64_complex64
2224463304,1984,33891,35,1,1,128,1,1,16,0.000,0.000,,,,,NVIDIA A100-SXM4-40GB (0),1,,13,cupy_copy__complex64_complex64
2224482344,1472,33898,1,1,1,1,1,1,18,0.000,0.000,,,,,NVIDIA A100-SXM4-40GB (0),1,,13,cupy_copy__float32_float32
2224613062,78655,33909,1,1,1,32,32,1,30,0.000,0.000,,,,,NVIDIA A100-SXM4-40GB (0),1,,13,"void convert_kernel<__half2, float2>(tensor_layout_any, T1 *, tensor_layout_any, const T2 *)"
2224719717,4128,33912,,,,,,,,,,0.061,14883.717,Pinned,Device,NVIDIA A100-SXM4-40GB (0),1,,13,[CUDA memcpy Host-to-Device]
2224733444,2528,33913,,,,,,,,,,1.547,611796.509,Device,,NVIDIA A100-SXM4-40GB (0),1,,13,[CUDA memset]
2224739460,2752,33918,,,,,,,,,,0.021,7651.161,Pinned,Device,NVIDIA A100-SXM4-40GB (0),1,,13,[CUDA memcpy Host-to-Device]
2224745220,6784,33919,,,,,,,,,,0.131,19320.668,Pinned,Device,NVIDIA A100-SXM4-40GB (0),1,,13,[CUDA memcpy Host-to-Device]
2224755876,5920,33920,273,1,1,8,4,1,39,0.002,0.000,,,,,NVIDIA A100-SXM4-40GB (0),1,,13,"void channel_eq::eqMmseCoefCompLowMimoKernel<float, float, float, (unsigned int)4, (unsigned int)1, (unsigned int)4>(const channel_eq::_puschRxChEqStatDescr *, channel_eq::_puschRxChEqCoefCompDynDescr)"
2224763076,4864,33921,273,1,1,12,11,1,40,0.002,0.000,,,,,NVIDIA A100-SXM4-40GB (0),1,,13,"void channel_eq::eqMmseSoftDemapKernel<float, __half, __half, float, (unsigned int)4, (unsigned short)16383>(channel_eq::_puschRxChEqStatDescr *, channel_eq::_puschRxChEqSoftDemapDynDescr)"
2224768964,281309,33922,1,1,1,32,32,1,30,0.000,0.000,,,,,NVIDIA A100-SXM4-40GB (0),1,,13,"void convert_kernel<float2, __half2>(tensor_layout_any, T1 *, tensor_layout_any, const T2 *)"
2225051360,10528,33934,2253,1,1,128,1,1,16,0.000,0.000,,,,,NVIDIA A100-SXM4-40GB (0),1,,13,cupy_copy__float16_float16
2225063168,2368,33943,282,1,1,128,1,1,16,0.000,0.000,,,,,NVIDIA A100-SXM4-40GB (0),1,,13,cupy_copy__complex64_complex64
2225066624,1760,33952,26,1,1,128,1,1,16,0.000,0.000,,,,,NVIDIA A100-SXM4-40GB (0),1,,13,cupy_copy__float32_float32
2225069408,2528,33961,103,1,1,128,1,1,16,0.000,0.000,,,,,NVIDIA A100-SXM4-40GB (0),1,,13,cupy_copy__complex64_complex64
2225073152,11328,33971,1434,1,1,128,1,1,16,0.000,0.000,,,,,NVIDIA A100-SXM4-40GB (0),1,,13,cupy_copy__complex64_complex64
2225115360,77823,33976,1,1,1,32,32,1,30,0.000,0.000,,,,,NVIDIA A100-SXM4-40GB (0),1,,13,"void convert_kernel<__half2, float2>(tensor_layout_any, T1 *, tensor_layout_any, const T2 *)"
2225220350,4768,33979,,,,,,,,,,0.061,12885.873,Pinned,Device,NVIDIA A100-SXM4-40GB (0),1,,13,[CUDA memcpy Host-to-Device]
2225231230,588985,33980,,,,,,,,,,456.520,774715.255,Device,,NVIDIA A100-SXM4-40GB (0),1,,13,[CUDA memset]
2225823415,32735,33985,,,,,,,,,,0.825,25212.609,Pinned,Device,NVIDIA A100-SXM4-40GB (0),1,,13,[CUDA memcpy Host-to-Device]
2225858262,6752,33986,,,,,,,,,,0.131,19412.287,Pinned,Device,NVIDIA A100-SXM4-40GB (0),1,,13,[CUDA memcpy Host-to-Device]
2225875382,7104,33987,69,4,1,48,1,1,76,0.002,0.000,,,,,NVIDIA A100-SXM4-40GB (0),1,,13,"void ch_est::windowedChEstPreNoDftSOfdmKernel<float, __half, float, (unsigned int)2, (unsigned int)1, (unsigned short)4>(ch_est::puschRxChEstStatDescr_t *, ch_est::puschRxChEstDynDescr_t *)"
2225883702,6240,33988,137,2,1,24,2,1,44,0.001,0.001,,,,,NVIDIA A100-SXM4-40GB (0),1,,13,"void ch_est::chEstFilterNoDftSOfdmDispatchKernel<float, __half, float, (unsigned int)2>(ch_est::puschRxChEstStatDescr_t *, ch_est::puschRxChEstDynDescr_t *)"
2225891030,4576,33989,137,2,1,24,2,1,44,0.001,0.001,,,,,NVIDIA A100-SXM4-40GB (0),1,,13,"void ch_est::chEstFilterNoDftSOfdmDispatchKernel<float, __half, float, (unsigned int)2>(ch_est::puschRxChEstStatDescr_t *, ch_est::puschRxChEstDynDescr_t *)"
2225896886,2176,34000,103,1,1,128,1,1,16,0.000,0.000,,,,,NVIDIA A100-SXM4-40GB (0),1,,13,cupy_copy__complex64_complex64
2225900342,12768,34010,1434,1,1,128,1,1,16,0.000,0.000,,,,,NVIDIA A100-SXM4-40GB (0),1,,13,cupy_copy__complex64_complex64
2225914422,2144,34017,103,1,1,128,1,1,16,0.000,0.000,,,,,NVIDIA A100-SXM4-40GB (0),1,,13,cupy_copy__complex64_complex64
2225917622,78143,34024,1,1,1,32,32,1,30,0.000,0.000,,,,,NVIDIA A100-SXM4-40GB (0),1,,13,"void convert_kernel<__half2, float2>(tensor_layout_any, T1 *, tensor_layout_any, const T2 *)"
2226160531,4192,34027,,,,,,,,,,0.061,14656.451,Pinned,Device,NVIDIA A100-SXM4-40GB (0),1,,13,[CUDA memcpy Host-to-Device]
2226168818,46496,34028,,,,,,,,,,35.801,769971.247,Device,,NVIDIA A100-SXM4-40GB (0),1,,13,[CUDA memset]
2226218642,1984,34030,,,,,,,,,,0.000,40.323,Pinned,Device,NVIDIA A100-SXM4-40GB (0),1,,13,[CUDA memcpy Host-to-Device]
2226223666,6784,34031,,,,,,,,,,0.131,19320.668,Pinned,Device,NVIDIA A100-SXM4-40GB (0),1,,13,[CUDA memcpy Host-to-Device]
2226234930,9056,34032,273,1,1,48,1,1,40,0.000,0.001,,,,,NVIDIA A100-SXM4-40GB (0),1,,13,"void pusch_noise_intf_est::noiseIntfEstNoDftSOfdmKernel<float, __half, float, float, (unsigned int)2, (unsigned int)1, (unsigned char)4, (unsigned char)4>(pusch_noise_intf_est::puschRxNoiseIntfEstDynDescr)"
2226245042,2560,34043,35,1,1,128,1,1,16,0.000,0.000,,,,,NVIDIA A100-SXM4-40GB (0),1,,13,cupy_copy__complex64_complex64
2226271665,1504,34052,1,1,1,1,1,1,18,0.000,0.000,,,,,NVIDIA A100-SXM4-40GB (0),1,,13,cupy_copy__float32_float32
2226304721,1728,34058,,,,,,,,,,0.000,2.315,Device,Pageable,NVIDIA A100-SXM4-40GB (0),1,,7,[CUDA memcpy Device-to-Host]
2226362480,13440,34069,1434,1,1,128,1,1,16,0.000,0.000,,,,,NVIDIA A100-SXM4-40GB (0),1,,13,cupy_copy__complex64_complex64
2226388528,2400,34076,103,1,1,128,1,1,16,0.000,0.000,,,,,NVIDIA A100-SXM4-40GB (0),1,,13,cupy_copy__complex64_complex64
2226409103,2016,34083,35,1,1,128,1,1,16,0.000,0.000,,,,,NVIDIA A100-SXM4-40GB (0),1,,13,cupy_copy__complex64_complex64
2226426927,1472,34090,1,1,1,1,1,1,18,0.000,0.000,,,,,NVIDIA A100-SXM4-40GB (0),1,,13,cupy_copy__float32_float32
2226751403,78495,34101,1,1,1,32,32,1,30,0.000,0.000,,,,,NVIDIA A100-SXM4-40GB (0),1,,13,"void convert_kernel<__half2, float2>(tensor_layout_any, T1 *, tensor_layout_any, const T2 *)"
2226861610,4160,34104,,,,,,,,,,0.061,14769.193,Pinned,Device,NVIDIA A100-SXM4-40GB (0),1,,13,[CUDA memcpy Host-to-Device]
2226876906,2528,34105,,,,,,,,,,1.547,611796.509,Device,,NVIDIA A100-SXM4-40GB (0),1,,13,[CUDA memset]
2226882922,2816,34110,,,,,,,,,,0.021,7477.259,Pinned,Device,NVIDIA A100-SXM4-40GB (0),1,,13,[CUDA memcpy Host-to-Device]
2226887849,7328,34111,,,,,,,,,,0.131,17886.347,Pinned,Device,NVIDIA A100-SXM4-40GB (0),1,,13,[CUDA memcpy Host-to-Device]
2226899177,6048,34112,273,1,1,8,4,1,39,0.002,0.000,,,,,NVIDIA A100-SXM4-40GB (0),1,,13,"void channel_eq::eqMmseCoefCompLowMimoKernel<float, float, float, (unsigned int)4, (unsigned int)1, (unsigned int)4>(const channel_eq::_puschRxChEqStatDescr *, channel_eq::_puschRxChEqCoefCompDynDescr)"
2226906281,4864,34113,273,1,1,12,11,1,40,0.002,0.000,,,,,NVIDIA A100-SXM4-40GB (0),1,,13,"void channel_eq::eqMmseSoftDemapKernel<float, __half, __half, float, (unsigned int)4, (unsigned short)16383>(channel_eq::_puschRxChEqStatDescr *, channel_eq::_puschRxChEqSoftDemapDynDescr)"
2226912393,281533,34114,1,1,1,32,32,1,30,0.000,0.000,,,,,NVIDIA A100-SXM4-40GB (0),1,,13,"void convert_kernel<float2, __half2>(tensor_layout_any, T1 *, tensor_layout_any, const T2 *)"
2227194918,10528,34126,2253,1,1,128,1,1,16,0.000,0.000,,,,,NVIDIA A100-SXM4-40GB (0),1,,13,cupy_copy__float16_float16
2227206693,2400,34135,282,1,1,128,1,1,16,0.000,0.000,,,,,NVIDIA A100-SXM4-40GB (0),1,,13,cupy_copy__complex64_complex64
2227210181,1760,34144,26,1,1,128,1,1,16,0.000,0.000,,,,,NVIDIA A100-SXM4-40GB (0),1,,13,cupy_copy__float32_float32
2227213189,2528,34153,103,1,1,128,1,1,16,0.000,0.000,,,,,NVIDIA A100-SXM4-40GB (0),1,,13,cupy_copy__complex64_complex64
2227217061,11392,34163,1434,1,1,128,1,1,16,0.000,0.000,,,,,NVIDIA A100-SXM4-40GB (0),1,,13,cupy_copy__complex64_complex64
2227256677,78335,34168,1,1,1,32,32,1,30,0.000,0.000,,,,,NVIDIA A100-SXM4-40GB (0),1,,13,"void convert_kernel<__half2, float2>(tensor_layout_any, T1 *, tensor_layout_any, const T2 *)"
2227493698,4160,34171,,,,,,,,,,0.061,14769.193,Pinned,Device,NVIDIA A100-SXM4-40GB (0),1,,13,[CUDA memcpy Host-to-Device]
2227501730,590648,34172,,,,,,,,,,456.520,772889.173,Device,,NVIDIA A100-SXM4-40GB (0),1,,13,[CUDA memset]
2228101018,32896,34177,,,,,,,,,,0.825,25088.807,Pinned,Device,NVIDIA A100-SXM4-40GB (0),1,,13,[CUDA memcpy Host-to-Device]
2228136026,6720,34178,,,,,,,,,,0.131,19504.693,Pinned,Device,NVIDIA A100-SXM4-40GB (0),1,,13,[CUDA memcpy Host-to-Device]
2228153754,7904,34179,69,4,1,48,1,1,76,0.002,0.000,,,,,NVIDIA A100-SXM4-40GB (0),1,,13,"void ch_est::windowedChEstPreNoDftSOfdmKernel<float, __half, float, (unsigned int)2, (unsigned int)1, (unsigned short)4>(ch_est::puschRxChEstStatDescr_t *, ch_est::puschRxChEstDynDescr_t *)"
2228162682,6495,34180,137,2,1,24,2,1,44,0.001,0.001,,,,,NVIDIA A100-SXM4-40GB (0),1,,13,"void ch_est::chEstFilterNoDftSOfdmDispatchKernel<float, __half, float, (unsigned int)2>(ch_est::puschRxChEstStatDescr_t *, ch_est::puschRxChEstDynDescr_t *)"
2228170393,4576,34181,137,2,1,24,2,1,44,0.001,0.001,,,,,NVIDIA A100-SXM4-40GB (0),1,,13,"void ch_est::chEstFilterNoDftSOfdmDispatchKernel<float, __half, float, (unsigned int)2>(ch_est::puschRxChEstStatDescr_t *, ch_est::puschRxChEstDynDescr_t *)"
2228176249,2144,34192,103,1,1,128,1,1,16,0.000,0.000,,,,,NVIDIA A100-SXM4-40GB (0),1,,13,cupy_copy__complex64_complex64
2228179417,12736,34202,1434,1,1,128,1,1,16,0.000,0.000,,,,,NVIDIA A100-SXM4-40GB (0),1,,13,cupy_copy__complex64_complex64
2228193177,2144,34209,103,1,1,128,1,1,16,0.000,0.000,,,,,NVIDIA A100-SXM4-40GB (0),1,,13,cupy_copy__complex64_complex64
2228196377,78623,34216,1,1,1,32,32,1,30,0.000,0.000,,,,,NVIDIA A100-SXM4-40GB (0),1,,13,"void convert_kernel<__half2, float2>(tensor_layout_any, T1 *, tensor_layout_any, const T2 *)"
2228305336,4704,34219,,,,,,,,,,0.061,13061.222,Pinned,Device,NVIDIA A100-SXM4-40GB (0),1,,13,[CUDA memcpy Host-to-Device]
2228318072,44991,34220,,,,,,,,,,35.801,795712.137,Device,,NVIDIA A100-SXM4-40GB (0),1,,13,[CUDA memset]
2228364247,1856,34222,,,,,,,,,,0.000,43.103,Pinned,Device,NVIDIA A100-SXM4-40GB (0),1,,13,[CUDA memcpy Host-to-Device]
2228368919,6752,34223,,,,,,,,,,0.131,19412.287,Pinned,Device,NVIDIA A100-SXM4-40GB (0),1,,13,[CUDA memcpy Host-to-Device]
2228379639,8320,34224,273,1,1,48,1,1,40,0.000,0.001,,,,,NVIDIA A100-SXM4-40GB (0),1,,13,"void pusch_noise_intf_est::noiseIntfEstNoDftSOfdmKernel<float, __half, float, float, (unsigned int)2, (unsigned int)1, (unsigned char)4, (unsigned char)4>(pusch_noise_intf_est::puschRxNoiseIntfEstDynDescr)"
2228395703,2656,34235,35,1,1,128,1,1,16,0.000,0.000,,,,,NVIDIA A100-SXM4-40GB (0),1,,13,cupy_copy__complex64_complex64
2228431254,1504,34244,1,1,1,1,1,1,18,0.000,0.000,,,,,NVIDIA A100-SXM4-40GB (0),1,,13,cupy_copy__float32_float32
2228468086,2240,34250,,,,,,,,,,0.000,1.786,Device,Pageable,NVIDIA A100-SXM4-40GB (0),1,,7,[CUDA memcpy Device-to-Host]
2228529109,13312,34261,1434,1,1,128,1,1,16,0.000,0.000,,,,,NVIDIA A100-SXM4-40GB (0),1,,13,cupy_copy__complex64_complex64
2228554069,2368,34268,103,1,1,128,1,1,16,0.000,0.000,,,,,NVIDIA A100-SXM4-40GB (0),1,,13,cupy_copy__complex64_complex64
2228574228,1984,34275,35,1,1,128,1,1,16,0.000,0.000,,,,,NVIDIA A100-SXM4-40GB (0),1,,13,cupy_copy__complex64_complex64
2228592564,1504,34282,1,1,1,1,1,1,18,0.000,0.000,,,,,NVIDIA A100-SXM4-40GB (0),1,,13,cupy_copy__float32_float32
2228725074,78527,34293,1,1,1,32,32,1,30,0.000,0.000,,,,,NVIDIA A100-SXM4-40GB (0),1,,13,"void convert_kernel<__half2, float2>(tensor_layout_any, T1 *, tensor_layout_any, const T2 *)"
2228832369,4160,34296,,,,,,,,,,0.061,14769.193,Pinned,Device,NVIDIA A100-SXM4-40GB (0),1,,13,[CUDA memcpy Host-to-Device]
2228846833,2560,34297,,,,,,,,,,1.547,604150.000,Device,,NVIDIA A100-SXM4-40GB (0),1,,13,[CUDA memset]
2228852849,2720,34302,,,,,,,,,,0.021,7741.175,Pinned,Device,NVIDIA A100-SXM4-40GB (0),1,,13,[CUDA memcpy Host-to-Device]
2228857713,6784,34303,,,,,,,,,,0.131,19320.668,Pinned,Device,NVIDIA A100-SXM4-40GB (0),1,,13,[CUDA memcpy Host-to-Device]
2228869329,5920,34304,273,1,1,8,4,1,39,0.002,0.000,,,,,NVIDIA A100-SXM4-40GB (0),1,,13,"void channel_eq::eqMmseCoefCompLowMimoKernel<float, float, float, (unsigned int)4, (unsigned int)1, (unsigned int)4>(const channel_eq::_puschRxChEqStatDescr *, channel_eq::_puschRxChEqCoefCompDynDescr)"
2228876273,4800,34305,273,1,1,12,11,1,40,0.002,0.000,,,,,NVIDIA A100-SXM4-40GB (0),1,,13,"void channel_eq::eqMmseSoftDemapKernel<float, __half, __half, float, (unsigned int)4, (unsigned short)16383>(channel_eq::_puschRxChEqStatDescr *, channel_eq::_puschRxChEqSoftDemapDynDescr)"
2228882385,281724,34306,1,1,1,32,32,1,30,0.000,0.000,,,,,NVIDIA A100-SXM4-40GB (0),1,,13,"void convert_kernel<float2, __half2>(tensor_layout_any, T1 *, tensor_layout_any, const T2 *)"
2229165197,10400,34318,2253,1,1,128,1,1,16,0.000,0.000,,,,,NVIDIA A100-SXM4-40GB (0),1,,13,cupy_copy__float16_float16
2229176653,2400,34327,282,1,1,128,1,1,16,0.000,0.000,,,,,NVIDIA A100-SXM4-40GB (0),1,,13,cupy_copy__complex64_complex64
2229180141,1760,34336,26,1,1,128,1,1,16,0.000,0.000,,,,,NVIDIA A100-SXM4-40GB (0),1,,13,cupy_copy__float32_float32
2229183117,2528,34345,103,1,1,128,1,1,16,0.000,0.000,,,,,NVIDIA A100-SXM4-40GB (0),1,,13,cupy_copy__complex64_complex64
2229186893,11328,34355,1434,1,1,128,1,1,16,0.000,0.000,,,,,NVIDIA A100-SXM4-40GB (0),1,,13,cupy_copy__complex64_complex64
2229220748,78143,34360,1,1,1,32,32,1,30,0.000,0.000,,,,,NVIDIA A100-SXM4-40GB (0),1,,13,"void convert_kernel<__half2, float2>(tensor_layout_any, T1 *, tensor_layout_any, const T2 *)"
2229326059,4384,34363,,,,,,,,,,0.061,14014.587,Pinned,Device,NVIDIA A100-SXM4-40GB (0),1,,13,[CUDA memcpy Host-to-Device]
2229336971,587608,34364,,,,,,,,,,456.520,776541.336,Device,,NVIDIA A100-SXM4-40GB (0),1,,13,[CUDA memset]
2229930627,32736,34369,,,,,,,,,,0.825,25211.783,Pinned,Device,NVIDIA A100-SXM4-40GB (0),1,,13,[CUDA memcpy Host-to-Device]
2229965507,6752,34370,,,,,,,,,,0.131,19412.287,Pinned,Device,NVIDIA A100-SXM4-40GB (0),1,,13,[CUDA memcpy Host-to-Device]
2229976099,7040,34371,69,4,1,48,1,1,76,0.002,0.000,,,,,NVIDIA A100-SXM4-40GB (0),1,,13,"void ch_est::windowedChEstPreNoDftSOfdmKernel<float, __half, float, (unsigned int)2, (unsigned int)1, (unsigned short)4>(ch_est::puschRxChEstStatDescr_t *, ch_est::puschRxChEstDynDescr_t *)"
2229984419,6016,34372,137,2,1,24,2,1,44,0.001,0.001,,,,,NVIDIA A100-SXM4-40GB (0),1,,13,"void ch_est::chEstFilterNoDftSOfdmDispatchKernel<float, __half, float, (unsigned int)2>(ch_est::puschRxChEstStatDescr_t *, ch_est::puschRxChEstDynDescr_t *)"
2229991715,4576,34373,137,2,1,24,2,1,44,0.001,0.001,,,,,NVIDIA A100-SXM4-40GB (0),1,,13,"void ch_est::chEstFilterNoDftSOfdmDispatchKernel<float, __half, float, (unsigned int)2>(ch_est::puschRxChEstStatDescr_t *, ch_est::puschRxChEstDynDescr_t *)"
2229997539,2208,34384,103,1,1,128,1,1,16,0.000,0.000,,,,,NVIDIA A100-SXM4-40GB (0),1,,13,cupy_copy__complex64_complex64
2230001058,12672,34394,1434,1,1,128,1,1,16,0.000,0.000,,,,,NVIDIA A100-SXM4-40GB (0),1,,13,cupy_copy__complex64_complex64
2230014914,2080,34401,103,1,1,128,1,1,16,0.000,0.000,,,,,NVIDIA A100-SXM4-40GB (0),1,,13,cupy_copy__complex64_complex64
2230018306,78463,34408,1,1,1,32,32,1,30,0.000,0.000,,,,,NVIDIA A100-SXM4-40GB (0),1,,13,"void convert_kernel<__half2, float2>(tensor_layout_any, T1 *, tensor_layout_any, const T2 *)"
2230123265,4384,34411,,,,,,,,,,0.061,14014.587,Pinned,Device,NVIDIA A100-SXM4-40GB (0),1,,13,[CUDA memcpy Host-to-Device]
2230135969,44671,34412,,,,,,,,,,35.801,801404.490,Device,,NVIDIA A100-SXM4-40GB (0),1,,13,[CUDA memset]
2230181824,1856,34414,,,,,,,,,,0.000,43.103,Pinned,Device,NVIDIA A100-SXM4-40GB (0),1,,13,[CUDA memcpy Host-to-Device]
2230185792,7040,34415,,,,,,,,,,0.131,18618.122,Pinned,Device,NVIDIA A100-SXM4-40GB (0),1,,13,[CUDA memcpy Host-to-Device]
2230199264,8448,34416,273,1,1,48,1,1,40,0.000,0.001,,,,,NVIDIA A100-SXM4-40GB (0),1,,13,"void pusch_noise_intf_est::noiseIntfEstNoDftSOfdmKernel<float, __half, float, float, (unsigned int)2, (unsigned int)1, (unsigned char)4, (unsigned char)4>(pusch_noise_intf_est::puschRxNoiseIntfEstDynDescr)"
2230208960,2560,34427,35,1,1,128,1,1,16,0.000,0.000,,,,,NVIDIA A100-SXM4-40GB (0),1,,13,cupy_copy__complex64_complex64
2230243135,1536,34436,1,1,1,1,1,1,18,0.000,0.000,,,,,NVIDIA A100-SXM4-40GB (0),1,,13,cupy_copy__float32_float32
2230276095,1664,34442,,,,,,,,,,0.000,2.404,Device,Pageable,NVIDIA A100-SXM4-40GB (0),1,,7,[CUDA memcpy Device-to-Host]
2230332638,13600,34453,1434,1,1,128,1,1,16,0.000,0.000,,,,,NVIDIA A100-SXM4-40GB (0),1,,13,cupy_copy__complex64_complex64
2230358846,2368,34460,103,1,1,128,1,1,16,0.000,0.000,,,,,NVIDIA A100-SXM4-40GB (0),1,,13,cupy_copy__complex64_complex64
2230379390,1984,34467,35,1,1,128,1,1,16,0.000,0.000,,,,,NVIDIA A100-SXM4-40GB (0),1,,13,cupy_copy__complex64_complex64
2230397854,1504,34474,1,1,1,1,1,1,18,0.000,0.000,,,,,NVIDIA A100-SXM4-40GB (0),1,,13,cupy_copy__float32_float32
2230529084,78239,34485,1,1,1,32,32,1,30,0.000,0.000,,,,,NVIDIA A100-SXM4-40GB (0),1,,13,"void convert_kernel<__half2, float2>(tensor_layout_any, T1 *, tensor_layout_any, const T2 *)"
2230635035,4159,34488,,,,,,,,,,0.061,14772.756,Pinned,Device,NVIDIA A100-SXM4-40GB (0),1,,13,[CUDA memcpy Host-to-Device]
2230649274,2528,34489,,,,,,,,,,1.547,611796.509,Device,,NVIDIA A100-SXM4-40GB (0),1,,13,[CUDA memset]
2230655354,2752,34494,,,,,,,,,,0.021,7651.161,Pinned,Device,NVIDIA A100-SXM4-40GB (0),1,,13,[CUDA memcpy Host-to-Device]
2230660250,6848,34495,,,,,,,,,,0.131,19140.182,Pinned,Device,NVIDIA A100-SXM4-40GB (0),1,,13,[CUDA memcpy Host-to-Device]
2230671418,5920,34496,273,1,1,8,4,1,39,0.002,0.000,,,,,NVIDIA A100-SXM4-40GB (0),1,,13,"void channel_eq::eqMmseCoefCompLowMimoKernel<float, float, float, (unsigned int)4, (unsigned int)1, (unsigned int)4>(const channel_eq::_puschRxChEqStatDescr *, channel_eq::_puschRxChEqCoefCompDynDescr)"
2230678362,4800,34497,273,1,1,12,11,1,40,0.002,0.000,,,,,NVIDIA A100-SXM4-40GB (0),1,,13,"void channel_eq::eqMmseSoftDemapKernel<float, __half, __half, float, (unsigned int)4, (unsigned short)16383>(channel_eq::_puschRxChEqStatDescr *, channel_eq::_puschRxChEqSoftDemapDynDescr)"
2230684186,281276,34498,1,1,1,32,32,1,30,0.000,0.000,,,,,NVIDIA A100-SXM4-40GB (0),1,,13,"void convert_kernel<float2, __half2>(tensor_layout_any, T1 *, tensor_layout_any, const T2 *)"
2230966518,10304,34510,2253,1,1,128,1,1,16,0.000,0.000,,,,,NVIDIA A100-SXM4-40GB (0),1,,13,cupy_copy__float16_float16
2230978038,2400,34519,282,1,1,128,1,1,16,0.000,0.000,,,,,NVIDIA A100-SXM4-40GB (0),1,,13,cupy_copy__complex64_complex64
2230981654,1760,34528,26,1,1,128,1,1,16,0.000,0.000,,,,,NVIDIA A100-SXM4-40GB (0),1,,13,cupy_copy__float32_float32
2230984630,2560,34537,103,1,1,128,1,1,16,0.000,0.000,,,,,NVIDIA A100-SXM4-40GB (0),1,,13,cupy_copy__complex64_complex64
2230988406,11232,34547,1434,1,1,128,1,1,16,0.000,0.000,,,,,NVIDIA A100-SXM4-40GB (0),1,,13,cupy_copy__complex64_complex64
2231018070,78431,34552,1,1,1,32,32,1,30,0.000,0.000,,,,,NVIDIA A100-SXM4-40GB (0),1,,13,"void convert_kernel<__half2, float2>(tensor_layout_any, T1 *, tensor_layout_any, const T2 *)"
2231265875,4160,34555,,,,,,,,,,0.061,14769.193,Pinned,Device,NVIDIA A100-SXM4-40GB (0),1,,13,[CUDA memcpy Host-to-Device]
2231273267,590520,34556,,,,,,,,,,456.520,772889.173,Device,,NVIDIA A100-SXM4-40GB (0),1,,13,[CUDA memset]
2231869931,33408,34561,,,,,,,,,,0.825,24704.197,Pinned,Device,NVIDIA A100-SXM4-40GB (0),1,,13,[CUDA memcpy Host-to-Device]
2231905451,6784,34562,,,,,,,,,,0.131,19320.668,Pinned,Device,NVIDIA A100-SXM4-40GB (0),1,,13,[CUDA memcpy Host-to-Device]
2231921002,7200,34563,69,4,1,48,1,1,76,0.002,0.000,,,,,NVIDIA A100-SXM4-40GB (0),1,,13,"void ch_est::windowedChEstPreNoDftSOfdmKernel<float, __half, float, (unsigned int)2, (unsigned int)1, (unsigned short)4>(ch_est::puschRxChEstStatDescr_t *, ch_est::puschRxChEstDynDescr_t *)"
2231929258,6272,34564,137,2,1,24,2,1,44,0.001,0.001,,,,,NVIDIA A100-SXM4-40GB (0),1,,13,"void ch_est::chEstFilterNoDftSOfdmDispatchKernel<float, __half, float, (unsigned int)2>(ch_est::puschRxChEstStatDescr_t *, ch_est::puschRxChEstDynDescr_t *)"
2231936618,4608,34565,137,2,1,24,2,1,44,0.001,0.001,,,,,NVIDIA A100-SXM4-40GB (0),1,,13,"void ch_est::chEstFilterNoDftSOfdmDispatchKernel<float, __half, float, (unsigned int)2>(ch_est::puschRxChEstStatDescr_t *, ch_est::puschRxChEstDynDescr_t *)"
2231942250,2624,34576,103,1,1,128,1,1,16,0.000,0.000,,,,,NVIDIA A100-SXM4-40GB (0),1,,13,cupy_copy__complex64_complex64
2231945962,12352,34586,1434,1,1,128,1,1,16,0.000,0.000,,,,,NVIDIA A100-SXM4-40GB (0),1,,13,cupy_copy__complex64_complex64
2231959626,2112,34593,103,1,1,128,1,1,16,0.000,0.000,,,,,NVIDIA A100-SXM4-40GB (0),1,,13,cupy_copy__complex64_complex64
2231962826,78463,34600,1,1,1,32,32,1,30,0.000,0.000,,,,,NVIDIA A100-SXM4-40GB (0),1,,13,"void convert_kernel<__half2, float2>(tensor_layout_any, T1 *, tensor_layout_any, const T2 *)"
2232072329,4127,34603,,,,,,,,,,0.061,14887.281,Pinned,Device,NVIDIA A100-SXM4-40GB (0),1,,13,[CUDA memcpy Host-to-Device]
2232085352,44576,34604,,,,,,,,,,35.801,803122.936,Device,,NVIDIA A100-SXM4-40GB (0),1,,13,[CUDA memset]
2232137704,1856,34606,,,,,,,,,,0.000,43.103,Pinned,Device,NVIDIA A100-SXM4-40GB (0),1,,13,[CUDA memcpy Host-to-Device]
2232142440,6752,34607,,,,,,,,,,0.131,19412.287,Pinned,Device,NVIDIA A100-SXM4-40GB (0),1,,13,[CUDA memcpy Host-to-Device]
2232159175,8608,34608,273,1,1,48,1,1,40,0.000,0.001,,,,,NVIDIA A100-SXM4-40GB (0),1,,13,"void pusch_noise_intf_est::noiseIntfEstNoDftSOfdmKernel<float, __half, float, float, (unsigned int)2, (unsigned int)1, (unsigned char)4, (unsigned char)4>(pusch_noise_intf_est::puschRxNoiseIntfEstDynDescr)"
2232168935,2656,34619,35,1,1,128,1,1,16,0.000,0.000,,,,,NVIDIA A100-SXM4-40GB (0),1,,13,cupy_copy__complex64_complex64
2232195879,1536,34628,1,1,1,1,1,1,18,0.000,0.000,,,,,NVIDIA A100-SXM4-40GB (0),1,,13,cupy_copy__float32_float32
2232229703,1728,34634,,,,,,,,,,0.000,2.315,Device,Pageable,NVIDIA A100-SXM4-40GB (0),1,,7,[CUDA memcpy Device-to-Host]
2232286662,13568,34645,1434,1,1,128,1,1,16,0.000,0.000,,,,,NVIDIA A100-SXM4-40GB (0),1,,13,cupy_copy__complex64_complex64
2232312870,2336,34652,103,1,1,128,1,1,16,0.000,0.000,,,,,NVIDIA A100-SXM4-40GB (0),1,,13,cupy_copy__complex64_complex64
2232332549,1984,34659,35,1,1,128,1,1,16,0.000,0.000,,,,,NVIDIA A100-SXM4-40GB (0),1,,13,cupy_copy__complex64_complex64
2232350533,1504,34666,1,1,1,1,1,1,18,0.000,0.000,,,,,NVIDIA A100-SXM4-40GB (0),1,,13,cupy_copy__float32_float32
2232483907,78623,34677,1,1,1,32,32,1,30,0.000,0.000,,,,,NVIDIA A100-SXM4-40GB (0),1,,13,"void convert_kernel<__half2, float2>(tensor_layout_any, T1 *, tensor_layout_any, const T2 *)"
2232727744,4160,34680,,,,,,,,,,0.061,14769.193,Pinned,Device,NVIDIA A100-SXM4-40GB (0),1,,13,[CUDA memcpy Host-to-Device]
2232736512,2560,34681,,,,,,,,,,1.547,604150.000,Device,,NVIDIA A100-SXM4-40GB (0),1,,13,[CUDA memset]
2232740544,2720,34686,,,,,,,,,,0.021,7741.175,Pinned,Device,NVIDIA A100-SXM4-40GB (0),1,,13,[CUDA memcpy Host-to-Device]
2232745728,6880,34687,,,,,,,,,,0.131,19051.053,Pinned,Device,NVIDIA A100-SXM4-40GB (0),1,,13,[CUDA memcpy Host-to-Device]
2232757632,6048,34688,273,1,1,8,4,1,39,0.002,0.000,,,,,NVIDIA A100-SXM4-40GB (0),1,,13,"void channel_eq::eqMmseCoefCompLowMimoKernel<float, float, float, (unsigned int)4, (unsigned int)1, (unsigned int)4>(const channel_eq::_puschRxChEqStatDescr *, channel_eq::_puschRxChEqCoefCompDynDescr)"
2232764736,4800,34689,273,1,1,12,11,1,40,0.002,0.000,,,,,NVIDIA A100-SXM4-40GB (0),1,,13,"void channel_eq::eqMmseSoftDemapKernel<float, __half, __half, float, (unsigned int)4, (unsigned short)16383>(channel_eq::_puschRxChEqStatDescr *, channel_eq::_puschRxChEqSoftDemapDynDescr)"
2232770592,281052,34690,1,1,1,32,32,1,30,0.000,0.000,,,,,NVIDIA A100-SXM4-40GB (0),1,,13,"void convert_kernel<float2, __half2>(tensor_layout_any, T1 *, tensor_layout_any, const T2 *)"
2233052732,10176,34702,2253,1,1,128,1,1,16,0.000,0.000,,,,,NVIDIA A100-SXM4-40GB (0),1,,13,cupy_copy__float16_float16
2233064124,2400,34711,282,1,1,128,1,1,16,0.000,0.000,,,,,NVIDIA A100-SXM4-40GB (0),1,,13,cupy_copy__complex64_complex64
2233067580,1760,34720,26,1,1,128,1,1,16,0.000,0.000,,,,,NVIDIA A100-SXM4-40GB (0),1,,13,cupy_copy__float32_float32
2233070588,2528,34729,103,1,1,128,1,1,16,0.000,0.000,,,,,NVIDIA A100-SXM4-40GB (0),1,,13,cupy_copy__complex64_complex64
2233074332,11488,34739,1434,1,1,128,1,1,16,0.000,0.000,,,,,NVIDIA A100-SXM4-40GB (0),1,,13,cupy_copy__complex64_complex64
2233238426,79007,34744,1,1,1,32,32,1,30,0.000,0.000,,,,,NVIDIA A100-SXM4-40GB (0),1,,13,"void convert_kernel<__half2, float2>(tensor_layout_any, T1 *, tensor_layout_any, const T2 *)"
2233348025,4128,34747,,,,,,,,,,0.061,14883.717,Pinned,Device,NVIDIA A100-SXM4-40GB (0),1,,13,[CUDA memcpy Host-to-Device]
2233358872,589017,34748,,,,,,,,,,456.520,774715.255,Device,,NVIDIA A100-SXM4-40GB (0),1,,13,[CUDA memset]
2233954257,32736,34753,,,,,,,,,,0.825,25211.783,Pinned,Device,NVIDIA A100-SXM4-40GB (0),1,,13,[CUDA memcpy Host-to-Device]
2233989105,6751,34754,,,,,,,,,,0.131,19415.171,Pinned,Device,NVIDIA A100-SXM4-40GB (0),1,,13,[CUDA memcpy Host-to-Device]
2234003408,7360,34755,69,4,1,48,1,1,76,0.002,0.000,,,,,NVIDIA A100-SXM4-40GB (0),1,,13,"void ch_est::windowedChEstPreNoDftSOfdmKernel<float, __half, float, (unsigned int)2, (unsigned int)1, (unsigned short)4>(ch_est::puschRxChEstStatDescr_t *, ch_est::puschRxChEstDynDescr_t *)"
2234012016,5984,34756,137,2,1,24,2,1,44,0.001,0.001,,,,,NVIDIA A100-SXM4-40GB (0),1,,13,"void ch_est::chEstFilterNoDftSOfdmDispatchKernel<float, __half, float, (unsigned int)2>(ch_est::puschRxChEstStatDescr_t *, ch_est::puschRxChEstDynDescr_t *)"
2234019056,4576,34757,137,2,1,24,2,1,44,0.001,0.001,,,,,NVIDIA A100-SXM4-40GB (0),1,,13,"void ch_est::chEstFilterNoDftSOfdmDispatchKernel<float, __half, float, (unsigned int)2>(ch_est::puschRxChEstStatDescr_t *, ch_est::puschRxChEstDynDescr_t *)"
2234024880,2176,34768,103,1,1,128,1,1,16,0.000,0.000,,,,,NVIDIA A100-SXM4-40GB (0),1,,13,cupy_copy__complex64_complex64
2234028368,12576,34778,1434,1,1,128,1,1,16,0.000,0.000,,,,,NVIDIA A100-SXM4-40GB (0),1,,13,cupy_copy__complex64_complex64
2234042032,2112,34785,103,1,1,128,1,1,16,0.000,0.000,,,,,NVIDIA A100-SXM4-40GB (0),1,,13,cupy_copy__complex64_complex64
2234045328,78463,34792,1,1,1,32,32,1,30,0.000,0.000,,,,,NVIDIA A100-SXM4-40GB (0),1,,13,"void convert_kernel<__half2, float2>(tensor_layout_any, T1 *, tensor_layout_any, const T2 *)"
2234151726,4192,34795,,,,,,,,,,0.061,14656.451,Pinned,Device,NVIDIA A100-SXM4-40GB (0),1,,13,[CUDA memcpy Host-to-Device]
2234163822,45280,34796,,,,,,,,,,35.801,790628.401,Device,,NVIDIA A100-SXM4-40GB (0),1,,13,[CUDA memset]
2234216014,1856,34798,,,,,,,,,,0.000,43.103,Pinned,Device,NVIDIA A100-SXM4-40GB (0),1,,13,[CUDA memcpy Host-to-Device]
2234219982,6752,34799,,,,,,,,,,0.131,19412.287,Pinned,Device,NVIDIA A100-SXM4-40GB (0),1,,13,[CUDA memcpy Host-to-Device]
2234232205,8480,34800,273,1,1,48,1,1,40,0.000,0.001,,,,,NVIDIA A100-SXM4-40GB (0),1,,13,"void pusch_noise_intf_est::noiseIntfEstNoDftSOfdmKernel<float, __half, float, float, (unsigned int)2, (unsigned int)1, (unsigned char)4, (unsigned char)4>(pusch_noise_intf_est::puschRxNoiseIntfEstDynDescr)"
2234241773,2560,34811,35,1,1,128,1,1,16,0.000,0.000,,,,,NVIDIA A100-SXM4-40GB (0),1,,13,cupy_copy__complex64_complex64
2234268813,1536,34820,1,1,1,1,1,1,18,0.000,0.000,,,,,NVIDIA A100-SXM4-40GB (0),1,,13,cupy_copy__float32_float32
2234301677,1728,34826,,,,,,,,,,0.000,2.315,Device,Pageable,NVIDIA A100-SXM4-40GB (0),1,,7,[CUDA memcpy Device-to-Host]
2234358060,13440,34837,1434,1,1,128,1,1,16,0.000,0.000,,,,,NVIDIA A100-SXM4-40GB (0),1,,13,cupy_copy__complex64_complex64
2234384300,2368,34844,103,1,1,128,1,1,16,0.000,0.000,,,,,NVIDIA A100-SXM4-40GB (0),1,,13,cupy_copy__complex64_complex64
2234404203,2016,34851,35,1,1,128,1,1,16,0.000,0.000,,,,,NVIDIA A100-SXM4-40GB (0),1,,13,cupy_copy__complex64_complex64
2234422219,1504,34858,1,1,1,1,1,1,18,0.000,0.000,,,,,NVIDIA A100-SXM4-40GB (0),1,,13,cupy_copy__float32_float32
2234551657,78975,34869,1,1,1,32,32,1,30,0.000,0.000,,,,,NVIDIA A100-SXM4-40GB (0),1,,13,"void convert_kernel<__half2, float2>(tensor_layout_any, T1 *, tensor_layout_any, const T2 *)"
2234658120,4416,34872,,,,,,,,,,0.061,13913.027,Pinned,Device,NVIDIA A100-SXM4-40GB (0),1,,13,[CUDA memcpy Host-to-Device]
2234672296,2528,34873,,,,,,,,,,1.547,611796.509,Device,,NVIDIA A100-SXM4-40GB (0),1,,13,[CUDA memset]
2234678376,2752,34878,,,,,,,,,,0.021,7651.161,Pinned,Device,NVIDIA A100-SXM4-40GB (0),1,,13,[CUDA memcpy Host-to-Device]
2234683272,6880,34879,,,,,,,,,,0.131,19051.053,Pinned,Device,NVIDIA A100-SXM4-40GB (0),1,,13,[CUDA memcpy Host-to-Device]
2234697704,5984,34880,273,1,1,8,4,1,39,0.002,0.000,,,,,NVIDIA A100-SXM4-40GB (0),1,,13,"void channel_eq::eqMmseCoefCompLowMimoKernel<float, float, float, (unsigned int)4, (unsigned int)1, (unsigned int)4>(const channel_eq::_puschRxChEqStatDescr *, channel_eq::_puschRxChEqCoefCompDynDescr)"
2234704840,4960,34881,273,1,1,12,11,1,40,0.002,0.000,,,,,NVIDIA A100-SXM4-40GB (0),1,,13,"void channel_eq::eqMmseSoftDemapKernel<float, __half, __half, float, (unsigned int)4, (unsigned short)16383>(channel_eq::_puschRxChEqStatDescr *, channel_eq::_puschRxChEqSoftDemapDynDescr)"
2234710887,280989,34882,1,1,1,32,32,1,30,0.000,0.000,,,,,NVIDIA A100-SXM4-40GB (0),1,,13,"void convert_kernel<float2, __half2>(tensor_layout_any, T1 *, tensor_layout_any, const T2 *)"
2234993060,10304,34894,2253,1,1,128,1,1,16,0.000,0.000,,,,,NVIDIA A100-SXM4-40GB (0),1,,13,cupy_copy__float16_float16
2235004548,2400,34903,282,1,1,128,1,1,16,0.000,0.000,,,,,NVIDIA A100-SXM4-40GB (0),1,,13,cupy_copy__complex64_complex64
2235008004,1792,34912,26,1,1,128,1,1,16,0.000,0.000,,,,,NVIDIA A100-SXM4-40GB (0),1,,13,cupy_copy__float32_float32
2235011044,2560,34921,103,1,1,128,1,1,16,0.000,0.000,,,,,NVIDIA A100-SXM4-40GB (0),1,,13,cupy_copy__complex64_complex64
