Start (ns),Duration (ns),CorrId,GrdX,GrdY,GrdZ,BlkX,BlkY,BlkZ,Reg/Trd,StcSMem (MB),DymSMem (MB),Bytes (MB),Throughput (MB/s),SrcMemKd,DstMemKd,Device,Ctx,GreenCtx,Strm,Name
961332654,704920,668,,,,,,,,,,1.468,2081.125,Pinned,Device,NVIDIA A100-SXM4-40GB (0),1,,7,[CUDA memcpy Host-to-Device]
1104029257,1664,1219,,,,,,,,,,0.000,33.654,Pageable,Device,NVIDIA A100-SXM4-40GB (0),1,,7,[CUDA memcpy Host-to-Device]
1238931900,8800,1828,,,,,,,,,,0.028,3207.262,Pinned,Device,NVIDIA A100-SXM4-40GB (0),1,,7,[CUDA memcpy Host-to-Device]
1239007803,1728,1833,,,,,,,,,,0.007,4166.662,Pinned,Device,NVIDIA A100-SXM4-40GB (0),1,,7,[CUDA memcpy Host-to-Device]
1239033659,1888,1838,,,,,,,,,,0.008,4233.051,Pinned,Device,NVIDIA A100-SXM4-40GB (0),1,,7,[CUDA memcpy Host-to-Device]
1239099034,5472,1843,1,1,1,32,32,1,30,0.000,0.000,,,,,NVIDIA A100-SXM4-40GB (0),1,,7,"void convert_kernel<__half2, float2>(tensor_layout_any, T1 *, tensor_layout_any, const T2 *)"
1239130234,7584,1849,1,1,1,32,32,1,30,0.000,0.000,,,,,NVIDIA A100-SXM4-40GB (0),1,,7,"void convert_kernel<__half2, float2>(tensor_layout_any, T1 *, tensor_layout_any, const T2 *)"
1239162233,4512,1855,1,1,1,32,32,1,30,0.000,0.000,,,,,NVIDIA A100-SXM4-40GB (0),1,,7,"void convert_kernel<__half2, float2>(tensor_layout_any, T1 *, tensor_layout_any, const T2 *)"
1239187481,4928,1861,1,1,1,32,32,1,30,0.000,0.000,,,,,NVIDIA A100-SXM4-40GB (0),1,,7,"void convert_kernel<__half2, float2>(tensor_layout_any, T1 *, tensor_layout_any, const T2 *)"
1239385431,13152,1867,,,,,,,,,,0.028,2145.984,Pinned,Device,NVIDIA A100-SXM4-40GB (0),1,,13,[CUDA memcpy Host-to-Device]
1239436502,1760,1873,,,,,,,,,,0.007,4090.903,Pinned,Device,NVIDIA A100-SXM4-40GB (0),1,,13,[CUDA memcpy Host-to-Device]
1239465814,1440,1879,,,,,,,,,,0.008,5549.996,Pinned,Device,NVIDIA A100-SXM4-40GB (0),1,,13,[CUDA memcpy Host-to-Device]
1239498102,5312,1885,1,1,1,32,32,1,30,0.000,0.000,,,,,NVIDIA A100-SXM4-40GB (0),1,,13,"void convert_kernel<__half2, float2>(tensor_layout_any, T1 *, tensor_layout_any, const T2 *)"
1239529493,4512,1892,1,1,1,32,32,1,30,0.000,0.000,,,,,NVIDIA A100-SXM4-40GB (0),1,,13,"void convert_kernel<__half2, float2>(tensor_layout_any, T1 *, tensor_layout_any, const T2 *)"
1239557717,6912,1899,1,1,1,32,32,1,30,0.000,0.000,,,,,NVIDIA A100-SXM4-40GB (0),1,,13,"void convert_kernel<__half2, float2>(tensor_layout_any, T1 *, tensor_layout_any, const T2 *)"
1239588117,5056,1906,1,1,1,32,32,1,30,0.000,0.000,,,,,NVIDIA A100-SXM4-40GB (0),1,,13,"void convert_kernel<__half2, float2>(tensor_layout_any, T1 *, tensor_layout_any, const T2 *)"
1240067919,1888,1917,,,,,,,,,,0.028,14949.152,Device,Device,NVIDIA A100-SXM4-40GB (0),1,,13,[CUDA memcpy Device-to-Device]
1240078991,1440,1919,,,,,,,,,,0.007,4999.997,Device,Device,NVIDIA A100-SXM4-40GB (0),1,,13,[CUDA memcpy Device-to-Device]
1240087695,1472,1921,,,,,,,,,,0.008,5429.341,Device,Device,NVIDIA A100-SXM4-40GB (0),1,,13,[CUDA memcpy Device-to-Device]
1240096751,1408,1923,,,,,,,,,,0.000,136.364,Device,Device,NVIDIA A100-SXM4-40GB (0),1,,13,[CUDA memcpy Device-to-Device]
1240105935,1408,1925,,,,,,,,,,0.000,68.182,Device,Device,NVIDIA A100-SXM4-40GB (0),1,,13,[CUDA memcpy Device-to-Device]
1240114159,1376,1927,,,,,,,,,,0.000,281.977,Device,Device,NVIDIA A100-SXM4-40GB (0),1,,13,[CUDA memcpy Device-to-Device]
1240122607,1408,1929,,,,,,,,,,0.000,139.204,Device,Device,NVIDIA A100-SXM4-40GB (0),1,,13,[CUDA memcpy Device-to-Device]
1240141934,29952,1930,,,,,,,,,,0.135,4511.650,Pinned,Device,NVIDIA A100-SXM4-40GB (0),1,,13,[CUDA memcpy Host-to-Device]
1310905138,1024,1940,,,,,,,,,,0.000,54.687,Pageable,Device,NVIDIA A100-SXM4-40GB (0),1,,7,[CUDA memcpy Host-to-Device]
1310933522,13952,1946,,,,,,,,,,0.028,2022.927,Pinned,Device,NVIDIA A100-SXM4-40GB (0),1,,7,[CUDA memcpy Host-to-Device]
1310977778,1728,1951,,,,,,,,,,0.007,4166.662,Pinned,Device,NVIDIA A100-SXM4-40GB (0),1,,7,[CUDA memcpy Host-to-Device]
1311001905,1792,1956,,,,,,,,,,0.008,4459.816,Pinned,Device,NVIDIA A100-SXM4-40GB (0),1,,7,[CUDA memcpy Host-to-Device]
1311031697,5376,1961,1,1,1,32,32,1,30,0.000,0.000,,,,,NVIDIA A100-SXM4-40GB (0),1,,7,"void convert_kernel<__half2, float2>(tensor_layout_any, T1 *, tensor_layout_any, const T2 *)"
1311060017,6880,1967,1,1,1,32,32,1,30,0.000,0.000,,,,,NVIDIA A100-SXM4-40GB (0),1,,7,"void convert_kernel<__half2, float2>(tensor_layout_any, T1 *, tensor_layout_any, const T2 *)"
1311089808,3936,1973,1,1,1,32,32,1,30,0.000,0.000,,,,,NVIDIA A100-SXM4-40GB (0),1,,7,"void convert_kernel<__half2, float2>(tensor_layout_any, T1 *, tensor_layout_any, const T2 *)"
1311114384,4960,1979,1,1,1,32,32,1,30,0.000,0.000,,,,,NVIDIA A100-SXM4-40GB (0),1,,7,"void convert_kernel<__half2, float2>(tensor_layout_any, T1 *, tensor_layout_any, const T2 *)"
1311822920,3424,1994,,,,,,,,,,0.000,74.766,Pageable,Array,NVIDIA A100-SXM4-40GB (0),1,,7,[CUDA memcpy Host-to-Array]
1311830504,2560,1997,,,,,,,,,,0.000,50.000,Pageable,Array,NVIDIA A100-SXM4-40GB (0),1,,7,[CUDA memcpy Host-to-Array]
1311836520,2016,2000,,,,,,,,,,0.000,31.746,Pageable,Array,NVIDIA A100-SXM4-40GB (0),1,,7,[CUDA memcpy Host-to-Array]
1311841992,2176,2003,,,,,,,,,,0.000,14.706,Pageable,Array,NVIDIA A100-SXM4-40GB (0),1,,7,[CUDA memcpy Host-to-Array]
1311907367,2272,2008,,,,,,,,,,0.000,49.296,Pinned,Device,NVIDIA A100-SXM4-40GB (0),1,,13,[CUDA memcpy Host-to-Device]
1378295036,1024,2018,,,,,,,,,,0.000,54.687,Pageable,Device,NVIDIA A100-SXM4-40GB (0),1,,7,[CUDA memcpy Host-to-Device]
1378319548,14560,2024,,,,,,,,,,0.028,1938.453,Pinned,Device,NVIDIA A100-SXM4-40GB (0),1,,7,[CUDA memcpy Host-to-Device]
1378363100,1792,2029,,,,,,,,,,0.007,4017.852,Pinned,Device,NVIDIA A100-SXM4-40GB (0),1,,7,[CUDA memcpy Host-to-Device]
1378387131,1440,2034,,,,,,,,,,0.008,5549.996,Pinned,Device,NVIDIA A100-SXM4-40GB (0),1,,7,[CUDA memcpy Host-to-Device]
1378417595,5248,2039,1,1,1,32,32,1,30,0.000,0.000,,,,,NVIDIA A100-SXM4-40GB (0),1,,7,"void convert_kernel<__half2, float2>(tensor_layout_any, T1 *, tensor_layout_any, const T2 *)"
1378447131,7104,2045,1,1,1,32,32,1,30,0.000,0.000,,,,,NVIDIA A100-SXM4-40GB (0),1,,7,"void convert_kernel<__half2, float2>(tensor_layout_any, T1 *, tensor_layout_any, const T2 *)"
1378475866,4352,2051,1,1,1,32,32,1,30,0.000,0.000,,,,,NVIDIA A100-SXM4-40GB (0),1,,7,"void convert_kernel<__half2, float2>(tensor_layout_any, T1 *, tensor_layout_any, const T2 *)"
1378501434,5696,2057,1,1,1,32,32,1,30,0.000,0.000,,,,,NVIDIA A100-SXM4-40GB (0),1,,7,"void convert_kernel<__half2, float2>(tensor_layout_any, T1 *, tensor_layout_any, const T2 *)"
1379380304,3456,2081,,,,,,,,,,0.000,74.074,Pageable,Array,NVIDIA A100-SXM4-40GB (0),1,,7,[CUDA memcpy Host-to-Array]
1379388048,2720,2084,,,,,,,,,,0.000,47.059,Pageable,Array,NVIDIA A100-SXM4-40GB (0),1,,7,[CUDA memcpy Host-to-Array]
1379393488,2048,2087,,,,,,,,,,0.000,31.250,Pageable,Array,NVIDIA A100-SXM4-40GB (0),1,,7,[CUDA memcpy Host-to-Array]
1379399888,2048,2090,,,,,,,,,,0.000,15.625,Pageable,Array,NVIDIA A100-SXM4-40GB (0),1,,7,[CUDA memcpy Host-to-Array]
1484511538,15648,2179,1434,1,1,128,1,1,16,0.000,0.000,,,,,NVIDIA A100-SXM4-40GB (0),1,,13,cupy_copy__complex64_complex64
1484832654,78943,2184,1,1,1,32,32,1,30,0.000,0.000,,,,,NVIDIA A100-SXM4-40GB (0),1,,13,"void convert_kernel<__half2, float2>(tensor_layout_any, T1 *, tensor_layout_any, const T2 *)"
1484913453,12672,2186,,,,,,,,,,0.061,4848.476,Pinned,Device,NVIDIA A100-SXM4-40GB (0),1,,13,[CUDA memcpy Host-to-Device]
1484936685,590137,2187,,,,,,,,,,456.520,773345.693,Device,,NVIDIA A100-SXM4-40GB (0),1,,13,[CUDA memset]
1485575238,138718,2192,,,,,,,,,,0.825,5949.080,Pinned,Device,NVIDIA A100-SXM4-40GB (0),1,,13,[CUDA memcpy Host-to-Device]
1485716804,23776,2193,,,,,,,,,,0.131,5512.757,Pinned,Device,NVIDIA A100-SXM4-40GB (0),1,,13,[CUDA memcpy Host-to-Device]
1485743876,7744,2194,69,4,1,48,1,1,76,0.002,0.000,,,,,NVIDIA A100-SXM4-40GB (0),1,,13,"void ch_est::windowedChEstPreNoDftSOfdmKernel<float, __half, float, (unsigned int)2, (unsigned int)1, (unsigned short)4>(ch_est::puschRxChEstStatDescr_t *, ch_est::puschRxChEstDynDescr_t *)"
1485752644,6528,2195,137,2,1,24,2,1,44,0.001,0.001,,,,,NVIDIA A100-SXM4-40GB (0),1,,13,"void ch_est::chEstFilterNoDftSOfdmDispatchKernel<float, __half, float, (unsigned int)2>(ch_est::puschRxChEstStatDescr_t *, ch_est::puschRxChEstDynDescr_t *)"
1485760132,4736,2196,137,2,1,24,2,1,44,0.001,0.001,,,,,NVIDIA A100-SXM4-40GB (0),1,,13,"void ch_est::chEstFilterNoDftSOfdmDispatchKernel<float, __half, float, (unsigned int)2>(ch_est::puschRxChEstStatDescr_t *, ch_est::puschRxChEstDynDescr_t *)"
1559194346,2400,2213,103,1,1,128,1,1,16,0.000,0.000,,,,,NVIDIA A100-SXM4-40GB (0),1,,13,cupy_copy__complex64_complex64
1559755683,15296,2225,1434,1,1,128,1,1,16,0.000,0.000,,,,,NVIDIA A100-SXM4-40GB (0),1,,13,cupy_copy__complex64_complex64
1559801891,2272,2232,103,1,1,128,1,1,16,0.000,0.000,,,,,NVIDIA A100-SXM4-40GB (0),1,,13,cupy_copy__complex64_complex64
1560216030,79263,2239,1,1,1,32,32,1,30,0.000,0.000,,,,,NVIDIA A100-SXM4-40GB (0),1,,13,"void convert_kernel<__half2, float2>(tensor_layout_any, T1 *, tensor_layout_any, const T2 *)"
1560297789,12768,2241,,,,,,,,,,0.061,4811.981,Pinned,Device,NVIDIA A100-SXM4-40GB (0),1,,13,[CUDA memcpy Host-to-Device]
1560313757,46912,2242,,,,,,,,,,35.801,763133.263,Device,,NVIDIA A100-SXM4-40GB (0),1,,13,[CUDA memset]
1560367164,2496,2244,,,,,,,,,,0.000,32.051,Pinned,Device,NVIDIA A100-SXM4-40GB (0),1,,13,[CUDA memcpy Host-to-Device]
1560372188,23456,2245,,,,,,,,,,0.131,5587.993,Pinned,Device,NVIDIA A100-SXM4-40GB (0),1,,13,[CUDA memcpy Host-to-Device]
1560405660,8832,2246,273,1,1,48,1,1,40,0.000,0.001,,,,,NVIDIA A100-SXM4-40GB (0),1,,13,"void pusch_noise_intf_est::noiseIntfEstNoDftSOfdmKernel<float, __half, float, float, (unsigned int)2, (unsigned int)1, (unsigned char)4, (unsigned char)4>(pusch_noise_intf_est::puschRxNoiseIntfEstDynDescr)"
1560424508,2560,2257,35,1,1,128,1,1,16,0.000,0.000,,,,,NVIDIA A100-SXM4-40GB (0),1,,13,cupy_copy__complex64_complex64
1631117089,1568,2272,1,1,1,1,1,1,18,0.000,0.000,,,,,NVIDIA A100-SXM4-40GB (0),1,,13,cupy_copy__float32_float32
1631254079,2432,2278,,,,,,,,,,0.000,1.645,Device,Pageable,NVIDIA A100-SXM4-40GB (0),1,,7,[CUDA memcpy Device-to-Host]
1631401022,15679,2289,1434,1,1,128,1,1,16,0.000,0.000,,,,,NVIDIA A100-SXM4-40GB (0),1,,13,cupy_copy__complex64_complex64
1631438653,2688,2296,103,1,1,128,1,1,16,0.000,0.000,,,,,NVIDIA A100-SXM4-40GB (0),1,,13,cupy_copy__complex64_complex64
1631470461,2144,2303,35,1,1,128,1,1,16,0.000,0.000,,,,,NVIDIA A100-SXM4-40GB (0),1,,13,cupy_copy__complex64_complex64
1631492860,1760,2310,1,1,1,1,1,1,18,0.000,0.000,,,,,NVIDIA A100-SXM4-40GB (0),1,,13,cupy_copy__float32_float32
1631732410,79647,2321,1,1,1,32,32,1,30,0.000,0.000,,,,,NVIDIA A100-SXM4-40GB (0),1,,13,"void convert_kernel<__half2, float2>(tensor_layout_any, T1 *, tensor_layout_any, const T2 *)"
1631820313,12128,2323,,,,,,,,,,0.061,5065.912,Pinned,Device,NVIDIA A100-SXM4-40GB (0),1,,13,[CUDA memcpy Host-to-Device]
1631836281,3904,2324,,,,,,,,,,1.547,396163.098,Device,,NVIDIA A100-SXM4-40GB (0),1,,13,[CUDA memset]
1631840761,5919,2329,,,,,,,,,,0.021,3557.348,Pinned,Device,NVIDIA A100-SXM4-40GB (0),1,,13,[CUDA memcpy Host-to-Device]
1631849176,23392,2330,,,,,,,,,,0.131,5603.197,Pinned,Device,NVIDIA A100-SXM4-40GB (0),1,,13,[CUDA memcpy Host-to-Device]
1631882136,6048,2331,273,1,1,8,4,1,39,0.002,0.000,,,,,NVIDIA A100-SXM4-40GB (0),1,,13,"void channel_eq::eqMmseCoefCompLowMimoKernel<float, float, float, (unsigned int)4, (unsigned int)1, (unsigned int)4>(const channel_eq::_puschRxChEqStatDescr *, channel_eq::_puschRxChEqCoefCompDynDescr)"
1631889272,5312,2332,273,1,1,12,11,1,40,0.002,0.000,,,,,NVIDIA A100-SXM4-40GB (0),1,,13,"void channel_eq::eqMmseSoftDemapKernel<float, __half, __half, float, (unsigned int)4, (unsigned short)16383>(channel_eq::_puschRxChEqStatDescr *, channel_eq::_puschRxChEqSoftDemapDynDescr)"
1631895608,280605,2333,1,1,1,32,32,1,30,0.000,0.000,,,,,NVIDIA A100-SXM4-40GB (0),1,,13,"void convert_kernel<float2, __half2>(tensor_layout_any, T1 *, tensor_layout_any, const T2 *)"
1705542044,12415,2351,2253,1,1,128,1,1,16,0.000,0.000,,,,,NVIDIA A100-SXM4-40GB (0),1,,13,cupy_copy__float16_float16
1705682714,2656,2360,282,1,1,128,1,1,16,0.000,0.000,,,,,NVIDIA A100-SXM4-40GB (0),1,,13,cupy_copy__complex64_complex64
1777156566,1856,2375,26,1,1,128,1,1,16,0.000,0.000,,,,,NVIDIA A100-SXM4-40GB (0),1,,13,cupy_copy__float32_float32
1777317684,2912,2384,103,1,1,128,1,1,16,0.000,0.000,,,,,NVIDIA A100-SXM4-40GB (0),1,,13,cupy_copy__complex64_complex64
1777459315,13984,2394,1434,1,1,128,1,1,16,0.000,0.000,,,,,NVIDIA A100-SXM4-40GB (0),1,,13,cupy_copy__complex64_complex64
1778073644,79615,2399,1,1,1,32,32,1,30,0.000,0.000,,,,,NVIDIA A100-SXM4-40GB (0),1,,13,"void convert_kernel<__half2, float2>(tensor_layout_any, T1 *, tensor_layout_any, const T2 *)"
1778205834,12160,2402,,,,,,,,,,0.061,5052.580,Pinned,Device,NVIDIA A100-SXM4-40GB (0),1,,13,[CUDA memcpy Host-to-Device]
1778227530,588089,2403,,,,,,,,,,456.520,776084.816,Device,,NVIDIA A100-SXM4-40GB (0),1,,13,[CUDA memset]
1778817731,131839,2408,,,,,,,,,,0.825,6260.234,Pinned,Device,NVIDIA A100-SXM4-40GB (0),1,,13,[CUDA memcpy Host-to-Device]
1778952162,22656,2409,,,,,,,,,,0.131,5785.256,Pinned,Device,NVIDIA A100-SXM4-40GB (0),1,,13,[CUDA memcpy Host-to-Device]
1778979074,7295,2410,69,4,1,48,1,1,76,0.002,0.000,,,,,NVIDIA A100-SXM4-40GB (0),1,,13,"void ch_est::windowedChEstPreNoDftSOfdmKernel<float, __half, float, (unsigned int)2, (unsigned int)1, (unsigned short)4>(ch_est::puschRxChEstStatDescr_t *, ch_est::puschRxChEstDynDescr_t *)"
1778987521,6176,2411,137,2,1,24,2,1,44,0.001,0.001,,,,,NVIDIA A100-SXM4-40GB (0),1,,13,"void ch_est::chEstFilterNoDftSOfdmDispatchKernel<float, __half, float, (unsigned int)2>(ch_est::puschRxChEstStatDescr_t *, ch_est::puschRxChEstDynDescr_t *)"
1778994657,4736,2412,137,2,1,24,2,1,44,0.001,0.001,,,,,NVIDIA A100-SXM4-40GB (0),1,,13,"void ch_est::chEstFilterNoDftSOfdmDispatchKernel<float, __half, float, (unsigned int)2>(ch_est::puschRxChEstStatDescr_t *, ch_est::puschRxChEstDynDescr_t *)"
1779000481,2368,2423,103,1,1,128,1,1,16,0.000,0.000,,,,,NVIDIA A100-SXM4-40GB (0),1,,13,cupy_copy__complex64_complex64
1779004033,15424,2433,1434,1,1,128,1,1,16,0.000,0.000,,,,,NVIDIA A100-SXM4-40GB (0),1,,13,cupy_copy__complex64_complex64
1779020385,2240,2440,103,1,1,128,1,1,16,0.000,0.000,,,,,NVIDIA A100-SXM4-40GB (0),1,,13,cupy_copy__complex64_complex64
1779023553,78783,2447,1,1,1,32,32,1,30,0.000,0.000,,,,,NVIDIA A100-SXM4-40GB (0),1,,13,"void convert_kernel<__half2, float2>(tensor_layout_any, T1 *, tensor_layout_any, const T2 *)"
1779135104,12352,2450,,,,,,,,,,0.061,4974.060,Pinned,Device,NVIDIA A100-SXM4-40GB (0),1,,13,[CUDA memcpy Host-to-Device]
1779154368,46015,2451,,,,,,,,,,35.801,778026.463,Device,,NVIDIA A100-SXM4-40GB (0),1,,13,[CUDA memset]
1779203743,2112,2453,,,,,,,,,,0.000,37.879,Pinned,Device,NVIDIA A100-SXM4-40GB (0),1,,13,[CUDA memcpy Host-to-Device]
1779209087,22624,2454,,,,,,,,,,0.131,5793.382,Pinned,Device,NVIDIA A100-SXM4-40GB (0),1,,13,[CUDA memcpy Host-to-Device]
1779237151,8672,2455,273,1,1,48,1,1,40,0.000,0.001,,,,,NVIDIA A100-SXM4-40GB (0),1,,13,"void pusch_noise_intf_est::noiseIntfEstNoDftSOfdmKernel<float, __half, float, float, (unsigned int)2, (unsigned int)1, (unsigned char)4, (unsigned char)4>(pusch_noise_intf_est::puschRxNoiseIntfEstDynDescr)"
1779246975,2816,2466,35,1,1,128,1,1,16,0.000,0.000,,,,,NVIDIA A100-SXM4-40GB (0),1,,13,cupy_copy__complex64_complex64
1779285886,1568,2475,1,1,1,1,1,1,18,0.000,0.000,,,,,NVIDIA A100-SXM4-40GB (0),1,,13,cupy_copy__float32_float32
1779349629,1856,2481,,,,,,,,,,0.000,2.155,Device,Pageable,NVIDIA A100-SXM4-40GB (0),1,,7,[CUDA memcpy Device-to-Host]
1779428669,15295,2492,1434,1,1,128,1,1,16,0.000,0.000,,,,,NVIDIA A100-SXM4-40GB (0),1,,13,cupy_copy__complex64_complex64
1779462172,2496,2499,103,1,1,128,1,1,16,0.000,0.000,,,,,NVIDIA A100-SXM4-40GB (0),1,,13,cupy_copy__complex64_complex64
1779486140,2144,2506,35,1,1,128,1,1,16,0.000,0.000,,,,,NVIDIA A100-SXM4-40GB (0),1,,13,cupy_copy__complex64_complex64
1779507196,1536,2513,1,1,1,1,1,1,18,0.000,0.000,,,,,NVIDIA A100-SXM4-40GB (0),1,,13,cupy_copy__float32_float32
1779653434,78495,2524,1,1,1,32,32,1,30,0.000,0.000,,,,,NVIDIA A100-SXM4-40GB (0),1,,13,"void convert_kernel<__half2, float2>(tensor_layout_any, T1 *, tensor_layout_any, const T2 *)"
1779764601,11968,2527,,,,,,,,,,0.061,5133.681,Pinned,Device,NVIDIA A100-SXM4-40GB (0),1,,13,[CUDA memcpy Host-to-Device]
1779786008,3392,2528,,,,,,,,,,1.547,455961.768,Device,,NVIDIA A100-SXM4-40GB (0),1,,13,[CUDA memset]
1779809048,3552,2533,,,,,,,,,,0.021,5927.917,Pinned,Device,NVIDIA A100-SXM4-40GB (0),1,,13,[CUDA memcpy Host-to-Device]
1779820440,23328,2534,,,,,,,,,,0.131,5618.532,Pinned,Device,NVIDIA A100-SXM4-40GB (0),1,,13,[CUDA memcpy Host-to-Device]
1779852568,6048,2535,273,1,1,8,4,1,39,0.002,0.000,,,,,NVIDIA A100-SXM4-40GB (0),1,,13,"void channel_eq::eqMmseCoefCompLowMimoKernel<float, float, float, (unsigned int)4, (unsigned int)1, (unsigned int)4>(const channel_eq::_puschRxChEqStatDescr *, channel_eq::_puschRxChEqCoefCompDynDescr)"
1779859672,5216,2536,273,1,1,12,11,1,40,0.002,0.000,,,,,NVIDIA A100-SXM4-40GB (0),1,,13,"void channel_eq::eqMmseSoftDemapKernel<float, __half, __half, float, (unsigned int)4, (unsigned short)16383>(channel_eq::_puschRxChEqStatDescr *, channel_eq::_puschRxChEqSoftDemapDynDescr)"
1779865976,281116,2537,1,1,1,32,32,1,30,0.000,0.000,,,,,NVIDIA A100-SXM4-40GB (0),1,,13,"void convert_kernel<float2, __half2>(tensor_layout_any, T1 *, tensor_layout_any, const T2 *)"
1780148020,12640,2549,2253,1,1,128,1,1,16,0.000,0.000,,,,,NVIDIA A100-SXM4-40GB (0),1,,13,cupy_copy__float16_float16
1780161748,2656,2558,282,1,1,128,1,1,16,0.000,0.000,,,,,NVIDIA A100-SXM4-40GB (0),1,,13,cupy_copy__complex64_complex64
1780165364,1856,2567,26,1,1,128,1,1,16,0.000,0.000,,,,,NVIDIA A100-SXM4-40GB (0),1,,13,cupy_copy__float32_float32
1780168308,2848,2576,103,1,1,128,1,1,16,0.000,0.000,,,,,NVIDIA A100-SXM4-40GB (0),1,,13,cupy_copy__complex64_complex64
1780172212,13984,2586,1434,1,1,128,1,1,16,0.000,0.000,,,,,NVIDIA A100-SXM4-40GB (0),1,,13,cupy_copy__complex64_complex64
1780220852,79999,2591,1,1,1,32,32,1,30,0.000,0.000,,,,,NVIDIA A100-SXM4-40GB (0),1,,13,"void convert_kernel<__half2, float2>(tensor_layout_any, T1 *, tensor_layout_any, const T2 *)"
1780333074,11712,2594,,,,,,,,,,0.061,5245.870,Pinned,Device,NVIDIA A100-SXM4-40GB (0),1,,13,[CUDA memcpy Host-to-Device]
1780355314,587897,2595,,,,,,,,,,456.520,776084.816,Device,,NVIDIA A100-SXM4-40GB (0),1,,13,[CUDA memset]
1780945579,131615,2600,,,,,,,,,,0.825,6270.138,Pinned,Device,NVIDIA A100-SXM4-40GB (0),1,,13,[CUDA memcpy Host-to-Device]
1781079914,22624,2601,,,,,,,,,,0.131,5793.382,Pinned,Device,NVIDIA A100-SXM4-40GB (0),1,,13,[CUDA memcpy Host-to-Device]
1781106186,7264,2602,69,4,1,48,1,1,76,0.002,0.000,,,,,NVIDIA A100-SXM4-40GB (0),1,,13,"void ch_est::windowedChEstPreNoDftSOfdmKernel<float, __half, float, (unsigned int)2, (unsigned int)1, (unsigned short)4>(ch_est::puschRxChEstStatDescr_t *, ch_est::puschRxChEstDynDescr_t *)"
1781115178,5791,2603,137,2,1,24,2,1,44,0.001,0.001,,,,,NVIDIA A100-SXM4-40GB (0),1,,13,"void ch_est::chEstFilterNoDftSOfdmDispatchKernel<float, __half, float, (unsigned int)2>(ch_est::puschRxChEstStatDescr_t *, ch_est::puschRxChEstDynDescr_t *)"
1781121961,4704,2604,137,2,1,24,2,1,44,0.001,0.001,,,,,NVIDIA A100-SXM4-40GB (0),1,,13,"void ch_est::chEstFilterNoDftSOfdmDispatchKernel<float, __half, float, (unsigned int)2>(ch_est::puschRxChEstStatDescr_t *, ch_est::puschRxChEstDynDescr_t *)"
1781127785,2336,2615,103,1,1,128,1,1,16,0.000,0.000,,,,,NVIDIA A100-SXM4-40GB (0),1,,13,cupy_copy__complex64_complex64
1781131145,15264,2625,1434,1,1,128,1,1,16,0.000,0.000,,,,,NVIDIA A100-SXM4-40GB (0),1,,13,cupy_copy__complex64_complex64
1781147401,2304,2632,103,1,1,128,1,1,16,0.000,0.000,,,,,NVIDIA A100-SXM4-40GB (0),1,,13,cupy_copy__complex64_complex64
1781150889,78751,2639,1,1,1,32,32,1,30,0.000,0.000,,,,,NVIDIA A100-SXM4-40GB (0),1,,13,"void convert_kernel<__half2, float2>(tensor_layout_any, T1 *, tensor_layout_any, const T2 *)"
1781261032,12064,2642,,,,,,,,,,0.061,5092.823,Pinned,Device,NVIDIA A100-SXM4-40GB (0),1,,13,[CUDA memcpy Host-to-Device]
1781283016,45663,2643,,,,,,,,,,35.801,784005.223,Device,,NVIDIA A100-SXM4-40GB (0),1,,13,[CUDA memset]
1781335943,2368,2645,,,,,,,,,,0.000,33.784,Pinned,Device,NVIDIA A100-SXM4-40GB (0),1,,13,[CUDA memcpy Host-to-Device]
1781341735,22976,2646,,,,,,,,,,0.131,5704.647,Pinned,Device,NVIDIA A100-SXM4-40GB (0),1,,13,[CUDA memcpy Host-to-Device]
1781369095,8576,2647,273,1,1,48,1,1,40,0.000,0.001,,,,,NVIDIA A100-SXM4-40GB (0),1,,13,"void pusch_noise_intf_est::noiseIntfEstNoDftSOfdmKernel<float, __half, float, float, (unsigned int)2, (unsigned int)1, (unsigned char)4, (unsigned char)4>(pusch_noise_intf_est::puschRxNoiseIntfEstDynDescr)"
1781378727,2784,2658,35,1,1,128,1,1,16,0.000,0.000,,,,,NVIDIA A100-SXM4-40GB (0),1,,13,cupy_copy__complex64_complex64
1781399718,1600,2667,1,1,1,1,1,1,18,0.000,0.000,,,,,NVIDIA A100-SXM4-40GB (0),1,,13,cupy_copy__float32_float32
1781438150,1632,2673,,,,,,,,,,0.000,2.451,Device,Pageable,NVIDIA A100-SXM4-40GB (0),1,,7,[CUDA memcpy Device-to-Host]
1781504229,15328,2684,1434,1,1,128,1,1,16,0.000,0.000,,,,,NVIDIA A100-SXM4-40GB (0),1,,13,cupy_copy__complex64_complex64
1781531749,2496,2691,103,1,1,128,1,1,16,0.000,0.000,,,,,NVIDIA A100-SXM4-40GB (0),1,,13,cupy_copy__complex64_complex64
1781553285,2144,2698,35,1,1,128,1,1,16,0.000,0.000,,,,,NVIDIA A100-SXM4-40GB (0),1,,13,cupy_copy__complex64_complex64
1781572740,1536,2705,1,1,1,1,1,1,18,0.000,0.000,,,,,NVIDIA A100-SXM4-40GB (0),1,,13,cupy_copy__float32_float32
1781712355,79327,2716,1,1,1,32,32,1,30,0.000,0.000,,,,,NVIDIA A100-SXM4-40GB (0),1,,13,"void convert_kernel<__half2, float2>(tensor_layout_any, T1 *, tensor_layout_any, const T2 *)"
1782017823,11840,2719,,,,,,,,,,0.061,5189.161,Pinned,Device,NVIDIA A100-SXM4-40GB (0),1,,13,[CUDA memcpy Host-to-Device]
1782037759,3296,2720,,,,,,,,,,1.547,469242.628,Device,,NVIDIA A100-SXM4-40GB (0),1,,13,[CUDA memset]
1782046591,10592,2725,,,,,,,,,,0.021,1987.897,Pinned,Device,NVIDIA A100-SXM4-40GB (0),1,,13,[CUDA memcpy Host-to-Device]
1782059775,22720,2726,,,,,,,,,,0.131,5769.003,Pinned,Device,NVIDIA A100-SXM4-40GB (0),1,,13,[CUDA memcpy Host-to-Device]
1782091999,6047,2727,273,1,1,8,4,1,39,0.002,0.000,,,,,NVIDIA A100-SXM4-40GB (0),1,,13,"void channel_eq::eqMmseCoefCompLowMimoKernel<float, float, float, (unsigned int)4, (unsigned int)1, (unsigned int)4>(const channel_eq::_puschRxChEqStatDescr *, channel_eq::_puschRxChEqCoefCompDynDescr)"
1782099166,5184,2728,273,1,1,12,11,1,40,0.002,0.000,,,,,NVIDIA A100-SXM4-40GB (0),1,,13,"void channel_eq::eqMmseSoftDemapKernel<float, __half, __half, float, (unsigned int)4, (unsigned short)16383>(channel_eq::_puschRxChEqStatDescr *, channel_eq::_puschRxChEqSoftDemapDynDescr)"
1782105406,281373,2729,1,1,1,32,32,1,30,0.000,0.000,,,,,NVIDIA A100-SXM4-40GB (0),1,,13,"void convert_kernel<float2, __half2>(tensor_layout_any, T1 *, tensor_layout_any, const T2 *)"
1782387931,12384,2741,2253,1,1,128,1,1,16,0.000,0.000,,,,,NVIDIA A100-SXM4-40GB (0),1,,13,cupy_copy__float16_float16
1782401499,2624,2750,282,1,1,128,1,1,16,0.000,0.000,,,,,NVIDIA A100-SXM4-40GB (0),1,,13,cupy_copy__complex64_complex64
1782405115,1856,2759,26,1,1,128,1,1,16,0.000,0.000,,,,,NVIDIA A100-SXM4-40GB (0),1,,13,cupy_copy__float32_float32
1782408059,2848,2768,103,1,1,128,1,1,16,0.000,0.000,,,,,NVIDIA A100-SXM4-40GB (0),1,,13,cupy_copy__complex64_complex64
1782411867,14016,2778,1434,1,1,128,1,1,16,0.000,0.000,,,,,NVIDIA A100-SXM4-40GB (0),1,,13,cupy_copy__complex64_complex64
1782577305,79999,2783,1,1,1,32,32,1,30,0.000,0.000,,,,,NVIDIA A100-SXM4-40GB (0),1,,13,"void convert_kernel<__half2, float2>(tensor_layout_any, T1 *, tensor_layout_any, const T2 *)"
1782690456,11776,2786,,,,,,,,,,0.061,5217.362,Pinned,Device,NVIDIA A100-SXM4-40GB (0),1,,13,[CUDA memcpy Host-to-Device]
1782712536,587353,2787,,,,,,,,,,456.520,776997.857,Device,,NVIDIA A100-SXM4-40GB (0),1,,13,[CUDA memset]
1783302801,131934,2792,,,,,,,,,,0.825,6255.282,Pinned,Device,NVIDIA A100-SXM4-40GB (0),1,,13,[CUDA memcpy Host-to-Device]
1783437871,22656,2793,,,,,,,,,,0.131,5785.256,Pinned,Device,NVIDIA A100-SXM4-40GB (0),1,,13,[CUDA memcpy Host-to-Device]
1783471311,7232,2794,69,4,1,48,1,1,76,0.002,0.000,,,,,NVIDIA A100-SXM4-40GB (0),1,,13,"void ch_est::windowedChEstPreNoDftSOfdmKernel<float, __half, float, (unsigned int)2, (unsigned int)1, (unsigned short)4>(ch_est::puschRxChEstStatDescr_t *, ch_est::puschRxChEstDynDescr_t *)"
1783480367,5856,2795,137,2,1,24,2,1,44,0.001,0.001,,,,,NVIDIA A100-SXM4-40GB (0),1,,13,"void ch_est::chEstFilterNoDftSOfdmDispatchKernel<float, __half, float, (unsigned int)2>(ch_est::puschRxChEstStatDescr_t *, ch_est::puschRxChEstDynDescr_t *)"
1783487215,4736,2796,137,2,1,24,2,1,44,0.001,0.001,,,,,NVIDIA A100-SXM4-40GB (0),1,,13,"void ch_est::chEstFilterNoDftSOfdmDispatchKernel<float, __half, float, (unsigned int)2>(ch_est::puschRxChEstStatDescr_t *, ch_est::puschRxChEstDynDescr_t *)"
1783493039,2368,2807,103,1,1,128,1,1,16,0.000,0.000,,,,,NVIDIA A100-SXM4-40GB (0),1,,13,cupy_copy__complex64_complex64
1783496399,15168,2817,1434,1,1,128,1,1,16,0.000,0.000,,,,,NVIDIA A100-SXM4-40GB (0),1,,13,cupy_copy__complex64_complex64
1783512527,2240,2824,103,1,1,128,1,1,16,0.000,0.000,,,,,NVIDIA A100-SXM4-40GB (0),1,,13,cupy_copy__complex64_complex64
1783515791,79135,2831,1,1,1,32,32,1,30,0.000,0.000,,,,,NVIDIA A100-SXM4-40GB (0),1,,13,"void convert_kernel<__half2, float2>(tensor_layout_any, T1 *, tensor_layout_any, const T2 *)"
1783765708,11712,2834,,,,,,,,,,0.061,5245.870,Pinned,Device,NVIDIA A100-SXM4-40GB (0),1,,13,[CUDA memcpy Host-to-Device]
1783785676,45951,2835,,,,,,,,,,35.801,779100.492,Device,,NVIDIA A100-SXM4-40GB (0),1,,13,[CUDA memset]
1783832619,2560,2837,,,,,,,,,,0.000,31.250,Pinned,Device,NVIDIA A100-SXM4-40GB (0),1,,13,[CUDA memcpy Host-to-Device]
1783838315,22624,2838,,,,,,,,,,0.131,5793.382,Pinned,Device,NVIDIA A100-SXM4-40GB (0),1,,13,[CUDA memcpy Host-to-Device]
1783869675,9247,2839,273,1,1,48,1,1,40,0.000,0.001,,,,,NVIDIA A100-SXM4-40GB (0),1,,13,"void pusch_noise_intf_est::noiseIntfEstNoDftSOfdmKernel<float, __half, float, float, (unsigned int)2, (unsigned int)1, (unsigned char)4, (unsigned char)4>(pusch_noise_intf_est::puschRxNoiseIntfEstDynDescr)"
1783880170,2560,2850,35,1,1,128,1,1,16,0.000,0.000,,,,,NVIDIA A100-SXM4-40GB (0),1,,13,cupy_copy__complex64_complex64
1783885578,1568,2859,1,1,1,1,1,1,18,0.000,0.000,,,,,NVIDIA A100-SXM4-40GB (0),1,,13,cupy_copy__float32_float32
1783924490,1984,2865,,,,,,,,,,0.000,2.016,Device,Pageable,NVIDIA A100-SXM4-40GB (0),1,,7,[CUDA memcpy Device-to-Host]
1783986089,15584,2876,1434,1,1,128,1,1,16,0.000,0.000,,,,,NVIDIA A100-SXM4-40GB (0),1,,13,cupy_copy__complex64_complex64
1784014409,2560,2883,103,1,1,128,1,1,16,0.000,0.000,,,,,NVIDIA A100-SXM4-40GB (0),1,,13,cupy_copy__complex64_complex64
1784036137,2080,2890,35,1,1,128,1,1,16,0.000,0.000,,,,,NVIDIA A100-SXM4-40GB (0),1,,13,cupy_copy__complex64_complex64
1784055080,1536,2897,1,1,1,1,1,1,18,0.000,0.000,,,,,NVIDIA A100-SXM4-40GB (0),1,,13,cupy_copy__float32_float32
1784333061,79711,2908,1,1,1,32,32,1,30,0.000,0.000,,,,,NVIDIA A100-SXM4-40GB (0),1,,13,"void convert_kernel<__half2, float2>(tensor_layout_any, T1 *, tensor_layout_any, const T2 *)"
1784446404,11808,2911,,,,,,,,,,0.061,5203.231,Pinned,Device,NVIDIA A100-SXM4-40GB (0),1,,13,[CUDA memcpy Host-to-Device]
1784464324,3392,2912,,,,,,,,,,1.547,455961.768,Device,,NVIDIA A100-SXM4-40GB (0),1,,13,[CUDA memset]
1784471300,10880,2917,,,,,,,,,,0.021,1935.278,Pinned,Device,NVIDIA A100-SXM4-40GB (0),1,,13,[CUDA memcpy Host-to-Device]
1784485348,23071,2918,,,,,,,,,,0.131,5681.185,Pinned,Device,NVIDIA A100-SXM4-40GB (0),1,,13,[CUDA memcpy Host-to-Device]
1784517859,6016,2919,273,1,1,8,4,1,39,0.002,0.000,,,,,NVIDIA A100-SXM4-40GB (0),1,,13,"void channel_eq::eqMmseCoefCompLowMimoKernel<float, float, float, (unsigned int)4, (unsigned int)1, (unsigned int)4>(const channel_eq::_puschRxChEqStatDescr *, channel_eq::_puschRxChEqCoefCompDynDescr)"
1784525091,5280,2920,273,1,1,12,11,1,40,0.002,0.000,,,,,NVIDIA A100-SXM4-40GB (0),1,,13,"void channel_eq::eqMmseSoftDemapKernel<float, __half, __half, float, (unsigned int)4, (unsigned short)16383>(channel_eq::_puschRxChEqStatDescr *, channel_eq::_puschRxChEqSoftDemapDynDescr)"
1784531331,281693,2921,1,1,1,32,32,1,30,0.000,0.000,,,,,NVIDIA A100-SXM4-40GB (0),1,,13,"void convert_kernel<float2, __half2>(tensor_layout_any, T1 *, tensor_layout_any, const T2 *)"
1784814016,12320,2933,2253,1,1,128,1,1,16,0.000,0.000,,,,,NVIDIA A100-SXM4-40GB (0),1,,13,cupy_copy__float16_float16
1784827328,2624,2942,282,1,1,128,1,1,16,0.000,0.000,,,,,NVIDIA A100-SXM4-40GB (0),1,,13,cupy_copy__complex64_complex64
1784831008,1856,2951,26,1,1,128,1,1,16,0.000,0.000,,,,,NVIDIA A100-SXM4-40GB (0),1,,13,cupy_copy__float32_float32
1784833952,2848,2960,103,1,1,128,1,1,16,0.000,0.000,,,,,NVIDIA A100-SXM4-40GB (0),1,,13,cupy_copy__complex64_complex64
1784837760,14048,2970,1434,1,1,128,1,1,16,0.000,0.000,,,,,NVIDIA A100-SXM4-40GB (0),1,,13,cupy_copy__complex64_complex64
1784874943,79807,2975,1,1,1,32,32,1,30,0.000,0.000,,,,,NVIDIA A100-SXM4-40GB (0),1,,13,"void convert_kernel<__half2, float2>(tensor_layout_any, T1 *, tensor_layout_any, const T2 *)"
1784985950,11712,2978,,,,,,,,,,0.061,5245.870,Pinned,Device,NVIDIA A100-SXM4-40GB (0),1,,13,[CUDA memcpy Host-to-Device]
1785008318,587641,2979,,,,,,,,,,456.520,776541.336,Device,,NVIDIA A100-SXM4-40GB (0),1,,13,[CUDA memset]
1785601655,131999,2984,,,,,,,,,,0.825,6251.981,Pinned,Device,NVIDIA A100-SXM4-40GB (0),1,,13,[CUDA memcpy Host-to-Device]
1785737014,22655,2985,,,,,,,,,,0.131,5785.518,Pinned,Device,NVIDIA A100-SXM4-40GB (0),1,,13,[CUDA memcpy Host-to-Device]
1785766101,7392,2986,69,4,1,48,1,1,76,0.002,0.000,,,,,NVIDIA A100-SXM4-40GB (0),1,,13,"void ch_est::windowedChEstPreNoDftSOfdmKernel<float, __half, float, (unsigned int)2, (unsigned int)1, (unsigned short)4>(ch_est::puschRxChEstStatDescr_t *, ch_est::puschRxChEstDynDescr_t *)"
1785775093,5984,2987,137,2,1,24,2,1,44,0.001,0.001,,,,,NVIDIA A100-SXM4-40GB (0),1,,13,"void ch_est::chEstFilterNoDftSOfdmDispatchKernel<float, __half, float, (unsigned int)2>(ch_est::puschRxChEstStatDescr_t *, ch_est::puschRxChEstDynDescr_t *)"
1785782037,4736,2988,137,2,1,24,2,1,44,0.001,0.001,,,,,NVIDIA A100-SXM4-40GB (0),1,,13,"void ch_est::chEstFilterNoDftSOfdmDispatchKernel<float, __half, float, (unsigned int)2>(ch_est::puschRxChEstStatDescr_t *, ch_est::puschRxChEstDynDescr_t *)"
1785787765,2336,2999,103,1,1,128,1,1,16,0.000,0.000,,,,,NVIDIA A100-SXM4-40GB (0),1,,13,cupy_copy__complex64_complex64
1785791125,15264,3009,1434,1,1,128,1,1,16,0.000,0.000,,,,,NVIDIA A100-SXM4-40GB (0),1,,13,cupy_copy__complex64_complex64
1785807445,2272,3016,103,1,1,128,1,1,16,0.000,0.000,,,,,NVIDIA A100-SXM4-40GB (0),1,,13,cupy_copy__complex64_complex64
1785810837,79455,3023,1,1,1,32,32,1,30,0.000,0.000,,,,,NVIDIA A100-SXM4-40GB (0),1,,13,"void convert_kernel<__half2, float2>(tensor_layout_any, T1 *, tensor_layout_any, const T2 *)"
1785920084,11775,3026,,,,,,,,,,0.061,5217.792,Pinned,Device,NVIDIA A100-SXM4-40GB (0),1,,13,[CUDA memcpy Host-to-Device]
1785942195,45792,3027,,,,,,,,,,35.801,781785.564,Device,,NVIDIA A100-SXM4-40GB (0),1,,13,[CUDA memset]
1785994835,2272,3029,,,,,,,,,,0.000,35.211,Pinned,Device,NVIDIA A100-SXM4-40GB (0),1,,13,[CUDA memcpy Host-to-Device]
1785999699,22655,3030,,,,,,,,,,0.131,5785.518,Pinned,Device,NVIDIA A100-SXM4-40GB (0),1,,13,[CUDA memcpy Host-to-Device]
1786026194,8672,3031,273,1,1,48,1,1,40,0.000,0.001,,,,,NVIDIA A100-SXM4-40GB (0),1,,13,"void pusch_noise_intf_est::noiseIntfEstNoDftSOfdmKernel<float, __half, float, float, (unsigned int)2, (unsigned int)1, (unsigned char)4, (unsigned char)4>(pusch_noise_intf_est::puschRxNoiseIntfEstDynDescr)"
1786035954,2688,3042,35,1,1,128,1,1,16,0.000,0.000,,,,,NVIDIA A100-SXM4-40GB (0),1,,13,cupy_copy__complex64_complex64
1786051858,1600,3051,1,1,1,1,1,1,18,0.000,0.000,,,,,NVIDIA A100-SXM4-40GB (0),1,,13,cupy_copy__float32_float32
1786087890,1728,3057,,,,,,,,,,0.000,2.315,Device,Pageable,NVIDIA A100-SXM4-40GB (0),1,,7,[CUDA memcpy Device-to-Host]
1786148625,15392,3068,1434,1,1,128,1,1,16,0.000,0.000,,,,,NVIDIA A100-SXM4-40GB (0),1,,13,cupy_copy__complex64_complex64
1786176657,2560,3075,103,1,1,128,1,1,16,0.000,0.000,,,,,NVIDIA A100-SXM4-40GB (0),1,,13,cupy_copy__complex64_complex64
1786198576,2144,3082,35,1,1,128,1,1,16,0.000,0.000,,,,,NVIDIA A100-SXM4-40GB (0),1,,13,cupy_copy__complex64_complex64
1786217008,1536,3089,1,1,1,1,1,1,18,0.000,0.000,,,,,NVIDIA A100-SXM4-40GB (0),1,,13,cupy_copy__float32_float32
1786353007,79455,3100,1,1,1,32,32,1,30,0.000,0.000,,,,,NVIDIA A100-SXM4-40GB (0),1,,13,"void convert_kernel<__half2, float2>(tensor_layout_any, T1 *, tensor_layout_any, const T2 *)"
1786462893,11744,3103,,,,,,,,,,0.061,5231.555,Pinned,Device,NVIDIA A100-SXM4-40GB (0),1,,13,[CUDA memcpy Host-to-Device]
1786479405,3296,3104,,,,,,,,,,1.547,469242.628,Device,,NVIDIA A100-SXM4-40GB (0),1,,13,[CUDA memset]
1786488333,10176,3109,,,,,,,,,,0.021,2069.173,Pinned,Device,NVIDIA A100-SXM4-40GB (0),1,,13,[CUDA memcpy Host-to-Device]
1786501549,23008,3110,,,,,,,,,,0.131,5696.782,Pinned,Device,NVIDIA A100-SXM4-40GB (0),1,,13,[CUDA memcpy Host-to-Device]
1786534061,6080,3111,273,1,1,8,4,1,39,0.002,0.000,,,,,NVIDIA A100-SXM4-40GB (0),1,,13,"void channel_eq::eqMmseCoefCompLowMimoKernel<float, float, float, (unsigned int)4, (unsigned int)1, (unsigned int)4>(const channel_eq::_puschRxChEqStatDescr *, channel_eq::_puschRxChEqCoefCompDynDescr)"
1786541229,5311,3112,273,1,1,12,11,1,40,0.002,0.000,,,,,NVIDIA A100-SXM4-40GB (0),1,,13,"void channel_eq::eqMmseSoftDemapKernel<float, __half, __half, float, (unsigned int)4, (unsigned short)16383>(channel_eq::_puschRxChEqStatDescr *, channel_eq::_puschRxChEqSoftDemapDynDescr)"
1786547564,281373,3113,1,1,1,32,32,1,30,0.000,0.000,,,,,NVIDIA A100-SXM4-40GB (0),1,,13,"void convert_kernel<float2, __half2>(tensor_layout_any, T1 *, tensor_layout_any, const T2 *)"
1786830057,12480,3125,2253,1,1,128,1,1,16,0.000,0.000,,,,,NVIDIA A100-SXM4-40GB (0),1,,13,cupy_copy__float16_float16
1786843593,2624,3134,282,1,1,128,1,1,16,0.000,0.000,,,,,NVIDIA A100-SXM4-40GB (0),1,,13,cupy_copy__complex64_complex64
1786847209,1856,3143,26,1,1,128,1,1,16,0.000,0.000,,,,,NVIDIA A100-SXM4-40GB (0),1,,13,cupy_copy__float32_float32
1786849993,2880,3152,103,1,1,128,1,1,16,0.000,0.000,,,,,NVIDIA A100-SXM4-40GB (0),1,,13,cupy_copy__complex64_complex64
1786853833,14048,3162,1434,1,1,128,1,1,16,0.000,0.000,,,,,NVIDIA A100-SXM4-40GB (0),1,,13,cupy_copy__complex64_complex64
1786877321,79135,3167,1,1,1,32,32,1,30,0.000,0.000,,,,,NVIDIA A100-SXM4-40GB (0),1,,13,"void convert_kernel<__half2, float2>(tensor_layout_any, T1 *, tensor_layout_any, const T2 *)"
1786985288,12223,3170,,,,,,,,,,0.061,5026.529,Pinned,Device,NVIDIA A100-SXM4-40GB (0),1,,13,[CUDA memcpy Host-to-Device]
1787008167,588026,3171,,,,,,,,,,456.520,776084.816,Device,,NVIDIA A100-SXM4-40GB (0),1,,13,[CUDA memset]
1787597729,132030,3176,,,,,,,,,,0.825,6251.155,Pinned,Device,NVIDIA A100-SXM4-40GB (0),1,,13,[CUDA memcpy Host-to-Device]
1787732895,22752,3177,,,,,,,,,,0.131,5760.877,Pinned,Device,NVIDIA A100-SXM4-40GB (0),1,,13,[CUDA memcpy Host-to-Device]
1787760799,7200,3178,69,4,1,48,1,1,76,0.002,0.000,,,,,NVIDIA A100-SXM4-40GB (0),1,,13,"void ch_est::windowedChEstPreNoDftSOfdmKernel<float, __half, float, (unsigned int)2, (unsigned int)1, (unsigned short)4>(ch_est::puschRxChEstStatDescr_t *, ch_est::puschRxChEstDynDescr_t *)"
1787769567,5696,3179,137,2,1,24,2,1,44,0.001,0.001,,,,,NVIDIA A100-SXM4-40GB (0),1,,13,"void ch_est::chEstFilterNoDftSOfdmDispatchKernel<float, __half, float, (unsigned int)2>(ch_est::puschRxChEstStatDescr_t *, ch_est::puschRxChEstDynDescr_t *)"
1787776287,4736,3180,137,2,1,24,2,1,44,0.001,0.001,,,,,NVIDIA A100-SXM4-40GB (0),1,,13,"void ch_est::chEstFilterNoDftSOfdmDispatchKernel<float, __half, float, (unsigned int)2>(ch_est::puschRxChEstStatDescr_t *, ch_est::puschRxChEstDynDescr_t *)"
1787782111,2304,3191,103,1,1,128,1,1,16,0.000,0.000,,,,,NVIDIA A100-SXM4-40GB (0),1,,13,cupy_copy__complex64_complex64
1787785375,15263,3201,1434,1,1,128,1,1,16,0.000,0.000,,,,,NVIDIA A100-SXM4-40GB (0),1,,13,cupy_copy__complex64_complex64
1787801726,2240,3208,103,1,1,128,1,1,16,0.000,0.000,,,,,NVIDIA A100-SXM4-40GB (0),1,,13,cupy_copy__complex64_complex64
1787805150,78783,3215,1,1,1,32,32,1,30,0.000,0.000,,,,,NVIDIA A100-SXM4-40GB (0),1,,13,"void convert_kernel<__half2, float2>(tensor_layout_any, T1 *, tensor_layout_any, const T2 *)"
1788057531,11744,3218,,,,,,,,,,0.061,5231.555,Pinned,Device,NVIDIA A100-SXM4-40GB (0),1,,13,[CUDA memcpy Host-to-Device]
1788077211,46368,3219,,,,,,,,,,35.801,772083.503,Device,,NVIDIA A100-SXM4-40GB (0),1,,13,[CUDA memset]
1788125755,2368,3221,,,,,,,,,,0.000,33.784,Pinned,Device,NVIDIA A100-SXM4-40GB (0),1,,13,[CUDA memcpy Host-to-Device]
1788130459,22719,3222,,,,,,,,,,0.131,5769.265,Pinned,Device,NVIDIA A100-SXM4-40GB (0),1,,13,[CUDA memcpy Host-to-Device]
1788162202,9376,3223,273,1,1,48,1,1,40,0.000,0.001,,,,,NVIDIA A100-SXM4-40GB (0),1,,13,"void pusch_noise_intf_est::noiseIntfEstNoDftSOfdmKernel<float, __half, float, float, (unsigned int)2, (unsigned int)1, (unsigned char)4, (unsigned char)4>(pusch_noise_intf_est::puschRxNoiseIntfEstDynDescr)"
1788172634,2624,3234,35,1,1,128,1,1,16,0.000,0.000,,,,,NVIDIA A100-SXM4-40GB (0),1,,13,cupy_copy__complex64_complex64
1788177050,1536,3243,1,1,1,1,1,1,18,0.000,0.000,,,,,NVIDIA A100-SXM4-40GB (0),1,,13,cupy_copy__float32_float32
1788212250,1696,3249,,,,,,,,,,0.000,2.358,Device,Pageable,NVIDIA A100-SXM4-40GB (0),1,,7,[CUDA memcpy Device-to-Host]
1788274393,15360,3260,1434,1,1,128,1,1,16,0.000,0.000,,,,,NVIDIA A100-SXM4-40GB (0),1,,13,cupy_copy__complex64_complex64
1788301881,2528,3267,103,1,1,128,1,1,16,0.000,0.000,,,,,NVIDIA A100-SXM4-40GB (0),1,,13,cupy_copy__complex64_complex64
1788323384,2112,3274,35,1,1,128,1,1,16,0.000,0.000,,,,,NVIDIA A100-SXM4-40GB (0),1,,13,cupy_copy__complex64_complex64
1788342936,1536,3281,1,1,1,1,1,1,18,0.000,0.000,,,,,NVIDIA A100-SXM4-40GB (0),1,,13,cupy_copy__float32_float32
1788616789,78495,3292,1,1,1,32,32,1,30,0.000,0.000,,,,,NVIDIA A100-SXM4-40GB (0),1,,13,"void convert_kernel<__half2, float2>(tensor_layout_any, T1 *, tensor_layout_any, const T2 *)"
1788727060,12192,3295,,,,,,,,,,0.061,5039.309,Pinned,Device,NVIDIA A100-SXM4-40GB (0),1,,13,[CUDA memcpy Host-to-Device]
1788745204,3328,3296,,,,,,,,,,1.547,464729.580,Device,,NVIDIA A100-SXM4-40GB (0),1,,13,[CUDA memset]
1788752020,10624,3301,,,,,,,,,,0.021,1981.917,Pinned,Device,NVIDIA A100-SXM4-40GB (0),1,,13,[CUDA memcpy Host-to-Device]
1788765267,22848,3302,,,,,,,,,,0.131,5736.628,Pinned,Device,NVIDIA A100-SXM4-40GB (0),1,,13,[CUDA memcpy Host-to-Device]
1788797107,6048,3303,273,1,1,8,4,1,39,0.002,0.000,,,,,NVIDIA A100-SXM4-40GB (0),1,,13,"void channel_eq::eqMmseCoefCompLowMimoKernel<float, float, float, (unsigned int)4, (unsigned int)1, (unsigned int)4>(const channel_eq::_puschRxChEqStatDescr *, channel_eq::_puschRxChEqCoefCompDynDescr)"
1788804339,5184,3304,273,1,1,12,11,1,40,0.002,0.000,,,,,NVIDIA A100-SXM4-40GB (0),1,,13,"void channel_eq::eqMmseSoftDemapKernel<float, __half, __half, float, (unsigned int)4, (unsigned short)16383>(channel_eq::_puschRxChEqStatDescr *, channel_eq::_puschRxChEqSoftDemapDynDescr)"
1788810611,281213,3305,1,1,1,32,32,1,30,0.000,0.000,,,,,NVIDIA A100-SXM4-40GB (0),1,,13,"void convert_kernel<float2, __half2>(tensor_layout_any, T1 *, tensor_layout_any, const T2 *)"
1789092944,12384,3317,2253,1,1,128,1,1,16,0.000,0.000,,,,,NVIDIA A100-SXM4-40GB (0),1,,13,cupy_copy__float16_float16
1789106416,2624,3326,282,1,1,128,1,1,16,0.000,0.000,,,,,NVIDIA A100-SXM4-40GB (0),1,,13,cupy_copy__complex64_complex64
1789110000,1888,3335,26,1,1,128,1,1,16,0.000,0.000,,,,,NVIDIA A100-SXM4-40GB (0),1,,13,cupy_copy__float32_float32
1789112944,2848,3344,103,1,1,128,1,1,16,0.000,0.000,,,,,NVIDIA A100-SXM4-40GB (0),1,,13,cupy_copy__complex64_complex64
1789116816,13951,3354,1434,1,1,128,1,1,16,0.000,0.000,,,,,NVIDIA A100-SXM4-40GB (0),1,,13,cupy_copy__complex64_complex64
1789151215,78655,3359,1,1,1,32,32,1,30,0.000,0.000,,,,,NVIDIA A100-SXM4-40GB (0),1,,13,"void convert_kernel<__half2, float2>(tensor_layout_any, T1 *, tensor_layout_any, const T2 *)"
1789400204,11776,3362,,,,,,,,,,0.061,5217.362,Pinned,Device,NVIDIA A100-SXM4-40GB (0),1,,13,[CUDA memcpy Host-to-Device]
1789418636,588538,3363,,,,,,,,,,456.520,775628.296,Device,,NVIDIA A100-SXM4-40GB (0),1,,13,[CUDA memset]
1790012997,132191,3368,,,,,,,,,,0.825,6242.902,Pinned,Device,NVIDIA A100-SXM4-40GB (0),1,,13,[CUDA memcpy Host-to-Device]
1790147780,23296,3369,,,,,,,,,,0.131,5626.266,Pinned,Device,NVIDIA A100-SXM4-40GB (0),1,,13,[CUDA memcpy Host-to-Device]
1790179492,8000,3370,69,4,1,48,1,1,76,0.002,0.000,,,,,NVIDIA A100-SXM4-40GB (0),1,,13,"void ch_est::windowedChEstPreNoDftSOfdmKernel<float, __half, float, (unsigned int)2, (unsigned int)1, (unsigned short)4>(ch_est::puschRxChEstStatDescr_t *, ch_est::puschRxChEstDynDescr_t *)"
1790189123,6048,3371,137,2,1,24,2,1,44,0.001,0.001,,,,,NVIDIA A100-SXM4-40GB (0),1,,13,"void ch_est::chEstFilterNoDftSOfdmDispatchKernel<float, __half, float, (unsigned int)2>(ch_est::puschRxChEstStatDescr_t *, ch_est::puschRxChEstDynDescr_t *)"
1790196387,4704,3372,137,2,1,24,2,1,44,0.001,0.001,,,,,NVIDIA A100-SXM4-40GB (0),1,,13,"void ch_est::chEstFilterNoDftSOfdmDispatchKernel<float, __half, float, (unsigned int)2>(ch_est::puschRxChEstStatDescr_t *, ch_est::puschRxChEstDynDescr_t *)"
1790202179,2368,3383,103,1,1,128,1,1,16,0.000,0.000,,,,,NVIDIA A100-SXM4-40GB (0),1,,13,cupy_copy__complex64_complex64
1790205571,15360,3393,1434,1,1,128,1,1,16,0.000,0.000,,,,,NVIDIA A100-SXM4-40GB (0),1,,13,cupy_copy__complex64_complex64
1790222115,2272,3400,103,1,1,128,1,1,16,0.000,0.000,,,,,NVIDIA A100-SXM4-40GB (0),1,,13,cupy_copy__complex64_complex64
1790225603,79711,3407,1,1,1,32,32,1,30,0.000,0.000,,,,,NVIDIA A100-SXM4-40GB (0),1,,13,"void convert_kernel<__half2, float2>(tensor_layout_any, T1 *, tensor_layout_any, const T2 *)"
1790338562,11744,3410,,,,,,,,,,0.061,5231.555,Pinned,Device,NVIDIA A100-SXM4-40GB (0),1,,13,[CUDA memcpy Host-to-Device]
1790360706,46271,3411,,,,,,,,,,35.801,773694.547,Device,,NVIDIA A100-SXM4-40GB (0),1,,13,[CUDA memset]
1790414625,2112,3413,,,,,,,,,,0.000,37.879,Pinned,Device,NVIDIA A100-SXM4-40GB (0),1,,13,[CUDA memcpy Host-to-Device]
1790418849,23104,3414,,,,,,,,,,0.131,5673.058,Pinned,Device,NVIDIA A100-SXM4-40GB (0),1,,13,[CUDA memcpy Host-to-Device]
1790450849,8895,3415,273,1,1,48,1,1,40,0.000,0.001,,,,,NVIDIA A100-SXM4-40GB (0),1,,13,"void pusch_noise_intf_est::noiseIntfEstNoDftSOfdmKernel<float, __half, float, float, (unsigned int)2, (unsigned int)1, (unsigned char)4, (unsigned char)4>(pusch_noise_intf_est::puschRxNoiseIntfEstDynDescr)"
1790460960,2560,3426,35,1,1,128,1,1,16,0.000,0.000,,,,,NVIDIA A100-SXM4-40GB (0),1,,13,cupy_copy__complex64_complex64
1790473824,1600,3435,1,1,1,1,1,1,18,0.000,0.000,,,,,NVIDIA A100-SXM4-40GB (0),1,,13,cupy_copy__float32_float32
1790511456,1696,3441,,,,,,,,,,0.000,2.358,Device,Pageable,NVIDIA A100-SXM4-40GB (0),1,,7,[CUDA memcpy Device-to-Host]
1790571103,15328,3452,1434,1,1,128,1,1,16,0.000,0.000,,,,,NVIDIA A100-SXM4-40GB (0),1,,13,cupy_copy__complex64_complex64
1790598847,2496,3459,103,1,1,128,1,1,16,0.000,0.000,,,,,NVIDIA A100-SXM4-40GB (0),1,,13,cupy_copy__complex64_complex64
1790620863,2144,3466,35,1,1,128,1,1,16,0.000,0.000,,,,,NVIDIA A100-SXM4-40GB (0),1,,13,cupy_copy__complex64_complex64
1790640126,1600,3473,1,1,1,1,1,1,18,0.000,0.000,,,,,NVIDIA A100-SXM4-40GB (0),1,,13,cupy_copy__float32_float32
1790778077,78783,3484,1,1,1,32,32,1,30,0.000,0.000,,,,,NVIDIA A100-SXM4-40GB (0),1,,13,"void convert_kernel<__half2, float2>(tensor_layout_any, T1 *, tensor_layout_any, const T2 *)"
1790887100,11903,3487,,,,,,,,,,0.061,5161.697,Pinned,Device,NVIDIA A100-SXM4-40GB (0),1,,13,[CUDA memcpy Host-to-Device]
1790903771,3328,3488,,,,,,,,,,1.547,464729.580,Device,,NVIDIA A100-SXM4-40GB (0),1,,13,[CUDA memset]
1790910395,10272,3493,,,,,,,,,,0.021,2049.844,Pinned,Device,NVIDIA A100-SXM4-40GB (0),1,,13,[CUDA memcpy Host-to-Device]
1790923291,22848,3494,,,,,,,,,,0.131,5736.628,Pinned,Device,NVIDIA A100-SXM4-40GB (0),1,,13,[CUDA memcpy Host-to-Device]
1790955675,6144,3495,273,1,1,8,4,1,39,0.002,0.000,,,,,NVIDIA A100-SXM4-40GB (0),1,,13,"void channel_eq::eqMmseCoefCompLowMimoKernel<float, float, float, (unsigned int)4, (unsigned int)1, (unsigned int)4>(const channel_eq::_puschRxChEqStatDescr *, channel_eq::_puschRxChEqCoefCompDynDescr)"
1790962811,5120,3496,273,1,1,12,11,1,40,0.002,0.000,,,,,NVIDIA A100-SXM4-40GB (0),1,,13,"void channel_eq::eqMmseSoftDemapKernel<float, __half, __half, float, (unsigned int)4, (unsigned short)16383>(channel_eq::_puschRxChEqStatDescr *, channel_eq::_puschRxChEqSoftDemapDynDescr)"
1790968859,281085,3497,1,1,1,32,32,1,30,0.000,0.000,,,,,NVIDIA A100-SXM4-40GB (0),1,,13,"void convert_kernel<float2, __half2>(tensor_layout_any, T1 *, tensor_layout_any, const T2 *)"
1791251064,12415,3509,2253,1,1,128,1,1,16,0.000,0.000,,,,,NVIDIA A100-SXM4-40GB (0),1,,13,cupy_copy__float16_float16
1791264439,2624,3518,282,1,1,128,1,1,16,0.000,0.000,,,,,NVIDIA A100-SXM4-40GB (0),1,,13,cupy_copy__complex64_complex64
1791268055,1856,3527,26,1,1,128,1,1,16,0.000,0.000,,,,,NVIDIA A100-SXM4-40GB (0),1,,13,cupy_copy__float32_float32
1791270999,2848,3536,103,1,1,128,1,1,16,0.000,0.000,,,,,NVIDIA A100-SXM4-40GB (0),1,,13,cupy_copy__complex64_complex64
1791274839,13856,3546,1434,1,1,128,1,1,16,0.000,0.000,,,,,NVIDIA A100-SXM4-40GB (0),1,,13,cupy_copy__complex64_complex64
1791300279,79391,3551,1,1,1,32,32,1,30,0.000,0.000,,,,,NVIDIA A100-SXM4-40GB (0),1,,13,"void convert_kernel<__half2, float2>(tensor_layout_any, T1 *, tensor_layout_any, const T2 *)"
1791408086,11808,3554,,,,,,,,,,0.061,5203.231,Pinned,Device,NVIDIA A100-SXM4-40GB (0),1,,13,[CUDA memcpy Host-to-Device]
1791429782,587513,3555,,,,,,,,,,456.520,776997.857,Device,,NVIDIA A100-SXM4-40GB (0),1,,13,[CUDA memset]
1792019119,131934,3560,,,,,,,,,,0.825,6255.282,Pinned,Device,NVIDIA A100-SXM4-40GB (0),1,,13,[CUDA memcpy Host-to-Device]
1792153581,23328,3561,,,,,,,,,,0.131,5618.532,Pinned,Device,NVIDIA A100-SXM4-40GB (0),1,,13,[CUDA memcpy Host-to-Device]
1792181357,7264,3562,69,4,1,48,1,1,76,0.002,0.000,,,,,NVIDIA A100-SXM4-40GB (0),1,,13,"void ch_est::windowedChEstPreNoDftSOfdmKernel<float, __half, float, (unsigned int)2, (unsigned int)1, (unsigned short)4>(ch_est::puschRxChEstStatDescr_t *, ch_est::puschRxChEstDynDescr_t *)"
1792190477,6016,3563,137,2,1,24,2,1,44,0.001,0.001,,,,,NVIDIA A100-SXM4-40GB (0),1,,13,"void ch_est::chEstFilterNoDftSOfdmDispatchKernel<float, __half, float, (unsigned int)2>(ch_est::puschRxChEstStatDescr_t *, ch_est::puschRxChEstDynDescr_t *)"
1792197517,4736,3564,137,2,1,24,2,1,44,0.001,0.001,,,,,NVIDIA A100-SXM4-40GB (0),1,,13,"void ch_est::chEstFilterNoDftSOfdmDispatchKernel<float, __half, float, (unsigned int)2>(ch_est::puschRxChEstStatDescr_t *, ch_est::puschRxChEstDynDescr_t *)"
1792203341,2336,3575,103,1,1,128,1,1,16,0.000,0.000,,,,,NVIDIA A100-SXM4-40GB (0),1,,13,cupy_copy__complex64_complex64
1792206701,15360,3585,1434,1,1,128,1,1,16,0.000,0.000,,,,,NVIDIA A100-SXM4-40GB (0),1,,13,cupy_copy__complex64_complex64
1792222989,2240,3592,103,1,1,128,1,1,16,0.000,0.000,,,,,NVIDIA A100-SXM4-40GB (0),1,,13,cupy_copy__complex64_complex64
1792226285,78559,3599,1,1,1,32,32,1,30,0.000,0.000,,,,,NVIDIA A100-SXM4-40GB (0),1,,13,"void convert_kernel<__half2, float2>(tensor_layout_any, T1 *, tensor_layout_any, const T2 *)"
1792333515,11712,3602,,,,,,,,,,0.061,5245.870,Pinned,Device,NVIDIA A100-SXM4-40GB (0),1,,13,[CUDA memcpy Host-to-Device]
1792355467,45888,3603,,,,,,,,,,35.801,780174.520,Device,,NVIDIA A100-SXM4-40GB (0),1,,13,[CUDA memset]
1792402251,2080,3605,,,,,,,,,,0.000,38.462,Pinned,Device,NVIDIA A100-SXM4-40GB (0),1,,13,[CUDA memcpy Host-to-Device]
1792407499,22655,3606,,,,,,,,,,0.131,5785.518,Pinned,Device,NVIDIA A100-SXM4-40GB (0),1,,13,[CUDA memcpy Host-to-Device]
1792434282,8704,3607,273,1,1,48,1,1,40,0.000,0.001,,,,,NVIDIA A100-SXM4-40GB (0),1,,13,"void pusch_noise_intf_est::noiseIntfEstNoDftSOfdmKernel<float, __half, float, float, (unsigned int)2, (unsigned int)1, (unsigned char)4, (unsigned char)4>(pusch_noise_intf_est::puschRxNoiseIntfEstDynDescr)"
1792444106,2624,3618,35,1,1,128,1,1,16,0.000,0.000,,,,,NVIDIA A100-SXM4-40GB (0),1,,13,cupy_copy__complex64_complex64
1792461930,1536,3627,1,1,1,1,1,1,18,0.000,0.000,,,,,NVIDIA A100-SXM4-40GB (0),1,,13,cupy_copy__float32_float32
1792496938,1600,3633,,,,,,,,,,0.000,2.500,Device,Pageable,NVIDIA A100-SXM4-40GB (0),1,,7,[CUDA memcpy Device-to-Host]
1792557353,15360,3644,1434,1,1,128,1,1,16,0.000,0.000,,,,,NVIDIA A100-SXM4-40GB (0),1,,13,cupy_copy__complex64_complex64
1792584585,2528,3651,103,1,1,128,1,1,16,0.000,0.000,,,,,NVIDIA A100-SXM4-40GB (0),1,,13,cupy_copy__complex64_complex64
1792609224,2112,3658,35,1,1,128,1,1,16,0.000,0.000,,,,,NVIDIA A100-SXM4-40GB (0),1,,13,cupy_copy__complex64_complex64
1792630408,1504,3665,1,1,1,1,1,1,18,0.000,0.000,,,,,NVIDIA A100-SXM4-40GB (0),1,,13,cupy_copy__float32_float32
1792767110,78944,3676,1,1,1,32,32,1,30,0.000,0.000,,,,,NVIDIA A100-SXM4-40GB (0),1,,13,"void convert_kernel<__half2, float2>(tensor_layout_any, T1 *, tensor_layout_any, const T2 *)"
1792878021,11968,3679,,,,,,,,,,0.061,5133.681,Pinned,Device,NVIDIA A100-SXM4-40GB (0),1,,13,[CUDA memcpy Host-to-Device]
1792894789,3424,3680,,,,,,,,,,1.547,451700.819,Device,,NVIDIA A100-SXM4-40GB (0),1,,13,[CUDA memset]
1792900517,10656,3685,,,,,,,,,,0.021,1975.958,Pinned,Device,NVIDIA A100-SXM4-40GB (0),1,,13,[CUDA memcpy Host-to-Device]
1792914341,23680,3686,,,,,,,,,,0.131,5535.039,Pinned,Device,NVIDIA A100-SXM4-40GB (0),1,,13,[CUDA memcpy Host-to-Device]
1792947332,5984,3687,273,1,1,8,4,1,39,0.002,0.000,,,,,NVIDIA A100-SXM4-40GB (0),1,,13,"void channel_eq::eqMmseCoefCompLowMimoKernel<float, float, float, (unsigned int)4, (unsigned int)1, (unsigned int)4>(const channel_eq::_puschRxChEqStatDescr *, channel_eq::_puschRxChEqCoefCompDynDescr)"
1792954308,5216,3688,273,1,1,12,11,1,40,0.002,0.000,,,,,NVIDIA A100-SXM4-40GB (0),1,,13,"void channel_eq::eqMmseSoftDemapKernel<float, __half, __half, float, (unsigned int)4, (unsigned short)16383>(channel_eq::_puschRxChEqStatDescr *, channel_eq::_puschRxChEqSoftDemapDynDescr)"
1792960548,281181,3689,1,1,1,32,32,1,30,0.000,0.000,,,,,NVIDIA A100-SXM4-40GB (0),1,,13,"void convert_kernel<float2, __half2>(tensor_layout_any, T1 *, tensor_layout_any, const T2 *)"
1793242753,12512,3701,2253,1,1,128,1,1,16,0.000,0.000,,,,,NVIDIA A100-SXM4-40GB (0),1,,13,cupy_copy__float16_float16
1793256257,2624,3710,282,1,1,128,1,1,16,0.000,0.000,,,,,NVIDIA A100-SXM4-40GB (0),1,,13,cupy_copy__complex64_complex64
1793259841,1888,3719,26,1,1,128,1,1,16,0.000,0.000,,,,,NVIDIA A100-SXM4-40GB (0),1,,13,cupy_copy__float32_float32
1793262817,2848,3728,103,1,1,128,1,1,16,0.000,0.000,,,,,NVIDIA A100-SXM4-40GB (0),1,,13,cupy_copy__complex64_complex64
1793266593,14112,3738,1434,1,1,128,1,1,16,0.000,0.000,,,,,NVIDIA A100-SXM4-40GB (0),1,,13,cupy_copy__complex64_complex64
1793286241,79231,3743,1,1,1,32,32,1,30,0.000,0.000,,,,,NVIDIA A100-SXM4-40GB (0),1,,13,"void convert_kernel<__half2, float2>(tensor_layout_any, T1 *, tensor_layout_any, const T2 *)"
1793549054,11712,3746,,,,,,,,,,0.061,5245.870,Pinned,Device,NVIDIA A100-SXM4-40GB (0),1,,13,[CUDA memcpy Host-to-Device]
1793565598,588569,3747,,,,,,,,,,456.520,775628.296,Device,,NVIDIA A100-SXM4-40GB (0),1,,13,[CUDA memset]
1794157079,131678,3752,,,,,,,,,,0.825,6267.662,Pinned,Device,NVIDIA A100-SXM4-40GB (0),1,,13,[CUDA memcpy Host-to-Device]
1794290933,22688,3753,,,,,,,,,,0.131,5777.129,Pinned,Device,NVIDIA A100-SXM4-40GB (0),1,,13,[CUDA memcpy Host-to-Device]
1794324565,7360,3754,69,4,1,48,1,1,76,0.002,0.000,,,,,NVIDIA A100-SXM4-40GB (0),1,,13,"void ch_est::windowedChEstPreNoDftSOfdmKernel<float, __half, float, (unsigned int)2, (unsigned int)1, (unsigned short)4>(ch_est::puschRxChEstStatDescr_t *, ch_est::puschRxChEstDynDescr_t *)"
1794333557,5760,3755,137,2,1,24,2,1,44,0.001,0.001,,,,,NVIDIA A100-SXM4-40GB (0),1,,13,"void ch_est::chEstFilterNoDftSOfdmDispatchKernel<float, __half, float, (unsigned int)2>(ch_est::puschRxChEstStatDescr_t *, ch_est::puschRxChEstDynDescr_t *)"
1794340309,4736,3756,137,2,1,24,2,1,44,0.001,0.001,,,,,NVIDIA A100-SXM4-40GB (0),1,,13,"void ch_est::chEstFilterNoDftSOfdmDispatchKernel<float, __half, float, (unsigned int)2>(ch_est::puschRxChEstStatDescr_t *, ch_est::puschRxChEstDynDescr_t *)"
1794346037,2720,3767,103,1,1,128,1,1,16,0.000,0.000,,,,,NVIDIA A100-SXM4-40GB (0),1,,13,cupy_copy__complex64_complex64
1794349813,15456,3777,1434,1,1,128,1,1,16,0.000,0.000,,,,,NVIDIA A100-SXM4-40GB (0),1,,13,cupy_copy__complex64_complex64
1794366356,2272,3784,103,1,1,128,1,1,16,0.000,0.000,,,,,NVIDIA A100-SXM4-40GB (0),1,,13,cupy_copy__complex64_complex64
1794369844,79712,3791,1,1,1,32,32,1,30,0.000,0.000,,,,,NVIDIA A100-SXM4-40GB (0),1,,13,"void convert_kernel<__half2, float2>(tensor_layout_any, T1 *, tensor_layout_any, const T2 *)"
1794483955,12384,3794,,,,,,,,,,0.061,4961.219,Pinned,Device,NVIDIA A100-SXM4-40GB (0),1,,13,[CUDA memcpy Host-to-Device]
1794501491,46015,3795,,,,,,,,,,35.801,778026.463,Device,,NVIDIA A100-SXM4-40GB (0),1,,13,[CUDA memset]
1794555634,2112,3797,,,,,,,,,,0.000,37.879,Pinned,Device,NVIDIA A100-SXM4-40GB (0),1,,13,[CUDA memcpy Host-to-Device]
1794560786,22624,3798,,,,,,,,,,0.131,5793.382,Pinned,Device,NVIDIA A100-SXM4-40GB (0),1,,13,[CUDA memcpy Host-to-Device]
1794586738,8704,3799,273,1,1,48,1,1,40,0.000,0.001,,,,,NVIDIA A100-SXM4-40GB (0),1,,13,"void pusch_noise_intf_est::noiseIntfEstNoDftSOfdmKernel<float, __half, float, float, (unsigned int)2, (unsigned int)1, (unsigned char)4, (unsigned char)4>(pusch_noise_intf_est::puschRxNoiseIntfEstDynDescr)"
1794596402,2816,3810,35,1,1,128,1,1,16,0.000,0.000,,,,,NVIDIA A100-SXM4-40GB (0),1,,13,cupy_copy__complex64_complex64
1794617682,1568,3819,1,1,1,1,1,1,18,0.000,0.000,,,,,NVIDIA A100-SXM4-40GB (0),1,,13,cupy_copy__float32_float32
1794654033,1696,3825,,,,,,,,,,0.000,2.358,Device,Pageable,NVIDIA A100-SXM4-40GB (0),1,,7,[CUDA memcpy Device-to-Host]
1794714257,15359,3836,1434,1,1,128,1,1,16,0.000,0.000,,,,,NVIDIA A100-SXM4-40GB (0),1,,13,cupy_copy__complex64_complex64
1794741648,2496,3843,103,1,1,128,1,1,16,0.000,0.000,,,,,NVIDIA A100-SXM4-40GB (0),1,,13,cupy_copy__complex64_complex64
1794762800,2112,3850,35,1,1,128,1,1,16,0.000,0.000,,,,,NVIDIA A100-SXM4-40GB (0),1,,13,cupy_copy__complex64_complex64
1794780944,1568,3857,1,1,1,1,1,1,18,0.000,0.000,,,,,NVIDIA A100-SXM4-40GB (0),1,,13,cupy_copy__float32_float32
1794920814,78527,3868,1,1,1,32,32,1,30,0.000,0.000,,,,,NVIDIA A100-SXM4-40GB (0),1,,13,"void convert_kernel<__half2, float2>(tensor_layout_any, T1 *, tensor_layout_any, const T2 *)"
1795170027,11776,3871,,,,,,,,,,0.061,5217.362,Pinned,Device,NVIDIA A100-SXM4-40GB (0),1,,13,[CUDA memcpy Host-to-Device]
1795186251,3296,3872,,,,,,,,,,1.547,469242.628,Device,,NVIDIA A100-SXM4-40GB (0),1,,13,[CUDA memset]
1795190187,11040,3877,,,,,,,,,,0.021,1907.231,Pinned,Device,NVIDIA A100-SXM4-40GB (0),1,,13,[CUDA memcpy Host-to-Device]
1795204331,22688,3878,,,,,,,,,,0.131,5777.129,Pinned,Device,NVIDIA A100-SXM4-40GB (0),1,,13,[CUDA memcpy Host-to-Device]
1795235947,6112,3879,273,1,1,8,4,1,39,0.002,0.000,,,,,NVIDIA A100-SXM4-40GB (0),1,,13,"void channel_eq::eqMmseCoefCompLowMimoKernel<float, float, float, (unsigned int)4, (unsigned int)1, (unsigned int)4>(const channel_eq::_puschRxChEqStatDescr *, channel_eq::_puschRxChEqCoefCompDynDescr)"
1795243083,5312,3880,273,1,1,12,11,1,40,0.002,0.000,,,,,NVIDIA A100-SXM4-40GB (0),1,,13,"void channel_eq::eqMmseSoftDemapKernel<float, __half, __half, float, (unsigned int)4, (unsigned short)16383>(channel_eq::_puschRxChEqStatDescr *, channel_eq::_puschRxChEqSoftDemapDynDescr)"
1795249387,280732,3881,1,1,1,32,32,1,30,0.000,0.000,,,,,NVIDIA A100-SXM4-40GB (0),1,,13,"void convert_kernel<float2, __half2>(tensor_layout_any, T1 *, tensor_layout_any, const T2 *)"
1795531207,12576,3893,2253,1,1,128,1,1,16,0.000,0.000,,,,,NVIDIA A100-SXM4-40GB (0),1,,13,cupy_copy__float16_float16
1795544967,2624,3902,282,1,1,128,1,1,16,0.000,0.000,,,,,NVIDIA A100-SXM4-40GB (0),1,,13,cupy_copy__complex64_complex64
1795548583,1856,3911,26,1,1,128,1,1,16,0.000,0.000,,,,,NVIDIA A100-SXM4-40GB (0),1,,13,cupy_copy__float32_float32
1795551367,2912,3920,103,1,1,128,1,1,16,0.000,0.000,,,,,NVIDIA A100-SXM4-40GB (0),1,,13,cupy_copy__complex64_complex64
1795555495,14240,3930,1434,1,1,128,1,1,16,0.000,0.000,,,,,NVIDIA A100-SXM4-40GB (0),1,,13,cupy_copy__complex64_complex64
1795707909,79456,3935,1,1,1,32,32,1,30,0.000,0.000,,,,,NVIDIA A100-SXM4-40GB (0),1,,13,"void convert_kernel<__half2, float2>(tensor_layout_any, T1 *, tensor_layout_any, const T2 *)"
1795820196,11744,3938,,,,,,,,,,0.061,5231.555,Pinned,Device,NVIDIA A100-SXM4-40GB (0),1,,13,[CUDA memcpy Host-to-Device]
1795842116,587577,3939,,,,,,,,,,456.520,776541.336,Device,,NVIDIA A100-SXM4-40GB (0),1,,13,[CUDA memset]
1796431517,131647,3944,,,,,,,,,,0.825,6269.313,Pinned,Device,NVIDIA A100-SXM4-40GB (0),1,,13,[CUDA memcpy Host-to-Device]
1796566268,23295,3945,,,,,,,,,,0.131,5626.528,Pinned,Device,NVIDIA A100-SXM4-40GB (0),1,,13,[CUDA memcpy Host-to-Device]
1796592699,7168,3946,69,4,1,48,1,1,76,0.002,0.000,,,,,NVIDIA A100-SXM4-40GB (0),1,,13,"void ch_est::windowedChEstPreNoDftSOfdmKernel<float, __half, float, (unsigned int)2, (unsigned int)1, (unsigned short)4>(ch_est::puschRxChEstStatDescr_t *, ch_est::puschRxChEstDynDescr_t *)"
1796601435,5728,3947,137,2,1,24,2,1,44,0.001,0.001,,,,,NVIDIA A100-SXM4-40GB (0),1,,13,"void ch_est::chEstFilterNoDftSOfdmDispatchKernel<float, __half, float, (unsigned int)2>(ch_est::puschRxChEstStatDescr_t *, ch_est::puschRxChEstDynDescr_t *)"
1796608155,4736,3948,137,2,1,24,2,1,44,0.001,0.001,,,,,NVIDIA A100-SXM4-40GB (0),1,,13,"void ch_est::chEstFilterNoDftSOfdmDispatchKernel<float, __half, float, (unsigned int)2>(ch_est::puschRxChEstStatDescr_t *, ch_est::puschRxChEstDynDescr_t *)"
1796613979,2336,3959,103,1,1,128,1,1,16,0.000,0.000,,,,,NVIDIA A100-SXM4-40GB (0),1,,13,cupy_copy__complex64_complex64
1796617243,15392,3969,1434,1,1,128,1,1,16,0.000,0.000,,,,,NVIDIA A100-SXM4-40GB (0),1,,13,cupy_copy__complex64_complex64
1796633563,2272,3976,103,1,1,128,1,1,16,0.000,0.000,,,,,NVIDIA A100-SXM4-40GB (0),1,,13,cupy_copy__complex64_complex64
1796637019,78783,3983,1,1,1,32,32,1,30,0.000,0.000,,,,,NVIDIA A100-SXM4-40GB (0),1,,13,"void convert_kernel<__half2, float2>(tensor_layout_any, T1 *, tensor_layout_any, const T2 *)"
1796746138,12000,3986,,,,,,,,,,0.061,5119.980,Pinned,Device,NVIDIA A100-SXM4-40GB (0),1,,13,[CUDA memcpy Host-to-Device]
1796768825,45984,3987,,,,,,,,,,35.801,778527.676,Device,,NVIDIA A100-SXM4-40GB (0),1,,13,[CUDA memset]
1796821465,2112,3989,,,,,,,,,,0.000,37.879,Pinned,Device,NVIDIA A100-SXM4-40GB (0),1,,13,[CUDA memcpy Host-to-Device]
1796826713,22880,3990,,,,,,,,,,0.131,5728.633,Pinned,Device,NVIDIA A100-SXM4-40GB (0),1,,13,[CUDA memcpy Host-to-Device]
1796853817,8799,3991,273,1,1,48,1,1,40,0.000,0.001,,,,,NVIDIA A100-SXM4-40GB (0),1,,13,"void pusch_noise_intf_est::noiseIntfEstNoDftSOfdmKernel<float, __half, float, float, (unsigned int)2, (unsigned int)1, (unsigned char)4, (unsigned char)4>(pusch_noise_intf_est::puschRxNoiseIntfEstDynDescr)"
1796863608,2560,4002,35,1,1,128,1,1,16,0.000,0.000,,,,,NVIDIA A100-SXM4-40GB (0),1,,13,cupy_copy__complex64_complex64
1796873528,1568,4011,1,1,1,1,1,1,18,0.000,0.000,,,,,NVIDIA A100-SXM4-40GB (0),1,,13,cupy_copy__float32_float32
1796909240,1696,4017,,,,,,,,,,0.000,2.358,Device,Pageable,NVIDIA A100-SXM4-40GB (0),1,,7,[CUDA memcpy Device-to-Host]
1796970583,15392,4028,1434,1,1,128,1,1,16,0.000,0.000,,,,,NVIDIA A100-SXM4-40GB (0),1,,13,cupy_copy__complex64_complex64
1796998551,2528,4035,103,1,1,128,1,1,16,0.000,0.000,,,,,NVIDIA A100-SXM4-40GB (0),1,,13,cupy_copy__complex64_complex64
1797020983,2080,4042,35,1,1,128,1,1,16,0.000,0.000,,,,,NVIDIA A100-SXM4-40GB (0),1,,13,cupy_copy__complex64_complex64
1797040854,1504,4049,1,1,1,1,1,1,18,0.000,0.000,,,,,NVIDIA A100-SXM4-40GB (0),1,,13,cupy_copy__float32_float32
1797177237,78975,4060,1,1,1,32,32,1,30,0.000,0.000,,,,,NVIDIA A100-SXM4-40GB (0),1,,13,"void convert_kernel<__half2, float2>(tensor_layout_any, T1 *, tensor_layout_any, const T2 *)"
1797285908,11744,4063,,,,,,,,,,0.061,5231.555,Pinned,Device,NVIDIA A100-SXM4-40GB (0),1,,13,[CUDA memcpy Host-to-Device]
1797302547,3328,4064,,,,,,,,,,1.547,464729.580,Device,,NVIDIA A100-SXM4-40GB (0),1,,13,[CUDA memset]
1797308499,10432,4069,,,,,,,,,,0.021,2018.386,Pinned,Device,NVIDIA A100-SXM4-40GB (0),1,,13,[CUDA memcpy Host-to-Device]
1797322291,22944,4070,,,,,,,,,,0.131,5712.642,Pinned,Device,NVIDIA A100-SXM4-40GB (0),1,,13,[CUDA memcpy Host-to-Device]
1797354579,6080,4071,273,1,1,8,4,1,39,0.002,0.000,,,,,NVIDIA A100-SXM4-40GB (0),1,,13,"void channel_eq::eqMmseCoefCompLowMimoKernel<float, float, float, (unsigned int)4, (unsigned int)1, (unsigned int)4>(const channel_eq::_puschRxChEqStatDescr *, channel_eq::_puschRxChEqCoefCompDynDescr)"
1797361715,5248,4072,273,1,1,12,11,1,40,0.002,0.000,,,,,NVIDIA A100-SXM4-40GB (0),1,,13,"void channel_eq::eqMmseSoftDemapKernel<float, __half, __half, float, (unsigned int)4, (unsigned short)16383>(channel_eq::_puschRxChEqStatDescr *, channel_eq::_puschRxChEqSoftDemapDynDescr)"
1797367955,281245,4073,1,1,1,32,32,1,30,0.000,0.000,,,,,NVIDIA A100-SXM4-40GB (0),1,,13,"void convert_kernel<float2, __half2>(tensor_layout_any, T1 *, tensor_layout_any, const T2 *)"
1797650256,12703,4085,2253,1,1,128,1,1,16,0.000,0.000,,,,,NVIDIA A100-SXM4-40GB (0),1,,13,cupy_copy__float16_float16
1797664015,2624,4094,282,1,1,128,1,1,16,0.000,0.000,,,,,NVIDIA A100-SXM4-40GB (0),1,,13,cupy_copy__complex64_complex64
1797667631,1888,4103,26,1,1,128,1,1,16,0.000,0.000,,,,,NVIDIA A100-SXM4-40GB (0),1,,13,cupy_copy__float32_float32
1797670543,2880,4112,103,1,1,128,1,1,16,0.000,0.000,,,,,NVIDIA A100-SXM4-40GB (0),1,,13,cupy_copy__complex64_complex64
1797674415,14112,4122,1434,1,1,128,1,1,16,0.000,0.000,,,,,NVIDIA A100-SXM4-40GB (0),1,,13,cupy_copy__complex64_complex64
1797723247,79039,4127,1,1,1,32,32,1,30,0.000,0.000,,,,,NVIDIA A100-SXM4-40GB (0),1,,13,"void convert_kernel<__half2, float2>(tensor_layout_any, T1 *, tensor_layout_any, const T2 *)"
1797831214,12031,4130,,,,,,,,,,0.061,5106.770,Pinned,Device,NVIDIA A100-SXM4-40GB (0),1,,13,[CUDA memcpy Host-to-Device]
1797853229,588090,4131,,,,,,,,,,456.520,776084.816,Device,,NVIDIA A100-SXM4-40GB (0),1,,13,[CUDA memset]
1798446567,131582,4136,,,,,,,,,,0.825,6271.789,Pinned,Device,NVIDIA A100-SXM4-40GB (0),1,,13,[CUDA memcpy Host-to-Device]
1798580357,23008,4137,,,,,,,,,,0.131,5696.782,Pinned,Device,NVIDIA A100-SXM4-40GB (0),1,,13,[CUDA memcpy Host-to-Device]
1798612037,7360,4138,69,4,1,48,1,1,76,0.002,0.000,,,,,NVIDIA A100-SXM4-40GB (0),1,,13,"void ch_est::windowedChEstPreNoDftSOfdmKernel<float, __half, float, (unsigned int)2, (unsigned int)1, (unsigned short)4>(ch_est::puschRxChEstStatDescr_t *, ch_est::puschRxChEstDynDescr_t *)"
1798621061,5952,4139,137,2,1,24,2,1,44,0.001,0.001,,,,,NVIDIA A100-SXM4-40GB (0),1,,13,"void ch_est::chEstFilterNoDftSOfdmDispatchKernel<float, __half, float, (unsigned int)2>(ch_est::puschRxChEstStatDescr_t *, ch_est::puschRxChEstDynDescr_t *)"
1798627941,4736,4140,137,2,1,24,2,1,44,0.001,0.001,,,,,NVIDIA A100-SXM4-40GB (0),1,,13,"void ch_est::chEstFilterNoDftSOfdmDispatchKernel<float, __half, float, (unsigned int)2>(ch_est::puschRxChEstStatDescr_t *, ch_est::puschRxChEstDynDescr_t *)"
1798633765,2367,4151,103,1,1,128,1,1,16,0.000,0.000,,,,,NVIDIA A100-SXM4-40GB (0),1,,13,cupy_copy__complex64_complex64
1798637124,15520,4161,1434,1,1,128,1,1,16,0.000,0.000,,,,,NVIDIA A100-SXM4-40GB (0),1,,13,cupy_copy__complex64_complex64
1798653604,2272,4168,103,1,1,128,1,1,16,0.000,0.000,,,,,NVIDIA A100-SXM4-40GB (0),1,,13,cupy_copy__complex64_complex64
1798656996,78879,4175,1,1,1,32,32,1,30,0.000,0.000,,,,,NVIDIA A100-SXM4-40GB (0),1,,13,"void convert_kernel<__half2, float2>(tensor_layout_any, T1 *, tensor_layout_any, const T2 *)"
1798765859,11744,4178,,,,,,,,,,0.061,5231.555,Pinned,Device,NVIDIA A100-SXM4-40GB (0),1,,13,[CUDA memcpy Host-to-Device]
1798788131,46015,4179,,,,,,,,,,35.801,778026.463,Device,,NVIDIA A100-SXM4-40GB (0),1,,13,[CUDA memset]
1798840770,2208,4181,,,,,,,,,,0.000,36.232,Pinned,Device,NVIDIA A100-SXM4-40GB (0),1,,13,[CUDA memcpy Host-to-Device]
1798845122,22816,4182,,,,,,,,,,0.131,5744.624,Pinned,Device,NVIDIA A100-SXM4-40GB (0),1,,13,[CUDA memcpy Host-to-Device]
1798872098,8800,4183,273,1,1,48,1,1,40,0.000,0.001,,,,,NVIDIA A100-SXM4-40GB (0),1,,13,"void pusch_noise_intf_est::noiseIntfEstNoDftSOfdmKernel<float, __half, float, float, (unsigned int)2, (unsigned int)1, (unsigned char)4, (unsigned char)4>(pusch_noise_intf_est::puschRxNoiseIntfEstDynDescr)"
1798881986,2624,4194,35,1,1,128,1,1,16,0.000,0.000,,,,,NVIDIA A100-SXM4-40GB (0),1,,13,cupy_copy__complex64_complex64
1798890946,1568,4203,1,1,1,1,1,1,18,0.000,0.000,,,,,NVIDIA A100-SXM4-40GB (0),1,,13,cupy_copy__float32_float32
1798925921,1888,4209,,,,,,,,,,0.000,2.119,Device,Pageable,NVIDIA A100-SXM4-40GB (0),1,,7,[CUDA memcpy Device-to-Host]
1798985985,15295,4220,1434,1,1,128,1,1,16,0.000,0.000,,,,,NVIDIA A100-SXM4-40GB (0),1,,13,cupy_copy__complex64_complex64
1799013216,2496,4227,103,1,1,128,1,1,16,0.000,0.000,,,,,NVIDIA A100-SXM4-40GB (0),1,,13,cupy_copy__complex64_complex64
1799034624,2144,4234,35,1,1,128,1,1,16,0.000,0.000,,,,,NVIDIA A100-SXM4-40GB (0),1,,13,cupy_copy__complex64_complex64
1799053568,1536,4241,1,1,1,1,1,1,18,0.000,0.000,,,,,NVIDIA A100-SXM4-40GB (0),1,,13,cupy_copy__float32_float32
1799189214,79327,4252,1,1,1,32,32,1,30,0.000,0.000,,,,,NVIDIA A100-SXM4-40GB (0),1,,13,"void convert_kernel<__half2, float2>(tensor_layout_any, T1 *, tensor_layout_any, const T2 *)"
1799441019,11776,4255,,,,,,,,,,0.061,5217.362,Pinned,Device,NVIDIA A100-SXM4-40GB (0),1,,13,[CUDA memcpy Host-to-Device]
1799458331,3200,4256,,,,,,,,,,1.547,483320.000,Device,,NVIDIA A100-SXM4-40GB (0),1,,13,[CUDA memset]
1799469755,10464,4261,,,,,,,,,,0.021,2012.217,Pinned,Device,NVIDIA A100-SXM4-40GB (0),1,,13,[CUDA memcpy Host-to-Device]
1799483387,22656,4262,,,,,,,,,,0.131,5785.256,Pinned,Device,NVIDIA A100-SXM4-40GB (0),1,,13,[CUDA memcpy Host-to-Device]
1799515163,6112,4263,273,1,1,8,4,1,39,0.002,0.000,,,,,NVIDIA A100-SXM4-40GB (0),1,,13,"void channel_eq::eqMmseCoefCompLowMimoKernel<float, float, float, (unsigned int)4, (unsigned int)1, (unsigned int)4>(const channel_eq::_puschRxChEqStatDescr *, channel_eq::_puschRxChEqCoefCompDynDescr)"
1799522331,5215,4264,273,1,1,12,11,1,40,0.002,0.000,,,,,NVIDIA A100-SXM4-40GB (0),1,,13,"void channel_eq::eqMmseSoftDemapKernel<float, __half, __half, float, (unsigned int)4, (unsigned short)16383>(channel_eq::_puschRxChEqStatDescr *, channel_eq::_puschRxChEqSoftDemapDynDescr)"
1799528570,280893,4265,1,1,1,32,32,1,30,0.000,0.000,,,,,NVIDIA A100-SXM4-40GB (0),1,,13,"void convert_kernel<float2, __half2>(tensor_layout_any, T1 *, tensor_layout_any, const T2 *)"
1799810423,12384,4277,2253,1,1,128,1,1,16,0.000,0.000,,,,,NVIDIA A100-SXM4-40GB (0),1,,13,cupy_copy__float16_float16
1799823767,2624,4286,282,1,1,128,1,1,16,0.000,0.000,,,,,NVIDIA A100-SXM4-40GB (0),1,,13,cupy_copy__complex64_complex64
1799827383,1824,4295,26,1,1,128,1,1,16,0.000,0.000,,,,,NVIDIA A100-SXM4-40GB (0),1,,13,cupy_copy__float32_float32
1799830295,2880,4304,103,1,1,128,1,1,16,0.000,0.000,,,,,NVIDIA A100-SXM4-40GB (0),1,,13,cupy_copy__complex64_complex64
1799834103,13888,4314,1434,1,1,128,1,1,16,0.000,0.000,,,,,NVIDIA A100-SXM4-40GB (0),1,,13,cupy_copy__complex64_complex64
1799975381,78912,4319,1,1,1,32,32,1,30,0.000,0.000,,,,,NVIDIA A100-SXM4-40GB (0),1,,13,"void convert_kernel<__half2, float2>(tensor_layout_any, T1 *, tensor_layout_any, const T2 *)"
1800085812,11744,4322,,,,,,,,,,0.061,5231.555,Pinned,Device,NVIDIA A100-SXM4-40GB (0),1,,13,[CUDA memcpy Host-to-Device]
1800108052,587577,4323,,,,,,,,,,456.520,776541.336,Device,,NVIDIA A100-SXM4-40GB (0),1,,13,[CUDA memset]
1800703661,131903,4328,,,,,,,,,,0.825,6256.933,Pinned,Device,NVIDIA A100-SXM4-40GB (0),1,,13,[CUDA memcpy Host-to-Device]
1800838060,22815,4329,,,,,,,,,,0.131,5744.886,Pinned,Device,NVIDIA A100-SXM4-40GB (0),1,,13,[CUDA memcpy Host-to-Device]
1800868907,7232,4330,69,4,1,48,1,1,76,0.002,0.000,,,,,NVIDIA A100-SXM4-40GB (0),1,,13,"void ch_est::windowedChEstPreNoDftSOfdmKernel<float, __half, float, (unsigned int)2, (unsigned int)1, (unsigned short)4>(ch_est::puschRxChEstStatDescr_t *, ch_est::puschRxChEstDynDescr_t *)"
1800877963,5984,4331,137,2,1,24,2,1,44,0.001,0.001,,,,,NVIDIA A100-SXM4-40GB (0),1,,13,"void ch_est::chEstFilterNoDftSOfdmDispatchKernel<float, __half, float, (unsigned int)2>(ch_est::puschRxChEstStatDescr_t *, ch_est::puschRxChEstDynDescr_t *)"
1800885035,4736,4332,137,2,1,24,2,1,44,0.001,0.001,,,,,NVIDIA A100-SXM4-40GB (0),1,,13,"void ch_est::chEstFilterNoDftSOfdmDispatchKernel<float, __half, float, (unsigned int)2>(ch_est::puschRxChEstStatDescr_t *, ch_est::puschRxChEstDynDescr_t *)"
1800890859,2336,4343,103,1,1,128,1,1,16,0.000,0.000,,,,,NVIDIA A100-SXM4-40GB (0),1,,13,cupy_copy__complex64_complex64
1800894187,15168,4353,1434,1,1,128,1,1,16,0.000,0.000,,,,,NVIDIA A100-SXM4-40GB (0),1,,13,cupy_copy__complex64_complex64
1800910315,2240,4360,103,1,1,128,1,1,16,0.000,0.000,,,,,NVIDIA A100-SXM4-40GB (0),1,,13,cupy_copy__complex64_complex64
1800913611,79295,4367,1,1,1,32,32,1,30,0.000,0.000,,,,,NVIDIA A100-SXM4-40GB (0),1,,13,"void convert_kernel<__half2, float2>(tensor_layout_any, T1 *, tensor_layout_any, const T2 *)"
1801162504,12352,4370,,,,,,,,,,0.061,4974.060,Pinned,Device,NVIDIA A100-SXM4-40GB (0),1,,13,[CUDA memcpy Host-to-Device]
1801181192,46431,4371,,,,,,,,,,35.801,771045.276,Device,,NVIDIA A100-SXM4-40GB (0),1,,13,[CUDA memset]
1801229735,2112,4373,,,,,,,,,,0.000,37.879,Pinned,Device,NVIDIA A100-SXM4-40GB (0),1,,13,[CUDA memcpy Host-to-Device]
1801233959,22848,4374,,,,,,,,,,0.131,5736.628,Pinned,Device,NVIDIA A100-SXM4-40GB (0),1,,13,[CUDA memcpy Host-to-Device]
1801263143,9408,4375,273,1,1,48,1,1,40,0.000,0.001,,,,,NVIDIA A100-SXM4-40GB (0),1,,13,"void pusch_noise_intf_est::noiseIntfEstNoDftSOfdmKernel<float, __half, float, float, (unsigned int)2, (unsigned int)1, (unsigned char)4, (unsigned char)4>(pusch_noise_intf_est::puschRxNoiseIntfEstDynDescr)"
1801273543,2656,4386,35,1,1,128,1,1,16,0.000,0.000,,,,,NVIDIA A100-SXM4-40GB (0),1,,13,cupy_copy__complex64_complex64
1801279175,1536,4395,1,1,1,1,1,1,18,0.000,0.000,,,,,NVIDIA A100-SXM4-40GB (0),1,,13,cupy_copy__float32_float32
1801314214,1696,4401,,,,,,,,,,0.000,2.358,Device,Pageable,NVIDIA A100-SXM4-40GB (0),1,,7,[CUDA memcpy Device-to-Host]
1801376230,15359,4412,1434,1,1,128,1,1,16,0.000,0.000,,,,,NVIDIA A100-SXM4-40GB (0),1,,13,cupy_copy__complex64_complex64
1801413029,2528,4419,103,1,1,128,1,1,16,0.000,0.000,,,,,NVIDIA A100-SXM4-40GB (0),1,,13,cupy_copy__complex64_complex64
1801436549,2112,4426,35,1,1,128,1,1,16,0.000,0.000,,,,,NVIDIA A100-SXM4-40GB (0),1,,13,cupy_copy__complex64_complex64
1801456133,1504,4433,1,1,1,1,1,1,18,0.000,0.000,,,,,NVIDIA A100-SXM4-40GB (0),1,,13,cupy_copy__float32_float32
1801729474,78943,4444,1,1,1,32,32,1,30,0.000,0.000,,,,,NVIDIA A100-SXM4-40GB (0),1,,13,"void convert_kernel<__half2, float2>(tensor_layout_any, T1 *, tensor_layout_any, const T2 *)"
1801840576,11744,4447,,,,,,,,,,0.061,5231.555,Pinned,Device,NVIDIA A100-SXM4-40GB (0),1,,13,[CUDA memcpy Host-to-Device]
1801858048,3328,4448,,,,,,,,,,1.547,464729.580,Device,,NVIDIA A100-SXM4-40GB (0),1,,13,[CUDA memset]
1801864512,10528,4453,,,,,,,,,,0.021,1999.983,Pinned,Device,NVIDIA A100-SXM4-40GB (0),1,,13,[CUDA memcpy Host-to-Device]
1801877856,23424,4454,,,,,,,,,,0.131,5595.595,Pinned,Device,NVIDIA A100-SXM4-40GB (0),1,,13,[CUDA memcpy Host-to-Device]
1801910304,6016,4455,273,1,1,8,4,1,39,0.002,0.000,,,,,NVIDIA A100-SXM4-40GB (0),1,,13,"void channel_eq::eqMmseCoefCompLowMimoKernel<float, float, float, (unsigned int)4, (unsigned int)1, (unsigned int)4>(const channel_eq::_puschRxChEqStatDescr *, channel_eq::_puschRxChEqCoefCompDynDescr)"
1801917536,5376,4456,273,1,1,12,11,1,40,0.002,0.000,,,,,NVIDIA A100-SXM4-40GB (0),1,,13,"void channel_eq::eqMmseSoftDemapKernel<float, __half, __half, float, (unsigned int)4, (unsigned short)16383>(channel_eq::_puschRxChEqStatDescr *, channel_eq::_puschRxChEqSoftDemapDynDescr)"
1801924127,280829,4457,1,1,1,32,32,1,30,0.000,0.000,,,,,NVIDIA A100-SXM4-40GB (0),1,,13,"void convert_kernel<float2, __half2>(tensor_layout_any, T1 *, tensor_layout_any, const T2 *)"
1802205948,12448,4469,2253,1,1,128,1,1,16,0.000,0.000,,,,,NVIDIA A100-SXM4-40GB (0),1,,13,cupy_copy__float16_float16
1802219420,2656,4478,282,1,1,128,1,1,16,0.000,0.000,,,,,NVIDIA A100-SXM4-40GB (0),1,,13,cupy_copy__complex64_complex64
1802223132,1856,4487,26,1,1,128,1,1,16,0.000,0.000,,,,,NVIDIA A100-SXM4-40GB (0),1,,13,cupy_copy__float32_float32
1802226076,2848,4496,103,1,1,128,1,1,16,0.000,0.000,,,,,NVIDIA A100-SXM4-40GB (0),1,,13,cupy_copy__complex64_complex64
1802229884,13984,4506,1434,1,1,128,1,1,16,0.000,0.000,,,,,NVIDIA A100-SXM4-40GB (0),1,,13,cupy_copy__complex64_complex64
1802259900,79071,4511,1,1,1,32,32,1,30,0.000,0.000,,,,,NVIDIA A100-SXM4-40GB (0),1,,13,"void convert_kernel<__half2, float2>(tensor_layout_any, T1 *, tensor_layout_any, const T2 *)"
1802367803,12063,4514,,,,,,,,,,0.061,5093.253,Pinned,Device,NVIDIA A100-SXM4-40GB (0),1,,13,[CUDA memcpy Host-to-Device]
1802390522,588218,4515,,,,,,,,,,456.520,776084.816,Device,,NVIDIA A100-SXM4-40GB (0),1,,13,[CUDA memset]
1802983860,131902,4520,,,,,,,,,,0.825,6256.933,Pinned,Device,NVIDIA A100-SXM4-40GB (0),1,,13,[CUDA memcpy Host-to-Device]
1803117938,22624,4521,,,,,,,,,,0.131,5793.382,Pinned,Device,NVIDIA A100-SXM4-40GB (0),1,,13,[CUDA memcpy Host-to-Device]
1803144178,7296,4522,69,4,1,48,1,1,76,0.002,0.000,,,,,NVIDIA A100-SXM4-40GB (0),1,,13,"void ch_est::windowedChEstPreNoDftSOfdmKernel<float, __half, float, (unsigned int)2, (unsigned int)1, (unsigned short)4>(ch_est::puschRxChEstStatDescr_t *, ch_est::puschRxChEstDynDescr_t *)"
1803153170,5888,4523,137,2,1,24,2,1,44,0.001,0.001,,,,,NVIDIA A100-SXM4-40GB (0),1,,13,"void ch_est::chEstFilterNoDftSOfdmDispatchKernel<float, __half, float, (unsigned int)2>(ch_est::puschRxChEstStatDescr_t *, ch_est::puschRxChEstDynDescr_t *)"
1803160114,4736,4524,137,2,1,24,2,1,44,0.001,0.001,,,,,NVIDIA A100-SXM4-40GB (0),1,,13,"void ch_est::chEstFilterNoDftSOfdmDispatchKernel<float, __half, float, (unsigned int)2>(ch_est::puschRxChEstStatDescr_t *, ch_est::puschRxChEstDynDescr_t *)"
1803165842,2335,4535,103,1,1,128,1,1,16,0.000,0.000,,,,,NVIDIA A100-SXM4-40GB (0),1,,13,cupy_copy__complex64_complex64
1803169233,15296,4545,1434,1,1,128,1,1,16,0.000,0.000,,,,,NVIDIA A100-SXM4-40GB (0),1,,13,cupy_copy__complex64_complex64
1803185553,2304,4552,103,1,1,128,1,1,16,0.000,0.000,,,,,NVIDIA A100-SXM4-40GB (0),1,,13,cupy_copy__complex64_complex64
1803188945,79007,4559,1,1,1,32,32,1,30,0.000,0.000,,,,,NVIDIA A100-SXM4-40GB (0),1,,13,"void convert_kernel<__half2, float2>(tensor_layout_any, T1 *, tensor_layout_any, const T2 *)"
1803297776,11712,4562,,,,,,,,,,0.061,5245.870,Pinned,Device,NVIDIA A100-SXM4-40GB (0),1,,13,[CUDA memcpy Host-to-Device]
1803320304,45983,4563,,,,,,,,,,35.801,778563.477,Device,,NVIDIA A100-SXM4-40GB (0),1,,13,[CUDA memset]
1803370927,2080,4565,,,,,,,,,,0.000,38.462,Pinned,Device,NVIDIA A100-SXM4-40GB (0),1,,13,[CUDA memcpy Host-to-Device]
1803375887,22848,4566,,,,,,,,,,0.131,5736.628,Pinned,Device,NVIDIA A100-SXM4-40GB (0),1,,13,[CUDA memcpy Host-to-Device]
1803408399,8928,4567,273,1,1,48,1,1,40,0.000,0.001,,,,,NVIDIA A100-SXM4-40GB (0),1,,13,"void pusch_noise_intf_est::noiseIntfEstNoDftSOfdmKernel<float, __half, float, float, (unsigned int)2, (unsigned int)1, (unsigned char)4, (unsigned char)4>(pusch_noise_intf_est::puschRxNoiseIntfEstDynDescr)"
1803418383,2592,4578,35,1,1,128,1,1,16,0.000,0.000,,,,,NVIDIA A100-SXM4-40GB (0),1,,13,cupy_copy__complex64_complex64
1803422031,1600,4587,1,1,1,1,1,1,18,0.000,0.000,,,,,NVIDIA A100-SXM4-40GB (0),1,,13,cupy_copy__float32_float32
1803457134,1696,4593,,,,,,,,,,0.000,2.358,Device,Pageable,NVIDIA A100-SXM4-40GB (0),1,,7,[CUDA memcpy Device-to-Host]
1803518766,15423,4604,1434,1,1,128,1,1,16,0.000,0.000,,,,,NVIDIA A100-SXM4-40GB (0),1,,13,cupy_copy__complex64_complex64
1803546701,2496,4611,103,1,1,128,1,1,16,0.000,0.000,,,,,NVIDIA A100-SXM4-40GB (0),1,,13,cupy_copy__complex64_complex64
1803568077,2112,4618,35,1,1,128,1,1,16,0.000,0.000,,,,,NVIDIA A100-SXM4-40GB (0),1,,13,cupy_copy__complex64_complex64
1803586669,1536,4625,1,1,1,1,1,1,18,0.000,0.000,,,,,NVIDIA A100-SXM4-40GB (0),1,,13,cupy_copy__float32_float32
1803722795,78591,4636,1,1,1,32,32,1,30,0.000,0.000,,,,,NVIDIA A100-SXM4-40GB (0),1,,13,"void convert_kernel<__half2, float2>(tensor_layout_any, T1 *, tensor_layout_any, const T2 *)"
1803830826,12352,4639,,,,,,,,,,0.061,4974.060,Pinned,Device,NVIDIA A100-SXM4-40GB (0),1,,13,[CUDA memcpy Host-to-Device]
1803847402,3296,4640,,,,,,,,,,1.547,469242.628,Device,,NVIDIA A100-SXM4-40GB (0),1,,13,[CUDA memset]
1803860522,3584,4645,,,,,,,,,,0.021,5874.982,Pinned,Device,NVIDIA A100-SXM4-40GB (0),1,,13,[CUDA memcpy Host-to-Device]
1803871562,23583,4646,,,,,,,,,,0.131,5557.846,Pinned,Device,NVIDIA A100-SXM4-40GB (0),1,,13,[CUDA memcpy Host-to-Device]
1803903977,6080,4647,273,1,1,8,4,1,39,0.002,0.000,,,,,NVIDIA A100-SXM4-40GB (0),1,,13,"void channel_eq::eqMmseCoefCompLowMimoKernel<float, float, float, (unsigned int)4, (unsigned int)1, (unsigned int)4>(const channel_eq::_puschRxChEqStatDescr *, channel_eq::_puschRxChEqCoefCompDynDescr)"
1803911145,5152,4648,273,1,1,12,11,1,40,0.002,0.000,,,,,NVIDIA A100-SXM4-40GB (0),1,,13,"void channel_eq::eqMmseSoftDemapKernel<float, __half, __half, float, (unsigned int)4, (unsigned short)16383>(channel_eq::_puschRxChEqStatDescr *, channel_eq::_puschRxChEqSoftDemapDynDescr)"
1803917257,281501,4649,1,1,1,32,32,1,30,0.000,0.000,,,,,NVIDIA A100-SXM4-40GB (0),1,,13,"void convert_kernel<float2, __half2>(tensor_layout_any, T1 *, tensor_layout_any, const T2 *)"
1804199846,12416,4661,2253,1,1,128,1,1,16,0.000,0.000,,,,,NVIDIA A100-SXM4-40GB (0),1,,13,cupy_copy__float16_float16
1804213350,2592,4670,282,1,1,128,1,1,16,0.000,0.000,,,,,NVIDIA A100-SXM4-40GB (0),1,,13,cupy_copy__complex64_complex64
1804216934,1856,4679,26,1,1,128,1,1,16,0.000,0.000,,,,,NVIDIA A100-SXM4-40GB (0),1,,13,cupy_copy__float32_float32
1804219750,2880,4688,103,1,1,128,1,1,16,0.000,0.000,,,,,NVIDIA A100-SXM4-40GB (0),1,,13,cupy_copy__complex64_complex64
1804223558,13919,4698,1434,1,1,128,1,1,16,0.000,0.000,,,,,NVIDIA A100-SXM4-40GB (0),1,,13,cupy_copy__complex64_complex64
1804245285,78815,4703,1,1,1,32,32,1,30,0.000,0.000,,,,,NVIDIA A100-SXM4-40GB (0),1,,13,"void convert_kernel<__half2, float2>(tensor_layout_any, T1 *, tensor_layout_any, const T2 *)"
1804355364,12384,4706,,,,,,,,,,0.061,4961.219,Pinned,Device,NVIDIA A100-SXM4-40GB (0),1,,13,[CUDA memcpy Host-to-Device]
1804378084,587993,4707,,,,,,,,,,456.520,776084.816,Device,,NVIDIA A100-SXM4-40GB (0),1,,13,[CUDA memset]
1804974717,131615,4712,,,,,,,,,,0.825,6270.138,Pinned,Device,NVIDIA A100-SXM4-40GB (0),1,,13,[CUDA memcpy Host-to-Device]
1805108860,22655,4713,,,,,,,,,,0.131,5785.518,Pinned,Device,NVIDIA A100-SXM4-40GB (0),1,,13,[CUDA memcpy Host-to-Device]
1805137883,7424,4714,69,4,1,48,1,1,76,0.002,0.000,,,,,NVIDIA A100-SXM4-40GB (0),1,,13,"void ch_est::windowedChEstPreNoDftSOfdmKernel<float, __half, float, (unsigned int)2, (unsigned int)1, (unsigned short)4>(ch_est::puschRxChEstStatDescr_t *, ch_est::puschRxChEstDynDescr_t *)"
1805146907,5632,4715,137,2,1,24,2,1,44,0.001,0.001,,,,,NVIDIA A100-SXM4-40GB (0),1,,13,"void ch_est::chEstFilterNoDftSOfdmDispatchKernel<float, __half, float, (unsigned int)2>(ch_est::puschRxChEstStatDescr_t *, ch_est::puschRxChEstDynDescr_t *)"
1805153595,4736,4716,137,2,1,24,2,1,44,0.001,0.001,,,,,NVIDIA A100-SXM4-40GB (0),1,,13,"void ch_est::chEstFilterNoDftSOfdmDispatchKernel<float, __half, float, (unsigned int)2>(ch_est::puschRxChEstStatDescr_t *, ch_est::puschRxChEstDynDescr_t *)"
1805159387,2368,4727,103,1,1,128,1,1,16,0.000,0.000,,,,,NVIDIA A100-SXM4-40GB (0),1,,13,cupy_copy__complex64_complex64
1805162715,15232,4737,1434,1,1,128,1,1,16,0.000,0.000,,,,,NVIDIA A100-SXM4-40GB (0),1,,13,cupy_copy__complex64_complex64
1805179035,2240,4744,103,1,1,128,1,1,16,0.000,0.000,,,,,NVIDIA A100-SXM4-40GB (0),1,,13,cupy_copy__complex64_complex64
1805182459,79263,4751,1,1,1,32,32,1,30,0.000,0.000,,,,,NVIDIA A100-SXM4-40GB (0),1,,13,"void convert_kernel<__half2, float2>(tensor_layout_any, T1 *, tensor_layout_any, const T2 *)"
1805433624,12288,4754,,,,,,,,,,0.061,4999.987,Pinned,Device,NVIDIA A100-SXM4-40GB (0),1,,13,[CUDA memcpy Host-to-Device]
1805455416,46559,4755,,,,,,,,,,35.801,768933.019,Device,,NVIDIA A100-SXM4-40GB (0),1,,13,[CUDA memset]
1805503159,2112,4757,,,,,,,,,,0.000,37.879,Pinned,Device,NVIDIA A100-SXM4-40GB (0),1,,13,[CUDA memcpy Host-to-Device]
1805508407,22624,4758,,,,,,,,,,0.131,5793.382,Pinned,Device,NVIDIA A100-SXM4-40GB (0),1,,13,[CUDA memcpy Host-to-Device]
1805539319,9056,4759,273,1,1,48,1,1,40,0.000,0.001,,,,,NVIDIA A100-SXM4-40GB (0),1,,13,"void pusch_noise_intf_est::noiseIntfEstNoDftSOfdmKernel<float, __half, float, float, (unsigned int)2, (unsigned int)1, (unsigned char)4, (unsigned char)4>(pusch_noise_intf_est::puschRxNoiseIntfEstDynDescr)"
1805549527,2592,4770,35,1,1,128,1,1,16,0.000,0.000,,,,,NVIDIA A100-SXM4-40GB (0),1,,13,cupy_copy__complex64_complex64
1805561687,1600,4779,1,1,1,1,1,1,18,0.000,0.000,,,,,NVIDIA A100-SXM4-40GB (0),1,,13,cupy_copy__float32_float32
1805597654,1696,4785,,,,,,,,,,0.000,2.358,Device,Pageable,NVIDIA A100-SXM4-40GB (0),1,,7,[CUDA memcpy Device-to-Host]
1805659733,15584,4796,1434,1,1,128,1,1,16,0.000,0.000,,,,,NVIDIA A100-SXM4-40GB (0),1,,13,cupy_copy__complex64_complex64
1805687221,2528,4803,103,1,1,128,1,1,16,0.000,0.000,,,,,NVIDIA A100-SXM4-40GB (0),1,,13,cupy_copy__complex64_complex64
1805708437,2112,4810,35,1,1,128,1,1,16,0.000,0.000,,,,,NVIDIA A100-SXM4-40GB (0),1,,13,cupy_copy__complex64_complex64
1805727061,1536,4817,1,1,1,1,1,1,18,0.000,0.000,,,,,NVIDIA A100-SXM4-40GB (0),1,,13,cupy_copy__float32_float32
1806001266,79391,4828,1,1,1,32,32,1,30,0.000,0.000,,,,,NVIDIA A100-SXM4-40GB (0),1,,13,"void convert_kernel<__half2, float2>(tensor_layout_any, T1 *, tensor_layout_any, const T2 *)"
1806114224,11840,4831,,,,,,,,,,0.061,5189.161,Pinned,Device,NVIDIA A100-SXM4-40GB (0),1,,13,[CUDA memcpy Host-to-Device]
1806134608,3424,4832,,,,,,,,,,1.547,451700.819,Device,,NVIDIA A100-SXM4-40GB (0),1,,13,[CUDA memset]
1806140912,10240,4837,,,,,,,,,,0.021,2056.245,Pinned,Device,NVIDIA A100-SXM4-40GB (0),1,,13,[CUDA memcpy Host-to-Device]
1806153840,23872,4838,,,,,,,,,,0.131,5490.606,Pinned,Device,NVIDIA A100-SXM4-40GB (0),1,,13,[CUDA memcpy Host-to-Device]
1806186480,6015,4839,273,1,1,8,4,1,39,0.002,0.000,,,,,NVIDIA A100-SXM4-40GB (0),1,,13,"void channel_eq::eqMmseCoefCompLowMimoKernel<float, float, float, (unsigned int)4, (unsigned int)1, (unsigned int)4>(const channel_eq::_puschRxChEqStatDescr *, channel_eq::_puschRxChEqCoefCompDynDescr)"
1806193615,5376,4840,273,1,1,12,11,1,40,0.002,0.000,,,,,NVIDIA A100-SXM4-40GB (0),1,,13,"void channel_eq::eqMmseSoftDemapKernel<float, __half, __half, float, (unsigned int)4, (unsigned short)16383>(channel_eq::_puschRxChEqStatDescr *, channel_eq::_puschRxChEqSoftDemapDynDescr)"
1806200079,281341,4841,1,1,1,32,32,1,30,0.000,0.000,,,,,NVIDIA A100-SXM4-40GB (0),1,,13,"void convert_kernel<float2, __half2>(tensor_layout_any, T1 *, tensor_layout_any, const T2 *)"
1806482444,12320,4853,2253,1,1,128,1,1,16,0.000,0.000,,,,,NVIDIA A100-SXM4-40GB (0),1,,13,cupy_copy__float16_float16
1806495852,2624,4862,282,1,1,128,1,1,16,0.000,0.000,,,,,NVIDIA A100-SXM4-40GB (0),1,,13,cupy_copy__complex64_complex64
1806499436,1888,4871,26,1,1,128,1,1,16,0.000,0.000,,,,,NVIDIA A100-SXM4-40GB (0),1,,13,cupy_copy__float32_float32
1806502380,2848,4880,103,1,1,128,1,1,16,0.000,0.000,,,,,NVIDIA A100-SXM4-40GB (0),1,,13,cupy_copy__complex64_complex64
1806506284,13856,4890,1434,1,1,128,1,1,16,0.000,0.000,,,,,NVIDIA A100-SXM4-40GB (0),1,,13,cupy_copy__complex64_complex64
1806532172,79007,4895,1,1,1,32,32,1,30,0.000,0.000,,,,,NVIDIA A100-SXM4-40GB (0),1,,13,"void convert_kernel<__half2, float2>(tensor_layout_any, T1 *, tensor_layout_any, const T2 *)"
1806781417,11936,4898,,,,,,,,,,0.061,5147.443,Pinned,Device,NVIDIA A100-SXM4-40GB (0),1,,13,[CUDA memcpy Host-to-Device]
1806801449,588729,4899,,,,,,,,,,456.520,775171.775,Device,,NVIDIA A100-SXM4-40GB (0),1,,13,[CUDA memset]
1807397250,132286,4904,,,,,,,,,,0.825,6238.775,Pinned,Device,NVIDIA A100-SXM4-40GB (0),1,,13,[CUDA memcpy Host-to-Device]
1807531680,22624,4905,,,,,,,,,,0.131,5793.382,Pinned,Device,NVIDIA A100-SXM4-40GB (0),1,,13,[CUDA memcpy Host-to-Device]
1807560640,8096,4906,69,4,1,48,1,1,76,0.002,0.000,,,,,NVIDIA A100-SXM4-40GB (0),1,,13,"void ch_est::windowedChEstPreNoDftSOfdmKernel<float, __half, float, (unsigned int)2, (unsigned int)1, (unsigned short)4>(ch_est::puschRxChEstStatDescr_t *, ch_est::puschRxChEstDynDescr_t *)"
1807570304,6176,4907,137,2,1,24,2,1,44,0.001,0.001,,,,,NVIDIA A100-SXM4-40GB (0),1,,13,"void ch_est::chEstFilterNoDftSOfdmDispatchKernel<float, __half, float, (unsigned int)2>(ch_est::puschRxChEstStatDescr_t *, ch_est::puschRxChEstDynDescr_t *)"
1807577472,4704,4908,137,2,1,24,2,1,44,0.001,0.001,,,,,NVIDIA A100-SXM4-40GB (0),1,,13,"void ch_est::chEstFilterNoDftSOfdmDispatchKernel<float, __half, float, (unsigned int)2>(ch_est::puschRxChEstStatDescr_t *, ch_est::puschRxChEstDynDescr_t *)"
1807583264,2368,4919,103,1,1,128,1,1,16,0.000,0.000,,,,,NVIDIA A100-SXM4-40GB (0),1,,13,cupy_copy__complex64_complex64
1807586656,15328,4929,1434,1,1,128,1,1,16,0.000,0.000,,,,,NVIDIA A100-SXM4-40GB (0),1,,13,cupy_copy__complex64_complex64
1807603168,2304,4936,103,1,1,128,1,1,16,0.000,0.000,,,,,NVIDIA A100-SXM4-40GB (0),1,,13,cupy_copy__complex64_complex64
1807606560,79359,4943,1,1,1,32,32,1,30,0.000,0.000,,,,,NVIDIA A100-SXM4-40GB (0),1,,13,"void convert_kernel<__half2, float2>(tensor_layout_any, T1 *, tensor_layout_any, const T2 *)"
1807718782,11776,4946,,,,,,,,,,0.061,5217.362,Pinned,Device,NVIDIA A100-SXM4-40GB (0),1,,13,[CUDA memcpy Host-to-Device]
1807741886,45856,4947,,,,,,,,,,35.801,780711.535,Device,,NVIDIA A100-SXM4-40GB (0),1,,13,[CUDA memset]
1807795805,2112,4949,,,,,,,,,,0.000,37.879,Pinned,Device,NVIDIA A100-SXM4-40GB (0),1,,13,[CUDA memcpy Host-to-Device]
1807800061,23712,4950,,,,,,,,,,0.131,5527.568,Pinned,Device,NVIDIA A100-SXM4-40GB (0),1,,13,[CUDA memcpy Host-to-Device]
1807827933,8608,4951,273,1,1,48,1,1,40,0.000,0.001,,,,,NVIDIA A100-SXM4-40GB (0),1,,13,"void pusch_noise_intf_est::noiseIntfEstNoDftSOfdmKernel<float, __half, float, float, (unsigned int)2, (unsigned int)1, (unsigned char)4, (unsigned char)4>(pusch_noise_intf_est::puschRxNoiseIntfEstDynDescr)"
1807837565,2688,4962,35,1,1,128,1,1,16,0.000,0.000,,,,,NVIDIA A100-SXM4-40GB (0),1,,13,cupy_copy__complex64_complex64
1807849245,1600,4971,1,1,1,1,1,1,18,0.000,0.000,,,,,NVIDIA A100-SXM4-40GB (0),1,,13,cupy_copy__float32_float32
1807885308,1728,4977,,,,,,,,,,0.000,2.315,Device,Pageable,NVIDIA A100-SXM4-40GB (0),1,,7,[CUDA memcpy Device-to-Host]
1807946332,15392,4988,1434,1,1,128,1,1,16,0.000,0.000,,,,,NVIDIA A100-SXM4-40GB (0),1,,13,cupy_copy__complex64_complex64
1807974331,2496,4995,103,1,1,128,1,1,16,0.000,0.000,,,,,NVIDIA A100-SXM4-40GB (0),1,,13,cupy_copy__complex64_complex64
1807995931,2144,5002,35,1,1,128,1,1,16,0.000,0.000,,,,,NVIDIA A100-SXM4-40GB (0),1,,13,cupy_copy__complex64_complex64
1808014683,1568,5009,1,1,1,1,1,1,18,0.000,0.000,,,,,NVIDIA A100-SXM4-40GB (0),1,,13,cupy_copy__float32_float32
1808151801,79616,5020,1,1,1,32,32,1,30,0.000,0.000,,,,,NVIDIA A100-SXM4-40GB (0),1,,13,"void convert_kernel<__half2, float2>(tensor_layout_any, T1 *, tensor_layout_any, const T2 *)"
1808260984,12096,5023,,,,,,,,,,0.061,5079.306,Pinned,Device,NVIDIA A100-SXM4-40GB (0),1,,13,[CUDA memcpy Host-to-Device]
1808278456,3296,5024,,,,,,,,,,1.547,469242.628,Device,,NVIDIA A100-SXM4-40GB (0),1,,13,[CUDA memset]
1808284984,10400,5029,,,,,,,,,,0.021,2024.598,Pinned,Device,NVIDIA A100-SXM4-40GB (0),1,,13,[CUDA memcpy Host-to-Device]
1808298008,22880,5030,,,,,,,,,,0.131,5728.633,Pinned,Device,NVIDIA A100-SXM4-40GB (0),1,,13,[CUDA memcpy Host-to-Device]
1808329687,6080,5031,273,1,1,8,4,1,39,0.002,0.000,,,,,NVIDIA A100-SXM4-40GB (0),1,,13,"void channel_eq::eqMmseCoefCompLowMimoKernel<float, float, float, (unsigned int)4, (unsigned int)1, (unsigned int)4>(const channel_eq::_puschRxChEqStatDescr *, channel_eq::_puschRxChEqCoefCompDynDescr)"
1808336823,5280,5032,273,1,1,12,11,1,40,0.002,0.000,,,,,NVIDIA A100-SXM4-40GB (0),1,,13,"void channel_eq::eqMmseSoftDemapKernel<float, __half, __half, float, (unsigned int)4, (unsigned short)16383>(channel_eq::_puschRxChEqStatDescr *, channel_eq::_puschRxChEqSoftDemapDynDescr)"
1808343063,281373,5033,1,1,1,32,32,1,30,0.000,0.000,,,,,NVIDIA A100-SXM4-40GB (0),1,,13,"void convert_kernel<float2, __half2>(tensor_layout_any, T1 *, tensor_layout_any, const T2 *)"
1808625364,12416,5045,2253,1,1,128,1,1,16,0.000,0.000,,,,,NVIDIA A100-SXM4-40GB (0),1,,13,cupy_copy__float16_float16
1808638996,2592,5054,282,1,1,128,1,1,16,0.000,0.000,,,,,NVIDIA A100-SXM4-40GB (0),1,,13,cupy_copy__complex64_complex64
1808642580,1824,5063,26,1,1,128,1,1,16,0.000,0.000,,,,,NVIDIA A100-SXM4-40GB (0),1,,13,cupy_copy__float32_float32
1808645524,2880,5072,103,1,1,128,1,1,16,0.000,0.000,,,,,NVIDIA A100-SXM4-40GB (0),1,,13,cupy_copy__complex64_complex64
1808649332,13824,5082,1434,1,1,128,1,1,16,0.000,0.000,,,,,NVIDIA A100-SXM4-40GB (0),1,,13,cupy_copy__complex64_complex64
1808670196,78911,5087,1,1,1,32,32,1,30,0.000,0.000,,,,,NVIDIA A100-SXM4-40GB (0),1,,13,"void convert_kernel<__half2, float2>(tensor_layout_any, T1 *, tensor_layout_any, const T2 *)"
1808777394,11712,5090,,,,,,,,,,0.061,5245.870,Pinned,Device,NVIDIA A100-SXM4-40GB (0),1,,13,[CUDA memcpy Host-to-Device]
1808799698,587738,5091,,,,,,,,,,456.520,776541.336,Device,,NVIDIA A100-SXM4-40GB (0),1,,13,[CUDA memset]
1809394027,133151,5096,,,,,,,,,,0.825,6198.333,Pinned,Device,NVIDIA A100-SXM4-40GB (0),1,,13,[CUDA memcpy Host-to-Device]
1809529290,22944,5097,,,,,,,,,,0.131,5712.642,Pinned,Device,NVIDIA A100-SXM4-40GB (0),1,,13,[CUDA memcpy Host-to-Device]
1809559466,7136,5098,69,4,1,48,1,1,76,0.002,0.000,,,,,NVIDIA A100-SXM4-40GB (0),1,,13,"void ch_est::windowedChEstPreNoDftSOfdmKernel<float, __half, float, (unsigned int)2, (unsigned int)1, (unsigned short)4>(ch_est::puschRxChEstStatDescr_t *, ch_est::puschRxChEstDynDescr_t *)"
1809568234,6079,5099,137,2,1,24,2,1,44,0.001,0.001,,,,,NVIDIA A100-SXM4-40GB (0),1,,13,"void ch_est::chEstFilterNoDftSOfdmDispatchKernel<float, __half, float, (unsigned int)2>(ch_est::puschRxChEstStatDescr_t *, ch_est::puschRxChEstDynDescr_t *)"
1809575337,4704,5100,137,2,1,24,2,1,44,0.001,0.001,,,,,NVIDIA A100-SXM4-40GB (0),1,,13,"void ch_est::chEstFilterNoDftSOfdmDispatchKernel<float, __half, float, (unsigned int)2>(ch_est::puschRxChEstStatDescr_t *, ch_est::puschRxChEstDynDescr_t *)"
1809581129,2336,5111,103,1,1,128,1,1,16,0.000,0.000,,,,,NVIDIA A100-SXM4-40GB (0),1,,13,cupy_copy__complex64_complex64
1809584489,15552,5121,1434,1,1,128,1,1,16,0.000,0.000,,,,,NVIDIA A100-SXM4-40GB (0),1,,13,cupy_copy__complex64_complex64
1809601001,2240,5128,103,1,1,128,1,1,16,0.000,0.000,,,,,NVIDIA A100-SXM4-40GB (0),1,,13,cupy_copy__complex64_complex64
1809604297,78911,5135,1,1,1,32,32,1,30,0.000,0.000,,,,,NVIDIA A100-SXM4-40GB (0),1,,13,"void convert_kernel<__half2, float2>(tensor_layout_any, T1 *, tensor_layout_any, const T2 *)"
1809713896,12320,5138,,,,,,,,,,0.061,4986.962,Pinned,Device,NVIDIA A100-SXM4-40GB (0),1,,13,[CUDA memcpy Host-to-Device]
1809736616,45791,5139,,,,,,,,,,35.801,781821.364,Device,,NVIDIA A100-SXM4-40GB (0),1,,13,[CUDA memset]
1809789191,2752,5141,,,,,,,,,,0.000,29.070,Pinned,Device,NVIDIA A100-SXM4-40GB (0),1,,13,[CUDA memcpy Host-to-Device]
1809794407,22688,5142,,,,,,,,,,0.131,5777.129,Pinned,Device,NVIDIA A100-SXM4-40GB (0),1,,13,[CUDA memcpy Host-to-Device]
1809827751,8735,5143,273,1,1,48,1,1,40,0.000,0.001,,,,,NVIDIA A100-SXM4-40GB (0),1,,13,"void pusch_noise_intf_est::noiseIntfEstNoDftSOfdmKernel<float, __half, float, float, (unsigned int)2, (unsigned int)1, (unsigned char)4, (unsigned char)4>(pusch_noise_intf_est::puschRxNoiseIntfEstDynDescr)"
1809837542,2560,5154,35,1,1,128,1,1,16,0.000,0.000,,,,,NVIDIA A100-SXM4-40GB (0),1,,13,cupy_copy__complex64_complex64
1809842246,1568,5163,1,1,1,1,1,1,18,0.000,0.000,,,,,NVIDIA A100-SXM4-40GB (0),1,,13,cupy_copy__float32_float32
1809877350,1632,5169,,,,,,,,,,0.000,2.451,Device,Pageable,NVIDIA A100-SXM4-40GB (0),1,,7,[CUDA memcpy Device-to-Host]
1809937989,15136,5180,1434,1,1,128,1,1,16,0.000,0.000,,,,,NVIDIA A100-SXM4-40GB (0),1,,13,cupy_copy__complex64_complex64
1809965413,2528,5187,103,1,1,128,1,1,16,0.000,0.000,,,,,NVIDIA A100-SXM4-40GB (0),1,,13,cupy_copy__complex64_complex64
1809987301,2112,5194,35,1,1,128,1,1,16,0.000,0.000,,,,,NVIDIA A100-SXM4-40GB (0),1,,13,cupy_copy__complex64_complex64
1810005925,1536,5201,1,1,1,1,1,1,18,0.000,0.000,,,,,NVIDIA A100-SXM4-40GB (0),1,,13,cupy_copy__float32_float32
1810146851,79295,5212,1,1,1,32,32,1,30,0.000,0.000,,,,,NVIDIA A100-SXM4-40GB (0),1,,13,"void convert_kernel<__half2, float2>(tensor_layout_any, T1 *, tensor_layout_any, const T2 *)"
1810255394,12064,5215,,,,,,,,,,0.061,5092.823,Pinned,Device,NVIDIA A100-SXM4-40GB (0),1,,13,[CUDA memcpy Host-to-Device]
1810274530,3424,5216,,,,,,,,,,1.547,451700.819,Device,,NVIDIA A100-SXM4-40GB (0),1,,13,[CUDA memset]
1810280993,10560,5221,,,,,,,,,,0.021,1993.919,Pinned,Device,NVIDIA A100-SXM4-40GB (0),1,,13,[CUDA memcpy Host-to-Device]
1810294145,22944,5222,,,,,,,,,,0.131,5712.642,Pinned,Device,NVIDIA A100-SXM4-40GB (0),1,,13,[CUDA memcpy Host-to-Device]
1810326465,6016,5223,273,1,1,8,4,1,39,0.002,0.000,,,,,NVIDIA A100-SXM4-40GB (0),1,,13,"void channel_eq::eqMmseCoefCompLowMimoKernel<float, float, float, (unsigned int)4, (unsigned int)1, (unsigned int)4>(const channel_eq::_puschRxChEqStatDescr *, channel_eq::_puschRxChEqCoefCompDynDescr)"
1810333601,5120,5224,273,1,1,12,11,1,40,0.002,0.000,,,,,NVIDIA A100-SXM4-40GB (0),1,,13,"void channel_eq::eqMmseSoftDemapKernel<float, __half, __half, float, (unsigned int)4, (unsigned short)16383>(channel_eq::_puschRxChEqStatDescr *, channel_eq::_puschRxChEqSoftDemapDynDescr)"
1810339905,281533,5225,1,1,1,32,32,1,30,0.000,0.000,,,,,NVIDIA A100-SXM4-40GB (0),1,,13,"void convert_kernel<float2, __half2>(tensor_layout_any, T1 *, tensor_layout_any, const T2 *)"
1810622398,12672,5237,2253,1,1,128,1,1,16,0.000,0.000,,,,,NVIDIA A100-SXM4-40GB (0),1,,13,cupy_copy__float16_float16
1810636157,2592,5246,282,1,1,128,1,1,16,0.000,0.000,,,,,NVIDIA A100-SXM4-40GB (0),1,,13,cupy_copy__complex64_complex64
1810639805,1888,5255,26,1,1,128,1,1,16,0.000,0.000,,,,,NVIDIA A100-SXM4-40GB (0),1,,13,cupy_copy__float32_float32
1810642749,2880,5264,103,1,1,128,1,1,16,0.000,0.000,,,,,NVIDIA A100-SXM4-40GB (0),1,,13,cupy_copy__complex64_complex64
1810646557,14080,5274,1434,1,1,128,1,1,16,0.000,0.000,,,,,NVIDIA A100-SXM4-40GB (0),1,,13,cupy_copy__complex64_complex64
1810662429,78495,5279,1,1,1,32,32,1,30,0.000,0.000,,,,,NVIDIA A100-SXM4-40GB (0),1,,13,"void convert_kernel<__half2, float2>(tensor_layout_any, T1 *, tensor_layout_any, const T2 *)"
1810912730,11712,5282,,,,,,,,,,0.061,5245.870,Pinned,Device,NVIDIA A100-SXM4-40GB (0),1,,13,[CUDA memcpy Host-to-Device]
1810929050,588954,5283,,,,,,,,,,456.520,774715.255,Device,,NVIDIA A100-SXM4-40GB (0),1,,13,[CUDA memset]
1811519156,131582,5288,,,,,,,,,,0.825,6271.789,Pinned,Device,NVIDIA A100-SXM4-40GB (0),1,,13,[CUDA memcpy Host-to-Device]
1811652882,22880,5289,,,,,,,,,,0.131,5728.633,Pinned,Device,NVIDIA A100-SXM4-40GB (0),1,,13,[CUDA memcpy Host-to-Device]
1811679122,7424,5290,69,4,1,48,1,1,76,0.002,0.000,,,,,NVIDIA A100-SXM4-40GB (0),1,,13,"void ch_est::windowedChEstPreNoDftSOfdmKernel<float, __half, float, (unsigned int)2, (unsigned int)1, (unsigned short)4>(ch_est::puschRxChEstStatDescr_t *, ch_est::puschRxChEstDynDescr_t *)"
1811688114,6016,5291,137,2,1,24,2,1,44,0.001,0.001,,,,,NVIDIA A100-SXM4-40GB (0),1,,13,"void ch_est::chEstFilterNoDftSOfdmDispatchKernel<float, __half, float, (unsigned int)2>(ch_est::puschRxChEstStatDescr_t *, ch_est::puschRxChEstDynDescr_t *)"
1811695090,4672,5292,137,2,1,24,2,1,44,0.001,0.001,,,,,NVIDIA A100-SXM4-40GB (0),1,,13,"void ch_est::chEstFilterNoDftSOfdmDispatchKernel<float, __half, float, (unsigned int)2>(ch_est::puschRxChEstStatDescr_t *, ch_est::puschRxChEstDynDescr_t *)"
1811700818,2719,5303,103,1,1,128,1,1,16,0.000,0.000,,,,,NVIDIA A100-SXM4-40GB (0),1,,13,cupy_copy__complex64_complex64
1811704625,15200,5313,1434,1,1,128,1,1,16,0.000,0.000,,,,,NVIDIA A100-SXM4-40GB (0),1,,13,cupy_copy__complex64_complex64
1811720913,2272,5320,103,1,1,128,1,1,16,0.000,0.000,,,,,NVIDIA A100-SXM4-40GB (0),1,,13,cupy_copy__complex64_complex64
1811724369,79167,5327,1,1,1,32,32,1,30,0.000,0.000,,,,,NVIDIA A100-SXM4-40GB (0),1,,13,"void convert_kernel<__half2, float2>(tensor_layout_any, T1 *, tensor_layout_any, const T2 *)"
1811835248,11744,5330,,,,,,,,,,0.061,5231.555,Pinned,Device,NVIDIA A100-SXM4-40GB (0),1,,13,[CUDA memcpy Host-to-Device]
1811858320,46047,5331,,,,,,,,,,35.801,777453.647,Device,,NVIDIA A100-SXM4-40GB (0),1,,13,[CUDA memset]
1811910991,2144,5333,,,,,,,,,,0.000,37.313,Pinned,Device,NVIDIA A100-SXM4-40GB (0),1,,13,[CUDA memcpy Host-to-Device]
1811916239,22624,5334,,,,,,,,,,0.131,5793.382,Pinned,Device,NVIDIA A100-SXM4-40GB (0),1,,13,[CUDA memcpy Host-to-Device]
1811944367,8832,5335,273,1,1,48,1,1,40,0.000,0.001,,,,,NVIDIA A100-SXM4-40GB (0),1,,13,"void pusch_noise_intf_est::noiseIntfEstNoDftSOfdmKernel<float, __half, float, float, (unsigned int)2, (unsigned int)1, (unsigned char)4, (unsigned char)4>(pusch_noise_intf_est::puschRxNoiseIntfEstDynDescr)"
1811954447,2720,5346,35,1,1,128,1,1,16,0.000,0.000,,,,,NVIDIA A100-SXM4-40GB (0),1,,13,cupy_copy__complex64_complex64
1811966543,1600,5355,1,1,1,1,1,1,18,0.000,0.000,,,,,NVIDIA A100-SXM4-40GB (0),1,,13,cupy_copy__float32_float32
1812005614,1696,5361,,,,,,,,,,0.000,2.358,Device,Pageable,NVIDIA A100-SXM4-40GB (0),1,,7,[CUDA memcpy Device-to-Host]
1812065965,15008,5372,1434,1,1,128,1,1,16,0.000,0.000,,,,,NVIDIA A100-SXM4-40GB (0),1,,13,cupy_copy__complex64_complex64
1812094157,2528,5379,103,1,1,128,1,1,16,0.000,0.000,,,,,NVIDIA A100-SXM4-40GB (0),1,,13,cupy_copy__complex64_complex64
1812115725,2144,5386,35,1,1,128,1,1,16,0.000,0.000,,,,,NVIDIA A100-SXM4-40GB (0),1,,13,cupy_copy__complex64_complex64
1812138573,1536,5393,1,1,1,1,1,1,18,0.000,0.000,,,,,NVIDIA A100-SXM4-40GB (0),1,,13,cupy_copy__float32_float32
1812273483,78719,5404,1,1,1,32,32,1,30,0.000,0.000,,,,,NVIDIA A100-SXM4-40GB (0),1,,13,"void convert_kernel<__half2, float2>(tensor_layout_any, T1 *, tensor_layout_any, const T2 *)"
1812522760,11744,5407,,,,,,,,,,0.061,5231.555,Pinned,Device,NVIDIA A100-SXM4-40GB (0),1,,13,[CUDA memcpy Host-to-Device]
1812542728,3200,5408,,,,,,,,,,1.547,483320.000,Device,,NVIDIA A100-SXM4-40GB (0),1,,13,[CUDA memset]
1812550888,10080,5413,,,,,,,,,,0.021,2088.882,Pinned,Device,NVIDIA A100-SXM4-40GB (0),1,,13,[CUDA memcpy Host-to-Device]
1812563112,22656,5414,,,,,,,,,,0.131,5785.256,Pinned,Device,NVIDIA A100-SXM4-40GB (0),1,,13,[CUDA memcpy Host-to-Device]
1812594599,6048,5415,273,1,1,8,4,1,39,0.002,0.000,,,,,NVIDIA A100-SXM4-40GB (0),1,,13,"void channel_eq::eqMmseCoefCompLowMimoKernel<float, float, float, (unsigned int)4, (unsigned int)1, (unsigned int)4>(const channel_eq::_puschRxChEqStatDescr *, channel_eq::_puschRxChEqCoefCompDynDescr)"
1812601735,5248,5416,273,1,1,12,11,1,40,0.002,0.000,,,,,NVIDIA A100-SXM4-40GB (0),1,,13,"void channel_eq::eqMmseSoftDemapKernel<float, __half, __half, float, (unsigned int)4, (unsigned short)16383>(channel_eq::_puschRxChEqStatDescr *, channel_eq::_puschRxChEqSoftDemapDynDescr)"
1812608071,281085,5417,1,1,1,32,32,1,30,0.000,0.000,,,,,NVIDIA A100-SXM4-40GB (0),1,,13,"void convert_kernel<float2, __half2>(tensor_layout_any, T1 *, tensor_layout_any, const T2 *)"
1812890116,12288,5429,2253,1,1,128,1,1,16,0.000,0.000,,,,,NVIDIA A100-SXM4-40GB (0),1,,13,cupy_copy__float16_float16
1812903396,2624,5438,282,1,1,128,1,1,16,0.000,0.000,,,,,NVIDIA A100-SXM4-40GB (0),1,,13,cupy_copy__complex64_complex64
1812907012,1856,5447,26,1,1,128,1,1,16,0.000,0.000,,,,,NVIDIA A100-SXM4-40GB (0),1,,13,cupy_copy__float32_float32
1812909796,2880,5456,103,1,1,128,1,1,16,0.000,0.000,,,,,NVIDIA A100-SXM4-40GB (0),1,,13,cupy_copy__complex64_complex64
1812913636,13920,5466,1434,1,1,128,1,1,16,0.000,0.000,,,,,NVIDIA A100-SXM4-40GB (0),1,,13,cupy_copy__complex64_complex64
1813053698,79647,5471,1,1,1,32,32,1,30,0.000,0.000,,,,,NVIDIA A100-SXM4-40GB (0),1,,13,"void convert_kernel<__half2, float2>(tensor_layout_any, T1 *, tensor_layout_any, const T2 *)"
1813165025,11712,5474,,,,,,,,,,0.061,5245.870,Pinned,Device,NVIDIA A100-SXM4-40GB (0),1,,13,[CUDA memcpy Host-to-Device]
1813187457,587353,5475,,,,,,,,,,456.520,776997.857,Device,,NVIDIA A100-SXM4-40GB (0),1,,13,[CUDA memset]
1813777722,131583,5480,,,,,,,,,,0.825,6271.789,Pinned,Device,NVIDIA A100-SXM4-40GB (0),1,,13,[CUDA memcpy Host-to-Device]
1813911865,22687,5481,,,,,,,,,,0.131,5777.392,Pinned,Device,NVIDIA A100-SXM4-40GB (0),1,,13,[CUDA memcpy Host-to-Device]
1813939064,7264,5482,69,4,1,48,1,1,76,0.002,0.000,,,,,NVIDIA A100-SXM4-40GB (0),1,,13,"void ch_est::windowedChEstPreNoDftSOfdmKernel<float, __half, float, (unsigned int)2, (unsigned int)1, (unsigned short)4>(ch_est::puschRxChEstStatDescr_t *, ch_est::puschRxChEstDynDescr_t *)"
1813948024,5888,5483,137,2,1,24,2,1,44,0.001,0.001,,,,,NVIDIA A100-SXM4-40GB (0),1,,13,"void ch_est::chEstFilterNoDftSOfdmDispatchKernel<float, __half, float, (unsigned int)2>(ch_est::puschRxChEstStatDescr_t *, ch_est::puschRxChEstDynDescr_t *)"
1813954872,4704,5484,137,2,1,24,2,1,44,0.001,0.001,,,,,NVIDIA A100-SXM4-40GB (0),1,,13,"void ch_est::chEstFilterNoDftSOfdmDispatchKernel<float, __half, float, (unsigned int)2>(ch_est::puschRxChEstStatDescr_t *, ch_est::puschRxChEstDynDescr_t *)"
1813960696,2304,5495,103,1,1,128,1,1,16,0.000,0.000,,,,,NVIDIA A100-SXM4-40GB (0),1,,13,cupy_copy__complex64_complex64
1813963992,15040,5505,1434,1,1,128,1,1,16,0.000,0.000,,,,,NVIDIA A100-SXM4-40GB (0),1,,13,cupy_copy__complex64_complex64
1813980088,2240,5512,103,1,1,128,1,1,16,0.000,0.000,,,,,NVIDIA A100-SXM4-40GB (0),1,,13,cupy_copy__complex64_complex64
1813983544,78943,5519,1,1,1,32,32,1,30,0.000,0.000,,,,,NVIDIA A100-SXM4-40GB (0),1,,13,"void convert_kernel<__half2, float2>(tensor_layout_any, T1 *, tensor_layout_any, const T2 *)"
1814091351,11936,5522,,,,,,,,,,0.061,5147.443,Pinned,Device,NVIDIA A100-SXM4-40GB (0),1,,13,[CUDA memcpy Host-to-Device]
1814114166,46304,5523,,,,,,,,,,35.801,773157.532,Device,,NVIDIA A100-SXM4-40GB (0),1,,13,[CUDA memset]
1814165782,2112,5525,,,,,,,,,,0.000,37.879,Pinned,Device,NVIDIA A100-SXM4-40GB (0),1,,13,[CUDA memcpy Host-to-Device]
1814170038,22911,5526,,,,,,,,,,0.131,5720.900,Pinned,Device,NVIDIA A100-SXM4-40GB (0),1,,13,[CUDA memcpy Host-to-Device]
1814203285,8928,5527,273,1,1,48,1,1,40,0.000,0.001,,,,,NVIDIA A100-SXM4-40GB (0),1,,13,"void pusch_noise_intf_est::noiseIntfEstNoDftSOfdmKernel<float, __half, float, float, (unsigned int)2, (unsigned int)1, (unsigned char)4, (unsigned char)4>(pusch_noise_intf_est::puschRxNoiseIntfEstDynDescr)"
1814213269,2624,5538,35,1,1,128,1,1,16,0.000,0.000,,,,,NVIDIA A100-SXM4-40GB (0),1,,13,cupy_copy__complex64_complex64
1814216821,1568,5547,1,1,1,1,1,1,18,0.000,0.000,,,,,NVIDIA A100-SXM4-40GB (0),1,,13,cupy_copy__float32_float32
1814251701,2176,5553,,,,,,,,,,0.000,1.838,Device,Pageable,NVIDIA A100-SXM4-40GB (0),1,,7,[CUDA memcpy Device-to-Host]
1814311316,15328,5564,1434,1,1,128,1,1,16,0.000,0.000,,,,,NVIDIA A100-SXM4-40GB (0),1,,13,cupy_copy__complex64_complex64
1814339316,2528,5571,103,1,1,128,1,1,16,0.000,0.000,,,,,NVIDIA A100-SXM4-40GB (0),1,,13,cupy_copy__complex64_complex64
1814365684,2144,5578,35,1,1,128,1,1,16,0.000,0.000,,,,,NVIDIA A100-SXM4-40GB (0),1,,13,cupy_copy__complex64_complex64
1814385043,1536,5585,1,1,1,1,1,1,18,0.000,0.000,,,,,NVIDIA A100-SXM4-40GB (0),1,,13,cupy_copy__float32_float32
1814519058,79487,5596,1,1,1,32,32,1,30,0.000,0.000,,,,,NVIDIA A100-SXM4-40GB (0),1,,13,"void convert_kernel<__half2, float2>(tensor_layout_any, T1 *, tensor_layout_any, const T2 *)"
1814627921,11711,5599,,,,,,,,,,0.061,5246.300,Pinned,Device,NVIDIA A100-SXM4-40GB (0),1,,13,[CUDA memcpy Host-to-Device]
1814644496,3392,5600,,,,,,,,,,1.547,455961.768,Device,,NVIDIA A100-SXM4-40GB (0),1,,13,[CUDA memset]
1814650416,10272,5605,,,,,,,,,,0.021,2049.844,Pinned,Device,NVIDIA A100-SXM4-40GB (0),1,,13,[CUDA memcpy Host-to-Device]
1814664112,23104,5606,,,,,,,,,,0.131,5673.058,Pinned,Device,NVIDIA A100-SXM4-40GB (0),1,,13,[CUDA memcpy Host-to-Device]
1814695792,6016,5607,273,1,1,8,4,1,39,0.002,0.000,,,,,NVIDIA A100-SXM4-40GB (0),1,,13,"void channel_eq::eqMmseCoefCompLowMimoKernel<float, float, float, (unsigned int)4, (unsigned int)1, (unsigned int)4>(const channel_eq::_puschRxChEqStatDescr *, channel_eq::_puschRxChEqCoefCompDynDescr)"
1814703024,5248,5608,273,1,1,12,11,1,40,0.002,0.000,,,,,NVIDIA A100-SXM4-40GB (0),1,,13,"void channel_eq::eqMmseSoftDemapKernel<float, __half, __half, float, (unsigned int)4, (unsigned short)16383>(channel_eq::_puschRxChEqStatDescr *, channel_eq::_puschRxChEqSoftDemapDynDescr)"
1814709296,281021,5609,1,1,1,32,32,1,30,0.000,0.000,,,,,NVIDIA A100-SXM4-40GB (0),1,,13,"void convert_kernel<float2, __half2>(tensor_layout_any, T1 *, tensor_layout_any, const T2 *)"
1814991373,12287,5621,2253,1,1,128,1,1,16,0.000,0.000,,,,,NVIDIA A100-SXM4-40GB (0),1,,13,cupy_copy__float16_float16
1815004652,2624,5630,282,1,1,128,1,1,16,0.000,0.000,,,,,NVIDIA A100-SXM4-40GB (0),1,,13,cupy_copy__complex64_complex64
1815008268,1856,5639,26,1,1,128,1,1,16,0.000,0.000,,,,,NVIDIA A100-SXM4-40GB (0),1,,13,cupy_copy__float32_float32
1815011212,2848,5648,103,1,1,128,1,1,16,0.000,0.000,,,,,NVIDIA A100-SXM4-40GB (0),1,,13,cupy_copy__complex64_complex64
1815015084,13824,5658,1434,1,1,128,1,1,16,0.000,0.000,,,,,NVIDIA A100-SXM4-40GB (0),1,,13,cupy_copy__complex64_complex64
1815030412,78975,5663,1,1,1,32,32,1,30,0.000,0.000,,,,,NVIDIA A100-SXM4-40GB (0),1,,13,"void convert_kernel<__half2, float2>(tensor_layout_any, T1 *, tensor_layout_any, const T2 *)"
1815139499,11808,5666,,,,,,,,,,0.061,5203.231,Pinned,Device,NVIDIA A100-SXM4-40GB (0),1,,13,[CUDA memcpy Host-to-Device]
1815161707,588025,5667,,,,,,,,,,456.520,776084.816,Device,,NVIDIA A100-SXM4-40GB (0),1,,13,[CUDA memset]
1815758116,131582,5672,,,,,,,,,,0.825,6271.789,Pinned,Device,NVIDIA A100-SXM4-40GB (0),1,,13,[CUDA memcpy Host-to-Device]
1815891842,22784,5673,,,,,,,,,,0.131,5752.750,Pinned,Device,NVIDIA A100-SXM4-40GB (0),1,,13,[CUDA memcpy Host-to-Device]
1815925634,7328,5674,69,4,1,48,1,1,76,0.002,0.000,,,,,NVIDIA A100-SXM4-40GB (0),1,,13,"void ch_est::windowedChEstPreNoDftSOfdmKernel<float, __half, float, (unsigned int)2, (unsigned int)1, (unsigned short)4>(ch_est::puschRxChEstStatDescr_t *, ch_est::puschRxChEstDynDescr_t *)"
1815934594,6112,5675,137,2,1,24,2,1,44,0.001,0.001,,,,,NVIDIA A100-SXM4-40GB (0),1,,13,"void ch_est::chEstFilterNoDftSOfdmDispatchKernel<float, __half, float, (unsigned int)2>(ch_est::puschRxChEstStatDescr_t *, ch_est::puschRxChEstDynDescr_t *)"
1815941794,4704,5676,137,2,1,24,2,1,44,0.001,0.001,,,,,NVIDIA A100-SXM4-40GB (0),1,,13,"void ch_est::chEstFilterNoDftSOfdmDispatchKernel<float, __half, float, (unsigned int)2>(ch_est::puschRxChEstStatDescr_t *, ch_est::puschRxChEstDynDescr_t *)"
1815947618,2336,5687,103,1,1,128,1,1,16,0.000,0.000,,,,,NVIDIA A100-SXM4-40GB (0),1,,13,cupy_copy__complex64_complex64
1815950978,15200,5697,1434,1,1,128,1,1,16,0.000,0.000,,,,,NVIDIA A100-SXM4-40GB (0),1,,13,cupy_copy__complex64_complex64
1815967106,2272,5704,103,1,1,128,1,1,16,0.000,0.000,,,,,NVIDIA A100-SXM4-40GB (0),1,,13,cupy_copy__complex64_complex64
1815970497,79360,5711,1,1,1,32,32,1,30,0.000,0.000,,,,,NVIDIA A100-SXM4-40GB (0),1,,13,"void convert_kernel<__half2, float2>(tensor_layout_any, T1 *, tensor_layout_any, const T2 *)"
1816078464,11744,5714,,,,,,,,,,0.061,5231.555,Pinned,Device,NVIDIA A100-SXM4-40GB (0),1,,13,[CUDA memcpy Host-to-Device]
1816100704,45920,5715,,,,,,,,,,35.801,779637.506,Device,,NVIDIA A100-SXM4-40GB (0),1,,13,[CUDA memset]
1816152351,2144,5717,,,,,,,,,,0.000,37.313,Pinned,Device,NVIDIA A100-SXM4-40GB (0),1,,13,[CUDA memcpy Host-to-Device]
1816157567,22656,5718,,,,,,,,,,0.131,5785.256,Pinned,Device,NVIDIA A100-SXM4-40GB (0),1,,13,[CUDA memcpy Host-to-Device]
1816190847,8576,5719,273,1,1,48,1,1,40,0.000,0.001,,,,,NVIDIA A100-SXM4-40GB (0),1,,13,"void pusch_noise_intf_est::noiseIntfEstNoDftSOfdmKernel<float, __half, float, float, (unsigned int)2, (unsigned int)1, (unsigned char)4, (unsigned char)4>(pusch_noise_intf_est::puschRxNoiseIntfEstDynDescr)"
1816200479,2624,5730,35,1,1,128,1,1,16,0.000,0.000,,,,,NVIDIA A100-SXM4-40GB (0),1,,13,cupy_copy__complex64_complex64
1816204735,1568,5739,1,1,1,1,1,1,18,0.000,0.000,,,,,NVIDIA A100-SXM4-40GB (0),1,,13,cupy_copy__float32_float32
1816239454,2304,5745,,,,,,,,,,0.000,1.736,Device,Pageable,NVIDIA A100-SXM4-40GB (0),1,,7,[CUDA memcpy Device-to-Host]
1816299358,15584,5756,1434,1,1,128,1,1,16,0.000,0.000,,,,,NVIDIA A100-SXM4-40GB (0),1,,13,cupy_copy__complex64_complex64
1816330781,2464,5763,103,1,1,128,1,1,16,0.000,0.000,,,,,NVIDIA A100-SXM4-40GB (0),1,,13,cupy_copy__complex64_complex64
1816352509,2112,5770,35,1,1,128,1,1,16,0.000,0.000,,,,,NVIDIA A100-SXM4-40GB (0),1,,13,cupy_copy__complex64_complex64
1816371613,1536,5777,1,1,1,1,1,1,18,0.000,0.000,,,,,NVIDIA A100-SXM4-40GB (0),1,,13,cupy_copy__float32_float32
1816508603,79488,5788,1,1,1,32,32,1,30,0.000,0.000,,,,,NVIDIA A100-SXM4-40GB (0),1,,13,"void convert_kernel<__half2, float2>(tensor_layout_any, T1 *, tensor_layout_any, const T2 *)"
1816761881,12063,5791,,,,,,,,,,0.061,5093.253,Pinned,Device,NVIDIA A100-SXM4-40GB (0),1,,13,[CUDA memcpy Host-to-Device]
1816777592,3264,5792,,,,,,,,,,1.547,473842.288,Device,,NVIDIA A100-SXM4-40GB (0),1,,13,[CUDA memset]
1816783032,10336,5797,,,,,,,,,,0.021,2037.147,Pinned,Device,NVIDIA A100-SXM4-40GB (0),1,,13,[CUDA memcpy Host-to-Device]
1816795512,23232,5798,,,,,,,,,,0.131,5641.863,Pinned,Device,NVIDIA A100-SXM4-40GB (0),1,,13,[CUDA memcpy Host-to-Device]
1816827736,6048,5799,273,1,1,8,4,1,39,0.002,0.000,,,,,NVIDIA A100-SXM4-40GB (0),1,,13,"void channel_eq::eqMmseCoefCompLowMimoKernel<float, float, float, (unsigned int)4, (unsigned int)1, (unsigned int)4>(const channel_eq::_puschRxChEqStatDescr *, channel_eq::_puschRxChEqCoefCompDynDescr)"
1816834904,5248,5800,273,1,1,12,11,1,40,0.002,0.000,,,,,NVIDIA A100-SXM4-40GB (0),1,,13,"void channel_eq::eqMmseSoftDemapKernel<float, __half, __half, float, (unsigned int)4, (unsigned short)16383>(channel_eq::_puschRxChEqStatDescr *, channel_eq::_puschRxChEqSoftDemapDynDescr)"
1816841144,280893,5801,1,1,1,32,32,1,30,0.000,0.000,,,,,NVIDIA A100-SXM4-40GB (0),1,,13,"void convert_kernel<float2, __half2>(tensor_layout_any, T1 *, tensor_layout_any, const T2 *)"
1817123029,12543,5813,2253,1,1,128,1,1,16,0.000,0.000,,,,,NVIDIA A100-SXM4-40GB (0),1,,13,cupy_copy__float16_float16
1817136660,2592,5822,282,1,1,128,1,1,16,0.000,0.000,,,,,NVIDIA A100-SXM4-40GB (0),1,,13,cupy_copy__complex64_complex64
1817140276,1856,5831,26,1,1,128,1,1,16,0.000,0.000,,,,,NVIDIA A100-SXM4-40GB (0),1,,13,cupy_copy__float32_float32
1817143188,2880,5840,103,1,1,128,1,1,16,0.000,0.000,,,,,NVIDIA A100-SXM4-40GB (0),1,,13,cupy_copy__complex64_complex64
1817147028,13888,5850,1434,1,1,128,1,1,16,0.000,0.000,,,,,NVIDIA A100-SXM4-40GB (0),1,,13,cupy_copy__complex64_complex64
1817291571,80319,5855,1,1,1,32,32,1,30,0.000,0.000,,,,,NVIDIA A100-SXM4-40GB (0),1,,13,"void convert_kernel<__half2, float2>(tensor_layout_any, T1 *, tensor_layout_any, const T2 *)"
1817964363,11808,5858,,,,,,,,,,0.061,5203.231,Pinned,Device,NVIDIA A100-SXM4-40GB (0),1,,13,[CUDA memcpy Host-to-Device]
1817986891,587705,5859,,,,,,,,,,456.520,776541.336,Device,,NVIDIA A100-SXM4-40GB (0),1,,13,[CUDA memset]
1818578180,131647,5864,,,,,,,,,,0.825,6269.313,Pinned,Device,NVIDIA A100-SXM4-40GB (0),1,,13,[CUDA memcpy Host-to-Device]
1818711971,22687,5865,,,,,,,,,,0.131,5777.392,Pinned,Device,NVIDIA A100-SXM4-40GB (0),1,,13,[CUDA memcpy Host-to-Device]
1818740546,7200,5866,69,4,1,48,1,1,76,0.002,0.000,,,,,NVIDIA A100-SXM4-40GB (0),1,,13,"void ch_est::windowedChEstPreNoDftSOfdmKernel<float, __half, float, (unsigned int)2, (unsigned int)1, (unsigned short)4>(ch_est::puschRxChEstStatDescr_t *, ch_est::puschRxChEstDynDescr_t *)"
1818749282,5888,5867,137,2,1,24,2,1,44,0.001,0.001,,,,,NVIDIA A100-SXM4-40GB (0),1,,13,"void ch_est::chEstFilterNoDftSOfdmDispatchKernel<float, __half, float, (unsigned int)2>(ch_est::puschRxChEstStatDescr_t *, ch_est::puschRxChEstDynDescr_t *)"
1818756354,4704,5868,137,2,1,24,2,1,44,0.001,0.001,,,,,NVIDIA A100-SXM4-40GB (0),1,,13,"void ch_est::chEstFilterNoDftSOfdmDispatchKernel<float, __half, float, (unsigned int)2>(ch_est::puschRxChEstStatDescr_t *, ch_est::puschRxChEstDynDescr_t *)"
1818762178,2336,5879,103,1,1,128,1,1,16,0.000,0.000,,,,,NVIDIA A100-SXM4-40GB (0),1,,13,cupy_copy__complex64_complex64
1818765506,15168,5889,1434,1,1,128,1,1,16,0.000,0.000,,,,,NVIDIA A100-SXM4-40GB (0),1,,13,cupy_copy__complex64_complex64
1818781762,2240,5896,103,1,1,128,1,1,16,0.000,0.000,,,,,NVIDIA A100-SXM4-40GB (0),1,,13,cupy_copy__complex64_complex64
1818785058,79007,5903,1,1,1,32,32,1,30,0.000,0.000,,,,,NVIDIA A100-SXM4-40GB (0),1,,13,"void convert_kernel<__half2, float2>(tensor_layout_any, T1 *, tensor_layout_any, const T2 *)"
1819037567,12544,5906,,,,,,,,,,0.061,4897.935,Pinned,Device,NVIDIA A100-SXM4-40GB (0),1,,13,[CUDA memcpy Host-to-Device]
1819061055,46175,5907,,,,,,,,,,35.801,775305.590,Device,,NVIDIA A100-SXM4-40GB (0),1,,13,[CUDA memset]
1819110622,2112,5909,,,,,,,,,,0.000,37.879,Pinned,Device,NVIDIA A100-SXM4-40GB (0),1,,13,[CUDA memcpy Host-to-Device]
1819116318,22848,5910,,,,,,,,,,0.131,5736.628,Pinned,Device,NVIDIA A100-SXM4-40GB (0),1,,13,[CUDA memcpy Host-to-Device]
1819149118,9440,5911,273,1,1,48,1,1,40,0.000,0.001,,,,,NVIDIA A100-SXM4-40GB (0),1,,13,"void pusch_noise_intf_est::noiseIntfEstNoDftSOfdmKernel<float, __half, float, float, (unsigned int)2, (unsigned int)1, (unsigned char)4, (unsigned char)4>(pusch_noise_intf_est::puschRxNoiseIntfEstDynDescr)"
1819159806,2624,5922,35,1,1,128,1,1,16,0.000,0.000,,,,,NVIDIA A100-SXM4-40GB (0),1,,13,cupy_copy__complex64_complex64
1819163486,1568,5931,1,1,1,1,1,1,18,0.000,0.000,,,,,NVIDIA A100-SXM4-40GB (0),1,,13,cupy_copy__float32_float32
1819191133,1696,5937,,,,,,,,,,0.000,2.358,Device,Pageable,NVIDIA A100-SXM4-40GB (0),1,,7,[CUDA memcpy Device-to-Host]
1819257373,15455,5948,1434,1,1,128,1,1,16,0.000,0.000,,,,,NVIDIA A100-SXM4-40GB (0),1,,13,cupy_copy__complex64_complex64
1819285852,2496,5955,103,1,1,128,1,1,16,0.000,0.000,,,,,NVIDIA A100-SXM4-40GB (0),1,,13,cupy_copy__complex64_complex64
1819308412,2112,5962,35,1,1,128,1,1,16,0.000,0.000,,,,,NVIDIA A100-SXM4-40GB (0),1,,13,cupy_copy__complex64_complex64
1819327772,1536,5969,1,1,1,1,1,1,18,0.000,0.000,,,,,NVIDIA A100-SXM4-40GB (0),1,,13,cupy_copy__float32_float32
1819604601,79199,5980,1,1,1,32,32,1,30,0.000,0.000,,,,,NVIDIA A100-SXM4-40GB (0),1,,13,"void convert_kernel<__half2, float2>(tensor_layout_any, T1 *, tensor_layout_any, const T2 *)"
1819716183,12544,5983,,,,,,,,,,0.061,4897.935,Pinned,Device,NVIDIA A100-SXM4-40GB (0),1,,13,[CUDA memcpy Host-to-Device]
1819734295,3328,5984,,,,,,,,,,1.547,464729.580,Device,,NVIDIA A100-SXM4-40GB (0),1,,13,[CUDA memset]
1819740631,10272,5989,,,,,,,,,,0.021,2049.844,Pinned,Device,NVIDIA A100-SXM4-40GB (0),1,,13,[CUDA memcpy Host-to-Device]
1819753495,23360,5990,,,,,,,,,,0.131,5610.930,Pinned,Device,NVIDIA A100-SXM4-40GB (0),1,,13,[CUDA memcpy Host-to-Device]
1819786071,6176,5991,273,1,1,8,4,1,39,0.002,0.000,,,,,NVIDIA A100-SXM4-40GB (0),1,,13,"void channel_eq::eqMmseCoefCompLowMimoKernel<float, float, float, (unsigned int)4, (unsigned int)1, (unsigned int)4>(const channel_eq::_puschRxChEqStatDescr *, channel_eq::_puschRxChEqCoefCompDynDescr)"
1819793207,5439,5992,273,1,1,12,11,1,40,0.002,0.000,,,,,NVIDIA A100-SXM4-40GB (0),1,,13,"void channel_eq::eqMmseSoftDemapKernel<float, __half, __half, float, (unsigned int)4, (unsigned short)16383>(channel_eq::_puschRxChEqStatDescr *, channel_eq::_puschRxChEqSoftDemapDynDescr)"
1819799670,281405,5993,1,1,1,32,32,1,30,0.000,0.000,,,,,NVIDIA A100-SXM4-40GB (0),1,,13,"void convert_kernel<float2, __half2>(tensor_layout_any, T1 *, tensor_layout_any, const T2 *)"
1820082195,12256,6005,2253,1,1,128,1,1,16,0.000,0.000,,,,,NVIDIA A100-SXM4-40GB (0),1,,13,cupy_copy__float16_float16
1820095507,2624,6014,282,1,1,128,1,1,16,0.000,0.000,,,,,NVIDIA A100-SXM4-40GB (0),1,,13,cupy_copy__complex64_complex64
1820099315,1888,6023,26,1,1,128,1,1,16,0.000,0.000,,,,,NVIDIA A100-SXM4-40GB (0),1,,13,cupy_copy__float32_float32
1820102259,2848,6032,103,1,1,128,1,1,16,0.000,0.000,,,,,NVIDIA A100-SXM4-40GB (0),1,,13,cupy_copy__complex64_complex64
1820367120,13856,6047,1434,1,1,128,1,1,16,0.000,0.000,,,,,NVIDIA A100-SXM4-40GB (0),1,,13,cupy_copy__complex64_complex64
1820491631,79391,6052,1,1,1,32,32,1,30,0.000,0.000,,,,,NVIDIA A100-SXM4-40GB (0),1,,13,"void convert_kernel<__half2, float2>(tensor_layout_any, T1 *, tensor_layout_any, const T2 *)"
1820600109,12416,6055,,,,,,,,,,0.061,4948.439,Pinned,Device,NVIDIA A100-SXM4-40GB (0),1,,13,[CUDA memcpy Host-to-Device]
1820622637,587610,6056,,,,,,,,,,456.520,776541.336,Device,,NVIDIA A100-SXM4-40GB (0),1,,13,[CUDA memset]
1821218246,131583,6061,,,,,,,,,,0.825,6271.789,Pinned,Device,NVIDIA A100-SXM4-40GB (0),1,,13,[CUDA memcpy Host-to-Device]
1821352805,22944,6062,,,,,,,,,,0.131,5712.642,Pinned,Device,NVIDIA A100-SXM4-40GB (0),1,,13,[CUDA memcpy Host-to-Device]
1821384485,7424,6063,69,4,1,48,1,1,76,0.002,0.000,,,,,NVIDIA A100-SXM4-40GB (0),1,,13,"void ch_est::windowedChEstPreNoDftSOfdmKernel<float, __half, float, (unsigned int)2, (unsigned int)1, (unsigned short)4>(ch_est::puschRxChEstStatDescr_t *, ch_est::puschRxChEstDynDescr_t *)"
1821393477,6111,6064,137,2,1,24,2,1,44,0.001,0.001,,,,,NVIDIA A100-SXM4-40GB (0),1,,13,"void ch_est::chEstFilterNoDftSOfdmDispatchKernel<float, __half, float, (unsigned int)2>(ch_est::puschRxChEstStatDescr_t *, ch_est::puschRxChEstDynDescr_t *)"
1821400612,4736,6065,137,2,1,24,2,1,44,0.001,0.001,,,,,NVIDIA A100-SXM4-40GB (0),1,,13,"void ch_est::chEstFilterNoDftSOfdmDispatchKernel<float, __half, float, (unsigned int)2>(ch_est::puschRxChEstStatDescr_t *, ch_est::puschRxChEstDynDescr_t *)"
1821406340,2336,6076,103,1,1,128,1,1,16,0.000,0.000,,,,,NVIDIA A100-SXM4-40GB (0),1,,13,cupy_copy__complex64_complex64
1821409700,15232,6086,1434,1,1,128,1,1,16,0.000,0.000,,,,,NVIDIA A100-SXM4-40GB (0),1,,13,cupy_copy__complex64_complex64
1821425956,2304,6093,103,1,1,128,1,1,16,0.000,0.000,,,,,NVIDIA A100-SXM4-40GB (0),1,,13,cupy_copy__complex64_complex64
1821429348,79711,6100,1,1,1,32,32,1,30,0.000,0.000,,,,,NVIDIA A100-SXM4-40GB (0),1,,13,"void convert_kernel<__half2, float2>(tensor_layout_any, T1 *, tensor_layout_any, const T2 *)"
1821539715,12320,6103,,,,,,,,,,0.061,4986.962,Pinned,Device,NVIDIA A100-SXM4-40GB (0),1,,13,[CUDA memcpy Host-to-Device]
1821562659,45759,6104,,,,,,,,,,35.801,782358.379,Device,,NVIDIA A100-SXM4-40GB (0),1,,13,[CUDA memset]
1821614274,2784,6106,,,,,,,,,,0.000,28.736,Pinned,Device,NVIDIA A100-SXM4-40GB (0),1,,13,[CUDA memcpy Host-to-Device]
1821619330,22816,6107,,,,,,,,,,0.131,5744.624,Pinned,Device,NVIDIA A100-SXM4-40GB (0),1,,13,[CUDA memcpy Host-to-Device]
1821646658,8960,6108,273,1,1,48,1,1,40,0.000,0.001,,,,,NVIDIA A100-SXM4-40GB (0),1,,13,"void pusch_noise_intf_est::noiseIntfEstNoDftSOfdmKernel<float, __half, float, float, (unsigned int)2, (unsigned int)1, (unsigned char)4, (unsigned char)4>(pusch_noise_intf_est::puschRxNoiseIntfEstDynDescr)"
1821656642,2688,6119,35,1,1,128,1,1,16,0.000,0.000,,,,,NVIDIA A100-SXM4-40GB (0),1,,13,cupy_copy__complex64_complex64
1821669921,1568,6128,1,1,1,1,1,1,18,0.000,0.000,,,,,NVIDIA A100-SXM4-40GB (0),1,,13,cupy_copy__float32_float32
1821704929,1856,6134,,,,,,,,,,0.000,2.155,Device,Pageable,NVIDIA A100-SXM4-40GB (0),1,,7,[CUDA memcpy Device-to-Host]
1821765088,15328,6145,1434,1,1,128,1,1,16,0.000,0.000,,,,,NVIDIA A100-SXM4-40GB (0),1,,13,cupy_copy__complex64_complex64
1821792576,2496,6152,103,1,1,128,1,1,16,0.000,0.000,,,,,NVIDIA A100-SXM4-40GB (0),1,,13,cupy_copy__complex64_complex64
1821814048,2144,6159,35,1,1,128,1,1,16,0.000,0.000,,,,,NVIDIA A100-SXM4-40GB (0),1,,13,cupy_copy__complex64_complex64
1821833312,1568,6166,1,1,1,1,1,1,18,0.000,0.000,,,,,NVIDIA A100-SXM4-40GB (0),1,,13,cupy_copy__float32_float32
1821968862,79231,6177,1,1,1,32,32,1,30,0.000,0.000,,,,,NVIDIA A100-SXM4-40GB (0),1,,13,"void convert_kernel<__half2, float2>(tensor_layout_any, T1 *, tensor_layout_any, const T2 *)"
1822076733,12032,6180,,,,,,,,,,0.061,5106.340,Pinned,Device,NVIDIA A100-SXM4-40GB (0),1,,13,[CUDA memcpy Host-to-Device]
1822093373,3296,6181,,,,,,,,,,1.547,469242.628,Device,,NVIDIA A100-SXM4-40GB (0),1,,13,[CUDA memset]
1822099261,11007,6186,,,,,,,,,,0.021,1912.959,Pinned,Device,NVIDIA A100-SXM4-40GB (0),1,,13,[CUDA memcpy Host-to-Device]
1822113212,22784,6187,,,,,,,,,,0.131,5752.750,Pinned,Device,NVIDIA A100-SXM4-40GB (0),1,,13,[CUDA memcpy Host-to-Device]
1822145340,6016,6188,273,1,1,8,4,1,39,0.002,0.000,,,,,NVIDIA A100-SXM4-40GB (0),1,,13,"void channel_eq::eqMmseCoefCompLowMimoKernel<float, float, float, (unsigned int)4, (unsigned int)1, (unsigned int)4>(const channel_eq::_puschRxChEqStatDescr *, channel_eq::_puschRxChEqCoefCompDynDescr)"
1822152572,5248,6189,273,1,1,12,11,1,40,0.002,0.000,,,,,NVIDIA A100-SXM4-40GB (0),1,,13,"void channel_eq::eqMmseSoftDemapKernel<float, __half, __half, float, (unsigned int)4, (unsigned short)16383>(channel_eq::_puschRxChEqStatDescr *, channel_eq::_puschRxChEqSoftDemapDynDescr)"
1822158876,280637,6190,1,1,1,32,32,1,30,0.000,0.000,,,,,NVIDIA A100-SXM4-40GB (0),1,,13,"void convert_kernel<float2, __half2>(tensor_layout_any, T1 *, tensor_layout_any, const T2 *)"
1822440473,12384,6202,2253,1,1,128,1,1,16,0.000,0.000,,,,,NVIDIA A100-SXM4-40GB (0),1,,13,cupy_copy__float16_float16
1822454073,2624,6211,282,1,1,128,1,1,16,0.000,0.000,,,,,NVIDIA A100-SXM4-40GB (0),1,,13,cupy_copy__complex64_complex64
1822457657,1856,6220,26,1,1,128,1,1,16,0.000,0.000,,,,,NVIDIA A100-SXM4-40GB (0),1,,13,cupy_copy__float32_float32
1822460441,2879,6229,103,1,1,128,1,1,16,0.000,0.000,,,,,NVIDIA A100-SXM4-40GB (0),1,,13,cupy_copy__complex64_complex64
1822464248,13952,6239,1434,1,1,128,1,1,16,0.000,0.000,,,,,NVIDIA A100-SXM4-40GB (0),1,,13,cupy_copy__complex64_complex64
1822481720,79167,6244,1,1,1,32,32,1,30,0.000,0.000,,,,,NVIDIA A100-SXM4-40GB (0),1,,13,"void convert_kernel<__half2, float2>(tensor_layout_any, T1 *, tensor_layout_any, const T2 *)"
1822589303,12416,6247,,,,,,,,,,0.061,4948.439,Pinned,Device,NVIDIA A100-SXM4-40GB (0),1,,13,[CUDA memcpy Host-to-Device]
1822612247,587961,6248,,,,,,,,,,456.520,776084.816,Device,,NVIDIA A100-SXM4-40GB (0),1,,13,[CUDA memset]
1823207600,132127,6253,,,,,,,,,,0.825,6246.203,Pinned,Device,NVIDIA A100-SXM4-40GB (0),1,,13,[CUDA memcpy Host-to-Device]
1823342415,22655,6254,,,,,,,,,,0.131,5785.518,Pinned,Device,NVIDIA A100-SXM4-40GB (0),1,,13,[CUDA memcpy Host-to-Device]
1823374094,7232,6255,69,4,1,48,1,1,76,0.002,0.000,,,,,NVIDIA A100-SXM4-40GB (0),1,,13,"void ch_est::windowedChEstPreNoDftSOfdmKernel<float, __half, float, (unsigned int)2, (unsigned int)1, (unsigned short)4>(ch_est::puschRxChEstStatDescr_t *, ch_est::puschRxChEstDynDescr_t *)"
1823383150,5920,6256,137,2,1,24,2,1,44,0.001,0.001,,,,,NVIDIA A100-SXM4-40GB (0),1,,13,"void ch_est::chEstFilterNoDftSOfdmDispatchKernel<float, __half, float, (unsigned int)2>(ch_est::puschRxChEstStatDescr_t *, ch_est::puschRxChEstDynDescr_t *)"
1823390094,4736,6257,137,2,1,24,2,1,44,0.001,0.001,,,,,NVIDIA A100-SXM4-40GB (0),1,,13,"void ch_est::chEstFilterNoDftSOfdmDispatchKernel<float, __half, float, (unsigned int)2>(ch_est::puschRxChEstStatDescr_t *, ch_est::puschRxChEstDynDescr_t *)"
1823395886,2336,6268,103,1,1,128,1,1,16,0.000,0.000,,,,,NVIDIA A100-SXM4-40GB (0),1,,13,cupy_copy__complex64_complex64
1823399182,15136,6278,1434,1,1,128,1,1,16,0.000,0.000,,,,,NVIDIA A100-SXM4-40GB (0),1,,13,cupy_copy__complex64_complex64
1823415438,2272,6285,103,1,1,128,1,1,16,0.000,0.000,,,,,NVIDIA A100-SXM4-40GB (0),1,,13,cupy_copy__complex64_complex64
1823418862,78303,6292,1,1,1,32,32,1,30,0.000,0.000,,,,,NVIDIA A100-SXM4-40GB (0),1,,13,"void convert_kernel<__half2, float2>(tensor_layout_any, T1 *, tensor_layout_any, const T2 *)"
1823667435,11680,6295,,,,,,,,,,0.061,5260.247,Pinned,Device,NVIDIA A100-SXM4-40GB (0),1,,13,[CUDA memcpy Host-to-Device]
1823689483,46527,6296,,,,,,,,,,35.801,769434.232,Device,,NVIDIA A100-SXM4-40GB (0),1,,13,[CUDA memset]
1823740074,2144,6298,,,,,,,,,,0.000,37.313,Pinned,Device,NVIDIA A100-SXM4-40GB (0),1,,13,[CUDA memcpy Host-to-Device]
1823744362,22912,6299,,,,,,,,,,0.131,5720.637,Pinned,Device,NVIDIA A100-SXM4-40GB (0),1,,13,[CUDA memcpy Host-to-Device]
1823778570,9312,6300,273,1,1,48,1,1,40,0.000,0.001,,,,,NVIDIA A100-SXM4-40GB (0),1,,13,"void pusch_noise_intf_est::noiseIntfEstNoDftSOfdmKernel<float, __half, float, float, (unsigned int)2, (unsigned int)1, (unsigned char)4, (unsigned char)4>(pusch_noise_intf_est::puschRxNoiseIntfEstDynDescr)"
1823788970,2624,6311,35,1,1,128,1,1,16,0.000,0.000,,,,,NVIDIA A100-SXM4-40GB (0),1,,13,cupy_copy__complex64_complex64
1823792554,1568,6320,1,1,1,1,1,1,18,0.000,0.000,,,,,NVIDIA A100-SXM4-40GB (0),1,,13,cupy_copy__float32_float32
1823819977,1728,6326,,,,,,,,,,0.000,2.315,Device,Pageable,NVIDIA A100-SXM4-40GB (0),1,,7,[CUDA memcpy Device-to-Host]
1823880041,15615,6337,1434,1,1,128,1,1,16,0.000,0.000,,,,,NVIDIA A100-SXM4-40GB (0),1,,13,cupy_copy__complex64_complex64
1823908328,2528,6344,103,1,1,128,1,1,16,0.000,0.000,,,,,NVIDIA A100-SXM4-40GB (0),1,,13,cupy_copy__complex64_complex64
1823930024,2112,6351,35,1,1,128,1,1,16,0.000,0.000,,,,,NVIDIA A100-SXM4-40GB (0),1,,13,cupy_copy__complex64_complex64
1823948840,1536,6358,1,1,1,1,1,1,18,0.000,0.000,,,,,NVIDIA A100-SXM4-40GB (0),1,,13,cupy_copy__float32_float32
1824220133,78975,6369,1,1,1,32,32,1,30,0.000,0.000,,,,,NVIDIA A100-SXM4-40GB (0),1,,13,"void convert_kernel<__half2, float2>(tensor_layout_any, T1 *, tensor_layout_any, const T2 *)"
1824331331,12032,6372,,,,,,,,,,0.061,5106.340,Pinned,Device,NVIDIA A100-SXM4-40GB (0),1,,13,[CUDA memcpy Host-to-Device]
1824348259,3360,6373,,,,,,,,,,1.547,460304.688,Device,,NVIDIA A100-SXM4-40GB (0),1,,13,[CUDA memset]
1824354659,10272,6378,,,,,,,,,,0.021,2049.844,Pinned,Device,NVIDIA A100-SXM4-40GB (0),1,,13,[CUDA memcpy Host-to-Device]
1824367907,23072,6379,,,,,,,,,,0.131,5680.923,Pinned,Device,NVIDIA A100-SXM4-40GB (0),1,,13,[CUDA memcpy Host-to-Device]
1824400163,6016,6380,273,1,1,8,4,1,39,0.002,0.000,,,,,NVIDIA A100-SXM4-40GB (0),1,,13,"void channel_eq::eqMmseCoefCompLowMimoKernel<float, float, float, (unsigned int)4, (unsigned int)1, (unsigned int)4>(const channel_eq::_puschRxChEqStatDescr *, channel_eq::_puschRxChEqCoefCompDynDescr)"
1824407395,5248,6381,273,1,1,12,11,1,40,0.002,0.000,,,,,NVIDIA A100-SXM4-40GB (0),1,,13,"void channel_eq::eqMmseSoftDemapKernel<float, __half, __half, float, (unsigned int)4, (unsigned short)16383>(channel_eq::_puschRxChEqStatDescr *, channel_eq::_puschRxChEqSoftDemapDynDescr)"
1824413635,281340,6382,1,1,1,32,32,1,30,0.000,0.000,,,,,NVIDIA A100-SXM4-40GB (0),1,,13,"void convert_kernel<float2, __half2>(tensor_layout_any, T1 *, tensor_layout_any, const T2 *)"
1824696063,12384,6394,2253,1,1,128,1,1,16,0.000,0.000,,,,,NVIDIA A100-SXM4-40GB (0),1,,13,cupy_copy__float16_float16
1824709663,2624,6403,282,1,1,128,1,1,16,0.000,0.000,,,,,NVIDIA A100-SXM4-40GB (0),1,,13,cupy_copy__complex64_complex64
1824713247,1888,6412,26,1,1,128,1,1,16,0.000,0.000,,,,,NVIDIA A100-SXM4-40GB (0),1,,13,cupy_copy__float32_float32
1824716223,2848,6421,103,1,1,128,1,1,16,0.000,0.000,,,,,NVIDIA A100-SXM4-40GB (0),1,,13,cupy_copy__complex64_complex64
1824720063,13920,6431,1434,1,1,128,1,1,16,0.000,0.000,,,,,NVIDIA A100-SXM4-40GB (0),1,,13,cupy_copy__complex64_complex64
1824749151,78975,6436,1,1,1,32,32,1,30,0.000,0.000,,,,,NVIDIA A100-SXM4-40GB (0),1,,13,"void convert_kernel<__half2, float2>(tensor_layout_any, T1 *, tensor_layout_any, const T2 *)"
1824995388,11712,6439,,,,,,,,,,0.061,5245.870,Pinned,Device,NVIDIA A100-SXM4-40GB (0),1,,13,[CUDA memcpy Host-to-Device]
1825012284,588537,6440,,,,,,,,,,456.520,775628.296,Device,,NVIDIA A100-SXM4-40GB (0),1,,13,[CUDA memset]
1825608853,131775,6445,,,,,,,,,,0.825,6262.710,Pinned,Device,NVIDIA A100-SXM4-40GB (0),1,,13,[CUDA memcpy Host-to-Device]
1825743700,22623,6446,,,,,,,,,,0.131,5793.645,Pinned,Device,NVIDIA A100-SXM4-40GB (0),1,,13,[CUDA memcpy Host-to-Device]
1825769459,7808,6447,69,4,1,48,1,1,76,0.002,0.000,,,,,NVIDIA A100-SXM4-40GB (0),1,,13,"void ch_est::windowedChEstPreNoDftSOfdmKernel<float, __half, float, (unsigned int)2, (unsigned int)1, (unsigned short)4>(ch_est::puschRxChEstStatDescr_t *, ch_est::puschRxChEstDynDescr_t *)"
1825778867,6048,6448,137,2,1,24,2,1,44,0.001,0.001,,,,,NVIDIA A100-SXM4-40GB (0),1,,13,"void ch_est::chEstFilterNoDftSOfdmDispatchKernel<float, __half, float, (unsigned int)2>(ch_est::puschRxChEstStatDescr_t *, ch_est::puschRxChEstDynDescr_t *)"
1825786131,4704,6449,137,2,1,24,2,1,44,0.001,0.001,,,,,NVIDIA A100-SXM4-40GB (0),1,,13,"void ch_est::chEstFilterNoDftSOfdmDispatchKernel<float, __half, float, (unsigned int)2>(ch_est::puschRxChEstStatDescr_t *, ch_est::puschRxChEstDynDescr_t *)"
1825791923,2368,6460,103,1,1,128,1,1,16,0.000,0.000,,,,,NVIDIA A100-SXM4-40GB (0),1,,13,cupy_copy__complex64_complex64
1825795315,15104,6470,1434,1,1,128,1,1,16,0.000,0.000,,,,,NVIDIA A100-SXM4-40GB (0),1,,13,cupy_copy__complex64_complex64
1825811635,2272,6477,103,1,1,128,1,1,16,0.000,0.000,,,,,NVIDIA A100-SXM4-40GB (0),1,,13,cupy_copy__complex64_complex64
1825815027,79231,6484,1,1,1,32,32,1,30,0.000,0.000,,,,,NVIDIA A100-SXM4-40GB (0),1,,13,"void convert_kernel<__half2, float2>(tensor_layout_any, T1 *, tensor_layout_any, const T2 *)"
1825926770,11775,6487,,,,,,,,,,0.061,5217.792,Pinned,Device,NVIDIA A100-SXM4-40GB (0),1,,13,[CUDA memcpy Host-to-Device]
1825950449,45760,6488,,,,,,,,,,35.801,782358.379,Device,,NVIDIA A100-SXM4-40GB (0),1,,13,[CUDA memset]
1826003057,2080,6490,,,,,,,,,,0.000,38.462,Pinned,Device,NVIDIA A100-SXM4-40GB (0),1,,13,[CUDA memcpy Host-to-Device]
1826007281,22655,6491,,,,,,,,,,0.131,5785.518,Pinned,Device,NVIDIA A100-SXM4-40GB (0),1,,13,[CUDA memcpy Host-to-Device]
1826037520,8608,6492,273,1,1,48,1,1,40,0.000,0.001,,,,,NVIDIA A100-SXM4-40GB (0),1,,13,"void pusch_noise_intf_est::noiseIntfEstNoDftSOfdmKernel<float, __half, float, float, (unsigned int)2, (unsigned int)1, (unsigned char)4, (unsigned char)4>(pusch_noise_intf_est::puschRxNoiseIntfEstDynDescr)"
1826047120,2688,6503,35,1,1,128,1,1,16,0.000,0.000,,,,,NVIDIA A100-SXM4-40GB (0),1,,13,cupy_copy__complex64_complex64
1826060400,1568,6512,1,1,1,1,1,1,18,0.000,0.000,,,,,NVIDIA A100-SXM4-40GB (0),1,,13,cupy_copy__float32_float32
1826096016,1920,6518,,,,,,,,,,0.000,2.083,Device,Pageable,NVIDIA A100-SXM4-40GB (0),1,,7,[CUDA memcpy Device-to-Host]
1826156943,15200,6529,1434,1,1,128,1,1,16,0.000,0.000,,,,,NVIDIA A100-SXM4-40GB (0),1,,13,cupy_copy__complex64_complex64
1826184783,2496,6536,103,1,1,128,1,1,16,0.000,0.000,,,,,NVIDIA A100-SXM4-40GB (0),1,,13,cupy_copy__complex64_complex64
1826206222,2144,6543,35,1,1,128,1,1,16,0.000,0.000,,,,,NVIDIA A100-SXM4-40GB (0),1,,13,cupy_copy__complex64_complex64
1826226510,1536,6550,1,1,1,1,1,1,18,0.000,0.000,,,,,NVIDIA A100-SXM4-40GB (0),1,,13,cupy_copy__float32_float32
1826363469,78975,6561,1,1,1,32,32,1,30,0.000,0.000,,,,,NVIDIA A100-SXM4-40GB (0),1,,13,"void convert_kernel<__half2, float2>(tensor_layout_any, T1 *, tensor_layout_any, const T2 *)"
1826471947,11840,6564,,,,,,,,,,0.061,5189.161,Pinned,Device,NVIDIA A100-SXM4-40GB (0),1,,13,[CUDA memcpy Host-to-Device]
1826488843,3232,6565,,,,,,,,,,1.547,478533.199,Device,,NVIDIA A100-SXM4-40GB (0),1,,13,[CUDA memset]
1826494827,10272,6570,,,,,,,,,,0.021,2049.844,Pinned,Device,NVIDIA A100-SXM4-40GB (0),1,,13,[CUDA memcpy Host-to-Device]
1826508043,22816,6571,,,,,,,,,,0.131,5744.624,Pinned,Device,NVIDIA A100-SXM4-40GB (0),1,,13,[CUDA memcpy Host-to-Device]
1826540299,6048,6572,273,1,1,8,4,1,39,0.002,0.000,,,,,NVIDIA A100-SXM4-40GB (0),1,,13,"void channel_eq::eqMmseCoefCompLowMimoKernel<float, float, float, (unsigned int)4, (unsigned int)1, (unsigned int)4>(const channel_eq::_puschRxChEqStatDescr *, channel_eq::_puschRxChEqCoefCompDynDescr)"
1826547435,5151,6573,273,1,1,12,11,1,40,0.002,0.000,,,,,NVIDIA A100-SXM4-40GB (0),1,,13,"void channel_eq::eqMmseSoftDemapKernel<float, __half, __half, float, (unsigned int)4, (unsigned short)16383>(channel_eq::_puschRxChEqStatDescr *, channel_eq::_puschRxChEqSoftDemapDynDescr)"
1826553674,281085,6574,1,1,1,32,32,1,30,0.000,0.000,,,,,NVIDIA A100-SXM4-40GB (0),1,,13,"void convert_kernel<float2, __half2>(tensor_layout_any, T1 *, tensor_layout_any, const T2 *)"
1826835815,12352,6586,2253,1,1,128,1,1,16,0.000,0.000,,,,,NVIDIA A100-SXM4-40GB (0),1,,13,cupy_copy__float16_float16
1826849383,2592,6595,282,1,1,128,1,1,16,0.000,0.000,,,,,NVIDIA A100-SXM4-40GB (0),1,,13,cupy_copy__complex64_complex64
1826852967,1856,6604,26,1,1,128,1,1,16,0.000,0.000,,,,,NVIDIA A100-SXM4-40GB (0),1,,13,cupy_copy__float32_float32
1826855911,2912,6613,103,1,1,128,1,1,16,0.000,0.000,,,,,NVIDIA A100-SXM4-40GB (0),1,,13,cupy_copy__complex64_complex64
1826860039,13888,6623,1434,1,1,128,1,1,16,0.000,0.000,,,,,NVIDIA A100-SXM4-40GB (0),1,,13,cupy_copy__complex64_complex64
1826881383,78591,6628,1,1,1,32,32,1,30,0.000,0.000,,,,,NVIDIA A100-SXM4-40GB (0),1,,13,"void convert_kernel<__half2, float2>(tensor_layout_any, T1 *, tensor_layout_any, const T2 *)"
1826988294,11711,6631,,,,,,,,,,0.061,5246.300,Pinned,Device,NVIDIA A100-SXM4-40GB (0),1,,13,[CUDA memcpy Host-to-Device]
1827010309,587802,6632,,,,,,,,,,456.520,776541.336,Device,,NVIDIA A100-SXM4-40GB (0),1,,13,[CUDA memset]
1827605663,131838,6637,,,,,,,,,,0.825,6260.234,Pinned,Device,NVIDIA A100-SXM4-40GB (0),1,,13,[CUDA memcpy Host-to-Device]
1827739645,23424,6638,,,,,,,,,,0.131,5595.595,Pinned,Device,NVIDIA A100-SXM4-40GB (0),1,,13,[CUDA memcpy Host-to-Device]
1827772125,7136,6639,69,4,1,48,1,1,76,0.002,0.000,,,,,NVIDIA A100-SXM4-40GB (0),1,,13,"void ch_est::windowedChEstPreNoDftSOfdmKernel<float, __half, float, (unsigned int)2, (unsigned int)1, (unsigned short)4>(ch_est::puschRxChEstStatDescr_t *, ch_est::puschRxChEstDynDescr_t *)"
1827780861,5856,6640,137,2,1,24,2,1,44,0.001,0.001,,,,,NVIDIA A100-SXM4-40GB (0),1,,13,"void ch_est::chEstFilterNoDftSOfdmDispatchKernel<float, __half, float, (unsigned int)2>(ch_est::puschRxChEstStatDescr_t *, ch_est::puschRxChEstDynDescr_t *)"
1827787709,4768,6641,137,2,1,24,2,1,44,0.001,0.001,,,,,NVIDIA A100-SXM4-40GB (0),1,,13,"void ch_est::chEstFilterNoDftSOfdmDispatchKernel<float, __half, float, (unsigned int)2>(ch_est::puschRxChEstStatDescr_t *, ch_est::puschRxChEstDynDescr_t *)"
1827793533,2335,6652,103,1,1,128,1,1,16,0.000,0.000,,,,,NVIDIA A100-SXM4-40GB (0),1,,13,cupy_copy__complex64_complex64
1827796892,15328,6662,1434,1,1,128,1,1,16,0.000,0.000,,,,,NVIDIA A100-SXM4-40GB (0),1,,13,cupy_copy__complex64_complex64
1827813212,2240,6669,103,1,1,128,1,1,16,0.000,0.000,,,,,NVIDIA A100-SXM4-40GB (0),1,,13,cupy_copy__complex64_complex64
1827816476,80255,6676,1,1,1,32,32,1,30,0.000,0.000,,,,,NVIDIA A100-SXM4-40GB (0),1,,13,"void convert_kernel<__half2, float2>(tensor_layout_any, T1 *, tensor_layout_any, const T2 *)"
1827924923,11808,6679,,,,,,,,,,0.061,5203.231,Pinned,Device,NVIDIA A100-SXM4-40GB (0),1,,13,[CUDA memcpy Host-to-Device]
1827947227,45887,6680,,,,,,,,,,35.801,780174.520,Device,,NVIDIA A100-SXM4-40GB (0),1,,13,[CUDA memset]
1827994042,2080,6682,,,,,,,,,,0.000,38.462,Pinned,Device,NVIDIA A100-SXM4-40GB (0),1,,13,[CUDA memcpy Host-to-Device]
1827998938,22592,6683,,,,,,,,,,0.131,5801.640,Pinned,Device,NVIDIA A100-SXM4-40GB (0),1,,13,[CUDA memcpy Host-to-Device]
1828030170,8608,6684,273,1,1,48,1,1,40,0.000,0.001,,,,,NVIDIA A100-SXM4-40GB (0),1,,13,"void pusch_noise_intf_est::noiseIntfEstNoDftSOfdmKernel<float, __half, float, float, (unsigned int)2, (unsigned int)1, (unsigned char)4, (unsigned char)4>(pusch_noise_intf_est::puschRxNoiseIntfEstDynDescr)"
1828039770,2688,6695,35,1,1,128,1,1,16,0.000,0.000,,,,,NVIDIA A100-SXM4-40GB (0),1,,13,cupy_copy__complex64_complex64
1828050778,1568,6704,1,1,1,1,1,1,18,0.000,0.000,,,,,NVIDIA A100-SXM4-40GB (0),1,,13,cupy_copy__float32_float32
1828085369,1632,6710,,,,,,,,,,0.000,2.451,Device,Pageable,NVIDIA A100-SXM4-40GB (0),1,,7,[CUDA memcpy Device-to-Host]
1828144697,15423,6721,1434,1,1,128,1,1,16,0.000,0.000,,,,,NVIDIA A100-SXM4-40GB (0),1,,13,cupy_copy__complex64_complex64
1828172344,2496,6728,103,1,1,128,1,1,16,0.000,0.000,,,,,NVIDIA A100-SXM4-40GB (0),1,,13,cupy_copy__complex64_complex64
1828193208,2144,6735,35,1,1,128,1,1,16,0.000,0.000,,,,,NVIDIA A100-SXM4-40GB (0),1,,13,cupy_copy__complex64_complex64
1828212504,1536,6742,1,1,1,1,1,1,18,0.000,0.000,,,,,NVIDIA A100-SXM4-40GB (0),1,,13,cupy_copy__float32_float32
1828347158,79135,6753,1,1,1,32,32,1,30,0.000,0.000,,,,,NVIDIA A100-SXM4-40GB (0),1,,13,"void convert_kernel<__half2, float2>(tensor_layout_any, T1 *, tensor_layout_any, const T2 *)"
1828454613,11936,6756,,,,,,,,,,0.061,5147.443,Pinned,Device,NVIDIA A100-SXM4-40GB (0),1,,13,[CUDA memcpy Host-to-Device]
1828471157,3392,6757,,,,,,,,,,1.547,455961.768,Device,,NVIDIA A100-SXM4-40GB (0),1,,13,[CUDA memset]
1828477397,10272,6762,,,,,,,,,,0.021,2049.844,Pinned,Device,NVIDIA A100-SXM4-40GB (0),1,,13,[CUDA memcpy Host-to-Device]
1828490261,22911,6763,,,,,,,,,,0.131,5720.900,Pinned,Device,NVIDIA A100-SXM4-40GB (0),1,,13,[CUDA memcpy Host-to-Device]
1828522740,6016,6764,273,1,1,8,4,1,39,0.002,0.000,,,,,NVIDIA A100-SXM4-40GB (0),1,,13,"void channel_eq::eqMmseCoefCompLowMimoKernel<float, float, float, (unsigned int)4, (unsigned int)1, (unsigned int)4>(const channel_eq::_puschRxChEqStatDescr *, channel_eq::_puschRxChEqCoefCompDynDescr)"
1828529684,5152,6765,273,1,1,12,11,1,40,0.002,0.000,,,,,NVIDIA A100-SXM4-40GB (0),1,,13,"void channel_eq::eqMmseSoftDemapKernel<float, __half, __half, float, (unsigned int)4, (unsigned short)16383>(channel_eq::_puschRxChEqStatDescr *, channel_eq::_puschRxChEqSoftDemapDynDescr)"
1828535956,281181,6766,1,1,1,32,32,1,30,0.000,0.000,,,,,NVIDIA A100-SXM4-40GB (0),1,,13,"void convert_kernel<float2, __half2>(tensor_layout_any, T1 *, tensor_layout_any, const T2 *)"
1828818129,12448,6778,2253,1,1,128,1,1,16,0.000,0.000,,,,,NVIDIA A100-SXM4-40GB (0),1,,13,cupy_copy__float16_float16
1828831569,2624,6787,282,1,1,128,1,1,16,0.000,0.000,,,,,NVIDIA A100-SXM4-40GB (0),1,,13,cupy_copy__complex64_complex64
1828835249,1888,6796,26,1,1,128,1,1,16,0.000,0.000,,,,,NVIDIA A100-SXM4-40GB (0),1,,13,cupy_copy__float32_float32
1828838193,2880,6805,103,1,1,128,1,1,16,0.000,0.000,,,,,NVIDIA A100-SXM4-40GB (0),1,,13,cupy_copy__complex64_complex64
1828842001,14048,6815,1434,1,1,128,1,1,16,0.000,0.000,,,,,NVIDIA A100-SXM4-40GB (0),1,,13,cupy_copy__complex64_complex64
1828862096,78880,6820,1,1,1,32,32,1,30,0.000,0.000,,,,,NVIDIA A100-SXM4-40GB (0),1,,13,"void convert_kernel<__half2, float2>(tensor_layout_any, T1 *, tensor_layout_any, const T2 *)"
1829111406,11712,6823,,,,,,,,,,0.061,5245.870,Pinned,Device,NVIDIA A100-SXM4-40GB (0),1,,13,[CUDA memcpy Host-to-Device]
1829128334,588569,6824,,,,,,,,,,456.520,775628.296,Device,,NVIDIA A100-SXM4-40GB (0),1,,13,[CUDA memset]
1829721223,131582,6829,,,,,,,,,,0.825,6271.789,Pinned,Device,NVIDIA A100-SXM4-40GB (0),1,,13,[CUDA memcpy Host-to-Device]
1829855909,22912,6830,,,,,,,,,,0.131,5720.637,Pinned,Device,NVIDIA A100-SXM4-40GB (0),1,,13,[CUDA memcpy Host-to-Device]
1829883589,7360,6831,69,4,1,48,1,1,76,0.002,0.000,,,,,NVIDIA A100-SXM4-40GB (0),1,,13,"void ch_est::windowedChEstPreNoDftSOfdmKernel<float, __half, float, (unsigned int)2, (unsigned int)1, (unsigned short)4>(ch_est::puschRxChEstStatDescr_t *, ch_est::puschRxChEstDynDescr_t *)"
1829892517,6048,6832,137,2,1,24,2,1,44,0.001,0.001,,,,,NVIDIA A100-SXM4-40GB (0),1,,13,"void ch_est::chEstFilterNoDftSOfdmDispatchKernel<float, __half, float, (unsigned int)2>(ch_est::puschRxChEstStatDescr_t *, ch_est::puschRxChEstDynDescr_t *)"
1829899813,4704,6833,137,2,1,24,2,1,44,0.001,0.001,,,,,NVIDIA A100-SXM4-40GB (0),1,,13,"void ch_est::chEstFilterNoDftSOfdmDispatchKernel<float, __half, float, (unsigned int)2>(ch_est::puschRxChEstStatDescr_t *, ch_est::puschRxChEstDynDescr_t *)"
1829905477,2880,6844,103,1,1,128,1,1,16,0.000,0.000,,,,,NVIDIA A100-SXM4-40GB (0),1,,13,cupy_copy__complex64_complex64
1829909573,14912,6854,1434,1,1,128,1,1,16,0.000,0.000,,,,,NVIDIA A100-SXM4-40GB (0),1,,13,cupy_copy__complex64_complex64
1829925445,2304,6861,103,1,1,128,1,1,16,0.000,0.000,,,,,NVIDIA A100-SXM4-40GB (0),1,,13,cupy_copy__complex64_complex64
1829928836,79104,6868,1,1,1,32,32,1,30,0.000,0.000,,,,,NVIDIA A100-SXM4-40GB (0),1,,13,"void convert_kernel<__half2, float2>(tensor_layout_any, T1 *, tensor_layout_any, const T2 *)"
1830039043,12096,6871,,,,,,,,,,0.061,5079.306,Pinned,Device,NVIDIA A100-SXM4-40GB (0),1,,13,[CUDA memcpy Host-to-Device]
1830056355,46016,6872,,,,,,,,,,35.801,777990.662,Device,,NVIDIA A100-SXM4-40GB (0),1,,13,[CUDA memset]
1830110562,2144,6874,,,,,,,,,,0.000,37.313,Pinned,Device,NVIDIA A100-SXM4-40GB (0),1,,13,[CUDA memcpy Host-to-Device]
1830115266,23328,6875,,,,,,,,,,0.131,5618.532,Pinned,Device,NVIDIA A100-SXM4-40GB (0),1,,13,[CUDA memcpy Host-to-Device]
1830149858,8896,6876,273,1,1,48,1,1,40,0.000,0.001,,,,,NVIDIA A100-SXM4-40GB (0),1,,13,"void pusch_noise_intf_est::noiseIntfEstNoDftSOfdmKernel<float, __half, float, float, (unsigned int)2, (unsigned int)1, (unsigned char)4, (unsigned char)4>(pusch_noise_intf_est::puschRxNoiseIntfEstDynDescr)"
1830159874,2560,6887,35,1,1,128,1,1,16,0.000,0.000,,,,,NVIDIA A100-SXM4-40GB (0),1,,13,cupy_copy__complex64_complex64
1830172450,1600,6896,1,1,1,1,1,1,18,0.000,0.000,,,,,NVIDIA A100-SXM4-40GB (0),1,,13,cupy_copy__float32_float32
1830208929,1824,6902,,,,,,,,,,0.000,2.193,Device,Pageable,NVIDIA A100-SXM4-40GB (0),1,,7,[CUDA memcpy Device-to-Host]
1830269121,15104,6913,1434,1,1,128,1,1,16,0.000,0.000,,,,,NVIDIA A100-SXM4-40GB (0),1,,13,cupy_copy__complex64_complex64
1830297216,2496,6920,103,1,1,128,1,1,16,0.000,0.000,,,,,NVIDIA A100-SXM4-40GB (0),1,,13,cupy_copy__complex64_complex64
1830318400,2112,6927,35,1,1,128,1,1,16,0.000,0.000,,,,,NVIDIA A100-SXM4-40GB (0),1,,13,cupy_copy__complex64_complex64
1830337088,1568,6934,1,1,1,1,1,1,18,0.000,0.000,,,,,NVIDIA A100-SXM4-40GB (0),1,,13,cupy_copy__float32_float32
1830475326,79103,6945,1,1,1,32,32,1,30,0.000,0.000,,,,,NVIDIA A100-SXM4-40GB (0),1,,13,"void convert_kernel<__half2, float2>(tensor_layout_any, T1 *, tensor_layout_any, const T2 *)"
1830722716,11871,6948,,,,,,,,,,0.061,5175.583,Pinned,Device,NVIDIA A100-SXM4-40GB (0),1,,13,[CUDA memcpy Host-to-Device]
1830738811,3360,6949,,,,,,,,,,1.547,460304.688,Device,,NVIDIA A100-SXM4-40GB (0),1,,13,[CUDA memset]
1830743067,10400,6954,,,,,,,,,,0.021,2024.598,Pinned,Device,NVIDIA A100-SXM4-40GB (0),1,,13,[CUDA memcpy Host-to-Device]
1830756315,22624,6955,,,,,,,,,,0.131,5793.382,Pinned,Device,NVIDIA A100-SXM4-40GB (0),1,,13,[CUDA memcpy Host-to-Device]
1830787803,6208,6956,273,1,1,8,4,1,39,0.002,0.000,,,,,NVIDIA A100-SXM4-40GB (0),1,,13,"void channel_eq::eqMmseCoefCompLowMimoKernel<float, float, float, (unsigned int)4, (unsigned int)1, (unsigned int)4>(const channel_eq::_puschRxChEqStatDescr *, channel_eq::_puschRxChEqCoefCompDynDescr)"
1830795227,5184,6957,273,1,1,12,11,1,40,0.002,0.000,,,,,NVIDIA A100-SXM4-40GB (0),1,,13,"void channel_eq::eqMmseSoftDemapKernel<float, __half, __half, float, (unsigned int)4, (unsigned short)16383>(channel_eq::_puschRxChEqStatDescr *, channel_eq::_puschRxChEqSoftDemapDynDescr)"
1830801627,280829,6958,1,1,1,32,32,1,30,0.000,0.000,,,,,NVIDIA A100-SXM4-40GB (0),1,,13,"void convert_kernel<float2, __half2>(tensor_layout_any, T1 *, tensor_layout_any, const T2 *)"
1831083608,12447,6970,2253,1,1,128,1,1,16,0.000,0.000,,,,,NVIDIA A100-SXM4-40GB (0),1,,13,cupy_copy__float16_float16
1831096983,2624,6979,282,1,1,128,1,1,16,0.000,0.000,,,,,NVIDIA A100-SXM4-40GB (0),1,,13,cupy_copy__complex64_complex64
1831100631,1824,6988,26,1,1,128,1,1,16,0.000,0.000,,,,,NVIDIA A100-SXM4-40GB (0),1,,13,cupy_copy__float32_float32
1831103543,2880,6997,103,1,1,128,1,1,16,0.000,0.000,,,,,NVIDIA A100-SXM4-40GB (0),1,,13,cupy_copy__complex64_complex64
1831107383,13984,7007,1434,1,1,128,1,1,16,0.000,0.000,,,,,NVIDIA A100-SXM4-40GB (0),1,,13,cupy_copy__complex64_complex64
1831266229,79264,7012,1,1,1,32,32,1,30,0.000,0.000,,,,,NVIDIA A100-SXM4-40GB (0),1,,13,"void convert_kernel<__half2, float2>(tensor_layout_any, T1 *, tensor_layout_any, const T2 *)"
1831377556,11712,7015,,,,,,,,,,0.061,5245.870,Pinned,Device,NVIDIA A100-SXM4-40GB (0),1,,13,[CUDA memcpy Host-to-Device]
1831399092,587705,7016,,,,,,,,,,456.520,776541.336,Device,,NVIDIA A100-SXM4-40GB (0),1,,13,[CUDA memset]
1831992429,132383,7021,,,,,,,,,,0.825,6233.823,Pinned,Device,NVIDIA A100-SXM4-40GB (0),1,,13,[CUDA memcpy Host-to-Device]
1832127212,23264,7022,,,,,,,,,,0.131,5633.999,Pinned,Device,NVIDIA A100-SXM4-40GB (0),1,,13,[CUDA memcpy Host-to-Device]
1832157867,7232,7023,69,4,1,48,1,1,76,0.002,0.000,,,,,NVIDIA A100-SXM4-40GB (0),1,,13,"void ch_est::windowedChEstPreNoDftSOfdmKernel<float, __half, float, (unsigned int)2, (unsigned int)1, (unsigned short)4>(ch_est::puschRxChEstStatDescr_t *, ch_est::puschRxChEstDynDescr_t *)"
1832166923,5696,7024,137,2,1,24,2,1,44,0.001,0.001,,,,,NVIDIA A100-SXM4-40GB (0),1,,13,"void ch_est::chEstFilterNoDftSOfdmDispatchKernel<float, __half, float, (unsigned int)2>(ch_est::puschRxChEstStatDescr_t *, ch_est::puschRxChEstDynDescr_t *)"
1832173643,4736,7025,137,2,1,24,2,1,44,0.001,0.001,,,,,NVIDIA A100-SXM4-40GB (0),1,,13,"void ch_est::chEstFilterNoDftSOfdmDispatchKernel<float, __half, float, (unsigned int)2>(ch_est::puschRxChEstStatDescr_t *, ch_est::puschRxChEstDynDescr_t *)"
1832179467,2336,7036,103,1,1,128,1,1,16,0.000,0.000,,,,,NVIDIA A100-SXM4-40GB (0),1,,13,cupy_copy__complex64_complex64
1832182987,15200,7046,1434,1,1,128,1,1,16,0.000,0.000,,,,,NVIDIA A100-SXM4-40GB (0),1,,13,cupy_copy__complex64_complex64
1832199403,2272,7053,103,1,1,128,1,1,16,0.000,0.000,,,,,NVIDIA A100-SXM4-40GB (0),1,,13,cupy_copy__complex64_complex64
1832202859,77887,7060,1,1,1,32,32,1,30,0.000,0.000,,,,,NVIDIA A100-SXM4-40GB (0),1,,13,"void convert_kernel<__half2, float2>(tensor_layout_any, T1 *, tensor_layout_any, const T2 *)"
1832310026,11712,7063,,,,,,,,,,0.061,5245.870,Pinned,Device,NVIDIA A100-SXM4-40GB (0),1,,13,[CUDA memcpy Host-to-Device]
1832331945,46112,7064,,,,,,,,,,35.801,776379.619,Device,,NVIDIA A100-SXM4-40GB (0),1,,13,[CUDA memset]
1832383561,2144,7066,,,,,,,,,,0.000,37.313,Pinned,Device,NVIDIA A100-SXM4-40GB (0),1,,13,[CUDA memcpy Host-to-Device]
1832388937,22688,7067,,,,,,,,,,0.131,5777.129,Pinned,Device,NVIDIA A100-SXM4-40GB (0),1,,13,[CUDA memcpy Host-to-Device]
1832422088,8768,7068,273,1,1,48,1,1,40,0.000,0.001,,,,,NVIDIA A100-SXM4-40GB (0),1,,13,"void pusch_noise_intf_est::noiseIntfEstNoDftSOfdmKernel<float, __half, float, float, (unsigned int)2, (unsigned int)1, (unsigned char)4, (unsigned char)4>(pusch_noise_intf_est::puschRxNoiseIntfEstDynDescr)"
1832431848,2656,7079,35,1,1,128,1,1,16,0.000,0.000,,,,,NVIDIA A100-SXM4-40GB (0),1,,13,cupy_copy__complex64_complex64
1832435720,1536,7088,1,1,1,1,1,1,18,0.000,0.000,,,,,NVIDIA A100-SXM4-40GB (0),1,,13,cupy_copy__float32_float32
1832471400,1696,7094,,,,,,,,,,0.000,2.358,Device,Pageable,NVIDIA A100-SXM4-40GB (0),1,,7,[CUDA memcpy Device-to-Host]
1832531527,15168,7105,1434,1,1,128,1,1,16,0.000,0.000,,,,,NVIDIA A100-SXM4-40GB (0),1,,13,cupy_copy__complex64_complex64
1832558983,2528,7112,103,1,1,128,1,1,16,0.000,0.000,,,,,NVIDIA A100-SXM4-40GB (0),1,,13,cupy_copy__complex64_complex64
1832581223,2112,7119,35,1,1,128,1,1,16,0.000,0.000,,,,,NVIDIA A100-SXM4-40GB (0),1,,13,cupy_copy__complex64_complex64
1832600326,1536,7126,1,1,1,1,1,1,18,0.000,0.000,,,,,NVIDIA A100-SXM4-40GB (0),1,,13,cupy_copy__float32_float32
1832737253,78815,7137,1,1,1,32,32,1,30,0.000,0.000,,,,,NVIDIA A100-SXM4-40GB (0),1,,13,"void convert_kernel<__half2, float2>(tensor_layout_any, T1 *, tensor_layout_any, const T2 *)"
1832845828,11712,7140,,,,,,,,,,0.061,5245.870,Pinned,Device,NVIDIA A100-SXM4-40GB (0),1,,13,[CUDA memcpy Host-to-Device]
1832862116,3359,7141,,,,,,,,,,1.547,460440.791,Device,,NVIDIA A100-SXM4-40GB (0),1,,13,[CUDA memset]
1832868131,10144,7146,,,,,,,,,,0.021,2075.700,Pinned,Device,NVIDIA A100-SXM4-40GB (0),1,,13,[CUDA memcpy Host-to-Device]
1832881667,22976,7147,,,,,,,,,,0.131,5704.647,Pinned,Device,NVIDIA A100-SXM4-40GB (0),1,,13,[CUDA memcpy Host-to-Device]
1832914627,6048,7148,273,1,1,8,4,1,39,0.002,0.000,,,,,NVIDIA A100-SXM4-40GB (0),1,,13,"void channel_eq::eqMmseCoefCompLowMimoKernel<float, float, float, (unsigned int)4, (unsigned int)1, (unsigned int)4>(const channel_eq::_puschRxChEqStatDescr *, channel_eq::_puschRxChEqCoefCompDynDescr)"
1832921731,5216,7149,273,1,1,12,11,1,40,0.002,0.000,,,,,NVIDIA A100-SXM4-40GB (0),1,,13,"void channel_eq::eqMmseSoftDemapKernel<float, __half, __half, float, (unsigned int)4, (unsigned short)16383>(channel_eq::_puschRxChEqStatDescr *, channel_eq::_puschRxChEqSoftDemapDynDescr)"
1832928035,280861,7150,1,1,1,32,32,1,30,0.000,0.000,,,,,NVIDIA A100-SXM4-40GB (0),1,,13,"void convert_kernel<float2, __half2>(tensor_layout_any, T1 *, tensor_layout_any, const T2 *)"
1833209952,12767,7162,2253,1,1,128,1,1,16,0.000,0.000,,,,,NVIDIA A100-SXM4-40GB (0),1,,13,cupy_copy__float16_float16
1833223679,2624,7171,282,1,1,128,1,1,16,0.000,0.000,,,,,NVIDIA A100-SXM4-40GB (0),1,,13,cupy_copy__complex64_complex64
1833227263,1888,7180,26,1,1,128,1,1,16,0.000,0.000,,,,,NVIDIA A100-SXM4-40GB (0),1,,13,cupy_copy__float32_float32
1833230207,2848,7189,103,1,1,128,1,1,16,0.000,0.000,,,,,NVIDIA A100-SXM4-40GB (0),1,,13,cupy_copy__complex64_complex64
1833234111,14016,7199,1434,1,1,128,1,1,16,0.000,0.000,,,,,NVIDIA A100-SXM4-40GB (0),1,,13,cupy_copy__complex64_complex64
1833255807,78719,7204,1,1,1,32,32,1,30,0.000,0.000,,,,,NVIDIA A100-SXM4-40GB (0),1,,13,"void convert_kernel<__half2, float2>(tensor_layout_any, T1 *, tensor_layout_any, const T2 *)"
1833363102,12352,7207,,,,,,,,,,0.061,4974.060,Pinned,Device,NVIDIA A100-SXM4-40GB (0),1,,13,[CUDA memcpy Host-to-Device]
1833385630,588057,7208,,,,,,,,,,456.520,776084.816,Device,,NVIDIA A100-SXM4-40GB (0),1,,13,[CUDA memset]
1833981015,131646,7213,,,,,,,,,,0.825,6269.313,Pinned,Device,NVIDIA A100-SXM4-40GB (0),1,,13,[CUDA memcpy Host-to-Device]
1834115829,22688,7214,,,,,,,,,,0.131,5777.129,Pinned,Device,NVIDIA A100-SXM4-40GB (0),1,,13,[CUDA memcpy Host-to-Device]
1834146485,7424,7215,69,4,1,48,1,1,76,0.002,0.000,,,,,NVIDIA A100-SXM4-40GB (0),1,,13,"void ch_est::windowedChEstPreNoDftSOfdmKernel<float, __half, float, (unsigned int)2, (unsigned int)1, (unsigned short)4>(ch_est::puschRxChEstStatDescr_t *, ch_est::puschRxChEstDynDescr_t *)"
1834155637,5888,7216,137,2,1,24,2,1,44,0.001,0.001,,,,,NVIDIA A100-SXM4-40GB (0),1,,13,"void ch_est::chEstFilterNoDftSOfdmDispatchKernel<float, __half, float, (unsigned int)2>(ch_est::puschRxChEstStatDescr_t *, ch_est::puschRxChEstDynDescr_t *)"
1834162741,4736,7217,137,2,1,24,2,1,44,0.001,0.001,,,,,NVIDIA A100-SXM4-40GB (0),1,,13,"void ch_est::chEstFilterNoDftSOfdmDispatchKernel<float, __half, float, (unsigned int)2>(ch_est::puschRxChEstStatDescr_t *, ch_est::puschRxChEstDynDescr_t *)"
1834168565,2368,7228,103,1,1,128,1,1,16,0.000,0.000,,,,,NVIDIA A100-SXM4-40GB (0),1,,13,cupy_copy__complex64_complex64
1834171925,15040,7238,1434,1,1,128,1,1,16,0.000,0.000,,,,,NVIDIA A100-SXM4-40GB (0),1,,13,cupy_copy__complex64_complex64
1834187893,2304,7245,103,1,1,128,1,1,16,0.000,0.000,,,,,NVIDIA A100-SXM4-40GB (0),1,,13,cupy_copy__complex64_complex64
1834191253,79391,7252,1,1,1,32,32,1,30,0.000,0.000,,,,,NVIDIA A100-SXM4-40GB (0),1,,13,"void convert_kernel<__half2, float2>(tensor_layout_any, T1 *, tensor_layout_any, const T2 *)"
1834298643,12192,7255,,,,,,,,,,0.061,5039.309,Pinned,Device,NVIDIA A100-SXM4-40GB (0),1,,13,[CUDA memcpy Host-to-Device]
1834321523,45888,7256,,,,,,,,,,35.801,780174.520,Device,,NVIDIA A100-SXM4-40GB (0),1,,13,[CUDA memset]
1834374162,2080,7258,,,,,,,,,,0.000,38.462,Pinned,Device,NVIDIA A100-SXM4-40GB (0),1,,13,[CUDA memcpy Host-to-Device]
1834378386,22624,7259,,,,,,,,,,0.131,5793.382,Pinned,Device,NVIDIA A100-SXM4-40GB (0),1,,13,[CUDA memcpy Host-to-Device]
1834408594,8704,7260,273,1,1,48,1,1,40,0.000,0.001,,,,,NVIDIA A100-SXM4-40GB (0),1,,13,"void pusch_noise_intf_est::noiseIntfEstNoDftSOfdmKernel<float, __half, float, float, (unsigned int)2, (unsigned int)1, (unsigned char)4, (unsigned char)4>(pusch_noise_intf_est::puschRxNoiseIntfEstDynDescr)"
1834418226,2784,7271,35,1,1,128,1,1,16,0.000,0.000,,,,,NVIDIA A100-SXM4-40GB (0),1,,13,cupy_copy__complex64_complex64
1834422226,1600,7280,1,1,1,1,1,1,18,0.000,0.000,,,,,NVIDIA A100-SXM4-40GB (0),1,,13,cupy_copy__float32_float32
1834456882,1632,7286,,,,,,,,,,0.000,2.451,Device,Pageable,NVIDIA A100-SXM4-40GB (0),1,,7,[CUDA memcpy Device-to-Host]
1834519825,15136,7297,1434,1,1,128,1,1,16,0.000,0.000,,,,,NVIDIA A100-SXM4-40GB (0),1,,13,cupy_copy__complex64_complex64
1834548561,2496,7304,103,1,1,128,1,1,16,0.000,0.000,,,,,NVIDIA A100-SXM4-40GB (0),1,,13,cupy_copy__complex64_complex64
1834570608,2144,7311,35,1,1,128,1,1,16,0.000,0.000,,,,,NVIDIA A100-SXM4-40GB (0),1,,13,cupy_copy__complex64_complex64
1834589520,1536,7318,1,1,1,1,1,1,18,0.000,0.000,,,,,NVIDIA A100-SXM4-40GB (0),1,,13,cupy_copy__float32_float32
1834723471,79359,7329,1,1,1,32,32,1,30,0.000,0.000,,,,,NVIDIA A100-SXM4-40GB (0),1,,13,"void convert_kernel<__half2, float2>(tensor_layout_any, T1 *, tensor_layout_any, const T2 *)"
1834973324,11744,7332,,,,,,,,,,0.061,5231.555,Pinned,Device,NVIDIA A100-SXM4-40GB (0),1,,13,[CUDA memcpy Host-to-Device]
1834988716,3264,7333,,,,,,,,,,1.547,473842.288,Device,,NVIDIA A100-SXM4-40GB (0),1,,13,[CUDA memset]
1834993964,10847,7338,,,,,,,,,,0.021,1941.174,Pinned,Device,NVIDIA A100-SXM4-40GB (0),1,,13,[CUDA memcpy Host-to-Device]
1835007531,23168,7339,,,,,,,,,,0.131,5657.330,Pinned,Device,NVIDIA A100-SXM4-40GB (0),1,,13,[CUDA memcpy Host-to-Device]
1835040395,6080,7340,273,1,1,8,4,1,39,0.002,0.000,,,,,NVIDIA A100-SXM4-40GB (0),1,,13,"void channel_eq::eqMmseCoefCompLowMimoKernel<float, float, float, (unsigned int)4, (unsigned int)1, (unsigned int)4>(const channel_eq::_puschRxChEqStatDescr *, channel_eq::_puschRxChEqCoefCompDynDescr)"
1835047563,5184,7341,273,1,1,12,11,1,40,0.002,0.000,,,,,NVIDIA A100-SXM4-40GB (0),1,,13,"void channel_eq::eqMmseSoftDemapKernel<float, __half, __half, float, (unsigned int)4, (unsigned short)16383>(channel_eq::_puschRxChEqStatDescr *, channel_eq::_puschRxChEqSoftDemapDynDescr)"
1835053803,280541,7342,1,1,1,32,32,1,30,0.000,0.000,,,,,NVIDIA A100-SXM4-40GB (0),1,,13,"void convert_kernel<float2, __half2>(tensor_layout_any, T1 *, tensor_layout_any, const T2 *)"
1835335432,12512,7354,2253,1,1,128,1,1,16,0.000,0.000,,,,,NVIDIA A100-SXM4-40GB (0),1,,13,cupy_copy__float16_float16
1835348936,2592,7363,282,1,1,128,1,1,16,0.000,0.000,,,,,NVIDIA A100-SXM4-40GB (0),1,,13,cupy_copy__complex64_complex64
1835352519,1856,7372,26,1,1,128,1,1,16,0.000,0.000,,,,,NVIDIA A100-SXM4-40GB (0),1,,13,cupy_copy__float32_float32
1835355463,2848,7381,103,1,1,128,1,1,16,0.000,0.000,,,,,NVIDIA A100-SXM4-40GB (0),1,,13,cupy_copy__complex64_complex64
1835359303,13856,7391,1434,1,1,128,1,1,16,0.000,0.000,,,,,NVIDIA A100-SXM4-40GB (0),1,,13,cupy_copy__complex64_complex64
1835503910,79711,7396,1,1,1,32,32,1,30,0.000,0.000,,,,,NVIDIA A100-SXM4-40GB (0),1,,13,"void convert_kernel<__half2, float2>(tensor_layout_any, T1 *, tensor_layout_any, const T2 *)"
1835615109,11711,7399,,,,,,,,,,0.061,5246.300,Pinned,Device,NVIDIA A100-SXM4-40GB (0),1,,13,[CUDA memcpy Host-to-Device]
1835637380,587930,7400,,,,,,,,,,456.520,776084.816,Device,,NVIDIA A100-SXM4-40GB (0),1,,13,[CUDA memset]
1836230718,131582,7405,,,,,,,,,,0.825,6271.789,Pinned,Device,NVIDIA A100-SXM4-40GB (0),1,,13,[CUDA memcpy Host-to-Device]
1836365436,22656,7406,,,,,,,,,,0.131,5785.256,Pinned,Device,NVIDIA A100-SXM4-40GB (0),1,,13,[CUDA memcpy Host-to-Device]
1836397180,7392,7407,69,4,1,48,1,1,76,0.002,0.000,,,,,NVIDIA A100-SXM4-40GB (0),1,,13,"void ch_est::windowedChEstPreNoDftSOfdmKernel<float, __half, float, (unsigned int)2, (unsigned int)1, (unsigned short)4>(ch_est::puschRxChEstStatDescr_t *, ch_est::puschRxChEstDynDescr_t *)"
1836406204,5824,7408,137,2,1,24,2,1,44,0.001,0.001,,,,,NVIDIA A100-SXM4-40GB (0),1,,13,"void ch_est::chEstFilterNoDftSOfdmDispatchKernel<float, __half, float, (unsigned int)2>(ch_est::puschRxChEstStatDescr_t *, ch_est::puschRxChEstDynDescr_t *)"
1836413084,4736,7409,137,2,1,24,2,1,44,0.001,0.001,,,,,NVIDIA A100-SXM4-40GB (0),1,,13,"void ch_est::chEstFilterNoDftSOfdmDispatchKernel<float, __half, float, (unsigned int)2>(ch_est::puschRxChEstStatDescr_t *, ch_est::puschRxChEstDynDescr_t *)"
1836418907,2336,7420,103,1,1,128,1,1,16,0.000,0.000,,,,,NVIDIA A100-SXM4-40GB (0),1,,13,cupy_copy__complex64_complex64
1836422235,15136,7430,1434,1,1,128,1,1,16,0.000,0.000,,,,,NVIDIA A100-SXM4-40GB (0),1,,13,cupy_copy__complex64_complex64
1836438331,2272,7437,103,1,1,128,1,1,16,0.000,0.000,,,,,NVIDIA A100-SXM4-40GB (0),1,,13,cupy_copy__complex64_complex64
1836441595,79071,7444,1,1,1,32,32,1,30,0.000,0.000,,,,,NVIDIA A100-SXM4-40GB (0),1,,13,"void convert_kernel<__half2, float2>(tensor_layout_any, T1 *, tensor_layout_any, const T2 *)"
1836689912,12032,7447,,,,,,,,,,0.061,5106.340,Pinned,Device,NVIDIA A100-SXM4-40GB (0),1,,13,[CUDA memcpy Host-to-Device]
1836712568,46464,7448,,,,,,,,,,35.801,770508.261,Device,,NVIDIA A100-SXM4-40GB (0),1,,13,[CUDA memset]
1836764920,2112,7450,,,,,,,,,,0.000,37.879,Pinned,Device,NVIDIA A100-SXM4-40GB (0),1,,13,[CUDA memcpy Host-to-Device]
1836769688,23327,7451,,,,,,,,,,0.131,5618.794,Pinned,Device,NVIDIA A100-SXM4-40GB (0),1,,13,[CUDA memcpy Host-to-Device]
1836797559,9216,7452,273,1,1,48,1,1,40,0.000,0.001,,,,,NVIDIA A100-SXM4-40GB (0),1,,13,"void pusch_noise_intf_est::noiseIntfEstNoDftSOfdmKernel<float, __half, float, float, (unsigned int)2, (unsigned int)1, (unsigned char)4, (unsigned char)4>(pusch_noise_intf_est::puschRxNoiseIntfEstDynDescr)"
1836807863,2592,7463,35,1,1,128,1,1,16,0.000,0.000,,,,,NVIDIA A100-SXM4-40GB (0),1,,13,cupy_copy__complex64_complex64
1836811671,1568,7472,1,1,1,1,1,1,18,0.000,0.000,,,,,NVIDIA A100-SXM4-40GB (0),1,,13,cupy_copy__float32_float32
1836839031,1696,7478,,,,,,,,,,0.000,2.358,Device,Pageable,NVIDIA A100-SXM4-40GB (0),1,,7,[CUDA memcpy Device-to-Host]
1836899126,15584,7489,1434,1,1,128,1,1,16,0.000,0.000,,,,,NVIDIA A100-SXM4-40GB (0),1,,13,cupy_copy__complex64_complex64
1836926390,2496,7496,103,1,1,128,1,1,16,0.000,0.000,,,,,NVIDIA A100-SXM4-40GB (0),1,,13,cupy_copy__complex64_complex64
1836948278,2144,7503,35,1,1,128,1,1,16,0.000,0.000,,,,,NVIDIA A100-SXM4-40GB (0),1,,13,cupy_copy__complex64_complex64
1836967349,1536,7510,1,1,1,1,1,1,18,0.000,0.000,,,,,NVIDIA A100-SXM4-40GB (0),1,,13,cupy_copy__float32_float32
1837236146,80671,7521,1,1,1,32,32,1,30,0.000,0.000,,,,,NVIDIA A100-SXM4-40GB (0),1,,13,"void convert_kernel<__half2, float2>(tensor_layout_any, T1 *, tensor_layout_any, const T2 *)"
1837349617,11744,7524,,,,,,,,,,0.061,5231.555,Pinned,Device,NVIDIA A100-SXM4-40GB (0),1,,13,[CUDA memcpy Host-to-Device]
1837366609,3360,7525,,,,,,,,,,1.547,460304.688,Device,,NVIDIA A100-SXM4-40GB (0),1,,13,[CUDA memset]
1837372785,10080,7530,,,,,,,,,,0.021,2088.882,Pinned,Device,NVIDIA A100-SXM4-40GB (0),1,,13,[CUDA memcpy Host-to-Device]
1837385937,23263,7531,,,,,,,,,,0.131,5634.261,Pinned,Device,NVIDIA A100-SXM4-40GB (0),1,,13,[CUDA memcpy Host-to-Device]
1837418128,6016,7532,273,1,1,8,4,1,39,0.002,0.000,,,,,NVIDIA A100-SXM4-40GB (0),1,,13,"void channel_eq::eqMmseCoefCompLowMimoKernel<float, float, float, (unsigned int)4, (unsigned int)1, (unsigned int)4>(const channel_eq::_puschRxChEqStatDescr *, channel_eq::_puschRxChEqCoefCompDynDescr)"
1837425392,5184,7533,273,1,1,12,11,1,40,0.002,0.000,,,,,NVIDIA A100-SXM4-40GB (0),1,,13,"void channel_eq::eqMmseSoftDemapKernel<float, __half, __half, float, (unsigned int)4, (unsigned short)16383>(channel_eq::_puschRxChEqStatDescr *, channel_eq::_puschRxChEqSoftDemapDynDescr)"
1837431632,281789,7534,1,1,1,32,32,1,30,0.000,0.000,,,,,NVIDIA A100-SXM4-40GB (0),1,,13,"void convert_kernel<float2, __half2>(tensor_layout_any, T1 *, tensor_layout_any, const T2 *)"
1837714477,12384,7546,2253,1,1,128,1,1,16,0.000,0.000,,,,,NVIDIA A100-SXM4-40GB (0),1,,13,cupy_copy__float16_float16
1837728045,2624,7555,282,1,1,128,1,1,16,0.000,0.000,,,,,NVIDIA A100-SXM4-40GB (0),1,,13,cupy_copy__complex64_complex64
1837731725,1888,7564,26,1,1,128,1,1,16,0.000,0.000,,,,,NVIDIA A100-SXM4-40GB (0),1,,13,cupy_copy__float32_float32
1837734669,2848,7573,103,1,1,128,1,1,16,0.000,0.000,,,,,NVIDIA A100-SXM4-40GB (0),1,,13,cupy_copy__complex64_complex64
1837738477,14015,7583,1434,1,1,128,1,1,16,0.000,0.000,,,,,NVIDIA A100-SXM4-40GB (0),1,,13,cupy_copy__complex64_complex64
1837772844,79007,7588,1,1,1,32,32,1,30,0.000,0.000,,,,,NVIDIA A100-SXM4-40GB (0),1,,13,"void convert_kernel<__half2, float2>(tensor_layout_any, T1 *, tensor_layout_any, const T2 *)"
1837880427,11712,7591,,,,,,,,,,0.061,5245.870,Pinned,Device,NVIDIA A100-SXM4-40GB (0),1,,13,[CUDA memcpy Host-to-Device]
1837902443,588153,7592,,,,,,,,,,456.520,776084.816,Device,,NVIDIA A100-SXM4-40GB (0),1,,13,[CUDA memset]
1838499076,131583,7597,,,,,,,,,,0.825,6271.789,Pinned,Device,NVIDIA A100-SXM4-40GB (0),1,,13,[CUDA memcpy Host-to-Device]
1838633795,22623,7598,,,,,,,,,,0.131,5793.645,Pinned,Device,NVIDIA A100-SXM4-40GB (0),1,,13,[CUDA memcpy Host-to-Device]
1838660226,7328,7599,69,4,1,48,1,1,76,0.002,0.000,,,,,NVIDIA A100-SXM4-40GB (0),1,,13,"void ch_est::windowedChEstPreNoDftSOfdmKernel<float, __half, float, (unsigned int)2, (unsigned int)1, (unsigned short)4>(ch_est::puschRxChEstStatDescr_t *, ch_est::puschRxChEstDynDescr_t *)"
1838669186,5888,7600,137,2,1,24,2,1,44,0.001,0.001,,,,,NVIDIA A100-SXM4-40GB (0),1,,13,"void ch_est::chEstFilterNoDftSOfdmDispatchKernel<float, __half, float, (unsigned int)2>(ch_est::puschRxChEstStatDescr_t *, ch_est::puschRxChEstDynDescr_t *)"
1838676258,4736,7601,137,2,1,24,2,1,44,0.001,0.001,,,,,NVIDIA A100-SXM4-40GB (0),1,,13,"void ch_est::chEstFilterNoDftSOfdmDispatchKernel<float, __half, float, (unsigned int)2>(ch_est::puschRxChEstStatDescr_t *, ch_est::puschRxChEstDynDescr_t *)"
1838681954,2400,7612,103,1,1,128,1,1,16,0.000,0.000,,,,,NVIDIA A100-SXM4-40GB (0),1,,13,cupy_copy__complex64_complex64
1838685314,15296,7622,1434,1,1,128,1,1,16,0.000,0.000,,,,,NVIDIA A100-SXM4-40GB (0),1,,13,cupy_copy__complex64_complex64
1838701634,2272,7629,103,1,1,128,1,1,16,0.000,0.000,,,,,NVIDIA A100-SXM4-40GB (0),1,,13,cupy_copy__complex64_complex64
1838705026,78815,7636,1,1,1,32,32,1,30,0.000,0.000,,,,,NVIDIA A100-SXM4-40GB (0),1,,13,"void convert_kernel<__half2, float2>(tensor_layout_any, T1 *, tensor_layout_any, const T2 *)"
1838812097,11711,7639,,,,,,,,,,0.061,5246.300,Pinned,Device,NVIDIA A100-SXM4-40GB (0),1,,13,[CUDA memcpy Host-to-Device]
1838834272,46080,7640,,,,,,,,,,35.801,776916.633,Device,,NVIDIA A100-SXM4-40GB (0),1,,13,[CUDA memset]
1838885888,2112,7642,,,,,,,,,,0.000,37.879,Pinned,Device,NVIDIA A100-SXM4-40GB (0),1,,13,[CUDA memcpy Host-to-Device]
1838890144,22655,7643,,,,,,,,,,0.131,5785.518,Pinned,Device,NVIDIA A100-SXM4-40GB (0),1,,13,[CUDA memcpy Host-to-Device]
1838922367,8736,7644,273,1,1,48,1,1,40,0.000,0.001,,,,,NVIDIA A100-SXM4-40GB (0),1,,13,"void pusch_noise_intf_est::noiseIntfEstNoDftSOfdmKernel<float, __half, float, float, (unsigned int)2, (unsigned int)1, (unsigned char)4, (unsigned char)4>(pusch_noise_intf_est::puschRxNoiseIntfEstDynDescr)"
1838932127,2656,7655,35,1,1,128,1,1,16,0.000,0.000,,,,,NVIDIA A100-SXM4-40GB (0),1,,13,cupy_copy__complex64_complex64
1838936223,1600,7664,1,1,1,1,1,1,18,0.000,0.000,,,,,NVIDIA A100-SXM4-40GB (0),1,,13,cupy_copy__float32_float32
1838971743,1888,7670,,,,,,,,,,0.000,2.119,Device,Pageable,NVIDIA A100-SXM4-40GB (0),1,,7,[CUDA memcpy Device-to-Host]
1839031358,15424,7681,1434,1,1,128,1,1,16,0.000,0.000,,,,,NVIDIA A100-SXM4-40GB (0),1,,13,cupy_copy__complex64_complex64
1839058814,2496,7688,103,1,1,128,1,1,16,0.000,0.000,,,,,NVIDIA A100-SXM4-40GB (0),1,,13,cupy_copy__complex64_complex64
1839080798,2112,7695,35,1,1,128,1,1,16,0.000,0.000,,,,,NVIDIA A100-SXM4-40GB (0),1,,13,cupy_copy__complex64_complex64
1839099421,1568,7702,1,1,1,1,1,1,18,0.000,0.000,,,,,NVIDIA A100-SXM4-40GB (0),1,,13,cupy_copy__float32_float32
1839234268,78943,7713,1,1,1,32,32,1,30,0.000,0.000,,,,,NVIDIA A100-SXM4-40GB (0),1,,13,"void convert_kernel<__half2, float2>(tensor_layout_any, T1 *, tensor_layout_any, const T2 *)"
1839341883,11743,7716,,,,,,,,,,0.061,5232.046,Pinned,Device,NVIDIA A100-SXM4-40GB (0),1,,13,[CUDA memcpy Host-to-Device]
1839358298,3328,7717,,,,,,,,,,1.547,464729.580,Device,,NVIDIA A100-SXM4-40GB (0),1,,13,[CUDA memset]
1839371258,3808,7722,,,,,,,,,,0.021,5529.411,Pinned,Device,NVIDIA A100-SXM4-40GB (0),1,,13,[CUDA memcpy Host-to-Device]
1839383802,23680,7723,,,,,,,,,,0.131,5535.039,Pinned,Device,NVIDIA A100-SXM4-40GB (0),1,,13,[CUDA memcpy Host-to-Device]
1839416922,6080,7724,273,1,1,8,4,1,39,0.002,0.000,,,,,NVIDIA A100-SXM4-40GB (0),1,,13,"void channel_eq::eqMmseCoefCompLowMimoKernel<float, float, float, (unsigned int)4, (unsigned int)1, (unsigned int)4>(const channel_eq::_puschRxChEqStatDescr *, channel_eq::_puschRxChEqCoefCompDynDescr)"
1839424090,5184,7725,273,1,1,12,11,1,40,0.002,0.000,,,,,NVIDIA A100-SXM4-40GB (0),1,,13,"void channel_eq::eqMmseSoftDemapKernel<float, __half, __half, float, (unsigned int)4, (unsigned short)16383>(channel_eq::_puschRxChEqStatDescr *, channel_eq::_puschRxChEqSoftDemapDynDescr)"
1839430490,280700,7726,1,1,1,32,32,1,30,0.000,0.000,,,,,NVIDIA A100-SXM4-40GB (0),1,,13,"void convert_kernel<float2, __half2>(tensor_layout_any, T1 *, tensor_layout_any, const T2 *)"
1839712246,12288,7738,2253,1,1,128,1,1,16,0.000,0.000,,,,,NVIDIA A100-SXM4-40GB (0),1,,13,cupy_copy__float16_float16
1839725558,2624,7747,282,1,1,128,1,1,16,0.000,0.000,,,,,NVIDIA A100-SXM4-40GB (0),1,,13,cupy_copy__complex64_complex64
1839729174,1856,7756,26,1,1,128,1,1,16,0.000,0.000,,,,,NVIDIA A100-SXM4-40GB (0),1,,13,cupy_copy__float32_float32
1839731958,2848,7765,103,1,1,128,1,1,16,0.000,0.000,,,,,NVIDIA A100-SXM4-40GB (0),1,,13,cupy_copy__complex64_complex64
1839735766,14112,7775,1434,1,1,128,1,1,16,0.000,0.000,,,,,NVIDIA A100-SXM4-40GB (0),1,,13,cupy_copy__complex64_complex64
1839750998,79327,7780,1,1,1,32,32,1,30,0.000,0.000,,,,,NVIDIA A100-SXM4-40GB (0),1,,13,"void convert_kernel<__half2, float2>(tensor_layout_any, T1 *, tensor_layout_any, const T2 *)"
1839858325,11680,7783,,,,,,,,,,0.061,5260.247,Pinned,Device,NVIDIA A100-SXM4-40GB (0),1,,13,[CUDA memcpy Host-to-Device]
1839880821,587769,7784,,,,,,,,,,456.520,776541.336,Device,,NVIDIA A100-SXM4-40GB (0),1,,13,[CUDA memset]
1840476398,132126,7789,,,,,,,,,,0.825,6246.203,Pinned,Device,NVIDIA A100-SXM4-40GB (0),1,,13,[CUDA memcpy Host-to-Device]
1840611404,22592,7790,,,,,,,,,,0.131,5801.640,Pinned,Device,NVIDIA A100-SXM4-40GB (0),1,,13,[CUDA memcpy Host-to-Device]
1840644684,7200,7791,69,4,1,48,1,1,76,0.002,0.000,,,,,NVIDIA A100-SXM4-40GB (0),1,,13,"void ch_est::windowedChEstPreNoDftSOfdmKernel<float, __half, float, (unsigned int)2, (unsigned int)1, (unsigned short)4>(ch_est::puschRxChEstStatDescr_t *, ch_est::puschRxChEstDynDescr_t *)"
1840653484,5920,7792,137,2,1,24,2,1,44,0.001,0.001,,,,,NVIDIA A100-SXM4-40GB (0),1,,13,"void ch_est::chEstFilterNoDftSOfdmDispatchKernel<float, __half, float, (unsigned int)2>(ch_est::puschRxChEstStatDescr_t *, ch_est::puschRxChEstDynDescr_t *)"
1840660460,4704,7793,137,2,1,24,2,1,44,0.001,0.001,,,,,NVIDIA A100-SXM4-40GB (0),1,,13,"void ch_est::chEstFilterNoDftSOfdmDispatchKernel<float, __half, float, (unsigned int)2>(ch_est::puschRxChEstStatDescr_t *, ch_est::puschRxChEstDynDescr_t *)"
1840666252,2336,7804,103,1,1,128,1,1,16,0.000,0.000,,,,,NVIDIA A100-SXM4-40GB (0),1,,13,cupy_copy__complex64_complex64
1840669804,15456,7814,1434,1,1,128,1,1,16,0.000,0.000,,,,,NVIDIA A100-SXM4-40GB (0),1,,13,cupy_copy__complex64_complex64
1840686315,2240,7821,103,1,1,128,1,1,16,0.000,0.000,,,,,NVIDIA A100-SXM4-40GB (0),1,,13,cupy_copy__complex64_complex64
1840689739,78816,7828,1,1,1,32,32,1,30,0.000,0.000,,,,,NVIDIA A100-SXM4-40GB (0),1,,13,"void convert_kernel<__half2, float2>(tensor_layout_any, T1 *, tensor_layout_any, const T2 *)"
1840943721,12063,7831,,,,,,,,,,0.061,5093.253,Pinned,Device,NVIDIA A100-SXM4-40GB (0),1,,13,[CUDA memcpy Host-to-Device]
1840961096,46720,7832,,,,,,,,,,35.801,766283.748,Device,,NVIDIA A100-SXM4-40GB (0),1,,13,[CUDA memset]
1841011688,2112,7834,,,,,,,,,,0.000,37.879,Pinned,Device,NVIDIA A100-SXM4-40GB (0),1,,13,[CUDA memcpy Host-to-Device]
1841016072,22848,7835,,,,,,,,,,0.131,5736.628,Pinned,Device,NVIDIA A100-SXM4-40GB (0),1,,13,[CUDA memcpy Host-to-Device]
1841049159,9216,7836,273,1,1,48,1,1,40,0.000,0.001,,,,,NVIDIA A100-SXM4-40GB (0),1,,13,"void pusch_noise_intf_est::noiseIntfEstNoDftSOfdmKernel<float, __half, float, float, (unsigned int)2, (unsigned int)1, (unsigned char)4, (unsigned char)4>(pusch_noise_intf_est::puschRxNoiseIntfEstDynDescr)"
1841059399,2560,7847,35,1,1,128,1,1,16,0.000,0.000,,,,,NVIDIA A100-SXM4-40GB (0),1,,13,cupy_copy__complex64_complex64
1841062983,1568,7856,1,1,1,1,1,1,18,0.000,0.000,,,,,NVIDIA A100-SXM4-40GB (0),1,,13,cupy_copy__float32_float32
1841096231,1728,7862,,,,,,,,,,0.000,2.315,Device,Pageable,NVIDIA A100-SXM4-40GB (0),1,,7,[CUDA memcpy Device-to-Host]
1841156966,15232,7873,1434,1,1,128,1,1,16,0.000,0.000,,,,,NVIDIA A100-SXM4-40GB (0),1,,13,cupy_copy__complex64_complex64
1841184454,2528,7880,103,1,1,128,1,1,16,0.000,0.000,,,,,NVIDIA A100-SXM4-40GB (0),1,,13,cupy_copy__complex64_complex64
1841205830,2112,7887,35,1,1,128,1,1,16,0.000,0.000,,,,,NVIDIA A100-SXM4-40GB (0),1,,13,cupy_copy__complex64_complex64
1841224485,1536,7894,1,1,1,1,1,1,18,0.000,0.000,,,,,NVIDIA A100-SXM4-40GB (0),1,,13,cupy_copy__float32_float32
1841502050,79167,7905,1,1,1,32,32,1,30,0.000,0.000,,,,,NVIDIA A100-SXM4-40GB (0),1,,13,"void convert_kernel<__half2, float2>(tensor_layout_any, T1 *, tensor_layout_any, const T2 *)"
1841613217,11712,7908,,,,,,,,,,0.061,5245.870,Pinned,Device,NVIDIA A100-SXM4-40GB (0),1,,13,[CUDA memcpy Host-to-Device]
1841633409,3328,7909,,,,,,,,,,1.547,464729.580,Device,,NVIDIA A100-SXM4-40GB (0),1,,13,[CUDA memset]
1841639745,10208,7914,,,,,,,,,,0.021,2062.688,Pinned,Device,NVIDIA A100-SXM4-40GB (0),1,,13,[CUDA memcpy Host-to-Device]
1841652577,23039,7915,,,,,,,,,,0.131,5689.049,Pinned,Device,NVIDIA A100-SXM4-40GB (0),1,,13,[CUDA memcpy Host-to-Device]
1841685088,6048,7916,273,1,1,8,4,1,39,0.002,0.000,,,,,NVIDIA A100-SXM4-40GB (0),1,,13,"void channel_eq::eqMmseCoefCompLowMimoKernel<float, float, float, (unsigned int)4, (unsigned int)1, (unsigned int)4>(const channel_eq::_puschRxChEqStatDescr *, channel_eq::_puschRxChEqCoefCompDynDescr)"
1841692224,5152,7917,273,1,1,12,11,1,40,0.002,0.000,,,,,NVIDIA A100-SXM4-40GB (0),1,,13,"void channel_eq::eqMmseSoftDemapKernel<float, __half, __half, float, (unsigned int)4, (unsigned short)16383>(channel_eq::_puschRxChEqStatDescr *, channel_eq::_puschRxChEqSoftDemapDynDescr)"
1841698496,281181,7918,1,1,1,32,32,1,30,0.000,0.000,,,,,NVIDIA A100-SXM4-40GB (0),1,,13,"void convert_kernel<float2, __half2>(tensor_layout_any, T1 *, tensor_layout_any, const T2 *)"
1841980669,12384,7930,2253,1,1,128,1,1,16,0.000,0.000,,,,,NVIDIA A100-SXM4-40GB (0),1,,13,cupy_copy__float16_float16
1841994269,2624,7939,282,1,1,128,1,1,16,0.000,0.000,,,,,NVIDIA A100-SXM4-40GB (0),1,,13,cupy_copy__complex64_complex64
1841997853,1888,7948,26,1,1,128,1,1,16,0.000,0.000,,,,,NVIDIA A100-SXM4-40GB (0),1,,13,cupy_copy__float32_float32
1842000797,2848,7957,103,1,1,128,1,1,16,0.000,0.000,,,,,NVIDIA A100-SXM4-40GB (0),1,,13,cupy_copy__complex64_complex64
1842061020,13952,7973,1434,1,1,128,1,1,16,0.000,0.000,,,,,NVIDIA A100-SXM4-40GB (0),1,,13,cupy_copy__complex64_complex64
1842180827,79135,7978,1,1,1,32,32,1,30,0.000,0.000,,,,,NVIDIA A100-SXM4-40GB (0),1,,13,"void convert_kernel<__half2, float2>(tensor_layout_any, T1 *, tensor_layout_any, const T2 *)"
1842427704,11744,7981,,,,,,,,,,0.061,5231.555,Pinned,Device,NVIDIA A100-SXM4-40GB (0),1,,13,[CUDA memcpy Host-to-Device]
1842448024,588601,7982,,,,,,,,,,456.520,775171.775,Device,,NVIDIA A100-SXM4-40GB (0),1,,13,[CUDA memset]
1843039217,132191,7987,,,,,,,,,,0.825,6242.902,Pinned,Device,NVIDIA A100-SXM4-40GB (0),1,,13,[CUDA memcpy Host-to-Device]
1843173936,22751,7988,,,,,,,,,,0.131,5761.139,Pinned,Device,NVIDIA A100-SXM4-40GB (0),1,,13,[CUDA memcpy Host-to-Device]
1843207727,7872,7989,69,4,1,48,1,1,76,0.002,0.000,,,,,NVIDIA A100-SXM4-40GB (0),1,,13,"void ch_est::windowedChEstPreNoDftSOfdmKernel<float, __half, float, (unsigned int)2, (unsigned int)1, (unsigned short)4>(ch_est::puschRxChEstStatDescr_t *, ch_est::puschRxChEstDynDescr_t *)"
1843217263,5792,7990,137,2,1,24,2,1,44,0.001,0.001,,,,,NVIDIA A100-SXM4-40GB (0),1,,13,"void ch_est::chEstFilterNoDftSOfdmDispatchKernel<float, __half, float, (unsigned int)2>(ch_est::puschRxChEstStatDescr_t *, ch_est::puschRxChEstDynDescr_t *)"
1843224239,4736,7991,137,2,1,24,2,1,44,0.001,0.001,,,,,NVIDIA A100-SXM4-40GB (0),1,,13,"void ch_est::chEstFilterNoDftSOfdmDispatchKernel<float, __half, float, (unsigned int)2>(ch_est::puschRxChEstStatDescr_t *, ch_est::puschRxChEstDynDescr_t *)"
1843230031,2368,8002,103,1,1,128,1,1,16,0.000,0.000,,,,,NVIDIA A100-SXM4-40GB (0),1,,13,cupy_copy__complex64_complex64
1843233391,15168,8012,1434,1,1,128,1,1,16,0.000,0.000,,,,,NVIDIA A100-SXM4-40GB (0),1,,13,cupy_copy__complex64_complex64
1843249583,2304,8019,103,1,1,128,1,1,16,0.000,0.000,,,,,NVIDIA A100-SXM4-40GB (0),1,,13,cupy_copy__complex64_complex64
1843253007,79455,8026,1,1,1,32,32,1,30,0.000,0.000,,,,,NVIDIA A100-SXM4-40GB (0),1,,13,"void convert_kernel<__half2, float2>(tensor_layout_any, T1 *, tensor_layout_any, const T2 *)"
1843364013,11936,8029,,,,,,,,,,0.061,5147.443,Pinned,Device,NVIDIA A100-SXM4-40GB (0),1,,13,[CUDA memcpy Host-to-Device]
1843386925,46048,8030,,,,,,,,,,35.801,777453.647,Device,,NVIDIA A100-SXM4-40GB (0),1,,13,[CUDA memset]
1843438541,2080,8032,,,,,,,,,,0.000,38.462,Pinned,Device,NVIDIA A100-SXM4-40GB (0),1,,13,[CUDA memcpy Host-to-Device]
1843443148,23136,8033,,,,,,,,,,0.131,5665.194,Pinned,Device,NVIDIA A100-SXM4-40GB (0),1,,13,[CUDA memcpy Host-to-Device]
1843472972,8832,8034,273,1,1,48,1,1,40,0.000,0.001,,,,,NVIDIA A100-SXM4-40GB (0),1,,13,"void pusch_noise_intf_est::noiseIntfEstNoDftSOfdmKernel<float, __half, float, float, (unsigned int)2, (unsigned int)1, (unsigned char)4, (unsigned char)4>(pusch_noise_intf_est::puschRxNoiseIntfEstDynDescr)"
1843482796,2624,8045,35,1,1,128,1,1,16,0.000,0.000,,,,,NVIDIA A100-SXM4-40GB (0),1,,13,cupy_copy__complex64_complex64
1843494604,1600,8054,1,1,1,1,1,1,18,0.000,0.000,,,,,NVIDIA A100-SXM4-40GB (0),1,,13,cupy_copy__float32_float32
1843530572,1727,8060,,,,,,,,,,0.000,2.316,Device,Pageable,NVIDIA A100-SXM4-40GB (0),1,,7,[CUDA memcpy Device-to-Host]
1843590219,15520,8071,1434,1,1,128,1,1,16,0.000,0.000,,,,,NVIDIA A100-SXM4-40GB (0),1,,13,cupy_copy__complex64_complex64
1843618059,2463,8078,103,1,1,128,1,1,16,0.000,0.000,,,,,NVIDIA A100-SXM4-40GB (0),1,,13,cupy_copy__complex64_complex64
1843640074,2176,8085,35,1,1,128,1,1,16,0.000,0.000,,,,,NVIDIA A100-SXM4-40GB (0),1,,13,cupy_copy__complex64_complex64
1843658442,1568,8092,1,1,1,1,1,1,18,0.000,0.000,,,,,NVIDIA A100-SXM4-40GB (0),1,,13,cupy_copy__float32_float32
1843797609,78783,8103,1,1,1,32,32,1,30,0.000,0.000,,,,,NVIDIA A100-SXM4-40GB (0),1,,13,"void convert_kernel<__half2, float2>(tensor_layout_any, T1 *, tensor_layout_any, const T2 *)"
1843905767,11808,8106,,,,,,,,,,0.061,5203.231,Pinned,Device,NVIDIA A100-SXM4-40GB (0),1,,13,[CUDA memcpy Host-to-Device]
1843922631,3296,8107,,,,,,,,,,1.547,469242.628,Device,,NVIDIA A100-SXM4-40GB (0),1,,13,[CUDA memset]
1843928807,6912,8112,,,,,,,,,,0.021,3046.277,Pinned,Device,NVIDIA A100-SXM4-40GB (0),1,,13,[CUDA memcpy Host-to-Device]
1843938855,23552,8113,,,,,,,,,,0.131,5565.186,Pinned,Device,NVIDIA A100-SXM4-40GB (0),1,,13,[CUDA memcpy Host-to-Device]
1843971655,6047,8114,273,1,1,8,4,1,39,0.002,0.000,,,,,NVIDIA A100-SXM4-40GB (0),1,,13,"void channel_eq::eqMmseCoefCompLowMimoKernel<float, float, float, (unsigned int)4, (unsigned int)1, (unsigned int)4>(const channel_eq::_puschRxChEqStatDescr *, channel_eq::_puschRxChEqCoefCompDynDescr)"
1843978822,5184,8115,273,1,1,12,11,1,40,0.002,0.000,,,,,NVIDIA A100-SXM4-40GB (0),1,,13,"void channel_eq::eqMmseSoftDemapKernel<float, __half, __half, float, (unsigned int)4, (unsigned short)16383>(channel_eq::_puschRxChEqStatDescr *, channel_eq::_puschRxChEqSoftDemapDynDescr)"
1843985062,280829,8116,1,1,1,32,32,1,30,0.000,0.000,,,,,NVIDIA A100-SXM4-40GB (0),1,,13,"void convert_kernel<float2, __half2>(tensor_layout_any, T1 *, tensor_layout_any, const T2 *)"
1844267011,12512,8128,2253,1,1,128,1,1,16,0.000,0.000,,,,,NVIDIA A100-SXM4-40GB (0),1,,13,cupy_copy__float16_float16
1844280515,2592,8137,282,1,1,128,1,1,16,0.000,0.000,,,,,NVIDIA A100-SXM4-40GB (0),1,,13,cupy_copy__complex64_complex64
1844284099,1856,8146,26,1,1,128,1,1,16,0.000,0.000,,,,,NVIDIA A100-SXM4-40GB (0),1,,13,cupy_copy__float32_float32
1844287043,2880,8155,103,1,1,128,1,1,16,0.000,0.000,,,,,NVIDIA A100-SXM4-40GB (0),1,,13,cupy_copy__complex64_complex64
1844290883,14048,8165,1434,1,1,128,1,1,16,0.000,0.000,,,,,NVIDIA A100-SXM4-40GB (0),1,,13,cupy_copy__complex64_complex64
1844308579,79167,8170,1,1,1,32,32,1,30,0.000,0.000,,,,,NVIDIA A100-SXM4-40GB (0),1,,13,"void convert_kernel<__half2, float2>(tensor_layout_any, T1 *, tensor_layout_any, const T2 *)"
1844416194,12063,8173,,,,,,,,,,0.061,5093.253,Pinned,Device,NVIDIA A100-SXM4-40GB (0),1,,13,[CUDA memcpy Host-to-Device]
1844438593,587642,8174,,,,,,,,,,456.520,776541.336,Device,,NVIDIA A100-SXM4-40GB (0),1,,13,[CUDA memset]
1845028827,131646,8179,,,,,,,,,,0.825,6269.313,Pinned,Device,NVIDIA A100-SXM4-40GB (0),1,,13,[CUDA memcpy Host-to-Device]
1845163353,22656,8180,,,,,,,,,,0.131,5785.256,Pinned,Device,NVIDIA A100-SXM4-40GB (0),1,,13,[CUDA memcpy Host-to-Device]
1845189145,7104,8181,69,4,1,48,1,1,76,0.002,0.000,,,,,NVIDIA A100-SXM4-40GB (0),1,,13,"void ch_est::windowedChEstPreNoDftSOfdmKernel<float, __half, float, (unsigned int)2, (unsigned int)1, (unsigned short)4>(ch_est::puschRxChEstStatDescr_t *, ch_est::puschRxChEstDynDescr_t *)"
1845197945,5792,8182,137,2,1,24,2,1,44,0.001,0.001,,,,,NVIDIA A100-SXM4-40GB (0),1,,13,"void ch_est::chEstFilterNoDftSOfdmDispatchKernel<float, __half, float, (unsigned int)2>(ch_est::puschRxChEstStatDescr_t *, ch_est::puschRxChEstDynDescr_t *)"
1845204825,4736,8183,137,2,1,24,2,1,44,0.001,0.001,,,,,NVIDIA A100-SXM4-40GB (0),1,,13,"void ch_est::chEstFilterNoDftSOfdmDispatchKernel<float, __half, float, (unsigned int)2>(ch_est::puschRxChEstStatDescr_t *, ch_est::puschRxChEstDynDescr_t *)"
1845210649,2336,8194,103,1,1,128,1,1,16,0.000,0.000,,,,,NVIDIA A100-SXM4-40GB (0),1,,13,cupy_copy__complex64_complex64
1845214009,15263,8204,1434,1,1,128,1,1,16,0.000,0.000,,,,,NVIDIA A100-SXM4-40GB (0),1,,13,cupy_copy__complex64_complex64
1845230296,2240,8211,103,1,1,128,1,1,16,0.000,0.000,,,,,NVIDIA A100-SXM4-40GB (0),1,,13,cupy_copy__complex64_complex64
1845233560,79359,8218,1,1,1,32,32,1,30,0.000,0.000,,,,,NVIDIA A100-SXM4-40GB (0),1,,13,"void convert_kernel<__half2, float2>(tensor_layout_any, T1 *, tensor_layout_any, const T2 *)"
1845341783,11776,8221,,,,,,,,,,0.061,5217.362,Pinned,Device,NVIDIA A100-SXM4-40GB (0),1,,13,[CUDA memcpy Host-to-Device]
1845364247,45983,8222,,,,,,,,,,35.801,778563.477,Device,,NVIDIA A100-SXM4-40GB (0),1,,13,[CUDA memset]
1845415894,2080,8224,,,,,,,,,,0.000,38.462,Pinned,Device,NVIDIA A100-SXM4-40GB (0),1,,13,[CUDA memcpy Host-to-Device]
1845420790,22720,8225,,,,,,,,,,0.131,5769.003,Pinned,Device,NVIDIA A100-SXM4-40GB (0),1,,13,[CUDA memcpy Host-to-Device]
1845452310,8800,8226,273,1,1,48,1,1,40,0.000,0.001,,,,,NVIDIA A100-SXM4-40GB (0),1,,13,"void pusch_noise_intf_est::noiseIntfEstNoDftSOfdmKernel<float, __half, float, float, (unsigned int)2, (unsigned int)1, (unsigned char)4, (unsigned char)4>(pusch_noise_intf_est::puschRxNoiseIntfEstDynDescr)"
1845462102,2784,8237,35,1,1,128,1,1,16,0.000,0.000,,,,,NVIDIA A100-SXM4-40GB (0),1,,13,cupy_copy__complex64_complex64
1845474966,1568,8246,1,1,1,1,1,1,18,0.000,0.000,,,,,NVIDIA A100-SXM4-40GB (0),1,,13,cupy_copy__float32_float32
1845510645,2400,8252,,,,,,,,,,0.000,1.667,Device,Pageable,NVIDIA A100-SXM4-40GB (0),1,,7,[CUDA memcpy Device-to-Host]
1845571541,15231,8263,1434,1,1,128,1,1,16,0.000,0.000,,,,,NVIDIA A100-SXM4-40GB (0),1,,13,cupy_copy__complex64_complex64
1845599636,2496,8270,103,1,1,128,1,1,16,0.000,0.000,,,,,NVIDIA A100-SXM4-40GB (0),1,,13,cupy_copy__complex64_complex64
1845620820,2144,8277,35,1,1,128,1,1,16,0.000,0.000,,,,,NVIDIA A100-SXM4-40GB (0),1,,13,cupy_copy__complex64_complex64
1845644084,1568,8284,1,1,1,1,1,1,18,0.000,0.000,,,,,NVIDIA A100-SXM4-40GB (0),1,,13,cupy_copy__float32_float32
1845779346,79359,8295,1,1,1,32,32,1,30,0.000,0.000,,,,,NVIDIA A100-SXM4-40GB (0),1,,13,"void convert_kernel<__half2, float2>(tensor_layout_any, T1 *, tensor_layout_any, const T2 *)"
1845888017,11712,8298,,,,,,,,,,0.061,5245.870,Pinned,Device,NVIDIA A100-SXM4-40GB (0),1,,13,[CUDA memcpy Host-to-Device]
1845904785,3328,8299,,,,,,,,,,1.547,464729.580,Device,,NVIDIA A100-SXM4-40GB (0),1,,13,[CUDA memset]
1845910769,6464,8304,,,,,,,,,,0.021,3257.405,Pinned,Device,NVIDIA A100-SXM4-40GB (0),1,,13,[CUDA memcpy Host-to-Device]
1845920337,22847,8305,,,,,,,,,,0.131,5736.890,Pinned,Device,NVIDIA A100-SXM4-40GB (0),1,,13,[CUDA memcpy Host-to-Device]
1845952048,6016,8306,273,1,1,8,4,1,39,0.002,0.000,,,,,NVIDIA A100-SXM4-40GB (0),1,,13,"void channel_eq::eqMmseCoefCompLowMimoKernel<float, float, float, (unsigned int)4, (unsigned int)1, (unsigned int)4>(const channel_eq::_puschRxChEqStatDescr *, channel_eq::_puschRxChEqCoefCompDynDescr)"
1845959280,5120,8307,273,1,1,12,11,1,40,0.002,0.000,,,,,NVIDIA A100-SXM4-40GB (0),1,,13,"void channel_eq::eqMmseSoftDemapKernel<float, __half, __half, float, (unsigned int)4, (unsigned short)16383>(channel_eq::_puschRxChEqStatDescr *, channel_eq::_puschRxChEqSoftDemapDynDescr)"
1845965616,280509,8308,1,1,1,32,32,1,30,0.000,0.000,,,,,NVIDIA A100-SXM4-40GB (0),1,,13,"void convert_kernel<float2, __half2>(tensor_layout_any, T1 *, tensor_layout_any, const T2 *)"
1846247245,12384,8320,2253,1,1,128,1,1,16,0.000,0.000,,,,,NVIDIA A100-SXM4-40GB (0),1,,13,cupy_copy__float16_float16
1846260653,2624,8329,282,1,1,128,1,1,16,0.000,0.000,,,,,NVIDIA A100-SXM4-40GB (0),1,,13,cupy_copy__complex64_complex64
1846264237,1888,8338,26,1,1,128,1,1,16,0.000,0.000,,,,,NVIDIA A100-SXM4-40GB (0),1,,13,cupy_copy__float32_float32
1846267213,2848,8347,103,1,1,128,1,1,16,0.000,0.000,,,,,NVIDIA A100-SXM4-40GB (0),1,,13,cupy_copy__complex64_complex64
1846270989,14016,8357,1434,1,1,128,1,1,16,0.000,0.000,,,,,NVIDIA A100-SXM4-40GB (0),1,,13,cupy_copy__complex64_complex64
1846301612,79679,8362,1,1,1,32,32,1,30,0.000,0.000,,,,,NVIDIA A100-SXM4-40GB (0),1,,13,"void convert_kernel<__half2, float2>(tensor_layout_any, T1 *, tensor_layout_any, const T2 *)"
1846551338,12287,8365,,,,,,,,,,0.061,5000.356,Pinned,Device,NVIDIA A100-SXM4-40GB (0),1,,13,[CUDA memcpy Host-to-Device]
1846568105,588634,8366,,,,,,,,,,456.520,775171.775,Device,,NVIDIA A100-SXM4-40GB (0),1,,13,[CUDA memset]
1847160771,131614,8371,,,,,,,,,,0.825,6270.138,Pinned,Device,NVIDIA A100-SXM4-40GB (0),1,,13,[CUDA memcpy Host-to-Device]
1847294497,22656,8372,,,,,,,,,,0.131,5785.256,Pinned,Device,NVIDIA A100-SXM4-40GB (0),1,,13,[CUDA memcpy Host-to-Device]
1847325217,7520,8373,69,4,1,48,1,1,76,0.002,0.000,,,,,NVIDIA A100-SXM4-40GB (0),1,,13,"void ch_est::windowedChEstPreNoDftSOfdmKernel<float, __half, float, (unsigned int)2, (unsigned int)1, (unsigned short)4>(ch_est::puschRxChEstStatDescr_t *, ch_est::puschRxChEstDynDescr_t *)"
1847334433,5952,8374,137,2,1,24,2,1,44,0.001,0.001,,,,,NVIDIA A100-SXM4-40GB (0),1,,13,"void ch_est::chEstFilterNoDftSOfdmDispatchKernel<float, __half, float, (unsigned int)2>(ch_est::puschRxChEstStatDescr_t *, ch_est::puschRxChEstDynDescr_t *)"
1847341377,4704,8375,137,2,1,24,2,1,44,0.001,0.001,,,,,NVIDIA A100-SXM4-40GB (0),1,,13,"void ch_est::chEstFilterNoDftSOfdmDispatchKernel<float, __half, float, (unsigned int)2>(ch_est::puschRxChEstStatDescr_t *, ch_est::puschRxChEstDynDescr_t *)"
1847347073,2752,8386,103,1,1,128,1,1,16,0.000,0.000,,,,,NVIDIA A100-SXM4-40GB (0),1,,13,cupy_copy__complex64_complex64
1847350881,15327,8396,1434,1,1,128,1,1,16,0.000,0.000,,,,,NVIDIA A100-SXM4-40GB (0),1,,13,cupy_copy__complex64_complex64
1847367168,2304,8403,103,1,1,128,1,1,16,0.000,0.000,,,,,NVIDIA A100-SXM4-40GB (0),1,,13,cupy_copy__complex64_complex64
1847370560,79135,8410,1,1,1,32,32,1,30,0.000,0.000,,,,,NVIDIA A100-SXM4-40GB (0),1,,13,"void convert_kernel<__half2, float2>(tensor_layout_any, T1 *, tensor_layout_any, const T2 *)"
1847481023,12032,8413,,,,,,,,,,0.061,5106.340,Pinned,Device,NVIDIA A100-SXM4-40GB (0),1,,13,[CUDA memcpy Host-to-Device]
1847503359,46143,8414,,,,,,,,,,35.801,775842.604,Device,,NVIDIA A100-SXM4-40GB (0),1,,13,[CUDA memset]
1847555998,2080,8416,,,,,,,,,,0.000,38.462,Pinned,Device,NVIDIA A100-SXM4-40GB (0),1,,13,[CUDA memcpy Host-to-Device]
1847561278,22624,8417,,,,,,,,,,0.131,5793.382,Pinned,Device,NVIDIA A100-SXM4-40GB (0),1,,13,[CUDA memcpy Host-to-Device]
1847589406,8672,8418,273,1,1,48,1,1,40,0.000,0.001,,,,,NVIDIA A100-SXM4-40GB (0),1,,13,"void pusch_noise_intf_est::noiseIntfEstNoDftSOfdmKernel<float, __half, float, float, (unsigned int)2, (unsigned int)1, (unsigned char)4, (unsigned char)4>(pusch_noise_intf_est::puschRxNoiseIntfEstDynDescr)"
1847599198,2912,8429,35,1,1,128,1,1,16,0.000,0.000,,,,,NVIDIA A100-SXM4-40GB (0),1,,13,cupy_copy__complex64_complex64
1847612094,1600,8438,1,1,1,1,1,1,18,0.000,0.000,,,,,NVIDIA A100-SXM4-40GB (0),1,,13,cupy_copy__float32_float32
1847648797,1728,8444,,,,,,,,,,0.000,2.315,Device,Pageable,NVIDIA A100-SXM4-40GB (0),1,,7,[CUDA memcpy Device-to-Host]
1847709629,15263,8455,1434,1,1,128,1,1,16,0.000,0.000,,,,,NVIDIA A100-SXM4-40GB (0),1,,13,cupy_copy__complex64_complex64
1847737372,2496,8462,103,1,1,128,1,1,16,0.000,0.000,,,,,NVIDIA A100-SXM4-40GB (0),1,,13,cupy_copy__complex64_complex64
1847757660,2144,8469,35,1,1,128,1,1,16,0.000,0.000,,,,,NVIDIA A100-SXM4-40GB (0),1,,13,cupy_copy__complex64_complex64
1847780988,1568,8476,1,1,1,1,1,1,18,0.000,0.000,,,,,NVIDIA A100-SXM4-40GB (0),1,,13,cupy_copy__float32_float32
1847917850,78815,8487,1,1,1,32,32,1,30,0.000,0.000,,,,,NVIDIA A100-SXM4-40GB (0),1,,13,"void convert_kernel<__half2, float2>(tensor_layout_any, T1 *, tensor_layout_any, const T2 *)"
1848165207,11904,8490,,,,,,,,,,0.061,5161.267,Pinned,Device,NVIDIA A100-SXM4-40GB (0),1,,13,[CUDA memcpy Host-to-Device]
1848182263,3264,8491,,,,,,,,,,1.547,473842.288,Device,,NVIDIA A100-SXM4-40GB (0),1,,13,[CUDA memset]
1848185975,6432,8496,,,,,,,,,,0.021,3273.618,Pinned,Device,NVIDIA A100-SXM4-40GB (0),1,,13,[CUDA memcpy Host-to-Device]
1848196087,22752,8497,,,,,,,,,,0.131,5760.877,Pinned,Device,NVIDIA A100-SXM4-40GB (0),1,,13,[CUDA memcpy Host-to-Device]
1848228375,6080,8498,273,1,1,8,4,1,39,0.002,0.000,,,,,NVIDIA A100-SXM4-40GB (0),1,,13,"void channel_eq::eqMmseCoefCompLowMimoKernel<float, float, float, (unsigned int)4, (unsigned int)1, (unsigned int)4>(const channel_eq::_puschRxChEqStatDescr *, channel_eq::_puschRxChEqCoefCompDynDescr)"
1848235511,5216,8499,273,1,1,12,11,1,40,0.002,0.000,,,,,NVIDIA A100-SXM4-40GB (0),1,,13,"void channel_eq::eqMmseSoftDemapKernel<float, __half, __half, float, (unsigned int)4, (unsigned short)16383>(channel_eq::_puschRxChEqStatDescr *, channel_eq::_puschRxChEqSoftDemapDynDescr)"
1848241783,280764,8500,1,1,1,32,32,1,30,0.000,0.000,,,,,NVIDIA A100-SXM4-40GB (0),1,,13,"void convert_kernel<float2, __half2>(tensor_layout_any, T1 *, tensor_layout_any, const T2 *)"
1848523539,12288,8512,2253,1,1,128,1,1,16,0.000,0.000,,,,,NVIDIA A100-SXM4-40GB (0),1,,13,cupy_copy__float16_float16
1848537011,2624,8521,282,1,1,128,1,1,16,0.000,0.000,,,,,NVIDIA A100-SXM4-40GB (0),1,,13,cupy_copy__complex64_complex64
1848540627,1888,8530,26,1,1,128,1,1,16,0.000,0.000,,,,,NVIDIA A100-SXM4-40GB (0),1,,13,cupy_copy__float32_float32
1848543571,2880,8539,103,1,1,128,1,1,16,0.000,0.000,,,,,NVIDIA A100-SXM4-40GB (0),1,,13,cupy_copy__complex64_complex64
1848547379,13824,8549,1434,1,1,128,1,1,16,0.000,0.000,,,,,NVIDIA A100-SXM4-40GB (0),1,,13,cupy_copy__complex64_complex64
1848692817,79648,8554,1,1,1,32,32,1,30,0.000,0.000,,,,,NVIDIA A100-SXM4-40GB (0),1,,13,"void convert_kernel<__half2, float2>(tensor_layout_any, T1 *, tensor_layout_any, const T2 *)"
1848803856,12032,8557,,,,,,,,,,0.061,5106.340,Pinned,Device,NVIDIA A100-SXM4-40GB (0),1,,13,[CUDA memcpy Host-to-Device]
1848826352,587705,8558,,,,,,,,,,456.520,776541.336,Device,,NVIDIA A100-SXM4-40GB (0),1,,13,[CUDA memset]
1849417641,132671,8563,,,,,,,,,,0.825,6220.618,Pinned,Device,NVIDIA A100-SXM4-40GB (0),1,,13,[CUDA memcpy Host-to-Device]
1849552456,22656,8564,,,,,,,,,,0.131,5785.256,Pinned,Device,NVIDIA A100-SXM4-40GB (0),1,,13,[CUDA memcpy Host-to-Device]
1849585127,7424,8565,69,4,1,48,1,1,76,0.002,0.000,,,,,NVIDIA A100-SXM4-40GB (0),1,,13,"void ch_est::windowedChEstPreNoDftSOfdmKernel<float, __half, float, (unsigned int)2, (unsigned int)1, (unsigned short)4>(ch_est::puschRxChEstStatDescr_t *, ch_est::puschRxChEstDynDescr_t *)"
1849594215,5792,8566,137,2,1,24,2,1,44,0.001,0.001,,,,,NVIDIA A100-SXM4-40GB (0),1,,13,"void ch_est::chEstFilterNoDftSOfdmDispatchKernel<float, __half, float, (unsigned int)2>(ch_est::puschRxChEstStatDescr_t *, ch_est::puschRxChEstDynDescr_t *)"
1849601063,4736,8567,137,2,1,24,2,1,44,0.001,0.001,,,,,NVIDIA A100-SXM4-40GB (0),1,,13,"void ch_est::chEstFilterNoDftSOfdmDispatchKernel<float, __half, float, (unsigned int)2>(ch_est::puschRxChEstStatDescr_t *, ch_est::puschRxChEstDynDescr_t *)"
1849606887,2336,8578,103,1,1,128,1,1,16,0.000,0.000,,,,,NVIDIA A100-SXM4-40GB (0),1,,13,cupy_copy__complex64_complex64
1849610151,15488,8588,1434,1,1,128,1,1,16,0.000,0.000,,,,,NVIDIA A100-SXM4-40GB (0),1,,13,cupy_copy__complex64_complex64
1849626663,2272,8595,103,1,1,128,1,1,16,0.000,0.000,,,,,NVIDIA A100-SXM4-40GB (0),1,,13,cupy_copy__complex64_complex64
1849630151,79615,8602,1,1,1,32,32,1,30,0.000,0.000,,,,,NVIDIA A100-SXM4-40GB (0),1,,13,"void convert_kernel<__half2, float2>(tensor_layout_any, T1 *, tensor_layout_any, const T2 *)"
1849739174,12320,8605,,,,,,,,,,0.061,4986.962,Pinned,Device,NVIDIA A100-SXM4-40GB (0),1,,13,[CUDA memcpy Host-to-Device]
1849762277,45984,8606,,,,,,,,,,35.801,778527.676,Device,,NVIDIA A100-SXM4-40GB (0),1,,13,[CUDA memset]
1849813893,2240,8608,,,,,,,,,,0.000,35.714,Pinned,Device,NVIDIA A100-SXM4-40GB (0),1,,13,[CUDA memcpy Host-to-Device]
1849818629,22752,8609,,,,,,,,,,0.131,5760.877,Pinned,Device,NVIDIA A100-SXM4-40GB (0),1,,13,[CUDA memcpy Host-to-Device]
1849851364,8896,8610,273,1,1,48,1,1,40,0.000,0.001,,,,,NVIDIA A100-SXM4-40GB (0),1,,13,"void pusch_noise_intf_est::noiseIntfEstNoDftSOfdmKernel<float, __half, float, float, (unsigned int)2, (unsigned int)1, (unsigned char)4, (unsigned char)4>(pusch_noise_intf_est::puschRxNoiseIntfEstDynDescr)"
1849861380,2656,8621,35,1,1,128,1,1,16,0.000,0.000,,,,,NVIDIA A100-SXM4-40GB (0),1,,13,cupy_copy__complex64_complex64
1849865060,1536,8630,1,1,1,1,1,1,18,0.000,0.000,,,,,NVIDIA A100-SXM4-40GB (0),1,,13,cupy_copy__float32_float32
1849899332,1856,8636,,,,,,,,,,0.000,2.155,Device,Pageable,NVIDIA A100-SXM4-40GB (0),1,,7,[CUDA memcpy Device-to-Host]
1849958403,15424,8647,1434,1,1,128,1,1,16,0.000,0.000,,,,,NVIDIA A100-SXM4-40GB (0),1,,13,cupy_copy__complex64_complex64
1849985923,2528,8654,103,1,1,128,1,1,16,0.000,0.000,,,,,NVIDIA A100-SXM4-40GB (0),1,,13,cupy_copy__complex64_complex64
1850012003,2112,8661,35,1,1,128,1,1,16,0.000,0.000,,,,,NVIDIA A100-SXM4-40GB (0),1,,13,cupy_copy__complex64_complex64
1850030370,1504,8668,1,1,1,1,1,1,18,0.000,0.000,,,,,NVIDIA A100-SXM4-40GB (0),1,,13,cupy_copy__float32_float32
1850165025,78079,8679,1,1,1,32,32,1,30,0.000,0.000,,,,,NVIDIA A100-SXM4-40GB (0),1,,13,"void convert_kernel<__half2, float2>(tensor_layout_any, T1 *, tensor_layout_any, const T2 *)"
1850272608,12320,8682,,,,,,,,,,0.061,4986.962,Pinned,Device,NVIDIA A100-SXM4-40GB (0),1,,13,[CUDA memcpy Host-to-Device]
1850289535,3328,8683,,,,,,,,,,1.547,464729.580,Device,,NVIDIA A100-SXM4-40GB (0),1,,13,[CUDA memset]
1850295071,6560,8688,,,,,,,,,,0.021,3209.756,Pinned,Device,NVIDIA A100-SXM4-40GB (0),1,,13,[CUDA memcpy Host-to-Device]
1850304735,22848,8689,,,,,,,,,,0.131,5736.628,Pinned,Device,NVIDIA A100-SXM4-40GB (0),1,,13,[CUDA memcpy Host-to-Device]
1850336767,6112,8690,273,1,1,8,4,1,39,0.002,0.000,,,,,NVIDIA A100-SXM4-40GB (0),1,,13,"void channel_eq::eqMmseCoefCompLowMimoKernel<float, float, float, (unsigned int)4, (unsigned int)1, (unsigned int)4>(const channel_eq::_puschRxChEqStatDescr *, channel_eq::_puschRxChEqCoefCompDynDescr)"
1850343903,5216,8691,273,1,1,12,11,1,40,0.002,0.000,,,,,NVIDIA A100-SXM4-40GB (0),1,,13,"void channel_eq::eqMmseSoftDemapKernel<float, __half, __half, float, (unsigned int)4, (unsigned short)16383>(channel_eq::_puschRxChEqStatDescr *, channel_eq::_puschRxChEqSoftDemapDynDescr)"
1850350143,280701,8692,1,1,1,32,32,1,30,0.000,0.000,,,,,NVIDIA A100-SXM4-40GB (0),1,,13,"void convert_kernel<float2, __half2>(tensor_layout_any, T1 *, tensor_layout_any, const T2 *)"
1850631964,12415,8704,2253,1,1,128,1,1,16,0.000,0.000,,,,,NVIDIA A100-SXM4-40GB (0),1,,13,cupy_copy__float16_float16
1850645467,2624,8713,282,1,1,128,1,1,16,0.000,0.000,,,,,NVIDIA A100-SXM4-40GB (0),1,,13,cupy_copy__complex64_complex64
1850649083,1888,8722,26,1,1,128,1,1,16,0.000,0.000,,,,,NVIDIA A100-SXM4-40GB (0),1,,13,cupy_copy__float32_float32
1850652027,2848,8731,103,1,1,128,1,1,16,0.000,0.000,,,,,NVIDIA A100-SXM4-40GB (0),1,,13,cupy_copy__complex64_complex64
1850655931,14112,8741,1434,1,1,128,1,1,16,0.000,0.000,,,,,NVIDIA A100-SXM4-40GB (0),1,,13,cupy_copy__complex64_complex64
1850673499,79071,8746,1,1,1,32,32,1,30,0.000,0.000,,,,,NVIDIA A100-SXM4-40GB (0),1,,13,"void convert_kernel<__half2, float2>(tensor_layout_any, T1 *, tensor_layout_any, const T2 *)"
1850780858,11904,8749,,,,,,,,,,0.061,5161.267,Pinned,Device,NVIDIA A100-SXM4-40GB (0),1,,13,[CUDA memcpy Host-to-Device]
1850796570,587993,8750,,,,,,,,,,456.520,776084.816,Device,,NVIDIA A100-SXM4-40GB (0),1,,13,[CUDA memset]
1851392115,131583,8755,,,,,,,,,,0.825,6271.789,Pinned,Device,NVIDIA A100-SXM4-40GB (0),1,,13,[CUDA memcpy Host-to-Device]
1851526322,22623,8756,,,,,,,,,,0.131,5793.645,Pinned,Device,NVIDIA A100-SXM4-40GB (0),1,,13,[CUDA memcpy Host-to-Device]
1851557361,7296,8757,69,4,1,48,1,1,76,0.002,0.000,,,,,NVIDIA A100-SXM4-40GB (0),1,,13,"void ch_est::windowedChEstPreNoDftSOfdmKernel<float, __half, float, (unsigned int)2, (unsigned int)1, (unsigned short)4>(ch_est::puschRxChEstStatDescr_t *, ch_est::puschRxChEstDynDescr_t *)"
1851566385,5760,8758,137,2,1,24,2,1,44,0.001,0.001,,,,,NVIDIA A100-SXM4-40GB (0),1,,13,"void ch_est::chEstFilterNoDftSOfdmDispatchKernel<float, __half, float, (unsigned int)2>(ch_est::puschRxChEstStatDescr_t *, ch_est::puschRxChEstDynDescr_t *)"
1851573169,4736,8759,137,2,1,24,2,1,44,0.001,0.001,,,,,NVIDIA A100-SXM4-40GB (0),1,,13,"void ch_est::chEstFilterNoDftSOfdmDispatchKernel<float, __half, float, (unsigned int)2>(ch_est::puschRxChEstStatDescr_t *, ch_est::puschRxChEstDynDescr_t *)"
1851578993,2336,8770,103,1,1,128,1,1,16,0.000,0.000,,,,,NVIDIA A100-SXM4-40GB (0),1,,13,cupy_copy__complex64_complex64
1851582321,15616,8780,1434,1,1,128,1,1,16,0.000,0.000,,,,,NVIDIA A100-SXM4-40GB (0),1,,13,cupy_copy__complex64_complex64
1851599025,2272,8787,103,1,1,128,1,1,16,0.000,0.000,,,,,NVIDIA A100-SXM4-40GB (0),1,,13,cupy_copy__complex64_complex64
1851602385,79423,8794,1,1,1,32,32,1,30,0.000,0.000,,,,,NVIDIA A100-SXM4-40GB (0),1,,13,"void convert_kernel<__half2, float2>(tensor_layout_any, T1 *, tensor_layout_any, const T2 *)"
1851710576,12031,8797,,,,,,,,,,0.061,5106.770,Pinned,Device,NVIDIA A100-SXM4-40GB (0),1,,13,[CUDA memcpy Host-to-Device]
1851732431,45824,8798,,,,,,,,,,35.801,781248.549,Device,,NVIDIA A100-SXM4-40GB (0),1,,13,[CUDA memset]
1851784047,2080,8800,,,,,,,,,,0.000,38.462,Pinned,Device,NVIDIA A100-SXM4-40GB (0),1,,13,[CUDA memcpy Host-to-Device]
1851789775,22623,8801,,,,,,,,,,0.131,5793.645,Pinned,Device,NVIDIA A100-SXM4-40GB (0),1,,13,[CUDA memcpy Host-to-Device]
1851820526,8736,8802,273,1,1,48,1,1,40,0.000,0.001,,,,,NVIDIA A100-SXM4-40GB (0),1,,13,"void pusch_noise_intf_est::noiseIntfEstNoDftSOfdmKernel<float, __half, float, float, (unsigned int)2, (unsigned int)1, (unsigned char)4, (unsigned char)4>(pusch_noise_intf_est::puschRxNoiseIntfEstDynDescr)"
1851830350,2784,8813,35,1,1,128,1,1,16,0.000,0.000,,,,,NVIDIA A100-SXM4-40GB (0),1,,13,cupy_copy__complex64_complex64
1851834062,1568,8822,1,1,1,1,1,1,18,0.000,0.000,,,,,NVIDIA A100-SXM4-40GB (0),1,,13,cupy_copy__float32_float32
1851868750,1664,8828,,,,,,,,,,0.000,2.404,Device,Pageable,NVIDIA A100-SXM4-40GB (0),1,,7,[CUDA memcpy Device-to-Host]
1851927053,15392,8839,1434,1,1,128,1,1,16,0.000,0.000,,,,,NVIDIA A100-SXM4-40GB (0),1,,13,cupy_copy__complex64_complex64
1851958573,2496,8846,103,1,1,128,1,1,16,0.000,0.000,,,,,NVIDIA A100-SXM4-40GB (0),1,,13,cupy_copy__complex64_complex64
1851980524,2144,8853,35,1,1,128,1,1,16,0.000,0.000,,,,,NVIDIA A100-SXM4-40GB (0),1,,13,cupy_copy__complex64_complex64
1851999020,1568,8860,1,1,1,1,1,1,18,0.000,0.000,,,,,NVIDIA A100-SXM4-40GB (0),1,,13,cupy_copy__float32_float32
1852134059,79295,8871,1,1,1,32,32,1,30,0.000,0.000,,,,,NVIDIA A100-SXM4-40GB (0),1,,13,"void convert_kernel<__half2, float2>(tensor_layout_any, T1 *, tensor_layout_any, const T2 *)"
1852384232,11776,8874,,,,,,,,,,0.061,5217.362,Pinned,Device,NVIDIA A100-SXM4-40GB (0),1,,13,[CUDA memcpy Host-to-Device]
1852402152,3264,8875,,,,,,,,,,1.547,473842.288,Device,,NVIDIA A100-SXM4-40GB (0),1,,13,[CUDA memset]
1852412712,6624,8880,,,,,,,,,,0.021,3178.740,Pinned,Device,NVIDIA A100-SXM4-40GB (0),1,,13,[CUDA memcpy Host-to-Device]
1852421576,22623,8881,,,,,,,,,,0.131,5793.645,Pinned,Device,NVIDIA A100-SXM4-40GB (0),1,,13,[CUDA memcpy Host-to-Device]
1852453319,6080,8882,273,1,1,8,4,1,39,0.002,0.000,,,,,NVIDIA A100-SXM4-40GB (0),1,,13,"void channel_eq::eqMmseCoefCompLowMimoKernel<float, float, float, (unsigned int)4, (unsigned int)1, (unsigned int)4>(const channel_eq::_puschRxChEqStatDescr *, channel_eq::_puschRxChEqCoefCompDynDescr)"
1852460487,5184,8883,273,1,1,12,11,1,40,0.002,0.000,,,,,NVIDIA A100-SXM4-40GB (0),1,,13,"void channel_eq::eqMmseSoftDemapKernel<float, __half, __half, float, (unsigned int)4, (unsigned short)16383>(channel_eq::_puschRxChEqStatDescr *, channel_eq::_puschRxChEqSoftDemapDynDescr)"
1852466727,280733,8884,1,1,1,32,32,1,30,0.000,0.000,,,,,NVIDIA A100-SXM4-40GB (0),1,,13,"void convert_kernel<float2, __half2>(tensor_layout_any, T1 *, tensor_layout_any, const T2 *)"
1852748548,12416,8896,2253,1,1,128,1,1,16,0.000,0.000,,,,,NVIDIA A100-SXM4-40GB (0),1,,13,cupy_copy__float16_float16
1852762052,2592,8905,282,1,1,128,1,1,16,0.000,0.000,,,,,NVIDIA A100-SXM4-40GB (0),1,,13,cupy_copy__complex64_complex64
1852765668,1824,8914,26,1,1,128,1,1,16,0.000,0.000,,,,,NVIDIA A100-SXM4-40GB (0),1,,13,cupy_copy__float32_float32
1852768580,2880,8923,103,1,1,128,1,1,16,0.000,0.000,,,,,NVIDIA A100-SXM4-40GB (0),1,,13,cupy_copy__complex64_complex64
1852772388,14111,8933,1434,1,1,128,1,1,16,0.000,0.000,,,,,NVIDIA A100-SXM4-40GB (0),1,,13,cupy_copy__complex64_complex64
1852909538,79647,8938,1,1,1,32,32,1,30,0.000,0.000,,,,,NVIDIA A100-SXM4-40GB (0),1,,13,"void convert_kernel<__half2, float2>(tensor_layout_any, T1 *, tensor_layout_any, const T2 *)"
1853020193,11712,8941,,,,,,,,,,0.061,5245.870,Pinned,Device,NVIDIA A100-SXM4-40GB (0),1,,13,[CUDA memcpy Host-to-Device]
1853042113,587769,8942,,,,,,,,,,456.520,776541.336,Device,,NVIDIA A100-SXM4-40GB (0),1,,13,[CUDA memset]
1853635418,131838,8947,,,,,,,,,,0.825,6260.234,Pinned,Device,NVIDIA A100-SXM4-40GB (0),1,,13,[CUDA memcpy Host-to-Device]
1853770360,22624,8948,,,,,,,,,,0.131,5793.382,Pinned,Device,NVIDIA A100-SXM4-40GB (0),1,,13,[CUDA memcpy Host-to-Device]
1853801912,7264,8949,69,4,1,48,1,1,76,0.002,0.000,,,,,NVIDIA A100-SXM4-40GB (0),1,,13,"void ch_est::windowedChEstPreNoDftSOfdmKernel<float, __half, float, (unsigned int)2, (unsigned int)1, (unsigned short)4>(ch_est::puschRxChEstStatDescr_t *, ch_est::puschRxChEstDynDescr_t *)"
1853811032,5760,8950,137,2,1,24,2,1,44,0.001,0.001,,,,,NVIDIA A100-SXM4-40GB (0),1,,13,"void ch_est::chEstFilterNoDftSOfdmDispatchKernel<float, __half, float, (unsigned int)2>(ch_est::puschRxChEstStatDescr_t *, ch_est::puschRxChEstDynDescr_t *)"
1853817976,4704,8951,137,2,1,24,2,1,44,0.001,0.001,,,,,NVIDIA A100-SXM4-40GB (0),1,,13,"void ch_est::chEstFilterNoDftSOfdmDispatchKernel<float, __half, float, (unsigned int)2>(ch_est::puschRxChEstStatDescr_t *, ch_est::puschRxChEstDynDescr_t *)"
1853823768,2368,8962,103,1,1,128,1,1,16,0.000,0.000,,,,,NVIDIA A100-SXM4-40GB (0),1,,13,cupy_copy__complex64_complex64
1853827160,15424,8972,1434,1,1,128,1,1,16,0.000,0.000,,,,,NVIDIA A100-SXM4-40GB (0),1,,13,cupy_copy__complex64_complex64
1853843672,2239,8979,103,1,1,128,1,1,16,0.000,0.000,,,,,NVIDIA A100-SXM4-40GB (0),1,,13,cupy_copy__complex64_complex64
1853846903,79232,8986,1,1,1,32,32,1,30,0.000,0.000,,,,,NVIDIA A100-SXM4-40GB (0),1,,13,"void convert_kernel<__half2, float2>(tensor_layout_any, T1 *, tensor_layout_any, const T2 *)"
1854094421,11936,8989,,,,,,,,,,0.061,5147.443,Pinned,Device,NVIDIA A100-SXM4-40GB (0),1,,13,[CUDA memcpy Host-to-Device]
1854111156,46592,8990,,,,,,,,,,35.801,768360.204,Device,,NVIDIA A100-SXM4-40GB (0),1,,13,[CUDA memset]
1854166100,2432,8992,,,,,,,,,,0.000,32.895,Pinned,Device,NVIDIA A100-SXM4-40GB (0),1,,13,[CUDA memcpy Host-to-Device]
1854170868,23168,8993,,,,,,,,,,0.131,5657.330,Pinned,Device,NVIDIA A100-SXM4-40GB (0),1,,13,[CUDA memcpy Host-to-Device]
1854201267,9216,8994,273,1,1,48,1,1,40,0.000,0.001,,,,,NVIDIA A100-SXM4-40GB (0),1,,13,"void pusch_noise_intf_est::noiseIntfEstNoDftSOfdmKernel<float, __half, float, float, (unsigned int)2, (unsigned int)1, (unsigned char)4, (unsigned char)4>(pusch_noise_intf_est::puschRxNoiseIntfEstDynDescr)"
1854211507,2784,9005,35,1,1,128,1,1,16,0.000,0.000,,,,,NVIDIA A100-SXM4-40GB (0),1,,13,cupy_copy__complex64_complex64
1854215379,1568,9014,1,1,1,1,1,1,18,0.000,0.000,,,,,NVIDIA A100-SXM4-40GB (0),1,,13,cupy_copy__float32_float32
1854243507,1696,9020,,,,,,,,,,0.000,2.358,Device,Pageable,NVIDIA A100-SXM4-40GB (0),1,,7,[CUDA memcpy Device-to-Host]
1854307602,15424,9031,1434,1,1,128,1,1,16,0.000,0.000,,,,,NVIDIA A100-SXM4-40GB (0),1,,13,cupy_copy__complex64_complex64
1854335410,2528,9038,103,1,1,128,1,1,16,0.000,0.000,,,,,NVIDIA A100-SXM4-40GB (0),1,,13,cupy_copy__complex64_complex64
1854356114,2112,9045,35,1,1,128,1,1,16,0.000,0.000,,,,,NVIDIA A100-SXM4-40GB (0),1,,13,cupy_copy__complex64_complex64
1854375250,1536,9052,1,1,1,1,1,1,18,0.000,0.000,,,,,NVIDIA A100-SXM4-40GB (0),1,,13,cupy_copy__float32_float32
1854645070,79200,9063,1,1,1,32,32,1,30,0.000,0.000,,,,,NVIDIA A100-SXM4-40GB (0),1,,13,"void convert_kernel<__half2, float2>(tensor_layout_any, T1 *, tensor_layout_any, const T2 *)"
1854756621,11744,9066,,,,,,,,,,0.061,5231.555,Pinned,Device,NVIDIA A100-SXM4-40GB (0),1,,13,[CUDA memcpy Host-to-Device]
1854774189,3296,9067,,,,,,,,,,1.547,469242.628,Device,,NVIDIA A100-SXM4-40GB (0),1,,13,[CUDA memset]
1854780493,6176,9072,,,,,,,,,,0.021,3409.324,Pinned,Device,NVIDIA A100-SXM4-40GB (0),1,,13,[CUDA memcpy Host-to-Device]
1854789133,23200,9073,,,,,,,,,,0.131,5649.596,Pinned,Device,NVIDIA A100-SXM4-40GB (0),1,,13,[CUDA memcpy Host-to-Device]
1854821837,6047,9074,273,1,1,8,4,1,39,0.002,0.000,,,,,NVIDIA A100-SXM4-40GB (0),1,,13,"void channel_eq::eqMmseCoefCompLowMimoKernel<float, float, float, (unsigned int)4, (unsigned int)1, (unsigned int)4>(const channel_eq::_puschRxChEqStatDescr *, channel_eq::_puschRxChEqCoefCompDynDescr)"
1854829068,5440,9075,273,1,1,12,11,1,40,0.002,0.000,,,,,NVIDIA A100-SXM4-40GB (0),1,,13,"void channel_eq::eqMmseSoftDemapKernel<float, __half, __half, float, (unsigned int)4, (unsigned short)16383>(channel_eq::_puschRxChEqStatDescr *, channel_eq::_puschRxChEqSoftDemapDynDescr)"
1854835532,280605,9076,1,1,1,32,32,1,30,0.000,0.000,,,,,NVIDIA A100-SXM4-40GB (0),1,,13,"void convert_kernel<float2, __half2>(tensor_layout_any, T1 *, tensor_layout_any, const T2 *)"
1855117225,12672,9088,2253,1,1,128,1,1,16,0.000,0.000,,,,,NVIDIA A100-SXM4-40GB (0),1,,13,cupy_copy__float16_float16
1855131113,2624,9097,282,1,1,128,1,1,16,0.000,0.000,,,,,NVIDIA A100-SXM4-40GB (0),1,,13,cupy_copy__complex64_complex64
1855134953,1888,9106,26,1,1,128,1,1,16,0.000,0.000,,,,,NVIDIA A100-SXM4-40GB (0),1,,13,cupy_copy__float32_float32
1855137897,2848,9115,103,1,1,128,1,1,16,0.000,0.000,,,,,NVIDIA A100-SXM4-40GB (0),1,,13,cupy_copy__complex64_complex64
1855141705,14144,9125,1434,1,1,128,1,1,16,0.000,0.000,,,,,NVIDIA A100-SXM4-40GB (0),1,,13,cupy_copy__complex64_complex64
1855170537,79263,9130,1,1,1,32,32,1,30,0.000,0.000,,,,,NVIDIA A100-SXM4-40GB (0),1,,13,"void convert_kernel<__half2, float2>(tensor_layout_any, T1 *, tensor_layout_any, const T2 *)"
1855278503,11712,9133,,,,,,,,,,0.061,5245.870,Pinned,Device,NVIDIA A100-SXM4-40GB (0),1,,13,[CUDA memcpy Host-to-Device]
1855301031,587482,9134,,,,,,,,,,456.520,776997.857,Device,,NVIDIA A100-SXM4-40GB (0),1,,13,[CUDA memset]
1855892320,131679,9139,,,,,,,,,,0.825,6267.662,Pinned,Device,NVIDIA A100-SXM4-40GB (0),1,,13,[CUDA memcpy Host-to-Device]
1856026591,22624,9140,,,,,,,,,,0.131,5793.382,Pinned,Device,NVIDIA A100-SXM4-40GB (0),1,,13,[CUDA memcpy Host-to-Device]
1856054687,7392,9141,69,4,1,48,1,1,76,0.002,0.000,,,,,NVIDIA A100-SXM4-40GB (0),1,,13,"void ch_est::windowedChEstPreNoDftSOfdmKernel<float, __half, float, (unsigned int)2, (unsigned int)1, (unsigned short)4>(ch_est::puschRxChEstStatDescr_t *, ch_est::puschRxChEstDynDescr_t *)"
1856063679,6079,9142,137,2,1,24,2,1,44,0.001,0.001,,,,,NVIDIA A100-SXM4-40GB (0),1,,13,"void ch_est::chEstFilterNoDftSOfdmDispatchKernel<float, __half, float, (unsigned int)2>(ch_est::puschRxChEstStatDescr_t *, ch_est::puschRxChEstDynDescr_t *)"
1856070974,4704,9143,137,2,1,24,2,1,44,0.001,0.001,,,,,NVIDIA A100-SXM4-40GB (0),1,,13,"void ch_est::chEstFilterNoDftSOfdmDispatchKernel<float, __half, float, (unsigned int)2>(ch_est::puschRxChEstStatDescr_t *, ch_est::puschRxChEstDynDescr_t *)"
1856076638,2368,9154,103,1,1,128,1,1,16,0.000,0.000,,,,,NVIDIA A100-SXM4-40GB (0),1,,13,cupy_copy__complex64_complex64
1856079998,15360,9164,1434,1,1,128,1,1,16,0.000,0.000,,,,,NVIDIA A100-SXM4-40GB (0),1,,13,cupy_copy__complex64_complex64
1856096318,2272,9171,103,1,1,128,1,1,16,0.000,0.000,,,,,NVIDIA A100-SXM4-40GB (0),1,,13,cupy_copy__complex64_complex64
1856099678,78783,9178,1,1,1,32,32,1,30,0.000,0.000,,,,,NVIDIA A100-SXM4-40GB (0),1,,13,"void convert_kernel<__half2, float2>(tensor_layout_any, T1 *, tensor_layout_any, const T2 *)"
1856206333,11712,9181,,,,,,,,,,0.061,5245.870,Pinned,Device,NVIDIA A100-SXM4-40GB (0),1,,13,[CUDA memcpy Host-to-Device]
1856228765,46399,9182,,,,,,,,,,35.801,771582.290,Device,,NVIDIA A100-SXM4-40GB (0),1,,13,[CUDA memset]
1856280380,2112,9184,,,,,,,,,,0.000,37.879,Pinned,Device,NVIDIA A100-SXM4-40GB (0),1,,13,[CUDA memcpy Host-to-Device]
1856284636,22816,9185,,,,,,,,,,0.131,5744.624,Pinned,Device,NVIDIA A100-SXM4-40GB (0),1,,13,[CUDA memcpy Host-to-Device]
1856313788,8608,9186,273,1,1,48,1,1,40,0.000,0.001,,,,,NVIDIA A100-SXM4-40GB (0),1,,13,"void pusch_noise_intf_est::noiseIntfEstNoDftSOfdmKernel<float, __half, float, float, (unsigned int)2, (unsigned int)1, (unsigned char)4, (unsigned char)4>(pusch_noise_intf_est::puschRxNoiseIntfEstDynDescr)"
1856323324,2560,9197,35,1,1,128,1,1,16,0.000,0.000,,,,,NVIDIA A100-SXM4-40GB (0),1,,13,cupy_copy__complex64_complex64
1856330460,1600,9206,1,1,1,1,1,1,18,0.000,0.000,,,,,NVIDIA A100-SXM4-40GB (0),1,,13,cupy_copy__float32_float32
1856369307,1728,9212,,,,,,,,,,0.000,2.315,Device,Pageable,NVIDIA A100-SXM4-40GB (0),1,,7,[CUDA memcpy Device-to-Host]
1856430106,15232,9223,1434,1,1,128,1,1,16,0.000,0.000,,,,,NVIDIA A100-SXM4-40GB (0),1,,13,cupy_copy__complex64_complex64
1856457402,2528,9230,103,1,1,128,1,1,16,0.000,0.000,,,,,NVIDIA A100-SXM4-40GB (0),1,,13,cupy_copy__complex64_complex64
1856478810,2112,9237,35,1,1,128,1,1,16,0.000,0.000,,,,,NVIDIA A100-SXM4-40GB (0),1,,13,cupy_copy__complex64_complex64
1856498298,1568,9244,1,1,1,1,1,1,18,0.000,0.000,,,,,NVIDIA A100-SXM4-40GB (0),1,,13,cupy_copy__float32_float32
1856635800,78239,9255,1,1,1,32,32,1,30,0.000,0.000,,,,,NVIDIA A100-SXM4-40GB (0),1,,13,"void convert_kernel<__half2, float2>(tensor_layout_any, T1 *, tensor_layout_any, const T2 *)"
1856746935,11744,9258,,,,,,,,,,0.061,5231.555,Pinned,Device,NVIDIA A100-SXM4-40GB (0),1,,13,[CUDA memcpy Host-to-Device]
1856763895,3264,9259,,,,,,,,,,1.547,473842.288,Device,,NVIDIA A100-SXM4-40GB (0),1,,13,[CUDA memset]
1856770103,6688,9264,,,,,,,,,,0.021,3148.314,Pinned,Device,NVIDIA A100-SXM4-40GB (0),1,,13,[CUDA memcpy Host-to-Device]
1856779350,23552,9265,,,,,,,,,,0.131,5565.186,Pinned,Device,NVIDIA A100-SXM4-40GB (0),1,,13,[CUDA memcpy Host-to-Device]
1856812438,6080,9266,273,1,1,8,4,1,39,0.002,0.000,,,,,NVIDIA A100-SXM4-40GB (0),1,,13,"void channel_eq::eqMmseCoefCompLowMimoKernel<float, float, float, (unsigned int)4, (unsigned int)1, (unsigned int)4>(const channel_eq::_puschRxChEqStatDescr *, channel_eq::_puschRxChEqCoefCompDynDescr)"
1856819606,5248,9267,273,1,1,12,11,1,40,0.002,0.000,,,,,NVIDIA A100-SXM4-40GB (0),1,,13,"void channel_eq::eqMmseSoftDemapKernel<float, __half, __half, float, (unsigned int)4, (unsigned short)16383>(channel_eq::_puschRxChEqStatDescr *, channel_eq::_puschRxChEqSoftDemapDynDescr)"
1856825910,281501,9268,1,1,1,32,32,1,30,0.000,0.000,,,,,NVIDIA A100-SXM4-40GB (0),1,,13,"void convert_kernel<float2, __half2>(tensor_layout_any, T1 *, tensor_layout_any, const T2 *)"
1857108371,12256,9280,2253,1,1,128,1,1,16,0.000,0.000,,,,,NVIDIA A100-SXM4-40GB (0),1,,13,cupy_copy__float16_float16
1857121683,2592,9289,282,1,1,128,1,1,16,0.000,0.000,,,,,NVIDIA A100-SXM4-40GB (0),1,,13,cupy_copy__complex64_complex64
1857125267,1856,9298,26,1,1,128,1,1,16,0.000,0.000,,,,,NVIDIA A100-SXM4-40GB (0),1,,13,cupy_copy__float32_float32
1857128051,2848,9307,103,1,1,128,1,1,16,0.000,0.000,,,,,NVIDIA A100-SXM4-40GB (0),1,,13,cupy_copy__complex64_complex64
1857131859,14047,9317,1434,1,1,128,1,1,16,0.000,0.000,,,,,NVIDIA A100-SXM4-40GB (0),1,,13,cupy_copy__complex64_complex64
1857150578,79711,9322,1,1,1,32,32,1,30,0.000,0.000,,,,,NVIDIA A100-SXM4-40GB (0),1,,13,"void convert_kernel<__half2, float2>(tensor_layout_any, T1 *, tensor_layout_any, const T2 *)"
1857258385,11680,9325,,,,,,,,,,0.061,5260.247,Pinned,Device,NVIDIA A100-SXM4-40GB (0),1,,13,[CUDA memcpy Host-to-Device]
1857280401,587865,9326,,,,,,,,,,456.520,776541.336,Device,,NVIDIA A100-SXM4-40GB (0),1,,13,[CUDA memset]
1857868938,131583,9331,,,,,,,,,,0.825,6271.789,Pinned,Device,NVIDIA A100-SXM4-40GB (0),1,,13,[CUDA memcpy Host-to-Device]
1858003721,22687,9332,,,,,,,,,,0.131,5777.392,Pinned,Device,NVIDIA A100-SXM4-40GB (0),1,,13,[CUDA memcpy Host-to-Device]
1858036104,7328,9333,69,4,1,48,1,1,76,0.002,0.000,,,,,NVIDIA A100-SXM4-40GB (0),1,,13,"void ch_est::windowedChEstPreNoDftSOfdmKernel<float, __half, float, (unsigned int)2, (unsigned int)1, (unsigned short)4>(ch_est::puschRxChEstStatDescr_t *, ch_est::puschRxChEstDynDescr_t *)"
1858045096,5920,9334,137,2,1,24,2,1,44,0.001,0.001,,,,,NVIDIA A100-SXM4-40GB (0),1,,13,"void ch_est::chEstFilterNoDftSOfdmDispatchKernel<float, __half, float, (unsigned int)2>(ch_est::puschRxChEstStatDescr_t *, ch_est::puschRxChEstDynDescr_t *)"
1858052104,4736,9335,137,2,1,24,2,1,44,0.001,0.001,,,,,NVIDIA A100-SXM4-40GB (0),1,,13,"void ch_est::chEstFilterNoDftSOfdmDispatchKernel<float, __half, float, (unsigned int)2>(ch_est::puschRxChEstStatDescr_t *, ch_est::puschRxChEstDynDescr_t *)"
1858057896,2336,9346,103,1,1,128,1,1,16,0.000,0.000,,,,,NVIDIA A100-SXM4-40GB (0),1,,13,cupy_copy__complex64_complex64
1858061448,15328,9356,1434,1,1,128,1,1,16,0.000,0.000,,,,,NVIDIA A100-SXM4-40GB (0),1,,13,cupy_copy__complex64_complex64
1858077736,2240,9363,103,1,1,128,1,1,16,0.000,0.000,,,,,NVIDIA A100-SXM4-40GB (0),1,,13,cupy_copy__complex64_complex64
1858081192,78815,9370,1,1,1,32,32,1,30,0.000,0.000,,,,,NVIDIA A100-SXM4-40GB (0),1,,13,"void convert_kernel<__half2, float2>(tensor_layout_any, T1 *, tensor_layout_any, const T2 *)"
1858330981,11744,9373,,,,,,,,,,0.061,5231.555,Pinned,Device,NVIDIA A100-SXM4-40GB (0),1,,13,[CUDA memcpy Host-to-Device]
1858352549,46559,9374,,,,,,,,,,35.801,768933.019,Device,,NVIDIA A100-SXM4-40GB (0),1,,13,[CUDA memset]
1858406436,2112,9376,,,,,,,,,,0.000,37.879,Pinned,Device,NVIDIA A100-SXM4-40GB (0),1,,13,[CUDA memcpy Host-to-Device]
1858411812,23136,9377,,,,,,,,,,0.131,5665.194,Pinned,Device,NVIDIA A100-SXM4-40GB (0),1,,13,[CUDA memcpy Host-to-Device]
1858441604,9440,9378,273,1,1,48,1,1,40,0.000,0.001,,,,,NVIDIA A100-SXM4-40GB (0),1,,13,"void pusch_noise_intf_est::noiseIntfEstNoDftSOfdmKernel<float, __half, float, float, (unsigned int)2, (unsigned int)1, (unsigned char)4, (unsigned char)4>(pusch_noise_intf_est::puschRxNoiseIntfEstDynDescr)"
1858452164,2656,9389,35,1,1,128,1,1,16,0.000,0.000,,,,,NVIDIA A100-SXM4-40GB (0),1,,13,cupy_copy__complex64_complex64
1858455972,1568,9398,1,1,1,1,1,1,18,0.000,0.000,,,,,NVIDIA A100-SXM4-40GB (0),1,,13,cupy_copy__float32_float32
1858486371,2432,9404,,,,,,,,,,0.000,1.645,Device,Pageable,NVIDIA A100-SXM4-40GB (0),1,,7,[CUDA memcpy Device-to-Host]
1858546659,15231,9415,1434,1,1,128,1,1,16,0.000,0.000,,,,,NVIDIA A100-SXM4-40GB (0),1,,13,cupy_copy__complex64_complex64
1858574530,2496,9422,103,1,1,128,1,1,16,0.000,0.000,,,,,NVIDIA A100-SXM4-40GB (0),1,,13,cupy_copy__complex64_complex64
1858595618,2112,9429,35,1,1,128,1,1,16,0.000,0.000,,,,,NVIDIA A100-SXM4-40GB (0),1,,13,cupy_copy__complex64_complex64
1858613954,1536,9436,1,1,1,1,1,1,18,0.000,0.000,,,,,NVIDIA A100-SXM4-40GB (0),1,,13,cupy_copy__float32_float32
1858884159,79263,9447,1,1,1,32,32,1,30,0.000,0.000,,,,,NVIDIA A100-SXM4-40GB (0),1,,13,"void convert_kernel<__half2, float2>(tensor_layout_any, T1 *, tensor_layout_any, const T2 *)"
1858995454,12415,9450,,,,,,,,,,0.061,4948.808,Pinned,Device,NVIDIA A100-SXM4-40GB (0),1,,13,[CUDA memcpy Host-to-Device]
1859012797,3392,9451,,,,,,,,,,1.547,455961.768,Device,,NVIDIA A100-SXM4-40GB (0),1,,13,[CUDA memset]
1859019197,6688,9456,,,,,,,,,,0.021,3148.314,Pinned,Device,NVIDIA A100-SXM4-40GB (0),1,,13,[CUDA memcpy Host-to-Device]
1859029181,23008,9457,,,,,,,,,,0.131,5696.782,Pinned,Device,NVIDIA A100-SXM4-40GB (0),1,,13,[CUDA memcpy Host-to-Device]
1859061149,6080,9458,273,1,1,8,4,1,39,0.002,0.000,,,,,NVIDIA A100-SXM4-40GB (0),1,,13,"void channel_eq::eqMmseCoefCompLowMimoKernel<float, float, float, (unsigned int)4, (unsigned int)1, (unsigned int)4>(const channel_eq::_puschRxChEqStatDescr *, channel_eq::_puschRxChEqCoefCompDynDescr)"
1859068285,5280,9459,273,1,1,12,11,1,40,0.002,0.000,,,,,NVIDIA A100-SXM4-40GB (0),1,,13,"void channel_eq::eqMmseSoftDemapKernel<float, __half, __half, float, (unsigned int)4, (unsigned short)16383>(channel_eq::_puschRxChEqStatDescr *, channel_eq::_puschRxChEqSoftDemapDynDescr)"
1859074525,281053,9460,1,1,1,32,32,1,30,0.000,0.000,,,,,NVIDIA A100-SXM4-40GB (0),1,,13,"void convert_kernel<float2, __half2>(tensor_layout_any, T1 *, tensor_layout_any, const T2 *)"
1859356538,12575,9472,2253,1,1,128,1,1,16,0.000,0.000,,,,,NVIDIA A100-SXM4-40GB (0),1,,13,cupy_copy__float16_float16
1859370329,2624,9481,282,1,1,128,1,1,16,0.000,0.000,,,,,NVIDIA A100-SXM4-40GB (0),1,,13,cupy_copy__complex64_complex64
1859373945,1888,9490,26,1,1,128,1,1,16,0.000,0.000,,,,,NVIDIA A100-SXM4-40GB (0),1,,13,cupy_copy__float32_float32
1859376889,2848,9499,103,1,1,128,1,1,16,0.000,0.000,,,,,NVIDIA A100-SXM4-40GB (0),1,,13,cupy_copy__complex64_complex64
1859380729,14080,9509,1434,1,1,128,1,1,16,0.000,0.000,,,,,NVIDIA A100-SXM4-40GB (0),1,,13,cupy_copy__complex64_complex64
1859411065,79359,9514,1,1,1,32,32,1,30,0.000,0.000,,,,,NVIDIA A100-SXM4-40GB (0),1,,13,"void convert_kernel<__half2, float2>(tensor_layout_any, T1 *, tensor_layout_any, const T2 *)"
1859657686,11680,9517,,,,,,,,,,0.061,5260.247,Pinned,Device,NVIDIA A100-SXM4-40GB (0),1,,13,[CUDA memcpy Host-to-Device]
1859674486,588665,9518,,,,,,,,,,456.520,775171.775,Device,,NVIDIA A100-SXM4-40GB (0),1,,13,[CUDA memset]
1860265775,131839,9523,,,,,,,,,,0.825,6260.234,Pinned,Device,NVIDIA A100-SXM4-40GB (0),1,,13,[CUDA memcpy Host-to-Device]
1860399854,22656,9524,,,,,,,,,,0.131,5785.256,Pinned,Device,NVIDIA A100-SXM4-40GB (0),1,,13,[CUDA memcpy Host-to-Device]
1860426093,7968,9525,69,4,1,48,1,1,76,0.002,0.000,,,,,NVIDIA A100-SXM4-40GB (0),1,,13,"void ch_est::windowedChEstPreNoDftSOfdmKernel<float, __half, float, (unsigned int)2, (unsigned int)1, (unsigned short)4>(ch_est::puschRxChEstStatDescr_t *, ch_est::puschRxChEstDynDescr_t *)"
1860435757,5728,9526,137,2,1,24,2,1,44,0.001,0.001,,,,,NVIDIA A100-SXM4-40GB (0),1,,13,"void ch_est::chEstFilterNoDftSOfdmDispatchKernel<float, __half, float, (unsigned int)2>(ch_est::puschRxChEstStatDescr_t *, ch_est::puschRxChEstDynDescr_t *)"
1860442573,4736,9527,137,2,1,24,2,1,44,0.001,0.001,,,,,NVIDIA A100-SXM4-40GB (0),1,,13,"void ch_est::chEstFilterNoDftSOfdmDispatchKernel<float, __half, float, (unsigned int)2>(ch_est::puschRxChEstStatDescr_t *, ch_est::puschRxChEstDynDescr_t *)"
1860448365,2368,9538,103,1,1,128,1,1,16,0.000,0.000,,,,,NVIDIA A100-SXM4-40GB (0),1,,13,cupy_copy__complex64_complex64
1860451757,15392,9548,1434,1,1,128,1,1,16,0.000,0.000,,,,,NVIDIA A100-SXM4-40GB (0),1,,13,cupy_copy__complex64_complex64
1860468173,2304,9555,103,1,1,128,1,1,16,0.000,0.000,,,,,NVIDIA A100-SXM4-40GB (0),1,,13,cupy_copy__complex64_complex64
1860471565,79295,9562,1,1,1,32,32,1,30,0.000,0.000,,,,,NVIDIA A100-SXM4-40GB (0),1,,13,"void convert_kernel<__half2, float2>(tensor_layout_any, T1 *, tensor_layout_any, const T2 *)"
1860582316,11744,9565,,,,,,,,,,0.061,5231.555,Pinned,Device,NVIDIA A100-SXM4-40GB (0),1,,13,[CUDA memcpy Host-to-Device]
1860605291,46112,9566,,,,,,,,,,35.801,776379.619,Device,,NVIDIA A100-SXM4-40GB (0),1,,13,[CUDA memset]
1860656939,2496,9568,,,,,,,,,,0.000,32.051,Pinned,Device,NVIDIA A100-SXM4-40GB (0),1,,13,[CUDA memcpy Host-to-Device]
1860661579,22624,9569,,,,,,,,,,0.131,5793.382,Pinned,Device,NVIDIA A100-SXM4-40GB (0),1,,13,[CUDA memcpy Host-to-Device]
1860692362,9152,9570,273,1,1,48,1,1,40,0.000,0.001,,,,,NVIDIA A100-SXM4-40GB (0),1,,13,"void pusch_noise_intf_est::noiseIntfEstNoDftSOfdmKernel<float, __half, float, float, (unsigned int)2, (unsigned int)1, (unsigned char)4, (unsigned char)4>(pusch_noise_intf_est::puschRxNoiseIntfEstDynDescr)"
1860702634,2592,9581,35,1,1,128,1,1,16,0.000,0.000,,,,,NVIDIA A100-SXM4-40GB (0),1,,13,cupy_copy__complex64_complex64
1860714090,1568,9590,1,1,1,1,1,1,18,0.000,0.000,,,,,NVIDIA A100-SXM4-40GB (0),1,,13,cupy_copy__float32_float32
1860749642,2112,9596,,,,,,,,,,0.000,1.894,Device,Pageable,NVIDIA A100-SXM4-40GB (0),1,,7,[CUDA memcpy Device-to-Host]
1860809193,15392,9607,1434,1,1,128,1,1,16,0.000,0.000,,,,,NVIDIA A100-SXM4-40GB (0),1,,13,cupy_copy__complex64_complex64
1860837001,2464,9614,103,1,1,128,1,1,16,0.000,0.000,,,,,NVIDIA A100-SXM4-40GB (0),1,,13,cupy_copy__complex64_complex64
1860858185,2144,9621,35,1,1,128,1,1,16,0.000,0.000,,,,,NVIDIA A100-SXM4-40GB (0),1,,13,cupy_copy__complex64_complex64
1860876392,1568,9628,1,1,1,1,1,1,18,0.000,0.000,,,,,NVIDIA A100-SXM4-40GB (0),1,,13,cupy_copy__float32_float32
1861011847,78943,9639,1,1,1,32,32,1,30,0.000,0.000,,,,,NVIDIA A100-SXM4-40GB (0),1,,13,"void convert_kernel<__half2, float2>(tensor_layout_any, T1 *, tensor_layout_any, const T2 *)"
1861120198,11936,9642,,,,,,,,,,0.061,5147.443,Pinned,Device,NVIDIA A100-SXM4-40GB (0),1,,13,[CUDA memcpy Host-to-Device]
1861136549,3264,9643,,,,,,,,,,1.547,473842.288,Device,,NVIDIA A100-SXM4-40GB (0),1,,13,[CUDA memset]
1861142469,6240,9648,,,,,,,,,,0.021,3374.350,Pinned,Device,NVIDIA A100-SXM4-40GB (0),1,,13,[CUDA memcpy Host-to-Device]
1861152101,22848,9649,,,,,,,,,,0.131,5736.628,Pinned,Device,NVIDIA A100-SXM4-40GB (0),1,,13,[CUDA memcpy Host-to-Device]
1861183877,6048,9650,273,1,1,8,4,1,39,0.002,0.000,,,,,NVIDIA A100-SXM4-40GB (0),1,,13,"void channel_eq::eqMmseCoefCompLowMimoKernel<float, float, float, (unsigned int)4, (unsigned int)1, (unsigned int)4>(const channel_eq::_puschRxChEqStatDescr *, channel_eq::_puschRxChEqCoefCompDynDescr)"
1861191013,5184,9651,273,1,1,12,11,1,40,0.002,0.000,,,,,NVIDIA A100-SXM4-40GB (0),1,,13,"void channel_eq::eqMmseSoftDemapKernel<float, __half, __half, float, (unsigned int)4, (unsigned short)16383>(channel_eq::_puschRxChEqStatDescr *, channel_eq::_puschRxChEqSoftDemapDynDescr)"
1861197253,281821,9652,1,1,1,32,32,1,30,0.000,0.000,,,,,NVIDIA A100-SXM4-40GB (0),1,,13,"void convert_kernel<float2, __half2>(tensor_layout_any, T1 *, tensor_layout_any, const T2 *)"
1861480226,12607,9664,2253,1,1,128,1,1,16,0.000,0.000,,,,,NVIDIA A100-SXM4-40GB (0),1,,13,cupy_copy__float16_float16
1861494049,2592,9673,282,1,1,128,1,1,16,0.000,0.000,,,,,NVIDIA A100-SXM4-40GB (0),1,,13,cupy_copy__complex64_complex64
1861497633,1824,9682,26,1,1,128,1,1,16,0.000,0.000,,,,,NVIDIA A100-SXM4-40GB (0),1,,13,cupy_copy__float32_float32
1861500673,2880,9691,103,1,1,128,1,1,16,0.000,0.000,,,,,NVIDIA A100-SXM4-40GB (0),1,,13,cupy_copy__complex64_complex64
1861504513,14080,9701,1434,1,1,128,1,1,16,0.000,0.000,,,,,NVIDIA A100-SXM4-40GB (0),1,,13,cupy_copy__complex64_complex64
1861536001,79583,9706,1,1,1,32,32,1,30,0.000,0.000,,,,,NVIDIA A100-SXM4-40GB (0),1,,13,"void convert_kernel<__half2, float2>(tensor_layout_any, T1 *, tensor_layout_any, const T2 *)"
1861643872,11968,9709,,,,,,,,,,0.061,5133.681,Pinned,Device,NVIDIA A100-SXM4-40GB (0),1,,13,[CUDA memcpy Host-to-Device]
1861666144,587641,9710,,,,,,,,,,456.520,776541.336,Device,,NVIDIA A100-SXM4-40GB (0),1,,13,[CUDA memset]
1862259481,131614,9715,,,,,,,,,,0.825,6270.138,Pinned,Device,NVIDIA A100-SXM4-40GB (0),1,,13,[CUDA memcpy Host-to-Device]
1862394743,22688,9716,,,,,,,,,,0.131,5777.129,Pinned,Device,NVIDIA A100-SXM4-40GB (0),1,,13,[CUDA memcpy Host-to-Device]
1862427991,7104,9717,69,4,1,48,1,1,76,0.002,0.000,,,,,NVIDIA A100-SXM4-40GB (0),1,,13,"void ch_est::windowedChEstPreNoDftSOfdmKernel<float, __half, float, (unsigned int)2, (unsigned int)1, (unsigned short)4>(ch_est::puschRxChEstStatDescr_t *, ch_est::puschRxChEstDynDescr_t *)"
1862436823,5760,9718,137,2,1,24,2,1,44,0.001,0.001,,,,,NVIDIA A100-SXM4-40GB (0),1,,13,"void ch_est::chEstFilterNoDftSOfdmDispatchKernel<float, __half, float, (unsigned int)2>(ch_est::puschRxChEstStatDescr_t *, ch_est::puschRxChEstDynDescr_t *)"
1862443671,4704,9719,137,2,1,24,2,1,44,0.001,0.001,,,,,NVIDIA A100-SXM4-40GB (0),1,,13,"void ch_est::chEstFilterNoDftSOfdmDispatchKernel<float, __half, float, (unsigned int)2>(ch_est::puschRxChEstStatDescr_t *, ch_est::puschRxChEstDynDescr_t *)"
1862449495,2336,9730,103,1,1,128,1,1,16,0.000,0.000,,,,,NVIDIA A100-SXM4-40GB (0),1,,13,cupy_copy__complex64_complex64
1862452855,15136,9740,1434,1,1,128,1,1,16,0.000,0.000,,,,,NVIDIA A100-SXM4-40GB (0),1,,13,cupy_copy__complex64_complex64
1862468918,2272,9747,103,1,1,128,1,1,16,0.000,0.000,,,,,NVIDIA A100-SXM4-40GB (0),1,,13,cupy_copy__complex64_complex64
1862472214,79200,9754,1,1,1,32,32,1,30,0.000,0.000,,,,,NVIDIA A100-SXM4-40GB (0),1,,13,"void convert_kernel<__half2, float2>(tensor_layout_any, T1 *, tensor_layout_any, const T2 *)"
1862579925,12256,9757,,,,,,,,,,0.061,5013.012,Pinned,Device,NVIDIA A100-SXM4-40GB (0),1,,13,[CUDA memcpy Host-to-Device]
1862602069,46335,9758,,,,,,,,,,35.801,772620.518,Device,,NVIDIA A100-SXM4-40GB (0),1,,13,[CUDA memset]
1862649908,2176,9760,,,,,,,,,,0.000,36.765,Pinned,Device,NVIDIA A100-SXM4-40GB (0),1,,13,[CUDA memcpy Host-to-Device]
1862654228,23360,9761,,,,,,,,,,0.131,5610.930,Pinned,Device,NVIDIA A100-SXM4-40GB (0),1,,13,[CUDA memcpy Host-to-Device]
1862688084,8736,9762,273,1,1,48,1,1,40,0.000,0.001,,,,,NVIDIA A100-SXM4-40GB (0),1,,13,"void pusch_noise_intf_est::noiseIntfEstNoDftSOfdmKernel<float, __half, float, float, (unsigned int)2, (unsigned int)1, (unsigned char)4, (unsigned char)4>(pusch_noise_intf_est::puschRxNoiseIntfEstDynDescr)"
1862697876,2624,9773,35,1,1,128,1,1,16,0.000,0.000,,,,,NVIDIA A100-SXM4-40GB (0),1,,13,cupy_copy__complex64_complex64
1862707188,1568,9782,1,1,1,1,1,1,18,0.000,0.000,,,,,NVIDIA A100-SXM4-40GB (0),1,,13,cupy_copy__float32_float32
1862741747,1632,9788,,,,,,,,,,0.000,2.451,Device,Pageable,NVIDIA A100-SXM4-40GB (0),1,,7,[CUDA memcpy Device-to-Host]
1862800691,15360,9799,1434,1,1,128,1,1,16,0.000,0.000,,,,,NVIDIA A100-SXM4-40GB (0),1,,13,cupy_copy__complex64_complex64
1862827986,2528,9806,103,1,1,128,1,1,16,0.000,0.000,,,,,NVIDIA A100-SXM4-40GB (0),1,,13,cupy_copy__complex64_complex64
1862849554,2080,9813,35,1,1,128,1,1,16,0.000,0.000,,,,,NVIDIA A100-SXM4-40GB (0),1,,13,cupy_copy__complex64_complex64
1862868498,1536,9820,1,1,1,1,1,1,18,0.000,0.000,,,,,NVIDIA A100-SXM4-40GB (0),1,,13,cupy_copy__float32_float32
1863002064,79616,9831,1,1,1,32,32,1,30,0.000,0.000,,,,,NVIDIA A100-SXM4-40GB (0),1,,13,"void convert_kernel<__half2, float2>(tensor_layout_any, T1 *, tensor_layout_any, const T2 *)"
1863110447,11712,9834,,,,,,,,,,0.061,5245.870,Pinned,Device,NVIDIA A100-SXM4-40GB (0),1,,13,[CUDA memcpy Host-to-Device]
1863127247,3328,9835,,,,,,,,,,1.547,464729.580,Device,,NVIDIA A100-SXM4-40GB (0),1,,13,[CUDA memset]
1863133071,6496,9840,,,,,,,,,,0.021,3241.361,Pinned,Device,NVIDIA A100-SXM4-40GB (0),1,,13,[CUDA memcpy Host-to-Device]
1863142671,22880,9841,,,,,,,,,,0.131,5728.633,Pinned,Device,NVIDIA A100-SXM4-40GB (0),1,,13,[CUDA memcpy Host-to-Device]
1863175535,6015,9842,273,1,1,8,4,1,39,0.002,0.000,,,,,NVIDIA A100-SXM4-40GB (0),1,,13,"void channel_eq::eqMmseCoefCompLowMimoKernel<float, float, float, (unsigned int)4, (unsigned int)1, (unsigned int)4>(const channel_eq::_puschRxChEqStatDescr *, channel_eq::_puschRxChEqCoefCompDynDescr)"
1863182478,5184,9843,273,1,1,12,11,1,40,0.002,0.000,,,,,NVIDIA A100-SXM4-40GB (0),1,,13,"void channel_eq::eqMmseSoftDemapKernel<float, __half, __half, float, (unsigned int)4, (unsigned short)16383>(channel_eq::_puschRxChEqStatDescr *, channel_eq::_puschRxChEqSoftDemapDynDescr)"
1863188718,281533,9844,1,1,1,32,32,1,30,0.000,0.000,,,,,NVIDIA A100-SXM4-40GB (0),1,,13,"void convert_kernel<float2, __half2>(tensor_layout_any, T1 *, tensor_layout_any, const T2 *)"
1863471307,12352,9856,2253,1,1,128,1,1,16,0.000,0.000,,,,,NVIDIA A100-SXM4-40GB (0),1,,13,cupy_copy__float16_float16
1863484683,2656,9865,282,1,1,128,1,1,16,0.000,0.000,,,,,NVIDIA A100-SXM4-40GB (0),1,,13,cupy_copy__complex64_complex64
1863488331,1888,9874,26,1,1,128,1,1,16,0.000,0.000,,,,,NVIDIA A100-SXM4-40GB (0),1,,13,cupy_copy__float32_float32
1863491275,2848,9883,103,1,1,128,1,1,16,0.000,0.000,,,,,NVIDIA A100-SXM4-40GB (0),1,,13,cupy_copy__complex64_complex64
1863546346,13984,9899,1434,1,1,128,1,1,16,0.000,0.000,,,,,NVIDIA A100-SXM4-40GB (0),1,,13,cupy_copy__complex64_complex64
1863663657,79039,9904,1,1,1,32,32,1,30,0.000,0.000,,,,,NVIDIA A100-SXM4-40GB (0),1,,13,"void convert_kernel<__half2, float2>(tensor_layout_any, T1 *, tensor_layout_any, const T2 *)"
1863911782,11840,9907,,,,,,,,,,0.061,5189.161,Pinned,Device,NVIDIA A100-SXM4-40GB (0),1,,13,[CUDA memcpy Host-to-Device]
1863929094,588601,9908,,,,,,,,,,456.520,775171.775,Device,,NVIDIA A100-SXM4-40GB (0),1,,13,[CUDA memset]
1864520415,131615,9913,,,,,,,,,,0.825,6270.138,Pinned,Device,NVIDIA A100-SXM4-40GB (0),1,,13,[CUDA memcpy Host-to-Device]
1864654558,23360,9914,,,,,,,,,,0.131,5610.930,Pinned,Device,NVIDIA A100-SXM4-40GB (0),1,,13,[CUDA memcpy Host-to-Device]
1864686910,7263,9915,69,4,1,48,1,1,76,0.002,0.000,,,,,NVIDIA A100-SXM4-40GB (0),1,,13,"void ch_est::windowedChEstPreNoDftSOfdmKernel<float, __half, float, (unsigned int)2, (unsigned int)1, (unsigned short)4>(ch_est::puschRxChEstStatDescr_t *, ch_est::puschRxChEstDynDescr_t *)"
1864695965,5824,9916,137,2,1,24,2,1,44,0.001,0.001,,,,,NVIDIA A100-SXM4-40GB (0),1,,13,"void ch_est::chEstFilterNoDftSOfdmDispatchKernel<float, __half, float, (unsigned int)2>(ch_est::puschRxChEstStatDescr_t *, ch_est::puschRxChEstDynDescr_t *)"
1864702717,4736,9917,137,2,1,24,2,1,44,0.001,0.001,,,,,NVIDIA A100-SXM4-40GB (0),1,,13,"void ch_est::chEstFilterNoDftSOfdmDispatchKernel<float, __half, float, (unsigned int)2>(ch_est::puschRxChEstStatDescr_t *, ch_est::puschRxChEstDynDescr_t *)"
1864708445,2720,9928,103,1,1,128,1,1,16,0.000,0.000,,,,,NVIDIA A100-SXM4-40GB (0),1,,13,cupy_copy__complex64_complex64
1864712221,15296,9938,1434,1,1,128,1,1,16,0.000,0.000,,,,,NVIDIA A100-SXM4-40GB (0),1,,13,cupy_copy__complex64_complex64
1864728541,2272,9945,103,1,1,128,1,1,16,0.000,0.000,,,,,NVIDIA A100-SXM4-40GB (0),1,,13,cupy_copy__complex64_complex64
1864732029,79167,9952,1,1,1,32,32,1,30,0.000,0.000,,,,,NVIDIA A100-SXM4-40GB (0),1,,13,"void convert_kernel<__half2, float2>(tensor_layout_any, T1 *, tensor_layout_any, const T2 *)"
1864845276,11712,9955,,,,,,,,,,0.061,5245.870,Pinned,Device,NVIDIA A100-SXM4-40GB (0),1,,13,[CUDA memcpy Host-to-Device]
1864868156,46175,9956,,,,,,,,,,35.801,775305.590,Device,,NVIDIA A100-SXM4-40GB (0),1,,13,[CUDA memset]
1864922075,2080,9958,,,,,,,,,,0.000,38.462,Pinned,Device,NVIDIA A100-SXM4-40GB (0),1,,13,[CUDA memcpy Host-to-Device]
1864926299,22656,9959,,,,,,,,,,0.131,5785.256,Pinned,Device,NVIDIA A100-SXM4-40GB (0),1,,13,[CUDA memcpy Host-to-Device]
1864958298,9024,9960,273,1,1,48,1,1,40,0.000,0.001,,,,,NVIDIA A100-SXM4-40GB (0),1,,13,"void pusch_noise_intf_est::noiseIntfEstNoDftSOfdmKernel<float, __half, float, float, (unsigned int)2, (unsigned int)1, (unsigned char)4, (unsigned char)4>(pusch_noise_intf_est::puschRxNoiseIntfEstDynDescr)"
1864968282,2656,9971,35,1,1,128,1,1,16,0.000,0.000,,,,,NVIDIA A100-SXM4-40GB (0),1,,13,cupy_copy__complex64_complex64
1864982298,1568,9980,1,1,1,1,1,1,18,0.000,0.000,,,,,NVIDIA A100-SXM4-40GB (0),1,,13,cupy_copy__float32_float32
1865018554,2208,9986,,,,,,,,,,0.000,1.812,Device,Pageable,NVIDIA A100-SXM4-40GB (0),1,,7,[CUDA memcpy Device-to-Host]
1865079065,15072,9997,1434,1,1,128,1,1,16,0.000,0.000,,,,,NVIDIA A100-SXM4-40GB (0),1,,13,cupy_copy__complex64_complex64
1865106425,2496,10004,103,1,1,128,1,1,16,0.000,0.000,,,,,NVIDIA A100-SXM4-40GB (0),1,,13,cupy_copy__complex64_complex64
1865127673,2144,10011,35,1,1,128,1,1,16,0.000,0.000,,,,,NVIDIA A100-SXM4-40GB (0),1,,13,cupy_copy__complex64_complex64
1865146520,1568,10018,1,1,1,1,1,1,18,0.000,0.000,,,,,NVIDIA A100-SXM4-40GB (0),1,,13,cupy_copy__float32_float32
1865283959,79679,10029,1,1,1,32,32,1,30,0.000,0.000,,,,,NVIDIA A100-SXM4-40GB (0),1,,13,"void convert_kernel<__half2, float2>(tensor_layout_any, T1 *, tensor_layout_any, const T2 *)"
1865542836,11840,10032,,,,,,,,,,0.061,5189.161,Pinned,Device,NVIDIA A100-SXM4-40GB (0),1,,13,[CUDA memcpy Host-to-Device]
1865562772,3296,10033,,,,,,,,,,1.547,469242.628,Device,,NVIDIA A100-SXM4-40GB (0),1,,13,[CUDA memset]
1865571988,6688,10038,,,,,,,,,,0.021,3148.314,Pinned,Device,NVIDIA A100-SXM4-40GB (0),1,,13,[CUDA memcpy Host-to-Device]
1865581203,22720,10039,,,,,,,,,,0.131,5769.003,Pinned,Device,NVIDIA A100-SXM4-40GB (0),1,,13,[CUDA memcpy Host-to-Device]
1865612595,6080,10040,273,1,1,8,4,1,39,0.002,0.000,,,,,NVIDIA A100-SXM4-40GB (0),1,,13,"void channel_eq::eqMmseCoefCompLowMimoKernel<float, float, float, (unsigned int)4, (unsigned int)1, (unsigned int)4>(const channel_eq::_puschRxChEqStatDescr *, channel_eq::_puschRxChEqCoefCompDynDescr)"
1865619763,5216,10041,273,1,1,12,11,1,40,0.002,0.000,,,,,NVIDIA A100-SXM4-40GB (0),1,,13,"void channel_eq::eqMmseSoftDemapKernel<float, __half, __half, float, (unsigned int)4, (unsigned short)16383>(channel_eq::_puschRxChEqStatDescr *, channel_eq::_puschRxChEqSoftDemapDynDescr)"
1865626067,280509,10042,1,1,1,32,32,1,30,0.000,0.000,,,,,NVIDIA A100-SXM4-40GB (0),1,,13,"void convert_kernel<float2, __half2>(tensor_layout_any, T1 *, tensor_layout_any, const T2 *)"
1865907536,12320,10054,2253,1,1,128,1,1,16,0.000,0.000,,,,,NVIDIA A100-SXM4-40GB (0),1,,13,cupy_copy__float16_float16
1865920848,2592,10063,282,1,1,128,1,1,16,0.000,0.000,,,,,NVIDIA A100-SXM4-40GB (0),1,,13,cupy_copy__complex64_complex64
1865924432,1856,10072,26,1,1,128,1,1,16,0.000,0.000,,,,,NVIDIA A100-SXM4-40GB (0),1,,13,cupy_copy__float32_float32
1865927216,2848,10081,103,1,1,128,1,1,16,0.000,0.000,,,,,NVIDIA A100-SXM4-40GB (0),1,,13,cupy_copy__complex64_complex64
1865931056,13887,10091,1434,1,1,128,1,1,16,0.000,0.000,,,,,NVIDIA A100-SXM4-40GB (0),1,,13,cupy_copy__complex64_complex64
1866072174,80799,10096,1,1,1,32,32,1,30,0.000,0.000,,,,,NVIDIA A100-SXM4-40GB (0),1,,13,"void convert_kernel<__half2, float2>(tensor_layout_any, T1 *, tensor_layout_any, const T2 *)"
1866184813,11872,10099,,,,,,,,,,0.061,5175.153,Pinned,Device,NVIDIA A100-SXM4-40GB (0),1,,13,[CUDA memcpy Host-to-Device]
1866206508,587802,10100,,,,,,,,,,456.520,776541.336,Device,,NVIDIA A100-SXM4-40GB (0),1,,13,[CUDA memset]
1866799846,131678,10105,,,,,,,,,,0.825,6267.662,Pinned,Device,NVIDIA A100-SXM4-40GB (0),1,,13,[CUDA memcpy Host-to-Device]
1866933668,22656,10106,,,,,,,,,,0.131,5785.256,Pinned,Device,NVIDIA A100-SXM4-40GB (0),1,,13,[CUDA memcpy Host-to-Device]
1866961188,7232,10107,69,4,1,48,1,1,76,0.002,0.000,,,,,NVIDIA A100-SXM4-40GB (0),1,,13,"void ch_est::windowedChEstPreNoDftSOfdmKernel<float, __half, float, (unsigned int)2, (unsigned int)1, (unsigned short)4>(ch_est::puschRxChEstStatDescr_t *, ch_est::puschRxChEstDynDescr_t *)"
1866969988,5984,10108,137,2,1,24,2,1,44,0.001,0.001,,,,,NVIDIA A100-SXM4-40GB (0),1,,13,"void ch_est::chEstFilterNoDftSOfdmDispatchKernel<float, __half, float, (unsigned int)2>(ch_est::puschRxChEstStatDescr_t *, ch_est::puschRxChEstDynDescr_t *)"
1866976900,4736,10109,137,2,1,24,2,1,44,0.001,0.001,,,,,NVIDIA A100-SXM4-40GB (0),1,,13,"void ch_est::chEstFilterNoDftSOfdmDispatchKernel<float, __half, float, (unsigned int)2>(ch_est::puschRxChEstStatDescr_t *, ch_est::puschRxChEstDynDescr_t *)"
1866982724,2336,10120,103,1,1,128,1,1,16,0.000,0.000,,,,,NVIDIA A100-SXM4-40GB (0),1,,13,cupy_copy__complex64_complex64
1866985956,15168,10130,1434,1,1,128,1,1,16,0.000,0.000,,,,,NVIDIA A100-SXM4-40GB (0),1,,13,cupy_copy__complex64_complex64
1867002340,2271,10137,103,1,1,128,1,1,16,0.000,0.000,,,,,NVIDIA A100-SXM4-40GB (0),1,,13,cupy_copy__complex64_complex64
1867005795,78752,10144,1,1,1,32,32,1,30,0.000,0.000,,,,,NVIDIA A100-SXM4-40GB (0),1,,13,"void convert_kernel<__half2, float2>(tensor_layout_any, T1 *, tensor_layout_any, const T2 *)"
1867113442,11712,10147,,,,,,,,,,0.061,5245.870,Pinned,Device,NVIDIA A100-SXM4-40GB (0),1,,13,[CUDA memcpy Host-to-Device]
1867135266,45791,10148,,,,,,,,,,35.801,781821.364,Device,,NVIDIA A100-SXM4-40GB (0),1,,13,[CUDA memset]
1867188929,2080,10150,,,,,,,,,,0.000,38.462,Pinned,Device,NVIDIA A100-SXM4-40GB (0),1,,13,[CUDA memcpy Host-to-Device]
1867193153,22656,10151,,,,,,,,,,0.131,5785.256,Pinned,Device,NVIDIA A100-SXM4-40GB (0),1,,13,[CUDA memcpy Host-to-Device]
1867224385,8480,10152,273,1,1,48,1,1,40,0.000,0.001,,,,,NVIDIA A100-SXM4-40GB (0),1,,13,"void pusch_noise_intf_est::noiseIntfEstNoDftSOfdmKernel<float, __half, float, float, (unsigned int)2, (unsigned int)1, (unsigned char)4, (unsigned char)4>(pusch_noise_intf_est::puschRxNoiseIntfEstDynDescr)"
1867233921,2624,10163,35,1,1,128,1,1,16,0.000,0.000,,,,,NVIDIA A100-SXM4-40GB (0),1,,13,cupy_copy__complex64_complex64
1867237857,1568,10172,1,1,1,1,1,1,18,0.000,0.000,,,,,NVIDIA A100-SXM4-40GB (0),1,,13,cupy_copy__float32_float32
1867273344,1984,10178,,,,,,,,,,0.000,2.016,Device,Pageable,NVIDIA A100-SXM4-40GB (0),1,,7,[CUDA memcpy Device-to-Host]
1867332448,15424,10189,1434,1,1,128,1,1,16,0.000,0.000,,,,,NVIDIA A100-SXM4-40GB (0),1,,13,cupy_copy__complex64_complex64
1867360735,2528,10196,103,1,1,128,1,1,16,0.000,0.000,,,,,NVIDIA A100-SXM4-40GB (0),1,,13,cupy_copy__complex64_complex64
1867382847,2080,10203,35,1,1,128,1,1,16,0.000,0.000,,,,,NVIDIA A100-SXM4-40GB (0),1,,13,cupy_copy__complex64_complex64
1867401887,1536,10210,1,1,1,1,1,1,18,0.000,0.000,,,,,NVIDIA A100-SXM4-40GB (0),1,,13,cupy_copy__float32_float32
1867537085,79104,10221,1,1,1,32,32,1,30,0.000,0.000,,,,,NVIDIA A100-SXM4-40GB (0),1,,13,"void convert_kernel<__half2, float2>(tensor_layout_any, T1 *, tensor_layout_any, const T2 *)"
1867645052,11744,10224,,,,,,,,,,0.061,5231.555,Pinned,Device,NVIDIA A100-SXM4-40GB (0),1,,13,[CUDA memcpy Host-to-Device]
1867662108,3360,10225,,,,,,,,,,1.547,460304.688,Device,,NVIDIA A100-SXM4-40GB (0),1,,13,[CUDA memset]
1867667644,6432,10230,,,,,,,,,,0.021,3273.618,Pinned,Device,NVIDIA A100-SXM4-40GB (0),1,,13,[CUDA memcpy Host-to-Device]
1867677340,22976,10231,,,,,,,,,,0.131,5704.647,Pinned,Device,NVIDIA A100-SXM4-40GB (0),1,,13,[CUDA memcpy Host-to-Device]
1867709756,6047,10232,273,1,1,8,4,1,39,0.002,0.000,,,,,NVIDIA A100-SXM4-40GB (0),1,,13,"void channel_eq::eqMmseCoefCompLowMimoKernel<float, float, float, (unsigned int)4, (unsigned int)1, (unsigned int)4>(const channel_eq::_puschRxChEqStatDescr *, channel_eq::_puschRxChEqCoefCompDynDescr)"
1867716891,5088,10233,273,1,1,12,11,1,40,0.002,0.000,,,,,NVIDIA A100-SXM4-40GB (0),1,,13,"void channel_eq::eqMmseSoftDemapKernel<float, __half, __half, float, (unsigned int)4, (unsigned short)16383>(channel_eq::_puschRxChEqStatDescr *, channel_eq::_puschRxChEqSoftDemapDynDescr)"
1867723227,281053,10234,1,1,1,32,32,1,30,0.000,0.000,,,,,NVIDIA A100-SXM4-40GB (0),1,,13,"void convert_kernel<float2, __half2>(tensor_layout_any, T1 *, tensor_layout_any, const T2 *)"
1868005208,12608,10246,2253,1,1,128,1,1,16,0.000,0.000,,,,,NVIDIA A100-SXM4-40GB (0),1,,13,cupy_copy__float16_float16
1868019032,2592,10255,282,1,1,128,1,1,16,0.000,0.000,,,,,NVIDIA A100-SXM4-40GB (0),1,,13,cupy_copy__complex64_complex64
1868022616,1888,10264,26,1,1,128,1,1,16,0.000,0.000,,,,,NVIDIA A100-SXM4-40GB (0),1,,13,cupy_copy__float32_float32
1868025560,2880,10273,103,1,1,128,1,1,16,0.000,0.000,,,,,NVIDIA A100-SXM4-40GB (0),1,,13,cupy_copy__complex64_complex64
1868029432,13984,10283,1434,1,1,128,1,1,16,0.000,0.000,,,,,NVIDIA A100-SXM4-40GB (0),1,,13,cupy_copy__complex64_complex64
1868045272,79231,10288,1,1,1,32,32,1,30,0.000,0.000,,,,,NVIDIA A100-SXM4-40GB (0),1,,13,"void convert_kernel<__half2, float2>(tensor_layout_any, T1 *, tensor_layout_any, const T2 *)"
1868152279,11711,10291,,,,,,,,,,0.061,5246.300,Pinned,Device,NVIDIA A100-SXM4-40GB (0),1,,13,[CUDA memcpy Host-to-Device]
1868174614,587418,10292,,,,,,,,,,456.520,776997.857,Device,,NVIDIA A100-SXM4-40GB (0),1,,13,[CUDA memset]
1868768976,131966,10297,,,,,,,,,,0.825,6253.631,Pinned,Device,NVIDIA A100-SXM4-40GB (0),1,,13,[CUDA memcpy Host-to-Device]
1868903726,22624,10298,,,,,,,,,,0.131,5793.382,Pinned,Device,NVIDIA A100-SXM4-40GB (0),1,,13,[CUDA memcpy Host-to-Device]
1868934446,7616,10299,69,4,1,48,1,1,76,0.002,0.000,,,,,NVIDIA A100-SXM4-40GB (0),1,,13,"void ch_est::windowedChEstPreNoDftSOfdmKernel<float, __half, float, (unsigned int)2, (unsigned int)1, (unsigned short)4>(ch_est::puschRxChEstStatDescr_t *, ch_est::puschRxChEstDynDescr_t *)"
1868943726,5824,10300,137,2,1,24,2,1,44,0.001,0.001,,,,,NVIDIA A100-SXM4-40GB (0),1,,13,"void ch_est::chEstFilterNoDftSOfdmDispatchKernel<float, __half, float, (unsigned int)2>(ch_est::puschRxChEstStatDescr_t *, ch_est::puschRxChEstDynDescr_t *)"
1868950638,4704,10301,137,2,1,24,2,1,44,0.001,0.001,,,,,NVIDIA A100-SXM4-40GB (0),1,,13,"void ch_est::chEstFilterNoDftSOfdmDispatchKernel<float, __half, float, (unsigned int)2>(ch_est::puschRxChEstStatDescr_t *, ch_est::puschRxChEstDynDescr_t *)"
1868956430,2367,10312,103,1,1,128,1,1,16,0.000,0.000,,,,,NVIDIA A100-SXM4-40GB (0),1,,13,cupy_copy__complex64_complex64
1868959789,15328,10322,1434,1,1,128,1,1,16,0.000,0.000,,,,,NVIDIA A100-SXM4-40GB (0),1,,13,cupy_copy__complex64_complex64
1868976205,2304,10329,103,1,1,128,1,1,16,0.000,0.000,,,,,NVIDIA A100-SXM4-40GB (0),1,,13,cupy_copy__complex64_complex64
1868979597,78943,10336,1,1,1,32,32,1,30,0.000,0.000,,,,,NVIDIA A100-SXM4-40GB (0),1,,13,"void convert_kernel<__half2, float2>(tensor_layout_any, T1 *, tensor_layout_any, const T2 *)"
1869087148,12416,10339,,,,,,,,,,0.061,4948.439,Pinned,Device,NVIDIA A100-SXM4-40GB (0),1,,13,[CUDA memcpy Host-to-Device]
1869109516,46047,10340,,,,,,,,,,35.801,777453.647,Device,,NVIDIA A100-SXM4-40GB (0),1,,13,[CUDA memset]
1869162155,2080,10342,,,,,,,,,,0.000,38.462,Pinned,Device,NVIDIA A100-SXM4-40GB (0),1,,13,[CUDA memcpy Host-to-Device]
1869166379,23456,10343,,,,,,,,,,0.131,5587.993,Pinned,Device,NVIDIA A100-SXM4-40GB (0),1,,13,[CUDA memcpy Host-to-Device]
1869196587,8672,10344,273,1,1,48,1,1,40,0.000,0.001,,,,,NVIDIA A100-SXM4-40GB (0),1,,13,"void pusch_noise_intf_est::noiseIntfEstNoDftSOfdmKernel<float, __half, float, float, (unsigned int)2, (unsigned int)1, (unsigned char)4, (unsigned char)4>(pusch_noise_intf_est::puschRxNoiseIntfEstDynDescr)"
1869206475,2720,10355,35,1,1,128,1,1,16,0.000,0.000,,,,,NVIDIA A100-SXM4-40GB (0),1,,13,cupy_copy__complex64_complex64
1869210219,1600,10364,1,1,1,1,1,1,18,0.000,0.000,,,,,NVIDIA A100-SXM4-40GB (0),1,,13,cupy_copy__float32_float32
1869244970,1632,10370,,,,,,,,,,0.000,2.451,Device,Pageable,NVIDIA A100-SXM4-40GB (0),1,,7,[CUDA memcpy Device-to-Host]
1869304202,15071,10381,1434,1,1,128,1,1,16,0.000,0.000,,,,,NVIDIA A100-SXM4-40GB (0),1,,13,cupy_copy__complex64_complex64
1869331657,2528,10388,103,1,1,128,1,1,16,0.000,0.000,,,,,NVIDIA A100-SXM4-40GB (0),1,,13,cupy_copy__complex64_complex64
1869352649,2144,10395,35,1,1,128,1,1,16,0.000,0.000,,,,,NVIDIA A100-SXM4-40GB (0),1,,13,cupy_copy__complex64_complex64
1869371017,1536,10402,1,1,1,1,1,1,18,0.000,0.000,,,,,NVIDIA A100-SXM4-40GB (0),1,,13,cupy_copy__float32_float32
1869513735,79167,10413,1,1,1,32,32,1,30,0.000,0.000,,,,,NVIDIA A100-SXM4-40GB (0),1,,13,"void convert_kernel<__half2, float2>(tensor_layout_any, T1 *, tensor_layout_any, const T2 *)"
1869762660,11744,10416,,,,,,,,,,0.061,5231.555,Pinned,Device,NVIDIA A100-SXM4-40GB (0),1,,13,[CUDA memcpy Host-to-Device]
1869785092,3328,10417,,,,,,,,,,1.547,464729.580,Device,,NVIDIA A100-SXM4-40GB (0),1,,13,[CUDA memset]
1869790820,6400,10422,,,,,,,,,,0.021,3290.000,Pinned,Device,NVIDIA A100-SXM4-40GB (0),1,,13,[CUDA memcpy Host-to-Device]
1869800900,22592,10423,,,,,,,,,,0.131,5801.640,Pinned,Device,NVIDIA A100-SXM4-40GB (0),1,,13,[CUDA memcpy Host-to-Device]
1869832484,6048,10424,273,1,1,8,4,1,39,0.002,0.000,,,,,NVIDIA A100-SXM4-40GB (0),1,,13,"void channel_eq::eqMmseCoefCompLowMimoKernel<float, float, float, (unsigned int)4, (unsigned int)1, (unsigned int)4>(const channel_eq::_puschRxChEqStatDescr *, channel_eq::_puschRxChEqCoefCompDynDescr)"
1869839620,5216,10425,273,1,1,12,11,1,40,0.002,0.000,,,,,NVIDIA A100-SXM4-40GB (0),1,,13,"void channel_eq::eqMmseSoftDemapKernel<float, __half, __half, float, (unsigned int)4, (unsigned short)16383>(channel_eq::_puschRxChEqStatDescr *, channel_eq::_puschRxChEqSoftDemapDynDescr)"
1869845860,280924,10426,1,1,1,32,32,1,30,0.000,0.000,,,,,NVIDIA A100-SXM4-40GB (0),1,,13,"void convert_kernel<float2, __half2>(tensor_layout_any, T1 *, tensor_layout_any, const T2 *)"
1870127808,12480,10438,2253,1,1,128,1,1,16,0.000,0.000,,,,,NVIDIA A100-SXM4-40GB (0),1,,13,cupy_copy__float16_float16
1870141312,2592,10447,282,1,1,128,1,1,16,0.000,0.000,,,,,NVIDIA A100-SXM4-40GB (0),1,,13,cupy_copy__complex64_complex64
1870144896,1824,10456,26,1,1,128,1,1,16,0.000,0.000,,,,,NVIDIA A100-SXM4-40GB (0),1,,13,cupy_copy__float32_float32
1870147808,2912,10465,103,1,1,128,1,1,16,0.000,0.000,,,,,NVIDIA A100-SXM4-40GB (0),1,,13,cupy_copy__complex64_complex64
1870151680,13888,10475,1434,1,1,128,1,1,16,0.000,0.000,,,,,NVIDIA A100-SXM4-40GB (0),1,,13,cupy_copy__complex64_complex64
1870291327,79007,10480,1,1,1,32,32,1,30,0.000,0.000,,,,,NVIDIA A100-SXM4-40GB (0),1,,13,"void convert_kernel<__half2, float2>(tensor_layout_any, T1 *, tensor_layout_any, const T2 *)"
1870401981,11712,10483,,,,,,,,,,0.061,5245.870,Pinned,Device,NVIDIA A100-SXM4-40GB (0),1,,13,[CUDA memcpy Host-to-Device]
1870424349,587385,10484,,,,,,,,,,456.520,776997.857,Device,,NVIDIA A100-SXM4-40GB (0),1,,13,[CUDA memset]
1871019702,131839,10489,,,,,,,,,,0.825,6260.234,Pinned,Device,NVIDIA A100-SXM4-40GB (0),1,,13,[CUDA memcpy Host-to-Device]
1871154325,22656,10490,,,,,,,,,,0.131,5785.256,Pinned,Device,NVIDIA A100-SXM4-40GB (0),1,,13,[CUDA memcpy Host-to-Device]
1871187220,7520,10491,69,4,1,48,1,1,76,0.002,0.000,,,,,NVIDIA A100-SXM4-40GB (0),1,,13,"void ch_est::windowedChEstPreNoDftSOfdmKernel<float, __half, float, (unsigned int)2, (unsigned int)1, (unsigned short)4>(ch_est::puschRxChEstStatDescr_t *, ch_est::puschRxChEstDynDescr_t *)"
1871196404,5664,10492,137,2,1,24,2,1,44,0.001,0.001,,,,,NVIDIA A100-SXM4-40GB (0),1,,13,"void ch_est::chEstFilterNoDftSOfdmDispatchKernel<float, __half, float, (unsigned int)2>(ch_est::puschRxChEstStatDescr_t *, ch_est::puschRxChEstDynDescr_t *)"
1871203060,4736,10493,137,2,1,24,2,1,44,0.001,0.001,,,,,NVIDIA A100-SXM4-40GB (0),1,,13,"void ch_est::chEstFilterNoDftSOfdmDispatchKernel<float, __half, float, (unsigned int)2>(ch_est::puschRxChEstStatDescr_t *, ch_est::puschRxChEstDynDescr_t *)"
1871208884,2336,10504,103,1,1,128,1,1,16,0.000,0.000,,,,,NVIDIA A100-SXM4-40GB (0),1,,13,cupy_copy__complex64_complex64
1871212244,15200,10514,1434,1,1,128,1,1,16,0.000,0.000,,,,,NVIDIA A100-SXM4-40GB (0),1,,13,cupy_copy__complex64_complex64
1871228532,2240,10521,103,1,1,128,1,1,16,0.000,0.000,,,,,NVIDIA A100-SXM4-40GB (0),1,,13,cupy_copy__complex64_complex64
1871231764,79391,10528,1,1,1,32,32,1,30,0.000,0.000,,,,,NVIDIA A100-SXM4-40GB (0),1,,13,"void convert_kernel<__half2, float2>(tensor_layout_any, T1 *, tensor_layout_any, const T2 *)"
1871477841,11840,10531,,,,,,,,,,0.061,5189.161,Pinned,Device,NVIDIA A100-SXM4-40GB (0),1,,13,[CUDA memcpy Host-to-Device]
1871499505,46431,10532,,,,,,,,,,35.801,771045.276,Device,,NVIDIA A100-SXM4-40GB (0),1,,13,[CUDA memset]
1871551856,2144,10534,,,,,,,,,,0.000,37.313,Pinned,Device,NVIDIA A100-SXM4-40GB (0),1,,13,[CUDA memcpy Host-to-Device]
1871556144,22880,10535,,,,,,,,,,0.131,5728.633,Pinned,Device,NVIDIA A100-SXM4-40GB (0),1,,13,[CUDA memcpy Host-to-Device]
1871585520,9024,10536,273,1,1,48,1,1,40,0.000,0.001,,,,,NVIDIA A100-SXM4-40GB (0),1,,13,"void pusch_noise_intf_est::noiseIntfEstNoDftSOfdmKernel<float, __half, float, float, (unsigned int)2, (unsigned int)1, (unsigned char)4, (unsigned char)4>(pusch_noise_intf_est::puschRxNoiseIntfEstDynDescr)"
1871595568,2624,10547,35,1,1,128,1,1,16,0.000,0.000,,,,,NVIDIA A100-SXM4-40GB (0),1,,13,cupy_copy__complex64_complex64
1871599408,1568,10556,1,1,1,1,1,1,18,0.000,0.000,,,,,NVIDIA A100-SXM4-40GB (0),1,,13,cupy_copy__float32_float32
1871628367,1696,10562,,,,,,,,,,0.000,2.358,Device,Pageable,NVIDIA A100-SXM4-40GB (0),1,,7,[CUDA memcpy Device-to-Host]
1871688015,15616,10573,1434,1,1,128,1,1,16,0.000,0.000,,,,,NVIDIA A100-SXM4-40GB (0),1,,13,cupy_copy__complex64_complex64
1871715662,2496,10580,103,1,1,128,1,1,16,0.000,0.000,,,,,NVIDIA A100-SXM4-40GB (0),1,,13,cupy_copy__complex64_complex64
1871737134,2144,10587,35,1,1,128,1,1,16,0.000,0.000,,,,,NVIDIA A100-SXM4-40GB (0),1,,13,cupy_copy__complex64_complex64
1871756046,1504,10594,1,1,1,1,1,1,18,0.000,0.000,,,,,NVIDIA A100-SXM4-40GB (0),1,,13,cupy_copy__float32_float32
1872024683,79295,10605,1,1,1,32,32,1,30,0.000,0.000,,,,,NVIDIA A100-SXM4-40GB (0),1,,13,"void convert_kernel<__half2, float2>(tensor_layout_any, T1 *, tensor_layout_any, const T2 *)"
1872136138,11744,10608,,,,,,,,,,0.061,5231.555,Pinned,Device,NVIDIA A100-SXM4-40GB (0),1,,13,[CUDA memcpy Host-to-Device]
1872153546,3328,10609,,,,,,,,,,1.547,464729.580,Device,,NVIDIA A100-SXM4-40GB (0),1,,13,[CUDA memset]
1872160009,6304,10614,,,,,,,,,,0.021,3340.092,Pinned,Device,NVIDIA A100-SXM4-40GB (0),1,,13,[CUDA memcpy Host-to-Device]
1872169001,23744,10615,,,,,,,,,,0.131,5520.097,Pinned,Device,NVIDIA A100-SXM4-40GB (0),1,,13,[CUDA memcpy Host-to-Device]
1872200937,6112,10616,273,1,1,8,4,1,39,0.002,0.000,,,,,NVIDIA A100-SXM4-40GB (0),1,,13,"void channel_eq::eqMmseCoefCompLowMimoKernel<float, float, float, (unsigned int)4, (unsigned int)1, (unsigned int)4>(const channel_eq::_puschRxChEqStatDescr *, channel_eq::_puschRxChEqCoefCompDynDescr)"
1872208105,5216,10617,273,1,1,12,11,1,40,0.002,0.000,,,,,NVIDIA A100-SXM4-40GB (0),1,,13,"void channel_eq::eqMmseSoftDemapKernel<float, __half, __half, float, (unsigned int)4, (unsigned short)16383>(channel_eq::_puschRxChEqStatDescr *, channel_eq::_puschRxChEqSoftDemapDynDescr)"
1872214377,280957,10618,1,1,1,32,32,1,30,0.000,0.000,,,,,NVIDIA A100-SXM4-40GB (0),1,,13,"void convert_kernel<float2, __half2>(tensor_layout_any, T1 *, tensor_layout_any, const T2 *)"
1872496422,12320,10630,2253,1,1,128,1,1,16,0.000,0.000,,,,,NVIDIA A100-SXM4-40GB (0),1,,13,cupy_copy__float16_float16
1872509798,2624,10639,282,1,1,128,1,1,16,0.000,0.000,,,,,NVIDIA A100-SXM4-40GB (0),1,,13,cupy_copy__complex64_complex64
1872513446,1855,10648,26,1,1,128,1,1,16,0.000,0.000,,,,,NVIDIA A100-SXM4-40GB (0),1,,13,cupy_copy__float32_float32
1872516389,2848,10657,103,1,1,128,1,1,16,0.000,0.000,,,,,NVIDIA A100-SXM4-40GB (0),1,,13,cupy_copy__complex64_complex64
1872520229,13984,10667,1434,1,1,128,1,1,16,0.000,0.000,,,,,NVIDIA A100-SXM4-40GB (0),1,,13,cupy_copy__complex64_complex64
1872548773,79487,10672,1,1,1,32,32,1,30,0.000,0.000,,,,,NVIDIA A100-SXM4-40GB (0),1,,13,"void convert_kernel<__half2, float2>(tensor_layout_any, T1 *, tensor_layout_any, const T2 *)"
1872656516,12320,10675,,,,,,,,,,0.061,4986.962,Pinned,Device,NVIDIA A100-SXM4-40GB (0),1,,13,[CUDA memcpy Host-to-Device]
1872679140,588057,10676,,,,,,,,,,456.520,776084.816,Device,,NVIDIA A100-SXM4-40GB (0),1,,13,[CUDA memset]
1873275517,131902,10681,,,,,,,,,,0.825,6256.933,Pinned,Device,NVIDIA A100-SXM4-40GB (0),1,,13,[CUDA memcpy Host-to-Device]
1873410299,22656,10682,,,,,,,,,,0.131,5785.256,Pinned,Device,NVIDIA A100-SXM4-40GB (0),1,,13,[CUDA memcpy Host-to-Device]
1873437915,7360,10683,69,4,1,48,1,1,76,0.002,0.000,,,,,NVIDIA A100-SXM4-40GB (0),1,,13,"void ch_est::windowedChEstPreNoDftSOfdmKernel<float, __half, float, (unsigned int)2, (unsigned int)1, (unsigned short)4>(ch_est::puschRxChEstStatDescr_t *, ch_est::puschRxChEstDynDescr_t *)"
1873446939,5728,10684,137,2,1,24,2,1,44,0.001,0.001,,,,,NVIDIA A100-SXM4-40GB (0),1,,13,"void ch_est::chEstFilterNoDftSOfdmDispatchKernel<float, __half, float, (unsigned int)2>(ch_est::puschRxChEstStatDescr_t *, ch_est::puschRxChEstDynDescr_t *)"
1873453691,4704,10685,137,2,1,24,2,1,44,0.001,0.001,,,,,NVIDIA A100-SXM4-40GB (0),1,,13,"void ch_est::chEstFilterNoDftSOfdmDispatchKernel<float, __half, float, (unsigned int)2>(ch_est::puschRxChEstStatDescr_t *, ch_est::puschRxChEstDynDescr_t *)"
1873459387,2336,10696,103,1,1,128,1,1,16,0.000,0.000,,,,,NVIDIA A100-SXM4-40GB (0),1,,13,cupy_copy__complex64_complex64
1873462747,15008,10706,1434,1,1,128,1,1,16,0.000,0.000,,,,,NVIDIA A100-SXM4-40GB (0),1,,13,cupy_copy__complex64_complex64
1873478971,2304,10713,103,1,1,128,1,1,16,0.000,0.000,,,,,NVIDIA A100-SXM4-40GB (0),1,,13,cupy_copy__complex64_complex64
1873482331,78655,10720,1,1,1,32,32,1,30,0.000,0.000,,,,,NVIDIA A100-SXM4-40GB (0),1,,13,"void convert_kernel<__half2, float2>(tensor_layout_any, T1 *, tensor_layout_any, const T2 *)"
1873590393,11712,10723,,,,,,,,,,0.061,5245.870,Pinned,Device,NVIDIA A100-SXM4-40GB (0),1,,13,[CUDA memcpy Host-to-Device]
1873613017,45536,10724,,,,,,,,,,35.801,786189.082,Device,,NVIDIA A100-SXM4-40GB (0),1,,13,[CUDA memset]
1873666937,2080,10726,,,,,,,,,,0.000,38.462,Pinned,Device,NVIDIA A100-SXM4-40GB (0),1,,13,[CUDA memcpy Host-to-Device]
1873671224,23392,10727,,,,,,,,,,0.131,5603.197,Pinned,Device,NVIDIA A100-SXM4-40GB (0),1,,13,[CUDA memcpy Host-to-Device]
1873699064,8640,10728,273,1,1,48,1,1,40,0.000,0.001,,,,,NVIDIA A100-SXM4-40GB (0),1,,13,"void pusch_noise_intf_est::noiseIntfEstNoDftSOfdmKernel<float, __half, float, float, (unsigned int)2, (unsigned int)1, (unsigned char)4, (unsigned char)4>(pusch_noise_intf_est::puschRxNoiseIntfEstDynDescr)"
1873708920,2720,10739,35,1,1,128,1,1,16,0.000,0.000,,,,,NVIDIA A100-SXM4-40GB (0),1,,13,cupy_copy__complex64_complex64
1873715864,1600,10748,1,1,1,1,1,1,18,0.000,0.000,,,,,NVIDIA A100-SXM4-40GB (0),1,,13,cupy_copy__float32_float32
1873751800,2624,10754,,,,,,,,,,0.000,1.524,Device,Pageable,NVIDIA A100-SXM4-40GB (0),1,,7,[CUDA memcpy Device-to-Host]
1873812887,15552,10765,1434,1,1,128,1,1,16,0.000,0.000,,,,,NVIDIA A100-SXM4-40GB (0),1,,13,cupy_copy__complex64_complex64
1873840215,2464,10772,103,1,1,128,1,1,16,0.000,0.000,,,,,NVIDIA A100-SXM4-40GB (0),1,,13,cupy_copy__complex64_complex64
1873861974,2144,10779,35,1,1,128,1,1,16,0.000,0.000,,,,,NVIDIA A100-SXM4-40GB (0),1,,13,cupy_copy__complex64_complex64
1873881846,1536,10786,1,1,1,1,1,1,18,0.000,0.000,,,,,NVIDIA A100-SXM4-40GB (0),1,,13,cupy_copy__float32_float32
1874015093,78975,10797,1,1,1,32,32,1,30,0.000,0.000,,,,,NVIDIA A100-SXM4-40GB (0),1,,13,"void convert_kernel<__half2, float2>(tensor_layout_any, T1 *, tensor_layout_any, const T2 *)"
1874126963,11936,10800,,,,,,,,,,0.061,5147.443,Pinned,Device,NVIDIA A100-SXM4-40GB (0),1,,13,[CUDA memcpy Host-to-Device]
1874143923,3264,10801,,,,,,,,,,1.547,473842.288,Device,,NVIDIA A100-SXM4-40GB (0),1,,13,[CUDA memset]
1874156339,3616,10806,,,,,,,,,,0.021,5822.995,Pinned,Device,NVIDIA A100-SXM4-40GB (0),1,,13,[CUDA memcpy Host-to-Device]
1874168371,23200,10807,,,,,,,,,,0.131,5649.596,Pinned,Device,NVIDIA A100-SXM4-40GB (0),1,,13,[CUDA memcpy Host-to-Device]
1874200787,6079,10808,273,1,1,8,4,1,39,0.002,0.000,,,,,NVIDIA A100-SXM4-40GB (0),1,,13,"void channel_eq::eqMmseCoefCompLowMimoKernel<float, float, float, (unsigned int)4, (unsigned int)1, (unsigned int)4>(const channel_eq::_puschRxChEqStatDescr *, channel_eq::_puschRxChEqCoefCompDynDescr)"
1874207954,5184,10809,273,1,1,12,11,1,40,0.002,0.000,,,,,NVIDIA A100-SXM4-40GB (0),1,,13,"void channel_eq::eqMmseSoftDemapKernel<float, __half, __half, float, (unsigned int)4, (unsigned short)16383>(channel_eq::_puschRxChEqStatDescr *, channel_eq::_puschRxChEqSoftDemapDynDescr)"
1874214258,280957,10810,1,1,1,32,32,1,30,0.000,0.000,,,,,NVIDIA A100-SXM4-40GB (0),1,,13,"void convert_kernel<float2, __half2>(tensor_layout_any, T1 *, tensor_layout_any, const T2 *)"
1874496271,12384,10822,2253,1,1,128,1,1,16,0.000,0.000,,,,,NVIDIA A100-SXM4-40GB (0),1,,13,cupy_copy__float16_float16
1874509839,2624,10831,282,1,1,128,1,1,16,0.000,0.000,,,,,NVIDIA A100-SXM4-40GB (0),1,,13,cupy_copy__complex64_complex64
1874513455,1824,10840,26,1,1,128,1,1,16,0.000,0.000,,,,,NVIDIA A100-SXM4-40GB (0),1,,13,cupy_copy__float32_float32
1874516239,2848,10849,103,1,1,128,1,1,16,0.000,0.000,,,,,NVIDIA A100-SXM4-40GB (0),1,,13,cupy_copy__complex64_complex64
1874520047,13920,10859,1434,1,1,128,1,1,16,0.000,0.000,,,,,NVIDIA A100-SXM4-40GB (0),1,,13,cupy_copy__complex64_complex64
1874534959,78815,10864,1,1,1,32,32,1,30,0.000,0.000,,,,,NVIDIA A100-SXM4-40GB (0),1,,13,"void convert_kernel<__half2, float2>(tensor_layout_any, T1 *, tensor_layout_any, const T2 *)"
1874642926,11839,10867,,,,,,,,,,0.061,5189.591,Pinned,Device,NVIDIA A100-SXM4-40GB (0),1,,13,[CUDA memcpy Host-to-Device]
1874664653,587578,10868,,,,,,,,,,456.520,776541.336,Device,,NVIDIA A100-SXM4-40GB (0),1,,13,[CUDA memset]
1875260039,132222,10873,,,,,,,,,,0.825,6242.077,Pinned,Device,NVIDIA A100-SXM4-40GB (0),1,,13,[CUDA memcpy Host-to-Device]
1875394405,23232,10874,,,,,,,,,,0.131,5641.863,Pinned,Device,NVIDIA A100-SXM4-40GB (0),1,,13,[CUDA memcpy Host-to-Device]
1875424453,7424,10875,69,4,1,48,1,1,76,0.002,0.000,,,,,NVIDIA A100-SXM4-40GB (0),1,,13,"void ch_est::windowedChEstPreNoDftSOfdmKernel<float, __half, float, (unsigned int)2, (unsigned int)1, (unsigned short)4>(ch_est::puschRxChEstStatDescr_t *, ch_est::puschRxChEstDynDescr_t *)"
1875433509,5792,10876,137,2,1,24,2,1,44,0.001,0.001,,,,,NVIDIA A100-SXM4-40GB (0),1,,13,"void ch_est::chEstFilterNoDftSOfdmDispatchKernel<float, __half, float, (unsigned int)2>(ch_est::puschRxChEstStatDescr_t *, ch_est::puschRxChEstDynDescr_t *)"
1875440517,4736,10877,137,2,1,24,2,1,44,0.001,0.001,,,,,NVIDIA A100-SXM4-40GB (0),1,,13,"void ch_est::chEstFilterNoDftSOfdmDispatchKernel<float, __half, float, (unsigned int)2>(ch_est::puschRxChEstStatDescr_t *, ch_est::puschRxChEstDynDescr_t *)"
1875446309,2335,10888,103,1,1,128,1,1,16,0.000,0.000,,,,,NVIDIA A100-SXM4-40GB (0),1,,13,cupy_copy__complex64_complex64
1875449572,15168,10898,1434,1,1,128,1,1,16,0.000,0.000,,,,,NVIDIA A100-SXM4-40GB (0),1,,13,cupy_copy__complex64_complex64
1875465828,2272,10905,103,1,1,128,1,1,16,0.000,0.000,,,,,NVIDIA A100-SXM4-40GB (0),1,,13,cupy_copy__complex64_complex64
1875469284,79583,10912,1,1,1,32,32,1,30,0.000,0.000,,,,,NVIDIA A100-SXM4-40GB (0),1,,13,"void convert_kernel<__half2, float2>(tensor_layout_any, T1 *, tensor_layout_any, const T2 *)"
1875718881,11712,10915,,,,,,,,,,0.061,5245.870,Pinned,Device,NVIDIA A100-SXM4-40GB (0),1,,13,[CUDA memcpy Host-to-Device]
1875740897,46240,10916,,,,,,,,,,35.801,774231.561,Device,,NVIDIA A100-SXM4-40GB (0),1,,13,[CUDA memset]
1875793537,2080,10918,,,,,,,,,,0.000,38.462,Pinned,Device,NVIDIA A100-SXM4-40GB (0),1,,13,[CUDA memcpy Host-to-Device]
1875799041,22911,10919,,,,,,,,,,0.131,5720.900,Pinned,Device,NVIDIA A100-SXM4-40GB (0),1,,13,[CUDA memcpy Host-to-Device]
1875827904,9088,10920,273,1,1,48,1,1,40,0.000,0.001,,,,,NVIDIA A100-SXM4-40GB (0),1,,13,"void pusch_noise_intf_est::noiseIntfEstNoDftSOfdmKernel<float, __half, float, float, (unsigned int)2, (unsigned int)1, (unsigned char)4, (unsigned char)4>(pusch_noise_intf_est::puschRxNoiseIntfEstDynDescr)"
1875838048,2624,10931,35,1,1,128,1,1,16,0.000,0.000,,,,,NVIDIA A100-SXM4-40GB (0),1,,13,cupy_copy__complex64_complex64
1875841632,1600,10940,1,1,1,1,1,1,18,0.000,0.000,,,,,NVIDIA A100-SXM4-40GB (0),1,,13,cupy_copy__float32_float32
1875869312,1696,10946,,,,,,,,,,0.000,2.358,Device,Pageable,NVIDIA A100-SXM4-40GB (0),1,,7,[CUDA memcpy Device-to-Host]
1875930399,15488,10957,1434,1,1,128,1,1,16,0.000,0.000,,,,,NVIDIA A100-SXM4-40GB (0),1,,13,cupy_copy__complex64_complex64
1875958527,2496,10964,103,1,1,128,1,1,16,0.000,0.000,,,,,NVIDIA A100-SXM4-40GB (0),1,,13,cupy_copy__complex64_complex64
1875980159,2111,10971,35,1,1,128,1,1,16,0.000,0.000,,,,,NVIDIA A100-SXM4-40GB (0),1,,13,cupy_copy__complex64_complex64
1875999550,1536,10978,1,1,1,1,1,1,18,0.000,0.000,,,,,NVIDIA A100-SXM4-40GB (0),1,,13,cupy_copy__float32_float32
1876271867,79487,10989,1,1,1,32,32,1,30,0.000,0.000,,,,,NVIDIA A100-SXM4-40GB (0),1,,13,"void convert_kernel<__half2, float2>(tensor_layout_any, T1 *, tensor_layout_any, const T2 *)"
1876386714,11744,10992,,,,,,,,,,0.061,5231.555,Pinned,Device,NVIDIA A100-SXM4-40GB (0),1,,13,[CUDA memcpy Host-to-Device]
1876404986,3328,10993,,,,,,,,,,1.547,464729.580,Device,,NVIDIA A100-SXM4-40GB (0),1,,13,[CUDA memset]
1876414458,9888,10998,,,,,,,,,,0.021,2129.435,Pinned,Device,NVIDIA A100-SXM4-40GB (0),1,,13,[CUDA memcpy Host-to-Device]
1876427001,23328,10999,,,,,,,,,,0.131,5618.532,Pinned,Device,NVIDIA A100-SXM4-40GB (0),1,,13,[CUDA memcpy Host-to-Device]
1876459705,6144,11000,273,1,1,8,4,1,39,0.002,0.000,,,,,NVIDIA A100-SXM4-40GB (0),1,,13,"void channel_eq::eqMmseCoefCompLowMimoKernel<float, float, float, (unsigned int)4, (unsigned int)1, (unsigned int)4>(const channel_eq::_puschRxChEqStatDescr *, channel_eq::_puschRxChEqCoefCompDynDescr)"
1876466873,5312,11001,273,1,1,12,11,1,40,0.002,0.000,,,,,NVIDIA A100-SXM4-40GB (0),1,,13,"void channel_eq::eqMmseSoftDemapKernel<float, __half, __half, float, (unsigned int)4, (unsigned short)16383>(channel_eq::_puschRxChEqStatDescr *, channel_eq::_puschRxChEqSoftDemapDynDescr)"
1876473113,282013,11002,1,1,1,32,32,1,30,0.000,0.000,,,,,NVIDIA A100-SXM4-40GB (0),1,,13,"void convert_kernel<float2, __half2>(tensor_layout_any, T1 *, tensor_layout_any, const T2 *)"
1876756054,12512,11014,2253,1,1,128,1,1,16,0.000,0.000,,,,,NVIDIA A100-SXM4-40GB (0),1,,13,cupy_copy__float16_float16
1876769526,2624,11023,282,1,1,128,1,1,16,0.000,0.000,,,,,NVIDIA A100-SXM4-40GB (0),1,,13,cupy_copy__complex64_complex64
1876773142,1856,11032,26,1,1,128,1,1,16,0.000,0.000,,,,,NVIDIA A100-SXM4-40GB (0),1,,13,cupy_copy__float32_float32
1876776086,2848,11041,103,1,1,128,1,1,16,0.000,0.000,,,,,NVIDIA A100-SXM4-40GB (0),1,,13,cupy_copy__complex64_complex64
1876779958,13823,11051,1434,1,1,128,1,1,16,0.000,0.000,,,,,NVIDIA A100-SXM4-40GB (0),1,,13,cupy_copy__complex64_complex64
1876805301,79391,11056,1,1,1,32,32,1,30,0.000,0.000,,,,,NVIDIA A100-SXM4-40GB (0),1,,13,"void convert_kernel<__half2, float2>(tensor_layout_any, T1 *, tensor_layout_any, const T2 *)"
1877052242,11744,11059,,,,,,,,,,0.061,5231.555,Pinned,Device,NVIDIA A100-SXM4-40GB (0),1,,13,[CUDA memcpy Host-to-Device]
1877071634,588602,11060,,,,,,,,,,456.520,775171.775,Device,,NVIDIA A100-SXM4-40GB (0),1,,13,[CUDA memset]
1877665356,131614,11065,,,,,,,,,,0.825,6270.138,Pinned,Device,NVIDIA A100-SXM4-40GB (0),1,,13,[CUDA memcpy Host-to-Device]
1877800042,22624,11066,,,,,,,,,,0.131,5793.382,Pinned,Device,NVIDIA A100-SXM4-40GB (0),1,,13,[CUDA memcpy Host-to-Device]
1877832874,8224,11067,69,4,1,48,1,1,76,0.002,0.000,,,,,NVIDIA A100-SXM4-40GB (0),1,,13,"void ch_est::windowedChEstPreNoDftSOfdmKernel<float, __half, float, (unsigned int)2, (unsigned int)1, (unsigned short)4>(ch_est::puschRxChEstStatDescr_t *, ch_est::puschRxChEstDynDescr_t *)"
1877842794,6080,11068,137,2,1,24,2,1,44,0.001,0.001,,,,,NVIDIA A100-SXM4-40GB (0),1,,13,"void ch_est::chEstFilterNoDftSOfdmDispatchKernel<float, __half, float, (unsigned int)2>(ch_est::puschRxChEstStatDescr_t *, ch_est::puschRxChEstDynDescr_t *)"
1877849833,4704,11069,137,2,1,24,2,1,44,0.001,0.001,,,,,NVIDIA A100-SXM4-40GB (0),1,,13,"void ch_est::chEstFilterNoDftSOfdmDispatchKernel<float, __half, float, (unsigned int)2>(ch_est::puschRxChEstStatDescr_t *, ch_est::puschRxChEstDynDescr_t *)"
1877855721,2368,11080,103,1,1,128,1,1,16,0.000,0.000,,,,,NVIDIA A100-SXM4-40GB (0),1,,13,cupy_copy__complex64_complex64
1877859113,15232,11090,1434,1,1,128,1,1,16,0.000,0.000,,,,,NVIDIA A100-SXM4-40GB (0),1,,13,cupy_copy__complex64_complex64
1877875273,2240,11097,103,1,1,128,1,1,16,0.000,0.000,,,,,NVIDIA A100-SXM4-40GB (0),1,,13,cupy_copy__complex64_complex64
1877878729,78719,11104,1,1,1,32,32,1,30,0.000,0.000,,,,,NVIDIA A100-SXM4-40GB (0),1,,13,"void convert_kernel<__half2, float2>(tensor_layout_any, T1 *, tensor_layout_any, const T2 *)"
1877989800,11904,11107,,,,,,,,,,0.061,5161.267,Pinned,Device,NVIDIA A100-SXM4-40GB (0),1,,13,[CUDA memcpy Host-to-Device]
1878012072,46271,11108,,,,,,,,,,35.801,773694.547,Device,,NVIDIA A100-SXM4-40GB (0),1,,13,[CUDA memset]
1878064743,2176,11110,,,,,,,,,,0.000,36.765,Pinned,Device,NVIDIA A100-SXM4-40GB (0),1,,13,[CUDA memcpy Host-to-Device]
1878069063,22656,11111,,,,,,,,,,0.131,5785.256,Pinned,Device,NVIDIA A100-SXM4-40GB (0),1,,13,[CUDA memcpy Host-to-Device]
1878097063,8768,11112,273,1,1,48,1,1,40,0.000,0.001,,,,,NVIDIA A100-SXM4-40GB (0),1,,13,"void pusch_noise_intf_est::noiseIntfEstNoDftSOfdmKernel<float, __half, float, float, (unsigned int)2, (unsigned int)1, (unsigned char)4, (unsigned char)4>(pusch_noise_intf_est::puschRxNoiseIntfEstDynDescr)"
1878106919,2592,11123,35,1,1,128,1,1,16,0.000,0.000,,,,,NVIDIA A100-SXM4-40GB (0),1,,13,cupy_copy__complex64_complex64
1878120838,1600,11132,1,1,1,1,1,1,18,0.000,0.000,,,,,NVIDIA A100-SXM4-40GB (0),1,,13,cupy_copy__float32_float32
1878157318,1696,11138,,,,,,,,,,0.000,2.358,Device,Pageable,NVIDIA A100-SXM4-40GB (0),1,,7,[CUDA memcpy Device-to-Host]
1878216837,15296,11149,1434,1,1,128,1,1,16,0.000,0.000,,,,,NVIDIA A100-SXM4-40GB (0),1,,13,cupy_copy__complex64_complex64
1878244837,2528,11156,103,1,1,128,1,1,16,0.000,0.000,,,,,NVIDIA A100-SXM4-40GB (0),1,,13,cupy_copy__complex64_complex64
1878266661,2144,11163,35,1,1,128,1,1,16,0.000,0.000,,,,,NVIDIA A100-SXM4-40GB (0),1,,13,cupy_copy__complex64_complex64
1878285381,1568,11170,1,1,1,1,1,1,18,0.000,0.000,,,,,NVIDIA A100-SXM4-40GB (0),1,,13,cupy_copy__float32_float32
1878421379,79039,11181,1,1,1,32,32,1,30,0.000,0.000,,,,,NVIDIA A100-SXM4-40GB (0),1,,13,"void convert_kernel<__half2, float2>(tensor_layout_any, T1 *, tensor_layout_any, const T2 *)"
1878529410,11744,11184,,,,,,,,,,0.061,5231.555,Pinned,Device,NVIDIA A100-SXM4-40GB (0),1,,13,[CUDA memcpy Host-to-Device]
1878545922,3296,11185,,,,,,,,,,1.547,469242.628,Device,,NVIDIA A100-SXM4-40GB (0),1,,13,[CUDA memset]
1878552066,10079,11190,,,,,,,,,,0.021,2089.092,Pinned,Device,NVIDIA A100-SXM4-40GB (0),1,,13,[CUDA memcpy Host-to-Device]
1878564769,23424,11191,,,,,,,,,,0.131,5595.595,Pinned,Device,NVIDIA A100-SXM4-40GB (0),1,,13,[CUDA memcpy Host-to-Device]
1878597793,6112,11192,273,1,1,8,4,1,39,0.002,0.000,,,,,NVIDIA A100-SXM4-40GB (0),1,,13,"void channel_eq::eqMmseCoefCompLowMimoKernel<float, float, float, (unsigned int)4, (unsigned int)1, (unsigned int)4>(const channel_eq::_puschRxChEqStatDescr *, channel_eq::_puschRxChEqCoefCompDynDescr)"
1878604961,5376,11193,273,1,1,12,11,1,40,0.002,0.000,,,,,NVIDIA A100-SXM4-40GB (0),1,,13,"void channel_eq::eqMmseSoftDemapKernel<float, __half, __half, float, (unsigned int)4, (unsigned short)16383>(channel_eq::_puschRxChEqStatDescr *, channel_eq::_puschRxChEqSoftDemapDynDescr)"
1878611521,280733,11194,1,1,1,32,32,1,30,0.000,0.000,,,,,NVIDIA A100-SXM4-40GB (0),1,,13,"void convert_kernel<float2, __half2>(tensor_layout_any, T1 *, tensor_layout_any, const T2 *)"
1878893278,12480,11206,2253,1,1,128,1,1,16,0.000,0.000,,,,,NVIDIA A100-SXM4-40GB (0),1,,13,cupy_copy__float16_float16
1878906782,2592,11215,282,1,1,128,1,1,16,0.000,0.000,,,,,NVIDIA A100-SXM4-40GB (0),1,,13,cupy_copy__complex64_complex64
1878910398,1824,11224,26,1,1,128,1,1,16,0.000,0.000,,,,,NVIDIA A100-SXM4-40GB (0),1,,13,cupy_copy__float32_float32
1878913310,2911,11233,103,1,1,128,1,1,16,0.000,0.000,,,,,NVIDIA A100-SXM4-40GB (0),1,,13,cupy_copy__complex64_complex64
1878917149,14048,11243,1434,1,1,128,1,1,16,0.000,0.000,,,,,NVIDIA A100-SXM4-40GB (0),1,,13,cupy_copy__complex64_complex64
1878934237,79295,11248,1,1,1,32,32,1,30,0.000,0.000,,,,,NVIDIA A100-SXM4-40GB (0),1,,13,"void convert_kernel<__half2, float2>(tensor_layout_any, T1 *, tensor_layout_any, const T2 *)"
1879041660,12320,11251,,,,,,,,,,0.061,4986.962,Pinned,Device,NVIDIA A100-SXM4-40GB (0),1,,13,[CUDA memcpy Host-to-Device]
1879064732,587577,11252,,,,,,,,,,456.520,776541.336,Device,,NVIDIA A100-SXM4-40GB (0),1,,13,[CUDA memset]
1879658037,131871,11257,,,,,,,,,,0.825,6258.584,Pinned,Device,NVIDIA A100-SXM4-40GB (0),1,,13,[CUDA memcpy Host-to-Device]
1879793012,22719,11258,,,,,,,,,,0.131,5769.265,Pinned,Device,NVIDIA A100-SXM4-40GB (0),1,,13,[CUDA memcpy Host-to-Device]
1879822483,7136,11259,69,4,1,48,1,1,76,0.002,0.000,,,,,NVIDIA A100-SXM4-40GB (0),1,,13,"void ch_est::windowedChEstPreNoDftSOfdmKernel<float, __half, float, (unsigned int)2, (unsigned int)1, (unsigned short)4>(ch_est::puschRxChEstStatDescr_t *, ch_est::puschRxChEstDynDescr_t *)"
1879831251,5952,11260,137,2,1,24,2,1,44,0.001,0.001,,,,,NVIDIA A100-SXM4-40GB (0),1,,13,"void ch_est::chEstFilterNoDftSOfdmDispatchKernel<float, __half, float, (unsigned int)2>(ch_est::puschRxChEstStatDescr_t *, ch_est::puschRxChEstDynDescr_t *)"
1879838419,4704,11261,137,2,1,24,2,1,44,0.001,0.001,,,,,NVIDIA A100-SXM4-40GB (0),1,,13,"void ch_est::chEstFilterNoDftSOfdmDispatchKernel<float, __half, float, (unsigned int)2>(ch_est::puschRxChEstStatDescr_t *, ch_est::puschRxChEstDynDescr_t *)"
1879844243,2336,11272,103,1,1,128,1,1,16,0.000,0.000,,,,,NVIDIA A100-SXM4-40GB (0),1,,13,cupy_copy__complex64_complex64
1879847603,15424,11282,1434,1,1,128,1,1,16,0.000,0.000,,,,,NVIDIA A100-SXM4-40GB (0),1,,13,cupy_copy__complex64_complex64
1879864083,2272,11289,103,1,1,128,1,1,16,0.000,0.000,,,,,NVIDIA A100-SXM4-40GB (0),1,,13,cupy_copy__complex64_complex64
1879867379,79487,11296,1,1,1,32,32,1,30,0.000,0.000,,,,,NVIDIA A100-SXM4-40GB (0),1,,13,"void convert_kernel<__half2, float2>(tensor_layout_any, T1 *, tensor_layout_any, const T2 *)"
1879974866,12255,11299,,,,,,,,,,0.061,5013.443,Pinned,Device,NVIDIA A100-SXM4-40GB (0),1,,13,[CUDA memcpy Host-to-Device]
1879997585,46016,11300,,,,,,,,,,35.801,777990.662,Device,,NVIDIA A100-SXM4-40GB (0),1,,13,[CUDA memset]
1880046129,2112,11302,,,,,,,,,,0.000,37.879,Pinned,Device,NVIDIA A100-SXM4-40GB (0),1,,13,[CUDA memcpy Host-to-Device]
1880050353,23455,11303,,,,,,,,,,0.131,5588.124,Pinned,Device,NVIDIA A100-SXM4-40GB (0),1,,13,[CUDA memcpy Host-to-Device]
1880080528,8832,11304,273,1,1,48,1,1,40,0.000,0.001,,,,,NVIDIA A100-SXM4-40GB (0),1,,13,"void pusch_noise_intf_est::noiseIntfEstNoDftSOfdmKernel<float, __half, float, float, (unsigned int)2, (unsigned int)1, (unsigned char)4, (unsigned char)4>(pusch_noise_intf_est::puschRxNoiseIntfEstDynDescr)"
1880090320,2624,11315,35,1,1,128,1,1,16,0.000,0.000,,,,,NVIDIA A100-SXM4-40GB (0),1,,13,cupy_copy__complex64_complex64
1880098064,1568,11324,1,1,1,1,1,1,18,0.000,0.000,,,,,NVIDIA A100-SXM4-40GB (0),1,,13,cupy_copy__float32_float32
1880131888,1600,11330,,,,,,,,,,0.000,2.500,Device,Pageable,NVIDIA A100-SXM4-40GB (0),1,,7,[CUDA memcpy Device-to-Host]
1880191311,15168,11341,1434,1,1,128,1,1,16,0.000,0.000,,,,,NVIDIA A100-SXM4-40GB (0),1,,13,cupy_copy__complex64_complex64
1880217999,2496,11348,103,1,1,128,1,1,16,0.000,0.000,,,,,NVIDIA A100-SXM4-40GB (0),1,,13,cupy_copy__complex64_complex64
1880239855,2112,11355,35,1,1,128,1,1,16,0.000,0.000,,,,,NVIDIA A100-SXM4-40GB (0),1,,13,cupy_copy__complex64_complex64
1880258254,1536,11362,1,1,1,1,1,1,18,0.000,0.000,,,,,NVIDIA A100-SXM4-40GB (0),1,,13,cupy_copy__float32_float32
1880396397,78719,11373,1,1,1,32,32,1,30,0.000,0.000,,,,,NVIDIA A100-SXM4-40GB (0),1,,13,"void convert_kernel<__half2, float2>(tensor_layout_any, T1 *, tensor_layout_any, const T2 *)"
1880504428,12351,11376,,,,,,,,,,0.061,4974.490,Pinned,Device,NVIDIA A100-SXM4-40GB (0),1,,13,[CUDA memcpy Host-to-Device]
1880521547,3456,11377,,,,,,,,,,1.547,447517.201,Device,,NVIDIA A100-SXM4-40GB (0),1,,13,[CUDA memset]
1880527307,10432,11382,,,,,,,,,,0.021,2018.386,Pinned,Device,NVIDIA A100-SXM4-40GB (0),1,,13,[CUDA memcpy Host-to-Device]
1880541291,23072,11383,,,,,,,,,,0.131,5680.923,Pinned,Device,NVIDIA A100-SXM4-40GB (0),1,,13,[CUDA memcpy Host-to-Device]
1880573099,6016,11384,273,1,1,8,4,1,39,0.002,0.000,,,,,NVIDIA A100-SXM4-40GB (0),1,,13,"void channel_eq::eqMmseCoefCompLowMimoKernel<float, float, float, (unsigned int)4, (unsigned int)1, (unsigned int)4>(const channel_eq::_puschRxChEqStatDescr *, channel_eq::_puschRxChEqCoefCompDynDescr)"
1880580331,5280,11385,273,1,1,12,11,1,40,0.002,0.000,,,,,NVIDIA A100-SXM4-40GB (0),1,,13,"void channel_eq::eqMmseSoftDemapKernel<float, __half, __half, float, (unsigned int)4, (unsigned short)16383>(channel_eq::_puschRxChEqStatDescr *, channel_eq::_puschRxChEqSoftDemapDynDescr)"
1880586571,280957,11386,1,1,1,32,32,1,30,0.000,0.000,,,,,NVIDIA A100-SXM4-40GB (0),1,,13,"void convert_kernel<float2, __half2>(tensor_layout_any, T1 *, tensor_layout_any, const T2 *)"
1880868648,12383,11398,2253,1,1,128,1,1,16,0.000,0.000,,,,,NVIDIA A100-SXM4-40GB (0),1,,13,cupy_copy__float16_float16
1880882247,2592,11407,282,1,1,128,1,1,16,0.000,0.000,,,,,NVIDIA A100-SXM4-40GB (0),1,,13,cupy_copy__complex64_complex64
1880885895,1888,11416,26,1,1,128,1,1,16,0.000,0.000,,,,,NVIDIA A100-SXM4-40GB (0),1,,13,cupy_copy__float32_float32
1880888839,2848,11425,103,1,1,128,1,1,16,0.000,0.000,,,,,NVIDIA A100-SXM4-40GB (0),1,,13,cupy_copy__complex64_complex64
1880892615,14112,11435,1434,1,1,128,1,1,16,0.000,0.000,,,,,NVIDIA A100-SXM4-40GB (0),1,,13,cupy_copy__complex64_complex64
1880907783,79423,11440,1,1,1,32,32,1,30,0.000,0.000,,,,,NVIDIA A100-SXM4-40GB (0),1,,13,"void convert_kernel<__half2, float2>(tensor_layout_any, T1 *, tensor_layout_any, const T2 *)"
1881157284,11680,11443,,,,,,,,,,0.061,5260.247,Pinned,Device,NVIDIA A100-SXM4-40GB (0),1,,13,[CUDA memcpy Host-to-Device]
1881173764,588537,11444,,,,,,,,,,456.520,775628.296,Device,,NVIDIA A100-SXM4-40GB (0),1,,13,[CUDA memset]
1881766429,132223,11449,,,,,,,,,,0.825,6241.251,Pinned,Device,NVIDIA A100-SXM4-40GB (0),1,,13,[CUDA memcpy Host-to-Device]
1881900828,23264,11450,,,,,,,,,,0.131,5633.999,Pinned,Device,NVIDIA A100-SXM4-40GB (0),1,,13,[CUDA memcpy Host-to-Device]
1881932924,7359,11451,69,4,1,48,1,1,76,0.002,0.000,,,,,NVIDIA A100-SXM4-40GB (0),1,,13,"void ch_est::windowedChEstPreNoDftSOfdmKernel<float, __half, float, (unsigned int)2, (unsigned int)1, (unsigned short)4>(ch_est::puschRxChEstStatDescr_t *, ch_est::puschRxChEstDynDescr_t *)"
1881941947,6048,11452,137,2,1,24,2,1,44,0.001,0.001,,,,,NVIDIA A100-SXM4-40GB (0),1,,13,"void ch_est::chEstFilterNoDftSOfdmDispatchKernel<float, __half, float, (unsigned int)2>(ch_est::puschRxChEstStatDescr_t *, ch_est::puschRxChEstDynDescr_t *)"
1881949179,4736,11453,137,2,1,24,2,1,44,0.001,0.001,,,,,NVIDIA A100-SXM4-40GB (0),1,,13,"void ch_est::chEstFilterNoDftSOfdmDispatchKernel<float, __half, float, (unsigned int)2>(ch_est::puschRxChEstStatDescr_t *, ch_est::puschRxChEstDynDescr_t *)"
1881954907,2752,11464,103,1,1,128,1,1,16,0.000,0.000,,,,,NVIDIA A100-SXM4-40GB (0),1,,13,cupy_copy__complex64_complex64
1881958715,15296,11474,1434,1,1,128,1,1,16,0.000,0.000,,,,,NVIDIA A100-SXM4-40GB (0),1,,13,cupy_copy__complex64_complex64
1881975003,2272,11481,103,1,1,128,1,1,16,0.000,0.000,,,,,NVIDIA A100-SXM4-40GB (0),1,,13,cupy_copy__complex64_complex64
1881978491,79327,11488,1,1,1,32,32,1,30,0.000,0.000,,,,,NVIDIA A100-SXM4-40GB (0),1,,13,"void convert_kernel<__half2, float2>(tensor_layout_any, T1 *, tensor_layout_any, const T2 *)"
1882089754,11680,11491,,,,,,,,,,0.061,5260.247,Pinned,Device,NVIDIA A100-SXM4-40GB (0),1,,13,[CUDA memcpy Host-to-Device]
1882113146,46015,11492,,,,,,,,,,35.801,778026.463,Device,,NVIDIA A100-SXM4-40GB (0),1,,13,[CUDA memset]
1882163737,2112,11494,,,,,,,,,,0.000,37.879,Pinned,Device,NVIDIA A100-SXM4-40GB (0),1,,13,[CUDA memcpy Host-to-Device]
1882168473,22656,11495,,,,,,,,,,0.131,5785.256,Pinned,Device,NVIDIA A100-SXM4-40GB (0),1,,13,[CUDA memcpy Host-to-Device]
1882197145,8831,11496,273,1,1,48,1,1,40,0.000,0.001,,,,,NVIDIA A100-SXM4-40GB (0),1,,13,"void pusch_noise_intf_est::noiseIntfEstNoDftSOfdmKernel<float, __half, float, float, (unsigned int)2, (unsigned int)1, (unsigned char)4, (unsigned char)4>(pusch_noise_intf_est::puschRxNoiseIntfEstDynDescr)"
1882207224,2720,11507,35,1,1,128,1,1,16,0.000,0.000,,,,,NVIDIA A100-SXM4-40GB (0),1,,13,cupy_copy__complex64_complex64
1882218808,1600,11516,1,1,1,1,1,1,18,0.000,0.000,,,,,NVIDIA A100-SXM4-40GB (0),1,,13,cupy_copy__float32_float32
1882254296,2176,11522,,,,,,,,,,0.000,1.838,Device,Pageable,NVIDIA A100-SXM4-40GB (0),1,,7,[CUDA memcpy Device-to-Host]
1882315415,15392,11533,1434,1,1,128,1,1,16,0.000,0.000,,,,,NVIDIA A100-SXM4-40GB (0),1,,13,cupy_copy__complex64_complex64
1882343671,2464,11540,103,1,1,128,1,1,16,0.000,0.000,,,,,NVIDIA A100-SXM4-40GB (0),1,,13,cupy_copy__complex64_complex64
1882365079,2144,11547,35,1,1,128,1,1,16,0.000,0.000,,,,,NVIDIA A100-SXM4-40GB (0),1,,13,cupy_copy__complex64_complex64
1882388502,1536,11554,1,1,1,1,1,1,18,0.000,0.000,,,,,NVIDIA A100-SXM4-40GB (0),1,,13,cupy_copy__float32_float32
1882525301,79103,11565,1,1,1,32,32,1,30,0.000,0.000,,,,,NVIDIA A100-SXM4-40GB (0),1,,13,"void convert_kernel<__half2, float2>(tensor_layout_any, T1 *, tensor_layout_any, const T2 *)"
1882771570,11712,11568,,,,,,,,,,0.061,5245.870,Pinned,Device,NVIDIA A100-SXM4-40GB (0),1,,13,[CUDA memcpy Host-to-Device]
1882786610,3296,11569,,,,,,,,,,1.547,469242.628,Device,,NVIDIA A100-SXM4-40GB (0),1,,13,[CUDA memset]
1882792402,9952,11574,,,,,,,,,,0.021,2115.749,Pinned,Device,NVIDIA A100-SXM4-40GB (0),1,,13,[CUDA memcpy Host-to-Device]
1882805394,22687,11575,,,,,,,,,,0.131,5777.392,Pinned,Device,NVIDIA A100-SXM4-40GB (0),1,,13,[CUDA memcpy Host-to-Device]
1882837137,6048,11576,273,1,1,8,4,1,39,0.002,0.000,,,,,NVIDIA A100-SXM4-40GB (0),1,,13,"void channel_eq::eqMmseCoefCompLowMimoKernel<float, float, float, (unsigned int)4, (unsigned int)1, (unsigned int)4>(const channel_eq::_puschRxChEqStatDescr *, channel_eq::_puschRxChEqCoefCompDynDescr)"
1882844273,5248,11577,273,1,1,12,11,1,40,0.002,0.000,,,,,NVIDIA A100-SXM4-40GB (0),1,,13,"void channel_eq::eqMmseSoftDemapKernel<float, __half, __half, float, (unsigned int)4, (unsigned short)16383>(channel_eq::_puschRxChEqStatDescr *, channel_eq::_puschRxChEqSoftDemapDynDescr)"
1882850737,281245,11578,1,1,1,32,32,1,30,0.000,0.000,,,,,NVIDIA A100-SXM4-40GB (0),1,,13,"void convert_kernel<float2, __half2>(tensor_layout_any, T1 *, tensor_layout_any, const T2 *)"
1883133134,12480,11590,2253,1,1,128,1,1,16,0.000,0.000,,,,,NVIDIA A100-SXM4-40GB (0),1,,13,cupy_copy__float16_float16
1883146638,2592,11599,282,1,1,128,1,1,16,0.000,0.000,,,,,NVIDIA A100-SXM4-40GB (0),1,,13,cupy_copy__complex64_complex64
1883150254,1856,11608,26,1,1,128,1,1,16,0.000,0.000,,,,,NVIDIA A100-SXM4-40GB (0),1,,13,cupy_copy__float32_float32
1883153294,2912,11617,103,1,1,128,1,1,16,0.000,0.000,,,,,NVIDIA A100-SXM4-40GB (0),1,,13,cupy_copy__complex64_complex64
1883157134,13920,11627,1434,1,1,128,1,1,16,0.000,0.000,,,,,NVIDIA A100-SXM4-40GB (0),1,,13,cupy_copy__complex64_complex64
1883298572,79519,11632,1,1,1,32,32,1,30,0.000,0.000,,,,,NVIDIA A100-SXM4-40GB (0),1,,13,"void convert_kernel<__half2, float2>(tensor_layout_any, T1 *, tensor_layout_any, const T2 *)"
1883409643,12096,11635,,,,,,,,,,0.061,5079.306,Pinned,Device,NVIDIA A100-SXM4-40GB (0),1,,13,[CUDA memcpy Host-to-Device]
1883432043,587865,11636,,,,,,,,,,456.520,776541.336,Device,,NVIDIA A100-SXM4-40GB (0),1,,13,[CUDA memset]
1884026372,131903,11641,,,,,,,,,,0.825,6256.933,Pinned,Device,NVIDIA A100-SXM4-40GB (0),1,,13,[CUDA memcpy Host-to-Device]
1884160899,23199,11642,,,,,,,,,,0.131,5649.859,Pinned,Device,NVIDIA A100-SXM4-40GB (0),1,,13,[CUDA memcpy Host-to-Device]
1884192866,7584,11643,69,4,1,48,1,1,76,0.002,0.000,,,,,NVIDIA A100-SXM4-40GB (0),1,,13,"void ch_est::windowedChEstPreNoDftSOfdmKernel<float, __half, float, (unsigned int)2, (unsigned int)1, (unsigned short)4>(ch_est::puschRxChEstStatDescr_t *, ch_est::puschRxChEstDynDescr_t *)"
1884202114,6048,11644,137,2,1,24,2,1,44,0.001,0.001,,,,,NVIDIA A100-SXM4-40GB (0),1,,13,"void ch_est::chEstFilterNoDftSOfdmDispatchKernel<float, __half, float, (unsigned int)2>(ch_est::puschRxChEstStatDescr_t *, ch_est::puschRxChEstDynDescr_t *)"
1884209378,4704,11645,137,2,1,24,2,1,44,0.001,0.001,,,,,NVIDIA A100-SXM4-40GB (0),1,,13,"void ch_est::chEstFilterNoDftSOfdmDispatchKernel<float, __half, float, (unsigned int)2>(ch_est::puschRxChEstStatDescr_t *, ch_est::puschRxChEstDynDescr_t *)"
1884215170,2368,11656,103,1,1,128,1,1,16,0.000,0.000,,,,,NVIDIA A100-SXM4-40GB (0),1,,13,cupy_copy__complex64_complex64
1884218722,15392,11666,1434,1,1,128,1,1,16,0.000,0.000,,,,,NVIDIA A100-SXM4-40GB (0),1,,13,cupy_copy__complex64_complex64
1884235298,2272,11673,103,1,1,128,1,1,16,0.000,0.000,,,,,NVIDIA A100-SXM4-40GB (0),1,,13,cupy_copy__complex64_complex64
1884238754,79519,11680,1,1,1,32,32,1,30,0.000,0.000,,,,,NVIDIA A100-SXM4-40GB (0),1,,13,"void convert_kernel<__half2, float2>(tensor_layout_any, T1 *, tensor_layout_any, const T2 *)"
1884347616,12288,11683,,,,,,,,,,0.061,4999.987,Pinned,Device,NVIDIA A100-SXM4-40GB (0),1,,13,[CUDA memcpy Host-to-Device]
1884370016,45792,11684,,,,,,,,,,35.801,781785.564,Device,,NVIDIA A100-SXM4-40GB (0),1,,13,[CUDA memset]
1884421664,2144,11686,,,,,,,,,,0.000,37.313,Pinned,Device,NVIDIA A100-SXM4-40GB (0),1,,13,[CUDA memcpy Host-to-Device]
1884427136,22655,11687,,,,,,,,,,0.131,5785.518,Pinned,Device,NVIDIA A100-SXM4-40GB (0),1,,13,[CUDA memcpy Host-to-Device]
1884458079,8768,11688,273,1,1,48,1,1,40,0.000,0.001,,,,,NVIDIA A100-SXM4-40GB (0),1,,13,"void pusch_noise_intf_est::noiseIntfEstNoDftSOfdmKernel<float, __half, float, float, (unsigned int)2, (unsigned int)1, (unsigned char)4, (unsigned char)4>(pusch_noise_intf_est::puschRxNoiseIntfEstDynDescr)"
1884467871,2592,11699,35,1,1,128,1,1,16,0.000,0.000,,,,,NVIDIA A100-SXM4-40GB (0),1,,13,cupy_copy__complex64_complex64
1884471775,1568,11708,1,1,1,1,1,1,18,0.000,0.000,,,,,NVIDIA A100-SXM4-40GB (0),1,,13,cupy_copy__float32_float32
1884508479,1696,11714,,,,,,,,,,0.000,2.358,Device,Pageable,NVIDIA A100-SXM4-40GB (0),1,,7,[CUDA memcpy Device-to-Host]
1884568638,15360,11725,1434,1,1,128,1,1,16,0.000,0.000,,,,,NVIDIA A100-SXM4-40GB (0),1,,13,cupy_copy__complex64_complex64
1884596478,2528,11732,103,1,1,128,1,1,16,0.000,0.000,,,,,NVIDIA A100-SXM4-40GB (0),1,,13,cupy_copy__complex64_complex64
1884622205,2112,11739,35,1,1,128,1,1,16,0.000,0.000,,,,,NVIDIA A100-SXM4-40GB (0),1,,13,cupy_copy__complex64_complex64
1884640669,1504,11746,1,1,1,1,1,1,18,0.000,0.000,,,,,NVIDIA A100-SXM4-40GB (0),1,,13,cupy_copy__float32_float32
1884776028,79103,11757,1,1,1,32,32,1,30,0.000,0.000,,,,,NVIDIA A100-SXM4-40GB (0),1,,13,"void convert_kernel<__half2, float2>(tensor_layout_any, T1 *, tensor_layout_any, const T2 *)"
1884884090,11744,11760,,,,,,,,,,0.061,5231.555,Pinned,Device,NVIDIA A100-SXM4-40GB (0),1,,13,[CUDA memcpy Host-to-Device]
1884900570,3328,11761,,,,,,,,,,1.547,464729.580,Device,,NVIDIA A100-SXM4-40GB (0),1,,13,[CUDA memset]
1884906554,9888,11766,,,,,,,,,,0.021,2129.435,Pinned,Device,NVIDIA A100-SXM4-40GB (0),1,,13,[CUDA memcpy Host-to-Device]
1884920026,23008,11767,,,,,,,,,,0.131,5696.782,Pinned,Device,NVIDIA A100-SXM4-40GB (0),1,,13,[CUDA memcpy Host-to-Device]
1884951674,6048,11768,273,1,1,8,4,1,39,0.002,0.000,,,,,NVIDIA A100-SXM4-40GB (0),1,,13,"void channel_eq::eqMmseCoefCompLowMimoKernel<float, float, float, (unsigned int)4, (unsigned int)1, (unsigned int)4>(const channel_eq::_puschRxChEqStatDescr *, channel_eq::_puschRxChEqCoefCompDynDescr)"
1884958906,5247,11769,273,1,1,12,11,1,40,0.002,0.000,,,,,NVIDIA A100-SXM4-40GB (0),1,,13,"void channel_eq::eqMmseSoftDemapKernel<float, __half, __half, float, (unsigned int)4, (unsigned short)16383>(channel_eq::_puschRxChEqStatDescr *, channel_eq::_puschRxChEqSoftDemapDynDescr)"
1884965177,281693,11770,1,1,1,32,32,1,30,0.000,0.000,,,,,NVIDIA A100-SXM4-40GB (0),1,,13,"void convert_kernel<float2, __half2>(tensor_layout_any, T1 *, tensor_layout_any, const T2 *)"
1885247862,12512,11782,2253,1,1,128,1,1,16,0.000,0.000,,,,,NVIDIA A100-SXM4-40GB (0),1,,13,cupy_copy__float16_float16
1885261366,2624,11791,282,1,1,128,1,1,16,0.000,0.000,,,,,NVIDIA A100-SXM4-40GB (0),1,,13,cupy_copy__complex64_complex64
1885264950,1888,11800,26,1,1,128,1,1,16,0.000,0.000,,,,,NVIDIA A100-SXM4-40GB (0),1,,13,cupy_copy__float32_float32
1885267894,2848,11809,103,1,1,128,1,1,16,0.000,0.000,,,,,NVIDIA A100-SXM4-40GB (0),1,,13,cupy_copy__complex64_complex64
1885326613,13760,11825,1434,1,1,128,1,1,16,0.000,0.000,,,,,NVIDIA A100-SXM4-40GB (0),1,,13,cupy_copy__complex64_complex64
1885451956,79327,11830,1,1,1,32,32,1,30,0.000,0.000,,,,,NVIDIA A100-SXM4-40GB (0),1,,13,"void convert_kernel<__half2, float2>(tensor_layout_any, T1 *, tensor_layout_any, const T2 *)"
1885559315,11808,11833,,,,,,,,,,0.061,5203.231,Pinned,Device,NVIDIA A100-SXM4-40GB (0),1,,13,[CUDA memcpy Host-to-Device]
1885581395,587737,11834,,,,,,,,,,456.520,776541.336,Device,,NVIDIA A100-SXM4-40GB (0),1,,13,[CUDA memset]
1886169900,131582,11839,,,,,,,,,,0.825,6271.789,Pinned,Device,NVIDIA A100-SXM4-40GB (0),1,,13,[CUDA memcpy Host-to-Device]
1886303626,23360,11840,,,,,,,,,,0.131,5610.930,Pinned,Device,NVIDIA A100-SXM4-40GB (0),1,,13,[CUDA memcpy Host-to-Device]
1886330186,7296,11841,69,4,1,48,1,1,76,0.002,0.000,,,,,NVIDIA A100-SXM4-40GB (0),1,,13,"void ch_est::windowedChEstPreNoDftSOfdmKernel<float, __half, float, (unsigned int)2, (unsigned int)1, (unsigned short)4>(ch_est::puschRxChEstStatDescr_t *, ch_est::puschRxChEstDynDescr_t *)"
1886339210,5984,11842,137,2,1,24,2,1,44,0.001,0.001,,,,,NVIDIA A100-SXM4-40GB (0),1,,13,"void ch_est::chEstFilterNoDftSOfdmDispatchKernel<float, __half, float, (unsigned int)2>(ch_est::puschRxChEstStatDescr_t *, ch_est::puschRxChEstDynDescr_t *)"
1886346250,4704,11843,137,2,1,24,2,1,44,0.001,0.001,,,,,NVIDIA A100-SXM4-40GB (0),1,,13,"void ch_est::chEstFilterNoDftSOfdmDispatchKernel<float, __half, float, (unsigned int)2>(ch_est::puschRxChEstStatDescr_t *, ch_est::puschRxChEstDynDescr_t *)"
1886352170,2368,11854,103,1,1,128,1,1,16,0.000,0.000,,,,,NVIDIA A100-SXM4-40GB (0),1,,13,cupy_copy__complex64_complex64
1886355530,15360,11864,1434,1,1,128,1,1,16,0.000,0.000,,,,,NVIDIA A100-SXM4-40GB (0),1,,13,cupy_copy__complex64_complex64
1886371946,2304,11871,103,1,1,128,1,1,16,0.000,0.000,,,,,NVIDIA A100-SXM4-40GB (0),1,,13,cupy_copy__complex64_complex64
1886375338,78783,11878,1,1,1,32,32,1,30,0.000,0.000,,,,,NVIDIA A100-SXM4-40GB (0),1,,13,"void convert_kernel<__half2, float2>(tensor_layout_any, T1 *, tensor_layout_any, const T2 *)"
1886482696,11712,11881,,,,,,,,,,0.061,5245.870,Pinned,Device,NVIDIA A100-SXM4-40GB (0),1,,13,[CUDA memcpy Host-to-Device]
1886505032,46048,11882,,,,,,,,,,35.801,777453.647,Device,,NVIDIA A100-SXM4-40GB (0),1,,13,[CUDA memset]
1886553576,2496,11884,,,,,,,,,,0.000,32.051,Pinned,Device,NVIDIA A100-SXM4-40GB (0),1,,13,[CUDA memcpy Host-to-Device]
1886558216,22815,11885,,,,,,,,,,0.131,5744.886,Pinned,Device,NVIDIA A100-SXM4-40GB (0),1,,13,[CUDA memcpy Host-to-Device]
1886585191,8672,11886,273,1,1,48,1,1,40,0.000,0.001,,,,,NVIDIA A100-SXM4-40GB (0),1,,13,"void pusch_noise_intf_est::noiseIntfEstNoDftSOfdmKernel<float, __half, float, float, (unsigned int)2, (unsigned int)1, (unsigned char)4, (unsigned char)4>(pusch_noise_intf_est::puschRxNoiseIntfEstDynDescr)"
1886594791,2752,11897,35,1,1,128,1,1,16,0.000,0.000,,,,,NVIDIA A100-SXM4-40GB (0),1,,13,cupy_copy__complex64_complex64
1886605479,1600,11906,1,1,1,1,1,1,18,0.000,0.000,,,,,NVIDIA A100-SXM4-40GB (0),1,,13,cupy_copy__float32_float32
1886640679,1632,11912,,,,,,,,,,0.000,2.451,Device,Pageable,NVIDIA A100-SXM4-40GB (0),1,,7,[CUDA memcpy Device-to-Host]
1886703814,15264,11923,1434,1,1,128,1,1,16,0.000,0.000,,,,,NVIDIA A100-SXM4-40GB (0),1,,13,cupy_copy__complex64_complex64
1886736038,2496,11930,103,1,1,128,1,1,16,0.000,0.000,,,,,NVIDIA A100-SXM4-40GB (0),1,,13,cupy_copy__complex64_complex64
1886759909,2144,11937,35,1,1,128,1,1,16,0.000,0.000,,,,,NVIDIA A100-SXM4-40GB (0),1,,13,cupy_copy__complex64_complex64
1886779269,1568,11944,1,1,1,1,1,1,18,0.000,0.000,,,,,NVIDIA A100-SXM4-40GB (0),1,,13,cupy_copy__float32_float32
1886916964,79295,11955,1,1,1,32,32,1,30,0.000,0.000,,,,,NVIDIA A100-SXM4-40GB (0),1,,13,"void convert_kernel<__half2, float2>(tensor_layout_any, T1 *, tensor_layout_any, const T2 *)"
1887167457,11840,11958,,,,,,,,,,0.061,5189.161,Pinned,Device,NVIDIA A100-SXM4-40GB (0),1,,13,[CUDA memcpy Host-to-Device]
1887183617,3295,11959,,,,,,,,,,1.547,469384.918,Device,,NVIDIA A100-SXM4-40GB (0),1,,13,[CUDA memset]
1887188384,10016,11964,,,,,,,,,,0.021,2102.231,Pinned,Device,NVIDIA A100-SXM4-40GB (0),1,,13,[CUDA memcpy Host-to-Device]
1887201280,22592,11965,,,,,,,,,,0.131,5801.640,Pinned,Device,NVIDIA A100-SXM4-40GB (0),1,,13,[CUDA memcpy Host-to-Device]
1887233120,6016,11966,273,1,1,8,4,1,39,0.002,0.000,,,,,NVIDIA A100-SXM4-40GB (0),1,,13,"void channel_eq::eqMmseCoefCompLowMimoKernel<float, float, float, (unsigned int)4, (unsigned int)1, (unsigned int)4>(const channel_eq::_puschRxChEqStatDescr *, channel_eq::_puschRxChEqCoefCompDynDescr)"
1887240256,5184,11967,273,1,1,12,11,1,40,0.002,0.000,,,,,NVIDIA A100-SXM4-40GB (0),1,,13,"void channel_eq::eqMmseSoftDemapKernel<float, __half, __half, float, (unsigned int)4, (unsigned short)16383>(channel_eq::_puschRxChEqStatDescr *, channel_eq::_puschRxChEqSoftDemapDynDescr)"
1887246528,281117,11968,1,1,1,32,32,1,30,0.000,0.000,,,,,NVIDIA A100-SXM4-40GB (0),1,,13,"void convert_kernel<float2, __half2>(tensor_layout_any, T1 *, tensor_layout_any, const T2 *)"
1887528733,12319,11980,2253,1,1,128,1,1,16,0.000,0.000,,,,,NVIDIA A100-SXM4-40GB (0),1,,13,cupy_copy__float16_float16
1887542012,2624,11989,282,1,1,128,1,1,16,0.000,0.000,,,,,NVIDIA A100-SXM4-40GB (0),1,,13,cupy_copy__complex64_complex64
1887545628,1856,11998,26,1,1,128,1,1,16,0.000,0.000,,,,,NVIDIA A100-SXM4-40GB (0),1,,13,cupy_copy__float32_float32
1887548572,2848,12007,103,1,1,128,1,1,16,0.000,0.000,,,,,NVIDIA A100-SXM4-40GB (0),1,,13,cupy_copy__complex64_complex64
1887552380,13984,12017,1434,1,1,128,1,1,16,0.000,0.000,,,,,NVIDIA A100-SXM4-40GB (0),1,,13,cupy_copy__complex64_complex64
1887705819,80063,12022,1,1,1,32,32,1,30,0.000,0.000,,,,,NVIDIA A100-SXM4-40GB (0),1,,13,"void convert_kernel<__half2, float2>(tensor_layout_any, T1 *, tensor_layout_any, const T2 *)"
1887817465,11968,12025,,,,,,,,,,0.061,5133.681,Pinned,Device,NVIDIA A100-SXM4-40GB (0),1,,13,[CUDA memcpy Host-to-Device]
1887839289,587962,12026,,,,,,,,,,456.520,776084.816,Device,,NVIDIA A100-SXM4-40GB (0),1,,13,[CUDA memset]
1888428818,131583,12031,,,,,,,,,,0.825,6271.789,Pinned,Device,NVIDIA A100-SXM4-40GB (0),1,,13,[CUDA memcpy Host-to-Device]
1888563281,23200,12032,,,,,,,,,,0.131,5649.596,Pinned,Device,NVIDIA A100-SXM4-40GB (0),1,,13,[CUDA memcpy Host-to-Device]
1888596017,7200,12033,69,4,1,48,1,1,76,0.002,0.000,,,,,NVIDIA A100-SXM4-40GB (0),1,,13,"void ch_est::windowedChEstPreNoDftSOfdmKernel<float, __half, float, (unsigned int)2, (unsigned int)1, (unsigned short)4>(ch_est::puschRxChEstStatDescr_t *, ch_est::puschRxChEstDynDescr_t *)"
1888604785,5791,12034,137,2,1,24,2,1,44,0.001,0.001,,,,,NVIDIA A100-SXM4-40GB (0),1,,13,"void ch_est::chEstFilterNoDftSOfdmDispatchKernel<float, __half, float, (unsigned int)2>(ch_est::puschRxChEstStatDescr_t *, ch_est::puschRxChEstDynDescr_t *)"
1888611792,4736,12035,137,2,1,24,2,1,44,0.001,0.001,,,,,NVIDIA A100-SXM4-40GB (0),1,,13,"void ch_est::chEstFilterNoDftSOfdmDispatchKernel<float, __half, float, (unsigned int)2>(ch_est::puschRxChEstStatDescr_t *, ch_est::puschRxChEstDynDescr_t *)"
1888617616,2336,12046,103,1,1,128,1,1,16,0.000,0.000,,,,,NVIDIA A100-SXM4-40GB (0),1,,13,cupy_copy__complex64_complex64
1888620976,14880,12056,1434,1,1,128,1,1,16,0.000,0.000,,,,,NVIDIA A100-SXM4-40GB (0),1,,13,cupy_copy__complex64_complex64
1888637072,2240,12063,103,1,1,128,1,1,16,0.000,0.000,,,,,NVIDIA A100-SXM4-40GB (0),1,,13,cupy_copy__complex64_complex64
1888640336,78719,12070,1,1,1,32,32,1,30,0.000,0.000,,,,,NVIDIA A100-SXM4-40GB (0),1,,13,"void convert_kernel<__half2, float2>(tensor_layout_any, T1 *, tensor_layout_any, const T2 *)"
1888886157,12320,12073,,,,,,,,,,0.061,4986.962,Pinned,Device,NVIDIA A100-SXM4-40GB (0),1,,13,[CUDA memcpy Host-to-Device]
1888904237,46976,12074,,,,,,,,,,35.801,762095.036,Device,,NVIDIA A100-SXM4-40GB (0),1,,13,[CUDA memset]
1888953805,2080,12076,,,,,,,,,,0.000,38.462,Pinned,Device,NVIDIA A100-SXM4-40GB (0),1,,13,[CUDA memcpy Host-to-Device]
1888959117,23071,12077,,,,,,,,,,0.131,5681.185,Pinned,Device,NVIDIA A100-SXM4-40GB (0),1,,13,[CUDA memcpy Host-to-Device]
1888986444,9248,12078,273,1,1,48,1,1,40,0.000,0.001,,,,,NVIDIA A100-SXM4-40GB (0),1,,13,"void pusch_noise_intf_est::noiseIntfEstNoDftSOfdmKernel<float, __half, float, float, (unsigned int)2, (unsigned int)1, (unsigned char)4, (unsigned char)4>(pusch_noise_intf_est::puschRxNoiseIntfEstDynDescr)"
1888996652,2592,12089,35,1,1,128,1,1,16,0.000,0.000,,,,,NVIDIA A100-SXM4-40GB (0),1,,13,cupy_copy__complex64_complex64
1889001324,1568,12098,1,1,1,1,1,1,18,0.000,0.000,,,,,NVIDIA A100-SXM4-40GB (0),1,,13,cupy_copy__float32_float32
1889039564,1792,12104,,,,,,,,,,0.000,2.232,Device,Pageable,NVIDIA A100-SXM4-40GB (0),1,,7,[CUDA memcpy Device-to-Host]
1889099499,15296,12115,1434,1,1,128,1,1,16,0.000,0.000,,,,,NVIDIA A100-SXM4-40GB (0),1,,13,cupy_copy__complex64_complex64
1889127339,2528,12122,103,1,1,128,1,1,16,0.000,0.000,,,,,NVIDIA A100-SXM4-40GB (0),1,,13,cupy_copy__complex64_complex64
1889148202,2144,12129,35,1,1,128,1,1,16,0.000,0.000,,,,,NVIDIA A100-SXM4-40GB (0),1,,13,cupy_copy__complex64_complex64
1889166698,1536,12136,1,1,1,1,1,1,18,0.000,0.000,,,,,NVIDIA A100-SXM4-40GB (0),1,,13,cupy_copy__float32_float32
1889444711,79327,12147,1,1,1,32,32,1,30,0.000,0.000,,,,,NVIDIA A100-SXM4-40GB (0),1,,13,"void convert_kernel<__half2, float2>(tensor_layout_any, T1 *, tensor_layout_any, const T2 *)"
1889556422,11744,12150,,,,,,,,,,0.061,5231.555,Pinned,Device,NVIDIA A100-SXM4-40GB (0),1,,13,[CUDA memcpy Host-to-Device]
1889574054,3360,12151,,,,,,,,,,1.547,460304.688,Device,,NVIDIA A100-SXM4-40GB (0),1,,13,[CUDA memset]
1889580390,9919,12156,,,,,,,,,,0.021,2122.782,Pinned,Device,NVIDIA A100-SXM4-40GB (0),1,,13,[CUDA memcpy Host-to-Device]
1889593989,23616,12157,,,,,,,,,,0.131,5550.113,Pinned,Device,NVIDIA A100-SXM4-40GB (0),1,,13,[CUDA memcpy Host-to-Device]
1889627205,6048,12158,273,1,1,8,4,1,39,0.002,0.000,,,,,NVIDIA A100-SXM4-40GB (0),1,,13,"void channel_eq::eqMmseCoefCompLowMimoKernel<float, float, float, (unsigned int)4, (unsigned int)1, (unsigned int)4>(const channel_eq::_puschRxChEqStatDescr *, channel_eq::_puschRxChEqCoefCompDynDescr)"
1889634341,5280,12159,273,1,1,12,11,1,40,0.002,0.000,,,,,NVIDIA A100-SXM4-40GB (0),1,,13,"void channel_eq::eqMmseSoftDemapKernel<float, __half, __half, float, (unsigned int)4, (unsigned short)16383>(channel_eq::_puschRxChEqStatDescr *, channel_eq::_puschRxChEqSoftDemapDynDescr)"
1889640581,281149,12160,1,1,1,32,32,1,30,0.000,0.000,,,,,NVIDIA A100-SXM4-40GB (0),1,,13,"void convert_kernel<float2, __half2>(tensor_layout_any, T1 *, tensor_layout_any, const T2 *)"
1889922786,12480,12172,2253,1,1,128,1,1,16,0.000,0.000,,,,,NVIDIA A100-SXM4-40GB (0),1,,13,cupy_copy__float16_float16
1889936258,2624,12181,282,1,1,128,1,1,16,0.000,0.000,,,,,NVIDIA A100-SXM4-40GB (0),1,,13,cupy_copy__complex64_complex64
1889939906,1887,12190,26,1,1,128,1,1,16,0.000,0.000,,,,,NVIDIA A100-SXM4-40GB (0),1,,13,cupy_copy__float32_float32
1889942849,2848,12199,103,1,1,128,1,1,16,0.000,0.000,,,,,NVIDIA A100-SXM4-40GB (0),1,,13,cupy_copy__complex64_complex64
1889946657,13824,12209,1434,1,1,128,1,1,16,0.000,0.000,,,,,NVIDIA A100-SXM4-40GB (0),1,,13,cupy_copy__complex64_complex64
1889972193,79583,12214,1,1,1,32,32,1,30,0.000,0.000,,,,,NVIDIA A100-SXM4-40GB (0),1,,13,"void convert_kernel<__half2, float2>(tensor_layout_any, T1 *, tensor_layout_any, const T2 *)"
1890080128,11712,12217,,,,,,,,,,0.061,5245.870,Pinned,Device,NVIDIA A100-SXM4-40GB (0),1,,13,[CUDA memcpy Host-to-Device]
1890102304,588185,12218,,,,,,,,,,456.520,776084.816,Device,,NVIDIA A100-SXM4-40GB (0),1,,13,[CUDA memset]
1890693273,131551,12223,,,,,,,,,,0.825,6273.440,Pinned,Device,NVIDIA A100-SXM4-40GB (0),1,,13,[CUDA memcpy Host-to-Device]
1890827896,22623,12224,,,,,,,,,,0.131,5793.645,Pinned,Device,NVIDIA A100-SXM4-40GB (0),1,,13,[CUDA memcpy Host-to-Device]
1890862135,7584,12225,69,4,1,48,1,1,76,0.002,0.000,,,,,NVIDIA A100-SXM4-40GB (0),1,,13,"void ch_est::windowedChEstPreNoDftSOfdmKernel<float, __half, float, (unsigned int)2, (unsigned int)1, (unsigned short)4>(ch_est::puschRxChEstStatDescr_t *, ch_est::puschRxChEstDynDescr_t *)"
1890871351,6016,12226,137,2,1,24,2,1,44,0.001,0.001,,,,,NVIDIA A100-SXM4-40GB (0),1,,13,"void ch_est::chEstFilterNoDftSOfdmDispatchKernel<float, __half, float, (unsigned int)2>(ch_est::puschRxChEstStatDescr_t *, ch_est::puschRxChEstDynDescr_t *)"
1890878295,4736,12227,137,2,1,24,2,1,44,0.001,0.001,,,,,NVIDIA A100-SXM4-40GB (0),1,,13,"void ch_est::chEstFilterNoDftSOfdmDispatchKernel<float, __half, float, (unsigned int)2>(ch_est::puschRxChEstStatDescr_t *, ch_est::puschRxChEstDynDescr_t *)"
1890884087,2368,12238,103,1,1,128,1,1,16,0.000,0.000,,,,,NVIDIA A100-SXM4-40GB (0),1,,13,cupy_copy__complex64_complex64
1890887447,15200,12248,1434,1,1,128,1,1,16,0.000,0.000,,,,,NVIDIA A100-SXM4-40GB (0),1,,13,cupy_copy__complex64_complex64
1890903543,2304,12255,103,1,1,128,1,1,16,0.000,0.000,,,,,NVIDIA A100-SXM4-40GB (0),1,,13,cupy_copy__complex64_complex64
1890906935,78367,12262,1,1,1,32,32,1,30,0.000,0.000,,,,,NVIDIA A100-SXM4-40GB (0),1,,13,"void convert_kernel<__half2, float2>(tensor_layout_any, T1 *, tensor_layout_any, const T2 *)"
1891013749,12288,12265,,,,,,,,,,0.061,4999.987,Pinned,Device,NVIDIA A100-SXM4-40GB (0),1,,13,[CUDA memcpy Host-to-Device]
1891036181,45760,12266,,,,,,,,,,35.801,782358.379,Device,,NVIDIA A100-SXM4-40GB (0),1,,13,[CUDA memset]
1891087477,2112,12268,,,,,,,,,,0.000,37.879,Pinned,Device,NVIDIA A100-SXM4-40GB (0),1,,13,[CUDA memcpy Host-to-Device]
1891092405,22847,12269,,,,,,,,,,0.131,5736.890,Pinned,Device,NVIDIA A100-SXM4-40GB (0),1,,13,[CUDA memcpy Host-to-Device]
1891121172,8640,12270,273,1,1,48,1,1,40,0.000,0.001,,,,,NVIDIA A100-SXM4-40GB (0),1,,13,"void pusch_noise_intf_est::noiseIntfEstNoDftSOfdmKernel<float, __half, float, float, (unsigned int)2, (unsigned int)1, (unsigned char)4, (unsigned char)4>(pusch_noise_intf_est::puschRxNoiseIntfEstDynDescr)"
1891131028,2752,12281,35,1,1,128,1,1,16,0.000,0.000,,,,,NVIDIA A100-SXM4-40GB (0),1,,13,cupy_copy__complex64_complex64
1891140884,1568,12290,1,1,1,1,1,1,18,0.000,0.000,,,,,NVIDIA A100-SXM4-40GB (0),1,,13,cupy_copy__float32_float32
1891176820,1728,12296,,,,,,,,,,0.000,2.315,Device,Pageable,NVIDIA A100-SXM4-40GB (0),1,,7,[CUDA memcpy Device-to-Host]
1891237491,15296,12307,1434,1,1,128,1,1,16,0.000,0.000,,,,,NVIDIA A100-SXM4-40GB (0),1,,13,cupy_copy__complex64_complex64
1891264883,2464,12314,103,1,1,128,1,1,16,0.000,0.000,,,,,NVIDIA A100-SXM4-40GB (0),1,,13,cupy_copy__complex64_complex64
1891287090,2144,12321,35,1,1,128,1,1,16,0.000,0.000,,,,,NVIDIA A100-SXM4-40GB (0),1,,13,cupy_copy__complex64_complex64
1891306290,1568,12328,1,1,1,1,1,1,18,0.000,0.000,,,,,NVIDIA A100-SXM4-40GB (0),1,,13,cupy_copy__float32_float32
1891441361,79423,12339,1,1,1,32,32,1,30,0.000,0.000,,,,,NVIDIA A100-SXM4-40GB (0),1,,13,"void convert_kernel<__half2, float2>(tensor_layout_any, T1 *, tensor_layout_any, const T2 *)"
1891549327,12160,12342,,,,,,,,,,0.061,5052.580,Pinned,Device,NVIDIA A100-SXM4-40GB (0),1,,13,[CUDA memcpy Host-to-Device]
1891565839,3328,12343,,,,,,,,,,1.547,464729.580,Device,,NVIDIA A100-SXM4-40GB (0),1,,13,[CUDA memset]
1891571599,10304,12348,,,,,,,,,,0.021,2043.464,Pinned,Device,NVIDIA A100-SXM4-40GB (0),1,,13,[CUDA memcpy Host-to-Device]
1891585071,23040,12349,,,,,,,,,,0.131,5688.787,Pinned,Device,NVIDIA A100-SXM4-40GB (0),1,,13,[CUDA memcpy Host-to-Device]
1891616815,6240,12350,273,1,1,8,4,1,39,0.002,0.000,,,,,NVIDIA A100-SXM4-40GB (0),1,,13,"void channel_eq::eqMmseCoefCompLowMimoKernel<float, float, float, (unsigned int)4, (unsigned int)1, (unsigned int)4>(const channel_eq::_puschRxChEqStatDescr *, channel_eq::_puschRxChEqCoefCompDynDescr)"
1891624303,5151,12351,273,1,1,12,11,1,40,0.002,0.000,,,,,NVIDIA A100-SXM4-40GB (0),1,,13,"void channel_eq::eqMmseSoftDemapKernel<float, __half, __half, float, (unsigned int)4, (unsigned short)16383>(channel_eq::_puschRxChEqStatDescr *, channel_eq::_puschRxChEqSoftDemapDynDescr)"
1891630382,281373,12352,1,1,1,32,32,1,30,0.000,0.000,,,,,NVIDIA A100-SXM4-40GB (0),1,,13,"void convert_kernel<float2, __half2>(tensor_layout_any, T1 *, tensor_layout_any, const T2 *)"
1891912811,12224,12364,2253,1,1,128,1,1,16,0.000,0.000,,,,,NVIDIA A100-SXM4-40GB (0),1,,13,cupy_copy__float16_float16
1891926091,2592,12373,282,1,1,128,1,1,16,0.000,0.000,,,,,NVIDIA A100-SXM4-40GB (0),1,,13,cupy_copy__complex64_complex64
1891929675,1856,12382,26,1,1,128,1,1,16,0.000,0.000,,,,,NVIDIA A100-SXM4-40GB (0),1,,13,cupy_copy__float32_float32
1891932459,2880,12391,103,1,1,128,1,1,16,0.000,0.000,,,,,NVIDIA A100-SXM4-40GB (0),1,,13,cupy_copy__complex64_complex64
1891936299,13952,12401,1434,1,1,128,1,1,16,0.000,0.000,,,,,NVIDIA A100-SXM4-40GB (0),1,,13,cupy_copy__complex64_complex64
1891951243,78527,12406,1,1,1,32,32,1,30,0.000,0.000,,,,,NVIDIA A100-SXM4-40GB (0),1,,13,"void convert_kernel<__half2, float2>(tensor_layout_any, T1 *, tensor_layout_any, const T2 *)"
1892058538,11712,12409,,,,,,,,,,0.061,5245.870,Pinned,Device,NVIDIA A100-SXM4-40GB (0),1,,13,[CUDA memcpy Host-to-Device]
1892080649,587802,12410,,,,,,,,,,456.520,776541.336,Device,,NVIDIA A100-SXM4-40GB (0),1,,13,[CUDA memset]
1892676035,131838,12415,,,,,,,,,,0.825,6260.234,Pinned,Device,NVIDIA A100-SXM4-40GB (0),1,,13,[CUDA memcpy Host-to-Device]
1892810657,22624,12416,,,,,,,,,,0.131,5793.382,Pinned,Device,NVIDIA A100-SXM4-40GB (0),1,,13,[CUDA memcpy Host-to-Device]
1892836609,7328,12417,69,4,1,48,1,1,76,0.002,0.000,,,,,NVIDIA A100-SXM4-40GB (0),1,,13,"void ch_est::windowedChEstPreNoDftSOfdmKernel<float, __half, float, (unsigned int)2, (unsigned int)1, (unsigned short)4>(ch_est::puschRxChEstStatDescr_t *, ch_est::puschRxChEstDynDescr_t *)"
1892845601,6048,12418,137,2,1,24,2,1,44,0.001,0.001,,,,,NVIDIA A100-SXM4-40GB (0),1,,13,"void ch_est::chEstFilterNoDftSOfdmDispatchKernel<float, __half, float, (unsigned int)2>(ch_est::puschRxChEstStatDescr_t *, ch_est::puschRxChEstDynDescr_t *)"
1892852609,4704,12419,137,2,1,24,2,1,44,0.001,0.001,,,,,NVIDIA A100-SXM4-40GB (0),1,,13,"void ch_est::chEstFilterNoDftSOfdmDispatchKernel<float, __half, float, (unsigned int)2>(ch_est::puschRxChEstStatDescr_t *, ch_est::puschRxChEstDynDescr_t *)"
1892858401,2336,12430,103,1,1,128,1,1,16,0.000,0.000,,,,,NVIDIA A100-SXM4-40GB (0),1,,13,cupy_copy__complex64_complex64
1892861953,15391,12440,1434,1,1,128,1,1,16,0.000,0.000,,,,,NVIDIA A100-SXM4-40GB (0),1,,13,cupy_copy__complex64_complex64
1892878560,2240,12447,103,1,1,128,1,1,16,0.000,0.000,,,,,NVIDIA A100-SXM4-40GB (0),1,,13,cupy_copy__complex64_complex64
1892881984,78944,12454,1,1,1,32,32,1,30,0.000,0.000,,,,,NVIDIA A100-SXM4-40GB (0),1,,13,"void convert_kernel<__half2, float2>(tensor_layout_any, T1 *, tensor_layout_any, const T2 *)"
1893131550,12191,12457,,,,,,,,,,0.061,5039.739,Pinned,Device,NVIDIA A100-SXM4-40GB (0),1,,13,[CUDA memcpy Host-to-Device]
1893147677,46752,12458,,,,,,,,,,35.801,765746.733,Device,,NVIDIA A100-SXM4-40GB (0),1,,13,[CUDA memset]
1893196189,2080,12460,,,,,,,,,,0.000,38.462,Pinned,Device,NVIDIA A100-SXM4-40GB (0),1,,13,[CUDA memcpy Host-to-Device]
1893200861,22976,12461,,,,,,,,,,0.131,5704.647,Pinned,Device,NVIDIA A100-SXM4-40GB (0),1,,13,[CUDA memcpy Host-to-Device]
1893232636,9120,12462,273,1,1,48,1,1,40,0.000,0.001,,,,,NVIDIA A100-SXM4-40GB (0),1,,13,"void pusch_noise_intf_est::noiseIntfEstNoDftSOfdmKernel<float, __half, float, float, (unsigned int)2, (unsigned int)1, (unsigned char)4, (unsigned char)4>(pusch_noise_intf_est::puschRxNoiseIntfEstDynDescr)"
1893242876,2592,12473,35,1,1,128,1,1,16,0.000,0.000,,,,,NVIDIA A100-SXM4-40GB (0),1,,13,cupy_copy__complex64_complex64
1893246620,1568,12482,1,1,1,1,1,1,18,0.000,0.000,,,,,NVIDIA A100-SXM4-40GB (0),1,,13,cupy_copy__float32_float32
1893283740,1696,12488,,,,,,,,,,0.000,2.358,Device,Pageable,NVIDIA A100-SXM4-40GB (0),1,,7,[CUDA memcpy Device-to-Host]
1893344763,15296,12499,1434,1,1,128,1,1,16,0.000,0.000,,,,,NVIDIA A100-SXM4-40GB (0),1,,13,cupy_copy__complex64_complex64
1893372475,2528,12506,103,1,1,128,1,1,16,0.000,0.000,,,,,NVIDIA A100-SXM4-40GB (0),1,,13,cupy_copy__complex64_complex64
1893403611,2112,12513,35,1,1,128,1,1,16,0.000,0.000,,,,,NVIDIA A100-SXM4-40GB (0),1,,13,cupy_copy__complex64_complex64
1893425146,1536,12520,1,1,1,1,1,1,18,0.000,0.000,,,,,NVIDIA A100-SXM4-40GB (0),1,,13,cupy_copy__float32_float32
1893698615,79327,12531,1,1,1,32,32,1,30,0.000,0.000,,,,,NVIDIA A100-SXM4-40GB (0),1,,13,"void convert_kernel<__half2, float2>(tensor_layout_any, T1 *, tensor_layout_any, const T2 *)"
1893810294,11808,12534,,,,,,,,,,0.061,5203.231,Pinned,Device,NVIDIA A100-SXM4-40GB (0),1,,13,[CUDA memcpy Host-to-Device]
1893827542,3296,12535,,,,,,,,,,1.547,469242.628,Device,,NVIDIA A100-SXM4-40GB (0),1,,13,[CUDA memset]
1893834102,9888,12540,,,,,,,,,,0.021,2129.435,Pinned,Device,NVIDIA A100-SXM4-40GB (0),1,,13,[CUDA memcpy Host-to-Device]
1893846646,23999,12541,,,,,,,,,,0.131,5461.508,Pinned,Device,NVIDIA A100-SXM4-40GB (0),1,,13,[CUDA memcpy Host-to-Device]
1893879829,6080,12542,273,1,1,8,4,1,39,0.002,0.000,,,,,NVIDIA A100-SXM4-40GB (0),1,,13,"void channel_eq::eqMmseCoefCompLowMimoKernel<float, float, float, (unsigned int)4, (unsigned int)1, (unsigned int)4>(const channel_eq::_puschRxChEqStatDescr *, channel_eq::_puschRxChEqCoefCompDynDescr)"
1893886997,5216,12543,273,1,1,12,11,1,40,0.002,0.000,,,,,NVIDIA A100-SXM4-40GB (0),1,,13,"void channel_eq::eqMmseSoftDemapKernel<float, __half, __half, float, (unsigned int)4, (unsigned short)16383>(channel_eq::_puschRxChEqStatDescr *, channel_eq::_puschRxChEqSoftDemapDynDescr)"
1893893205,281053,12544,1,1,1,32,32,1,30,0.000,0.000,,,,,NVIDIA A100-SXM4-40GB (0),1,,13,"void convert_kernel<float2, __half2>(tensor_layout_any, T1 *, tensor_layout_any, const T2 *)"
1894175314,12416,12556,2253,1,1,128,1,1,16,0.000,0.000,,,,,NVIDIA A100-SXM4-40GB (0),1,,13,cupy_copy__float16_float16
1894188946,2624,12565,282,1,1,128,1,1,16,0.000,0.000,,,,,NVIDIA A100-SXM4-40GB (0),1,,13,cupy_copy__complex64_complex64
1894192530,1856,12574,26,1,1,128,1,1,16,0.000,0.000,,,,,NVIDIA A100-SXM4-40GB (0),1,,13,cupy_copy__float32_float32
1894195474,2848,12583,103,1,1,128,1,1,16,0.000,0.000,,,,,NVIDIA A100-SXM4-40GB (0),1,,13,cupy_copy__complex64_complex64
1894199314,14111,12593,1434,1,1,128,1,1,16,0.000,0.000,,,,,NVIDIA A100-SXM4-40GB (0),1,,13,cupy_copy__complex64_complex64
1894232913,79231,12598,1,1,1,32,32,1,30,0.000,0.000,,,,,NVIDIA A100-SXM4-40GB (0),1,,13,"void convert_kernel<__half2, float2>(tensor_layout_any, T1 *, tensor_layout_any, const T2 *)"
1894479982,11712,12601,,,,,,,,,,0.061,5245.870,Pinned,Device,NVIDIA A100-SXM4-40GB (0),1,,13,[CUDA memcpy Host-to-Device]
1894497326,588410,12602,,,,,,,,,,456.520,775628.296,Device,,NVIDIA A100-SXM4-40GB (0),1,,13,[CUDA memset]
1895089544,131582,12607,,,,,,,,,,0.825,6271.789,Pinned,Device,NVIDIA A100-SXM4-40GB (0),1,,13,[CUDA memcpy Host-to-Device]
1895223270,22912,12608,,,,,,,,,,0.131,5720.637,Pinned,Device,NVIDIA A100-SXM4-40GB (0),1,,13,[CUDA memcpy Host-to-Device]
1895255014,8128,12609,69,4,1,48,1,1,76,0.002,0.000,,,,,NVIDIA A100-SXM4-40GB (0),1,,13,"void ch_est::windowedChEstPreNoDftSOfdmKernel<float, __half, float, (unsigned int)2, (unsigned int)1, (unsigned short)4>(ch_est::puschRxChEstStatDescr_t *, ch_est::puschRxChEstDynDescr_t *)"
1895264742,5888,12610,137,2,1,24,2,1,44,0.001,0.001,,,,,NVIDIA A100-SXM4-40GB (0),1,,13,"void ch_est::chEstFilterNoDftSOfdmDispatchKernel<float, __half, float, (unsigned int)2>(ch_est::puschRxChEstStatDescr_t *, ch_est::puschRxChEstDynDescr_t *)"
1895271622,4735,12611,137,2,1,24,2,1,44,0.001,0.001,,,,,NVIDIA A100-SXM4-40GB (0),1,,13,"void ch_est::chEstFilterNoDftSOfdmDispatchKernel<float, __half, float, (unsigned int)2>(ch_est::puschRxChEstStatDescr_t *, ch_est::puschRxChEstDynDescr_t *)"
1895277445,2368,12622,103,1,1,128,1,1,16,0.000,0.000,,,,,NVIDIA A100-SXM4-40GB (0),1,,13,cupy_copy__complex64_complex64
1895280805,15200,12632,1434,1,1,128,1,1,16,0.000,0.000,,,,,NVIDIA A100-SXM4-40GB (0),1,,13,cupy_copy__complex64_complex64
1895297125,2272,12639,103,1,1,128,1,1,16,0.000,0.000,,,,,NVIDIA A100-SXM4-40GB (0),1,,13,cupy_copy__complex64_complex64
1895300485,79519,12646,1,1,1,32,32,1,30,0.000,0.000,,,,,NVIDIA A100-SXM4-40GB (0),1,,13,"void convert_kernel<__half2, float2>(tensor_layout_any, T1 *, tensor_layout_any, const T2 *)"
1895411780,11712,12649,,,,,,,,,,0.061,5245.870,Pinned,Device,NVIDIA A100-SXM4-40GB (0),1,,13,[CUDA memcpy Host-to-Device]
1895434212,45823,12650,,,,,,,,,,35.801,781284.350,Device,,NVIDIA A100-SXM4-40GB (0),1,,13,[CUDA memset]
1895486851,2304,12652,,,,,,,,,,0.000,34.722,Pinned,Device,NVIDIA A100-SXM4-40GB (0),1,,13,[CUDA memcpy Host-to-Device]
1895492323,22720,12653,,,,,,,,,,0.131,5769.003,Pinned,Device,NVIDIA A100-SXM4-40GB (0),1,,13,[CUDA memcpy Host-to-Device]
1895521251,8672,12654,273,1,1,48,1,1,40,0.000,0.001,,,,,NVIDIA A100-SXM4-40GB (0),1,,13,"void pusch_noise_intf_est::noiseIntfEstNoDftSOfdmKernel<float, __half, float, float, (unsigned int)2, (unsigned int)1, (unsigned char)4, (unsigned char)4>(pusch_noise_intf_est::puschRxNoiseIntfEstDynDescr)"
1895530883,2688,12665,35,1,1,128,1,1,16,0.000,0.000,,,,,NVIDIA A100-SXM4-40GB (0),1,,13,cupy_copy__complex64_complex64
1895544770,1600,12674,1,1,1,1,1,1,18,0.000,0.000,,,,,NVIDIA A100-SXM4-40GB (0),1,,13,cupy_copy__float32_float32
1895581346,1696,12680,,,,,,,,,,0.000,2.358,Device,Pageable,NVIDIA A100-SXM4-40GB (0),1,,7,[CUDA memcpy Device-to-Host]
1895641793,15360,12691,1434,1,1,128,1,1,16,0.000,0.000,,,,,NVIDIA A100-SXM4-40GB (0),1,,13,cupy_copy__complex64_complex64
1895669985,2496,12698,103,1,1,128,1,1,16,0.000,0.000,,,,,NVIDIA A100-SXM4-40GB (0),1,,13,cupy_copy__complex64_complex64
1895691041,2144,12705,35,1,1,128,1,1,16,0.000,0.000,,,,,NVIDIA A100-SXM4-40GB (0),1,,13,cupy_copy__complex64_complex64
1895709537,1568,12712,1,1,1,1,1,1,18,0.000,0.000,,,,,NVIDIA A100-SXM4-40GB (0),1,,13,cupy_copy__float32_float32
1895847007,79103,12723,1,1,1,32,32,1,30,0.000,0.000,,,,,NVIDIA A100-SXM4-40GB (0),1,,13,"void convert_kernel<__half2, float2>(tensor_layout_any, T1 *, tensor_layout_any, const T2 *)"
1895954750,11872,12726,,,,,,,,,,0.061,5175.153,Pinned,Device,NVIDIA A100-SXM4-40GB (0),1,,13,[CUDA memcpy Host-to-Device]
1895971646,3328,12727,,,,,,,,,,1.547,464729.580,Device,,NVIDIA A100-SXM4-40GB (0),1,,13,[CUDA memset]
1895977598,9983,12732,,,,,,,,,,0.021,2109.180,Pinned,Device,NVIDIA A100-SXM4-40GB (0),1,,13,[CUDA memcpy Host-to-Device]
1895990813,23168,12733,,,,,,,,,,0.131,5657.330,Pinned,Device,NVIDIA A100-SXM4-40GB (0),1,,13,[CUDA memcpy Host-to-Device]
1896023037,6080,12734,273,1,1,8,4,1,39,0.002,0.000,,,,,NVIDIA A100-SXM4-40GB (0),1,,13,"void channel_eq::eqMmseCoefCompLowMimoKernel<float, float, float, (unsigned int)4, (unsigned int)1, (unsigned int)4>(const channel_eq::_puschRxChEqStatDescr *, channel_eq::_puschRxChEqCoefCompDynDescr)"
1896030173,5216,12735,273,1,1,12,11,1,40,0.002,0.000,,,,,NVIDIA A100-SXM4-40GB (0),1,,13,"void channel_eq::eqMmseSoftDemapKernel<float, __half, __half, float, (unsigned int)4, (unsigned short)16383>(channel_eq::_puschRxChEqStatDescr *, channel_eq::_puschRxChEqSoftDemapDynDescr)"
1896036413,280797,12736,1,1,1,32,32,1,30,0.000,0.000,,,,,NVIDIA A100-SXM4-40GB (0),1,,13,"void convert_kernel<float2, __half2>(tensor_layout_any, T1 *, tensor_layout_any, const T2 *)"
1896318202,12384,12748,2253,1,1,128,1,1,16,0.000,0.000,,,,,NVIDIA A100-SXM4-40GB (0),1,,13,cupy_copy__float16_float16
1896331770,2624,12757,282,1,1,128,1,1,16,0.000,0.000,,,,,NVIDIA A100-SXM4-40GB (0),1,,13,cupy_copy__complex64_complex64
1896335354,1888,12766,26,1,1,128,1,1,16,0.000,0.000,,,,,NVIDIA A100-SXM4-40GB (0),1,,13,cupy_copy__float32_float32
1896338330,2880,12775,103,1,1,128,1,1,16,0.000,0.000,,,,,NVIDIA A100-SXM4-40GB (0),1,,13,cupy_copy__complex64_complex64
1896342137,13952,12785,1434,1,1,128,1,1,16,0.000,0.000,,,,,NVIDIA A100-SXM4-40GB (0),1,,13,cupy_copy__complex64_complex64
1896363577,79423,12790,1,1,1,32,32,1,30,0.000,0.000,,,,,NVIDIA A100-SXM4-40GB (0),1,,13,"void convert_kernel<__half2, float2>(tensor_layout_any, T1 *, tensor_layout_any, const T2 *)"
1896471192,11712,12793,,,,,,,,,,0.061,5245.870,Pinned,Device,NVIDIA A100-SXM4-40GB (0),1,,13,[CUDA memcpy Host-to-Device]
1896493016,587577,12794,,,,,,,,,,456.520,776541.336,Device,,NVIDIA A100-SXM4-40GB (0),1,,13,[CUDA memset]
1897086321,131615,12799,,,,,,,,,,0.825,6270.138,Pinned,Device,NVIDIA A100-SXM4-40GB (0),1,,13,[CUDA memcpy Host-to-Device]
1897220976,22623,12800,,,,,,,,,,0.131,5793.645,Pinned,Device,NVIDIA A100-SXM4-40GB (0),1,,13,[CUDA memcpy Host-to-Device]
1897250767,7232,12801,69,4,1,48,1,1,76,0.002,0.000,,,,,NVIDIA A100-SXM4-40GB (0),1,,13,"void ch_est::windowedChEstPreNoDftSOfdmKernel<float, __half, float, (unsigned int)2, (unsigned int)1, (unsigned short)4>(ch_est::puschRxChEstStatDescr_t *, ch_est::puschRxChEstDynDescr_t *)"
1897259599,6176,12802,137,2,1,24,2,1,44,0.001,0.001,,,,,NVIDIA A100-SXM4-40GB (0),1,,13,"void ch_est::chEstFilterNoDftSOfdmDispatchKernel<float, __half, float, (unsigned int)2>(ch_est::puschRxChEstStatDescr_t *, ch_est::puschRxChEstDynDescr_t *)"
1897266735,4704,12803,137,2,1,24,2,1,44,0.001,0.001,,,,,NVIDIA A100-SXM4-40GB (0),1,,13,"void ch_est::chEstFilterNoDftSOfdmDispatchKernel<float, __half, float, (unsigned int)2>(ch_est::puschRxChEstStatDescr_t *, ch_est::puschRxChEstDynDescr_t *)"
1897272527,2336,12814,103,1,1,128,1,1,16,0.000,0.000,,,,,NVIDIA A100-SXM4-40GB (0),1,,13,cupy_copy__complex64_complex64
1897275919,15328,12824,1434,1,1,128,1,1,16,0.000,0.000,,,,,NVIDIA A100-SXM4-40GB (0),1,,13,cupy_copy__complex64_complex64
1897292175,2240,12831,103,1,1,128,1,1,16,0.000,0.000,,,,,NVIDIA A100-SXM4-40GB (0),1,,13,cupy_copy__complex64_complex64
1897295471,78879,12838,1,1,1,32,32,1,30,0.000,0.000,,,,,NVIDIA A100-SXM4-40GB (0),1,,13,"void convert_kernel<__half2, float2>(tensor_layout_any, T1 *, tensor_layout_any, const T2 *)"
1897411181,12128,12841,,,,,,,,,,0.061,5065.912,Pinned,Device,NVIDIA A100-SXM4-40GB (0),1,,13,[CUDA memcpy Host-to-Device]
1897434061,45952,12842,,,,,,,,,,35.801,779064.691,Device,,NVIDIA A100-SXM4-40GB (0),1,,13,[CUDA memset]
1897486701,2112,12844,,,,,,,,,,0.000,37.879,Pinned,Device,NVIDIA A100-SXM4-40GB (0),1,,13,[CUDA memcpy Host-to-Device]
1897490957,22655,12845,,,,,,,,,,0.131,5785.518,Pinned,Device,NVIDIA A100-SXM4-40GB (0),1,,13,[CUDA memcpy Host-to-Device]
1897518028,8960,12846,273,1,1,48,1,1,40,0.000,0.001,,,,,NVIDIA A100-SXM4-40GB (0),1,,13,"void pusch_noise_intf_est::noiseIntfEstNoDftSOfdmKernel<float, __half, float, float, (unsigned int)2, (unsigned int)1, (unsigned char)4, (unsigned char)4>(pusch_noise_intf_est::puschRxNoiseIntfEstDynDescr)"
1897528044,2560,12857,35,1,1,128,1,1,16,0.000,0.000,,,,,NVIDIA A100-SXM4-40GB (0),1,,13,cupy_copy__complex64_complex64
1897539660,1568,12866,1,1,1,1,1,1,18,0.000,0.000,,,,,NVIDIA A100-SXM4-40GB (0),1,,13,cupy_copy__float32_float32
1897574764,1760,12872,,,,,,,,,,0.000,2.273,Device,Pageable,NVIDIA A100-SXM4-40GB (0),1,,7,[CUDA memcpy Device-to-Host]
1897635563,15584,12883,1434,1,1,128,1,1,16,0.000,0.000,,,,,NVIDIA A100-SXM4-40GB (0),1,,13,cupy_copy__complex64_complex64
1897663627,2528,12890,103,1,1,128,1,1,16,0.000,0.000,,,,,NVIDIA A100-SXM4-40GB (0),1,,13,cupy_copy__complex64_complex64
1897685418,2144,12897,35,1,1,128,1,1,16,0.000,0.000,,,,,NVIDIA A100-SXM4-40GB (0),1,,13,cupy_copy__complex64_complex64
1897703946,1536,12904,1,1,1,1,1,1,18,0.000,0.000,,,,,NVIDIA A100-SXM4-40GB (0),1,,13,cupy_copy__float32_float32
1897838985,78879,12915,1,1,1,32,32,1,30,0.000,0.000,,,,,NVIDIA A100-SXM4-40GB (0),1,,13,"void convert_kernel<__half2, float2>(tensor_layout_any, T1 *, tensor_layout_any, const T2 *)"
1897947047,11712,12918,,,,,,,,,,0.061,5245.870,Pinned,Device,NVIDIA A100-SXM4-40GB (0),1,,13,[CUDA memcpy Host-to-Device]
1897963719,3424,12919,,,,,,,,,,1.547,451700.819,Device,,NVIDIA A100-SXM4-40GB (0),1,,13,[CUDA memset]
1897969191,10016,12924,,,,,,,,,,0.021,2102.231,Pinned,Device,NVIDIA A100-SXM4-40GB (0),1,,13,[CUDA memcpy Host-to-Device]
1897982311,23232,12925,,,,,,,,,,0.131,5641.863,Pinned,Device,NVIDIA A100-SXM4-40GB (0),1,,13,[CUDA memcpy Host-to-Device]
1898014695,5984,12926,273,1,1,8,4,1,39,0.002,0.000,,,,,NVIDIA A100-SXM4-40GB (0),1,,13,"void channel_eq::eqMmseCoefCompLowMimoKernel<float, float, float, (unsigned int)4, (unsigned int)1, (unsigned int)4>(const channel_eq::_puschRxChEqStatDescr *, channel_eq::_puschRxChEqCoefCompDynDescr)"
1898021639,5152,12927,273,1,1,12,11,1,40,0.002,0.000,,,,,NVIDIA A100-SXM4-40GB (0),1,,13,"void channel_eq::eqMmseSoftDemapKernel<float, __half, __half, float, (unsigned int)4, (unsigned short)16383>(channel_eq::_puschRxChEqStatDescr *, channel_eq::_puschRxChEqSoftDemapDynDescr)"
1898027879,280892,12928,1,1,1,32,32,1,30,0.000,0.000,,,,,NVIDIA A100-SXM4-40GB (0),1,,13,"void convert_kernel<float2, __half2>(tensor_layout_any, T1 *, tensor_layout_any, const T2 *)"
1898309795,12288,12940,2253,1,1,128,1,1,16,0.000,0.000,,,,,NVIDIA A100-SXM4-40GB (0),1,,13,cupy_copy__float16_float16
1898323043,2656,12949,282,1,1,128,1,1,16,0.000,0.000,,,,,NVIDIA A100-SXM4-40GB (0),1,,13,cupy_copy__complex64_complex64
1898326723,1856,12958,26,1,1,128,1,1,16,0.000,0.000,,,,,NVIDIA A100-SXM4-40GB (0),1,,13,cupy_copy__float32_float32
1898329667,2848,12967,103,1,1,128,1,1,16,0.000,0.000,,,,,NVIDIA A100-SXM4-40GB (0),1,,13,cupy_copy__complex64_complex64
1898333475,13984,12977,1434,1,1,128,1,1,16,0.000,0.000,,,,,NVIDIA A100-SXM4-40GB (0),1,,13,cupy_copy__complex64_complex64
1898353123,79071,12982,1,1,1,32,32,1,30,0.000,0.000,,,,,NVIDIA A100-SXM4-40GB (0),1,,13,"void convert_kernel<__half2, float2>(tensor_layout_any, T1 *, tensor_layout_any, const T2 *)"
1898602240,11680,12985,,,,,,,,,,0.061,5260.247,Pinned,Device,NVIDIA A100-SXM4-40GB (0),1,,13,[CUDA memcpy Host-to-Device]
1898619776,588345,12986,,,,,,,,,,456.520,775628.296,Device,,NVIDIA A100-SXM4-40GB (0),1,,13,[CUDA memset]
1899215225,136255,12991,,,,,,,,,,0.825,6057.200,Pinned,Device,NVIDIA A100-SXM4-40GB (0),1,,13,[CUDA memcpy Host-to-Device]
1899354840,22687,12992,,,,,,,,,,0.131,5777.392,Pinned,Device,NVIDIA A100-SXM4-40GB (0),1,,13,[CUDA memcpy Host-to-Device]
1899384791,7360,12993,69,4,1,48,1,1,76,0.002,0.000,,,,,NVIDIA A100-SXM4-40GB (0),1,,13,"void ch_est::windowedChEstPreNoDftSOfdmKernel<float, __half, float, (unsigned int)2, (unsigned int)1, (unsigned short)4>(ch_est::puschRxChEstStatDescr_t *, ch_est::puschRxChEstDynDescr_t *)"
1899393751,6016,12994,137,2,1,24,2,1,44,0.001,0.001,,,,,NVIDIA A100-SXM4-40GB (0),1,,13,"void ch_est::chEstFilterNoDftSOfdmDispatchKernel<float, __half, float, (unsigned int)2>(ch_est::puschRxChEstStatDescr_t *, ch_est::puschRxChEstDynDescr_t *)"
1899400727,4704,12995,137,2,1,24,2,1,44,0.001,0.001,,,,,NVIDIA A100-SXM4-40GB (0),1,,13,"void ch_est::chEstFilterNoDftSOfdmDispatchKernel<float, __half, float, (unsigned int)2>(ch_est::puschRxChEstStatDescr_t *, ch_est::puschRxChEstDynDescr_t *)"
1899406391,2752,13006,103,1,1,128,1,1,16,0.000,0.000,,,,,NVIDIA A100-SXM4-40GB (0),1,,13,cupy_copy__complex64_complex64
1899410199,15232,13016,1434,1,1,128,1,1,16,0.000,0.000,,,,,NVIDIA A100-SXM4-40GB (0),1,,13,cupy_copy__complex64_complex64
1899426519,2272,13023,103,1,1,128,1,1,16,0.000,0.000,,,,,NVIDIA A100-SXM4-40GB (0),1,,13,cupy_copy__complex64_complex64
1899429879,79327,13030,1,1,1,32,32,1,30,0.000,0.000,,,,,NVIDIA A100-SXM4-40GB (0),1,,13,"void convert_kernel<__half2, float2>(tensor_layout_any, T1 *, tensor_layout_any, const T2 *)"
1899541302,12223,13033,,,,,,,,,,0.061,5026.529,Pinned,Device,NVIDIA A100-SXM4-40GB (0),1,,13,[CUDA memcpy Host-to-Device]
1899559125,46016,13034,,,,,,,,,,35.801,777990.662,Device,,NVIDIA A100-SXM4-40GB (0),1,,13,[CUDA memset]
1899612757,2112,13036,,,,,,,,,,0.000,37.879,Pinned,Device,NVIDIA A100-SXM4-40GB (0),1,,13,[CUDA memcpy Host-to-Device]
1899617973,22719,13037,,,,,,,,,,0.131,5769.265,Pinned,Device,NVIDIA A100-SXM4-40GB (0),1,,13,[CUDA memcpy Host-to-Device]
1899652020,8768,13038,273,1,1,48,1,1,40,0.000,0.001,,,,,NVIDIA A100-SXM4-40GB (0),1,,13,"void pusch_noise_intf_est::noiseIntfEstNoDftSOfdmKernel<float, __half, float, float, (unsigned int)2, (unsigned int)1, (unsigned char)4, (unsigned char)4>(pusch_noise_intf_est::puschRxNoiseIntfEstDynDescr)"
1899661812,2624,13049,35,1,1,128,1,1,16,0.000,0.000,,,,,NVIDIA A100-SXM4-40GB (0),1,,13,cupy_copy__complex64_complex64
1899673428,1600,13058,1,1,1,1,1,1,18,0.000,0.000,,,,,NVIDIA A100-SXM4-40GB (0),1,,13,cupy_copy__float32_float32
1899709844,1696,13064,,,,,,,,,,0.000,2.358,Device,Pageable,NVIDIA A100-SXM4-40GB (0),1,,7,[CUDA memcpy Device-to-Host]
1899770099,15584,13075,1434,1,1,128,1,1,16,0.000,0.000,,,,,NVIDIA A100-SXM4-40GB (0),1,,13,cupy_copy__complex64_complex64
1899798099,2496,13082,103,1,1,128,1,1,16,0.000,0.000,,,,,NVIDIA A100-SXM4-40GB (0),1,,13,cupy_copy__complex64_complex64
1899820018,2144,13089,35,1,1,128,1,1,16,0.000,0.000,,,,,NVIDIA A100-SXM4-40GB (0),1,,13,cupy_copy__complex64_complex64
1899839122,1568,13096,1,1,1,1,1,1,18,0.000,0.000,,,,,NVIDIA A100-SXM4-40GB (0),1,,13,cupy_copy__float32_float32
1899976625,78527,13107,1,1,1,32,32,1,30,0.000,0.000,,,,,NVIDIA A100-SXM4-40GB (0),1,,13,"void convert_kernel<__half2, float2>(tensor_layout_any, T1 *, tensor_layout_any, const T2 *)"
1900224558,11744,13110,,,,,,,,,,0.061,5231.555,Pinned,Device,NVIDIA A100-SXM4-40GB (0),1,,13,[CUDA memcpy Host-to-Device]
1900239534,3296,13111,,,,,,,,,,1.547,469242.628,Device,,NVIDIA A100-SXM4-40GB (0),1,,13,[CUDA memset]
1900245262,10335,13116,,,,,,,,,,0.021,2037.336,Pinned,Device,NVIDIA A100-SXM4-40GB (0),1,,13,[CUDA memcpy Host-to-Device]
1900258349,23520,13117,,,,,,,,,,0.131,5572.788,Pinned,Device,NVIDIA A100-SXM4-40GB (0),1,,13,[CUDA memcpy Host-to-Device]
1900291021,6016,13118,273,1,1,8,4,1,39,0.002,0.000,,,,,NVIDIA A100-SXM4-40GB (0),1,,13,"void channel_eq::eqMmseCoefCompLowMimoKernel<float, float, float, (unsigned int)4, (unsigned int)1, (unsigned int)4>(const channel_eq::_puschRxChEqStatDescr *, channel_eq::_puschRxChEqCoefCompDynDescr)"
1900298157,5120,13119,273,1,1,12,11,1,40,0.002,0.000,,,,,NVIDIA A100-SXM4-40GB (0),1,,13,"void channel_eq::eqMmseSoftDemapKernel<float, __half, __half, float, (unsigned int)4, (unsigned short)16383>(channel_eq::_puschRxChEqStatDescr *, channel_eq::_puschRxChEqSoftDemapDynDescr)"
1900304237,281309,13120,1,1,1,32,32,1,30,0.000,0.000,,,,,NVIDIA A100-SXM4-40GB (0),1,,13,"void convert_kernel<float2, __half2>(tensor_layout_any, T1 *, tensor_layout_any, const T2 *)"
1900586538,12512,13132,2253,1,1,128,1,1,16,0.000,0.000,,,,,NVIDIA A100-SXM4-40GB (0),1,,13,cupy_copy__float16_float16
1900600042,2624,13141,282,1,1,128,1,1,16,0.000,0.000,,,,,NVIDIA A100-SXM4-40GB (0),1,,13,cupy_copy__complex64_complex64
1900603658,1856,13150,26,1,1,128,1,1,16,0.000,0.000,,,,,NVIDIA A100-SXM4-40GB (0),1,,13,cupy_copy__float32_float32
1900606442,2879,13159,103,1,1,128,1,1,16,0.000,0.000,,,,,NVIDIA A100-SXM4-40GB (0),1,,13,cupy_copy__complex64_complex64
1900610249,13920,13169,1434,1,1,128,1,1,16,0.000,0.000,,,,,NVIDIA A100-SXM4-40GB (0),1,,13,cupy_copy__complex64_complex64
1900754856,79167,13174,1,1,1,32,32,1,30,0.000,0.000,,,,,NVIDIA A100-SXM4-40GB (0),1,,13,"void convert_kernel<__half2, float2>(tensor_layout_any, T1 *, tensor_layout_any, const T2 *)"
1900865959,11743,13177,,,,,,,,,,0.061,5232.046,Pinned,Device,NVIDIA A100-SXM4-40GB (0),1,,13,[CUDA memcpy Host-to-Device]
1900887974,587834,13178,,,,,,,,,,456.520,776541.336,Device,,NVIDIA A100-SXM4-40GB (0),1,,13,[CUDA memset]
1901480288,134206,13183,,,,,,,,,,0.825,6149.638,Pinned,Device,NVIDIA A100-SXM4-40GB (0),1,,13,[CUDA memcpy Host-to-Device]
1901617054,22752,13184,,,,,,,,,,0.131,5760.877,Pinned,Device,NVIDIA A100-SXM4-40GB (0),1,,13,[CUDA memcpy Host-to-Device]
1901645726,7392,13185,69,4,1,48,1,1,76,0.002,0.000,,,,,NVIDIA A100-SXM4-40GB (0),1,,13,"void ch_est::windowedChEstPreNoDftSOfdmKernel<float, __half, float, (unsigned int)2, (unsigned int)1, (unsigned short)4>(ch_est::puschRxChEstStatDescr_t *, ch_est::puschRxChEstDynDescr_t *)"
1901654718,5536,13186,137,2,1,24,2,1,44,0.001,0.001,,,,,NVIDIA A100-SXM4-40GB (0),1,,13,"void ch_est::chEstFilterNoDftSOfdmDispatchKernel<float, __half, float, (unsigned int)2>(ch_est::puschRxChEstStatDescr_t *, ch_est::puschRxChEstDynDescr_t *)"
1901661246,4704,13187,137,2,1,24,2,1,44,0.001,0.001,,,,,NVIDIA A100-SXM4-40GB (0),1,,13,"void ch_est::chEstFilterNoDftSOfdmDispatchKernel<float, __half, float, (unsigned int)2>(ch_est::puschRxChEstStatDescr_t *, ch_est::puschRxChEstDynDescr_t *)"
1901667070,2304,13198,103,1,1,128,1,1,16,0.000,0.000,,,,,NVIDIA A100-SXM4-40GB (0),1,,13,cupy_copy__complex64_complex64
1901670302,15359,13208,1434,1,1,128,1,1,16,0.000,0.000,,,,,NVIDIA A100-SXM4-40GB (0),1,,13,cupy_copy__complex64_complex64
1901686621,2208,13215,103,1,1,128,1,1,16,0.000,0.000,,,,,NVIDIA A100-SXM4-40GB (0),1,,13,cupy_copy__complex64_complex64
1901690077,79487,13222,1,1,1,32,32,1,30,0.000,0.000,,,,,NVIDIA A100-SXM4-40GB (0),1,,13,"void convert_kernel<__half2, float2>(tensor_layout_any, T1 *, tensor_layout_any, const T2 *)"
1901799804,11872,13225,,,,,,,,,,0.061,5175.153,Pinned,Device,NVIDIA A100-SXM4-40GB (0),1,,13,[CUDA memcpy Host-to-Device]
1901822876,45759,13226,,,,,,,,,,35.801,782358.379,Device,,NVIDIA A100-SXM4-40GB (0),1,,13,[CUDA memset]
1901875771,2112,13228,,,,,,,,,,0.000,37.879,Pinned,Device,NVIDIA A100-SXM4-40GB (0),1,,13,[CUDA memcpy Host-to-Device]
1901879995,23008,13229,,,,,,,,,,0.131,5696.782,Pinned,Device,NVIDIA A100-SXM4-40GB (0),1,,13,[CUDA memcpy Host-to-Device]
1901911995,8672,13230,273,1,1,48,1,1,40,0.000,0.001,,,,,NVIDIA A100-SXM4-40GB (0),1,,13,"void pusch_noise_intf_est::noiseIntfEstNoDftSOfdmKernel<float, __half, float, float, (unsigned int)2, (unsigned int)1, (unsigned char)4, (unsigned char)4>(pusch_noise_intf_est::puschRxNoiseIntfEstDynDescr)"
1901921755,2496,13241,35,1,1,128,1,1,16,0.000,0.000,,,,,NVIDIA A100-SXM4-40GB (0),1,,13,cupy_copy__complex64_complex64
1901925339,1600,13250,1,1,1,1,1,1,18,0.000,0.000,,,,,NVIDIA A100-SXM4-40GB (0),1,,13,cupy_copy__float32_float32
1901960442,1792,13256,,,,,,,,,,0.000,2.232,Device,Pageable,NVIDIA A100-SXM4-40GB (0),1,,7,[CUDA memcpy Device-to-Host]
1902020954,15455,13267,1434,1,1,128,1,1,16,0.000,0.000,,,,,NVIDIA A100-SXM4-40GB (0),1,,13,cupy_copy__complex64_complex64
1902048409,2496,13274,103,1,1,128,1,1,16,0.000,0.000,,,,,NVIDIA A100-SXM4-40GB (0),1,,13,cupy_copy__complex64_complex64
1902070073,2144,13281,35,1,1,128,1,1,16,0.000,0.000,,,,,NVIDIA A100-SXM4-40GB (0),1,,13,cupy_copy__complex64_complex64
1902088889,1536,13288,1,1,1,1,1,1,18,0.000,0.000,,,,,NVIDIA A100-SXM4-40GB (0),1,,13,cupy_copy__float32_float32
1902224343,78655,13299,1,1,1,32,32,1,30,0.000,0.000,,,,,NVIDIA A100-SXM4-40GB (0),1,,13,"void convert_kernel<__half2, float2>(tensor_layout_any, T1 *, tensor_layout_any, const T2 *)"
1902331990,11744,13302,,,,,,,,,,0.061,5231.555,Pinned,Device,NVIDIA A100-SXM4-40GB (0),1,,13,[CUDA memcpy Host-to-Device]
1902348310,3360,13303,,,,,,,,,,1.547,460304.688,Device,,NVIDIA A100-SXM4-40GB (0),1,,13,[CUDA memset]
1902354454,10016,13308,,,,,,,,,,0.021,2102.231,Pinned,Device,NVIDIA A100-SXM4-40GB (0),1,,13,[CUDA memcpy Host-to-Device]
1902367062,22943,13309,,,,,,,,,,0.131,5712.904,Pinned,Device,NVIDIA A100-SXM4-40GB (0),1,,13,[CUDA memcpy Host-to-Device]
1902399413,6016,13310,273,1,1,8,4,1,39,0.002,0.000,,,,,NVIDIA A100-SXM4-40GB (0),1,,13,"void channel_eq::eqMmseCoefCompLowMimoKernel<float, float, float, (unsigned int)4, (unsigned int)1, (unsigned int)4>(const channel_eq::_puschRxChEqStatDescr *, channel_eq::_puschRxChEqCoefCompDynDescr)"
1902406645,5280,13311,273,1,1,12,11,1,40,0.002,0.000,,,,,NVIDIA A100-SXM4-40GB (0),1,,13,"void channel_eq::eqMmseSoftDemapKernel<float, __half, __half, float, (unsigned int)4, (unsigned short)16383>(channel_eq::_puschRxChEqStatDescr *, channel_eq::_puschRxChEqSoftDemapDynDescr)"
1902412885,281277,13312,1,1,1,32,32,1,30,0.000,0.000,,,,,NVIDIA A100-SXM4-40GB (0),1,,13,"void convert_kernel<float2, __half2>(tensor_layout_any, T1 *, tensor_layout_any, const T2 *)"
1902695122,12288,13324,2253,1,1,128,1,1,16,0.000,0.000,,,,,NVIDIA A100-SXM4-40GB (0),1,,13,cupy_copy__float16_float16
1902708434,2624,13333,282,1,1,128,1,1,16,0.000,0.000,,,,,NVIDIA A100-SXM4-40GB (0),1,,13,cupy_copy__complex64_complex64
1902712050,1888,13342,26,1,1,128,1,1,16,0.000,0.000,,,,,NVIDIA A100-SXM4-40GB (0),1,,13,cupy_copy__float32_float32
1902714994,2848,13351,103,1,1,128,1,1,16,0.000,0.000,,,,,NVIDIA A100-SXM4-40GB (0),1,,13,cupy_copy__complex64_complex64
1902718866,14176,13361,1434,1,1,128,1,1,16,0.000,0.000,,,,,NVIDIA A100-SXM4-40GB (0),1,,13,cupy_copy__complex64_complex64
1902735122,79391,13366,1,1,1,32,32,1,30,0.000,0.000,,,,,NVIDIA A100-SXM4-40GB (0),1,,13,"void convert_kernel<__half2, float2>(tensor_layout_any, T1 *, tensor_layout_any, const T2 *)"
1902842480,12320,13369,,,,,,,,,,0.061,4986.962,Pinned,Device,NVIDIA A100-SXM4-40GB (0),1,,13,[CUDA memcpy Host-to-Device]
1902865296,587962,13370,,,,,,,,,,456.520,776084.816,Device,,NVIDIA A100-SXM4-40GB (0),1,,13,[CUDA memset]
1903462953,132351,13375,,,,,,,,,,0.825,6235.474,Pinned,Device,NVIDIA A100-SXM4-40GB (0),1,,13,[CUDA memcpy Host-to-Device]
1903597832,22752,13376,,,,,,,,,,0.131,5760.877,Pinned,Device,NVIDIA A100-SXM4-40GB (0),1,,13,[CUDA memcpy Host-to-Device]
1903630248,7263,13377,69,4,1,48,1,1,76,0.002,0.000,,,,,NVIDIA A100-SXM4-40GB (0),1,,13,"void ch_est::windowedChEstPreNoDftSOfdmKernel<float, __half, float, (unsigned int)2, (unsigned int)1, (unsigned short)4>(ch_est::puschRxChEstStatDescr_t *, ch_est::puschRxChEstDynDescr_t *)"
1903639207,5984,13378,137,2,1,24,2,1,44,0.001,0.001,,,,,NVIDIA A100-SXM4-40GB (0),1,,13,"void ch_est::chEstFilterNoDftSOfdmDispatchKernel<float, __half, float, (unsigned int)2>(ch_est::puschRxChEstStatDescr_t *, ch_est::puschRxChEstDynDescr_t *)"
1903646183,4704,13379,137,2,1,24,2,1,44,0.001,0.001,,,,,NVIDIA A100-SXM4-40GB (0),1,,13,"void ch_est::chEstFilterNoDftSOfdmDispatchKernel<float, __half, float, (unsigned int)2>(ch_est::puschRxChEstStatDescr_t *, ch_est::puschRxChEstDynDescr_t *)"
1903651975,2336,13390,103,1,1,128,1,1,16,0.000,0.000,,,,,NVIDIA A100-SXM4-40GB (0),1,,13,cupy_copy__complex64_complex64
1903655335,15264,13400,1434,1,1,128,1,1,16,0.000,0.000,,,,,NVIDIA A100-SXM4-40GB (0),1,,13,cupy_copy__complex64_complex64
1903671815,2272,13407,103,1,1,128,1,1,16,0.000,0.000,,,,,NVIDIA A100-SXM4-40GB (0),1,,13,cupy_copy__complex64_complex64
1903675175,79007,13414,1,1,1,32,32,1,30,0.000,0.000,,,,,NVIDIA A100-SXM4-40GB (0),1,,13,"void convert_kernel<__half2, float2>(tensor_layout_any, T1 *, tensor_layout_any, const T2 *)"
1903782854,12512,13417,,,,,,,,,,0.061,4910.469,Pinned,Device,NVIDIA A100-SXM4-40GB (0),1,,13,[CUDA memcpy Host-to-Device]
1903805318,45887,13418,,,,,,,,,,35.801,780174.520,Device,,NVIDIA A100-SXM4-40GB (0),1,,13,[CUDA memset]
1903856933,2112,13420,,,,,,,,,,0.000,37.879,Pinned,Device,NVIDIA A100-SXM4-40GB (0),1,,13,[CUDA memcpy Host-to-Device]
1903861733,23776,13421,,,,,,,,,,0.131,5512.757,Pinned,Device,NVIDIA A100-SXM4-40GB (0),1,,13,[CUDA memcpy Host-to-Device]
1903892389,8959,13422,273,1,1,48,1,1,40,0.000,0.001,,,,,NVIDIA A100-SXM4-40GB (0),1,,13,"void pusch_noise_intf_est::noiseIntfEstNoDftSOfdmKernel<float, __half, float, float, (unsigned int)2, (unsigned int)1, (unsigned char)4, (unsigned char)4>(pusch_noise_intf_est::puschRxNoiseIntfEstDynDescr)"
1903902436,2656,13433,35,1,1,128,1,1,16,0.000,0.000,,,,,NVIDIA A100-SXM4-40GB (0),1,,13,cupy_copy__complex64_complex64
1903906148,1600,13442,1,1,1,1,1,1,18,0.000,0.000,,,,,NVIDIA A100-SXM4-40GB (0),1,,13,cupy_copy__float32_float32
1903939076,1888,13448,,,,,,,,,,0.000,2.119,Device,Pageable,NVIDIA A100-SXM4-40GB (0),1,,7,[CUDA memcpy Device-to-Host]
1903998243,15328,13459,1434,1,1,128,1,1,16,0.000,0.000,,,,,NVIDIA A100-SXM4-40GB (0),1,,13,cupy_copy__complex64_complex64
1904025475,2496,13466,103,1,1,128,1,1,16,0.000,0.000,,,,,NVIDIA A100-SXM4-40GB (0),1,,13,cupy_copy__complex64_complex64
1904046723,2176,13473,35,1,1,128,1,1,16,0.000,0.000,,,,,NVIDIA A100-SXM4-40GB (0),1,,13,cupy_copy__complex64_complex64
1904065507,1568,13480,1,1,1,1,1,1,18,0.000,0.000,,,,,NVIDIA A100-SXM4-40GB (0),1,,13,cupy_copy__float32_float32
1904199969,79231,13491,1,1,1,32,32,1,30,0.000,0.000,,,,,NVIDIA A100-SXM4-40GB (0),1,,13,"void convert_kernel<__half2, float2>(tensor_layout_any, T1 *, tensor_layout_any, const T2 *)"
1904452062,12064,13494,,,,,,,,,,0.061,5092.823,Pinned,Device,NVIDIA A100-SXM4-40GB (0),1,,13,[CUDA memcpy Host-to-Device]
1904467774,3328,13495,,,,,,,,,,1.547,464729.580,Device,,NVIDIA A100-SXM4-40GB (0),1,,13,[CUDA memset]
1904473630,10368,13500,,,,,,,,,,0.021,2030.851,Pinned,Device,NVIDIA A100-SXM4-40GB (0),1,,13,[CUDA memcpy Host-to-Device]
1904486526,23584,13501,,,,,,,,,,0.131,5557.584,Pinned,Device,NVIDIA A100-SXM4-40GB (0),1,,13,[CUDA memcpy Host-to-Device]
1904519038,6271,13502,273,1,1,8,4,1,39,0.002,0.000,,,,,NVIDIA A100-SXM4-40GB (0),1,,13,"void channel_eq::eqMmseCoefCompLowMimoKernel<float, float, float, (unsigned int)4, (unsigned int)1, (unsigned int)4>(const channel_eq::_puschRxChEqStatDescr *, channel_eq::_puschRxChEqCoefCompDynDescr)"
1904526429,5248,13503,273,1,1,12,11,1,40,0.002,0.000,,,,,NVIDIA A100-SXM4-40GB (0),1,,13,"void channel_eq::eqMmseSoftDemapKernel<float, __half, __half, float, (unsigned int)4, (unsigned short)16383>(channel_eq::_puschRxChEqStatDescr *, channel_eq::_puschRxChEqSoftDemapDynDescr)"
1904532669,280989,13504,1,1,1,32,32,1,30,0.000,0.000,,,,,NVIDIA A100-SXM4-40GB (0),1,,13,"void convert_kernel<float2, __half2>(tensor_layout_any, T1 *, tensor_layout_any, const T2 *)"
1904814650,12672,13516,2253,1,1,128,1,1,16,0.000,0.000,,,,,NVIDIA A100-SXM4-40GB (0),1,,13,cupy_copy__float16_float16
1904828250,2624,13525,282,1,1,128,1,1,16,0.000,0.000,,,,,NVIDIA A100-SXM4-40GB (0),1,,13,cupy_copy__complex64_complex64
1904831834,1856,13534,26,1,1,128,1,1,16,0.000,0.000,,,,,NVIDIA A100-SXM4-40GB (0),1,,13,cupy_copy__float32_float32
1904834778,2848,13543,103,1,1,128,1,1,16,0.000,0.000,,,,,NVIDIA A100-SXM4-40GB (0),1,,13,cupy_copy__complex64_complex64
1904838618,13888,13553,1434,1,1,128,1,1,16,0.000,0.000,,,,,NVIDIA A100-SXM4-40GB (0),1,,13,cupy_copy__complex64_complex64
1904983832,79903,13558,1,1,1,32,32,1,30,0.000,0.000,,,,,NVIDIA A100-SXM4-40GB (0),1,,13,"void convert_kernel<__half2, float2>(tensor_layout_any, T1 *, tensor_layout_any, const T2 *)"
1905095095,11680,13561,,,,,,,,,,0.061,5260.247,Pinned,Device,NVIDIA A100-SXM4-40GB (0),1,,13,[CUDA memcpy Host-to-Device]
1905117079,587897,13562,,,,,,,,,,456.520,776084.816,Device,,NVIDIA A100-SXM4-40GB (0),1,,13,[CUDA memset]
1905706576,133631,13567,,,,,,,,,,0.825,6176.049,Pinned,Device,NVIDIA A100-SXM4-40GB (0),1,,13,[CUDA memcpy Host-to-Device]
1905843279,23743,13568,,,,,,,,,,0.131,5520.359,Pinned,Device,NVIDIA A100-SXM4-40GB (0),1,,13,[CUDA memcpy Host-to-Device]
1905876846,7232,13569,69,4,1,48,1,1,76,0.002,0.000,,,,,NVIDIA A100-SXM4-40GB (0),1,,13,"void ch_est::windowedChEstPreNoDftSOfdmKernel<float, __half, float, (unsigned int)2, (unsigned int)1, (unsigned short)4>(ch_est::puschRxChEstStatDescr_t *, ch_est::puschRxChEstDynDescr_t *)"
1905885646,5600,13570,137,2,1,24,2,1,44,0.001,0.001,,,,,NVIDIA A100-SXM4-40GB (0),1,,13,"void ch_est::chEstFilterNoDftSOfdmDispatchKernel<float, __half, float, (unsigned int)2>(ch_est::puschRxChEstStatDescr_t *, ch_est::puschRxChEstDynDescr_t *)"
1905892174,4736,13571,137,2,1,24,2,1,44,0.001,0.001,,,,,NVIDIA A100-SXM4-40GB (0),1,,13,"void ch_est::chEstFilterNoDftSOfdmDispatchKernel<float, __half, float, (unsigned int)2>(ch_est::puschRxChEstStatDescr_t *, ch_est::puschRxChEstDynDescr_t *)"
1905897998,2336,13582,103,1,1,128,1,1,16,0.000,0.000,,,,,NVIDIA A100-SXM4-40GB (0),1,,13,cupy_copy__complex64_complex64
1905901326,15168,13592,1434,1,1,128,1,1,16,0.000,0.000,,,,,NVIDIA A100-SXM4-40GB (0),1,,13,cupy_copy__complex64_complex64
1905917454,2208,13599,103,1,1,128,1,1,16,0.000,0.000,,,,,NVIDIA A100-SXM4-40GB (0),1,,13,cupy_copy__complex64_complex64
1905920718,78911,13606,1,1,1,32,32,1,30,0.000,0.000,,,,,NVIDIA A100-SXM4-40GB (0),1,,13,"void convert_kernel<__half2, float2>(tensor_layout_any, T1 *, tensor_layout_any, const T2 *)"
1906167691,12096,13609,,,,,,,,,,0.061,5079.306,Pinned,Device,NVIDIA A100-SXM4-40GB (0),1,,13,[CUDA memcpy Host-to-Device]
1906189163,46527,13610,,,,,,,,,,35.801,769434.232,Device,,NVIDIA A100-SXM4-40GB (0),1,,13,[CUDA memset]
1906241738,2144,13612,,,,,,,,,,0.000,37.313,Pinned,Device,NVIDIA A100-SXM4-40GB (0),1,,13,[CUDA memcpy Host-to-Device]
1906246026,22880,13613,,,,,,,,,,0.131,5728.633,Pinned,Device,NVIDIA A100-SXM4-40GB (0),1,,13,[CUDA memcpy Host-to-Device]
1906274186,9216,13614,273,1,1,48,1,1,40,0.000,0.001,,,,,NVIDIA A100-SXM4-40GB (0),1,,13,"void pusch_noise_intf_est::noiseIntfEstNoDftSOfdmKernel<float, __half, float, float, (unsigned int)2, (unsigned int)1, (unsigned char)4, (unsigned char)4>(pusch_noise_intf_est::puschRxNoiseIntfEstDynDescr)"
1906284426,2592,13625,35,1,1,128,1,1,16,0.000,0.000,,,,,NVIDIA A100-SXM4-40GB (0),1,,13,cupy_copy__complex64_complex64
1906287946,1568,13634,1,1,1,1,1,1,18,0.000,0.000,,,,,NVIDIA A100-SXM4-40GB (0),1,,13,cupy_copy__float32_float32
1906316073,1824,13640,,,,,,,,,,0.000,2.193,Device,Pageable,NVIDIA A100-SXM4-40GB (0),1,,7,[CUDA memcpy Device-to-Host]
1906376841,15391,13651,1434,1,1,128,1,1,16,0.000,0.000,,,,,NVIDIA A100-SXM4-40GB (0),1,,13,cupy_copy__complex64_complex64
1906404360,2528,13658,103,1,1,128,1,1,16,0.000,0.000,,,,,NVIDIA A100-SXM4-40GB (0),1,,13,cupy_copy__complex64_complex64
1906426472,2080,13665,35,1,1,128,1,1,16,0.000,0.000,,,,,NVIDIA A100-SXM4-40GB (0),1,,13,cupy_copy__complex64_complex64
1906445576,1536,13672,1,1,1,1,1,1,18,0.000,0.000,,,,,NVIDIA A100-SXM4-40GB (0),1,,13,cupy_copy__float32_float32
1906718053,79135,13683,1,1,1,32,32,1,30,0.000,0.000,,,,,NVIDIA A100-SXM4-40GB (0),1,,13,"void convert_kernel<__half2, float2>(tensor_layout_any, T1 *, tensor_layout_any, const T2 *)"
1906829220,11711,13686,,,,,,,,,,0.061,5246.300,Pinned,Device,NVIDIA A100-SXM4-40GB (0),1,,13,[CUDA memcpy Host-to-Device]
1906846627,3328,13687,,,,,,,,,,1.547,464729.580,Device,,NVIDIA A100-SXM4-40GB (0),1,,13,[CUDA memset]
1906852931,9952,13692,,,,,,,,,,0.021,2115.749,Pinned,Device,NVIDIA A100-SXM4-40GB (0),1,,13,[CUDA memcpy Host-to-Device]
1906866179,23552,13693,,,,,,,,,,0.131,5565.186,Pinned,Device,NVIDIA A100-SXM4-40GB (0),1,,13,[CUDA memcpy Host-to-Device]
1906898819,6016,13694,273,1,1,8,4,1,39,0.002,0.000,,,,,NVIDIA A100-SXM4-40GB (0),1,,13,"void channel_eq::eqMmseCoefCompLowMimoKernel<float, float, float, (unsigned int)4, (unsigned int)1, (unsigned int)4>(const channel_eq::_puschRxChEqStatDescr *, channel_eq::_puschRxChEqCoefCompDynDescr)"
1906906051,5216,13695,273,1,1,12,11,1,40,0.002,0.000,,,,,NVIDIA A100-SXM4-40GB (0),1,,13,"void channel_eq::eqMmseSoftDemapKernel<float, __half, __half, float, (unsigned int)4, (unsigned short)16383>(channel_eq::_puschRxChEqStatDescr *, channel_eq::_puschRxChEqSoftDemapDynDescr)"
1906912291,280604,13696,1,1,1,32,32,1,30,0.000,0.000,,,,,NVIDIA A100-SXM4-40GB (0),1,,13,"void convert_kernel<float2, __half2>(tensor_layout_any, T1 *, tensor_layout_any, const T2 *)"
1907193919,12384,13708,2253,1,1,128,1,1,16,0.000,0.000,,,,,NVIDIA A100-SXM4-40GB (0),1,,13,cupy_copy__float16_float16
1907207423,2624,13717,282,1,1,128,1,1,16,0.000,0.000,,,,,NVIDIA A100-SXM4-40GB (0),1,,13,cupy_copy__complex64_complex64
1907211007,1888,13726,26,1,1,128,1,1,16,0.000,0.000,,,,,NVIDIA A100-SXM4-40GB (0),1,,13,cupy_copy__float32_float32
1907213983,2880,13735,103,1,1,128,1,1,16,0.000,0.000,,,,,NVIDIA A100-SXM4-40GB (0),1,,13,cupy_copy__complex64_complex64
1907276479,14079,13751,1434,1,1,128,1,1,16,0.000,0.000,,,,,NVIDIA A100-SXM4-40GB (0),1,,13,cupy_copy__complex64_complex64
1907395677,79359,13756,1,1,1,32,32,1,30,0.000,0.000,,,,,NVIDIA A100-SXM4-40GB (0),1,,13,"void convert_kernel<__half2, float2>(tensor_layout_any, T1 *, tensor_layout_any, const T2 *)"
1907503356,11904,13759,,,,,,,,,,0.061,5161.267,Pinned,Device,NVIDIA A100-SXM4-40GB (0),1,,13,[CUDA memcpy Host-to-Device]
1907525468,588121,13760,,,,,,,,,,456.520,776084.816,Device,,NVIDIA A100-SXM4-40GB (0),1,,13,[CUDA memset]
1908118805,132831,13765,,,,,,,,,,0.825,6213.190,Pinned,Device,NVIDIA A100-SXM4-40GB (0),1,,13,[CUDA memcpy Host-to-Device]
1908253748,23391,13766,,,,,,,,,,0.131,5603.459,Pinned,Device,NVIDIA A100-SXM4-40GB (0),1,,13,[CUDA memcpy Host-to-Device]
1908287347,7264,13767,69,4,1,48,1,1,76,0.002,0.000,,,,,NVIDIA A100-SXM4-40GB (0),1,,13,"void ch_est::windowedChEstPreNoDftSOfdmKernel<float, __half, float, (unsigned int)2, (unsigned int)1, (unsigned short)4>(ch_est::puschRxChEstStatDescr_t *, ch_est::puschRxChEstDynDescr_t *)"
1908296435,5792,13768,137,2,1,24,2,1,44,0.001,0.001,,,,,NVIDIA A100-SXM4-40GB (0),1,,13,"void ch_est::chEstFilterNoDftSOfdmDispatchKernel<float, __half, float, (unsigned int)2>(ch_est::puschRxChEstStatDescr_t *, ch_est::puschRxChEstDynDescr_t *)"
1908303187,4704,13769,137,2,1,24,2,1,44,0.001,0.001,,,,,NVIDIA A100-SXM4-40GB (0),1,,13,"void ch_est::chEstFilterNoDftSOfdmDispatchKernel<float, __half, float, (unsigned int)2>(ch_est::puschRxChEstStatDescr_t *, ch_est::puschRxChEstDynDescr_t *)"
1908308883,2368,13780,103,1,1,128,1,1,16,0.000,0.000,,,,,NVIDIA A100-SXM4-40GB (0),1,,13,cupy_copy__complex64_complex64
1908312275,15200,13790,1434,1,1,128,1,1,16,0.000,0.000,,,,,NVIDIA A100-SXM4-40GB (0),1,,13,cupy_copy__complex64_complex64
1908328563,2272,13797,103,1,1,128,1,1,16,0.000,0.000,,,,,NVIDIA A100-SXM4-40GB (0),1,,13,cupy_copy__complex64_complex64
1908331923,78975,13804,1,1,1,32,32,1,30,0.000,0.000,,,,,NVIDIA A100-SXM4-40GB (0),1,,13,"void convert_kernel<__half2, float2>(tensor_layout_any, T1 *, tensor_layout_any, const T2 *)"
1908439057,11840,13807,,,,,,,,,,0.061,5189.161,Pinned,Device,NVIDIA A100-SXM4-40GB (0),1,,13,[CUDA memcpy Host-to-Device]
1908461393,45856,13808,,,,,,,,,,35.801,780711.535,Device,,NVIDIA A100-SXM4-40GB (0),1,,13,[CUDA memset]
1908514033,2656,13810,,,,,,,,,,0.000,30.120,Pinned,Device,NVIDIA A100-SXM4-40GB (0),1,,13,[CUDA memcpy Host-to-Device]
1908519345,23199,13811,,,,,,,,,,0.131,5649.859,Pinned,Device,NVIDIA A100-SXM4-40GB (0),1,,13,[CUDA memcpy Host-to-Device]
1908549488,8640,13812,273,1,1,48,1,1,40,0.000,0.001,,,,,NVIDIA A100-SXM4-40GB (0),1,,13,"void pusch_noise_intf_est::noiseIntfEstNoDftSOfdmKernel<float, __half, float, float, (unsigned int)2, (unsigned int)1, (unsigned char)4, (unsigned char)4>(pusch_noise_intf_est::puschRxNoiseIntfEstDynDescr)"
1908559312,2688,13823,35,1,1,128,1,1,16,0.000,0.000,,,,,NVIDIA A100-SXM4-40GB (0),1,,13,cupy_copy__complex64_complex64
1908564496,1568,13832,1,1,1,1,1,1,18,0.000,0.000,,,,,NVIDIA A100-SXM4-40GB (0),1,,13,cupy_copy__float32_float32
1908599824,1696,13838,,,,,,,,,,0.000,2.358,Device,Pageable,NVIDIA A100-SXM4-40GB (0),1,,7,[CUDA memcpy Device-to-Host]
1908659983,15232,13849,1434,1,1,128,1,1,16,0.000,0.000,,,,,NVIDIA A100-SXM4-40GB (0),1,,13,cupy_copy__complex64_complex64
1908688911,2496,13856,103,1,1,128,1,1,16,0.000,0.000,,,,,NVIDIA A100-SXM4-40GB (0),1,,13,cupy_copy__complex64_complex64
1908710638,2112,13863,35,1,1,128,1,1,16,0.000,0.000,,,,,NVIDIA A100-SXM4-40GB (0),1,,13,cupy_copy__complex64_complex64
1908730158,1536,13870,1,1,1,1,1,1,18,0.000,0.000,,,,,NVIDIA A100-SXM4-40GB (0),1,,13,cupy_copy__float32_float32
1908866349,78623,13881,1,1,1,32,32,1,30,0.000,0.000,,,,,NVIDIA A100-SXM4-40GB (0),1,,13,"void convert_kernel<__half2, float2>(tensor_layout_any, T1 *, tensor_layout_any, const T2 *)"
1908974027,12000,13884,,,,,,,,,,0.061,5119.980,Pinned,Device,NVIDIA A100-SXM4-40GB (0),1,,13,[CUDA memcpy Host-to-Device]
1908992715,3328,13885,,,,,,,,,,1.547,464729.580,Device,,NVIDIA A100-SXM4-40GB (0),1,,13,[CUDA memset]
1908999179,9984,13890,,,,,,,,,,0.021,2108.969,Pinned,Device,NVIDIA A100-SXM4-40GB (0),1,,13,[CUDA memcpy Host-to-Device]
1909012139,22880,13891,,,,,,,,,,0.131,5728.633,Pinned,Device,NVIDIA A100-SXM4-40GB (0),1,,13,[CUDA memcpy Host-to-Device]
1909044043,6080,13892,273,1,1,8,4,1,39,0.002,0.000,,,,,NVIDIA A100-SXM4-40GB (0),1,,13,"void channel_eq::eqMmseCoefCompLowMimoKernel<float, float, float, (unsigned int)4, (unsigned int)1, (unsigned int)4>(const channel_eq::_puschRxChEqStatDescr *, channel_eq::_puschRxChEqCoefCompDynDescr)"
1909051211,5215,13893,273,1,1,12,11,1,40,0.002,0.000,,,,,NVIDIA A100-SXM4-40GB (0),1,,13,"void channel_eq::eqMmseSoftDemapKernel<float, __half, __half, float, (unsigned int)4, (unsigned short)16383>(channel_eq::_puschRxChEqStatDescr *, channel_eq::_puschRxChEqSoftDemapDynDescr)"
1909057514,281757,13894,1,1,1,32,32,1,30,0.000,0.000,,,,,NVIDIA A100-SXM4-40GB (0),1,,13,"void convert_kernel<float2, __half2>(tensor_layout_any, T1 *, tensor_layout_any, const T2 *)"
1909340263,12384,13906,2253,1,1,128,1,1,16,0.000,0.000,,,,,NVIDIA A100-SXM4-40GB (0),1,,13,cupy_copy__float16_float16
1909353575,2592,13915,282,1,1,128,1,1,16,0.000,0.000,,,,,NVIDIA A100-SXM4-40GB (0),1,,13,cupy_copy__complex64_complex64
1909357159,1888,13924,26,1,1,128,1,1,16,0.000,0.000,,,,,NVIDIA A100-SXM4-40GB (0),1,,13,cupy_copy__float32_float32
1909359975,2880,13933,103,1,1,128,1,1,16,0.000,0.000,,,,,NVIDIA A100-SXM4-40GB (0),1,,13,cupy_copy__complex64_complex64
1909363815,14080,13943,1434,1,1,128,1,1,16,0.000,0.000,,,,,NVIDIA A100-SXM4-40GB (0),1,,13,cupy_copy__complex64_complex64
1909388967,78719,13948,1,1,1,32,32,1,30,0.000,0.000,,,,,NVIDIA A100-SXM4-40GB (0),1,,13,"void convert_kernel<__half2, float2>(tensor_layout_any, T1 *, tensor_layout_any, const T2 *)"
1909496870,12543,13951,,,,,,,,,,0.061,4898.304,Pinned,Device,NVIDIA A100-SXM4-40GB (0),1,,13,[CUDA memcpy Host-to-Device]
1909520197,587674,13952,,,,,,,,,,456.520,776541.336,Device,,NVIDIA A100-SXM4-40GB (0),1,,13,[CUDA memset]
1910108703,133694,13957,,,,,,,,,,0.825,6172.748,Pinned,Device,NVIDIA A100-SXM4-40GB (0),1,,13,[CUDA memcpy Host-to-Device]
1910245405,22880,13958,,,,,,,,,,0.131,5728.633,Pinned,Device,NVIDIA A100-SXM4-40GB (0),1,,13,[CUDA memcpy Host-to-Device]
1910275901,7200,13959,69,4,1,48,1,1,76,0.002,0.000,,,,,NVIDIA A100-SXM4-40GB (0),1,,13,"void ch_est::windowedChEstPreNoDftSOfdmKernel<float, __half, float, (unsigned int)2, (unsigned int)1, (unsigned short)4>(ch_est::puschRxChEstStatDescr_t *, ch_est::puschRxChEstDynDescr_t *)"
1910284701,5792,13960,137,2,1,24,2,1,44,0.001,0.001,,,,,NVIDIA A100-SXM4-40GB (0),1,,13,"void ch_est::chEstFilterNoDftSOfdmDispatchKernel<float, __half, float, (unsigned int)2>(ch_est::puschRxChEstStatDescr_t *, ch_est::puschRxChEstDynDescr_t *)"
1910291709,4736,13961,137,2,1,24,2,1,44,0.001,0.001,,,,,NVIDIA A100-SXM4-40GB (0),1,,13,"void ch_est::chEstFilterNoDftSOfdmDispatchKernel<float, __half, float, (unsigned int)2>(ch_est::puschRxChEstStatDescr_t *, ch_est::puschRxChEstDynDescr_t *)"
1910297501,2367,13972,103,1,1,128,1,1,16,0.000,0.000,,,,,NVIDIA A100-SXM4-40GB (0),1,,13,cupy_copy__complex64_complex64
1910300796,15264,13982,1434,1,1,128,1,1,16,0.000,0.000,,,,,NVIDIA A100-SXM4-40GB (0),1,,13,cupy_copy__complex64_complex64
1910317084,2240,13989,103,1,1,128,1,1,16,0.000,0.000,,,,,NVIDIA A100-SXM4-40GB (0),1,,13,cupy_copy__complex64_complex64
1910320540,79743,13996,1,1,1,32,32,1,30,0.000,0.000,,,,,NVIDIA A100-SXM4-40GB (0),1,,13,"void convert_kernel<__half2, float2>(tensor_layout_any, T1 *, tensor_layout_any, const T2 *)"
1910571513,12064,13999,,,,,,,,,,0.061,5092.823,Pinned,Device,NVIDIA A100-SXM4-40GB (0),1,,13,[CUDA memcpy Host-to-Device]
1910593369,46432,14000,,,,,,,,,,35.801,771009.475,Device,,NVIDIA A100-SXM4-40GB (0),1,,13,[CUDA memset]
1910645689,2080,14002,,,,,,,,,,0.000,38.462,Pinned,Device,NVIDIA A100-SXM4-40GB (0),1,,13,[CUDA memcpy Host-to-Device]
1910650649,23071,14003,,,,,,,,,,0.131,5681.185,Pinned,Device,NVIDIA A100-SXM4-40GB (0),1,,13,[CUDA memcpy Host-to-Device]
1910681400,9536,14004,273,1,1,48,1,1,40,0.000,0.001,,,,,NVIDIA A100-SXM4-40GB (0),1,,13,"void pusch_noise_intf_est::noiseIntfEstNoDftSOfdmKernel<float, __half, float, float, (unsigned int)2, (unsigned int)1, (unsigned char)4, (unsigned char)4>(pusch_noise_intf_est::puschRxNoiseIntfEstDynDescr)"
1910692152,2656,14015,35,1,1,128,1,1,16,0.000,0.000,,,,,NVIDIA A100-SXM4-40GB (0),1,,13,cupy_copy__complex64_complex64
1910695736,1568,14024,1,1,1,1,1,1,18,0.000,0.000,,,,,NVIDIA A100-SXM4-40GB (0),1,,13,cupy_copy__float32_float32
1910721528,2240,14030,,,,,,,,,,0.000,1.786,Device,Pageable,NVIDIA A100-SXM4-40GB (0),1,,7,[CUDA memcpy Device-to-Host]
1910781719,15296,14041,1434,1,1,128,1,1,16,0.000,0.000,,,,,NVIDIA A100-SXM4-40GB (0),1,,13,cupy_copy__complex64_complex64
1910809303,2528,14048,103,1,1,128,1,1,16,0.000,0.000,,,,,NVIDIA A100-SXM4-40GB (0),1,,13,cupy_copy__complex64_complex64
1910832119,2111,14055,35,1,1,128,1,1,16,0.000,0.000,,,,,NVIDIA A100-SXM4-40GB (0),1,,13,cupy_copy__complex64_complex64
1910850326,1536,14062,1,1,1,1,1,1,18,0.000,0.000,,,,,NVIDIA A100-SXM4-40GB (0),1,,13,cupy_copy__float32_float32
1911122867,79263,14073,1,1,1,32,32,1,30,0.000,0.000,,,,,NVIDIA A100-SXM4-40GB (0),1,,13,"void convert_kernel<__half2, float2>(tensor_layout_any, T1 *, tensor_layout_any, const T2 *)"
1911234674,11840,14076,,,,,,,,,,0.061,5189.161,Pinned,Device,NVIDIA A100-SXM4-40GB (0),1,,13,[CUDA memcpy Host-to-Device]
1911251314,3360,14077,,,,,,,,,,1.547,460304.688,Device,,NVIDIA A100-SXM4-40GB (0),1,,13,[CUDA memset]
1911258034,10656,14082,,,,,,,,,,0.021,1975.958,Pinned,Device,NVIDIA A100-SXM4-40GB (0),1,,13,[CUDA memcpy Host-to-Device]
1911272018,24895,14083,,,,,,,,,,0.131,5264.900,Pinned,Device,NVIDIA A100-SXM4-40GB (0),1,,13,[CUDA memcpy Host-to-Device]
1911306065,6112,14084,273,1,1,8,4,1,39,0.002,0.000,,,,,NVIDIA A100-SXM4-40GB (0),1,,13,"void channel_eq::eqMmseCoefCompLowMimoKernel<float, float, float, (unsigned int)4, (unsigned int)1, (unsigned int)4>(const channel_eq::_puschRxChEqStatDescr *, channel_eq::_puschRxChEqCoefCompDynDescr)"
1911313201,5344,14085,273,1,1,12,11,1,40,0.002,0.000,,,,,NVIDIA A100-SXM4-40GB (0),1,,13,"void channel_eq::eqMmseSoftDemapKernel<float, __half, __half, float, (unsigned int)4, (unsigned short)16383>(channel_eq::_puschRxChEqStatDescr *, channel_eq::_puschRxChEqSoftDemapDynDescr)"
1911319505,281469,14086,1,1,1,32,32,1,30,0.000,0.000,,,,,NVIDIA A100-SXM4-40GB (0),1,,13,"void convert_kernel<float2, __half2>(tensor_layout_any, T1 *, tensor_layout_any, const T2 *)"
1911602062,12448,14098,2253,1,1,128,1,1,16,0.000,0.000,,,,,NVIDIA A100-SXM4-40GB (0),1,,13,cupy_copy__float16_float16
1911615566,2624,14107,282,1,1,128,1,1,16,0.000,0.000,,,,,NVIDIA A100-SXM4-40GB (0),1,,13,cupy_copy__complex64_complex64
1911619150,1920,14116,26,1,1,128,1,1,16,0.000,0.000,,,,,NVIDIA A100-SXM4-40GB (0),1,,13,cupy_copy__float32_float32
1911622126,2816,14125,103,1,1,128,1,1,16,0.000,0.000,,,,,NVIDIA A100-SXM4-40GB (0),1,,13,cupy_copy__complex64_complex64
1911625966,13855,14135,1434,1,1,128,1,1,16,0.000,0.000,,,,,NVIDIA A100-SXM4-40GB (0),1,,13,cupy_copy__complex64_complex64
1911644909,78879,14140,1,1,1,32,32,1,30,0.000,0.000,,,,,NVIDIA A100-SXM4-40GB (0),1,,13,"void convert_kernel<__half2, float2>(tensor_layout_any, T1 *, tensor_layout_any, const T2 *)"
1911891019,12319,14143,,,,,,,,,,0.061,4987.392,Pinned,Device,NVIDIA A100-SXM4-40GB (0),1,,13,[CUDA memcpy Host-to-Device]
1911909162,588730,14144,,,,,,,,,,456.520,775171.775,Device,,NVIDIA A100-SXM4-40GB (0),1,,13,[CUDA memset]
1912502468,134654,14149,,,,,,,,,,0.825,6129.005,Pinned,Device,NVIDIA A100-SXM4-40GB (0),1,,13,[CUDA memcpy Host-to-Device]
1912639714,22976,14150,,,,,,,,,,0.131,5704.647,Pinned,Device,NVIDIA A100-SXM4-40GB (0),1,,13,[CUDA memcpy Host-to-Device]
1912671010,8032,14151,69,4,1,48,1,1,76,0.002,0.000,,,,,NVIDIA A100-SXM4-40GB (0),1,,13,"void ch_est::windowedChEstPreNoDftSOfdmKernel<float, __half, float, (unsigned int)2, (unsigned int)1, (unsigned short)4>(ch_est::puschRxChEstStatDescr_t *, ch_est::puschRxChEstDynDescr_t *)"
1912680706,5920,14152,137,2,1,24,2,1,44,0.001,0.001,,,,,NVIDIA A100-SXM4-40GB (0),1,,13,"void ch_est::chEstFilterNoDftSOfdmDispatchKernel<float, __half, float, (unsigned int)2>(ch_est::puschRxChEstStatDescr_t *, ch_est::puschRxChEstDynDescr_t *)"
1912687682,4704,14153,137,2,1,24,2,1,44,0.001,0.001,,,,,NVIDIA A100-SXM4-40GB (0),1,,13,"void ch_est::chEstFilterNoDftSOfdmDispatchKernel<float, __half, float, (unsigned int)2>(ch_est::puschRxChEstStatDescr_t *, ch_est::puschRxChEstDynDescr_t *)"
1912693474,2400,14164,103,1,1,128,1,1,16,0.000,0.000,,,,,NVIDIA A100-SXM4-40GB (0),1,,13,cupy_copy__complex64_complex64
1912696866,15199,14174,1434,1,1,128,1,1,16,0.000,0.000,,,,,NVIDIA A100-SXM4-40GB (0),1,,13,cupy_copy__complex64_complex64
1912713089,2304,14181,103,1,1,128,1,1,16,0.000,0.000,,,,,NVIDIA A100-SXM4-40GB (0),1,,13,cupy_copy__complex64_complex64
1912716481,78975,14188,1,1,1,32,32,1,30,0.000,0.000,,,,,NVIDIA A100-SXM4-40GB (0),1,,13,"void convert_kernel<__half2, float2>(tensor_layout_any, T1 *, tensor_layout_any, const T2 *)"
1912827200,11840,14191,,,,,,,,,,0.061,5189.161,Pinned,Device,NVIDIA A100-SXM4-40GB (0),1,,13,[CUDA memcpy Host-to-Device]
1912850208,45919,14192,,,,,,,,,,35.801,779637.506,Device,,NVIDIA A100-SXM4-40GB (0),1,,13,[CUDA memset]
1912901823,2080,14194,,,,,,,,,,0.000,38.462,Pinned,Device,NVIDIA A100-SXM4-40GB (0),1,,13,[CUDA memcpy Host-to-Device]
1912906559,22816,14195,,,,,,,,,,0.131,5744.624,Pinned,Device,NVIDIA A100-SXM4-40GB (0),1,,13,[CUDA memcpy Host-to-Device]
1912936255,8576,14196,273,1,1,48,1,1,40,0.000,0.001,,,,,NVIDIA A100-SXM4-40GB (0),1,,13,"void pusch_noise_intf_est::noiseIntfEstNoDftSOfdmKernel<float, __half, float, float, (unsigned int)2, (unsigned int)1, (unsigned char)4, (unsigned char)4>(pusch_noise_intf_est::puschRxNoiseIntfEstDynDescr)"
1912945855,2688,14207,35,1,1,128,1,1,16,0.000,0.000,,,,,NVIDIA A100-SXM4-40GB (0),1,,13,cupy_copy__complex64_complex64
1912958015,1568,14216,1,1,1,1,1,1,18,0.000,0.000,,,,,NVIDIA A100-SXM4-40GB (0),1,,13,cupy_copy__float32_float32
1912994718,1760,14222,,,,,,,,,,0.000,2.273,Device,Pageable,NVIDIA A100-SXM4-40GB (0),1,,7,[CUDA memcpy Device-to-Host]
1913055038,15327,14233,1434,1,1,128,1,1,16,0.000,0.000,,,,,NVIDIA A100-SXM4-40GB (0),1,,13,cupy_copy__complex64_complex64
1913081821,2496,14240,103,1,1,128,1,1,16,0.000,0.000,,,,,NVIDIA A100-SXM4-40GB (0),1,,13,cupy_copy__complex64_complex64
1913102845,2144,14247,35,1,1,128,1,1,16,0.000,0.000,,,,,NVIDIA A100-SXM4-40GB (0),1,,13,cupy_copy__complex64_complex64
1913121853,1568,14254,1,1,1,1,1,1,18,0.000,0.000,,,,,NVIDIA A100-SXM4-40GB (0),1,,13,cupy_copy__float32_float32
1913263515,79231,14265,1,1,1,32,32,1,30,0.000,0.000,,,,,NVIDIA A100-SXM4-40GB (0),1,,13,"void convert_kernel<__half2, float2>(tensor_layout_any, T1 *, tensor_layout_any, const T2 *)"
1913372218,12288,14268,,,,,,,,,,0.061,4999.987,Pinned,Device,NVIDIA A100-SXM4-40GB (0),1,,13,[CUDA memcpy Host-to-Device]
1913389274,3328,14269,,,,,,,,,,1.547,464729.580,Device,,NVIDIA A100-SXM4-40GB (0),1,,13,[CUDA memset]
1913406874,3552,14274,,,,,,,,,,0.021,5927.917,Pinned,Device,NVIDIA A100-SXM4-40GB (0),1,,13,[CUDA memcpy Host-to-Device]
1913418873,24000,14275,,,,,,,,,,0.131,5461.246,Pinned,Device,NVIDIA A100-SXM4-40GB (0),1,,13,[CUDA memcpy Host-to-Device]
1913452345,6048,14276,273,1,1,8,4,1,39,0.002,0.000,,,,,NVIDIA A100-SXM4-40GB (0),1,,13,"void channel_eq::eqMmseCoefCompLowMimoKernel<float, float, float, (unsigned int)4, (unsigned int)1, (unsigned int)4>(const channel_eq::_puschRxChEqStatDescr *, channel_eq::_puschRxChEqCoefCompDynDescr)"
1913459481,5216,14277,273,1,1,12,11,1,40,0.002,0.000,,,,,NVIDIA A100-SXM4-40GB (0),1,,13,"void channel_eq::eqMmseSoftDemapKernel<float, __half, __half, float, (unsigned int)4, (unsigned short)16383>(channel_eq::_puschRxChEqStatDescr *, channel_eq::_puschRxChEqSoftDemapDynDescr)"
1913465753,280637,14278,1,1,1,32,32,1,30,0.000,0.000,,,,,NVIDIA A100-SXM4-40GB (0),1,,13,"void convert_kernel<float2, __half2>(tensor_layout_any, T1 *, tensor_layout_any, const T2 *)"
1913747542,12352,14290,2253,1,1,128,1,1,16,0.000,0.000,,,,,NVIDIA A100-SXM4-40GB (0),1,,13,cupy_copy__float16_float16
1913760822,2592,14299,282,1,1,128,1,1,16,0.000,0.000,,,,,NVIDIA A100-SXM4-40GB (0),1,,13,cupy_copy__complex64_complex64
1913764406,1888,14308,26,1,1,128,1,1,16,0.000,0.000,,,,,NVIDIA A100-SXM4-40GB (0),1,,13,cupy_copy__float32_float32
1913767381,2848,14317,103,1,1,128,1,1,16,0.000,0.000,,,,,NVIDIA A100-SXM4-40GB (0),1,,13,cupy_copy__complex64_complex64
1913771189,13824,14327,1434,1,1,128,1,1,16,0.000,0.000,,,,,NVIDIA A100-SXM4-40GB (0),1,,13,cupy_copy__complex64_complex64
1913787829,78655,14332,1,1,1,32,32,1,30,0.000,0.000,,,,,NVIDIA A100-SXM4-40GB (0),1,,13,"void convert_kernel<__half2, float2>(tensor_layout_any, T1 *, tensor_layout_any, const T2 *)"
1913894420,11712,14335,,,,,,,,,,0.061,5245.870,Pinned,Device,NVIDIA A100-SXM4-40GB (0),1,,13,[CUDA memcpy Host-to-Device]
1913916212,587417,14336,,,,,,,,,,456.520,776997.857,Device,,NVIDIA A100-SXM4-40GB (0),1,,13,[CUDA memset]
1914508461,131615,14341,,,,,,,,,,0.825,6270.138,Pinned,Device,NVIDIA A100-SXM4-40GB (0),1,,13,[CUDA memcpy Host-to-Device]
1914642220,22783,14342,,,,,,,,,,0.131,5753.012,Pinned,Device,NVIDIA A100-SXM4-40GB (0),1,,13,[CUDA memcpy Host-to-Device]
1914672907,7232,14343,69,4,1,48,1,1,76,0.002,0.000,,,,,NVIDIA A100-SXM4-40GB (0),1,,13,"void ch_est::windowedChEstPreNoDftSOfdmKernel<float, __half, float, (unsigned int)2, (unsigned int)1, (unsigned short)4>(ch_est::puschRxChEstStatDescr_t *, ch_est::puschRxChEstDynDescr_t *)"
1914681771,5920,14344,137,2,1,24,2,1,44,0.001,0.001,,,,,NVIDIA A100-SXM4-40GB (0),1,,13,"void ch_est::chEstFilterNoDftSOfdmDispatchKernel<float, __half, float, (unsigned int)2>(ch_est::puschRxChEstStatDescr_t *, ch_est::puschRxChEstDynDescr_t *)"
1914688619,4736,14345,137,2,1,24,2,1,44,0.001,0.001,,,,,NVIDIA A100-SXM4-40GB (0),1,,13,"void ch_est::chEstFilterNoDftSOfdmDispatchKernel<float, __half, float, (unsigned int)2>(ch_est::puschRxChEstStatDescr_t *, ch_est::puschRxChEstDynDescr_t *)"
1914694475,2336,14356,103,1,1,128,1,1,16,0.000,0.000,,,,,NVIDIA A100-SXM4-40GB (0),1,,13,cupy_copy__complex64_complex64
1914697835,15424,14366,1434,1,1,128,1,1,16,0.000,0.000,,,,,NVIDIA A100-SXM4-40GB (0),1,,13,cupy_copy__complex64_complex64
1914714315,2272,14373,103,1,1,128,1,1,16,0.000,0.000,,,,,NVIDIA A100-SXM4-40GB (0),1,,13,cupy_copy__complex64_complex64
1914717579,78879,14380,1,1,1,32,32,1,30,0.000,0.000,,,,,NVIDIA A100-SXM4-40GB (0),1,,13,"void convert_kernel<__half2, float2>(tensor_layout_any, T1 *, tensor_layout_any, const T2 *)"
1914824426,11679,14383,,,,,,,,,,0.061,5260.677,Pinned,Device,NVIDIA A100-SXM4-40GB (0),1,,13,[CUDA memcpy Host-to-Device]
1914846985,46176,14384,,,,,,,,,,35.801,775305.590,Device,,NVIDIA A100-SXM4-40GB (0),1,,13,[CUDA memset]
1914898601,2080,14386,,,,,,,,,,0.000,38.462,Pinned,Device,NVIDIA A100-SXM4-40GB (0),1,,13,[CUDA memcpy Host-to-Device]
1914902825,22847,14387,,,,,,,,,,0.131,5736.890,Pinned,Device,NVIDIA A100-SXM4-40GB (0),1,,13,[CUDA memcpy Host-to-Device]
1914934024,8704,14388,273,1,1,48,1,1,40,0.000,0.001,,,,,NVIDIA A100-SXM4-40GB (0),1,,13,"void pusch_noise_intf_est::noiseIntfEstNoDftSOfdmKernel<float, __half, float, float, (unsigned int)2, (unsigned int)1, (unsigned char)4, (unsigned char)4>(pusch_noise_intf_est::puschRxNoiseIntfEstDynDescr)"
1914943848,2560,14399,35,1,1,128,1,1,16,0.000,0.000,,,,,NVIDIA A100-SXM4-40GB (0),1,,13,cupy_copy__complex64_complex64
1914948616,1568,14408,1,1,1,1,1,1,18,0.000,0.000,,,,,NVIDIA A100-SXM4-40GB (0),1,,13,cupy_copy__float32_float32
1914982312,1632,14414,,,,,,,,,,0.000,2.451,Device,Pageable,NVIDIA A100-SXM4-40GB (0),1,,7,[CUDA memcpy Device-to-Host]
1915042471,15360,14425,1434,1,1,128,1,1,16,0.000,0.000,,,,,NVIDIA A100-SXM4-40GB (0),1,,13,cupy_copy__complex64_complex64
1915069703,2560,14432,103,1,1,128,1,1,16,0.000,0.000,,,,,NVIDIA A100-SXM4-40GB (0),1,,13,cupy_copy__complex64_complex64
1915090791,2144,14439,35,1,1,128,1,1,16,0.000,0.000,,,,,NVIDIA A100-SXM4-40GB (0),1,,13,cupy_copy__complex64_complex64
1915114854,1536,14446,1,1,1,1,1,1,18,0.000,0.000,,,,,NVIDIA A100-SXM4-40GB (0),1,,13,cupy_copy__float32_float32
1915249605,78591,14457,1,1,1,32,32,1,30,0.000,0.000,,,,,NVIDIA A100-SXM4-40GB (0),1,,13,"void convert_kernel<__half2, float2>(tensor_layout_any, T1 *, tensor_layout_any, const T2 *)"
1915356804,11871,14460,,,,,,,,,,0.061,5175.583,Pinned,Device,NVIDIA A100-SXM4-40GB (0),1,,13,[CUDA memcpy Host-to-Device]
1915373539,3296,14461,,,,,,,,,,1.547,469242.628,Device,,NVIDIA A100-SXM4-40GB (0),1,,13,[CUDA memset]
1915379203,10304,14466,,,,,,,,,,0.021,2043.464,Pinned,Device,NVIDIA A100-SXM4-40GB (0),1,,13,[CUDA memcpy Host-to-Device]
1915392611,23520,14467,,,,,,,,,,0.131,5572.788,Pinned,Device,NVIDIA A100-SXM4-40GB (0),1,,13,[CUDA memcpy Host-to-Device]
1915425571,6144,14468,273,1,1,8,4,1,39,0.002,0.000,,,,,NVIDIA A100-SXM4-40GB (0),1,,13,"void channel_eq::eqMmseCoefCompLowMimoKernel<float, float, float, (unsigned int)4, (unsigned int)1, (unsigned int)4>(const channel_eq::_puschRxChEqStatDescr *, channel_eq::_puschRxChEqCoefCompDynDescr)"
1915432707,5536,14469,273,1,1,12,11,1,40,0.002,0.000,,,,,NVIDIA A100-SXM4-40GB (0),1,,13,"void channel_eq::eqMmseSoftDemapKernel<float, __half, __half, float, (unsigned int)4, (unsigned short)16383>(channel_eq::_puschRxChEqStatDescr *, channel_eq::_puschRxChEqSoftDemapDynDescr)"
1915439491,281533,14470,1,1,1,32,32,1,30,0.000,0.000,,,,,NVIDIA A100-SXM4-40GB (0),1,,13,"void convert_kernel<float2, __half2>(tensor_layout_any, T1 *, tensor_layout_any, const T2 *)"
1915722016,12447,14482,2253,1,1,128,1,1,16,0.000,0.000,,,,,NVIDIA A100-SXM4-40GB (0),1,,13,cupy_copy__float16_float16
1915735551,2624,14491,282,1,1,128,1,1,16,0.000,0.000,,,,,NVIDIA A100-SXM4-40GB (0),1,,13,cupy_copy__complex64_complex64
1915739199,1888,14500,26,1,1,128,1,1,16,0.000,0.000,,,,,NVIDIA A100-SXM4-40GB (0),1,,13,cupy_copy__float32_float32
1915742143,2816,14509,103,1,1,128,1,1,16,0.000,0.000,,,,,NVIDIA A100-SXM4-40GB (0),1,,13,cupy_copy__complex64_complex64
1915745919,14144,14519,1434,1,1,128,1,1,16,0.000,0.000,,,,,NVIDIA A100-SXM4-40GB (0),1,,13,cupy_copy__complex64_complex64
1915761023,78687,14524,1,1,1,32,32,1,30,0.000,0.000,,,,,NVIDIA A100-SXM4-40GB (0),1,,13,"void convert_kernel<__half2, float2>(tensor_layout_any, T1 *, tensor_layout_any, const T2 *)"
1916009852,11840,14527,,,,,,,,,,0.061,5189.161,Pinned,Device,NVIDIA A100-SXM4-40GB (0),1,,13,[CUDA memcpy Host-to-Device]
1916026044,588377,14528,,,,,,,,,,456.520,775628.296,Device,,NVIDIA A100-SXM4-40GB (0),1,,13,[CUDA memset]
1916618901,131615,14533,,,,,,,,,,0.825,6270.138,Pinned,Device,NVIDIA A100-SXM4-40GB (0),1,,13,[CUDA memcpy Host-to-Device]
1916752660,22624,14534,,,,,,,,,,0.131,5793.382,Pinned,Device,NVIDIA A100-SXM4-40GB (0),1,,13,[CUDA memcpy Host-to-Device]
1916780308,7296,14535,69,4,1,48,1,1,76,0.002,0.000,,,,,NVIDIA A100-SXM4-40GB (0),1,,13,"void ch_est::windowedChEstPreNoDftSOfdmKernel<float, __half, float, (unsigned int)2, (unsigned int)1, (unsigned short)4>(ch_est::puschRxChEstStatDescr_t *, ch_est::puschRxChEstDynDescr_t *)"
1916789300,5919,14536,137,2,1,24,2,1,44,0.001,0.001,,,,,NVIDIA A100-SXM4-40GB (0),1,,13,"void ch_est::chEstFilterNoDftSOfdmDispatchKernel<float, __half, float, (unsigned int)2>(ch_est::puschRxChEstStatDescr_t *, ch_est::puschRxChEstDynDescr_t *)"
1916796243,4736,14537,137,2,1,24,2,1,44,0.001,0.001,,,,,NVIDIA A100-SXM4-40GB (0),1,,13,"void ch_est::chEstFilterNoDftSOfdmDispatchKernel<float, __half, float, (unsigned int)2>(ch_est::puschRxChEstStatDescr_t *, ch_est::puschRxChEstDynDescr_t *)"
1916801939,2752,14548,103,1,1,128,1,1,16,0.000,0.000,,,,,NVIDIA A100-SXM4-40GB (0),1,,13,cupy_copy__complex64_complex64
1916805747,15296,14558,1434,1,1,128,1,1,16,0.000,0.000,,,,,NVIDIA A100-SXM4-40GB (0),1,,13,cupy_copy__complex64_complex64
1916822067,2304,14565,103,1,1,128,1,1,16,0.000,0.000,,,,,NVIDIA A100-SXM4-40GB (0),1,,13,cupy_copy__complex64_complex64
1916825459,78879,14572,1,1,1,32,32,1,30,0.000,0.000,,,,,NVIDIA A100-SXM4-40GB (0),1,,13,"void convert_kernel<__half2, float2>(tensor_layout_any, T1 *, tensor_layout_any, const T2 *)"
1916935858,12224,14575,,,,,,,,,,0.061,5026.161,Pinned,Device,NVIDIA A100-SXM4-40GB (0),1,,13,[CUDA memcpy Host-to-Device]
1916958450,45919,14576,,,,,,,,,,35.801,779637.506,Device,,NVIDIA A100-SXM4-40GB (0),1,,13,[CUDA memset]
1917011089,2176,14578,,,,,,,,,,0.000,36.765,Pinned,Device,NVIDIA A100-SXM4-40GB (0),1,,13,[CUDA memcpy Host-to-Device]
1917015857,22720,14579,,,,,,,,,,0.131,5769.003,Pinned,Device,NVIDIA A100-SXM4-40GB (0),1,,13,[CUDA memcpy Host-to-Device]
1917043473,8704,14580,273,1,1,48,1,1,40,0.000,0.001,,,,,NVIDIA A100-SXM4-40GB (0),1,,13,"void pusch_noise_intf_est::noiseIntfEstNoDftSOfdmKernel<float, __half, float, float, (unsigned int)2, (unsigned int)1, (unsigned char)4, (unsigned char)4>(pusch_noise_intf_est::puschRxNoiseIntfEstDynDescr)"
1917053233,2624,14591,35,1,1,128,1,1,16,0.000,0.000,,,,,NVIDIA A100-SXM4-40GB (0),1,,13,cupy_copy__complex64_complex64
1917065456,1568,14600,1,1,1,1,1,1,18,0.000,0.000,,,,,NVIDIA A100-SXM4-40GB (0),1,,13,cupy_copy__float32_float32
1917101104,1728,14606,,,,,,,,,,0.000,2.315,Device,Pageable,NVIDIA A100-SXM4-40GB (0),1,,7,[CUDA memcpy Device-to-Host]
1917159791,15296,14617,1434,1,1,128,1,1,16,0.000,0.000,,,,,NVIDIA A100-SXM4-40GB (0),1,,13,cupy_copy__complex64_complex64
1917186895,2528,14624,103,1,1,128,1,1,16,0.000,0.000,,,,,NVIDIA A100-SXM4-40GB (0),1,,13,cupy_copy__complex64_complex64
1917213199,2112,14631,35,1,1,128,1,1,16,0.000,0.000,,,,,NVIDIA A100-SXM4-40GB (0),1,,13,cupy_copy__complex64_complex64
1917231951,1536,14638,1,1,1,1,1,1,18,0.000,0.000,,,,,NVIDIA A100-SXM4-40GB (0),1,,13,cupy_copy__float32_float32
1917370061,78847,14649,1,1,1,32,32,1,30,0.000,0.000,,,,,NVIDIA A100-SXM4-40GB (0),1,,13,"void convert_kernel<__half2, float2>(tensor_layout_any, T1 *, tensor_layout_any, const T2 *)"
1917616426,11936,14652,,,,,,,,,,0.061,5147.443,Pinned,Device,NVIDIA A100-SXM4-40GB (0),1,,13,[CUDA memcpy Host-to-Device]
1917633258,3296,14653,,,,,,,,,,1.547,469242.628,Device,,NVIDIA A100-SXM4-40GB (0),1,,13,[CUDA memset]
1917637002,10464,14658,,,,,,,,,,0.021,2012.217,Pinned,Device,NVIDIA A100-SXM4-40GB (0),1,,13,[CUDA memcpy Host-to-Device]
1917649610,22624,14659,,,,,,,,,,0.131,5793.382,Pinned,Device,NVIDIA A100-SXM4-40GB (0),1,,13,[CUDA memcpy Host-to-Device]
1917681417,6080,14660,273,1,1,8,4,1,39,0.002,0.000,,,,,NVIDIA A100-SXM4-40GB (0),1,,13,"void channel_eq::eqMmseCoefCompLowMimoKernel<float, float, float, (unsigned int)4, (unsigned int)1, (unsigned int)4>(const channel_eq::_puschRxChEqStatDescr *, channel_eq::_puschRxChEqCoefCompDynDescr)"
1917688553,5120,14661,273,1,1,12,11,1,40,0.002,0.000,,,,,NVIDIA A100-SXM4-40GB (0),1,,13,"void channel_eq::eqMmseSoftDemapKernel<float, __half, __half, float, (unsigned int)4, (unsigned short)16383>(channel_eq::_puschRxChEqStatDescr *, channel_eq::_puschRxChEqSoftDemapDynDescr)"
1917694665,280829,14662,1,1,1,32,32,1,30,0.000,0.000,,,,,NVIDIA A100-SXM4-40GB (0),1,,13,"void convert_kernel<float2, __half2>(tensor_layout_any, T1 *, tensor_layout_any, const T2 *)"
1917976582,12192,14674,2253,1,1,128,1,1,16,0.000,0.000,,,,,NVIDIA A100-SXM4-40GB (0),1,,13,cupy_copy__float16_float16
1917989958,2592,14683,282,1,1,128,1,1,16,0.000,0.000,,,,,NVIDIA A100-SXM4-40GB (0),1,,13,cupy_copy__complex64_complex64
1917993574,1856,14692,26,1,1,128,1,1,16,0.000,0.000,,,,,NVIDIA A100-SXM4-40GB (0),1,,13,cupy_copy__float32_float32
1917996390,2848,14701,103,1,1,128,1,1,16,0.000,0.000,,,,,NVIDIA A100-SXM4-40GB (0),1,,13,cupy_copy__complex64_complex64
1918000198,13888,14711,1434,1,1,128,1,1,16,0.000,0.000,,,,,NVIDIA A100-SXM4-40GB (0),1,,13,cupy_copy__complex64_complex64
1918142020,79583,14716,1,1,1,32,32,1,30,0.000,0.000,,,,,NVIDIA A100-SXM4-40GB (0),1,,13,"void convert_kernel<__half2, float2>(tensor_layout_any, T1 *, tensor_layout_any, const T2 *)"
1918253187,12288,14719,,,,,,,,,,0.061,4999.987,Pinned,Device,NVIDIA A100-SXM4-40GB (0),1,,13,[CUDA memcpy Host-to-Device]
1918276355,587833,14720,,,,,,,,,,456.520,776541.336,Device,,NVIDIA A100-SXM4-40GB (0),1,,13,[CUDA memset]
1918870684,133407,14725,,,,,,,,,,0.825,6185.953,Pinned,Device,NVIDIA A100-SXM4-40GB (0),1,,13,[CUDA memcpy Host-to-Device]
1919006939,22815,14726,,,,,,,,,,0.131,5744.886,Pinned,Device,NVIDIA A100-SXM4-40GB (0),1,,13,[CUDA memcpy Host-to-Device]
1919035098,7200,14727,69,4,1,48,1,1,76,0.002,0.000,,,,,NVIDIA A100-SXM4-40GB (0),1,,13,"void ch_est::windowedChEstPreNoDftSOfdmKernel<float, __half, float, (unsigned int)2, (unsigned int)1, (unsigned short)4>(ch_est::puschRxChEstStatDescr_t *, ch_est::puschRxChEstDynDescr_t *)"
1919044026,5792,14728,137,2,1,24,2,1,44,0.001,0.001,,,,,NVIDIA A100-SXM4-40GB (0),1,,13,"void ch_est::chEstFilterNoDftSOfdmDispatchKernel<float, __half, float, (unsigned int)2>(ch_est::puschRxChEstStatDescr_t *, ch_est::puschRxChEstDynDescr_t *)"
1919050842,4736,14729,137,2,1,24,2,1,44,0.001,0.001,,,,,NVIDIA A100-SXM4-40GB (0),1,,13,"void ch_est::chEstFilterNoDftSOfdmDispatchKernel<float, __half, float, (unsigned int)2>(ch_est::puschRxChEstStatDescr_t *, ch_est::puschRxChEstDynDescr_t *)"
1919056666,2336,14740,103,1,1,128,1,1,16,0.000,0.000,,,,,NVIDIA A100-SXM4-40GB (0),1,,13,cupy_copy__complex64_complex64
1919059930,15424,14750,1434,1,1,128,1,1,16,0.000,0.000,,,,,NVIDIA A100-SXM4-40GB (0),1,,13,cupy_copy__complex64_complex64
1919076538,2240,14757,103,1,1,128,1,1,16,0.000,0.000,,,,,NVIDIA A100-SXM4-40GB (0),1,,13,cupy_copy__complex64_complex64
1919079994,79935,14764,1,1,1,32,32,1,30,0.000,0.000,,,,,NVIDIA A100-SXM4-40GB (0),1,,13,"void convert_kernel<__half2, float2>(tensor_layout_any, T1 *, tensor_layout_any, const T2 *)"
1919189177,12319,14767,,,,,,,,,,0.061,4987.392,Pinned,Device,NVIDIA A100-SXM4-40GB (0),1,,13,[CUDA memcpy Host-to-Device]
1919212248,45920,14768,,,,,,,,,,35.801,779637.506,Device,,NVIDIA A100-SXM4-40GB (0),1,,13,[CUDA memset]
1919263864,2080,14770,,,,,,,,,,0.000,38.462,Pinned,Device,NVIDIA A100-SXM4-40GB (0),1,,13,[CUDA memcpy Host-to-Device]
1919269240,23743,14771,,,,,,,,,,0.131,5520.359,Pinned,Device,NVIDIA A100-SXM4-40GB (0),1,,13,[CUDA memcpy Host-to-Device]
1919300343,8768,14772,273,1,1,48,1,1,40,0.000,0.001,,,,,NVIDIA A100-SXM4-40GB (0),1,,13,"void pusch_noise_intf_est::noiseIntfEstNoDftSOfdmKernel<float, __half, float, float, (unsigned int)2, (unsigned int)1, (unsigned char)4, (unsigned char)4>(pusch_noise_intf_est::puschRxNoiseIntfEstDynDescr)"
1919310103,2752,14783,35,1,1,128,1,1,16,0.000,0.000,,,,,NVIDIA A100-SXM4-40GB (0),1,,13,cupy_copy__complex64_complex64
1919314903,1568,14792,1,1,1,1,1,1,18,0.000,0.000,,,,,NVIDIA A100-SXM4-40GB (0),1,,13,cupy_copy__float32_float32
1919350231,1824,14798,,,,,,,,,,0.000,2.193,Device,Pageable,NVIDIA A100-SXM4-40GB (0),1,,7,[CUDA memcpy Device-to-Host]
1919561268,15360,14809,1434,1,1,128,1,1,16,0.000,0.000,,,,,NVIDIA A100-SXM4-40GB (0),1,,13,cupy_copy__complex64_complex64
1919592084,2496,14816,103,1,1,128,1,1,16,0.000,0.000,,,,,NVIDIA A100-SXM4-40GB (0),1,,13,cupy_copy__complex64_complex64
1919613332,2112,14823,35,1,1,128,1,1,16,0.000,0.000,,,,,NVIDIA A100-SXM4-40GB (0),1,,13,cupy_copy__complex64_complex64
1919632148,1536,14830,1,1,1,1,1,1,18,0.000,0.000,,,,,NVIDIA A100-SXM4-40GB (0),1,,13,cupy_copy__float32_float32
1919767378,78719,14841,1,1,1,32,32,1,30,0.000,0.000,,,,,NVIDIA A100-SXM4-40GB (0),1,,13,"void convert_kernel<__half2, float2>(tensor_layout_any, T1 *, tensor_layout_any, const T2 *)"
1919874769,12448,14844,,,,,,,,,,0.061,4935.721,Pinned,Device,NVIDIA A100-SXM4-40GB (0),1,,13,[CUDA memcpy Host-to-Device]
1919891473,3456,14845,,,,,,,,,,1.547,447517.201,Device,,NVIDIA A100-SXM4-40GB (0),1,,13,[CUDA memset]
1919897297,10239,14850,,,,,,,,,,0.021,2056.434,Pinned,Device,NVIDIA A100-SXM4-40GB (0),1,,13,[CUDA memcpy Host-to-Device]
1919910096,23232,14851,,,,,,,,,,0.131,5641.863,Pinned,Device,NVIDIA A100-SXM4-40GB (0),1,,13,[CUDA memcpy Host-to-Device]
1919942384,6048,14852,273,1,1,8,4,1,39,0.002,0.000,,,,,NVIDIA A100-SXM4-40GB (0),1,,13,"void channel_eq::eqMmseCoefCompLowMimoKernel<float, float, float, (unsigned int)4, (unsigned int)1, (unsigned int)4>(const channel_eq::_puschRxChEqStatDescr *, channel_eq::_puschRxChEqCoefCompDynDescr)"
1919949520,5248,14853,273,1,1,12,11,1,40,0.002,0.000,,,,,NVIDIA A100-SXM4-40GB (0),1,,13,"void channel_eq::eqMmseSoftDemapKernel<float, __half, __half, float, (unsigned int)4, (unsigned short)16383>(channel_eq::_puschRxChEqStatDescr *, channel_eq::_puschRxChEqSoftDemapDynDescr)"
1919955792,281085,14854,1,1,1,32,32,1,30,0.000,0.000,,,,,NVIDIA A100-SXM4-40GB (0),1,,13,"void convert_kernel<float2, __half2>(tensor_layout_any, T1 *, tensor_layout_any, const T2 *)"
1920237805,12416,14866,2253,1,1,128,1,1,16,0.000,0.000,,,,,NVIDIA A100-SXM4-40GB (0),1,,13,cupy_copy__float16_float16
1920251309,2624,14875,282,1,1,128,1,1,16,0.000,0.000,,,,,NVIDIA A100-SXM4-40GB (0),1,,13,cupy_copy__complex64_complex64
1920254925,1888,14884,26,1,1,128,1,1,16,0.000,0.000,,,,,NVIDIA A100-SXM4-40GB (0),1,,13,cupy_copy__float32_float32
1920257868,2816,14893,103,1,1,128,1,1,16,0.000,0.000,,,,,NVIDIA A100-SXM4-40GB (0),1,,13,cupy_copy__complex64_complex64
1920261676,13984,14903,1434,1,1,128,1,1,16,0.000,0.000,,,,,NVIDIA A100-SXM4-40GB (0),1,,13,cupy_copy__complex64_complex64
1920276684,79519,14908,1,1,1,32,32,1,30,0.000,0.000,,,,,NVIDIA A100-SXM4-40GB (0),1,,13,"void convert_kernel<__half2, float2>(tensor_layout_any, T1 *, tensor_layout_any, const T2 *)"
1920384075,11712,14911,,,,,,,,,,0.061,5245.870,Pinned,Device,NVIDIA A100-SXM4-40GB (0),1,,13,[CUDA memcpy Host-to-Device]
1920407243,588217,14912,,,,,,,,,,456.520,776084.816,Device,,NVIDIA A100-SXM4-40GB (0),1,,13,[CUDA memset]
1920996772,131583,14917,,,,,,,,,,0.825,6271.789,Pinned,Device,NVIDIA A100-SXM4-40GB (0),1,,13,[CUDA memcpy Host-to-Device]
1921130467,23455,14918,,,,,,,,,,0.131,5588.124,Pinned,Device,NVIDIA A100-SXM4-40GB (0),1,,13,[CUDA memcpy Host-to-Device]
1921157858,7200,14919,69,4,1,48,1,1,76,0.002,0.000,,,,,NVIDIA A100-SXM4-40GB (0),1,,13,"void ch_est::windowedChEstPreNoDftSOfdmKernel<float, __half, float, (unsigned int)2, (unsigned int)1, (unsigned short)4>(ch_est::puschRxChEstStatDescr_t *, ch_est::puschRxChEstDynDescr_t *)"
1921166786,5984,14920,137,2,1,24,2,1,44,0.001,0.001,,,,,NVIDIA A100-SXM4-40GB (0),1,,13,"void ch_est::chEstFilterNoDftSOfdmDispatchKernel<float, __half, float, (unsigned int)2>(ch_est::puschRxChEstStatDescr_t *, ch_est::puschRxChEstDynDescr_t *)"
1921173826,4704,14921,137,2,1,24,2,1,44,0.001,0.001,,,,,NVIDIA A100-SXM4-40GB (0),1,,13,"void ch_est::chEstFilterNoDftSOfdmDispatchKernel<float, __half, float, (unsigned int)2>(ch_est::puschRxChEstStatDescr_t *, ch_est::puschRxChEstDynDescr_t *)"
1921179618,2368,14932,103,1,1,128,1,1,16,0.000,0.000,,,,,NVIDIA A100-SXM4-40GB (0),1,,13,cupy_copy__complex64_complex64
1921182978,15104,14942,1434,1,1,128,1,1,16,0.000,0.000,,,,,NVIDIA A100-SXM4-40GB (0),1,,13,cupy_copy__complex64_complex64
1921199138,2304,14949,103,1,1,128,1,1,16,0.000,0.000,,,,,NVIDIA A100-SXM4-40GB (0),1,,13,cupy_copy__complex64_complex64
1921202530,78847,14956,1,1,1,32,32,1,30,0.000,0.000,,,,,NVIDIA A100-SXM4-40GB (0),1,,13,"void convert_kernel<__half2, float2>(tensor_layout_any, T1 *, tensor_layout_any, const T2 *)"
1921309441,12224,14959,,,,,,,,,,0.061,5026.161,Pinned,Device,NVIDIA A100-SXM4-40GB (0),1,,13,[CUDA memcpy Host-to-Device]
1921331904,45824,14960,,,,,,,,,,35.801,781248.549,Device,,NVIDIA A100-SXM4-40GB (0),1,,13,[CUDA memset]
1921384544,2048,14962,,,,,,,,,,0.000,39.062,Pinned,Device,NVIDIA A100-SXM4-40GB (0),1,,13,[CUDA memcpy Host-to-Device]
1921389600,23200,14963,,,,,,,,,,0.131,5649.596,Pinned,Device,NVIDIA A100-SXM4-40GB (0),1,,13,[CUDA memcpy Host-to-Device]
1921423071,8672,14964,273,1,1,48,1,1,40,0.000,0.001,,,,,NVIDIA A100-SXM4-40GB (0),1,,13,"void pusch_noise_intf_est::noiseIntfEstNoDftSOfdmKernel<float, __half, float, float, (unsigned int)2, (unsigned int)1, (unsigned char)4, (unsigned char)4>(pusch_noise_intf_est::puschRxNoiseIntfEstDynDescr)"
1921432959,2624,14975,35,1,1,128,1,1,16,0.000,0.000,,,,,NVIDIA A100-SXM4-40GB (0),1,,13,cupy_copy__complex64_complex64
1921447135,1632,14984,1,1,1,1,1,1,18,0.000,0.000,,,,,NVIDIA A100-SXM4-40GB (0),1,,13,cupy_copy__float32_float32
1921482079,1632,14990,,,,,,,,,,0.000,2.451,Device,Pageable,NVIDIA A100-SXM4-40GB (0),1,,7,[CUDA memcpy Device-to-Host]
1921542078,15584,15001,1434,1,1,128,1,1,16,0.000,0.000,,,,,NVIDIA A100-SXM4-40GB (0),1,,13,cupy_copy__complex64_complex64
1921573182,2496,15008,103,1,1,128,1,1,16,0.000,0.000,,,,,NVIDIA A100-SXM4-40GB (0),1,,13,cupy_copy__complex64_complex64
1921594781,2144,15015,35,1,1,128,1,1,16,0.000,0.000,,,,,NVIDIA A100-SXM4-40GB (0),1,,13,cupy_copy__complex64_complex64
1921613629,1568,15022,1,1,1,1,1,1,18,0.000,0.000,,,,,NVIDIA A100-SXM4-40GB (0),1,,13,cupy_copy__float32_float32
1921750556,79199,15033,1,1,1,32,32,1,30,0.000,0.000,,,,,NVIDIA A100-SXM4-40GB (0),1,,13,"void convert_kernel<__half2, float2>(tensor_layout_any, T1 *, tensor_layout_any, const T2 *)"
1922001145,11840,15036,,,,,,,,,,0.061,5189.161,Pinned,Device,NVIDIA A100-SXM4-40GB (0),1,,13,[CUDA memcpy Host-to-Device]
1922016377,3264,15037,,,,,,,,,,1.547,473842.288,Device,,NVIDIA A100-SXM4-40GB (0),1,,13,[CUDA memset]
1922021401,9920,15042,,,,,,,,,,0.021,2122.571,Pinned,Device,NVIDIA A100-SXM4-40GB (0),1,,13,[CUDA memcpy Host-to-Device]
1922034009,23167,15043,,,,,,,,,,0.131,5657.592,Pinned,Device,NVIDIA A100-SXM4-40GB (0),1,,13,[CUDA memcpy Host-to-Device]
1922066104,6112,15044,273,1,1,8,4,1,39,0.002,0.000,,,,,NVIDIA A100-SXM4-40GB (0),1,,13,"void channel_eq::eqMmseCoefCompLowMimoKernel<float, float, float, (unsigned int)4, (unsigned int)1, (unsigned int)4>(const channel_eq::_puschRxChEqStatDescr *, channel_eq::_puschRxChEqCoefCompDynDescr)"
1922073272,5184,15045,273,1,1,12,11,1,40,0.002,0.000,,,,,NVIDIA A100-SXM4-40GB (0),1,,13,"void channel_eq::eqMmseSoftDemapKernel<float, __half, __half, float, (unsigned int)4, (unsigned short)16383>(channel_eq::_puschRxChEqStatDescr *, channel_eq::_puschRxChEqSoftDemapDynDescr)"
1922079512,280669,15046,1,1,1,32,32,1,30,0.000,0.000,,,,,NVIDIA A100-SXM4-40GB (0),1,,13,"void convert_kernel<float2, __half2>(tensor_layout_any, T1 *, tensor_layout_any, const T2 *)"
1922361301,12320,15058,2253,1,1,128,1,1,16,0.000,0.000,,,,,NVIDIA A100-SXM4-40GB (0),1,,13,cupy_copy__float16_float16
1922374549,2624,15067,282,1,1,128,1,1,16,0.000,0.000,,,,,NVIDIA A100-SXM4-40GB (0),1,,13,cupy_copy__complex64_complex64
1922378165,1856,15076,26,1,1,128,1,1,16,0.000,0.000,,,,,NVIDIA A100-SXM4-40GB (0),1,,13,cupy_copy__float32_float32
1922381077,2880,15085,103,1,1,128,1,1,16,0.000,0.000,,,,,NVIDIA A100-SXM4-40GB (0),1,,13,cupy_copy__complex64_complex64
1922384949,13951,15095,1434,1,1,128,1,1,16,0.000,0.000,,,,,NVIDIA A100-SXM4-40GB (0),1,,13,cupy_copy__complex64_complex64
1922527731,79679,15100,1,1,1,32,32,1,30,0.000,0.000,,,,,NVIDIA A100-SXM4-40GB (0),1,,13,"void convert_kernel<__half2, float2>(tensor_layout_any, T1 *, tensor_layout_any, const T2 *)"
1922638802,11872,15103,,,,,,,,,,0.061,5175.153,Pinned,Device,NVIDIA A100-SXM4-40GB (0),1,,13,[CUDA memcpy Host-to-Device]
1922661041,587674,15104,,,,,,,,,,456.520,776541.336,Device,,NVIDIA A100-SXM4-40GB (0),1,,13,[CUDA memset]
1923256395,133982,15109,,,,,,,,,,0.825,6159.542,Pinned,Device,NVIDIA A100-SXM4-40GB (0),1,,13,[CUDA memcpy Host-to-Device]
1923393353,22912,15110,,,,,,,,,,0.131,5720.637,Pinned,Device,NVIDIA A100-SXM4-40GB (0),1,,13,[CUDA memcpy Host-to-Device]
1923420105,7200,15111,69,4,1,48,1,1,76,0.002,0.000,,,,,NVIDIA A100-SXM4-40GB (0),1,,13,"void ch_est::windowedChEstPreNoDftSOfdmKernel<float, __half, float, (unsigned int)2, (unsigned int)1, (unsigned short)4>(ch_est::puschRxChEstStatDescr_t *, ch_est::puschRxChEstDynDescr_t *)"
1923429193,5856,15112,137,2,1,24,2,1,44,0.001,0.001,,,,,NVIDIA A100-SXM4-40GB (0),1,,13,"void ch_est::chEstFilterNoDftSOfdmDispatchKernel<float, __half, float, (unsigned int)2>(ch_est::puschRxChEstStatDescr_t *, ch_est::puschRxChEstDynDescr_t *)"
1923436009,4704,15113,137,2,1,24,2,1,44,0.001,0.001,,,,,NVIDIA A100-SXM4-40GB (0),1,,13,"void ch_est::chEstFilterNoDftSOfdmDispatchKernel<float, __half, float, (unsigned int)2>(ch_est::puschRxChEstStatDescr_t *, ch_est::puschRxChEstDynDescr_t *)"
1923441801,2336,15124,103,1,1,128,1,1,16,0.000,0.000,,,,,NVIDIA A100-SXM4-40GB (0),1,,13,cupy_copy__complex64_complex64
1923445129,15199,15134,1434,1,1,128,1,1,16,0.000,0.000,,,,,NVIDIA A100-SXM4-40GB (0),1,,13,cupy_copy__complex64_complex64
1923461512,2272,15141,103,1,1,128,1,1,16,0.000,0.000,,,,,NVIDIA A100-SXM4-40GB (0),1,,13,cupy_copy__complex64_complex64
1923464776,79008,15148,1,1,1,32,32,1,30,0.000,0.000,,,,,NVIDIA A100-SXM4-40GB (0),1,,13,"void convert_kernel<__half2, float2>(tensor_layout_any, T1 *, tensor_layout_any, const T2 *)"
1923709958,11680,15151,,,,,,,,,,0.061,5260.247,Pinned,Device,NVIDIA A100-SXM4-40GB (0),1,,13,[CUDA memcpy Host-to-Device]
1923731109,46496,15152,,,,,,,,,,35.801,769971.247,Device,,NVIDIA A100-SXM4-40GB (0),1,,13,[CUDA memset]
1923782405,2112,15154,,,,,,,,,,0.000,37.879,Pinned,Device,NVIDIA A100-SXM4-40GB (0),1,,13,[CUDA memcpy Host-to-Device]
1923786629,22912,15155,,,,,,,,,,0.131,5720.637,Pinned,Device,NVIDIA A100-SXM4-40GB (0),1,,13,[CUDA memcpy Host-to-Device]
1923816100,9440,15156,273,1,1,48,1,1,40,0.000,0.001,,,,,NVIDIA A100-SXM4-40GB (0),1,,13,"void pusch_noise_intf_est::noiseIntfEstNoDftSOfdmKernel<float, __half, float, float, (unsigned int)2, (unsigned int)1, (unsigned char)4, (unsigned char)4>(pusch_noise_intf_est::puschRxNoiseIntfEstDynDescr)"
1923826500,2784,15167,35,1,1,128,1,1,16,0.000,0.000,,,,,NVIDIA A100-SXM4-40GB (0),1,,13,cupy_copy__complex64_complex64
1923830212,1568,15176,1,1,1,1,1,1,18,0.000,0.000,,,,,NVIDIA A100-SXM4-40GB (0),1,,13,cupy_copy__float32_float32
1923860644,1696,15182,,,,,,,,,,0.000,2.358,Device,Pageable,NVIDIA A100-SXM4-40GB (0),1,,7,[CUDA memcpy Device-to-Host]
1923921379,15424,15193,1434,1,1,128,1,1,16,0.000,0.000,,,,,NVIDIA A100-SXM4-40GB (0),1,,13,cupy_copy__complex64_complex64
1923948835,2528,15200,103,1,1,128,1,1,16,0.000,0.000,,,,,NVIDIA A100-SXM4-40GB (0),1,,13,cupy_copy__complex64_complex64
1923970307,2112,15207,35,1,1,128,1,1,16,0.000,0.000,,,,,NVIDIA A100-SXM4-40GB (0),1,,13,cupy_copy__complex64_complex64
1923989219,1536,15214,1,1,1,1,1,1,18,0.000,0.000,,,,,NVIDIA A100-SXM4-40GB (0),1,,13,cupy_copy__float32_float32
1924260831,79136,15225,1,1,1,32,32,1,30,0.000,0.000,,,,,NVIDIA A100-SXM4-40GB (0),1,,13,"void convert_kernel<__half2, float2>(tensor_layout_any, T1 *, tensor_layout_any, const T2 *)"
1924371902,11744,15228,,,,,,,,,,0.061,5231.555,Pinned,Device,NVIDIA A100-SXM4-40GB (0),1,,13,[CUDA memcpy Host-to-Device]
1924389310,3392,15229,,,,,,,,,,1.547,455961.768,Device,,NVIDIA A100-SXM4-40GB (0),1,,13,[CUDA memset]
1924395614,9984,15234,,,,,,,,,,0.021,2108.969,Pinned,Device,NVIDIA A100-SXM4-40GB (0),1,,13,[CUDA memcpy Host-to-Device]
1924408158,23808,15235,,,,,,,,,,0.131,5505.286,Pinned,Device,NVIDIA A100-SXM4-40GB (0),1,,13,[CUDA memcpy Host-to-Device]
1924440765,6112,15236,273,1,1,8,4,1,39,0.002,0.000,,,,,NVIDIA A100-SXM4-40GB (0),1,,13,"void channel_eq::eqMmseCoefCompLowMimoKernel<float, float, float, (unsigned int)4, (unsigned int)1, (unsigned int)4>(const channel_eq::_puschRxChEqStatDescr *, channel_eq::_puschRxChEqCoefCompDynDescr)"
1924447901,5376,15237,273,1,1,12,11,1,40,0.002,0.000,,,,,NVIDIA A100-SXM4-40GB (0),1,,13,"void channel_eq::eqMmseSoftDemapKernel<float, __half, __half, float, (unsigned int)4, (unsigned short)16383>(channel_eq::_puschRxChEqStatDescr *, channel_eq::_puschRxChEqSoftDemapDynDescr)"
1924454461,281437,15238,1,1,1,32,32,1,30,0.000,0.000,,,,,NVIDIA A100-SXM4-40GB (0),1,,13,"void convert_kernel<float2, __half2>(tensor_layout_any, T1 *, tensor_layout_any, const T2 *)"
1924737018,12384,15250,2253,1,1,128,1,1,16,0.000,0.000,,,,,NVIDIA A100-SXM4-40GB (0),1,,13,cupy_copy__float16_float16
1924750618,2624,15259,282,1,1,128,1,1,16,0.000,0.000,,,,,NVIDIA A100-SXM4-40GB (0),1,,13,cupy_copy__complex64_complex64
1924754234,1888,15268,26,1,1,128,1,1,16,0.000,0.000,,,,,NVIDIA A100-SXM4-40GB (0),1,,13,cupy_copy__float32_float32
1924757210,2816,15277,103,1,1,128,1,1,16,0.000,0.000,,,,,NVIDIA A100-SXM4-40GB (0),1,,13,cupy_copy__complex64_complex64
1924760986,13920,15287,1434,1,1,128,1,1,16,0.000,0.000,,,,,NVIDIA A100-SXM4-40GB (0),1,,13,cupy_copy__complex64_complex64
1924789722,79455,15292,1,1,1,32,32,1,30,0.000,0.000,,,,,NVIDIA A100-SXM4-40GB (0),1,,13,"void convert_kernel<__half2, float2>(tensor_layout_any, T1 *, tensor_layout_any, const T2 *)"
1924897400,11936,15295,,,,,,,,,,0.061,5147.443,Pinned,Device,NVIDIA A100-SXM4-40GB (0),1,,13,[CUDA memcpy Host-to-Device]
1924919960,587545,15296,,,,,,,,,,456.520,776541.336,Device,,NVIDIA A100-SXM4-40GB (0),1,,13,[CUDA memset]
1925512241,140607,15301,,,,,,,,,,0.825,5869.847,Pinned,Device,NVIDIA A100-SXM4-40GB (0),1,,13,[CUDA memcpy Host-to-Device]
1925655344,23168,15302,,,,,,,,,,0.131,5657.330,Pinned,Device,NVIDIA A100-SXM4-40GB (0),1,,13,[CUDA memcpy Host-to-Device]
1925684911,7296,15303,69,4,1,48,1,1,76,0.002,0.000,,,,,NVIDIA A100-SXM4-40GB (0),1,,13,"void ch_est::windowedChEstPreNoDftSOfdmKernel<float, __half, float, (unsigned int)2, (unsigned int)1, (unsigned short)4>(ch_est::puschRxChEstStatDescr_t *, ch_est::puschRxChEstDynDescr_t *)"
1925693903,6016,15304,137,2,1,24,2,1,44,0.001,0.001,,,,,NVIDIA A100-SXM4-40GB (0),1,,13,"void ch_est::chEstFilterNoDftSOfdmDispatchKernel<float, __half, float, (unsigned int)2>(ch_est::puschRxChEstStatDescr_t *, ch_est::puschRxChEstDynDescr_t *)"
1925700847,4736,15305,137,2,1,24,2,1,44,0.001,0.001,,,,,NVIDIA A100-SXM4-40GB (0),1,,13,"void ch_est::chEstFilterNoDftSOfdmDispatchKernel<float, __half, float, (unsigned int)2>(ch_est::puschRxChEstStatDescr_t *, ch_est::puschRxChEstDynDescr_t *)"
1925706543,2336,15316,103,1,1,128,1,1,16,0.000,0.000,,,,,NVIDIA A100-SXM4-40GB (0),1,,13,cupy_copy__complex64_complex64
1925709903,15200,15326,1434,1,1,128,1,1,16,0.000,0.000,,,,,NVIDIA A100-SXM4-40GB (0),1,,13,cupy_copy__complex64_complex64
1925726191,2304,15333,103,1,1,128,1,1,16,0.000,0.000,,,,,NVIDIA A100-SXM4-40GB (0),1,,13,cupy_copy__complex64_complex64
1925729551,78815,15340,1,1,1,32,32,1,30,0.000,0.000,,,,,NVIDIA A100-SXM4-40GB (0),1,,13,"void convert_kernel<__half2, float2>(tensor_layout_any, T1 *, tensor_layout_any, const T2 *)"
1925838062,12512,15343,,,,,,,,,,0.061,4910.469,Pinned,Device,NVIDIA A100-SXM4-40GB (0),1,,13,[CUDA memcpy Host-to-Device]
1925861005,45728,15344,,,,,,,,,,35.801,782895.393,Device,,NVIDIA A100-SXM4-40GB (0),1,,13,[CUDA memset]
1925912653,2080,15346,,,,,,,,,,0.000,38.462,Pinned,Device,NVIDIA A100-SXM4-40GB (0),1,,13,[CUDA memcpy Host-to-Device]
1925917197,24192,15347,,,,,,,,,,0.131,5417.861,Pinned,Device,NVIDIA A100-SXM4-40GB (0),1,,13,[CUDA memcpy Host-to-Device]
1925950124,8800,15348,273,1,1,48,1,1,40,0.000,0.001,,,,,NVIDIA A100-SXM4-40GB (0),1,,13,"void pusch_noise_intf_est::noiseIntfEstNoDftSOfdmKernel<float, __half, float, float, (unsigned int)2, (unsigned int)1, (unsigned char)4, (unsigned char)4>(pusch_noise_intf_est::puschRxNoiseIntfEstDynDescr)"
1925959884,2688,15359,35,1,1,128,1,1,16,0.000,0.000,,,,,NVIDIA A100-SXM4-40GB (0),1,,13,cupy_copy__complex64_complex64
1925963628,1600,15368,1,1,1,1,1,1,18,0.000,0.000,,,,,NVIDIA A100-SXM4-40GB (0),1,,13,cupy_copy__float32_float32
1926003084,2304,15374,,,,,,,,,,0.000,1.736,Device,Pageable,NVIDIA A100-SXM4-40GB (0),1,,7,[CUDA memcpy Device-to-Host]
1926065291,15392,15385,1434,1,1,128,1,1,16,0.000,0.000,,,,,NVIDIA A100-SXM4-40GB (0),1,,13,cupy_copy__complex64_complex64
1926093099,2496,15392,103,1,1,128,1,1,16,0.000,0.000,,,,,NVIDIA A100-SXM4-40GB (0),1,,13,cupy_copy__complex64_complex64
1926115243,2144,15399,35,1,1,128,1,1,16,0.000,0.000,,,,,NVIDIA A100-SXM4-40GB (0),1,,13,cupy_copy__complex64_complex64
1926135114,1536,15406,1,1,1,1,1,1,18,0.000,0.000,,,,,NVIDIA A100-SXM4-40GB (0),1,,13,cupy_copy__float32_float32
1926271785,79647,15417,1,1,1,32,32,1,30,0.000,0.000,,,,,NVIDIA A100-SXM4-40GB (0),1,,13,"void convert_kernel<__half2, float2>(tensor_layout_any, T1 *, tensor_layout_any, const T2 *)"
1926385832,17087,15420,,,,,,,,,,0.061,3595.715,Pinned,Device,NVIDIA A100-SXM4-40GB (0),1,,13,[CUDA memcpy Host-to-Device]
1926413959,3296,15421,,,,,,,,,,1.547,469242.628,Device,,NVIDIA A100-SXM4-40GB (0),1,,13,[CUDA memset]
1926418759,13728,15426,,,,,,,,,,0.021,1533.782,Pinned,Device,NVIDIA A100-SXM4-40GB (0),1,,13,[CUDA memcpy Host-to-Device]
1926435943,33824,15427,,,,,,,,,,0.131,3875.013,Pinned,Device,NVIDIA A100-SXM4-40GB (0),1,,13,[CUDA memcpy Host-to-Device]
1926478503,6047,15428,273,1,1,8,4,1,39,0.002,0.000,,,,,NVIDIA A100-SXM4-40GB (0),1,,13,"void channel_eq::eqMmseCoefCompLowMimoKernel<float, float, float, (unsigned int)4, (unsigned int)1, (unsigned int)4>(const channel_eq::_puschRxChEqStatDescr *, channel_eq::_puschRxChEqCoefCompDynDescr)"
1926485638,5152,15429,273,1,1,12,11,1,40,0.002,0.000,,,,,NVIDIA A100-SXM4-40GB (0),1,,13,"void channel_eq::eqMmseSoftDemapKernel<float, __half, __half, float, (unsigned int)4, (unsigned short)16383>(channel_eq::_puschRxChEqStatDescr *, channel_eq::_puschRxChEqSoftDemapDynDescr)"
1926491878,281021,15430,1,1,1,32,32,1,30,0.000,0.000,,,,,NVIDIA A100-SXM4-40GB (0),1,,13,"void convert_kernel<float2, __half2>(tensor_layout_any, T1 *, tensor_layout_any, const T2 *)"
1926774051,12576,15442,2253,1,1,128,1,1,16,0.000,0.000,,,,,NVIDIA A100-SXM4-40GB (0),1,,13,cupy_copy__float16_float16
1926787683,2592,15451,282,1,1,128,1,1,16,0.000,0.000,,,,,NVIDIA A100-SXM4-40GB (0),1,,13,cupy_copy__complex64_complex64
1926791267,1824,15460,26,1,1,128,1,1,16,0.000,0.000,,,,,NVIDIA A100-SXM4-40GB (0),1,,13,cupy_copy__float32_float32
1926794083,2880,15469,103,1,1,128,1,1,16,0.000,0.000,,,,,NVIDIA A100-SXM4-40GB (0),1,,13,cupy_copy__complex64_complex64
1926797923,13760,15479,1434,1,1,128,1,1,16,0.000,0.000,,,,,NVIDIA A100-SXM4-40GB (0),1,,13,cupy_copy__complex64_complex64
1926928865,78976,15484,1,1,1,32,32,1,30,0.000,0.000,,,,,NVIDIA A100-SXM4-40GB (0),1,,13,"void convert_kernel<__half2, float2>(tensor_layout_any, T1 *, tensor_layout_any, const T2 *)"
1927053312,22144,15487,,,,,,,,,,0.061,2774.508,Pinned,Device,NVIDIA A100-SXM4-40GB (0),1,,13,[CUDA memcpy Host-to-Device]
1927085728,587769,15488,,,,,,,,,,456.520,776541.336,Device,,NVIDIA A100-SXM4-40GB (0),1,,13,[CUDA memset]
1927681081,199454,15493,,,,,,,,,,0.825,4137.449,Pinned,Device,NVIDIA A100-SXM4-40GB (0),1,,13,[CUDA memcpy Host-to-Device]
1927882679,41183,15494,,,,,,,,,,0.131,3182.559,Pinned,Device,NVIDIA A100-SXM4-40GB (0),1,,13,[CUDA memcpy Host-to-Device]
1927932534,7296,15495,69,4,1,48,1,1,76,0.002,0.000,,,,,NVIDIA A100-SXM4-40GB (0),1,,13,"void ch_est::windowedChEstPreNoDftSOfdmKernel<float, __half, float, (unsigned int)2, (unsigned int)1, (unsigned short)4>(ch_est::puschRxChEstStatDescr_t *, ch_est::puschRxChEstDynDescr_t *)"
1927941526,5888,15496,137,2,1,24,2,1,44,0.001,0.001,,,,,NVIDIA A100-SXM4-40GB (0),1,,13,"void ch_est::chEstFilterNoDftSOfdmDispatchKernel<float, __half, float, (unsigned int)2>(ch_est::puschRxChEstStatDescr_t *, ch_est::puschRxChEstDynDescr_t *)"
1927948470,4736,15497,137,2,1,24,2,1,44,0.001,0.001,,,,,NVIDIA A100-SXM4-40GB (0),1,,13,"void ch_est::chEstFilterNoDftSOfdmDispatchKernel<float, __half, float, (unsigned int)2>(ch_est::puschRxChEstStatDescr_t *, ch_est::puschRxChEstDynDescr_t *)"
1927954262,2336,15508,103,1,1,128,1,1,16,0.000,0.000,,,,,NVIDIA A100-SXM4-40GB (0),1,,13,cupy_copy__complex64_complex64
1927957526,15232,15518,1434,1,1,128,1,1,16,0.000,0.000,,,,,NVIDIA A100-SXM4-40GB (0),1,,13,cupy_copy__complex64_complex64
1927973846,2240,15525,103,1,1,128,1,1,16,0.000,0.000,,,,,NVIDIA A100-SXM4-40GB (0),1,,13,cupy_copy__complex64_complex64
1927977302,79615,15532,1,1,1,32,32,1,30,0.000,0.000,,,,,NVIDIA A100-SXM4-40GB (0),1,,13,"void convert_kernel<__half2, float2>(tensor_layout_any, T1 *, tensor_layout_any, const T2 *)"
1928301874,15712,15535,,,,,,,,,,0.061,3910.349,Pinned,Device,NVIDIA A100-SXM4-40GB (0),1,,13,[CUDA memcpy Host-to-Device]
1928325074,46495,15536,,,,,,,,,,35.801,769971.247,Device,,NVIDIA A100-SXM4-40GB (0),1,,13,[CUDA memset]
1928373425,2624,15538,,,,,,,,,,0.000,30.488,Pinned,Device,NVIDIA A100-SXM4-40GB (0),1,,13,[CUDA memcpy Host-to-Device]
1928378161,43200,15539,,,,,,,,,,0.131,3034.055,Pinned,Device,NVIDIA A100-SXM4-40GB (0),1,,13,[CUDA memcpy Host-to-Device]
1928429169,9119,15540,273,1,1,48,1,1,40,0.000,0.001,,,,,NVIDIA A100-SXM4-40GB (0),1,,13,"void pusch_noise_intf_est::noiseIntfEstNoDftSOfdmKernel<float, __half, float, float, (unsigned int)2, (unsigned int)1, (unsigned char)4, (unsigned char)4>(pusch_noise_intf_est::puschRxNoiseIntfEstDynDescr)"
1928439376,2688,15551,35,1,1,128,1,1,16,0.000,0.000,,,,,NVIDIA A100-SXM4-40GB (0),1,,13,cupy_copy__complex64_complex64
1928475792,1568,15560,1,1,1,1,1,1,18,0.000,0.000,,,,,NVIDIA A100-SXM4-40GB (0),1,,13,cupy_copy__float32_float32
1928516848,2080,15566,,,,,,,,,,0.000,1.923,Device,Pageable,NVIDIA A100-SXM4-40GB (0),1,,7,[CUDA memcpy Device-to-Host]
1928588431,15328,15577,1434,1,1,128,1,1,16,0.000,0.000,,,,,NVIDIA A100-SXM4-40GB (0),1,,13,cupy_copy__complex64_complex64
1928623630,2496,15584,103,1,1,128,1,1,16,0.000,0.000,,,,,NVIDIA A100-SXM4-40GB (0),1,,13,cupy_copy__complex64_complex64
1928650862,2112,15591,35,1,1,128,1,1,16,0.000,0.000,,,,,NVIDIA A100-SXM4-40GB (0),1,,13,cupy_copy__complex64_complex64
1928673806,1504,15598,1,1,1,1,1,1,18,0.000,0.000,,,,,NVIDIA A100-SXM4-40GB (0),1,,13,cupy_copy__float32_float32
1929007818,79551,15609,1,1,1,32,32,1,30,0.000,0.000,,,,,NVIDIA A100-SXM4-40GB (0),1,,13,"void convert_kernel<__half2, float2>(tensor_layout_any, T1 *, tensor_layout_any, const T2 *)"
1929122729,11744,15612,,,,,,,,,,0.061,5231.555,Pinned,Device,NVIDIA A100-SXM4-40GB (0),1,,13,[CUDA memcpy Host-to-Device]
1929141449,3424,15613,,,,,,,,,,1.547,451700.819,Device,,NVIDIA A100-SXM4-40GB (0),1,,13,[CUDA memset]
1929148392,10240,15618,,,,,,,,,,0.021,2056.245,Pinned,Device,NVIDIA A100-SXM4-40GB (0),1,,13,[CUDA memcpy Host-to-Device]
1929161192,23168,15619,,,,,,,,,,0.131,5657.330,Pinned,Device,NVIDIA A100-SXM4-40GB (0),1,,13,[CUDA memcpy Host-to-Device]
1929193064,6016,15620,273,1,1,8,4,1,39,0.002,0.000,,,,,NVIDIA A100-SXM4-40GB (0),1,,13,"void channel_eq::eqMmseCoefCompLowMimoKernel<float, float, float, (unsigned int)4, (unsigned int)1, (unsigned int)4>(const channel_eq::_puschRxChEqStatDescr *, channel_eq::_puschRxChEqCoefCompDynDescr)"
1929200296,5280,15621,273,1,1,12,11,1,40,0.002,0.000,,,,,NVIDIA A100-SXM4-40GB (0),1,,13,"void channel_eq::eqMmseSoftDemapKernel<float, __half, __half, float, (unsigned int)4, (unsigned short)16383>(channel_eq::_puschRxChEqStatDescr *, channel_eq::_puschRxChEqSoftDemapDynDescr)"
1929206600,281085,15622,1,1,1,32,32,1,30,0.000,0.000,,,,,NVIDIA A100-SXM4-40GB (0),1,,13,"void convert_kernel<float2, __half2>(tensor_layout_any, T1 *, tensor_layout_any, const T2 *)"
1929488709,12416,15634,2253,1,1,128,1,1,16,0.000,0.000,,,,,NVIDIA A100-SXM4-40GB (0),1,,13,cupy_copy__float16_float16
1929502341,2591,15643,282,1,1,128,1,1,16,0.000,0.000,,,,,NVIDIA A100-SXM4-40GB (0),1,,13,cupy_copy__complex64_complex64
1929505924,1888,15652,26,1,1,128,1,1,16,0.000,0.000,,,,,NVIDIA A100-SXM4-40GB (0),1,,13,cupy_copy__float32_float32
1929540548,2848,15661,103,1,1,128,1,1,16,0.000,0.000,,,,,NVIDIA A100-SXM4-40GB (0),1,,13,cupy_copy__complex64_complex64
1929622019,13792,15677,1434,1,1,128,1,1,16,0.000,0.000,,,,,NVIDIA A100-SXM4-40GB (0),1,,13,cupy_copy__complex64_complex64
1929742274,79071,15682,1,1,1,32,32,1,30,0.000,0.000,,,,,NVIDIA A100-SXM4-40GB (0),1,,13,"void convert_kernel<__half2, float2>(tensor_layout_any, T1 *, tensor_layout_any, const T2 *)"
1929984159,4960,15685,,,,,,,,,,0.061,12387.041,Pinned,Device,NVIDIA A100-SXM4-40GB (0),1,,13,[CUDA memcpy Host-to-Device]
1929994847,588665,15686,,,,,,,,,,456.520,775171.775,Device,,NVIDIA A100-SXM4-40GB (0),1,,13,[CUDA memset]
1930590840,37888,15691,,,,,,,,,,0.825,21783.304,Pinned,Device,NVIDIA A100-SXM4-40GB (0),1,,13,[CUDA memcpy Host-to-Device]
1930631800,7616,15692,,,,,,,,,,0.131,17210.016,Pinned,Device,NVIDIA A100-SXM4-40GB (0),1,,13,[CUDA memcpy Host-to-Device]
1930646104,7872,15693,69,4,1,48,1,1,76,0.002,0.000,,,,,NVIDIA A100-SXM4-40GB (0),1,,13,"void ch_est::windowedChEstPreNoDftSOfdmKernel<float, __half, float, (unsigned int)2, (unsigned int)1, (unsigned short)4>(ch_est::puschRxChEstStatDescr_t *, ch_est::puschRxChEstDynDescr_t *)"
1930655608,5695,15694,137,2,1,24,2,1,44,0.001,0.001,,,,,NVIDIA A100-SXM4-40GB (0),1,,13,"void ch_est::chEstFilterNoDftSOfdmDispatchKernel<float, __half, float, (unsigned int)2>(ch_est::puschRxChEstStatDescr_t *, ch_est::puschRxChEstDynDescr_t *)"
1930662327,4704,15695,137,2,1,24,2,1,44,0.001,0.001,,,,,NVIDIA A100-SXM4-40GB (0),1,,13,"void ch_est::chEstFilterNoDftSOfdmDispatchKernel<float, __half, float, (unsigned int)2>(ch_est::puschRxChEstStatDescr_t *, ch_est::puschRxChEstDynDescr_t *)"
1930668119,2336,15706,103,1,1,128,1,1,16,0.000,0.000,,,,,NVIDIA A100-SXM4-40GB (0),1,,13,cupy_copy__complex64_complex64
1930671511,15392,15716,1434,1,1,128,1,1,16,0.000,0.000,,,,,NVIDIA A100-SXM4-40GB (0),1,,13,cupy_copy__complex64_complex64
1930688087,2304,15723,103,1,1,128,1,1,16,0.000,0.000,,,,,NVIDIA A100-SXM4-40GB (0),1,,13,cupy_copy__complex64_complex64
1930691479,79615,15730,1,1,1,32,32,1,30,0.000,0.000,,,,,NVIDIA A100-SXM4-40GB (0),1,,13,"void convert_kernel<__half2, float2>(tensor_layout_any, T1 *, tensor_layout_any, const T2 *)"
1930802806,4448,15733,,,,,,,,,,0.061,13812.941,Pinned,Device,NVIDIA A100-SXM4-40GB (0),1,,13,[CUDA memcpy Host-to-Device]
1930816342,46207,15734,,,,,,,,,,35.801,774768.575,Device,,NVIDIA A100-SXM4-40GB (0),1,,13,[CUDA memset]
1930869685,1952,15736,,,,,,,,,,0.000,40.984,Pinned,Device,NVIDIA A100-SXM4-40GB (0),1,,13,[CUDA memcpy Host-to-Device]
1930874101,7648,15737,,,,,,,,,,0.131,17138.057,Pinned,Device,NVIDIA A100-SXM4-40GB (0),1,,13,[CUDA memcpy Host-to-Device]
1930893941,8512,15738,273,1,1,48,1,1,40,0.000,0.001,,,,,NVIDIA A100-SXM4-40GB (0),1,,13,"void pusch_noise_intf_est::noiseIntfEstNoDftSOfdmKernel<float, __half, float, float, (unsigned int)2, (unsigned int)1, (unsigned char)4, (unsigned char)4>(pusch_noise_intf_est::puschRxNoiseIntfEstDynDescr)"
1930903573,2624,15749,35,1,1,128,1,1,16,0.000,0.000,,,,,NVIDIA A100-SXM4-40GB (0),1,,13,cupy_copy__complex64_complex64
1930935988,1568,15758,1,1,1,1,1,1,18,0.000,0.000,,,,,NVIDIA A100-SXM4-40GB (0),1,,13,cupy_copy__float32_float32
1930972436,1696,15764,,,,,,,,,,0.000,2.358,Device,Pageable,NVIDIA A100-SXM4-40GB (0),1,,7,[CUDA memcpy Device-to-Host]
1931032787,15360,15775,1434,1,1,128,1,1,16,0.000,0.000,,,,,NVIDIA A100-SXM4-40GB (0),1,,13,cupy_copy__complex64_complex64
1931060787,2496,15782,103,1,1,128,1,1,16,0.000,0.000,,,,,NVIDIA A100-SXM4-40GB (0),1,,13,cupy_copy__complex64_complex64
1931082323,2176,15789,35,1,1,128,1,1,16,0.000,0.000,,,,,NVIDIA A100-SXM4-40GB (0),1,,13,cupy_copy__complex64_complex64
1931101555,1568,15796,1,1,1,1,1,1,18,0.000,0.000,,,,,NVIDIA A100-SXM4-40GB (0),1,,13,cupy_copy__float32_float32
1931241745,78879,15807,1,1,1,32,32,1,30,0.000,0.000,,,,,NVIDIA A100-SXM4-40GB (0),1,,13,"void convert_kernel<__half2, float2>(tensor_layout_any, T1 *, tensor_layout_any, const T2 *)"
1931348432,4448,15810,,,,,,,,,,0.061,13812.941,Pinned,Device,NVIDIA A100-SXM4-40GB (0),1,,13,[CUDA memcpy Host-to-Device]
1931363792,3296,15811,,,,,,,,,,1.547,469242.628,Device,,NVIDIA A100-SXM4-40GB (0),1,,13,[CUDA memset]
1931371279,4096,15816,,,,,,,,,,0.021,5140.612,Pinned,Device,NVIDIA A100-SXM4-40GB (0),1,,13,[CUDA memcpy Host-to-Device]
1931377455,7584,15817,,,,,,,,,,0.131,17282.630,Pinned,Device,NVIDIA A100-SXM4-40GB (0),1,,13,[CUDA memcpy Host-to-Device]
1931389135,6112,15818,273,1,1,8,4,1,39,0.002,0.000,,,,,NVIDIA A100-SXM4-40GB (0),1,,13,"void channel_eq::eqMmseCoefCompLowMimoKernel<float, float, float, (unsigned int)4, (unsigned int)1, (unsigned int)4>(const channel_eq::_puschRxChEqStatDescr *, channel_eq::_puschRxChEqCoefCompDynDescr)"
1931396303,5184,15819,273,1,1,12,11,1,40,0.002,0.000,,,,,NVIDIA A100-SXM4-40GB (0),1,,13,"void channel_eq::eqMmseSoftDemapKernel<float, __half, __half, float, (unsigned int)4, (unsigned short)16383>(channel_eq::_puschRxChEqStatDescr *, channel_eq::_puschRxChEqSoftDemapDynDescr)"
1931402543,280957,15820,1,1,1,32,32,1,30,0.000,0.000,,,,,NVIDIA A100-SXM4-40GB (0),1,,13,"void convert_kernel<float2, __half2>(tensor_layout_any, T1 *, tensor_layout_any, const T2 *)"
1931684620,12480,15832,2253,1,1,128,1,1,16,0.000,0.000,,,,,NVIDIA A100-SXM4-40GB (0),1,,13,cupy_copy__float16_float16
1931698028,2624,15841,282,1,1,128,1,1,16,0.000,0.000,,,,,NVIDIA A100-SXM4-40GB (0),1,,13,cupy_copy__complex64_complex64
1931701644,1856,15850,26,1,1,128,1,1,16,0.000,0.000,,,,,NVIDIA A100-SXM4-40GB (0),1,,13,cupy_copy__float32_float32
1931704588,2880,15859,103,1,1,128,1,1,16,0.000,0.000,,,,,NVIDIA A100-SXM4-40GB (0),1,,13,cupy_copy__complex64_complex64
1931708396,14080,15869,1434,1,1,128,1,1,16,0.000,0.000,,,,,NVIDIA A100-SXM4-40GB (0),1,,13,cupy_copy__complex64_complex64
1931757099,78975,15874,1,1,1,32,32,1,30,0.000,0.000,,,,,NVIDIA A100-SXM4-40GB (0),1,,13,"void convert_kernel<__half2, float2>(tensor_layout_any, T1 *, tensor_layout_any, const T2 *)"
1931864106,4832,15877,,,,,,,,,,0.061,12715.192,Pinned,Device,NVIDIA A100-SXM4-40GB (0),1,,13,[CUDA memcpy Host-to-Device]
1931876426,587929,15878,,,,,,,,,,456.520,776084.816,Device,,NVIDIA A100-SXM4-40GB (0),1,,13,[CUDA memset]
1932466051,36416,15883,,,,,,,,,,0.825,22663.946,Pinned,Device,NVIDIA A100-SXM4-40GB (0),1,,13,[CUDA memcpy Host-to-Device]
1932504579,7232,15884,,,,,,,,,,0.131,18123.850,Pinned,Device,NVIDIA A100-SXM4-40GB (0),1,,13,[CUDA memcpy Host-to-Device]
1932520003,7263,15885,69,4,1,48,1,1,76,0.002,0.000,,,,,NVIDIA A100-SXM4-40GB (0),1,,13,"void ch_est::windowedChEstPreNoDftSOfdmKernel<float, __half, float, (unsigned int)2, (unsigned int)1, (unsigned short)4>(ch_est::puschRxChEstStatDescr_t *, ch_est::puschRxChEstDynDescr_t *)"
1932528834,6144,15886,137,2,1,24,2,1,44,0.001,0.001,,,,,NVIDIA A100-SXM4-40GB (0),1,,13,"void ch_est::chEstFilterNoDftSOfdmDispatchKernel<float, __half, float, (unsigned int)2>(ch_est::puschRxChEstStatDescr_t *, ch_est::puschRxChEstDynDescr_t *)"
1932535970,4736,15887,137,2,1,24,2,1,44,0.001,0.001,,,,,NVIDIA A100-SXM4-40GB (0),1,,13,"void ch_est::chEstFilterNoDftSOfdmDispatchKernel<float, __half, float, (unsigned int)2>(ch_est::puschRxChEstStatDescr_t *, ch_est::puschRxChEstDynDescr_t *)"
1932541762,2336,15898,103,1,1,128,1,1,16,0.000,0.000,,,,,NVIDIA A100-SXM4-40GB (0),1,,13,cupy_copy__complex64_complex64
1932545122,15232,15908,1434,1,1,128,1,1,16,0.000,0.000,,,,,NVIDIA A100-SXM4-40GB (0),1,,13,cupy_copy__complex64_complex64
1932561538,2272,15915,103,1,1,128,1,1,16,0.000,0.000,,,,,NVIDIA A100-SXM4-40GB (0),1,,13,cupy_copy__complex64_complex64
1932564834,79711,15922,1,1,1,32,32,1,30,0.000,0.000,,,,,NVIDIA A100-SXM4-40GB (0),1,,13,"void convert_kernel<__half2, float2>(tensor_layout_any, T1 *, tensor_layout_any, const T2 *)"
1932672545,4928,15925,,,,,,,,,,0.061,12467.528,Pinned,Device,NVIDIA A100-SXM4-40GB (0),1,,13,[CUDA memcpy Host-to-Device]
1932685569,45887,15926,,,,,,,,,,35.801,780174.520,Device,,NVIDIA A100-SXM4-40GB (0),1,,13,[CUDA memset]
1932739808,2560,15928,,,,,,,,,,0.000,31.250,Pinned,Device,NVIDIA A100-SXM4-40GB (0),1,,13,[CUDA memcpy Host-to-Device]
1932744832,7584,15929,,,,,,,,,,0.131,17282.630,Pinned,Device,NVIDIA A100-SXM4-40GB (0),1,,13,[CUDA memcpy Host-to-Device]
1932756544,8864,15930,273,1,1,48,1,1,40,0.000,0.001,,,,,NVIDIA A100-SXM4-40GB (0),1,,13,"void pusch_noise_intf_est::noiseIntfEstNoDftSOfdmKernel<float, __half, float, float, (unsigned int)2, (unsigned int)1, (unsigned char)4, (unsigned char)4>(pusch_noise_intf_est::puschRxNoiseIntfEstDynDescr)"
1932766560,2816,15941,35,1,1,128,1,1,16,0.000,0.000,,,,,NVIDIA A100-SXM4-40GB (0),1,,13,cupy_copy__complex64_complex64
1932796799,1568,15950,1,1,1,1,1,1,18,0.000,0.000,,,,,NVIDIA A100-SXM4-40GB (0),1,,13,cupy_copy__float32_float32
1932831423,1984,15956,,,,,,,,,,0.000,2.016,Device,Pageable,NVIDIA A100-SXM4-40GB (0),1,,7,[CUDA memcpy Device-to-Host]
1932890686,15680,15967,1434,1,1,128,1,1,16,0.000,0.000,,,,,NVIDIA A100-SXM4-40GB (0),1,,13,cupy_copy__complex64_complex64
1932918174,2528,15974,103,1,1,128,1,1,16,0.000,0.000,,,,,NVIDIA A100-SXM4-40GB (0),1,,13,cupy_copy__complex64_complex64
1932939294,2112,15981,35,1,1,128,1,1,16,0.000,0.000,,,,,NVIDIA A100-SXM4-40GB (0),1,,13,cupy_copy__complex64_complex64
1932957662,1536,15988,1,1,1,1,1,1,18,0.000,0.000,,,,,NVIDIA A100-SXM4-40GB (0),1,,13,cupy_copy__float32_float32
1933093852,80063,15999,1,1,1,32,32,1,30,0.000,0.000,,,,,NVIDIA A100-SXM4-40GB (0),1,,13,"void convert_kernel<__half2, float2>(tensor_layout_any, T1 *, tensor_layout_any, const T2 *)"
1933206555,4800,16002,,,,,,,,,,0.061,12799.980,Pinned,Device,NVIDIA A100-SXM4-40GB (0),1,,13,[CUDA memcpy Host-to-Device]
1933222523,3456,16003,,,,,,,,,,1.547,447517.201,Device,,NVIDIA A100-SXM4-40GB (0),1,,13,[CUDA memset]
1933230075,4096,16008,,,,,,,,,,0.021,5140.612,Pinned,Device,NVIDIA A100-SXM4-40GB (0),1,,13,[CUDA memcpy Host-to-Device]
1933236283,8031,16009,,,,,,,,,,0.131,16320.692,Pinned,Device,NVIDIA A100-SXM4-40GB (0),1,,13,[CUDA memcpy Host-to-Device]
1933256282,6016,16010,273,1,1,8,4,1,39,0.002,0.000,,,,,NVIDIA A100-SXM4-40GB (0),1,,13,"void channel_eq::eqMmseCoefCompLowMimoKernel<float, float, float, (unsigned int)4, (unsigned int)1, (unsigned int)4>(const channel_eq::_puschRxChEqStatDescr *, channel_eq::_puschRxChEqCoefCompDynDescr)"
1933263258,5184,16011,273,1,1,12,11,1,40,0.002,0.000,,,,,NVIDIA A100-SXM4-40GB (0),1,,13,"void channel_eq::eqMmseSoftDemapKernel<float, __half, __half, float, (unsigned int)4, (unsigned short)16383>(channel_eq::_puschRxChEqStatDescr *, channel_eq::_puschRxChEqSoftDemapDynDescr)"
1933269498,281117,16012,1,1,1,32,32,1,30,0.000,0.000,,,,,NVIDIA A100-SXM4-40GB (0),1,,13,"void convert_kernel<float2, __half2>(tensor_layout_any, T1 *, tensor_layout_any, const T2 *)"
1933551543,12640,16024,2253,1,1,128,1,1,16,0.000,0.000,,,,,NVIDIA A100-SXM4-40GB (0),1,,13,cupy_copy__float16_float16
1933565175,2656,16033,282,1,1,128,1,1,16,0.000,0.000,,,,,NVIDIA A100-SXM4-40GB (0),1,,13,cupy_copy__complex64_complex64
1933568887,1856,16042,26,1,1,128,1,1,16,0.000,0.000,,,,,NVIDIA A100-SXM4-40GB (0),1,,13,cupy_copy__float32_float32
1933571799,2848,16051,103,1,1,128,1,1,16,0.000,0.000,,,,,NVIDIA A100-SXM4-40GB (0),1,,13,cupy_copy__complex64_complex64
1933575639,14176,16061,1434,1,1,128,1,1,16,0.000,0.000,,,,,NVIDIA A100-SXM4-40GB (0),1,,13,cupy_copy__complex64_complex64
1933619062,79295,16066,1,1,1,32,32,1,30,0.000,0.000,,,,,NVIDIA A100-SXM4-40GB (0),1,,13,"void convert_kernel<__half2, float2>(tensor_layout_any, T1 *, tensor_layout_any, const T2 *)"
1933861331,4768,16069,,,,,,,,,,0.061,12885.873,Pinned,Device,NVIDIA A100-SXM4-40GB (0),1,,13,[CUDA memcpy Host-to-Device]
1933870643,588570,16070,,,,,,,,,,456.520,775628.296,Device,,NVIDIA A100-SXM4-40GB (0),1,,13,[CUDA memset]
1934463853,36287,16075,,,,,,,,,,0.825,22744.830,Pinned,Device,NVIDIA A100-SXM4-40GB (0),1,,13,[CUDA memcpy Host-to-Device]
1934503020,7680,16076,,,,,,,,,,0.131,17066.623,Pinned,Device,NVIDIA A100-SXM4-40GB (0),1,,13,[CUDA memcpy Host-to-Device]
1934514764,7648,16077,69,4,1,48,1,1,76,0.002,0.000,,,,,NVIDIA A100-SXM4-40GB (0),1,,13,"void ch_est::windowedChEstPreNoDftSOfdmKernel<float, __half, float, (unsigned int)2, (unsigned int)1, (unsigned short)4>(ch_est::puschRxChEstStatDescr_t *, ch_est::puschRxChEstDynDescr_t *)"
1934523980,5952,16078,137,2,1,24,2,1,44,0.001,0.001,,,,,NVIDIA A100-SXM4-40GB (0),1,,13,"void ch_est::chEstFilterNoDftSOfdmDispatchKernel<float, __half, float, (unsigned int)2>(ch_est::puschRxChEstStatDescr_t *, ch_est::puschRxChEstDynDescr_t *)"
1934530924,4704,16079,137,2,1,24,2,1,44,0.001,0.001,,,,,NVIDIA A100-SXM4-40GB (0),1,,13,"void ch_est::chEstFilterNoDftSOfdmDispatchKernel<float, __half, float, (unsigned int)2>(ch_est::puschRxChEstStatDescr_t *, ch_est::puschRxChEstDynDescr_t *)"
1934536652,2752,16090,103,1,1,128,1,1,16,0.000,0.000,,,,,NVIDIA A100-SXM4-40GB (0),1,,13,cupy_copy__complex64_complex64
1934540460,15264,16100,1434,1,1,128,1,1,16,0.000,0.000,,,,,NVIDIA A100-SXM4-40GB (0),1,,13,cupy_copy__complex64_complex64
1934556748,2304,16107,103,1,1,128,1,1,16,0.000,0.000,,,,,NVIDIA A100-SXM4-40GB (0),1,,13,cupy_copy__complex64_complex64
1934560140,78783,16114,1,1,1,32,32,1,30,0.000,0.000,,,,,NVIDIA A100-SXM4-40GB (0),1,,13,"void convert_kernel<__half2, float2>(tensor_layout_any, T1 *, tensor_layout_any, const T2 *)"
1934672682,4416,16117,,,,,,,,,,0.061,13913.027,Pinned,Device,NVIDIA A100-SXM4-40GB (0),1,,13,[CUDA memcpy Host-to-Device]
1934685802,46208,16118,,,,,,,,,,35.801,774768.575,Device,,NVIDIA A100-SXM4-40GB (0),1,,13,[CUDA memset]
1934737258,1952,16120,,,,,,,,,,0.000,40.984,Pinned,Device,NVIDIA A100-SXM4-40GB (0),1,,13,[CUDA memcpy Host-to-Device]
1934741674,7231,16121,,,,,,,,,,0.131,18126.340,Pinned,Device,NVIDIA A100-SXM4-40GB (0),1,,13,[CUDA memcpy Host-to-Device]
1934753321,8736,16122,273,1,1,48,1,1,40,0.000,0.001,,,,,NVIDIA A100-SXM4-40GB (0),1,,13,"void pusch_noise_intf_est::noiseIntfEstNoDftSOfdmKernel<float, __half, float, float, (unsigned int)2, (unsigned int)1, (unsigned char)4, (unsigned char)4>(pusch_noise_intf_est::puschRxNoiseIntfEstDynDescr)"
1934763977,2688,16133,35,1,1,128,1,1,16,0.000,0.000,,,,,NVIDIA A100-SXM4-40GB (0),1,,13,cupy_copy__complex64_complex64
1934801161,1600,16142,1,1,1,1,1,1,18,0.000,0.000,,,,,NVIDIA A100-SXM4-40GB (0),1,,13,cupy_copy__float32_float32
1934837353,1695,16148,,,,,,,,,,0.000,2.360,Device,Pageable,NVIDIA A100-SXM4-40GB (0),1,,7,[CUDA memcpy Device-to-Host]
1934896968,15008,16159,1434,1,1,128,1,1,16,0.000,0.000,,,,,NVIDIA A100-SXM4-40GB (0),1,,13,cupy_copy__complex64_complex64
1934925064,2463,16166,103,1,1,128,1,1,16,0.000,0.000,,,,,NVIDIA A100-SXM4-40GB (0),1,,13,cupy_copy__complex64_complex64
1934945511,2144,16173,35,1,1,128,1,1,16,0.000,0.000,,,,,NVIDIA A100-SXM4-40GB (0),1,,13,cupy_copy__complex64_complex64
1934963591,1568,16180,1,1,1,1,1,1,18,0.000,0.000,,,,,NVIDIA A100-SXM4-40GB (0),1,,13,cupy_copy__float32_float32
1935099462,79295,16191,1,1,1,32,32,1,30,0.000,0.000,,,,,NVIDIA A100-SXM4-40GB (0),1,,13,"void convert_kernel<__half2, float2>(tensor_layout_any, T1 *, tensor_layout_any, const T2 *)"
1935339171,5120,16194,,,,,,,,,,0.061,11999.969,Pinned,Device,NVIDIA A100-SXM4-40GB (0),1,,13,[CUDA memcpy Host-to-Device]
1935350947,3264,16195,,,,,,,,,,1.547,473842.288,Device,,NVIDIA A100-SXM4-40GB (0),1,,13,[CUDA memset]
1935361219,3872,16200,,,,,,,,,,0.021,5438.007,Pinned,Device,NVIDIA A100-SXM4-40GB (0),1,,13,[CUDA memcpy Host-to-Device]
1935368195,7167,16201,,,,,,,,,,0.131,18288.214,Pinned,Device,NVIDIA A100-SXM4-40GB (0),1,,13,[CUDA memcpy Host-to-Device]
1935380706,6048,16202,273,1,1,8,4,1,39,0.002,0.000,,,,,NVIDIA A100-SXM4-40GB (0),1,,13,"void channel_eq::eqMmseCoefCompLowMimoKernel<float, float, float, (unsigned int)4, (unsigned int)1, (unsigned int)4>(const channel_eq::_puschRxChEqStatDescr *, channel_eq::_puschRxChEqCoefCompDynDescr)"
1935387842,5344,16203,273,1,1,12,11,1,40,0.002,0.000,,,,,NVIDIA A100-SXM4-40GB (0),1,,13,"void channel_eq::eqMmseSoftDemapKernel<float, __half, __half, float, (unsigned int)4, (unsigned short)16383>(channel_eq::_puschRxChEqStatDescr *, channel_eq::_puschRxChEqSoftDemapDynDescr)"
1935394210,280925,16204,1,1,1,32,32,1,30,0.000,0.000,,,,,NVIDIA A100-SXM4-40GB (0),1,,13,"void convert_kernel<float2, __half2>(tensor_layout_any, T1 *, tensor_layout_any, const T2 *)"
1935676095,12640,16216,2253,1,1,128,1,1,16,0.000,0.000,,,,,NVIDIA A100-SXM4-40GB (0),1,,13,cupy_copy__float16_float16
1935689727,2624,16225,282,1,1,128,1,1,16,0.000,0.000,,,,,NVIDIA A100-SXM4-40GB (0),1,,13,cupy_copy__complex64_complex64
1935693343,1856,16234,26,1,1,128,1,1,16,0.000,0.000,,,,,NVIDIA A100-SXM4-40GB (0),1,,13,cupy_copy__float32_float32
1935696127,2912,16243,103,1,1,128,1,1,16,0.000,0.000,,,,,NVIDIA A100-SXM4-40GB (0),1,,13,cupy_copy__complex64_complex64
1935699967,13920,16253,1434,1,1,128,1,1,16,0.000,0.000,,,,,NVIDIA A100-SXM4-40GB (0),1,,13,cupy_copy__complex64_complex64
1935857437,79327,16258,1,1,1,32,32,1,30,0.000,0.000,,,,,NVIDIA A100-SXM4-40GB (0),1,,13,"void convert_kernel<__half2, float2>(tensor_layout_any, T1 *, tensor_layout_any, const T2 *)"
1935968124,4544,16261,,,,,,,,,,0.061,13521.101,Pinned,Device,NVIDIA A100-SXM4-40GB (0),1,,13,[CUDA memcpy Host-to-Device]
1935980316,587769,16262,,,,,,,,,,456.520,776541.336,Device,,NVIDIA A100-SXM4-40GB (0),1,,13,[CUDA memset]
1936572277,37280,16267,,,,,,,,,,0.825,22139.027,Pinned,Device,NVIDIA A100-SXM4-40GB (0),1,,13,[CUDA memcpy Host-to-Device]
1936611669,7487,16268,,,,,,,,,,0.131,17506.501,Pinned,Device,NVIDIA A100-SXM4-40GB (0),1,,13,[CUDA memcpy Host-to-Device]
1936627220,7264,16269,69,4,1,48,1,1,76,0.002,0.000,,,,,NVIDIA A100-SXM4-40GB (0),1,,13,"void ch_est::windowedChEstPreNoDftSOfdmKernel<float, __half, float, (unsigned int)2, (unsigned int)1, (unsigned short)4>(ch_est::puschRxChEstStatDescr_t *, ch_est::puschRxChEstDynDescr_t *)"
1936636084,5760,16270,137,2,1,24,2,1,44,0.001,0.001,,,,,NVIDIA A100-SXM4-40GB (0),1,,13,"void ch_est::chEstFilterNoDftSOfdmDispatchKernel<float, __half, float, (unsigned int)2>(ch_est::puschRxChEstStatDescr_t *, ch_est::puschRxChEstDynDescr_t *)"
1936642804,4736,16271,137,2,1,24,2,1,44,0.001,0.001,,,,,NVIDIA A100-SXM4-40GB (0),1,,13,"void ch_est::chEstFilterNoDftSOfdmDispatchKernel<float, __half, float, (unsigned int)2>(ch_est::puschRxChEstStatDescr_t *, ch_est::puschRxChEstDynDescr_t *)"
1936648628,2336,16282,103,1,1,128,1,1,16,0.000,0.000,,,,,NVIDIA A100-SXM4-40GB (0),1,,13,cupy_copy__complex64_complex64
1936651892,15264,16292,1434,1,1,128,1,1,16,0.000,0.000,,,,,NVIDIA A100-SXM4-40GB (0),1,,13,cupy_copy__complex64_complex64
1936668212,2272,16299,103,1,1,128,1,1,16,0.000,0.000,,,,,NVIDIA A100-SXM4-40GB (0),1,,13,cupy_copy__complex64_complex64
1936671668,78847,16306,1,1,1,32,32,1,30,0.000,0.000,,,,,NVIDIA A100-SXM4-40GB (0),1,,13,"void convert_kernel<__half2, float2>(tensor_layout_any, T1 *, tensor_layout_any, const T2 *)"
1936778579,4384,16309,,,,,,,,,,0.061,14014.587,Pinned,Device,NVIDIA A100-SXM4-40GB (0),1,,13,[CUDA memcpy Host-to-Device]
1936791187,46239,16310,,,,,,,,,,35.801,774231.561,Device,,NVIDIA A100-SXM4-40GB (0),1,,13,[CUDA memset]
1936843634,2080,16312,,,,,,,,,,0.000,38.462,Pinned,Device,NVIDIA A100-SXM4-40GB (0),1,,13,[CUDA memcpy Host-to-Device]
1936848690,8032,16313,,,,,,,,,,0.131,16318.595,Pinned,Device,NVIDIA A100-SXM4-40GB (0),1,,13,[CUDA memcpy Host-to-Device]
1936863186,8672,16314,273,1,1,48,1,1,40,0.000,0.001,,,,,NVIDIA A100-SXM4-40GB (0),1,,13,"void pusch_noise_intf_est::noiseIntfEstNoDftSOfdmKernel<float, __half, float, float, (unsigned int)2, (unsigned int)1, (unsigned char)4, (unsigned char)4>(pusch_noise_intf_est::puschRxNoiseIntfEstDynDescr)"
1936872978,2592,16325,35,1,1,128,1,1,16,0.000,0.000,,,,,NVIDIA A100-SXM4-40GB (0),1,,13,cupy_copy__complex64_complex64
1936900497,1568,16334,1,1,1,1,1,1,18,0.000,0.000,,,,,NVIDIA A100-SXM4-40GB (0),1,,13,cupy_copy__float32_float32
1936935537,1664,16340,,,,,,,,,,0.000,2.404,Device,Pageable,NVIDIA A100-SXM4-40GB (0),1,,7,[CUDA memcpy Device-to-Host]
1936994384,15008,16351,1434,1,1,128,1,1,16,0.000,0.000,,,,,NVIDIA A100-SXM4-40GB (0),1,,13,cupy_copy__complex64_complex64
1937021168,2496,16358,103,1,1,128,1,1,16,0.000,0.000,,,,,NVIDIA A100-SXM4-40GB (0),1,,13,cupy_copy__complex64_complex64
1937041680,2112,16365,35,1,1,128,1,1,16,0.000,0.000,,,,,NVIDIA A100-SXM4-40GB (0),1,,13,cupy_copy__complex64_complex64
1937060431,1536,16372,1,1,1,1,1,1,18,0.000,0.000,,,,,NVIDIA A100-SXM4-40GB (0),1,,13,cupy_copy__float32_float32
1937193422,79327,16383,1,1,1,32,32,1,30,0.000,0.000,,,,,NVIDIA A100-SXM4-40GB (0),1,,13,"void convert_kernel<__half2, float2>(tensor_layout_any, T1 *, tensor_layout_any, const T2 *)"
1937300621,5120,16386,,,,,,,,,,0.061,11999.969,Pinned,Device,NVIDIA A100-SXM4-40GB (0),1,,13,[CUDA memcpy Host-to-Device]
1937315245,3360,16387,,,,,,,,,,1.547,460304.688,Device,,NVIDIA A100-SXM4-40GB (0),1,,13,[CUDA memset]
1937322125,3744,16392,,,,,,,,,,0.021,5623.931,Pinned,Device,NVIDIA A100-SXM4-40GB (0),1,,13,[CUDA memcpy Host-to-Device]
1937328652,7488,16393,,,,,,,,,,0.131,17504.272,Pinned,Device,NVIDIA A100-SXM4-40GB (0),1,,13,[CUDA memcpy Host-to-Device]
1937341964,5984,16394,273,1,1,8,4,1,39,0.002,0.000,,,,,NVIDIA A100-SXM4-40GB (0),1,,13,"void channel_eq::eqMmseCoefCompLowMimoKernel<float, float, float, (unsigned int)4, (unsigned int)1, (unsigned int)4>(const channel_eq::_puschRxChEqStatDescr *, channel_eq::_puschRxChEqCoefCompDynDescr)"
1937349164,5216,16395,273,1,1,12,11,1,40,0.002,0.000,,,,,NVIDIA A100-SXM4-40GB (0),1,,13,"void channel_eq::eqMmseSoftDemapKernel<float, __half, __half, float, (unsigned int)4, (unsigned short)16383>(channel_eq::_puschRxChEqStatDescr *, channel_eq::_puschRxChEqSoftDemapDynDescr)"
1937355404,281021,16396,1,1,1,32,32,1,30,0.000,0.000,,,,,NVIDIA A100-SXM4-40GB (0),1,,13,"void convert_kernel<float2, __half2>(tensor_layout_any, T1 *, tensor_layout_any, const T2 *)"
1937637449,12352,16408,2253,1,1,128,1,1,16,0.000,0.000,,,,,NVIDIA A100-SXM4-40GB (0),1,,13,cupy_copy__float16_float16
1937650761,2656,16417,282,1,1,128,1,1,16,0.000,0.000,,,,,NVIDIA A100-SXM4-40GB (0),1,,13,cupy_copy__complex64_complex64
1937654377,1888,16426,26,1,1,128,1,1,16,0.000,0.000,,,,,NVIDIA A100-SXM4-40GB (0),1,,13,cupy_copy__float32_float32
1937657321,2816,16435,103,1,1,128,1,1,16,0.000,0.000,,,,,NVIDIA A100-SXM4-40GB (0),1,,13,cupy_copy__complex64_complex64
1937661193,13984,16445,1434,1,1,128,1,1,16,0.000,0.000,,,,,NVIDIA A100-SXM4-40GB (0),1,,13,cupy_copy__complex64_complex64
1937707592,78943,16450,1,1,1,32,32,1,30,0.000,0.000,,,,,NVIDIA A100-SXM4-40GB (0),1,,13,"void convert_kernel<__half2, float2>(tensor_layout_any, T1 *, tensor_layout_any, const T2 *)"
1937814087,4416,16453,,,,,,,,,,0.061,13913.027,Pinned,Device,NVIDIA A100-SXM4-40GB (0),1,,13,[CUDA memcpy Host-to-Device]
1937825543,587609,16454,,,,,,,,,,456.520,776541.336,Device,,NVIDIA A100-SXM4-40GB (0),1,,13,[CUDA memset]
1938414720,36480,16459,,,,,,,,,,0.825,22624.330,Pinned,Device,NVIDIA A100-SXM4-40GB (0),1,,13,[CUDA memcpy Host-to-Device]
1938453664,7584,16460,,,,,,,,,,0.131,17282.630,Pinned,Device,NVIDIA A100-SXM4-40GB (0),1,,13,[CUDA memcpy Host-to-Device]
1938466336,7392,16461,69,4,1,48,1,1,76,0.002,0.000,,,,,NVIDIA A100-SXM4-40GB (0),1,,13,"void ch_est::windowedChEstPreNoDftSOfdmKernel<float, __half, float, (unsigned int)2, (unsigned int)1, (unsigned short)4>(ch_est::puschRxChEstStatDescr_t *, ch_est::puschRxChEstDynDescr_t *)"
1938475360,5824,16462,137,2,1,24,2,1,44,0.001,0.001,,,,,NVIDIA A100-SXM4-40GB (0),1,,13,"void ch_est::chEstFilterNoDftSOfdmDispatchKernel<float, __half, float, (unsigned int)2>(ch_est::puschRxChEstStatDescr_t *, ch_est::puschRxChEstDynDescr_t *)"
1938482304,4671,16463,137,2,1,24,2,1,44,0.001,0.001,,,,,NVIDIA A100-SXM4-40GB (0),1,,13,"void ch_est::chEstFilterNoDftSOfdmDispatchKernel<float, __half, float, (unsigned int)2>(ch_est::puschRxChEstStatDescr_t *, ch_est::puschRxChEstDynDescr_t *)"
1938488095,2368,16474,103,1,1,128,1,1,16,0.000,0.000,,,,,NVIDIA A100-SXM4-40GB (0),1,,13,cupy_copy__complex64_complex64
1938491455,15168,16484,1434,1,1,128,1,1,16,0.000,0.000,,,,,NVIDIA A100-SXM4-40GB (0),1,,13,cupy_copy__complex64_complex64
1938507551,2272,16491,103,1,1,128,1,1,16,0.000,0.000,,,,,NVIDIA A100-SXM4-40GB (0),1,,13,cupy_copy__complex64_complex64
1938510943,79359,16498,1,1,1,32,32,1,30,0.000,0.000,,,,,NVIDIA A100-SXM4-40GB (0),1,,13,"void convert_kernel<__half2, float2>(tensor_layout_any, T1 *, tensor_layout_any, const T2 *)"
1938618366,4608,16501,,,,,,,,,,0.061,13333.279,Pinned,Device,NVIDIA A100-SXM4-40GB (0),1,,13,[CUDA memcpy Host-to-Device]
1938631006,45759,16502,,,,,,,,,,35.801,782358.379,Device,,NVIDIA A100-SXM4-40GB (0),1,,13,[CUDA memset]
1938682685,1952,16504,,,,,,,,,,0.000,40.984,Pinned,Device,NVIDIA A100-SXM4-40GB (0),1,,13,[CUDA memcpy Host-to-Device]
1938687645,7232,16505,,,,,,,,,,0.131,18123.850,Pinned,Device,NVIDIA A100-SXM4-40GB (0),1,,13,[CUDA memcpy Host-to-Device]
1938698013,8672,16506,273,1,1,48,1,1,40,0.000,0.001,,,,,NVIDIA A100-SXM4-40GB (0),1,,13,"void pusch_noise_intf_est::noiseIntfEstNoDftSOfdmKernel<float, __half, float, float, (unsigned int)2, (unsigned int)1, (unsigned char)4, (unsigned char)4>(pusch_noise_intf_est::puschRxNoiseIntfEstDynDescr)"
1938707741,2624,16517,35,1,1,128,1,1,16,0.000,0.000,,,,,NVIDIA A100-SXM4-40GB (0),1,,13,cupy_copy__complex64_complex64
1938740285,1568,16526,1,1,1,1,1,1,18,0.000,0.000,,,,,NVIDIA A100-SXM4-40GB (0),1,,13,cupy_copy__float32_float32
1938774748,1600,16532,,,,,,,,,,0.000,2.500,Device,Pageable,NVIDIA A100-SXM4-40GB (0),1,,7,[CUDA memcpy Device-to-Host]
1938834556,15455,16543,1434,1,1,128,1,1,16,0.000,0.000,,,,,NVIDIA A100-SXM4-40GB (0),1,,13,cupy_copy__complex64_complex64
1938861531,2464,16550,103,1,1,128,1,1,16,0.000,0.000,,,,,NVIDIA A100-SXM4-40GB (0),1,,13,cupy_copy__complex64_complex64
1938882331,2144,16557,35,1,1,128,1,1,16,0.000,0.000,,,,,NVIDIA A100-SXM4-40GB (0),1,,13,cupy_copy__complex64_complex64
1938901083,1536,16564,1,1,1,1,1,1,18,0.000,0.000,,,,,NVIDIA A100-SXM4-40GB (0),1,,13,cupy_copy__float32_float32
1939036217,78559,16575,1,1,1,32,32,1,30,0.000,0.000,,,,,NVIDIA A100-SXM4-40GB (0),1,,13,"void convert_kernel<__half2, float2>(tensor_layout_any, T1 *, tensor_layout_any, const T2 *)"
1939280759,5023,16578,,,,,,,,,,0.061,12231.721,Pinned,Device,NVIDIA A100-SXM4-40GB (0),1,,13,[CUDA memcpy Host-to-Device]
1939296278,3296,16579,,,,,,,,,,1.547,469242.628,Device,,NVIDIA A100-SXM4-40GB (0),1,,13,[CUDA memset]
1939305622,4256,16584,,,,,,,,,,0.021,4947.360,Pinned,Device,NVIDIA A100-SXM4-40GB (0),1,,13,[CUDA memcpy Host-to-Device]
1939312470,8288,16585,,,,,,,,,,0.131,15814.623,Pinned,Device,NVIDIA A100-SXM4-40GB (0),1,,13,[CUDA memcpy Host-to-Device]
1939332630,6048,16586,273,1,1,8,4,1,39,0.002,0.000,,,,,NVIDIA A100-SXM4-40GB (0),1,,13,"void channel_eq::eqMmseCoefCompLowMimoKernel<float, float, float, (unsigned int)4, (unsigned int)1, (unsigned int)4>(const channel_eq::_puschRxChEqStatDescr *, channel_eq::_puschRxChEqCoefCompDynDescr)"
1939339766,5216,16587,273,1,1,12,11,1,40,0.002,0.000,,,,,NVIDIA A100-SXM4-40GB (0),1,,13,"void channel_eq::eqMmseSoftDemapKernel<float, __half, __half, float, (unsigned int)4, (unsigned short)16383>(channel_eq::_puschRxChEqStatDescr *, channel_eq::_puschRxChEqSoftDemapDynDescr)"
1939346038,280925,16588,1,1,1,32,32,1,30,0.000,0.000,,,,,NVIDIA A100-SXM4-40GB (0),1,,13,"void convert_kernel<float2, __half2>(tensor_layout_any, T1 *, tensor_layout_any, const T2 *)"
1939627923,12607,16600,2253,1,1,128,1,1,16,0.000,0.000,,,,,NVIDIA A100-SXM4-40GB (0),1,,13,cupy_copy__float16_float16
1939641554,2656,16609,282,1,1,128,1,1,16,0.000,0.000,,,,,NVIDIA A100-SXM4-40GB (0),1,,13,cupy_copy__complex64_complex64
1939645202,1824,16618,26,1,1,128,1,1,16,0.000,0.000,,,,,NVIDIA A100-SXM4-40GB (0),1,,13,cupy_copy__float32_float32
1939648114,2848,16627,103,1,1,128,1,1,16,0.000,0.000,,,,,NVIDIA A100-SXM4-40GB (0),1,,13,cupy_copy__complex64_complex64
1939651954,13984,16637,1434,1,1,128,1,1,16,0.000,0.000,,,,,NVIDIA A100-SXM4-40GB (0),1,,13,cupy_copy__complex64_complex64
1939810577,79743,16642,1,1,1,32,32,1,30,0.000,0.000,,,,,NVIDIA A100-SXM4-40GB (0),1,,13,"void convert_kernel<__half2, float2>(tensor_layout_any, T1 *, tensor_layout_any, const T2 *)"
1939920975,4544,16645,,,,,,,,,,0.061,13521.101,Pinned,Device,NVIDIA A100-SXM4-40GB (0),1,,13,[CUDA memcpy Host-to-Device]
1939933487,588090,16646,,,,,,,,,,456.520,776084.816,Device,,NVIDIA A100-SXM4-40GB (0),1,,13,[CUDA memset]
1940525897,36863,16651,,,,,,,,,,0.825,22389.107,Pinned,Device,NVIDIA A100-SXM4-40GB (0),1,,13,[CUDA memcpy Host-to-Device]
1940565128,7552,16652,,,,,,,,,,0.131,17355.899,Pinned,Device,NVIDIA A100-SXM4-40GB (0),1,,13,[CUDA memcpy Host-to-Device]
1940576744,7232,16653,69,4,1,48,1,1,76,0.002,0.000,,,,,NVIDIA A100-SXM4-40GB (0),1,,13,"void ch_est::windowedChEstPreNoDftSOfdmKernel<float, __half, float, (unsigned int)2, (unsigned int)1, (unsigned short)4>(ch_est::puschRxChEstStatDescr_t *, ch_est::puschRxChEstDynDescr_t *)"
1940585544,6176,16654,137,2,1,24,2,1,44,0.001,0.001,,,,,NVIDIA A100-SXM4-40GB (0),1,,13,"void ch_est::chEstFilterNoDftSOfdmDispatchKernel<float, __half, float, (unsigned int)2>(ch_est::puschRxChEstStatDescr_t *, ch_est::puschRxChEstDynDescr_t *)"
1940592712,4704,16655,137,2,1,24,2,1,44,0.001,0.001,,,,,NVIDIA A100-SXM4-40GB (0),1,,13,"void ch_est::chEstFilterNoDftSOfdmDispatchKernel<float, __half, float, (unsigned int)2>(ch_est::puschRxChEstStatDescr_t *, ch_est::puschRxChEstDynDescr_t *)"
1940598504,2304,16666,103,1,1,128,1,1,16,0.000,0.000,,,,,NVIDIA A100-SXM4-40GB (0),1,,13,cupy_copy__complex64_complex64
1940601864,15263,16676,1434,1,1,128,1,1,16,0.000,0.000,,,,,NVIDIA A100-SXM4-40GB (0),1,,13,cupy_copy__complex64_complex64
1940618183,2272,16683,103,1,1,128,1,1,16,0.000,0.000,,,,,NVIDIA A100-SXM4-40GB (0),1,,13,cupy_copy__complex64_complex64
1940621479,79264,16690,1,1,1,32,32,1,30,0.000,0.000,,,,,NVIDIA A100-SXM4-40GB (0),1,,13,"void convert_kernel<__half2, float2>(tensor_layout_any, T1 *, tensor_layout_any, const T2 *)"
1940860613,4416,16693,,,,,,,,,,0.061,13913.027,Pinned,Device,NVIDIA A100-SXM4-40GB (0),1,,13,[CUDA memcpy Host-to-Device]
1940875749,46559,16694,,,,,,,,,,35.801,768933.019,Device,,NVIDIA A100-SXM4-40GB (0),1,,13,[CUDA memset]
1940927268,1952,16696,,,,,,,,,,0.000,40.984,Pinned,Device,NVIDIA A100-SXM4-40GB (0),1,,13,[CUDA memcpy Host-to-Device]
1940932068,7616,16697,,,,,,,,,,0.131,17210.016,Pinned,Device,NVIDIA A100-SXM4-40GB (0),1,,13,[CUDA memcpy Host-to-Device]
1940948484,9056,16698,273,1,1,48,1,1,40,0.000,0.001,,,,,NVIDIA A100-SXM4-40GB (0),1,,13,"void pusch_noise_intf_est::noiseIntfEstNoDftSOfdmKernel<float, __half, float, float, (unsigned int)2, (unsigned int)1, (unsigned char)4, (unsigned char)4>(pusch_noise_intf_est::puschRxNoiseIntfEstDynDescr)"
1940958500,2624,16709,35,1,1,128,1,1,16,0.000,0.000,,,,,NVIDIA A100-SXM4-40GB (0),1,,13,cupy_copy__complex64_complex64
1940969636,1568,16718,1,1,1,1,1,1,18,0.000,0.000,,,,,NVIDIA A100-SXM4-40GB (0),1,,13,cupy_copy__float32_float32
1941006019,2304,16724,,,,,,,,,,0.000,1.736,Device,Pageable,NVIDIA A100-SXM4-40GB (0),1,,7,[CUDA memcpy Device-to-Host]
1941065794,15072,16735,1434,1,1,128,1,1,16,0.000,0.000,,,,,NVIDIA A100-SXM4-40GB (0),1,,13,cupy_copy__complex64_complex64
1941093026,2528,16742,103,1,1,128,1,1,16,0.000,0.000,,,,,NVIDIA A100-SXM4-40GB (0),1,,13,cupy_copy__complex64_complex64
1941113602,2112,16749,35,1,1,128,1,1,16,0.000,0.000,,,,,NVIDIA A100-SXM4-40GB (0),1,,13,cupy_copy__complex64_complex64
1941132258,1536,16756,1,1,1,1,1,1,18,0.000,0.000,,,,,NVIDIA A100-SXM4-40GB (0),1,,13,cupy_copy__float32_float32
1941404927,78623,16767,1,1,1,32,32,1,30,0.000,0.000,,,,,NVIDIA A100-SXM4-40GB (0),1,,13,"void convert_kernel<__half2, float2>(tensor_layout_any, T1 *, tensor_layout_any, const T2 *)"
1941515997,4736,16770,,,,,,,,,,0.061,12972.933,Pinned,Device,NVIDIA A100-SXM4-40GB (0),1,,13,[CUDA memcpy Host-to-Device]
1941532125,3328,16771,,,,,,,,,,1.547,464729.580,Device,,NVIDIA A100-SXM4-40GB (0),1,,13,[CUDA memset]
1941539677,3680,16776,,,,,,,,,,0.021,5721.736,Pinned,Device,NVIDIA A100-SXM4-40GB (0),1,,13,[CUDA memcpy Host-to-Device]
1941545853,7712,16777,,,,,,,,,,0.131,16995.844,Pinned,Device,NVIDIA A100-SXM4-40GB (0),1,,13,[CUDA memcpy Host-to-Device]
1941559613,6016,16778,273,1,1,8,4,1,39,0.002,0.000,,,,,NVIDIA A100-SXM4-40GB (0),1,,13,"void channel_eq::eqMmseCoefCompLowMimoKernel<float, float, float, (unsigned int)4, (unsigned int)1, (unsigned int)4>(const channel_eq::_puschRxChEqStatDescr *, channel_eq::_puschRxChEqCoefCompDynDescr)"
1941566621,5344,16779,273,1,1,12,11,1,40,0.002,0.000,,,,,NVIDIA A100-SXM4-40GB (0),1,,13,"void channel_eq::eqMmseSoftDemapKernel<float, __half, __half, float, (unsigned int)4, (unsigned short)16383>(channel_eq::_puschRxChEqStatDescr *, channel_eq::_puschRxChEqSoftDemapDynDescr)"
1941573149,280701,16780,1,1,1,32,32,1,30,0.000,0.000,,,,,NVIDIA A100-SXM4-40GB (0),1,,13,"void convert_kernel<float2, __half2>(tensor_layout_any, T1 *, tensor_layout_any, const T2 *)"
1941854970,12287,16792,2253,1,1,128,1,1,16,0.000,0.000,,,,,NVIDIA A100-SXM4-40GB (0),1,,13,cupy_copy__float16_float16
1941868441,2624,16801,282,1,1,128,1,1,16,0.000,0.000,,,,,NVIDIA A100-SXM4-40GB (0),1,,13,cupy_copy__complex64_complex64
1941872153,1856,16810,26,1,1,128,1,1,16,0.000,0.000,,,,,NVIDIA A100-SXM4-40GB (0),1,,13,cupy_copy__float32_float32
1941875065,2848,16819,103,1,1,128,1,1,16,0.000,0.000,,,,,NVIDIA A100-SXM4-40GB (0),1,,13,cupy_copy__complex64_complex64
1941878905,13952,16829,1434,1,1,128,1,1,16,0.000,0.000,,,,,NVIDIA A100-SXM4-40GB (0),1,,13,cupy_copy__complex64_complex64
1941929177,79679,16834,1,1,1,32,32,1,30,0.000,0.000,,,,,NVIDIA A100-SXM4-40GB (0),1,,13,"void convert_kernel<__half2, float2>(tensor_layout_any, T1 *, tensor_layout_any, const T2 *)"
1942037080,4767,16837,,,,,,,,,,0.061,12888.576,Pinned,Device,NVIDIA A100-SXM4-40GB (0),1,,13,[CUDA memcpy Host-to-Device]
1942048567,588282,16838,,,,,,,,,,456.520,775628.296,Device,,NVIDIA A100-SXM4-40GB (0),1,,13,[CUDA memset]
1942639377,35775,16843,,,,,,,,,,0.825,23070.015,Pinned,Device,NVIDIA A100-SXM4-40GB (0),1,,13,[CUDA memcpy Host-to-Device]
1942677840,7488,16844,,,,,,,,,,0.131,17504.272,Pinned,Device,NVIDIA A100-SXM4-40GB (0),1,,13,[CUDA memcpy Host-to-Device]
1942697424,7488,16845,69,4,1,48,1,1,76,0.002,0.000,,,,,NVIDIA A100-SXM4-40GB (0),1,,13,"void ch_est::windowedChEstPreNoDftSOfdmKernel<float, __half, float, (unsigned int)2, (unsigned int)1, (unsigned short)4>(ch_est::puschRxChEstStatDescr_t *, ch_est::puschRxChEstDynDescr_t *)"
1942706704,5888,16846,137,2,1,24,2,1,44,0.001,0.001,,,,,NVIDIA A100-SXM4-40GB (0),1,,13,"void ch_est::chEstFilterNoDftSOfdmDispatchKernel<float, __half, float, (unsigned int)2>(ch_est::puschRxChEstStatDescr_t *, ch_est::puschRxChEstDynDescr_t *)"
1942713808,4704,16847,137,2,1,24,2,1,44,0.001,0.001,,,,,NVIDIA A100-SXM4-40GB (0),1,,13,"void ch_est::chEstFilterNoDftSOfdmDispatchKernel<float, __half, float, (unsigned int)2>(ch_est::puschRxChEstStatDescr_t *, ch_est::puschRxChEstDynDescr_t *)"
1942719536,2336,16858,103,1,1,128,1,1,16,0.000,0.000,,,,,NVIDIA A100-SXM4-40GB (0),1,,13,cupy_copy__complex64_complex64
1942722896,15328,16868,1434,1,1,128,1,1,16,0.000,0.000,,,,,NVIDIA A100-SXM4-40GB (0),1,,13,cupy_copy__complex64_complex64
1942739216,2272,16875,103,1,1,128,1,1,16,0.000,0.000,,,,,NVIDIA A100-SXM4-40GB (0),1,,13,cupy_copy__complex64_complex64
1942742576,79327,16882,1,1,1,32,32,1,30,0.000,0.000,,,,,NVIDIA A100-SXM4-40GB (0),1,,13,"void convert_kernel<__half2, float2>(tensor_layout_any, T1 *, tensor_layout_any, const T2 *)"
1942850446,4384,16885,,,,,,,,,,0.061,14014.587,Pinned,Device,NVIDIA A100-SXM4-40GB (0),1,,13,[CUDA memcpy Host-to-Device]
1942863598,46112,16886,,,,,,,,,,35.801,776379.619,Device,,NVIDIA A100-SXM4-40GB (0),1,,13,[CUDA memset]
1942916878,1952,16888,,,,,,,,,,0.000,40.984,Pinned,Device,NVIDIA A100-SXM4-40GB (0),1,,13,[CUDA memcpy Host-to-Device]
1942920974,7967,16889,,,,,,,,,,0.131,16451.764,Pinned,Device,NVIDIA A100-SXM4-40GB (0),1,,13,[CUDA memcpy Host-to-Device]
1942934989,8608,16890,273,1,1,48,1,1,40,0.000,0.001,,,,,NVIDIA A100-SXM4-40GB (0),1,,13,"void pusch_noise_intf_est::noiseIntfEstNoDftSOfdmKernel<float, __half, float, float, (unsigned int)2, (unsigned int)1, (unsigned char)4, (unsigned char)4>(pusch_noise_intf_est::puschRxNoiseIntfEstDynDescr)"
1942944525,2688,16901,35,1,1,128,1,1,16,0.000,0.000,,,,,NVIDIA A100-SXM4-40GB (0),1,,13,cupy_copy__complex64_complex64
1942973325,1568,16910,1,1,1,1,1,1,18,0.000,0.000,,,,,NVIDIA A100-SXM4-40GB (0),1,,13,cupy_copy__float32_float32
1943009197,1792,16916,,,,,,,,,,0.000,2.232,Device,Pageable,NVIDIA A100-SXM4-40GB (0),1,,7,[CUDA memcpy Device-to-Host]
1943068236,15232,16927,1434,1,1,128,1,1,16,0.000,0.000,,,,,NVIDIA A100-SXM4-40GB (0),1,,13,cupy_copy__complex64_complex64
1943095852,2496,16934,103,1,1,128,1,1,16,0.000,0.000,,,,,NVIDIA A100-SXM4-40GB (0),1,,13,cupy_copy__complex64_complex64
1943117483,2176,16941,35,1,1,128,1,1,16,0.000,0.000,,,,,NVIDIA A100-SXM4-40GB (0),1,,13,cupy_copy__complex64_complex64
1943136491,1536,16948,1,1,1,1,1,1,18,0.000,0.000,,,,,NVIDIA A100-SXM4-40GB (0),1,,13,cupy_copy__float32_float32
1943272266,79007,16959,1,1,1,32,32,1,30,0.000,0.000,,,,,NVIDIA A100-SXM4-40GB (0),1,,13,"void convert_kernel<__half2, float2>(tensor_layout_any, T1 *, tensor_layout_any, const T2 *)"
1943380296,4416,16962,,,,,,,,,,0.061,13913.027,Pinned,Device,NVIDIA A100-SXM4-40GB (0),1,,13,[CUDA memcpy Host-to-Device]
1943395016,3296,16963,,,,,,,,,,1.547,469242.628,Device,,NVIDIA A100-SXM4-40GB (0),1,,13,[CUDA memset]
1943407112,2432,16968,,,,,,,,,,0.021,8657.890,Pinned,Device,NVIDIA A100-SXM4-40GB (0),1,,13,[CUDA memcpy Host-to-Device]
1943419688,8032,16969,,,,,,,,,,0.131,16318.595,Pinned,Device,NVIDIA A100-SXM4-40GB (0),1,,13,[CUDA memcpy Host-to-Device]
1943433544,6080,16970,273,1,1,8,4,1,39,0.002,0.000,,,,,NVIDIA A100-SXM4-40GB (0),1,,13,"void channel_eq::eqMmseCoefCompLowMimoKernel<float, float, float, (unsigned int)4, (unsigned int)1, (unsigned int)4>(const channel_eq::_puschRxChEqStatDescr *, channel_eq::_puschRxChEqCoefCompDynDescr)"
1943440712,5216,16971,273,1,1,12,11,1,40,0.002,0.000,,,,,NVIDIA A100-SXM4-40GB (0),1,,13,"void channel_eq::eqMmseSoftDemapKernel<float, __half, __half, float, (unsigned int)4, (unsigned short)16383>(channel_eq::_puschRxChEqStatDescr *, channel_eq::_puschRxChEqSoftDemapDynDescr)"
1943447144,280829,16972,1,1,1,32,32,1,30,0.000,0.000,,,,,NVIDIA A100-SXM4-40GB (0),1,,13,"void convert_kernel<float2, __half2>(tensor_layout_any, T1 *, tensor_layout_any, const T2 *)"
1943728964,12512,16984,2253,1,1,128,1,1,16,0.000,0.000,,,,,NVIDIA A100-SXM4-40GB (0),1,,13,cupy_copy__float16_float16
1943742404,2592,16993,282,1,1,128,1,1,16,0.000,0.000,,,,,NVIDIA A100-SXM4-40GB (0),1,,13,cupy_copy__complex64_complex64
1943745988,1856,17002,26,1,1,128,1,1,16,0.000,0.000,,,,,NVIDIA A100-SXM4-40GB (0),1,,13,cupy_copy__float32_float32
1943748804,2848,17011,103,1,1,128,1,1,16,0.000,0.000,,,,,NVIDIA A100-SXM4-40GB (0),1,,13,cupy_copy__complex64_complex64
1943752612,13760,17021,1434,1,1,128,1,1,16,0.000,0.000,,,,,NVIDIA A100-SXM4-40GB (0),1,,13,cupy_copy__complex64_complex64
1943785380,79007,17026,1,1,1,32,32,1,30,0.000,0.000,,,,,NVIDIA A100-SXM4-40GB (0),1,,13,"void convert_kernel<__half2, float2>(tensor_layout_any, T1 *, tensor_layout_any, const T2 *)"
1943892451,4384,17029,,,,,,,,,,0.061,14014.587,Pinned,Device,NVIDIA A100-SXM4-40GB (0),1,,13,[CUDA memcpy Host-to-Device]
1943903875,587545,17030,,,,,,,,,,456.520,776541.336,Device,,NVIDIA A100-SXM4-40GB (0),1,,13,[CUDA memset]
1944492092,36383,17035,,,,,,,,,,0.825,22684.580,Pinned,Device,NVIDIA A100-SXM4-40GB (0),1,,13,[CUDA memcpy Host-to-Device]
1944530587,7200,17036,,,,,,,,,,0.131,18204.328,Pinned,Device,NVIDIA A100-SXM4-40GB (0),1,,13,[CUDA memcpy Host-to-Device]
1944543675,7232,17037,69,4,1,48,1,1,76,0.002,0.000,,,,,NVIDIA A100-SXM4-40GB (0),1,,13,"void ch_est::windowedChEstPreNoDftSOfdmKernel<float, __half, float, (unsigned int)2, (unsigned int)1, (unsigned short)4>(ch_est::puschRxChEstStatDescr_t *, ch_est::puschRxChEstDynDescr_t *)"
1944552603,6016,17038,137,2,1,24,2,1,44,0.001,0.001,,,,,NVIDIA A100-SXM4-40GB (0),1,,13,"void ch_est::chEstFilterNoDftSOfdmDispatchKernel<float, __half, float, (unsigned int)2>(ch_est::puschRxChEstStatDescr_t *, ch_est::puschRxChEstDynDescr_t *)"
1944559707,4704,17039,137,2,1,24,2,1,44,0.001,0.001,,,,,NVIDIA A100-SXM4-40GB (0),1,,13,"void ch_est::chEstFilterNoDftSOfdmDispatchKernel<float, __half, float, (unsigned int)2>(ch_est::puschRxChEstStatDescr_t *, ch_est::puschRxChEstDynDescr_t *)"
1944565499,2336,17050,103,1,1,128,1,1,16,0.000,0.000,,,,,NVIDIA A100-SXM4-40GB (0),1,,13,cupy_copy__complex64_complex64
1944569019,15328,17060,1434,1,1,128,1,1,16,0.000,0.000,,,,,NVIDIA A100-SXM4-40GB (0),1,,13,cupy_copy__complex64_complex64
1944585435,2240,17067,103,1,1,128,1,1,16,0.000,0.000,,,,,NVIDIA A100-SXM4-40GB (0),1,,13,cupy_copy__complex64_complex64
1944588891,78815,17074,1,1,1,32,32,1,30,0.000,0.000,,,,,NVIDIA A100-SXM4-40GB (0),1,,13,"void convert_kernel<__half2, float2>(tensor_layout_any, T1 *, tensor_layout_any, const T2 *)"
1944830488,4384,17077,,,,,,,,,,0.061,14014.587,Pinned,Device,NVIDIA A100-SXM4-40GB (0),1,,13,[CUDA memcpy Host-to-Device]
1944842680,46559,17078,,,,,,,,,,35.801,768933.019,Device,,NVIDIA A100-SXM4-40GB (0),1,,13,[CUDA memset]
1944895223,1952,17080,,,,,,,,,,0.000,40.984,Pinned,Device,NVIDIA A100-SXM4-40GB (0),1,,13,[CUDA memcpy Host-to-Device]
1944899831,7328,17081,,,,,,,,,,0.131,17886.347,Pinned,Device,NVIDIA A100-SXM4-40GB (0),1,,13,[CUDA memcpy Host-to-Device]
1944918455,9312,17082,273,1,1,48,1,1,40,0.000,0.001,,,,,NVIDIA A100-SXM4-40GB (0),1,,13,"void pusch_noise_intf_est::noiseIntfEstNoDftSOfdmKernel<float, __half, float, float, (unsigned int)2, (unsigned int)1, (unsigned char)4, (unsigned char)4>(pusch_noise_intf_est::puschRxNoiseIntfEstDynDescr)"
1944928983,2624,17093,35,1,1,128,1,1,16,0.000,0.000,,,,,NVIDIA A100-SXM4-40GB (0),1,,13,cupy_copy__complex64_complex64
1944939415,1568,17102,1,1,1,1,1,1,18,0.000,0.000,,,,,NVIDIA A100-SXM4-40GB (0),1,,13,cupy_copy__float32_float32
1944974614,1824,17108,,,,,,,,,,0.000,2.193,Device,Pageable,NVIDIA A100-SXM4-40GB (0),1,,7,[CUDA memcpy Device-to-Host]
1945034038,15296,17119,1434,1,1,128,1,1,16,0.000,0.000,,,,,NVIDIA A100-SXM4-40GB (0),1,,13,cupy_copy__complex64_complex64
1945061846,2495,17126,103,1,1,128,1,1,16,0.000,0.000,,,,,NVIDIA A100-SXM4-40GB (0),1,,13,cupy_copy__complex64_complex64
1945082837,2112,17133,35,1,1,128,1,1,16,0.000,0.000,,,,,NVIDIA A100-SXM4-40GB (0),1,,13,cupy_copy__complex64_complex64
1945101301,1536,17140,1,1,1,1,1,1,18,0.000,0.000,,,,,NVIDIA A100-SXM4-40GB (0),1,,13,cupy_copy__float32_float32
1945365394,80127,17151,1,1,1,32,32,1,30,0.000,0.000,,,,,NVIDIA A100-SXM4-40GB (0),1,,13,"void convert_kernel<__half2, float2>(tensor_layout_any, T1 *, tensor_layout_any, const T2 *)"
1945480337,4544,17154,,,,,,,,,,0.061,13521.101,Pinned,Device,NVIDIA A100-SXM4-40GB (0),1,,13,[CUDA memcpy Host-to-Device]
1945497137,3360,17155,,,,,,,,,,1.547,460304.688,Device,,NVIDIA A100-SXM4-40GB (0),1,,13,[CUDA memset]
1945504305,4351,17160,,,,,,,,,,0.021,4839.343,Pinned,Device,NVIDIA A100-SXM4-40GB (0),1,,13,[CUDA memcpy Host-to-Device]
1945511696,7360,17161,,,,,,,,,,0.131,17808.622,Pinned,Device,NVIDIA A100-SXM4-40GB (0),1,,13,[CUDA memcpy Host-to-Device]
1945522960,6016,17162,273,1,1,8,4,1,39,0.002,0.000,,,,,NVIDIA A100-SXM4-40GB (0),1,,13,"void channel_eq::eqMmseCoefCompLowMimoKernel<float, float, float, (unsigned int)4, (unsigned int)1, (unsigned int)4>(const channel_eq::_puschRxChEqStatDescr *, channel_eq::_puschRxChEqCoefCompDynDescr)"
1945530192,5440,17163,273,1,1,12,11,1,40,0.002,0.000,,,,,NVIDIA A100-SXM4-40GB (0),1,,13,"void channel_eq::eqMmseSoftDemapKernel<float, __half, __half, float, (unsigned int)4, (unsigned short)16383>(channel_eq::_puschRxChEqStatDescr *, channel_eq::_puschRxChEqSoftDemapDynDescr)"
1945536656,280765,17164,1,1,1,32,32,1,30,0.000,0.000,,,,,NVIDIA A100-SXM4-40GB (0),1,,13,"void convert_kernel<float2, __half2>(tensor_layout_any, T1 *, tensor_layout_any, const T2 *)"
1945818477,12416,17176,2253,1,1,128,1,1,16,0.000,0.000,,,,,NVIDIA A100-SXM4-40GB (0),1,,13,cupy_copy__float16_float16
1945831885,2624,17185,282,1,1,128,1,1,16,0.000,0.000,,,,,NVIDIA A100-SXM4-40GB (0),1,,13,cupy_copy__complex64_complex64
1945835469,1888,17194,26,1,1,128,1,1,16,0.000,0.000,,,,,NVIDIA A100-SXM4-40GB (0),1,,13,cupy_copy__float32_float32
1945838445,2816,17203,103,1,1,128,1,1,16,0.000,0.000,,,,,NVIDIA A100-SXM4-40GB (0),1,,13,cupy_copy__complex64_complex64
1945842317,13952,17213,1434,1,1,128,1,1,16,0.000,0.000,,,,,NVIDIA A100-SXM4-40GB (0),1,,13,cupy_copy__complex64_complex64
1945896204,79199,17218,1,1,1,32,32,1,30,0.000,0.000,,,,,NVIDIA A100-SXM4-40GB (0),1,,13,"void convert_kernel<__half2, float2>(tensor_layout_any, T1 *, tensor_layout_any, const T2 *)"
1946135593,4384,17221,,,,,,,,,,0.061,14014.587,Pinned,Device,NVIDIA A100-SXM4-40GB (0),1,,13,[CUDA memcpy Host-to-Device]
1946145865,588282,17222,,,,,,,,,,456.520,775628.296,Device,,NVIDIA A100-SXM4-40GB (0),1,,13,[CUDA memset]
1946734915,36767,17227,,,,,,,,,,0.825,22447.706,Pinned,Device,NVIDIA A100-SXM4-40GB (0),1,,13,[CUDA memcpy Host-to-Device]
1946774562,7136,17228,,,,,,,,,,0.131,18367.644,Pinned,Device,NVIDIA A100-SXM4-40GB (0),1,,13,[CUDA memcpy Host-to-Device]
1946789282,7808,17229,69,4,1,48,1,1,76,0.002,0.000,,,,,NVIDIA A100-SXM4-40GB (0),1,,13,"void ch_est::windowedChEstPreNoDftSOfdmKernel<float, __half, float, (unsigned int)2, (unsigned int)1, (unsigned short)4>(ch_est::puschRxChEstStatDescr_t *, ch_est::puschRxChEstDynDescr_t *)"
1946798786,6048,17230,137,2,1,24,2,1,44,0.001,0.001,,,,,NVIDIA A100-SXM4-40GB (0),1,,13,"void ch_est::chEstFilterNoDftSOfdmDispatchKernel<float, __half, float, (unsigned int)2>(ch_est::puschRxChEstStatDescr_t *, ch_est::puschRxChEstDynDescr_t *)"
1946806050,4704,17231,137,2,1,24,2,1,44,0.001,0.001,,,,,NVIDIA A100-SXM4-40GB (0),1,,13,"void ch_est::chEstFilterNoDftSOfdmDispatchKernel<float, __half, float, (unsigned int)2>(ch_est::puschRxChEstStatDescr_t *, ch_est::puschRxChEstDynDescr_t *)"
1946811842,2336,17242,103,1,1,128,1,1,16,0.000,0.000,,,,,NVIDIA A100-SXM4-40GB (0),1,,13,cupy_copy__complex64_complex64
1946815202,15328,17252,1434,1,1,128,1,1,16,0.000,0.000,,,,,NVIDIA A100-SXM4-40GB (0),1,,13,cupy_copy__complex64_complex64
1946831714,2304,17259,103,1,1,128,1,1,16,0.000,0.000,,,,,NVIDIA A100-SXM4-40GB (0),1,,13,cupy_copy__complex64_complex64
1946835074,79551,17266,1,1,1,32,32,1,30,0.000,0.000,,,,,NVIDIA A100-SXM4-40GB (0),1,,13,"void convert_kernel<__half2, float2>(tensor_layout_any, T1 *, tensor_layout_any, const T2 *)"
1946946016,4640,17269,,,,,,,,,,0.061,13241.364,Pinned,Device,NVIDIA A100-SXM4-40GB (0),1,,13,[CUDA memcpy Host-to-Device]
1946958816,46272,17270,,,,,,,,,,35.801,773694.547,Device,,NVIDIA A100-SXM4-40GB (0),1,,13,[CUDA memset]
1947005984,1952,17272,,,,,,,,,,0.000,40.984,Pinned,Device,NVIDIA A100-SXM4-40GB (0),1,,13,[CUDA memcpy Host-to-Device]
1947010208,7200,17273,,,,,,,,,,0.131,18204.328,Pinned,Device,NVIDIA A100-SXM4-40GB (0),1,,13,[CUDA memcpy Host-to-Device]
1947021727,8288,17274,273,1,1,48,1,1,40,0.000,0.001,,,,,NVIDIA A100-SXM4-40GB (0),1,,13,"void pusch_noise_intf_est::noiseIntfEstNoDftSOfdmKernel<float, __half, float, float, (unsigned int)2, (unsigned int)1, (unsigned char)4, (unsigned char)4>(pusch_noise_intf_est::puschRxNoiseIntfEstDynDescr)"
1947042239,2720,17285,35,1,1,128,1,1,16,0.000,0.000,,,,,NVIDIA A100-SXM4-40GB (0),1,,13,cupy_copy__complex64_complex64
1947079871,1568,17294,1,1,1,1,1,1,18,0.000,0.000,,,,,NVIDIA A100-SXM4-40GB (0),1,,13,cupy_copy__float32_float32
1947115422,1696,17300,,,,,,,,,,0.000,2.358,Device,Pageable,NVIDIA A100-SXM4-40GB (0),1,,7,[CUDA memcpy Device-to-Host]
1947174302,15392,17311,1434,1,1,128,1,1,16,0.000,0.000,,,,,NVIDIA A100-SXM4-40GB (0),1,,13,cupy_copy__complex64_complex64
1947201789,2528,17318,103,1,1,128,1,1,16,0.000,0.000,,,,,NVIDIA A100-SXM4-40GB (0),1,,13,cupy_copy__complex64_complex64
1947223453,2144,17325,35,1,1,128,1,1,16,0.000,0.000,,,,,NVIDIA A100-SXM4-40GB (0),1,,13,cupy_copy__complex64_complex64
1947242365,1568,17332,1,1,1,1,1,1,18,0.000,0.000,,,,,NVIDIA A100-SXM4-40GB (0),1,,13,cupy_copy__float32_float32
1947380091,79648,17343,1,1,1,32,32,1,30,0.000,0.000,,,,,NVIDIA A100-SXM4-40GB (0),1,,13,"void convert_kernel<__half2, float2>(tensor_layout_any, T1 *, tensor_layout_any, const T2 *)"
1947488634,4416,17346,,,,,,,,,,0.061,13913.027,Pinned,Device,NVIDIA A100-SXM4-40GB (0),1,,13,[CUDA memcpy Host-to-Device]
1947503994,3296,17347,,,,,,,,,,1.547,469242.628,Device,,NVIDIA A100-SXM4-40GB (0),1,,13,[CUDA memset]
1947511866,3808,17352,,,,,,,,,,0.021,5529.411,Pinned,Device,NVIDIA A100-SXM4-40GB (0),1,,13,[CUDA memcpy Host-to-Device]
1947517754,7232,17353,,,,,,,,,,0.131,18123.850,Pinned,Device,NVIDIA A100-SXM4-40GB (0),1,,13,[CUDA memcpy Host-to-Device]
1947529210,6080,17354,273,1,1,8,4,1,39,0.002,0.000,,,,,NVIDIA A100-SXM4-40GB (0),1,,13,"void channel_eq::eqMmseCoefCompLowMimoKernel<float, float, float, (unsigned int)4, (unsigned int)1, (unsigned int)4>(const channel_eq::_puschRxChEqStatDescr *, channel_eq::_puschRxChEqCoefCompDynDescr)"
1947536378,5248,17355,273,1,1,12,11,1,40,0.002,0.000,,,,,NVIDIA A100-SXM4-40GB (0),1,,13,"void channel_eq::eqMmseSoftDemapKernel<float, __half, __half, float, (unsigned int)4, (unsigned short)16383>(channel_eq::_puschRxChEqStatDescr *, channel_eq::_puschRxChEqSoftDemapDynDescr)"
1947542586,281276,17356,1,1,1,32,32,1,30,0.000,0.000,,,,,NVIDIA A100-SXM4-40GB (0),1,,13,"void convert_kernel<float2, __half2>(tensor_layout_any, T1 *, tensor_layout_any, const T2 *)"
1947824950,12352,17368,2253,1,1,128,1,1,16,0.000,0.000,,,,,NVIDIA A100-SXM4-40GB (0),1,,13,cupy_copy__float16_float16
1947838358,2624,17377,282,1,1,128,1,1,16,0.000,0.000,,,,,NVIDIA A100-SXM4-40GB (0),1,,13,cupy_copy__complex64_complex64
1947841974,1856,17386,26,1,1,128,1,1,16,0.000,0.000,,,,,NVIDIA A100-SXM4-40GB (0),1,,13,cupy_copy__float32_float32
1947844918,2880,17395,103,1,1,128,1,1,16,0.000,0.000,,,,,NVIDIA A100-SXM4-40GB (0),1,,13,cupy_copy__complex64_complex64
1947848726,13856,17405,1434,1,1,128,1,1,16,0.000,0.000,,,,,NVIDIA A100-SXM4-40GB (0),1,,13,cupy_copy__complex64_complex64
1947891350,79167,17410,1,1,1,32,32,1,30,0.000,0.000,,,,,NVIDIA A100-SXM4-40GB (0),1,,13,"void convert_kernel<__half2, float2>(tensor_layout_any, T1 *, tensor_layout_any, const T2 *)"
1947998452,5056,17413,,,,,,,,,,0.061,12151.849,Pinned,Device,NVIDIA A100-SXM4-40GB (0),1,,13,[CUDA memcpy Host-to-Device]
1948009844,588218,17414,,,,,,,,,,456.520,776084.816,Device,,NVIDIA A100-SXM4-40GB (0),1,,13,[CUDA memset]
1948600014,37343,17419,,,,,,,,,,0.825,22101.062,Pinned,Device,NVIDIA A100-SXM4-40GB (0),1,,13,[CUDA memcpy Host-to-Device]
1948640365,7488,17420,,,,,,,,,,0.131,17504.272,Pinned,Device,NVIDIA A100-SXM4-40GB (0),1,,13,[CUDA memcpy Host-to-Device]
1948659085,7360,17421,69,4,1,48,1,1,76,0.002,0.000,,,,,NVIDIA A100-SXM4-40GB (0),1,,13,"void ch_est::windowedChEstPreNoDftSOfdmKernel<float, __half, float, (unsigned int)2, (unsigned int)1, (unsigned short)4>(ch_est::puschRxChEstStatDescr_t *, ch_est::puschRxChEstDynDescr_t *)"
1948668269,5920,17422,137,2,1,24,2,1,44,0.001,0.001,,,,,NVIDIA A100-SXM4-40GB (0),1,,13,"void ch_est::chEstFilterNoDftSOfdmDispatchKernel<float, __half, float, (unsigned int)2>(ch_est::puschRxChEstStatDescr_t *, ch_est::puschRxChEstDynDescr_t *)"
1948675309,4736,17423,137,2,1,24,2,1,44,0.001,0.001,,,,,NVIDIA A100-SXM4-40GB (0),1,,13,"void ch_est::chEstFilterNoDftSOfdmDispatchKernel<float, __half, float, (unsigned int)2>(ch_est::puschRxChEstStatDescr_t *, ch_est::puschRxChEstDynDescr_t *)"
1948681101,2336,17434,103,1,1,128,1,1,16,0.000,0.000,,,,,NVIDIA A100-SXM4-40GB (0),1,,13,cupy_copy__complex64_complex64
1948684493,15360,17444,1434,1,1,128,1,1,16,0.000,0.000,,,,,NVIDIA A100-SXM4-40GB (0),1,,13,cupy_copy__complex64_complex64
1948701069,2240,17451,103,1,1,128,1,1,16,0.000,0.000,,,,,NVIDIA A100-SXM4-40GB (0),1,,13,cupy_copy__complex64_complex64
1948704397,78687,17458,1,1,1,32,32,1,30,0.000,0.000,,,,,NVIDIA A100-SXM4-40GB (0),1,,13,"void convert_kernel<__half2, float2>(tensor_layout_any, T1 *, tensor_layout_any, const T2 *)"
1948810443,4384,17461,,,,,,,,,,0.061,14014.587,Pinned,Device,NVIDIA A100-SXM4-40GB (0),1,,13,[CUDA memcpy Host-to-Device]
1948822603,45856,17462,,,,,,,,,,35.801,780711.535,Device,,NVIDIA A100-SXM4-40GB (0),1,,13,[CUDA memset]
1948875467,1952,17464,,,,,,,,,,0.000,40.984,Pinned,Device,NVIDIA A100-SXM4-40GB (0),1,,13,[CUDA memcpy Host-to-Device]
1948879531,7231,17465,,,,,,,,,,0.131,18126.340,Pinned,Device,NVIDIA A100-SXM4-40GB (0),1,,13,[CUDA memcpy Host-to-Device]
1948893770,8736,17466,273,1,1,48,1,1,40,0.000,0.001,,,,,NVIDIA A100-SXM4-40GB (0),1,,13,"void pusch_noise_intf_est::noiseIntfEstNoDftSOfdmKernel<float, __half, float, float, (unsigned int)2, (unsigned int)1, (unsigned char)4, (unsigned char)4>(pusch_noise_intf_est::puschRxNoiseIntfEstDynDescr)"
1948903562,2688,17477,35,1,1,128,1,1,16,0.000,0.000,,,,,NVIDIA A100-SXM4-40GB (0),1,,13,cupy_copy__complex64_complex64
1948931274,1536,17486,1,1,1,1,1,1,18,0.000,0.000,,,,,NVIDIA A100-SXM4-40GB (0),1,,13,cupy_copy__float32_float32
1948965930,1600,17492,,,,,,,,,,0.000,2.500,Device,Pageable,NVIDIA A100-SXM4-40GB (0),1,,7,[CUDA memcpy Device-to-Host]
1949024201,15360,17503,1434,1,1,128,1,1,16,0.000,0.000,,,,,NVIDIA A100-SXM4-40GB (0),1,,13,cupy_copy__complex64_complex64
1949051017,2560,17510,103,1,1,128,1,1,16,0.000,0.000,,,,,NVIDIA A100-SXM4-40GB (0),1,,13,cupy_copy__complex64_complex64
1949072616,2112,17517,35,1,1,128,1,1,16,0.000,0.000,,,,,NVIDIA A100-SXM4-40GB (0),1,,13,cupy_copy__complex64_complex64
1949091752,1536,17524,1,1,1,1,1,1,18,0.000,0.000,,,,,NVIDIA A100-SXM4-40GB (0),1,,13,cupy_copy__float32_float32
1949230247,79327,17535,1,1,1,32,32,1,30,0.000,0.000,,,,,NVIDIA A100-SXM4-40GB (0),1,,13,"void convert_kernel<__half2, float2>(tensor_layout_any, T1 *, tensor_layout_any, const T2 *)"
1949338181,4384,17538,,,,,,,,,,0.061,14014.587,Pinned,Device,NVIDIA A100-SXM4-40GB (0),1,,13,[CUDA memcpy Host-to-Device]
1949352645,3360,17539,,,,,,,,,,1.547,460304.688,Device,,NVIDIA A100-SXM4-40GB (0),1,,13,[CUDA memset]
1949359557,4384,17544,,,,,,,,,,0.021,4802.916,Pinned,Device,NVIDIA A100-SXM4-40GB (0),1,,13,[CUDA memcpy Host-to-Device]
1949366949,8448,17545,,,,,,,,,,0.131,15515.124,Pinned,Device,NVIDIA A100-SXM4-40GB (0),1,,13,[CUDA memcpy Host-to-Device]
1949386149,5984,17546,273,1,1,8,4,1,39,0.002,0.000,,,,,NVIDIA A100-SXM4-40GB (0),1,,13,"void channel_eq::eqMmseCoefCompLowMimoKernel<float, float, float, (unsigned int)4, (unsigned int)1, (unsigned int)4>(const channel_eq::_puschRxChEqStatDescr *, channel_eq::_puschRxChEqCoefCompDynDescr)"
1949393125,5216,17547,273,1,1,12,11,1,40,0.002,0.000,,,,,NVIDIA A100-SXM4-40GB (0),1,,13,"void channel_eq::eqMmseSoftDemapKernel<float, __half, __half, float, (unsigned int)4, (unsigned short)16383>(channel_eq::_puschRxChEqStatDescr *, channel_eq::_puschRxChEqSoftDemapDynDescr)"
1949399365,280893,17548,1,1,1,32,32,1,30,0.000,0.000,,,,,NVIDIA A100-SXM4-40GB (0),1,,13,"void convert_kernel<float2, __half2>(tensor_layout_any, T1 *, tensor_layout_any, const T2 *)"
1949681378,12447,17560,2253,1,1,128,1,1,16,0.000,0.000,,,,,NVIDIA A100-SXM4-40GB (0),1,,13,cupy_copy__float16_float16
1949694753,2624,17569,282,1,1,128,1,1,16,0.000,0.000,,,,,NVIDIA A100-SXM4-40GB (0),1,,13,cupy_copy__complex64_complex64
1949698369,1888,17578,26,1,1,128,1,1,16,0.000,0.000,,,,,NVIDIA A100-SXM4-40GB (0),1,,13,cupy_copy__float32_float32
1949701313,2848,17587,103,1,1,128,1,1,16,0.000,0.000,,,,,NVIDIA A100-SXM4-40GB (0),1,,13,cupy_copy__complex64_complex64
1949760641,14015,17603,1434,1,1,128,1,1,16,0.000,0.000,,,,,NVIDIA A100-SXM4-40GB (0),1,,13,cupy_copy__complex64_complex64
1949880319,78911,17608,1,1,1,32,32,1,30,0.000,0.000,,,,,NVIDIA A100-SXM4-40GB (0),1,,13,"void convert_kernel<__half2, float2>(tensor_layout_any, T1 *, tensor_layout_any, const T2 *)"
1950122877,4672,17611,,,,,,,,,,0.061,13150.679,Pinned,Device,NVIDIA A100-SXM4-40GB (0),1,,13,[CUDA memcpy Host-to-Device]
1950132508,588570,17612,,,,,,,,,,456.520,775628.296,Device,,NVIDIA A100-SXM4-40GB (0),1,,13,[CUDA memset]
1950726870,37055,17617,,,,,,,,,,0.825,22272.733,Pinned,Device,NVIDIA A100-SXM4-40GB (0),1,,13,[CUDA memcpy Host-to-Device]
1950766357,7520,17618,,,,,,,,,,0.131,17429.692,Pinned,Device,NVIDIA A100-SXM4-40GB (0),1,,13,[CUDA memcpy Host-to-Device]
1950784885,7552,17619,69,4,1,48,1,1,76,0.002,0.000,,,,,NVIDIA A100-SXM4-40GB (0),1,,13,"void ch_est::windowedChEstPreNoDftSOfdmKernel<float, __half, float, (unsigned int)2, (unsigned int)1, (unsigned short)4>(ch_est::puschRxChEstStatDescr_t *, ch_est::puschRxChEstDynDescr_t *)"
1950794165,5760,17620,137,2,1,24,2,1,44,0.001,0.001,,,,,NVIDIA A100-SXM4-40GB (0),1,,13,"void ch_est::chEstFilterNoDftSOfdmDispatchKernel<float, __half, float, (unsigned int)2>(ch_est::puschRxChEstStatDescr_t *, ch_est::puschRxChEstDynDescr_t *)"
1950800949,4736,17621,137,2,1,24,2,1,44,0.001,0.001,,,,,NVIDIA A100-SXM4-40GB (0),1,,13,"void ch_est::chEstFilterNoDftSOfdmDispatchKernel<float, __half, float, (unsigned int)2>(ch_est::puschRxChEstStatDescr_t *, ch_est::puschRxChEstDynDescr_t *)"
1950806677,2752,17632,103,1,1,128,1,1,16,0.000,0.000,,,,,NVIDIA A100-SXM4-40GB (0),1,,13,cupy_copy__complex64_complex64
1950810485,15392,17642,1434,1,1,128,1,1,16,0.000,0.000,,,,,NVIDIA A100-SXM4-40GB (0),1,,13,cupy_copy__complex64_complex64
1950827093,2304,17649,103,1,1,128,1,1,16,0.000,0.000,,,,,NVIDIA A100-SXM4-40GB (0),1,,13,cupy_copy__complex64_complex64
1950830453,79647,17656,1,1,1,32,32,1,30,0.000,0.000,,,,,NVIDIA A100-SXM4-40GB (0),1,,13,"void convert_kernel<__half2, float2>(tensor_layout_any, T1 *, tensor_layout_any, const T2 *)"
1950940851,4800,17659,,,,,,,,,,0.061,12799.980,Pinned,Device,NVIDIA A100-SXM4-40GB (0),1,,13,[CUDA memcpy Host-to-Device]
1950954291,45920,17660,,,,,,,,,,35.801,779637.506,Device,,NVIDIA A100-SXM4-40GB (0),1,,13,[CUDA memset]
1951007443,2496,17662,,,,,,,,,,0.000,32.051,Pinned,Device,NVIDIA A100-SXM4-40GB (0),1,,13,[CUDA memcpy Host-to-Device]
1951012563,7199,17663,,,,,,,,,,0.131,18206.949,Pinned,Device,NVIDIA A100-SXM4-40GB (0),1,,13,[CUDA memcpy Host-to-Device]
1951030642,8640,17664,273,1,1,48,1,1,40,0.000,0.001,,,,,NVIDIA A100-SXM4-40GB (0),1,,13,"void pusch_noise_intf_est::noiseIntfEstNoDftSOfdmKernel<float, __half, float, float, (unsigned int)2, (unsigned int)1, (unsigned char)4, (unsigned char)4>(pusch_noise_intf_est::puschRxNoiseIntfEstDynDescr)"
1951040274,2688,17675,35,1,1,128,1,1,16,0.000,0.000,,,,,NVIDIA A100-SXM4-40GB (0),1,,13,cupy_copy__complex64_complex64
1951069234,1568,17684,1,1,1,1,1,1,18,0.000,0.000,,,,,NVIDIA A100-SXM4-40GB (0),1,,13,cupy_copy__float32_float32
1951105618,1951,17690,,,,,,,,,,0.000,2.050,Device,Pageable,NVIDIA A100-SXM4-40GB (0),1,,7,[CUDA memcpy Device-to-Host]
1951165233,15488,17701,1434,1,1,128,1,1,16,0.000,0.000,,,,,NVIDIA A100-SXM4-40GB (0),1,,13,cupy_copy__complex64_complex64
1951192113,2496,17708,103,1,1,128,1,1,16,0.000,0.000,,,,,NVIDIA A100-SXM4-40GB (0),1,,13,cupy_copy__complex64_complex64
1951217648,2144,17715,35,1,1,128,1,1,16,0.000,0.000,,,,,NVIDIA A100-SXM4-40GB (0),1,,13,cupy_copy__complex64_complex64
1951236752,1568,17722,1,1,1,1,1,1,18,0.000,0.000,,,,,NVIDIA A100-SXM4-40GB (0),1,,13,cupy_copy__float32_float32
1951372271,78943,17733,1,1,1,32,32,1,30,0.000,0.000,,,,,NVIDIA A100-SXM4-40GB (0),1,,13,"void convert_kernel<__half2, float2>(tensor_layout_any, T1 *, tensor_layout_any, const T2 *)"
1951612652,4736,17736,,,,,,,,,,0.061,12972.933,Pinned,Device,NVIDIA A100-SXM4-40GB (0),1,,13,[CUDA memcpy Host-to-Device]
1951624044,3232,17737,,,,,,,,,,1.547,478533.199,Device,,NVIDIA A100-SXM4-40GB (0),1,,13,[CUDA memset]
1951634124,3872,17742,,,,,,,,,,0.021,5438.007,Pinned,Device,NVIDIA A100-SXM4-40GB (0),1,,13,[CUDA memcpy Host-to-Device]
1951641259,7552,17743,,,,,,,,,,0.131,17355.899,Pinned,Device,NVIDIA A100-SXM4-40GB (0),1,,13,[CUDA memcpy Host-to-Device]
1951660427,6080,17744,273,1,1,8,4,1,39,0.002,0.000,,,,,NVIDIA A100-SXM4-40GB (0),1,,13,"void channel_eq::eqMmseCoefCompLowMimoKernel<float, float, float, (unsigned int)4, (unsigned int)1, (unsigned int)4>(const channel_eq::_puschRxChEqStatDescr *, channel_eq::_puschRxChEqCoefCompDynDescr)"
1951667563,5248,17745,273,1,1,12,11,1,40,0.002,0.000,,,,,NVIDIA A100-SXM4-40GB (0),1,,13,"void channel_eq::eqMmseSoftDemapKernel<float, __half, __half, float, (unsigned int)4, (unsigned short)16383>(channel_eq::_puschRxChEqStatDescr *, channel_eq::_puschRxChEqSoftDemapDynDescr)"
1951673931,281597,17746,1,1,1,32,32,1,30,0.000,0.000,,,,,NVIDIA A100-SXM4-40GB (0),1,,13,"void convert_kernel<float2, __half2>(tensor_layout_any, T1 *, tensor_layout_any, const T2 *)"
1951956520,12224,17758,2253,1,1,128,1,1,16,0.000,0.000,,,,,NVIDIA A100-SXM4-40GB (0),1,,13,cupy_copy__float16_float16
1951969704,2592,17767,282,1,1,128,1,1,16,0.000,0.000,,,,,NVIDIA A100-SXM4-40GB (0),1,,13,cupy_copy__complex64_complex64
1951973320,1856,17776,26,1,1,128,1,1,16,0.000,0.000,,,,,NVIDIA A100-SXM4-40GB (0),1,,13,cupy_copy__float32_float32
1951976104,2912,17785,103,1,1,128,1,1,16,0.000,0.000,,,,,NVIDIA A100-SXM4-40GB (0),1,,13,cupy_copy__complex64_complex64
1951979944,13952,17795,1434,1,1,128,1,1,16,0.000,0.000,,,,,NVIDIA A100-SXM4-40GB (0),1,,13,cupy_copy__complex64_complex64
1952126150,79423,17800,1,1,1,32,32,1,30,0.000,0.000,,,,,NVIDIA A100-SXM4-40GB (0),1,,13,"void convert_kernel<__half2, float2>(tensor_layout_any, T1 *, tensor_layout_any, const T2 *)"
1952236773,4352,17803,,,,,,,,,,0.061,14117.622,Pinned,Device,NVIDIA A100-SXM4-40GB (0),1,,13,[CUDA memcpy Host-to-Device]
1952249125,588473,17804,,,,,,,,,,456.520,775628.296,Device,,NVIDIA A100-SXM4-40GB (0),1,,13,[CUDA memset]
1952843134,37696,17809,,,,,,,,,,0.825,21894.726,Pinned,Device,NVIDIA A100-SXM4-40GB (0),1,,13,[CUDA memcpy Host-to-Device]
1952883806,7551,17810,,,,,,,,,,0.131,17358.127,Pinned,Device,NVIDIA A100-SXM4-40GB (0),1,,13,[CUDA memcpy Host-to-Device]
1952902493,7232,17811,69,4,1,48,1,1,76,0.002,0.000,,,,,NVIDIA A100-SXM4-40GB (0),1,,13,"void ch_est::windowedChEstPreNoDftSOfdmKernel<float, __half, float, (unsigned int)2, (unsigned int)1, (unsigned short)4>(ch_est::puschRxChEstStatDescr_t *, ch_est::puschRxChEstDynDescr_t *)"
1952911293,5952,17812,137,2,1,24,2,1,44,0.001,0.001,,,,,NVIDIA A100-SXM4-40GB (0),1,,13,"void ch_est::chEstFilterNoDftSOfdmDispatchKernel<float, __half, float, (unsigned int)2>(ch_est::puschRxChEstStatDescr_t *, ch_est::puschRxChEstDynDescr_t *)"
1952918237,4736,17813,137,2,1,24,2,1,44,0.001,0.001,,,,,NVIDIA A100-SXM4-40GB (0),1,,13,"void ch_est::chEstFilterNoDftSOfdmDispatchKernel<float, __half, float, (unsigned int)2>(ch_est::puschRxChEstStatDescr_t *, ch_est::puschRxChEstDynDescr_t *)"
1952924029,2368,17824,103,1,1,128,1,1,16,0.000,0.000,,,,,NVIDIA A100-SXM4-40GB (0),1,,13,cupy_copy__complex64_complex64
1952927325,15360,17834,1434,1,1,128,1,1,16,0.000,0.000,,,,,NVIDIA A100-SXM4-40GB (0),1,,13,cupy_copy__complex64_complex64
1952943773,2240,17841,103,1,1,128,1,1,16,0.000,0.000,,,,,NVIDIA A100-SXM4-40GB (0),1,,13,cupy_copy__complex64_complex64
1952947229,78879,17848,1,1,1,32,32,1,30,0.000,0.000,,,,,NVIDIA A100-SXM4-40GB (0),1,,13,"void convert_kernel<__half2, float2>(tensor_layout_any, T1 *, tensor_layout_any, const T2 *)"
1953055068,4800,17851,,,,,,,,,,0.061,12799.980,Pinned,Device,NVIDIA A100-SXM4-40GB (0),1,,13,[CUDA memcpy Host-to-Device]
1953067803,46592,17852,,,,,,,,,,35.801,768360.204,Device,,NVIDIA A100-SXM4-40GB (0),1,,13,[CUDA memset]
1953119611,2688,17854,,,,,,,,,,0.000,29.762,Pinned,Device,NVIDIA A100-SXM4-40GB (0),1,,13,[CUDA memcpy Host-to-Device]
1953125211,7968,17855,,,,,,,,,,0.131,16449.798,Pinned,Device,NVIDIA A100-SXM4-40GB (0),1,,13,[CUDA memcpy Host-to-Device]
1953139675,8896,17856,273,1,1,48,1,1,40,0.000,0.001,,,,,NVIDIA A100-SXM4-40GB (0),1,,13,"void pusch_noise_intf_est::noiseIntfEstNoDftSOfdmKernel<float, __half, float, float, (unsigned int)2, (unsigned int)1, (unsigned char)4, (unsigned char)4>(pusch_noise_intf_est::puschRxNoiseIntfEstDynDescr)"
1953149659,2624,17867,35,1,1,128,1,1,16,0.000,0.000,,,,,NVIDIA A100-SXM4-40GB (0),1,,13,cupy_copy__complex64_complex64
1953177082,1568,17876,1,1,1,1,1,1,18,0.000,0.000,,,,,NVIDIA A100-SXM4-40GB (0),1,,13,cupy_copy__float32_float32
1953213306,2528,17882,,,,,,,,,,0.000,1.582,Device,Pageable,NVIDIA A100-SXM4-40GB (0),1,,7,[CUDA memcpy Device-to-Host]
1953273177,15136,17893,1434,1,1,128,1,1,16,0.000,0.000,,,,,NVIDIA A100-SXM4-40GB (0),1,,13,cupy_copy__complex64_complex64
1953304697,2560,17900,103,1,1,128,1,1,16,0.000,0.000,,,,,NVIDIA A100-SXM4-40GB (0),1,,13,cupy_copy__complex64_complex64
1953325753,2112,17907,35,1,1,128,1,1,16,0.000,0.000,,,,,NVIDIA A100-SXM4-40GB (0),1,,13,cupy_copy__complex64_complex64
1953344856,1536,17914,1,1,1,1,1,1,18,0.000,0.000,,,,,NVIDIA A100-SXM4-40GB (0),1,,13,cupy_copy__float32_float32
1953488183,79743,17925,1,1,1,32,32,1,30,0.000,0.000,,,,,NVIDIA A100-SXM4-40GB (0),1,,13,"void convert_kernel<__half2, float2>(tensor_layout_any, T1 *, tensor_layout_any, const T2 *)"
1953596118,5087,17928,,,,,,,,,,0.061,12077.814,Pinned,Device,NVIDIA A100-SXM4-40GB (0),1,,13,[CUDA memcpy Host-to-Device]
1953610933,3360,17929,,,,,,,,,,1.547,460304.688,Device,,NVIDIA A100-SXM4-40GB (0),1,,13,[CUDA memset]
1953618357,4288,17934,,,,,,,,,,0.021,4910.428,Pinned,Device,NVIDIA A100-SXM4-40GB (0),1,,13,[CUDA memcpy Host-to-Device]
1953624789,7712,17935,,,,,,,,,,0.131,16995.844,Pinned,Device,NVIDIA A100-SXM4-40GB (0),1,,13,[CUDA memcpy Host-to-Device]
1953636821,6016,17936,273,1,1,8,4,1,39,0.002,0.000,,,,,NVIDIA A100-SXM4-40GB (0),1,,13,"void channel_eq::eqMmseCoefCompLowMimoKernel<float, float, float, (unsigned int)4, (unsigned int)1, (unsigned int)4>(const channel_eq::_puschRxChEqStatDescr *, channel_eq::_puschRxChEqCoefCompDynDescr)"
1953644053,5184,17937,273,1,1,12,11,1,40,0.002,0.000,,,,,NVIDIA A100-SXM4-40GB (0),1,,13,"void channel_eq::eqMmseSoftDemapKernel<float, __half, __half, float, (unsigned int)4, (unsigned short)16383>(channel_eq::_puschRxChEqStatDescr *, channel_eq::_puschRxChEqSoftDemapDynDescr)"
1953650293,280765,17938,1,1,1,32,32,1,30,0.000,0.000,,,,,NVIDIA A100-SXM4-40GB (0),1,,13,"void convert_kernel<float2, __half2>(tensor_layout_any, T1 *, tensor_layout_any, const T2 *)"
1953932050,12480,17950,2253,1,1,128,1,1,16,0.000,0.000,,,,,NVIDIA A100-SXM4-40GB (0),1,,13,cupy_copy__float16_float16
1953945458,2624,17959,282,1,1,128,1,1,16,0.000,0.000,,,,,NVIDIA A100-SXM4-40GB (0),1,,13,cupy_copy__complex64_complex64
1953949074,1888,17968,26,1,1,128,1,1,16,0.000,0.000,,,,,NVIDIA A100-SXM4-40GB (0),1,,13,cupy_copy__float32_float32
1953952018,2815,17977,103,1,1,128,1,1,16,0.000,0.000,,,,,NVIDIA A100-SXM4-40GB (0),1,,13,cupy_copy__complex64_complex64
1953955921,14112,17987,1434,1,1,128,1,1,16,0.000,0.000,,,,,NVIDIA A100-SXM4-40GB (0),1,,13,cupy_copy__complex64_complex64
1953997041,78943,17992,1,1,1,32,32,1,30,0.000,0.000,,,,,NVIDIA A100-SXM4-40GB (0),1,,13,"void convert_kernel<__half2, float2>(tensor_layout_any, T1 *, tensor_layout_any, const T2 *)"
1954104272,4544,17995,,,,,,,,,,0.061,13521.101,Pinned,Device,NVIDIA A100-SXM4-40GB (0),1,,13,[CUDA memcpy Host-to-Device]
1954115920,587737,17996,,,,,,,,,,456.520,776541.336,Device,,NVIDIA A100-SXM4-40GB (0),1,,13,[CUDA memset]
1954706057,36832,18001,,,,,,,,,,0.825,22408.090,Pinned,Device,NVIDIA A100-SXM4-40GB (0),1,,13,[CUDA memcpy Host-to-Device]
1954745033,8351,18002,,,,,,,,,,0.131,15695.348,Pinned,Device,NVIDIA A100-SXM4-40GB (0),1,,13,[CUDA memcpy Host-to-Device]
1954760008,7424,18003,69,4,1,48,1,1,76,0.002,0.000,,,,,NVIDIA A100-SXM4-40GB (0),1,,13,"void ch_est::windowedChEstPreNoDftSOfdmKernel<float, __half, float, (unsigned int)2, (unsigned int)1, (unsigned short)4>(ch_est::puschRxChEstStatDescr_t *, ch_est::puschRxChEstDynDescr_t *)"
1954769000,5824,18004,137,2,1,24,2,1,44,0.001,0.001,,,,,NVIDIA A100-SXM4-40GB (0),1,,13,"void ch_est::chEstFilterNoDftSOfdmDispatchKernel<float, __half, float, (unsigned int)2>(ch_est::puschRxChEstStatDescr_t *, ch_est::puschRxChEstDynDescr_t *)"
1954775752,4736,18005,137,2,1,24,2,1,44,0.001,0.001,,,,,NVIDIA A100-SXM4-40GB (0),1,,13,"void ch_est::chEstFilterNoDftSOfdmDispatchKernel<float, __half, float, (unsigned int)2>(ch_est::puschRxChEstStatDescr_t *, ch_est::puschRxChEstDynDescr_t *)"
1954781576,2368,18016,103,1,1,128,1,1,16,0.000,0.000,,,,,NVIDIA A100-SXM4-40GB (0),1,,13,cupy_copy__complex64_complex64
1954784936,15360,18026,1434,1,1,128,1,1,16,0.000,0.000,,,,,NVIDIA A100-SXM4-40GB (0),1,,13,cupy_copy__complex64_complex64
1954801384,2304,18033,103,1,1,128,1,1,16,0.000,0.000,,,,,NVIDIA A100-SXM4-40GB (0),1,,13,cupy_copy__complex64_complex64
1954804776,79871,18040,1,1,1,32,32,1,30,0.000,0.000,,,,,NVIDIA A100-SXM4-40GB (0),1,,13,"void convert_kernel<__half2, float2>(tensor_layout_any, T1 *, tensor_layout_any, const T2 *)"
1954912967,4544,18043,,,,,,,,,,0.061,13521.101,Pinned,Device,NVIDIA A100-SXM4-40GB (0),1,,13,[CUDA memcpy Host-to-Device]
1954925639,46015,18044,,,,,,,,,,35.801,778026.463,Device,,NVIDIA A100-SXM4-40GB (0),1,,13,[CUDA memset]
1954979814,2560,18046,,,,,,,,,,0.000,31.250,Pinned,Device,NVIDIA A100-SXM4-40GB (0),1,,13,[CUDA memcpy Host-to-Device]
1954984486,7744,18047,,,,,,,,,,0.131,16925.590,Pinned,Device,NVIDIA A100-SXM4-40GB (0),1,,13,[CUDA memcpy Host-to-Device]
1954996166,8640,18048,273,1,1,48,1,1,40,0.000,0.001,,,,,NVIDIA A100-SXM4-40GB (0),1,,13,"void pusch_noise_intf_est::noiseIntfEstNoDftSOfdmKernel<float, __half, float, float, (unsigned int)2, (unsigned int)1, (unsigned char)4, (unsigned char)4>(pusch_noise_intf_est::puschRxNoiseIntfEstDynDescr)"
1955005926,2720,18059,35,1,1,128,1,1,16,0.000,0.000,,,,,NVIDIA A100-SXM4-40GB (0),1,,13,cupy_copy__complex64_complex64
1955033381,1568,18068,1,1,1,1,1,1,18,0.000,0.000,,,,,NVIDIA A100-SXM4-40GB (0),1,,13,cupy_copy__float32_float32
1955067813,1632,18074,,,,,,,,,,0.000,2.451,Device,Pageable,NVIDIA A100-SXM4-40GB (0),1,,7,[CUDA memcpy Device-to-Host]
1955130756,15232,18085,1434,1,1,128,1,1,16,0.000,0.000,,,,,NVIDIA A100-SXM4-40GB (0),1,,13,cupy_copy__complex64_complex64
1955157828,2496,18092,103,1,1,128,1,1,16,0.000,0.000,,,,,NVIDIA A100-SXM4-40GB (0),1,,13,cupy_copy__complex64_complex64
1955178788,2144,18099,35,1,1,128,1,1,16,0.000,0.000,,,,,NVIDIA A100-SXM4-40GB (0),1,,13,cupy_copy__complex64_complex64
1955197539,1536,18106,1,1,1,1,1,1,18,0.000,0.000,,,,,NVIDIA A100-SXM4-40GB (0),1,,13,cupy_copy__float32_float32
1955333346,79039,18117,1,1,1,32,32,1,30,0.000,0.000,,,,,NVIDIA A100-SXM4-40GB (0),1,,13,"void convert_kernel<__half2, float2>(tensor_layout_any, T1 *, tensor_layout_any, const T2 *)"
1955574047,5024,18120,,,,,,,,,,0.061,12229.263,Pinned,Device,NVIDIA A100-SXM4-40GB (0),1,,13,[CUDA memcpy Host-to-Device]
1955587135,3296,18121,,,,,,,,,,1.547,469242.628,Device,,NVIDIA A100-SXM4-40GB (0),1,,13,[CUDA memset]
1955596255,3744,18126,,,,,,,,,,0.021,5623.931,Pinned,Device,NVIDIA A100-SXM4-40GB (0),1,,13,[CUDA memcpy Host-to-Device]
1955602111,7328,18127,,,,,,,,,,0.131,17886.347,Pinned,Device,NVIDIA A100-SXM4-40GB (0),1,,13,[CUDA memcpy Host-to-Device]
1955614783,6080,18128,273,1,1,8,4,1,39,0.002,0.000,,,,,NVIDIA A100-SXM4-40GB (0),1,,13,"void channel_eq::eqMmseCoefCompLowMimoKernel<float, float, float, (unsigned int)4, (unsigned int)1, (unsigned int)4>(const channel_eq::_puschRxChEqStatDescr *, channel_eq::_puschRxChEqCoefCompDynDescr)"
1955621919,5152,18129,273,1,1,12,11,1,40,0.002,0.000,,,,,NVIDIA A100-SXM4-40GB (0),1,,13,"void channel_eq::eqMmseSoftDemapKernel<float, __half, __half, float, (unsigned int)4, (unsigned short)16383>(channel_eq::_puschRxChEqStatDescr *, channel_eq::_puschRxChEqSoftDemapDynDescr)"
1955628287,281180,18130,1,1,1,32,32,1,30,0.000,0.000,,,,,NVIDIA A100-SXM4-40GB (0),1,,13,"void convert_kernel<float2, __half2>(tensor_layout_any, T1 *, tensor_layout_any, const T2 *)"
1955910427,12416,18142,2253,1,1,128,1,1,16,0.000,0.000,,,,,NVIDIA A100-SXM4-40GB (0),1,,13,cupy_copy__float16_float16
1955923867,2592,18151,282,1,1,128,1,1,16,0.000,0.000,,,,,NVIDIA A100-SXM4-40GB (0),1,,13,cupy_copy__complex64_complex64
1955927451,1856,18160,26,1,1,128,1,1,16,0.000,0.000,,,,,NVIDIA A100-SXM4-40GB (0),1,,13,cupy_copy__float32_float32
1955930395,2848,18169,103,1,1,128,1,1,16,0.000,0.000,,,,,NVIDIA A100-SXM4-40GB (0),1,,13,cupy_copy__complex64_complex64
1955934203,14048,18179,1434,1,1,128,1,1,16,0.000,0.000,,,,,NVIDIA A100-SXM4-40GB (0),1,,13,cupy_copy__complex64_complex64
1956092953,80032,18184,1,1,1,32,32,1,30,0.000,0.000,,,,,NVIDIA A100-SXM4-40GB (0),1,,13,"void convert_kernel<__half2, float2>(tensor_layout_any, T1 *, tensor_layout_any, const T2 *)"
1956204216,4736,18187,,,,,,,,,,0.061,12972.933,Pinned,Device,NVIDIA A100-SXM4-40GB (0),1,,13,[CUDA memcpy Host-to-Device]
1956216568,587673,18188,,,,,,,,,,456.520,776541.336,Device,,NVIDIA A100-SXM4-40GB (0),1,,13,[CUDA memset]
1956806257,37184,18193,,,,,,,,,,0.825,22195.976,Pinned,Device,NVIDIA A100-SXM4-40GB (0),1,,13,[CUDA memcpy Host-to-Device]
1956845585,8096,18194,,,,,,,,,,0.131,16189.620,Pinned,Device,NVIDIA A100-SXM4-40GB (0),1,,13,[CUDA memcpy Host-to-Device]
1956859217,7392,18195,69,4,1,48,1,1,76,0.002,0.000,,,,,NVIDIA A100-SXM4-40GB (0),1,,13,"void ch_est::windowedChEstPreNoDftSOfdmKernel<float, __half, float, (unsigned int)2, (unsigned int)1, (unsigned short)4>(ch_est::puschRxChEstStatDescr_t *, ch_est::puschRxChEstDynDescr_t *)"
1956868209,6016,18196,137,2,1,24,2,1,44,0.001,0.001,,,,,NVIDIA A100-SXM4-40GB (0),1,,13,"void ch_est::chEstFilterNoDftSOfdmDispatchKernel<float, __half, float, (unsigned int)2>(ch_est::puschRxChEstStatDescr_t *, ch_est::puschRxChEstDynDescr_t *)"
1956875441,4736,18197,137,2,1,24,2,1,44,0.001,0.001,,,,,NVIDIA A100-SXM4-40GB (0),1,,13,"void ch_est::chEstFilterNoDftSOfdmDispatchKernel<float, __half, float, (unsigned int)2>(ch_est::puschRxChEstStatDescr_t *, ch_est::puschRxChEstDynDescr_t *)"
1956881233,2336,18208,103,1,1,128,1,1,16,0.000,0.000,,,,,NVIDIA A100-SXM4-40GB (0),1,,13,cupy_copy__complex64_complex64
1956884593,15135,18218,1434,1,1,128,1,1,16,0.000,0.000,,,,,NVIDIA A100-SXM4-40GB (0),1,,13,cupy_copy__complex64_complex64
1956900688,2240,18225,103,1,1,128,1,1,16,0.000,0.000,,,,,NVIDIA A100-SXM4-40GB (0),1,,13,cupy_copy__complex64_complex64
1956903984,79231,18232,1,1,1,32,32,1,30,0.000,0.000,,,,,NVIDIA A100-SXM4-40GB (0),1,,13,"void convert_kernel<__half2, float2>(tensor_layout_any, T1 *, tensor_layout_any, const T2 *)"
1957144014,4800,18235,,,,,,,,,,0.061,12799.980,Pinned,Device,NVIDIA A100-SXM4-40GB (0),1,,13,[CUDA memcpy Host-to-Device]
1957155117,46272,18236,,,,,,,,,,35.801,773694.547,Device,,NVIDIA A100-SXM4-40GB (0),1,,13,[CUDA memset]
1957208685,1952,18238,,,,,,,,,,0.000,40.984,Pinned,Device,NVIDIA A100-SXM4-40GB (0),1,,13,[CUDA memcpy Host-to-Device]
1957212749,7584,18239,,,,,,,,,,0.131,17282.630,Pinned,Device,NVIDIA A100-SXM4-40GB (0),1,,13,[CUDA memcpy Host-to-Device]
1957231949,9152,18240,273,1,1,48,1,1,40,0.000,0.001,,,,,NVIDIA A100-SXM4-40GB (0),1,,13,"void pusch_noise_intf_est::noiseIntfEstNoDftSOfdmKernel<float, __half, float, float, (unsigned int)2, (unsigned int)1, (unsigned char)4, (unsigned char)4>(pusch_noise_intf_est::puschRxNoiseIntfEstDynDescr)"
1957242156,2624,18251,35,1,1,128,1,1,16,0.000,0.000,,,,,NVIDIA A100-SXM4-40GB (0),1,,13,cupy_copy__complex64_complex64
1957254060,1568,18260,1,1,1,1,1,1,18,0.000,0.000,,,,,NVIDIA A100-SXM4-40GB (0),1,,13,cupy_copy__float32_float32
1957293580,1856,18266,,,,,,,,,,0.000,2.155,Device,Pageable,NVIDIA A100-SXM4-40GB (0),1,,7,[CUDA memcpy Device-to-Host]
1957353035,15520,18277,1434,1,1,128,1,1,16,0.000,0.000,,,,,NVIDIA A100-SXM4-40GB (0),1,,13,cupy_copy__complex64_complex64
1957380427,2560,18284,103,1,1,128,1,1,16,0.000,0.000,,,,,NVIDIA A100-SXM4-40GB (0),1,,13,cupy_copy__complex64_complex64
1957409451,2112,18291,35,1,1,128,1,1,16,0.000,0.000,,,,,NVIDIA A100-SXM4-40GB (0),1,,13,cupy_copy__complex64_complex64
1957430090,1536,18298,1,1,1,1,1,1,18,0.000,0.000,,,,,NVIDIA A100-SXM4-40GB (0),1,,13,cupy_copy__float32_float32
1957697127,79199,18309,1,1,1,32,32,1,30,0.000,0.000,,,,,NVIDIA A100-SXM4-40GB (0),1,,13,"void convert_kernel<__half2, float2>(tensor_layout_any, T1 *, tensor_layout_any, const T2 *)"
1957808070,5120,18312,,,,,,,,,,0.061,11999.969,Pinned,Device,NVIDIA A100-SXM4-40GB (0),1,,13,[CUDA memcpy Host-to-Device]
1957824134,3328,18313,,,,,,,,,,1.547,464729.580,Device,,NVIDIA A100-SXM4-40GB (0),1,,13,[CUDA memset]
1957831366,3744,18318,,,,,,,,,,0.021,5623.931,Pinned,Device,NVIDIA A100-SXM4-40GB (0),1,,13,[CUDA memcpy Host-to-Device]
1957837574,7264,18319,,,,,,,,,,0.131,18044.027,Pinned,Device,NVIDIA A100-SXM4-40GB (0),1,,13,[CUDA memcpy Host-to-Device]
1957849542,5984,18320,273,1,1,8,4,1,39,0.002,0.000,,,,,NVIDIA A100-SXM4-40GB (0),1,,13,"void channel_eq::eqMmseCoefCompLowMimoKernel<float, float, float, (unsigned int)4, (unsigned int)1, (unsigned int)4>(const channel_eq::_puschRxChEqStatDescr *, channel_eq::_puschRxChEqCoefCompDynDescr)"
1957856550,5408,18321,273,1,1,12,11,1,40,0.002,0.000,,,,,NVIDIA A100-SXM4-40GB (0),1,,13,"void channel_eq::eqMmseSoftDemapKernel<float, __half, __half, float, (unsigned int)4, (unsigned short)16383>(channel_eq::_puschRxChEqStatDescr *, channel_eq::_puschRxChEqSoftDemapDynDescr)"
1957863014,281468,18322,1,1,1,32,32,1,30,0.000,0.000,,,,,NVIDIA A100-SXM4-40GB (0),1,,13,"void convert_kernel<float2, __half2>(tensor_layout_any, T1 *, tensor_layout_any, const T2 *)"
1958145474,12480,18334,2253,1,1,128,1,1,16,0.000,0.000,,,,,NVIDIA A100-SXM4-40GB (0),1,,13,cupy_copy__float16_float16
1958158914,2656,18343,282,1,1,128,1,1,16,0.000,0.000,,,,,NVIDIA A100-SXM4-40GB (0),1,,13,cupy_copy__complex64_complex64
1958162626,1856,18352,26,1,1,128,1,1,16,0.000,0.000,,,,,NVIDIA A100-SXM4-40GB (0),1,,13,cupy_copy__float32_float32
1958165538,2880,18361,103,1,1,128,1,1,16,0.000,0.000,,,,,NVIDIA A100-SXM4-40GB (0),1,,13,cupy_copy__complex64_complex64
1958169378,14048,18371,1434,1,1,128,1,1,16,0.000,0.000,,,,,NVIDIA A100-SXM4-40GB (0),1,,13,cupy_copy__complex64_complex64
1958228641,78880,18376,1,1,1,32,32,1,30,0.000,0.000,,,,,NVIDIA A100-SXM4-40GB (0),1,,13,"void convert_kernel<__half2, float2>(tensor_layout_any, T1 *, tensor_layout_any, const T2 *)"
1958335360,4928,18379,,,,,,,,,,0.061,12467.528,Pinned,Device,NVIDIA A100-SXM4-40GB (0),1,,13,[CUDA memcpy Host-to-Device]
1958347232,587257,18380,,,,,,,,,,456.520,776997.857,Device,,NVIDIA A100-SXM4-40GB (0),1,,13,[CUDA memset]
1958942649,36064,18385,,,,,,,,,,0.825,22885.138,Pinned,Device,NVIDIA A100-SXM4-40GB (0),1,,13,[CUDA memcpy Host-to-Device]
1958981209,7232,18386,,,,,,,,,,0.131,18123.850,Pinned,Device,NVIDIA A100-SXM4-40GB (0),1,,13,[CUDA memcpy Host-to-Device]
1958995225,7392,18387,69,4,1,48,1,1,76,0.002,0.000,,,,,NVIDIA A100-SXM4-40GB (0),1,,13,"void ch_est::windowedChEstPreNoDftSOfdmKernel<float, __half, float, (unsigned int)2, (unsigned int)1, (unsigned short)4>(ch_est::puschRxChEstStatDescr_t *, ch_est::puschRxChEstDynDescr_t *)"
1959004249,6016,18388,137,2,1,24,2,1,44,0.001,0.001,,,,,NVIDIA A100-SXM4-40GB (0),1,,13,"void ch_est::chEstFilterNoDftSOfdmDispatchKernel<float, __half, float, (unsigned int)2>(ch_est::puschRxChEstStatDescr_t *, ch_est::puschRxChEstDynDescr_t *)"
1959011193,4704,18389,137,2,1,24,2,1,44,0.001,0.001,,,,,NVIDIA A100-SXM4-40GB (0),1,,13,"void ch_est::chEstFilterNoDftSOfdmDispatchKernel<float, __half, float, (unsigned int)2>(ch_est::puschRxChEstStatDescr_t *, ch_est::puschRxChEstDynDescr_t *)"
1959016921,2368,18400,103,1,1,128,1,1,16,0.000,0.000,,,,,NVIDIA A100-SXM4-40GB (0),1,,13,cupy_copy__complex64_complex64
1959020312,15392,18410,1434,1,1,128,1,1,16,0.000,0.000,,,,,NVIDIA A100-SXM4-40GB (0),1,,13,cupy_copy__complex64_complex64
1959036888,2272,18417,103,1,1,128,1,1,16,0.000,0.000,,,,,NVIDIA A100-SXM4-40GB (0),1,,13,cupy_copy__complex64_complex64
1959040248,78591,18424,1,1,1,32,32,1,30,0.000,0.000,,,,,NVIDIA A100-SXM4-40GB (0),1,,13,"void convert_kernel<__half2, float2>(tensor_layout_any, T1 *, tensor_layout_any, const T2 *)"
1959147351,4384,18427,,,,,,,,,,0.061,14014.587,Pinned,Device,NVIDIA A100-SXM4-40GB (0),1,,13,[CUDA memcpy Host-to-Device]
1959160119,46239,18428,,,,,,,,,,35.801,774231.561,Device,,NVIDIA A100-SXM4-40GB (0),1,,13,[CUDA memset]
1959214006,1984,18430,,,,,,,,,,0.000,40.323,Pinned,Device,NVIDIA A100-SXM4-40GB (0),1,,13,[CUDA memcpy Host-to-Device]
1959218774,7232,18431,,,,,,,,,,0.131,18123.850,Pinned,Device,NVIDIA A100-SXM4-40GB (0),1,,13,[CUDA memcpy Host-to-Device]
1959230998,8608,18432,273,1,1,48,1,1,40,0.000,0.001,,,,,NVIDIA A100-SXM4-40GB (0),1,,13,"void pusch_noise_intf_est::noiseIntfEstNoDftSOfdmKernel<float, __half, float, float, (unsigned int)2, (unsigned int)1, (unsigned char)4, (unsigned char)4>(pusch_noise_intf_est::puschRxNoiseIntfEstDynDescr)"
1959240758,2688,18443,35,1,1,128,1,1,16,0.000,0.000,,,,,NVIDIA A100-SXM4-40GB (0),1,,13,cupy_copy__complex64_complex64
1959273174,1568,18452,1,1,1,1,1,1,18,0.000,0.000,,,,,NVIDIA A100-SXM4-40GB (0),1,,13,cupy_copy__float32_float32
1959308757,1824,18458,,,,,,,,,,0.000,2.193,Device,Pageable,NVIDIA A100-SXM4-40GB (0),1,,7,[CUDA memcpy Device-to-Host]
1959367765,15263,18469,1434,1,1,128,1,1,16,0.000,0.000,,,,,NVIDIA A100-SXM4-40GB (0),1,,13,cupy_copy__complex64_complex64
1959394900,2528,18476,103,1,1,128,1,1,16,0.000,0.000,,,,,NVIDIA A100-SXM4-40GB (0),1,,13,cupy_copy__complex64_complex64
1959416020,2144,18483,35,1,1,128,1,1,16,0.000,0.000,,,,,NVIDIA A100-SXM4-40GB (0),1,,13,cupy_copy__complex64_complex64
1959434612,1536,18490,1,1,1,1,1,1,18,0.000,0.000,,,,,NVIDIA A100-SXM4-40GB (0),1,,13,cupy_copy__float32_float32
1959568626,79135,18501,1,1,1,32,32,1,30,0.000,0.000,,,,,NVIDIA A100-SXM4-40GB (0),1,,13,"void convert_kernel<__half2, float2>(tensor_layout_any, T1 *, tensor_layout_any, const T2 *)"
1959676145,5120,18504,,,,,,,,,,0.061,11999.969,Pinned,Device,NVIDIA A100-SXM4-40GB (0),1,,13,[CUDA memcpy Host-to-Device]
1959691217,3296,18505,,,,,,,,,,1.547,469242.628,Device,,NVIDIA A100-SXM4-40GB (0),1,,13,[CUDA memset]
1959698129,4096,18510,,,,,,,,,,0.021,5140.612,Pinned,Device,NVIDIA A100-SXM4-40GB (0),1,,13,[CUDA memcpy Host-to-Device]
1959704593,7232,18511,,,,,,,,,,0.131,18123.850,Pinned,Device,NVIDIA A100-SXM4-40GB (0),1,,13,[CUDA memcpy Host-to-Device]
1959716465,6080,18512,273,1,1,8,4,1,39,0.002,0.000,,,,,NVIDIA A100-SXM4-40GB (0),1,,13,"void channel_eq::eqMmseCoefCompLowMimoKernel<float, float, float, (unsigned int)4, (unsigned int)1, (unsigned int)4>(const channel_eq::_puschRxChEqStatDescr *, channel_eq::_puschRxChEqCoefCompDynDescr)"
1959723601,5280,18513,273,1,1,12,11,1,40,0.002,0.000,,,,,NVIDIA A100-SXM4-40GB (0),1,,13,"void channel_eq::eqMmseSoftDemapKernel<float, __half, __half, float, (unsigned int)4, (unsigned short)16383>(channel_eq::_puschRxChEqStatDescr *, channel_eq::_puschRxChEqSoftDemapDynDescr)"
1959729937,280892,18514,1,1,1,32,32,1,30,0.000,0.000,,,,,NVIDIA A100-SXM4-40GB (0),1,,13,"void convert_kernel<float2, __half2>(tensor_layout_any, T1 *, tensor_layout_any, const T2 *)"
1960011821,12320,18526,2253,1,1,128,1,1,16,0.000,0.000,,,,,NVIDIA A100-SXM4-40GB (0),1,,13,cupy_copy__float16_float16
1960025325,2624,18535,282,1,1,128,1,1,16,0.000,0.000,,,,,NVIDIA A100-SXM4-40GB (0),1,,13,cupy_copy__complex64_complex64
1960028909,1856,18544,26,1,1,128,1,1,16,0.000,0.000,,,,,NVIDIA A100-SXM4-40GB (0),1,,13,cupy_copy__float32_float32
1960031725,2912,18553,103,1,1,128,1,1,16,0.000,0.000,,,,,NVIDIA A100-SXM4-40GB (0),1,,13,cupy_copy__complex64_complex64
1960035533,13984,18563,1434,1,1,128,1,1,16,0.000,0.000,,,,,NVIDIA A100-SXM4-40GB (0),1,,13,cupy_copy__complex64_complex64
1960078541,79615,18568,1,1,1,32,32,1,30,0.000,0.000,,,,,NVIDIA A100-SXM4-40GB (0),1,,13,"void convert_kernel<__half2, float2>(tensor_layout_any, T1 *, tensor_layout_any, const T2 *)"
1960185643,4416,18571,,,,,,,,,,0.061,13913.027,Pinned,Device,NVIDIA A100-SXM4-40GB (0),1,,13,[CUDA memcpy Host-to-Device]
1960197323,587226,18572,,,,,,,,,,456.520,776997.857,Device,,NVIDIA A100-SXM4-40GB (0),1,,13,[CUDA memset]
1960787525,36415,18577,,,,,,,,,,0.825,22664.772,Pinned,Device,NVIDIA A100-SXM4-40GB (0),1,,13,[CUDA memcpy Host-to-Device]
1960826404,7648,18578,,,,,,,,,,0.131,17138.057,Pinned,Device,NVIDIA A100-SXM4-40GB (0),1,,13,[CUDA memcpy Host-to-Device]
1960841476,7136,18579,69,4,1,48,1,1,76,0.002,0.000,,,,,NVIDIA A100-SXM4-40GB (0),1,,13,"void ch_est::windowedChEstPreNoDftSOfdmKernel<float, __half, float, (unsigned int)2, (unsigned int)1, (unsigned short)4>(ch_est::puschRxChEstStatDescr_t *, ch_est::puschRxChEstDynDescr_t *)"
1960850276,5952,18580,137,2,1,24,2,1,44,0.001,0.001,,,,,NVIDIA A100-SXM4-40GB (0),1,,13,"void ch_est::chEstFilterNoDftSOfdmDispatchKernel<float, __half, float, (unsigned int)2>(ch_est::puschRxChEstStatDescr_t *, ch_est::puschRxChEstDynDescr_t *)"
1960857348,4768,18581,137,2,1,24,2,1,44,0.001,0.001,,,,,NVIDIA A100-SXM4-40GB (0),1,,13,"void ch_est::chEstFilterNoDftSOfdmDispatchKernel<float, __half, float, (unsigned int)2>(ch_est::puschRxChEstStatDescr_t *, ch_est::puschRxChEstDynDescr_t *)"
1960863140,2368,18592,103,1,1,128,1,1,16,0.000,0.000,,,,,NVIDIA A100-SXM4-40GB (0),1,,13,cupy_copy__complex64_complex64
1960866436,15296,18602,1434,1,1,128,1,1,16,0.000,0.000,,,,,NVIDIA A100-SXM4-40GB (0),1,,13,cupy_copy__complex64_complex64
1960882724,2272,18609,103,1,1,128,1,1,16,0.000,0.000,,,,,NVIDIA A100-SXM4-40GB (0),1,,13,cupy_copy__complex64_complex64
1960886116,79199,18616,1,1,1,32,32,1,30,0.000,0.000,,,,,NVIDIA A100-SXM4-40GB (0),1,,13,"void convert_kernel<__half2, float2>(tensor_layout_any, T1 *, tensor_layout_any, const T2 *)"
1961129313,4736,18619,,,,,,,,,,0.061,12972.933,Pinned,Device,NVIDIA A100-SXM4-40GB (0),1,,13,[CUDA memcpy Host-to-Device]
1961141505,46335,18620,,,,,,,,,,35.801,772620.518,Device,,NVIDIA A100-SXM4-40GB (0),1,,13,[CUDA memset]
1961193024,2144,18622,,,,,,,,,,0.000,37.313,Pinned,Device,NVIDIA A100-SXM4-40GB (0),1,,13,[CUDA memcpy Host-to-Device]
1961197984,7520,18623,,,,,,,,,,0.131,17429.692,Pinned,Device,NVIDIA A100-SXM4-40GB (0),1,,13,[CUDA memcpy Host-to-Device]
1961213216,9280,18624,273,1,1,48,1,1,40,0.000,0.001,,,,,NVIDIA A100-SXM4-40GB (0),1,,13,"void pusch_noise_intf_est::noiseIntfEstNoDftSOfdmKernel<float, __half, float, float, (unsigned int)2, (unsigned int)1, (unsigned char)4, (unsigned char)4>(pusch_noise_intf_est::puschRxNoiseIntfEstDynDescr)"
1961223712,2784,18635,35,1,1,128,1,1,16,0.000,0.000,,,,,NVIDIA A100-SXM4-40GB (0),1,,13,cupy_copy__complex64_complex64
1961242240,1567,18644,1,1,1,1,1,1,18,0.000,0.000,,,,,NVIDIA A100-SXM4-40GB (0),1,,13,cupy_copy__float32_float32
1961278303,1792,18650,,,,,,,,,,0.000,2.232,Device,Pageable,NVIDIA A100-SXM4-40GB (0),1,,7,[CUDA memcpy Device-to-Host]
1961338878,15456,18661,1434,1,1,128,1,1,16,0.000,0.000,,,,,NVIDIA A100-SXM4-40GB (0),1,,13,cupy_copy__complex64_complex64
1961366750,2528,18668,103,1,1,128,1,1,16,0.000,0.000,,,,,NVIDIA A100-SXM4-40GB (0),1,,13,cupy_copy__complex64_complex64
1961388190,2112,18675,35,1,1,128,1,1,16,0.000,0.000,,,,,NVIDIA A100-SXM4-40GB (0),1,,13,cupy_copy__complex64_complex64
1961414558,1536,18682,1,1,1,1,1,1,18,0.000,0.000,,,,,NVIDIA A100-SXM4-40GB (0),1,,13,cupy_copy__float32_float32
1961682235,79199,18693,1,1,1,32,32,1,30,0.000,0.000,,,,,NVIDIA A100-SXM4-40GB (0),1,,13,"void convert_kernel<__half2, float2>(tensor_layout_any, T1 *, tensor_layout_any, const T2 *)"
1961793817,5504,18696,,,,,,,,,,0.061,11162.788,Pinned,Device,NVIDIA A100-SXM4-40GB (0),1,,13,[CUDA memcpy Host-to-Device]
1961809785,3360,18697,,,,,,,,,,1.547,460304.688,Device,,NVIDIA A100-SXM4-40GB (0),1,,13,[CUDA memset]
1961816985,4384,18702,,,,,,,,,,0.021,4802.916,Pinned,Device,NVIDIA A100-SXM4-40GB (0),1,,13,[CUDA memcpy Host-to-Device]
1961823865,8160,18703,,,,,,,,,,0.131,16062.743,Pinned,Device,NVIDIA A100-SXM4-40GB (0),1,,13,[CUDA memcpy Host-to-Device]
1961842937,6048,18704,273,1,1,8,4,1,39,0.002,0.000,,,,,NVIDIA A100-SXM4-40GB (0),1,,13,"void channel_eq::eqMmseCoefCompLowMimoKernel<float, float, float, (unsigned int)4, (unsigned int)1, (unsigned int)4>(const channel_eq::_puschRxChEqStatDescr *, channel_eq::_puschRxChEqCoefCompDynDescr)"
1961850201,5312,18705,273,1,1,12,11,1,40,0.002,0.000,,,,,NVIDIA A100-SXM4-40GB (0),1,,13,"void channel_eq::eqMmseSoftDemapKernel<float, __half, __half, float, (unsigned int)4, (unsigned short)16383>(channel_eq::_puschRxChEqStatDescr *, channel_eq::_puschRxChEqSoftDemapDynDescr)"
1961856441,281852,18706,1,1,1,32,32,1,30,0.000,0.000,,,,,NVIDIA A100-SXM4-40GB (0),1,,13,"void convert_kernel<float2, __half2>(tensor_layout_any, T1 *, tensor_layout_any, const T2 *)"
1962139413,12320,18718,2253,1,1,128,1,1,16,0.000,0.000,,,,,NVIDIA A100-SXM4-40GB (0),1,,13,cupy_copy__float16_float16
1962152821,2624,18727,282,1,1,128,1,1,16,0.000,0.000,,,,,NVIDIA A100-SXM4-40GB (0),1,,13,cupy_copy__complex64_complex64
1962156405,1888,18736,26,1,1,128,1,1,16,0.000,0.000,,,,,NVIDIA A100-SXM4-40GB (0),1,,13,cupy_copy__float32_float32
1962159349,2848,18745,103,1,1,128,1,1,16,0.000,0.000,,,,,NVIDIA A100-SXM4-40GB (0),1,,13,cupy_copy__complex64_complex64
1962163253,14016,18755,1434,1,1,128,1,1,16,0.000,0.000,,,,,NVIDIA A100-SXM4-40GB (0),1,,13,cupy_copy__complex64_complex64
1962206933,79519,18760,1,1,1,32,32,1,30,0.000,0.000,,,,,NVIDIA A100-SXM4-40GB (0),1,,13,"void convert_kernel<__half2, float2>(tensor_layout_any, T1 *, tensor_layout_any, const T2 *)"
1962445810,4352,18763,,,,,,,,,,0.061,14117.622,Pinned,Device,NVIDIA A100-SXM4-40GB (0),1,,13,[CUDA memcpy Host-to-Device]
1962456018,588953,18764,,,,,,,,,,456.520,774715.255,Device,,NVIDIA A100-SXM4-40GB (0),1,,13,[CUDA memset]
1963045739,36192,18769,,,,,,,,,,0.825,22804.255,Pinned,Device,NVIDIA A100-SXM4-40GB (0),1,,13,[CUDA memcpy Host-to-Device]
1963084683,7392,18770,,,,,,,,,,0.131,17731.551,Pinned,Device,NVIDIA A100-SXM4-40GB (0),1,,13,[CUDA memcpy Host-to-Device]
1963096299,7968,18771,69,4,1,48,1,1,76,0.002,0.000,,,,,NVIDIA A100-SXM4-40GB (0),1,,13,"void ch_est::windowedChEstPreNoDftSOfdmKernel<float, __half, float, (unsigned int)2, (unsigned int)1, (unsigned short)4>(ch_est::puschRxChEstStatDescr_t *, ch_est::puschRxChEstDynDescr_t *)"
1963105995,5919,18772,137,2,1,24,2,1,44,0.001,0.001,,,,,NVIDIA A100-SXM4-40GB (0),1,,13,"void ch_est::chEstFilterNoDftSOfdmDispatchKernel<float, __half, float, (unsigned int)2>(ch_est::puschRxChEstStatDescr_t *, ch_est::puschRxChEstDynDescr_t *)"
1963113098,4704,18773,137,2,1,24,2,1,44,0.001,0.001,,,,,NVIDIA A100-SXM4-40GB (0),1,,13,"void ch_est::chEstFilterNoDftSOfdmDispatchKernel<float, __half, float, (unsigned int)2>(ch_est::puschRxChEstStatDescr_t *, ch_est::puschRxChEstDynDescr_t *)"
1963118890,2368,18784,103,1,1,128,1,1,16,0.000,0.000,,,,,NVIDIA A100-SXM4-40GB (0),1,,13,cupy_copy__complex64_complex64
1963122282,15456,18794,1434,1,1,128,1,1,16,0.000,0.000,,,,,NVIDIA A100-SXM4-40GB (0),1,,13,cupy_copy__complex64_complex64
1963138730,2272,18801,103,1,1,128,1,1,16,0.000,0.000,,,,,NVIDIA A100-SXM4-40GB (0),1,,13,cupy_copy__complex64_complex64
1963142090,79423,18808,1,1,1,32,32,1,30,0.000,0.000,,,,,NVIDIA A100-SXM4-40GB (0),1,,13,"void convert_kernel<__half2, float2>(tensor_layout_any, T1 *, tensor_layout_any, const T2 *)"
1963253033,4416,18811,,,,,,,,,,0.061,13913.027,Pinned,Device,NVIDIA A100-SXM4-40GB (0),1,,13,[CUDA memcpy Host-to-Device]
1963266761,45951,18812,,,,,,,,,,35.801,779100.492,Device,,NVIDIA A100-SXM4-40GB (0),1,,13,[CUDA memset]
1963314728,1952,18814,,,,,,,,,,0.000,40.984,Pinned,Device,NVIDIA A100-SXM4-40GB (0),1,,13,[CUDA memcpy Host-to-Device]
1963319464,8096,18815,,,,,,,,,,0.131,16189.620,Pinned,Device,NVIDIA A100-SXM4-40GB (0),1,,13,[CUDA memcpy Host-to-Device]
1963337960,8352,18816,273,1,1,48,1,1,40,0.000,0.001,,,,,NVIDIA A100-SXM4-40GB (0),1,,13,"void pusch_noise_intf_est::noiseIntfEstNoDftSOfdmKernel<float, __half, float, float, (unsigned int)2, (unsigned int)1, (unsigned char)4, (unsigned char)4>(pusch_noise_intf_est::puschRxNoiseIntfEstDynDescr)"
1963351240,2720,18827,35,1,1,128,1,1,16,0.000,0.000,,,,,NVIDIA A100-SXM4-40GB (0),1,,13,cupy_copy__complex64_complex64
1963386855,1600,18836,1,1,1,1,1,1,18,0.000,0.000,,,,,NVIDIA A100-SXM4-40GB (0),1,,13,cupy_copy__float32_float32
1963422503,1696,18842,,,,,,,,,,0.000,2.358,Device,Pageable,NVIDIA A100-SXM4-40GB (0),1,,7,[CUDA memcpy Device-to-Host]
1963480742,15232,18853,1434,1,1,128,1,1,16,0.000,0.000,,,,,NVIDIA A100-SXM4-40GB (0),1,,13,cupy_copy__complex64_complex64
1963508102,2496,18860,103,1,1,128,1,1,16,0.000,0.000,,,,,NVIDIA A100-SXM4-40GB (0),1,,13,cupy_copy__complex64_complex64
1963528806,2144,18867,35,1,1,128,1,1,16,0.000,0.000,,,,,NVIDIA A100-SXM4-40GB (0),1,,13,cupy_copy__complex64_complex64
1963547974,1568,18874,1,1,1,1,1,1,18,0.000,0.000,,,,,NVIDIA A100-SXM4-40GB (0),1,,13,cupy_copy__float32_float32
1963684964,79807,18885,1,1,1,32,32,1,30,0.000,0.000,,,,,NVIDIA A100-SXM4-40GB (0),1,,13,"void convert_kernel<__half2, float2>(tensor_layout_any, T1 *, tensor_layout_any, const T2 *)"
1963793699,4384,18888,,,,,,,,,,0.061,14014.587,Pinned,Device,NVIDIA A100-SXM4-40GB (0),1,,13,[CUDA memcpy Host-to-Device]
1963808451,3296,18889,,,,,,,,,,1.547,469242.628,Device,,NVIDIA A100-SXM4-40GB (0),1,,13,[CUDA memset]
1963815395,3744,18894,,,,,,,,,,0.021,5623.931,Pinned,Device,NVIDIA A100-SXM4-40GB (0),1,,13,[CUDA memcpy Host-to-Device]
1963822658,7552,18895,,,,,,,,,,0.131,17355.899,Pinned,Device,NVIDIA A100-SXM4-40GB (0),1,,13,[CUDA memcpy Host-to-Device]
1963833730,6112,18896,273,1,1,8,4,1,39,0.002,0.000,,,,,NVIDIA A100-SXM4-40GB (0),1,,13,"void channel_eq::eqMmseCoefCompLowMimoKernel<float, float, float, (unsigned int)4, (unsigned int)1, (unsigned int)4>(const channel_eq::_puschRxChEqStatDescr *, channel_eq::_puschRxChEqCoefCompDynDescr)"
1963840898,5120,18897,273,1,1,12,11,1,40,0.002,0.000,,,,,NVIDIA A100-SXM4-40GB (0),1,,13,"void channel_eq::eqMmseSoftDemapKernel<float, __half, __half, float, (unsigned int)4, (unsigned short)16383>(channel_eq::_puschRxChEqStatDescr *, channel_eq::_puschRxChEqSoftDemapDynDescr)"
1963847202,281213,18898,1,1,1,32,32,1,30,0.000,0.000,,,,,NVIDIA A100-SXM4-40GB (0),1,,13,"void convert_kernel<float2, __half2>(tensor_layout_any, T1 *, tensor_layout_any, const T2 *)"
1964129439,12288,18910,2253,1,1,128,1,1,16,0.000,0.000,,,,,NVIDIA A100-SXM4-40GB (0),1,,13,cupy_copy__float16_float16
1964142943,2592,18919,282,1,1,128,1,1,16,0.000,0.000,,,,,NVIDIA A100-SXM4-40GB (0),1,,13,cupy_copy__complex64_complex64
1964146527,1824,18928,26,1,1,128,1,1,16,0.000,0.000,,,,,NVIDIA A100-SXM4-40GB (0),1,,13,cupy_copy__float32_float32
1964149471,2880,18937,103,1,1,128,1,1,16,0.000,0.000,,,,,NVIDIA A100-SXM4-40GB (0),1,,13,cupy_copy__complex64_complex64
1964153279,14080,18947,1434,1,1,128,1,1,16,0.000,0.000,,,,,NVIDIA A100-SXM4-40GB (0),1,,13,cupy_copy__complex64_complex64
1964201278,78943,18952,1,1,1,32,32,1,30,0.000,0.000,,,,,NVIDIA A100-SXM4-40GB (0),1,,13,"void convert_kernel<__half2, float2>(tensor_layout_any, T1 *, tensor_layout_any, const T2 *)"
1964308061,4384,18955,,,,,,,,,,0.061,14014.587,Pinned,Device,NVIDIA A100-SXM4-40GB (0),1,,13,[CUDA memcpy Host-to-Device]
1964319517,587513,18956,,,,,,,,,,456.520,776997.857,Device,,NVIDIA A100-SXM4-40GB (0),1,,13,[CUDA memset]
1964915574,36544,18961,,,,,,,,,,0.825,22584.713,Pinned,Device,NVIDIA A100-SXM4-40GB (0),1,,13,[CUDA memcpy Host-to-Device]
1964954582,7584,18962,,,,,,,,,,0.131,17282.630,Pinned,Device,NVIDIA A100-SXM4-40GB (0),1,,13,[CUDA memcpy Host-to-Device]
1964969174,7424,18963,69,4,1,48,1,1,76,0.002,0.000,,,,,NVIDIA A100-SXM4-40GB (0),1,,13,"void ch_est::windowedChEstPreNoDftSOfdmKernel<float, __half, float, (unsigned int)2, (unsigned int)1, (unsigned short)4>(ch_est::puschRxChEstStatDescr_t *, ch_est::puschRxChEstDynDescr_t *)"
1964978197,6400,18964,137,2,1,24,2,1,44,0.001,0.001,,,,,NVIDIA A100-SXM4-40GB (0),1,,13,"void ch_est::chEstFilterNoDftSOfdmDispatchKernel<float, __half, float, (unsigned int)2>(ch_est::puschRxChEstStatDescr_t *, ch_est::puschRxChEstDynDescr_t *)"
1964985557,4736,18965,137,2,1,24,2,1,44,0.001,0.001,,,,,NVIDIA A100-SXM4-40GB (0),1,,13,"void ch_est::chEstFilterNoDftSOfdmDispatchKernel<float, __half, float, (unsigned int)2>(ch_est::puschRxChEstStatDescr_t *, ch_est::puschRxChEstDynDescr_t *)"
1964991349,2368,18976,103,1,1,128,1,1,16,0.000,0.000,,,,,NVIDIA A100-SXM4-40GB (0),1,,13,cupy_copy__complex64_complex64
1964994741,15200,18986,1434,1,1,128,1,1,16,0.000,0.000,,,,,NVIDIA A100-SXM4-40GB (0),1,,13,cupy_copy__complex64_complex64
1965011157,2240,18993,103,1,1,128,1,1,16,0.000,0.000,,,,,NVIDIA A100-SXM4-40GB (0),1,,13,cupy_copy__complex64_complex64
1965014453,78879,19000,1,1,1,32,32,1,30,0.000,0.000,,,,,NVIDIA A100-SXM4-40GB (0),1,,13,"void convert_kernel<__half2, float2>(tensor_layout_any, T1 *, tensor_layout_any, const T2 *)"
1965121172,4416,19003,,,,,,,,,,0.061,13913.027,Pinned,Device,NVIDIA A100-SXM4-40GB (0),1,,13,[CUDA memcpy Host-to-Device]
1965134356,46175,19004,,,,,,,,,,35.801,775305.590,Device,,NVIDIA A100-SXM4-40GB (0),1,,13,[CUDA memset]
1965188979,2336,19006,,,,,,,,,,0.000,34.247,Pinned,Device,NVIDIA A100-SXM4-40GB (0),1,,13,[CUDA memcpy Host-to-Device]
1965193427,7680,19007,,,,,,,,,,0.131,17066.623,Pinned,Device,NVIDIA A100-SXM4-40GB (0),1,,13,[CUDA memcpy Host-to-Device]
1965208819,8736,19008,273,1,1,48,1,1,40,0.000,0.001,,,,,NVIDIA A100-SXM4-40GB (0),1,,13,"void pusch_noise_intf_est::noiseIntfEstNoDftSOfdmKernel<float, __half, float, float, (unsigned int)2, (unsigned int)1, (unsigned char)4, (unsigned char)4>(pusch_noise_intf_est::puschRxNoiseIntfEstDynDescr)"
1965218579,2592,19019,35,1,1,128,1,1,16,0.000,0.000,,,,,NVIDIA A100-SXM4-40GB (0),1,,13,cupy_copy__complex64_complex64
1965246002,1568,19028,1,1,1,1,1,1,18,0.000,0.000,,,,,NVIDIA A100-SXM4-40GB (0),1,,13,cupy_copy__float32_float32
1965280050,1600,19034,,,,,,,,,,0.000,2.500,Device,Pageable,NVIDIA A100-SXM4-40GB (0),1,,7,[CUDA memcpy Device-to-Host]
1965338353,15584,19045,1434,1,1,128,1,1,16,0.000,0.000,,,,,NVIDIA A100-SXM4-40GB (0),1,,13,cupy_copy__complex64_complex64
1965365329,2560,19052,103,1,1,128,1,1,16,0.000,0.000,,,,,NVIDIA A100-SXM4-40GB (0),1,,13,cupy_copy__complex64_complex64
1965386673,2144,19059,35,1,1,128,1,1,16,0.000,0.000,,,,,NVIDIA A100-SXM4-40GB (0),1,,13,cupy_copy__complex64_complex64
1965414065,1536,19066,1,1,1,1,1,1,18,0.000,0.000,,,,,NVIDIA A100-SXM4-40GB (0),1,,13,cupy_copy__float32_float32
1965549199,78943,19077,1,1,1,32,32,1,30,0.000,0.000,,,,,NVIDIA A100-SXM4-40GB (0),1,,13,"void convert_kernel<__half2, float2>(tensor_layout_any, T1 *, tensor_layout_any, const T2 *)"
1965656526,4416,19080,,,,,,,,,,0.061,13913.027,Pinned,Device,NVIDIA A100-SXM4-40GB (0),1,,13,[CUDA memcpy Host-to-Device]
1965671470,3360,19081,,,,,,,,,,1.547,460304.688,Device,,NVIDIA A100-SXM4-40GB (0),1,,13,[CUDA memset]
1965678286,3680,19086,,,,,,,,,,0.021,5721.736,Pinned,Device,NVIDIA A100-SXM4-40GB (0),1,,13,[CUDA memcpy Host-to-Device]
1965684462,7199,19087,,,,,,,,,,0.131,18206.949,Pinned,Device,NVIDIA A100-SXM4-40GB (0),1,,13,[CUDA memcpy Host-to-Device]
1965695629,6016,19088,273,1,1,8,4,1,39,0.002,0.000,,,,,NVIDIA A100-SXM4-40GB (0),1,,13,"void channel_eq::eqMmseCoefCompLowMimoKernel<float, float, float, (unsigned int)4, (unsigned int)1, (unsigned int)4>(const channel_eq::_puschRxChEqStatDescr *, channel_eq::_puschRxChEqCoefCompDynDescr)"
1965702637,5312,19089,273,1,1,12,11,1,40,0.002,0.000,,,,,NVIDIA A100-SXM4-40GB (0),1,,13,"void channel_eq::eqMmseSoftDemapKernel<float, __half, __half, float, (unsigned int)4, (unsigned short)16383>(channel_eq::_puschRxChEqStatDescr *, channel_eq::_puschRxChEqSoftDemapDynDescr)"
1965708877,281501,19090,1,1,1,32,32,1,30,0.000,0.000,,,,,NVIDIA A100-SXM4-40GB (0),1,,13,"void convert_kernel<float2, __half2>(tensor_layout_any, T1 *, tensor_layout_any, const T2 *)"
1965991402,12320,19102,2253,1,1,128,1,1,16,0.000,0.000,,,,,NVIDIA A100-SXM4-40GB (0),1,,13,cupy_copy__float16_float16
1966004650,2656,19111,282,1,1,128,1,1,16,0.000,0.000,,,,,NVIDIA A100-SXM4-40GB (0),1,,13,cupy_copy__complex64_complex64
1966008362,1888,19120,26,1,1,128,1,1,16,0.000,0.000,,,,,NVIDIA A100-SXM4-40GB (0),1,,13,cupy_copy__float32_float32
1966011306,2848,19129,103,1,1,128,1,1,16,0.000,0.000,,,,,NVIDIA A100-SXM4-40GB (0),1,,13,cupy_copy__complex64_complex64
1966015114,14016,19139,1434,1,1,128,1,1,16,0.000,0.000,,,,,NVIDIA A100-SXM4-40GB (0),1,,13,cupy_copy__complex64_complex64
1966058505,79103,19144,1,1,1,32,32,1,30,0.000,0.000,,,,,NVIDIA A100-SXM4-40GB (0),1,,13,"void convert_kernel<__half2, float2>(tensor_layout_any, T1 *, tensor_layout_any, const T2 *)"
1966299111,4416,19147,,,,,,,,,,0.061,13913.027,Pinned,Device,NVIDIA A100-SXM4-40GB (0),1,,13,[CUDA memcpy Host-to-Device]
1966308551,588441,19148,,,,,,,,,,456.520,775628.296,Device,,NVIDIA A100-SXM4-40GB (0),1,,13,[CUDA memset]
1966903808,37279,19153,,,,,,,,,,0.825,22139.027,Pinned,Device,NVIDIA A100-SXM4-40GB (0),1,,13,[CUDA memcpy Host-to-Device]
1966943551,7584,19154,,,,,,,,,,0.131,17282.630,Pinned,Device,NVIDIA A100-SXM4-40GB (0),1,,13,[CUDA memcpy Host-to-Device]
1966955711,7296,19155,69,4,1,48,1,1,76,0.002,0.000,,,,,NVIDIA A100-SXM4-40GB (0),1,,13,"void ch_est::windowedChEstPreNoDftSOfdmKernel<float, __half, float, (unsigned int)2, (unsigned int)1, (unsigned short)4>(ch_est::puschRxChEstStatDescr_t *, ch_est::puschRxChEstDynDescr_t *)"
1966964831,5696,19156,137,2,1,24,2,1,44,0.001,0.001,,,,,NVIDIA A100-SXM4-40GB (0),1,,13,"void ch_est::chEstFilterNoDftSOfdmDispatchKernel<float, __half, float, (unsigned int)2>(ch_est::puschRxChEstStatDescr_t *, ch_est::puschRxChEstDynDescr_t *)"
1966971519,4736,19157,137,2,1,24,2,1,44,0.001,0.001,,,,,NVIDIA A100-SXM4-40GB (0),1,,13,"void ch_est::chEstFilterNoDftSOfdmDispatchKernel<float, __half, float, (unsigned int)2>(ch_est::puschRxChEstStatDescr_t *, ch_est::puschRxChEstDynDescr_t *)"
1966977279,2752,19168,103,1,1,128,1,1,16,0.000,0.000,,,,,NVIDIA A100-SXM4-40GB (0),1,,13,cupy_copy__complex64_complex64
1966981087,15040,19178,1434,1,1,128,1,1,16,0.000,0.000,,,,,NVIDIA A100-SXM4-40GB (0),1,,13,cupy_copy__complex64_complex64
1966997183,2304,19185,103,1,1,128,1,1,16,0.000,0.000,,,,,NVIDIA A100-SXM4-40GB (0),1,,13,cupy_copy__complex64_complex64
1967000575,78687,19192,1,1,1,32,32,1,30,0.000,0.000,,,,,NVIDIA A100-SXM4-40GB (0),1,,13,"void convert_kernel<__half2, float2>(tensor_layout_any, T1 *, tensor_layout_any, const T2 *)"
1967110589,4576,19195,,,,,,,,,,0.061,13426.545,Pinned,Device,NVIDIA A100-SXM4-40GB (0),1,,13,[CUDA memcpy Host-to-Device]
1967126077,46016,19196,,,,,,,,,,35.801,777990.662,Device,,NVIDIA A100-SXM4-40GB (0),1,,13,[CUDA memset]
1967179613,1952,19198,,,,,,,,,,0.000,40.984,Pinned,Device,NVIDIA A100-SXM4-40GB (0),1,,13,[CUDA memcpy Host-to-Device]
1967183677,7136,19199,,,,,,,,,,0.131,18367.644,Pinned,Device,NVIDIA A100-SXM4-40GB (0),1,,13,[CUDA memcpy Host-to-Device]
1967194589,8543,19200,273,1,1,48,1,1,40,0.000,0.001,,,,,NVIDIA A100-SXM4-40GB (0),1,,13,"void pusch_noise_intf_est::noiseIntfEstNoDftSOfdmKernel<float, __half, float, float, (unsigned int)2, (unsigned int)1, (unsigned char)4, (unsigned char)4>(pusch_noise_intf_est::puschRxNoiseIntfEstDynDescr)"
1967204220,2688,19211,35,1,1,128,1,1,16,0.000,0.000,,,,,NVIDIA A100-SXM4-40GB (0),1,,13,cupy_copy__complex64_complex64
1967241020,1600,19220,1,1,1,1,1,1,18,0.000,0.000,,,,,NVIDIA A100-SXM4-40GB (0),1,,13,cupy_copy__float32_float32
1967276892,1664,19226,,,,,,,,,,0.000,2.404,Device,Pageable,NVIDIA A100-SXM4-40GB (0),1,,7,[CUDA memcpy Device-to-Host]
1967335835,15360,19237,1434,1,1,128,1,1,16,0.000,0.000,,,,,NVIDIA A100-SXM4-40GB (0),1,,13,cupy_copy__complex64_complex64
1967362683,2496,19244,103,1,1,128,1,1,16,0.000,0.000,,,,,NVIDIA A100-SXM4-40GB (0),1,,13,cupy_copy__complex64_complex64
1967383866,2144,19251,35,1,1,128,1,1,16,0.000,0.000,,,,,NVIDIA A100-SXM4-40GB (0),1,,13,cupy_copy__complex64_complex64
1967402202,1568,19258,1,1,1,1,1,1,18,0.000,0.000,,,,,NVIDIA A100-SXM4-40GB (0),1,,13,cupy_copy__float32_float32
1967538425,79071,19269,1,1,1,32,32,1,30,0.000,0.000,,,,,NVIDIA A100-SXM4-40GB (0),1,,13,"void convert_kernel<__half2, float2>(tensor_layout_any, T1 *, tensor_layout_any, const T2 *)"
1967778326,4768,19272,,,,,,,,,,0.061,12885.873,Pinned,Device,NVIDIA A100-SXM4-40GB (0),1,,13,[CUDA memcpy Host-to-Device]
1967790102,3232,19273,,,,,,,,,,1.547,478533.199,Device,,NVIDIA A100-SXM4-40GB (0),1,,13,[CUDA memset]
1967799830,3680,19278,,,,,,,,,,0.021,5721.736,Pinned,Device,NVIDIA A100-SXM4-40GB (0),1,,13,[CUDA memcpy Host-to-Device]
1967806582,7392,19279,,,,,,,,,,0.131,17731.551,Pinned,Device,NVIDIA A100-SXM4-40GB (0),1,,13,[CUDA memcpy Host-to-Device]
1967817846,6175,19280,273,1,1,8,4,1,39,0.002,0.000,,,,,NVIDIA A100-SXM4-40GB (0),1,,13,"void channel_eq::eqMmseCoefCompLowMimoKernel<float, float, float, (unsigned int)4, (unsigned int)1, (unsigned int)4>(const channel_eq::_puschRxChEqStatDescr *, channel_eq::_puschRxChEqCoefCompDynDescr)"
1967824981,5216,19281,273,1,1,12,11,1,40,0.002,0.000,,,,,NVIDIA A100-SXM4-40GB (0),1,,13,"void channel_eq::eqMmseSoftDemapKernel<float, __half, __half, float, (unsigned int)4, (unsigned short)16383>(channel_eq::_puschRxChEqStatDescr *, channel_eq::_puschRxChEqSoftDemapDynDescr)"
1967831125,280925,19282,1,1,1,32,32,1,30,0.000,0.000,,,,,NVIDIA A100-SXM4-40GB (0),1,,13,"void convert_kernel<float2, __half2>(tensor_layout_any, T1 *, tensor_layout_any, const T2 *)"
1968113170,12384,19294,2253,1,1,128,1,1,16,0.000,0.000,,,,,NVIDIA A100-SXM4-40GB (0),1,,13,cupy_copy__float16_float16
1968126610,2624,19303,282,1,1,128,1,1,16,0.000,0.000,,,,,NVIDIA A100-SXM4-40GB (0),1,,13,cupy_copy__complex64_complex64
1968130226,1856,19312,26,1,1,128,1,1,16,0.000,0.000,,,,,NVIDIA A100-SXM4-40GB (0),1,,13,cupy_copy__float32_float32
1968133010,2880,19321,103,1,1,128,1,1,16,0.000,0.000,,,,,NVIDIA A100-SXM4-40GB (0),1,,13,cupy_copy__complex64_complex64
1968136818,13824,19331,1434,1,1,128,1,1,16,0.000,0.000,,,,,NVIDIA A100-SXM4-40GB (0),1,,13,cupy_copy__complex64_complex64
1968299760,79807,19336,1,1,1,32,32,1,30,0.000,0.000,,,,,NVIDIA A100-SXM4-40GB (0),1,,13,"void convert_kernel<__half2, float2>(tensor_layout_any, T1 *, tensor_layout_any, const T2 *)"
1968411119,4384,19339,,,,,,,,,,0.061,14014.587,Pinned,Device,NVIDIA A100-SXM4-40GB (0),1,,13,[CUDA memcpy Host-to-Device]
1968423663,587577,19340,,,,,,,,,,456.520,776541.336,Device,,NVIDIA A100-SXM4-40GB (0),1,,13,[CUDA memset]
1969016328,36064,19345,,,,,,,,,,0.825,22885.138,Pinned,Device,NVIDIA A100-SXM4-40GB (0),1,,13,[CUDA memcpy Host-to-Device]
1969054504,7520,19346,,,,,,,,,,0.131,17429.692,Pinned,Device,NVIDIA A100-SXM4-40GB (0),1,,13,[CUDA memcpy Host-to-Device]
1969066184,7487,19347,69,4,1,48,1,1,76,0.002,0.000,,,,,NVIDIA A100-SXM4-40GB (0),1,,13,"void ch_est::windowedChEstPreNoDftSOfdmKernel<float, __half, float, (unsigned int)2, (unsigned int)1, (unsigned short)4>(ch_est::puschRxChEstStatDescr_t *, ch_est::puschRxChEstDynDescr_t *)"
1969075207,5856,19348,137,2,1,24,2,1,44,0.001,0.001,,,,,NVIDIA A100-SXM4-40GB (0),1,,13,"void ch_est::chEstFilterNoDftSOfdmDispatchKernel<float, __half, float, (unsigned int)2>(ch_est::puschRxChEstStatDescr_t *, ch_est::puschRxChEstDynDescr_t *)"
1969082151,4736,19349,137,2,1,24,2,1,44,0.001,0.001,,,,,NVIDIA A100-SXM4-40GB (0),1,,13,"void ch_est::chEstFilterNoDftSOfdmDispatchKernel<float, __half, float, (unsigned int)2>(ch_est::puschRxChEstStatDescr_t *, ch_est::puschRxChEstDynDescr_t *)"
1969087975,2336,19360,103,1,1,128,1,1,16,0.000,0.000,,,,,NVIDIA A100-SXM4-40GB (0),1,,13,cupy_copy__complex64_complex64
1969091239,15296,19370,1434,1,1,128,1,1,16,0.000,0.000,,,,,NVIDIA A100-SXM4-40GB (0),1,,13,cupy_copy__complex64_complex64
1969107527,2240,19377,103,1,1,128,1,1,16,0.000,0.000,,,,,NVIDIA A100-SXM4-40GB (0),1,,13,cupy_copy__complex64_complex64
1969110983,78879,19384,1,1,1,32,32,1,30,0.000,0.000,,,,,NVIDIA A100-SXM4-40GB (0),1,,13,"void convert_kernel<__half2, float2>(tensor_layout_any, T1 *, tensor_layout_any, const T2 *)"
1969218310,4768,19387,,,,,,,,,,0.061,12885.873,Pinned,Device,NVIDIA A100-SXM4-40GB (0),1,,13,[CUDA memcpy Host-to-Device]
1969231206,46175,19388,,,,,,,,,,35.801,775305.590,Device,,NVIDIA A100-SXM4-40GB (0),1,,13,[CUDA memset]
1969283557,1952,19390,,,,,,,,,,0.000,40.984,Pinned,Device,NVIDIA A100-SXM4-40GB (0),1,,13,[CUDA memcpy Host-to-Device]
1969287973,7584,19391,,,,,,,,,,0.131,17282.630,Pinned,Device,NVIDIA A100-SXM4-40GB (0),1,,13,[CUDA memcpy Host-to-Device]
1969302437,8768,19392,273,1,1,48,1,1,40,0.000,0.001,,,,,NVIDIA A100-SXM4-40GB (0),1,,13,"void pusch_noise_intf_est::noiseIntfEstNoDftSOfdmKernel<float, __half, float, float, (unsigned int)2, (unsigned int)1, (unsigned char)4, (unsigned char)4>(pusch_noise_intf_est::puschRxNoiseIntfEstDynDescr)"
1969312197,2688,19403,35,1,1,128,1,1,16,0.000,0.000,,,,,NVIDIA A100-SXM4-40GB (0),1,,13,cupy_copy__complex64_complex64
1969341284,1536,19412,1,1,1,1,1,1,18,0.000,0.000,,,,,NVIDIA A100-SXM4-40GB (0),1,,13,cupy_copy__float32_float32
1969375908,1984,19418,,,,,,,,,,0.000,2.016,Device,Pageable,NVIDIA A100-SXM4-40GB (0),1,,7,[CUDA memcpy Device-to-Host]
1969443459,15168,19429,1434,1,1,128,1,1,16,0.000,0.000,,,,,NVIDIA A100-SXM4-40GB (0),1,,13,cupy_copy__complex64_complex64
1969471779,2496,19436,103,1,1,128,1,1,16,0.000,0.000,,,,,NVIDIA A100-SXM4-40GB (0),1,,13,cupy_copy__complex64_complex64
1969493507,2112,19443,35,1,1,128,1,1,16,0.000,0.000,,,,,NVIDIA A100-SXM4-40GB (0),1,,13,cupy_copy__complex64_complex64
1969512130,1536,19450,1,1,1,1,1,1,18,0.000,0.000,,,,,NVIDIA A100-SXM4-40GB (0),1,,13,cupy_copy__float32_float32
1969647713,79167,19461,1,1,1,32,32,1,30,0.000,0.000,,,,,NVIDIA A100-SXM4-40GB (0),1,,13,"void convert_kernel<__half2, float2>(tensor_layout_any, T1 *, tensor_layout_any, const T2 *)"
1969755008,4448,19464,,,,,,,,,,0.061,13812.941,Pinned,Device,NVIDIA A100-SXM4-40GB (0),1,,13,[CUDA memcpy Host-to-Device]
1969769888,3328,19465,,,,,,,,,,1.547,464729.580,Device,,NVIDIA A100-SXM4-40GB (0),1,,13,[CUDA memset]
1969776768,3679,19470,,,,,,,,,,0.021,5723.273,Pinned,Device,NVIDIA A100-SXM4-40GB (0),1,,13,[CUDA memcpy Host-to-Device]
1969783039,7168,19471,,,,,,,,,,0.131,18285.593,Pinned,Device,NVIDIA A100-SXM4-40GB (0),1,,13,[CUDA memcpy Host-to-Device]
1969796927,6016,19472,273,1,1,8,4,1,39,0.002,0.000,,,,,NVIDIA A100-SXM4-40GB (0),1,,13,"void channel_eq::eqMmseCoefCompLowMimoKernel<float, float, float, (unsigned int)4, (unsigned int)1, (unsigned int)4>(const channel_eq::_puschRxChEqStatDescr *, channel_eq::_puschRxChEqCoefCompDynDescr)"
1969804159,5152,19473,273,1,1,12,11,1,40,0.002,0.000,,,,,NVIDIA A100-SXM4-40GB (0),1,,13,"void channel_eq::eqMmseSoftDemapKernel<float, __half, __half, float, (unsigned int)4, (unsigned short)16383>(channel_eq::_puschRxChEqStatDescr *, channel_eq::_puschRxChEqSoftDemapDynDescr)"
1969810399,281341,19474,1,1,1,32,32,1,30,0.000,0.000,,,,,NVIDIA A100-SXM4-40GB (0),1,,13,"void convert_kernel<float2, __half2>(tensor_layout_any, T1 *, tensor_layout_any, const T2 *)"
1970092860,12256,19486,2253,1,1,128,1,1,16,0.000,0.000,,,,,NVIDIA A100-SXM4-40GB (0),1,,13,cupy_copy__float16_float16
1970106044,2656,19495,282,1,1,128,1,1,16,0.000,0.000,,,,,NVIDIA A100-SXM4-40GB (0),1,,13,cupy_copy__complex64_complex64
1970109660,1888,19504,26,1,1,128,1,1,16,0.000,0.000,,,,,NVIDIA A100-SXM4-40GB (0),1,,13,cupy_copy__float32_float32
1970112604,2816,19513,103,1,1,128,1,1,16,0.000,0.000,,,,,NVIDIA A100-SXM4-40GB (0),1,,13,cupy_copy__complex64_complex64
1970170235,14240,19529,1434,1,1,128,1,1,16,0.000,0.000,,,,,NVIDIA A100-SXM4-40GB (0),1,,13,cupy_copy__complex64_complex64
1970288314,78847,19534,1,1,1,32,32,1,30,0.000,0.000,,,,,NVIDIA A100-SXM4-40GB (0),1,,13,"void convert_kernel<__half2, float2>(tensor_layout_any, T1 *, tensor_layout_any, const T2 *)"
1970394553,4608,19537,,,,,,,,,,0.061,13333.279,Pinned,Device,NVIDIA A100-SXM4-40GB (0),1,,13,[CUDA memcpy Host-to-Device]
1970406296,588026,19538,,,,,,,,,,456.520,776084.816,Device,,NVIDIA A100-SXM4-40GB (0),1,,13,[CUDA memset]
1970996402,36319,19543,,,,,,,,,,0.825,22724.196,Pinned,Device,NVIDIA A100-SXM4-40GB (0),1,,13,[CUDA memcpy Host-to-Device]
1971035185,7552,19544,,,,,,,,,,0.131,17355.899,Pinned,Device,NVIDIA A100-SXM4-40GB (0),1,,13,[CUDA memcpy Host-to-Device]
1971046545,7648,19545,69,4,1,48,1,1,76,0.002,0.000,,,,,NVIDIA A100-SXM4-40GB (0),1,,13,"void ch_est::windowedChEstPreNoDftSOfdmKernel<float, __half, float, (unsigned int)2, (unsigned int)1, (unsigned short)4>(ch_est::puschRxChEstStatDescr_t *, ch_est::puschRxChEstDynDescr_t *)"
1971055793,5728,19546,137,2,1,24,2,1,44,0.001,0.001,,,,,NVIDIA A100-SXM4-40GB (0),1,,13,"void ch_est::chEstFilterNoDftSOfdmDispatchKernel<float, __half, float, (unsigned int)2>(ch_est::puschRxChEstStatDescr_t *, ch_est::puschRxChEstDynDescr_t *)"
1971062545,4736,19547,137,2,1,24,2,1,44,0.001,0.001,,,,,NVIDIA A100-SXM4-40GB (0),1,,13,"void ch_est::chEstFilterNoDftSOfdmDispatchKernel<float, __half, float, (unsigned int)2>(ch_est::puschRxChEstStatDescr_t *, ch_est::puschRxChEstDynDescr_t *)"
1971068369,2368,19558,103,1,1,128,1,1,16,0.000,0.000,,,,,NVIDIA A100-SXM4-40GB (0),1,,13,cupy_copy__complex64_complex64
1971071697,15264,19568,1434,1,1,128,1,1,16,0.000,0.000,,,,,NVIDIA A100-SXM4-40GB (0),1,,13,cupy_copy__complex64_complex64
1971087953,2304,19575,103,1,1,128,1,1,16,0.000,0.000,,,,,NVIDIA A100-SXM4-40GB (0),1,,13,cupy_copy__complex64_complex64
1971091345,79487,19582,1,1,1,32,32,1,30,0.000,0.000,,,,,NVIDIA A100-SXM4-40GB (0),1,,13,"void convert_kernel<__half2, float2>(tensor_layout_any, T1 *, tensor_layout_any, const T2 *)"
1971198928,4831,19585,,,,,,,,,,0.061,12717.834,Pinned,Device,NVIDIA A100-SXM4-40GB (0),1,,13,[CUDA memcpy Host-to-Device]
1971211727,46560,19586,,,,,,,,,,35.801,768897.218,Device,,NVIDIA A100-SXM4-40GB (0),1,,13,[CUDA memset]
1971263631,1952,19588,,,,,,,,,,0.000,40.984,Pinned,Device,NVIDIA A100-SXM4-40GB (0),1,,13,[CUDA memcpy Host-to-Device]
1971267695,7584,19589,,,,,,,,,,0.131,17282.630,Pinned,Device,NVIDIA A100-SXM4-40GB (0),1,,13,[CUDA memcpy Host-to-Device]
1971281743,8959,19590,273,1,1,48,1,1,40,0.000,0.001,,,,,NVIDIA A100-SXM4-40GB (0),1,,13,"void pusch_noise_intf_est::noiseIntfEstNoDftSOfdmKernel<float, __half, float, float, (unsigned int)2, (unsigned int)1, (unsigned char)4, (unsigned char)4>(pusch_noise_intf_est::puschRxNoiseIntfEstDynDescr)"
1971291758,2560,19601,35,1,1,128,1,1,16,0.000,0.000,,,,,NVIDIA A100-SXM4-40GB (0),1,,13,cupy_copy__complex64_complex64
1971319566,1568,19610,1,1,1,1,1,1,18,0.000,0.000,,,,,NVIDIA A100-SXM4-40GB (0),1,,13,cupy_copy__float32_float32
1971352974,1728,19616,,,,,,,,,,0.000,2.315,Device,Pageable,NVIDIA A100-SXM4-40GB (0),1,,7,[CUDA memcpy Device-to-Host]
1971411757,15296,19627,1434,1,1,128,1,1,16,0.000,0.000,,,,,NVIDIA A100-SXM4-40GB (0),1,,13,cupy_copy__complex64_complex64
1971438221,2464,19634,103,1,1,128,1,1,16,0.000,0.000,,,,,NVIDIA A100-SXM4-40GB (0),1,,13,cupy_copy__complex64_complex64
1971458541,2144,19641,35,1,1,128,1,1,16,0.000,0.000,,,,,NVIDIA A100-SXM4-40GB (0),1,,13,cupy_copy__complex64_complex64
1971477644,1568,19648,1,1,1,1,1,1,18,0.000,0.000,,,,,NVIDIA A100-SXM4-40GB (0),1,,13,cupy_copy__float32_float32
1971612075,78687,19659,1,1,1,32,32,1,30,0.000,0.000,,,,,NVIDIA A100-SXM4-40GB (0),1,,13,"void convert_kernel<__half2, float2>(tensor_layout_any, T1 *, tensor_layout_any, const T2 *)"
1971854856,4704,19662,,,,,,,,,,0.061,13061.222,Pinned,Device,NVIDIA A100-SXM4-40GB (0),1,,13,[CUDA memcpy Host-to-Device]
1971864712,3264,19663,,,,,,,,,,1.547,473842.288,Device,,NVIDIA A100-SXM4-40GB (0),1,,13,[CUDA memset]
1971873256,3712,19668,,,,,,,,,,0.021,5672.402,Pinned,Device,NVIDIA A100-SXM4-40GB (0),1,,13,[CUDA memcpy Host-to-Device]
1971879592,7936,19669,,,,,,,,,,0.131,16516.121,Pinned,Device,NVIDIA A100-SXM4-40GB (0),1,,13,[CUDA memcpy Host-to-Device]
1971892040,6048,19670,273,1,1,8,4,1,39,0.002,0.000,,,,,NVIDIA A100-SXM4-40GB (0),1,,13,"void channel_eq::eqMmseCoefCompLowMimoKernel<float, float, float, (unsigned int)4, (unsigned int)1, (unsigned int)4>(const channel_eq::_puschRxChEqStatDescr *, channel_eq::_puschRxChEqCoefCompDynDescr)"
1971899176,5184,19671,273,1,1,12,11,1,40,0.002,0.000,,,,,NVIDIA A100-SXM4-40GB (0),1,,13,"void channel_eq::eqMmseSoftDemapKernel<float, __half, __half, float, (unsigned int)4, (unsigned short)16383>(channel_eq::_puschRxChEqStatDescr *, channel_eq::_puschRxChEqSoftDemapDynDescr)"
1971905416,280860,19672,1,1,1,32,32,1,30,0.000,0.000,,,,,NVIDIA A100-SXM4-40GB (0),1,,13,"void convert_kernel<float2, __half2>(tensor_layout_any, T1 *, tensor_layout_any, const T2 *)"
1972187268,12352,19684,2253,1,1,128,1,1,16,0.000,0.000,,,,,NVIDIA A100-SXM4-40GB (0),1,,13,cupy_copy__float16_float16
1972200708,2592,19693,282,1,1,128,1,1,16,0.000,0.000,,,,,NVIDIA A100-SXM4-40GB (0),1,,13,cupy_copy__complex64_complex64
1972204292,1856,19702,26,1,1,128,1,1,16,0.000,0.000,,,,,NVIDIA A100-SXM4-40GB (0),1,,13,cupy_copy__float32_float32
1972207236,2848,19711,103,1,1,128,1,1,16,0.000,0.000,,,,,NVIDIA A100-SXM4-40GB (0),1,,13,cupy_copy__complex64_complex64
1972211044,13952,19721,1434,1,1,128,1,1,16,0.000,0.000,,,,,NVIDIA A100-SXM4-40GB (0),1,,13,cupy_copy__complex64_complex64
1972375650,79327,19726,1,1,1,32,32,1,30,0.000,0.000,,,,,NVIDIA A100-SXM4-40GB (0),1,,13,"void convert_kernel<__half2, float2>(tensor_layout_any, T1 *, tensor_layout_any, const T2 *)"
1972485985,4736,19729,,,,,,,,,,0.061,12972.933,Pinned,Device,NVIDIA A100-SXM4-40GB (0),1,,13,[CUDA memcpy Host-to-Device]
1972498625,587865,19730,,,,,,,,,,456.520,776541.336,Device,,NVIDIA A100-SXM4-40GB (0),1,,13,[CUDA memset]
1973089754,38784,19735,,,,,,,,,,0.825,21279.844,Pinned,Device,NVIDIA A100-SXM4-40GB (0),1,,13,[CUDA memcpy Host-to-Device]
1973131802,7808,19736,,,,,,,,,,0.131,16786.784,Pinned,Device,NVIDIA A100-SXM4-40GB (0),1,,13,[CUDA memcpy Host-to-Device]
1973143674,7264,19737,69,4,1,48,1,1,76,0.002,0.000,,,,,NVIDIA A100-SXM4-40GB (0),1,,13,"void ch_est::windowedChEstPreNoDftSOfdmKernel<float, __half, float, (unsigned int)2, (unsigned int)1, (unsigned short)4>(ch_est::puschRxChEstStatDescr_t *, ch_est::puschRxChEstDynDescr_t *)"
1973152506,5855,19738,137,2,1,24,2,1,44,0.001,0.001,,,,,NVIDIA A100-SXM4-40GB (0),1,,13,"void ch_est::chEstFilterNoDftSOfdmDispatchKernel<float, __half, float, (unsigned int)2>(ch_est::puschRxChEstStatDescr_t *, ch_est::puschRxChEstDynDescr_t *)"
1973159481,4736,19739,137,2,1,24,2,1,44,0.001,0.001,,,,,NVIDIA A100-SXM4-40GB (0),1,,13,"void ch_est::chEstFilterNoDftSOfdmDispatchKernel<float, __half, float, (unsigned int)2>(ch_est::puschRxChEstStatDescr_t *, ch_est::puschRxChEstDynDescr_t *)"
1973165273,2336,19750,103,1,1,128,1,1,16,0.000,0.000,,,,,NVIDIA A100-SXM4-40GB (0),1,,13,cupy_copy__complex64_complex64
1973168633,15264,19760,1434,1,1,128,1,1,16,0.000,0.000,,,,,NVIDIA A100-SXM4-40GB (0),1,,13,cupy_copy__complex64_complex64
1973184921,2272,19767,103,1,1,128,1,1,16,0.000,0.000,,,,,NVIDIA A100-SXM4-40GB (0),1,,13,cupy_copy__complex64_complex64
1973188153,79231,19774,1,1,1,32,32,1,30,0.000,0.000,,,,,NVIDIA A100-SXM4-40GB (0),1,,13,"void convert_kernel<__half2, float2>(tensor_layout_any, T1 *, tensor_layout_any, const T2 *)"
1973428150,4544,19777,,,,,,,,,,0.061,13521.101,Pinned,Device,NVIDIA A100-SXM4-40GB (0),1,,13,[CUDA memcpy Host-to-Device]
1973438582,46560,19778,,,,,,,,,,35.801,768897.218,Device,,NVIDIA A100-SXM4-40GB (0),1,,13,[CUDA memset]
1973489110,1920,19780,,,,,,,,,,0.000,41.667,Pinned,Device,NVIDIA A100-SXM4-40GB (0),1,,13,[CUDA memcpy Host-to-Device]
1973493558,7808,19781,,,,,,,,,,0.131,16786.784,Pinned,Device,NVIDIA A100-SXM4-40GB (0),1,,13,[CUDA memcpy Host-to-Device]
1973506198,9279,19782,273,1,1,48,1,1,40,0.000,0.001,,,,,NVIDIA A100-SXM4-40GB (0),1,,13,"void pusch_noise_intf_est::noiseIntfEstNoDftSOfdmKernel<float, __half, float, float, (unsigned int)2, (unsigned int)1, (unsigned char)4, (unsigned char)4>(pusch_noise_intf_est::puschRxNoiseIntfEstDynDescr)"
1973516565,2784,19793,35,1,1,128,1,1,16,0.000,0.000,,,,,NVIDIA A100-SXM4-40GB (0),1,,13,cupy_copy__complex64_complex64
1973545397,1568,19802,1,1,1,1,1,1,18,0.000,0.000,,,,,NVIDIA A100-SXM4-40GB (0),1,,13,cupy_copy__float32_float32
1973580661,1888,19808,,,,,,,,,,0.000,2.119,Device,Pageable,NVIDIA A100-SXM4-40GB (0),1,,7,[CUDA memcpy Device-to-Host]
1973639668,15520,19819,1434,1,1,128,1,1,16,0.000,0.000,,,,,NVIDIA A100-SXM4-40GB (0),1,,13,cupy_copy__complex64_complex64
1973666644,2528,19826,103,1,1,128,1,1,16,0.000,0.000,,,,,NVIDIA A100-SXM4-40GB (0),1,,13,cupy_copy__complex64_complex64
1973687572,2111,19833,35,1,1,128,1,1,16,0.000,0.000,,,,,NVIDIA A100-SXM4-40GB (0),1,,13,cupy_copy__complex64_complex64
1973706227,1536,19840,1,1,1,1,1,1,18,0.000,0.000,,,,,NVIDIA A100-SXM4-40GB (0),1,,13,cupy_copy__float32_float32
1973969264,79487,19851,1,1,1,32,32,1,30,0.000,0.000,,,,,NVIDIA A100-SXM4-40GB (0),1,,13,"void convert_kernel<__half2, float2>(tensor_layout_any, T1 *, tensor_layout_any, const T2 *)"
1974080527,4768,19854,,,,,,,,,,0.061,12885.873,Pinned,Device,NVIDIA A100-SXM4-40GB (0),1,,13,[CUDA memcpy Host-to-Device]
1974096399,3392,19855,,,,,,,,,,1.547,455961.768,Device,,NVIDIA A100-SXM4-40GB (0),1,,13,[CUDA memset]
1974107471,2464,19860,,,,,,,,,,0.021,8545.451,Pinned,Device,NVIDIA A100-SXM4-40GB (0),1,,13,[CUDA memcpy Host-to-Device]
1974111695,8096,19861,,,,,,,,,,0.131,16189.620,Pinned,Device,NVIDIA A100-SXM4-40GB (0),1,,13,[CUDA memcpy Host-to-Device]
1974125391,6048,19862,273,1,1,8,4,1,39,0.002,0.000,,,,,NVIDIA A100-SXM4-40GB (0),1,,13,"void channel_eq::eqMmseCoefCompLowMimoKernel<float, float, float, (unsigned int)4, (unsigned int)1, (unsigned int)4>(const channel_eq::_puschRxChEqStatDescr *, channel_eq::_puschRxChEqCoefCompDynDescr)"
1974132431,5279,19863,273,1,1,12,11,1,40,0.002,0.000,,,,,NVIDIA A100-SXM4-40GB (0),1,,13,"void channel_eq::eqMmseSoftDemapKernel<float, __half, __half, float, (unsigned int)4, (unsigned short)16383>(channel_eq::_puschRxChEqStatDescr *, channel_eq::_puschRxChEqSoftDemapDynDescr)"
1974138670,280573,19864,1,1,1,32,32,1,30,0.000,0.000,,,,,NVIDIA A100-SXM4-40GB (0),1,,13,"void convert_kernel<float2, __half2>(tensor_layout_any, T1 *, tensor_layout_any, const T2 *)"
1974420395,12416,19876,2253,1,1,128,1,1,16,0.000,0.000,,,,,NVIDIA A100-SXM4-40GB (0),1,,13,cupy_copy__float16_float16
1974433835,2592,19885,282,1,1,128,1,1,16,0.000,0.000,,,,,NVIDIA A100-SXM4-40GB (0),1,,13,cupy_copy__complex64_complex64
1974437515,1888,19894,26,1,1,128,1,1,16,0.000,0.000,,,,,NVIDIA A100-SXM4-40GB (0),1,,13,cupy_copy__float32_float32
1974440459,2848,19903,103,1,1,128,1,1,16,0.000,0.000,,,,,NVIDIA A100-SXM4-40GB (0),1,,13,cupy_copy__complex64_complex64
1974444299,14080,19913,1434,1,1,128,1,1,16,0.000,0.000,,,,,NVIDIA A100-SXM4-40GB (0),1,,13,cupy_copy__complex64_complex64
1974495082,78432,19918,1,1,1,32,32,1,30,0.000,0.000,,,,,NVIDIA A100-SXM4-40GB (0),1,,13,"void convert_kernel<__half2, float2>(tensor_layout_any, T1 *, tensor_layout_any, const T2 *)"
1974601833,4800,19921,,,,,,,,,,0.061,12799.980,Pinned,Device,NVIDIA A100-SXM4-40GB (0),1,,13,[CUDA memcpy Host-to-Device]
1974613449,587769,19922,,,,,,,,,,456.520,776541.336,Device,,NVIDIA A100-SXM4-40GB (0),1,,13,[CUDA memset]
1975204290,36864,19927,,,,,,,,,,0.825,22388.281,Pinned,Device,NVIDIA A100-SXM4-40GB (0),1,,13,[CUDA memcpy Host-to-Device]
1975244162,7488,19928,,,,,,,,,,0.131,17504.272,Pinned,Device,NVIDIA A100-SXM4-40GB (0),1,,13,[CUDA memcpy Host-to-Device]
1975256162,7424,19929,69,4,1,48,1,1,76,0.002,0.000,,,,,NVIDIA A100-SXM4-40GB (0),1,,13,"void ch_est::windowedChEstPreNoDftSOfdmKernel<float, __half, float, (unsigned int)2, (unsigned int)1, (unsigned short)4>(ch_est::puschRxChEstStatDescr_t *, ch_est::puschRxChEstDynDescr_t *)"
1975265442,6080,19930,137,2,1,24,2,1,44,0.001,0.001,,,,,NVIDIA A100-SXM4-40GB (0),1,,13,"void ch_est::chEstFilterNoDftSOfdmDispatchKernel<float, __half, float, (unsigned int)2>(ch_est::puschRxChEstStatDescr_t *, ch_est::puschRxChEstDynDescr_t *)"
1975272738,4704,19931,137,2,1,24,2,1,44,0.001,0.001,,,,,NVIDIA A100-SXM4-40GB (0),1,,13,"void ch_est::chEstFilterNoDftSOfdmDispatchKernel<float, __half, float, (unsigned int)2>(ch_est::puschRxChEstStatDescr_t *, ch_est::puschRxChEstDynDescr_t *)"
1975278466,2336,19942,103,1,1,128,1,1,16,0.000,0.000,,,,,NVIDIA A100-SXM4-40GB (0),1,,13,cupy_copy__complex64_complex64
1975281826,15263,19952,1434,1,1,128,1,1,16,0.000,0.000,,,,,NVIDIA A100-SXM4-40GB (0),1,,13,cupy_copy__complex64_complex64
1975298113,2304,19959,103,1,1,128,1,1,16,0.000,0.000,,,,,NVIDIA A100-SXM4-40GB (0),1,,13,cupy_copy__complex64_complex64
1975301505,78783,19966,1,1,1,32,32,1,30,0.000,0.000,,,,,NVIDIA A100-SXM4-40GB (0),1,,13,"void convert_kernel<__half2, float2>(tensor_layout_any, T1 *, tensor_layout_any, const T2 *)"
1975407936,4768,19969,,,,,,,,,,0.061,12885.873,Pinned,Device,NVIDIA A100-SXM4-40GB (0),1,,13,[CUDA memcpy Host-to-Device]
1975420736,46336,19970,,,,,,,,,,35.801,772620.518,Device,,NVIDIA A100-SXM4-40GB (0),1,,13,[CUDA memset]
1975473567,2016,19972,,,,,,,,,,0.000,39.682,Pinned,Device,NVIDIA A100-SXM4-40GB (0),1,,13,[CUDA memcpy Host-to-Device]
1975477695,7680,19973,,,,,,,,,,0.131,17066.623,Pinned,Device,NVIDIA A100-SXM4-40GB (0),1,,13,[CUDA memcpy Host-to-Device]
1975490943,8864,19974,273,1,1,48,1,1,40,0.000,0.001,,,,,NVIDIA A100-SXM4-40GB (0),1,,13,"void pusch_noise_intf_est::noiseIntfEstNoDftSOfdmKernel<float, __half, float, float, (unsigned int)2, (unsigned int)1, (unsigned char)4, (unsigned char)4>(pusch_noise_intf_est::puschRxNoiseIntfEstDynDescr)"
1975500895,2624,19985,35,1,1,128,1,1,16,0.000,0.000,,,,,NVIDIA A100-SXM4-40GB (0),1,,13,cupy_copy__complex64_complex64
1975528287,1568,19994,1,1,1,1,1,1,18,0.000,0.000,,,,,NVIDIA A100-SXM4-40GB (0),1,,13,cupy_copy__float32_float32
1975564414,1696,20000,,,,,,,,,,0.000,2.358,Device,Pageable,NVIDIA A100-SXM4-40GB (0),1,,7,[CUDA memcpy Device-to-Host]
1975623550,14944,20011,1434,1,1,128,1,1,16,0.000,0.000,,,,,NVIDIA A100-SXM4-40GB (0),1,,13,cupy_copy__complex64_complex64
1975649981,2496,20018,103,1,1,128,1,1,16,0.000,0.000,,,,,NVIDIA A100-SXM4-40GB (0),1,,13,cupy_copy__complex64_complex64
1975670781,2144,20025,35,1,1,128,1,1,16,0.000,0.000,,,,,NVIDIA A100-SXM4-40GB (0),1,,13,cupy_copy__complex64_complex64
1975689277,1568,20032,1,1,1,1,1,1,18,0.000,0.000,,,,,NVIDIA A100-SXM4-40GB (0),1,,13,cupy_copy__float32_float32
1975823419,78944,20043,1,1,1,32,32,1,30,0.000,0.000,,,,,NVIDIA A100-SXM4-40GB (0),1,,13,"void convert_kernel<__half2, float2>(tensor_layout_any, T1 *, tensor_layout_any, const T2 *)"
1975930362,4608,20046,,,,,,,,,,0.061,13333.279,Pinned,Device,NVIDIA A100-SXM4-40GB (0),1,,13,[CUDA memcpy Host-to-Device]
1975948186,3328,20047,,,,,,,,,,1.547,464729.580,Device,,NVIDIA A100-SXM4-40GB (0),1,,13,[CUDA memset]
1975955290,3840,20052,,,,,,,,,,0.021,5483.319,Pinned,Device,NVIDIA A100-SXM4-40GB (0),1,,13,[CUDA memcpy Host-to-Device]
1975961242,7264,20053,,,,,,,,,,0.131,18044.027,Pinned,Device,NVIDIA A100-SXM4-40GB (0),1,,13,[CUDA memcpy Host-to-Device]
1975972698,6080,20054,273,1,1,8,4,1,39,0.002,0.000,,,,,NVIDIA A100-SXM4-40GB (0),1,,13,"void channel_eq::eqMmseCoefCompLowMimoKernel<float, float, float, (unsigned int)4, (unsigned int)1, (unsigned int)4>(const channel_eq::_puschRxChEqStatDescr *, channel_eq::_puschRxChEqCoefCompDynDescr)"
1975979866,5152,20055,273,1,1,12,11,1,40,0.002,0.000,,,,,NVIDIA A100-SXM4-40GB (0),1,,13,"void channel_eq::eqMmseSoftDemapKernel<float, __half, __half, float, (unsigned int)4, (unsigned short)16383>(channel_eq::_puschRxChEqStatDescr *, channel_eq::_puschRxChEqSoftDemapDynDescr)"
1975985946,281181,20056,1,1,1,32,32,1,30,0.000,0.000,,,,,NVIDIA A100-SXM4-40GB (0),1,,13,"void convert_kernel<float2, __half2>(tensor_layout_any, T1 *, tensor_layout_any, const T2 *)"
1976268182,12288,20068,2253,1,1,128,1,1,16,0.000,0.000,,,,,NVIDIA A100-SXM4-40GB (0),1,,13,cupy_copy__float16_float16
1976281558,2624,20077,282,1,1,128,1,1,16,0.000,0.000,,,,,NVIDIA A100-SXM4-40GB (0),1,,13,cupy_copy__complex64_complex64
1976285142,1856,20086,26,1,1,128,1,1,16,0.000,0.000,,,,,NVIDIA A100-SXM4-40GB (0),1,,13,cupy_copy__float32_float32
1976287958,2880,20095,103,1,1,128,1,1,16,0.000,0.000,,,,,NVIDIA A100-SXM4-40GB (0),1,,13,cupy_copy__complex64_complex64
1976291766,14080,20105,1434,1,1,128,1,1,16,0.000,0.000,,,,,NVIDIA A100-SXM4-40GB (0),1,,13,cupy_copy__complex64_complex64
1976331702,79455,20110,1,1,1,32,32,1,30,0.000,0.000,,,,,NVIDIA A100-SXM4-40GB (0),1,,13,"void convert_kernel<__half2, float2>(tensor_layout_any, T1 *, tensor_layout_any, const T2 *)"
1976439189,5024,20113,,,,,,,,,,0.061,12229.263,Pinned,Device,NVIDIA A100-SXM4-40GB (0),1,,13,[CUDA memcpy Host-to-Device]
1976450804,587482,20114,,,,,,,,,,456.520,776997.857,Device,,NVIDIA A100-SXM4-40GB (0),1,,13,[CUDA memset]
1977042350,36415,20119,,,,,,,,,,0.825,22664.772,Pinned,Device,NVIDIA A100-SXM4-40GB (0),1,,13,[CUDA memcpy Host-to-Device]
1977081709,7584,20120,,,,,,,,,,0.131,17282.630,Pinned,Device,NVIDIA A100-SXM4-40GB (0),1,,13,[CUDA memcpy Host-to-Device]
1977096269,7200,20121,69,4,1,48,1,1,76,0.002,0.000,,,,,NVIDIA A100-SXM4-40GB (0),1,,13,"void ch_est::windowedChEstPreNoDftSOfdmKernel<float, __half, float, (unsigned int)2, (unsigned int)1, (unsigned short)4>(ch_est::puschRxChEstStatDescr_t *, ch_est::puschRxChEstDynDescr_t *)"
1977105101,5696,20122,137,2,1,24,2,1,44,0.001,0.001,,,,,NVIDIA A100-SXM4-40GB (0),1,,13,"void ch_est::chEstFilterNoDftSOfdmDispatchKernel<float, __half, float, (unsigned int)2>(ch_est::puschRxChEstStatDescr_t *, ch_est::puschRxChEstDynDescr_t *)"
1977111821,4736,20123,137,2,1,24,2,1,44,0.001,0.001,,,,,NVIDIA A100-SXM4-40GB (0),1,,13,"void ch_est::chEstFilterNoDftSOfdmDispatchKernel<float, __half, float, (unsigned int)2>(ch_est::puschRxChEstStatDescr_t *, ch_est::puschRxChEstDynDescr_t *)"
1977117645,2304,20134,103,1,1,128,1,1,16,0.000,0.000,,,,,NVIDIA A100-SXM4-40GB (0),1,,13,cupy_copy__complex64_complex64
1977120909,15232,20144,1434,1,1,128,1,1,16,0.000,0.000,,,,,NVIDIA A100-SXM4-40GB (0),1,,13,cupy_copy__complex64_complex64
1977137197,2240,20151,103,1,1,128,1,1,16,0.000,0.000,,,,,NVIDIA A100-SXM4-40GB (0),1,,13,cupy_copy__complex64_complex64
1977140621,79103,20158,1,1,1,32,32,1,30,0.000,0.000,,,,,NVIDIA A100-SXM4-40GB (0),1,,13,"void convert_kernel<__half2, float2>(tensor_layout_any, T1 *, tensor_layout_any, const T2 *)"
1977381226,4384,20161,,,,,,,,,,0.061,14014.587,Pinned,Device,NVIDIA A100-SXM4-40GB (0),1,,13,[CUDA memcpy Host-to-Device]
1977393226,46559,20162,,,,,,,,,,35.801,768933.019,Device,,NVIDIA A100-SXM4-40GB (0),1,,13,[CUDA memset]
1977445801,1920,20164,,,,,,,,,,0.000,41.667,Pinned,Device,NVIDIA A100-SXM4-40GB (0),1,,13,[CUDA memcpy Host-to-Device]
1977450697,7168,20165,,,,,,,,,,0.131,18285.593,Pinned,Device,NVIDIA A100-SXM4-40GB (0),1,,13,[CUDA memcpy Host-to-Device]
1977467977,9600,20166,273,1,1,48,1,1,40,0.000,0.001,,,,,NVIDIA A100-SXM4-40GB (0),1,,13,"void pusch_noise_intf_est::noiseIntfEstNoDftSOfdmKernel<float, __half, float, float, (unsigned int)2, (unsigned int)1, (unsigned char)4, (unsigned char)4>(pusch_noise_intf_est::puschRxNoiseIntfEstDynDescr)"
1977478505,2656,20177,35,1,1,128,1,1,16,0.000,0.000,,,,,NVIDIA A100-SXM4-40GB (0),1,,13,cupy_copy__complex64_complex64
1977497257,1600,20186,1,1,1,1,1,1,18,0.000,0.000,,,,,NVIDIA A100-SXM4-40GB (0),1,,13,cupy_copy__float32_float32
1977532104,1696,20192,,,,,,,,,,0.000,2.358,Device,Pageable,NVIDIA A100-SXM4-40GB (0),1,,7,[CUDA memcpy Device-to-Host]
1977591528,15327,20203,1434,1,1,128,1,1,16,0.000,0.000,,,,,NVIDIA A100-SXM4-40GB (0),1,,13,cupy_copy__complex64_complex64
1977618375,2496,20210,103,1,1,128,1,1,16,0.000,0.000,,,,,NVIDIA A100-SXM4-40GB (0),1,,13,cupy_copy__complex64_complex64
1977638951,2112,20217,35,1,1,128,1,1,16,0.000,0.000,,,,,NVIDIA A100-SXM4-40GB (0),1,,13,cupy_copy__complex64_complex64
1977657415,1536,20224,1,1,1,1,1,1,18,0.000,0.000,,,,,NVIDIA A100-SXM4-40GB (0),1,,13,cupy_copy__float32_float32
1977919620,79391,20235,1,1,1,32,32,1,30,0.000,0.000,,,,,NVIDIA A100-SXM4-40GB (0),1,,13,"void convert_kernel<__half2, float2>(tensor_layout_any, T1 *, tensor_layout_any, const T2 *)"
1978031107,4480,20238,,,,,,,,,,0.061,13714.268,Pinned,Device,NVIDIA A100-SXM4-40GB (0),1,,13,[CUDA memcpy Host-to-Device]
1978046914,3360,20239,,,,,,,,,,1.547,460304.688,Device,,NVIDIA A100-SXM4-40GB (0),1,,13,[CUDA memset]
1978054082,4192,20244,,,,,,,,,,0.021,5022.888,Pinned,Device,NVIDIA A100-SXM4-40GB (0),1,,13,[CUDA memcpy Host-to-Device]
1978062114,7712,20245,,,,,,,,,,0.131,16995.844,Pinned,Device,NVIDIA A100-SXM4-40GB (0),1,,13,[CUDA memcpy Host-to-Device]
1978080322,6016,20246,273,1,1,8,4,1,39,0.002,0.000,,,,,NVIDIA A100-SXM4-40GB (0),1,,13,"void channel_eq::eqMmseCoefCompLowMimoKernel<float, float, float, (unsigned int)4, (unsigned int)1, (unsigned int)4>(const channel_eq::_puschRxChEqStatDescr *, channel_eq::_puschRxChEqCoefCompDynDescr)"
1978087586,5280,20247,273,1,1,12,11,1,40,0.002,0.000,,,,,NVIDIA A100-SXM4-40GB (0),1,,13,"void channel_eq::eqMmseSoftDemapKernel<float, __half, __half, float, (unsigned int)4, (unsigned short)16383>(channel_eq::_puschRxChEqStatDescr *, channel_eq::_puschRxChEqSoftDemapDynDescr)"
1978093794,281053,20248,1,1,1,32,32,1,30,0.000,0.000,,,,,NVIDIA A100-SXM4-40GB (0),1,,13,"void convert_kernel<float2, __half2>(tensor_layout_any, T1 *, tensor_layout_any, const T2 *)"
1978375967,12352,20260,2253,1,1,128,1,1,16,0.000,0.000,,,,,NVIDIA A100-SXM4-40GB (0),1,,13,cupy_copy__float16_float16
1978389375,2624,20269,282,1,1,128,1,1,16,0.000,0.000,,,,,NVIDIA A100-SXM4-40GB (0),1,,13,cupy_copy__complex64_complex64
1978392959,1888,20278,26,1,1,128,1,1,16,0.000,0.000,,,,,NVIDIA A100-SXM4-40GB (0),1,,13,cupy_copy__float32_float32
1978395903,2880,20287,103,1,1,128,1,1,16,0.000,0.000,,,,,NVIDIA A100-SXM4-40GB (0),1,,13,cupy_copy__complex64_complex64
1978399807,13759,20297,1434,1,1,128,1,1,16,0.000,0.000,,,,,NVIDIA A100-SXM4-40GB (0),1,,13,cupy_copy__complex64_complex64
1978449630,79551,20302,1,1,1,32,32,1,30,0.000,0.000,,,,,NVIDIA A100-SXM4-40GB (0),1,,13,"void convert_kernel<__half2, float2>(tensor_layout_any, T1 *, tensor_layout_any, const T2 *)"
1978688443,4416,20305,,,,,,,,,,0.061,13913.027,Pinned,Device,NVIDIA A100-SXM4-40GB (0),1,,13,[CUDA memcpy Host-to-Device]
1978697787,588410,20306,,,,,,,,,,456.520,775628.296,Device,,NVIDIA A100-SXM4-40GB (0),1,,13,[CUDA memset]
1979289973,36735,20311,,,,,,,,,,0.825,22466.689,Pinned,Device,NVIDIA A100-SXM4-40GB (0),1,,13,[CUDA memcpy Host-to-Device]
1979328884,7552,20312,,,,,,,,,,0.131,17355.899,Pinned,Device,NVIDIA A100-SXM4-40GB (0),1,,13,[CUDA memcpy Host-to-Device]
1979343924,8000,20313,69,4,1,48,1,1,76,0.002,0.000,,,,,NVIDIA A100-SXM4-40GB (0),1,,13,"void ch_est::windowedChEstPreNoDftSOfdmKernel<float, __half, float, (unsigned int)2, (unsigned int)1, (unsigned short)4>(ch_est::puschRxChEstStatDescr_t *, ch_est::puschRxChEstDynDescr_t *)"
1979353620,6048,20314,137,2,1,24,2,1,44,0.001,0.001,,,,,NVIDIA A100-SXM4-40GB (0),1,,13,"void ch_est::chEstFilterNoDftSOfdmDispatchKernel<float, __half, float, (unsigned int)2>(ch_est::puschRxChEstStatDescr_t *, ch_est::puschRxChEstDynDescr_t *)"
1979360628,4736,20315,137,2,1,24,2,1,44,0.001,0.001,,,,,NVIDIA A100-SXM4-40GB (0),1,,13,"void ch_est::chEstFilterNoDftSOfdmDispatchKernel<float, __half, float, (unsigned int)2>(ch_est::puschRxChEstStatDescr_t *, ch_est::puschRxChEstDynDescr_t *)"
1979366420,2400,20326,103,1,1,128,1,1,16,0.000,0.000,,,,,NVIDIA A100-SXM4-40GB (0),1,,13,cupy_copy__complex64_complex64
1979369812,15775,20336,1434,1,1,128,1,1,16,0.000,0.000,,,,,NVIDIA A100-SXM4-40GB (0),1,,13,cupy_copy__complex64_complex64
1979386771,2304,20343,103,1,1,128,1,1,16,0.000,0.000,,,,,NVIDIA A100-SXM4-40GB (0),1,,13,cupy_copy__complex64_complex64
1979390163,79615,20350,1,1,1,32,32,1,30,0.000,0.000,,,,,NVIDIA A100-SXM4-40GB (0),1,,13,"void convert_kernel<__half2, float2>(tensor_layout_any, T1 *, tensor_layout_any, const T2 *)"
1979501330,4448,20353,,,,,,,,,,0.061,13812.941,Pinned,Device,NVIDIA A100-SXM4-40GB (0),1,,13,[CUDA memcpy Host-to-Device]
1979514386,45983,20354,,,,,,,,,,35.801,778563.477,Device,,NVIDIA A100-SXM4-40GB (0),1,,13,[CUDA memset]
1979567825,1952,20356,,,,,,,,,,0.000,40.984,Pinned,Device,NVIDIA A100-SXM4-40GB (0),1,,13,[CUDA memcpy Host-to-Device]
1979572273,7520,20357,,,,,,,,,,0.131,17429.692,Pinned,Device,NVIDIA A100-SXM4-40GB (0),1,,13,[CUDA memcpy Host-to-Device]
1979589713,8512,20358,273,1,1,48,1,1,40,0.000,0.001,,,,,NVIDIA A100-SXM4-40GB (0),1,,13,"void pusch_noise_intf_est::noiseIntfEstNoDftSOfdmKernel<float, __half, float, float, (unsigned int)2, (unsigned int)1, (unsigned char)4, (unsigned char)4>(pusch_noise_intf_est::puschRxNoiseIntfEstDynDescr)"
1979599377,2688,20369,35,1,1,128,1,1,16,0.000,0.000,,,,,NVIDIA A100-SXM4-40GB (0),1,,13,cupy_copy__complex64_complex64
1979629905,1568,20378,1,1,1,1,1,1,18,0.000,0.000,,,,,NVIDIA A100-SXM4-40GB (0),1,,13,cupy_copy__float32_float32
1979665872,1664,20384,,,,,,,,,,0.000,2.404,Device,Pageable,NVIDIA A100-SXM4-40GB (0),1,,7,[CUDA memcpy Device-to-Host]
1979725328,15551,20395,1434,1,1,128,1,1,16,0.000,0.000,,,,,NVIDIA A100-SXM4-40GB (0),1,,13,cupy_copy__complex64_complex64
1979752719,2496,20402,103,1,1,128,1,1,16,0.000,0.000,,,,,NVIDIA A100-SXM4-40GB (0),1,,13,cupy_copy__complex64_complex64
1979774575,2144,20409,35,1,1,128,1,1,16,0.000,0.000,,,,,NVIDIA A100-SXM4-40GB (0),1,,13,cupy_copy__complex64_complex64
1979792527,1536,20416,1,1,1,1,1,1,18,0.000,0.000,,,,,NVIDIA A100-SXM4-40GB (0),1,,13,cupy_copy__float32_float32
1979931949,79647,20427,1,1,1,32,32,1,30,0.000,0.000,,,,,NVIDIA A100-SXM4-40GB (0),1,,13,"void convert_kernel<__half2, float2>(tensor_layout_any, T1 *, tensor_layout_any, const T2 *)"
1980039756,4416,20430,,,,,,,,,,0.061,13913.027,Pinned,Device,NVIDIA A100-SXM4-40GB (0),1,,13,[CUDA memcpy Host-to-Device]
1980054508,3296,20431,,,,,,,,,,1.547,469242.628,Device,,NVIDIA A100-SXM4-40GB (0),1,,13,[CUDA memset]
1980065292,4096,20436,,,,,,,,,,0.021,5140.612,Pinned,Device,NVIDIA A100-SXM4-40GB (0),1,,13,[CUDA memcpy Host-to-Device]
1980071852,7200,20437,,,,,,,,,,0.131,18204.328,Pinned,Device,NVIDIA A100-SXM4-40GB (0),1,,13,[CUDA memcpy Host-to-Device]
1980083564,6048,20438,273,1,1,8,4,1,39,0.002,0.000,,,,,NVIDIA A100-SXM4-40GB (0),1,,13,"void channel_eq::eqMmseCoefCompLowMimoKernel<float, float, float, (unsigned int)4, (unsigned int)1, (unsigned int)4>(const channel_eq::_puschRxChEqStatDescr *, channel_eq::_puschRxChEqCoefCompDynDescr)"
1980090700,5311,20439,273,1,1,12,11,1,40,0.002,0.000,,,,,NVIDIA A100-SXM4-40GB (0),1,,13,"void channel_eq::eqMmseSoftDemapKernel<float, __half, __half, float, (unsigned int)4, (unsigned short)16383>(channel_eq::_puschRxChEqStatDescr *, channel_eq::_puschRxChEqSoftDemapDynDescr)"
1980097195,280893,20440,1,1,1,32,32,1,30,0.000,0.000,,,,,NVIDIA A100-SXM4-40GB (0),1,,13,"void convert_kernel<float2, __half2>(tensor_layout_any, T1 *, tensor_layout_any, const T2 *)"
1980379048,12288,20452,2253,1,1,128,1,1,16,0.000,0.000,,,,,NVIDIA A100-SXM4-40GB (0),1,,13,cupy_copy__float16_float16
1980392552,2592,20461,282,1,1,128,1,1,16,0.000,0.000,,,,,NVIDIA A100-SXM4-40GB (0),1,,13,cupy_copy__complex64_complex64
1980396168,1824,20470,26,1,1,128,1,1,16,0.000,0.000,,,,,NVIDIA A100-SXM4-40GB (0),1,,13,cupy_copy__float32_float32
1980399080,2880,20479,103,1,1,128,1,1,16,0.000,0.000,,,,,NVIDIA A100-SXM4-40GB (0),1,,13,cupy_copy__complex64_complex64
1980402888,13984,20489,1434,1,1,128,1,1,16,0.000,0.000,,,,,NVIDIA A100-SXM4-40GB (0),1,,13,cupy_copy__complex64_complex64
1980443912,78911,20494,1,1,1,32,32,1,30,0.000,0.000,,,,,NVIDIA A100-SXM4-40GB (0),1,,13,"void convert_kernel<__half2, float2>(tensor_layout_any, T1 *, tensor_layout_any, const T2 *)"
1980550534,4992,20497,,,,,,,,,,0.061,12307.661,Pinned,Device,NVIDIA A100-SXM4-40GB (0),1,,13,[CUDA memcpy Host-to-Device]
1980561702,587546,20498,,,,,,,,,,456.520,776541.336,Device,,NVIDIA A100-SXM4-40GB (0),1,,13,[CUDA memset]
1981158079,36960,20503,,,,,,,,,,0.825,22330.507,Pinned,Device,NVIDIA A100-SXM4-40GB (0),1,,13,[CUDA memcpy Host-to-Device]
1981198047,7488,20504,,,,,,,,,,0.131,17504.272,Pinned,Device,NVIDIA A100-SXM4-40GB (0),1,,13,[CUDA memcpy Host-to-Device]
1981212703,7296,20505,69,4,1,48,1,1,76,0.002,0.000,,,,,NVIDIA A100-SXM4-40GB (0),1,,13,"void ch_est::windowedChEstPreNoDftSOfdmKernel<float, __half, float, (unsigned int)2, (unsigned int)1, (unsigned short)4>(ch_est::puschRxChEstStatDescr_t *, ch_est::puschRxChEstDynDescr_t *)"
1981221791,5760,20506,137,2,1,24,2,1,44,0.001,0.001,,,,,NVIDIA A100-SXM4-40GB (0),1,,13,"void ch_est::chEstFilterNoDftSOfdmDispatchKernel<float, __half, float, (unsigned int)2>(ch_est::puschRxChEstStatDescr_t *, ch_est::puschRxChEstDynDescr_t *)"
1981228767,4704,20507,137,2,1,24,2,1,44,0.001,0.001,,,,,NVIDIA A100-SXM4-40GB (0),1,,13,"void ch_est::chEstFilterNoDftSOfdmDispatchKernel<float, __half, float, (unsigned int)2>(ch_est::puschRxChEstStatDescr_t *, ch_est::puschRxChEstDynDescr_t *)"
1981234591,2336,20518,103,1,1,128,1,1,16,0.000,0.000,,,,,NVIDIA A100-SXM4-40GB (0),1,,13,cupy_copy__complex64_complex64
1981237951,15103,20528,1434,1,1,128,1,1,16,0.000,0.000,,,,,NVIDIA A100-SXM4-40GB (0),1,,13,cupy_copy__complex64_complex64
1981254014,2240,20535,103,1,1,128,1,1,16,0.000,0.000,,,,,NVIDIA A100-SXM4-40GB (0),1,,13,cupy_copy__complex64_complex64
1981257310,79167,20542,1,1,1,32,32,1,30,0.000,0.000,,,,,NVIDIA A100-SXM4-40GB (0),1,,13,"void convert_kernel<__half2, float2>(tensor_layout_any, T1 *, tensor_layout_any, const T2 *)"
1981364413,4896,20545,,,,,,,,,,0.061,12548.997,Pinned,Device,NVIDIA A100-SXM4-40GB (0),1,,13,[CUDA memcpy Host-to-Device]
1981377341,46016,20546,,,,,,,,,,35.801,777990.662,Device,,NVIDIA A100-SXM4-40GB (0),1,,13,[CUDA memset]
1981431196,1952,20548,,,,,,,,,,0.000,40.984,Pinned,Device,NVIDIA A100-SXM4-40GB (0),1,,13,[CUDA memcpy Host-to-Device]
1981435260,8032,20549,,,,,,,,,,0.131,16318.595,Pinned,Device,NVIDIA A100-SXM4-40GB (0),1,,13,[CUDA memcpy Host-to-Device]
1981451292,8672,20550,273,1,1,48,1,1,40,0.000,0.001,,,,,NVIDIA A100-SXM4-40GB (0),1,,13,"void pusch_noise_intf_est::noiseIntfEstNoDftSOfdmKernel<float, __half, float, float, (unsigned int)2, (unsigned int)1, (unsigned char)4, (unsigned char)4>(pusch_noise_intf_est::puschRxNoiseIntfEstDynDescr)"
1981460988,2784,20561,35,1,1,128,1,1,16,0.000,0.000,,,,,NVIDIA A100-SXM4-40GB (0),1,,13,cupy_copy__complex64_complex64
1981494172,1600,20570,1,1,1,1,1,1,18,0.000,0.000,,,,,NVIDIA A100-SXM4-40GB (0),1,,13,cupy_copy__float32_float32
1981528347,1600,20576,,,,,,,,,,0.000,2.500,Device,Pageable,NVIDIA A100-SXM4-40GB (0),1,,7,[CUDA memcpy Device-to-Host]
1981586331,15072,20587,1434,1,1,128,1,1,16,0.000,0.000,,,,,NVIDIA A100-SXM4-40GB (0),1,,13,cupy_copy__complex64_complex64
1981612890,2496,20594,103,1,1,128,1,1,16,0.000,0.000,,,,,NVIDIA A100-SXM4-40GB (0),1,,13,cupy_copy__complex64_complex64
1981634234,2112,20601,35,1,1,128,1,1,16,0.000,0.000,,,,,NVIDIA A100-SXM4-40GB (0),1,,13,cupy_copy__complex64_complex64
1981657370,1536,20608,1,1,1,1,1,1,18,0.000,0.000,,,,,NVIDIA A100-SXM4-40GB (0),1,,13,cupy_copy__float32_float32
1981792824,78879,20619,1,1,1,32,32,1,30,0.000,0.000,,,,,NVIDIA A100-SXM4-40GB (0),1,,13,"void convert_kernel<__half2, float2>(tensor_layout_any, T1 *, tensor_layout_any, const T2 *)"
1981900343,4416,20622,,,,,,,,,,0.061,13913.027,Pinned,Device,NVIDIA A100-SXM4-40GB (0),1,,13,[CUDA memcpy Host-to-Device]
1981915255,3424,20623,,,,,,,,,,1.547,451700.819,Device,,NVIDIA A100-SXM4-40GB (0),1,,13,[CUDA memset]
1981921943,3872,20628,,,,,,,,,,0.021,5438.007,Pinned,Device,NVIDIA A100-SXM4-40GB (0),1,,13,[CUDA memcpy Host-to-Device]
1981928855,8128,20629,,,,,,,,,,0.131,16125.919,Pinned,Device,NVIDIA A100-SXM4-40GB (0),1,,13,[CUDA memcpy Host-to-Device]
1981947959,6016,20630,273,1,1,8,4,1,39,0.002,0.000,,,,,NVIDIA A100-SXM4-40GB (0),1,,13,"void channel_eq::eqMmseCoefCompLowMimoKernel<float, float, float, (unsigned int)4, (unsigned int)1, (unsigned int)4>(const channel_eq::_puschRxChEqStatDescr *, channel_eq::_puschRxChEqCoefCompDynDescr)"
1981954935,5279,20631,273,1,1,12,11,1,40,0.002,0.000,,,,,NVIDIA A100-SXM4-40GB (0),1,,13,"void channel_eq::eqMmseSoftDemapKernel<float, __half, __half, float, (unsigned int)4, (unsigned short)16383>(channel_eq::_puschRxChEqStatDescr *, channel_eq::_puschRxChEqSoftDemapDynDescr)"
1981961174,280701,20632,1,1,1,32,32,1,30,0.000,0.000,,,,,NVIDIA A100-SXM4-40GB (0),1,,13,"void convert_kernel<float2, __half2>(tensor_layout_any, T1 *, tensor_layout_any, const T2 *)"
1982242835,12384,20644,2253,1,1,128,1,1,16,0.000,0.000,,,,,NVIDIA A100-SXM4-40GB (0),1,,13,cupy_copy__float16_float16
1982256275,2624,20653,282,1,1,128,1,1,16,0.000,0.000,,,,,NVIDIA A100-SXM4-40GB (0),1,,13,cupy_copy__complex64_complex64
1982259987,1888,20662,26,1,1,128,1,1,16,0.000,0.000,,,,,NVIDIA A100-SXM4-40GB (0),1,,13,cupy_copy__float32_float32
1982262931,2848,20671,103,1,1,128,1,1,16,0.000,0.000,,,,,NVIDIA A100-SXM4-40GB (0),1,,13,cupy_copy__complex64_complex64
1982266739,14080,20681,1434,1,1,128,1,1,16,0.000,0.000,,,,,NVIDIA A100-SXM4-40GB (0),1,,13,cupy_copy__complex64_complex64
1982298259,79103,20686,1,1,1,32,32,1,30,0.000,0.000,,,,,NVIDIA A100-SXM4-40GB (0),1,,13,"void convert_kernel<__half2, float2>(tensor_layout_any, T1 *, tensor_layout_any, const T2 *)"
1982541168,4384,20689,,,,,,,,,,0.061,14014.587,Pinned,Device,NVIDIA A100-SXM4-40GB (0),1,,13,[CUDA memcpy Host-to-Device]
1982549648,588665,20690,,,,,,,,,,456.520,775171.775,Device,,NVIDIA A100-SXM4-40GB (0),1,,13,[CUDA memset]
1983142217,35904,20695,,,,,,,,,,0.825,22987.481,Pinned,Device,NVIDIA A100-SXM4-40GB (0),1,,13,[CUDA memcpy Host-to-Device]
1983180585,7936,20696,,,,,,,,,,0.131,16516.121,Pinned,Device,NVIDIA A100-SXM4-40GB (0),1,,13,[CUDA memcpy Host-to-Device]
1983193097,7488,20697,69,4,1,48,1,1,76,0.002,0.000,,,,,NVIDIA A100-SXM4-40GB (0),1,,13,"void ch_est::windowedChEstPreNoDftSOfdmKernel<float, __half, float, (unsigned int)2, (unsigned int)1, (unsigned short)4>(ch_est::puschRxChEstStatDescr_t *, ch_est::puschRxChEstDynDescr_t *)"
1983202121,5855,20698,137,2,1,24,2,1,44,0.001,0.001,,,,,NVIDIA A100-SXM4-40GB (0),1,,13,"void ch_est::chEstFilterNoDftSOfdmDispatchKernel<float, __half, float, (unsigned int)2>(ch_est::puschRxChEstStatDescr_t *, ch_est::puschRxChEstDynDescr_t *)"
1983209096,4736,20699,137,2,1,24,2,1,44,0.001,0.001,,,,,NVIDIA A100-SXM4-40GB (0),1,,13,"void ch_est::chEstFilterNoDftSOfdmDispatchKernel<float, __half, float, (unsigned int)2>(ch_est::puschRxChEstStatDescr_t *, ch_est::puschRxChEstDynDescr_t *)"
1983214856,2720,20710,103,1,1,128,1,1,16,0.000,0.000,,,,,NVIDIA A100-SXM4-40GB (0),1,,13,cupy_copy__complex64_complex64
1983218632,15040,20720,1434,1,1,128,1,1,16,0.000,0.000,,,,,NVIDIA A100-SXM4-40GB (0),1,,13,cupy_copy__complex64_complex64
1983234728,2272,20727,103,1,1,128,1,1,16,0.000,0.000,,,,,NVIDIA A100-SXM4-40GB (0),1,,13,cupy_copy__complex64_complex64
1983238088,79103,20734,1,1,1,32,32,1,30,0.000,0.000,,,,,NVIDIA A100-SXM4-40GB (0),1,,13,"void convert_kernel<__half2, float2>(tensor_layout_any, T1 *, tensor_layout_any, const T2 *)"
1983348327,5184,20737,,,,,,,,,,0.061,11851.837,Pinned,Device,NVIDIA A100-SXM4-40GB (0),1,,13,[CUDA memcpy Host-to-Device]
1983361895,45855,20738,,,,,,,,,,35.801,780711.535,Device,,NVIDIA A100-SXM4-40GB (0),1,,13,[CUDA memset]
1983415622,2048,20740,,,,,,,,,,0.000,39.062,Pinned,Device,NVIDIA A100-SXM4-40GB (0),1,,13,[CUDA memcpy Host-to-Device]
1983420454,7552,20741,,,,,,,,,,0.131,17355.899,Pinned,Device,NVIDIA A100-SXM4-40GB (0),1,,13,[CUDA memcpy Host-to-Device]
1983438374,8800,20742,273,1,1,48,1,1,40,0.000,0.001,,,,,NVIDIA A100-SXM4-40GB (0),1,,13,"void pusch_noise_intf_est::noiseIntfEstNoDftSOfdmKernel<float, __half, float, float, (unsigned int)2, (unsigned int)1, (unsigned char)4, (unsigned char)4>(pusch_noise_intf_est::puschRxNoiseIntfEstDynDescr)"
1983448166,2656,20753,35,1,1,128,1,1,16,0.000,0.000,,,,,NVIDIA A100-SXM4-40GB (0),1,,13,cupy_copy__complex64_complex64
1983477605,1568,20762,1,1,1,1,1,1,18,0.000,0.000,,,,,NVIDIA A100-SXM4-40GB (0),1,,13,cupy_copy__float32_float32
1983514021,1792,20768,,,,,,,,,,0.000,2.232,Device,Pageable,NVIDIA A100-SXM4-40GB (0),1,,7,[CUDA memcpy Device-to-Host]
1983572964,15296,20779,1434,1,1,128,1,1,16,0.000,0.000,,,,,NVIDIA A100-SXM4-40GB (0),1,,13,cupy_copy__complex64_complex64
1983599908,2496,20786,103,1,1,128,1,1,16,0.000,0.000,,,,,NVIDIA A100-SXM4-40GB (0),1,,13,cupy_copy__complex64_complex64
1983624836,2144,20793,35,1,1,128,1,1,16,0.000,0.000,,,,,NVIDIA A100-SXM4-40GB (0),1,,13,cupy_copy__complex64_complex64
1983643684,1536,20800,1,1,1,1,1,1,18,0.000,0.000,,,,,NVIDIA A100-SXM4-40GB (0),1,,13,cupy_copy__float32_float32
1983780002,79231,20811,1,1,1,32,32,1,30,0.000,0.000,,,,,NVIDIA A100-SXM4-40GB (0),1,,13,"void convert_kernel<__half2, float2>(tensor_layout_any, T1 *, tensor_layout_any, const T2 *)"
1984019039,4512,20814,,,,,,,,,,0.061,13617.009,Pinned,Device,NVIDIA A100-SXM4-40GB (0),1,,13,[CUDA memcpy Host-to-Device]
1984031935,3296,20815,,,,,,,,,,1.547,469242.628,Device,,NVIDIA A100-SXM4-40GB (0),1,,13,[CUDA memset]
1984043359,3872,20820,,,,,,,,,,0.021,5438.007,Pinned,Device,NVIDIA A100-SXM4-40GB (0),1,,13,[CUDA memcpy Host-to-Device]
1984050207,7168,20821,,,,,,,,,,0.131,18285.593,Pinned,Device,NVIDIA A100-SXM4-40GB (0),1,,13,[CUDA memcpy Host-to-Device]
1984067615,6080,20822,273,1,1,8,4,1,39,0.002,0.000,,,,,NVIDIA A100-SXM4-40GB (0),1,,13,"void channel_eq::eqMmseCoefCompLowMimoKernel<float, float, float, (unsigned int)4, (unsigned int)1, (unsigned int)4>(const channel_eq::_puschRxChEqStatDescr *, channel_eq::_puschRxChEqCoefCompDynDescr)"
1984074751,5216,20823,273,1,1,12,11,1,40,0.002,0.000,,,,,NVIDIA A100-SXM4-40GB (0),1,,13,"void channel_eq::eqMmseSoftDemapKernel<float, __half, __half, float, (unsigned int)4, (unsigned short)16383>(channel_eq::_puschRxChEqStatDescr *, channel_eq::_puschRxChEqSoftDemapDynDescr)"
1984081183,280956,20824,1,1,1,32,32,1,30,0.000,0.000,,,,,NVIDIA A100-SXM4-40GB (0),1,,13,"void convert_kernel<float2, __half2>(tensor_layout_any, T1 *, tensor_layout_any, const T2 *)"
1984363099,12320,20836,2253,1,1,128,1,1,16,0.000,0.000,,,,,NVIDIA A100-SXM4-40GB (0),1,,13,cupy_copy__float16_float16
1984376507,2624,20845,282,1,1,128,1,1,16,0.000,0.000,,,,,NVIDIA A100-SXM4-40GB (0),1,,13,cupy_copy__complex64_complex64
1984380123,1856,20854,26,1,1,128,1,1,16,0.000,0.000,,,,,NVIDIA A100-SXM4-40GB (0),1,,13,cupy_copy__float32_float32
1984382939,2848,20863,103,1,1,128,1,1,16,0.000,0.000,,,,,NVIDIA A100-SXM4-40GB (0),1,,13,cupy_copy__complex64_complex64
1984386747,13984,20873,1434,1,1,128,1,1,16,0.000,0.000,,,,,NVIDIA A100-SXM4-40GB (0),1,,13,cupy_copy__complex64_complex64
1984535002,79455,20878,1,1,1,32,32,1,30,0.000,0.000,,,,,NVIDIA A100-SXM4-40GB (0),1,,13,"void convert_kernel<__half2, float2>(tensor_layout_any, T1 *, tensor_layout_any, const T2 *)"
1984646008,4704,20881,,,,,,,,,,0.061,13061.222,Pinned,Device,NVIDIA A100-SXM4-40GB (0),1,,13,[CUDA memcpy Host-to-Device]
1984658424,587834,20882,,,,,,,,,,456.520,776541.336,Device,,NVIDIA A100-SXM4-40GB (0),1,,13,[CUDA memset]
1985252689,36480,20887,,,,,,,,,,0.825,22624.330,Pinned,Device,NVIDIA A100-SXM4-40GB (0),1,,13,[CUDA memcpy Host-to-Device]
1985291313,7904,20888,,,,,,,,,,0.131,16582.967,Pinned,Device,NVIDIA A100-SXM4-40GB (0),1,,13,[CUDA memcpy Host-to-Device]
1985309681,7296,20889,69,4,1,48,1,1,76,0.002,0.000,,,,,NVIDIA A100-SXM4-40GB (0),1,,13,"void ch_est::windowedChEstPreNoDftSOfdmKernel<float, __half, float, (unsigned int)2, (unsigned int)1, (unsigned short)4>(ch_est::puschRxChEstStatDescr_t *, ch_est::puschRxChEstDynDescr_t *)"
1985318705,5888,20890,137,2,1,24,2,1,44,0.001,0.001,,,,,NVIDIA A100-SXM4-40GB (0),1,,13,"void ch_est::chEstFilterNoDftSOfdmDispatchKernel<float, __half, float, (unsigned int)2>(ch_est::puschRxChEstStatDescr_t *, ch_est::puschRxChEstDynDescr_t *)"
1985325521,4704,20891,137,2,1,24,2,1,44,0.001,0.001,,,,,NVIDIA A100-SXM4-40GB (0),1,,13,"void ch_est::chEstFilterNoDftSOfdmDispatchKernel<float, __half, float, (unsigned int)2>(ch_est::puschRxChEstStatDescr_t *, ch_est::puschRxChEstDynDescr_t *)"
1985331345,2336,20902,103,1,1,128,1,1,16,0.000,0.000,,,,,NVIDIA A100-SXM4-40GB (0),1,,13,cupy_copy__complex64_complex64
1985334609,15391,20912,1434,1,1,128,1,1,16,0.000,0.000,,,,,NVIDIA A100-SXM4-40GB (0),1,,13,cupy_copy__complex64_complex64
1985350960,2240,20919,103,1,1,128,1,1,16,0.000,0.000,,,,,NVIDIA A100-SXM4-40GB (0),1,,13,cupy_copy__complex64_complex64
1985354416,79199,20926,1,1,1,32,32,1,30,0.000,0.000,,,,,NVIDIA A100-SXM4-40GB (0),1,,13,"void convert_kernel<__half2, float2>(tensor_layout_any, T1 *, tensor_layout_any, const T2 *)"
1985462543,4480,20929,,,,,,,,,,0.061,13714.268,Pinned,Device,NVIDIA A100-SXM4-40GB (0),1,,13,[CUDA memcpy Host-to-Device]
1985474991,46143,20930,,,,,,,,,,35.801,775842.604,Device,,NVIDIA A100-SXM4-40GB (0),1,,13,[CUDA memset]
1985528110,1952,20932,,,,,,,,,,0.000,40.984,Pinned,Device,NVIDIA A100-SXM4-40GB (0),1,,13,[CUDA memcpy Host-to-Device]
1985532174,7232,20933,,,,,,,,,,0.131,18123.850,Pinned,Device,NVIDIA A100-SXM4-40GB (0),1,,13,[CUDA memcpy Host-to-Device]
1985543182,8768,20934,273,1,1,48,1,1,40,0.000,0.001,,,,,NVIDIA A100-SXM4-40GB (0),1,,13,"void pusch_noise_intf_est::noiseIntfEstNoDftSOfdmKernel<float, __half, float, float, (unsigned int)2, (unsigned int)1, (unsigned char)4, (unsigned char)4>(pusch_noise_intf_est::puschRxNoiseIntfEstDynDescr)"
1985552974,2624,20945,35,1,1,128,1,1,16,0.000,0.000,,,,,NVIDIA A100-SXM4-40GB (0),1,,13,cupy_copy__complex64_complex64
1985586318,1568,20954,1,1,1,1,1,1,18,0.000,0.000,,,,,NVIDIA A100-SXM4-40GB (0),1,,13,cupy_copy__float32_float32
1985621581,1696,20960,,,,,,,,,,0.000,2.358,Device,Pageable,NVIDIA A100-SXM4-40GB (0),1,,7,[CUDA memcpy Device-to-Host]
1985679981,15391,20971,1434,1,1,128,1,1,16,0.000,0.000,,,,,NVIDIA A100-SXM4-40GB (0),1,,13,cupy_copy__complex64_complex64
1985711308,2496,20978,103,1,1,128,1,1,16,0.000,0.000,,,,,NVIDIA A100-SXM4-40GB (0),1,,13,cupy_copy__complex64_complex64
1985732492,2080,20985,35,1,1,128,1,1,16,0.000,0.000,,,,,NVIDIA A100-SXM4-40GB (0),1,,13,cupy_copy__complex64_complex64
1985751468,1568,20992,1,1,1,1,1,1,18,0.000,0.000,,,,,NVIDIA A100-SXM4-40GB (0),1,,13,cupy_copy__float32_float32
1985887306,78687,21003,1,1,1,32,32,1,30,0.000,0.000,,,,,NVIDIA A100-SXM4-40GB (0),1,,13,"void convert_kernel<__half2, float2>(tensor_layout_any, T1 *, tensor_layout_any, const T2 *)"
1985994473,4672,21006,,,,,,,,,,0.061,13150.679,Pinned,Device,NVIDIA A100-SXM4-40GB (0),1,,13,[CUDA memcpy Host-to-Device]
1986009385,3360,21007,,,,,,,,,,1.547,460304.688,Device,,NVIDIA A100-SXM4-40GB (0),1,,13,[CUDA memset]
1986016553,3872,21012,,,,,,,,,,0.021,5438.007,Pinned,Device,NVIDIA A100-SXM4-40GB (0),1,,13,[CUDA memcpy Host-to-Device]
1986022889,7424,21013,,,,,,,,,,0.131,17655.136,Pinned,Device,NVIDIA A100-SXM4-40GB (0),1,,13,[CUDA memcpy Host-to-Device]
1986034441,5984,21014,273,1,1,8,4,1,39,0.002,0.000,,,,,NVIDIA A100-SXM4-40GB (0),1,,13,"void channel_eq::eqMmseCoefCompLowMimoKernel<float, float, float, (unsigned int)4, (unsigned int)1, (unsigned int)4>(const channel_eq::_puschRxChEqStatDescr *, channel_eq::_puschRxChEqCoefCompDynDescr)"
1986041641,5216,21015,273,1,1,12,11,1,40,0.002,0.000,,,,,NVIDIA A100-SXM4-40GB (0),1,,13,"void channel_eq::eqMmseSoftDemapKernel<float, __half, __half, float, (unsigned int)4, (unsigned short)16383>(channel_eq::_puschRxChEqStatDescr *, channel_eq::_puschRxChEqSoftDemapDynDescr)"
1986047880,280765,21016,1,1,1,32,32,1,30,0.000,0.000,,,,,NVIDIA A100-SXM4-40GB (0),1,,13,"void convert_kernel<float2, __half2>(tensor_layout_any, T1 *, tensor_layout_any, const T2 *)"
1986329797,12416,21028,2253,1,1,128,1,1,16,0.000,0.000,,,,,NVIDIA A100-SXM4-40GB (0),1,,13,cupy_copy__float16_float16
1986343237,2592,21037,282,1,1,128,1,1,16,0.000,0.000,,,,,NVIDIA A100-SXM4-40GB (0),1,,13,cupy_copy__complex64_complex64
1986346821,1888,21046,26,1,1,128,1,1,16,0.000,0.000,,,,,NVIDIA A100-SXM4-40GB (0),1,,13,cupy_copy__float32_float32
1986349765,2848,21055,103,1,1,128,1,1,16,0.000,0.000,,,,,NVIDIA A100-SXM4-40GB (0),1,,13,cupy_copy__complex64_complex64
1986353669,13888,21065,1434,1,1,128,1,1,16,0.000,0.000,,,,,NVIDIA A100-SXM4-40GB (0),1,,13,cupy_copy__complex64_complex64
1986394725,78591,21070,1,1,1,32,32,1,30,0.000,0.000,,,,,NVIDIA A100-SXM4-40GB (0),1,,13,"void convert_kernel<__half2, float2>(tensor_layout_any, T1 *, tensor_layout_any, const T2 *)"
1986503523,4416,21073,,,,,,,,,,0.061,13913.027,Pinned,Device,NVIDIA A100-SXM4-40GB (0),1,,13,[CUDA memcpy Host-to-Device]
1986515395,587802,21074,,,,,,,,,,456.520,776541.336,Device,,NVIDIA A100-SXM4-40GB (0),1,,13,[CUDA memset]
1987105053,36351,21079,,,,,,,,,,0.825,22704.388,Pinned,Device,NVIDIA A100-SXM4-40GB (0),1,,13,[CUDA memcpy Host-to-Device]
1987143516,7520,21080,,,,,,,,,,0.131,17429.692,Pinned,Device,NVIDIA A100-SXM4-40GB (0),1,,13,[CUDA memcpy Host-to-Device]
1987159004,7296,21081,69,4,1,48,1,1,76,0.002,0.000,,,,,NVIDIA A100-SXM4-40GB (0),1,,13,"void ch_est::windowedChEstPreNoDftSOfdmKernel<float, __half, float, (unsigned int)2, (unsigned int)1, (unsigned short)4>(ch_est::puschRxChEstStatDescr_t *, ch_est::puschRxChEstDynDescr_t *)"
1987167900,5568,21082,137,2,1,24,2,1,44,0.001,0.001,,,,,NVIDIA A100-SXM4-40GB (0),1,,13,"void ch_est::chEstFilterNoDftSOfdmDispatchKernel<float, __half, float, (unsigned int)2>(ch_est::puschRxChEstStatDescr_t *, ch_est::puschRxChEstDynDescr_t *)"
1987174684,4736,21083,137,2,1,24,2,1,44,0.001,0.001,,,,,NVIDIA A100-SXM4-40GB (0),1,,13,"void ch_est::chEstFilterNoDftSOfdmDispatchKernel<float, __half, float, (unsigned int)2>(ch_est::puschRxChEstStatDescr_t *, ch_est::puschRxChEstDynDescr_t *)"
1987180508,2336,21094,103,1,1,128,1,1,16,0.000,0.000,,,,,NVIDIA A100-SXM4-40GB (0),1,,13,cupy_copy__complex64_complex64
1987183836,15296,21104,1434,1,1,128,1,1,16,0.000,0.000,,,,,NVIDIA A100-SXM4-40GB (0),1,,13,cupy_copy__complex64_complex64
1987200092,2272,21111,103,1,1,128,1,1,16,0.000,0.000,,,,,NVIDIA A100-SXM4-40GB (0),1,,13,cupy_copy__complex64_complex64
1987203547,79168,21118,1,1,1,32,32,1,30,0.000,0.000,,,,,NVIDIA A100-SXM4-40GB (0),1,,13,"void convert_kernel<__half2, float2>(tensor_layout_any, T1 *, tensor_layout_any, const T2 *)"
1987319482,4448,21121,,,,,,,,,,0.061,13812.941,Pinned,Device,NVIDIA A100-SXM4-40GB (0),1,,13,[CUDA memcpy Host-to-Device]
1987332858,45856,21122,,,,,,,,,,35.801,780711.535,Device,,NVIDIA A100-SXM4-40GB (0),1,,13,[CUDA memset]
1987384633,2400,21124,,,,,,,,,,0.000,33.333,Pinned,Device,NVIDIA A100-SXM4-40GB (0),1,,13,[CUDA memcpy Host-to-Device]
1987389145,7904,21125,,,,,,,,,,0.131,16582.967,Pinned,Device,NVIDIA A100-SXM4-40GB (0),1,,13,[CUDA memcpy Host-to-Device]
1987401689,8832,21126,273,1,1,48,1,1,40,0.000,0.001,,,,,NVIDIA A100-SXM4-40GB (0),1,,13,"void pusch_noise_intf_est::noiseIntfEstNoDftSOfdmKernel<float, __half, float, float, (unsigned int)2, (unsigned int)1, (unsigned char)4, (unsigned char)4>(pusch_noise_intf_est::puschRxNoiseIntfEstDynDescr)"
1987420473,2656,21137,35,1,1,128,1,1,16,0.000,0.000,,,,,NVIDIA A100-SXM4-40GB (0),1,,13,cupy_copy__complex64_complex64
1987459737,1568,21146,1,1,1,1,1,1,18,0.000,0.000,,,,,NVIDIA A100-SXM4-40GB (0),1,,13,cupy_copy__float32_float32
1987495960,1600,21152,,,,,,,,,,0.000,2.500,Device,Pageable,NVIDIA A100-SXM4-40GB (0),1,,7,[CUDA memcpy Device-to-Host]
1987559351,15296,21163,1434,1,1,128,1,1,16,0.000,0.000,,,,,NVIDIA A100-SXM4-40GB (0),1,,13,cupy_copy__complex64_complex64
1987586871,2496,21170,103,1,1,128,1,1,16,0.000,0.000,,,,,NVIDIA A100-SXM4-40GB (0),1,,13,cupy_copy__complex64_complex64
1987609143,2144,21177,35,1,1,128,1,1,16,0.000,0.000,,,,,NVIDIA A100-SXM4-40GB (0),1,,13,cupy_copy__complex64_complex64
1987627543,1536,21184,1,1,1,1,1,1,18,0.000,0.000,,,,,NVIDIA A100-SXM4-40GB (0),1,,13,cupy_copy__float32_float32
1987779637,78463,21195,1,1,1,32,32,1,30,0.000,0.000,,,,,NVIDIA A100-SXM4-40GB (0),1,,13,"void convert_kernel<__half2, float2>(tensor_layout_any, T1 *, tensor_layout_any, const T2 *)"
1988023986,4544,21198,,,,,,,,,,0.061,13521.101,Pinned,Device,NVIDIA A100-SXM4-40GB (0),1,,13,[CUDA memcpy Host-to-Device]
1988035890,3296,21199,,,,,,,,,,1.547,469242.628,Device,,NVIDIA A100-SXM4-40GB (0),1,,13,[CUDA memset]
1988047154,4000,21204,,,,,,,,,,0.021,5264.000,Pinned,Device,NVIDIA A100-SXM4-40GB (0),1,,13,[CUDA memcpy Host-to-Device]
1988053298,7904,21205,,,,,,,,,,0.131,16582.967,Pinned,Device,NVIDIA A100-SXM4-40GB (0),1,,13,[CUDA memcpy Host-to-Device]
1988065938,6080,21206,273,1,1,8,4,1,39,0.002,0.000,,,,,NVIDIA A100-SXM4-40GB (0),1,,13,"void channel_eq::eqMmseCoefCompLowMimoKernel<float, float, float, (unsigned int)4, (unsigned int)1, (unsigned int)4>(const channel_eq::_puschRxChEqStatDescr *, channel_eq::_puschRxChEqCoefCompDynDescr)"
1988073074,5120,21207,273,1,1,12,11,1,40,0.002,0.000,,,,,NVIDIA A100-SXM4-40GB (0),1,,13,"void channel_eq::eqMmseSoftDemapKernel<float, __half, __half, float, (unsigned int)4, (unsigned short)16383>(channel_eq::_puschRxChEqStatDescr *, channel_eq::_puschRxChEqSoftDemapDynDescr)"
1988079442,281116,21208,1,1,1,32,32,1,30,0.000,0.000,,,,,NVIDIA A100-SXM4-40GB (0),1,,13,"void convert_kernel<float2, __half2>(tensor_layout_any, T1 *, tensor_layout_any, const T2 *)"
1988361550,12416,21220,2253,1,1,128,1,1,16,0.000,0.000,,,,,NVIDIA A100-SXM4-40GB (0),1,,13,cupy_copy__float16_float16
1988374958,2624,21229,282,1,1,128,1,1,16,0.000,0.000,,,,,NVIDIA A100-SXM4-40GB (0),1,,13,cupy_copy__complex64_complex64
1988378574,1824,21238,26,1,1,128,1,1,16,0.000,0.000,,,,,NVIDIA A100-SXM4-40GB (0),1,,13,cupy_copy__float32_float32
1988381486,2880,21247,103,1,1,128,1,1,16,0.000,0.000,,,,,NVIDIA A100-SXM4-40GB (0),1,,13,cupy_copy__complex64_complex64
1988385326,13792,21257,1434,1,1,128,1,1,16,0.000,0.000,,,,,NVIDIA A100-SXM4-40GB (0),1,,13,cupy_copy__complex64_complex64
1988543980,79872,21262,1,1,1,32,32,1,30,0.000,0.000,,,,,NVIDIA A100-SXM4-40GB (0),1,,13,"void convert_kernel<__half2, float2>(tensor_layout_any, T1 *, tensor_layout_any, const T2 *)"
1988655691,4640,21265,,,,,,,,,,0.061,13241.364,Pinned,Device,NVIDIA A100-SXM4-40GB (0),1,,13,[CUDA memcpy Host-to-Device]
1988667947,587705,21266,,,,,,,,,,456.520,776541.336,Device,,NVIDIA A100-SXM4-40GB (0),1,,13,[CUDA memset]
1989260580,36160,21271,,,,,,,,,,0.825,22824.063,Pinned,Device,NVIDIA A100-SXM4-40GB (0),1,,13,[CUDA memcpy Host-to-Device]
1989299204,7808,21272,,,,,,,,,,0.131,16786.784,Pinned,Device,NVIDIA A100-SXM4-40GB (0),1,,13,[CUDA memcpy Host-to-Device]
1989313508,7104,21273,69,4,1,48,1,1,76,0.002,0.000,,,,,NVIDIA A100-SXM4-40GB (0),1,,13,"void ch_est::windowedChEstPreNoDftSOfdmKernel<float, __half, float, (unsigned int)2, (unsigned int)1, (unsigned short)4>(ch_est::puschRxChEstStatDescr_t *, ch_est::puschRxChEstDynDescr_t *)"
1989322436,5632,21274,137,2,1,24,2,1,44,0.001,0.001,,,,,NVIDIA A100-SXM4-40GB (0),1,,13,"void ch_est::chEstFilterNoDftSOfdmDispatchKernel<float, __half, float, (unsigned int)2>(ch_est::puschRxChEstStatDescr_t *, ch_est::puschRxChEstDynDescr_t *)"
1989329188,4704,21275,137,2,1,24,2,1,44,0.001,0.001,,,,,NVIDIA A100-SXM4-40GB (0),1,,13,"void ch_est::chEstFilterNoDftSOfdmDispatchKernel<float, __half, float, (unsigned int)2>(ch_est::puschRxChEstStatDescr_t *, ch_est::puschRxChEstDynDescr_t *)"
1989334980,2335,21286,103,1,1,128,1,1,16,0.000,0.000,,,,,NVIDIA A100-SXM4-40GB (0),1,,13,cupy_copy__complex64_complex64
1989338307,15360,21296,1434,1,1,128,1,1,16,0.000,0.000,,,,,NVIDIA A100-SXM4-40GB (0),1,,13,cupy_copy__complex64_complex64
1989354659,2208,21303,103,1,1,128,1,1,16,0.000,0.000,,,,,NVIDIA A100-SXM4-40GB (0),1,,13,cupy_copy__complex64_complex64
1989357923,79391,21310,1,1,1,32,32,1,30,0.000,0.000,,,,,NVIDIA A100-SXM4-40GB (0),1,,13,"void convert_kernel<__half2, float2>(tensor_layout_any, T1 *, tensor_layout_any, const T2 *)"
1989597441,4416,21313,,,,,,,,,,0.061,13913.027,Pinned,Device,NVIDIA A100-SXM4-40GB (0),1,,13,[CUDA memcpy Host-to-Device]
1989612480,46688,21314,,,,,,,,,,35.801,766784.961,Device,,NVIDIA A100-SXM4-40GB (0),1,,13,[CUDA memset]
1989661952,1952,21316,,,,,,,,,,0.000,40.984,Pinned,Device,NVIDIA A100-SXM4-40GB (0),1,,13,[CUDA memcpy Host-to-Device]
1989666400,7232,21317,,,,,,,,,,0.131,18123.850,Pinned,Device,NVIDIA A100-SXM4-40GB (0),1,,13,[CUDA memcpy Host-to-Device]
1989678048,9312,21318,273,1,1,48,1,1,40,0.000,0.001,,,,,NVIDIA A100-SXM4-40GB (0),1,,13,"void pusch_noise_intf_est::noiseIntfEstNoDftSOfdmKernel<float, __half, float, float, (unsigned int)2, (unsigned int)1, (unsigned char)4, (unsigned char)4>(pusch_noise_intf_est::puschRxNoiseIntfEstDynDescr)"
1989688352,2592,21329,35,1,1,128,1,1,16,0.000,0.000,,,,,NVIDIA A100-SXM4-40GB (0),1,,13,cupy_copy__complex64_complex64
1989707967,1568,21338,1,1,1,1,1,1,18,0.000,0.000,,,,,NVIDIA A100-SXM4-40GB (0),1,,13,cupy_copy__float32_float32
1989745887,2080,21344,,,,,,,,,,0.000,1.923,Device,Pageable,NVIDIA A100-SXM4-40GB (0),1,,7,[CUDA memcpy Device-to-Host]
1989806174,15232,21355,1434,1,1,128,1,1,16,0.000,0.000,,,,,NVIDIA A100-SXM4-40GB (0),1,,13,cupy_copy__complex64_complex64
1989833342,2496,21362,103,1,1,128,1,1,16,0.000,0.000,,,,,NVIDIA A100-SXM4-40GB (0),1,,13,cupy_copy__complex64_complex64
1989854558,2080,21369,35,1,1,128,1,1,16,0.000,0.000,,,,,NVIDIA A100-SXM4-40GB (0),1,,13,cupy_copy__complex64_complex64
1989873565,1536,21376,1,1,1,1,1,1,18,0.000,0.000,,,,,NVIDIA A100-SXM4-40GB (0),1,,13,cupy_copy__float32_float32
1990137786,79904,21387,1,1,1,32,32,1,30,0.000,0.000,,,,,NVIDIA A100-SXM4-40GB (0),1,,13,"void convert_kernel<__half2, float2>(tensor_layout_any, T1 *, tensor_layout_any, const T2 *)"
1990248825,5440,21390,,,,,,,,,,0.061,11294.085,Pinned,Device,NVIDIA A100-SXM4-40GB (0),1,,13,[CUDA memcpy Host-to-Device]
1990264665,3392,21391,,,,,,,,,,1.547,455961.768,Device,,NVIDIA A100-SXM4-40GB (0),1,,13,[CUDA memset]
1990271673,3872,21396,,,,,,,,,,0.021,5438.007,Pinned,Device,NVIDIA A100-SXM4-40GB (0),1,,13,[CUDA memcpy Host-to-Device]
1990277657,7648,21397,,,,,,,,,,0.131,17138.057,Pinned,Device,NVIDIA A100-SXM4-40GB (0),1,,13,[CUDA memcpy Host-to-Device]
1990290009,6016,21398,273,1,1,8,4,1,39,0.002,0.000,,,,,NVIDIA A100-SXM4-40GB (0),1,,13,"void channel_eq::eqMmseCoefCompLowMimoKernel<float, float, float, (unsigned int)4, (unsigned int)1, (unsigned int)4>(const channel_eq::_puschRxChEqStatDescr *, channel_eq::_puschRxChEqCoefCompDynDescr)"
1990296985,5376,21399,273,1,1,12,11,1,40,0.002,0.000,,,,,NVIDIA A100-SXM4-40GB (0),1,,13,"void channel_eq::eqMmseSoftDemapKernel<float, __half, __half, float, (unsigned int)4, (unsigned short)16383>(channel_eq::_puschRxChEqStatDescr *, channel_eq::_puschRxChEqSoftDemapDynDescr)"
1990303449,281052,21400,1,1,1,32,32,1,30,0.000,0.000,,,,,NVIDIA A100-SXM4-40GB (0),1,,13,"void convert_kernel<float2, __half2>(tensor_layout_any, T1 *, tensor_layout_any, const T2 *)"
1990585429,12320,21412,2253,1,1,128,1,1,16,0.000,0.000,,,,,NVIDIA A100-SXM4-40GB (0),1,,13,cupy_copy__float16_float16
1990598965,2624,21421,282,1,1,128,1,1,16,0.000,0.000,,,,,NVIDIA A100-SXM4-40GB (0),1,,13,cupy_copy__complex64_complex64
1990602549,1888,21430,26,1,1,128,1,1,16,0.000,0.000,,,,,NVIDIA A100-SXM4-40GB (0),1,,13,cupy_copy__float32_float32
1990605493,2880,21439,103,1,1,128,1,1,16,0.000,0.000,,,,,NVIDIA A100-SXM4-40GB (0),1,,13,cupy_copy__complex64_complex64
1990668853,13823,21455,1434,1,1,128,1,1,16,0.000,0.000,,,,,NVIDIA A100-SXM4-40GB (0),1,,13,cupy_copy__complex64_complex64
1990788275,78879,21460,1,1,1,32,32,1,30,0.000,0.000,,,,,NVIDIA A100-SXM4-40GB (0),1,,13,"void convert_kernel<__half2, float2>(tensor_layout_any, T1 *, tensor_layout_any, const T2 *)"
1990895218,4928,21463,,,,,,,,,,0.061,12467.528,Pinned,Device,NVIDIA A100-SXM4-40GB (0),1,,13,[CUDA memcpy Host-to-Device]
1990907122,588313,21464,,,,,,,,,,456.520,775628.296,Device,,NVIDIA A100-SXM4-40GB (0),1,,13,[CUDA memset]
1991503435,35712,21469,,,,,,,,,,0.825,23110.457,Pinned,Device,NVIDIA A100-SXM4-40GB (0),1,,13,[CUDA memcpy Host-to-Device]
1991541291,7584,21470,,,,,,,,,,0.131,17282.630,Pinned,Device,NVIDIA A100-SXM4-40GB (0),1,,13,[CUDA memcpy Host-to-Device]
1991553963,7327,21471,69,4,1,48,1,1,76,0.002,0.000,,,,,NVIDIA A100-SXM4-40GB (0),1,,13,"void ch_est::windowedChEstPreNoDftSOfdmKernel<float, __half, float, (unsigned int)2, (unsigned int)1, (unsigned short)4>(ch_est::puschRxChEstStatDescr_t *, ch_est::puschRxChEstDynDescr_t *)"
1991562922,5984,21472,137,2,1,24,2,1,44,0.001,0.001,,,,,NVIDIA A100-SXM4-40GB (0),1,,13,"void ch_est::chEstFilterNoDftSOfdmDispatchKernel<float, __half, float, (unsigned int)2>(ch_est::puschRxChEstStatDescr_t *, ch_est::puschRxChEstDynDescr_t *)"
1991570122,4704,21473,137,2,1,24,2,1,44,0.001,0.001,,,,,NVIDIA A100-SXM4-40GB (0),1,,13,"void ch_est::chEstFilterNoDftSOfdmDispatchKernel<float, __half, float, (unsigned int)2>(ch_est::puschRxChEstStatDescr_t *, ch_est::puschRxChEstDynDescr_t *)"
1991575850,2336,21484,103,1,1,128,1,1,16,0.000,0.000,,,,,NVIDIA A100-SXM4-40GB (0),1,,13,cupy_copy__complex64_complex64
1991579210,15424,21494,1434,1,1,128,1,1,16,0.000,0.000,,,,,NVIDIA A100-SXM4-40GB (0),1,,13,cupy_copy__complex64_complex64
1991595722,2272,21501,103,1,1,128,1,1,16,0.000,0.000,,,,,NVIDIA A100-SXM4-40GB (0),1,,13,cupy_copy__complex64_complex64
1991599082,79295,21508,1,1,1,32,32,1,30,0.000,0.000,,,,,NVIDIA A100-SXM4-40GB (0),1,,13,"void convert_kernel<__half2, float2>(tensor_layout_any, T1 *, tensor_layout_any, const T2 *)"
1991706537,4480,21511,,,,,,,,,,0.061,13714.268,Pinned,Device,NVIDIA A100-SXM4-40GB (0),1,,13,[CUDA memcpy Host-to-Device]
1991719497,46143,21512,,,,,,,,,,35.801,775842.604,Device,,NVIDIA A100-SXM4-40GB (0),1,,13,[CUDA memset]
1991772392,1952,21514,,,,,,,,,,0.000,40.984,Pinned,Device,NVIDIA A100-SXM4-40GB (0),1,,13,[CUDA memcpy Host-to-Device]
1991776872,7168,21515,,,,,,,,,,0.131,18285.593,Pinned,Device,NVIDIA A100-SXM4-40GB (0),1,,13,[CUDA memcpy Host-to-Device]
1991793096,8704,21516,273,1,1,48,1,1,40,0.000,0.001,,,,,NVIDIA A100-SXM4-40GB (0),1,,13,"void pusch_noise_intf_est::noiseIntfEstNoDftSOfdmKernel<float, __half, float, float, (unsigned int)2, (unsigned int)1, (unsigned char)4, (unsigned char)4>(pusch_noise_intf_est::puschRxNoiseIntfEstDynDescr)"
1991802760,2656,21527,35,1,1,128,1,1,16,0.000,0.000,,,,,NVIDIA A100-SXM4-40GB (0),1,,13,cupy_copy__complex64_complex64
1991834631,1600,21536,1,1,1,1,1,1,18,0.000,0.000,,,,,NVIDIA A100-SXM4-40GB (0),1,,13,cupy_copy__float32_float32
1991869991,2240,21542,,,,,,,,,,0.000,1.786,Device,Pageable,NVIDIA A100-SXM4-40GB (0),1,,7,[CUDA memcpy Device-to-Host]
1991929574,15200,21553,1434,1,1,128,1,1,16,0.000,0.000,,,,,NVIDIA A100-SXM4-40GB (0),1,,13,cupy_copy__complex64_complex64
1991956166,2528,21560,103,1,1,128,1,1,16,0.000,0.000,,,,,NVIDIA A100-SXM4-40GB (0),1,,13,cupy_copy__complex64_complex64
1991977062,2112,21567,35,1,1,128,1,1,16,0.000,0.000,,,,,NVIDIA A100-SXM4-40GB (0),1,,13,cupy_copy__complex64_complex64
1991995462,1536,21574,1,1,1,1,1,1,18,0.000,0.000,,,,,NVIDIA A100-SXM4-40GB (0),1,,13,cupy_copy__float32_float32
1992130724,78911,21585,1,1,1,32,32,1,30,0.000,0.000,,,,,NVIDIA A100-SXM4-40GB (0),1,,13,"void convert_kernel<__half2, float2>(tensor_layout_any, T1 *, tensor_layout_any, const T2 *)"
1992237699,4416,21588,,,,,,,,,,0.061,13913.027,Pinned,Device,NVIDIA A100-SXM4-40GB (0),1,,13,[CUDA memcpy Host-to-Device]
1992252515,3328,21589,,,,,,,,,,1.547,464729.580,Device,,NVIDIA A100-SXM4-40GB (0),1,,13,[CUDA memset]
1992259523,3872,21594,,,,,,,,,,0.021,5438.007,Pinned,Device,NVIDIA A100-SXM4-40GB (0),1,,13,[CUDA memcpy Host-to-Device]
1992265923,8191,21595,,,,,,,,,,0.131,16001.925,Pinned,Device,NVIDIA A100-SXM4-40GB (0),1,,13,[CUDA memcpy Host-to-Device]
1992277858,6080,21596,273,1,1,8,4,1,39,0.002,0.000,,,,,NVIDIA A100-SXM4-40GB (0),1,,13,"void channel_eq::eqMmseCoefCompLowMimoKernel<float, float, float, (unsigned int)4, (unsigned int)1, (unsigned int)4>(const channel_eq::_puschRxChEqStatDescr *, channel_eq::_puschRxChEqCoefCompDynDescr)"
1992285026,5120,21597,273,1,1,12,11,1,40,0.002,0.000,,,,,NVIDIA A100-SXM4-40GB (0),1,,13,"void channel_eq::eqMmseSoftDemapKernel<float, __half, __half, float, (unsigned int)4, (unsigned short)16383>(channel_eq::_puschRxChEqStatDescr *, channel_eq::_puschRxChEqSoftDemapDynDescr)"
1992291138,281053,21598,1,1,1,32,32,1,30,0.000,0.000,,,,,NVIDIA A100-SXM4-40GB (0),1,,13,"void convert_kernel<float2, __half2>(tensor_layout_any, T1 *, tensor_layout_any, const T2 *)"
1992573215,12544,21610,2253,1,1,128,1,1,16,0.000,0.000,,,,,NVIDIA A100-SXM4-40GB (0),1,,13,cupy_copy__float16_float16
1992586815,2624,21619,282,1,1,128,1,1,16,0.000,0.000,,,,,NVIDIA A100-SXM4-40GB (0),1,,13,cupy_copy__complex64_complex64
1992590431,1856,21628,26,1,1,128,1,1,16,0.000,0.000,,,,,NVIDIA A100-SXM4-40GB (0),1,,13,cupy_copy__float32_float32
1992593375,2880,21637,103,1,1,128,1,1,16,0.000,0.000,,,,,NVIDIA A100-SXM4-40GB (0),1,,13,cupy_copy__complex64_complex64
1992597183,13824,21647,1434,1,1,128,1,1,16,0.000,0.000,,,,,NVIDIA A100-SXM4-40GB (0),1,,13,cupy_copy__complex64_complex64
1992642078,79295,21652,1,1,1,32,32,1,30,0.000,0.000,,,,,NVIDIA A100-SXM4-40GB (0),1,,13,"void convert_kernel<__half2, float2>(tensor_layout_any, T1 *, tensor_layout_any, const T2 *)"
1992749085,5344,21655,,,,,,,,,,0.061,11496.960,Pinned,Device,NVIDIA A100-SXM4-40GB (0),1,,13,[CUDA memcpy Host-to-Device]
1992760637,587833,21656,,,,,,,,,,456.520,776541.336,Device,,NVIDIA A100-SXM4-40GB (0),1,,13,[CUDA memset]
1993349654,37344,21661,,,,,,,,,,0.825,22101.062,Pinned,Device,NVIDIA A100-SXM4-40GB (0),1,,13,[CUDA memcpy Host-to-Device]
1993389750,7680,21662,,,,,,,,,,0.131,17066.623,Pinned,Device,NVIDIA A100-SXM4-40GB (0),1,,13,[CUDA memcpy Host-to-Device]
1993401238,7296,21663,69,4,1,48,1,1,76,0.002,0.000,,,,,NVIDIA A100-SXM4-40GB (0),1,,13,"void ch_est::windowedChEstPreNoDftSOfdmKernel<float, __half, float, (unsigned int)2, (unsigned int)1, (unsigned short)4>(ch_est::puschRxChEstStatDescr_t *, ch_est::puschRxChEstDynDescr_t *)"
1993410326,5760,21664,137,2,1,24,2,1,44,0.001,0.001,,,,,NVIDIA A100-SXM4-40GB (0),1,,13,"void ch_est::chEstFilterNoDftSOfdmDispatchKernel<float, __half, float, (unsigned int)2>(ch_est::puschRxChEstStatDescr_t *, ch_est::puschRxChEstDynDescr_t *)"
1993417110,4736,21665,137,2,1,24,2,1,44,0.001,0.001,,,,,NVIDIA A100-SXM4-40GB (0),1,,13,"void ch_est::chEstFilterNoDftSOfdmDispatchKernel<float, __half, float, (unsigned int)2>(ch_est::puschRxChEstStatDescr_t *, ch_est::puschRxChEstDynDescr_t *)"
1993422902,2336,21676,103,1,1,128,1,1,16,0.000,0.000,,,,,NVIDIA A100-SXM4-40GB (0),1,,13,cupy_copy__complex64_complex64
1993426198,15327,21686,1434,1,1,128,1,1,16,0.000,0.000,,,,,NVIDIA A100-SXM4-40GB (0),1,,13,cupy_copy__complex64_complex64
1993442517,2240,21693,103,1,1,128,1,1,16,0.000,0.000,,,,,NVIDIA A100-SXM4-40GB (0),1,,13,cupy_copy__complex64_complex64
1993445685,78783,21700,1,1,1,32,32,1,30,0.000,0.000,,,,,NVIDIA A100-SXM4-40GB (0),1,,13,"void convert_kernel<__half2, float2>(tensor_layout_any, T1 *, tensor_layout_any, const T2 *)"
1993686803,4768,21703,,,,,,,,,,0.061,12885.873,Pinned,Device,NVIDIA A100-SXM4-40GB (0),1,,13,[CUDA memcpy Host-to-Device]
1993701266,46432,21704,,,,,,,,,,35.801,771009.475,Device,,NVIDIA A100-SXM4-40GB (0),1,,13,[CUDA memset]
1993750738,1952,21706,,,,,,,,,,0.000,40.984,Pinned,Device,NVIDIA A100-SXM4-40GB (0),1,,13,[CUDA memcpy Host-to-Device]
1993755410,7232,21707,,,,,,,,,,0.131,18123.850,Pinned,Device,NVIDIA A100-SXM4-40GB (0),1,,13,[CUDA memcpy Host-to-Device]
1993772978,9312,21708,273,1,1,48,1,1,40,0.000,0.001,,,,,NVIDIA A100-SXM4-40GB (0),1,,13,"void pusch_noise_intf_est::noiseIntfEstNoDftSOfdmKernel<float, __half, float, float, (unsigned int)2, (unsigned int)1, (unsigned char)4, (unsigned char)4>(pusch_noise_intf_est::puschRxNoiseIntfEstDynDescr)"
1993783505,2592,21719,35,1,1,128,1,1,16,0.000,0.000,,,,,NVIDIA A100-SXM4-40GB (0),1,,13,cupy_copy__complex64_complex64
1993799217,1568,21728,1,1,1,1,1,1,18,0.000,0.000,,,,,NVIDIA A100-SXM4-40GB (0),1,,13,cupy_copy__float32_float32
1993834129,1664,21734,,,,,,,,,,0.000,2.404,Device,Pageable,NVIDIA A100-SXM4-40GB (0),1,,7,[CUDA memcpy Device-to-Host]
1993892784,15232,21745,1434,1,1,128,1,1,16,0.000,0.000,,,,,NVIDIA A100-SXM4-40GB (0),1,,13,cupy_copy__complex64_complex64
1993920272,2528,21752,103,1,1,128,1,1,16,0.000,0.000,,,,,NVIDIA A100-SXM4-40GB (0),1,,13,cupy_copy__complex64_complex64
1993941968,2080,21759,35,1,1,128,1,1,16,0.000,0.000,,,,,NVIDIA A100-SXM4-40GB (0),1,,13,cupy_copy__complex64_complex64
1993960559,1536,21766,1,1,1,1,1,1,18,0.000,0.000,,,,,NVIDIA A100-SXM4-40GB (0),1,,13,cupy_copy__float32_float32
1994225069,80351,21777,1,1,1,32,32,1,30,0.000,0.000,,,,,NVIDIA A100-SXM4-40GB (0),1,,13,"void convert_kernel<__half2, float2>(tensor_layout_any, T1 *, tensor_layout_any, const T2 *)"
1994336651,5312,21780,,,,,,,,,,0.061,11566.264,Pinned,Device,NVIDIA A100-SXM4-40GB (0),1,,13,[CUDA memcpy Host-to-Device]
1994352075,3392,21781,,,,,,,,,,1.547,455961.768,Device,,NVIDIA A100-SXM4-40GB (0),1,,13,[CUDA memset]
1994359307,4064,21786,,,,,,,,,,0.021,5181.081,Pinned,Device,NVIDIA A100-SXM4-40GB (0),1,,13,[CUDA memcpy Host-to-Device]
1994365483,7200,21787,,,,,,,,,,0.131,18204.328,Pinned,Device,NVIDIA A100-SXM4-40GB (0),1,,13,[CUDA memcpy Host-to-Device]
1994377099,6112,21788,273,1,1,8,4,1,39,0.002,0.000,,,,,NVIDIA A100-SXM4-40GB (0),1,,13,"void channel_eq::eqMmseCoefCompLowMimoKernel<float, float, float, (unsigned int)4, (unsigned int)1, (unsigned int)4>(const channel_eq::_puschRxChEqStatDescr *, channel_eq::_puschRxChEqCoefCompDynDescr)"
1994384267,5344,21789,273,1,1,12,11,1,40,0.002,0.000,,,,,NVIDIA A100-SXM4-40GB (0),1,,13,"void channel_eq::eqMmseSoftDemapKernel<float, __half, __half, float, (unsigned int)4, (unsigned short)16383>(channel_eq::_puschRxChEqStatDescr *, channel_eq::_puschRxChEqSoftDemapDynDescr)"
1994390731,281244,21790,1,1,1,32,32,1,30,0.000,0.000,,,,,NVIDIA A100-SXM4-40GB (0),1,,13,"void convert_kernel<float2, __half2>(tensor_layout_any, T1 *, tensor_layout_any, const T2 *)"
1994673031,12448,21802,2253,1,1,128,1,1,16,0.000,0.000,,,,,NVIDIA A100-SXM4-40GB (0),1,,13,cupy_copy__float16_float16
1994686439,2592,21811,282,1,1,128,1,1,16,0.000,0.000,,,,,NVIDIA A100-SXM4-40GB (0),1,,13,cupy_copy__complex64_complex64
1994690023,1856,21820,26,1,1,128,1,1,16,0.000,0.000,,,,,NVIDIA A100-SXM4-40GB (0),1,,13,cupy_copy__float32_float32
1994692967,2848,21829,103,1,1,128,1,1,16,0.000,0.000,,,,,NVIDIA A100-SXM4-40GB (0),1,,13,cupy_copy__complex64_complex64
1994696839,14016,21839,1434,1,1,128,1,1,16,0.000,0.000,,,,,NVIDIA A100-SXM4-40GB (0),1,,13,cupy_copy__complex64_complex64
1994748775,79135,21844,1,1,1,32,32,1,30,0.000,0.000,,,,,NVIDIA A100-SXM4-40GB (0),1,,13,"void convert_kernel<__half2, float2>(tensor_layout_any, T1 *, tensor_layout_any, const T2 *)"
1994986916,4512,21847,,,,,,,,,,0.061,13617.009,Pinned,Device,NVIDIA A100-SXM4-40GB (0),1,,13,[CUDA memcpy Host-to-Device]
1994997028,588409,21848,,,,,,,,,,456.520,775628.296,Device,,NVIDIA A100-SXM4-40GB (0),1,,13,[CUDA memset]
1995593245,37344,21853,,,,,,,,,,0.825,22101.062,Pinned,Device,NVIDIA A100-SXM4-40GB (0),1,,13,[CUDA memcpy Host-to-Device]
1995633309,7616,21854,,,,,,,,,,0.131,17210.016,Pinned,Device,NVIDIA A100-SXM4-40GB (0),1,,13,[CUDA memcpy Host-to-Device]
1995646845,8191,21855,69,4,1,48,1,1,76,0.002,0.000,,,,,NVIDIA A100-SXM4-40GB (0),1,,13,"void ch_est::windowedChEstPreNoDftSOfdmKernel<float, __half, float, (unsigned int)2, (unsigned int)1, (unsigned short)4>(ch_est::puschRxChEstStatDescr_t *, ch_est::puschRxChEstDynDescr_t *)"
1995656828,6112,21856,137,2,1,24,2,1,44,0.001,0.001,,,,,NVIDIA A100-SXM4-40GB (0),1,,13,"void ch_est::chEstFilterNoDftSOfdmDispatchKernel<float, __half, float, (unsigned int)2>(ch_est::puschRxChEstStatDescr_t *, ch_est::puschRxChEstDynDescr_t *)"
1995664028,4704,21857,137,2,1,24,2,1,44,0.001,0.001,,,,,NVIDIA A100-SXM4-40GB (0),1,,13,"void ch_est::chEstFilterNoDftSOfdmDispatchKernel<float, __half, float, (unsigned int)2>(ch_est::puschRxChEstStatDescr_t *, ch_est::puschRxChEstDynDescr_t *)"
1995669820,2368,21868,103,1,1,128,1,1,16,0.000,0.000,,,,,NVIDIA A100-SXM4-40GB (0),1,,13,cupy_copy__complex64_complex64
1995673212,15264,21878,1434,1,1,128,1,1,16,0.000,0.000,,,,,NVIDIA A100-SXM4-40GB (0),1,,13,cupy_copy__complex64_complex64
1995689436,2272,21885,103,1,1,128,1,1,16,0.000,0.000,,,,,NVIDIA A100-SXM4-40GB (0),1,,13,cupy_copy__complex64_complex64
1995692828,79039,21892,1,1,1,32,32,1,30,0.000,0.000,,,,,NVIDIA A100-SXM4-40GB (0),1,,13,"void convert_kernel<__half2, float2>(tensor_layout_any, T1 *, tensor_layout_any, const T2 *)"
1995803131,4384,21895,,,,,,,,,,0.061,14014.587,Pinned,Device,NVIDIA A100-SXM4-40GB (0),1,,13,[CUDA memcpy Host-to-Device]
1995816283,45791,21896,,,,,,,,,,35.801,781821.364,Device,,NVIDIA A100-SXM4-40GB (0),1,,13,[CUDA memset]
1995869722,1952,21898,,,,,,,,,,0.000,40.984,Pinned,Device,NVIDIA A100-SXM4-40GB (0),1,,13,[CUDA memcpy Host-to-Device]
1995874138,7584,21899,,,,,,,,,,0.131,17282.630,Pinned,Device,NVIDIA A100-SXM4-40GB (0),1,,13,[CUDA memcpy Host-to-Device]
1995886458,8384,21900,273,1,1,48,1,1,40,0.000,0.001,,,,,NVIDIA A100-SXM4-40GB (0),1,,13,"void pusch_noise_intf_est::noiseIntfEstNoDftSOfdmKernel<float, __half, float, float, (unsigned int)2, (unsigned int)1, (unsigned char)4, (unsigned char)4>(pusch_noise_intf_est::puschRxNoiseIntfEstDynDescr)"
1995898586,2720,21911,35,1,1,128,1,1,16,0.000,0.000,,,,,NVIDIA A100-SXM4-40GB (0),1,,13,cupy_copy__complex64_complex64
1995933657,1600,21920,1,1,1,1,1,1,18,0.000,0.000,,,,,NVIDIA A100-SXM4-40GB (0),1,,13,cupy_copy__float32_float32
1995969369,1664,21926,,,,,,,,,,0.000,2.404,Device,Pageable,NVIDIA A100-SXM4-40GB (0),1,,7,[CUDA memcpy Device-to-Host]
1996027992,15328,21937,1434,1,1,128,1,1,16,0.000,0.000,,,,,NVIDIA A100-SXM4-40GB (0),1,,13,cupy_copy__complex64_complex64
1996055832,2496,21944,103,1,1,128,1,1,16,0.000,0.000,,,,,NVIDIA A100-SXM4-40GB (0),1,,13,cupy_copy__complex64_complex64
1996077432,2144,21951,35,1,1,128,1,1,16,0.000,0.000,,,,,NVIDIA A100-SXM4-40GB (0),1,,13,cupy_copy__complex64_complex64
1996095703,1568,21958,1,1,1,1,1,1,18,0.000,0.000,,,,,NVIDIA A100-SXM4-40GB (0),1,,13,cupy_copy__float32_float32
1996231830,78815,21969,1,1,1,32,32,1,30,0.000,0.000,,,,,NVIDIA A100-SXM4-40GB (0),1,,13,"void convert_kernel<__half2, float2>(tensor_layout_any, T1 *, tensor_layout_any, const T2 *)"
1996339061,4672,21972,,,,,,,,,,0.061,13150.679,Pinned,Device,NVIDIA A100-SXM4-40GB (0),1,,13,[CUDA memcpy Host-to-Device]
1996353973,3232,21973,,,,,,,,,,1.547,478533.199,Device,,NVIDIA A100-SXM4-40GB (0),1,,13,[CUDA memset]
1996361076,4128,21978,,,,,,,,,,0.021,5100.774,Pinned,Device,NVIDIA A100-SXM4-40GB (0),1,,13,[CUDA memcpy Host-to-Device]
1996367924,7520,21979,,,,,,,,,,0.131,17429.692,Pinned,Device,NVIDIA A100-SXM4-40GB (0),1,,13,[CUDA memcpy Host-to-Device]
1996387220,6080,21980,273,1,1,8,4,1,39,0.002,0.000,,,,,NVIDIA A100-SXM4-40GB (0),1,,13,"void channel_eq::eqMmseCoefCompLowMimoKernel<float, float, float, (unsigned int)4, (unsigned int)1, (unsigned int)4>(const channel_eq::_puschRxChEqStatDescr *, channel_eq::_puschRxChEqCoefCompDynDescr)"
1996394356,5120,21981,273,1,1,12,11,1,40,0.002,0.000,,,,,NVIDIA A100-SXM4-40GB (0),1,,13,"void channel_eq::eqMmseSoftDemapKernel<float, __half, __half, float, (unsigned int)4, (unsigned short)16383>(channel_eq::_puschRxChEqStatDescr *, channel_eq::_puschRxChEqSoftDemapDynDescr)"
1996400660,281277,21982,1,1,1,32,32,1,30,0.000,0.000,,,,,NVIDIA A100-SXM4-40GB (0),1,,13,"void convert_kernel<float2, __half2>(tensor_layout_any, T1 *, tensor_layout_any, const T2 *)"
1996682993,12288,21994,2253,1,1,128,1,1,16,0.000,0.000,,,,,NVIDIA A100-SXM4-40GB (0),1,,13,cupy_copy__float16_float16
1996696497,2592,22003,282,1,1,128,1,1,16,0.000,0.000,,,,,NVIDIA A100-SXM4-40GB (0),1,,13,cupy_copy__complex64_complex64
1996700113,1824,22012,26,1,1,128,1,1,16,0.000,0.000,,,,,NVIDIA A100-SXM4-40GB (0),1,,13,cupy_copy__float32_float32
1996703025,2912,22021,103,1,1,128,1,1,16,0.000,0.000,,,,,NVIDIA A100-SXM4-40GB (0),1,,13,cupy_copy__complex64_complex64
1996706865,13855,22031,1434,1,1,128,1,1,16,0.000,0.000,,,,,NVIDIA A100-SXM4-40GB (0),1,,13,cupy_copy__complex64_complex64
1996745904,78623,22036,1,1,1,32,32,1,30,0.000,0.000,,,,,NVIDIA A100-SXM4-40GB (0),1,,13,"void convert_kernel<__half2, float2>(tensor_layout_any, T1 *, tensor_layout_any, const T2 *)"
1996857135,4416,22039,,,,,,,,,,0.061,13913.027,Pinned,Device,NVIDIA A100-SXM4-40GB (0),1,,13,[CUDA memcpy Host-to-Device]
1996869103,587417,22040,,,,,,,,,,456.520,776997.857,Device,,NVIDIA A100-SXM4-40GB (0),1,,13,[CUDA memset]
1997461704,37216,22045,,,,,,,,,,0.825,22176.993,Pinned,Device,NVIDIA A100-SXM4-40GB (0),1,,13,[CUDA memcpy Host-to-Device]
1997501032,7712,22046,,,,,,,,,,0.131,16995.844,Pinned,Device,NVIDIA A100-SXM4-40GB (0),1,,13,[CUDA memcpy Host-to-Device]
1997512552,7135,22047,69,4,1,48,1,1,76,0.002,0.000,,,,,NVIDIA A100-SXM4-40GB (0),1,,13,"void ch_est::windowedChEstPreNoDftSOfdmKernel<float, __half, float, (unsigned int)2, (unsigned int)1, (unsigned short)4>(ch_est::puschRxChEstStatDescr_t *, ch_est::puschRxChEstDynDescr_t *)"
1997521351,5888,22048,137,2,1,24,2,1,44,0.001,0.001,,,,,NVIDIA A100-SXM4-40GB (0),1,,13,"void ch_est::chEstFilterNoDftSOfdmDispatchKernel<float, __half, float, (unsigned int)2>(ch_est::puschRxChEstStatDescr_t *, ch_est::puschRxChEstDynDescr_t *)"
1997528295,4704,22049,137,2,1,24,2,1,44,0.001,0.001,,,,,NVIDIA A100-SXM4-40GB (0),1,,13,"void ch_est::chEstFilterNoDftSOfdmDispatchKernel<float, __half, float, (unsigned int)2>(ch_est::puschRxChEstStatDescr_t *, ch_est::puschRxChEstDynDescr_t *)"
1997534087,2336,22060,103,1,1,128,1,1,16,0.000,0.000,,,,,NVIDIA A100-SXM4-40GB (0),1,,13,cupy_copy__complex64_complex64
1997537447,15424,22070,1434,1,1,128,1,1,16,0.000,0.000,,,,,NVIDIA A100-SXM4-40GB (0),1,,13,cupy_copy__complex64_complex64
1997553799,2240,22077,103,1,1,128,1,1,16,0.000,0.000,,,,,NVIDIA A100-SXM4-40GB (0),1,,13,cupy_copy__complex64_complex64
1997557127,79679,22084,1,1,1,32,32,1,30,0.000,0.000,,,,,NVIDIA A100-SXM4-40GB (0),1,,13,"void convert_kernel<__half2, float2>(tensor_layout_any, T1 *, tensor_layout_any, const T2 *)"
1997665542,4736,22087,,,,,,,,,,0.061,12972.933,Pinned,Device,NVIDIA A100-SXM4-40GB (0),1,,13,[CUDA memcpy Host-to-Device]
1997678758,45951,22088,,,,,,,,,,35.801,779100.492,Device,,NVIDIA A100-SXM4-40GB (0),1,,13,[CUDA memset]
1997733381,2560,22090,,,,,,,,,,0.000,31.250,Pinned,Device,NVIDIA A100-SXM4-40GB (0),1,,13,[CUDA memcpy Host-to-Device]
1997738053,7520,22091,,,,,,,,,,0.131,17429.692,Pinned,Device,NVIDIA A100-SXM4-40GB (0),1,,13,[CUDA memcpy Host-to-Device]
1997752997,8672,22092,273,1,1,48,1,1,40,0.000,0.001,,,,,NVIDIA A100-SXM4-40GB (0),1,,13,"void pusch_noise_intf_est::noiseIntfEstNoDftSOfdmKernel<float, __half, float, float, (unsigned int)2, (unsigned int)1, (unsigned char)4, (unsigned char)4>(pusch_noise_intf_est::puschRxNoiseIntfEstDynDescr)"
1997762629,2752,22103,35,1,1,128,1,1,16,0.000,0.000,,,,,NVIDIA A100-SXM4-40GB (0),1,,13,cupy_copy__complex64_complex64
1997790500,1568,22112,1,1,1,1,1,1,18,0.000,0.000,,,,,NVIDIA A100-SXM4-40GB (0),1,,13,cupy_copy__float32_float32
1997824900,1632,22118,,,,,,,,,,0.000,2.451,Device,Pageable,NVIDIA A100-SXM4-40GB (0),1,,7,[CUDA memcpy Device-to-Host]
1997883363,15200,22129,1434,1,1,128,1,1,16,0.000,0.000,,,,,NVIDIA A100-SXM4-40GB (0),1,,13,cupy_copy__complex64_complex64
1997911107,2528,22136,103,1,1,128,1,1,16,0.000,0.000,,,,,NVIDIA A100-SXM4-40GB (0),1,,13,cupy_copy__complex64_complex64
1997933123,2112,22143,35,1,1,128,1,1,16,0.000,0.000,,,,,NVIDIA A100-SXM4-40GB (0),1,,13,cupy_copy__complex64_complex64
1997952355,1536,22150,1,1,1,1,1,1,18,0.000,0.000,,,,,NVIDIA A100-SXM4-40GB (0),1,,13,cupy_copy__float32_float32
1998087905,79007,22161,1,1,1,32,32,1,30,0.000,0.000,,,,,NVIDIA A100-SXM4-40GB (0),1,,13,"void convert_kernel<__half2, float2>(tensor_layout_any, T1 *, tensor_layout_any, const T2 *)"
1998195040,4416,22164,,,,,,,,,,0.061,13913.027,Pinned,Device,NVIDIA A100-SXM4-40GB (0),1,,13,[CUDA memcpy Host-to-Device]
1998209856,3360,22165,,,,,,,,,,1.547,460304.688,Device,,NVIDIA A100-SXM4-40GB (0),1,,13,[CUDA memset]
1998216704,3872,22170,,,,,,,,,,0.021,5438.007,Pinned,Device,NVIDIA A100-SXM4-40GB (0),1,,13,[CUDA memcpy Host-to-Device]
1998223232,7743,22171,,,,,,,,,,0.131,16927.687,Pinned,Device,NVIDIA A100-SXM4-40GB (0),1,,13,[CUDA memcpy Host-to-Device]
1998234847,6016,22172,273,1,1,8,4,1,39,0.002,0.000,,,,,NVIDIA A100-SXM4-40GB (0),1,,13,"void channel_eq::eqMmseCoefCompLowMimoKernel<float, float, float, (unsigned int)4, (unsigned int)1, (unsigned int)4>(const channel_eq::_puschRxChEqStatDescr *, channel_eq::_puschRxChEqCoefCompDynDescr)"
1998241855,5184,22173,273,1,1,12,11,1,40,0.002,0.000,,,,,NVIDIA A100-SXM4-40GB (0),1,,13,"void channel_eq::eqMmseSoftDemapKernel<float, __half, __half, float, (unsigned int)4, (unsigned short)16383>(channel_eq::_puschRxChEqStatDescr *, channel_eq::_puschRxChEqSoftDemapDynDescr)"
1998248095,280829,22174,1,1,1,32,32,1,30,0.000,0.000,,,,,NVIDIA A100-SXM4-40GB (0),1,,13,"void convert_kernel<float2, __half2>(tensor_layout_any, T1 *, tensor_layout_any, const T2 *)"
1998529884,12224,22186,2253,1,1,128,1,1,16,0.000,0.000,,,,,NVIDIA A100-SXM4-40GB (0),1,,13,cupy_copy__float16_float16
1998543036,2624,22195,282,1,1,128,1,1,16,0.000,0.000,,,,,NVIDIA A100-SXM4-40GB (0),1,,13,cupy_copy__complex64_complex64
1998546748,1856,22204,26,1,1,128,1,1,16,0.000,0.000,,,,,NVIDIA A100-SXM4-40GB (0),1,,13,cupy_copy__float32_float32
1998549692,2848,22213,103,1,1,128,1,1,16,0.000,0.000,,,,,NVIDIA A100-SXM4-40GB (0),1,,13,cupy_copy__complex64_complex64
1998553500,14144,22223,1434,1,1,128,1,1,16,0.000,0.000,,,,,NVIDIA A100-SXM4-40GB (0),1,,13,cupy_copy__complex64_complex64
1998596187,79679,22228,1,1,1,32,32,1,30,0.000,0.000,,,,,NVIDIA A100-SXM4-40GB (0),1,,13,"void convert_kernel<__half2, float2>(tensor_layout_any, T1 *, tensor_layout_any, const T2 *)"
1998838649,4928,22231,,,,,,,,,,0.061,12467.528,Pinned,Device,NVIDIA A100-SXM4-40GB (0),1,,13,[CUDA memcpy Host-to-Device]
1998849433,588793,22232,,,,,,,,,,456.520,775171.775,Device,,NVIDIA A100-SXM4-40GB (0),1,,13,[CUDA memset]
1999439314,36895,22237,,,,,,,,,,0.825,22369.298,Pinned,Device,NVIDIA A100-SXM4-40GB (0),1,,13,[CUDA memcpy Host-to-Device]
1999478385,7552,22238,,,,,,,,,,0.131,17355.899,Pinned,Device,NVIDIA A100-SXM4-40GB (0),1,,13,[CUDA memcpy Host-to-Device]
1999490897,7552,22239,69,4,1,48,1,1,76,0.002,0.000,,,,,NVIDIA A100-SXM4-40GB (0),1,,13,"void ch_est::windowedChEstPreNoDftSOfdmKernel<float, __half, float, (unsigned int)2, (unsigned int)1, (unsigned short)4>(ch_est::puschRxChEstStatDescr_t *, ch_est::puschRxChEstDynDescr_t *)"
1999500177,5632,22240,137,2,1,24,2,1,44,0.001,0.001,,,,,NVIDIA A100-SXM4-40GB (0),1,,13,"void ch_est::chEstFilterNoDftSOfdmDispatchKernel<float, __half, float, (unsigned int)2>(ch_est::puschRxChEstStatDescr_t *, ch_est::puschRxChEstDynDescr_t *)"
1999506737,4704,22241,137,2,1,24,2,1,44,0.001,0.001,,,,,NVIDIA A100-SXM4-40GB (0),1,,13,"void ch_est::chEstFilterNoDftSOfdmDispatchKernel<float, __half, float, (unsigned int)2>(ch_est::puschRxChEstStatDescr_t *, ch_est::puschRxChEstDynDescr_t *)"
1999512497,2752,22252,103,1,1,128,1,1,16,0.000,0.000,,,,,NVIDIA A100-SXM4-40GB (0),1,,13,cupy_copy__complex64_complex64
1999516273,15424,22262,1434,1,1,128,1,1,16,0.000,0.000,,,,,NVIDIA A100-SXM4-40GB (0),1,,13,cupy_copy__complex64_complex64
1999532913,2272,22269,103,1,1,128,1,1,16,0.000,0.000,,,,,NVIDIA A100-SXM4-40GB (0),1,,13,cupy_copy__complex64_complex64
1999536401,78623,22276,1,1,1,32,32,1,30,0.000,0.000,,,,,NVIDIA A100-SXM4-40GB (0),1,,13,"void convert_kernel<__half2, float2>(tensor_layout_any, T1 *, tensor_layout_any, const T2 *)"
1999648272,4415,22279,,,,,,,,,,0.061,13916.160,Pinned,Device,NVIDIA A100-SXM4-40GB (0),1,,13,[CUDA memcpy Host-to-Device]
1999661679,45920,22280,,,,,,,,,,35.801,779637.506,Device,,NVIDIA A100-SXM4-40GB (0),1,,13,[CUDA memset]
1999714799,1952,22282,,,,,,,,,,0.000,40.984,Pinned,Device,NVIDIA A100-SXM4-40GB (0),1,,13,[CUDA memcpy Host-to-Device]
1999719247,8160,22283,,,,,,,,,,0.131,16062.743,Pinned,Device,NVIDIA A100-SXM4-40GB (0),1,,13,[CUDA memcpy Host-to-Device]
1999736655,8639,22284,273,1,1,48,1,1,40,0.000,0.001,,,,,NVIDIA A100-SXM4-40GB (0),1,,13,"void pusch_noise_intf_est::noiseIntfEstNoDftSOfdmKernel<float, __half, float, float, (unsigned int)2, (unsigned int)1, (unsigned char)4, (unsigned char)4>(pusch_noise_intf_est::puschRxNoiseIntfEstDynDescr)"
1999746254,2720,22295,35,1,1,128,1,1,16,0.000,0.000,,,,,NVIDIA A100-SXM4-40GB (0),1,,13,cupy_copy__complex64_complex64
1999774222,1568,22304,1,1,1,1,1,1,18,0.000,0.000,,,,,NVIDIA A100-SXM4-40GB (0),1,,13,cupy_copy__float32_float32
1999809582,1696,22310,,,,,,,,,,0.000,2.358,Device,Pageable,NVIDIA A100-SXM4-40GB (0),1,,7,[CUDA memcpy Device-to-Host]
1999868269,15328,22321,1434,1,1,128,1,1,16,0.000,0.000,,,,,NVIDIA A100-SXM4-40GB (0),1,,13,cupy_copy__complex64_complex64
1999895917,2496,22328,103,1,1,128,1,1,16,0.000,0.000,,,,,NVIDIA A100-SXM4-40GB (0),1,,13,cupy_copy__complex64_complex64
1999916940,2144,22335,35,1,1,128,1,1,16,0.000,0.000,,,,,NVIDIA A100-SXM4-40GB (0),1,,13,cupy_copy__complex64_complex64
1999935756,1536,22342,1,1,1,1,1,1,18,0.000,0.000,,,,,NVIDIA A100-SXM4-40GB (0),1,,13,cupy_copy__float32_float32
2000070667,78751,22353,1,1,1,32,32,1,30,0.000,0.000,,,,,NVIDIA A100-SXM4-40GB (0),1,,13,"void convert_kernel<__half2, float2>(tensor_layout_any, T1 *, tensor_layout_any, const T2 *)"
2000308840,4736,22356,,,,,,,,,,0.061,12972.933,Pinned,Device,NVIDIA A100-SXM4-40GB (0),1,,13,[CUDA memcpy Host-to-Device]
2000320104,3328,22357,,,,,,,,,,1.547,464729.580,Device,,NVIDIA A100-SXM4-40GB (0),1,,13,[CUDA memset]
2000331240,3808,22362,,,,,,,,,,0.021,5529.411,Pinned,Device,NVIDIA A100-SXM4-40GB (0),1,,13,[CUDA memcpy Host-to-Device]
2000337192,7232,22363,,,,,,,,,,0.131,18123.850,Pinned,Device,NVIDIA A100-SXM4-40GB (0),1,,13,[CUDA memcpy Host-to-Device]
2000349704,6048,22364,273,1,1,8,4,1,39,0.002,0.000,,,,,NVIDIA A100-SXM4-40GB (0),1,,13,"void channel_eq::eqMmseCoefCompLowMimoKernel<float, float, float, (unsigned int)4, (unsigned int)1, (unsigned int)4>(const channel_eq::_puschRxChEqStatDescr *, channel_eq::_puschRxChEqCoefCompDynDescr)"
2000356840,5215,22365,273,1,1,12,11,1,40,0.002,0.000,,,,,NVIDIA A100-SXM4-40GB (0),1,,13,"void channel_eq::eqMmseSoftDemapKernel<float, __half, __half, float, (unsigned int)4, (unsigned short)16383>(channel_eq::_puschRxChEqStatDescr *, channel_eq::_puschRxChEqSoftDemapDynDescr)"
2000362983,281277,22366,1,1,1,32,32,1,30,0.000,0.000,,,,,NVIDIA A100-SXM4-40GB (0),1,,13,"void convert_kernel<float2, __half2>(tensor_layout_any, T1 *, tensor_layout_any, const T2 *)"
2000645284,12448,22378,2253,1,1,128,1,1,16,0.000,0.000,,,,,NVIDIA A100-SXM4-40GB (0),1,,13,cupy_copy__float16_float16
2000658724,2592,22387,282,1,1,128,1,1,16,0.000,0.000,,,,,NVIDIA A100-SXM4-40GB (0),1,,13,cupy_copy__complex64_complex64
2000662308,1856,22396,26,1,1,128,1,1,16,0.000,0.000,,,,,NVIDIA A100-SXM4-40GB (0),1,,13,cupy_copy__float32_float32
2000665124,2880,22405,103,1,1,128,1,1,16,0.000,0.000,,,,,NVIDIA A100-SXM4-40GB (0),1,,13,cupy_copy__complex64_complex64
2000668932,13984,22415,1434,1,1,128,1,1,16,0.000,0.000,,,,,NVIDIA A100-SXM4-40GB (0),1,,13,cupy_copy__complex64_complex64
2000824706,79775,22420,1,1,1,32,32,1,30,0.000,0.000,,,,,NVIDIA A100-SXM4-40GB (0),1,,13,"void convert_kernel<__half2, float2>(tensor_layout_any, T1 *, tensor_layout_any, const T2 *)"
2000935489,4864,22423,,,,,,,,,,0.061,12631.572,Pinned,Device,NVIDIA A100-SXM4-40GB (0),1,,13,[CUDA memcpy Host-to-Device]
2000947617,587737,22424,,,,,,,,,,456.520,776541.336,Device,,NVIDIA A100-SXM4-40GB (0),1,,13,[CUDA memset]
2001538170,36352,22429,,,,,,,,,,0.825,22703.563,Pinned,Device,NVIDIA A100-SXM4-40GB (0),1,,13,[CUDA memcpy Host-to-Device]
2001576634,7200,22430,,,,,,,,,,0.131,18204.328,Pinned,Device,NVIDIA A100-SXM4-40GB (0),1,,13,[CUDA memcpy Host-to-Device]
2001588058,7392,22431,69,4,1,48,1,1,76,0.002,0.000,,,,,NVIDIA A100-SXM4-40GB (0),1,,13,"void ch_est::windowedChEstPreNoDftSOfdmKernel<float, __half, float, (unsigned int)2, (unsigned int)1, (unsigned short)4>(ch_est::puschRxChEstStatDescr_t *, ch_est::puschRxChEstDynDescr_t *)"
2001597082,5728,22432,137,2,1,24,2,1,44,0.001,0.001,,,,,NVIDIA A100-SXM4-40GB (0),1,,13,"void ch_est::chEstFilterNoDftSOfdmDispatchKernel<float, __half, float, (unsigned int)2>(ch_est::puschRxChEstStatDescr_t *, ch_est::puschRxChEstDynDescr_t *)"
2001603802,4703,22433,137,2,1,24,2,1,44,0.001,0.001,,,,,NVIDIA A100-SXM4-40GB (0),1,,13,"void ch_est::chEstFilterNoDftSOfdmDispatchKernel<float, __half, float, (unsigned int)2>(ch_est::puschRxChEstStatDescr_t *, ch_est::puschRxChEstDynDescr_t *)"
2001609625,2336,22444,103,1,1,128,1,1,16,0.000,0.000,,,,,NVIDIA A100-SXM4-40GB (0),1,,13,cupy_copy__complex64_complex64
2001612921,15296,22454,1434,1,1,128,1,1,16,0.000,0.000,,,,,NVIDIA A100-SXM4-40GB (0),1,,13,cupy_copy__complex64_complex64
2001629241,2240,22461,103,1,1,128,1,1,16,0.000,0.000,,,,,NVIDIA A100-SXM4-40GB (0),1,,13,cupy_copy__complex64_complex64
2001632697,79007,22468,1,1,1,32,32,1,30,0.000,0.000,,,,,NVIDIA A100-SXM4-40GB (0),1,,13,"void convert_kernel<__half2, float2>(tensor_layout_any, T1 *, tensor_layout_any, const T2 *)"
2001740632,4512,22471,,,,,,,,,,0.061,13617.009,Pinned,Device,NVIDIA A100-SXM4-40GB (0),1,,13,[CUDA memcpy Host-to-Device]
2001753976,45983,22472,,,,,,,,,,35.801,778563.477,Device,,NVIDIA A100-SXM4-40GB (0),1,,13,[CUDA memset]
2001806455,1952,22474,,,,,,,,,,0.000,40.984,Pinned,Device,NVIDIA A100-SXM4-40GB (0),1,,13,[CUDA memcpy Host-to-Device]
2001810551,7520,22475,,,,,,,,,,0.131,17429.692,Pinned,Device,NVIDIA A100-SXM4-40GB (0),1,,13,[CUDA memcpy Host-to-Device]
2001825687,8608,22476,273,1,1,48,1,1,40,0.000,0.001,,,,,NVIDIA A100-SXM4-40GB (0),1,,13,"void pusch_noise_intf_est::noiseIntfEstNoDftSOfdmKernel<float, __half, float, float, (unsigned int)2, (unsigned int)1, (unsigned char)4, (unsigned char)4>(pusch_noise_intf_est::puschRxNoiseIntfEstDynDescr)"
2001835447,2656,22487,35,1,1,128,1,1,16,0.000,0.000,,,,,NVIDIA A100-SXM4-40GB (0),1,,13,cupy_copy__complex64_complex64
2001862647,1568,22496,1,1,1,1,1,1,18,0.000,0.000,,,,,NVIDIA A100-SXM4-40GB (0),1,,13,cupy_copy__float32_float32
2001897366,1696,22502,,,,,,,,,,0.000,2.358,Device,Pageable,NVIDIA A100-SXM4-40GB (0),1,,7,[CUDA memcpy Device-to-Host]
2001957270,15327,22513,1434,1,1,128,1,1,16,0.000,0.000,,,,,NVIDIA A100-SXM4-40GB (0),1,,13,cupy_copy__complex64_complex64
2001985045,2528,22520,103,1,1,128,1,1,16,0.000,0.000,,,,,NVIDIA A100-SXM4-40GB (0),1,,13,cupy_copy__complex64_complex64
2002005973,2144,22527,35,1,1,128,1,1,16,0.000,0.000,,,,,NVIDIA A100-SXM4-40GB (0),1,,13,cupy_copy__complex64_complex64
2002024533,1536,22534,1,1,1,1,1,1,18,0.000,0.000,,,,,NVIDIA A100-SXM4-40GB (0),1,,13,cupy_copy__float32_float32
2002158003,79071,22545,1,1,1,32,32,1,30,0.000,0.000,,,,,NVIDIA A100-SXM4-40GB (0),1,,13,"void convert_kernel<__half2, float2>(tensor_layout_any, T1 *, tensor_layout_any, const T2 *)"
2002265746,4544,22548,,,,,,,,,,0.061,13521.101,Pinned,Device,NVIDIA A100-SXM4-40GB (0),1,,13,[CUDA memcpy Host-to-Device]
2002280850,3392,22549,,,,,,,,,,1.547,455961.768,Device,,NVIDIA A100-SXM4-40GB (0),1,,13,[CUDA memset]
2002287570,3808,22554,,,,,,,,,,0.021,5529.411,Pinned,Device,NVIDIA A100-SXM4-40GB (0),1,,13,[CUDA memcpy Host-to-Device]
2002293842,7616,22555,,,,,,,,,,0.131,17210.016,Pinned,Device,NVIDIA A100-SXM4-40GB (0),1,,13,[CUDA memcpy Host-to-Device]
2002307218,6016,22556,273,1,1,8,4,1,39,0.002,0.000,,,,,NVIDIA A100-SXM4-40GB (0),1,,13,"void channel_eq::eqMmseCoefCompLowMimoKernel<float, float, float, (unsigned int)4, (unsigned int)1, (unsigned int)4>(const channel_eq::_puschRxChEqStatDescr *, channel_eq::_puschRxChEqCoefCompDynDescr)"
2002314450,5215,22557,273,1,1,12,11,1,40,0.002,0.000,,,,,NVIDIA A100-SXM4-40GB (0),1,,13,"void channel_eq::eqMmseSoftDemapKernel<float, __half, __half, float, (unsigned int)4, (unsigned short)16383>(channel_eq::_puschRxChEqStatDescr *, channel_eq::_puschRxChEqSoftDemapDynDescr)"
2002320689,280733,22558,1,1,1,32,32,1,30,0.000,0.000,,,,,NVIDIA A100-SXM4-40GB (0),1,,13,"void convert_kernel<float2, __half2>(tensor_layout_any, T1 *, tensor_layout_any, const T2 *)"
2002602574,12544,22570,2253,1,1,128,1,1,16,0.000,0.000,,,,,NVIDIA A100-SXM4-40GB (0),1,,13,cupy_copy__float16_float16
2002616206,2592,22579,282,1,1,128,1,1,16,0.000,0.000,,,,,NVIDIA A100-SXM4-40GB (0),1,,13,cupy_copy__complex64_complex64
2002619822,1888,22588,26,1,1,128,1,1,16,0.000,0.000,,,,,NVIDIA A100-SXM4-40GB (0),1,,13,cupy_copy__float32_float32
2002622766,2816,22597,103,1,1,128,1,1,16,0.000,0.000,,,,,NVIDIA A100-SXM4-40GB (0),1,,13,cupy_copy__complex64_complex64
2002626670,13920,22607,1434,1,1,128,1,1,16,0.000,0.000,,,,,NVIDIA A100-SXM4-40GB (0),1,,13,cupy_copy__complex64_complex64
2002666094,78719,22612,1,1,1,32,32,1,30,0.000,0.000,,,,,NVIDIA A100-SXM4-40GB (0),1,,13,"void convert_kernel<__half2, float2>(tensor_layout_any, T1 *, tensor_layout_any, const T2 *)"
2002772492,4896,22615,,,,,,,,,,0.061,12548.997,Pinned,Device,NVIDIA A100-SXM4-40GB (0),1,,13,[CUDA memcpy Host-to-Device]
2002784300,587866,22616,,,,,,,,,,456.520,776541.336,Device,,NVIDIA A100-SXM4-40GB (0),1,,13,[CUDA memset]
2003375206,36351,22621,,,,,,,,,,0.825,22704.388,Pinned,Device,NVIDIA A100-SXM4-40GB (0),1,,13,[CUDA memcpy Host-to-Device]
2003414021,7584,22622,,,,,,,,,,0.131,17282.630,Pinned,Device,NVIDIA A100-SXM4-40GB (0),1,,13,[CUDA memcpy Host-to-Device]
2003428133,7360,22623,69,4,1,48,1,1,76,0.002,0.000,,,,,NVIDIA A100-SXM4-40GB (0),1,,13,"void ch_est::windowedChEstPreNoDftSOfdmKernel<float, __half, float, (unsigned int)2, (unsigned int)1, (unsigned short)4>(ch_est::puschRxChEstStatDescr_t *, ch_est::puschRxChEstDynDescr_t *)"
2003437189,5920,22624,137,2,1,24,2,1,44,0.001,0.001,,,,,NVIDIA A100-SXM4-40GB (0),1,,13,"void ch_est::chEstFilterNoDftSOfdmDispatchKernel<float, __half, float, (unsigned int)2>(ch_est::puschRxChEstStatDescr_t *, ch_est::puschRxChEstDynDescr_t *)"
2003444101,4736,22625,137,2,1,24,2,1,44,0.001,0.001,,,,,NVIDIA A100-SXM4-40GB (0),1,,13,"void ch_est::chEstFilterNoDftSOfdmDispatchKernel<float, __half, float, (unsigned int)2>(ch_est::puschRxChEstStatDescr_t *, ch_est::puschRxChEstDynDescr_t *)"
2003449925,2336,22636,103,1,1,128,1,1,16,0.000,0.000,,,,,NVIDIA A100-SXM4-40GB (0),1,,13,cupy_copy__complex64_complex64
2003453285,15104,22646,1434,1,1,128,1,1,16,0.000,0.000,,,,,NVIDIA A100-SXM4-40GB (0),1,,13,cupy_copy__complex64_complex64
2003469349,2272,22653,103,1,1,128,1,1,16,0.000,0.000,,,,,NVIDIA A100-SXM4-40GB (0),1,,13,cupy_copy__complex64_complex64
2003472709,78879,22660,1,1,1,32,32,1,30,0.000,0.000,,,,,NVIDIA A100-SXM4-40GB (0),1,,13,"void convert_kernel<__half2, float2>(tensor_layout_any, T1 *, tensor_layout_any, const T2 *)"
2003579363,4416,22663,,,,,,,,,,0.061,13913.027,Pinned,Device,NVIDIA A100-SXM4-40GB (0),1,,13,[CUDA memcpy Host-to-Device]
2003591555,46112,22664,,,,,,,,,,35.801,776379.619,Device,,NVIDIA A100-SXM4-40GB (0),1,,13,[CUDA memset]
2003643491,1952,22666,,,,,,,,,,0.000,40.984,Pinned,Device,NVIDIA A100-SXM4-40GB (0),1,,13,[CUDA memcpy Host-to-Device]
2003648227,7231,22667,,,,,,,,,,0.131,18126.340,Pinned,Device,NVIDIA A100-SXM4-40GB (0),1,,13,[CUDA memcpy Host-to-Device]
2003661826,8512,22668,273,1,1,48,1,1,40,0.000,0.001,,,,,NVIDIA A100-SXM4-40GB (0),1,,13,"void pusch_noise_intf_est::noiseIntfEstNoDftSOfdmKernel<float, __half, float, float, (unsigned int)2, (unsigned int)1, (unsigned char)4, (unsigned char)4>(pusch_noise_intf_est::puschRxNoiseIntfEstDynDescr)"
2003671394,2720,22679,35,1,1,128,1,1,16,0.000,0.000,,,,,NVIDIA A100-SXM4-40GB (0),1,,13,cupy_copy__complex64_complex64
2003699746,1600,22688,1,1,1,1,1,1,18,0.000,0.000,,,,,NVIDIA A100-SXM4-40GB (0),1,,13,cupy_copy__float32_float32
2003734146,1632,22694,,,,,,,,,,0.000,2.451,Device,Pageable,NVIDIA A100-SXM4-40GB (0),1,,7,[CUDA memcpy Device-to-Host]
2003792385,15296,22705,1434,1,1,128,1,1,16,0.000,0.000,,,,,NVIDIA A100-SXM4-40GB (0),1,,13,cupy_copy__complex64_complex64
2003819649,2496,22712,103,1,1,128,1,1,16,0.000,0.000,,,,,NVIDIA A100-SXM4-40GB (0),1,,13,cupy_copy__complex64_complex64
2003841408,2144,22719,35,1,1,128,1,1,16,0.000,0.000,,,,,NVIDIA A100-SXM4-40GB (0),1,,13,cupy_copy__complex64_complex64
2003859616,1568,22726,1,1,1,1,1,1,18,0.000,0.000,,,,,NVIDIA A100-SXM4-40GB (0),1,,13,cupy_copy__float32_float32
2003993407,78815,22737,1,1,1,32,32,1,30,0.000,0.000,,,,,NVIDIA A100-SXM4-40GB (0),1,,13,"void convert_kernel<__half2, float2>(tensor_layout_any, T1 *, tensor_layout_any, const T2 *)"
2004235356,4384,22740,,,,,,,,,,0.061,14014.587,Pinned,Device,NVIDIA A100-SXM4-40GB (0),1,,13,[CUDA memcpy Host-to-Device]
2004249820,3264,22741,,,,,,,,,,1.547,473842.288,Device,,NVIDIA A100-SXM4-40GB (0),1,,13,[CUDA memset]
2004257212,4352,22746,,,,,,,,,,0.021,4838.227,Pinned,Device,NVIDIA A100-SXM4-40GB (0),1,,13,[CUDA memcpy Host-to-Device]
2004264156,7200,22747,,,,,,,,,,0.131,18204.328,Pinned,Device,NVIDIA A100-SXM4-40GB (0),1,,13,[CUDA memcpy Host-to-Device]
2004277723,6048,22748,273,1,1,8,4,1,39,0.002,0.000,,,,,NVIDIA A100-SXM4-40GB (0),1,,13,"void channel_eq::eqMmseCoefCompLowMimoKernel<float, float, float, (unsigned int)4, (unsigned int)1, (unsigned int)4>(const channel_eq::_puschRxChEqStatDescr *, channel_eq::_puschRxChEqCoefCompDynDescr)"
2004284859,5152,22749,273,1,1,12,11,1,40,0.002,0.000,,,,,NVIDIA A100-SXM4-40GB (0),1,,13,"void channel_eq::eqMmseSoftDemapKernel<float, __half, __half, float, (unsigned int)4, (unsigned short)16383>(channel_eq::_puschRxChEqStatDescr *, channel_eq::_puschRxChEqSoftDemapDynDescr)"
2004291099,281277,22750,1,1,1,32,32,1,30,0.000,0.000,,,,,NVIDIA A100-SXM4-40GB (0),1,,13,"void convert_kernel<float2, __half2>(tensor_layout_any, T1 *, tensor_layout_any, const T2 *)"
2004573464,12384,22762,2253,1,1,128,1,1,16,0.000,0.000,,,,,NVIDIA A100-SXM4-40GB (0),1,,13,cupy_copy__float16_float16
2004586904,2592,22771,282,1,1,128,1,1,16,0.000,0.000,,,,,NVIDIA A100-SXM4-40GB (0),1,,13,cupy_copy__complex64_complex64
2004590488,1856,22780,26,1,1,128,1,1,16,0.000,0.000,,,,,NVIDIA A100-SXM4-40GB (0),1,,13,cupy_copy__float32_float32
2004593432,2848,22789,103,1,1,128,1,1,16,0.000,0.000,,,,,NVIDIA A100-SXM4-40GB (0),1,,13,cupy_copy__complex64_complex64
2004597272,13952,22799,1434,1,1,128,1,1,16,0.000,0.000,,,,,NVIDIA A100-SXM4-40GB (0),1,,13,cupy_copy__complex64_complex64
2004747606,79679,22804,1,1,1,32,32,1,30,0.000,0.000,,,,,NVIDIA A100-SXM4-40GB (0),1,,13,"void convert_kernel<__half2, float2>(tensor_layout_any, T1 *, tensor_layout_any, const T2 *)"
2004858005,4384,22807,,,,,,,,,,0.061,14014.587,Pinned,Device,NVIDIA A100-SXM4-40GB (0),1,,13,[CUDA memcpy Host-to-Device]
2004870229,588441,22808,,,,,,,,,,456.520,775628.296,Device,,NVIDIA A100-SXM4-40GB (0),1,,13,[CUDA memset]
2005461070,36192,22813,,,,,,,,,,0.825,22804.255,Pinned,Device,NVIDIA A100-SXM4-40GB (0),1,,13,[CUDA memcpy Host-to-Device]
2005499374,7168,22814,,,,,,,,,,0.131,18285.593,Pinned,Device,NVIDIA A100-SXM4-40GB (0),1,,13,[CUDA memcpy Host-to-Device]
2005510926,7359,22815,69,4,1,48,1,1,76,0.002,0.000,,,,,NVIDIA A100-SXM4-40GB (0),1,,13,"void ch_est::windowedChEstPreNoDftSOfdmKernel<float, __half, float, (unsigned int)2, (unsigned int)1, (unsigned short)4>(ch_est::puschRxChEstStatDescr_t *, ch_est::puschRxChEstDynDescr_t *)"
2005520013,5632,22816,137,2,1,24,2,1,44,0.001,0.001,,,,,NVIDIA A100-SXM4-40GB (0),1,,13,"void ch_est::chEstFilterNoDftSOfdmDispatchKernel<float, __half, float, (unsigned int)2>(ch_est::puschRxChEstStatDescr_t *, ch_est::puschRxChEstDynDescr_t *)"
2005526669,4768,22817,137,2,1,24,2,1,44,0.001,0.001,,,,,NVIDIA A100-SXM4-40GB (0),1,,13,"void ch_est::chEstFilterNoDftSOfdmDispatchKernel<float, __half, float, (unsigned int)2>(ch_est::puschRxChEstStatDescr_t *, ch_est::puschRxChEstDynDescr_t *)"
2005532525,2304,22828,103,1,1,128,1,1,16,0.000,0.000,,,,,NVIDIA A100-SXM4-40GB (0),1,,13,cupy_copy__complex64_complex64
2005535885,15232,22838,1434,1,1,128,1,1,16,0.000,0.000,,,,,NVIDIA A100-SXM4-40GB (0),1,,13,cupy_copy__complex64_complex64
2005552205,2272,22845,103,1,1,128,1,1,16,0.000,0.000,,,,,NVIDIA A100-SXM4-40GB (0),1,,13,cupy_copy__complex64_complex64
2005555533,79231,22852,1,1,1,32,32,1,30,0.000,0.000,,,,,NVIDIA A100-SXM4-40GB (0),1,,13,"void convert_kernel<__half2, float2>(tensor_layout_any, T1 *, tensor_layout_any, const T2 *)"
2005794794,4416,22855,,,,,,,,,,0.061,13913.027,Pinned,Device,NVIDIA A100-SXM4-40GB (0),1,,13,[CUDA memcpy Host-to-Device]
2005808906,46752,22856,,,,,,,,,,35.801,765746.733,Device,,NVIDIA A100-SXM4-40GB (0),1,,13,[CUDA memset]
2005859402,1952,22858,,,,,,,,,,0.000,40.984,Pinned,Device,NVIDIA A100-SXM4-40GB (0),1,,13,[CUDA memcpy Host-to-Device]
2005863946,7584,22859,,,,,,,,,,0.131,17282.630,Pinned,Device,NVIDIA A100-SXM4-40GB (0),1,,13,[CUDA memcpy Host-to-Device]
2005880617,9120,22860,273,1,1,48,1,1,40,0.000,0.001,,,,,NVIDIA A100-SXM4-40GB (0),1,,13,"void pusch_noise_intf_est::noiseIntfEstNoDftSOfdmKernel<float, __half, float, float, (unsigned int)2, (unsigned int)1, (unsigned char)4, (unsigned char)4>(pusch_noise_intf_est::puschRxNoiseIntfEstDynDescr)"
2005890825,2528,22871,35,1,1,128,1,1,16,0.000,0.000,,,,,NVIDIA A100-SXM4-40GB (0),1,,13,cupy_copy__complex64_complex64
2005903977,1568,22880,1,1,1,1,1,1,18,0.000,0.000,,,,,NVIDIA A100-SXM4-40GB (0),1,,13,cupy_copy__float32_float32
2005940265,1664,22886,,,,,,,,,,0.000,2.404,Device,Pageable,NVIDIA A100-SXM4-40GB (0),1,,7,[CUDA memcpy Device-to-Host]
2006001096,15264,22897,1434,1,1,128,1,1,16,0.000,0.000,,,,,NVIDIA A100-SXM4-40GB (0),1,,13,cupy_copy__complex64_complex64
2006028776,2528,22904,103,1,1,128,1,1,16,0.000,0.000,,,,,NVIDIA A100-SXM4-40GB (0),1,,13,cupy_copy__complex64_complex64
2006050216,2111,22911,35,1,1,128,1,1,16,0.000,0.000,,,,,NVIDIA A100-SXM4-40GB (0),1,,13,cupy_copy__complex64_complex64
2006069415,1536,22918,1,1,1,1,1,1,18,0.000,0.000,,,,,NVIDIA A100-SXM4-40GB (0),1,,13,cupy_copy__float32_float32
2006332772,79455,22929,1,1,1,32,32,1,30,0.000,0.000,,,,,NVIDIA A100-SXM4-40GB (0),1,,13,"void convert_kernel<__half2, float2>(tensor_layout_any, T1 *, tensor_layout_any, const T2 *)"
2006443779,4768,22932,,,,,,,,,,0.061,12885.873,Pinned,Device,NVIDIA A100-SXM4-40GB (0),1,,13,[CUDA memcpy Host-to-Device]
2006460067,3360,22933,,,,,,,,,,1.547,460304.688,Device,,NVIDIA A100-SXM4-40GB (0),1,,13,[CUDA memset]
2006467363,4320,22938,,,,,,,,,,0.021,4874.064,Pinned,Device,NVIDIA A100-SXM4-40GB (0),1,,13,[CUDA memcpy Host-to-Device]
2006474147,8096,22939,,,,,,,,,,0.131,16189.620,Pinned,Device,NVIDIA A100-SXM4-40GB (0),1,,13,[CUDA memcpy Host-to-Device]
2006488067,6144,22940,273,1,1,8,4,1,39,0.002,0.000,,,,,NVIDIA A100-SXM4-40GB (0),1,,13,"void channel_eq::eqMmseCoefCompLowMimoKernel<float, float, float, (unsigned int)4, (unsigned int)1, (unsigned int)4>(const channel_eq::_puschRxChEqStatDescr *, channel_eq::_puschRxChEqCoefCompDynDescr)"
2006495267,5407,22941,273,1,1,12,11,1,40,0.002,0.000,,,,,NVIDIA A100-SXM4-40GB (0),1,,13,"void channel_eq::eqMmseSoftDemapKernel<float, __half, __half, float, (unsigned int)4, (unsigned short)16383>(channel_eq::_puschRxChEqStatDescr *, channel_eq::_puschRxChEqSoftDemapDynDescr)"
2006501730,281693,22942,1,1,1,32,32,1,30,0.000,0.000,,,,,NVIDIA A100-SXM4-40GB (0),1,,13,"void convert_kernel<float2, __half2>(tensor_layout_any, T1 *, tensor_layout_any, const T2 *)"
2006784543,12384,22954,2253,1,1,128,1,1,16,0.000,0.000,,,,,NVIDIA A100-SXM4-40GB (0),1,,13,cupy_copy__float16_float16
2006797951,2656,22963,282,1,1,128,1,1,16,0.000,0.000,,,,,NVIDIA A100-SXM4-40GB (0),1,,13,cupy_copy__complex64_complex64
2006801663,1888,22972,26,1,1,128,1,1,16,0.000,0.000,,,,,NVIDIA A100-SXM4-40GB (0),1,,13,cupy_copy__float32_float32
2006804607,2816,22981,103,1,1,128,1,1,16,0.000,0.000,,,,,NVIDIA A100-SXM4-40GB (0),1,,13,cupy_copy__complex64_complex64
2006808415,13984,22991,1434,1,1,128,1,1,16,0.000,0.000,,,,,NVIDIA A100-SXM4-40GB (0),1,,13,cupy_copy__complex64_complex64
2006856766,79200,22996,1,1,1,32,32,1,30,0.000,0.000,,,,,NVIDIA A100-SXM4-40GB (0),1,,13,"void convert_kernel<__half2, float2>(tensor_layout_any, T1 *, tensor_layout_any, const T2 *)"
2006964349,4416,22999,,,,,,,,,,0.061,13913.027,Pinned,Device,NVIDIA A100-SXM4-40GB (0),1,,13,[CUDA memcpy Host-to-Device]
2006975965,587833,23000,,,,,,,,,,456.520,776541.336,Device,,NVIDIA A100-SXM4-40GB (0),1,,13,[CUDA memset]
2007564662,36064,23005,,,,,,,,,,0.825,22885.138,Pinned,Device,NVIDIA A100-SXM4-40GB (0),1,,13,[CUDA memcpy Host-to-Device]
2007603382,7552,23006,,,,,,,,,,0.131,17355.899,Pinned,Device,NVIDIA A100-SXM4-40GB (0),1,,13,[CUDA memcpy Host-to-Device]
2007618294,7456,23007,69,4,1,48,1,1,76,0.002,0.000,,,,,NVIDIA A100-SXM4-40GB (0),1,,13,"void ch_est::windowedChEstPreNoDftSOfdmKernel<float, __half, float, (unsigned int)2, (unsigned int)1, (unsigned short)4>(ch_est::puschRxChEstStatDescr_t *, ch_est::puschRxChEstDynDescr_t *)"
2007627318,6080,23008,137,2,1,24,2,1,44,0.001,0.001,,,,,NVIDIA A100-SXM4-40GB (0),1,,13,"void ch_est::chEstFilterNoDftSOfdmDispatchKernel<float, __half, float, (unsigned int)2>(ch_est::puschRxChEstStatDescr_t *, ch_est::puschRxChEstDynDescr_t *)"
2007634582,4736,23009,137,2,1,24,2,1,44,0.001,0.001,,,,,NVIDIA A100-SXM4-40GB (0),1,,13,"void ch_est::chEstFilterNoDftSOfdmDispatchKernel<float, __half, float, (unsigned int)2>(ch_est::puschRxChEstStatDescr_t *, ch_est::puschRxChEstDynDescr_t *)"
2007640342,2336,23020,103,1,1,128,1,1,16,0.000,0.000,,,,,NVIDIA A100-SXM4-40GB (0),1,,13,cupy_copy__complex64_complex64
2007643702,15199,23030,1434,1,1,128,1,1,16,0.000,0.000,,,,,NVIDIA A100-SXM4-40GB (0),1,,13,cupy_copy__complex64_complex64
2007660117,2272,23037,103,1,1,128,1,1,16,0.000,0.000,,,,,NVIDIA A100-SXM4-40GB (0),1,,13,cupy_copy__complex64_complex64
2007663477,79711,23044,1,1,1,32,32,1,30,0.000,0.000,,,,,NVIDIA A100-SXM4-40GB (0),1,,13,"void convert_kernel<__half2, float2>(tensor_layout_any, T1 *, tensor_layout_any, const T2 *)"
2007770260,4768,23047,,,,,,,,,,0.061,12885.873,Pinned,Device,NVIDIA A100-SXM4-40GB (0),1,,13,[CUDA memcpy Host-to-Device]
2007783220,45856,23048,,,,,,,,,,35.801,780711.535,Device,,NVIDIA A100-SXM4-40GB (0),1,,13,[CUDA memset]
2007835699,2336,23050,,,,,,,,,,0.000,34.247,Pinned,Device,NVIDIA A100-SXM4-40GB (0),1,,13,[CUDA memcpy Host-to-Device]
2007840691,7552,23051,,,,,,,,,,0.131,17355.899,Pinned,Device,NVIDIA A100-SXM4-40GB (0),1,,13,[CUDA memcpy Host-to-Device]
2007853555,8704,23052,273,1,1,48,1,1,40,0.000,0.001,,,,,NVIDIA A100-SXM4-40GB (0),1,,13,"void pusch_noise_intf_est::noiseIntfEstNoDftSOfdmKernel<float, __half, float, float, (unsigned int)2, (unsigned int)1, (unsigned char)4, (unsigned char)4>(pusch_noise_intf_est::puschRxNoiseIntfEstDynDescr)"
2007863251,2752,23063,35,1,1,128,1,1,16,0.000,0.000,,,,,NVIDIA A100-SXM4-40GB (0),1,,13,cupy_copy__complex64_complex64
2007891571,1600,23072,1,1,1,1,1,1,18,0.000,0.000,,,,,NVIDIA A100-SXM4-40GB (0),1,,13,cupy_copy__float32_float32
2007926578,1664,23078,,,,,,,,,,0.000,2.404,Device,Pageable,NVIDIA A100-SXM4-40GB (0),1,,7,[CUDA memcpy Device-to-Host]
2007985746,15456,23089,1434,1,1,128,1,1,16,0.000,0.000,,,,,NVIDIA A100-SXM4-40GB (0),1,,13,cupy_copy__complex64_complex64
2008012753,2464,23096,103,1,1,128,1,1,16,0.000,0.000,,,,,NVIDIA A100-SXM4-40GB (0),1,,13,cupy_copy__complex64_complex64
2008034417,2144,23103,35,1,1,128,1,1,16,0.000,0.000,,,,,NVIDIA A100-SXM4-40GB (0),1,,13,cupy_copy__complex64_complex64
2008052689,1536,23110,1,1,1,1,1,1,18,0.000,0.000,,,,,NVIDIA A100-SXM4-40GB (0),1,,13,cupy_copy__float32_float32
2008186927,79296,23121,1,1,1,32,32,1,30,0.000,0.000,,,,,NVIDIA A100-SXM4-40GB (0),1,,13,"void convert_kernel<__half2, float2>(tensor_layout_any, T1 *, tensor_layout_any, const T2 *)"
2008294286,4384,23124,,,,,,,,,,0.061,14014.587,Pinned,Device,NVIDIA A100-SXM4-40GB (0),1,,13,[CUDA memcpy Host-to-Device]
2008308782,3296,23125,,,,,,,,,,1.547,469242.628,Device,,NVIDIA A100-SXM4-40GB (0),1,,13,[CUDA memset]
2008319822,2432,23130,,,,,,,,,,0.021,8657.890,Pinned,Device,NVIDIA A100-SXM4-40GB (0),1,,13,[CUDA memcpy Host-to-Device]
2008324398,7200,23131,,,,,,,,,,0.131,18204.328,Pinned,Device,NVIDIA A100-SXM4-40GB (0),1,,13,[CUDA memcpy Host-to-Device]
2008337582,6048,23132,273,1,1,8,4,1,39,0.002,0.000,,,,,NVIDIA A100-SXM4-40GB (0),1,,13,"void channel_eq::eqMmseCoefCompLowMimoKernel<float, float, float, (unsigned int)4, (unsigned int)1, (unsigned int)4>(const channel_eq::_puschRxChEqStatDescr *, channel_eq::_puschRxChEqCoefCompDynDescr)"
2008344750,5152,23133,273,1,1,12,11,1,40,0.002,0.000,,,,,NVIDIA A100-SXM4-40GB (0),1,,13,"void channel_eq::eqMmseSoftDemapKernel<float, __half, __half, float, (unsigned int)4, (unsigned short)16383>(channel_eq::_puschRxChEqStatDescr *, channel_eq::_puschRxChEqSoftDemapDynDescr)"
2008350862,280572,23134,1,1,1,32,32,1,30,0.000,0.000,,,,,NVIDIA A100-SXM4-40GB (0),1,,13,"void convert_kernel<float2, __half2>(tensor_layout_any, T1 *, tensor_layout_any, const T2 *)"
2008632458,12768,23146,2253,1,1,128,1,1,16,0.000,0.000,,,,,NVIDIA A100-SXM4-40GB (0),1,,13,cupy_copy__float16_float16
2008646314,2592,23155,282,1,1,128,1,1,16,0.000,0.000,,,,,NVIDIA A100-SXM4-40GB (0),1,,13,cupy_copy__complex64_complex64
2008649898,1856,23164,26,1,1,128,1,1,16,0.000,0.000,,,,,NVIDIA A100-SXM4-40GB (0),1,,13,cupy_copy__float32_float32
2008652714,2880,23173,103,1,1,128,1,1,16,0.000,0.000,,,,,NVIDIA A100-SXM4-40GB (0),1,,13,cupy_copy__complex64_complex64
2008656522,14048,23183,1434,1,1,128,1,1,16,0.000,0.000,,,,,NVIDIA A100-SXM4-40GB (0),1,,13,cupy_copy__complex64_complex64
2008693258,78975,23188,1,1,1,32,32,1,30,0.000,0.000,,,,,NVIDIA A100-SXM4-40GB (0),1,,13,"void convert_kernel<__half2, float2>(tensor_layout_any, T1 *, tensor_layout_any, const T2 *)"
2008800009,4384,23191,,,,,,,,,,0.061,14014.587,Pinned,Device,NVIDIA A100-SXM4-40GB (0),1,,13,[CUDA memcpy Host-to-Device]
2008811272,587673,23192,,,,,,,,,,456.520,776541.336,Device,,NVIDIA A100-SXM4-40GB (0),1,,13,[CUDA memset]
2009401377,36159,23197,,,,,,,,,,0.825,22824.888,Pinned,Device,NVIDIA A100-SXM4-40GB (0),1,,13,[CUDA memcpy Host-to-Device]
2009440192,7488,23198,,,,,,,,,,0.131,17504.272,Pinned,Device,NVIDIA A100-SXM4-40GB (0),1,,13,[CUDA memcpy Host-to-Device]
2009454304,7328,23199,69,4,1,48,1,1,76,0.002,0.000,,,,,NVIDIA A100-SXM4-40GB (0),1,,13,"void ch_est::windowedChEstPreNoDftSOfdmKernel<float, __half, float, (unsigned int)2, (unsigned int)1, (unsigned short)4>(ch_est::puschRxChEstStatDescr_t *, ch_est::puschRxChEstDynDescr_t *)"
2009463552,5632,23200,137,2,1,24,2,1,44,0.001,0.001,,,,,NVIDIA A100-SXM4-40GB (0),1,,13,"void ch_est::chEstFilterNoDftSOfdmDispatchKernel<float, __half, float, (unsigned int)2>(ch_est::puschRxChEstStatDescr_t *, ch_est::puschRxChEstDynDescr_t *)"
2009470208,4704,23201,137,2,1,24,2,1,44,0.001,0.001,,,,,NVIDIA A100-SXM4-40GB (0),1,,13,"void ch_est::chEstFilterNoDftSOfdmDispatchKernel<float, __half, float, (unsigned int)2>(ch_est::puschRxChEstStatDescr_t *, ch_est::puschRxChEstDynDescr_t *)"
2009476000,2336,23212,103,1,1,128,1,1,16,0.000,0.000,,,,,NVIDIA A100-SXM4-40GB (0),1,,13,cupy_copy__complex64_complex64
2009479296,15168,23222,1434,1,1,128,1,1,16,0.000,0.000,,,,,NVIDIA A100-SXM4-40GB (0),1,,13,cupy_copy__complex64_complex64
2009495648,2272,23229,103,1,1,128,1,1,16,0.000,0.000,,,,,NVIDIA A100-SXM4-40GB (0),1,,13,cupy_copy__complex64_complex64
2009499103,78720,23236,1,1,1,32,32,1,30,0.000,0.000,,,,,NVIDIA A100-SXM4-40GB (0),1,,13,"void convert_kernel<__half2, float2>(tensor_layout_any, T1 *, tensor_layout_any, const T2 *)"
2009742525,4384,23239,,,,,,,,,,0.061,14014.587,Pinned,Device,NVIDIA A100-SXM4-40GB (0),1,,13,[CUDA memcpy Host-to-Device]
2009755357,46431,23240,,,,,,,,,,35.801,771045.276,Device,,NVIDIA A100-SXM4-40GB (0),1,,13,[CUDA memset]
2009806876,2304,23242,,,,,,,,,,0.000,34.722,Pinned,Device,NVIDIA A100-SXM4-40GB (0),1,,13,[CUDA memcpy Host-to-Device]
2009811708,7552,23243,,,,,,,,,,0.131,17355.899,Pinned,Device,NVIDIA A100-SXM4-40GB (0),1,,13,[CUDA memcpy Host-to-Device]
2009827068,9440,23244,273,1,1,48,1,1,40,0.000,0.001,,,,,NVIDIA A100-SXM4-40GB (0),1,,13,"void pusch_noise_intf_est::noiseIntfEstNoDftSOfdmKernel<float, __half, float, float, (unsigned int)2, (unsigned int)1, (unsigned char)4, (unsigned char)4>(pusch_noise_intf_est::puschRxNoiseIntfEstDynDescr)"
2009837500,2592,23255,35,1,1,128,1,1,16,0.000,0.000,,,,,NVIDIA A100-SXM4-40GB (0),1,,13,cupy_copy__complex64_complex64
2009853308,1568,23264,1,1,1,1,1,1,18,0.000,0.000,,,,,NVIDIA A100-SXM4-40GB (0),1,,13,cupy_copy__float32_float32
2009887771,1696,23270,,,,,,,,,,0.000,2.358,Device,Pageable,NVIDIA A100-SXM4-40GB (0),1,,7,[CUDA memcpy Device-to-Host]
2009946363,15359,23281,1434,1,1,128,1,1,16,0.000,0.000,,,,,NVIDIA A100-SXM4-40GB (0),1,,13,cupy_copy__complex64_complex64
2009973306,2496,23288,103,1,1,128,1,1,16,0.000,0.000,,,,,NVIDIA A100-SXM4-40GB (0),1,,13,cupy_copy__complex64_complex64
2009995354,2144,23295,35,1,1,128,1,1,16,0.000,0.000,,,,,NVIDIA A100-SXM4-40GB (0),1,,13,cupy_copy__complex64_complex64
2010013722,1536,23302,1,1,1,1,1,1,18,0.000,0.000,,,,,NVIDIA A100-SXM4-40GB (0),1,,13,cupy_copy__float32_float32
2010281207,79071,23313,1,1,1,32,32,1,30,0.000,0.000,,,,,NVIDIA A100-SXM4-40GB (0),1,,13,"void convert_kernel<__half2, float2>(tensor_layout_any, T1 *, tensor_layout_any, const T2 *)"
2010391990,4416,23316,,,,,,,,,,0.061,13913.027,Pinned,Device,NVIDIA A100-SXM4-40GB (0),1,,13,[CUDA memcpy Host-to-Device]
2010408245,3296,23317,,,,,,,,,,1.547,469242.628,Device,,NVIDIA A100-SXM4-40GB (0),1,,13,[CUDA memset]
2010415413,4512,23322,,,,,,,,,,0.021,4666.662,Pinned,Device,NVIDIA A100-SXM4-40GB (0),1,,13,[CUDA memcpy Host-to-Device]
2010422005,7744,23323,,,,,,,,,,0.131,16925.590,Pinned,Device,NVIDIA A100-SXM4-40GB (0),1,,13,[CUDA memcpy Host-to-Device]
2010434069,6016,23324,273,1,1,8,4,1,39,0.002,0.000,,,,,NVIDIA A100-SXM4-40GB (0),1,,13,"void channel_eq::eqMmseCoefCompLowMimoKernel<float, float, float, (unsigned int)4, (unsigned int)1, (unsigned int)4>(const channel_eq::_puschRxChEqStatDescr *, channel_eq::_puschRxChEqCoefCompDynDescr)"
2010441301,5280,23325,273,1,1,12,11,1,40,0.002,0.000,,,,,NVIDIA A100-SXM4-40GB (0),1,,13,"void channel_eq::eqMmseSoftDemapKernel<float, __half, __half, float, (unsigned int)4, (unsigned short)16383>(channel_eq::_puschRxChEqStatDescr *, channel_eq::_puschRxChEqSoftDemapDynDescr)"
2010447573,280893,23326,1,1,1,32,32,1,30,0.000,0.000,,,,,NVIDIA A100-SXM4-40GB (0),1,,13,"void convert_kernel<float2, __half2>(tensor_layout_any, T1 *, tensor_layout_any, const T2 *)"
2010729426,12416,23338,2253,1,1,128,1,1,16,0.000,0.000,,,,,NVIDIA A100-SXM4-40GB (0),1,,13,cupy_copy__float16_float16
2010742834,2624,23347,282,1,1,128,1,1,16,0.000,0.000,,,,,NVIDIA A100-SXM4-40GB (0),1,,13,cupy_copy__complex64_complex64
2010746418,1856,23356,26,1,1,128,1,1,16,0.000,0.000,,,,,NVIDIA A100-SXM4-40GB (0),1,,13,cupy_copy__float32_float32
2010749362,2848,23365,103,1,1,128,1,1,16,0.000,0.000,,,,,NVIDIA A100-SXM4-40GB (0),1,,13,cupy_copy__complex64_complex64
2010810289,14016,23381,1434,1,1,128,1,1,16,0.000,0.000,,,,,NVIDIA A100-SXM4-40GB (0),1,,13,cupy_copy__complex64_complex64
2010930704,79135,23386,1,1,1,32,32,1,30,0.000,0.000,,,,,NVIDIA A100-SXM4-40GB (0),1,,13,"void convert_kernel<__half2, float2>(tensor_layout_any, T1 *, tensor_layout_any, const T2 *)"
2011169197,4928,23389,,,,,,,,,,0.061,12467.528,Pinned,Device,NVIDIA A100-SXM4-40GB (0),1,,13,[CUDA memcpy Host-to-Device]
2011182669,588313,23390,,,,,,,,,,456.520,775628.296,Device,,NVIDIA A100-SXM4-40GB (0),1,,13,[CUDA memset]
2011779078,37600,23395,,,,,,,,,,0.825,21950.024,Pinned,Device,NVIDIA A100-SXM4-40GB (0),1,,13,[CUDA memcpy Host-to-Device]
2011819782,7488,23396,,,,,,,,,,0.131,17504.272,Pinned,Device,NVIDIA A100-SXM4-40GB (0),1,,13,[CUDA memcpy Host-to-Device]
2011834054,7968,23397,69,4,1,48,1,1,76,0.002,0.000,,,,,NVIDIA A100-SXM4-40GB (0),1,,13,"void ch_est::windowedChEstPreNoDftSOfdmKernel<float, __half, float, (unsigned int)2, (unsigned int)1, (unsigned short)4>(ch_est::puschRxChEstStatDescr_t *, ch_est::puschRxChEstDynDescr_t *)"
2011843750,5920,23398,137,2,1,24,2,1,44,0.001,0.001,,,,,NVIDIA A100-SXM4-40GB (0),1,,13,"void ch_est::chEstFilterNoDftSOfdmDispatchKernel<float, __half, float, (unsigned int)2>(ch_est::puschRxChEstStatDescr_t *, ch_est::puschRxChEstDynDescr_t *)"
2011850758,4735,23399,137,2,1,24,2,1,44,0.001,0.001,,,,,NVIDIA A100-SXM4-40GB (0),1,,13,"void ch_est::chEstFilterNoDftSOfdmDispatchKernel<float, __half, float, (unsigned int)2>(ch_est::puschRxChEstStatDescr_t *, ch_est::puschRxChEstDynDescr_t *)"
2011856549,2368,23410,103,1,1,128,1,1,16,0.000,0.000,,,,,NVIDIA A100-SXM4-40GB (0),1,,13,cupy_copy__complex64_complex64
2011859909,15328,23420,1434,1,1,128,1,1,16,0.000,0.000,,,,,NVIDIA A100-SXM4-40GB (0),1,,13,cupy_copy__complex64_complex64
2011876453,2304,23427,103,1,1,128,1,1,16,0.000,0.000,,,,,NVIDIA A100-SXM4-40GB (0),1,,13,cupy_copy__complex64_complex64
2011879845,79071,23434,1,1,1,32,32,1,30,0.000,0.000,,,,,NVIDIA A100-SXM4-40GB (0),1,,13,"void convert_kernel<__half2, float2>(tensor_layout_any, T1 *, tensor_layout_any, const T2 *)"
2011989956,4928,23437,,,,,,,,,,0.061,12467.528,Pinned,Device,NVIDIA A100-SXM4-40GB (0),1,,13,[CUDA memcpy Host-to-Device]
2012003172,46239,23438,,,,,,,,,,35.801,774231.561,Device,,NVIDIA A100-SXM4-40GB (0),1,,13,[CUDA memset]
2012055907,1952,23440,,,,,,,,,,0.000,40.984,Pinned,Device,NVIDIA A100-SXM4-40GB (0),1,,13,[CUDA memcpy Host-to-Device]
2012059971,8096,23441,,,,,,,,,,0.131,16189.620,Pinned,Device,NVIDIA A100-SXM4-40GB (0),1,,13,[CUDA memcpy Host-to-Device]
2012072643,8704,23442,273,1,1,48,1,1,40,0.000,0.001,,,,,NVIDIA A100-SXM4-40GB (0),1,,13,"void pusch_noise_intf_est::noiseIntfEstNoDftSOfdmKernel<float, __half, float, float, (unsigned int)2, (unsigned int)1, (unsigned char)4, (unsigned char)4>(pusch_noise_intf_est::puschRxNoiseIntfEstDynDescr)"
2012082339,2688,23453,35,1,1,128,1,1,16,0.000,0.000,,,,,NVIDIA A100-SXM4-40GB (0),1,,13,cupy_copy__complex64_complex64
2012116579,1600,23462,1,1,1,1,1,1,18,0.000,0.000,,,,,NVIDIA A100-SXM4-40GB (0),1,,13,cupy_copy__float32_float32
2012151810,1664,23468,,,,,,,,,,0.000,2.404,Device,Pageable,NVIDIA A100-SXM4-40GB (0),1,,7,[CUDA memcpy Device-to-Host]
2012210530,15519,23479,1434,1,1,128,1,1,16,0.000,0.000,,,,,NVIDIA A100-SXM4-40GB (0),1,,13,cupy_copy__complex64_complex64
2012237825,2496,23486,103,1,1,128,1,1,16,0.000,0.000,,,,,NVIDIA A100-SXM4-40GB (0),1,,13,cupy_copy__complex64_complex64
2012258753,2144,23493,35,1,1,128,1,1,16,0.000,0.000,,,,,NVIDIA A100-SXM4-40GB (0),1,,13,cupy_copy__complex64_complex64
2012277409,1536,23500,1,1,1,1,1,1,18,0.000,0.000,,,,,NVIDIA A100-SXM4-40GB (0),1,,13,cupy_copy__float32_float32
2012416671,78719,23511,1,1,1,32,32,1,30,0.000,0.000,,,,,NVIDIA A100-SXM4-40GB (0),1,,13,"void convert_kernel<__half2, float2>(tensor_layout_any, T1 *, tensor_layout_any, const T2 *)"
2012523902,4800,23514,,,,,,,,,,0.061,12799.980,Pinned,Device,NVIDIA A100-SXM4-40GB (0),1,,13,[CUDA memcpy Host-to-Device]
2012538750,3296,23515,,,,,,,,,,1.547,469242.628,Device,,NVIDIA A100-SXM4-40GB (0),1,,13,[CUDA memset]
2012545854,3904,23520,,,,,,,,,,0.021,5393.431,Pinned,Device,NVIDIA A100-SXM4-40GB (0),1,,13,[CUDA memcpy Host-to-Device]
2012551870,7136,23521,,,,,,,,,,0.131,18367.644,Pinned,Device,NVIDIA A100-SXM4-40GB (0),1,,13,[CUDA memcpy Host-to-Device]
2012563486,6080,23522,273,1,1,8,4,1,39,0.002,0.000,,,,,NVIDIA A100-SXM4-40GB (0),1,,13,"void channel_eq::eqMmseCoefCompLowMimoKernel<float, float, float, (unsigned int)4, (unsigned int)1, (unsigned int)4>(const channel_eq::_puschRxChEqStatDescr *, channel_eq::_puschRxChEqCoefCompDynDescr)"
2012570622,5183,23523,273,1,1,12,11,1,40,0.002,0.000,,,,,NVIDIA A100-SXM4-40GB (0),1,,13,"void channel_eq::eqMmseSoftDemapKernel<float, __half, __half, float, (unsigned int)4, (unsigned short)16383>(channel_eq::_puschRxChEqStatDescr *, channel_eq::_puschRxChEqSoftDemapDynDescr)"
2012576861,281533,23524,1,1,1,32,32,1,30,0.000,0.000,,,,,NVIDIA A100-SXM4-40GB (0),1,,13,"void convert_kernel<float2, __half2>(tensor_layout_any, T1 *, tensor_layout_any, const T2 *)"
2012859354,12160,23536,2253,1,1,128,1,1,16,0.000,0.000,,,,,NVIDIA A100-SXM4-40GB (0),1,,13,cupy_copy__float16_float16
2012872538,2624,23545,282,1,1,128,1,1,16,0.000,0.000,,,,,NVIDIA A100-SXM4-40GB (0),1,,13,cupy_copy__complex64_complex64
2012876154,1856,23554,26,1,1,128,1,1,16,0.000,0.000,,,,,NVIDIA A100-SXM4-40GB (0),1,,13,cupy_copy__float32_float32
2012879098,2880,23563,103,1,1,128,1,1,16,0.000,0.000,,,,,NVIDIA A100-SXM4-40GB (0),1,,13,cupy_copy__complex64_complex64
2012882906,14080,23573,1434,1,1,128,1,1,16,0.000,0.000,,,,,NVIDIA A100-SXM4-40GB (0),1,,13,cupy_copy__complex64_complex64
2012919866,79615,23578,1,1,1,32,32,1,30,0.000,0.000,,,,,NVIDIA A100-SXM4-40GB (0),1,,13,"void convert_kernel<__half2, float2>(tensor_layout_any, T1 *, tensor_layout_any, const T2 *)"
2013027129,4383,23581,,,,,,,,,,0.061,14017.782,Pinned,Device,NVIDIA A100-SXM4-40GB (0),1,,13,[CUDA memcpy Host-to-Device]
2013038328,588090,23582,,,,,,,,,,456.520,776084.816,Device,,NVIDIA A100-SXM4-40GB (0),1,,13,[CUDA memset]
2013629426,35775,23587,,,,,,,,,,0.825,23070.015,Pinned,Device,NVIDIA A100-SXM4-40GB (0),1,,13,[CUDA memcpy Host-to-Device]
2013668081,8000,23588,,,,,,,,,,0.131,16384.000,Pinned,Device,NVIDIA A100-SXM4-40GB (0),1,,13,[CUDA memcpy Host-to-Device]
2013680337,7200,23589,69,4,1,48,1,1,76,0.002,0.000,,,,,NVIDIA A100-SXM4-40GB (0),1,,13,"void ch_est::windowedChEstPreNoDftSOfdmKernel<float, __half, float, (unsigned int)2, (unsigned int)1, (unsigned short)4>(ch_est::puschRxChEstStatDescr_t *, ch_est::puschRxChEstDynDescr_t *)"
2013689105,6112,23590,137,2,1,24,2,1,44,0.001,0.001,,,,,NVIDIA A100-SXM4-40GB (0),1,,13,"void ch_est::chEstFilterNoDftSOfdmDispatchKernel<float, __half, float, (unsigned int)2>(ch_est::puschRxChEstStatDescr_t *, ch_est::puschRxChEstDynDescr_t *)"
2013696273,4736,23591,137,2,1,24,2,1,44,0.001,0.001,,,,,NVIDIA A100-SXM4-40GB (0),1,,13,"void ch_est::chEstFilterNoDftSOfdmDispatchKernel<float, __half, float, (unsigned int)2>(ch_est::puschRxChEstStatDescr_t *, ch_est::puschRxChEstDynDescr_t *)"
2013702097,2304,23602,103,1,1,128,1,1,16,0.000,0.000,,,,,NVIDIA A100-SXM4-40GB (0),1,,13,cupy_copy__complex64_complex64
2013705457,15200,23612,1434,1,1,128,1,1,16,0.000,0.000,,,,,NVIDIA A100-SXM4-40GB (0),1,,13,cupy_copy__complex64_complex64
2013721745,2240,23619,103,1,1,128,1,1,16,0.000,0.000,,,,,NVIDIA A100-SXM4-40GB (0),1,,13,cupy_copy__complex64_complex64
2013725041,79743,23626,1,1,1,32,32,1,30,0.000,0.000,,,,,NVIDIA A100-SXM4-40GB (0),1,,13,"void convert_kernel<__half2, float2>(tensor_layout_any, T1 *, tensor_layout_any, const T2 *)"
2013833264,4864,23629,,,,,,,,,,0.061,12631.572,Pinned,Device,NVIDIA A100-SXM4-40GB (0),1,,13,[CUDA memcpy Host-to-Device]
2013846287,46048,23630,,,,,,,,,,35.801,777453.647,Device,,NVIDIA A100-SXM4-40GB (0),1,,13,[CUDA memset]
2013898735,1952,23632,,,,,,,,,,0.000,40.984,Pinned,Device,NVIDIA A100-SXM4-40GB (0),1,,13,[CUDA memcpy Host-to-Device]
2013903183,8096,23633,,,,,,,,,,0.131,16189.620,Pinned,Device,NVIDIA A100-SXM4-40GB (0),1,,13,[CUDA memcpy Host-to-Device]
2013917167,8768,23634,273,1,1,48,1,1,40,0.000,0.001,,,,,NVIDIA A100-SXM4-40GB (0),1,,13,"void pusch_noise_intf_est::noiseIntfEstNoDftSOfdmKernel<float, __half, float, float, (unsigned int)2, (unsigned int)1, (unsigned char)4, (unsigned char)4>(pusch_noise_intf_est::puschRxNoiseIntfEstDynDescr)"
2013926927,2656,23645,35,1,1,128,1,1,16,0.000,0.000,,,,,NVIDIA A100-SXM4-40GB (0),1,,13,cupy_copy__complex64_complex64
2013954190,1568,23654,1,1,1,1,1,1,18,0.000,0.000,,,,,NVIDIA A100-SXM4-40GB (0),1,,13,cupy_copy__float32_float32
2013989390,1600,23660,,,,,,,,,,0.000,2.500,Device,Pageable,NVIDIA A100-SXM4-40GB (0),1,,7,[CUDA memcpy Device-to-Host]
2014048717,15328,23671,1434,1,1,128,1,1,16,0.000,0.000,,,,,NVIDIA A100-SXM4-40GB (0),1,,13,cupy_copy__complex64_complex64
2014075309,2528,23678,103,1,1,128,1,1,16,0.000,0.000,,,,,NVIDIA A100-SXM4-40GB (0),1,,13,cupy_copy__complex64_complex64
2014097037,2080,23685,35,1,1,128,1,1,16,0.000,0.000,,,,,NVIDIA A100-SXM4-40GB (0),1,,13,cupy_copy__complex64_complex64
2014118540,1536,23692,1,1,1,1,1,1,18,0.000,0.000,,,,,NVIDIA A100-SXM4-40GB (0),1,,13,cupy_copy__float32_float32
2014253867,79071,23703,1,1,1,32,32,1,30,0.000,0.000,,,,,NVIDIA A100-SXM4-40GB (0),1,,13,"void convert_kernel<__half2, float2>(tensor_layout_any, T1 *, tensor_layout_any, const T2 *)"
2014360970,4896,23706,,,,,,,,,,0.061,12548.997,Pinned,Device,NVIDIA A100-SXM4-40GB (0),1,,13,[CUDA memcpy Host-to-Device]
2014375626,3392,23707,,,,,,,,,,1.547,455961.768,Device,,NVIDIA A100-SXM4-40GB (0),1,,13,[CUDA memset]
2014382602,3903,23712,,,,,,,,,,0.021,5394.821,Pinned,Device,NVIDIA A100-SXM4-40GB (0),1,,13,[CUDA memcpy Host-to-Device]
2014388969,7264,23713,,,,,,,,,,0.131,18044.027,Pinned,Device,NVIDIA A100-SXM4-40GB (0),1,,13,[CUDA memcpy Host-to-Device]
2014400809,5984,23714,273,1,1,8,4,1,39,0.002,0.000,,,,,NVIDIA A100-SXM4-40GB (0),1,,13,"void channel_eq::eqMmseCoefCompLowMimoKernel<float, float, float, (unsigned int)4, (unsigned int)1, (unsigned int)4>(const channel_eq::_puschRxChEqStatDescr *, channel_eq::_puschRxChEqCoefCompDynDescr)"
2014407753,5280,23715,273,1,1,12,11,1,40,0.002,0.000,,,,,NVIDIA A100-SXM4-40GB (0),1,,13,"void channel_eq::eqMmseSoftDemapKernel<float, __half, __half, float, (unsigned int)4, (unsigned short)16383>(channel_eq::_puschRxChEqStatDescr *, channel_eq::_puschRxChEqSoftDemapDynDescr)"
2014414025,281117,23716,1,1,1,32,32,1,30,0.000,0.000,,,,,NVIDIA A100-SXM4-40GB (0),1,,13,"void convert_kernel<float2, __half2>(tensor_layout_any, T1 *, tensor_layout_any, const T2 *)"
2014696166,12288,23728,2253,1,1,128,1,1,16,0.000,0.000,,,,,NVIDIA A100-SXM4-40GB (0),1,,13,cupy_copy__float16_float16
2014709574,2624,23737,282,1,1,128,1,1,16,0.000,0.000,,,,,NVIDIA A100-SXM4-40GB (0),1,,13,cupy_copy__complex64_complex64
2014713254,1856,23746,26,1,1,128,1,1,16,0.000,0.000,,,,,NVIDIA A100-SXM4-40GB (0),1,,13,cupy_copy__float32_float32
2014716198,2848,23755,103,1,1,128,1,1,16,0.000,0.000,,,,,NVIDIA A100-SXM4-40GB (0),1,,13,cupy_copy__complex64_complex64
2014720006,13888,23765,1434,1,1,128,1,1,16,0.000,0.000,,,,,NVIDIA A100-SXM4-40GB (0),1,,13,cupy_copy__complex64_complex64
2014759557,79071,23770,1,1,1,32,32,1,30,0.000,0.000,,,,,NVIDIA A100-SXM4-40GB (0),1,,13,"void convert_kernel<__half2, float2>(tensor_layout_any, T1 *, tensor_layout_any, const T2 *)"
2015001091,4672,23773,,,,,,,,,,0.061,13150.679,Pinned,Device,NVIDIA A100-SXM4-40GB (0),1,,13,[CUDA memcpy Host-to-Device]
2015013475,589817,23774,,,,,,,,,,456.520,773802.214,Device,,NVIDIA A100-SXM4-40GB (0),1,,13,[CUDA memset]
2015610876,35808,23779,,,,,,,,,,0.825,23048.557,Pinned,Device,NVIDIA A100-SXM4-40GB (0),1,,13,[CUDA memcpy Host-to-Device]
2015648796,7551,23780,,,,,,,,,,0.131,17358.127,Pinned,Device,NVIDIA A100-SXM4-40GB (0),1,,13,[CUDA memcpy Host-to-Device]
2015667867,7552,23781,69,4,1,48,1,1,76,0.002,0.000,,,,,NVIDIA A100-SXM4-40GB (0),1,,13,"void ch_est::windowedChEstPreNoDftSOfdmKernel<float, __half, float, (unsigned int)2, (unsigned int)1, (unsigned short)4>(ch_est::puschRxChEstStatDescr_t *, ch_est::puschRxChEstDynDescr_t *)"
2015677147,5792,23782,137,2,1,24,2,1,44,0.001,0.001,,,,,NVIDIA A100-SXM4-40GB (0),1,,13,"void ch_est::chEstFilterNoDftSOfdmDispatchKernel<float, __half, float, (unsigned int)2>(ch_est::puschRxChEstStatDescr_t *, ch_est::puschRxChEstDynDescr_t *)"
2015683931,4736,23783,137,2,1,24,2,1,44,0.001,0.001,,,,,NVIDIA A100-SXM4-40GB (0),1,,13,"void ch_est::chEstFilterNoDftSOfdmDispatchKernel<float, __half, float, (unsigned int)2>(ch_est::puschRxChEstStatDescr_t *, ch_est::puschRxChEstDynDescr_t *)"
2015689659,2752,23794,103,1,1,128,1,1,16,0.000,0.000,,,,,NVIDIA A100-SXM4-40GB (0),1,,13,cupy_copy__complex64_complex64
2015693467,15168,23804,1434,1,1,128,1,1,16,0.000,0.000,,,,,NVIDIA A100-SXM4-40GB (0),1,,13,cupy_copy__complex64_complex64
2015709819,2304,23811,103,1,1,128,1,1,16,0.000,0.000,,,,,NVIDIA A100-SXM4-40GB (0),1,,13,cupy_copy__complex64_complex64
2015713179,78911,23818,1,1,1,32,32,1,30,0.000,0.000,,,,,NVIDIA A100-SXM4-40GB (0),1,,13,"void convert_kernel<__half2, float2>(tensor_layout_any, T1 *, tensor_layout_any, const T2 *)"
2015822842,4960,23821,,,,,,,,,,0.061,12387.041,Pinned,Device,NVIDIA A100-SXM4-40GB (0),1,,13,[CUDA memcpy Host-to-Device]
2015836921,45984,23822,,,,,,,,,,35.801,778527.676,Device,,NVIDIA A100-SXM4-40GB (0),1,,13,[CUDA memset]
2015889081,2528,23824,,,,,,,,,,0.000,31.646,Pinned,Device,NVIDIA A100-SXM4-40GB (0),1,,13,[CUDA memcpy Host-to-Device]
2015894585,7264,23825,,,,,,,,,,0.131,18044.027,Pinned,Device,NVIDIA A100-SXM4-40GB (0),1,,13,[CUDA memcpy Host-to-Device]
2015911609,8640,23826,273,1,1,48,1,1,40,0.000,0.001,,,,,NVIDIA A100-SXM4-40GB (0),1,,13,"void pusch_noise_intf_est::noiseIntfEstNoDftSOfdmKernel<float, __half, float, float, (unsigned int)2, (unsigned int)1, (unsigned char)4, (unsigned char)4>(pusch_noise_intf_est::puschRxNoiseIntfEstDynDescr)"
2015921209,2816,23837,35,1,1,128,1,1,16,0.000,0.000,,,,,NVIDIA A100-SXM4-40GB (0),1,,13,cupy_copy__complex64_complex64
2015951832,1568,23846,1,1,1,1,1,1,18,0.000,0.000,,,,,NVIDIA A100-SXM4-40GB (0),1,,13,cupy_copy__float32_float32
2015987960,1696,23852,,,,,,,,,,0.000,2.358,Device,Pageable,NVIDIA A100-SXM4-40GB (0),1,,7,[CUDA memcpy Device-to-Host]
2016045591,15520,23863,1434,1,1,128,1,1,16,0.000,0.000,,,,,NVIDIA A100-SXM4-40GB (0),1,,13,cupy_copy__complex64_complex64
2016073719,2496,23870,103,1,1,128,1,1,16,0.000,0.000,,,,,NVIDIA A100-SXM4-40GB (0),1,,13,cupy_copy__complex64_complex64
2016099415,2112,23877,35,1,1,128,1,1,16,0.000,0.000,,,,,NVIDIA A100-SXM4-40GB (0),1,,13,cupy_copy__complex64_complex64
2016118070,1536,23884,1,1,1,1,1,1,18,0.000,0.000,,,,,NVIDIA A100-SXM4-40GB (0),1,,13,cupy_copy__float32_float32
2016253397,79359,23895,1,1,1,32,32,1,30,0.000,0.000,,,,,NVIDIA A100-SXM4-40GB (0),1,,13,"void convert_kernel<__half2, float2>(tensor_layout_any, T1 *, tensor_layout_any, const T2 *)"
2016586353,4608,23898,,,,,,,,,,0.061,13333.279,Pinned,Device,NVIDIA A100-SXM4-40GB (0),1,,13,[CUDA memcpy Host-to-Device]
2016596625,3328,23899,,,,,,,,,,1.547,464729.580,Device,,NVIDIA A100-SXM4-40GB (0),1,,13,[CUDA memset]
2016603121,3904,23904,,,,,,,,,,0.021,5393.431,Pinned,Device,NVIDIA A100-SXM4-40GB (0),1,,13,[CUDA memcpy Host-to-Device]
2016609137,8032,23905,,,,,,,,,,0.131,16318.595,Pinned,Device,NVIDIA A100-SXM4-40GB (0),1,,13,[CUDA memcpy Host-to-Device]
2016629425,6048,23906,273,1,1,8,4,1,39,0.002,0.000,,,,,NVIDIA A100-SXM4-40GB (0),1,,13,"void channel_eq::eqMmseCoefCompLowMimoKernel<float, float, float, (unsigned int)4, (unsigned int)1, (unsigned int)4>(const channel_eq::_puschRxChEqStatDescr *, channel_eq::_puschRxChEqCoefCompDynDescr)"
2016636529,5184,23907,273,1,1,12,11,1,40,0.002,0.000,,,,,NVIDIA A100-SXM4-40GB (0),1,,13,"void channel_eq::eqMmseSoftDemapKernel<float, __half, __half, float, (unsigned int)4, (unsigned short)16383>(channel_eq::_puschRxChEqStatDescr *, channel_eq::_puschRxChEqSoftDemapDynDescr)"
2016642673,281116,23908,1,1,1,32,32,1,30,0.000,0.000,,,,,NVIDIA A100-SXM4-40GB (0),1,,13,"void convert_kernel<float2, __half2>(tensor_layout_any, T1 *, tensor_layout_any, const T2 *)"
2016924845,12384,23920,2253,1,1,128,1,1,16,0.000,0.000,,,,,NVIDIA A100-SXM4-40GB (0),1,,13,cupy_copy__float16_float16
2016938253,2624,23929,282,1,1,128,1,1,16,0.000,0.000,,,,,NVIDIA A100-SXM4-40GB (0),1,,13,cupy_copy__complex64_complex64
2016941869,1856,23938,26,1,1,128,1,1,16,0.000,0.000,,,,,NVIDIA A100-SXM4-40GB (0),1,,13,cupy_copy__float32_float32
2016944653,2848,23947,103,1,1,128,1,1,16,0.000,0.000,,,,,NVIDIA A100-SXM4-40GB (0),1,,13,cupy_copy__complex64_complex64
2016948461,13792,23957,1434,1,1,128,1,1,16,0.000,0.000,,,,,NVIDIA A100-SXM4-40GB (0),1,,13,cupy_copy__complex64_complex64
2017672517,80095,23962,1,1,1,32,32,1,30,0.000,0.000,,,,,NVIDIA A100-SXM4-40GB (0),1,,13,"void convert_kernel<__half2, float2>(tensor_layout_any, T1 *, tensor_layout_any, const T2 *)"
2017784228,4416,23965,,,,,,,,,,0.061,13913.027,Pinned,Device,NVIDIA A100-SXM4-40GB (0),1,,13,[CUDA memcpy Host-to-Device]
2017796676,588889,23966,,,,,,,,,,456.520,775171.775,Device,,NVIDIA A100-SXM4-40GB (0),1,,13,[CUDA memset]
2018389949,36736,23971,,,,,,,,,,0.825,22466.689,Pinned,Device,NVIDIA A100-SXM4-40GB (0),1,,13,[CUDA memcpy Host-to-Device]
2018429853,7904,23972,,,,,,,,,,0.131,16582.967,Pinned,Device,NVIDIA A100-SXM4-40GB (0),1,,13,[CUDA memcpy Host-to-Device]
2018447997,7456,23973,69,4,1,48,1,1,76,0.002,0.000,,,,,NVIDIA A100-SXM4-40GB (0),1,,13,"void ch_est::windowedChEstPreNoDftSOfdmKernel<float, __half, float, (unsigned int)2, (unsigned int)1, (unsigned short)4>(ch_est::puschRxChEstStatDescr_t *, ch_est::puschRxChEstDynDescr_t *)"
2018457021,5983,23974,137,2,1,24,2,1,44,0.001,0.001,,,,,NVIDIA A100-SXM4-40GB (0),1,,13,"void ch_est::chEstFilterNoDftSOfdmDispatchKernel<float, __half, float, (unsigned int)2>(ch_est::puschRxChEstStatDescr_t *, ch_est::puschRxChEstDynDescr_t *)"
2018463964,4704,23975,137,2,1,24,2,1,44,0.001,0.001,,,,,NVIDIA A100-SXM4-40GB (0),1,,13,"void ch_est::chEstFilterNoDftSOfdmDispatchKernel<float, __half, float, (unsigned int)2>(ch_est::puschRxChEstStatDescr_t *, ch_est::puschRxChEstDynDescr_t *)"
2018469756,2336,23986,103,1,1,128,1,1,16,0.000,0.000,,,,,NVIDIA A100-SXM4-40GB (0),1,,13,cupy_copy__complex64_complex64
2018473052,15200,23996,1434,1,1,128,1,1,16,0.000,0.000,,,,,NVIDIA A100-SXM4-40GB (0),1,,13,cupy_copy__complex64_complex64
2018489308,2240,24003,103,1,1,128,1,1,16,0.000,0.000,,,,,NVIDIA A100-SXM4-40GB (0),1,,13,cupy_copy__complex64_complex64
2018492764,79775,24010,1,1,1,32,32,1,30,0.000,0.000,,,,,NVIDIA A100-SXM4-40GB (0),1,,13,"void convert_kernel<__half2, float2>(tensor_layout_any, T1 *, tensor_layout_any, const T2 *)"
2018600795,4416,24013,,,,,,,,,,0.061,13913.027,Pinned,Device,NVIDIA A100-SXM4-40GB (0),1,,13,[CUDA memcpy Host-to-Device]
2018613819,45823,24014,,,,,,,,,,35.801,781284.350,Device,,NVIDIA A100-SXM4-40GB (0),1,,13,[CUDA memset]
2018666426,1952,24016,,,,,,,,,,0.000,40.984,Pinned,Device,NVIDIA A100-SXM4-40GB (0),1,,13,[CUDA memcpy Host-to-Device]
2018670650,7936,24017,,,,,,,,,,0.131,16516.121,Pinned,Device,NVIDIA A100-SXM4-40GB (0),1,,13,[CUDA memcpy Host-to-Device]
2018686042,8768,24018,273,1,1,48,1,1,40,0.000,0.001,,,,,NVIDIA A100-SXM4-40GB (0),1,,13,"void pusch_noise_intf_est::noiseIntfEstNoDftSOfdmKernel<float, __half, float, float, (unsigned int)2, (unsigned int)1, (unsigned char)4, (unsigned char)4>(pusch_noise_intf_est::puschRxNoiseIntfEstDynDescr)"
2018695802,2656,24029,35,1,1,128,1,1,16,0.000,0.000,,,,,NVIDIA A100-SXM4-40GB (0),1,,13,cupy_copy__complex64_complex64
2018723642,1568,24038,1,1,1,1,1,1,18,0.000,0.000,,,,,NVIDIA A100-SXM4-40GB (0),1,,13,cupy_copy__float32_float32
2018759289,1920,24044,,,,,,,,,,0.000,2.083,Device,Pageable,NVIDIA A100-SXM4-40GB (0),1,,7,[CUDA memcpy Device-to-Host]
2018818649,15295,24055,1434,1,1,128,1,1,16,0.000,0.000,,,,,NVIDIA A100-SXM4-40GB (0),1,,13,cupy_copy__complex64_complex64
2018849752,2560,24062,103,1,1,128,1,1,16,0.000,0.000,,,,,NVIDIA A100-SXM4-40GB (0),1,,13,cupy_copy__complex64_complex64
2018871864,2112,24069,35,1,1,128,1,1,16,0.000,0.000,,,,,NVIDIA A100-SXM4-40GB (0),1,,13,cupy_copy__complex64_complex64
2018891224,1536,24076,1,1,1,1,1,1,18,0.000,0.000,,,,,NVIDIA A100-SXM4-40GB (0),1,,13,cupy_copy__float32_float32
2019025782,79775,24087,1,1,1,32,32,1,30,0.000,0.000,,,,,NVIDIA A100-SXM4-40GB (0),1,,13,"void convert_kernel<__half2, float2>(tensor_layout_any, T1 *, tensor_layout_any, const T2 *)"
2019133845,4448,24090,,,,,,,,,,0.061,13812.941,Pinned,Device,NVIDIA A100-SXM4-40GB (0),1,,13,[CUDA memcpy Host-to-Device]
2019148597,3328,24091,,,,,,,,,,1.547,464729.580,Device,,NVIDIA A100-SXM4-40GB (0),1,,13,[CUDA memset]
2019155541,3904,24096,,,,,,,,,,0.021,5393.431,Pinned,Device,NVIDIA A100-SXM4-40GB (0),1,,13,[CUDA memcpy Host-to-Device]
2019161909,8352,24097,,,,,,,,,,0.131,15693.382,Pinned,Device,NVIDIA A100-SXM4-40GB (0),1,,13,[CUDA memcpy Host-to-Device]
2019181205,5983,24098,273,1,1,8,4,1,39,0.002,0.000,,,,,NVIDIA A100-SXM4-40GB (0),1,,13,"void channel_eq::eqMmseCoefCompLowMimoKernel<float, float, float, (unsigned int)4, (unsigned int)1, (unsigned int)4>(const channel_eq::_puschRxChEqStatDescr *, channel_eq::_puschRxChEqCoefCompDynDescr)"
2019188404,5184,24099,273,1,1,12,11,1,40,0.002,0.000,,,,,NVIDIA A100-SXM4-40GB (0),1,,13,"void channel_eq::eqMmseSoftDemapKernel<float, __half, __half, float, (unsigned int)4, (unsigned short)16383>(channel_eq::_puschRxChEqStatDescr *, channel_eq::_puschRxChEqSoftDemapDynDescr)"
2019194644,280957,24100,1,1,1,32,32,1,30,0.000,0.000,,,,,NVIDIA A100-SXM4-40GB (0),1,,13,"void convert_kernel<float2, __half2>(tensor_layout_any, T1 *, tensor_layout_any, const T2 *)"
2019476689,12640,24112,2253,1,1,128,1,1,16,0.000,0.000,,,,,NVIDIA A100-SXM4-40GB (0),1,,13,cupy_copy__float16_float16
2019490321,2592,24121,282,1,1,128,1,1,16,0.000,0.000,,,,,NVIDIA A100-SXM4-40GB (0),1,,13,cupy_copy__complex64_complex64
2019493905,1888,24130,26,1,1,128,1,1,16,0.000,0.000,,,,,NVIDIA A100-SXM4-40GB (0),1,,13,cupy_copy__float32_float32
2019496849,2848,24139,103,1,1,128,1,1,16,0.000,0.000,,,,,NVIDIA A100-SXM4-40GB (0),1,,13,cupy_copy__complex64_complex64
2019500721,13792,24149,1434,1,1,128,1,1,16,0.000,0.000,,,,,NVIDIA A100-SXM4-40GB (0),1,,13,cupy_copy__complex64_complex64
2019532593,78879,24154,1,1,1,32,32,1,30,0.000,0.000,,,,,NVIDIA A100-SXM4-40GB (0),1,,13,"void convert_kernel<__half2, float2>(tensor_layout_any, T1 *, tensor_layout_any, const T2 *)"
2019640527,4384,24157,,,,,,,,,,0.061,14014.587,Pinned,Device,NVIDIA A100-SXM4-40GB (0),1,,13,[CUDA memcpy Host-to-Device]
2019652271,589274,24158,,,,,,,,,,456.520,774715.255,Device,,NVIDIA A100-SXM4-40GB (0),1,,13,[CUDA memset]
2020242665,37343,24163,,,,,,,,,,0.825,22101.062,Pinned,Device,NVIDIA A100-SXM4-40GB (0),1,,13,[CUDA memcpy Host-to-Device]
2020283016,7520,24164,,,,,,,,,,0.131,17429.692,Pinned,Device,NVIDIA A100-SXM4-40GB (0),1,,13,[CUDA memcpy Host-to-Device]
2020302440,7360,24165,69,4,1,48,1,1,76,0.002,0.000,,,,,NVIDIA A100-SXM4-40GB (0),1,,13,"void ch_est::windowedChEstPreNoDftSOfdmKernel<float, __half, float, (unsigned int)2, (unsigned int)1, (unsigned short)4>(ch_est::puschRxChEstStatDescr_t *, ch_est::puschRxChEstDynDescr_t *)"
2020311464,5984,24166,137,2,1,24,2,1,44,0.001,0.001,,,,,NVIDIA A100-SXM4-40GB (0),1,,13,"void ch_est::chEstFilterNoDftSOfdmDispatchKernel<float, __half, float, (unsigned int)2>(ch_est::puschRxChEstStatDescr_t *, ch_est::puschRxChEstDynDescr_t *)"
2020318408,4736,24167,137,2,1,24,2,1,44,0.001,0.001,,,,,NVIDIA A100-SXM4-40GB (0),1,,13,"void ch_est::chEstFilterNoDftSOfdmDispatchKernel<float, __half, float, (unsigned int)2>(ch_est::puschRxChEstStatDescr_t *, ch_est::puschRxChEstDynDescr_t *)"
2020324232,2368,24178,103,1,1,128,1,1,16,0.000,0.000,,,,,NVIDIA A100-SXM4-40GB (0),1,,13,cupy_copy__complex64_complex64
2020327560,15360,24188,1434,1,1,128,1,1,16,0.000,0.000,,,,,NVIDIA A100-SXM4-40GB (0),1,,13,cupy_copy__complex64_complex64
2020343880,2304,24195,103,1,1,128,1,1,16,0.000,0.000,,,,,NVIDIA A100-SXM4-40GB (0),1,,13,cupy_copy__complex64_complex64
2020347272,78719,24202,1,1,1,32,32,1,30,0.000,0.000,,,,,NVIDIA A100-SXM4-40GB (0),1,,13,"void convert_kernel<__half2, float2>(tensor_layout_any, T1 *, tensor_layout_any, const T2 *)"
2020453670,5216,24205,,,,,,,,,,0.061,11779.092,Pinned,Device,NVIDIA A100-SXM4-40GB (0),1,,13,[CUDA memcpy Host-to-Device]
2020465958,46112,24206,,,,,,,,,,35.801,776379.619,Device,,NVIDIA A100-SXM4-40GB (0),1,,13,[CUDA memset]
2020517798,1952,24208,,,,,,,,,,0.000,40.984,Pinned,Device,NVIDIA A100-SXM4-40GB (0),1,,13,[CUDA memcpy Host-to-Device]
2020521894,7200,24209,,,,,,,,,,0.131,18204.328,Pinned,Device,NVIDIA A100-SXM4-40GB (0),1,,13,[CUDA memcpy Host-to-Device]
2020536198,8543,24210,273,1,1,48,1,1,40,0.000,0.001,,,,,NVIDIA A100-SXM4-40GB (0),1,,13,"void pusch_noise_intf_est::noiseIntfEstNoDftSOfdmKernel<float, __half, float, float, (unsigned int)2, (unsigned int)1, (unsigned char)4, (unsigned char)4>(pusch_noise_intf_est::puschRxNoiseIntfEstDynDescr)"
2020545797,2592,24221,35,1,1,128,1,1,16,0.000,0.000,,,,,NVIDIA A100-SXM4-40GB (0),1,,13,cupy_copy__complex64_complex64
2020573509,1568,24230,1,1,1,1,1,1,18,0.000,0.000,,,,,NVIDIA A100-SXM4-40GB (0),1,,13,cupy_copy__float32_float32
2020611045,1600,24236,,,,,,,,,,0.000,2.500,Device,Pageable,NVIDIA A100-SXM4-40GB (0),1,,7,[CUDA memcpy Device-to-Host]
2020671748,15232,24247,1434,1,1,128,1,1,16,0.000,0.000,,,,,NVIDIA A100-SXM4-40GB (0),1,,13,cupy_copy__complex64_complex64
2020699588,2496,24254,103,1,1,128,1,1,16,0.000,0.000,,,,,NVIDIA A100-SXM4-40GB (0),1,,13,cupy_copy__complex64_complex64
2020719684,2143,24261,35,1,1,128,1,1,16,0.000,0.000,,,,,NVIDIA A100-SXM4-40GB (0),1,,13,cupy_copy__complex64_complex64
2020738307,1568,24268,1,1,1,1,1,1,18,0.000,0.000,,,,,NVIDIA A100-SXM4-40GB (0),1,,13,cupy_copy__float32_float32
2020870754,79135,24279,1,1,1,32,32,1,30,0.000,0.000,,,,,NVIDIA A100-SXM4-40GB (0),1,,13,"void convert_kernel<__half2, float2>(tensor_layout_any, T1 *, tensor_layout_any, const T2 *)"
2021116607,5024,24282,,,,,,,,,,0.061,12229.263,Pinned,Device,NVIDIA A100-SXM4-40GB (0),1,,13,[CUDA memcpy Host-to-Device]
2021128191,3328,24283,,,,,,,,,,1.547,464729.580,Device,,NVIDIA A100-SXM4-40GB (0),1,,13,[CUDA memset]
2021138367,4000,24288,,,,,,,,,,0.021,5264.000,Pinned,Device,NVIDIA A100-SXM4-40GB (0),1,,13,[CUDA memcpy Host-to-Device]
2021144831,7456,24289,,,,,,,,,,0.131,17579.377,Pinned,Device,NVIDIA A100-SXM4-40GB (0),1,,13,[CUDA memcpy Host-to-Device]
2021156383,6112,24290,273,1,1,8,4,1,39,0.002,0.000,,,,,NVIDIA A100-SXM4-40GB (0),1,,13,"void channel_eq::eqMmseCoefCompLowMimoKernel<float, float, float, (unsigned int)4, (unsigned int)1, (unsigned int)4>(const channel_eq::_puschRxChEqStatDescr *, channel_eq::_puschRxChEqCoefCompDynDescr)"
2021163487,5280,24291,273,1,1,12,11,1,40,0.002,0.000,,,,,NVIDIA A100-SXM4-40GB (0),1,,13,"void channel_eq::eqMmseSoftDemapKernel<float, __half, __half, float, (unsigned int)4, (unsigned short)16383>(channel_eq::_puschRxChEqStatDescr *, channel_eq::_puschRxChEqSoftDemapDynDescr)"
2021169759,281020,24292,1,1,1,32,32,1,30,0.000,0.000,,,,,NVIDIA A100-SXM4-40GB (0),1,,13,"void convert_kernel<float2, __half2>(tensor_layout_any, T1 *, tensor_layout_any, const T2 *)"
2021451739,12448,24304,2253,1,1,128,1,1,16,0.000,0.000,,,,,NVIDIA A100-SXM4-40GB (0),1,,13,cupy_copy__float16_float16
2021465179,2592,24313,282,1,1,128,1,1,16,0.000,0.000,,,,,NVIDIA A100-SXM4-40GB (0),1,,13,cupy_copy__complex64_complex64
2021468763,1856,24322,26,1,1,128,1,1,16,0.000,0.000,,,,,NVIDIA A100-SXM4-40GB (0),1,,13,cupy_copy__float32_float32
2021471707,2880,24331,103,1,1,128,1,1,16,0.000,0.000,,,,,NVIDIA A100-SXM4-40GB (0),1,,13,cupy_copy__complex64_complex64
2021475547,13824,24341,1434,1,1,128,1,1,16,0.000,0.000,,,,,NVIDIA A100-SXM4-40GB (0),1,,13,cupy_copy__complex64_complex64
2021652889,79775,24346,1,1,1,32,32,1,30,0.000,0.000,,,,,NVIDIA A100-SXM4-40GB (0),1,,13,"void convert_kernel<__half2, float2>(tensor_layout_any, T1 *, tensor_layout_any, const T2 *)"
2021764024,4416,24349,,,,,,,,,,0.061,13913.027,Pinned,Device,NVIDIA A100-SXM4-40GB (0),1,,13,[CUDA memcpy Host-to-Device]
2021776568,587609,24350,,,,,,,,,,456.520,776541.336,Device,,NVIDIA A100-SXM4-40GB (0),1,,13,[CUDA memset]
2022369169,37312,24355,,,,,,,,,,0.825,22120.045,Pinned,Device,NVIDIA A100-SXM4-40GB (0),1,,13,[CUDA memcpy Host-to-Device]
2022409201,7520,24356,,,,,,,,,,0.131,17429.692,Pinned,Device,NVIDIA A100-SXM4-40GB (0),1,,13,[CUDA memcpy Host-to-Device]
2022423153,7264,24357,69,4,1,48,1,1,76,0.002,0.000,,,,,NVIDIA A100-SXM4-40GB (0),1,,13,"void ch_est::windowedChEstPreNoDftSOfdmKernel<float, __half, float, (unsigned int)2, (unsigned int)1, (unsigned short)4>(ch_est::puschRxChEstStatDescr_t *, ch_est::puschRxChEstDynDescr_t *)"
2022431985,5984,24358,137,2,1,24,2,1,44,0.001,0.001,,,,,NVIDIA A100-SXM4-40GB (0),1,,13,"void ch_est::chEstFilterNoDftSOfdmDispatchKernel<float, __half, float, (unsigned int)2>(ch_est::puschRxChEstStatDescr_t *, ch_est::puschRxChEstDynDescr_t *)"
2022439185,4767,24359,137,2,1,24,2,1,44,0.001,0.001,,,,,NVIDIA A100-SXM4-40GB (0),1,,13,"void ch_est::chEstFilterNoDftSOfdmDispatchKernel<float, __half, float, (unsigned int)2>(ch_est::puschRxChEstStatDescr_t *, ch_est::puschRxChEstDynDescr_t *)"
2022445008,2336,24370,103,1,1,128,1,1,16,0.000,0.000,,,,,NVIDIA A100-SXM4-40GB (0),1,,13,cupy_copy__complex64_complex64
2022448368,15296,24380,1434,1,1,128,1,1,16,0.000,0.000,,,,,NVIDIA A100-SXM4-40GB (0),1,,13,cupy_copy__complex64_complex64
2022464688,2240,24387,103,1,1,128,1,1,16,0.000,0.000,,,,,NVIDIA A100-SXM4-40GB (0),1,,13,cupy_copy__complex64_complex64
2022467984,79839,24394,1,1,1,32,32,1,30,0.000,0.000,,,,,NVIDIA A100-SXM4-40GB (0),1,,13,"void convert_kernel<__half2, float2>(tensor_layout_any, T1 *, tensor_layout_any, const T2 *)"
2022709326,4383,24397,,,,,,,,,,0.061,14017.782,Pinned,Device,NVIDIA A100-SXM4-40GB (0),1,,13,[CUDA memcpy Host-to-Device]
2022724173,46720,24398,,,,,,,,,,35.801,766283.748,Device,,NVIDIA A100-SXM4-40GB (0),1,,13,[CUDA memset]
2022772621,1952,24400,,,,,,,,,,0.000,40.984,Pinned,Device,NVIDIA A100-SXM4-40GB (0),1,,13,[CUDA memcpy Host-to-Device]
2022776653,7584,24401,,,,,,,,,,0.131,17282.630,Pinned,Device,NVIDIA A100-SXM4-40GB (0),1,,13,[CUDA memcpy Host-to-Device]
2022787949,9184,24402,273,1,1,48,1,1,40,0.000,0.001,,,,,NVIDIA A100-SXM4-40GB (0),1,,13,"void pusch_noise_intf_est::noiseIntfEstNoDftSOfdmKernel<float, __half, float, float, (unsigned int)2, (unsigned int)1, (unsigned char)4, (unsigned char)4>(pusch_noise_intf_est::puschRxNoiseIntfEstDynDescr)"
2022798157,2560,24413,35,1,1,128,1,1,16,0.000,0.000,,,,,NVIDIA A100-SXM4-40GB (0),1,,13,cupy_copy__complex64_complex64
2022820364,1568,24422,1,1,1,1,1,1,18,0.000,0.000,,,,,NVIDIA A100-SXM4-40GB (0),1,,13,cupy_copy__float32_float32
2022859788,1664,24428,,,,,,,,,,0.000,2.404,Device,Pageable,NVIDIA A100-SXM4-40GB (0),1,,7,[CUDA memcpy Device-to-Host]
2022920075,15392,24439,1434,1,1,128,1,1,16,0.000,0.000,,,,,NVIDIA A100-SXM4-40GB (0),1,,13,cupy_copy__complex64_complex64
2022947787,2496,24446,103,1,1,128,1,1,16,0.000,0.000,,,,,NVIDIA A100-SXM4-40GB (0),1,,13,cupy_copy__complex64_complex64
2022968843,2144,24453,35,1,1,128,1,1,16,0.000,0.000,,,,,NVIDIA A100-SXM4-40GB (0),1,,13,cupy_copy__complex64_complex64
2022987050,1504,24460,1,1,1,1,1,1,18,0.000,0.000,,,,,NVIDIA A100-SXM4-40GB (0),1,,13,cupy_copy__float32_float32
2023249320,79583,24471,1,1,1,32,32,1,30,0.000,0.000,,,,,NVIDIA A100-SXM4-40GB (0),1,,13,"void convert_kernel<__half2, float2>(tensor_layout_any, T1 *, tensor_layout_any, const T2 *)"
2023360198,4384,24474,,,,,,,,,,0.061,14014.587,Pinned,Device,NVIDIA A100-SXM4-40GB (0),1,,13,[CUDA memcpy Host-to-Device]
2023375750,3360,24475,,,,,,,,,,1.547,460304.688,Device,,NVIDIA A100-SXM4-40GB (0),1,,13,[CUDA memset]
2023382886,4096,24480,,,,,,,,,,0.021,5140.612,Pinned,Device,NVIDIA A100-SXM4-40GB (0),1,,13,[CUDA memcpy Host-to-Device]
2023389478,7616,24481,,,,,,,,,,0.131,17210.016,Pinned,Device,NVIDIA A100-SXM4-40GB (0),1,,13,[CUDA memcpy Host-to-Device]
2023401510,6016,24482,273,1,1,8,4,1,39,0.002,0.000,,,,,NVIDIA A100-SXM4-40GB (0),1,,13,"void channel_eq::eqMmseCoefCompLowMimoKernel<float, float, float, (unsigned int)4, (unsigned int)1, (unsigned int)4>(const channel_eq::_puschRxChEqStatDescr *, channel_eq::_puschRxChEqCoefCompDynDescr)"
2023408486,5280,24483,273,1,1,12,11,1,40,0.002,0.000,,,,,NVIDIA A100-SXM4-40GB (0),1,,13,"void channel_eq::eqMmseSoftDemapKernel<float, __half, __half, float, (unsigned int)4, (unsigned short)16383>(channel_eq::_puschRxChEqStatDescr *, channel_eq::_puschRxChEqSoftDemapDynDescr)"
2023414726,281501,24484,1,1,1,32,32,1,30,0.000,0.000,,,,,NVIDIA A100-SXM4-40GB (0),1,,13,"void convert_kernel<float2, __half2>(tensor_layout_any, T1 *, tensor_layout_any, const T2 *)"
2023697315,12255,24496,2253,1,1,128,1,1,16,0.000,0.000,,,,,NVIDIA A100-SXM4-40GB (0),1,,13,cupy_copy__float16_float16
2023710530,2624,24505,282,1,1,128,1,1,16,0.000,0.000,,,,,NVIDIA A100-SXM4-40GB (0),1,,13,cupy_copy__complex64_complex64
2023714242,1856,24514,26,1,1,128,1,1,16,0.000,0.000,,,,,NVIDIA A100-SXM4-40GB (0),1,,13,cupy_copy__float32_float32
2023717154,2880,24523,103,1,1,128,1,1,16,0.000,0.000,,,,,NVIDIA A100-SXM4-40GB (0),1,,13,cupy_copy__complex64_complex64
2023720994,13952,24533,1434,1,1,128,1,1,16,0.000,0.000,,,,,NVIDIA A100-SXM4-40GB (0),1,,13,cupy_copy__complex64_complex64
2023768994,78239,24538,1,1,1,32,32,1,30,0.000,0.000,,,,,NVIDIA A100-SXM4-40GB (0),1,,13,"void convert_kernel<__half2, float2>(tensor_layout_any, T1 *, tensor_layout_any, const T2 *)"
2023875169,4928,24541,,,,,,,,,,0.061,12467.528,Pinned,Device,NVIDIA A100-SXM4-40GB (0),1,,13,[CUDA memcpy Host-to-Device]
2023886689,591001,24542,,,,,,,,,,456.520,772432.652,Device,,NVIDIA A100-SXM4-40GB (0),1,,13,[CUDA memset]
2024485466,35840,24547,,,,,,,,,,0.825,23027.923,Pinned,Device,NVIDIA A100-SXM4-40GB (0),1,,13,[CUDA memcpy Host-to-Device]
2024523449,7552,24548,,,,,,,,,,0.131,17355.899,Pinned,Device,NVIDIA A100-SXM4-40GB (0),1,,13,[CUDA memcpy Host-to-Device]
2024537689,7328,24549,69,4,1,48,1,1,76,0.002,0.000,,,,,NVIDIA A100-SXM4-40GB (0),1,,13,"void ch_est::windowedChEstPreNoDftSOfdmKernel<float, __half, float, (unsigned int)2, (unsigned int)1, (unsigned short)4>(ch_est::puschRxChEstStatDescr_t *, ch_est::puschRxChEstDynDescr_t *)"
2024546681,5792,24550,137,2,1,24,2,1,44,0.001,0.001,,,,,NVIDIA A100-SXM4-40GB (0),1,,13,"void ch_est::chEstFilterNoDftSOfdmDispatchKernel<float, __half, float, (unsigned int)2>(ch_est::puschRxChEstStatDescr_t *, ch_est::puschRxChEstDynDescr_t *)"
2024553657,4704,24551,137,2,1,24,2,1,44,0.001,0.001,,,,,NVIDIA A100-SXM4-40GB (0),1,,13,"void ch_est::chEstFilterNoDftSOfdmDispatchKernel<float, __half, float, (unsigned int)2>(ch_est::puschRxChEstStatDescr_t *, ch_est::puschRxChEstDynDescr_t *)"
2024559385,2336,24562,103,1,1,128,1,1,16,0.000,0.000,,,,,NVIDIA A100-SXM4-40GB (0),1,,13,cupy_copy__complex64_complex64
2024562745,15232,24572,1434,1,1,128,1,1,16,0.000,0.000,,,,,NVIDIA A100-SXM4-40GB (0),1,,13,cupy_copy__complex64_complex64
2024579033,2272,24579,103,1,1,128,1,1,16,0.000,0.000,,,,,NVIDIA A100-SXM4-40GB (0),1,,13,cupy_copy__complex64_complex64
2024582393,78943,24586,1,1,1,32,32,1,30,0.000,0.000,,,,,NVIDIA A100-SXM4-40GB (0),1,,13,"void convert_kernel<__half2, float2>(tensor_layout_any, T1 *, tensor_layout_any, const T2 *)"
2024689048,4448,24589,,,,,,,,,,0.061,13812.941,Pinned,Device,NVIDIA A100-SXM4-40GB (0),1,,13,[CUDA memcpy Host-to-Device]
2024703032,45823,24590,,,,,,,,,,35.801,781284.350,Device,,NVIDIA A100-SXM4-40GB (0),1,,13,[CUDA memset]
2024753719,1952,24592,,,,,,,,,,0.000,40.984,Pinned,Device,NVIDIA A100-SXM4-40GB (0),1,,13,[CUDA memcpy Host-to-Device]
2024758359,7424,24593,,,,,,,,,,0.131,17655.136,Pinned,Device,NVIDIA A100-SXM4-40GB (0),1,,13,[CUDA memcpy Host-to-Device]
2024772663,8672,24594,273,1,1,48,1,1,40,0.000,0.001,,,,,NVIDIA A100-SXM4-40GB (0),1,,13,"void pusch_noise_intf_est::noiseIntfEstNoDftSOfdmKernel<float, __half, float, float, (unsigned int)2, (unsigned int)1, (unsigned char)4, (unsigned char)4>(pusch_noise_intf_est::puschRxNoiseIntfEstDynDescr)"
2024782423,2816,24605,35,1,1,128,1,1,16,0.000,0.000,,,,,NVIDIA A100-SXM4-40GB (0),1,,13,cupy_copy__complex64_complex64
2024815702,1600,24614,1,1,1,1,1,1,18,0.000,0.000,,,,,NVIDIA A100-SXM4-40GB (0),1,,13,cupy_copy__float32_float32
2024850486,1792,24620,,,,,,,,,,0.000,2.232,Device,Pageable,NVIDIA A100-SXM4-40GB (0),1,,7,[CUDA memcpy Device-to-Host]
2024908821,15360,24631,1434,1,1,128,1,1,16,0.000,0.000,,,,,NVIDIA A100-SXM4-40GB (0),1,,13,cupy_copy__complex64_complex64
2024935157,2528,24638,103,1,1,128,1,1,16,0.000,0.000,,,,,NVIDIA A100-SXM4-40GB (0),1,,13,cupy_copy__complex64_complex64
2024956469,2144,24645,35,1,1,128,1,1,16,0.000,0.000,,,,,NVIDIA A100-SXM4-40GB (0),1,,13,cupy_copy__complex64_complex64
2024974197,1535,24652,1,1,1,1,1,1,18,0.000,0.000,,,,,NVIDIA A100-SXM4-40GB (0),1,,13,cupy_copy__float32_float32
2025108051,80063,24663,1,1,1,32,32,1,30,0.000,0.000,,,,,NVIDIA A100-SXM4-40GB (0),1,,13,"void convert_kernel<__half2, float2>(tensor_layout_any, T1 *, tensor_layout_any, const T2 *)"
2025215314,5408,24666,,,,,,,,,,0.061,11360.932,Pinned,Device,NVIDIA A100-SXM4-40GB (0),1,,13,[CUDA memcpy Host-to-Device]
2025229810,3296,24667,,,,,,,,,,1.547,469242.628,Device,,NVIDIA A100-SXM4-40GB (0),1,,13,[CUDA memset]
2025236594,3904,24672,,,,,,,,,,0.021,5393.431,Pinned,Device,NVIDIA A100-SXM4-40GB (0),1,,13,[CUDA memcpy Host-to-Device]
2025242930,7519,24673,,,,,,,,,,0.131,17432.052,Pinned,Device,NVIDIA A100-SXM4-40GB (0),1,,13,[CUDA memcpy Host-to-Device]
2025254609,6080,24674,273,1,1,8,4,1,39,0.002,0.000,,,,,NVIDIA A100-SXM4-40GB (0),1,,13,"void channel_eq::eqMmseCoefCompLowMimoKernel<float, float, float, (unsigned int)4, (unsigned int)1, (unsigned int)4>(const channel_eq::_puschRxChEqStatDescr *, channel_eq::_puschRxChEqCoefCompDynDescr)"
2025261777,5152,24675,273,1,1,12,11,1,40,0.002,0.000,,,,,NVIDIA A100-SXM4-40GB (0),1,,13,"void channel_eq::eqMmseSoftDemapKernel<float, __half, __half, float, (unsigned int)4, (unsigned short)16383>(channel_eq::_puschRxChEqStatDescr *, channel_eq::_puschRxChEqSoftDemapDynDescr)"
2025267889,281085,24676,1,1,1,32,32,1,30,0.000,0.000,,,,,NVIDIA A100-SXM4-40GB (0),1,,13,"void convert_kernel<float2, __half2>(tensor_layout_any, T1 *, tensor_layout_any, const T2 *)"
2025550030,12352,24688,2253,1,1,128,1,1,16,0.000,0.000,,,,,NVIDIA A100-SXM4-40GB (0),1,,13,cupy_copy__float16_float16
2025563438,2624,24697,282,1,1,128,1,1,16,0.000,0.000,,,,,NVIDIA A100-SXM4-40GB (0),1,,13,cupy_copy__complex64_complex64
2025567022,1888,24706,26,1,1,128,1,1,16,0.000,0.000,,,,,NVIDIA A100-SXM4-40GB (0),1,,13,cupy_copy__float32_float32
2025569870,2848,24715,103,1,1,128,1,1,16,0.000,0.000,,,,,NVIDIA A100-SXM4-40GB (0),1,,13,cupy_copy__complex64_complex64
2025573646,13984,24725,1434,1,1,128,1,1,16,0.000,0.000,,,,,NVIDIA A100-SXM4-40GB (0),1,,13,cupy_copy__complex64_complex64
2025621165,79871,24730,1,1,1,32,32,1,30,0.000,0.000,,,,,NVIDIA A100-SXM4-40GB (0),1,,13,"void convert_kernel<__half2, float2>(tensor_layout_any, T1 *, tensor_layout_any, const T2 *)"
2025727980,4832,24733,,,,,,,,,,0.061,12715.192,Pinned,Device,NVIDIA A100-SXM4-40GB (0),1,,13,[CUDA memcpy Host-to-Device]
2025739276,590650,24734,,,,,,,,,,456.520,772889.173,Device,,NVIDIA A100-SXM4-40GB (0),1,,13,[CUDA memset]
2026338501,36992,24739,,,,,,,,,,0.825,22310.699,Pinned,Device,NVIDIA A100-SXM4-40GB (0),1,,13,[CUDA memcpy Host-to-Device]
2026378597,7584,24740,,,,,,,,,,0.131,17282.630,Pinned,Device,NVIDIA A100-SXM4-40GB (0),1,,13,[CUDA memcpy Host-to-Device]
2026390085,7456,24741,69,4,1,48,1,1,76,0.002,0.000,,,,,NVIDIA A100-SXM4-40GB (0),1,,13,"void ch_est::windowedChEstPreNoDftSOfdmKernel<float, __half, float, (unsigned int)2, (unsigned int)1, (unsigned short)4>(ch_est::puschRxChEstStatDescr_t *, ch_est::puschRxChEstDynDescr_t *)"
2026399397,5952,24742,137,2,1,24,2,1,44,0.001,0.001,,,,,NVIDIA A100-SXM4-40GB (0),1,,13,"void ch_est::chEstFilterNoDftSOfdmDispatchKernel<float, __half, float, (unsigned int)2>(ch_est::puschRxChEstStatDescr_t *, ch_est::puschRxChEstDynDescr_t *)"
2026406309,4736,24743,137,2,1,24,2,1,44,0.001,0.001,,,,,NVIDIA A100-SXM4-40GB (0),1,,13,"void ch_est::chEstFilterNoDftSOfdmDispatchKernel<float, __half, float, (unsigned int)2>(ch_est::puschRxChEstStatDescr_t *, ch_est::puschRxChEstDynDescr_t *)"
2026412133,2304,24754,103,1,1,128,1,1,16,0.000,0.000,,,,,NVIDIA A100-SXM4-40GB (0),1,,13,cupy_copy__complex64_complex64
2026415429,15327,24764,1434,1,1,128,1,1,16,0.000,0.000,,,,,NVIDIA A100-SXM4-40GB (0),1,,13,cupy_copy__complex64_complex64
2026431716,2240,24771,103,1,1,128,1,1,16,0.000,0.000,,,,,NVIDIA A100-SXM4-40GB (0),1,,13,cupy_copy__complex64_complex64
2026435172,79167,24778,1,1,1,32,32,1,30,0.000,0.000,,,,,NVIDIA A100-SXM4-40GB (0),1,,13,"void convert_kernel<__half2, float2>(tensor_layout_any, T1 *, tensor_layout_any, const T2 *)"
2026974782,4800,24781,,,,,,,,,,0.061,12799.980,Pinned,Device,NVIDIA A100-SXM4-40GB (0),1,,13,[CUDA memcpy Host-to-Device]
2026988062,46784,24782,,,,,,,,,,35.801,765209.719,Device,,NVIDIA A100-SXM4-40GB (0),1,,13,[CUDA memset]
2027038558,1952,24784,,,,,,,,,,0.000,40.984,Pinned,Device,NVIDIA A100-SXM4-40GB (0),1,,13,[CUDA memcpy Host-to-Device]
2027042622,7744,24785,,,,,,,,,,0.131,16925.590,Pinned,Device,NVIDIA A100-SXM4-40GB (0),1,,13,[CUDA memcpy Host-to-Device]
2027059773,9120,24786,273,1,1,48,1,1,40,0.000,0.001,,,,,NVIDIA A100-SXM4-40GB (0),1,,13,"void pusch_noise_intf_est::noiseIntfEstNoDftSOfdmKernel<float, __half, float, float, (unsigned int)2, (unsigned int)1, (unsigned char)4, (unsigned char)4>(pusch_noise_intf_est::puschRxNoiseIntfEstDynDescr)"
2027069853,2624,24797,35,1,1,128,1,1,16,0.000,0.000,,,,,NVIDIA A100-SXM4-40GB (0),1,,13,cupy_copy__complex64_complex64
2027090397,1568,24806,1,1,1,1,1,1,18,0.000,0.000,,,,,NVIDIA A100-SXM4-40GB (0),1,,13,cupy_copy__float32_float32
2027125245,1760,24812,,,,,,,,,,0.000,2.273,Device,Pageable,NVIDIA A100-SXM4-40GB (0),1,,7,[CUDA memcpy Device-to-Host]
2027184220,15200,24823,1434,1,1,128,1,1,16,0.000,0.000,,,,,NVIDIA A100-SXM4-40GB (0),1,,13,cupy_copy__complex64_complex64
2027210844,2528,24830,103,1,1,128,1,1,16,0.000,0.000,,,,,NVIDIA A100-SXM4-40GB (0),1,,13,cupy_copy__complex64_complex64
2027231580,2112,24837,35,1,1,128,1,1,16,0.000,0.000,,,,,NVIDIA A100-SXM4-40GB (0),1,,13,cupy_copy__complex64_complex64
2027250651,1536,24844,1,1,1,1,1,1,18,0.000,0.000,,,,,NVIDIA A100-SXM4-40GB (0),1,,13,cupy_copy__float32_float32
2027513400,79616,24855,1,1,1,32,32,1,30,0.000,0.000,,,,,NVIDIA A100-SXM4-40GB (0),1,,13,"void convert_kernel<__half2, float2>(tensor_layout_any, T1 *, tensor_layout_any, const T2 *)"
2027624407,4480,24858,,,,,,,,,,0.061,13714.268,Pinned,Device,NVIDIA A100-SXM4-40GB (0),1,,13,[CUDA memcpy Host-to-Device]
2027640023,3296,24859,,,,,,,,,,1.547,469242.628,Device,,NVIDIA A100-SXM4-40GB (0),1,,13,[CUDA memset]
2027647223,3904,24864,,,,,,,,,,0.021,5393.431,Pinned,Device,NVIDIA A100-SXM4-40GB (0),1,,13,[CUDA memcpy Host-to-Device]
2027654263,7744,24865,,,,,,,,,,0.131,16925.590,Pinned,Device,NVIDIA A100-SXM4-40GB (0),1,,13,[CUDA memcpy Host-to-Device]
2027665527,5984,24866,273,1,1,8,4,1,39,0.002,0.000,,,,,NVIDIA A100-SXM4-40GB (0),1,,13,"void channel_eq::eqMmseCoefCompLowMimoKernel<float, float, float, (unsigned int)4, (unsigned int)1, (unsigned int)4>(const channel_eq::_puschRxChEqStatDescr *, channel_eq::_puschRxChEqCoefCompDynDescr)"
2027672759,5376,24867,273,1,1,12,11,1,40,0.002,0.000,,,,,NVIDIA A100-SXM4-40GB (0),1,,13,"void channel_eq::eqMmseSoftDemapKernel<float, __half, __half, float, (unsigned int)4, (unsigned short)16383>(channel_eq::_puschRxChEqStatDescr *, channel_eq::_puschRxChEqSoftDemapDynDescr)"
2027679191,280637,24868,1,1,1,32,32,1,30,0.000,0.000,,,,,NVIDIA A100-SXM4-40GB (0),1,,13,"void convert_kernel<float2, __half2>(tensor_layout_any, T1 *, tensor_layout_any, const T2 *)"
2027960948,12319,24880,2253,1,1,128,1,1,16,0.000,0.000,,,,,NVIDIA A100-SXM4-40GB (0),1,,13,cupy_copy__float16_float16
2027974355,2656,24889,282,1,1,128,1,1,16,0.000,0.000,,,,,NVIDIA A100-SXM4-40GB (0),1,,13,cupy_copy__complex64_complex64
2027977939,1888,24898,26,1,1,128,1,1,16,0.000,0.000,,,,,NVIDIA A100-SXM4-40GB (0),1,,13,cupy_copy__float32_float32
2027980883,2816,24907,103,1,1,128,1,1,16,0.000,0.000,,,,,NVIDIA A100-SXM4-40GB (0),1,,13,cupy_copy__complex64_complex64
2027984787,13984,24917,1434,1,1,128,1,1,16,0.000,0.000,,,,,NVIDIA A100-SXM4-40GB (0),1,,13,cupy_copy__complex64_complex64
2028034835,79199,24922,1,1,1,32,32,1,30,0.000,0.000,,,,,NVIDIA A100-SXM4-40GB (0),1,,13,"void convert_kernel<__half2, float2>(tensor_layout_any, T1 *, tensor_layout_any, const T2 *)"
2028273168,4384,24925,,,,,,,,,,0.061,14014.587,Pinned,Device,NVIDIA A100-SXM4-40GB (0),1,,13,[CUDA memcpy Host-to-Device]
2028283440,588505,24926,,,,,,,,,,456.520,775628.296,Device,,NVIDIA A100-SXM4-40GB (0),1,,13,[CUDA memset]
2028873577,35840,24931,,,,,,,,,,0.825,23027.923,Pinned,Device,NVIDIA A100-SXM4-40GB (0),1,,13,[CUDA memcpy Host-to-Device]
2028911529,7520,24932,,,,,,,,,,0.131,17429.692,Pinned,Device,NVIDIA A100-SXM4-40GB (0),1,,13,[CUDA memcpy Host-to-Device]
2028925449,7904,24933,69,4,1,48,1,1,76,0.002,0.000,,,,,NVIDIA A100-SXM4-40GB (0),1,,13,"void ch_est::windowedChEstPreNoDftSOfdmKernel<float, __half, float, (unsigned int)2, (unsigned int)1, (unsigned short)4>(ch_est::puschRxChEstStatDescr_t *, ch_est::puschRxChEstDynDescr_t *)"
2028934825,5984,24934,137,2,1,24,2,1,44,0.001,0.001,,,,,NVIDIA A100-SXM4-40GB (0),1,,13,"void ch_est::chEstFilterNoDftSOfdmDispatchKernel<float, __half, float, (unsigned int)2>(ch_est::puschRxChEstStatDescr_t *, ch_est::puschRxChEstDynDescr_t *)"
2028941865,4704,24935,137,2,1,24,2,1,44,0.001,0.001,,,,,NVIDIA A100-SXM4-40GB (0),1,,13,"void ch_est::chEstFilterNoDftSOfdmDispatchKernel<float, __half, float, (unsigned int)2>(ch_est::puschRxChEstStatDescr_t *, ch_est::puschRxChEstDynDescr_t *)"
2028947657,2368,24946,103,1,1,128,1,1,16,0.000,0.000,,,,,NVIDIA A100-SXM4-40GB (0),1,,13,cupy_copy__complex64_complex64
2028951049,15359,24956,1434,1,1,128,1,1,16,0.000,0.000,,,,,NVIDIA A100-SXM4-40GB (0),1,,13,cupy_copy__complex64_complex64
2028967592,2304,24963,103,1,1,128,1,1,16,0.000,0.000,,,,,NVIDIA A100-SXM4-40GB (0),1,,13,cupy_copy__complex64_complex64
2028970984,78175,24970,1,1,1,32,32,1,30,0.000,0.000,,,,,NVIDIA A100-SXM4-40GB (0),1,,13,"void convert_kernel<__half2, float2>(tensor_layout_any, T1 *, tensor_layout_any, const T2 *)"
2029080167,4864,24973,,,,,,,,,,0.061,12631.572,Pinned,Device,NVIDIA A100-SXM4-40GB (0),1,,13,[CUDA memcpy Host-to-Device]
2029093991,45983,24974,,,,,,,,,,35.801,778563.477,Device,,NVIDIA A100-SXM4-40GB (0),1,,13,[CUDA memset]
2029145926,1952,24976,,,,,,,,,,0.000,40.984,Pinned,Device,NVIDIA A100-SXM4-40GB (0),1,,13,[CUDA memcpy Host-to-Device]
2029149990,7776,24977,,,,,,,,,,0.131,16855.859,Pinned,Device,NVIDIA A100-SXM4-40GB (0),1,,13,[CUDA memcpy Host-to-Device]
2029164038,8672,24978,273,1,1,48,1,1,40,0.000,0.001,,,,,NVIDIA A100-SXM4-40GB (0),1,,13,"void pusch_noise_intf_est::noiseIntfEstNoDftSOfdmKernel<float, __half, float, float, (unsigned int)2, (unsigned int)1, (unsigned char)4, (unsigned char)4>(pusch_noise_intf_est::puschRxNoiseIntfEstDynDescr)"
2029174342,2656,24989,35,1,1,128,1,1,16,0.000,0.000,,,,,NVIDIA A100-SXM4-40GB (0),1,,13,cupy_copy__complex64_complex64
2029210214,1568,24998,1,1,1,1,1,1,18,0.000,0.000,,,,,NVIDIA A100-SXM4-40GB (0),1,,13,cupy_copy__float32_float32
2029245829,1696,25004,,,,,,,,,,0.000,2.358,Device,Pageable,NVIDIA A100-SXM4-40GB (0),1,,7,[CUDA memcpy Device-to-Host]
2029304709,15167,25015,1434,1,1,128,1,1,16,0.000,0.000,,,,,NVIDIA A100-SXM4-40GB (0),1,,13,cupy_copy__complex64_complex64
2029332036,2496,25022,103,1,1,128,1,1,16,0.000,0.000,,,,,NVIDIA A100-SXM4-40GB (0),1,,13,cupy_copy__complex64_complex64
2029352580,2176,25029,35,1,1,128,1,1,16,0.000,0.000,,,,,NVIDIA A100-SXM4-40GB (0),1,,13,cupy_copy__complex64_complex64
2029370596,1568,25036,1,1,1,1,1,1,18,0.000,0.000,,,,,NVIDIA A100-SXM4-40GB (0),1,,13,cupy_copy__float32_float32
2029709696,79551,25047,1,1,1,32,32,1,30,0.000,0.000,,,,,NVIDIA A100-SXM4-40GB (0),1,,13,"void convert_kernel<__half2, float2>(tensor_layout_any, T1 *, tensor_layout_any, const T2 *)"
2029819103,11776,25050,,,,,,,,,,0.061,5217.362,Pinned,Device,NVIDIA A100-SXM4-40GB (0),1,,13,[CUDA memcpy Host-to-Device]
2029835711,3296,25051,,,,,,,,,,1.547,469242.628,Device,,NVIDIA A100-SXM4-40GB (0),1,,13,[CUDA memset]
2029841567,10144,25056,,,,,,,,,,0.021,2075.700,Pinned,Device,NVIDIA A100-SXM4-40GB (0),1,,13,[CUDA memcpy Host-to-Device]
2029854335,23647,25057,,,,,,,,,,0.131,5542.773,Pinned,Device,NVIDIA A100-SXM4-40GB (0),1,,13,[CUDA memcpy Host-to-Device]
2029887006,6080,25058,273,1,1,8,4,1,39,0.002,0.000,,,,,NVIDIA A100-SXM4-40GB (0),1,,13,"void channel_eq::eqMmseCoefCompLowMimoKernel<float, float, float, (unsigned int)4, (unsigned int)1, (unsigned int)4>(const channel_eq::_puschRxChEqStatDescr *, channel_eq::_puschRxChEqCoefCompDynDescr)"
2029894174,5088,25059,273,1,1,12,11,1,40,0.002,0.000,,,,,NVIDIA A100-SXM4-40GB (0),1,,13,"void channel_eq::eqMmseSoftDemapKernel<float, __half, __half, float, (unsigned int)4, (unsigned short)16383>(channel_eq::_puschRxChEqStatDescr *, channel_eq::_puschRxChEqSoftDemapDynDescr)"
2029900478,280829,25060,1,1,1,32,32,1,30,0.000,0.000,,,,,NVIDIA A100-SXM4-40GB (0),1,,13,"void convert_kernel<float2, __half2>(tensor_layout_any, T1 *, tensor_layout_any, const T2 *)"
2030182427,12288,25072,2253,1,1,128,1,1,16,0.000,0.000,,,,,NVIDIA A100-SXM4-40GB (0),1,,13,cupy_copy__float16_float16
2030195675,2656,25081,282,1,1,128,1,1,16,0.000,0.000,,,,,NVIDIA A100-SXM4-40GB (0),1,,13,cupy_copy__complex64_complex64
2030199323,1824,25090,26,1,1,128,1,1,16,0.000,0.000,,,,,NVIDIA A100-SXM4-40GB (0),1,,13,cupy_copy__float32_float32
2030202267,2880,25099,103,1,1,128,1,1,16,0.000,0.000,,,,,NVIDIA A100-SXM4-40GB (0),1,,13,cupy_copy__complex64_complex64
2030206075,13888,25109,1434,1,1,128,1,1,16,0.000,0.000,,,,,NVIDIA A100-SXM4-40GB (0),1,,13,cupy_copy__complex64_complex64
2030228954,79648,25114,1,1,1,32,32,1,30,0.000,0.000,,,,,NVIDIA A100-SXM4-40GB (0),1,,13,"void convert_kernel<__half2, float2>(tensor_layout_any, T1 *, tensor_layout_any, const T2 *)"
2030337017,12192,25117,,,,,,,,,,0.061,5039.309,Pinned,Device,NVIDIA A100-SXM4-40GB (0),1,,13,[CUDA memcpy Host-to-Device]
2030360057,587833,25118,,,,,,,,,,456.520,776541.336,Device,,NVIDIA A100-SXM4-40GB (0),1,,13,[CUDA memset]
2030955442,131775,25123,,,,,,,,,,0.825,6262.710,Pinned,Device,NVIDIA A100-SXM4-40GB (0),1,,13,[CUDA memcpy Host-to-Device]
2031089361,22720,25124,,,,,,,,,,0.131,5769.003,Pinned,Device,NVIDIA A100-SXM4-40GB (0),1,,13,[CUDA memcpy Host-to-Device]
2031117809,7200,25125,69,4,1,48,1,1,76,0.002,0.000,,,,,NVIDIA A100-SXM4-40GB (0),1,,13,"void ch_est::windowedChEstPreNoDftSOfdmKernel<float, __half, float, (unsigned int)2, (unsigned int)1, (unsigned short)4>(ch_est::puschRxChEstStatDescr_t *, ch_est::puschRxChEstDynDescr_t *)"
2031126641,6047,25126,137,2,1,24,2,1,44,0.001,0.001,,,,,NVIDIA A100-SXM4-40GB (0),1,,13,"void ch_est::chEstFilterNoDftSOfdmDispatchKernel<float, __half, float, (unsigned int)2>(ch_est::puschRxChEstStatDescr_t *, ch_est::puschRxChEstDynDescr_t *)"
2031133616,4736,25127,137,2,1,24,2,1,44,0.001,0.001,,,,,NVIDIA A100-SXM4-40GB (0),1,,13,"void ch_est::chEstFilterNoDftSOfdmDispatchKernel<float, __half, float, (unsigned int)2>(ch_est::puschRxChEstStatDescr_t *, ch_est::puschRxChEstDynDescr_t *)"
2031139408,2336,25138,103,1,1,128,1,1,16,0.000,0.000,,,,,NVIDIA A100-SXM4-40GB (0),1,,13,cupy_copy__complex64_complex64
2031142800,15168,25148,1434,1,1,128,1,1,16,0.000,0.000,,,,,NVIDIA A100-SXM4-40GB (0),1,,13,cupy_copy__complex64_complex64
2031158896,2272,25155,103,1,1,128,1,1,16,0.000,0.000,,,,,NVIDIA A100-SXM4-40GB (0),1,,13,cupy_copy__complex64_complex64
2031162224,79167,25162,1,1,1,32,32,1,30,0.000,0.000,,,,,NVIDIA A100-SXM4-40GB (0),1,,13,"void convert_kernel<__half2, float2>(tensor_layout_any, T1 *, tensor_layout_any, const T2 *)"
2031270031,11712,25165,,,,,,,,,,0.061,5245.870,Pinned,Device,NVIDIA A100-SXM4-40GB (0),1,,13,[CUDA memcpy Host-to-Device]
2031291887,45631,25166,,,,,,,,,,35.801,784542.237,Device,,NVIDIA A100-SXM4-40GB (0),1,,13,[CUDA memset]
2031345806,2624,25168,,,,,,,,,,0.000,30.488,Pinned,Device,NVIDIA A100-SXM4-40GB (0),1,,13,[CUDA memcpy Host-to-Device]
2031350542,22720,25169,,,,,,,,,,0.131,5769.003,Pinned,Device,NVIDIA A100-SXM4-40GB (0),1,,13,[CUDA memcpy Host-to-Device]
2031384078,8736,25170,273,1,1,48,1,1,40,0.000,0.001,,,,,NVIDIA A100-SXM4-40GB (0),1,,13,"void pusch_noise_intf_est::noiseIntfEstNoDftSOfdmKernel<float, __half, float, float, (unsigned int)2, (unsigned int)1, (unsigned char)4, (unsigned char)4>(pusch_noise_intf_est::puschRxNoiseIntfEstDynDescr)"
2031393838,2624,25181,35,1,1,128,1,1,16,0.000,0.000,,,,,NVIDIA A100-SXM4-40GB (0),1,,13,cupy_copy__complex64_complex64
2031398542,1568,25190,1,1,1,1,1,1,18,0.000,0.000,,,,,NVIDIA A100-SXM4-40GB (0),1,,13,cupy_copy__float32_float32
2031431917,2016,25196,,,,,,,,,,0.000,1.984,Device,Pageable,NVIDIA A100-SXM4-40GB (0),1,,7,[CUDA memcpy Device-to-Host]
2031491436,15520,25207,1434,1,1,128,1,1,16,0.000,0.000,,,,,NVIDIA A100-SXM4-40GB (0),1,,13,cupy_copy__complex64_complex64
2031519020,2496,25214,103,1,1,128,1,1,16,0.000,0.000,,,,,NVIDIA A100-SXM4-40GB (0),1,,13,cupy_copy__complex64_complex64
2031540012,2112,25221,35,1,1,128,1,1,16,0.000,0.000,,,,,NVIDIA A100-SXM4-40GB (0),1,,13,cupy_copy__complex64_complex64
2031558828,1536,25228,1,1,1,1,1,1,18,0.000,0.000,,,,,NVIDIA A100-SXM4-40GB (0),1,,13,cupy_copy__float32_float32
2031693802,79519,25239,1,1,1,32,32,1,30,0.000,0.000,,,,,NVIDIA A100-SXM4-40GB (0),1,,13,"void convert_kernel<__half2, float2>(tensor_layout_any, T1 *, tensor_layout_any, const T2 *)"
2031802185,12128,25242,,,,,,,,,,0.061,5065.912,Pinned,Device,NVIDIA A100-SXM4-40GB (0),1,,13,[CUDA memcpy Host-to-Device]
2031819369,3360,25243,,,,,,,,,,1.547,460304.688,Device,,NVIDIA A100-SXM4-40GB (0),1,,13,[CUDA memset]
2031825353,10688,25248,,,,,,,,,,0.021,1970.041,Pinned,Device,NVIDIA A100-SXM4-40GB (0),1,,13,[CUDA memcpy Host-to-Device]
2031839209,23199,25249,,,,,,,,,,0.131,5649.859,Pinned,Device,NVIDIA A100-SXM4-40GB (0),1,,13,[CUDA memcpy Host-to-Device]
2031871496,6176,25250,273,1,1,8,4,1,39,0.002,0.000,,,,,NVIDIA A100-SXM4-40GB (0),1,,13,"void channel_eq::eqMmseCoefCompLowMimoKernel<float, float, float, (unsigned int)4, (unsigned int)1, (unsigned int)4>(const channel_eq::_puschRxChEqStatDescr *, channel_eq::_puschRxChEqCoefCompDynDescr)"
2031878632,5376,25251,273,1,1,12,11,1,40,0.002,0.000,,,,,NVIDIA A100-SXM4-40GB (0),1,,13,"void channel_eq::eqMmseSoftDemapKernel<float, __half, __half, float, (unsigned int)4, (unsigned short)16383>(channel_eq::_puschRxChEqStatDescr *, channel_eq::_puschRxChEqSoftDemapDynDescr)"
2031885224,280989,25252,1,1,1,32,32,1,30,0.000,0.000,,,,,NVIDIA A100-SXM4-40GB (0),1,,13,"void convert_kernel<float2, __half2>(tensor_layout_any, T1 *, tensor_layout_any, const T2 *)"
2032167205,12288,25264,2253,1,1,128,1,1,16,0.000,0.000,,,,,NVIDIA A100-SXM4-40GB (0),1,,13,cupy_copy__float16_float16
2032180485,2624,25273,282,1,1,128,1,1,16,0.000,0.000,,,,,NVIDIA A100-SXM4-40GB (0),1,,13,cupy_copy__complex64_complex64
2032184101,1856,25282,26,1,1,128,1,1,16,0.000,0.000,,,,,NVIDIA A100-SXM4-40GB (0),1,,13,cupy_copy__float32_float32
2032187045,2848,25291,103,1,1,128,1,1,16,0.000,0.000,,,,,NVIDIA A100-SXM4-40GB (0),1,,13,cupy_copy__complex64_complex64
2032247396,13824,25307,1434,1,1,128,1,1,16,0.000,0.000,,,,,NVIDIA A100-SXM4-40GB (0),1,,13,cupy_copy__complex64_complex64
2032365347,79039,25312,1,1,1,32,32,1,30,0.000,0.000,,,,,NVIDIA A100-SXM4-40GB (0),1,,13,"void convert_kernel<__half2, float2>(tensor_layout_any, T1 *, tensor_layout_any, const T2 *)"
2033542454,13184,25315,,,,,,,,,,0.061,4660.163,Pinned,Device,NVIDIA A100-SXM4-40GB (0),1,,13,[CUDA memcpy Host-to-Device]
2033560022,589305,25316,,,,,,,,,,456.520,774258.734,Device,,NVIDIA A100-SXM4-40GB (0),1,,13,[CUDA memset]
2034151279,131711,25321,,,,,,,,,,0.825,6266.012,Pinned,Device,NVIDIA A100-SXM4-40GB (0),1,,13,[CUDA memcpy Host-to-Device]
2034285646,22623,25322,,,,,,,,,,0.131,5793.645,Pinned,Device,NVIDIA A100-SXM4-40GB (0),1,,13,[CUDA memcpy Host-to-Device]
2034312653,7552,25323,69,4,1,48,1,1,76,0.002,0.000,,,,,NVIDIA A100-SXM4-40GB (0),1,,13,"void ch_est::windowedChEstPreNoDftSOfdmKernel<float, __half, float, (unsigned int)2, (unsigned int)1, (unsigned short)4>(ch_est::puschRxChEstStatDescr_t *, ch_est::puschRxChEstDynDescr_t *)"
2034321933,5952,25324,137,2,1,24,2,1,44,0.001,0.001,,,,,NVIDIA A100-SXM4-40GB (0),1,,13,"void ch_est::chEstFilterNoDftSOfdmDispatchKernel<float, __half, float, (unsigned int)2>(ch_est::puschRxChEstStatDescr_t *, ch_est::puschRxChEstDynDescr_t *)"
2034328941,4736,25325,137,2,1,24,2,1,44,0.001,0.001,,,,,NVIDIA A100-SXM4-40GB (0),1,,13,"void ch_est::chEstFilterNoDftSOfdmDispatchKernel<float, __half, float, (unsigned int)2>(ch_est::puschRxChEstStatDescr_t *, ch_est::puschRxChEstDynDescr_t *)"
2034334637,2752,25336,103,1,1,128,1,1,16,0.000,0.000,,,,,NVIDIA A100-SXM4-40GB (0),1,,13,cupy_copy__complex64_complex64
2034338445,15296,25346,1434,1,1,128,1,1,16,0.000,0.000,,,,,NVIDIA A100-SXM4-40GB (0),1,,13,cupy_copy__complex64_complex64
2034354701,2272,25353,103,1,1,128,1,1,16,0.000,0.000,,,,,NVIDIA A100-SXM4-40GB (0),1,,13,cupy_copy__complex64_complex64
2034375565,80063,25360,1,1,1,32,32,1,30,0.000,0.000,,,,,NVIDIA A100-SXM4-40GB (0),1,,13,"void convert_kernel<__half2, float2>(tensor_layout_any, T1 *, tensor_layout_any, const T2 *)"
2034488203,11744,25363,,,,,,,,,,0.061,5231.555,Pinned,Device,NVIDIA A100-SXM4-40GB (0),1,,13,[CUDA memcpy Host-to-Device]
2034511307,46016,25364,,,,,,,,,,35.801,777990.662,Device,,NVIDIA A100-SXM4-40GB (0),1,,13,[CUDA memset]
2034565227,2112,25366,,,,,,,,,,0.000,37.879,Pinned,Device,NVIDIA A100-SXM4-40GB (0),1,,13,[CUDA memcpy Host-to-Device]
2034570570,22816,25367,,,,,,,,,,0.131,5744.624,Pinned,Device,NVIDIA A100-SXM4-40GB (0),1,,13,[CUDA memcpy Host-to-Device]
2034597322,8896,25368,273,1,1,48,1,1,40,0.000,0.001,,,,,NVIDIA A100-SXM4-40GB (0),1,,13,"void pusch_noise_intf_est::noiseIntfEstNoDftSOfdmKernel<float, __half, float, float, (unsigned int)2, (unsigned int)1, (unsigned char)4, (unsigned char)4>(pusch_noise_intf_est::puschRxNoiseIntfEstDynDescr)"
2034607338,2624,25379,35,1,1,128,1,1,16,0.000,0.000,,,,,NVIDIA A100-SXM4-40GB (0),1,,13,cupy_copy__complex64_complex64
2034621994,1568,25388,1,1,1,1,1,1,18,0.000,0.000,,,,,NVIDIA A100-SXM4-40GB (0),1,,13,cupy_copy__float32_float32
2034658250,1727,25394,,,,,,,,,,0.000,2.316,Device,Pageable,NVIDIA A100-SXM4-40GB (0),1,,7,[CUDA memcpy Device-to-Host]
2034718377,15264,25405,1434,1,1,128,1,1,16,0.000,0.000,,,,,NVIDIA A100-SXM4-40GB (0),1,,13,cupy_copy__complex64_complex64
2034746569,2464,25412,103,1,1,128,1,1,16,0.000,0.000,,,,,NVIDIA A100-SXM4-40GB (0),1,,13,cupy_copy__complex64_complex64
2034767816,2144,25419,35,1,1,128,1,1,16,0.000,0.000,,,,,NVIDIA A100-SXM4-40GB (0),1,,13,cupy_copy__complex64_complex64
2034787272,1536,25426,1,1,1,1,1,1,18,0.000,0.000,,,,,NVIDIA A100-SXM4-40GB (0),1,,13,cupy_copy__float32_float32
2034926599,79263,25437,1,1,1,32,32,1,30,0.000,0.000,,,,,NVIDIA A100-SXM4-40GB (0),1,,13,"void convert_kernel<__half2, float2>(tensor_layout_any, T1 *, tensor_layout_any, const T2 *)"
2035177764,11712,25440,,,,,,,,,,0.061,5245.870,Pinned,Device,NVIDIA A100-SXM4-40GB (0),1,,13,[CUDA memcpy Host-to-Device]
2035193476,3296,25441,,,,,,,,,,1.547,469242.628,Device,,NVIDIA A100-SXM4-40GB (0),1,,13,[CUDA memset]
2035197732,10303,25446,,,,,,,,,,0.021,2043.674,Pinned,Device,NVIDIA A100-SXM4-40GB (0),1,,13,[CUDA memcpy Host-to-Device]
2035210531,22784,25447,,,,,,,,,,0.131,5752.750,Pinned,Device,NVIDIA A100-SXM4-40GB (0),1,,13,[CUDA memcpy Host-to-Device]
2035242467,6080,25448,273,1,1,8,4,1,39,0.002,0.000,,,,,NVIDIA A100-SXM4-40GB (0),1,,13,"void channel_eq::eqMmseCoefCompLowMimoKernel<float, float, float, (unsigned int)4, (unsigned int)1, (unsigned int)4>(const channel_eq::_puschRxChEqStatDescr *, channel_eq::_puschRxChEqCoefCompDynDescr)"
2035249603,5184,25449,273,1,1,12,11,1,40,0.002,0.000,,,,,NVIDIA A100-SXM4-40GB (0),1,,13,"void channel_eq::eqMmseSoftDemapKernel<float, __half, __half, float, (unsigned int)4, (unsigned short)16383>(channel_eq::_puschRxChEqStatDescr *, channel_eq::_puschRxChEqSoftDemapDynDescr)"
2035255907,281181,25450,1,1,1,32,32,1,30,0.000,0.000,,,,,NVIDIA A100-SXM4-40GB (0),1,,13,"void convert_kernel<float2, __half2>(tensor_layout_any, T1 *, tensor_layout_any, const T2 *)"
2035538176,12448,25462,2253,1,1,128,1,1,16,0.000,0.000,,,,,NVIDIA A100-SXM4-40GB (0),1,,13,cupy_copy__float16_float16
2035551680,2624,25471,282,1,1,128,1,1,16,0.000,0.000,,,,,NVIDIA A100-SXM4-40GB (0),1,,13,cupy_copy__complex64_complex64
2035555296,1856,25480,26,1,1,128,1,1,16,0.000,0.000,,,,,NVIDIA A100-SXM4-40GB (0),1,,13,cupy_copy__float32_float32
2035558080,2848,25489,103,1,1,128,1,1,16,0.000,0.000,,,,,NVIDIA A100-SXM4-40GB (0),1,,13,cupy_copy__complex64_complex64
2035561920,14047,25499,1434,1,1,128,1,1,16,0.000,0.000,,,,,NVIDIA A100-SXM4-40GB (0),1,,13,cupy_copy__complex64_complex64
2035712382,79583,25504,1,1,1,32,32,1,30,0.000,0.000,,,,,NVIDIA A100-SXM4-40GB (0),1,,13,"void convert_kernel<__half2, float2>(tensor_layout_any, T1 *, tensor_layout_any, const T2 *)"
2035823805,12287,25507,,,,,,,,,,0.061,5000.356,Pinned,Device,NVIDIA A100-SXM4-40GB (0),1,,13,[CUDA memcpy Host-to-Device]
2035846588,589210,25508,,,,,,,,,,456.520,774715.255,Device,,NVIDIA A100-SXM4-40GB (0),1,,13,[CUDA memset]
2036442998,131646,25513,,,,,,,,,,0.825,6269.313,Pinned,Device,NVIDIA A100-SXM4-40GB (0),1,,13,[CUDA memcpy Host-to-Device]
2036577236,22624,25514,,,,,,,,,,0.131,5793.382,Pinned,Device,NVIDIA A100-SXM4-40GB (0),1,,13,[CUDA memcpy Host-to-Device]
2036604372,7168,25515,69,4,1,48,1,1,76,0.002,0.000,,,,,NVIDIA A100-SXM4-40GB (0),1,,13,"void ch_est::windowedChEstPreNoDftSOfdmKernel<float, __half, float, (unsigned int)2, (unsigned int)1, (unsigned short)4>(ch_est::puschRxChEstStatDescr_t *, ch_est::puschRxChEstDynDescr_t *)"
2036613140,6112,25516,137,2,1,24,2,1,44,0.001,0.001,,,,,NVIDIA A100-SXM4-40GB (0),1,,13,"void ch_est::chEstFilterNoDftSOfdmDispatchKernel<float, __half, float, (unsigned int)2>(ch_est::puschRxChEstStatDescr_t *, ch_est::puschRxChEstDynDescr_t *)"
2036620340,4704,25517,137,2,1,24,2,1,44,0.001,0.001,,,,,NVIDIA A100-SXM4-40GB (0),1,,13,"void ch_est::chEstFilterNoDftSOfdmDispatchKernel<float, __half, float, (unsigned int)2>(ch_est::puschRxChEstStatDescr_t *, ch_est::puschRxChEstDynDescr_t *)"
2036626132,2304,25528,103,1,1,128,1,1,16,0.000,0.000,,,,,NVIDIA A100-SXM4-40GB (0),1,,13,cupy_copy__complex64_complex64
2036629396,15232,25538,1434,1,1,128,1,1,16,0.000,0.000,,,,,NVIDIA A100-SXM4-40GB (0),1,,13,cupy_copy__complex64_complex64
2036645716,2240,25545,103,1,1,128,1,1,16,0.000,0.000,,,,,NVIDIA A100-SXM4-40GB (0),1,,13,cupy_copy__complex64_complex64
2036649076,79039,25552,1,1,1,32,32,1,30,0.000,0.000,,,,,NVIDIA A100-SXM4-40GB (0),1,,13,"void convert_kernel<__half2, float2>(tensor_layout_any, T1 *, tensor_layout_any, const T2 *)"
2036756786,11744,25555,,,,,,,,,,0.061,5231.555,Pinned,Device,NVIDIA A100-SXM4-40GB (0),1,,13,[CUDA memcpy Host-to-Device]
2036779442,45824,25556,,,,,,,,,,35.801,781248.549,Device,,NVIDIA A100-SXM4-40GB (0),1,,13,[CUDA memset]
2036830034,2495,25558,,,,,,,,,,0.000,32.064,Pinned,Device,NVIDIA A100-SXM4-40GB (0),1,,13,[CUDA memcpy Host-to-Device]
2036835121,22816,25559,,,,,,,,,,0.131,5744.624,Pinned,Device,NVIDIA A100-SXM4-40GB (0),1,,13,[CUDA memcpy Host-to-Device]
2036864465,8928,25560,273,1,1,48,1,1,40,0.000,0.001,,,,,NVIDIA A100-SXM4-40GB (0),1,,13,"void pusch_noise_intf_est::noiseIntfEstNoDftSOfdmKernel<float, __half, float, float, (unsigned int)2, (unsigned int)1, (unsigned char)4, (unsigned char)4>(pusch_noise_intf_est::puschRxNoiseIntfEstDynDescr)"
2036874481,2624,25571,35,1,1,128,1,1,16,0.000,0.000,,,,,NVIDIA A100-SXM4-40GB (0),1,,13,cupy_copy__complex64_complex64
2036881105,1568,25580,1,1,1,1,1,1,18,0.000,0.000,,,,,NVIDIA A100-SXM4-40GB (0),1,,13,cupy_copy__float32_float32
2036917457,1856,25586,,,,,,,,,,0.000,2.155,Device,Pageable,NVIDIA A100-SXM4-40GB (0),1,,7,[CUDA memcpy Device-to-Host]
2036977680,15328,25597,1434,1,1,128,1,1,16,0.000,0.000,,,,,NVIDIA A100-SXM4-40GB (0),1,,13,cupy_copy__complex64_complex64
2037005104,2560,25604,103,1,1,128,1,1,16,0.000,0.000,,,,,NVIDIA A100-SXM4-40GB (0),1,,13,cupy_copy__complex64_complex64
2037026703,2080,25611,35,1,1,128,1,1,16,0.000,0.000,,,,,NVIDIA A100-SXM4-40GB (0),1,,13,cupy_copy__complex64_complex64
2037045263,1568,25618,1,1,1,1,1,1,18,0.000,0.000,,,,,NVIDIA A100-SXM4-40GB (0),1,,13,cupy_copy__float32_float32
2037179790,78847,25629,1,1,1,32,32,1,30,0.000,0.000,,,,,NVIDIA A100-SXM4-40GB (0),1,,13,"void convert_kernel<__half2, float2>(tensor_layout_any, T1 *, tensor_layout_any, const T2 *)"
2037287724,11712,25632,,,,,,,,,,0.061,5245.870,Pinned,Device,NVIDIA A100-SXM4-40GB (0),1,,13,[CUDA memcpy Host-to-Device]
2037304204,3296,25633,,,,,,,,,,1.547,469242.628,Device,,NVIDIA A100-SXM4-40GB (0),1,,13,[CUDA memset]
2037310284,10208,25638,,,,,,,,,,0.021,2062.688,Pinned,Device,NVIDIA A100-SXM4-40GB (0),1,,13,[CUDA memcpy Host-to-Device]
2037323852,23200,25639,,,,,,,,,,0.131,5649.596,Pinned,Device,NVIDIA A100-SXM4-40GB (0),1,,13,[CUDA memcpy Host-to-Device]
2037355980,5984,25640,273,1,1,8,4,1,39,0.002,0.000,,,,,NVIDIA A100-SXM4-40GB (0),1,,13,"void channel_eq::eqMmseCoefCompLowMimoKernel<float, float, float, (unsigned int)4, (unsigned int)1, (unsigned int)4>(const channel_eq::_puschRxChEqStatDescr *, channel_eq::_puschRxChEqCoefCompDynDescr)"
2037362892,5248,25641,273,1,1,12,11,1,40,0.002,0.000,,,,,NVIDIA A100-SXM4-40GB (0),1,,13,"void channel_eq::eqMmseSoftDemapKernel<float, __half, __half, float, (unsigned int)4, (unsigned short)16383>(channel_eq::_puschRxChEqStatDescr *, channel_eq::_puschRxChEqSoftDemapDynDescr)"
2037369132,281660,25642,1,1,1,32,32,1,30,0.000,0.000,,,,,NVIDIA A100-SXM4-40GB (0),1,,13,"void convert_kernel<float2, __half2>(tensor_layout_any, T1 *, tensor_layout_any, const T2 *)"
2037651848,12384,25654,2253,1,1,128,1,1,16,0.000,0.000,,,,,NVIDIA A100-SXM4-40GB (0),1,,13,cupy_copy__float16_float16
2037665448,2592,25663,282,1,1,128,1,1,16,0.000,0.000,,,,,NVIDIA A100-SXM4-40GB (0),1,,13,cupy_copy__complex64_complex64
2037669032,1888,25672,26,1,1,128,1,1,16,0.000,0.000,,,,,NVIDIA A100-SXM4-40GB (0),1,,13,cupy_copy__float32_float32
2037671976,2848,25681,103,1,1,128,1,1,16,0.000,0.000,,,,,NVIDIA A100-SXM4-40GB (0),1,,13,cupy_copy__complex64_complex64
2037675848,13984,25691,1434,1,1,128,1,1,16,0.000,0.000,,,,,NVIDIA A100-SXM4-40GB (0),1,,13,cupy_copy__complex64_complex64
2037702856,79071,25696,1,1,1,32,32,1,30,0.000,0.000,,,,,NVIDIA A100-SXM4-40GB (0),1,,13,"void convert_kernel<__half2, float2>(tensor_layout_any, T1 *, tensor_layout_any, const T2 *)"
2037809831,12288,25699,,,,,,,,,,0.061,4999.987,Pinned,Device,NVIDIA A100-SXM4-40GB (0),1,,13,[CUDA memcpy Host-to-Device]
2037832102,589466,25700,,,,,,,,,,456.520,774258.734,Device,,NVIDIA A100-SXM4-40GB (0),1,,13,[CUDA memset]
2038422656,131902,25705,,,,,,,,,,0.825,6256.933,Pinned,Device,NVIDIA A100-SXM4-40GB (0),1,,13,[CUDA memcpy Host-to-Device]
2038557598,22976,25706,,,,,,,,,,0.131,5704.647,Pinned,Device,NVIDIA A100-SXM4-40GB (0),1,,13,[CUDA memcpy Host-to-Device]
2038584734,7616,25707,69,4,1,48,1,1,76,0.002,0.000,,,,,NVIDIA A100-SXM4-40GB (0),1,,13,"void ch_est::windowedChEstPreNoDftSOfdmKernel<float, __half, float, (unsigned int)2, (unsigned int)1, (unsigned short)4>(ch_est::puschRxChEstStatDescr_t *, ch_est::puschRxChEstDynDescr_t *)"
2038593982,5600,25708,137,2,1,24,2,1,44,0.001,0.001,,,,,NVIDIA A100-SXM4-40GB (0),1,,13,"void ch_est::chEstFilterNoDftSOfdmDispatchKernel<float, __half, float, (unsigned int)2>(ch_est::puschRxChEstStatDescr_t *, ch_est::puschRxChEstDynDescr_t *)"
2038600766,4736,25709,137,2,1,24,2,1,44,0.001,0.001,,,,,NVIDIA A100-SXM4-40GB (0),1,,13,"void ch_est::chEstFilterNoDftSOfdmDispatchKernel<float, __half, float, (unsigned int)2>(ch_est::puschRxChEstStatDescr_t *, ch_est::puschRxChEstDynDescr_t *)"
2038606590,2368,25720,103,1,1,128,1,1,16,0.000,0.000,,,,,NVIDIA A100-SXM4-40GB (0),1,,13,cupy_copy__complex64_complex64
2038609950,15328,25730,1434,1,1,128,1,1,16,0.000,0.000,,,,,NVIDIA A100-SXM4-40GB (0),1,,13,cupy_copy__complex64_complex64
2038626462,2304,25737,103,1,1,128,1,1,16,0.000,0.000,,,,,NVIDIA A100-SXM4-40GB (0),1,,13,cupy_copy__complex64_complex64
2038629854,78911,25744,1,1,1,32,32,1,30,0.000,0.000,,,,,NVIDIA A100-SXM4-40GB (0),1,,13,"void convert_kernel<__half2, float2>(tensor_layout_any, T1 *, tensor_layout_any, const T2 *)"
2038737564,11680,25747,,,,,,,,,,0.061,5260.247,Pinned,Device,NVIDIA A100-SXM4-40GB (0),1,,13,[CUDA memcpy Host-to-Device]
2038759836,46144,25748,,,,,,,,,,35.801,775842.604,Device,,NVIDIA A100-SXM4-40GB (0),1,,13,[CUDA memset]
2038812508,2112,25750,,,,,,,,,,0.000,37.879,Pinned,Device,NVIDIA A100-SXM4-40GB (0),1,,13,[CUDA memcpy Host-to-Device]
2038816764,22815,25751,,,,,,,,,,0.131,5744.886,Pinned,Device,NVIDIA A100-SXM4-40GB (0),1,,13,[CUDA memcpy Host-to-Device]
2038844827,8800,25752,273,1,1,48,1,1,40,0.000,0.001,,,,,NVIDIA A100-SXM4-40GB (0),1,,13,"void pusch_noise_intf_est::noiseIntfEstNoDftSOfdmKernel<float, __half, float, float, (unsigned int)2, (unsigned int)1, (unsigned char)4, (unsigned char)4>(pusch_noise_intf_est::puschRxNoiseIntfEstDynDescr)"
2038854683,2688,25763,35,1,1,128,1,1,16,0.000,0.000,,,,,NVIDIA A100-SXM4-40GB (0),1,,13,cupy_copy__complex64_complex64
2038860123,1568,25772,1,1,1,1,1,1,18,0.000,0.000,,,,,NVIDIA A100-SXM4-40GB (0),1,,13,cupy_copy__float32_float32
2038894715,1632,25778,,,,,,,,,,0.000,2.451,Device,Pageable,NVIDIA A100-SXM4-40GB (0),1,,7,[CUDA memcpy Device-to-Host]
2038955002,15168,25789,1434,1,1,128,1,1,16,0.000,0.000,,,,,NVIDIA A100-SXM4-40GB (0),1,,13,cupy_copy__complex64_complex64
2038982330,2496,25796,103,1,1,128,1,1,16,0.000,0.000,,,,,NVIDIA A100-SXM4-40GB (0),1,,13,cupy_copy__complex64_complex64
2039002777,2176,25803,35,1,1,128,1,1,16,0.000,0.000,,,,,NVIDIA A100-SXM4-40GB (0),1,,13,cupy_copy__complex64_complex64
2039021401,1536,25810,1,1,1,1,1,1,18,0.000,0.000,,,,,NVIDIA A100-SXM4-40GB (0),1,,13,cupy_copy__float32_float32
2039155256,79199,25821,1,1,1,32,32,1,30,0.000,0.000,,,,,NVIDIA A100-SXM4-40GB (0),1,,13,"void convert_kernel<__half2, float2>(tensor_layout_any, T1 *, tensor_layout_any, const T2 *)"
2039476564,11776,25824,,,,,,,,,,0.061,5217.362,Pinned,Device,NVIDIA A100-SXM4-40GB (0),1,,13,[CUDA memcpy Host-to-Device]
2039499156,3296,25825,,,,,,,,,,1.547,469242.628,Device,,NVIDIA A100-SXM4-40GB (0),1,,13,[CUDA memset]
2039506676,10144,25830,,,,,,,,,,0.021,2075.700,Pinned,Device,NVIDIA A100-SXM4-40GB (0),1,,13,[CUDA memcpy Host-to-Device]
2039519476,22720,25831,,,,,,,,,,0.131,5769.003,Pinned,Device,NVIDIA A100-SXM4-40GB (0),1,,13,[CUDA memcpy Host-to-Device]
2039551411,6112,25832,273,1,1,8,4,1,39,0.002,0.000,,,,,NVIDIA A100-SXM4-40GB (0),1,,13,"void channel_eq::eqMmseCoefCompLowMimoKernel<float, float, float, (unsigned int)4, (unsigned int)1, (unsigned int)4>(const channel_eq::_puschRxChEqStatDescr *, channel_eq::_puschRxChEqCoefCompDynDescr)"
2039558579,5152,25833,273,1,1,12,11,1,40,0.002,0.000,,,,,NVIDIA A100-SXM4-40GB (0),1,,13,"void channel_eq::eqMmseSoftDemapKernel<float, __half, __half, float, (unsigned int)4, (unsigned short)16383>(channel_eq::_puschRxChEqStatDescr *, channel_eq::_puschRxChEqSoftDemapDynDescr)"
2039564819,281277,25834,1,1,1,32,32,1,30,0.000,0.000,,,,,NVIDIA A100-SXM4-40GB (0),1,,13,"void convert_kernel<float2, __half2>(tensor_layout_any, T1 *, tensor_layout_any, const T2 *)"
2039847120,12416,25846,2253,1,1,128,1,1,16,0.000,0.000,,,,,NVIDIA A100-SXM4-40GB (0),1,,13,cupy_copy__float16_float16
2039860720,2624,25855,282,1,1,128,1,1,16,0.000,0.000,,,,,NVIDIA A100-SXM4-40GB (0),1,,13,cupy_copy__complex64_complex64
2039864336,1856,25864,26,1,1,128,1,1,16,0.000,0.000,,,,,NVIDIA A100-SXM4-40GB (0),1,,13,cupy_copy__float32_float32
2039867280,2848,25873,103,1,1,128,1,1,16,0.000,0.000,,,,,NVIDIA A100-SXM4-40GB (0),1,,13,cupy_copy__complex64_complex64
2039871088,13920,25883,1434,1,1,128,1,1,16,0.000,0.000,,,,,NVIDIA A100-SXM4-40GB (0),1,,13,cupy_copy__complex64_complex64
2040080718,80159,25888,1,1,1,32,32,1,30,0.000,0.000,,,,,NVIDIA A100-SXM4-40GB (0),1,,13,"void convert_kernel<__half2, float2>(tensor_layout_any, T1 *, tensor_layout_any, const T2 *)"
2040192140,11744,25891,,,,,,,,,,0.061,5231.555,Pinned,Device,NVIDIA A100-SXM4-40GB (0),1,,13,[CUDA memcpy Host-to-Device]
2040213900,587738,25892,,,,,,,,,,456.520,776541.336,Device,,NVIDIA A100-SXM4-40GB (0),1,,13,[CUDA memset]
2040803366,132318,25897,,,,,,,,,,0.825,6237.125,Pinned,Device,NVIDIA A100-SXM4-40GB (0),1,,13,[CUDA memcpy Host-to-Device]
2040939044,22688,25898,,,,,,,,,,0.131,5777.129,Pinned,Device,NVIDIA A100-SXM4-40GB (0),1,,13,[CUDA memcpy Host-to-Device]
2040972708,7040,25899,69,4,1,48,1,1,76,0.002,0.000,,,,,NVIDIA A100-SXM4-40GB (0),1,,13,"void ch_est::windowedChEstPreNoDftSOfdmKernel<float, __half, float, (unsigned int)2, (unsigned int)1, (unsigned short)4>(ch_est::puschRxChEstStatDescr_t *, ch_est::puschRxChEstDynDescr_t *)"
2040981508,5888,25900,137,2,1,24,2,1,44,0.001,0.001,,,,,NVIDIA A100-SXM4-40GB (0),1,,13,"void ch_est::chEstFilterNoDftSOfdmDispatchKernel<float, __half, float, (unsigned int)2>(ch_est::puschRxChEstStatDescr_t *, ch_est::puschRxChEstDynDescr_t *)"
2040988484,4736,25901,137,2,1,24,2,1,44,0.001,0.001,,,,,NVIDIA A100-SXM4-40GB (0),1,,13,"void ch_est::chEstFilterNoDftSOfdmDispatchKernel<float, __half, float, (unsigned int)2>(ch_est::puschRxChEstStatDescr_t *, ch_est::puschRxChEstDynDescr_t *)"
2040994307,2336,25912,103,1,1,128,1,1,16,0.000,0.000,,,,,NVIDIA A100-SXM4-40GB (0),1,,13,cupy_copy__complex64_complex64
2040997667,15520,25922,1434,1,1,128,1,1,16,0.000,0.000,,,,,NVIDIA A100-SXM4-40GB (0),1,,13,cupy_copy__complex64_complex64
2041014243,2208,25929,103,1,1,128,1,1,16,0.000,0.000,,,,,NVIDIA A100-SXM4-40GB (0),1,,13,cupy_copy__complex64_complex64
2041017507,79679,25936,1,1,1,32,32,1,30,0.000,0.000,,,,,NVIDIA A100-SXM4-40GB (0),1,,13,"void convert_kernel<__half2, float2>(tensor_layout_any, T1 *, tensor_layout_any, const T2 *)"
2044059298,11807,25939,,,,,,,,,,0.061,5203.661,Pinned,Device,NVIDIA A100-SXM4-40GB (0),1,,13,[CUDA memcpy Host-to-Device]
2044082529,46464,25940,,,,,,,,,,35.801,770508.261,Device,,NVIDIA A100-SXM4-40GB (0),1,,13,[CUDA memset]
2044136449,2208,25942,,,,,,,,,,0.000,36.232,Pinned,Device,NVIDIA A100-SXM4-40GB (0),1,,13,[CUDA memcpy Host-to-Device]
2044140801,23007,25943,,,,,,,,,,0.131,5697.044,Pinned,Device,NVIDIA A100-SXM4-40GB (0),1,,13,[CUDA memcpy Host-to-Device]
2044171648,9440,25944,273,1,1,48,1,1,40,0.000,0.001,,,,,NVIDIA A100-SXM4-40GB (0),1,,13,"void pusch_noise_intf_est::noiseIntfEstNoDftSOfdmKernel<float, __half, float, float, (unsigned int)2, (unsigned int)1, (unsigned char)4, (unsigned char)4>(pusch_noise_intf_est::puschRxNoiseIntfEstDynDescr)"
2044182304,2592,25955,35,1,1,128,1,1,16,0.000,0.000,,,,,NVIDIA A100-SXM4-40GB (0),1,,13,cupy_copy__complex64_complex64
2044185856,1568,25964,1,1,1,1,1,1,18,0.000,0.000,,,,,NVIDIA A100-SXM4-40GB (0),1,,13,cupy_copy__float32_float32
2044213664,2048,25970,,,,,,,,,,0.000,1.953,Device,Pageable,NVIDIA A100-SXM4-40GB (0),1,,7,[CUDA memcpy Device-to-Host]
2044274335,15264,25981,1434,1,1,128,1,1,16,0.000,0.000,,,,,NVIDIA A100-SXM4-40GB (0),1,,13,cupy_copy__complex64_complex64
2044302943,2496,25988,103,1,1,128,1,1,16,0.000,0.000,,,,,NVIDIA A100-SXM4-40GB (0),1,,13,cupy_copy__complex64_complex64
2044324255,2144,25995,35,1,1,128,1,1,16,0.000,0.000,,,,,NVIDIA A100-SXM4-40GB (0),1,,13,cupy_copy__complex64_complex64
2044343070,1536,26002,1,1,1,1,1,1,18,0.000,0.000,,,,,NVIDIA A100-SXM4-40GB (0),1,,13,cupy_copy__float32_float32
2044896632,80127,26013,1,1,1,32,32,1,30,0.000,0.000,,,,,NVIDIA A100-SXM4-40GB (0),1,,13,"void convert_kernel<__half2, float2>(tensor_layout_any, T1 *, tensor_layout_any, const T2 *)"
2045009719,11904,26016,,,,,,,,,,0.061,5161.267,Pinned,Device,NVIDIA A100-SXM4-40GB (0),1,,13,[CUDA memcpy Host-to-Device]
2045027159,3360,26017,,,,,,,,,,1.547,460304.688,Device,,NVIDIA A100-SXM4-40GB (0),1,,13,[CUDA memset]
2045039991,3584,26022,,,,,,,,,,0.021,5874.982,Pinned,Device,NVIDIA A100-SXM4-40GB (0),1,,13,[CUDA memcpy Host-to-Device]
2045051575,22943,26023,,,,,,,,,,0.131,5712.904,Pinned,Device,NVIDIA A100-SXM4-40GB (0),1,,13,[CUDA memcpy Host-to-Device]
2045083990,6048,26024,273,1,1,8,4,1,39,0.002,0.000,,,,,NVIDIA A100-SXM4-40GB (0),1,,13,"void channel_eq::eqMmseCoefCompLowMimoKernel<float, float, float, (unsigned int)4, (unsigned int)1, (unsigned int)4>(const channel_eq::_puschRxChEqStatDescr *, channel_eq::_puschRxChEqCoefCompDynDescr)"
2045091126,5312,26025,273,1,1,12,11,1,40,0.002,0.000,,,,,NVIDIA A100-SXM4-40GB (0),1,,13,"void channel_eq::eqMmseSoftDemapKernel<float, __half, __half, float, (unsigned int)4, (unsigned short)16383>(channel_eq::_puschRxChEqStatDescr *, channel_eq::_puschRxChEqSoftDemapDynDescr)"
2045097622,281117,26026,1,1,1,32,32,1,30,0.000,0.000,,,,,NVIDIA A100-SXM4-40GB (0),1,,13,"void convert_kernel<float2, __half2>(tensor_layout_any, T1 *, tensor_layout_any, const T2 *)"
2045379763,12192,26038,2253,1,1,128,1,1,16,0.000,0.000,,,,,NVIDIA A100-SXM4-40GB (0),1,,13,cupy_copy__float16_float16
2045392947,2624,26047,282,1,1,128,1,1,16,0.000,0.000,,,,,NVIDIA A100-SXM4-40GB (0),1,,13,cupy_copy__complex64_complex64
2045396755,1888,26056,26,1,1,128,1,1,16,0.000,0.000,,,,,NVIDIA A100-SXM4-40GB (0),1,,13,cupy_copy__float32_float32
2045399699,2880,26065,103,1,1,128,1,1,16,0.000,0.000,,,,,NVIDIA A100-SXM4-40GB (0),1,,13,cupy_copy__complex64_complex64
2045403539,14080,26075,1434,1,1,128,1,1,16,0.000,0.000,,,,,NVIDIA A100-SXM4-40GB (0),1,,13,cupy_copy__complex64_complex64
2045438770,79136,26080,1,1,1,32,32,1,30,0.000,0.000,,,,,NVIDIA A100-SXM4-40GB (0),1,,13,"void convert_kernel<__half2, float2>(tensor_layout_any, T1 *, tensor_layout_any, const T2 *)"
2045546097,12224,26083,,,,,,,,,,0.061,5026.161,Pinned,Device,NVIDIA A100-SXM4-40GB (0),1,,13,[CUDA memcpy Host-to-Device]
2045568337,590905,26084,,,,,,,,,,456.520,772432.652,Device,,NVIDIA A100-SXM4-40GB (0),1,,13,[CUDA memset]
2046166794,132127,26089,,,,,,,,,,0.825,6246.203,Pinned,Device,NVIDIA A100-SXM4-40GB (0),1,,13,[CUDA memcpy Host-to-Device]
2046301769,22656,26090,,,,,,,,,,0.131,5785.256,Pinned,Device,NVIDIA A100-SXM4-40GB (0),1,,13,[CUDA memcpy Host-to-Device]
2046328137,7295,26091,69,4,1,48,1,1,76,0.002,0.000,,,,,NVIDIA A100-SXM4-40GB (0),1,,13,"void ch_est::windowedChEstPreNoDftSOfdmKernel<float, __half, float, (unsigned int)2, (unsigned int)1, (unsigned short)4>(ch_est::puschRxChEstStatDescr_t *, ch_est::puschRxChEstDynDescr_t *)"
2046337160,6112,26092,137,2,1,24,2,1,44,0.001,0.001,,,,,NVIDIA A100-SXM4-40GB (0),1,,13,"void ch_est::chEstFilterNoDftSOfdmDispatchKernel<float, __half, float, (unsigned int)2>(ch_est::puschRxChEstStatDescr_t *, ch_est::puschRxChEstDynDescr_t *)"
2046344488,4704,26093,137,2,1,24,2,1,44,0.001,0.001,,,,,NVIDIA A100-SXM4-40GB (0),1,,13,"void ch_est::chEstFilterNoDftSOfdmDispatchKernel<float, __half, float, (unsigned int)2>(ch_est::puschRxChEstStatDescr_t *, ch_est::puschRxChEstDynDescr_t *)"
2046350152,2368,26104,103,1,1,128,1,1,16,0.000,0.000,,,,,NVIDIA A100-SXM4-40GB (0),1,,13,cupy_copy__complex64_complex64
2046353512,15424,26114,1434,1,1,128,1,1,16,0.000,0.000,,,,,NVIDIA A100-SXM4-40GB (0),1,,13,cupy_copy__complex64_complex64
2046370120,2304,26121,103,1,1,128,1,1,16,0.000,0.000,,,,,NVIDIA A100-SXM4-40GB (0),1,,13,cupy_copy__complex64_complex64
2046373480,79487,26128,1,1,1,32,32,1,30,0.000,0.000,,,,,NVIDIA A100-SXM4-40GB (0),1,,13,"void convert_kernel<__half2, float2>(tensor_layout_any, T1 *, tensor_layout_any, const T2 *)"
2046481895,11872,26131,,,,,,,,,,0.061,5175.153,Pinned,Device,NVIDIA A100-SXM4-40GB (0),1,,13,[CUDA memcpy Host-to-Device]
2046504263,46527,26132,,,,,,,,,,35.801,769434.232,Device,,NVIDIA A100-SXM4-40GB (0),1,,13,[CUDA memset]
2046556966,2080,26134,,,,,,,,,,0.000,38.462,Pinned,Device,NVIDIA A100-SXM4-40GB (0),1,,13,[CUDA memcpy Host-to-Device]
2046562374,22880,26135,,,,,,,,,,0.131,5728.633,Pinned,Device,NVIDIA A100-SXM4-40GB (0),1,,13,[CUDA memcpy Host-to-Device]
2046592326,8832,26136,273,1,1,48,1,1,40,0.000,0.001,,,,,NVIDIA A100-SXM4-40GB (0),1,,13,"void pusch_noise_intf_est::noiseIntfEstNoDftSOfdmKernel<float, __half, float, float, (unsigned int)2, (unsigned int)1, (unsigned char)4, (unsigned char)4>(pusch_noise_intf_est::puschRxNoiseIntfEstDynDescr)"
2046602118,2592,26147,35,1,1,128,1,1,16,0.000,0.000,,,,,NVIDIA A100-SXM4-40GB (0),1,,13,cupy_copy__complex64_complex64
2046605797,1568,26156,1,1,1,1,1,1,18,0.000,0.000,,,,,NVIDIA A100-SXM4-40GB (0),1,,13,cupy_copy__float32_float32
2046641061,1696,26162,,,,,,,,,,0.000,2.358,Device,Pageable,NVIDIA A100-SXM4-40GB (0),1,,7,[CUDA memcpy Device-to-Host]
2046700772,15264,26173,1434,1,1,128,1,1,16,0.000,0.000,,,,,NVIDIA A100-SXM4-40GB (0),1,,13,cupy_copy__complex64_complex64
2046728676,2496,26180,103,1,1,128,1,1,16,0.000,0.000,,,,,NVIDIA A100-SXM4-40GB (0),1,,13,cupy_copy__complex64_complex64
2046750564,2144,26187,35,1,1,128,1,1,16,0.000,0.000,,,,,NVIDIA A100-SXM4-40GB (0),1,,13,cupy_copy__complex64_complex64
2046769604,1536,26194,1,1,1,1,1,1,18,0.000,0.000,,,,,NVIDIA A100-SXM4-40GB (0),1,,13,cupy_copy__float32_float32
2046905538,78879,26205,1,1,1,32,32,1,30,0.000,0.000,,,,,NVIDIA A100-SXM4-40GB (0),1,,13,"void convert_kernel<__half2, float2>(tensor_layout_any, T1 *, tensor_layout_any, const T2 *)"
2047013281,11936,26208,,,,,,,,,,0.061,5147.443,Pinned,Device,NVIDIA A100-SXM4-40GB (0),1,,13,[CUDA memcpy Host-to-Device]
2047032129,3328,26209,,,,,,,,,,1.547,464729.580,Device,,NVIDIA A100-SXM4-40GB (0),1,,13,[CUDA memset]
2047038561,10144,26214,,,,,,,,,,0.021,2075.700,Pinned,Device,NVIDIA A100-SXM4-40GB (0),1,,13,[CUDA memcpy Host-to-Device]
2047052257,23263,26215,,,,,,,,,,0.131,5634.261,Pinned,Device,NVIDIA A100-SXM4-40GB (0),1,,13,[CUDA memcpy Host-to-Device]
2047084896,6080,26216,273,1,1,8,4,1,39,0.002,0.000,,,,,NVIDIA A100-SXM4-40GB (0),1,,13,"void channel_eq::eqMmseCoefCompLowMimoKernel<float, float, float, (unsigned int)4, (unsigned int)1, (unsigned int)4>(const channel_eq::_puschRxChEqStatDescr *, channel_eq::_puschRxChEqCoefCompDynDescr)"
2047092032,5120,26217,273,1,1,12,11,1,40,0.002,0.000,,,,,NVIDIA A100-SXM4-40GB (0),1,,13,"void channel_eq::eqMmseSoftDemapKernel<float, __half, __half, float, (unsigned int)4, (unsigned short)16383>(channel_eq::_puschRxChEqStatDescr *, channel_eq::_puschRxChEqSoftDemapDynDescr)"
2047098112,281597,26218,1,1,1,32,32,1,30,0.000,0.000,,,,,NVIDIA A100-SXM4-40GB (0),1,,13,"void convert_kernel<float2, __half2>(tensor_layout_any, T1 *, tensor_layout_any, const T2 *)"
2047380701,12352,26230,2253,1,1,128,1,1,16,0.000,0.000,,,,,NVIDIA A100-SXM4-40GB (0),1,,13,cupy_copy__float16_float16
2047394269,2624,26239,282,1,1,128,1,1,16,0.000,0.000,,,,,NVIDIA A100-SXM4-40GB (0),1,,13,cupy_copy__complex64_complex64
2047397853,1856,26248,26,1,1,128,1,1,16,0.000,0.000,,,,,NVIDIA A100-SXM4-40GB (0),1,,13,cupy_copy__float32_float32
2047400925,2880,26257,103,1,1,128,1,1,16,0.000,0.000,,,,,NVIDIA A100-SXM4-40GB (0),1,,13,cupy_copy__complex64_complex64
2047404733,14016,26267,1434,1,1,128,1,1,16,0.000,0.000,,,,,NVIDIA A100-SXM4-40GB (0),1,,13,cupy_copy__complex64_complex64
2047419708,79136,26272,1,1,1,32,32,1,30,0.000,0.000,,,,,NVIDIA A100-SXM4-40GB (0),1,,13,"void convert_kernel<__half2, float2>(tensor_layout_any, T1 *, tensor_layout_any, const T2 *)"
2047527387,11904,26275,,,,,,,,,,0.061,5161.267,Pinned,Device,NVIDIA A100-SXM4-40GB (0),1,,13,[CUDA memcpy Host-to-Device]
2047549755,591194,26276,,,,,,,,,,456.520,771976.132,Device,,NVIDIA A100-SXM4-40GB (0),1,,13,[CUDA memset]
2048147188,131615,26281,,,,,,,,,,0.825,6270.138,Pinned,Device,NVIDIA A100-SXM4-40GB (0),1,,13,[CUDA memcpy Host-to-Device]
2048281875,23552,26282,,,,,,,,,,0.131,5565.186,Pinned,Device,NVIDIA A100-SXM4-40GB (0),1,,13,[CUDA memcpy Host-to-Device]
2048310579,7232,26283,69,4,1,48,1,1,76,0.002,0.000,,,,,NVIDIA A100-SXM4-40GB (0),1,,13,"void ch_est::windowedChEstPreNoDftSOfdmKernel<float, __half, float, (unsigned int)2, (unsigned int)1, (unsigned short)4>(ch_est::puschRxChEstStatDescr_t *, ch_est::puschRxChEstDynDescr_t *)"
2048319411,5791,26284,137,2,1,24,2,1,44,0.001,0.001,,,,,NVIDIA A100-SXM4-40GB (0),1,,13,"void ch_est::chEstFilterNoDftSOfdmDispatchKernel<float, __half, float, (unsigned int)2>(ch_est::puschRxChEstStatDescr_t *, ch_est::puschRxChEstDynDescr_t *)"
2048326130,4736,26285,137,2,1,24,2,1,44,0.001,0.001,,,,,NVIDIA A100-SXM4-40GB (0),1,,13,"void ch_est::chEstFilterNoDftSOfdmDispatchKernel<float, __half, float, (unsigned int)2>(ch_est::puschRxChEstStatDescr_t *, ch_est::puschRxChEstDynDescr_t *)"
2048331954,2304,26296,103,1,1,128,1,1,16,0.000,0.000,,,,,NVIDIA A100-SXM4-40GB (0),1,,13,cupy_copy__complex64_complex64
2048335218,15328,26306,1434,1,1,128,1,1,16,0.000,0.000,,,,,NVIDIA A100-SXM4-40GB (0),1,,13,cupy_copy__complex64_complex64
2048351538,2240,26313,103,1,1,128,1,1,16,0.000,0.000,,,,,NVIDIA A100-SXM4-40GB (0),1,,13,cupy_copy__complex64_complex64
2048354962,79647,26320,1,1,1,32,32,1,30,0.000,0.000,,,,,NVIDIA A100-SXM4-40GB (0),1,,13,"void convert_kernel<__half2, float2>(tensor_layout_any, T1 *, tensor_layout_any, const T2 *)"
2048609423,11712,26323,,,,,,,,,,0.061,5245.870,Pinned,Device,NVIDIA A100-SXM4-40GB (0),1,,13,[CUDA memcpy Host-to-Device]
2048626991,46240,26324,,,,,,,,,,35.801,774231.561,Device,,NVIDIA A100-SXM4-40GB (0),1,,13,[CUDA memset]
2048675535,2112,26326,,,,,,,,,,0.000,37.879,Pinned,Device,NVIDIA A100-SXM4-40GB (0),1,,13,[CUDA memcpy Host-to-Device]
2048680271,22911,26327,,,,,,,,,,0.131,5720.900,Pinned,Device,NVIDIA A100-SXM4-40GB (0),1,,13,[CUDA memcpy Host-to-Device]
2048708942,9376,26328,273,1,1,48,1,1,40,0.000,0.001,,,,,NVIDIA A100-SXM4-40GB (0),1,,13,"void pusch_noise_intf_est::noiseIntfEstNoDftSOfdmKernel<float, __half, float, float, (unsigned int)2, (unsigned int)1, (unsigned char)4, (unsigned char)4>(pusch_noise_intf_est::puschRxNoiseIntfEstDynDescr)"
2048719342,2816,26339,35,1,1,128,1,1,16,0.000,0.000,,,,,NVIDIA A100-SXM4-40GB (0),1,,13,cupy_copy__complex64_complex64
2048723342,1568,26348,1,1,1,1,1,1,18,0.000,0.000,,,,,NVIDIA A100-SXM4-40GB (0),1,,13,cupy_copy__float32_float32
2048758062,2112,26354,,,,,,,,,,0.000,1.894,Device,Pageable,NVIDIA A100-SXM4-40GB (0),1,,7,[CUDA memcpy Device-to-Host]
2048818157,15424,26365,1434,1,1,128,1,1,16,0.000,0.000,,,,,NVIDIA A100-SXM4-40GB (0),1,,13,cupy_copy__complex64_complex64
2048845933,2528,26372,103,1,1,128,1,1,16,0.000,0.000,,,,,NVIDIA A100-SXM4-40GB (0),1,,13,cupy_copy__complex64_complex64
2048867309,2111,26379,35,1,1,128,1,1,16,0.000,0.000,,,,,NVIDIA A100-SXM4-40GB (0),1,,13,cupy_copy__complex64_complex64
2048887468,1536,26386,1,1,1,1,1,1,18,0.000,0.000,,,,,NVIDIA A100-SXM4-40GB (0),1,,13,cupy_copy__float32_float32
2049161161,79903,26397,1,1,1,32,32,1,30,0.000,0.000,,,,,NVIDIA A100-SXM4-40GB (0),1,,13,"void convert_kernel<__half2, float2>(tensor_layout_any, T1 *, tensor_layout_any, const T2 *)"
2049273256,12224,26400,,,,,,,,,,0.061,5026.161,Pinned,Device,NVIDIA A100-SXM4-40GB (0),1,,13,[CUDA memcpy Host-to-Device]
2049291112,3392,26401,,,,,,,,,,1.547,455961.768,Device,,NVIDIA A100-SXM4-40GB (0),1,,13,[CUDA memset]
2049296840,10176,26406,,,,,,,,,,0.021,2069.173,Pinned,Device,NVIDIA A100-SXM4-40GB (0),1,,13,[CUDA memcpy Host-to-Device]
2049310696,23007,26407,,,,,,,,,,0.131,5697.044,Pinned,Device,NVIDIA A100-SXM4-40GB (0),1,,13,[CUDA memcpy Host-to-Device]
2049342759,6016,26408,273,1,1,8,4,1,39,0.002,0.000,,,,,NVIDIA A100-SXM4-40GB (0),1,,13,"void channel_eq::eqMmseCoefCompLowMimoKernel<float, float, float, (unsigned int)4, (unsigned int)1, (unsigned int)4>(const channel_eq::_puschRxChEqStatDescr *, channel_eq::_puschRxChEqCoefCompDynDescr)"
2049349991,5248,26409,273,1,1,12,11,1,40,0.002,0.000,,,,,NVIDIA A100-SXM4-40GB (0),1,,13,"void channel_eq::eqMmseSoftDemapKernel<float, __half, __half, float, (unsigned int)4, (unsigned short)16383>(channel_eq::_puschRxChEqStatDescr *, channel_eq::_puschRxChEqSoftDemapDynDescr)"
2049356231,281021,26410,1,1,1,32,32,1,30,0.000,0.000,,,,,NVIDIA A100-SXM4-40GB (0),1,,13,"void convert_kernel<float2, __half2>(tensor_layout_any, T1 *, tensor_layout_any, const T2 *)"
2049638308,12576,26422,2253,1,1,128,1,1,16,0.000,0.000,,,,,NVIDIA A100-SXM4-40GB (0),1,,13,cupy_copy__float16_float16
2049652068,2624,26431,282,1,1,128,1,1,16,0.000,0.000,,,,,NVIDIA A100-SXM4-40GB (0),1,,13,cupy_copy__complex64_complex64
2049655684,1856,26440,26,1,1,128,1,1,16,0.000,0.000,,,,,NVIDIA A100-SXM4-40GB (0),1,,13,cupy_copy__float32_float32
2049658628,2848,26449,103,1,1,128,1,1,16,0.000,0.000,,,,,NVIDIA A100-SXM4-40GB (0),1,,13,cupy_copy__complex64_complex64
2049662532,13824,26459,1434,1,1,128,1,1,16,0.000,0.000,,,,,NVIDIA A100-SXM4-40GB (0),1,,13,cupy_copy__complex64_complex64
2049707139,79199,26464,1,1,1,32,32,1,30,0.000,0.000,,,,,NVIDIA A100-SXM4-40GB (0),1,,13,"void convert_kernel<__half2, float2>(tensor_layout_any, T1 *, tensor_layout_any, const T2 *)"
2050034144,12191,26467,,,,,,,,,,0.061,5039.739,Pinned,Device,NVIDIA A100-SXM4-40GB (0),1,,13,[CUDA memcpy Host-to-Device]
2050054815,592314,26468,,,,,,,,,,456.520,770606.570,Device,,NVIDIA A100-SXM4-40GB (0),1,,13,[CUDA memset]
2050649817,131870,26473,,,,,,,,,,0.825,6258.584,Pinned,Device,NVIDIA A100-SXM4-40GB (0),1,,13,[CUDA memcpy Host-to-Device]
2050784567,23360,26474,,,,,,,,,,0.131,5610.930,Pinned,Device,NVIDIA A100-SXM4-40GB (0),1,,13,[CUDA memcpy Host-to-Device]
2050816279,8128,26475,69,4,1,48,1,1,76,0.002,0.000,,,,,NVIDIA A100-SXM4-40GB (0),1,,13,"void ch_est::windowedChEstPreNoDftSOfdmKernel<float, __half, float, (unsigned int)2, (unsigned int)1, (unsigned short)4>(ch_est::puschRxChEstStatDescr_t *, ch_est::puschRxChEstDynDescr_t *)"
2050825975,5792,26476,137,2,1,24,2,1,44,0.001,0.001,,,,,NVIDIA A100-SXM4-40GB (0),1,,13,"void ch_est::chEstFilterNoDftSOfdmDispatchKernel<float, __half, float, (unsigned int)2>(ch_est::puschRxChEstStatDescr_t *, ch_est::puschRxChEstDynDescr_t *)"
2050832695,4736,26477,137,2,1,24,2,1,44,0.001,0.001,,,,,NVIDIA A100-SXM4-40GB (0),1,,13,"void ch_est::chEstFilterNoDftSOfdmDispatchKernel<float, __half, float, (unsigned int)2>(ch_est::puschRxChEstStatDescr_t *, ch_est::puschRxChEstDynDescr_t *)"
2050838487,2368,26488,103,1,1,128,1,1,16,0.000,0.000,,,,,NVIDIA A100-SXM4-40GB (0),1,,13,cupy_copy__complex64_complex64
2050841847,15360,26498,1434,1,1,128,1,1,16,0.000,0.000,,,,,NVIDIA A100-SXM4-40GB (0),1,,13,cupy_copy__complex64_complex64
2050858295,2303,26505,103,1,1,128,1,1,16,0.000,0.000,,,,,NVIDIA A100-SXM4-40GB (0),1,,13,cupy_copy__complex64_complex64
2050861686,78912,26512,1,1,1,32,32,1,30,0.000,0.000,,,,,NVIDIA A100-SXM4-40GB (0),1,,13,"void convert_kernel<__half2, float2>(tensor_layout_any, T1 *, tensor_layout_any, const T2 *)"
2050972853,11968,26515,,,,,,,,,,0.061,5133.681,Pinned,Device,NVIDIA A100-SXM4-40GB (0),1,,13,[CUDA memcpy Host-to-Device]
2050996501,46207,26516,,,,,,,,,,35.801,774768.575,Device,,NVIDIA A100-SXM4-40GB (0),1,,13,[CUDA memset]
2051047828,2208,26518,,,,,,,,,,0.000,36.232,Pinned,Device,NVIDIA A100-SXM4-40GB (0),1,,13,[CUDA memcpy Host-to-Device]
2051052180,23424,26519,,,,,,,,,,0.131,5595.595,Pinned,Device,NVIDIA A100-SXM4-40GB (0),1,,13,[CUDA memcpy Host-to-Device]
2051082516,8768,26520,273,1,1,48,1,1,40,0.000,0.001,,,,,NVIDIA A100-SXM4-40GB (0),1,,13,"void pusch_noise_intf_est::noiseIntfEstNoDftSOfdmKernel<float, __half, float, float, (unsigned int)2, (unsigned int)1, (unsigned char)4, (unsigned char)4>(pusch_noise_intf_est::puschRxNoiseIntfEstDynDescr)"
2051092340,2688,26531,35,1,1,128,1,1,16,0.000,0.000,,,,,NVIDIA A100-SXM4-40GB (0),1,,13,cupy_copy__complex64_complex64
2051105172,1568,26540,1,1,1,1,1,1,18,0.000,0.000,,,,,NVIDIA A100-SXM4-40GB (0),1,,13,cupy_copy__float32_float32
2051141619,1856,26546,,,,,,,,,,0.000,2.155,Device,Pageable,NVIDIA A100-SXM4-40GB (0),1,,7,[CUDA memcpy Device-to-Host]
2051202675,15360,26557,1434,1,1,128,1,1,16,0.000,0.000,,,,,NVIDIA A100-SXM4-40GB (0),1,,13,cupy_copy__complex64_complex64
2051231026,2496,26564,103,1,1,128,1,1,16,0.000,0.000,,,,,NVIDIA A100-SXM4-40GB (0),1,,13,cupy_copy__complex64_complex64
2051252690,2144,26571,35,1,1,128,1,1,16,0.000,0.000,,,,,NVIDIA A100-SXM4-40GB (0),1,,13,cupy_copy__complex64_complex64
2051271634,1568,26578,1,1,1,1,1,1,18,0.000,0.000,,,,,NVIDIA A100-SXM4-40GB (0),1,,13,cupy_copy__float32_float32
2051414096,79423,26589,1,1,1,32,32,1,30,0.000,0.000,,,,,NVIDIA A100-SXM4-40GB (0),1,,13,"void convert_kernel<__half2, float2>(tensor_layout_any, T1 *, tensor_layout_any, const T2 *)"
2051522159,11776,26592,,,,,,,,,,0.061,5217.362,Pinned,Device,NVIDIA A100-SXM4-40GB (0),1,,13,[CUDA memcpy Host-to-Device]
2051538831,3232,26593,,,,,,,,,,1.547,478533.199,Device,,NVIDIA A100-SXM4-40GB (0),1,,13,[CUDA memset]
2051544719,10208,26598,,,,,,,,,,0.021,2062.688,Pinned,Device,NVIDIA A100-SXM4-40GB (0),1,,13,[CUDA memcpy Host-to-Device]
2051557583,23008,26599,,,,,,,,,,0.131,5696.782,Pinned,Device,NVIDIA A100-SXM4-40GB (0),1,,13,[CUDA memcpy Host-to-Device]
2051589422,6080,26600,273,1,1,8,4,1,39,0.002,0.000,,,,,NVIDIA A100-SXM4-40GB (0),1,,13,"void channel_eq::eqMmseCoefCompLowMimoKernel<float, float, float, (unsigned int)4, (unsigned int)1, (unsigned int)4>(const channel_eq::_puschRxChEqStatDescr *, channel_eq::_puschRxChEqCoefCompDynDescr)"
2051596558,5152,26601,273,1,1,12,11,1,40,0.002,0.000,,,,,NVIDIA A100-SXM4-40GB (0),1,,13,"void channel_eq::eqMmseSoftDemapKernel<float, __half, __half, float, (unsigned int)4, (unsigned short)16383>(channel_eq::_puschRxChEqStatDescr *, channel_eq::_puschRxChEqSoftDemapDynDescr)"
2051602766,280925,26602,1,1,1,32,32,1,30,0.000,0.000,,,,,NVIDIA A100-SXM4-40GB (0),1,,13,"void convert_kernel<float2, __half2>(tensor_layout_any, T1 *, tensor_layout_any, const T2 *)"
2051884715,12288,26614,2253,1,1,128,1,1,16,0.000,0.000,,,,,NVIDIA A100-SXM4-40GB (0),1,,13,cupy_copy__float16_float16
2051897995,2592,26623,282,1,1,128,1,1,16,0.000,0.000,,,,,NVIDIA A100-SXM4-40GB (0),1,,13,cupy_copy__complex64_complex64
2051901579,1856,26632,26,1,1,128,1,1,16,0.000,0.000,,,,,NVIDIA A100-SXM4-40GB (0),1,,13,cupy_copy__float32_float32
2051904555,2848,26641,103,1,1,128,1,1,16,0.000,0.000,,,,,NVIDIA A100-SXM4-40GB (0),1,,13,cupy_copy__complex64_complex64
2051908363,14016,26651,1434,1,1,128,1,1,16,0.000,0.000,,,,,NVIDIA A100-SXM4-40GB (0),1,,13,cupy_copy__complex64_complex64
2051928171,79135,26656,1,1,1,32,32,1,30,0.000,0.000,,,,,NVIDIA A100-SXM4-40GB (0),1,,13,"void convert_kernel<__half2, float2>(tensor_layout_any, T1 *, tensor_layout_any, const T2 *)"
2052035018,11839,26659,,,,,,,,,,0.061,5189.591,Pinned,Device,NVIDIA A100-SXM4-40GB (0),1,,13,[CUDA memcpy Host-to-Device]
2052057353,590106,26660,,,,,,,,,,456.520,773345.693,Device,,NVIDIA A100-SXM4-40GB (0),1,,13,[CUDA memset]
2052652419,131550,26665,,,,,,,,,,0.825,6273.440,Pinned,Device,NVIDIA A100-SXM4-40GB (0),1,,13,[CUDA memcpy Host-to-Device]
2052786113,22976,26666,,,,,,,,,,0.131,5704.647,Pinned,Device,NVIDIA A100-SXM4-40GB (0),1,,13,[CUDA memcpy Host-to-Device]
2052818177,7104,26667,69,4,1,48,1,1,76,0.002,0.000,,,,,NVIDIA A100-SXM4-40GB (0),1,,13,"void ch_est::windowedChEstPreNoDftSOfdmKernel<float, __half, float, (unsigned int)2, (unsigned int)1, (unsigned short)4>(ch_est::puschRxChEstStatDescr_t *, ch_est::puschRxChEstDynDescr_t *)"
2052826977,5728,26668,137,2,1,24,2,1,44,0.001,0.001,,,,,NVIDIA A100-SXM4-40GB (0),1,,13,"void ch_est::chEstFilterNoDftSOfdmDispatchKernel<float, __half, float, (unsigned int)2>(ch_est::puschRxChEstStatDescr_t *, ch_est::puschRxChEstDynDescr_t *)"
2052833665,4768,26669,137,2,1,24,2,1,44,0.001,0.001,,,,,NVIDIA A100-SXM4-40GB (0),1,,13,"void ch_est::chEstFilterNoDftSOfdmDispatchKernel<float, __half, float, (unsigned int)2>(ch_est::puschRxChEstStatDescr_t *, ch_est::puschRxChEstDynDescr_t *)"
2052839489,2304,26680,103,1,1,128,1,1,16,0.000,0.000,,,,,NVIDIA A100-SXM4-40GB (0),1,,13,cupy_copy__complex64_complex64
2052842849,15167,26690,1434,1,1,128,1,1,16,0.000,0.000,,,,,NVIDIA A100-SXM4-40GB (0),1,,13,cupy_copy__complex64_complex64
2052858944,2240,26697,103,1,1,128,1,1,16,0.000,0.000,,,,,NVIDIA A100-SXM4-40GB (0),1,,13,cupy_copy__complex64_complex64
2052862208,79295,26704,1,1,1,32,32,1,30,0.000,0.000,,,,,NVIDIA A100-SXM4-40GB (0),1,,13,"void convert_kernel<__half2, float2>(tensor_layout_any, T1 *, tensor_layout_any, const T2 *)"
2052968831,12160,26707,,,,,,,,,,0.061,5052.580,Pinned,Device,NVIDIA A100-SXM4-40GB (0),1,,13,[CUDA memcpy Host-to-Device]
2052991231,46495,26708,,,,,,,,,,35.801,769971.247,Device,,NVIDIA A100-SXM4-40GB (0),1,,13,[CUDA memset]
2053042558,2112,26710,,,,,,,,,,0.000,37.879,Pinned,Device,NVIDIA A100-SXM4-40GB (0),1,,13,[CUDA memcpy Host-to-Device]
2053047710,23232,26711,,,,,,,,,,0.131,5641.863,Pinned,Device,NVIDIA A100-SXM4-40GB (0),1,,13,[CUDA memcpy Host-to-Device]
2053079294,8832,26712,273,1,1,48,1,1,40,0.000,0.001,,,,,NVIDIA A100-SXM4-40GB (0),1,,13,"void pusch_noise_intf_est::noiseIntfEstNoDftSOfdmKernel<float, __half, float, float, (unsigned int)2, (unsigned int)1, (unsigned char)4, (unsigned char)4>(pusch_noise_intf_est::puschRxNoiseIntfEstDynDescr)"
2053089086,2592,26723,35,1,1,128,1,1,16,0.000,0.000,,,,,NVIDIA A100-SXM4-40GB (0),1,,13,cupy_copy__complex64_complex64
2053093438,1568,26732,1,1,1,1,1,1,18,0.000,0.000,,,,,NVIDIA A100-SXM4-40GB (0),1,,13,cupy_copy__float32_float32
2053126557,1600,26738,,,,,,,,,,0.000,2.500,Device,Pageable,NVIDIA A100-SXM4-40GB (0),1,,7,[CUDA memcpy Device-to-Host]
2053185501,15200,26749,1434,1,1,128,1,1,16,0.000,0.000,,,,,NVIDIA A100-SXM4-40GB (0),1,,13,cupy_copy__complex64_complex64
2053212956,2496,26756,103,1,1,128,1,1,16,0.000,0.000,,,,,NVIDIA A100-SXM4-40GB (0),1,,13,cupy_copy__complex64_complex64
2053234908,2112,26763,35,1,1,128,1,1,16,0.000,0.000,,,,,NVIDIA A100-SXM4-40GB (0),1,,13,cupy_copy__complex64_complex64
2053258396,1504,26770,1,1,1,1,1,1,18,0.000,0.000,,,,,NVIDIA A100-SXM4-40GB (0),1,,13,cupy_copy__float32_float32
2053403290,79296,26781,1,1,1,32,32,1,30,0.000,0.000,,,,,NVIDIA A100-SXM4-40GB (0),1,,13,"void convert_kernel<__half2, float2>(tensor_layout_any, T1 *, tensor_layout_any, const T2 *)"
2053511961,12000,26784,,,,,,,,,,0.061,5119.980,Pinned,Device,NVIDIA A100-SXM4-40GB (0),1,,13,[CUDA memcpy Host-to-Device]
2053528985,3328,26785,,,,,,,,,,1.547,464729.580,Device,,NVIDIA A100-SXM4-40GB (0),1,,13,[CUDA memset]
2053535321,10688,26790,,,,,,,,,,0.021,1970.041,Pinned,Device,NVIDIA A100-SXM4-40GB (0),1,,13,[CUDA memcpy Host-to-Device]
2053549625,24383,26791,,,,,,,,,,0.131,5375.525,Pinned,Device,NVIDIA A100-SXM4-40GB (0),1,,13,[CUDA memcpy Host-to-Device]
2053583128,6240,26792,273,1,1,8,4,1,39,0.002,0.000,,,,,NVIDIA A100-SXM4-40GB (0),1,,13,"void channel_eq::eqMmseCoefCompLowMimoKernel<float, float, float, (unsigned int)4, (unsigned int)1, (unsigned int)4>(const channel_eq::_puschRxChEqStatDescr *, channel_eq::_puschRxChEqCoefCompDynDescr)"
2053590488,5120,26793,273,1,1,12,11,1,40,0.002,0.000,,,,,NVIDIA A100-SXM4-40GB (0),1,,13,"void channel_eq::eqMmseSoftDemapKernel<float, __half, __half, float, (unsigned int)4, (unsigned short)16383>(channel_eq::_puschRxChEqStatDescr *, channel_eq::_puschRxChEqSoftDemapDynDescr)"
2053596696,280733,26794,1,1,1,32,32,1,30,0.000,0.000,,,,,NVIDIA A100-SXM4-40GB (0),1,,13,"void convert_kernel<float2, __half2>(tensor_layout_any, T1 *, tensor_layout_any, const T2 *)"
2053878421,12416,26806,2253,1,1,128,1,1,16,0.000,0.000,,,,,NVIDIA A100-SXM4-40GB (0),1,,13,cupy_copy__float16_float16
2053891925,2624,26815,282,1,1,128,1,1,16,0.000,0.000,,,,,NVIDIA A100-SXM4-40GB (0),1,,13,cupy_copy__complex64_complex64
2053895605,1888,26824,26,1,1,128,1,1,16,0.000,0.000,,,,,NVIDIA A100-SXM4-40GB (0),1,,13,cupy_copy__float32_float32
2053898549,2848,26833,103,1,1,128,1,1,16,0.000,0.000,,,,,NVIDIA A100-SXM4-40GB (0),1,,13,cupy_copy__complex64_complex64
2053902357,13760,26843,1434,1,1,128,1,1,16,0.000,0.000,,,,,NVIDIA A100-SXM4-40GB (0),1,,13,cupy_copy__complex64_complex64
2053917141,78271,26848,1,1,1,32,32,1,30,0.000,0.000,,,,,NVIDIA A100-SXM4-40GB (0),1,,13,"void convert_kernel<__half2, float2>(tensor_layout_any, T1 *, tensor_layout_any, const T2 *)"
2056720982,11744,26851,,,,,,,,,,0.061,5231.555,Pinned,Device,NVIDIA A100-SXM4-40GB (0),1,,13,[CUDA memcpy Host-to-Device]
2056736982,589465,26852,,,,,,,,,,456.520,774258.734,Device,,NVIDIA A100-SXM4-40GB (0),1,,13,[CUDA memset]
2057333391,133182,26857,,,,,,,,,,0.825,6196.683,Pinned,Device,NVIDIA A100-SXM4-40GB (0),1,,13,[CUDA memcpy Host-to-Device]
2057469389,23648,26858,,,,,,,,,,0.131,5542.511,Pinned,Device,NVIDIA A100-SXM4-40GB (0),1,,13,[CUDA memcpy Host-to-Device]
2057502925,7584,26859,69,4,1,48,1,1,76,0.002,0.000,,,,,NVIDIA A100-SXM4-40GB (0),1,,13,"void ch_est::windowedChEstPreNoDftSOfdmKernel<float, __half, float, (unsigned int)2, (unsigned int)1, (unsigned short)4>(ch_est::puschRxChEstStatDescr_t *, ch_est::puschRxChEstDynDescr_t *)"
2057512109,6048,26860,137,2,1,24,2,1,44,0.001,0.001,,,,,NVIDIA A100-SXM4-40GB (0),1,,13,"void ch_est::chEstFilterNoDftSOfdmDispatchKernel<float, __half, float, (unsigned int)2>(ch_est::puschRxChEstStatDescr_t *, ch_est::puschRxChEstDynDescr_t *)"
2057519117,4736,26861,137,2,1,24,2,1,44,0.001,0.001,,,,,NVIDIA A100-SXM4-40GB (0),1,,13,"void ch_est::chEstFilterNoDftSOfdmDispatchKernel<float, __half, float, (unsigned int)2>(ch_est::puschRxChEstStatDescr_t *, ch_est::puschRxChEstDynDescr_t *)"
2057524781,2752,26872,103,1,1,128,1,1,16,0.000,0.000,,,,,NVIDIA A100-SXM4-40GB (0),1,,13,cupy_copy__complex64_complex64
2057528589,15296,26882,1434,1,1,128,1,1,16,0.000,0.000,,,,,NVIDIA A100-SXM4-40GB (0),1,,13,cupy_copy__complex64_complex64
2057544877,2272,26889,103,1,1,128,1,1,16,0.000,0.000,,,,,NVIDIA A100-SXM4-40GB (0),1,,13,cupy_copy__complex64_complex64
2057970600,79199,26896,1,1,1,32,32,1,30,0.000,0.000,,,,,NVIDIA A100-SXM4-40GB (0),1,,13,"void convert_kernel<__half2, float2>(tensor_layout_any, T1 *, tensor_layout_any, const T2 *)"
2058081607,11712,26899,,,,,,,,,,0.061,5245.870,Pinned,Device,NVIDIA A100-SXM4-40GB (0),1,,13,[CUDA memcpy Host-to-Device]
2058105030,45664,26900,,,,,,,,,,35.801,784005.223,Device,,NVIDIA A100-SXM4-40GB (0),1,,13,[CUDA memset]
2058157926,2112,26902,,,,,,,,,,0.000,37.879,Pinned,Device,NVIDIA A100-SXM4-40GB (0),1,,13,[CUDA memcpy Host-to-Device]
2058162214,23296,26903,,,,,,,,,,0.131,5626.266,Pinned,Device,NVIDIA A100-SXM4-40GB (0),1,,13,[CUDA memcpy Host-to-Device]
2058190021,9056,26904,273,1,1,48,1,1,40,0.000,0.001,,,,,NVIDIA A100-SXM4-40GB (0),1,,13,"void pusch_noise_intf_est::noiseIntfEstNoDftSOfdmKernel<float, __half, float, float, (unsigned int)2, (unsigned int)1, (unsigned char)4, (unsigned char)4>(pusch_noise_intf_est::puschRxNoiseIntfEstDynDescr)"
2058200005,2720,26915,35,1,1,128,1,1,16,0.000,0.000,,,,,NVIDIA A100-SXM4-40GB (0),1,,13,cupy_copy__complex64_complex64
2058213093,1568,26924,1,1,1,1,1,1,18,0.000,0.000,,,,,NVIDIA A100-SXM4-40GB (0),1,,13,cupy_copy__float32_float32
2058248677,2400,26930,,,,,,,,,,0.000,1.667,Device,Pageable,NVIDIA A100-SXM4-40GB (0),1,,7,[CUDA memcpy Device-to-Host]
2058310532,15232,26941,1434,1,1,128,1,1,16,0.000,0.000,,,,,NVIDIA A100-SXM4-40GB (0),1,,13,cupy_copy__complex64_complex64
2058338340,2496,26948,103,1,1,128,1,1,16,0.000,0.000,,,,,NVIDIA A100-SXM4-40GB (0),1,,13,cupy_copy__complex64_complex64
2058363748,2112,26955,35,1,1,128,1,1,16,0.000,0.000,,,,,NVIDIA A100-SXM4-40GB (0),1,,13,cupy_copy__complex64_complex64
2058382723,1568,26962,1,1,1,1,1,1,18,0.000,0.000,,,,,NVIDIA A100-SXM4-40GB (0),1,,13,cupy_copy__float32_float32
2058518466,78495,26973,1,1,1,32,32,1,30,0.000,0.000,,,,,NVIDIA A100-SXM4-40GB (0),1,,13,"void convert_kernel<__half2, float2>(tensor_layout_any, T1 *, tensor_layout_any, const T2 *)"
2058773503,11840,26976,,,,,,,,,,0.061,5189.161,Pinned,Device,NVIDIA A100-SXM4-40GB (0),1,,13,[CUDA memcpy Host-to-Device]
2058788767,3264,26977,,,,,,,,,,1.547,473842.288,Device,,NVIDIA A100-SXM4-40GB (0),1,,13,[CUDA memset]
2058794527,10720,26982,,,,,,,,,,0.021,1964.167,Pinned,Device,NVIDIA A100-SXM4-40GB (0),1,,13,[CUDA memcpy Host-to-Device]
2058807423,23327,26983,,,,,,,,,,0.131,5618.794,Pinned,Device,NVIDIA A100-SXM4-40GB (0),1,,13,[CUDA memcpy Host-to-Device]
2058840286,6048,26984,273,1,1,8,4,1,39,0.002,0.000,,,,,NVIDIA A100-SXM4-40GB (0),1,,13,"void channel_eq::eqMmseCoefCompLowMimoKernel<float, float, float, (unsigned int)4, (unsigned int)1, (unsigned int)4>(const channel_eq::_puschRxChEqStatDescr *, channel_eq::_puschRxChEqCoefCompDynDescr)"
2058847422,5248,26985,273,1,1,12,11,1,40,0.002,0.000,,,,,NVIDIA A100-SXM4-40GB (0),1,,13,"void channel_eq::eqMmseSoftDemapKernel<float, __half, __half, float, (unsigned int)4, (unsigned short)16383>(channel_eq::_puschRxChEqStatDescr *, channel_eq::_puschRxChEqSoftDemapDynDescr)"
2058853726,281149,26986,1,1,1,32,32,1,30,0.000,0.000,,,,,NVIDIA A100-SXM4-40GB (0),1,,13,"void convert_kernel<float2, __half2>(tensor_layout_any, T1 *, tensor_layout_any, const T2 *)"
2059135931,12352,26998,2253,1,1,128,1,1,16,0.000,0.000,,,,,NVIDIA A100-SXM4-40GB (0),1,,13,cupy_copy__float16_float16
2059149211,2624,27007,282,1,1,128,1,1,16,0.000,0.000,,,,,NVIDIA A100-SXM4-40GB (0),1,,13,cupy_copy__complex64_complex64
2059152827,1856,27016,26,1,1,128,1,1,16,0.000,0.000,,,,,NVIDIA A100-SXM4-40GB (0),1,,13,cupy_copy__float32_float32
2059155611,2880,27025,103,1,1,128,1,1,16,0.000,0.000,,,,,NVIDIA A100-SXM4-40GB (0),1,,13,cupy_copy__complex64_complex64
2059159451,14112,27035,1434,1,1,128,1,1,16,0.000,0.000,,,,,NVIDIA A100-SXM4-40GB (0),1,,13,cupy_copy__complex64_complex64
2059307897,79551,27040,1,1,1,32,32,1,30,0.000,0.000,,,,,NVIDIA A100-SXM4-40GB (0),1,,13,"void convert_kernel<__half2, float2>(tensor_layout_any, T1 *, tensor_layout_any, const T2 *)"
2059419320,12384,27043,,,,,,,,,,0.061,4961.219,Pinned,Device,NVIDIA A100-SXM4-40GB (0),1,,13,[CUDA memcpy Host-to-Device]
2059442360,590617,27044,,,,,,,,,,456.520,772889.173,Device,,NVIDIA A100-SXM4-40GB (0),1,,13,[CUDA memset]
2060039473,131999,27049,,,,,,,,,,0.825,6251.981,Pinned,Device,NVIDIA A100-SXM4-40GB (0),1,,13,[CUDA memcpy Host-to-Device]
2060173968,23455,27050,,,,,,,,,,0.131,5588.124,Pinned,Device,NVIDIA A100-SXM4-40GB (0),1,,13,[CUDA memcpy Host-to-Device]
2060209359,7360,27051,69,4,1,48,1,1,76,0.002,0.000,,,,,NVIDIA A100-SXM4-40GB (0),1,,13,"void ch_est::windowedChEstPreNoDftSOfdmKernel<float, __half, float, (unsigned int)2, (unsigned int)1, (unsigned short)4>(ch_est::puschRxChEstStatDescr_t *, ch_est::puschRxChEstDynDescr_t *)"
2060218319,5984,27052,137,2,1,24,2,1,44,0.001,0.001,,,,,NVIDIA A100-SXM4-40GB (0),1,,13,"void ch_est::chEstFilterNoDftSOfdmDispatchKernel<float, __half, float, (unsigned int)2>(ch_est::puschRxChEstStatDescr_t *, ch_est::puschRxChEstDynDescr_t *)"
2060225295,4736,27053,137,2,1,24,2,1,44,0.001,0.001,,,,,NVIDIA A100-SXM4-40GB (0),1,,13,"void ch_est::chEstFilterNoDftSOfdmDispatchKernel<float, __half, float, (unsigned int)2>(ch_est::puschRxChEstStatDescr_t *, ch_est::puschRxChEstDynDescr_t *)"
2060231119,2304,27064,103,1,1,128,1,1,16,0.000,0.000,,,,,NVIDIA A100-SXM4-40GB (0),1,,13,cupy_copy__complex64_complex64
2060234351,15424,27074,1434,1,1,128,1,1,16,0.000,0.000,,,,,NVIDIA A100-SXM4-40GB (0),1,,13,cupy_copy__complex64_complex64
2060250703,2240,27081,103,1,1,128,1,1,16,0.000,0.000,,,,,NVIDIA A100-SXM4-40GB (0),1,,13,cupy_copy__complex64_complex64
2060253871,78879,27088,1,1,1,32,32,1,30,0.000,0.000,,,,,NVIDIA A100-SXM4-40GB (0),1,,13,"void convert_kernel<__half2, float2>(tensor_layout_any, T1 *, tensor_layout_any, const T2 *)"
2060362605,11872,27091,,,,,,,,,,0.061,5175.153,Pinned,Device,NVIDIA A100-SXM4-40GB (0),1,,13,[CUDA memcpy Host-to-Device]
2060384429,46400,27092,,,,,,,,,,35.801,771546.489,Device,,NVIDIA A100-SXM4-40GB (0),1,,13,[CUDA memset]
2060436781,2208,27094,,,,,,,,,,0.000,36.232,Pinned,Device,NVIDIA A100-SXM4-40GB (0),1,,13,[CUDA memcpy Host-to-Device]
2060442285,24479,27095,,,,,,,,,,0.131,5354.422,Pinned,Device,NVIDIA A100-SXM4-40GB (0),1,,13,[CUDA memcpy Host-to-Device]
2060477644,8640,27096,273,1,1,48,1,1,40,0.000,0.001,,,,,NVIDIA A100-SXM4-40GB (0),1,,13,"void pusch_noise_intf_est::noiseIntfEstNoDftSOfdmKernel<float, __half, float, float, (unsigned int)2, (unsigned int)1, (unsigned char)4, (unsigned char)4>(pusch_noise_intf_est::puschRxNoiseIntfEstDynDescr)"
2060487372,2752,27107,35,1,1,128,1,1,16,0.000,0.000,,,,,NVIDIA A100-SXM4-40GB (0),1,,13,cupy_copy__complex64_complex64
2060491276,1536,27116,1,1,1,1,1,1,18,0.000,0.000,,,,,NVIDIA A100-SXM4-40GB (0),1,,13,cupy_copy__float32_float32
2060524076,1728,27122,,,,,,,,,,0.000,2.315,Device,Pageable,NVIDIA A100-SXM4-40GB (0),1,,7,[CUDA memcpy Device-to-Host]
2060585195,15328,27133,1434,1,1,128,1,1,16,0.000,0.000,,,,,NVIDIA A100-SXM4-40GB (0),1,,13,cupy_copy__complex64_complex64
2060617675,2496,27140,103,1,1,128,1,1,16,0.000,0.000,,,,,NVIDIA A100-SXM4-40GB (0),1,,13,cupy_copy__complex64_complex64
2060820744,2112,27147,35,1,1,128,1,1,16,0.000,0.000,,,,,NVIDIA A100-SXM4-40GB (0),1,,13,cupy_copy__complex64_complex64
2060840040,1536,27154,1,1,1,1,1,1,18,0.000,0.000,,,,,NVIDIA A100-SXM4-40GB (0),1,,13,cupy_copy__float32_float32
2060975047,79071,27165,1,1,1,32,32,1,30,0.000,0.000,,,,,NVIDIA A100-SXM4-40GB (0),1,,13,"void convert_kernel<__half2, float2>(tensor_layout_any, T1 *, tensor_layout_any, const T2 *)"
2061083142,12671,27168,,,,,,,,,,0.061,4848.845,Pinned,Device,NVIDIA A100-SXM4-40GB (0),1,,13,[CUDA memcpy Host-to-Device]
2061099909,3392,27169,,,,,,,,,,1.547,455961.768,Device,,NVIDIA A100-SXM4-40GB (0),1,,13,[CUDA memset]
2061105765,10144,27174,,,,,,,,,,0.021,2075.700,Pinned,Device,NVIDIA A100-SXM4-40GB (0),1,,13,[CUDA memcpy Host-to-Device]
2061119013,23136,27175,,,,,,,,,,0.131,5665.194,Pinned,Device,NVIDIA A100-SXM4-40GB (0),1,,13,[CUDA memcpy Host-to-Device]
2061151429,6048,27176,273,1,1,8,4,1,39,0.002,0.000,,,,,NVIDIA A100-SXM4-40GB (0),1,,13,"void channel_eq::eqMmseCoefCompLowMimoKernel<float, float, float, (unsigned int)4, (unsigned int)1, (unsigned int)4>(const channel_eq::_puschRxChEqStatDescr *, channel_eq::_puschRxChEqCoefCompDynDescr)"
2061158533,5216,27177,273,1,1,12,11,1,40,0.002,0.000,,,,,NVIDIA A100-SXM4-40GB (0),1,,13,"void channel_eq::eqMmseSoftDemapKernel<float, __half, __half, float, (unsigned int)4, (unsigned short)16383>(channel_eq::_puschRxChEqStatDescr *, channel_eq::_puschRxChEqSoftDemapDynDescr)"
2061164805,281533,27178,1,1,1,32,32,1,30,0.000,0.000,,,,,NVIDIA A100-SXM4-40GB (0),1,,13,"void convert_kernel<float2, __half2>(tensor_layout_any, T1 *, tensor_layout_any, const T2 *)"
2061447426,12447,27190,2253,1,1,128,1,1,16,0.000,0.000,,,,,NVIDIA A100-SXM4-40GB (0),1,,13,cupy_copy__float16_float16
2061460961,2624,27199,282,1,1,128,1,1,16,0.000,0.000,,,,,NVIDIA A100-SXM4-40GB (0),1,,13,cupy_copy__complex64_complex64
2061464577,1856,27208,26,1,1,128,1,1,16,0.000,0.000,,,,,NVIDIA A100-SXM4-40GB (0),1,,13,cupy_copy__float32_float32
2061467521,2848,27217,103,1,1,128,1,1,16,0.000,0.000,,,,,NVIDIA A100-SXM4-40GB (0),1,,13,cupy_copy__complex64_complex64
2061524001,13856,27233,1434,1,1,128,1,1,16,0.000,0.000,,,,,NVIDIA A100-SXM4-40GB (0),1,,13,cupy_copy__complex64_complex64
2061641343,80095,27238,1,1,1,32,32,1,30,0.000,0.000,,,,,NVIDIA A100-SXM4-40GB (0),1,,13,"void convert_kernel<__half2, float2>(tensor_layout_any, T1 *, tensor_layout_any, const T2 *)"
2061750206,11872,27241,,,,,,,,,,0.061,5175.153,Pinned,Device,NVIDIA A100-SXM4-40GB (0),1,,13,[CUDA memcpy Host-to-Device]
2061771934,587897,27242,,,,,,,,,,456.520,776084.816,Device,,NVIDIA A100-SXM4-40GB (0),1,,13,[CUDA memset]
2062365271,131871,27247,,,,,,,,,,0.825,6258.584,Pinned,Device,NVIDIA A100-SXM4-40GB (0),1,,13,[CUDA memcpy Host-to-Device]
2062499286,22624,27248,,,,,,,,,,0.131,5793.382,Pinned,Device,NVIDIA A100-SXM4-40GB (0),1,,13,[CUDA memcpy Host-to-Device]
2062526614,7519,27249,69,4,1,48,1,1,76,0.002,0.000,,,,,NVIDIA A100-SXM4-40GB (0),1,,13,"void ch_est::windowedChEstPreNoDftSOfdmKernel<float, __half, float, (unsigned int)2, (unsigned int)1, (unsigned short)4>(ch_est::puschRxChEstStatDescr_t *, ch_est::puschRxChEstDynDescr_t *)"
2062535989,6048,27250,137,2,1,24,2,1,44,0.001,0.001,,,,,NVIDIA A100-SXM4-40GB (0),1,,13,"void ch_est::chEstFilterNoDftSOfdmDispatchKernel<float, __half, float, (unsigned int)2>(ch_est::puschRxChEstStatDescr_t *, ch_est::puschRxChEstDynDescr_t *)"
2062543157,4704,27251,137,2,1,24,2,1,44,0.001,0.001,,,,,NVIDIA A100-SXM4-40GB (0),1,,13,"void ch_est::chEstFilterNoDftSOfdmDispatchKernel<float, __half, float, (unsigned int)2>(ch_est::puschRxChEstStatDescr_t *, ch_est::puschRxChEstDynDescr_t *)"
2062548949,2368,27262,103,1,1,128,1,1,16,0.000,0.000,,,,,NVIDIA A100-SXM4-40GB (0),1,,13,cupy_copy__complex64_complex64
2062552309,15360,27272,1434,1,1,128,1,1,16,0.000,0.000,,,,,NVIDIA A100-SXM4-40GB (0),1,,13,cupy_copy__complex64_complex64
2062568725,2272,27279,103,1,1,128,1,1,16,0.000,0.000,,,,,NVIDIA A100-SXM4-40GB (0),1,,13,cupy_copy__complex64_complex64
2062572085,78943,27286,1,1,1,32,32,1,30,0.000,0.000,,,,,NVIDIA A100-SXM4-40GB (0),1,,13,"void convert_kernel<__half2, float2>(tensor_layout_any, T1 *, tensor_layout_any, const T2 *)"
2062680052,12448,27289,,,,,,,,,,0.061,4935.721,Pinned,Device,NVIDIA A100-SXM4-40GB (0),1,,13,[CUDA memcpy Host-to-Device]
2062702740,46111,27290,,,,,,,,,,35.801,776379.619,Device,,NVIDIA A100-SXM4-40GB (0),1,,13,[CUDA memset]
2062755379,2112,27292,,,,,,,,,,0.000,37.879,Pinned,Device,NVIDIA A100-SXM4-40GB (0),1,,13,[CUDA memcpy Host-to-Device]
2062760243,22784,27293,,,,,,,,,,0.131,5752.750,Pinned,Device,NVIDIA A100-SXM4-40GB (0),1,,13,[CUDA memcpy Host-to-Device]
2062793907,8768,27294,273,1,1,48,1,1,40,0.000,0.001,,,,,NVIDIA A100-SXM4-40GB (0),1,,13,"void pusch_noise_intf_est::noiseIntfEstNoDftSOfdmKernel<float, __half, float, float, (unsigned int)2, (unsigned int)1, (unsigned char)4, (unsigned char)4>(pusch_noise_intf_est::puschRxNoiseIntfEstDynDescr)"
2062803891,2687,27305,35,1,1,128,1,1,16,0.000,0.000,,,,,NVIDIA A100-SXM4-40GB (0),1,,13,cupy_copy__complex64_complex64
2062807506,1600,27314,1,1,1,1,1,1,18,0.000,0.000,,,,,NVIDIA A100-SXM4-40GB (0),1,,13,cupy_copy__float32_float32
2062839378,2080,27320,,,,,,,,,,0.000,1.923,Device,Pageable,NVIDIA A100-SXM4-40GB (0),1,,7,[CUDA memcpy Device-to-Host]
2062903505,15296,27331,1434,1,1,128,1,1,16,0.000,0.000,,,,,NVIDIA A100-SXM4-40GB (0),1,,13,cupy_copy__complex64_complex64
2062930993,2528,27338,103,1,1,128,1,1,16,0.000,0.000,,,,,NVIDIA A100-SXM4-40GB (0),1,,13,cupy_copy__complex64_complex64
2062953553,2144,27345,35,1,1,128,1,1,16,0.000,0.000,,,,,NVIDIA A100-SXM4-40GB (0),1,,13,cupy_copy__complex64_complex64
2062972209,1568,27352,1,1,1,1,1,1,18,0.000,0.000,,,,,NVIDIA A100-SXM4-40GB (0),1,,13,cupy_copy__float32_float32
2063107695,79519,27363,1,1,1,32,32,1,30,0.000,0.000,,,,,NVIDIA A100-SXM4-40GB (0),1,,13,"void convert_kernel<__half2, float2>(tensor_layout_any, T1 *, tensor_layout_any, const T2 *)"
2063558570,12480,27366,,,,,,,,,,0.061,4923.064,Pinned,Device,NVIDIA A100-SXM4-40GB (0),1,,13,[CUDA memcpy Host-to-Device]
2063575178,3264,27367,,,,,,,,,,1.547,473842.288,Device,,NVIDIA A100-SXM4-40GB (0),1,,13,[CUDA memset]
2063579626,10144,27372,,,,,,,,,,0.021,2075.700,Pinned,Device,NVIDIA A100-SXM4-40GB (0),1,,13,[CUDA memcpy Host-to-Device]
2063591914,23008,27373,,,,,,,,,,0.131,5696.782,Pinned,Device,NVIDIA A100-SXM4-40GB (0),1,,13,[CUDA memcpy Host-to-Device]
2063624361,6080,27374,273,1,1,8,4,1,39,0.002,0.000,,,,,NVIDIA A100-SXM4-40GB (0),1,,13,"void channel_eq::eqMmseCoefCompLowMimoKernel<float, float, float, (unsigned int)4, (unsigned int)1, (unsigned int)4>(const channel_eq::_puschRxChEqStatDescr *, channel_eq::_puschRxChEqCoefCompDynDescr)"
2063631497,5184,27375,273,1,1,12,11,1,40,0.002,0.000,,,,,NVIDIA A100-SXM4-40GB (0),1,,13,"void channel_eq::eqMmseSoftDemapKernel<float, __half, __half, float, (unsigned int)4, (unsigned short)16383>(channel_eq::_puschRxChEqStatDescr *, channel_eq::_puschRxChEqSoftDemapDynDescr)"
2063637865,281085,27376,1,1,1,32,32,1,30,0.000,0.000,,,,,NVIDIA A100-SXM4-40GB (0),1,,13,"void convert_kernel<float2, __half2>(tensor_layout_any, T1 *, tensor_layout_any, const T2 *)"
2063919974,12352,27388,2253,1,1,128,1,1,16,0.000,0.000,,,,,NVIDIA A100-SXM4-40GB (0),1,,13,cupy_copy__float16_float16
2063933286,2592,27397,282,1,1,128,1,1,16,0.000,0.000,,,,,NVIDIA A100-SXM4-40GB (0),1,,13,cupy_copy__complex64_complex64
2063936870,1856,27406,26,1,1,128,1,1,16,0.000,0.000,,,,,NVIDIA A100-SXM4-40GB (0),1,,13,cupy_copy__float32_float32
2063939814,2880,27415,103,1,1,128,1,1,16,0.000,0.000,,,,,NVIDIA A100-SXM4-40GB (0),1,,13,cupy_copy__complex64_complex64
2063943622,13888,27425,1434,1,1,128,1,1,16,0.000,0.000,,,,,NVIDIA A100-SXM4-40GB (0),1,,13,cupy_copy__complex64_complex64
2064089796,79263,27430,1,1,1,32,32,1,30,0.000,0.000,,,,,NVIDIA A100-SXM4-40GB (0),1,,13,"void convert_kernel<__half2, float2>(tensor_layout_any, T1 *, tensor_layout_any, const T2 *)"
2064200067,12128,27433,,,,,,,,,,0.061,5065.912,Pinned,Device,NVIDIA A100-SXM4-40GB (0),1,,13,[CUDA memcpy Host-to-Device]
2064222339,588121,27434,,,,,,,,,,456.520,776084.816,Device,,NVIDIA A100-SXM4-40GB (0),1,,13,[CUDA memset]
2064818716,132063,27439,,,,,,,,,,0.825,6249.505,Pinned,Device,NVIDIA A100-SXM4-40GB (0),1,,13,[CUDA memcpy Host-to-Device]
2064953307,23168,27440,,,,,,,,,,0.131,5657.330,Pinned,Device,NVIDIA A100-SXM4-40GB (0),1,,13,[CUDA memcpy Host-to-Device]
2064981114,7360,27441,69,4,1,48,1,1,76,0.002,0.000,,,,,NVIDIA A100-SXM4-40GB (0),1,,13,"void ch_est::windowedChEstPreNoDftSOfdmKernel<float, __half, float, (unsigned int)2, (unsigned int)1, (unsigned short)4>(ch_est::puschRxChEstStatDescr_t *, ch_est::puschRxChEstDynDescr_t *)"
2064989946,5984,27442,137,2,1,24,2,1,44,0.001,0.001,,,,,NVIDIA A100-SXM4-40GB (0),1,,13,"void ch_est::chEstFilterNoDftSOfdmDispatchKernel<float, __half, float, (unsigned int)2>(ch_est::puschRxChEstStatDescr_t *, ch_est::puschRxChEstDynDescr_t *)"
2064996954,4736,27443,137,2,1,24,2,1,44,0.001,0.001,,,,,NVIDIA A100-SXM4-40GB (0),1,,13,"void ch_est::chEstFilterNoDftSOfdmDispatchKernel<float, __half, float, (unsigned int)2>(ch_est::puschRxChEstStatDescr_t *, ch_est::puschRxChEstDynDescr_t *)"
2065002778,2336,27454,103,1,1,128,1,1,16,0.000,0.000,,,,,NVIDIA A100-SXM4-40GB (0),1,,13,cupy_copy__complex64_complex64
2065006138,15328,27464,1434,1,1,128,1,1,16,0.000,0.000,,,,,NVIDIA A100-SXM4-40GB (0),1,,13,cupy_copy__complex64_complex64
2065022458,2240,27471,103,1,1,128,1,1,16,0.000,0.000,,,,,NVIDIA A100-SXM4-40GB (0),1,,13,cupy_copy__complex64_complex64
2065025690,79519,27478,1,1,1,32,32,1,30,0.000,0.000,,,,,NVIDIA A100-SXM4-40GB (0),1,,13,"void convert_kernel<__half2, float2>(tensor_layout_any, T1 *, tensor_layout_any, const T2 *)"
2065270935,11744,27481,,,,,,,,,,0.061,5231.555,Pinned,Device,NVIDIA A100-SXM4-40GB (0),1,,13,[CUDA memcpy Host-to-Device]
2065291383,46240,27482,,,,,,,,,,35.801,774231.561,Device,,NVIDIA A100-SXM4-40GB (0),1,,13,[CUDA memset]
2065343702,2304,27484,,,,,,,,,,0.000,34.722,Pinned,Device,NVIDIA A100-SXM4-40GB (0),1,,13,[CUDA memcpy Host-to-Device]
2065348118,23456,27485,,,,,,,,,,0.131,5587.993,Pinned,Device,NVIDIA A100-SXM4-40GB (0),1,,13,[CUDA memcpy Host-to-Device]
2065376406,9120,27486,273,1,1,48,1,1,40,0.000,0.001,,,,,NVIDIA A100-SXM4-40GB (0),1,,13,"void pusch_noise_intf_est::noiseIntfEstNoDftSOfdmKernel<float, __half, float, float, (unsigned int)2, (unsigned int)1, (unsigned char)4, (unsigned char)4>(pusch_noise_intf_est::puschRxNoiseIntfEstDynDescr)"
2065386550,2528,27497,35,1,1,128,1,1,16,0.000,0.000,,,,,NVIDIA A100-SXM4-40GB (0),1,,13,cupy_copy__complex64_complex64
2065390070,1568,27506,1,1,1,1,1,1,18,0.000,0.000,,,,,NVIDIA A100-SXM4-40GB (0),1,,13,cupy_copy__float32_float32
2065429846,1663,27512,,,,,,,,,,0.000,2.405,Device,Pageable,NVIDIA A100-SXM4-40GB (0),1,,7,[CUDA memcpy Device-to-Host]
2065491477,15424,27523,1434,1,1,128,1,1,16,0.000,0.000,,,,,NVIDIA A100-SXM4-40GB (0),1,,13,cupy_copy__complex64_complex64
2065519669,2495,27530,103,1,1,128,1,1,16,0.000,0.000,,,,,NVIDIA A100-SXM4-40GB (0),1,,13,cupy_copy__complex64_complex64
2065541044,2080,27537,35,1,1,128,1,1,16,0.000,0.000,,,,,NVIDIA A100-SXM4-40GB (0),1,,13,cupy_copy__complex64_complex64
2065559988,1536,27544,1,1,1,1,1,1,18,0.000,0.000,,,,,NVIDIA A100-SXM4-40GB (0),1,,13,cupy_copy__float32_float32
2065828817,79615,27555,1,1,1,32,32,1,30,0.000,0.000,,,,,NVIDIA A100-SXM4-40GB (0),1,,13,"void convert_kernel<__half2, float2>(tensor_layout_any, T1 *, tensor_layout_any, const T2 *)"
2065940016,11872,27558,,,,,,,,,,0.061,5175.153,Pinned,Device,NVIDIA A100-SXM4-40GB (0),1,,13,[CUDA memcpy Host-to-Device]
2065957552,3328,27559,,,,,,,,,,1.547,464729.580,Device,,NVIDIA A100-SXM4-40GB (0),1,,13,[CUDA memset]
2065963920,10591,27564,,,,,,,,,,0.021,1988.086,Pinned,Device,NVIDIA A100-SXM4-40GB (0),1,,13,[CUDA memcpy Host-to-Device]
2065977935,22976,27565,,,,,,,,,,0.131,5704.647,Pinned,Device,NVIDIA A100-SXM4-40GB (0),1,,13,[CUDA memcpy Host-to-Device]
2066010223,6016,27566,273,1,1,8,4,1,39,0.002,0.000,,,,,NVIDIA A100-SXM4-40GB (0),1,,13,"void channel_eq::eqMmseCoefCompLowMimoKernel<float, float, float, (unsigned int)4, (unsigned int)1, (unsigned int)4>(const channel_eq::_puschRxChEqStatDescr *, channel_eq::_puschRxChEqCoefCompDynDescr)"
2066017487,5248,27567,273,1,1,12,11,1,40,0.002,0.000,,,,,NVIDIA A100-SXM4-40GB (0),1,,13,"void channel_eq::eqMmseSoftDemapKernel<float, __half, __half, float, (unsigned int)4, (unsigned short)16383>(channel_eq::_puschRxChEqStatDescr *, channel_eq::_puschRxChEqSoftDemapDynDescr)"
2066023727,281405,27568,1,1,1,32,32,1,30,0.000,0.000,,,,,NVIDIA A100-SXM4-40GB (0),1,,13,"void convert_kernel<float2, __half2>(tensor_layout_any, T1 *, tensor_layout_any, const T2 *)"
2066306124,12352,27580,2253,1,1,128,1,1,16,0.000,0.000,,,,,NVIDIA A100-SXM4-40GB (0),1,,13,cupy_copy__float16_float16
2066319404,2624,27589,282,1,1,128,1,1,16,0.000,0.000,,,,,NVIDIA A100-SXM4-40GB (0),1,,13,cupy_copy__complex64_complex64
2066323020,1888,27598,26,1,1,128,1,1,16,0.000,0.000,,,,,NVIDIA A100-SXM4-40GB (0),1,,13,cupy_copy__float32_float32
2066325964,2848,27607,103,1,1,128,1,1,16,0.000,0.000,,,,,NVIDIA A100-SXM4-40GB (0),1,,13,cupy_copy__complex64_complex64
2066329804,13727,27617,1434,1,1,128,1,1,16,0.000,0.000,,,,,NVIDIA A100-SXM4-40GB (0),1,,13,cupy_copy__complex64_complex64
2066355531,79167,27622,1,1,1,32,32,1,30,0.000,0.000,,,,,NVIDIA A100-SXM4-40GB (0),1,,13,"void convert_kernel<__half2, float2>(tensor_layout_any, T1 *, tensor_layout_any, const T2 *)"
2066463210,11680,27625,,,,,,,,,,0.061,5260.247,Pinned,Device,NVIDIA A100-SXM4-40GB (0),1,,13,[CUDA memcpy Host-to-Device]
2066485354,587641,27626,,,,,,,,,,456.520,776541.336,Device,,NVIDIA A100-SXM4-40GB (0),1,,13,[CUDA memset]
2067078659,131551,27631,,,,,,,,,,0.825,6273.440,Pinned,Device,NVIDIA A100-SXM4-40GB (0),1,,13,[CUDA memcpy Host-to-Device]
2067212770,22592,27632,,,,,,,,,,0.131,5801.640,Pinned,Device,NVIDIA A100-SXM4-40GB (0),1,,13,[CUDA memcpy Host-to-Device]
2067242081,7520,27633,69,4,1,48,1,1,76,0.002,0.000,,,,,NVIDIA A100-SXM4-40GB (0),1,,13,"void ch_est::windowedChEstPreNoDftSOfdmKernel<float, __half, float, (unsigned int)2, (unsigned int)1, (unsigned short)4>(ch_est::puschRxChEstStatDescr_t *, ch_est::puschRxChEstDynDescr_t *)"
2067251297,5824,27634,137,2,1,24,2,1,44,0.001,0.001,,,,,NVIDIA A100-SXM4-40GB (0),1,,13,"void ch_est::chEstFilterNoDftSOfdmDispatchKernel<float, __half, float, (unsigned int)2>(ch_est::puschRxChEstStatDescr_t *, ch_est::puschRxChEstDynDescr_t *)"
2067258113,4704,27635,137,2,1,24,2,1,44,0.001,0.001,,,,,NVIDIA A100-SXM4-40GB (0),1,,13,"void ch_est::chEstFilterNoDftSOfdmDispatchKernel<float, __half, float, (unsigned int)2>(ch_est::puschRxChEstStatDescr_t *, ch_est::puschRxChEstDynDescr_t *)"
2067263777,2368,27646,103,1,1,128,1,1,16,0.000,0.000,,,,,NVIDIA A100-SXM4-40GB (0),1,,13,cupy_copy__complex64_complex64
2067267137,15456,27656,1434,1,1,128,1,1,16,0.000,0.000,,,,,NVIDIA A100-SXM4-40GB (0),1,,13,cupy_copy__complex64_complex64
2067283617,2272,27663,103,1,1,128,1,1,16,0.000,0.000,,,,,NVIDIA A100-SXM4-40GB (0),1,,13,cupy_copy__complex64_complex64
2067286977,79103,27670,1,1,1,32,32,1,30,0.000,0.000,,,,,NVIDIA A100-SXM4-40GB (0),1,,13,"void convert_kernel<__half2, float2>(tensor_layout_any, T1 *, tensor_layout_any, const T2 *)"
2067393952,12128,27673,,,,,,,,,,0.061,5065.912,Pinned,Device,NVIDIA A100-SXM4-40GB (0),1,,13,[CUDA memcpy Host-to-Device]
2067416160,46047,27674,,,,,,,,,,35.801,777453.647,Device,,NVIDIA A100-SXM4-40GB (0),1,,13,[CUDA memset]
2067466751,2144,27676,,,,,,,,,,0.000,37.313,Pinned,Device,NVIDIA A100-SXM4-40GB (0),1,,13,[CUDA memcpy Host-to-Device]
2067471455,22816,27677,,,,,,,,,,0.131,5744.624,Pinned,Device,NVIDIA A100-SXM4-40GB (0),1,,13,[CUDA memcpy Host-to-Device]
2067500159,8608,27678,273,1,1,48,1,1,40,0.000,0.001,,,,,NVIDIA A100-SXM4-40GB (0),1,,13,"void pusch_noise_intf_est::noiseIntfEstNoDftSOfdmKernel<float, __half, float, float, (unsigned int)2, (unsigned int)1, (unsigned char)4, (unsigned char)4>(pusch_noise_intf_est::puschRxNoiseIntfEstDynDescr)"
2067509983,2559,27689,35,1,1,128,1,1,16,0.000,0.000,,,,,NVIDIA A100-SXM4-40GB (0),1,,13,cupy_copy__complex64_complex64
2067521566,1600,27698,1,1,1,1,1,1,18,0.000,0.000,,,,,NVIDIA A100-SXM4-40GB (0),1,,13,cupy_copy__float32_float32
2067557118,1696,27704,,,,,,,,,,0.000,2.358,Device,Pageable,NVIDIA A100-SXM4-40GB (0),1,,7,[CUDA memcpy Device-to-Host]
2067616157,15104,27715,1434,1,1,128,1,1,16,0.000,0.000,,,,,NVIDIA A100-SXM4-40GB (0),1,,13,cupy_copy__complex64_complex64
2067643197,2528,27722,103,1,1,128,1,1,16,0.000,0.000,,,,,NVIDIA A100-SXM4-40GB (0),1,,13,cupy_copy__complex64_complex64
2067665245,2144,27729,35,1,1,128,1,1,16,0.000,0.000,,,,,NVIDIA A100-SXM4-40GB (0),1,,13,cupy_copy__complex64_complex64
2067683229,1568,27736,1,1,1,1,1,1,18,0.000,0.000,,,,,NVIDIA A100-SXM4-40GB (0),1,,13,cupy_copy__float32_float32
2067818235,78815,27747,1,1,1,32,32,1,30,0.000,0.000,,,,,NVIDIA A100-SXM4-40GB (0),1,,13,"void convert_kernel<__half2, float2>(tensor_layout_any, T1 *, tensor_layout_any, const T2 *)"
2067925498,12000,27750,,,,,,,,,,0.061,5119.980,Pinned,Device,NVIDIA A100-SXM4-40GB (0),1,,13,[CUDA memcpy Host-to-Device]
2067942202,3296,27751,,,,,,,,,,1.547,469242.628,Device,,NVIDIA A100-SXM4-40GB (0),1,,13,[CUDA memset]
2067948314,10144,27756,,,,,,,,,,0.021,2075.700,Pinned,Device,NVIDIA A100-SXM4-40GB (0),1,,13,[CUDA memcpy Host-to-Device]
2067961338,22943,27757,,,,,,,,,,0.131,5712.904,Pinned,Device,NVIDIA A100-SXM4-40GB (0),1,,13,[CUDA memcpy Host-to-Device]
2067993721,6240,27758,273,1,1,8,4,1,39,0.002,0.000,,,,,NVIDIA A100-SXM4-40GB (0),1,,13,"void channel_eq::eqMmseCoefCompLowMimoKernel<float, float, float, (unsigned int)4, (unsigned int)1, (unsigned int)4>(const channel_eq::_puschRxChEqStatDescr *, channel_eq::_puschRxChEqCoefCompDynDescr)"
2068001177,5120,27759,273,1,1,12,11,1,40,0.002,0.000,,,,,NVIDIA A100-SXM4-40GB (0),1,,13,"void channel_eq::eqMmseSoftDemapKernel<float, __half, __half, float, (unsigned int)4, (unsigned short)16383>(channel_eq::_puschRxChEqStatDescr *, channel_eq::_puschRxChEqSoftDemapDynDescr)"
2068007513,280893,27760,1,1,1,32,32,1,30,0.000,0.000,,,,,NVIDIA A100-SXM4-40GB (0),1,,13,"void convert_kernel<float2, __half2>(tensor_layout_any, T1 *, tensor_layout_any, const T2 *)"
2068289398,12416,27772,2253,1,1,128,1,1,16,0.000,0.000,,,,,NVIDIA A100-SXM4-40GB (0),1,,13,cupy_copy__float16_float16
2068302902,2624,27781,282,1,1,128,1,1,16,0.000,0.000,,,,,NVIDIA A100-SXM4-40GB (0),1,,13,cupy_copy__complex64_complex64
2068306518,1824,27790,26,1,1,128,1,1,16,0.000,0.000,,,,,NVIDIA A100-SXM4-40GB (0),1,,13,cupy_copy__float32_float32
2068309558,2880,27799,103,1,1,128,1,1,16,0.000,0.000,,,,,NVIDIA A100-SXM4-40GB (0),1,,13,cupy_copy__complex64_complex64
2068313398,14047,27809,1434,1,1,128,1,1,16,0.000,0.000,,,,,NVIDIA A100-SXM4-40GB (0),1,,13,cupy_copy__complex64_complex64
2068328501,79296,27814,1,1,1,32,32,1,30,0.000,0.000,,,,,NVIDIA A100-SXM4-40GB (0),1,,13,"void convert_kernel<__half2, float2>(tensor_layout_any, T1 *, tensor_layout_any, const T2 *)"
2068436916,11648,27817,,,,,,,,,,0.061,5274.685,Pinned,Device,NVIDIA A100-SXM4-40GB (0),1,,13,[CUDA memcpy Host-to-Device]
2068458580,587706,27818,,,,,,,,,,456.520,776541.336,Device,,NVIDIA A100-SXM4-40GB (0),1,,13,[CUDA memset]
2069047982,131646,27823,,,,,,,,,,0.825,6269.313,Pinned,Device,NVIDIA A100-SXM4-40GB (0),1,,13,[CUDA memcpy Host-to-Device]
2069181772,23136,27824,,,,,,,,,,0.131,5665.194,Pinned,Device,NVIDIA A100-SXM4-40GB (0),1,,13,[CUDA memcpy Host-to-Device]
2069215308,7232,27825,69,4,1,48,1,1,76,0.002,0.000,,,,,NVIDIA A100-SXM4-40GB (0),1,,13,"void ch_est::windowedChEstPreNoDftSOfdmKernel<float, __half, float, (unsigned int)2, (unsigned int)1, (unsigned short)4>(ch_est::puschRxChEstStatDescr_t *, ch_est::puschRxChEstDynDescr_t *)"
2069224364,6240,27826,137,2,1,24,2,1,44,0.001,0.001,,,,,NVIDIA A100-SXM4-40GB (0),1,,13,"void ch_est::chEstFilterNoDftSOfdmDispatchKernel<float, __half, float, (unsigned int)2>(ch_est::puschRxChEstStatDescr_t *, ch_est::puschRxChEstDynDescr_t *)"
2069231563,4736,27827,137,2,1,24,2,1,44,0.001,0.001,,,,,NVIDIA A100-SXM4-40GB (0),1,,13,"void ch_est::chEstFilterNoDftSOfdmDispatchKernel<float, __half, float, (unsigned int)2>(ch_est::puschRxChEstStatDescr_t *, ch_est::puschRxChEstDynDescr_t *)"
2069237355,2336,27838,103,1,1,128,1,1,16,0.000,0.000,,,,,NVIDIA A100-SXM4-40GB (0),1,,13,cupy_copy__complex64_complex64
2069240907,15232,27848,1434,1,1,128,1,1,16,0.000,0.000,,,,,NVIDIA A100-SXM4-40GB (0),1,,13,cupy_copy__complex64_complex64
2069257163,2240,27855,103,1,1,128,1,1,16,0.000,0.000,,,,,NVIDIA A100-SXM4-40GB (0),1,,13,cupy_copy__complex64_complex64
2069260619,79071,27862,1,1,1,32,32,1,30,0.000,0.000,,,,,NVIDIA A100-SXM4-40GB (0),1,,13,"void convert_kernel<__half2, float2>(tensor_layout_any, T1 *, tensor_layout_any, const T2 *)"
2069515144,11936,27865,,,,,,,,,,0.061,5147.443,Pinned,Device,NVIDIA A100-SXM4-40GB (0),1,,13,[CUDA memcpy Host-to-Device]
2069532744,46784,27866,,,,,,,,,,35.801,765209.719,Device,,NVIDIA A100-SXM4-40GB (0),1,,13,[CUDA memset]
2069581288,2592,27868,,,,,,,,,,0.000,30.864,Pinned,Device,NVIDIA A100-SXM4-40GB (0),1,,13,[CUDA memcpy Host-to-Device]
2069585992,23295,27869,,,,,,,,,,0.131,5626.528,Pinned,Device,NVIDIA A100-SXM4-40GB (0),1,,13,[CUDA memcpy Host-to-Device]
2069617767,9312,27870,273,1,1,48,1,1,40,0.000,0.001,,,,,NVIDIA A100-SXM4-40GB (0),1,,13,"void pusch_noise_intf_est::noiseIntfEstNoDftSOfdmKernel<float, __half, float, float, (unsigned int)2, (unsigned int)1, (unsigned char)4, (unsigned char)4>(pusch_noise_intf_est::puschRxNoiseIntfEstDynDescr)"
2069628295,2528,27881,35,1,1,128,1,1,16,0.000,0.000,,,,,NVIDIA A100-SXM4-40GB (0),1,,13,cupy_copy__complex64_complex64
2069632327,1536,27890,1,1,1,1,1,1,18,0.000,0.000,,,,,NVIDIA A100-SXM4-40GB (0),1,,13,cupy_copy__float32_float32
2069667175,1728,27896,,,,,,,,,,0.000,2.315,Device,Pageable,NVIDIA A100-SXM4-40GB (0),1,,7,[CUDA memcpy Device-to-Host]
2069727270,15040,27907,1434,1,1,128,1,1,16,0.000,0.000,,,,,NVIDIA A100-SXM4-40GB (0),1,,13,cupy_copy__complex64_complex64
2069755014,2560,27914,103,1,1,128,1,1,16,0.000,0.000,,,,,NVIDIA A100-SXM4-40GB (0),1,,13,cupy_copy__complex64_complex64
2069776677,2112,27921,35,1,1,128,1,1,16,0.000,0.000,,,,,NVIDIA A100-SXM4-40GB (0),1,,13,cupy_copy__complex64_complex64
2069795397,1536,27928,1,1,1,1,1,1,18,0.000,0.000,,,,,NVIDIA A100-SXM4-40GB (0),1,,13,cupy_copy__float32_float32
2070063778,79487,27939,1,1,1,32,32,1,30,0.000,0.000,,,,,NVIDIA A100-SXM4-40GB (0),1,,13,"void convert_kernel<__half2, float2>(tensor_layout_any, T1 *, tensor_layout_any, const T2 *)"
2070175297,12000,27942,,,,,,,,,,0.061,5119.980,Pinned,Device,NVIDIA A100-SXM4-40GB (0),1,,13,[CUDA memcpy Host-to-Device]
2070192705,3360,27943,,,,,,,,,,1.547,460304.688,Device,,NVIDIA A100-SXM4-40GB (0),1,,13,[CUDA memset]
2070199297,10720,27948,,,,,,,,,,0.021,1964.167,Pinned,Device,NVIDIA A100-SXM4-40GB (0),1,,13,[CUDA memcpy Host-to-Device]
2070212929,22847,27949,,,,,,,,,,0.131,5736.890,Pinned,Device,NVIDIA A100-SXM4-40GB (0),1,,13,[CUDA memcpy Host-to-Device]
2070244416,6048,27950,273,1,1,8,4,1,39,0.002,0.000,,,,,NVIDIA A100-SXM4-40GB (0),1,,13,"void channel_eq::eqMmseCoefCompLowMimoKernel<float, float, float, (unsigned int)4, (unsigned int)1, (unsigned int)4>(const channel_eq::_puschRxChEqStatDescr *, channel_eq::_puschRxChEqCoefCompDynDescr)"
2070251680,5312,27951,273,1,1,12,11,1,40,0.002,0.000,,,,,NVIDIA A100-SXM4-40GB (0),1,,13,"void channel_eq::eqMmseSoftDemapKernel<float, __half, __half, float, (unsigned int)4, (unsigned short)16383>(channel_eq::_puschRxChEqStatDescr *, channel_eq::_puschRxChEqSoftDemapDynDescr)"
2070257920,281405,27952,1,1,1,32,32,1,30,0.000,0.000,,,,,NVIDIA A100-SXM4-40GB (0),1,,13,"void convert_kernel<float2, __half2>(tensor_layout_any, T1 *, tensor_layout_any, const T2 *)"
2070540285,12608,27964,2253,1,1,128,1,1,16,0.000,0.000,,,,,NVIDIA A100-SXM4-40GB (0),1,,13,cupy_copy__float16_float16
2070553917,2624,27973,282,1,1,128,1,1,16,0.000,0.000,,,,,NVIDIA A100-SXM4-40GB (0),1,,13,cupy_copy__complex64_complex64
2070557533,1856,27982,26,1,1,128,1,1,16,0.000,0.000,,,,,NVIDIA A100-SXM4-40GB (0),1,,13,cupy_copy__float32_float32
2070560477,2848,27991,103,1,1,128,1,1,16,0.000,0.000,,,,,NVIDIA A100-SXM4-40GB (0),1,,13,cupy_copy__complex64_complex64
2070564285,14016,28001,1434,1,1,128,1,1,16,0.000,0.000,,,,,NVIDIA A100-SXM4-40GB (0),1,,13,cupy_copy__complex64_complex64
2070594748,79744,28006,1,1,1,32,32,1,30,0.000,0.000,,,,,NVIDIA A100-SXM4-40GB (0),1,,13,"void convert_kernel<__half2, float2>(tensor_layout_any, T1 *, tensor_layout_any, const T2 *)"
2070841530,11648,28009,,,,,,,,,,0.061,5274.685,Pinned,Device,NVIDIA A100-SXM4-40GB (0),1,,13,[CUDA memcpy Host-to-Device]
2070859162,589017,28010,,,,,,,,,,456.520,774715.255,Device,,NVIDIA A100-SXM4-40GB (0),1,,13,[CUDA memset]
2071452115,131583,28015,,,,,,,,,,0.825,6271.789,Pinned,Device,NVIDIA A100-SXM4-40GB (0),1,,13,[CUDA memcpy Host-to-Device]
2071585841,23136,28016,,,,,,,,,,0.131,5665.194,Pinned,Device,NVIDIA A100-SXM4-40GB (0),1,,13,[CUDA memcpy Host-to-Device]
2071617585,7936,28017,69,4,1,48,1,1,76,0.002,0.000,,,,,NVIDIA A100-SXM4-40GB (0),1,,13,"void ch_est::windowedChEstPreNoDftSOfdmKernel<float, __half, float, (unsigned int)2, (unsigned int)1, (unsigned short)4>(ch_est::puschRxChEstStatDescr_t *, ch_est::puschRxChEstDynDescr_t *)"
2071627217,5728,28018,137,2,1,24,2,1,44,0.001,0.001,,,,,NVIDIA A100-SXM4-40GB (0),1,,13,"void ch_est::chEstFilterNoDftSOfdmDispatchKernel<float, __half, float, (unsigned int)2>(ch_est::puschRxChEstStatDescr_t *, ch_est::puschRxChEstDynDescr_t *)"
2071634033,4736,28019,137,2,1,24,2,1,44,0.001,0.001,,,,,NVIDIA A100-SXM4-40GB (0),1,,13,"void ch_est::chEstFilterNoDftSOfdmDispatchKernel<float, __half, float, (unsigned int)2>(ch_est::puschRxChEstStatDescr_t *, ch_est::puschRxChEstDynDescr_t *)"
2071639857,2368,28030,103,1,1,128,1,1,16,0.000,0.000,,,,,NVIDIA A100-SXM4-40GB (0),1,,13,cupy_copy__complex64_complex64
2071643249,15264,28040,1434,1,1,128,1,1,16,0.000,0.000,,,,,NVIDIA A100-SXM4-40GB (0),1,,13,cupy_copy__complex64_complex64
2071659601,2272,28047,103,1,1,128,1,1,16,0.000,0.000,,,,,NVIDIA A100-SXM4-40GB (0),1,,13,cupy_copy__complex64_complex64
2071662993,78943,28054,1,1,1,32,32,1,30,0.000,0.000,,,,,NVIDIA A100-SXM4-40GB (0),1,,13,"void convert_kernel<__half2, float2>(tensor_layout_any, T1 *, tensor_layout_any, const T2 *)"
2071773743,11680,28057,,,,,,,,,,0.061,5260.247,Pinned,Device,NVIDIA A100-SXM4-40GB (0),1,,13,[CUDA memcpy Host-to-Device]
2071796815,46080,28058,,,,,,,,,,35.801,776916.633,Device,,NVIDIA A100-SXM4-40GB (0),1,,13,[CUDA memset]
2071844687,2016,28060,,,,,,,,,,0.000,39.682,Pinned,Device,NVIDIA A100-SXM4-40GB (0),1,,13,[CUDA memcpy Host-to-Device]
2071849935,22591,28061,,,,,,,,,,0.131,5801.902,Pinned,Device,NVIDIA A100-SXM4-40GB (0),1,,13,[CUDA memcpy Host-to-Device]
2071882798,8704,28062,273,1,1,48,1,1,40,0.000,0.001,,,,,NVIDIA A100-SXM4-40GB (0),1,,13,"void pusch_noise_intf_est::noiseIntfEstNoDftSOfdmKernel<float, __half, float, float, (unsigned int)2, (unsigned int)1, (unsigned char)4, (unsigned char)4>(pusch_noise_intf_est::puschRxNoiseIntfEstDynDescr)"
2071892590,2688,28073,35,1,1,128,1,1,16,0.000,0.000,,,,,NVIDIA A100-SXM4-40GB (0),1,,13,cupy_copy__complex64_complex64
2071907406,1600,28082,1,1,1,1,1,1,18,0.000,0.000,,,,,NVIDIA A100-SXM4-40GB (0),1,,13,cupy_copy__float32_float32
2071942990,1696,28088,,,,,,,,,,0.000,2.358,Device,Pageable,NVIDIA A100-SXM4-40GB (0),1,,7,[CUDA memcpy Device-to-Host]
2072001709,15392,28099,1434,1,1,128,1,1,16,0.000,0.000,,,,,NVIDIA A100-SXM4-40GB (0),1,,13,cupy_copy__complex64_complex64
2072028973,2496,28106,103,1,1,128,1,1,16,0.000,0.000,,,,,NVIDIA A100-SXM4-40GB (0),1,,13,cupy_copy__complex64_complex64
2072050188,2112,28113,35,1,1,128,1,1,16,0.000,0.000,,,,,NVIDIA A100-SXM4-40GB (0),1,,13,cupy_copy__complex64_complex64
2072068908,1536,28120,1,1,1,1,1,1,18,0.000,0.000,,,,,NVIDIA A100-SXM4-40GB (0),1,,13,cupy_copy__float32_float32
2072206347,79039,28131,1,1,1,32,32,1,30,0.000,0.000,,,,,NVIDIA A100-SXM4-40GB (0),1,,13,"void convert_kernel<__half2, float2>(tensor_layout_any, T1 *, tensor_layout_any, const T2 *)"
2072314729,11808,28134,,,,,,,,,,0.061,5203.231,Pinned,Device,NVIDIA A100-SXM4-40GB (0),1,,13,[CUDA memcpy Host-to-Device]
2072331241,3264,28135,,,,,,,,,,1.547,473842.288,Device,,NVIDIA A100-SXM4-40GB (0),1,,13,[CUDA memset]
2072337449,10144,28140,,,,,,,,,,0.021,2075.700,Pinned,Device,NVIDIA A100-SXM4-40GB (0),1,,13,[CUDA memcpy Host-to-Device]
2072350921,23424,28141,,,,,,,,,,0.131,5595.595,Pinned,Device,NVIDIA A100-SXM4-40GB (0),1,,13,[CUDA memcpy Host-to-Device]
2072383561,6080,28142,273,1,1,8,4,1,39,0.002,0.000,,,,,NVIDIA A100-SXM4-40GB (0),1,,13,"void channel_eq::eqMmseCoefCompLowMimoKernel<float, float, float, (unsigned int)4, (unsigned int)1, (unsigned int)4>(const channel_eq::_puschRxChEqStatDescr *, channel_eq::_puschRxChEqCoefCompDynDescr)"
2072390697,5120,28143,273,1,1,12,11,1,40,0.002,0.000,,,,,NVIDIA A100-SXM4-40GB (0),1,,13,"void channel_eq::eqMmseSoftDemapKernel<float, __half, __half, float, (unsigned int)4, (unsigned short)16383>(channel_eq::_puschRxChEqStatDescr *, channel_eq::_puschRxChEqSoftDemapDynDescr)"
2072396745,281116,28144,1,1,1,32,32,1,30,0.000,0.000,,,,,NVIDIA A100-SXM4-40GB (0),1,,13,"void convert_kernel<float2, __half2>(tensor_layout_any, T1 *, tensor_layout_any, const T2 *)"
2072678917,12288,28156,2253,1,1,128,1,1,16,0.000,0.000,,,,,NVIDIA A100-SXM4-40GB (0),1,,13,cupy_copy__float16_float16
2072692229,2624,28165,282,1,1,128,1,1,16,0.000,0.000,,,,,NVIDIA A100-SXM4-40GB (0),1,,13,cupy_copy__complex64_complex64
2072695813,1888,28174,26,1,1,128,1,1,16,0.000,0.000,,,,,NVIDIA A100-SXM4-40GB (0),1,,13,cupy_copy__float32_float32
2072698789,2848,28183,103,1,1,128,1,1,16,0.000,0.000,,,,,NVIDIA A100-SXM4-40GB (0),1,,13,cupy_copy__complex64_complex64
2072702597,14144,28193,1434,1,1,128,1,1,16,0.000,0.000,,,,,NVIDIA A100-SXM4-40GB (0),1,,13,cupy_copy__complex64_complex64
2072722149,78495,28198,1,1,1,32,32,1,30,0.000,0.000,,,,,NVIDIA A100-SXM4-40GB (0),1,,13,"void convert_kernel<__half2, float2>(tensor_layout_any, T1 *, tensor_layout_any, const T2 *)"
2072829348,11936,28201,,,,,,,,,,0.061,5147.443,Pinned,Device,NVIDIA A100-SXM4-40GB (0),1,,13,[CUDA memcpy Host-to-Device]
2072851491,587738,28202,,,,,,,,,,456.520,776541.336,Device,,NVIDIA A100-SXM4-40GB (0),1,,13,[CUDA memset]
2073441725,135774,28207,,,,,,,,,,0.825,6078.659,Pinned,Device,NVIDIA A100-SXM4-40GB (0),1,,13,[CUDA memcpy Host-to-Device]
2073580379,22784,28208,,,,,,,,,,0.131,5752.750,Pinned,Device,NVIDIA A100-SXM4-40GB (0),1,,13,[CUDA memcpy Host-to-Device]
2073610267,7168,28209,69,4,1,48,1,1,76,0.002,0.000,,,,,NVIDIA A100-SXM4-40GB (0),1,,13,"void ch_est::windowedChEstPreNoDftSOfdmKernel<float, __half, float, (unsigned int)2, (unsigned int)1, (unsigned short)4>(ch_est::puschRxChEstStatDescr_t *, ch_est::puschRxChEstDynDescr_t *)"
2073619035,5952,28210,137,2,1,24,2,1,44,0.001,0.001,,,,,NVIDIA A100-SXM4-40GB (0),1,,13,"void ch_est::chEstFilterNoDftSOfdmDispatchKernel<float, __half, float, (unsigned int)2>(ch_est::puschRxChEstStatDescr_t *, ch_est::puschRxChEstDynDescr_t *)"
2073625915,4704,28211,137,2,1,24,2,1,44,0.001,0.001,,,,,NVIDIA A100-SXM4-40GB (0),1,,13,"void ch_est::chEstFilterNoDftSOfdmDispatchKernel<float, __half, float, (unsigned int)2>(ch_est::puschRxChEstStatDescr_t *, ch_est::puschRxChEstDynDescr_t *)"
2073631707,2336,28222,103,1,1,128,1,1,16,0.000,0.000,,,,,NVIDIA A100-SXM4-40GB (0),1,,13,cupy_copy__complex64_complex64
2073635067,15296,28232,1434,1,1,128,1,1,16,0.000,0.000,,,,,NVIDIA A100-SXM4-40GB (0),1,,13,cupy_copy__complex64_complex64
2073651323,2240,28239,103,1,1,128,1,1,16,0.000,0.000,,,,,NVIDIA A100-SXM4-40GB (0),1,,13,cupy_copy__complex64_complex64
2073654555,79295,28246,1,1,1,32,32,1,30,0.000,0.000,,,,,NVIDIA A100-SXM4-40GB (0),1,,13,"void convert_kernel<__half2, float2>(tensor_layout_any, T1 *, tensor_layout_any, const T2 *)"
2073762745,11776,28249,,,,,,,,,,0.061,5217.362,Pinned,Device,NVIDIA A100-SXM4-40GB (0),1,,13,[CUDA memcpy Host-to-Device]
2073785369,45952,28250,,,,,,,,,,35.801,779064.691,Device,,NVIDIA A100-SXM4-40GB (0),1,,13,[CUDA memset]
2073831833,2528,28252,,,,,,,,,,0.000,31.646,Pinned,Device,NVIDIA A100-SXM4-40GB (0),1,,13,[CUDA memcpy Host-to-Device]
2073836505,22591,28253,,,,,,,,,,0.131,5801.902,Pinned,Device,NVIDIA A100-SXM4-40GB (0),1,,13,[CUDA memcpy Host-to-Device]
2073869368,8928,28254,273,1,1,48,1,1,40,0.000,0.001,,,,,NVIDIA A100-SXM4-40GB (0),1,,13,"void pusch_noise_intf_est::noiseIntfEstNoDftSOfdmKernel<float, __half, float, float, (unsigned int)2, (unsigned int)1, (unsigned char)4, (unsigned char)4>(pusch_noise_intf_est::puschRxNoiseIntfEstDynDescr)"
2073879352,2784,28265,35,1,1,128,1,1,16,0.000,0.000,,,,,NVIDIA A100-SXM4-40GB (0),1,,13,cupy_copy__complex64_complex64
2073891256,1568,28274,1,1,1,1,1,1,18,0.000,0.000,,,,,NVIDIA A100-SXM4-40GB (0),1,,13,cupy_copy__float32_float32
2073926200,1984,28280,,,,,,,,,,0.000,2.016,Device,Pageable,NVIDIA A100-SXM4-40GB (0),1,,7,[CUDA memcpy Device-to-Host]
2073986295,15424,28291,1434,1,1,128,1,1,16,0.000,0.000,,,,,NVIDIA A100-SXM4-40GB (0),1,,13,cupy_copy__complex64_complex64
2074013687,2496,28298,103,1,1,128,1,1,16,0.000,0.000,,,,,NVIDIA A100-SXM4-40GB (0),1,,13,cupy_copy__complex64_complex64
2074034710,2112,28305,35,1,1,128,1,1,16,0.000,0.000,,,,,NVIDIA A100-SXM4-40GB (0),1,,13,cupy_copy__complex64_complex64
2074052950,1536,28312,1,1,1,1,1,1,18,0.000,0.000,,,,,NVIDIA A100-SXM4-40GB (0),1,,13,cupy_copy__float32_float32
2074190453,78975,28323,1,1,1,32,32,1,30,0.000,0.000,,,,,NVIDIA A100-SXM4-40GB (0),1,,13,"void convert_kernel<__half2, float2>(tensor_layout_any, T1 *, tensor_layout_any, const T2 *)"
2074298612,11711,28326,,,,,,,,,,0.061,5246.300,Pinned,Device,NVIDIA A100-SXM4-40GB (0),1,,13,[CUDA memcpy Host-to-Device]
2074315187,3360,28327,,,,,,,,,,1.547,460304.688,Device,,NVIDIA A100-SXM4-40GB (0),1,,13,[CUDA memset]
2074320691,10144,28332,,,,,,,,,,0.021,2075.700,Pinned,Device,NVIDIA A100-SXM4-40GB (0),1,,13,[CUDA memcpy Host-to-Device]
2074333427,22816,28333,,,,,,,,,,0.131,5744.624,Pinned,Device,NVIDIA A100-SXM4-40GB (0),1,,13,[CUDA memcpy Host-to-Device]
2074366003,6016,28334,273,1,1,8,4,1,39,0.002,0.000,,,,,NVIDIA A100-SXM4-40GB (0),1,,13,"void channel_eq::eqMmseCoefCompLowMimoKernel<float, float, float, (unsigned int)4, (unsigned int)1, (unsigned int)4>(const channel_eq::_puschRxChEqStatDescr *, channel_eq::_puschRxChEqCoefCompDynDescr)"
2074373203,5120,28335,273,1,1,12,11,1,40,0.002,0.000,,,,,NVIDIA A100-SXM4-40GB (0),1,,13,"void channel_eq::eqMmseSoftDemapKernel<float, __half, __half, float, (unsigned int)4, (unsigned short)16383>(channel_eq::_puschRxChEqStatDescr *, channel_eq::_puschRxChEqSoftDemapDynDescr)"
2074379539,281181,28336,1,1,1,32,32,1,30,0.000,0.000,,,,,NVIDIA A100-SXM4-40GB (0),1,,13,"void convert_kernel<float2, __half2>(tensor_layout_any, T1 *, tensor_layout_any, const T2 *)"
2074661807,12256,28348,2253,1,1,128,1,1,16,0.000,0.000,,,,,NVIDIA A100-SXM4-40GB (0),1,,13,cupy_copy__float16_float16
2074675055,2624,28357,282,1,1,128,1,1,16,0.000,0.000,,,,,NVIDIA A100-SXM4-40GB (0),1,,13,cupy_copy__complex64_complex64
2074678671,1888,28366,26,1,1,128,1,1,16,0.000,0.000,,,,,NVIDIA A100-SXM4-40GB (0),1,,13,cupy_copy__float32_float32
2074681615,2848,28375,103,1,1,128,1,1,16,0.000,0.000,,,,,NVIDIA A100-SXM4-40GB (0),1,,13,cupy_copy__complex64_complex64
2074685423,13984,28385,1434,1,1,128,1,1,16,0.000,0.000,,,,,NVIDIA A100-SXM4-40GB (0),1,,13,cupy_copy__complex64_complex64
2074705295,78751,28390,1,1,1,32,32,1,30,0.000,0.000,,,,,NVIDIA A100-SXM4-40GB (0),1,,13,"void convert_kernel<__half2, float2>(tensor_layout_any, T1 *, tensor_layout_any, const T2 *)"
2074954572,11648,28393,,,,,,,,,,0.061,5274.685,Pinned,Device,NVIDIA A100-SXM4-40GB (0),1,,13,[CUDA memcpy Host-to-Device]
2074971084,588506,28394,,,,,,,,,,456.520,775628.296,Device,,NVIDIA A100-SXM4-40GB (0),1,,13,[CUDA memset]
2075565478,131550,28399,,,,,,,,,,0.825,6273.440,Pinned,Device,NVIDIA A100-SXM4-40GB (0),1,,13,[CUDA memcpy Host-to-Device]
2075700132,22624,28400,,,,,,,,,,0.131,5793.382,Pinned,Device,NVIDIA A100-SXM4-40GB (0),1,,13,[CUDA memcpy Host-to-Device]
2075727876,7552,28401,69,4,1,48,1,1,76,0.002,0.000,,,,,NVIDIA A100-SXM4-40GB (0),1,,13,"void ch_est::windowedChEstPreNoDftSOfdmKernel<float, __half, float, (unsigned int)2, (unsigned int)1, (unsigned short)4>(ch_est::puschRxChEstStatDescr_t *, ch_est::puschRxChEstDynDescr_t *)"
2075737124,5888,28402,137,2,1,24,2,1,44,0.001,0.001,,,,,NVIDIA A100-SXM4-40GB (0),1,,13,"void ch_est::chEstFilterNoDftSOfdmDispatchKernel<float, __half, float, (unsigned int)2>(ch_est::puschRxChEstStatDescr_t *, ch_est::puschRxChEstDynDescr_t *)"
2075744036,4735,28403,137,2,1,24,2,1,44,0.001,0.001,,,,,NVIDIA A100-SXM4-40GB (0),1,,13,"void ch_est::chEstFilterNoDftSOfdmDispatchKernel<float, __half, float, (unsigned int)2>(ch_est::puschRxChEstStatDescr_t *, ch_est::puschRxChEstDynDescr_t *)"
2075749731,2720,28414,103,1,1,128,1,1,16,0.000,0.000,,,,,NVIDIA A100-SXM4-40GB (0),1,,13,cupy_copy__complex64_complex64
2075753507,15296,28424,1434,1,1,128,1,1,16,0.000,0.000,,,,,NVIDIA A100-SXM4-40GB (0),1,,13,cupy_copy__complex64_complex64
2075769731,2272,28431,103,1,1,128,1,1,16,0.000,0.000,,,,,NVIDIA A100-SXM4-40GB (0),1,,13,cupy_copy__complex64_complex64
2075773219,79327,28438,1,1,1,32,32,1,30,0.000,0.000,,,,,NVIDIA A100-SXM4-40GB (0),1,,13,"void convert_kernel<__half2, float2>(tensor_layout_any, T1 *, tensor_layout_any, const T2 *)"
2075884130,11680,28441,,,,,,,,,,0.061,5260.247,Pinned,Device,NVIDIA A100-SXM4-40GB (0),1,,13,[CUDA memcpy Host-to-Device]
2075907074,45983,28442,,,,,,,,,,35.801,778563.477,Device,,NVIDIA A100-SXM4-40GB (0),1,,13,[CUDA memset]
2075958689,2048,28444,,,,,,,,,,0.000,39.062,Pinned,Device,NVIDIA A100-SXM4-40GB (0),1,,13,[CUDA memcpy Host-to-Device]
2075963681,22912,28445,,,,,,,,,,0.131,5720.637,Pinned,Device,NVIDIA A100-SXM4-40GB (0),1,,13,[CUDA memcpy Host-to-Device]
2075993121,8960,28446,273,1,1,48,1,1,40,0.000,0.001,,,,,NVIDIA A100-SXM4-40GB (0),1,,13,"void pusch_noise_intf_est::noiseIntfEstNoDftSOfdmKernel<float, __half, float, float, (unsigned int)2, (unsigned int)1, (unsigned char)4, (unsigned char)4>(pusch_noise_intf_est::puschRxNoiseIntfEstDynDescr)"
2076003105,2656,28457,35,1,1,128,1,1,16,0.000,0.000,,,,,NVIDIA A100-SXM4-40GB (0),1,,13,cupy_copy__complex64_complex64
2076014369,1600,28466,1,1,1,1,1,1,18,0.000,0.000,,,,,NVIDIA A100-SXM4-40GB (0),1,,13,cupy_copy__float32_float32
2076049952,1664,28472,,,,,,,,,,0.000,2.404,Device,Pageable,NVIDIA A100-SXM4-40GB (0),1,,7,[CUDA memcpy Device-to-Host]
2076110175,15136,28483,1434,1,1,128,1,1,16,0.000,0.000,,,,,NVIDIA A100-SXM4-40GB (0),1,,13,cupy_copy__complex64_complex64
2076137695,2496,28490,103,1,1,128,1,1,16,0.000,0.000,,,,,NVIDIA A100-SXM4-40GB (0),1,,13,cupy_copy__complex64_complex64
2076159487,2144,28497,35,1,1,128,1,1,16,0.000,0.000,,,,,NVIDIA A100-SXM4-40GB (0),1,,13,cupy_copy__complex64_complex64
2076178079,1536,28504,1,1,1,1,1,1,18,0.000,0.000,,,,,NVIDIA A100-SXM4-40GB (0),1,,13,cupy_copy__float32_float32
2076315645,79391,28515,1,1,1,32,32,1,30,0.000,0.000,,,,,NVIDIA A100-SXM4-40GB (0),1,,13,"void convert_kernel<__half2, float2>(tensor_layout_any, T1 *, tensor_layout_any, const T2 *)"
2076562522,12224,28518,,,,,,,,,,0.061,5026.161,Pinned,Device,NVIDIA A100-SXM4-40GB (0),1,,13,[CUDA memcpy Host-to-Device]
2076579834,3296,28519,,,,,,,,,,1.547,469242.628,Device,,NVIDIA A100-SXM4-40GB (0),1,,13,[CUDA memset]
2076583866,10688,28524,,,,,,,,,,0.021,1970.041,Pinned,Device,NVIDIA A100-SXM4-40GB (0),1,,13,[CUDA memcpy Host-to-Device]
2076596666,23040,28525,,,,,,,,,,0.131,5688.787,Pinned,Device,NVIDIA A100-SXM4-40GB (0),1,,13,[CUDA memcpy Host-to-Device]
2076629018,6080,28526,273,1,1,8,4,1,39,0.002,0.000,,,,,NVIDIA A100-SXM4-40GB (0),1,,13,"void channel_eq::eqMmseCoefCompLowMimoKernel<float, float, float, (unsigned int)4, (unsigned int)1, (unsigned int)4>(const channel_eq::_puschRxChEqStatDescr *, channel_eq::_puschRxChEqCoefCompDynDescr)"
2076636186,5152,28527,273,1,1,12,11,1,40,0.002,0.000,,,,,NVIDIA A100-SXM4-40GB (0),1,,13,"void channel_eq::eqMmseSoftDemapKernel<float, __half, __half, float, (unsigned int)4, (unsigned short)16383>(channel_eq::_puschRxChEqStatDescr *, channel_eq::_puschRxChEqSoftDemapDynDescr)"
2076642554,280861,28528,1,1,1,32,32,1,30,0.000,0.000,,,,,NVIDIA A100-SXM4-40GB (0),1,,13,"void convert_kernel<float2, __half2>(tensor_layout_any, T1 *, tensor_layout_any, const T2 *)"
2076924470,12576,28540,2253,1,1,128,1,1,16,0.000,0.000,,,,,NVIDIA A100-SXM4-40GB (0),1,,13,cupy_copy__float16_float16
2076938230,2592,28549,282,1,1,128,1,1,16,0.000,0.000,,,,,NVIDIA A100-SXM4-40GB (0),1,,13,cupy_copy__complex64_complex64
2076941846,1856,28558,26,1,1,128,1,1,16,0.000,0.000,,,,,NVIDIA A100-SXM4-40GB (0),1,,13,cupy_copy__float32_float32
2076944822,2912,28567,103,1,1,128,1,1,16,0.000,0.000,,,,,NVIDIA A100-SXM4-40GB (0),1,,13,cupy_copy__complex64_complex64
2076948662,13952,28577,1434,1,1,128,1,1,16,0.000,0.000,,,,,NVIDIA A100-SXM4-40GB (0),1,,13,cupy_copy__complex64_complex64
2077094517,79647,28582,1,1,1,32,32,1,30,0.000,0.000,,,,,NVIDIA A100-SXM4-40GB (0),1,,13,"void convert_kernel<__half2, float2>(tensor_layout_any, T1 *, tensor_layout_any, const T2 *)"
2077205331,11744,28585,,,,,,,,,,0.061,5231.555,Pinned,Device,NVIDIA A100-SXM4-40GB (0),1,,13,[CUDA memcpy Host-to-Device]
2077226995,588154,28586,,,,,,,,,,456.520,776084.816,Device,,NVIDIA A100-SXM4-40GB (0),1,,13,[CUDA memset]
2077816461,132958,28591,,,,,,,,,,0.825,6207.412,Pinned,Device,NVIDIA A100-SXM4-40GB (0),1,,13,[CUDA memcpy Host-to-Device]
2077952235,22592,28592,,,,,,,,,,0.131,5801.640,Pinned,Device,NVIDIA A100-SXM4-40GB (0),1,,13,[CUDA memcpy Host-to-Device]
2077983723,7168,28593,69,4,1,48,1,1,76,0.002,0.000,,,,,NVIDIA A100-SXM4-40GB (0),1,,13,"void ch_est::windowedChEstPreNoDftSOfdmKernel<float, __half, float, (unsigned int)2, (unsigned int)1, (unsigned short)4>(ch_est::puschRxChEstStatDescr_t *, ch_est::puschRxChEstDynDescr_t *)"
2077992491,5952,28594,137,2,1,24,2,1,44,0.001,0.001,,,,,NVIDIA A100-SXM4-40GB (0),1,,13,"void ch_est::chEstFilterNoDftSOfdmDispatchKernel<float, __half, float, (unsigned int)2>(ch_est::puschRxChEstStatDescr_t *, ch_est::puschRxChEstDynDescr_t *)"
2077999435,4704,28595,137,2,1,24,2,1,44,0.001,0.001,,,,,NVIDIA A100-SXM4-40GB (0),1,,13,"void ch_est::chEstFilterNoDftSOfdmDispatchKernel<float, __half, float, (unsigned int)2>(ch_est::puschRxChEstStatDescr_t *, ch_est::puschRxChEstDynDescr_t *)"
2078005259,2336,28606,103,1,1,128,1,1,16,0.000,0.000,,,,,NVIDIA A100-SXM4-40GB (0),1,,13,cupy_copy__complex64_complex64
2078008651,15295,28616,1434,1,1,128,1,1,16,0.000,0.000,,,,,NVIDIA A100-SXM4-40GB (0),1,,13,cupy_copy__complex64_complex64
2078024906,2240,28623,103,1,1,128,1,1,16,0.000,0.000,,,,,NVIDIA A100-SXM4-40GB (0),1,,13,cupy_copy__complex64_complex64
2078532037,78943,28630,1,1,1,32,32,1,30,0.000,0.000,,,,,NVIDIA A100-SXM4-40GB (0),1,,13,"void convert_kernel<__half2, float2>(tensor_layout_any, T1 *, tensor_layout_any, const T2 *)"
2078643683,11680,28633,,,,,,,,,,0.061,5260.247,Pinned,Device,NVIDIA A100-SXM4-40GB (0),1,,13,[CUDA memcpy Host-to-Device]
2078661539,45632,28634,,,,,,,,,,35.801,784542.237,Device,,NVIDIA A100-SXM4-40GB (0),1,,13,[CUDA memset]
2078713219,2080,28636,,,,,,,,,,0.000,38.462,Pinned,Device,NVIDIA A100-SXM4-40GB (0),1,,13,[CUDA memcpy Host-to-Device]
2078718371,22687,28637,,,,,,,,,,0.131,5777.392,Pinned,Device,NVIDIA A100-SXM4-40GB (0),1,,13,[CUDA memcpy Host-to-Device]
2078746626,8736,28638,273,1,1,48,1,1,40,0.000,0.001,,,,,NVIDIA A100-SXM4-40GB (0),1,,13,"void pusch_noise_intf_est::noiseIntfEstNoDftSOfdmKernel<float, __half, float, float, (unsigned int)2, (unsigned int)1, (unsigned char)4, (unsigned char)4>(pusch_noise_intf_est::puschRxNoiseIntfEstDynDescr)"
2078849633,2560,28649,35,1,1,128,1,1,16,0.000,0.000,,,,,NVIDIA A100-SXM4-40GB (0),1,,13,cupy_copy__complex64_complex64
2078894305,1600,28658,1,1,1,1,1,1,18,0.000,0.000,,,,,NVIDIA A100-SXM4-40GB (0),1,,13,cupy_copy__float32_float32
2078954048,1696,28664,,,,,,,,,,0.000,2.358,Device,Pageable,NVIDIA A100-SXM4-40GB (0),1,,7,[CUDA memcpy Device-to-Host]
2079018015,15328,28675,1434,1,1,128,1,1,16,0.000,0.000,,,,,NVIDIA A100-SXM4-40GB (0),1,,13,cupy_copy__complex64_complex64
2079052191,2528,28682,103,1,1,128,1,1,16,0.000,0.000,,,,,NVIDIA A100-SXM4-40GB (0),1,,13,cupy_copy__complex64_complex64
2079076991,2112,28689,35,1,1,128,1,1,16,0.000,0.000,,,,,NVIDIA A100-SXM4-40GB (0),1,,13,cupy_copy__complex64_complex64
2079099102,1536,28696,1,1,1,1,1,1,18,0.000,0.000,,,,,NVIDIA A100-SXM4-40GB (0),1,,13,cupy_copy__float32_float32
2079245309,79391,28707,1,1,1,32,32,1,30,0.000,0.000,,,,,NVIDIA A100-SXM4-40GB (0),1,,13,"void convert_kernel<__half2, float2>(tensor_layout_any, T1 *, tensor_layout_any, const T2 *)"
2079355132,11776,28710,,,,,,,,,,0.061,5217.362,Pinned,Device,NVIDIA A100-SXM4-40GB (0),1,,13,[CUDA memcpy Host-to-Device]
2079373979,3360,28711,,,,,,,,,,1.547,460304.688,Device,,NVIDIA A100-SXM4-40GB (0),1,,13,[CUDA memset]
2079380443,10176,28716,,,,,,,,,,0.021,2069.173,Pinned,Device,NVIDIA A100-SXM4-40GB (0),1,,13,[CUDA memcpy Host-to-Device]
2079394203,22848,28717,,,,,,,,,,0.131,5736.628,Pinned,Device,NVIDIA A100-SXM4-40GB (0),1,,13,[CUDA memcpy Host-to-Device]
2079426555,6048,28718,273,1,1,8,4,1,39,0.002,0.000,,,,,NVIDIA A100-SXM4-40GB (0),1,,13,"void channel_eq::eqMmseCoefCompLowMimoKernel<float, float, float, (unsigned int)4, (unsigned int)1, (unsigned int)4>(const channel_eq::_puschRxChEqStatDescr *, channel_eq::_puschRxChEqCoefCompDynDescr)"
2079433691,5184,28719,273,1,1,12,11,1,40,0.002,0.000,,,,,NVIDIA A100-SXM4-40GB (0),1,,13,"void channel_eq::eqMmseSoftDemapKernel<float, __half, __half, float, (unsigned int)4, (unsigned short)16383>(channel_eq::_puschRxChEqStatDescr *, channel_eq::_puschRxChEqSoftDemapDynDescr)"
2079439963,280573,28720,1,1,1,32,32,1,30,0.000,0.000,,,,,NVIDIA A100-SXM4-40GB (0),1,,13,"void convert_kernel<float2, __half2>(tensor_layout_any, T1 *, tensor_layout_any, const T2 *)"
2079721496,12447,28732,2253,1,1,128,1,1,16,0.000,0.000,,,,,NVIDIA A100-SXM4-40GB (0),1,,13,cupy_copy__float16_float16
2079734871,2624,28741,282,1,1,128,1,1,16,0.000,0.000,,,,,NVIDIA A100-SXM4-40GB (0),1,,13,cupy_copy__complex64_complex64
2079738487,1888,28750,26,1,1,128,1,1,16,0.000,0.000,,,,,NVIDIA A100-SXM4-40GB (0),1,,13,cupy_copy__float32_float32
2079741399,2848,28759,103,1,1,128,1,1,16,0.000,0.000,,,,,NVIDIA A100-SXM4-40GB (0),1,,13,cupy_copy__complex64_complex64
2079745239,13952,28769,1434,1,1,128,1,1,16,0.000,0.000,,,,,NVIDIA A100-SXM4-40GB (0),1,,13,cupy_copy__complex64_complex64
2079794455,79551,28774,1,1,1,32,32,1,30,0.000,0.000,,,,,NVIDIA A100-SXM4-40GB (0),1,,13,"void convert_kernel<__half2, float2>(tensor_layout_any, T1 *, tensor_layout_any, const T2 *)"
2079903638,11967,28777,,,,,,,,,,0.061,5134.111,Pinned,Device,NVIDIA A100-SXM4-40GB (0),1,,13,[CUDA memcpy Host-to-Device]
2079927253,587866,28778,,,,,,,,,,456.520,776541.336,Device,,NVIDIA A100-SXM4-40GB (0),1,,13,[CUDA memset]
2080522607,131550,28783,,,,,,,,,,0.825,6273.440,Pinned,Device,NVIDIA A100-SXM4-40GB (0),1,,13,[CUDA memcpy Host-to-Device]
2080656781,22592,28784,,,,,,,,,,0.131,5801.640,Pinned,Device,NVIDIA A100-SXM4-40GB (0),1,,13,[CUDA memcpy Host-to-Device]
2080688077,7296,28785,69,4,1,48,1,1,76,0.002,0.000,,,,,NVIDIA A100-SXM4-40GB (0),1,,13,"void ch_est::windowedChEstPreNoDftSOfdmKernel<float, __half, float, (unsigned int)2, (unsigned int)1, (unsigned short)4>(ch_est::puschRxChEstStatDescr_t *, ch_est::puschRxChEstDynDescr_t *)"
2080697069,6112,28786,137,2,1,24,2,1,44,0.001,0.001,,,,,NVIDIA A100-SXM4-40GB (0),1,,13,"void ch_est::chEstFilterNoDftSOfdmDispatchKernel<float, __half, float, (unsigned int)2>(ch_est::puschRxChEstStatDescr_t *, ch_est::puschRxChEstDynDescr_t *)"
2080704397,4704,28787,137,2,1,24,2,1,44,0.001,0.001,,,,,NVIDIA A100-SXM4-40GB (0),1,,13,"void ch_est::chEstFilterNoDftSOfdmDispatchKernel<float, __half, float, (unsigned int)2>(ch_est::puschRxChEstStatDescr_t *, ch_est::puschRxChEstDynDescr_t *)"
2080710221,2336,28798,103,1,1,128,1,1,16,0.000,0.000,,,,,NVIDIA A100-SXM4-40GB (0),1,,13,cupy_copy__complex64_complex64
2080713549,15263,28808,1434,1,1,128,1,1,16,0.000,0.000,,,,,NVIDIA A100-SXM4-40GB (0),1,,13,cupy_copy__complex64_complex64
2080729740,2272,28815,103,1,1,128,1,1,16,0.000,0.000,,,,,NVIDIA A100-SXM4-40GB (0),1,,13,cupy_copy__complex64_complex64
2080733132,79040,28822,1,1,1,32,32,1,30,0.000,0.000,,,,,NVIDIA A100-SXM4-40GB (0),1,,13,"void convert_kernel<__half2, float2>(tensor_layout_any, T1 *, tensor_layout_any, const T2 *)"
2080840363,11648,28825,,,,,,,,,,0.061,5274.685,Pinned,Device,NVIDIA A100-SXM4-40GB (0),1,,13,[CUDA memcpy Host-to-Device]
2080856811,45888,28826,,,,,,,,,,35.801,780174.520,Device,,NVIDIA A100-SXM4-40GB (0),1,,13,[CUDA memset]
2080910698,2048,28828,,,,,,,,,,0.000,39.062,Pinned,Device,NVIDIA A100-SXM4-40GB (0),1,,13,[CUDA memcpy Host-to-Device]
2080914858,22592,28829,,,,,,,,,,0.131,5801.640,Pinned,Device,NVIDIA A100-SXM4-40GB (0),1,,13,[CUDA memcpy Host-to-Device]
2080944074,8672,28830,273,1,1,48,1,1,40,0.000,0.001,,,,,NVIDIA A100-SXM4-40GB (0),1,,13,"void pusch_noise_intf_est::noiseIntfEstNoDftSOfdmKernel<float, __half, float, float, (unsigned int)2, (unsigned int)1, (unsigned char)4, (unsigned char)4>(pusch_noise_intf_est::puschRxNoiseIntfEstDynDescr)"
2080953674,2624,28841,35,1,1,128,1,1,16,0.000,0.000,,,,,NVIDIA A100-SXM4-40GB (0),1,,13,cupy_copy__complex64_complex64
2080965098,1600,28850,1,1,1,1,1,1,18,0.000,0.000,,,,,NVIDIA A100-SXM4-40GB (0),1,,13,cupy_copy__float32_float32
2080999561,1600,28856,,,,,,,,,,0.000,2.500,Device,Pageable,NVIDIA A100-SXM4-40GB (0),1,,7,[CUDA memcpy Device-to-Host]
2081058249,15200,28867,1434,1,1,128,1,1,16,0.000,0.000,,,,,NVIDIA A100-SXM4-40GB (0),1,,13,cupy_copy__complex64_complex64
2081085065,2527,28874,103,1,1,128,1,1,16,0.000,0.000,,,,,NVIDIA A100-SXM4-40GB (0),1,,13,cupy_copy__complex64_complex64
2081105864,2144,28881,35,1,1,128,1,1,16,0.000,0.000,,,,,NVIDIA A100-SXM4-40GB (0),1,,13,cupy_copy__complex64_complex64
2081124360,1536,28888,1,1,1,1,1,1,18,0.000,0.000,,,,,NVIDIA A100-SXM4-40GB (0),1,,13,cupy_copy__float32_float32
2081262311,78975,28899,1,1,1,32,32,1,30,0.000,0.000,,,,,NVIDIA A100-SXM4-40GB (0),1,,13,"void convert_kernel<__half2, float2>(tensor_layout_any, T1 *, tensor_layout_any, const T2 *)"
2081517412,11744,28902,,,,,,,,,,0.061,5231.555,Pinned,Device,NVIDIA A100-SXM4-40GB (0),1,,13,[CUDA memcpy Host-to-Device]
2081535940,3328,28903,,,,,,,,,,1.547,464729.580,Device,,NVIDIA A100-SXM4-40GB (0),1,,13,[CUDA memset]
2081546531,10048,28908,,,,,,,,,,0.021,2095.535,Pinned,Device,NVIDIA A100-SXM4-40GB (0),1,,13,[CUDA memcpy Host-to-Device]
2081558755,23712,28909,,,,,,,,,,0.131,5527.568,Pinned,Device,NVIDIA A100-SXM4-40GB (0),1,,13,[CUDA memcpy Host-to-Device]
2081591267,6080,28910,273,1,1,8,4,1,39,0.002,0.000,,,,,NVIDIA A100-SXM4-40GB (0),1,,13,"void channel_eq::eqMmseCoefCompLowMimoKernel<float, float, float, (unsigned int)4, (unsigned int)1, (unsigned int)4>(const channel_eq::_puschRxChEqStatDescr *, channel_eq::_puschRxChEqCoefCompDynDescr)"
2081598403,5184,28911,273,1,1,12,11,1,40,0.002,0.000,,,,,NVIDIA A100-SXM4-40GB (0),1,,13,"void channel_eq::eqMmseSoftDemapKernel<float, __half, __half, float, (unsigned int)4, (unsigned short)16383>(channel_eq::_puschRxChEqStatDescr *, channel_eq::_puschRxChEqSoftDemapDynDescr)"
2081604675,281213,28912,1,1,1,32,32,1,30,0.000,0.000,,,,,NVIDIA A100-SXM4-40GB (0),1,,13,"void convert_kernel<float2, __half2>(tensor_layout_any, T1 *, tensor_layout_any, const T2 *)"
2081886976,12544,28924,2253,1,1,128,1,1,16,0.000,0.000,,,,,NVIDIA A100-SXM4-40GB (0),1,,13,cupy_copy__float16_float16
2081900480,2623,28933,282,1,1,128,1,1,16,0.000,0.000,,,,,NVIDIA A100-SXM4-40GB (0),1,,13,cupy_copy__complex64_complex64
2081904063,1856,28942,26,1,1,128,1,1,16,0.000,0.000,,,,,NVIDIA A100-SXM4-40GB (0),1,,13,cupy_copy__float32_float32
2081907007,2848,28951,103,1,1,128,1,1,16,0.000,0.000,,,,,NVIDIA A100-SXM4-40GB (0),1,,13,cupy_copy__complex64_complex64
2081910815,13952,28961,1434,1,1,128,1,1,16,0.000,0.000,,,,,NVIDIA A100-SXM4-40GB (0),1,,13,cupy_copy__complex64_complex64
2082044574,79583,28966,1,1,1,32,32,1,30,0.000,0.000,,,,,NVIDIA A100-SXM4-40GB (0),1,,13,"void convert_kernel<__half2, float2>(tensor_layout_any, T1 *, tensor_layout_any, const T2 *)"
2082155805,11680,28969,,,,,,,,,,0.061,5260.247,Pinned,Device,NVIDIA A100-SXM4-40GB (0),1,,13,[CUDA memcpy Host-to-Device]
2082177980,587674,28970,,,,,,,,,,456.520,776541.336,Device,,NVIDIA A100-SXM4-40GB (0),1,,13,[CUDA memset]
2082769238,132158,28975,,,,,,,,,,0.825,6244.553,Pinned,Device,NVIDIA A100-SXM4-40GB (0),1,,13,[CUDA memcpy Host-to-Device]
2082903508,22656,28976,,,,,,,,,,0.131,5785.256,Pinned,Device,NVIDIA A100-SXM4-40GB (0),1,,13,[CUDA memcpy Host-to-Device]
2082930644,7232,28977,69,4,1,48,1,1,76,0.002,0.000,,,,,NVIDIA A100-SXM4-40GB (0),1,,13,"void ch_est::windowedChEstPreNoDftSOfdmKernel<float, __half, float, (unsigned int)2, (unsigned int)1, (unsigned short)4>(ch_est::puschRxChEstStatDescr_t *, ch_est::puschRxChEstDynDescr_t *)"
2082939572,5760,28978,137,2,1,24,2,1,44,0.001,0.001,,,,,NVIDIA A100-SXM4-40GB (0),1,,13,"void ch_est::chEstFilterNoDftSOfdmDispatchKernel<float, __half, float, (unsigned int)2>(ch_est::puschRxChEstStatDescr_t *, ch_est::puschRxChEstDynDescr_t *)"
2082946452,4768,28979,137,2,1,24,2,1,44,0.001,0.001,,,,,NVIDIA A100-SXM4-40GB (0),1,,13,"void ch_est::chEstFilterNoDftSOfdmDispatchKernel<float, __half, float, (unsigned int)2>(ch_est::puschRxChEstStatDescr_t *, ch_est::puschRxChEstDynDescr_t *)"
2082952276,2336,28990,103,1,1,128,1,1,16,0.000,0.000,,,,,NVIDIA A100-SXM4-40GB (0),1,,13,cupy_copy__complex64_complex64
2082955636,15264,29000,1434,1,1,128,1,1,16,0.000,0.000,,,,,NVIDIA A100-SXM4-40GB (0),1,,13,cupy_copy__complex64_complex64
2082971924,2240,29007,103,1,1,128,1,1,16,0.000,0.000,,,,,NVIDIA A100-SXM4-40GB (0),1,,13,cupy_copy__complex64_complex64
2082975124,79103,29014,1,1,1,32,32,1,30,0.000,0.000,,,,,NVIDIA A100-SXM4-40GB (0),1,,13,"void convert_kernel<__half2, float2>(tensor_layout_any, T1 *, tensor_layout_any, const T2 *)"
2083220785,12192,29017,,,,,,,,,,0.061,5039.309,Pinned,Device,NVIDIA A100-SXM4-40GB (0),1,,13,[CUDA memcpy Host-to-Device]
2083241905,46527,29018,,,,,,,,,,35.801,769434.232,Device,,NVIDIA A100-SXM4-40GB (0),1,,13,[CUDA memset]
2083295568,2080,29020,,,,,,,,,,0.000,38.462,Pinned,Device,NVIDIA A100-SXM4-40GB (0),1,,13,[CUDA memcpy Host-to-Device]
2083299856,23104,29021,,,,,,,,,,0.131,5673.058,Pinned,Device,NVIDIA A100-SXM4-40GB (0),1,,13,[CUDA memcpy Host-to-Device]
2083326928,9216,29022,273,1,1,48,1,1,40,0.000,0.001,,,,,NVIDIA A100-SXM4-40GB (0),1,,13,"void pusch_noise_intf_est::noiseIntfEstNoDftSOfdmKernel<float, __half, float, float, (unsigned int)2, (unsigned int)1, (unsigned char)4, (unsigned char)4>(pusch_noise_intf_est::puschRxNoiseIntfEstDynDescr)"
2083337232,2560,29033,35,1,1,128,1,1,16,0.000,0.000,,,,,NVIDIA A100-SXM4-40GB (0),1,,13,cupy_copy__complex64_complex64
2083340880,1568,29042,1,1,1,1,1,1,18,0.000,0.000,,,,,NVIDIA A100-SXM4-40GB (0),1,,13,cupy_copy__float32_float32
2083368911,1984,29048,,,,,,,,,,0.000,2.016,Device,Pageable,NVIDIA A100-SXM4-40GB (0),1,,7,[CUDA memcpy Device-to-Host]
2083428879,15167,29059,1434,1,1,128,1,1,16,0.000,0.000,,,,,NVIDIA A100-SXM4-40GB (0),1,,13,cupy_copy__complex64_complex64
2083457230,2496,29066,103,1,1,128,1,1,16,0.000,0.000,,,,,NVIDIA A100-SXM4-40GB (0),1,,13,cupy_copy__complex64_complex64
2083478446,2080,29073,35,1,1,128,1,1,16,0.000,0.000,,,,,NVIDIA A100-SXM4-40GB (0),1,,13,cupy_copy__complex64_complex64
2083497038,1536,29080,1,1,1,1,1,1,18,0.000,0.000,,,,,NVIDIA A100-SXM4-40GB (0),1,,13,cupy_copy__float32_float32
2083770123,78815,29091,1,1,1,32,32,1,30,0.000,0.000,,,,,NVIDIA A100-SXM4-40GB (0),1,,13,"void convert_kernel<__half2, float2>(tensor_layout_any, T1 *, tensor_layout_any, const T2 *)"
2083884042,11807,29094,,,,,,,,,,0.061,5203.661,Pinned,Device,NVIDIA A100-SXM4-40GB (0),1,,13,[CUDA memcpy Host-to-Device]
2083901321,3360,29095,,,,,,,,,,1.547,460304.688,Device,,NVIDIA A100-SXM4-40GB (0),1,,13,[CUDA memset]
2083909097,10144,29100,,,,,,,,,,0.021,2075.700,Pinned,Device,NVIDIA A100-SXM4-40GB (0),1,,13,[CUDA memcpy Host-to-Device]
2083922249,23680,29101,,,,,,,,,,0.131,5535.039,Pinned,Device,NVIDIA A100-SXM4-40GB (0),1,,13,[CUDA memcpy Host-to-Device]
2083954601,6016,29102,273,1,1,8,4,1,39,0.002,0.000,,,,,NVIDIA A100-SXM4-40GB (0),1,,13,"void channel_eq::eqMmseCoefCompLowMimoKernel<float, float, float, (unsigned int)4, (unsigned int)1, (unsigned int)4>(const channel_eq::_puschRxChEqStatDescr *, channel_eq::_puschRxChEqCoefCompDynDescr)"
2083961833,5344,29103,273,1,1,12,11,1,40,0.002,0.000,,,,,NVIDIA A100-SXM4-40GB (0),1,,13,"void channel_eq::eqMmseSoftDemapKernel<float, __half, __half, float, (unsigned int)4, (unsigned short)16383>(channel_eq::_puschRxChEqStatDescr *, channel_eq::_puschRxChEqSoftDemapDynDescr)"
2083968105,280989,29104,1,1,1,32,32,1,30,0.000,0.000,,,,,NVIDIA A100-SXM4-40GB (0),1,,13,"void convert_kernel<float2, __half2>(tensor_layout_any, T1 *, tensor_layout_any, const T2 *)"
2084250214,12287,29116,2253,1,1,128,1,1,16,0.000,0.000,,,,,NVIDIA A100-SXM4-40GB (0),1,,13,cupy_copy__float16_float16
2084263461,2624,29125,282,1,1,128,1,1,16,0.000,0.000,,,,,NVIDIA A100-SXM4-40GB (0),1,,13,cupy_copy__complex64_complex64
2084267077,1888,29134,26,1,1,128,1,1,16,0.000,0.000,,,,,NVIDIA A100-SXM4-40GB (0),1,,13,cupy_copy__float32_float32
2084270021,2848,29143,103,1,1,128,1,1,16,0.000,0.000,,,,,NVIDIA A100-SXM4-40GB (0),1,,13,cupy_copy__complex64_complex64
2084328677,13984,29159,1434,1,1,128,1,1,16,0.000,0.000,,,,,NVIDIA A100-SXM4-40GB (0),1,,13,cupy_copy__complex64_complex64
2084448387,79807,29164,1,1,1,32,32,1,30,0.000,0.000,,,,,NVIDIA A100-SXM4-40GB (0),1,,13,"void convert_kernel<__half2, float2>(tensor_layout_any, T1 *, tensor_layout_any, const T2 *)"
2084560258,12256,29167,,,,,,,,,,0.061,5013.012,Pinned,Device,NVIDIA A100-SXM4-40GB (0),1,,13,[CUDA memcpy Host-to-Device]
2084583330,587865,29168,,,,,,,,,,456.520,776541.336,Device,,NVIDIA A100-SXM4-40GB (0),1,,13,[CUDA memset]
2085176635,131711,29173,,,,,,,,,,0.825,6266.012,Pinned,Device,NVIDIA A100-SXM4-40GB (0),1,,13,[CUDA memcpy Host-to-Device]
2085310906,22560,29174,,,,,,,,,,0.131,5809.897,Pinned,Device,NVIDIA A100-SXM4-40GB (0),1,,13,[CUDA memcpy Host-to-Device]
2085342105,7552,29175,69,4,1,48,1,1,76,0.002,0.000,,,,,NVIDIA A100-SXM4-40GB (0),1,,13,"void ch_est::windowedChEstPreNoDftSOfdmKernel<float, __half, float, (unsigned int)2, (unsigned int)1, (unsigned short)4>(ch_est::puschRxChEstStatDescr_t *, ch_est::puschRxChEstDynDescr_t *)"
2085351353,5760,29176,137,2,1,24,2,1,44,0.001,0.001,,,,,NVIDIA A100-SXM4-40GB (0),1,,13,"void ch_est::chEstFilterNoDftSOfdmDispatchKernel<float, __half, float, (unsigned int)2>(ch_est::puschRxChEstStatDescr_t *, ch_est::puschRxChEstDynDescr_t *)"
2085358329,4704,29177,137,2,1,24,2,1,44,0.001,0.001,,,,,NVIDIA A100-SXM4-40GB (0),1,,13,"void ch_est::chEstFilterNoDftSOfdmDispatchKernel<float, __half, float, (unsigned int)2>(ch_est::puschRxChEstStatDescr_t *, ch_est::puschRxChEstDynDescr_t *)"
2085363961,2368,29188,103,1,1,128,1,1,16,0.000,0.000,,,,,NVIDIA A100-SXM4-40GB (0),1,,13,cupy_copy__complex64_complex64
2085367353,15104,29198,1434,1,1,128,1,1,16,0.000,0.000,,,,,NVIDIA A100-SXM4-40GB (0),1,,13,cupy_copy__complex64_complex64
2085383385,2272,29205,103,1,1,128,1,1,16,0.000,0.000,,,,,NVIDIA A100-SXM4-40GB (0),1,,13,cupy_copy__complex64_complex64
2085386745,79007,29212,1,1,1,32,32,1,30,0.000,0.000,,,,,NVIDIA A100-SXM4-40GB (0),1,,13,"void convert_kernel<__half2, float2>(tensor_layout_any, T1 *, tensor_layout_any, const T2 *)"
2085494936,11904,29215,,,,,,,,,,0.061,5161.267,Pinned,Device,NVIDIA A100-SXM4-40GB (0),1,,13,[CUDA memcpy Host-to-Device]
2085517240,45951,29216,,,,,,,,,,35.801,779100.492,Device,,NVIDIA A100-SXM4-40GB (0),1,,13,[CUDA memset]
2085568823,2048,29218,,,,,,,,,,0.000,39.062,Pinned,Device,NVIDIA A100-SXM4-40GB (0),1,,13,[CUDA memcpy Host-to-Device]
2085573719,23520,29219,,,,,,,,,,0.131,5572.788,Pinned,Device,NVIDIA A100-SXM4-40GB (0),1,,13,[CUDA memcpy Host-to-Device]
2085601175,8768,29220,273,1,1,48,1,1,40,0.000,0.001,,,,,NVIDIA A100-SXM4-40GB (0),1,,13,"void pusch_noise_intf_est::noiseIntfEstNoDftSOfdmKernel<float, __half, float, float, (unsigned int)2, (unsigned int)1, (unsigned char)4, (unsigned char)4>(pusch_noise_intf_est::puschRxNoiseIntfEstDynDescr)"
2085610967,2687,29231,35,1,1,128,1,1,16,0.000,0.000,,,,,NVIDIA A100-SXM4-40GB (0),1,,13,cupy_copy__complex64_complex64
2085619062,1600,29240,1,1,1,1,1,1,18,0.000,0.000,,,,,NVIDIA A100-SXM4-40GB (0),1,,13,cupy_copy__float32_float32
2085653814,2112,29246,,,,,,,,,,0.000,1.894,Device,Pageable,NVIDIA A100-SXM4-40GB (0),1,,7,[CUDA memcpy Device-to-Host]
2085713557,15072,29257,1434,1,1,128,1,1,16,0.000,0.000,,,,,NVIDIA A100-SXM4-40GB (0),1,,13,cupy_copy__complex64_complex64
2085740629,2464,29264,103,1,1,128,1,1,16,0.000,0.000,,,,,NVIDIA A100-SXM4-40GB (0),1,,13,cupy_copy__complex64_complex64
2085762581,2112,29271,35,1,1,128,1,1,16,0.000,0.000,,,,,NVIDIA A100-SXM4-40GB (0),1,,13,cupy_copy__complex64_complex64
2085781141,1568,29278,1,1,1,1,1,1,18,0.000,0.000,,,,,NVIDIA A100-SXM4-40GB (0),1,,13,cupy_copy__float32_float32
2085914835,78687,29289,1,1,1,32,32,1,30,0.000,0.000,,,,,NVIDIA A100-SXM4-40GB (0),1,,13,"void convert_kernel<__half2, float2>(tensor_layout_any, T1 *, tensor_layout_any, const T2 *)"
2086026482,11904,29292,,,,,,,,,,0.061,5161.267,Pinned,Device,NVIDIA A100-SXM4-40GB (0),1,,13,[CUDA memcpy Host-to-Device]
2086042834,3264,29293,,,,,,,,,,1.547,473842.288,Device,,NVIDIA A100-SXM4-40GB (0),1,,13,[CUDA memset]
2086048882,10144,29298,,,,,,,,,,0.021,2075.700,Pinned,Device,NVIDIA A100-SXM4-40GB (0),1,,13,[CUDA memcpy Host-to-Device]
2086061938,22815,29299,,,,,,,,,,0.131,5744.886,Pinned,Device,NVIDIA A100-SXM4-40GB (0),1,,13,[CUDA memcpy Host-to-Device]
2086093713,6112,29300,273,1,1,8,4,1,39,0.002,0.000,,,,,NVIDIA A100-SXM4-40GB (0),1,,13,"void channel_eq::eqMmseCoefCompLowMimoKernel<float, float, float, (unsigned int)4, (unsigned int)1, (unsigned int)4>(const channel_eq::_puschRxChEqStatDescr *, channel_eq::_puschRxChEqCoefCompDynDescr)"
2086100881,5248,29301,273,1,1,12,11,1,40,0.002,0.000,,,,,NVIDIA A100-SXM4-40GB (0),1,,13,"void channel_eq::eqMmseSoftDemapKernel<float, __half, __half, float, (unsigned int)4, (unsigned short)16383>(channel_eq::_puschRxChEqStatDescr *, channel_eq::_puschRxChEqSoftDemapDynDescr)"
2086107121,280765,29302,1,1,1,32,32,1,30,0.000,0.000,,,,,NVIDIA A100-SXM4-40GB (0),1,,13,"void convert_kernel<float2, __half2>(tensor_layout_any, T1 *, tensor_layout_any, const T2 *)"
2086388878,12384,29314,2253,1,1,128,1,1,16,0.000,0.000,,,,,NVIDIA A100-SXM4-40GB (0),1,,13,cupy_copy__float16_float16
2086402478,2592,29323,282,1,1,128,1,1,16,0.000,0.000,,,,,NVIDIA A100-SXM4-40GB (0),1,,13,cupy_copy__complex64_complex64
2086406062,1824,29332,26,1,1,128,1,1,16,0.000,0.000,,,,,NVIDIA A100-SXM4-40GB (0),1,,13,cupy_copy__float32_float32
2086409134,2848,29341,103,1,1,128,1,1,16,0.000,0.000,,,,,NVIDIA A100-SXM4-40GB (0),1,,13,cupy_copy__complex64_complex64
2086412942,13952,29351,1434,1,1,128,1,1,16,0.000,0.000,,,,,NVIDIA A100-SXM4-40GB (0),1,,13,cupy_copy__complex64_complex64
2086428013,79392,29356,1,1,1,32,32,1,30,0.000,0.000,,,,,NVIDIA A100-SXM4-40GB (0),1,,13,"void convert_kernel<__half2, float2>(tensor_layout_any, T1 *, tensor_layout_any, const T2 *)"
2086536108,11648,29359,,,,,,,,,,0.061,5274.685,Pinned,Device,NVIDIA A100-SXM4-40GB (0),1,,13,[CUDA memcpy Host-to-Device]
2086557580,587546,29360,,,,,,,,,,456.520,776541.336,Device,,NVIDIA A100-SXM4-40GB (0),1,,13,[CUDA memset]
2087147814,131806,29365,,,,,,,,,,0.825,6261.060,Pinned,Device,NVIDIA A100-SXM4-40GB (0),1,,13,[CUDA memcpy Host-to-Device]
2087281732,23200,29366,,,,,,,,,,0.131,5649.596,Pinned,Device,NVIDIA A100-SXM4-40GB (0),1,,13,[CUDA memcpy Host-to-Device]
2087310212,7168,29367,69,4,1,48,1,1,76,0.002,0.000,,,,,NVIDIA A100-SXM4-40GB (0),1,,13,"void ch_est::windowedChEstPreNoDftSOfdmKernel<float, __half, float, (unsigned int)2, (unsigned int)1, (unsigned short)4>(ch_est::puschRxChEstStatDescr_t *, ch_est::puschRxChEstDynDescr_t *)"
2087318948,5760,29368,137,2,1,24,2,1,44,0.001,0.001,,,,,NVIDIA A100-SXM4-40GB (0),1,,13,"void ch_est::chEstFilterNoDftSOfdmDispatchKernel<float, __half, float, (unsigned int)2>(ch_est::puschRxChEstStatDescr_t *, ch_est::puschRxChEstDynDescr_t *)"
2087325700,4704,29369,137,2,1,24,2,1,44,0.001,0.001,,,,,NVIDIA A100-SXM4-40GB (0),1,,13,"void ch_est::chEstFilterNoDftSOfdmDispatchKernel<float, __half, float, (unsigned int)2>(ch_est::puschRxChEstStatDescr_t *, ch_est::puschRxChEstDynDescr_t *)"
2087331492,2335,29380,103,1,1,128,1,1,16,0.000,0.000,,,,,NVIDIA A100-SXM4-40GB (0),1,,13,cupy_copy__complex64_complex64
2087335043,15424,29390,1434,1,1,128,1,1,16,0.000,0.000,,,,,NVIDIA A100-SXM4-40GB (0),1,,13,cupy_copy__complex64_complex64
2087351523,2272,29397,103,1,1,128,1,1,16,0.000,0.000,,,,,NVIDIA A100-SXM4-40GB (0),1,,13,cupy_copy__complex64_complex64
2087354883,79519,29404,1,1,1,32,32,1,30,0.000,0.000,,,,,NVIDIA A100-SXM4-40GB (0),1,,13,"void convert_kernel<__half2, float2>(tensor_layout_any, T1 *, tensor_layout_any, const T2 *)"
2087603744,12064,29407,,,,,,,,,,0.061,5092.823,Pinned,Device,NVIDIA A100-SXM4-40GB (0),1,,13,[CUDA memcpy Host-to-Device]
2087624576,46912,29408,,,,,,,,,,35.801,763133.263,Device,,NVIDIA A100-SXM4-40GB (0),1,,13,[CUDA memset]
2087677056,2048,29410,,,,,,,,,,0.000,39.062,Pinned,Device,NVIDIA A100-SXM4-40GB (0),1,,13,[CUDA memcpy Host-to-Device]
2087682752,22559,29411,,,,,,,,,,0.131,5810.160,Pinned,Device,NVIDIA A100-SXM4-40GB (0),1,,13,[CUDA memcpy Host-to-Device]
2087712671,9312,29412,273,1,1,48,1,1,40,0.000,0.001,,,,,NVIDIA A100-SXM4-40GB (0),1,,13,"void pusch_noise_intf_est::noiseIntfEstNoDftSOfdmKernel<float, __half, float, float, (unsigned int)2, (unsigned int)1, (unsigned char)4, (unsigned char)4>(pusch_noise_intf_est::puschRxNoiseIntfEstDynDescr)"
2087723071,2656,29423,35,1,1,128,1,1,16,0.000,0.000,,,,,NVIDIA A100-SXM4-40GB (0),1,,13,cupy_copy__complex64_complex64
2087726751,1600,29432,1,1,1,1,1,1,18,0.000,0.000,,,,,NVIDIA A100-SXM4-40GB (0),1,,13,cupy_copy__float32_float32
2087751967,1984,29438,,,,,,,,,,0.000,2.016,Device,Pageable,NVIDIA A100-SXM4-40GB (0),1,,7,[CUDA memcpy Device-to-Host]
2087811614,15232,29449,1434,1,1,128,1,1,16,0.000,0.000,,,,,NVIDIA A100-SXM4-40GB (0),1,,13,cupy_copy__complex64_complex64
2087838846,2496,29456,103,1,1,128,1,1,16,0.000,0.000,,,,,NVIDIA A100-SXM4-40GB (0),1,,13,cupy_copy__complex64_complex64
2087860798,2080,29463,35,1,1,128,1,1,16,0.000,0.000,,,,,NVIDIA A100-SXM4-40GB (0),1,,13,cupy_copy__complex64_complex64
2087879613,1536,29470,1,1,1,1,1,1,18,0.000,0.000,,,,,NVIDIA A100-SXM4-40GB (0),1,,13,cupy_copy__float32_float32
2088152698,79520,29481,1,1,1,32,32,1,30,0.000,0.000,,,,,NVIDIA A100-SXM4-40GB (0),1,,13,"void convert_kernel<__half2, float2>(tensor_layout_any, T1 *, tensor_layout_any, const T2 *)"
2088264377,11712,29484,,,,,,,,,,0.061,5245.870,Pinned,Device,NVIDIA A100-SXM4-40GB (0),1,,13,[CUDA memcpy Host-to-Device]
2088282105,3360,29485,,,,,,,,,,1.547,460304.688,Device,,NVIDIA A100-SXM4-40GB (0),1,,13,[CUDA memset]
2088288441,10240,29490,,,,,,,,,,0.021,2056.245,Pinned,Device,NVIDIA A100-SXM4-40GB (0),1,,13,[CUDA memcpy Host-to-Device]
2088301625,23168,29491,,,,,,,,,,0.131,5657.330,Pinned,Device,NVIDIA A100-SXM4-40GB (0),1,,13,[CUDA memcpy Host-to-Device]
2088334200,6176,29492,273,1,1,8,4,1,39,0.002,0.000,,,,,NVIDIA A100-SXM4-40GB (0),1,,13,"void channel_eq::eqMmseCoefCompLowMimoKernel<float, float, float, (unsigned int)4, (unsigned int)1, (unsigned int)4>(const channel_eq::_puschRxChEqStatDescr *, channel_eq::_puschRxChEqCoefCompDynDescr)"
2088341368,5440,29493,273,1,1,12,11,1,40,0.002,0.000,,,,,NVIDIA A100-SXM4-40GB (0),1,,13,"void channel_eq::eqMmseSoftDemapKernel<float, __half, __half, float, (unsigned int)4, (unsigned short)16383>(channel_eq::_puschRxChEqStatDescr *, channel_eq::_puschRxChEqSoftDemapDynDescr)"
2088347832,281053,29494,1,1,1,32,32,1,30,0.000,0.000,,,,,NVIDIA A100-SXM4-40GB (0),1,,13,"void convert_kernel<float2, __half2>(tensor_layout_any, T1 *, tensor_layout_any, const T2 *)"
2088629877,12672,29506,2253,1,1,128,1,1,16,0.000,0.000,,,,,NVIDIA A100-SXM4-40GB (0),1,,13,cupy_copy__float16_float16
2088643573,2624,29515,282,1,1,128,1,1,16,0.000,0.000,,,,,NVIDIA A100-SXM4-40GB (0),1,,13,cupy_copy__complex64_complex64
2088647157,1888,29524,26,1,1,128,1,1,16,0.000,0.000,,,,,NVIDIA A100-SXM4-40GB (0),1,,13,cupy_copy__float32_float32
2088650101,2880,29533,103,1,1,128,1,1,16,0.000,0.000,,,,,NVIDIA A100-SXM4-40GB (0),1,,13,cupy_copy__complex64_complex64
2088653973,13888,29543,1434,1,1,128,1,1,16,0.000,0.000,,,,,NVIDIA A100-SXM4-40GB (0),1,,13,cupy_copy__complex64_complex64
2088681781,78655,29548,1,1,1,32,32,1,30,0.000,0.000,,,,,NVIDIA A100-SXM4-40GB (0),1,,13,"void convert_kernel<__half2, float2>(tensor_layout_any, T1 *, tensor_layout_any, const T2 *)"
2088926706,11648,29551,,,,,,,,,,0.061,5274.685,Pinned,Device,NVIDIA A100-SXM4-40GB (0),1,,13,[CUDA memcpy Host-to-Device]
2088941906,588473,29552,,,,,,,,,,456.520,775628.296,Device,,NVIDIA A100-SXM4-40GB (0),1,,13,[CUDA memset]
2089537803,131615,29557,,,,,,,,,,0.825,6270.138,Pinned,Device,NVIDIA A100-SXM4-40GB (0),1,,13,[CUDA memcpy Host-to-Device]
2089671914,23359,29558,,,,,,,,,,0.131,5611.192,Pinned,Device,NVIDIA A100-SXM4-40GB (0),1,,13,[CUDA memcpy Host-to-Device]
2089706345,7840,29559,69,4,1,48,1,1,76,0.002,0.000,,,,,NVIDIA A100-SXM4-40GB (0),1,,13,"void ch_est::windowedChEstPreNoDftSOfdmKernel<float, __half, float, (unsigned int)2, (unsigned int)1, (unsigned short)4>(ch_est::puschRxChEstStatDescr_t *, ch_est::puschRxChEstDynDescr_t *)"
2089715785,5824,29560,137,2,1,24,2,1,44,0.001,0.001,,,,,NVIDIA A100-SXM4-40GB (0),1,,13,"void ch_est::chEstFilterNoDftSOfdmDispatchKernel<float, __half, float, (unsigned int)2>(ch_est::puschRxChEstStatDescr_t *, ch_est::puschRxChEstDynDescr_t *)"
2089722729,4736,29561,137,2,1,24,2,1,44,0.001,0.001,,,,,NVIDIA A100-SXM4-40GB (0),1,,13,"void ch_est::chEstFilterNoDftSOfdmDispatchKernel<float, __half, float, (unsigned int)2>(ch_est::puschRxChEstStatDescr_t *, ch_est::puschRxChEstDynDescr_t *)"
2089728521,2336,29572,103,1,1,128,1,1,16,0.000,0.000,,,,,NVIDIA A100-SXM4-40GB (0),1,,13,cupy_copy__complex64_complex64
2089731881,15232,29582,1434,1,1,128,1,1,16,0.000,0.000,,,,,NVIDIA A100-SXM4-40GB (0),1,,13,cupy_copy__complex64_complex64
2089748329,2272,29589,103,1,1,128,1,1,16,0.000,0.000,,,,,NVIDIA A100-SXM4-40GB (0),1,,13,cupy_copy__complex64_complex64
2089751721,78815,29596,1,1,1,32,32,1,30,0.000,0.000,,,,,NVIDIA A100-SXM4-40GB (0),1,,13,"void convert_kernel<__half2, float2>(tensor_layout_any, T1 *, tensor_layout_any, const T2 *)"
2089862856,11935,29599,,,,,,,,,,0.061,5147.873,Pinned,Device,NVIDIA A100-SXM4-40GB (0),1,,13,[CUDA memcpy Host-to-Device]
2089886599,45888,29600,,,,,,,,,,35.801,780174.520,Device,,NVIDIA A100-SXM4-40GB (0),1,,13,[CUDA memset]
2089937127,2048,29602,,,,,,,,,,0.000,39.062,Pinned,Device,NVIDIA A100-SXM4-40GB (0),1,,13,[CUDA memcpy Host-to-Device]
2089941479,22815,29603,,,,,,,,,,0.131,5744.886,Pinned,Device,NVIDIA A100-SXM4-40GB (0),1,,13,[CUDA memcpy Host-to-Device]
2089970534,8608,29604,273,1,1,48,1,1,40,0.000,0.001,,,,,NVIDIA A100-SXM4-40GB (0),1,,13,"void pusch_noise_intf_est::noiseIntfEstNoDftSOfdmKernel<float, __half, float, float, (unsigned int)2, (unsigned int)1, (unsigned char)4, (unsigned char)4>(pusch_noise_intf_est::puschRxNoiseIntfEstDynDescr)"
2089980134,2720,29615,35,1,1,128,1,1,16,0.000,0.000,,,,,NVIDIA A100-SXM4-40GB (0),1,,13,cupy_copy__complex64_complex64
2089992966,1600,29624,1,1,1,1,1,1,18,0.000,0.000,,,,,NVIDIA A100-SXM4-40GB (0),1,,13,cupy_copy__float32_float32
2090028390,1824,29630,,,,,,,,,,0.000,2.193,Device,Pageable,NVIDIA A100-SXM4-40GB (0),1,,7,[CUDA memcpy Device-to-Host]
2090087685,15456,29641,1434,1,1,128,1,1,16,0.000,0.000,,,,,NVIDIA A100-SXM4-40GB (0),1,,13,cupy_copy__complex64_complex64
2090114853,2496,29648,103,1,1,128,1,1,16,0.000,0.000,,,,,NVIDIA A100-SXM4-40GB (0),1,,13,cupy_copy__complex64_complex64
2090136773,2175,29655,35,1,1,128,1,1,16,0.000,0.000,,,,,NVIDIA A100-SXM4-40GB (0),1,,13,cupy_copy__complex64_complex64
2090155492,1568,29662,1,1,1,1,1,1,18,0.000,0.000,,,,,NVIDIA A100-SXM4-40GB (0),1,,13,cupy_copy__float32_float32
2090298371,78975,29673,1,1,1,32,32,1,30,0.000,0.000,,,,,NVIDIA A100-SXM4-40GB (0),1,,13,"void convert_kernel<__half2, float2>(tensor_layout_any, T1 *, tensor_layout_any, const T2 *)"
2090406882,12127,29676,,,,,,,,,,0.061,5066.342,Pinned,Device,NVIDIA A100-SXM4-40GB (0),1,,13,[CUDA memcpy Host-to-Device]
2090423233,3296,29677,,,,,,,,,,1.547,469242.628,Device,,NVIDIA A100-SXM4-40GB (0),1,,13,[CUDA memset]
2090429057,10880,29682,,,,,,,,,,0.021,1935.278,Pinned,Device,NVIDIA A100-SXM4-40GB (0),1,,13,[CUDA memcpy Host-to-Device]
2090442849,22752,29683,,,,,,,,,,0.131,5760.877,Pinned,Device,NVIDIA A100-SXM4-40GB (0),1,,13,[CUDA memcpy Host-to-Device]
2090474369,6048,29684,273,1,1,8,4,1,39,0.002,0.000,,,,,NVIDIA A100-SXM4-40GB (0),1,,13,"void channel_eq::eqMmseCoefCompLowMimoKernel<float, float, float, (unsigned int)4, (unsigned int)1, (unsigned int)4>(const channel_eq::_puschRxChEqStatDescr *, channel_eq::_puschRxChEqCoefCompDynDescr)"
2090481505,5120,29685,273,1,1,12,11,1,40,0.002,0.000,,,,,NVIDIA A100-SXM4-40GB (0),1,,13,"void channel_eq::eqMmseSoftDemapKernel<float, __half, __half, float, (unsigned int)4, (unsigned short)16383>(channel_eq::_puschRxChEqStatDescr *, channel_eq::_puschRxChEqSoftDemapDynDescr)"
2090487553,280893,29686,1,1,1,32,32,1,30,0.000,0.000,,,,,NVIDIA A100-SXM4-40GB (0),1,,13,"void convert_kernel<float2, __half2>(tensor_layout_any, T1 *, tensor_layout_any, const T2 *)"
2090769534,12671,29698,2253,1,1,128,1,1,16,0.000,0.000,,,,,NVIDIA A100-SXM4-40GB (0),1,,13,cupy_copy__float16_float16
2090783229,2592,29707,282,1,1,128,1,1,16,0.000,0.000,,,,,NVIDIA A100-SXM4-40GB (0),1,,13,cupy_copy__complex64_complex64
2090786845,1824,29716,26,1,1,128,1,1,16,0.000,0.000,,,,,NVIDIA A100-SXM4-40GB (0),1,,13,cupy_copy__float32_float32
2090789789,2880,29725,103,1,1,128,1,1,16,0.000,0.000,,,,,NVIDIA A100-SXM4-40GB (0),1,,13,cupy_copy__complex64_complex64
2090793597,14016,29735,1434,1,1,128,1,1,16,0.000,0.000,,,,,NVIDIA A100-SXM4-40GB (0),1,,13,cupy_copy__complex64_complex64
2090813053,79455,29740,1,1,1,32,32,1,30,0.000,0.000,,,,,NVIDIA A100-SXM4-40GB (0),1,,13,"void convert_kernel<__half2, float2>(tensor_layout_any, T1 *, tensor_layout_any, const T2 *)"
2090920284,11648,29743,,,,,,,,,,0.061,5274.685,Pinned,Device,NVIDIA A100-SXM4-40GB (0),1,,13,[CUDA memcpy Host-to-Device]
2090942300,587321,29744,,,,,,,,,,456.520,776997.857,Device,,NVIDIA A100-SXM4-40GB (0),1,,13,[CUDA memset]
2091532533,131775,29749,,,,,,,,,,0.825,6262.710,Pinned,Device,NVIDIA A100-SXM4-40GB (0),1,,13,[CUDA memcpy Host-to-Device]
2091667348,22591,29750,,,,,,,,,,0.131,5801.902,Pinned,Device,NVIDIA A100-SXM4-40GB (0),1,,13,[CUDA memcpy Host-to-Device]
2091695955,7232,29751,69,4,1,48,1,1,76,0.002,0.000,,,,,NVIDIA A100-SXM4-40GB (0),1,,13,"void ch_est::windowedChEstPreNoDftSOfdmKernel<float, __half, float, (unsigned int)2, (unsigned int)1, (unsigned short)4>(ch_est::puschRxChEstStatDescr_t *, ch_est::puschRxChEstDynDescr_t *)"
2091704723,6112,29752,137,2,1,24,2,1,44,0.001,0.001,,,,,NVIDIA A100-SXM4-40GB (0),1,,13,"void ch_est::chEstFilterNoDftSOfdmDispatchKernel<float, __half, float, (unsigned int)2>(ch_est::puschRxChEstStatDescr_t *, ch_est::puschRxChEstDynDescr_t *)"
2091711859,4736,29753,137,2,1,24,2,1,44,0.001,0.001,,,,,NVIDIA A100-SXM4-40GB (0),1,,13,"void ch_est::chEstFilterNoDftSOfdmDispatchKernel<float, __half, float, (unsigned int)2>(ch_est::puschRxChEstStatDescr_t *, ch_est::puschRxChEstDynDescr_t *)"
2091717651,2368,29764,103,1,1,128,1,1,16,0.000,0.000,,,,,NVIDIA A100-SXM4-40GB (0),1,,13,cupy_copy__complex64_complex64
2091721043,15328,29774,1434,1,1,128,1,1,16,0.000,0.000,,,,,NVIDIA A100-SXM4-40GB (0),1,,13,cupy_copy__complex64_complex64
2091737299,2240,29781,103,1,1,128,1,1,16,0.000,0.000,,,,,NVIDIA A100-SXM4-40GB (0),1,,13,cupy_copy__complex64_complex64
2091740531,79423,29788,1,1,1,32,32,1,30,0.000,0.000,,,,,NVIDIA A100-SXM4-40GB (0),1,,13,"void convert_kernel<__half2, float2>(tensor_layout_any, T1 *, tensor_layout_any, const T2 *)"
2091848306,11679,29791,,,,,,,,,,0.061,5260.677,Pinned,Device,NVIDIA A100-SXM4-40GB (0),1,,13,[CUDA memcpy Host-to-Device]
2091870033,45792,29792,,,,,,,,,,35.801,781785.564,Device,,NVIDIA A100-SXM4-40GB (0),1,,13,[CUDA memset]
2091921649,2208,29794,,,,,,,,,,0.000,36.232,Pinned,Device,NVIDIA A100-SXM4-40GB (0),1,,13,[CUDA memcpy Host-to-Device]
2091926065,22815,29795,,,,,,,,,,0.131,5744.886,Pinned,Device,NVIDIA A100-SXM4-40GB (0),1,,13,[CUDA memcpy Host-to-Device]
2091957104,8640,29796,273,1,1,48,1,1,40,0.000,0.001,,,,,NVIDIA A100-SXM4-40GB (0),1,,13,"void pusch_noise_intf_est::noiseIntfEstNoDftSOfdmKernel<float, __half, float, float, (unsigned int)2, (unsigned int)1, (unsigned char)4, (unsigned char)4>(pusch_noise_intf_est::puschRxNoiseIntfEstDynDescr)"
2091966992,2496,29807,35,1,1,128,1,1,16,0.000,0.000,,,,,NVIDIA A100-SXM4-40GB (0),1,,13,cupy_copy__complex64_complex64
2091970672,1568,29816,1,1,1,1,1,1,18,0.000,0.000,,,,,NVIDIA A100-SXM4-40GB (0),1,,13,cupy_copy__float32_float32
2092004304,1664,29822,,,,,,,,,,0.000,2.404,Device,Pageable,NVIDIA A100-SXM4-40GB (0),1,,7,[CUDA memcpy Device-to-Host]
2092063023,15232,29833,1434,1,1,128,1,1,16,0.000,0.000,,,,,NVIDIA A100-SXM4-40GB (0),1,,13,cupy_copy__complex64_complex64
2092089775,2528,29840,103,1,1,128,1,1,16,0.000,0.000,,,,,NVIDIA A100-SXM4-40GB (0),1,,13,cupy_copy__complex64_complex64
2092111247,2112,29847,35,1,1,128,1,1,16,0.000,0.000,,,,,NVIDIA A100-SXM4-40GB (0),1,,13,cupy_copy__complex64_complex64
2092134062,1536,29854,1,1,1,1,1,1,18,0.000,0.000,,,,,NVIDIA A100-SXM4-40GB (0),1,,13,cupy_copy__float32_float32
2092270701,79647,29865,1,1,1,32,32,1,30,0.000,0.000,,,,,NVIDIA A100-SXM4-40GB (0),1,,13,"void convert_kernel<__half2, float2>(tensor_layout_any, T1 *, tensor_layout_any, const T2 *)"
2092379532,11744,29868,,,,,,,,,,0.061,5231.555,Pinned,Device,NVIDIA A100-SXM4-40GB (0),1,,13,[CUDA memcpy Host-to-Device]
2092396012,3360,29869,,,,,,,,,,1.547,460304.688,Device,,NVIDIA A100-SXM4-40GB (0),1,,13,[CUDA memset]
2092401579,10816,29874,,,,,,,,,,0.021,1946.732,Pinned,Device,NVIDIA A100-SXM4-40GB (0),1,,13,[CUDA memcpy Host-to-Device]
2092415115,22816,29875,,,,,,,,,,0.131,5744.624,Pinned,Device,NVIDIA A100-SXM4-40GB (0),1,,13,[CUDA memcpy Host-to-Device]
2092446571,6016,29876,273,1,1,8,4,1,39,0.002,0.000,,,,,NVIDIA A100-SXM4-40GB (0),1,,13,"void channel_eq::eqMmseCoefCompLowMimoKernel<float, float, float, (unsigned int)4, (unsigned int)1, (unsigned int)4>(const channel_eq::_puschRxChEqStatDescr *, channel_eq::_puschRxChEqCoefCompDynDescr)"
2092453771,5152,29877,273,1,1,12,11,1,40,0.002,0.000,,,,,NVIDIA A100-SXM4-40GB (0),1,,13,"void channel_eq::eqMmseSoftDemapKernel<float, __half, __half, float, (unsigned int)4, (unsigned short)16383>(channel_eq::_puschRxChEqStatDescr *, channel_eq::_puschRxChEqSoftDemapDynDescr)"
2092460043,280989,29878,1,1,1,32,32,1,30,0.000,0.000,,,,,NVIDIA A100-SXM4-40GB (0),1,,13,"void convert_kernel<float2, __half2>(tensor_layout_any, T1 *, tensor_layout_any, const T2 *)"
2092742088,12480,29890,2253,1,1,128,1,1,16,0.000,0.000,,,,,NVIDIA A100-SXM4-40GB (0),1,,13,cupy_copy__float16_float16
2092755592,2624,29899,282,1,1,128,1,1,16,0.000,0.000,,,,,NVIDIA A100-SXM4-40GB (0),1,,13,cupy_copy__complex64_complex64
2092759176,1888,29908,26,1,1,128,1,1,16,0.000,0.000,,,,,NVIDIA A100-SXM4-40GB (0),1,,13,cupy_copy__float32_float32
2092762120,2847,29917,103,1,1,128,1,1,16,0.000,0.000,,,,,NVIDIA A100-SXM4-40GB (0),1,,13,cupy_copy__complex64_complex64
2092765927,14048,29927,1434,1,1,128,1,1,16,0.000,0.000,,,,,NVIDIA A100-SXM4-40GB (0),1,,13,cupy_copy__complex64_complex64
2092780967,78847,29932,1,1,1,32,32,1,30,0.000,0.000,,,,,NVIDIA A100-SXM4-40GB (0),1,,13,"void convert_kernel<__half2, float2>(tensor_layout_any, T1 *, tensor_layout_any, const T2 *)"
2093028453,11647,29935,,,,,,,,,,0.061,5275.177,Pinned,Device,NVIDIA A100-SXM4-40GB (0),1,,13,[CUDA memcpy Host-to-Device]
2093044484,588858,29936,,,,,,,,,,456.520,775171.775,Device,,NVIDIA A100-SXM4-40GB (0),1,,13,[CUDA memset]
2093637854,131614,29941,,,,,,,,,,0.825,6270.138,Pinned,Device,NVIDIA A100-SXM4-40GB (0),1,,13,[CUDA memcpy Host-to-Device]
2093771580,22752,29942,,,,,,,,,,0.131,5760.877,Pinned,Device,NVIDIA A100-SXM4-40GB (0),1,,13,[CUDA memcpy Host-to-Device]
2093804348,7360,29943,69,4,1,48,1,1,76,0.002,0.000,,,,,NVIDIA A100-SXM4-40GB (0),1,,13,"void ch_est::windowedChEstPreNoDftSOfdmKernel<float, __half, float, (unsigned int)2, (unsigned int)1, (unsigned short)4>(ch_est::puschRxChEstStatDescr_t *, ch_est::puschRxChEstDynDescr_t *)"
2093813308,5664,29944,137,2,1,24,2,1,44,0.001,0.001,,,,,NVIDIA A100-SXM4-40GB (0),1,,13,"void ch_est::chEstFilterNoDftSOfdmDispatchKernel<float, __half, float, (unsigned int)2>(ch_est::puschRxChEstStatDescr_t *, ch_est::puschRxChEstDynDescr_t *)"
2093820028,4704,29945,137,2,1,24,2,1,44,0.001,0.001,,,,,NVIDIA A100-SXM4-40GB (0),1,,13,"void ch_est::chEstFilterNoDftSOfdmDispatchKernel<float, __half, float, (unsigned int)2>(ch_est::puschRxChEstStatDescr_t *, ch_est::puschRxChEstDynDescr_t *)"
2093825756,2752,29956,103,1,1,128,1,1,16,0.000,0.000,,,,,NVIDIA A100-SXM4-40GB (0),1,,13,cupy_copy__complex64_complex64
2093829564,15200,29966,1434,1,1,128,1,1,16,0.000,0.000,,,,,NVIDIA A100-SXM4-40GB (0),1,,13,cupy_copy__complex64_complex64
2093845852,2304,29973,103,1,1,128,1,1,16,0.000,0.000,,,,,NVIDIA A100-SXM4-40GB (0),1,,13,cupy_copy__complex64_complex64
2093849243,79360,29980,1,1,1,32,32,1,30,0.000,0.000,,,,,NVIDIA A100-SXM4-40GB (0),1,,13,"void convert_kernel<__half2, float2>(tensor_layout_any, T1 *, tensor_layout_any, const T2 *)"
2093959994,11680,29983,,,,,,,,,,0.061,5260.247,Pinned,Device,NVIDIA A100-SXM4-40GB (0),1,,13,[CUDA memcpy Host-to-Device]
2093983546,45951,29984,,,,,,,,,,35.801,779100.492,Device,,NVIDIA A100-SXM4-40GB (0),1,,13,[CUDA memset]
2094035161,2624,29986,,,,,,,,,,0.000,30.488,Pinned,Device,NVIDIA A100-SXM4-40GB (0),1,,13,[CUDA memcpy Host-to-Device]
2094039897,22592,29987,,,,,,,,,,0.131,5801.640,Pinned,Device,NVIDIA A100-SXM4-40GB (0),1,,13,[CUDA memcpy Host-to-Device]
2094067513,8640,29988,273,1,1,48,1,1,40,0.000,0.001,,,,,NVIDIA A100-SXM4-40GB (0),1,,13,"void pusch_noise_intf_est::noiseIntfEstNoDftSOfdmKernel<float, __half, float, float, (unsigned int)2, (unsigned int)1, (unsigned char)4, (unsigned char)4>(pusch_noise_intf_est::puschRxNoiseIntfEstDynDescr)"
2094077113,2720,29999,35,1,1,128,1,1,16,0.000,0.000,,,,,NVIDIA A100-SXM4-40GB (0),1,,13,cupy_copy__complex64_complex64
2094088633,1568,30008,1,1,1,1,1,1,18,0.000,0.000,,,,,NVIDIA A100-SXM4-40GB (0),1,,13,cupy_copy__float32_float32
2094124216,1984,30014,,,,,,,,,,0.000,2.016,Device,Pageable,NVIDIA A100-SXM4-40GB (0),1,,7,[CUDA memcpy Device-to-Host]
2094184632,15168,30025,1434,1,1,128,1,1,16,0.000,0.000,,,,,NVIDIA A100-SXM4-40GB (0),1,,13,cupy_copy__complex64_complex64
2094212151,2528,30032,103,1,1,128,1,1,16,0.000,0.000,,,,,NVIDIA A100-SXM4-40GB (0),1,,13,cupy_copy__complex64_complex64
2094238231,2144,30039,35,1,1,128,1,1,16,0.000,0.000,,,,,NVIDIA A100-SXM4-40GB (0),1,,13,cupy_copy__complex64_complex64
2094257335,1536,30046,1,1,1,1,1,1,18,0.000,0.000,,,,,NVIDIA A100-SXM4-40GB (0),1,,13,cupy_copy__float32_float32
2094392757,79232,30057,1,1,1,32,32,1,30,0.000,0.000,,,,,NVIDIA A100-SXM4-40GB (0),1,,13,"void convert_kernel<__half2, float2>(tensor_layout_any, T1 *, tensor_layout_any, const T2 *)"
2094639123,11712,30060,,,,,,,,,,0.061,5245.870,Pinned,Device,NVIDIA A100-SXM4-40GB (0),1,,13,[CUDA memcpy Host-to-Device]
2094656307,3296,30061,,,,,,,,,,1.547,469242.628,Device,,NVIDIA A100-SXM4-40GB (0),1,,13,[CUDA memset]
2094660371,10079,30066,,,,,,,,,,0.021,2089.092,Pinned,Device,NVIDIA A100-SXM4-40GB (0),1,,13,[CUDA memcpy Host-to-Device]
2094673554,22624,30067,,,,,,,,,,0.131,5793.382,Pinned,Device,NVIDIA A100-SXM4-40GB (0),1,,13,[CUDA memcpy Host-to-Device]
2094705490,6080,30068,273,1,1,8,4,1,39,0.002,0.000,,,,,NVIDIA A100-SXM4-40GB (0),1,,13,"void channel_eq::eqMmseCoefCompLowMimoKernel<float, float, float, (unsigned int)4, (unsigned int)1, (unsigned int)4>(const channel_eq::_puschRxChEqStatDescr *, channel_eq::_puschRxChEqCoefCompDynDescr)"
2094712626,5248,30069,273,1,1,12,11,1,40,0.002,0.000,,,,,NVIDIA A100-SXM4-40GB (0),1,,13,"void channel_eq::eqMmseSoftDemapKernel<float, __half, __half, float, (unsigned int)4, (unsigned short)16383>(channel_eq::_puschRxChEqStatDescr *, channel_eq::_puschRxChEqSoftDemapDynDescr)"
2094718898,281053,30070,1,1,1,32,32,1,30,0.000,0.000,,,,,NVIDIA A100-SXM4-40GB (0),1,,13,"void convert_kernel<float2, __half2>(tensor_layout_any, T1 *, tensor_layout_any, const T2 *)"
2095000879,12448,30082,2253,1,1,128,1,1,16,0.000,0.000,,,,,NVIDIA A100-SXM4-40GB (0),1,,13,cupy_copy__float16_float16
2095014383,2592,30091,282,1,1,128,1,1,16,0.000,0.000,,,,,NVIDIA A100-SXM4-40GB (0),1,,13,cupy_copy__complex64_complex64
2095017967,1856,30100,26,1,1,128,1,1,16,0.000,0.000,,,,,NVIDIA A100-SXM4-40GB (0),1,,13,cupy_copy__float32_float32
2095021039,2880,30109,103,1,1,128,1,1,16,0.000,0.000,,,,,NVIDIA A100-SXM4-40GB (0),1,,13,cupy_copy__complex64_complex64
2095024847,13855,30119,1434,1,1,128,1,1,16,0.000,0.000,,,,,NVIDIA A100-SXM4-40GB (0),1,,13,cupy_copy__complex64_complex64
2095172653,79615,30124,1,1,1,32,32,1,30,0.000,0.000,,,,,NVIDIA A100-SXM4-40GB (0),1,,13,"void convert_kernel<__half2, float2>(tensor_layout_any, T1 *, tensor_layout_any, const T2 *)"
2095283852,12224,30127,,,,,,,,,,0.061,5026.161,Pinned,Device,NVIDIA A100-SXM4-40GB (0),1,,13,[CUDA memcpy Host-to-Device]
2095307563,587706,30128,,,,,,,,,,456.520,776541.336,Device,,NVIDIA A100-SXM4-40GB (0),1,,13,[CUDA memset]
2095897797,131550,30133,,,,,,,,,,0.825,6273.440,Pinned,Device,NVIDIA A100-SXM4-40GB (0),1,,13,[CUDA memcpy Host-to-Device]
2096031491,22816,30134,,,,,,,,,,0.131,5744.624,Pinned,Device,NVIDIA A100-SXM4-40GB (0),1,,13,[CUDA memcpy Host-to-Device]
2096058179,7328,30135,69,4,1,48,1,1,76,0.002,0.000,,,,,NVIDIA A100-SXM4-40GB (0),1,,13,"void ch_est::windowedChEstPreNoDftSOfdmKernel<float, __half, float, (unsigned int)2, (unsigned int)1, (unsigned short)4>(ch_est::puschRxChEstStatDescr_t *, ch_est::puschRxChEstDynDescr_t *)"
2096067139,5888,30136,137,2,1,24,2,1,44,0.001,0.001,,,,,NVIDIA A100-SXM4-40GB (0),1,,13,"void ch_est::chEstFilterNoDftSOfdmDispatchKernel<float, __half, float, (unsigned int)2>(ch_est::puschRxChEstStatDescr_t *, ch_est::puschRxChEstDynDescr_t *)"
2096074083,4704,30137,137,2,1,24,2,1,44,0.001,0.001,,,,,NVIDIA A100-SXM4-40GB (0),1,,13,"void ch_est::chEstFilterNoDftSOfdmDispatchKernel<float, __half, float, (unsigned int)2>(ch_est::puschRxChEstStatDescr_t *, ch_est::puschRxChEstDynDescr_t *)"
2096079907,2336,30148,103,1,1,128,1,1,16,0.000,0.000,,,,,NVIDIA A100-SXM4-40GB (0),1,,13,cupy_copy__complex64_complex64
2096083427,15648,30158,1434,1,1,128,1,1,16,0.000,0.000,,,,,NVIDIA A100-SXM4-40GB (0),1,,13,cupy_copy__complex64_complex64
2096100035,2240,30165,103,1,1,128,1,1,16,0.000,0.000,,,,,NVIDIA A100-SXM4-40GB (0),1,,13,cupy_copy__complex64_complex64
2096103203,79007,30172,1,1,1,32,32,1,30,0.000,0.000,,,,,NVIDIA A100-SXM4-40GB (0),1,,13,"void convert_kernel<__half2, float2>(tensor_layout_any, T1 *, tensor_layout_any, const T2 *)"
2096211809,12672,30175,,,,,,,,,,0.061,4848.476,Pinned,Device,NVIDIA A100-SXM4-40GB (0),1,,13,[CUDA memcpy Host-to-Device]
2096228097,45760,30176,,,,,,,,,,35.801,782358.379,Device,,NVIDIA A100-SXM4-40GB (0),1,,13,[CUDA memset]
2096282049,2496,30178,,,,,,,,,,0.000,32.051,Pinned,Device,NVIDIA A100-SXM4-40GB (0),1,,13,[CUDA memcpy Host-to-Device]
2096286689,22687,30179,,,,,,,,,,0.131,5777.392,Pinned,Device,NVIDIA A100-SXM4-40GB (0),1,,13,[CUDA memcpy Host-to-Device]
2096319296,8768,30180,273,1,1,48,1,1,40,0.000,0.001,,,,,NVIDIA A100-SXM4-40GB (0),1,,13,"void pusch_noise_intf_est::noiseIntfEstNoDftSOfdmKernel<float, __half, float, float, (unsigned int)2, (unsigned int)1, (unsigned char)4, (unsigned char)4>(pusch_noise_intf_est::puschRxNoiseIntfEstDynDescr)"
2096329088,2624,30191,35,1,1,128,1,1,16,0.000,0.000,,,,,NVIDIA A100-SXM4-40GB (0),1,,13,cupy_copy__complex64_complex64
2096338240,1568,30200,1,1,1,1,1,1,18,0.000,0.000,,,,,NVIDIA A100-SXM4-40GB (0),1,,13,cupy_copy__float32_float32
2096374560,1664,30206,,,,,,,,,,0.000,2.404,Device,Pageable,NVIDIA A100-SXM4-40GB (0),1,,7,[CUDA memcpy Device-to-Host]
2096433855,15328,30217,1434,1,1,128,1,1,16,0.000,0.000,,,,,NVIDIA A100-SXM4-40GB (0),1,,13,cupy_copy__complex64_complex64
2096465375,2528,30224,103,1,1,128,1,1,16,0.000,0.000,,,,,NVIDIA A100-SXM4-40GB (0),1,,13,cupy_copy__complex64_complex64
2096486654,2112,30231,35,1,1,128,1,1,16,0.000,0.000,,,,,NVIDIA A100-SXM4-40GB (0),1,,13,cupy_copy__complex64_complex64
2096505502,1504,30238,1,1,1,1,1,1,18,0.000,0.000,,,,,NVIDIA A100-SXM4-40GB (0),1,,13,cupy_copy__float32_float32
2096639421,79263,30249,1,1,1,32,32,1,30,0.000,0.000,,,,,NVIDIA A100-SXM4-40GB (0),1,,13,"void convert_kernel<__half2, float2>(tensor_layout_any, T1 *, tensor_layout_any, const T2 *)"
2096747163,11680,30252,,,,,,,,,,0.061,5260.247,Pinned,Device,NVIDIA A100-SXM4-40GB (0),1,,13,[CUDA memcpy Host-to-Device]
2096763387,3392,30253,,,,,,,,,,1.547,455961.768,Device,,NVIDIA A100-SXM4-40GB (0),1,,13,[CUDA memset]
2096769595,10464,30258,,,,,,,,,,0.021,2012.217,Pinned,Device,NVIDIA A100-SXM4-40GB (0),1,,13,[CUDA memcpy Host-to-Device]
2096783259,22752,30259,,,,,,,,,,0.131,5760.877,Pinned,Device,NVIDIA A100-SXM4-40GB (0),1,,13,[CUDA memcpy Host-to-Device]
2096814907,6176,30260,273,1,1,8,4,1,39,0.002,0.000,,,,,NVIDIA A100-SXM4-40GB (0),1,,13,"void channel_eq::eqMmseCoefCompLowMimoKernel<float, float, float, (unsigned int)4, (unsigned int)1, (unsigned int)4>(const channel_eq::_puschRxChEqStatDescr *, channel_eq::_puschRxChEqCoefCompDynDescr)"
2096822043,5440,30261,273,1,1,12,11,1,40,0.002,0.000,,,,,NVIDIA A100-SXM4-40GB (0),1,,13,"void channel_eq::eqMmseSoftDemapKernel<float, __half, __half, float, (unsigned int)4, (unsigned short)16383>(channel_eq::_puschRxChEqStatDescr *, channel_eq::_puschRxChEqSoftDemapDynDescr)"
2096828507,281372,30262,1,1,1,32,32,1,30,0.000,0.000,,,,,NVIDIA A100-SXM4-40GB (0),1,,13,"void convert_kernel<float2, __half2>(tensor_layout_any, T1 *, tensor_layout_any, const T2 *)"
2097110839,12352,30274,2253,1,1,128,1,1,16,0.000,0.000,,,,,NVIDIA A100-SXM4-40GB (0),1,,13,cupy_copy__float16_float16
2097124407,2624,30283,282,1,1,128,1,1,16,0.000,0.000,,,,,NVIDIA A100-SXM4-40GB (0),1,,13,cupy_copy__complex64_complex64
2097127991,1888,30292,26,1,1,128,1,1,16,0.000,0.000,,,,,NVIDIA A100-SXM4-40GB (0),1,,13,cupy_copy__float32_float32
2097130935,2848,30301,103,1,1,128,1,1,16,0.000,0.000,,,,,NVIDIA A100-SXM4-40GB (0),1,,13,cupy_copy__complex64_complex64
2097134775,13920,30311,1434,1,1,128,1,1,16,0.000,0.000,,,,,NVIDIA A100-SXM4-40GB (0),1,,13,cupy_copy__complex64_complex64
2097149783,79551,30316,1,1,1,32,32,1,30,0.000,0.000,,,,,NVIDIA A100-SXM4-40GB (0),1,,13,"void convert_kernel<__half2, float2>(tensor_layout_any, T1 *, tensor_layout_any, const T2 *)"
2097257782,12128,30319,,,,,,,,,,0.061,5065.912,Pinned,Device,NVIDIA A100-SXM4-40GB (0),1,,13,[CUDA memcpy Host-to-Device]
2097279766,587545,30320,,,,,,,,,,456.520,776541.336,Device,,NVIDIA A100-SXM4-40GB (0),1,,13,[CUDA memset]
2097875119,131583,30325,,,,,,,,,,0.825,6271.789,Pinned,Device,NVIDIA A100-SXM4-40GB (0),1,,13,[CUDA memcpy Host-to-Device]
2098008814,22783,30326,,,,,,,,,,0.131,5753.012,Pinned,Device,NVIDIA A100-SXM4-40GB (0),1,,13,[CUDA memcpy Host-to-Device]
2098036525,7264,30327,69,4,1,48,1,1,76,0.002,0.000,,,,,NVIDIA A100-SXM4-40GB (0),1,,13,"void ch_est::windowedChEstPreNoDftSOfdmKernel<float, __half, float, (unsigned int)2, (unsigned int)1, (unsigned short)4>(ch_est::puschRxChEstStatDescr_t *, ch_est::puschRxChEstDynDescr_t *)"
2098045517,5696,30328,137,2,1,24,2,1,44,0.001,0.001,,,,,NVIDIA A100-SXM4-40GB (0),1,,13,"void ch_est::chEstFilterNoDftSOfdmDispatchKernel<float, __half, float, (unsigned int)2>(ch_est::puschRxChEstStatDescr_t *, ch_est::puschRxChEstDynDescr_t *)"
2098052301,4704,30329,137,2,1,24,2,1,44,0.001,0.001,,,,,NVIDIA A100-SXM4-40GB (0),1,,13,"void ch_est::chEstFilterNoDftSOfdmDispatchKernel<float, __half, float, (unsigned int)2>(ch_est::puschRxChEstStatDescr_t *, ch_est::puschRxChEstDynDescr_t *)"
2098058125,2336,30340,103,1,1,128,1,1,16,0.000,0.000,,,,,NVIDIA A100-SXM4-40GB (0),1,,13,cupy_copy__complex64_complex64
2098061453,15168,30350,1434,1,1,128,1,1,16,0.000,0.000,,,,,NVIDIA A100-SXM4-40GB (0),1,,13,cupy_copy__complex64_complex64
2098077709,2272,30357,103,1,1,128,1,1,16,0.000,0.000,,,,,NVIDIA A100-SXM4-40GB (0),1,,13,cupy_copy__complex64_complex64
2098081069,79039,30364,1,1,1,32,32,1,30,0.000,0.000,,,,,NVIDIA A100-SXM4-40GB (0),1,,13,"void convert_kernel<__half2, float2>(tensor_layout_any, T1 *, tensor_layout_any, const T2 *)"
2098188620,12223,30367,,,,,,,,,,0.061,5026.529,Pinned,Device,NVIDIA A100-SXM4-40GB (0),1,,13,[CUDA memcpy Host-to-Device]
2098211595,45664,30368,,,,,,,,,,35.801,784005.223,Device,,NVIDIA A100-SXM4-40GB (0),1,,13,[CUDA memset]
2098262187,2048,30370,,,,,,,,,,0.000,39.062,Pinned,Device,NVIDIA A100-SXM4-40GB (0),1,,13,[CUDA memcpy Host-to-Device]
2098267115,22847,30371,,,,,,,,,,0.131,5736.890,Pinned,Device,NVIDIA A100-SXM4-40GB (0),1,,13,[CUDA memcpy Host-to-Device]
2098295562,8672,30372,273,1,1,48,1,1,40,0.000,0.001,,,,,NVIDIA A100-SXM4-40GB (0),1,,13,"void pusch_noise_intf_est::noiseIntfEstNoDftSOfdmKernel<float, __half, float, float, (unsigned int)2, (unsigned int)1, (unsigned char)4, (unsigned char)4>(pusch_noise_intf_est::puschRxNoiseIntfEstDynDescr)"
2098305418,2560,30383,35,1,1,128,1,1,16,0.000,0.000,,,,,NVIDIA A100-SXM4-40GB (0),1,,13,cupy_copy__complex64_complex64
2098313994,1600,30392,1,1,1,1,1,1,18,0.000,0.000,,,,,NVIDIA A100-SXM4-40GB (0),1,,13,cupy_copy__float32_float32
2098348298,1760,30398,,,,,,,,,,0.000,2.273,Device,Pageable,NVIDIA A100-SXM4-40GB (0),1,,7,[CUDA memcpy Device-to-Host]
2098411721,15424,30409,1434,1,1,128,1,1,16,0.000,0.000,,,,,NVIDIA A100-SXM4-40GB (0),1,,13,cupy_copy__complex64_complex64
2098438825,2464,30416,103,1,1,128,1,1,16,0.000,0.000,,,,,NVIDIA A100-SXM4-40GB (0),1,,13,cupy_copy__complex64_complex64
2098460041,2144,30423,35,1,1,128,1,1,16,0.000,0.000,,,,,NVIDIA A100-SXM4-40GB (0),1,,13,cupy_copy__complex64_complex64
2098478696,1536,30430,1,1,1,1,1,1,18,0.000,0.000,,,,,NVIDIA A100-SXM4-40GB (0),1,,13,cupy_copy__float32_float32
2098615399,79007,30441,1,1,1,32,32,1,30,0.000,0.000,,,,,NVIDIA A100-SXM4-40GB (0),1,,13,"void convert_kernel<__half2, float2>(tensor_layout_any, T1 *, tensor_layout_any, const T2 *)"
2098865220,12224,30444,,,,,,,,,,0.061,5026.161,Pinned,Device,NVIDIA A100-SXM4-40GB (0),1,,13,[CUDA memcpy Host-to-Device]
2098884516,3232,30445,,,,,,,,,,1.547,478533.199,Device,,NVIDIA A100-SXM4-40GB (0),1,,13,[CUDA memset]
2098893924,10656,30450,,,,,,,,,,0.021,1975.958,Pinned,Device,NVIDIA A100-SXM4-40GB (0),1,,13,[CUDA memcpy Host-to-Device]
2098907908,22751,30451,,,,,,,,,,0.131,5761.139,Pinned,Device,NVIDIA A100-SXM4-40GB (0),1,,13,[CUDA memcpy Host-to-Device]
2098939683,6112,30452,273,1,1,8,4,1,39,0.002,0.000,,,,,NVIDIA A100-SXM4-40GB (0),1,,13,"void channel_eq::eqMmseCoefCompLowMimoKernel<float, float, float, (unsigned int)4, (unsigned int)1, (unsigned int)4>(const channel_eq::_puschRxChEqStatDescr *, channel_eq::_puschRxChEqCoefCompDynDescr)"
2098946819,5184,30453,273,1,1,12,11,1,40,0.002,0.000,,,,,NVIDIA A100-SXM4-40GB (0),1,,13,"void channel_eq::eqMmseSoftDemapKernel<float, __half, __half, float, (unsigned int)4, (unsigned short)16383>(channel_eq::_puschRxChEqStatDescr *, channel_eq::_puschRxChEqSoftDemapDynDescr)"
2098953091,280637,30454,1,1,1,32,32,1,30,0.000,0.000,,,,,NVIDIA A100-SXM4-40GB (0),1,,13,"void convert_kernel<float2, __half2>(tensor_layout_any, T1 *, tensor_layout_any, const T2 *)"
2099234848,12352,30466,2253,1,1,128,1,1,16,0.000,0.000,,,,,NVIDIA A100-SXM4-40GB (0),1,,13,cupy_copy__float16_float16
2099248128,2624,30475,282,1,1,128,1,1,16,0.000,0.000,,,,,NVIDIA A100-SXM4-40GB (0),1,,13,cupy_copy__complex64_complex64
2099251744,1824,30484,26,1,1,128,1,1,16,0.000,0.000,,,,,NVIDIA A100-SXM4-40GB (0),1,,13,cupy_copy__float32_float32
2099254656,2880,30493,103,1,1,128,1,1,16,0.000,0.000,,,,,NVIDIA A100-SXM4-40GB (0),1,,13,cupy_copy__complex64_complex64
2099258496,13920,30503,1434,1,1,128,1,1,16,0.000,0.000,,,,,NVIDIA A100-SXM4-40GB (0),1,,13,cupy_copy__complex64_complex64
2099398494,80351,30508,1,1,1,32,32,1,30,0.000,0.000,,,,,NVIDIA A100-SXM4-40GB (0),1,,13,"void convert_kernel<__half2, float2>(tensor_layout_any, T1 *, tensor_layout_any, const T2 *)"
2099509917,11744,30511,,,,,,,,,,0.061,5231.555,Pinned,Device,NVIDIA A100-SXM4-40GB (0),1,,13,[CUDA memcpy Host-to-Device]
2099531517,587801,30512,,,,,,,,,,456.520,776541.336,Device,,NVIDIA A100-SXM4-40GB (0),1,,13,[CUDA memset]
2100126870,132383,30517,,,,,,,,,,0.825,6233.823,Pinned,Device,NVIDIA A100-SXM4-40GB (0),1,,13,[CUDA memcpy Host-to-Device]
2100261941,23615,30518,,,,,,,,,,0.131,5550.244,Pinned,Device,NVIDIA A100-SXM4-40GB (0),1,,13,[CUDA memcpy Host-to-Device]
2100295444,7360,30519,69,4,1,48,1,1,76,0.002,0.000,,,,,NVIDIA A100-SXM4-40GB (0),1,,13,"void ch_est::windowedChEstPreNoDftSOfdmKernel<float, __half, float, (unsigned int)2, (unsigned int)1, (unsigned short)4>(ch_est::puschRxChEstStatDescr_t *, ch_est::puschRxChEstDynDescr_t *)"
2100304404,5728,30520,137,2,1,24,2,1,44,0.001,0.001,,,,,NVIDIA A100-SXM4-40GB (0),1,,13,"void ch_est::chEstFilterNoDftSOfdmDispatchKernel<float, __half, float, (unsigned int)2>(ch_est::puschRxChEstStatDescr_t *, ch_est::puschRxChEstDynDescr_t *)"
2100311348,4768,30521,137,2,1,24,2,1,44,0.001,0.001,,,,,NVIDIA A100-SXM4-40GB (0),1,,13,"void ch_est::chEstFilterNoDftSOfdmDispatchKernel<float, __half, float, (unsigned int)2>(ch_est::puschRxChEstStatDescr_t *, ch_est::puschRxChEstDynDescr_t *)"
2100317172,2336,30532,103,1,1,128,1,1,16,0.000,0.000,,,,,NVIDIA A100-SXM4-40GB (0),1,,13,cupy_copy__complex64_complex64
2100320532,15232,30542,1434,1,1,128,1,1,16,0.000,0.000,,,,,NVIDIA A100-SXM4-40GB (0),1,,13,cupy_copy__complex64_complex64
2100336788,2272,30549,103,1,1,128,1,1,16,0.000,0.000,,,,,NVIDIA A100-SXM4-40GB (0),1,,13,cupy_copy__complex64_complex64
2100340020,79391,30556,1,1,1,32,32,1,30,0.000,0.000,,,,,NVIDIA A100-SXM4-40GB (0),1,,13,"void convert_kernel<__half2, float2>(tensor_layout_any, T1 *, tensor_layout_any, const T2 *)"
2100589937,11680,30559,,,,,,,,,,0.061,5260.247,Pinned,Device,NVIDIA A100-SXM4-40GB (0),1,,13,[CUDA memcpy Host-to-Device]
2100606705,46559,30560,,,,,,,,,,35.801,768933.019,Device,,NVIDIA A100-SXM4-40GB (0),1,,13,[CUDA memset]
2100656240,2592,30562,,,,,,,,,,0.000,30.864,Pinned,Device,NVIDIA A100-SXM4-40GB (0),1,,13,[CUDA memcpy Host-to-Device]
2100662288,22816,30563,,,,,,,,,,0.131,5744.624,Pinned,Device,NVIDIA A100-SXM4-40GB (0),1,,13,[CUDA memcpy Host-to-Device]
2100695824,9184,30564,273,1,1,48,1,1,40,0.000,0.001,,,,,NVIDIA A100-SXM4-40GB (0),1,,13,"void pusch_noise_intf_est::noiseIntfEstNoDftSOfdmKernel<float, __half, float, float, (unsigned int)2, (unsigned int)1, (unsigned char)4, (unsigned char)4>(pusch_noise_intf_est::puschRxNoiseIntfEstDynDescr)"
2100705968,2656,30575,35,1,1,128,1,1,16,0.000,0.000,,,,,NVIDIA A100-SXM4-40GB (0),1,,13,cupy_copy__complex64_complex64
2100709680,1600,30584,1,1,1,1,1,1,18,0.000,0.000,,,,,NVIDIA A100-SXM4-40GB (0),1,,13,cupy_copy__float32_float32
2100740207,1664,30590,,,,,,,,,,0.000,2.404,Device,Pageable,NVIDIA A100-SXM4-40GB (0),1,,7,[CUDA memcpy Device-to-Host]
2100799727,15232,30601,1434,1,1,128,1,1,16,0.000,0.000,,,,,NVIDIA A100-SXM4-40GB (0),1,,13,cupy_copy__complex64_complex64
2100827790,2528,30608,103,1,1,128,1,1,16,0.000,0.000,,,,,NVIDIA A100-SXM4-40GB (0),1,,13,cupy_copy__complex64_complex64
2100849646,2112,30615,35,1,1,128,1,1,16,0.000,0.000,,,,,NVIDIA A100-SXM4-40GB (0),1,,13,cupy_copy__complex64_complex64
2100869134,1536,30622,1,1,1,1,1,1,18,0.000,0.000,,,,,NVIDIA A100-SXM4-40GB (0),1,,13,cupy_copy__float32_float32
2101137579,79647,30633,1,1,1,32,32,1,30,0.000,0.000,,,,,NVIDIA A100-SXM4-40GB (0),1,,13,"void convert_kernel<__half2, float2>(tensor_layout_any, T1 *, tensor_layout_any, const T2 *)"
2101249674,11872,30636,,,,,,,,,,0.061,5175.153,Pinned,Device,NVIDIA A100-SXM4-40GB (0),1,,13,[CUDA memcpy Host-to-Device]
2101267050,3391,30637,,,,,,,,,,1.547,456096.324,Device,,NVIDIA A100-SXM4-40GB (0),1,,13,[CUDA memset]
2101273321,10688,30642,,,,,,,,,,0.021,1970.041,Pinned,Device,NVIDIA A100-SXM4-40GB (0),1,,13,[CUDA memcpy Host-to-Device]
2101286953,23584,30643,,,,,,,,,,0.131,5557.584,Pinned,Device,NVIDIA A100-SXM4-40GB (0),1,,13,[CUDA memcpy Host-to-Device]
2101319433,6016,30644,273,1,1,8,4,1,39,0.002,0.000,,,,,NVIDIA A100-SXM4-40GB (0),1,,13,"void channel_eq::eqMmseCoefCompLowMimoKernel<float, float, float, (unsigned int)4, (unsigned int)1, (unsigned int)4>(const channel_eq::_puschRxChEqStatDescr *, channel_eq::_puschRxChEqCoefCompDynDescr)"
2101326665,5152,30645,273,1,1,12,11,1,40,0.002,0.000,,,,,NVIDIA A100-SXM4-40GB (0),1,,13,"void channel_eq::eqMmseSoftDemapKernel<float, __half, __half, float, (unsigned int)4, (unsigned short)16383>(channel_eq::_puschRxChEqStatDescr *, channel_eq::_puschRxChEqSoftDemapDynDescr)"
2101332905,280669,30646,1,1,1,32,32,1,30,0.000,0.000,,,,,NVIDIA A100-SXM4-40GB (0),1,,13,"void convert_kernel<float2, __half2>(tensor_layout_any, T1 *, tensor_layout_any, const T2 *)"
2101614566,12288,30658,2253,1,1,128,1,1,16,0.000,0.000,,,,,NVIDIA A100-SXM4-40GB (0),1,,13,cupy_copy__float16_float16
2101627846,2624,30667,282,1,1,128,1,1,16,0.000,0.000,,,,,NVIDIA A100-SXM4-40GB (0),1,,13,cupy_copy__complex64_complex64
2101631494,1887,30676,26,1,1,128,1,1,16,0.000,0.000,,,,,NVIDIA A100-SXM4-40GB (0),1,,13,cupy_copy__float32_float32
2101634437,2880,30685,103,1,1,128,1,1,16,0.000,0.000,,,,,NVIDIA A100-SXM4-40GB (0),1,,13,cupy_copy__complex64_complex64
2101638277,13920,30695,1434,1,1,128,1,1,16,0.000,0.000,,,,,NVIDIA A100-SXM4-40GB (0),1,,13,cupy_copy__complex64_complex64
2101681861,79039,30700,1,1,1,32,32,1,30,0.000,0.000,,,,,NVIDIA A100-SXM4-40GB (0),1,,13,"void convert_kernel<__half2, float2>(tensor_layout_any, T1 *, tensor_layout_any, const T2 *)"
2101791140,11904,30703,,,,,,,,,,0.061,5161.267,Pinned,Device,NVIDIA A100-SXM4-40GB (0),1,,13,[CUDA memcpy Host-to-Device]
2101812963,587546,30704,,,,,,,,,,456.520,776541.336,Device,,NVIDIA A100-SXM4-40GB (0),1,,13,[CUDA memset]
2102401469,134079,30709,,,,,,,,,,0.825,6155.416,Pinned,Device,NVIDIA A100-SXM4-40GB (0),1,,13,[CUDA memcpy Host-to-Device]
2102537755,22848,30710,,,,,,,,,,0.131,5736.628,Pinned,Device,NVIDIA A100-SXM4-40GB (0),1,,13,[CUDA memcpy Host-to-Device]
2102570715,7424,30711,69,4,1,48,1,1,76,0.002,0.000,,,,,NVIDIA A100-SXM4-40GB (0),1,,13,"void ch_est::windowedChEstPreNoDftSOfdmKernel<float, __half, float, (unsigned int)2, (unsigned int)1, (unsigned short)4>(ch_est::puschRxChEstStatDescr_t *, ch_est::puschRxChEstDynDescr_t *)"
2102579707,5824,30712,137,2,1,24,2,1,44,0.001,0.001,,,,,NVIDIA A100-SXM4-40GB (0),1,,13,"void ch_est::chEstFilterNoDftSOfdmDispatchKernel<float, __half, float, (unsigned int)2>(ch_est::puschRxChEstStatDescr_t *, ch_est::puschRxChEstDynDescr_t *)"
2102586459,4704,30713,137,2,1,24,2,1,44,0.001,0.001,,,,,NVIDIA A100-SXM4-40GB (0),1,,13,"void ch_est::chEstFilterNoDftSOfdmDispatchKernel<float, __half, float, (unsigned int)2>(ch_est::puschRxChEstStatDescr_t *, ch_est::puschRxChEstDynDescr_t *)"
2102592123,2368,30724,103,1,1,128,1,1,16,0.000,0.000,,,,,NVIDIA A100-SXM4-40GB (0),1,,13,cupy_copy__complex64_complex64
2102595483,15200,30734,1434,1,1,128,1,1,16,0.000,0.000,,,,,NVIDIA A100-SXM4-40GB (0),1,,13,cupy_copy__complex64_complex64
2102611771,2304,30741,103,1,1,128,1,1,16,0.000,0.000,,,,,NVIDIA A100-SXM4-40GB (0),1,,13,cupy_copy__complex64_complex64
2102615131,79583,30748,1,1,1,32,32,1,30,0.000,0.000,,,,,NVIDIA A100-SXM4-40GB (0),1,,13,"void convert_kernel<__half2, float2>(tensor_layout_any, T1 *, tensor_layout_any, const T2 *)"
2102722521,11840,30751,,,,,,,,,,0.061,5189.161,Pinned,Device,NVIDIA A100-SXM4-40GB (0),1,,13,[CUDA memcpy Host-to-Device]
2102744825,45920,30752,,,,,,,,,,35.801,779637.506,Device,,NVIDIA A100-SXM4-40GB (0),1,,13,[CUDA memset]
2102795385,2048,30754,,,,,,,,,,0.000,39.062,Pinned,Device,NVIDIA A100-SXM4-40GB (0),1,,13,[CUDA memcpy Host-to-Device]
2102800665,22783,30755,,,,,,,,,,0.131,5753.012,Pinned,Device,NVIDIA A100-SXM4-40GB (0),1,,13,[CUDA memcpy Host-to-Device]
2102827768,8576,30756,273,1,1,48,1,1,40,0.000,0.001,,,,,NVIDIA A100-SXM4-40GB (0),1,,13,"void pusch_noise_intf_est::noiseIntfEstNoDftSOfdmKernel<float, __half, float, float, (unsigned int)2, (unsigned int)1, (unsigned char)4, (unsigned char)4>(pusch_noise_intf_est::puschRxNoiseIntfEstDynDescr)"
2102837304,2784,30767,35,1,1,128,1,1,16,0.000,0.000,,,,,NVIDIA A100-SXM4-40GB (0),1,,13,cupy_copy__complex64_complex64
2102849816,1568,30776,1,1,1,1,1,1,18,0.000,0.000,,,,,NVIDIA A100-SXM4-40GB (0),1,,13,cupy_copy__float32_float32
2102885656,1920,30782,,,,,,,,,,0.000,2.083,Device,Pageable,NVIDIA A100-SXM4-40GB (0),1,,7,[CUDA memcpy Device-to-Host]
2102944887,15072,30793,1434,1,1,128,1,1,16,0.000,0.000,,,,,NVIDIA A100-SXM4-40GB (0),1,,13,cupy_copy__complex64_complex64
2102972759,2496,30800,103,1,1,128,1,1,16,0.000,0.000,,,,,NVIDIA A100-SXM4-40GB (0),1,,13,cupy_copy__complex64_complex64
2102993846,2144,30807,35,1,1,128,1,1,16,0.000,0.000,,,,,NVIDIA A100-SXM4-40GB (0),1,,13,cupy_copy__complex64_complex64
2103012694,1536,30814,1,1,1,1,1,1,18,0.000,0.000,,,,,NVIDIA A100-SXM4-40GB (0),1,,13,cupy_copy__float32_float32
2103148181,79359,30825,1,1,1,32,32,1,30,0.000,0.000,,,,,NVIDIA A100-SXM4-40GB (0),1,,13,"void convert_kernel<__half2, float2>(tensor_layout_any, T1 *, tensor_layout_any, const T2 *)"
2103256276,11679,30828,,,,,,,,,,0.061,5260.677,Pinned,Device,NVIDIA A100-SXM4-40GB (0),1,,13,[CUDA memcpy Host-to-Device]
2103272563,3264,30829,,,,,,,,,,1.547,473842.288,Device,,NVIDIA A100-SXM4-40GB (0),1,,13,[CUDA memset]
2103278451,10848,30834,,,,,,,,,,0.021,1940.984,Pinned,Device,NVIDIA A100-SXM4-40GB (0),1,,13,[CUDA memcpy Host-to-Device]
2103292243,22816,30835,,,,,,,,,,0.131,5744.624,Pinned,Device,NVIDIA A100-SXM4-40GB (0),1,,13,[CUDA memcpy Host-to-Device]
2103324403,6240,30836,273,1,1,8,4,1,39,0.002,0.000,,,,,NVIDIA A100-SXM4-40GB (0),1,,13,"void channel_eq::eqMmseCoefCompLowMimoKernel<float, float, float, (unsigned int)4, (unsigned int)1, (unsigned int)4>(const channel_eq::_puschRxChEqStatDescr *, channel_eq::_puschRxChEqCoefCompDynDescr)"
2103331859,5184,30837,273,1,1,12,11,1,40,0.002,0.000,,,,,NVIDIA A100-SXM4-40GB (0),1,,13,"void channel_eq::eqMmseSoftDemapKernel<float, __half, __half, float, (unsigned int)4, (unsigned short)16383>(channel_eq::_puschRxChEqStatDescr *, channel_eq::_puschRxChEqSoftDemapDynDescr)"
2103338227,281021,30838,1,1,1,32,32,1,30,0.000,0.000,,,,,NVIDIA A100-SXM4-40GB (0),1,,13,"void convert_kernel<float2, __half2>(tensor_layout_any, T1 *, tensor_layout_any, const T2 *)"
2103620240,12383,30850,2253,1,1,128,1,1,16,0.000,0.000,,,,,NVIDIA A100-SXM4-40GB (0),1,,13,cupy_copy__float16_float16
2103633711,2624,30859,282,1,1,128,1,1,16,0.000,0.000,,,,,NVIDIA A100-SXM4-40GB (0),1,,13,cupy_copy__complex64_complex64
2103637295,1888,30868,26,1,1,128,1,1,16,0.000,0.000,,,,,NVIDIA A100-SXM4-40GB (0),1,,13,cupy_copy__float32_float32
2103640367,2880,30877,103,1,1,128,1,1,16,0.000,0.000,,,,,NVIDIA A100-SXM4-40GB (0),1,,13,cupy_copy__complex64_complex64
2103644175,13920,30887,1434,1,1,128,1,1,16,0.000,0.000,,,,,NVIDIA A100-SXM4-40GB (0),1,,13,cupy_copy__complex64_complex64
2103659215,79103,30892,1,1,1,32,32,1,30,0.000,0.000,,,,,NVIDIA A100-SXM4-40GB (0),1,,13,"void convert_kernel<__half2, float2>(tensor_layout_any, T1 *, tensor_layout_any, const T2 *)"
2103766894,12224,30895,,,,,,,,,,0.061,5026.161,Pinned,Device,NVIDIA A100-SXM4-40GB (0),1,,13,[CUDA memcpy Host-to-Device]
2103789262,587513,30896,,,,,,,,,,456.520,776997.857,Device,,NVIDIA A100-SXM4-40GB (0),1,,13,[CUDA memset]
2104384615,132191,30901,,,,,,,,,,0.825,6242.902,Pinned,Device,NVIDIA A100-SXM4-40GB (0),1,,13,[CUDA memcpy Host-to-Device]
2104519846,23199,30902,,,,,,,,,,0.131,5649.859,Pinned,Device,NVIDIA A100-SXM4-40GB (0),1,,13,[CUDA memcpy Host-to-Device]
2104548037,7168,30903,69,4,1,48,1,1,76,0.002,0.000,,,,,NVIDIA A100-SXM4-40GB (0),1,,13,"void ch_est::windowedChEstPreNoDftSOfdmKernel<float, __half, float, (unsigned int)2, (unsigned int)1, (unsigned short)4>(ch_est::puschRxChEstStatDescr_t *, ch_est::puschRxChEstDynDescr_t *)"
2104557029,5600,30904,137,2,1,24,2,1,44,0.001,0.001,,,,,NVIDIA A100-SXM4-40GB (0),1,,13,"void ch_est::chEstFilterNoDftSOfdmDispatchKernel<float, __half, float, (unsigned int)2>(ch_est::puschRxChEstStatDescr_t *, ch_est::puschRxChEstDynDescr_t *)"
2104563877,4736,30905,137,2,1,24,2,1,44,0.001,0.001,,,,,NVIDIA A100-SXM4-40GB (0),1,,13,"void ch_est::chEstFilterNoDftSOfdmDispatchKernel<float, __half, float, (unsigned int)2>(ch_est::puschRxChEstStatDescr_t *, ch_est::puschRxChEstDynDescr_t *)"
2104569669,2336,30916,103,1,1,128,1,1,16,0.000,0.000,,,,,NVIDIA A100-SXM4-40GB (0),1,,13,cupy_copy__complex64_complex64
2104573189,15488,30926,1434,1,1,128,1,1,16,0.000,0.000,,,,,NVIDIA A100-SXM4-40GB (0),1,,13,cupy_copy__complex64_complex64
2104589669,2240,30933,103,1,1,128,1,1,16,0.000,0.000,,,,,NVIDIA A100-SXM4-40GB (0),1,,13,cupy_copy__complex64_complex64
2104593093,79519,30940,1,1,1,32,32,1,30,0.000,0.000,,,,,NVIDIA A100-SXM4-40GB (0),1,,13,"void convert_kernel<__half2, float2>(tensor_layout_any, T1 *, tensor_layout_any, const T2 *)"
2104845410,12672,30943,,,,,,,,,,0.061,4848.476,Pinned,Device,NVIDIA A100-SXM4-40GB (0),1,,13,[CUDA memcpy Host-to-Device]
2104862402,46431,30944,,,,,,,,,,35.801,771045.276,Device,,NVIDIA A100-SXM4-40GB (0),1,,13,[CUDA memset]
2104910209,2784,30946,,,,,,,,,,0.000,28.736,Pinned,Device,NVIDIA A100-SXM4-40GB (0),1,,13,[CUDA memcpy Host-to-Device]
2104915457,22848,30947,,,,,,,,,,0.131,5736.628,Pinned,Device,NVIDIA A100-SXM4-40GB (0),1,,13,[CUDA memcpy Host-to-Device]
2104947393,9440,30948,273,1,1,48,1,1,40,0.000,0.001,,,,,NVIDIA A100-SXM4-40GB (0),1,,13,"void pusch_noise_intf_est::noiseIntfEstNoDftSOfdmKernel<float, __half, float, float, (unsigned int)2, (unsigned int)1, (unsigned char)4, (unsigned char)4>(pusch_noise_intf_est::puschRxNoiseIntfEstDynDescr)"
2104957857,2752,30959,35,1,1,128,1,1,16,0.000,0.000,,,,,NVIDIA A100-SXM4-40GB (0),1,,13,cupy_copy__complex64_complex64
2104962817,1568,30968,1,1,1,1,1,1,18,0.000,0.000,,,,,NVIDIA A100-SXM4-40GB (0),1,,13,cupy_copy__float32_float32
2104997376,1696,30974,,,,,,,,,,0.000,2.358,Device,Pageable,NVIDIA A100-SXM4-40GB (0),1,,7,[CUDA memcpy Device-to-Host]
2105056768,15679,30985,1434,1,1,128,1,1,16,0.000,0.000,,,,,NVIDIA A100-SXM4-40GB (0),1,,13,cupy_copy__complex64_complex64
2105084031,2528,30992,103,1,1,128,1,1,16,0.000,0.000,,,,,NVIDIA A100-SXM4-40GB (0),1,,13,cupy_copy__complex64_complex64
2105105887,2112,30999,35,1,1,128,1,1,16,0.000,0.000,,,,,NVIDIA A100-SXM4-40GB (0),1,,13,cupy_copy__complex64_complex64
2105125567,1536,31006,1,1,1,1,1,1,18,0.000,0.000,,,,,NVIDIA A100-SXM4-40GB (0),1,,13,cupy_copy__float32_float32
2105401980,79839,31017,1,1,1,32,32,1,30,0.000,0.000,,,,,NVIDIA A100-SXM4-40GB (0),1,,13,"void convert_kernel<__half2, float2>(tensor_layout_any, T1 *, tensor_layout_any, const T2 *)"
2105513371,12575,31020,,,,,,,,,,0.061,4885.832,Pinned,Device,NVIDIA A100-SXM4-40GB (0),1,,13,[CUDA memcpy Host-to-Device]
2105531578,3360,31021,,,,,,,,,,1.547,460304.688,Device,,NVIDIA A100-SXM4-40GB (0),1,,13,[CUDA memset]
2105538234,10464,31026,,,,,,,,,,0.021,2012.217,Pinned,Device,NVIDIA A100-SXM4-40GB (0),1,,13,[CUDA memcpy Host-to-Device]
2105551258,23104,31027,,,,,,,,,,0.131,5673.058,Pinned,Device,NVIDIA A100-SXM4-40GB (0),1,,13,[CUDA memcpy Host-to-Device]
2105583322,6016,31028,273,1,1,8,4,1,39,0.002,0.000,,,,,NVIDIA A100-SXM4-40GB (0),1,,13,"void channel_eq::eqMmseCoefCompLowMimoKernel<float, float, float, (unsigned int)4, (unsigned int)1, (unsigned int)4>(const channel_eq::_puschRxChEqStatDescr *, channel_eq::_puschRxChEqCoefCompDynDescr)"
2105590554,5248,31029,273,1,1,12,11,1,40,0.002,0.000,,,,,NVIDIA A100-SXM4-40GB (0),1,,13,"void channel_eq::eqMmseSoftDemapKernel<float, __half, __half, float, (unsigned int)4, (unsigned short)16383>(channel_eq::_puschRxChEqStatDescr *, channel_eq::_puschRxChEqSoftDemapDynDescr)"
2105596794,280765,31030,1,1,1,32,32,1,30,0.000,0.000,,,,,NVIDIA A100-SXM4-40GB (0),1,,13,"void convert_kernel<float2, __half2>(tensor_layout_any, T1 *, tensor_layout_any, const T2 *)"
2105878519,12383,31042,2253,1,1,128,1,1,16,0.000,0.000,,,,,NVIDIA A100-SXM4-40GB (0),1,,13,cupy_copy__float16_float16
2105891958,2624,31051,282,1,1,128,1,1,16,0.000,0.000,,,,,NVIDIA A100-SXM4-40GB (0),1,,13,cupy_copy__complex64_complex64
2105895542,1888,31060,26,1,1,128,1,1,16,0.000,0.000,,,,,NVIDIA A100-SXM4-40GB (0),1,,13,cupy_copy__float32_float32
2105898486,2880,31069,103,1,1,128,1,1,16,0.000,0.000,,,,,NVIDIA A100-SXM4-40GB (0),1,,13,cupy_copy__complex64_complex64
2105954518,14112,31085,1434,1,1,128,1,1,16,0.000,0.000,,,,,NVIDIA A100-SXM4-40GB (0),1,,13,cupy_copy__complex64_complex64
2106073332,79328,31090,1,1,1,32,32,1,30,0.000,0.000,,,,,NVIDIA A100-SXM4-40GB (0),1,,13,"void convert_kernel<__half2, float2>(tensor_layout_any, T1 *, tensor_layout_any, const T2 *)"
2107026250,11648,31093,,,,,,,,,,0.061,5274.685,Pinned,Device,NVIDIA A100-SXM4-40GB (0),1,,13,[CUDA memcpy Host-to-Device]
2107041482,588601,31094,,,,,,,,,,456.520,775171.775,Device,,NVIDIA A100-SXM4-40GB (0),1,,13,[CUDA memset]
2107632707,132191,31099,,,,,,,,,,0.825,6242.902,Pinned,Device,NVIDIA A100-SXM4-40GB (0),1,,13,[CUDA memcpy Host-to-Device]
2107767778,22623,31100,,,,,,,,,,0.131,5793.645,Pinned,Device,NVIDIA A100-SXM4-40GB (0),1,,13,[CUDA memcpy Host-to-Device]
2107801249,8256,31101,69,4,1,48,1,1,76,0.002,0.000,,,,,NVIDIA A100-SXM4-40GB (0),1,,13,"void ch_est::windowedChEstPreNoDftSOfdmKernel<float, __half, float, (unsigned int)2, (unsigned int)1, (unsigned short)4>(ch_est::puschRxChEstStatDescr_t *, ch_est::puschRxChEstDynDescr_t *)"
2107811105,5920,31102,137,2,1,24,2,1,44,0.001,0.001,,,,,NVIDIA A100-SXM4-40GB (0),1,,13,"void ch_est::chEstFilterNoDftSOfdmDispatchKernel<float, __half, float, (unsigned int)2>(ch_est::puschRxChEstStatDescr_t *, ch_est::puschRxChEstDynDescr_t *)"
2107818273,4672,31103,137,2,1,24,2,1,44,0.001,0.001,,,,,NVIDIA A100-SXM4-40GB (0),1,,13,"void ch_est::chEstFilterNoDftSOfdmDispatchKernel<float, __half, float, (unsigned int)2>(ch_est::puschRxChEstStatDescr_t *, ch_est::puschRxChEstDynDescr_t *)"
2107824033,2368,31114,103,1,1,128,1,1,16,0.000,0.000,,,,,NVIDIA A100-SXM4-40GB (0),1,,13,cupy_copy__complex64_complex64
2107827425,15392,31124,1434,1,1,128,1,1,16,0.000,0.000,,,,,NVIDIA A100-SXM4-40GB (0),1,,13,cupy_copy__complex64_complex64
2107843777,2304,31131,103,1,1,128,1,1,16,0.000,0.000,,,,,NVIDIA A100-SXM4-40GB (0),1,,13,cupy_copy__complex64_complex64
2107847265,79583,31138,1,1,1,32,32,1,30,0.000,0.000,,,,,NVIDIA A100-SXM4-40GB (0),1,,13,"void convert_kernel<__half2, float2>(tensor_layout_any, T1 *, tensor_layout_any, const T2 *)"
2107959072,11679,31141,,,,,,,,,,0.061,5260.677,Pinned,Device,NVIDIA A100-SXM4-40GB (0),1,,13,[CUDA memcpy Host-to-Device]
2107982527,46304,31142,,,,,,,,,,35.801,773157.532,Device,,NVIDIA A100-SXM4-40GB (0),1,,13,[CUDA memset]
2108037439,2080,31144,,,,,,,,,,0.000,38.462,Pinned,Device,NVIDIA A100-SXM4-40GB (0),1,,13,[CUDA memcpy Host-to-Device]
2108041631,22687,31145,,,,,,,,,,0.131,5777.392,Pinned,Device,NVIDIA A100-SXM4-40GB (0),1,,13,[CUDA memcpy Host-to-Device]
2108071582,8672,31146,273,1,1,48,1,1,40,0.000,0.001,,,,,NVIDIA A100-SXM4-40GB (0),1,,13,"void pusch_noise_intf_est::noiseIntfEstNoDftSOfdmKernel<float, __half, float, float, (unsigned int)2, (unsigned int)1, (unsigned char)4, (unsigned char)4>(pusch_noise_intf_est::puschRxNoiseIntfEstDynDescr)"
2108081502,2720,31157,35,1,1,128,1,1,16,0.000,0.000,,,,,NVIDIA A100-SXM4-40GB (0),1,,13,cupy_copy__complex64_complex64
2108094110,1600,31166,1,1,1,1,1,1,18,0.000,0.000,,,,,NVIDIA A100-SXM4-40GB (0),1,,13,cupy_copy__float32_float32
2108130398,1856,31172,,,,,,,,,,0.000,2.155,Device,Pageable,NVIDIA A100-SXM4-40GB (0),1,,7,[CUDA memcpy Device-to-Host]
2108191517,15136,31183,1434,1,1,128,1,1,16,0.000,0.000,,,,,NVIDIA A100-SXM4-40GB (0),1,,13,cupy_copy__complex64_complex64
2108219005,2496,31190,103,1,1,128,1,1,16,0.000,0.000,,,,,NVIDIA A100-SXM4-40GB (0),1,,13,cupy_copy__complex64_complex64
2108240892,2112,31197,35,1,1,128,1,1,16,0.000,0.000,,,,,NVIDIA A100-SXM4-40GB (0),1,,13,cupy_copy__complex64_complex64
2108259932,1568,31204,1,1,1,1,1,1,18,0.000,0.000,,,,,NVIDIA A100-SXM4-40GB (0),1,,13,cupy_copy__float32_float32
2108396603,79775,31215,1,1,1,32,32,1,30,0.000,0.000,,,,,NVIDIA A100-SXM4-40GB (0),1,,13,"void convert_kernel<__half2, float2>(tensor_layout_any, T1 *, tensor_layout_any, const T2 *)"
2108505210,12415,31218,,,,,,,,,,0.061,4948.808,Pinned,Device,NVIDIA A100-SXM4-40GB (0),1,,13,[CUDA memcpy Host-to-Device]
2108522041,3200,31219,,,,,,,,,,1.547,483320.000,Device,,NVIDIA A100-SXM4-40GB (0),1,,13,[CUDA memset]
2108527833,10112,31224,,,,,,,,,,0.021,2082.270,Pinned,Device,NVIDIA A100-SXM4-40GB (0),1,,13,[CUDA memcpy Host-to-Device]
2108540889,22848,31225,,,,,,,,,,0.131,5736.628,Pinned,Device,NVIDIA A100-SXM4-40GB (0),1,,13,[CUDA memcpy Host-to-Device]
2108573337,6080,31226,273,1,1,8,4,1,39,0.002,0.000,,,,,NVIDIA A100-SXM4-40GB (0),1,,13,"void channel_eq::eqMmseCoefCompLowMimoKernel<float, float, float, (unsigned int)4, (unsigned int)1, (unsigned int)4>(const channel_eq::_puschRxChEqStatDescr *, channel_eq::_puschRxChEqCoefCompDynDescr)"
2108580505,5216,31227,273,1,1,12,11,1,40,0.002,0.000,,,,,NVIDIA A100-SXM4-40GB (0),1,,13,"void channel_eq::eqMmseSoftDemapKernel<float, __half, __half, float, (unsigned int)4, (unsigned short)16383>(channel_eq::_puschRxChEqStatDescr *, channel_eq::_puschRxChEqSoftDemapDynDescr)"
2108586745,281597,31228,1,1,1,32,32,1,30,0.000,0.000,,,,,NVIDIA A100-SXM4-40GB (0),1,,13,"void convert_kernel<float2, __half2>(tensor_layout_any, T1 *, tensor_layout_any, const T2 *)"
2108869334,12351,31240,2253,1,1,128,1,1,16,0.000,0.000,,,,,NVIDIA A100-SXM4-40GB (0),1,,13,cupy_copy__float16_float16
2108882869,2624,31249,282,1,1,128,1,1,16,0.000,0.000,,,,,NVIDIA A100-SXM4-40GB (0),1,,13,cupy_copy__complex64_complex64
2108886485,1856,31258,26,1,1,128,1,1,16,0.000,0.000,,,,,NVIDIA A100-SXM4-40GB (0),1,,13,cupy_copy__float32_float32
2108889429,2880,31267,103,1,1,128,1,1,16,0.000,0.000,,,,,NVIDIA A100-SXM4-40GB (0),1,,13,cupy_copy__complex64_complex64
2108893237,13920,31277,1434,1,1,128,1,1,16,0.000,0.000,,,,,NVIDIA A100-SXM4-40GB (0),1,,13,cupy_copy__complex64_complex64
2108913397,78783,31282,1,1,1,32,32,1,30,0.000,0.000,,,,,NVIDIA A100-SXM4-40GB (0),1,,13,"void convert_kernel<__half2, float2>(tensor_layout_any, T1 *, tensor_layout_any, const T2 *)"
2109020052,11680,31285,,,,,,,,,,0.061,5260.247,Pinned,Device,NVIDIA A100-SXM4-40GB (0),1,,13,[CUDA memcpy Host-to-Device]
2109042324,587481,31286,,,,,,,,,,456.520,776997.857,Device,,NVIDIA A100-SXM4-40GB (0),1,,13,[CUDA memset]
2109637677,131743,31291,,,,,,,,,,0.825,6264.361,Pinned,Device,NVIDIA A100-SXM4-40GB (0),1,,13,[CUDA memcpy Host-to-Device]
2109771532,23167,31292,,,,,,,,,,0.131,5657.592,Pinned,Device,NVIDIA A100-SXM4-40GB (0),1,,13,[CUDA memcpy Host-to-Device]
2109805195,7200,31293,69,4,1,48,1,1,76,0.002,0.000,,,,,NVIDIA A100-SXM4-40GB (0),1,,13,"void ch_est::windowedChEstPreNoDftSOfdmKernel<float, __half, float, (unsigned int)2, (unsigned int)1, (unsigned short)4>(ch_est::puschRxChEstStatDescr_t *, ch_est::puschRxChEstDynDescr_t *)"
2109813995,5984,31294,137,2,1,24,2,1,44,0.001,0.001,,,,,NVIDIA A100-SXM4-40GB (0),1,,13,"void ch_est::chEstFilterNoDftSOfdmDispatchKernel<float, __half, float, (unsigned int)2>(ch_est::puschRxChEstStatDescr_t *, ch_est::puschRxChEstDynDescr_t *)"
2109821163,4736,31295,137,2,1,24,2,1,44,0.001,0.001,,,,,NVIDIA A100-SXM4-40GB (0),1,,13,"void ch_est::chEstFilterNoDftSOfdmDispatchKernel<float, __half, float, (unsigned int)2>(ch_est::puschRxChEstStatDescr_t *, ch_est::puschRxChEstDynDescr_t *)"
2109826987,2336,31306,103,1,1,128,1,1,16,0.000,0.000,,,,,NVIDIA A100-SXM4-40GB (0),1,,13,cupy_copy__complex64_complex64
2109830379,15264,31316,1434,1,1,128,1,1,16,0.000,0.000,,,,,NVIDIA A100-SXM4-40GB (0),1,,13,cupy_copy__complex64_complex64
2109846635,2240,31323,103,1,1,128,1,1,16,0.000,0.000,,,,,NVIDIA A100-SXM4-40GB (0),1,,13,cupy_copy__complex64_complex64
2109849867,78591,31330,1,1,1,32,32,1,30,0.000,0.000,,,,,NVIDIA A100-SXM4-40GB (0),1,,13,"void convert_kernel<__half2, float2>(tensor_layout_any, T1 *, tensor_layout_any, const T2 *)"
2109957674,11679,31333,,,,,,,,,,0.061,5260.677,Pinned,Device,NVIDIA A100-SXM4-40GB (0),1,,13,[CUDA memcpy Host-to-Device]
2109974153,46336,31334,,,,,,,,,,35.801,772620.518,Device,,NVIDIA A100-SXM4-40GB (0),1,,13,[CUDA memset]
2110027049,2624,31336,,,,,,,,,,0.000,30.488,Pinned,Device,NVIDIA A100-SXM4-40GB (0),1,,13,[CUDA memcpy Host-to-Device]
2110031849,22591,31337,,,,,,,,,,0.131,5801.902,Pinned,Device,NVIDIA A100-SXM4-40GB (0),1,,13,[CUDA memcpy Host-to-Device]
2110060200,8608,31338,273,1,1,48,1,1,40,0.000,0.001,,,,,NVIDIA A100-SXM4-40GB (0),1,,13,"void pusch_noise_intf_est::noiseIntfEstNoDftSOfdmKernel<float, __half, float, float, (unsigned int)2, (unsigned int)1, (unsigned char)4, (unsigned char)4>(pusch_noise_intf_est::puschRxNoiseIntfEstDynDescr)"
2110070056,2624,31349,35,1,1,128,1,1,16,0.000,0.000,,,,,NVIDIA A100-SXM4-40GB (0),1,,13,cupy_copy__complex64_complex64
2110083944,1568,31358,1,1,1,1,1,1,18,0.000,0.000,,,,,NVIDIA A100-SXM4-40GB (0),1,,13,cupy_copy__float32_float32
2110118376,1600,31364,,,,,,,,,,0.000,2.500,Device,Pageable,NVIDIA A100-SXM4-40GB (0),1,,7,[CUDA memcpy Device-to-Host]
2110177223,15136,31375,1434,1,1,128,1,1,16,0.000,0.000,,,,,NVIDIA A100-SXM4-40GB (0),1,,13,cupy_copy__complex64_complex64
2110204839,2560,31382,103,1,1,128,1,1,16,0.000,0.000,,,,,NVIDIA A100-SXM4-40GB (0),1,,13,cupy_copy__complex64_complex64
2110226023,2112,31389,35,1,1,128,1,1,16,0.000,0.000,,,,,NVIDIA A100-SXM4-40GB (0),1,,13,cupy_copy__complex64_complex64
2110245030,1536,31396,1,1,1,1,1,1,18,0.000,0.000,,,,,NVIDIA A100-SXM4-40GB (0),1,,13,cupy_copy__float32_float32
2110380389,79135,31407,1,1,1,32,32,1,30,0.000,0.000,,,,,NVIDIA A100-SXM4-40GB (0),1,,13,"void convert_kernel<__half2, float2>(tensor_layout_any, T1 *, tensor_layout_any, const T2 *)"
2110488996,11680,31410,,,,,,,,,,0.061,5260.247,Pinned,Device,NVIDIA A100-SXM4-40GB (0),1,,13,[CUDA memcpy Host-to-Device]
2110504867,3360,31411,,,,,,,,,,1.547,460304.688,Device,,NVIDIA A100-SXM4-40GB (0),1,,13,[CUDA memset]
2110510723,10272,31416,,,,,,,,,,0.021,2049.844,Pinned,Device,NVIDIA A100-SXM4-40GB (0),1,,13,[CUDA memcpy Host-to-Device]
2110524579,22752,31417,,,,,,,,,,0.131,5760.877,Pinned,Device,NVIDIA A100-SXM4-40GB (0),1,,13,[CUDA memcpy Host-to-Device]
2110556835,6016,31418,273,1,1,8,4,1,39,0.002,0.000,,,,,NVIDIA A100-SXM4-40GB (0),1,,13,"void channel_eq::eqMmseCoefCompLowMimoKernel<float, float, float, (unsigned int)4, (unsigned int)1, (unsigned int)4>(const channel_eq::_puschRxChEqStatDescr *, channel_eq::_puschRxChEqCoefCompDynDescr)"
2110563971,5152,31419,273,1,1,12,11,1,40,0.002,0.000,,,,,NVIDIA A100-SXM4-40GB (0),1,,13,"void channel_eq::eqMmseSoftDemapKernel<float, __half, __half, float, (unsigned int)4, (unsigned short)16383>(channel_eq::_puschRxChEqStatDescr *, channel_eq::_puschRxChEqSoftDemapDynDescr)"
2110570211,281021,31420,1,1,1,32,32,1,30,0.000,0.000,,,,,NVIDIA A100-SXM4-40GB (0),1,,13,"void convert_kernel<float2, __half2>(tensor_layout_any, T1 *, tensor_layout_any, const T2 *)"
2110852352,12447,31432,2253,1,1,128,1,1,16,0.000,0.000,,,,,NVIDIA A100-SXM4-40GB (0),1,,13,cupy_copy__float16_float16
2110865855,2592,31441,282,1,1,128,1,1,16,0.000,0.000,,,,,NVIDIA A100-SXM4-40GB (0),1,,13,cupy_copy__complex64_complex64
2110869471,1856,31450,26,1,1,128,1,1,16,0.000,0.000,,,,,NVIDIA A100-SXM4-40GB (0),1,,13,cupy_copy__float32_float32
2110872383,2880,31459,103,1,1,128,1,1,16,0.000,0.000,,,,,NVIDIA A100-SXM4-40GB (0),1,,13,cupy_copy__complex64_complex64
2110876223,14016,31469,1434,1,1,128,1,1,16,0.000,0.000,,,,,NVIDIA A100-SXM4-40GB (0),1,,13,cupy_copy__complex64_complex64
2110891231,78815,31474,1,1,1,32,32,1,30,0.000,0.000,,,,,NVIDIA A100-SXM4-40GB (0),1,,13,"void convert_kernel<__half2, float2>(tensor_layout_any, T1 *, tensor_layout_any, const T2 *)"
2111140028,11648,31477,,,,,,,,,,0.061,5274.685,Pinned,Device,NVIDIA A100-SXM4-40GB (0),1,,13,[CUDA memcpy Host-to-Device]
2111155676,588506,31478,,,,,,,,,,456.520,775628.296,Device,,NVIDIA A100-SXM4-40GB (0),1,,13,[CUDA memset]
2111749142,131582,31483,,,,,,,,,,0.825,6271.789,Pinned,Device,NVIDIA A100-SXM4-40GB (0),1,,13,[CUDA memcpy Host-to-Device]
2111883924,23136,31484,,,,,,,,,,0.131,5665.194,Pinned,Device,NVIDIA A100-SXM4-40GB (0),1,,13,[CUDA memcpy Host-to-Device]
2111913588,7392,31485,69,4,1,48,1,1,76,0.002,0.000,,,,,NVIDIA A100-SXM4-40GB (0),1,,13,"void ch_est::windowedChEstPreNoDftSOfdmKernel<float, __half, float, (unsigned int)2, (unsigned int)1, (unsigned short)4>(ch_est::puschRxChEstStatDescr_t *, ch_est::puschRxChEstDynDescr_t *)"
2111922580,5856,31486,137,2,1,24,2,1,44,0.001,0.001,,,,,NVIDIA A100-SXM4-40GB (0),1,,13,"void ch_est::chEstFilterNoDftSOfdmDispatchKernel<float, __half, float, (unsigned int)2>(ch_est::puschRxChEstStatDescr_t *, ch_est::puschRxChEstDynDescr_t *)"
2111929492,4768,31487,137,2,1,24,2,1,44,0.001,0.001,,,,,NVIDIA A100-SXM4-40GB (0),1,,13,"void ch_est::chEstFilterNoDftSOfdmDispatchKernel<float, __half, float, (unsigned int)2>(ch_est::puschRxChEstStatDescr_t *, ch_est::puschRxChEstDynDescr_t *)"
2111935188,2752,31498,103,1,1,128,1,1,16,0.000,0.000,,,,,NVIDIA A100-SXM4-40GB (0),1,,13,cupy_copy__complex64_complex64
2111938996,15327,31508,1434,1,1,128,1,1,16,0.000,0.000,,,,,NVIDIA A100-SXM4-40GB (0),1,,13,cupy_copy__complex64_complex64
2111955251,2304,31515,103,1,1,128,1,1,16,0.000,0.000,,,,,NVIDIA A100-SXM4-40GB (0),1,,13,cupy_copy__complex64_complex64
2111958611,79456,31522,1,1,1,32,32,1,30,0.000,0.000,,,,,NVIDIA A100-SXM4-40GB (0),1,,13,"void convert_kernel<__half2, float2>(tensor_layout_any, T1 *, tensor_layout_any, const T2 *)"
2112069682,11680,31525,,,,,,,,,,0.061,5260.247,Pinned,Device,NVIDIA A100-SXM4-40GB (0),1,,13,[CUDA memcpy Host-to-Device]
2112092786,45663,31526,,,,,,,,,,35.801,784005.223,Device,,NVIDIA A100-SXM4-40GB (0),1,,13,[CUDA memset]
2112144401,2368,31528,,,,,,,,,,0.000,33.784,Pinned,Device,NVIDIA A100-SXM4-40GB (0),1,,13,[CUDA memcpy Host-to-Device]
2112148913,22848,31529,,,,,,,,,,0.131,5736.628,Pinned,Device,NVIDIA A100-SXM4-40GB (0),1,,13,[CUDA memcpy Host-to-Device]
2112177777,8672,31530,273,1,1,48,1,1,40,0.000,0.001,,,,,NVIDIA A100-SXM4-40GB (0),1,,13,"void pusch_noise_intf_est::noiseIntfEstNoDftSOfdmKernel<float, __half, float, float, (unsigned int)2, (unsigned int)1, (unsigned char)4, (unsigned char)4>(pusch_noise_intf_est::puschRxNoiseIntfEstDynDescr)"
2112187665,2816,31541,35,1,1,128,1,1,16,0.000,0.000,,,,,NVIDIA A100-SXM4-40GB (0),1,,13,cupy_copy__complex64_complex64
2112200177,1568,31550,1,1,1,1,1,1,18,0.000,0.000,,,,,NVIDIA A100-SXM4-40GB (0),1,,13,cupy_copy__float32_float32
2112235984,1792,31556,,,,,,,,,,0.000,2.232,Device,Pageable,NVIDIA A100-SXM4-40GB (0),1,,7,[CUDA memcpy Device-to-Host]
2112295312,15200,31567,1434,1,1,128,1,1,16,0.000,0.000,,,,,NVIDIA A100-SXM4-40GB (0),1,,13,cupy_copy__complex64_complex64
2112322639,2528,31574,103,1,1,128,1,1,16,0.000,0.000,,,,,NVIDIA A100-SXM4-40GB (0),1,,13,cupy_copy__complex64_complex64
2112344367,2144,31581,35,1,1,128,1,1,16,0.000,0.000,,,,,NVIDIA A100-SXM4-40GB (0),1,,13,cupy_copy__complex64_complex64
2112363119,1568,31588,1,1,1,1,1,1,18,0.000,0.000,,,,,NVIDIA A100-SXM4-40GB (0),1,,13,cupy_copy__float32_float32
2112499277,79584,31599,1,1,1,32,32,1,30,0.000,0.000,,,,,NVIDIA A100-SXM4-40GB (0),1,,13,"void convert_kernel<__half2, float2>(tensor_layout_any, T1 *, tensor_layout_any, const T2 *)"
2112747659,11680,31602,,,,,,,,,,0.061,5260.247,Pinned,Device,NVIDIA A100-SXM4-40GB (0),1,,13,[CUDA memcpy Host-to-Device]
2112765674,3232,31603,,,,,,,,,,1.547,478533.199,Device,,NVIDIA A100-SXM4-40GB (0),1,,13,[CUDA memset]
2112776138,9984,31608,,,,,,,,,,0.021,2108.969,Pinned,Device,NVIDIA A100-SXM4-40GB (0),1,,13,[CUDA memcpy Host-to-Device]
2112789706,22624,31609,,,,,,,,,,0.131,5793.382,Pinned,Device,NVIDIA A100-SXM4-40GB (0),1,,13,[CUDA memcpy Host-to-Device]
2112821898,6080,31610,273,1,1,8,4,1,39,0.002,0.000,,,,,NVIDIA A100-SXM4-40GB (0),1,,13,"void channel_eq::eqMmseCoefCompLowMimoKernel<float, float, float, (unsigned int)4, (unsigned int)1, (unsigned int)4>(const channel_eq::_puschRxChEqStatDescr *, channel_eq::_puschRxChEqCoefCompDynDescr)"
2112829034,5312,31611,273,1,1,12,11,1,40,0.002,0.000,,,,,NVIDIA A100-SXM4-40GB (0),1,,13,"void channel_eq::eqMmseSoftDemapKernel<float, __half, __half, float, (unsigned int)4, (unsigned short)16383>(channel_eq::_puschRxChEqStatDescr *, channel_eq::_puschRxChEqSoftDemapDynDescr)"
2112835338,281213,31612,1,1,1,32,32,1,30,0.000,0.000,,,,,NVIDIA A100-SXM4-40GB (0),1,,13,"void convert_kernel<float2, __half2>(tensor_layout_any, T1 *, tensor_layout_any, const T2 *)"
2113117479,12607,31624,2253,1,1,128,1,1,16,0.000,0.000,,,,,NVIDIA A100-SXM4-40GB (0),1,,13,cupy_copy__float16_float16
2113131270,2624,31633,282,1,1,128,1,1,16,0.000,0.000,,,,,NVIDIA A100-SXM4-40GB (0),1,,13,cupy_copy__complex64_complex64
2113134886,1856,31642,26,1,1,128,1,1,16,0.000,0.000,,,,,NVIDIA A100-SXM4-40GB (0),1,,13,cupy_copy__float32_float32
2113137926,2880,31651,103,1,1,128,1,1,16,0.000,0.000,,,,,NVIDIA A100-SXM4-40GB (0),1,,13,cupy_copy__complex64_complex64
2113141734,14048,31661,1434,1,1,128,1,1,16,0.000,0.000,,,,,NVIDIA A100-SXM4-40GB (0),1,,13,cupy_copy__complex64_complex64
2113305413,79295,31666,1,1,1,32,32,1,30,0.000,0.000,,,,,NVIDIA A100-SXM4-40GB (0),1,,13,"void convert_kernel<__half2, float2>(tensor_layout_any, T1 *, tensor_layout_any, const T2 *)"
2113425059,11680,31669,,,,,,,,,,0.061,5260.247,Pinned,Device,NVIDIA A100-SXM4-40GB (0),1,,13,[CUDA memcpy Host-to-Device]
2113447523,587353,31670,,,,,,,,,,456.520,776997.857,Device,,NVIDIA A100-SXM4-40GB (0),1,,13,[CUDA memset]
2114040508,131903,31675,,,,,,,,,,0.825,6256.933,Pinned,Device,NVIDIA A100-SXM4-40GB (0),1,,13,[CUDA memcpy Host-to-Device]
2114174523,22592,31676,,,,,,,,,,0.131,5801.640,Pinned,Device,NVIDIA A100-SXM4-40GB (0),1,,13,[CUDA memcpy Host-to-Device]
2114201179,7200,31677,69,4,1,48,1,1,76,0.002,0.000,,,,,NVIDIA A100-SXM4-40GB (0),1,,13,"void ch_est::windowedChEstPreNoDftSOfdmKernel<float, __half, float, (unsigned int)2, (unsigned int)1, (unsigned short)4>(ch_est::puschRxChEstStatDescr_t *, ch_est::puschRxChEstDynDescr_t *)"
2114209915,5951,31678,137,2,1,24,2,1,44,0.001,0.001,,,,,NVIDIA A100-SXM4-40GB (0),1,,13,"void ch_est::chEstFilterNoDftSOfdmDispatchKernel<float, __half, float, (unsigned int)2>(ch_est::puschRxChEstStatDescr_t *, ch_est::puschRxChEstDynDescr_t *)"
2114216858,4736,31679,137,2,1,24,2,1,44,0.001,0.001,,,,,NVIDIA A100-SXM4-40GB (0),1,,13,"void ch_est::chEstFilterNoDftSOfdmDispatchKernel<float, __half, float, (unsigned int)2>(ch_est::puschRxChEstStatDescr_t *, ch_est::puschRxChEstDynDescr_t *)"
2114222682,2368,31690,103,1,1,128,1,1,16,0.000,0.000,,,,,NVIDIA A100-SXM4-40GB (0),1,,13,cupy_copy__complex64_complex64
2114226234,15136,31700,1434,1,1,128,1,1,16,0.000,0.000,,,,,NVIDIA A100-SXM4-40GB (0),1,,13,cupy_copy__complex64_complex64
2114242586,2240,31707,103,1,1,128,1,1,16,0.000,0.000,,,,,NVIDIA A100-SXM4-40GB (0),1,,13,cupy_copy__complex64_complex64
2114246042,78879,31714,1,1,1,32,32,1,30,0.000,0.000,,,,,NVIDIA A100-SXM4-40GB (0),1,,13,"void convert_kernel<__half2, float2>(tensor_layout_any, T1 *, tensor_layout_any, const T2 *)"
2114353753,11904,31717,,,,,,,,,,0.061,5161.267,Pinned,Device,NVIDIA A100-SXM4-40GB (0),1,,13,[CUDA memcpy Host-to-Device]
2114376281,45887,31718,,,,,,,,,,35.801,780174.520,Device,,NVIDIA A100-SXM4-40GB (0),1,,13,[CUDA memset]
2114427576,2656,31720,,,,,,,,,,0.000,30.120,Pinned,Device,NVIDIA A100-SXM4-40GB (0),1,,13,[CUDA memcpy Host-to-Device]
2114433304,22816,31721,,,,,,,,,,0.131,5744.624,Pinned,Device,NVIDIA A100-SXM4-40GB (0),1,,13,[CUDA memcpy Host-to-Device]
2114461304,8832,31722,273,1,1,48,1,1,40,0.000,0.001,,,,,NVIDIA A100-SXM4-40GB (0),1,,13,"void pusch_noise_intf_est::noiseIntfEstNoDftSOfdmKernel<float, __half, float, float, (unsigned int)2, (unsigned int)1, (unsigned char)4, (unsigned char)4>(pusch_noise_intf_est::puschRxNoiseIntfEstDynDescr)"
2114471352,2624,31733,35,1,1,128,1,1,16,0.000,0.000,,,,,NVIDIA A100-SXM4-40GB (0),1,,13,cupy_copy__complex64_complex64
2114478680,1568,31742,1,1,1,1,1,1,18,0.000,0.000,,,,,NVIDIA A100-SXM4-40GB (0),1,,13,cupy_copy__float32_float32
2114513911,1888,31748,,,,,,,,,,0.000,2.119,Device,Pageable,NVIDIA A100-SXM4-40GB (0),1,,7,[CUDA memcpy Device-to-Host]
2114573815,15263,31759,1434,1,1,128,1,1,16,0.000,0.000,,,,,NVIDIA A100-SXM4-40GB (0),1,,13,cupy_copy__complex64_complex64
2114600854,2528,31766,103,1,1,128,1,1,16,0.000,0.000,,,,,NVIDIA A100-SXM4-40GB (0),1,,13,cupy_copy__complex64_complex64
2114622678,2112,31773,35,1,1,128,1,1,16,0.000,0.000,,,,,NVIDIA A100-SXM4-40GB (0),1,,13,cupy_copy__complex64_complex64
2114642038,1504,31780,1,1,1,1,1,1,18,0.000,0.000,,,,,NVIDIA A100-SXM4-40GB (0),1,,13,cupy_copy__float32_float32
2114781524,78815,31791,1,1,1,32,32,1,30,0.000,0.000,,,,,NVIDIA A100-SXM4-40GB (0),1,,13,"void convert_kernel<__half2, float2>(tensor_layout_any, T1 *, tensor_layout_any, const T2 *)"
2114889523,11680,31794,,,,,,,,,,0.061,5260.247,Pinned,Device,NVIDIA A100-SXM4-40GB (0),1,,13,[CUDA memcpy Host-to-Device]
2114906355,3328,31795,,,,,,,,,,1.547,464729.580,Device,,NVIDIA A100-SXM4-40GB (0),1,,13,[CUDA memset]
2114912627,10336,31800,,,,,,,,,,0.021,2037.147,Pinned,Device,NVIDIA A100-SXM4-40GB (0),1,,13,[CUDA memcpy Host-to-Device]
2114925907,22943,31801,,,,,,,,,,0.131,5712.904,Pinned,Device,NVIDIA A100-SXM4-40GB (0),1,,13,[CUDA memcpy Host-to-Device]
2114957938,6112,31802,273,1,1,8,4,1,39,0.002,0.000,,,,,NVIDIA A100-SXM4-40GB (0),1,,13,"void channel_eq::eqMmseCoefCompLowMimoKernel<float, float, float, (unsigned int)4, (unsigned int)1, (unsigned int)4>(const channel_eq::_puschRxChEqStatDescr *, channel_eq::_puschRxChEqCoefCompDynDescr)"
2114965074,5152,31803,273,1,1,12,11,1,40,0.002,0.000,,,,,NVIDIA A100-SXM4-40GB (0),1,,13,"void channel_eq::eqMmseSoftDemapKernel<float, __half, __half, float, (unsigned int)4, (unsigned short)16383>(channel_eq::_puschRxChEqStatDescr *, channel_eq::_puschRxChEqSoftDemapDynDescr)"
2114971314,281277,31804,1,1,1,32,32,1,30,0.000,0.000,,,,,NVIDIA A100-SXM4-40GB (0),1,,13,"void convert_kernel<float2, __half2>(tensor_layout_any, T1 *, tensor_layout_any, const T2 *)"
2115253679,12384,31816,2253,1,1,128,1,1,16,0.000,0.000,,,,,NVIDIA A100-SXM4-40GB (0),1,,13,cupy_copy__float16_float16
2115267151,2624,31825,282,1,1,128,1,1,16,0.000,0.000,,,,,NVIDIA A100-SXM4-40GB (0),1,,13,cupy_copy__complex64_complex64
2115270735,1888,31834,26,1,1,128,1,1,16,0.000,0.000,,,,,NVIDIA A100-SXM4-40GB (0),1,,13,cupy_copy__float32_float32
2115273679,2848,31843,103,1,1,128,1,1,16,0.000,0.000,,,,,NVIDIA A100-SXM4-40GB (0),1,,13,cupy_copy__complex64_complex64
2115277519,13984,31853,1434,1,1,128,1,1,16,0.000,0.000,,,,,NVIDIA A100-SXM4-40GB (0),1,,13,cupy_copy__complex64_complex64
2115294895,78975,31858,1,1,1,32,32,1,30,0.000,0.000,,,,,NVIDIA A100-SXM4-40GB (0),1,,13,"void convert_kernel<__half2, float2>(tensor_layout_any, T1 *, tensor_layout_any, const T2 *)"
2115401869,12096,31861,,,,,,,,,,0.061,5079.306,Pinned,Device,NVIDIA A100-SXM4-40GB (0),1,,13,[CUDA memcpy Host-to-Device]
2115423821,588122,31862,,,,,,,,,,456.520,776084.816,Device,,NVIDIA A100-SXM4-40GB (0),1,,13,[CUDA memset]
2116013319,131646,31867,,,,,,,,,,0.825,6269.313,Pinned,Device,NVIDIA A100-SXM4-40GB (0),1,,13,[CUDA memcpy Host-to-Device]
2116147653,23360,31868,,,,,,,,,,0.131,5610.930,Pinned,Device,NVIDIA A100-SXM4-40GB (0),1,,13,[CUDA memcpy Host-to-Device]
2116174405,7360,31869,69,4,1,48,1,1,76,0.002,0.000,,,,,NVIDIA A100-SXM4-40GB (0),1,,13,"void ch_est::windowedChEstPreNoDftSOfdmKernel<float, __half, float, (unsigned int)2, (unsigned int)1, (unsigned short)4>(ch_est::puschRxChEstStatDescr_t *, ch_est::puschRxChEstDynDescr_t *)"
2116183333,6048,31870,137,2,1,24,2,1,44,0.001,0.001,,,,,NVIDIA A100-SXM4-40GB (0),1,,13,"void ch_est::chEstFilterNoDftSOfdmDispatchKernel<float, __half, float, (unsigned int)2>(ch_est::puschRxChEstStatDescr_t *, ch_est::puschRxChEstDynDescr_t *)"
2116190309,4736,31871,137,2,1,24,2,1,44,0.001,0.001,,,,,NVIDIA A100-SXM4-40GB (0),1,,13,"void ch_est::chEstFilterNoDftSOfdmDispatchKernel<float, __half, float, (unsigned int)2>(ch_est::puschRxChEstStatDescr_t *, ch_est::puschRxChEstDynDescr_t *)"
2116196165,2336,31882,103,1,1,128,1,1,16,0.000,0.000,,,,,NVIDIA A100-SXM4-40GB (0),1,,13,cupy_copy__complex64_complex64
2116199493,15231,31892,1434,1,1,128,1,1,16,0.000,0.000,,,,,NVIDIA A100-SXM4-40GB (0),1,,13,cupy_copy__complex64_complex64
2116215652,2304,31899,103,1,1,128,1,1,16,0.000,0.000,,,,,NVIDIA A100-SXM4-40GB (0),1,,13,cupy_copy__complex64_complex64
2116219044,79167,31906,1,1,1,32,32,1,30,0.000,0.000,,,,,NVIDIA A100-SXM4-40GB (0),1,,13,"void convert_kernel<__half2, float2>(tensor_layout_any, T1 *, tensor_layout_any, const T2 *)"
2116327011,11648,31909,,,,,,,,,,0.061,5274.685,Pinned,Device,NVIDIA A100-SXM4-40GB (0),1,,13,[CUDA memcpy Host-to-Device]
2116349507,45855,31910,,,,,,,,,,35.801,780711.535,Device,,NVIDIA A100-SXM4-40GB (0),1,,13,[CUDA memset]
2116399074,2048,31912,,,,,,,,,,0.000,39.062,Pinned,Device,NVIDIA A100-SXM4-40GB (0),1,,13,[CUDA memcpy Host-to-Device]
2116404642,22592,31913,,,,,,,,,,0.131,5801.640,Pinned,Device,NVIDIA A100-SXM4-40GB (0),1,,13,[CUDA memcpy Host-to-Device]
2116435554,8992,31914,273,1,1,48,1,1,40,0.000,0.001,,,,,NVIDIA A100-SXM4-40GB (0),1,,13,"void pusch_noise_intf_est::noiseIntfEstNoDftSOfdmKernel<float, __half, float, float, (unsigned int)2, (unsigned int)1, (unsigned char)4, (unsigned char)4>(pusch_noise_intf_est::puschRxNoiseIntfEstDynDescr)"
2116445570,2624,31925,35,1,1,128,1,1,16,0.000,0.000,,,,,NVIDIA A100-SXM4-40GB (0),1,,13,cupy_copy__complex64_complex64
2116449314,1568,31934,1,1,1,1,1,1,18,0.000,0.000,,,,,NVIDIA A100-SXM4-40GB (0),1,,13,cupy_copy__float32_float32
2116482529,1728,31940,,,,,,,,,,0.000,2.315,Device,Pageable,NVIDIA A100-SXM4-40GB (0),1,,7,[CUDA memcpy Device-to-Host]
2116541953,15104,31951,1434,1,1,128,1,1,16,0.000,0.000,,,,,NVIDIA A100-SXM4-40GB (0),1,,13,cupy_copy__complex64_complex64
2116568512,2496,31958,103,1,1,128,1,1,16,0.000,0.000,,,,,NVIDIA A100-SXM4-40GB (0),1,,13,cupy_copy__complex64_complex64
2116590240,2144,31965,35,1,1,128,1,1,16,0.000,0.000,,,,,NVIDIA A100-SXM4-40GB (0),1,,13,cupy_copy__complex64_complex64
2116609024,1536,31972,1,1,1,1,1,1,18,0.000,0.000,,,,,NVIDIA A100-SXM4-40GB (0),1,,13,cupy_copy__float32_float32
2116745375,79167,31983,1,1,1,32,32,1,30,0.000,0.000,,,,,NVIDIA A100-SXM4-40GB (0),1,,13,"void convert_kernel<__half2, float2>(tensor_layout_any, T1 *, tensor_layout_any, const T2 *)"
2118393420,12288,31986,,,,,,,,,,0.061,4999.987,Pinned,Device,NVIDIA A100-SXM4-40GB (0),1,,13,[CUDA memcpy Host-to-Device]
2118415948,3264,31987,,,,,,,,,,1.547,473842.288,Device,,NVIDIA A100-SXM4-40GB (0),1,,13,[CUDA memset]
2118423436,10304,31992,,,,,,,,,,0.021,2043.464,Pinned,Device,NVIDIA A100-SXM4-40GB (0),1,,13,[CUDA memcpy Host-to-Device]
2118435916,23136,31993,,,,,,,,,,0.131,5665.194,Pinned,Device,NVIDIA A100-SXM4-40GB (0),1,,13,[CUDA memcpy Host-to-Device]
2118468171,6112,31994,273,1,1,8,4,1,39,0.002,0.000,,,,,NVIDIA A100-SXM4-40GB (0),1,,13,"void channel_eq::eqMmseCoefCompLowMimoKernel<float, float, float, (unsigned int)4, (unsigned int)1, (unsigned int)4>(const channel_eq::_puschRxChEqStatDescr *, channel_eq::_puschRxChEqCoefCompDynDescr)"
2118475307,5184,31995,273,1,1,12,11,1,40,0.002,0.000,,,,,NVIDIA A100-SXM4-40GB (0),1,,13,"void channel_eq::eqMmseSoftDemapKernel<float, __half, __half, float, (unsigned int)4, (unsigned short)16383>(channel_eq::_puschRxChEqStatDescr *, channel_eq::_puschRxChEqSoftDemapDynDescr)"
2118481579,280925,31996,1,1,1,32,32,1,30,0.000,0.000,,,,,NVIDIA A100-SXM4-40GB (0),1,,13,"void convert_kernel<float2, __half2>(tensor_layout_any, T1 *, tensor_layout_any, const T2 *)"
2118763624,12256,32008,2253,1,1,128,1,1,16,0.000,0.000,,,,,NVIDIA A100-SXM4-40GB (0),1,,13,cupy_copy__float16_float16
2118776904,2592,32017,282,1,1,128,1,1,16,0.000,0.000,,,,,NVIDIA A100-SXM4-40GB (0),1,,13,cupy_copy__complex64_complex64
2118780520,1824,32026,26,1,1,128,1,1,16,0.000,0.000,,,,,NVIDIA A100-SXM4-40GB (0),1,,13,cupy_copy__float32_float32
2118783432,2880,32035,103,1,1,128,1,1,16,0.000,0.000,,,,,NVIDIA A100-SXM4-40GB (0),1,,13,cupy_copy__complex64_complex64
2118787272,14016,32045,1434,1,1,128,1,1,16,0.000,0.000,,,,,NVIDIA A100-SXM4-40GB (0),1,,13,cupy_copy__complex64_complex64
2119369890,79679,32050,1,1,1,32,32,1,30,0.000,0.000,,,,,NVIDIA A100-SXM4-40GB (0),1,,13,"void convert_kernel<__half2, float2>(tensor_layout_any, T1 *, tensor_layout_any, const T2 *)"
2119480736,11840,32053,,,,,,,,,,0.061,5189.161,Pinned,Device,NVIDIA A100-SXM4-40GB (0),1,,13,[CUDA memcpy Host-to-Device]
2119502368,587354,32054,,,,,,,,,,456.520,776997.857,Device,,NVIDIA A100-SXM4-40GB (0),1,,13,[CUDA memset]
2120097721,131551,32059,,,,,,,,,,0.825,6273.440,Pinned,Device,NVIDIA A100-SXM4-40GB (0),1,,13,[CUDA memcpy Host-to-Device]
2120231896,22816,32060,,,,,,,,,,0.131,5744.624,Pinned,Device,NVIDIA A100-SXM4-40GB (0),1,,13,[CUDA memcpy Host-to-Device]
2120263224,7264,32061,69,4,1,48,1,1,76,0.002,0.000,,,,,NVIDIA A100-SXM4-40GB (0),1,,13,"void ch_est::windowedChEstPreNoDftSOfdmKernel<float, __half, float, (unsigned int)2, (unsigned int)1, (unsigned short)4>(ch_est::puschRxChEstStatDescr_t *, ch_est::puschRxChEstDynDescr_t *)"
2120272184,5855,32062,137,2,1,24,2,1,44,0.001,0.001,,,,,NVIDIA A100-SXM4-40GB (0),1,,13,"void ch_est::chEstFilterNoDftSOfdmDispatchKernel<float, __half, float, (unsigned int)2>(ch_est::puschRxChEstStatDescr_t *, ch_est::puschRxChEstDynDescr_t *)"
2120279031,4736,32063,137,2,1,24,2,1,44,0.001,0.001,,,,,NVIDIA A100-SXM4-40GB (0),1,,13,"void ch_est::chEstFilterNoDftSOfdmDispatchKernel<float, __half, float, (unsigned int)2>(ch_est::puschRxChEstStatDescr_t *, ch_est::puschRxChEstDynDescr_t *)"
2120284855,2304,32074,103,1,1,128,1,1,16,0.000,0.000,,,,,NVIDIA A100-SXM4-40GB (0),1,,13,cupy_copy__complex64_complex64
2120288183,15264,32084,1434,1,1,128,1,1,16,0.000,0.000,,,,,NVIDIA A100-SXM4-40GB (0),1,,13,cupy_copy__complex64_complex64
2120304407,2240,32091,103,1,1,128,1,1,16,0.000,0.000,,,,,NVIDIA A100-SXM4-40GB (0),1,,13,cupy_copy__complex64_complex64
2120307639,79455,32098,1,1,1,32,32,1,30,0.000,0.000,,,,,NVIDIA A100-SXM4-40GB (0),1,,13,"void convert_kernel<__half2, float2>(tensor_layout_any, T1 *, tensor_layout_any, const T2 *)"
2121035695,11904,32101,,,,,,,,,,0.061,5161.267,Pinned,Device,NVIDIA A100-SXM4-40GB (0),1,,13,[CUDA memcpy Host-to-Device]
2121057807,46207,32102,,,,,,,,,,35.801,774768.575,Device,,NVIDIA A100-SXM4-40GB (0),1,,13,[CUDA memset]
2121108430,2048,32104,,,,,,,,,,0.000,39.062,Pinned,Device,NVIDIA A100-SXM4-40GB (0),1,,13,[CUDA memcpy Host-to-Device]
2121113582,23296,32105,,,,,,,,,,0.131,5626.266,Pinned,Device,NVIDIA A100-SXM4-40GB (0),1,,13,[CUDA memcpy Host-to-Device]
2121144878,9216,32106,273,1,1,48,1,1,40,0.000,0.001,,,,,NVIDIA A100-SXM4-40GB (0),1,,13,"void pusch_noise_intf_est::noiseIntfEstNoDftSOfdmKernel<float, __half, float, float, (unsigned int)2, (unsigned int)1, (unsigned char)4, (unsigned char)4>(pusch_noise_intf_est::puschRxNoiseIntfEstDynDescr)"
2121155214,2656,32117,35,1,1,128,1,1,16,0.000,0.000,,,,,NVIDIA A100-SXM4-40GB (0),1,,13,cupy_copy__complex64_complex64
2121158926,1568,32126,1,1,1,1,1,1,18,0.000,0.000,,,,,NVIDIA A100-SXM4-40GB (0),1,,13,cupy_copy__float32_float32
2121186253,1696,32132,,,,,,,,,,0.000,2.358,Device,Pageable,NVIDIA A100-SXM4-40GB (0),1,,7,[CUDA memcpy Device-to-Host]
2121246573,15264,32143,1434,1,1,128,1,1,16,0.000,0.000,,,,,NVIDIA A100-SXM4-40GB (0),1,,13,cupy_copy__complex64_complex64
2121274380,2528,32150,103,1,1,128,1,1,16,0.000,0.000,,,,,NVIDIA A100-SXM4-40GB (0),1,,13,cupy_copy__complex64_complex64
2121295276,2112,32157,35,1,1,128,1,1,16,0.000,0.000,,,,,NVIDIA A100-SXM4-40GB (0),1,,13,cupy_copy__complex64_complex64
2121314060,1504,32164,1,1,1,1,1,1,18,0.000,0.000,,,,,NVIDIA A100-SXM4-40GB (0),1,,13,cupy_copy__float32_float32
2122289025,79167,32175,1,1,1,32,32,1,30,0.000,0.000,,,,,NVIDIA A100-SXM4-40GB (0),1,,13,"void convert_kernel<__half2, float2>(tensor_layout_any, T1 *, tensor_layout_any, const T2 *)"
2122400416,11680,32178,,,,,,,,,,0.061,5260.247,Pinned,Device,NVIDIA A100-SXM4-40GB (0),1,,13,[CUDA memcpy Host-to-Device]
2122418784,3424,32179,,,,,,,,,,1.547,451700.819,Device,,NVIDIA A100-SXM4-40GB (0),1,,13,[CUDA memset]
2122426880,10592,32184,,,,,,,,,,0.021,1987.897,Pinned,Device,NVIDIA A100-SXM4-40GB (0),1,,13,[CUDA memcpy Host-to-Device]
2122440800,22751,32185,,,,,,,,,,0.131,5761.139,Pinned,Device,NVIDIA A100-SXM4-40GB (0),1,,13,[CUDA memcpy Host-to-Device]
2122472959,6016,32186,273,1,1,8,4,1,39,0.002,0.000,,,,,NVIDIA A100-SXM4-40GB (0),1,,13,"void channel_eq::eqMmseCoefCompLowMimoKernel<float, float, float, (unsigned int)4, (unsigned int)1, (unsigned int)4>(const channel_eq::_puschRxChEqStatDescr *, channel_eq::_puschRxChEqCoefCompDynDescr)"
2122480191,5248,32187,273,1,1,12,11,1,40,0.002,0.000,,,,,NVIDIA A100-SXM4-40GB (0),1,,13,"void channel_eq::eqMmseSoftDemapKernel<float, __half, __half, float, (unsigned int)4, (unsigned short)16383>(channel_eq::_puschRxChEqStatDescr *, channel_eq::_puschRxChEqSoftDemapDynDescr)"
2122486431,280669,32188,1,1,1,32,32,1,30,0.000,0.000,,,,,NVIDIA A100-SXM4-40GB (0),1,,13,"void convert_kernel<float2, __half2>(tensor_layout_any, T1 *, tensor_layout_any, const T2 *)"
2122768188,12384,32200,2253,1,1,128,1,1,16,0.000,0.000,,,,,NVIDIA A100-SXM4-40GB (0),1,,13,cupy_copy__float16_float16
2122781596,2624,32209,282,1,1,128,1,1,16,0.000,0.000,,,,,NVIDIA A100-SXM4-40GB (0),1,,13,cupy_copy__complex64_complex64
2122785212,1856,32218,26,1,1,128,1,1,16,0.000,0.000,,,,,NVIDIA A100-SXM4-40GB (0),1,,13,cupy_copy__float32_float32
2122788156,2848,32227,103,1,1,128,1,1,16,0.000,0.000,,,,,NVIDIA A100-SXM4-40GB (0),1,,13,cupy_copy__complex64_complex64
2122791964,14016,32237,1434,1,1,128,1,1,16,0.000,0.000,,,,,NVIDIA A100-SXM4-40GB (0),1,,13,cupy_copy__complex64_complex64
2122816667,78816,32242,1,1,1,32,32,1,30,0.000,0.000,,,,,NVIDIA A100-SXM4-40GB (0),1,,13,"void convert_kernel<__half2, float2>(tensor_layout_any, T1 *, tensor_layout_any, const T2 *)"
2122923514,11712,32245,,,,,,,,,,0.061,5245.870,Pinned,Device,NVIDIA A100-SXM4-40GB (0),1,,13,[CUDA memcpy Host-to-Device]
2122946074,587929,32246,,,,,,,,,,456.520,776084.816,Device,,NVIDIA A100-SXM4-40GB (0),1,,13,[CUDA memset]
2123539347,131807,32251,,,,,,,,,,0.825,6261.060,Pinned,Device,NVIDIA A100-SXM4-40GB (0),1,,13,[CUDA memcpy Host-to-Device]
2123673298,22848,32252,,,,,,,,,,0.131,5736.628,Pinned,Device,NVIDIA A100-SXM4-40GB (0),1,,13,[CUDA memcpy Host-to-Device]
2123701746,7488,32253,69,4,1,48,1,1,76,0.002,0.000,,,,,NVIDIA A100-SXM4-40GB (0),1,,13,"void ch_est::windowedChEstPreNoDftSOfdmKernel<float, __half, float, (unsigned int)2, (unsigned int)1, (unsigned short)4>(ch_est::puschRxChEstStatDescr_t *, ch_est::puschRxChEstDynDescr_t *)"
2123710898,5791,32254,137,2,1,24,2,1,44,0.001,0.001,,,,,NVIDIA A100-SXM4-40GB (0),1,,13,"void ch_est::chEstFilterNoDftSOfdmDispatchKernel<float, __half, float, (unsigned int)2>(ch_est::puschRxChEstStatDescr_t *, ch_est::puschRxChEstDynDescr_t *)"
2123717777,4736,32255,137,2,1,24,2,1,44,0.001,0.001,,,,,NVIDIA A100-SXM4-40GB (0),1,,13,"void ch_est::chEstFilterNoDftSOfdmDispatchKernel<float, __half, float, (unsigned int)2>(ch_est::puschRxChEstStatDescr_t *, ch_est::puschRxChEstDynDescr_t *)"
2123723729,2336,32266,103,1,1,128,1,1,16,0.000,0.000,,,,,NVIDIA A100-SXM4-40GB (0),1,,13,cupy_copy__complex64_complex64
2123727089,15264,32276,1434,1,1,128,1,1,16,0.000,0.000,,,,,NVIDIA A100-SXM4-40GB (0),1,,13,cupy_copy__complex64_complex64
2123743345,2304,32283,103,1,1,128,1,1,16,0.000,0.000,,,,,NVIDIA A100-SXM4-40GB (0),1,,13,cupy_copy__complex64_complex64
2123746737,79807,32290,1,1,1,32,32,1,30,0.000,0.000,,,,,NVIDIA A100-SXM4-40GB (0),1,,13,"void convert_kernel<__half2, float2>(tensor_layout_any, T1 *, tensor_layout_any, const T2 *)"
2123854864,11680,32293,,,,,,,,,,0.061,5260.247,Pinned,Device,NVIDIA A100-SXM4-40GB (0),1,,13,[CUDA memcpy Host-to-Device]
2123876848,45727,32294,,,,,,,,,,35.801,782895.393,Device,,NVIDIA A100-SXM4-40GB (0),1,,13,[CUDA memset]
2123928463,2048,32296,,,,,,,,,,0.000,39.062,Pinned,Device,NVIDIA A100-SXM4-40GB (0),1,,13,[CUDA memcpy Host-to-Device]
2123932623,22784,32297,,,,,,,,,,0.131,5752.750,Pinned,Device,NVIDIA A100-SXM4-40GB (0),1,,13,[CUDA memcpy Host-to-Device]
2123963887,8896,32298,273,1,1,48,1,1,40,0.000,0.001,,,,,NVIDIA A100-SXM4-40GB (0),1,,13,"void pusch_noise_intf_est::noiseIntfEstNoDftSOfdmKernel<float, __half, float, float, (unsigned int)2, (unsigned int)1, (unsigned char)4, (unsigned char)4>(pusch_noise_intf_est::puschRxNoiseIntfEstDynDescr)"
2123973999,2720,32309,35,1,1,128,1,1,16,0.000,0.000,,,,,NVIDIA A100-SXM4-40GB (0),1,,13,cupy_copy__complex64_complex64
2123977743,1568,32318,1,1,1,1,1,1,18,0.000,0.000,,,,,NVIDIA A100-SXM4-40GB (0),1,,13,cupy_copy__float32_float32
2124013230,2208,32324,,,,,,,,,,0.000,1.812,Device,Pageable,NVIDIA A100-SXM4-40GB (0),1,,7,[CUDA memcpy Device-to-Host]
2124072942,15359,32335,1434,1,1,128,1,1,16,0.000,0.000,,,,,NVIDIA A100-SXM4-40GB (0),1,,13,cupy_copy__complex64_complex64
2124101069,2464,32342,103,1,1,128,1,1,16,0.000,0.000,,,,,NVIDIA A100-SXM4-40GB (0),1,,13,cupy_copy__complex64_complex64
2124122029,2144,32349,35,1,1,128,1,1,16,0.000,0.000,,,,,NVIDIA A100-SXM4-40GB (0),1,,13,cupy_copy__complex64_complex64
2124139917,1536,32356,1,1,1,1,1,1,18,0.000,0.000,,,,,NVIDIA A100-SXM4-40GB (0),1,,13,cupy_copy__float32_float32
2124273771,79295,32367,1,1,1,32,32,1,30,0.000,0.000,,,,,NVIDIA A100-SXM4-40GB (0),1,,13,"void convert_kernel<__half2, float2>(tensor_layout_any, T1 *, tensor_layout_any, const T2 *)"
2124381962,11712,32370,,,,,,,,,,0.061,5245.870,Pinned,Device,NVIDIA A100-SXM4-40GB (0),1,,13,[CUDA memcpy Host-to-Device]
2124400874,3328,32371,,,,,,,,,,1.547,464729.580,Device,,NVIDIA A100-SXM4-40GB (0),1,,13,[CUDA memset]
2124407050,10336,32376,,,,,,,,,,0.021,2037.147,Pinned,Device,NVIDIA A100-SXM4-40GB (0),1,,13,[CUDA memcpy Host-to-Device]
2124420842,22751,32377,,,,,,,,,,0.131,5761.139,Pinned,Device,NVIDIA A100-SXM4-40GB (0),1,,13,[CUDA memcpy Host-to-Device]
2124452361,6048,32378,273,1,1,8,4,1,39,0.002,0.000,,,,,NVIDIA A100-SXM4-40GB (0),1,,13,"void channel_eq::eqMmseCoefCompLowMimoKernel<float, float, float, (unsigned int)4, (unsigned int)1, (unsigned int)4>(const channel_eq::_puschRxChEqStatDescr *, channel_eq::_puschRxChEqCoefCompDynDescr)"
2124459497,5152,32379,273,1,1,12,11,1,40,0.002,0.000,,,,,NVIDIA A100-SXM4-40GB (0),1,,13,"void channel_eq::eqMmseSoftDemapKernel<float, __half, __half, float, (unsigned int)4, (unsigned short)16383>(channel_eq::_puschRxChEqStatDescr *, channel_eq::_puschRxChEqSoftDemapDynDescr)"
2124465865,281117,32380,1,1,1,32,32,1,30,0.000,0.000,,,,,NVIDIA A100-SXM4-40GB (0),1,,13,"void convert_kernel<float2, __half2>(tensor_layout_any, T1 *, tensor_layout_any, const T2 *)"
2124748038,12448,32392,2253,1,1,128,1,1,16,0.000,0.000,,,,,NVIDIA A100-SXM4-40GB (0),1,,13,cupy_copy__float16_float16
2124761574,2592,32401,282,1,1,128,1,1,16,0.000,0.000,,,,,NVIDIA A100-SXM4-40GB (0),1,,13,cupy_copy__complex64_complex64
2124765158,1856,32410,26,1,1,128,1,1,16,0.000,0.000,,,,,NVIDIA A100-SXM4-40GB (0),1,,13,cupy_copy__float32_float32
2124768230,2880,32419,103,1,1,128,1,1,16,0.000,0.000,,,,,NVIDIA A100-SXM4-40GB (0),1,,13,cupy_copy__complex64_complex64
2124772038,13888,32429,1434,1,1,128,1,1,16,0.000,0.000,,,,,NVIDIA A100-SXM4-40GB (0),1,,13,cupy_copy__complex64_complex64
2124786982,78815,32434,1,1,1,32,32,1,30,0.000,0.000,,,,,NVIDIA A100-SXM4-40GB (0),1,,13,"void convert_kernel<__half2, float2>(tensor_layout_any, T1 *, tensor_layout_any, const T2 *)"
2124894532,11680,32437,,,,,,,,,,0.061,5260.247,Pinned,Device,NVIDIA A100-SXM4-40GB (0),1,,13,[CUDA memcpy Host-to-Device]
2124916196,587546,32438,,,,,,,,,,456.520,776541.336,Device,,NVIDIA A100-SXM4-40GB (0),1,,13,[CUDA memset]
2125509502,133566,32443,,,,,,,,,,0.825,6178.525,Pinned,Device,NVIDIA A100-SXM4-40GB (0),1,,13,[CUDA memcpy Host-to-Device]
2125645532,23200,32444,,,,,,,,,,0.131,5649.596,Pinned,Device,NVIDIA A100-SXM4-40GB (0),1,,13,[CUDA memcpy Host-to-Device]
2125674972,7328,32445,69,4,1,48,1,1,76,0.002,0.000,,,,,NVIDIA A100-SXM4-40GB (0),1,,13,"void ch_est::windowedChEstPreNoDftSOfdmKernel<float, __half, float, (unsigned int)2, (unsigned int)1, (unsigned short)4>(ch_est::puschRxChEstStatDescr_t *, ch_est::puschRxChEstDynDescr_t *)"
2125683996,5920,32446,137,2,1,24,2,1,44,0.001,0.001,,,,,NVIDIA A100-SXM4-40GB (0),1,,13,"void ch_est::chEstFilterNoDftSOfdmDispatchKernel<float, __half, float, (unsigned int)2>(ch_est::puschRxChEstStatDescr_t *, ch_est::puschRxChEstDynDescr_t *)"
2125690908,4768,32447,137,2,1,24,2,1,44,0.001,0.001,,,,,NVIDIA A100-SXM4-40GB (0),1,,13,"void ch_est::chEstFilterNoDftSOfdmDispatchKernel<float, __half, float, (unsigned int)2>(ch_est::puschRxChEstStatDescr_t *, ch_est::puschRxChEstDynDescr_t *)"
2125696700,2336,32458,103,1,1,128,1,1,16,0.000,0.000,,,,,NVIDIA A100-SXM4-40GB (0),1,,13,cupy_copy__complex64_complex64
2125700220,15455,32468,1434,1,1,128,1,1,16,0.000,0.000,,,,,NVIDIA A100-SXM4-40GB (0),1,,13,cupy_copy__complex64_complex64
2125716699,2272,32475,103,1,1,128,1,1,16,0.000,0.000,,,,,NVIDIA A100-SXM4-40GB (0),1,,13,cupy_copy__complex64_complex64
2125720155,79007,32482,1,1,1,32,32,1,30,0.000,0.000,,,,,NVIDIA A100-SXM4-40GB (0),1,,13,"void convert_kernel<__half2, float2>(tensor_layout_any, T1 *, tensor_layout_any, const T2 *)"
2126386420,11680,32485,,,,,,,,,,0.061,5260.247,Pinned,Device,NVIDIA A100-SXM4-40GB (0),1,,13,[CUDA memcpy Host-to-Device]
2126401780,46495,32486,,,,,,,,,,35.801,769971.247,Device,,NVIDIA A100-SXM4-40GB (0),1,,13,[CUDA memset]
2126454643,2048,32488,,,,,,,,,,0.000,39.062,Pinned,Device,NVIDIA A100-SXM4-40GB (0),1,,13,[CUDA memcpy Host-to-Device]
2126459379,23104,32489,,,,,,,,,,0.131,5673.058,Pinned,Device,NVIDIA A100-SXM4-40GB (0),1,,13,[CUDA memcpy Host-to-Device]
2126493171,9184,32490,273,1,1,48,1,1,40,0.000,0.001,,,,,NVIDIA A100-SXM4-40GB (0),1,,13,"void pusch_noise_intf_est::noiseIntfEstNoDftSOfdmKernel<float, __half, float, float, (unsigned int)2, (unsigned int)1, (unsigned char)4, (unsigned char)4>(pusch_noise_intf_est::puschRxNoiseIntfEstDynDescr)"
2126503379,2560,32501,35,1,1,128,1,1,16,0.000,0.000,,,,,NVIDIA A100-SXM4-40GB (0),1,,13,cupy_copy__complex64_complex64
2126508275,1600,32510,1,1,1,1,1,1,18,0.000,0.000,,,,,NVIDIA A100-SXM4-40GB (0),1,,13,cupy_copy__float32_float32
2126542642,1984,32516,,,,,,,,,,0.000,2.016,Device,Pageable,NVIDIA A100-SXM4-40GB (0),1,,7,[CUDA memcpy Device-to-Host]
2126603474,15295,32527,1434,1,1,128,1,1,16,0.000,0.000,,,,,NVIDIA A100-SXM4-40GB (0),1,,13,cupy_copy__complex64_complex64
2126631089,2528,32534,103,1,1,128,1,1,16,0.000,0.000,,,,,NVIDIA A100-SXM4-40GB (0),1,,13,cupy_copy__complex64_complex64
2126652657,2144,32541,35,1,1,128,1,1,16,0.000,0.000,,,,,NVIDIA A100-SXM4-40GB (0),1,,13,cupy_copy__complex64_complex64
2126671569,1568,32548,1,1,1,1,1,1,18,0.000,0.000,,,,,NVIDIA A100-SXM4-40GB (0),1,,13,cupy_copy__float32_float32
2127370665,79423,32559,1,1,1,32,32,1,30,0.000,0.000,,,,,NVIDIA A100-SXM4-40GB (0),1,,13,"void convert_kernel<__half2, float2>(tensor_layout_any, T1 *, tensor_layout_any, const T2 *)"
2127482184,12128,32562,,,,,,,,,,0.061,5065.912,Pinned,Device,NVIDIA A100-SXM4-40GB (0),1,,13,[CUDA memcpy Host-to-Device]
2127499592,3424,32563,,,,,,,,,,1.547,451700.819,Device,,NVIDIA A100-SXM4-40GB (0),1,,13,[CUDA memset]
2127505832,10144,32568,,,,,,,,,,0.021,2075.700,Pinned,Device,NVIDIA A100-SXM4-40GB (0),1,,13,[CUDA memcpy Host-to-Device]
2127519559,23040,32569,,,,,,,,,,0.131,5688.787,Pinned,Device,NVIDIA A100-SXM4-40GB (0),1,,13,[CUDA memcpy Host-to-Device]
2127551943,6048,32570,273,1,1,8,4,1,39,0.002,0.000,,,,,NVIDIA A100-SXM4-40GB (0),1,,13,"void channel_eq::eqMmseCoefCompLowMimoKernel<float, float, float, (unsigned int)4, (unsigned int)1, (unsigned int)4>(const channel_eq::_puschRxChEqStatDescr *, channel_eq::_puschRxChEqCoefCompDynDescr)"
2127559207,5344,32571,273,1,1,12,11,1,40,0.002,0.000,,,,,NVIDIA A100-SXM4-40GB (0),1,,13,"void channel_eq::eqMmseSoftDemapKernel<float, __half, __half, float, (unsigned int)4, (unsigned short)16383>(channel_eq::_puschRxChEqStatDescr *, channel_eq::_puschRxChEqSoftDemapDynDescr)"
2127565767,281245,32572,1,1,1,32,32,1,30,0.000,0.000,,,,,NVIDIA A100-SXM4-40GB (0),1,,13,"void convert_kernel<float2, __half2>(tensor_layout_any, T1 *, tensor_layout_any, const T2 *)"
2127848068,12416,32584,2253,1,1,128,1,1,16,0.000,0.000,,,,,NVIDIA A100-SXM4-40GB (0),1,,13,cupy_copy__float16_float16
2127861668,2624,32593,282,1,1,128,1,1,16,0.000,0.000,,,,,NVIDIA A100-SXM4-40GB (0),1,,13,cupy_copy__complex64_complex64
2127865252,1888,32602,26,1,1,128,1,1,16,0.000,0.000,,,,,NVIDIA A100-SXM4-40GB (0),1,,13,cupy_copy__float32_float32
2127868196,2848,32611,103,1,1,128,1,1,16,0.000,0.000,,,,,NVIDIA A100-SXM4-40GB (0),1,,13,cupy_copy__complex64_complex64
2127872036,13855,32621,1434,1,1,128,1,1,16,0.000,0.000,,,,,NVIDIA A100-SXM4-40GB (0),1,,13,cupy_copy__complex64_complex64
2127891779,79071,32626,1,1,1,32,32,1,30,0.000,0.000,,,,,NVIDIA A100-SXM4-40GB (0),1,,13,"void convert_kernel<__half2, float2>(tensor_layout_any, T1 *, tensor_layout_any, const T2 *)"
2128566044,11680,32629,,,,,,,,,,0.061,5260.247,Pinned,Device,NVIDIA A100-SXM4-40GB (0),1,,13,[CUDA memcpy Host-to-Device]
2128584668,588409,32630,,,,,,,,,,456.520,775628.296,Device,,NVIDIA A100-SXM4-40GB (0),1,,13,[CUDA memset]
2129175381,131551,32635,,,,,,,,,,0.825,6273.440,Pinned,Device,NVIDIA A100-SXM4-40GB (0),1,,13,[CUDA memcpy Host-to-Device]
2129309044,23231,32636,,,,,,,,,,0.131,5641.994,Pinned,Device,NVIDIA A100-SXM4-40GB (0),1,,13,[CUDA memcpy Host-to-Device]
2129337811,7840,32637,69,4,1,48,1,1,76,0.002,0.000,,,,,NVIDIA A100-SXM4-40GB (0),1,,13,"void ch_est::windowedChEstPreNoDftSOfdmKernel<float, __half, float, (unsigned int)2, (unsigned int)1, (unsigned short)4>(ch_est::puschRxChEstStatDescr_t *, ch_est::puschRxChEstDynDescr_t *)"
2129347251,5824,32638,137,2,1,24,2,1,44,0.001,0.001,,,,,NVIDIA A100-SXM4-40GB (0),1,,13,"void ch_est::chEstFilterNoDftSOfdmDispatchKernel<float, __half, float, (unsigned int)2>(ch_est::puschRxChEstStatDescr_t *, ch_est::puschRxChEstDynDescr_t *)"
2129354259,4704,32639,137,2,1,24,2,1,44,0.001,0.001,,,,,NVIDIA A100-SXM4-40GB (0),1,,13,"void ch_est::chEstFilterNoDftSOfdmDispatchKernel<float, __half, float, (unsigned int)2>(ch_est::puschRxChEstStatDescr_t *, ch_est::puschRxChEstDynDescr_t *)"
2129360051,2368,32650,103,1,1,128,1,1,16,0.000,0.000,,,,,NVIDIA A100-SXM4-40GB (0),1,,13,cupy_copy__complex64_complex64
2129363443,15296,32660,1434,1,1,128,1,1,16,0.000,0.000,,,,,NVIDIA A100-SXM4-40GB (0),1,,13,cupy_copy__complex64_complex64
2129379699,2304,32667,103,1,1,128,1,1,16,0.000,0.000,,,,,NVIDIA A100-SXM4-40GB (0),1,,13,cupy_copy__complex64_complex64
2129383059,78783,32674,1,1,1,32,32,1,30,0.000,0.000,,,,,NVIDIA A100-SXM4-40GB (0),1,,13,"void convert_kernel<__half2, float2>(tensor_layout_any, T1 *, tensor_layout_any, const T2 *)"
2129494610,11840,32677,,,,,,,,,,0.061,5189.161,Pinned,Device,NVIDIA A100-SXM4-40GB (0),1,,13,[CUDA memcpy Host-to-Device]
2129518001,46656,32678,,,,,,,,,,35.801,767321.976,Device,,NVIDIA A100-SXM4-40GB (0),1,,13,[CUDA memset]
2129568593,2048,32680,,,,,,,,,,0.000,39.062,Pinned,Device,NVIDIA A100-SXM4-40GB (0),1,,13,[CUDA memcpy Host-to-Device]
2129572753,22688,32681,,,,,,,,,,0.131,5777.129,Pinned,Device,NVIDIA A100-SXM4-40GB (0),1,,13,[CUDA memcpy Host-to-Device]
2129601968,8736,32682,273,1,1,48,1,1,40,0.000,0.001,,,,,NVIDIA A100-SXM4-40GB (0),1,,13,"void pusch_noise_intf_est::noiseIntfEstNoDftSOfdmKernel<float, __half, float, float, (unsigned int)2, (unsigned int)1, (unsigned char)4, (unsigned char)4>(pusch_noise_intf_est::puschRxNoiseIntfEstDynDescr)"
2129611792,2624,32693,35,1,1,128,1,1,16,0.000,0.000,,,,,NVIDIA A100-SXM4-40GB (0),1,,13,cupy_copy__complex64_complex64
2129624816,1600,32702,1,1,1,1,1,1,18,0.000,0.000,,,,,NVIDIA A100-SXM4-40GB (0),1,,13,cupy_copy__float32_float32
2129660912,1696,32708,,,,,,,,,,0.000,2.358,Device,Pageable,NVIDIA A100-SXM4-40GB (0),1,,7,[CUDA memcpy Device-to-Host]
2129720655,15104,32719,1434,1,1,128,1,1,16,0.000,0.000,,,,,NVIDIA A100-SXM4-40GB (0),1,,13,cupy_copy__complex64_complex64
2129748655,2496,32726,103,1,1,128,1,1,16,0.000,0.000,,,,,NVIDIA A100-SXM4-40GB (0),1,,13,cupy_copy__complex64_complex64
2129769711,2176,32733,35,1,1,128,1,1,16,0.000,0.000,,,,,NVIDIA A100-SXM4-40GB (0),1,,13,cupy_copy__complex64_complex64
2129788206,1536,32740,1,1,1,1,1,1,18,0.000,0.000,,,,,NVIDIA A100-SXM4-40GB (0),1,,13,cupy_copy__float32_float32
2129927277,79007,32751,1,1,1,32,32,1,30,0.000,0.000,,,,,NVIDIA A100-SXM4-40GB (0),1,,13,"void convert_kernel<__half2, float2>(tensor_layout_any, T1 *, tensor_layout_any, const T2 *)"
2130035628,11680,32754,,,,,,,,,,0.061,5260.247,Pinned,Device,NVIDIA A100-SXM4-40GB (0),1,,13,[CUDA memcpy Host-to-Device]
2130051915,3232,32755,,,,,,,,,,1.547,478533.199,Device,,NVIDIA A100-SXM4-40GB (0),1,,13,[CUDA memset]
2130058155,10176,32760,,,,,,,,,,0.021,2069.173,Pinned,Device,NVIDIA A100-SXM4-40GB (0),1,,13,[CUDA memcpy Host-to-Device]
2130071307,22752,32761,,,,,,,,,,0.131,5760.877,Pinned,Device,NVIDIA A100-SXM4-40GB (0),1,,13,[CUDA memcpy Host-to-Device]
2130102731,6080,32762,273,1,1,8,4,1,39,0.002,0.000,,,,,NVIDIA A100-SXM4-40GB (0),1,,13,"void channel_eq::eqMmseCoefCompLowMimoKernel<float, float, float, (unsigned int)4, (unsigned int)1, (unsigned int)4>(const channel_eq::_puschRxChEqStatDescr *, channel_eq::_puschRxChEqCoefCompDynDescr)"
2130109867,5120,32763,273,1,1,12,11,1,40,0.002,0.000,,,,,NVIDIA A100-SXM4-40GB (0),1,,13,"void channel_eq::eqMmseSoftDemapKernel<float, __half, __half, float, (unsigned int)4, (unsigned short)16383>(channel_eq::_puschRxChEqStatDescr *, channel_eq::_puschRxChEqSoftDemapDynDescr)"
2130116203,280829,32764,1,1,1,32,32,1,30,0.000,0.000,,,,,NVIDIA A100-SXM4-40GB (0),1,,13,"void convert_kernel<float2, __half2>(tensor_layout_any, T1 *, tensor_layout_any, const T2 *)"
2130398056,12256,32776,2253,1,1,128,1,1,16,0.000,0.000,,,,,NVIDIA A100-SXM4-40GB (0),1,,13,cupy_copy__float16_float16
2130411272,2623,32785,282,1,1,128,1,1,16,0.000,0.000,,,,,NVIDIA A100-SXM4-40GB (0),1,,13,cupy_copy__complex64_complex64
2130414887,1856,32794,26,1,1,128,1,1,16,0.000,0.000,,,,,NVIDIA A100-SXM4-40GB (0),1,,13,cupy_copy__float32_float32
2130417863,2848,32803,103,1,1,128,1,1,16,0.000,0.000,,,,,NVIDIA A100-SXM4-40GB (0),1,,13,cupy_copy__complex64_complex64
2130421639,13888,32813,1434,1,1,128,1,1,16,0.000,0.000,,,,,NVIDIA A100-SXM4-40GB (0),1,,13,cupy_copy__complex64_complex64
2130437927,79519,32818,1,1,1,32,32,1,30,0.000,0.000,,,,,NVIDIA A100-SXM4-40GB (0),1,,13,"void convert_kernel<__half2, float2>(tensor_layout_any, T1 *, tensor_layout_any, const T2 *)"
2130545446,11680,32821,,,,,,,,,,0.061,5260.247,Pinned,Device,NVIDIA A100-SXM4-40GB (0),1,,13,[CUDA memcpy Host-to-Device]
2130567590,587801,32822,,,,,,,,,,456.520,776541.336,Device,,NVIDIA A100-SXM4-40GB (0),1,,13,[CUDA memset]
2131162943,131551,32827,,,,,,,,,,0.825,6273.440,Pinned,Device,NVIDIA A100-SXM4-40GB (0),1,,13,[CUDA memcpy Host-to-Device]
2131296766,22911,32828,,,,,,,,,,0.131,5720.900,Pinned,Device,NVIDIA A100-SXM4-40GB (0),1,,13,[CUDA memcpy Host-to-Device]
2131326365,7136,32829,69,4,1,48,1,1,76,0.002,0.000,,,,,NVIDIA A100-SXM4-40GB (0),1,,13,"void ch_est::windowedChEstPreNoDftSOfdmKernel<float, __half, float, (unsigned int)2, (unsigned int)1, (unsigned short)4>(ch_est::puschRxChEstStatDescr_t *, ch_est::puschRxChEstDynDescr_t *)"
2131335165,5824,32830,137,2,1,24,2,1,44,0.001,0.001,,,,,NVIDIA A100-SXM4-40GB (0),1,,13,"void ch_est::chEstFilterNoDftSOfdmDispatchKernel<float, __half, float, (unsigned int)2>(ch_est::puschRxChEstStatDescr_t *, ch_est::puschRxChEstDynDescr_t *)"
2131342013,4704,32831,137,2,1,24,2,1,44,0.001,0.001,,,,,NVIDIA A100-SXM4-40GB (0),1,,13,"void ch_est::chEstFilterNoDftSOfdmDispatchKernel<float, __half, float, (unsigned int)2>(ch_est::puschRxChEstStatDescr_t *, ch_est::puschRxChEstDynDescr_t *)"
2131347805,2336,32842,103,1,1,128,1,1,16,0.000,0.000,,,,,NVIDIA A100-SXM4-40GB (0),1,,13,cupy_copy__complex64_complex64
2131351165,15264,32852,1434,1,1,128,1,1,16,0.000,0.000,,,,,NVIDIA A100-SXM4-40GB (0),1,,13,cupy_copy__complex64_complex64
2131367421,2240,32859,103,1,1,128,1,1,16,0.000,0.000,,,,,NVIDIA A100-SXM4-40GB (0),1,,13,cupy_copy__complex64_complex64
2131370685,79167,32866,1,1,1,32,32,1,30,0.000,0.000,,,,,NVIDIA A100-SXM4-40GB (0),1,,13,"void convert_kernel<__half2, float2>(tensor_layout_any, T1 *, tensor_layout_any, const T2 *)"
2131477948,11680,32869,,,,,,,,,,0.061,5260.247,Pinned,Device,NVIDIA A100-SXM4-40GB (0),1,,13,[CUDA memcpy Host-to-Device]
2131500443,45600,32870,,,,,,,,,,35.801,785079.252,Device,,NVIDIA A100-SXM4-40GB (0),1,,13,[CUDA memset]
2131548987,2528,32872,,,,,,,,,,0.000,31.646,Pinned,Device,NVIDIA A100-SXM4-40GB (0),1,,13,[CUDA memcpy Host-to-Device]
2131553979,22880,32873,,,,,,,,,,0.131,5728.633,Pinned,Device,NVIDIA A100-SXM4-40GB (0),1,,13,[CUDA memcpy Host-to-Device]
2131586491,8767,32874,273,1,1,48,1,1,40,0.000,0.001,,,,,NVIDIA A100-SXM4-40GB (0),1,,13,"void pusch_noise_intf_est::noiseIntfEstNoDftSOfdmKernel<float, __half, float, float, (unsigned int)2, (unsigned int)1, (unsigned char)4, (unsigned char)4>(pusch_noise_intf_est::puschRxNoiseIntfEstDynDescr)"
2131596282,2624,32885,35,1,1,128,1,1,16,0.000,0.000,,,,,NVIDIA A100-SXM4-40GB (0),1,,13,cupy_copy__complex64_complex64
2131601402,1568,32894,1,1,1,1,1,1,18,0.000,0.000,,,,,NVIDIA A100-SXM4-40GB (0),1,,13,cupy_copy__float32_float32
2131634682,1632,32900,,,,,,,,,,0.000,2.451,Device,Pageable,NVIDIA A100-SXM4-40GB (0),1,,7,[CUDA memcpy Device-to-Host]
2131693817,15104,32911,1434,1,1,128,1,1,16,0.000,0.000,,,,,NVIDIA A100-SXM4-40GB (0),1,,13,cupy_copy__complex64_complex64
2131720985,2528,32918,103,1,1,128,1,1,16,0.000,0.000,,,,,NVIDIA A100-SXM4-40GB (0),1,,13,cupy_copy__complex64_complex64
2131742521,2112,32925,35,1,1,128,1,1,16,0.000,0.000,,,,,NVIDIA A100-SXM4-40GB (0),1,,13,cupy_copy__complex64_complex64
2131765561,1536,32932,1,1,1,1,1,1,18,0.000,0.000,,,,,NVIDIA A100-SXM4-40GB (0),1,,13,cupy_copy__float32_float32
2131899319,79263,32943,1,1,1,32,32,1,30,0.000,0.000,,,,,NVIDIA A100-SXM4-40GB (0),1,,13,"void convert_kernel<__half2, float2>(tensor_layout_any, T1 *, tensor_layout_any, const T2 *)"
2132007542,12416,32946,,,,,,,,,,0.061,4948.439,Pinned,Device,NVIDIA A100-SXM4-40GB (0),1,,13,[CUDA memcpy Host-to-Device]
2132024630,3328,32947,,,,,,,,,,1.547,464729.580,Device,,NVIDIA A100-SXM4-40GB (0),1,,13,[CUDA memset]
2132030294,10208,32952,,,,,,,,,,0.021,2062.688,Pinned,Device,NVIDIA A100-SXM4-40GB (0),1,,13,[CUDA memcpy Host-to-Device]
2132043669,22752,32953,,,,,,,,,,0.131,5760.877,Pinned,Device,NVIDIA A100-SXM4-40GB (0),1,,13,[CUDA memcpy Host-to-Device]
2132075957,6016,32954,273,1,1,8,4,1,39,0.002,0.000,,,,,NVIDIA A100-SXM4-40GB (0),1,,13,"void channel_eq::eqMmseCoefCompLowMimoKernel<float, float, float, (unsigned int)4, (unsigned int)1, (unsigned int)4>(const channel_eq::_puschRxChEqStatDescr *, channel_eq::_puschRxChEqCoefCompDynDescr)"
2132083189,5184,32955,273,1,1,12,11,1,40,0.002,0.000,,,,,NVIDIA A100-SXM4-40GB (0),1,,13,"void channel_eq::eqMmseSoftDemapKernel<float, __half, __half, float, (unsigned int)4, (unsigned short)16383>(channel_eq::_puschRxChEqStatDescr *, channel_eq::_puschRxChEqSoftDemapDynDescr)"
2132089429,281373,32956,1,1,1,32,32,1,30,0.000,0.000,,,,,NVIDIA A100-SXM4-40GB (0),1,,13,"void convert_kernel<float2, __half2>(tensor_layout_any, T1 *, tensor_layout_any, const T2 *)"
2132371762,12256,32968,2253,1,1,128,1,1,16,0.000,0.000,,,,,NVIDIA A100-SXM4-40GB (0),1,,13,cupy_copy__float16_float16
2132385010,2624,32977,282,1,1,128,1,1,16,0.000,0.000,,,,,NVIDIA A100-SXM4-40GB (0),1,,13,cupy_copy__complex64_complex64
2132388594,1888,32986,26,1,1,128,1,1,16,0.000,0.000,,,,,NVIDIA A100-SXM4-40GB (0),1,,13,cupy_copy__float32_float32
2132391538,2848,32995,103,1,1,128,1,1,16,0.000,0.000,,,,,NVIDIA A100-SXM4-40GB (0),1,,13,cupy_copy__complex64_complex64
2132447729,13920,33011,1434,1,1,128,1,1,16,0.000,0.000,,,,,NVIDIA A100-SXM4-40GB (0),1,,13,cupy_copy__complex64_complex64
2132562928,78975,33016,1,1,1,32,32,1,30,0.000,0.000,,,,,NVIDIA A100-SXM4-40GB (0),1,,13,"void convert_kernel<__half2, float2>(tensor_layout_any, T1 *, tensor_layout_any, const T2 *)"
2134082431,11648,33019,,,,,,,,,,0.061,5274.685,Pinned,Device,NVIDIA A100-SXM4-40GB (0),1,,13,[CUDA memcpy Host-to-Device]
2134097887,588473,33020,,,,,,,,,,456.520,775628.296,Device,,NVIDIA A100-SXM4-40GB (0),1,,13,[CUDA memset]
2134687800,131551,33025,,,,,,,,,,0.825,6273.440,Pinned,Device,NVIDIA A100-SXM4-40GB (0),1,,13,[CUDA memcpy Host-to-Device]
2134821463,22944,33026,,,,,,,,,,0.131,5712.642,Pinned,Device,NVIDIA A100-SXM4-40GB (0),1,,13,[CUDA memcpy Host-to-Device]
2134847862,7264,33027,69,4,1,48,1,1,76,0.002,0.000,,,,,NVIDIA A100-SXM4-40GB (0),1,,13,"void ch_est::windowedChEstPreNoDftSOfdmKernel<float, __half, float, (unsigned int)2, (unsigned int)1, (unsigned short)4>(ch_est::puschRxChEstStatDescr_t *, ch_est::puschRxChEstDynDescr_t *)"
2134856822,5920,33028,137,2,1,24,2,1,44,0.001,0.001,,,,,NVIDIA A100-SXM4-40GB (0),1,,13,"void ch_est::chEstFilterNoDftSOfdmDispatchKernel<float, __half, float, (unsigned int)2>(ch_est::puschRxChEstStatDescr_t *, ch_est::puschRxChEstDynDescr_t *)"
2134863766,4736,33029,137,2,1,24,2,1,44,0.001,0.001,,,,,NVIDIA A100-SXM4-40GB (0),1,,13,"void ch_est::chEstFilterNoDftSOfdmDispatchKernel<float, __half, float, (unsigned int)2>(ch_est::puschRxChEstStatDescr_t *, ch_est::puschRxChEstDynDescr_t *)"
2134869622,2752,33040,103,1,1,128,1,1,16,0.000,0.000,,,,,NVIDIA A100-SXM4-40GB (0),1,,13,cupy_copy__complex64_complex64
2134873398,15296,33050,1434,1,1,128,1,1,16,0.000,0.000,,,,,NVIDIA A100-SXM4-40GB (0),1,,13,cupy_copy__complex64_complex64
2134889622,2304,33057,103,1,1,128,1,1,16,0.000,0.000,,,,,NVIDIA A100-SXM4-40GB (0),1,,13,cupy_copy__complex64_complex64
2135113972,79583,33064,1,1,1,32,32,1,30,0.000,0.000,,,,,NVIDIA A100-SXM4-40GB (0),1,,13,"void convert_kernel<__half2, float2>(tensor_layout_any, T1 *, tensor_layout_any, const T2 *)"
2135224946,12128,33067,,,,,,,,,,0.061,5065.912,Pinned,Device,NVIDIA A100-SXM4-40GB (0),1,,13,[CUDA memcpy Host-to-Device]
2135248242,46016,33068,,,,,,,,,,35.801,777990.662,Device,,NVIDIA A100-SXM4-40GB (0),1,,13,[CUDA memset]
2135299825,2112,33070,,,,,,,,,,0.000,37.879,Pinned,Device,NVIDIA A100-SXM4-40GB (0),1,,13,[CUDA memcpy Host-to-Device]
2135304081,22592,33071,,,,,,,,,,0.131,5801.640,Pinned,Device,NVIDIA A100-SXM4-40GB (0),1,,13,[CUDA memcpy Host-to-Device]
2135334289,8736,33072,273,1,1,48,1,1,40,0.000,0.001,,,,,NVIDIA A100-SXM4-40GB (0),1,,13,"void pusch_noise_intf_est::noiseIntfEstNoDftSOfdmKernel<float, __half, float, float, (unsigned int)2, (unsigned int)1, (unsigned char)4, (unsigned char)4>(pusch_noise_intf_est::puschRxNoiseIntfEstDynDescr)"
2135344049,2592,33083,35,1,1,128,1,1,16,0.000,0.000,,,,,NVIDIA A100-SXM4-40GB (0),1,,13,cupy_copy__complex64_complex64
2135356177,1600,33092,1,1,1,1,1,1,18,0.000,0.000,,,,,NVIDIA A100-SXM4-40GB (0),1,,13,cupy_copy__float32_float32
2135392240,1888,33098,,,,,,,,,,0.000,2.119,Device,Pageable,NVIDIA A100-SXM4-40GB (0),1,,7,[CUDA memcpy Device-to-Host]
2135451632,15136,33109,1434,1,1,128,1,1,16,0.000,0.000,,,,,NVIDIA A100-SXM4-40GB (0),1,,13,cupy_copy__complex64_complex64
2135479408,2495,33116,103,1,1,128,1,1,16,0.000,0.000,,,,,NVIDIA A100-SXM4-40GB (0),1,,13,cupy_copy__complex64_complex64
2135505231,2144,33123,35,1,1,128,1,1,16,0.000,0.000,,,,,NVIDIA A100-SXM4-40GB (0),1,,13,cupy_copy__complex64_complex64
2135524687,1568,33130,1,1,1,1,1,1,18,0.000,0.000,,,,,NVIDIA A100-SXM4-40GB (0),1,,13,cupy_copy__float32_float32
2135660462,79103,33141,1,1,1,32,32,1,30,0.000,0.000,,,,,NVIDIA A100-SXM4-40GB (0),1,,13,"void convert_kernel<__half2, float2>(tensor_layout_any, T1 *, tensor_layout_any, const T2 *)"
2135912587,11680,33144,,,,,,,,,,0.061,5260.247,Pinned,Device,NVIDIA A100-SXM4-40GB (0),1,,13,[CUDA memcpy Host-to-Device]
2135931403,3231,33145,,,,,,,,,,1.547,478681.675,Device,,NVIDIA A100-SXM4-40GB (0),1,,13,[CUDA memset]
2135941130,10144,33150,,,,,,,,,,0.021,2075.700,Pinned,Device,NVIDIA A100-SXM4-40GB (0),1,,13,[CUDA memcpy Host-to-Device]
2135954282,22624,33151,,,,,,,,,,0.131,5793.382,Pinned,Device,NVIDIA A100-SXM4-40GB (0),1,,13,[CUDA memcpy Host-to-Device]
2135985546,6080,33152,273,1,1,8,4,1,39,0.002,0.000,,,,,NVIDIA A100-SXM4-40GB (0),1,,13,"void channel_eq::eqMmseCoefCompLowMimoKernel<float, float, float, (unsigned int)4, (unsigned int)1, (unsigned int)4>(const channel_eq::_puschRxChEqStatDescr *, channel_eq::_puschRxChEqCoefCompDynDescr)"
2135992682,5376,33153,273,1,1,12,11,1,40,0.002,0.000,,,,,NVIDIA A100-SXM4-40GB (0),1,,13,"void channel_eq::eqMmseSoftDemapKernel<float, __half, __half, float, (unsigned int)4, (unsigned short)16383>(channel_eq::_puschRxChEqStatDescr *, channel_eq::_puschRxChEqSoftDemapDynDescr)"
2135999146,281309,33154,1,1,1,32,32,1,30,0.000,0.000,,,,,NVIDIA A100-SXM4-40GB (0),1,,13,"void convert_kernel<float2, __half2>(tensor_layout_any, T1 *, tensor_layout_any, const T2 *)"
2136281479,12416,33166,2253,1,1,128,1,1,16,0.000,0.000,,,,,NVIDIA A100-SXM4-40GB (0),1,,13,cupy_copy__float16_float16
2136294950,2592,33175,282,1,1,128,1,1,16,0.000,0.000,,,,,NVIDIA A100-SXM4-40GB (0),1,,13,cupy_copy__complex64_complex64
2136298534,1856,33184,26,1,1,128,1,1,16,0.000,0.000,,,,,NVIDIA A100-SXM4-40GB (0),1,,13,cupy_copy__float32_float32
2136301574,2880,33193,103,1,1,128,1,1,16,0.000,0.000,,,,,NVIDIA A100-SXM4-40GB (0),1,,13,cupy_copy__complex64_complex64
2136305414,14016,33203,1434,1,1,128,1,1,16,0.000,0.000,,,,,NVIDIA A100-SXM4-40GB (0),1,,13,cupy_copy__complex64_complex64
2137761078,79711,33208,1,1,1,32,32,1,30,0.000,0.000,,,,,NVIDIA A100-SXM4-40GB (0),1,,13,"void convert_kernel<__half2, float2>(tensor_layout_any, T1 *, tensor_layout_any, const T2 *)"
2137872437,11744,33211,,,,,,,,,,0.061,5231.555,Pinned,Device,NVIDIA A100-SXM4-40GB (0),1,,13,[CUDA memcpy Host-to-Device]
2137896277,588025,33212,,,,,,,,,,456.520,776084.816,Device,,NVIDIA A100-SXM4-40GB (0),1,,13,[CUDA memset]
2138486510,132223,33217,,,,,,,,,,0.825,6241.251,Pinned,Device,NVIDIA A100-SXM4-40GB (0),1,,13,[CUDA memcpy Host-to-Device]
2138621261,22592,33218,,,,,,,,,,0.131,5801.640,Pinned,Device,NVIDIA A100-SXM4-40GB (0),1,,13,[CUDA memcpy Host-to-Device]
2138653004,7552,33219,69,4,1,48,1,1,76,0.002,0.000,,,,,NVIDIA A100-SXM4-40GB (0),1,,13,"void ch_est::windowedChEstPreNoDftSOfdmKernel<float, __half, float, (unsigned int)2, (unsigned int)1, (unsigned short)4>(ch_est::puschRxChEstStatDescr_t *, ch_est::puschRxChEstDynDescr_t *)"
2138662220,5888,33220,137,2,1,24,2,1,44,0.001,0.001,,,,,NVIDIA A100-SXM4-40GB (0),1,,13,"void ch_est::chEstFilterNoDftSOfdmDispatchKernel<float, __half, float, (unsigned int)2>(ch_est::puschRxChEstStatDescr_t *, ch_est::puschRxChEstDynDescr_t *)"
2138669196,4704,33221,137,2,1,24,2,1,44,0.001,0.001,,,,,NVIDIA A100-SXM4-40GB (0),1,,13,"void ch_est::chEstFilterNoDftSOfdmDispatchKernel<float, __half, float, (unsigned int)2>(ch_est::puschRxChEstStatDescr_t *, ch_est::puschRxChEstDynDescr_t *)"
2138674988,2336,33232,103,1,1,128,1,1,16,0.000,0.000,,,,,NVIDIA A100-SXM4-40GB (0),1,,13,cupy_copy__complex64_complex64
2138678508,15328,33242,1434,1,1,128,1,1,16,0.000,0.000,,,,,NVIDIA A100-SXM4-40GB (0),1,,13,cupy_copy__complex64_complex64
2138694796,2240,33249,103,1,1,128,1,1,16,0.000,0.000,,,,,NVIDIA A100-SXM4-40GB (0),1,,13,cupy_copy__complex64_complex64
2138698252,78559,33256,1,1,1,32,32,1,30,0.000,0.000,,,,,NVIDIA A100-SXM4-40GB (0),1,,13,"void convert_kernel<__half2, float2>(tensor_layout_any, T1 *, tensor_layout_any, const T2 *)"
2138805483,11776,33259,,,,,,,,,,0.061,5217.362,Pinned,Device,NVIDIA A100-SXM4-40GB (0),1,,13,[CUDA memcpy Host-to-Device]
2138828107,45791,33260,,,,,,,,,,35.801,781821.364,Device,,NVIDIA A100-SXM4-40GB (0),1,,13,[CUDA memset]
2138877674,2336,33262,,,,,,,,,,0.000,34.247,Pinned,Device,NVIDIA A100-SXM4-40GB (0),1,,13,[CUDA memcpy Host-to-Device]
2138882122,22816,33263,,,,,,,,,,0.131,5744.624,Pinned,Device,NVIDIA A100-SXM4-40GB (0),1,,13,[CUDA memcpy Host-to-Device]
2138912106,8671,33264,273,1,1,48,1,1,40,0.000,0.001,,,,,NVIDIA A100-SXM4-40GB (0),1,,13,"void pusch_noise_intf_est::noiseIntfEstNoDftSOfdmKernel<float, __half, float, float, (unsigned int)2, (unsigned int)1, (unsigned char)4, (unsigned char)4>(pusch_noise_intf_est::puschRxNoiseIntfEstDynDescr)"
2138921897,2656,33275,35,1,1,128,1,1,16,0.000,0.000,,,,,NVIDIA A100-SXM4-40GB (0),1,,13,cupy_copy__complex64_complex64
2138930697,1568,33284,1,1,1,1,1,1,18,0.000,0.000,,,,,NVIDIA A100-SXM4-40GB (0),1,,13,cupy_copy__float32_float32
2138966921,2112,33290,,,,,,,,,,0.000,1.894,Device,Pageable,NVIDIA A100-SXM4-40GB (0),1,,7,[CUDA memcpy Device-to-Host]
2139027016,15296,33301,1434,1,1,128,1,1,16,0.000,0.000,,,,,NVIDIA A100-SXM4-40GB (0),1,,13,cupy_copy__complex64_complex64
2139059016,2528,33308,103,1,1,128,1,1,16,0.000,0.000,,,,,NVIDIA A100-SXM4-40GB (0),1,,13,cupy_copy__complex64_complex64
2139080616,2112,33315,35,1,1,128,1,1,16,0.000,0.000,,,,,NVIDIA A100-SXM4-40GB (0),1,,13,cupy_copy__complex64_complex64
2139100488,1535,33322,1,1,1,1,1,1,18,0.000,0.000,,,,,NVIDIA A100-SXM4-40GB (0),1,,13,cupy_copy__float32_float32
2139235334,79007,33333,1,1,1,32,32,1,30,0.000,0.000,,,,,NVIDIA A100-SXM4-40GB (0),1,,13,"void convert_kernel<__half2, float2>(tensor_layout_any, T1 *, tensor_layout_any, const T2 *)"
2139342437,12128,33336,,,,,,,,,,0.061,5065.912,Pinned,Device,NVIDIA A100-SXM4-40GB (0),1,,13,[CUDA memcpy Host-to-Device]
2139359013,3360,33337,,,,,,,,,,1.547,460304.688,Device,,NVIDIA A100-SXM4-40GB (0),1,,13,[CUDA memset]
2139364773,10175,33342,,,,,,,,,,0.021,2069.384,Pinned,Device,NVIDIA A100-SXM4-40GB (0),1,,13,[CUDA memcpy Host-to-Device]
2139378500,22784,33343,,,,,,,,,,0.131,5752.750,Pinned,Device,NVIDIA A100-SXM4-40GB (0),1,,13,[CUDA memcpy Host-to-Device]
2139410756,6080,33344,273,1,1,8,4,1,39,0.002,0.000,,,,,NVIDIA A100-SXM4-40GB (0),1,,13,"void channel_eq::eqMmseCoefCompLowMimoKernel<float, float, float, (unsigned int)4, (unsigned int)1, (unsigned int)4>(const channel_eq::_puschRxChEqStatDescr *, channel_eq::_puschRxChEqCoefCompDynDescr)"
2139417892,5152,33345,273,1,1,12,11,1,40,0.002,0.000,,,,,NVIDIA A100-SXM4-40GB (0),1,,13,"void channel_eq::eqMmseSoftDemapKernel<float, __half, __half, float, (unsigned int)4, (unsigned short)16383>(channel_eq::_puschRxChEqStatDescr *, channel_eq::_puschRxChEqSoftDemapDynDescr)"
2139424228,280989,33346,1,1,1,32,32,1,30,0.000,0.000,,,,,NVIDIA A100-SXM4-40GB (0),1,,13,"void convert_kernel<float2, __half2>(tensor_layout_any, T1 *, tensor_layout_any, const T2 *)"
2139706273,12320,33358,2253,1,1,128,1,1,16,0.000,0.000,,,,,NVIDIA A100-SXM4-40GB (0),1,,13,cupy_copy__float16_float16
2139719553,2624,33367,282,1,1,128,1,1,16,0.000,0.000,,,,,NVIDIA A100-SXM4-40GB (0),1,,13,cupy_copy__complex64_complex64
2139723169,1888,33376,26,1,1,128,1,1,16,0.000,0.000,,,,,NVIDIA A100-SXM4-40GB (0),1,,13,cupy_copy__float32_float32
2139726113,2880,33385,103,1,1,128,1,1,16,0.000,0.000,,,,,NVIDIA A100-SXM4-40GB (0),1,,13,cupy_copy__complex64_complex64
2139729953,14175,33395,1434,1,1,128,1,1,16,0.000,0.000,,,,,NVIDIA A100-SXM4-40GB (0),1,,13,cupy_copy__complex64_complex64
2139745216,78720,33400,1,1,1,32,32,1,30,0.000,0.000,,,,,NVIDIA A100-SXM4-40GB (0),1,,13,"void convert_kernel<__half2, float2>(tensor_layout_any, T1 *, tensor_layout_any, const T2 *)"
2139852223,11648,33403,,,,,,,,,,0.061,5274.685,Pinned,Device,NVIDIA A100-SXM4-40GB (0),1,,13,[CUDA memcpy Host-to-Device]
2139874623,587833,33404,,,,,,,,,,456.520,776541.336,Device,,NVIDIA A100-SXM4-40GB (0),1,,13,[CUDA memset]
2140466904,131743,33409,,,,,,,,,,0.825,6264.361,Pinned,Device,NVIDIA A100-SXM4-40GB (0),1,,13,[CUDA memcpy Host-to-Device]
2140600823,22592,33410,,,,,,,,,,0.131,5801.640,Pinned,Device,NVIDIA A100-SXM4-40GB (0),1,,13,[CUDA memcpy Host-to-Device]
2140633399,7391,33411,69,4,1,48,1,1,76,0.002,0.000,,,,,NVIDIA A100-SXM4-40GB (0),1,,13,"void ch_est::windowedChEstPreNoDftSOfdmKernel<float, __half, float, (unsigned int)2, (unsigned int)1, (unsigned short)4>(ch_est::puschRxChEstStatDescr_t *, ch_est::puschRxChEstDynDescr_t *)"
2140642326,6048,33412,137,2,1,24,2,1,44,0.001,0.001,,,,,NVIDIA A100-SXM4-40GB (0),1,,13,"void ch_est::chEstFilterNoDftSOfdmDispatchKernel<float, __half, float, (unsigned int)2>(ch_est::puschRxChEstStatDescr_t *, ch_est::puschRxChEstDynDescr_t *)"
2140649334,4704,33413,137,2,1,24,2,1,44,0.001,0.001,,,,,NVIDIA A100-SXM4-40GB (0),1,,13,"void ch_est::chEstFilterNoDftSOfdmDispatchKernel<float, __half, float, (unsigned int)2>(ch_est::puschRxChEstStatDescr_t *, ch_est::puschRxChEstDynDescr_t *)"
2140655158,2336,33424,103,1,1,128,1,1,16,0.000,0.000,,,,,NVIDIA A100-SXM4-40GB (0),1,,13,cupy_copy__complex64_complex64
2140658518,15360,33434,1434,1,1,128,1,1,16,0.000,0.000,,,,,NVIDIA A100-SXM4-40GB (0),1,,13,cupy_copy__complex64_complex64
2140675062,2304,33441,103,1,1,128,1,1,16,0.000,0.000,,,,,NVIDIA A100-SXM4-40GB (0),1,,13,cupy_copy__complex64_complex64
2140678454,78527,33448,1,1,1,32,32,1,30,0.000,0.000,,,,,NVIDIA A100-SXM4-40GB (0),1,,13,"void convert_kernel<__half2, float2>(tensor_layout_any, T1 *, tensor_layout_any, const T2 *)"
2140785173,11872,33451,,,,,,,,,,0.061,5175.153,Pinned,Device,NVIDIA A100-SXM4-40GB (0),1,,13,[CUDA memcpy Host-to-Device]
2140807477,45983,33452,,,,,,,,,,35.801,778563.477,Device,,NVIDIA A100-SXM4-40GB (0),1,,13,[CUDA memset]
2140859060,2080,33454,,,,,,,,,,0.000,38.462,Pinned,Device,NVIDIA A100-SXM4-40GB (0),1,,13,[CUDA memcpy Host-to-Device]
2140863252,22624,33455,,,,,,,,,,0.131,5793.382,Pinned,Device,NVIDIA A100-SXM4-40GB (0),1,,13,[CUDA memcpy Host-to-Device]
2140894516,8896,33456,273,1,1,48,1,1,40,0.000,0.001,,,,,NVIDIA A100-SXM4-40GB (0),1,,13,"void pusch_noise_intf_est::noiseIntfEstNoDftSOfdmKernel<float, __half, float, float, (unsigned int)2, (unsigned int)1, (unsigned char)4, (unsigned char)4>(pusch_noise_intf_est::puschRxNoiseIntfEstDynDescr)"
2140904628,2592,33467,35,1,1,128,1,1,16,0.000,0.000,,,,,NVIDIA A100-SXM4-40GB (0),1,,13,cupy_copy__complex64_complex64
2140908372,1568,33476,1,1,1,1,1,1,18,0.000,0.000,,,,,NVIDIA A100-SXM4-40GB (0),1,,13,cupy_copy__float32_float32
2140941331,1600,33482,,,,,,,,,,0.000,2.500,Device,Pageable,NVIDIA A100-SXM4-40GB (0),1,,7,[CUDA memcpy Device-to-Host]
2141003698,15264,33493,1434,1,1,128,1,1,16,0.000,0.000,,,,,NVIDIA A100-SXM4-40GB (0),1,,13,cupy_copy__complex64_complex64
2141030674,2528,33500,103,1,1,128,1,1,16,0.000,0.000,,,,,NVIDIA A100-SXM4-40GB (0),1,,13,cupy_copy__complex64_complex64
2141052242,2144,33507,35,1,1,128,1,1,16,0.000,0.000,,,,,NVIDIA A100-SXM4-40GB (0),1,,13,cupy_copy__complex64_complex64
2141071058,1536,33514,1,1,1,1,1,1,18,0.000,0.000,,,,,NVIDIA A100-SXM4-40GB (0),1,,13,cupy_copy__float32_float32
2141205872,79071,33525,1,1,1,32,32,1,30,0.000,0.000,,,,,NVIDIA A100-SXM4-40GB (0),1,,13,"void convert_kernel<__half2, float2>(tensor_layout_any, T1 *, tensor_layout_any, const T2 *)"
2141490701,12256,33528,,,,,,,,,,0.061,5013.012,Pinned,Device,NVIDIA A100-SXM4-40GB (0),1,,13,[CUDA memcpy Host-to-Device]
2141508141,3296,33529,,,,,,,,,,1.547,469242.628,Device,,NVIDIA A100-SXM4-40GB (0),1,,13,[CUDA memset]
2141519501,10784,33534,,,,,,,,,,0.021,1952.502,Pinned,Device,NVIDIA A100-SXM4-40GB (0),1,,13,[CUDA memcpy Host-to-Device]
2141532397,22879,33535,,,,,,,,,,0.131,5728.895,Pinned,Device,NVIDIA A100-SXM4-40GB (0),1,,13,[CUDA memcpy Host-to-Device]
2141564236,6048,33536,273,1,1,8,4,1,39,0.002,0.000,,,,,NVIDIA A100-SXM4-40GB (0),1,,13,"void channel_eq::eqMmseCoefCompLowMimoKernel<float, float, float, (unsigned int)4, (unsigned int)1, (unsigned int)4>(const channel_eq::_puschRxChEqStatDescr *, channel_eq::_puschRxChEqCoefCompDynDescr)"
2141571372,5152,33537,273,1,1,12,11,1,40,0.002,0.000,,,,,NVIDIA A100-SXM4-40GB (0),1,,13,"void channel_eq::eqMmseSoftDemapKernel<float, __half, __half, float, (unsigned int)4, (unsigned short)16383>(channel_eq::_puschRxChEqStatDescr *, channel_eq::_puschRxChEqSoftDemapDynDescr)"
2141577644,280957,33538,1,1,1,32,32,1,30,0.000,0.000,,,,,NVIDIA A100-SXM4-40GB (0),1,,13,"void convert_kernel<float2, __half2>(tensor_layout_any, T1 *, tensor_layout_any, const T2 *)"
2141859689,12320,33550,2253,1,1,128,1,1,16,0.000,0.000,,,,,NVIDIA A100-SXM4-40GB (0),1,,13,cupy_copy__float16_float16
2141873193,2592,33559,282,1,1,128,1,1,16,0.000,0.000,,,,,NVIDIA A100-SXM4-40GB (0),1,,13,cupy_copy__complex64_complex64
2141876809,1856,33568,26,1,1,128,1,1,16,0.000,0.000,,,,,NVIDIA A100-SXM4-40GB (0),1,,13,cupy_copy__float32_float32
2141879753,2880,33577,103,1,1,128,1,1,16,0.000,0.000,,,,,NVIDIA A100-SXM4-40GB (0),1,,13,cupy_copy__complex64_complex64
2141883561,13792,33587,1434,1,1,128,1,1,16,0.000,0.000,,,,,NVIDIA A100-SXM4-40GB (0),1,,13,cupy_copy__complex64_complex64
2142473058,79615,33592,1,1,1,32,32,1,30,0.000,0.000,,,,,NVIDIA A100-SXM4-40GB (0),1,,13,"void convert_kernel<__half2, float2>(tensor_layout_any, T1 *, tensor_layout_any, const T2 *)"
2142583777,11680,33595,,,,,,,,,,0.061,5260.247,Pinned,Device,NVIDIA A100-SXM4-40GB (0),1,,13,[CUDA memcpy Host-to-Device]
2142605601,587481,33596,,,,,,,,,,456.520,776997.857,Device,,NVIDIA A100-SXM4-40GB (0),1,,13,[CUDA memset]
2143195834,131551,33601,,,,,,,,,,0.825,6273.440,Pinned,Device,NVIDIA A100-SXM4-40GB (0),1,,13,[CUDA memcpy Host-to-Device]
2143329529,22912,33602,,,,,,,,,,0.131,5720.637,Pinned,Device,NVIDIA A100-SXM4-40GB (0),1,,13,[CUDA memcpy Host-to-Device]
2143361336,7104,33603,69,4,1,48,1,1,76,0.002,0.000,,,,,NVIDIA A100-SXM4-40GB (0),1,,13,"void ch_est::windowedChEstPreNoDftSOfdmKernel<float, __half, float, (unsigned int)2, (unsigned int)1, (unsigned short)4>(ch_est::puschRxChEstStatDescr_t *, ch_est::puschRxChEstDynDescr_t *)"
2143370040,5856,33604,137,2,1,24,2,1,44,0.001,0.001,,,,,NVIDIA A100-SXM4-40GB (0),1,,13,"void ch_est::chEstFilterNoDftSOfdmDispatchKernel<float, __half, float, (unsigned int)2>(ch_est::puschRxChEstStatDescr_t *, ch_est::puschRxChEstDynDescr_t *)"
2143377112,4736,33605,137,2,1,24,2,1,44,0.001,0.001,,,,,NVIDIA A100-SXM4-40GB (0),1,,13,"void ch_est::chEstFilterNoDftSOfdmDispatchKernel<float, __half, float, (unsigned int)2>(ch_est::puschRxChEstStatDescr_t *, ch_est::puschRxChEstDynDescr_t *)"
2143382904,2336,33616,103,1,1,128,1,1,16,0.000,0.000,,,,,NVIDIA A100-SXM4-40GB (0),1,,13,cupy_copy__complex64_complex64
2143386296,15232,33626,1434,1,1,128,1,1,16,0.000,0.000,,,,,NVIDIA A100-SXM4-40GB (0),1,,13,cupy_copy__complex64_complex64
2143402552,2240,33633,103,1,1,128,1,1,16,0.000,0.000,,,,,NVIDIA A100-SXM4-40GB (0),1,,13,cupy_copy__complex64_complex64
2143405784,79359,33640,1,1,1,32,32,1,30,0.000,0.000,,,,,NVIDIA A100-SXM4-40GB (0),1,,13,"void convert_kernel<__half2, float2>(tensor_layout_any, T1 *, tensor_layout_any, const T2 *)"
2145119877,11712,33643,,,,,,,,,,0.061,5245.870,Pinned,Device,NVIDIA A100-SXM4-40GB (0),1,,13,[CUDA memcpy Host-to-Device]
2145135877,46527,33644,,,,,,,,,,35.801,769434.232,Device,,NVIDIA A100-SXM4-40GB (0),1,,13,[CUDA memset]
2145186468,2848,33646,,,,,,,,,,0.000,28.090,Pinned,Device,NVIDIA A100-SXM4-40GB (0),1,,13,[CUDA memcpy Host-to-Device]
2145192260,23296,33647,,,,,,,,,,0.131,5626.266,Pinned,Device,NVIDIA A100-SXM4-40GB (0),1,,13,[CUDA memcpy Host-to-Device]
2145223972,9408,33648,273,1,1,48,1,1,40,0.000,0.001,,,,,NVIDIA A100-SXM4-40GB (0),1,,13,"void pusch_noise_intf_est::noiseIntfEstNoDftSOfdmKernel<float, __half, float, float, (unsigned int)2, (unsigned int)1, (unsigned char)4, (unsigned char)4>(pusch_noise_intf_est::puschRxNoiseIntfEstDynDescr)"
2145234628,2592,33659,35,1,1,128,1,1,16,0.000,0.000,,,,,NVIDIA A100-SXM4-40GB (0),1,,13,cupy_copy__complex64_complex64
2145238308,1568,33668,1,1,1,1,1,1,18,0.000,0.000,,,,,NVIDIA A100-SXM4-40GB (0),1,,13,cupy_copy__float32_float32
2145275459,1792,33674,,,,,,,,,,0.000,2.232,Device,Pageable,NVIDIA A100-SXM4-40GB (0),1,,7,[CUDA memcpy Device-to-Host]
2145336579,15423,33685,1434,1,1,128,1,1,16,0.000,0.000,,,,,NVIDIA A100-SXM4-40GB (0),1,,13,cupy_copy__complex64_complex64
2145364770,2464,33692,103,1,1,128,1,1,16,0.000,0.000,,,,,NVIDIA A100-SXM4-40GB (0),1,,13,cupy_copy__complex64_complex64
2145385954,2112,33699,35,1,1,128,1,1,16,0.000,0.000,,,,,NVIDIA A100-SXM4-40GB (0),1,,13,cupy_copy__complex64_complex64
2145419650,1536,33706,1,1,1,1,1,1,18,0.000,0.000,,,,,NVIDIA A100-SXM4-40GB (0),1,,13,cupy_copy__float32_float32
2146107418,79327,33717,1,1,1,32,32,1,30,0.000,0.000,,,,,NVIDIA A100-SXM4-40GB (0),1,,13,"void convert_kernel<__half2, float2>(tensor_layout_any, T1 *, tensor_layout_any, const T2 *)"
2146218713,11936,33720,,,,,,,,,,0.061,5147.443,Pinned,Device,NVIDIA A100-SXM4-40GB (0),1,,13,[CUDA memcpy Host-to-Device]
2146237561,3328,33721,,,,,,,,,,1.547,464729.580,Device,,NVIDIA A100-SXM4-40GB (0),1,,13,[CUDA memset]
2146244281,10111,33726,,,,,,,,,,0.021,2082.481,Pinned,Device,NVIDIA A100-SXM4-40GB (0),1,,13,[CUDA memcpy Host-to-Device]
2146257400,22880,33727,,,,,,,,,,0.131,5728.633,Pinned,Device,NVIDIA A100-SXM4-40GB (0),1,,13,[CUDA memcpy Host-to-Device]
2146288920,6016,33728,273,1,1,8,4,1,39,0.002,0.000,,,,,NVIDIA A100-SXM4-40GB (0),1,,13,"void channel_eq::eqMmseCoefCompLowMimoKernel<float, float, float, (unsigned int)4, (unsigned int)1, (unsigned int)4>(const channel_eq::_puschRxChEqStatDescr *, channel_eq::_puschRxChEqCoefCompDynDescr)"
2146296024,5248,33729,273,1,1,12,11,1,40,0.002,0.000,,,,,NVIDIA A100-SXM4-40GB (0),1,,13,"void channel_eq::eqMmseSoftDemapKernel<float, __half, __half, float, (unsigned int)4, (unsigned short)16383>(channel_eq::_puschRxChEqStatDescr *, channel_eq::_puschRxChEqSoftDemapDynDescr)"
2146302264,280701,33730,1,1,1,32,32,1,30,0.000,0.000,,,,,NVIDIA A100-SXM4-40GB (0),1,,13,"void convert_kernel<float2, __half2>(tensor_layout_any, T1 *, tensor_layout_any, const T2 *)"
2146583989,12224,33742,2253,1,1,128,1,1,16,0.000,0.000,,,,,NVIDIA A100-SXM4-40GB (0),1,,13,cupy_copy__float16_float16
2146597141,2656,33751,282,1,1,128,1,1,16,0.000,0.000,,,,,NVIDIA A100-SXM4-40GB (0),1,,13,cupy_copy__complex64_complex64
2146600821,1888,33760,26,1,1,128,1,1,16,0.000,0.000,,,,,NVIDIA A100-SXM4-40GB (0),1,,13,cupy_copy__float32_float32
2146603765,2848,33769,103,1,1,128,1,1,16,0.000,0.000,,,,,NVIDIA A100-SXM4-40GB (0),1,,13,cupy_copy__complex64_complex64
2146607605,14079,33779,1434,1,1,128,1,1,16,0.000,0.000,,,,,NVIDIA A100-SXM4-40GB (0),1,,13,cupy_copy__complex64_complex64
2146635604,79199,33784,1,1,1,32,32,1,30,0.000,0.000,,,,,NVIDIA A100-SXM4-40GB (0),1,,13,"void convert_kernel<__half2, float2>(tensor_layout_any, T1 *, tensor_layout_any, const T2 *)"
2146743187,11680,33787,,,,,,,,,,0.061,5260.247,Pinned,Device,NVIDIA A100-SXM4-40GB (0),1,,13,[CUDA memcpy Host-to-Device]
2146765043,587449,33788,,,,,,,,,,456.520,776997.857,Device,,NVIDIA A100-SXM4-40GB (0),1,,13,[CUDA memset]
2147359372,131871,33793,,,,,,,,,,0.825,6258.584,Pinned,Device,NVIDIA A100-SXM4-40GB (0),1,,13,[CUDA memcpy Host-to-Device]
2147493707,22592,33794,,,,,,,,,,0.131,5801.640,Pinned,Device,NVIDIA A100-SXM4-40GB (0),1,,13,[CUDA memcpy Host-to-Device]
2147526890,7552,33795,69,4,1,48,1,1,76,0.002,0.000,,,,,NVIDIA A100-SXM4-40GB (0),1,,13,"void ch_est::windowedChEstPreNoDftSOfdmKernel<float, __half, float, (unsigned int)2, (unsigned int)1, (unsigned short)4>(ch_est::puschRxChEstStatDescr_t *, ch_est::puschRxChEstDynDescr_t *)"
2147536106,5696,33796,137,2,1,24,2,1,44,0.001,0.001,,,,,NVIDIA A100-SXM4-40GB (0),1,,13,"void ch_est::chEstFilterNoDftSOfdmDispatchKernel<float, __half, float, (unsigned int)2>(ch_est::puschRxChEstStatDescr_t *, ch_est::puschRxChEstDynDescr_t *)"
2147542826,4736,33797,137,2,1,24,2,1,44,0.001,0.001,,,,,NVIDIA A100-SXM4-40GB (0),1,,13,"void ch_est::chEstFilterNoDftSOfdmDispatchKernel<float, __half, float, (unsigned int)2>(ch_est::puschRxChEstStatDescr_t *, ch_est::puschRxChEstDynDescr_t *)"
2147548522,2336,33808,103,1,1,128,1,1,16,0.000,0.000,,,,,NVIDIA A100-SXM4-40GB (0),1,,13,cupy_copy__complex64_complex64
2147551882,15264,33818,1434,1,1,128,1,1,16,0.000,0.000,,,,,NVIDIA A100-SXM4-40GB (0),1,,13,cupy_copy__complex64_complex64
2147568074,2304,33825,103,1,1,128,1,1,16,0.000,0.000,,,,,NVIDIA A100-SXM4-40GB (0),1,,13,cupy_copy__complex64_complex64
2147571434,79359,33832,1,1,1,32,32,1,30,0.000,0.000,,,,,NVIDIA A100-SXM4-40GB (0),1,,13,"void convert_kernel<__half2, float2>(tensor_layout_any, T1 *, tensor_layout_any, const T2 *)"
2147678985,11712,33835,,,,,,,,,,0.061,5245.870,Pinned,Device,NVIDIA A100-SXM4-40GB (0),1,,13,[CUDA memcpy Host-to-Device]
2147700968,46016,33836,,,,,,,,,,35.801,777990.662,Device,,NVIDIA A100-SXM4-40GB (0),1,,13,[CUDA memset]
2147753608,2048,33838,,,,,,,,,,0.000,39.062,Pinned,Device,NVIDIA A100-SXM4-40GB (0),1,,13,[CUDA memcpy Host-to-Device]
2147758280,23328,33839,,,,,,,,,,0.131,5618.532,Pinned,Device,NVIDIA A100-SXM4-40GB (0),1,,13,[CUDA memcpy Host-to-Device]
2147785960,8703,33840,273,1,1,48,1,1,40,0.000,0.001,,,,,NVIDIA A100-SXM4-40GB (0),1,,13,"void pusch_noise_intf_est::noiseIntfEstNoDftSOfdmKernel<float, __half, float, float, (unsigned int)2, (unsigned int)1, (unsigned char)4, (unsigned char)4>(pusch_noise_intf_est::puschRxNoiseIntfEstDynDescr)"
2147795751,2752,33851,35,1,1,128,1,1,16,0.000,0.000,,,,,NVIDIA A100-SXM4-40GB (0),1,,13,cupy_copy__complex64_complex64
2147806759,1600,33860,1,1,1,1,1,1,18,0.000,0.000,,,,,NVIDIA A100-SXM4-40GB (0),1,,13,cupy_copy__float32_float32
2147842023,1792,33866,,,,,,,,,,0.000,2.232,Device,Pageable,NVIDIA A100-SXM4-40GB (0),1,,7,[CUDA memcpy Device-to-Host]
2147903142,15232,33877,1434,1,1,128,1,1,16,0.000,0.000,,,,,NVIDIA A100-SXM4-40GB (0),1,,13,cupy_copy__complex64_complex64
2147930374,2496,33884,103,1,1,128,1,1,16,0.000,0.000,,,,,NVIDIA A100-SXM4-40GB (0),1,,13,cupy_copy__complex64_complex64
2147951782,2144,33891,35,1,1,128,1,1,16,0.000,0.000,,,,,NVIDIA A100-SXM4-40GB (0),1,,13,cupy_copy__complex64_complex64
2147970213,1568,33898,1,1,1,1,1,1,18,0.000,0.000,,,,,NVIDIA A100-SXM4-40GB (0),1,,13,cupy_copy__float32_float32
2148104196,78879,33909,1,1,1,32,32,1,30,0.000,0.000,,,,,NVIDIA A100-SXM4-40GB (0),1,,13,"void convert_kernel<__half2, float2>(tensor_layout_any, T1 *, tensor_layout_any, const T2 *)"
2148212035,12192,33912,,,,,,,,,,0.061,5039.309,Pinned,Device,NVIDIA A100-SXM4-40GB (0),1,,13,[CUDA memcpy Host-to-Device]
2148228259,3296,33913,,,,,,,,,,1.547,469242.628,Device,,NVIDIA A100-SXM4-40GB (0),1,,13,[CUDA memset]
2148234051,10143,33918,,,,,,,,,,0.021,2075.911,Pinned,Device,NVIDIA A100-SXM4-40GB (0),1,,13,[CUDA memcpy Host-to-Device]
2148247106,22816,33919,,,,,,,,,,0.131,5744.624,Pinned,Device,NVIDIA A100-SXM4-40GB (0),1,,13,[CUDA memcpy Host-to-Device]
2148279554,6112,33920,273,1,1,8,4,1,39,0.002,0.000,,,,,NVIDIA A100-SXM4-40GB (0),1,,13,"void channel_eq::eqMmseCoefCompLowMimoKernel<float, float, float, (unsigned int)4, (unsigned int)1, (unsigned int)4>(const channel_eq::_puschRxChEqStatDescr *, channel_eq::_puschRxChEqCoefCompDynDescr)"
2148286722,5152,33921,273,1,1,12,11,1,40,0.002,0.000,,,,,NVIDIA A100-SXM4-40GB (0),1,,13,"void channel_eq::eqMmseSoftDemapKernel<float, __half, __half, float, (unsigned int)4, (unsigned short)16383>(channel_eq::_puschRxChEqStatDescr *, channel_eq::_puschRxChEqSoftDemapDynDescr)"
2148293090,281085,33922,1,1,1,32,32,1,30,0.000,0.000,,,,,NVIDIA A100-SXM4-40GB (0),1,,13,"void convert_kernel<float2, __half2>(tensor_layout_any, T1 *, tensor_layout_any, const T2 *)"
2148575103,12416,33934,2253,1,1,128,1,1,16,0.000,0.000,,,,,NVIDIA A100-SXM4-40GB (0),1,,13,cupy_copy__float16_float16
2148588447,2592,33943,282,1,1,128,1,1,16,0.000,0.000,,,,,NVIDIA A100-SXM4-40GB (0),1,,13,cupy_copy__complex64_complex64
2148592031,1856,33952,26,1,1,128,1,1,16,0.000,0.000,,,,,NVIDIA A100-SXM4-40GB (0),1,,13,cupy_copy__float32_float32
2148595071,2912,33961,103,1,1,128,1,1,16,0.000,0.000,,,,,NVIDIA A100-SXM4-40GB (0),1,,13,cupy_copy__complex64_complex64
2148598879,13823,33971,1434,1,1,128,1,1,16,0.000,0.000,,,,,NVIDIA A100-SXM4-40GB (0),1,,13,cupy_copy__complex64_complex64
2148614206,79424,33976,1,1,1,32,32,1,30,0.000,0.000,,,,,NVIDIA A100-SXM4-40GB (0),1,,13,"void convert_kernel<__half2, float2>(tensor_layout_any, T1 *, tensor_layout_any, const T2 *)"
2148722237,11680,33979,,,,,,,,,,0.061,5260.247,Pinned,Device,NVIDIA A100-SXM4-40GB (0),1,,13,[CUDA memcpy Host-to-Device]
2148744413,587929,33980,,,,,,,,,,456.520,776084.816,Device,,NVIDIA A100-SXM4-40GB (0),1,,13,[CUDA memset]
2149334614,135295,33985,,,,,,,,,,0.825,6100.118,Pinned,Device,NVIDIA A100-SXM4-40GB (0),1,,13,[CUDA memcpy Host-to-Device]
2149472597,23584,33986,,,,,,,,,,0.131,5557.584,Pinned,Device,NVIDIA A100-SXM4-40GB (0),1,,13,[CUDA memcpy Host-to-Device]
2149502197,7167,33987,69,4,1,48,1,1,76,0.002,0.000,,,,,NVIDIA A100-SXM4-40GB (0),1,,13,"void ch_est::windowedChEstPreNoDftSOfdmKernel<float, __half, float, (unsigned int)2, (unsigned int)1, (unsigned short)4>(ch_est::puschRxChEstStatDescr_t *, ch_est::puschRxChEstDynDescr_t *)"
2149510932,5952,33988,137,2,1,24,2,1,44,0.001,0.001,,,,,NVIDIA A100-SXM4-40GB (0),1,,13,"void ch_est::chEstFilterNoDftSOfdmDispatchKernel<float, __half, float, (unsigned int)2>(ch_est::puschRxChEstStatDescr_t *, ch_est::puschRxChEstDynDescr_t *)"
2149517876,4736,33989,137,2,1,24,2,1,44,0.001,0.001,,,,,NVIDIA A100-SXM4-40GB (0),1,,13,"void ch_est::chEstFilterNoDftSOfdmDispatchKernel<float, __half, float, (unsigned int)2>(ch_est::puschRxChEstStatDescr_t *, ch_est::puschRxChEstDynDescr_t *)"
2149523700,2336,34000,103,1,1,128,1,1,16,0.000,0.000,,,,,NVIDIA A100-SXM4-40GB (0),1,,13,cupy_copy__complex64_complex64
2149527124,15136,34010,1434,1,1,128,1,1,16,0.000,0.000,,,,,NVIDIA A100-SXM4-40GB (0),1,,13,cupy_copy__complex64_complex64
2149543476,2240,34017,103,1,1,128,1,1,16,0.000,0.000,,,,,NVIDIA A100-SXM4-40GB (0),1,,13,cupy_copy__complex64_complex64
2149546932,79039,34024,1,1,1,32,32,1,30,0.000,0.000,,,,,NVIDIA A100-SXM4-40GB (0),1,,13,"void convert_kernel<__half2, float2>(tensor_layout_any, T1 *, tensor_layout_any, const T2 *)"
2149801873,11904,34027,,,,,,,,,,0.061,5161.267,Pinned,Device,NVIDIA A100-SXM4-40GB (0),1,,13,[CUDA memcpy Host-to-Device]
2149824721,46271,34028,,,,,,,,,,35.801,773694.547,Device,,NVIDIA A100-SXM4-40GB (0),1,,13,[CUDA memset]
2149877360,2656,34030,,,,,,,,,,0.000,30.120,Pinned,Device,NVIDIA A100-SXM4-40GB (0),1,,13,[CUDA memcpy Host-to-Device]
2149882544,22624,34031,,,,,,,,,,0.131,5793.382,Pinned,Device,NVIDIA A100-SXM4-40GB (0),1,,13,[CUDA memcpy Host-to-Device]
2149912784,9152,34032,273,1,1,48,1,1,40,0.000,0.001,,,,,NVIDIA A100-SXM4-40GB (0),1,,13,"void pusch_noise_intf_est::noiseIntfEstNoDftSOfdmKernel<float, __half, float, float, (unsigned int)2, (unsigned int)1, (unsigned char)4, (unsigned char)4>(pusch_noise_intf_est::puschRxNoiseIntfEstDynDescr)"
2149923152,2624,34043,35,1,1,128,1,1,16,0.000,0.000,,,,,NVIDIA A100-SXM4-40GB (0),1,,13,cupy_copy__complex64_complex64
2149926736,1568,34052,1,1,1,1,1,1,18,0.000,0.000,,,,,NVIDIA A100-SXM4-40GB (0),1,,13,cupy_copy__float32_float32
2149952080,1856,34058,,,,,,,,,,0.000,2.155,Device,Pageable,NVIDIA A100-SXM4-40GB (0),1,,7,[CUDA memcpy Device-to-Host]
2150010895,15264,34069,1434,1,1,128,1,1,16,0.000,0.000,,,,,NVIDIA A100-SXM4-40GB (0),1,,13,cupy_copy__complex64_complex64
2150038255,2528,34076,103,1,1,128,1,1,16,0.000,0.000,,,,,NVIDIA A100-SXM4-40GB (0),1,,13,cupy_copy__complex64_complex64
2150059470,2112,34083,35,1,1,128,1,1,16,0.000,0.000,,,,,NVIDIA A100-SXM4-40GB (0),1,,13,cupy_copy__complex64_complex64
2150078158,1536,34090,1,1,1,1,1,1,18,0.000,0.000,,,,,NVIDIA A100-SXM4-40GB (0),1,,13,cupy_copy__float32_float32
2150347371,80511,34101,1,1,1,32,32,1,30,0.000,0.000,,,,,NVIDIA A100-SXM4-40GB (0),1,,13,"void convert_kernel<__half2, float2>(tensor_layout_any, T1 *, tensor_layout_any, const T2 *)"
2150459242,11680,34104,,,,,,,,,,0.061,5260.247,Pinned,Device,NVIDIA A100-SXM4-40GB (0),1,,13,[CUDA memcpy Host-to-Device]
2150476586,3360,34105,,,,,,,,,,1.547,460304.688,Device,,NVIDIA A100-SXM4-40GB (0),1,,13,[CUDA memset]
2150483114,10656,34110,,,,,,,,,,0.021,1975.958,Pinned,Device,NVIDIA A100-SXM4-40GB (0),1,,13,[CUDA memcpy Host-to-Device]
2150496714,23359,34111,,,,,,,,,,0.131,5611.192,Pinned,Device,NVIDIA A100-SXM4-40GB (0),1,,13,[CUDA memcpy Host-to-Device]
2150529257,5984,34112,273,1,1,8,4,1,39,0.002,0.000,,,,,NVIDIA A100-SXM4-40GB (0),1,,13,"void channel_eq::eqMmseCoefCompLowMimoKernel<float, float, float, (unsigned int)4, (unsigned int)1, (unsigned int)4>(const channel_eq::_puschRxChEqStatDescr *, channel_eq::_puschRxChEqCoefCompDynDescr)"
2150536457,5312,34113,273,1,1,12,11,1,40,0.002,0.000,,,,,NVIDIA A100-SXM4-40GB (0),1,,13,"void channel_eq::eqMmseSoftDemapKernel<float, __half, __half, float, (unsigned int)4, (unsigned short)16383>(channel_eq::_puschRxChEqStatDescr *, channel_eq::_puschRxChEqSoftDemapDynDescr)"
2150542697,280989,34114,1,1,1,32,32,1,30,0.000,0.000,,,,,NVIDIA A100-SXM4-40GB (0),1,,13,"void convert_kernel<float2, __half2>(tensor_layout_any, T1 *, tensor_layout_any, const T2 *)"
2150824838,12320,34126,2253,1,1,128,1,1,16,0.000,0.000,,,,,NVIDIA A100-SXM4-40GB (0),1,,13,cupy_copy__float16_float16
2150838374,2656,34135,282,1,1,128,1,1,16,0.000,0.000,,,,,NVIDIA A100-SXM4-40GB (0),1,,13,cupy_copy__complex64_complex64
2150841990,1856,34144,26,1,1,128,1,1,16,0.000,0.000,,,,,NVIDIA A100-SXM4-40GB (0),1,,13,cupy_copy__float32_float32
2150844934,2880,34153,103,1,1,128,1,1,16,0.000,0.000,,,,,NVIDIA A100-SXM4-40GB (0),1,,13,cupy_copy__complex64_complex64
2150848774,14016,34163,1434,1,1,128,1,1,16,0.000,0.000,,,,,NVIDIA A100-SXM4-40GB (0),1,,13,cupy_copy__complex64_complex64
2150877765,79519,34168,1,1,1,32,32,1,30,0.000,0.000,,,,,NVIDIA A100-SXM4-40GB (0),1,,13,"void convert_kernel<__half2, float2>(tensor_layout_any, T1 *, tensor_layout_any, const T2 *)"
2151124163,12608,34171,,,,,,,,,,0.061,4873.052,Pinned,Device,NVIDIA A100-SXM4-40GB (0),1,,13,[CUDA memcpy Host-to-Device]
2151140482,588954,34172,,,,,,,,,,456.520,774715.255,Device,,NVIDIA A100-SXM4-40GB (0),1,,13,[CUDA memset]
2151731100,132414,34177,,,,,,,,,,0.825,6232.998,Pinned,Device,NVIDIA A100-SXM4-40GB (0),1,,13,[CUDA memcpy Host-to-Device]
2151866010,22624,34178,,,,,,,,,,0.131,5793.382,Pinned,Device,NVIDIA A100-SXM4-40GB (0),1,,13,[CUDA memcpy Host-to-Device]
2151899322,8096,34179,69,4,1,48,1,1,76,0.002,0.000,,,,,NVIDIA A100-SXM4-40GB (0),1,,13,"void ch_est::windowedChEstPreNoDftSOfdmKernel<float, __half, float, (unsigned int)2, (unsigned int)1, (unsigned short)4>(ch_est::puschRxChEstStatDescr_t *, ch_est::puschRxChEstDynDescr_t *)"
2151909242,5792,34180,137,2,1,24,2,1,44,0.001,0.001,,,,,NVIDIA A100-SXM4-40GB (0),1,,13,"void ch_est::chEstFilterNoDftSOfdmDispatchKernel<float, __half, float, (unsigned int)2>(ch_est::puschRxChEstStatDescr_t *, ch_est::puschRxChEstDynDescr_t *)"
2151915994,4704,34181,137,2,1,24,2,1,44,0.001,0.001,,,,,NVIDIA A100-SXM4-40GB (0),1,,13,"void ch_est::chEstFilterNoDftSOfdmDispatchKernel<float, __half, float, (unsigned int)2>(ch_est::puschRxChEstStatDescr_t *, ch_est::puschRxChEstDynDescr_t *)"
2151921786,2336,34192,103,1,1,128,1,1,16,0.000,0.000,,,,,NVIDIA A100-SXM4-40GB (0),1,,13,cupy_copy__complex64_complex64
2151925146,15392,34202,1434,1,1,128,1,1,16,0.000,0.000,,,,,NVIDIA A100-SXM4-40GB (0),1,,13,cupy_copy__complex64_complex64
2151941434,2304,34209,103,1,1,128,1,1,16,0.000,0.000,,,,,NVIDIA A100-SXM4-40GB (0),1,,13,cupy_copy__complex64_complex64
2151944826,79743,34216,1,1,1,32,32,1,30,0.000,0.000,,,,,NVIDIA A100-SXM4-40GB (0),1,,13,"void convert_kernel<__half2, float2>(tensor_layout_any, T1 *, tensor_layout_any, const T2 *)"
2152056344,11680,34219,,,,,,,,,,0.061,5260.247,Pinned,Device,NVIDIA A100-SXM4-40GB (0),1,,13,[CUDA memcpy Host-to-Device]
2152079576,45728,34220,,,,,,,,,,35.801,782895.393,Device,,NVIDIA A100-SXM4-40GB (0),1,,13,[CUDA memset]
2152131384,2079,34222,,,,,,,,,,0.000,38.480,Pinned,Device,NVIDIA A100-SXM4-40GB (0),1,,13,[CUDA memcpy Host-to-Device]
2152135927,22592,34223,,,,,,,,,,0.131,5801.640,Pinned,Device,NVIDIA A100-SXM4-40GB (0),1,,13,[CUDA memcpy Host-to-Device]
2152164535,8960,34224,273,1,1,48,1,1,40,0.000,0.001,,,,,NVIDIA A100-SXM4-40GB (0),1,,13,"void pusch_noise_intf_est::noiseIntfEstNoDftSOfdmKernel<float, __half, float, float, (unsigned int)2, (unsigned int)1, (unsigned char)4, (unsigned char)4>(pusch_noise_intf_est::puschRxNoiseIntfEstDynDescr)"
2152174583,2528,34235,35,1,1,128,1,1,16,0.000,0.000,,,,,NVIDIA A100-SXM4-40GB (0),1,,13,cupy_copy__complex64_complex64
2152188247,1568,34244,1,1,1,1,1,1,18,0.000,0.000,,,,,NVIDIA A100-SXM4-40GB (0),1,,13,cupy_copy__float32_float32
2152224022,2176,34250,,,,,,,,,,0.000,1.838,Device,Pageable,NVIDIA A100-SXM4-40GB (0),1,,7,[CUDA memcpy Device-to-Host]
2152285174,15360,34261,1434,1,1,128,1,1,16,0.000,0.000,,,,,NVIDIA A100-SXM4-40GB (0),1,,13,cupy_copy__complex64_complex64
2152311958,2495,34268,103,1,1,128,1,1,16,0.000,0.000,,,,,NVIDIA A100-SXM4-40GB (0),1,,13,cupy_copy__complex64_complex64
2152333557,2176,34275,35,1,1,128,1,1,16,0.000,0.000,,,,,NVIDIA A100-SXM4-40GB (0),1,,13,cupy_copy__complex64_complex64
2152352501,1536,34282,1,1,1,1,1,1,18,0.000,0.000,,,,,NVIDIA A100-SXM4-40GB (0),1,,13,cupy_copy__float32_float32
2152490356,79007,34293,1,1,1,32,32,1,30,0.000,0.000,,,,,NVIDIA A100-SXM4-40GB (0),1,,13,"void convert_kernel<__half2, float2>(tensor_layout_any, T1 *, tensor_layout_any, const T2 *)"
2152597906,11712,34296,,,,,,,,,,0.061,5245.870,Pinned,Device,NVIDIA A100-SXM4-40GB (0),1,,13,[CUDA memcpy Host-to-Device]
2152614770,3264,34297,,,,,,,,,,1.547,473842.288,Device,,NVIDIA A100-SXM4-40GB (0),1,,13,[CUDA memset]
2152620562,10144,34302,,,,,,,,,,0.021,2075.700,Pinned,Device,NVIDIA A100-SXM4-40GB (0),1,,13,[CUDA memcpy Host-to-Device]
2152633330,23008,34303,,,,,,,,,,0.131,5696.782,Pinned,Device,NVIDIA A100-SXM4-40GB (0),1,,13,[CUDA memcpy Host-to-Device]
2152665298,6080,34304,273,1,1,8,4,1,39,0.002,0.000,,,,,NVIDIA A100-SXM4-40GB (0),1,,13,"void channel_eq::eqMmseCoefCompLowMimoKernel<float, float, float, (unsigned int)4, (unsigned int)1, (unsigned int)4>(const channel_eq::_puschRxChEqStatDescr *, channel_eq::_puschRxChEqCoefCompDynDescr)"
2152672434,5183,34305,273,1,1,12,11,1,40,0.002,0.000,,,,,NVIDIA A100-SXM4-40GB (0),1,,13,"void channel_eq::eqMmseSoftDemapKernel<float, __half, __half, float, (unsigned int)4, (unsigned short)16383>(channel_eq::_puschRxChEqStatDescr *, channel_eq::_puschRxChEqSoftDemapDynDescr)"
2152678673,280957,34306,1,1,1,32,32,1,30,0.000,0.000,,,,,NVIDIA A100-SXM4-40GB (0),1,,13,"void convert_kernel<float2, __half2>(tensor_layout_any, T1 *, tensor_layout_any, const T2 *)"
2152960622,12160,34318,2253,1,1,128,1,1,16,0.000,0.000,,,,,NVIDIA A100-SXM4-40GB (0),1,,13,cupy_copy__float16_float16
2152973806,2592,34327,282,1,1,128,1,1,16,0.000,0.000,,,,,NVIDIA A100-SXM4-40GB (0),1,,13,cupy_copy__complex64_complex64
2152977390,1856,34336,26,1,1,128,1,1,16,0.000,0.000,,,,,NVIDIA A100-SXM4-40GB (0),1,,13,cupy_copy__float32_float32
2152980334,2880,34345,103,1,1,128,1,1,16,0.000,0.000,,,,,NVIDIA A100-SXM4-40GB (0),1,,13,cupy_copy__complex64_complex64
2152984142,14176,34355,1434,1,1,128,1,1,16,0.000,0.000,,,,,NVIDIA A100-SXM4-40GB (0),1,,13,cupy_copy__complex64_complex64
2153007022,79519,34360,1,1,1,32,32,1,30,0.000,0.000,,,,,NVIDIA A100-SXM4-40GB (0),1,,13,"void convert_kernel<__half2, float2>(tensor_layout_any, T1 *, tensor_layout_any, const T2 *)"
2153113773,12384,34363,,,,,,,,,,0.061,4961.219,Pinned,Device,NVIDIA A100-SXM4-40GB (0),1,,13,[CUDA memcpy Host-to-Device]
2153136300,590618,34364,,,,,,,,,,456.520,772889.173,Device,,NVIDIA A100-SXM4-40GB (0),1,,13,[CUDA memset]
2153735686,131934,34369,,,,,,,,,,0.825,6255.282,Pinned,Device,NVIDIA A100-SXM4-40GB (0),1,,13,[CUDA memcpy Host-to-Device]
2153872004,22656,34370,,,,,,,,,,0.131,5785.256,Pinned,Device,NVIDIA A100-SXM4-40GB (0),1,,13,[CUDA memcpy Host-to-Device]
2153898436,7488,34371,69,4,1,48,1,1,76,0.002,0.000,,,,,NVIDIA A100-SXM4-40GB (0),1,,13,"void ch_est::windowedChEstPreNoDftSOfdmKernel<float, __half, float, (unsigned int)2, (unsigned int)1, (unsigned short)4>(ch_est::puschRxChEstStatDescr_t *, ch_est::puschRxChEstDynDescr_t *)"
2153907556,6176,34372,137,2,1,24,2,1,44,0.001,0.001,,,,,NVIDIA A100-SXM4-40GB (0),1,,13,"void ch_est::chEstFilterNoDftSOfdmDispatchKernel<float, __half, float, (unsigned int)2>(ch_est::puschRxChEstStatDescr_t *, ch_est::puschRxChEstDynDescr_t *)"
2153914916,4736,34373,137,2,1,24,2,1,44,0.001,0.001,,,,,NVIDIA A100-SXM4-40GB (0),1,,13,"void ch_est::chEstFilterNoDftSOfdmDispatchKernel<float, __half, float, (unsigned int)2>(ch_est::puschRxChEstStatDescr_t *, ch_est::puschRxChEstDynDescr_t *)"
2153920740,2336,34384,103,1,1,128,1,1,16,0.000,0.000,,,,,NVIDIA A100-SXM4-40GB (0),1,,13,cupy_copy__complex64_complex64
2153924100,15360,34394,1434,1,1,128,1,1,16,0.000,0.000,,,,,NVIDIA A100-SXM4-40GB (0),1,,13,cupy_copy__complex64_complex64
2153940548,2240,34401,103,1,1,128,1,1,16,0.000,0.000,,,,,NVIDIA A100-SXM4-40GB (0),1,,13,cupy_copy__complex64_complex64
2153943779,78560,34408,1,1,1,32,32,1,30,0.000,0.000,,,,,NVIDIA A100-SXM4-40GB (0),1,,13,"void convert_kernel<__half2, float2>(tensor_layout_any, T1 *, tensor_layout_any, const T2 *)"
2154050786,12128,34411,,,,,,,,,,0.061,5065.912,Pinned,Device,NVIDIA A100-SXM4-40GB (0),1,,13,[CUDA memcpy Host-to-Device]
2154073250,46848,34412,,,,,,,,,,35.801,764171.491,Device,,NVIDIA A100-SXM4-40GB (0),1,,13,[CUDA memset]
2154125537,2496,34414,,,,,,,,,,0.000,32.051,Pinned,Device,NVIDIA A100-SXM4-40GB (0),1,,13,[CUDA memcpy Host-to-Device]
2154131553,22784,34415,,,,,,,,,,0.131,5752.750,Pinned,Device,NVIDIA A100-SXM4-40GB (0),1,,13,[CUDA memcpy Host-to-Device]
2154160321,8832,34416,273,1,1,48,1,1,40,0.000,0.001,,,,,NVIDIA A100-SXM4-40GB (0),1,,13,"void pusch_noise_intf_est::noiseIntfEstNoDftSOfdmKernel<float, __half, float, float, (unsigned int)2, (unsigned int)1, (unsigned char)4, (unsigned char)4>(pusch_noise_intf_est::puschRxNoiseIntfEstDynDescr)"
2154170081,2560,34427,35,1,1,128,1,1,16,0.000,0.000,,,,,NVIDIA A100-SXM4-40GB (0),1,,13,cupy_copy__complex64_complex64
2154178753,1568,34436,1,1,1,1,1,1,18,0.000,0.000,,,,,NVIDIA A100-SXM4-40GB (0),1,,13,cupy_copy__float32_float32
2154213665,1631,34442,,,,,,,,,,0.000,2.452,Device,Pageable,NVIDIA A100-SXM4-40GB (0),1,,7,[CUDA memcpy Device-to-Host]
2154272224,14976,34453,1434,1,1,128,1,1,16,0.000,0.000,,,,,NVIDIA A100-SXM4-40GB (0),1,,13,cupy_copy__complex64_complex64
2154300288,2496,34460,103,1,1,128,1,1,16,0.000,0.000,,,,,NVIDIA A100-SXM4-40GB (0),1,,13,cupy_copy__complex64_complex64
2154321087,2112,34467,35,1,1,128,1,1,16,0.000,0.000,,,,,NVIDIA A100-SXM4-40GB (0),1,,13,cupy_copy__complex64_complex64
2154339999,1536,34474,1,1,1,1,1,1,18,0.000,0.000,,,,,NVIDIA A100-SXM4-40GB (0),1,,13,cupy_copy__float32_float32
2154480126,79423,34485,1,1,1,32,32,1,30,0.000,0.000,,,,,NVIDIA A100-SXM4-40GB (0),1,,13,"void convert_kernel<__half2, float2>(tensor_layout_any, T1 *, tensor_layout_any, const T2 *)"
2154589404,11840,34488,,,,,,,,,,0.061,5189.161,Pinned,Device,NVIDIA A100-SXM4-40GB (0),1,,13,[CUDA memcpy Host-to-Device]
2154605212,3360,34489,,,,,,,,,,1.547,460304.688,Device,,NVIDIA A100-SXM4-40GB (0),1,,13,[CUDA memset]
2154611260,10848,34494,,,,,,,,,,0.021,1940.984,Pinned,Device,NVIDIA A100-SXM4-40GB (0),1,,13,[CUDA memcpy Host-to-Device]
2154625724,22880,34495,,,,,,,,,,0.131,5728.633,Pinned,Device,NVIDIA A100-SXM4-40GB (0),1,,13,[CUDA memcpy Host-to-Device]
2154657980,5984,34496,273,1,1,8,4,1,39,0.002,0.000,,,,,NVIDIA A100-SXM4-40GB (0),1,,13,"void channel_eq::eqMmseCoefCompLowMimoKernel<float, float, float, (unsigned int)4, (unsigned int)1, (unsigned int)4>(const channel_eq::_puschRxChEqStatDescr *, channel_eq::_puschRxChEqCoefCompDynDescr)"
2154665180,5183,34497,273,1,1,12,11,1,40,0.002,0.000,,,,,NVIDIA A100-SXM4-40GB (0),1,,13,"void channel_eq::eqMmseSoftDemapKernel<float, __half, __half, float, (unsigned int)4, (unsigned short)16383>(channel_eq::_puschRxChEqStatDescr *, channel_eq::_puschRxChEqSoftDemapDynDescr)"
2154671419,281085,34498,1,1,1,32,32,1,30,0.000,0.000,,,,,NVIDIA A100-SXM4-40GB (0),1,,13,"void convert_kernel<float2, __half2>(tensor_layout_any, T1 *, tensor_layout_any, const T2 *)"
2154953528,12544,34510,2253,1,1,128,1,1,16,0.000,0.000,,,,,NVIDIA A100-SXM4-40GB (0),1,,13,cupy_copy__float16_float16
2154967128,2624,34519,282,1,1,128,1,1,16,0.000,0.000,,,,,NVIDIA A100-SXM4-40GB (0),1,,13,cupy_copy__complex64_complex64
2154970712,1888,34528,26,1,1,128,1,1,16,0.000,0.000,,,,,NVIDIA A100-SXM4-40GB (0),1,,13,cupy_copy__float32_float32
2154973656,2848,34537,103,1,1,128,1,1,16,0.000,0.000,,,,,NVIDIA A100-SXM4-40GB (0),1,,13,cupy_copy__complex64_complex64
2154977464,13888,34547,1434,1,1,128,1,1,16,0.000,0.000,,,,,NVIDIA A100-SXM4-40GB (0),1,,13,cupy_copy__complex64_complex64
2154996408,79519,34552,1,1,1,32,32,1,30,0.000,0.000,,,,,NVIDIA A100-SXM4-40GB (0),1,,13,"void convert_kernel<__half2, float2>(tensor_layout_any, T1 *, tensor_layout_any, const T2 *)"
2156312777,11744,34555,,,,,,,,,,0.061,5231.555,Pinned,Device,NVIDIA A100-SXM4-40GB (0),1,,13,[CUDA memcpy Host-to-Device]
2156331049,591834,34556,,,,,,,,,,456.520,771063.091,Device,,NVIDIA A100-SXM4-40GB (0),1,,13,[CUDA memset]
2156925155,132350,34561,,,,,,,,,,0.825,6235.474,Pinned,Device,NVIDIA A100-SXM4-40GB (0),1,,13,[CUDA memcpy Host-to-Device]
2157059649,22624,34562,,,,,,,,,,0.131,5793.382,Pinned,Device,NVIDIA A100-SXM4-40GB (0),1,,13,[CUDA memcpy Host-to-Device]
2157086849,7392,34563,69,4,1,48,1,1,76,0.002,0.000,,,,,NVIDIA A100-SXM4-40GB (0),1,,13,"void ch_est::windowedChEstPreNoDftSOfdmKernel<float, __half, float, (unsigned int)2, (unsigned int)1, (unsigned short)4>(ch_est::puschRxChEstStatDescr_t *, ch_est::puschRxChEstDynDescr_t *)"
2157095777,5856,34564,137,2,1,24,2,1,44,0.001,0.001,,,,,NVIDIA A100-SXM4-40GB (0),1,,13,"void ch_est::chEstFilterNoDftSOfdmDispatchKernel<float, __half, float, (unsigned int)2>(ch_est::puschRxChEstStatDescr_t *, ch_est::puschRxChEstDynDescr_t *)"
2157102721,4736,34565,137,2,1,24,2,1,44,0.001,0.001,,,,,NVIDIA A100-SXM4-40GB (0),1,,13,"void ch_est::chEstFilterNoDftSOfdmDispatchKernel<float, __half, float, (unsigned int)2>(ch_est::puschRxChEstStatDescr_t *, ch_est::puschRxChEstDynDescr_t *)"
2157108545,2751,34576,103,1,1,128,1,1,16,0.000,0.000,,,,,NVIDIA A100-SXM4-40GB (0),1,,13,cupy_copy__complex64_complex64
2157112352,15232,34586,1434,1,1,128,1,1,16,0.000,0.000,,,,,NVIDIA A100-SXM4-40GB (0),1,,13,cupy_copy__complex64_complex64
2157128608,2272,34593,103,1,1,128,1,1,16,0.000,0.000,,,,,NVIDIA A100-SXM4-40GB (0),1,,13,cupy_copy__complex64_complex64
2157272223,79487,34600,1,1,1,32,32,1,30,0.000,0.000,,,,,NVIDIA A100-SXM4-40GB (0),1,,13,"void convert_kernel<__half2, float2>(tensor_layout_any, T1 *, tensor_layout_any, const T2 *)"
2157383325,11936,34603,,,,,,,,,,0.061,5147.443,Pinned,Device,NVIDIA A100-SXM4-40GB (0),1,,13,[CUDA memcpy Host-to-Device]
2157404509,46048,34604,,,,,,,,,,35.801,777453.647,Device,,NVIDIA A100-SXM4-40GB (0),1,,13,[CUDA memset]
2157452509,2528,34606,,,,,,,,,,0.000,31.646,Pinned,Device,NVIDIA A100-SXM4-40GB (0),1,,13,[CUDA memcpy Host-to-Device]
2157458141,23839,34607,,,,,,,,,,0.131,5498.208,Pinned,Device,NVIDIA A100-SXM4-40GB (0),1,,13,[CUDA memcpy Host-to-Device]
2157492348,8704,34608,273,1,1,48,1,1,40,0.000,0.001,,,,,NVIDIA A100-SXM4-40GB (0),1,,13,"void pusch_noise_intf_est::noiseIntfEstNoDftSOfdmKernel<float, __half, float, float, (unsigned int)2, (unsigned int)1, (unsigned char)4, (unsigned char)4>(pusch_noise_intf_est::puschRxNoiseIntfEstDynDescr)"
2157502012,2784,34619,35,1,1,128,1,1,16,0.000,0.000,,,,,NVIDIA A100-SXM4-40GB (0),1,,13,cupy_copy__complex64_complex64
2157522172,1600,34628,1,1,1,1,1,1,18,0.000,0.000,,,,,NVIDIA A100-SXM4-40GB (0),1,,13,cupy_copy__float32_float32
2157557692,1696,34634,,,,,,,,,,0.000,2.358,Device,Pageable,NVIDIA A100-SXM4-40GB (0),1,,7,[CUDA memcpy Device-to-Host]
2157616411,15264,34645,1434,1,1,128,1,1,16,0.000,0.000,,,,,NVIDIA A100-SXM4-40GB (0),1,,13,cupy_copy__complex64_complex64
2157644283,2496,34652,103,1,1,128,1,1,16,0.000,0.000,,,,,NVIDIA A100-SXM4-40GB (0),1,,13,cupy_copy__complex64_complex64
2157665786,2144,34659,35,1,1,128,1,1,16,0.000,0.000,,,,,NVIDIA A100-SXM4-40GB (0),1,,13,cupy_copy__complex64_complex64
2157685114,1536,34666,1,1,1,1,1,1,18,0.000,0.000,,,,,NVIDIA A100-SXM4-40GB (0),1,,13,cupy_copy__float32_float32
2157820537,79103,34677,1,1,1,32,32,1,30,0.000,0.000,,,,,NVIDIA A100-SXM4-40GB (0),1,,13,"void convert_kernel<__half2, float2>(tensor_layout_any, T1 *, tensor_layout_any, const T2 *)"
2158610608,12256,34680,,,,,,,,,,0.061,5013.012,Pinned,Device,NVIDIA A100-SXM4-40GB (0),1,,13,[CUDA memcpy Host-to-Device]
2158627120,3328,34681,,,,,,,,,,1.547,464729.580,Device,,NVIDIA A100-SXM4-40GB (0),1,,13,[CUDA memset]
2158631376,10144,34686,,,,,,,,,,0.021,2075.700,Pinned,Device,NVIDIA A100-SXM4-40GB (0),1,,13,[CUDA memcpy Host-to-Device]
2158644784,23519,34687,,,,,,,,,,0.131,5572.919,Pinned,Device,NVIDIA A100-SXM4-40GB (0),1,,13,[CUDA memcpy Host-to-Device]
2158677135,6048,34688,273,1,1,8,4,1,39,0.002,0.000,,,,,NVIDIA A100-SXM4-40GB (0),1,,13,"void channel_eq::eqMmseCoefCompLowMimoKernel<float, float, float, (unsigned int)4, (unsigned int)1, (unsigned int)4>(const channel_eq::_puschRxChEqStatDescr *, channel_eq::_puschRxChEqCoefCompDynDescr)"
2158684271,5184,34689,273,1,1,12,11,1,40,0.002,0.000,,,,,NVIDIA A100-SXM4-40GB (0),1,,13,"void channel_eq::eqMmseSoftDemapKernel<float, __half, __half, float, (unsigned int)4, (unsigned short)16383>(channel_eq::_puschRxChEqStatDescr *, channel_eq::_puschRxChEqSoftDemapDynDescr)"
2158690671,281181,34690,1,1,1,32,32,1,30,0.000,0.000,,,,,NVIDIA A100-SXM4-40GB (0),1,,13,"void convert_kernel<float2, __half2>(tensor_layout_any, T1 *, tensor_layout_any, const T2 *)"
2158972844,12416,34702,2253,1,1,128,1,1,16,0.000,0.000,,,,,NVIDIA A100-SXM4-40GB (0),1,,13,cupy_copy__float16_float16
2158986220,2624,34711,282,1,1,128,1,1,16,0.000,0.000,,,,,NVIDIA A100-SXM4-40GB (0),1,,13,cupy_copy__complex64_complex64
2158989836,1856,34720,26,1,1,128,1,1,16,0.000,0.000,,,,,NVIDIA A100-SXM4-40GB (0),1,,13,cupy_copy__float32_float32
2158992812,2848,34729,103,1,1,128,1,1,16,0.000,0.000,,,,,NVIDIA A100-SXM4-40GB (0),1,,13,cupy_copy__complex64_complex64
2158996620,13920,34739,1434,1,1,128,1,1,16,0.000,0.000,,,,,NVIDIA A100-SXM4-40GB (0),1,,13,cupy_copy__complex64_complex64
2159596741,79231,34744,1,1,1,32,32,1,30,0.000,0.000,,,,,NVIDIA A100-SXM4-40GB (0),1,,13,"void convert_kernel<__half2, float2>(tensor_layout_any, T1 *, tensor_layout_any, const T2 *)"
2159707972,11680,34747,,,,,,,,,,0.061,5260.247,Pinned,Device,NVIDIA A100-SXM4-40GB (0),1,,13,[CUDA memcpy Host-to-Device]
2159729764,590137,34748,,,,,,,,,,456.520,773345.693,Device,,NVIDIA A100-SXM4-40GB (0),1,,13,[CUDA memset]
2160321021,131679,34753,,,,,,,,,,0.825,6267.662,Pinned,Device,NVIDIA A100-SXM4-40GB (0),1,,13,[CUDA memcpy Host-to-Device]
2160455132,23519,34754,,,,,,,,,,0.131,5572.919,Pinned,Device,NVIDIA A100-SXM4-40GB (0),1,,13,[CUDA memcpy Host-to-Device]
2160489595,7296,34755,69,4,1,48,1,1,76,0.002,0.000,,,,,NVIDIA A100-SXM4-40GB (0),1,,13,"void ch_est::windowedChEstPreNoDftSOfdmKernel<float, __half, float, (unsigned int)2, (unsigned int)1, (unsigned short)4>(ch_est::puschRxChEstStatDescr_t *, ch_est::puschRxChEstDynDescr_t *)"
2160498523,5920,34756,137,2,1,24,2,1,44,0.001,0.001,,,,,NVIDIA A100-SXM4-40GB (0),1,,13,"void ch_est::chEstFilterNoDftSOfdmDispatchKernel<float, __half, float, (unsigned int)2>(ch_est::puschRxChEstStatDescr_t *, ch_est::puschRxChEstDynDescr_t *)"
2160505499,4704,34757,137,2,1,24,2,1,44,0.001,0.001,,,,,NVIDIA A100-SXM4-40GB (0),1,,13,"void ch_est::chEstFilterNoDftSOfdmDispatchKernel<float, __half, float, (unsigned int)2>(ch_est::puschRxChEstStatDescr_t *, ch_est::puschRxChEstDynDescr_t *)"
2160511291,2368,34768,103,1,1,128,1,1,16,0.000,0.000,,,,,NVIDIA A100-SXM4-40GB (0),1,,13,cupy_copy__complex64_complex64
2160514715,15296,34778,1434,1,1,128,1,1,16,0.000,0.000,,,,,NVIDIA A100-SXM4-40GB (0),1,,13,cupy_copy__complex64_complex64
2160531227,2240,34785,103,1,1,128,1,1,16,0.000,0.000,,,,,NVIDIA A100-SXM4-40GB (0),1,,13,cupy_copy__complex64_complex64
2160534395,79135,34792,1,1,1,32,32,1,30,0.000,0.000,,,,,NVIDIA A100-SXM4-40GB (0),1,,13,"void convert_kernel<__half2, float2>(tensor_layout_any, T1 *, tensor_layout_any, const T2 *)"
2160642265,11680,34795,,,,,,,,,,0.061,5260.247,Pinned,Device,NVIDIA A100-SXM4-40GB (0),1,,13,[CUDA memcpy Host-to-Device]
2160664665,45856,34796,,,,,,,,,,35.801,780711.535,Device,,NVIDIA A100-SXM4-40GB (0),1,,13,[CUDA memset]
2160715961,2432,34798,,,,,,,,,,0.000,32.895,Pinned,Device,NVIDIA A100-SXM4-40GB (0),1,,13,[CUDA memcpy Host-to-Device]
2160720473,22975,34799,,,,,,,,,,0.131,5704.909,Pinned,Device,NVIDIA A100-SXM4-40GB (0),1,,13,[CUDA memcpy Host-to-Device]
2160752760,8768,34800,273,1,1,48,1,1,40,0.000,0.001,,,,,NVIDIA A100-SXM4-40GB (0),1,,13,"void pusch_noise_intf_est::noiseIntfEstNoDftSOfdmKernel<float, __half, float, float, (unsigned int)2, (unsigned int)1, (unsigned char)4, (unsigned char)4>(pusch_noise_intf_est::puschRxNoiseIntfEstDynDescr)"
2160762520,2592,34811,35,1,1,128,1,1,16,0.000,0.000,,,,,NVIDIA A100-SXM4-40GB (0),1,,13,cupy_copy__complex64_complex64
2160766072,1568,34820,1,1,1,1,1,1,18,0.000,0.000,,,,,NVIDIA A100-SXM4-40GB (0),1,,13,cupy_copy__float32_float32
2160800216,1696,34826,,,,,,,,,,0.000,2.358,Device,Pageable,NVIDIA A100-SXM4-40GB (0),1,,7,[CUDA memcpy Device-to-Host]
2160858551,15456,34837,1434,1,1,128,1,1,16,0.000,0.000,,,,,NVIDIA A100-SXM4-40GB (0),1,,13,cupy_copy__complex64_complex64
2160886167,2528,34844,103,1,1,128,1,1,16,0.000,0.000,,,,,NVIDIA A100-SXM4-40GB (0),1,,13,cupy_copy__complex64_complex64
2160907479,2112,34851,35,1,1,128,1,1,16,0.000,0.000,,,,,NVIDIA A100-SXM4-40GB (0),1,,13,cupy_copy__complex64_complex64
2160926998,1536,34858,1,1,1,1,1,1,18,0.000,0.000,,,,,NVIDIA A100-SXM4-40GB (0),1,,13,cupy_copy__float32_float32
2161061109,79423,34869,1,1,1,32,32,1,30,0.000,0.000,,,,,NVIDIA A100-SXM4-40GB (0),1,,13,"void convert_kernel<__half2, float2>(tensor_layout_any, T1 *, tensor_layout_any, const T2 *)"
2161169044,12512,34872,,,,,,,,,,0.061,4910.469,Pinned,Device,NVIDIA A100-SXM4-40GB (0),1,,13,[CUDA memcpy Host-to-Device]
2161185875,3392,34873,,,,,,,,,,1.547,455961.768,Device,,NVIDIA A100-SXM4-40GB (0),1,,13,[CUDA memset]
2161191731,10240,34878,,,,,,,,,,0.021,2056.245,Pinned,Device,NVIDIA A100-SXM4-40GB (0),1,,13,[CUDA memcpy Host-to-Device]
2161205459,22912,34879,,,,,,,,,,0.131,5720.637,Pinned,Device,NVIDIA A100-SXM4-40GB (0),1,,13,[CUDA memcpy Host-to-Device]
2161238099,6048,34880,273,1,1,8,4,1,39,0.002,0.000,,,,,NVIDIA A100-SXM4-40GB (0),1,,13,"void channel_eq::eqMmseCoefCompLowMimoKernel<float, float, float, (unsigned int)4, (unsigned int)1, (unsigned int)4>(const channel_eq::_puschRxChEqStatDescr *, channel_eq::_puschRxChEqCoefCompDynDescr)"
2161245363,5184,34881,273,1,1,12,11,1,40,0.002,0.000,,,,,NVIDIA A100-SXM4-40GB (0),1,,13,"void channel_eq::eqMmseSoftDemapKernel<float, __half, __half, float, (unsigned int)4, (unsigned short)16383>(channel_eq::_puschRxChEqStatDescr *, channel_eq::_puschRxChEqSoftDemapDynDescr)"
2161251603,281277,34882,1,1,1,32,32,1,30,0.000,0.000,,,,,NVIDIA A100-SXM4-40GB (0),1,,13,"void convert_kernel<float2, __half2>(tensor_layout_any, T1 *, tensor_layout_any, const T2 *)"
2161533808,12383,34894,2253,1,1,128,1,1,16,0.000,0.000,,,,,NVIDIA A100-SXM4-40GB (0),1,,13,cupy_copy__float16_float16
2161547215,2624,34903,282,1,1,128,1,1,16,0.000,0.000,,,,,NVIDIA A100-SXM4-40GB (0),1,,13,cupy_copy__complex64_complex64
2161550831,1888,34912,26,1,1,128,1,1,16,0.000,0.000,,,,,NVIDIA A100-SXM4-40GB (0),1,,13,cupy_copy__float32_float32
2161553743,2848,34921,103,1,1,128,1,1,16,0.000,0.000,,,,,NVIDIA A100-SXM4-40GB (0),1,,13,cupy_copy__complex64_complex64
