Start (ns),Duration (ns),CorrId,GrdX,GrdY,GrdZ,BlkX,BlkY,BlkZ,Reg/Trd,StcSMem (MB),DymSMem (MB),Bytes (MB),Throughput (MB/s),SrcMemKd,DstMemKd,Device,Ctx,GreenCtx,Strm,Name
1096871369,65472,668,,,,,,,,,,1.468,22415.388,Pinned,Device,NVIDIA A100-SXM4-40GB (0),1,,7,[CUDA memcpy Host-to-Device]
1235337980,2016,1219,,,,,,,,,,0.000,27.778,Pageable,Device,NVIDIA A100-SXM4-40GB (0),1,,7,[CUDA memcpy Host-to-Device]
1357452899,4640,1828,,,,,,,,,,0.028,6082.752,Pinned,Device,NVIDIA A100-SXM4-40GB (0),1,,7,[CUDA memcpy Host-to-Device]
1357532482,2240,1833,,,,,,,,,,0.007,3214.282,Pinned,Device,NVIDIA A100-SXM4-40GB (0),1,,7,[CUDA memcpy Host-to-Device]
1357561186,1952,1838,,,,,,,,,,0.008,4094.262,Pinned,Device,NVIDIA A100-SXM4-40GB (0),1,,7,[CUDA memcpy Host-to-Device]
1357630753,5568,1843,1,1,1,32,32,1,30,0.000,0.000,,,,,NVIDIA A100-SXM4-40GB (0),1,,7,"void convert_kernel<__half2, float2>(tensor_layout_any, T1 *, tensor_layout_any, const T2 *)"
1357662177,6464,1849,1,1,1,32,32,1,30,0.000,0.000,,,,,NVIDIA A100-SXM4-40GB (0),1,,7,"void convert_kernel<__half2, float2>(tensor_layout_any, T1 *, tensor_layout_any, const T2 *)"
1357691136,3712,1855,1,1,1,32,32,1,30,0.000,0.000,,,,,NVIDIA A100-SXM4-40GB (0),1,,7,"void convert_kernel<__half2, float2>(tensor_layout_any, T1 *, tensor_layout_any, const T2 *)"
1357714944,4928,1861,1,1,1,32,32,1,30,0.000,0.000,,,,,NVIDIA A100-SXM4-40GB (0),1,,7,"void convert_kernel<__half2, float2>(tensor_layout_any, T1 *, tensor_layout_any, const T2 *)"
1357979261,3584,1867,,,,,,,,,,0.028,7874.976,Pinned,Device,NVIDIA A100-SXM4-40GB (0),1,,13,[CUDA memcpy Host-to-Device]
1358022749,2720,1873,,,,,,,,,,0.007,2647.058,Pinned,Device,NVIDIA A100-SXM4-40GB (0),1,,13,[CUDA memcpy Host-to-Device]
1358053564,2080,1879,,,,,,,,,,0.008,3842.306,Pinned,Device,NVIDIA A100-SXM4-40GB (0),1,,13,[CUDA memcpy Host-to-Device]
1358085948,6496,1885,1,1,1,32,32,1,30,0.000,0.000,,,,,NVIDIA A100-SXM4-40GB (0),1,,13,"void convert_kernel<__half2, float2>(tensor_layout_any, T1 *, tensor_layout_any, const T2 *)"
1358118108,4672,1892,1,1,1,32,32,1,30,0.000,0.000,,,,,NVIDIA A100-SXM4-40GB (0),1,,13,"void convert_kernel<__half2, float2>(tensor_layout_any, T1 *, tensor_layout_any, const T2 *)"
1358146683,6432,1899,1,1,1,32,32,1,30,0.000,0.000,,,,,NVIDIA A100-SXM4-40GB (0),1,,13,"void convert_kernel<__half2, float2>(tensor_layout_any, T1 *, tensor_layout_any, const T2 *)"
1358176283,5120,1906,1,1,1,32,32,1,30,0.000,0.000,,,,,NVIDIA A100-SXM4-40GB (0),1,,13,"void convert_kernel<__half2, float2>(tensor_layout_any, T1 *, tensor_layout_any, const T2 *)"
1358647478,1792,1917,,,,,,,,,,0.028,15749.980,Device,Device,NVIDIA A100-SXM4-40GB (0),1,,13,[CUDA memcpy Device-to-Device]
1358658262,1344,1919,,,,,,,,,,0.007,5357.138,Device,Device,NVIDIA A100-SXM4-40GB (0),1,,13,[CUDA memcpy Device-to-Device]
1358666230,1344,1921,,,,,,,,,,0.008,5946.424,Device,Device,NVIDIA A100-SXM4-40GB (0),1,,13,[CUDA memcpy Device-to-Device]
1358677269,1344,1923,,,,,,,,,,0.000,142.857,Device,Device,NVIDIA A100-SXM4-40GB (0),1,,13,[CUDA memcpy Device-to-Device]
1358685301,1344,1925,,,,,,,,,,0.000,71.429,Device,Device,NVIDIA A100-SXM4-40GB (0),1,,13,[CUDA memcpy Device-to-Device]
1358693077,1344,1927,,,,,,,,,,0.000,288.690,Device,Device,NVIDIA A100-SXM4-40GB (0),1,,13,[CUDA memcpy Device-to-Device]
1358703797,1312,1929,,,,,,,,,,0.000,149.390,Device,Device,NVIDIA A100-SXM4-40GB (0),1,,13,[CUDA memcpy Device-to-Device]
1358724501,7840,1930,,,,,,,,,,0.135,17236.732,Pinned,Device,NVIDIA A100-SXM4-40GB (0),1,,13,[CUDA memcpy Host-to-Device]
1428092061,1056,1940,,,,,,,,,,0.000,53.030,Pageable,Device,NVIDIA A100-SXM4-40GB (0),1,,7,[CUDA memcpy Host-to-Device]
1428120861,3808,1946,,,,,,,,,,0.028,7411.764,Pinned,Device,NVIDIA A100-SXM4-40GB (0),1,,7,[CUDA memcpy Host-to-Device]
1428153756,1920,1951,,,,,,,,,,0.007,3749.998,Pinned,Device,NVIDIA A100-SXM4-40GB (0),1,,7,[CUDA memcpy Host-to-Device]
1428177596,1952,1956,,,,,,,,,,0.008,4094.262,Pinned,Device,NVIDIA A100-SXM4-40GB (0),1,,7,[CUDA memcpy Host-to-Device]
1428206332,4608,1961,1,1,1,32,32,1,30,0.000,0.000,,,,,NVIDIA A100-SXM4-40GB (0),1,,7,"void convert_kernel<__half2, float2>(tensor_layout_any, T1 *, tensor_layout_any, const T2 *)"
1428235356,6079,1967,1,1,1,32,32,1,30,0.000,0.000,,,,,NVIDIA A100-SXM4-40GB (0),1,,7,"void convert_kernel<__half2, float2>(tensor_layout_any, T1 *, tensor_layout_any, const T2 *)"
1428262427,4064,1973,1,1,1,32,32,1,30,0.000,0.000,,,,,NVIDIA A100-SXM4-40GB (0),1,,7,"void convert_kernel<__half2, float2>(tensor_layout_any, T1 *, tensor_layout_any, const T2 *)"
1428286235,5248,1979,1,1,1,32,32,1,30,0.000,0.000,,,,,NVIDIA A100-SXM4-40GB (0),1,,7,"void convert_kernel<__half2, float2>(tensor_layout_any, T1 *, tensor_layout_any, const T2 *)"
1429081266,3520,1994,,,,,,,,,,0.000,72.727,Pageable,Array,NVIDIA A100-SXM4-40GB (0),1,,7,[CUDA memcpy Host-to-Array]
1429088338,2368,1997,,,,,,,,,,0.000,54.054,Pageable,Array,NVIDIA A100-SXM4-40GB (0),1,,7,[CUDA memcpy Host-to-Array]
1429094130,2272,2000,,,,,,,,,,0.000,28.169,Pageable,Array,NVIDIA A100-SXM4-40GB (0),1,,7,[CUDA memcpy Host-to-Array]
1429099154,2368,2003,,,,,,,,,,0.000,13.514,Pageable,Array,NVIDIA A100-SXM4-40GB (0),1,,7,[CUDA memcpy Host-to-Array]
1429153777,1952,2008,,,,,,,,,,0.000,57.377,Pinned,Device,NVIDIA A100-SXM4-40GB (0),1,,13,[CUDA memcpy Host-to-Device]
1494604517,1568,2018,,,,,,,,,,0.000,35.714,Pageable,Device,NVIDIA A100-SXM4-40GB (0),1,,7,[CUDA memcpy Host-to-Device]
1494627108,3808,2024,,,,,,,,,,0.028,7411.764,Pinned,Device,NVIDIA A100-SXM4-40GB (0),1,,7,[CUDA memcpy Host-to-Device]
1494659844,2336,2029,,,,,,,,,,0.007,3082.190,Pinned,Device,NVIDIA A100-SXM4-40GB (0),1,,7,[CUDA memcpy Host-to-Device]
1494683620,2304,2034,,,,,,,,,,0.008,3468.744,Pinned,Device,NVIDIA A100-SXM4-40GB (0),1,,7,[CUDA memcpy Host-to-Device]
1494714435,4832,2039,1,1,1,32,32,1,30,0.000,0.000,,,,,NVIDIA A100-SXM4-40GB (0),1,,7,"void convert_kernel<__half2, float2>(tensor_layout_any, T1 *, tensor_layout_any, const T2 *)"
1494740675,6048,2045,1,1,1,32,32,1,30,0.000,0.000,,,,,NVIDIA A100-SXM4-40GB (0),1,,7,"void convert_kernel<__half2, float2>(tensor_layout_any, T1 *, tensor_layout_any, const T2 *)"
1494766979,4032,2051,1,1,1,32,32,1,30,0.000,0.000,,,,,NVIDIA A100-SXM4-40GB (0),1,,7,"void convert_kernel<__half2, float2>(tensor_layout_any, T1 *, tensor_layout_any, const T2 *)"
1494791266,5184,2057,1,1,1,32,32,1,30,0.000,0.000,,,,,NVIDIA A100-SXM4-40GB (0),1,,7,"void convert_kernel<__half2, float2>(tensor_layout_any, T1 *, tensor_layout_any, const T2 *)"
1495608730,3711,2081,,,,,,,,,,0.000,68.984,Pageable,Array,NVIDIA A100-SXM4-40GB (0),1,,7,[CUDA memcpy Host-to-Array]
1495616057,2176,2084,,,,,,,,,,0.000,58.823,Pageable,Array,NVIDIA A100-SXM4-40GB (0),1,,7,[CUDA memcpy Host-to-Array]
1495621625,2240,2087,,,,,,,,,,0.000,28.571,Pageable,Array,NVIDIA A100-SXM4-40GB (0),1,,7,[CUDA memcpy Host-to-Array]
1495627193,1824,2090,,,,,,,,,,0.000,17.544,Pageable,Array,NVIDIA A100-SXM4-40GB (0),1,,7,[CUDA memcpy Host-to-Array]
1612259196,13120,2179,1434,1,1,128,1,1,16,0.000,0.000,,,,,NVIDIA A100-SXM4-40GB (0),1,,13,cupy_copy__complex64_complex64
1612607448,78239,2184,1,1,1,32,32,1,30,0.000,0.000,,,,,NVIDIA A100-SXM4-40GB (0),1,,13,"void convert_kernel<__half2, float2>(tensor_layout_any, T1 *, tensor_layout_any, const T2 *)"
1612691351,5088,2186,,,,,,,,,,0.061,12075.418,Pinned,Device,NVIDIA A100-SXM4-40GB (0),1,,13,[CUDA memcpy Host-to-Device]
1612703287,589561,2187,,,,,,,,,,456.520,774258.734,Device,,NVIDIA A100-SXM4-40GB (0),1,,13,[CUDA memset]
1613298896,33408,2192,,,,,,,,,,0.825,24704.197,Pinned,Device,NVIDIA A100-SXM4-40GB (0),1,,13,[CUDA memcpy Host-to-Device]
1613335408,8096,2193,,,,,,,,,,0.131,16189.620,Pinned,Device,NVIDIA A100-SXM4-40GB (0),1,,13,[CUDA memcpy Host-to-Device]
1613350480,7104,2194,69,4,1,48,1,1,76,0.002,0.000,,,,,NVIDIA A100-SXM4-40GB (0),1,,13,"void ch_est::windowedChEstPreNoDftSOfdmKernel<float, __half, float, (unsigned int)2, (unsigned int)1, (unsigned short)4>(ch_est::puschRxChEstStatDescr_t *, ch_est::puschRxChEstDynDescr_t *)"
1613358768,6144,2195,137,2,1,24,2,1,44,0.001,0.001,,,,,NVIDIA A100-SXM4-40GB (0),1,,13,"void ch_est::chEstFilterNoDftSOfdmDispatchKernel<float, __half, float, (unsigned int)2>(ch_est::puschRxChEstStatDescr_t *, ch_est::puschRxChEstDynDescr_t *)"
1613366128,4544,2196,137,2,1,24,2,1,44,0.001,0.001,,,,,NVIDIA A100-SXM4-40GB (0),1,,13,"void ch_est::chEstFilterNoDftSOfdmDispatchKernel<float, __half, float, (unsigned int)2>(ch_est::puschRxChEstStatDescr_t *, ch_est::puschRxChEstDynDescr_t *)"
1687200583,2176,2213,103,1,1,128,1,1,16,0.000,0.000,,,,,NVIDIA A100-SXM4-40GB (0),1,,13,cupy_copy__complex64_complex64
1687629762,12800,2225,1434,1,1,128,1,1,16,0.000,0.000,,,,,NVIDIA A100-SXM4-40GB (0),1,,13,cupy_copy__complex64_complex64
1687673250,2112,2232,103,1,1,128,1,1,16,0.000,0.000,,,,,NVIDIA A100-SXM4-40GB (0),1,,13,cupy_copy__complex64_complex64
1688053949,78784,2239,1,1,1,32,32,1,30,0.000,0.000,,,,,NVIDIA A100-SXM4-40GB (0),1,,13,"void convert_kernel<__half2, float2>(tensor_layout_any, T1 *, tensor_layout_any, const T2 *)"
1688135773,4864,2241,,,,,,,,,,0.061,12631.572,Pinned,Device,NVIDIA A100-SXM4-40GB (0),1,,13,[CUDA memcpy Host-to-Device]
1688148732,46400,2242,,,,,,,,,,35.801,771546.489,Device,,NVIDIA A100-SXM4-40GB (0),1,,13,[CUDA memset]
1688203676,2400,2244,,,,,,,,,,0.000,33.333,Pinned,Device,NVIDIA A100-SXM4-40GB (0),1,,13,[CUDA memcpy Host-to-Device]
1688208988,7840,2245,,,,,,,,,,0.131,16718.365,Pinned,Device,NVIDIA A100-SXM4-40GB (0),1,,13,[CUDA memcpy Host-to-Device]
1688222492,9184,2246,273,1,1,48,1,1,40,0.000,0.001,,,,,NVIDIA A100-SXM4-40GB (0),1,,13,"void pusch_noise_intf_est::noiseIntfEstNoDftSOfdmKernel<float, __half, float, float, (unsigned int)2, (unsigned int)1, (unsigned char)4, (unsigned char)4>(pusch_noise_intf_est::puschRxNoiseIntfEstDynDescr)"
1688246395,2560,2257,35,1,1,128,1,1,16,0.000,0.000,,,,,NVIDIA A100-SXM4-40GB (0),1,,13,cupy_copy__complex64_complex64
1757992575,1504,2272,1,1,1,1,1,1,18,0.000,0.000,,,,,NVIDIA A100-SXM4-40GB (0),1,,13,cupy_copy__float32_float32
1758132446,3104,2278,,,,,,,,,,0.000,1.289,Device,Pageable,NVIDIA A100-SXM4-40GB (0),1,,7,[CUDA memcpy Device-to-Host]
1758290172,13120,2289,1434,1,1,128,1,1,16,0.000,0.000,,,,,NVIDIA A100-SXM4-40GB (0),1,,13,cupy_copy__complex64_complex64
1758322204,2400,2296,103,1,1,128,1,1,16,0.000,0.000,,,,,NVIDIA A100-SXM4-40GB (0),1,,13,cupy_copy__complex64_complex64
1758352187,1952,2303,35,1,1,128,1,1,16,0.000,0.000,,,,,NVIDIA A100-SXM4-40GB (0),1,,13,cupy_copy__complex64_complex64
1758372347,1472,2310,1,1,1,1,1,1,18,0.000,0.000,,,,,NVIDIA A100-SXM4-40GB (0),1,,13,cupy_copy__float32_float32
1758605817,77631,2321,1,1,1,32,32,1,30,0.000,0.000,,,,,NVIDIA A100-SXM4-40GB (0),1,,13,"void convert_kernel<__half2, float2>(tensor_layout_any, T1 *, tensor_layout_any, const T2 *)"
1758684920,4512,2323,,,,,,,,,,0.061,13617.009,Pinned,Device,NVIDIA A100-SXM4-40GB (0),1,,13,[CUDA memcpy Host-to-Device]
1758700536,3136,2324,,,,,,,,,,1.547,493182.821,Device,,NVIDIA A100-SXM4-40GB (0),1,,13,[CUDA memset]
1758704632,3104,2329,,,,,,,,,,0.021,6783.485,Pinned,Device,NVIDIA A100-SXM4-40GB (0),1,,13,[CUDA memcpy Host-to-Device]
1758710584,6911,2330,,,,,,,,,,0.131,18965.594,Pinned,Device,NVIDIA A100-SXM4-40GB (0),1,,13,[CUDA memcpy Host-to-Device]
1758724119,5888,2331,273,1,1,8,4,1,39,0.002,0.000,,,,,NVIDIA A100-SXM4-40GB (0),1,,13,"void channel_eq::eqMmseCoefCompLowMimoKernel<float, float, float, (unsigned int)4, (unsigned int)1, (unsigned int)4>(const channel_eq::_puschRxChEqStatDescr *, channel_eq::_puschRxChEqCoefCompDynDescr)"
1758731223,4800,2332,273,1,1,12,11,1,40,0.002,0.000,,,,,NVIDIA A100-SXM4-40GB (0),1,,13,"void channel_eq::eqMmseSoftDemapKernel<float, __half, __half, float, (unsigned int)4, (unsigned short)16383>(channel_eq::_puschRxChEqStatDescr *, channel_eq::_puschRxChEqSoftDemapDynDescr)"
1758737111,282845,2333,1,1,1,32,32,1,30,0.000,0.000,,,,,NVIDIA A100-SXM4-40GB (0),1,,13,"void convert_kernel<float2, __half2>(tensor_layout_any, T1 *, tensor_layout_any, const T2 *)"
1835362672,10240,2351,2253,1,1,128,1,1,16,0.000,0.000,,,,,NVIDIA A100-SXM4-40GB (0),1,,13,cupy_copy__float16_float16
1835472367,2464,2360,282,1,1,128,1,1,16,0.000,0.000,,,,,NVIDIA A100-SXM4-40GB (0),1,,13,cupy_copy__complex64_complex64
1909097064,1760,2375,26,1,1,128,1,1,16,0.000,0.000,,,,,NVIDIA A100-SXM4-40GB (0),1,,13,cupy_copy__float32_float32
1909211271,2624,2384,103,1,1,128,1,1,16,0.000,0.000,,,,,NVIDIA A100-SXM4-40GB (0),1,,13,cupy_copy__complex64_complex64
1909320966,11232,2394,1434,1,1,128,1,1,16,0.000,0.000,,,,,NVIDIA A100-SXM4-40GB (0),1,,13,cupy_copy__complex64_complex64
1909861088,78719,2399,1,1,1,32,32,1,30,0.000,0.000,,,,,NVIDIA A100-SXM4-40GB (0),1,,13,"void convert_kernel<__half2, float2>(tensor_layout_any, T1 *, tensor_layout_any, const T2 *)"
1910001502,4128,2402,,,,,,,,,,0.061,14883.717,Pinned,Device,NVIDIA A100-SXM4-40GB (0),1,,13,[CUDA memcpy Host-to-Device]
1910020862,587322,2403,,,,,,,,,,456.520,776997.857,Device,,NVIDIA A100-SXM4-40GB (0),1,,13,[CUDA memset]
1910611576,33791,2408,,,,,,,,,,0.825,24424.405,Pinned,Device,NVIDIA A100-SXM4-40GB (0),1,,13,[CUDA memcpy Host-to-Device]
1910647991,6912,2409,,,,,,,,,,0.131,18962.842,Pinned,Device,NVIDIA A100-SXM4-40GB (0),1,,13,[CUDA memcpy Host-to-Device]
1910664599,7680,2410,69,4,1,48,1,1,76,0.002,0.000,,,,,NVIDIA A100-SXM4-40GB (0),1,,13,"void ch_est::windowedChEstPreNoDftSOfdmKernel<float, __half, float, (unsigned int)2, (unsigned int)1, (unsigned short)4>(ch_est::puschRxChEstStatDescr_t *, ch_est::puschRxChEstDynDescr_t *)"
1910673591,6176,2411,137,2,1,24,2,1,44,0.001,0.001,,,,,NVIDIA A100-SXM4-40GB (0),1,,13,"void ch_est::chEstFilterNoDftSOfdmDispatchKernel<float, __half, float, (unsigned int)2>(ch_est::puschRxChEstStatDescr_t *, ch_est::puschRxChEstDynDescr_t *)"
1910680823,4576,2412,137,2,1,24,2,1,44,0.001,0.001,,,,,NVIDIA A100-SXM4-40GB (0),1,,13,"void ch_est::chEstFilterNoDftSOfdmDispatchKernel<float, __half, float, (unsigned int)2>(ch_est::puschRxChEstStatDescr_t *, ch_est::puschRxChEstDynDescr_t *)"
1910686615,2240,2423,103,1,1,128,1,1,16,0.000,0.000,,,,,NVIDIA A100-SXM4-40GB (0),1,,13,cupy_copy__complex64_complex64
1910690039,12800,2433,1434,1,1,128,1,1,16,0.000,0.000,,,,,NVIDIA A100-SXM4-40GB (0),1,,13,cupy_copy__complex64_complex64
1910704023,2080,2440,103,1,1,128,1,1,16,0.000,0.000,,,,,NVIDIA A100-SXM4-40GB (0),1,,13,cupy_copy__complex64_complex64
1910707191,78559,2447,1,1,1,32,32,1,30,0.000,0.000,,,,,NVIDIA A100-SXM4-40GB (0),1,,13,"void convert_kernel<__half2, float2>(tensor_layout_any, T1 *, tensor_layout_any, const T2 *)"
1910819317,4224,2450,,,,,,,,,,0.061,14545.428,Pinned,Device,NVIDIA A100-SXM4-40GB (0),1,,13,[CUDA memcpy Host-to-Device]
1910834421,45472,2451,,,,,,,,,,35.801,787298.911,Device,,NVIDIA A100-SXM4-40GB (0),1,,13,[CUDA memset]
1910884021,1856,2453,,,,,,,,,,0.000,43.103,Pinned,Device,NVIDIA A100-SXM4-40GB (0),1,,13,[CUDA memcpy Host-to-Device]
1910888405,6976,2454,,,,,,,,,,0.131,18788.909,Pinned,Device,NVIDIA A100-SXM4-40GB (0),1,,13,[CUDA memcpy Host-to-Device]
1910906260,8672,2455,273,1,1,48,1,1,40,0.000,0.001,,,,,NVIDIA A100-SXM4-40GB (0),1,,13,"void pusch_noise_intf_est::noiseIntfEstNoDftSOfdmKernel<float, __half, float, float, (unsigned int)2, (unsigned int)1, (unsigned char)4, (unsigned char)4>(pusch_noise_intf_est::puschRxNoiseIntfEstDynDescr)"
1910918548,2592,2466,35,1,1,128,1,1,16,0.000,0.000,,,,,NVIDIA A100-SXM4-40GB (0),1,,13,cupy_copy__complex64_complex64
1910957588,1536,2475,1,1,1,1,1,1,18,0.000,0.000,,,,,NVIDIA A100-SXM4-40GB (0),1,,13,cupy_copy__float32_float32
1911025683,2112,2481,,,,,,,,,,0.000,1.894,Device,Pageable,NVIDIA A100-SXM4-40GB (0),1,,7,[CUDA memcpy Device-to-Host]
1911119954,13184,2492,1434,1,1,128,1,1,16,0.000,0.000,,,,,NVIDIA A100-SXM4-40GB (0),1,,13,cupy_copy__complex64_complex64
1911152370,2336,2499,103,1,1,128,1,1,16,0.000,0.000,,,,,NVIDIA A100-SXM4-40GB (0),1,,13,cupy_copy__complex64_complex64
1911174673,1984,2506,35,1,1,128,1,1,16,0.000,0.000,,,,,NVIDIA A100-SXM4-40GB (0),1,,13,cupy_copy__complex64_complex64
1911192945,1472,2513,1,1,1,1,1,1,18,0.000,0.000,,,,,NVIDIA A100-SXM4-40GB (0),1,,13,cupy_copy__float32_float32
1911338992,78591,2524,1,1,1,32,32,1,30,0.000,0.000,,,,,NVIDIA A100-SXM4-40GB (0),1,,13,"void convert_kernel<__half2, float2>(tensor_layout_any, T1 *, tensor_layout_any, const T2 *)"
1911449582,4800,2527,,,,,,,,,,0.061,12799.980,Pinned,Device,NVIDIA A100-SXM4-40GB (0),1,,13,[CUDA memcpy Host-to-Device]
1911466926,2624,2528,,,,,,,,,,1.547,589413.767,Device,,NVIDIA A100-SXM4-40GB (0),1,,13,[CUDA memset]
1911479982,3296,2533,,,,,,,,,,0.021,6388.348,Pinned,Device,NVIDIA A100-SXM4-40GB (0),1,,13,[CUDA memcpy Host-to-Device]
1911492526,7904,2534,,,,,,,,,,0.131,16582.967,Pinned,Device,NVIDIA A100-SXM4-40GB (0),1,,13,[CUDA memcpy Host-to-Device]
1911510414,5888,2535,273,1,1,8,4,1,39,0.002,0.000,,,,,NVIDIA A100-SXM4-40GB (0),1,,13,"void channel_eq::eqMmseCoefCompLowMimoKernel<float, float, float, (unsigned int)4, (unsigned int)1, (unsigned int)4>(const channel_eq::_puschRxChEqStatDescr *, channel_eq::_puschRxChEqCoefCompDynDescr)"
1911517518,4768,2536,273,1,1,12,11,1,40,0.002,0.000,,,,,NVIDIA A100-SXM4-40GB (0),1,,13,"void channel_eq::eqMmseSoftDemapKernel<float, __half, __half, float, (unsigned int)4, (unsigned short)16383>(channel_eq::_puschRxChEqStatDescr *, channel_eq::_puschRxChEqSoftDemapDynDescr)"
1911523566,282269,2537,1,1,1,32,32,1,30,0.000,0.000,,,,,NVIDIA A100-SXM4-40GB (0),1,,13,"void convert_kernel<float2, __half2>(tensor_layout_any, T1 *, tensor_layout_any, const T2 *)"
1911807051,10271,2549,2253,1,1,128,1,1,16,0.000,0.000,,,,,NVIDIA A100-SXM4-40GB (0),1,,13,cupy_copy__float16_float16
1911818570,2400,2558,282,1,1,128,1,1,16,0.000,0.000,,,,,NVIDIA A100-SXM4-40GB (0),1,,13,cupy_copy__complex64_complex64
1911821994,1760,2567,26,1,1,128,1,1,16,0.000,0.000,,,,,NVIDIA A100-SXM4-40GB (0),1,,13,cupy_copy__float32_float32
1911824970,2528,2576,103,1,1,128,1,1,16,0.000,0.000,,,,,NVIDIA A100-SXM4-40GB (0),1,,13,cupy_copy__complex64_complex64
1911828682,11168,2586,1434,1,1,128,1,1,16,0.000,0.000,,,,,NVIDIA A100-SXM4-40GB (0),1,,13,cupy_copy__complex64_complex64
1911885226,78751,2591,1,1,1,32,32,1,30,0.000,0.000,,,,,NVIDIA A100-SXM4-40GB (0),1,,13,"void convert_kernel<__half2, float2>(tensor_layout_any, T1 *, tensor_layout_any, const T2 *)"
1911993736,4160,2594,,,,,,,,,,0.061,14769.193,Pinned,Device,NVIDIA A100-SXM4-40GB (0),1,,13,[CUDA memcpy Host-to-Device]
1912006184,587514,2595,,,,,,,,,,456.520,776997.857,Device,,NVIDIA A100-SXM4-40GB (0),1,,13,[CUDA memset]
1912598114,32735,2600,,,,,,,,,,0.825,25212.609,Pinned,Device,NVIDIA A100-SXM4-40GB (0),1,,13,[CUDA memcpy Host-to-Device]
1912633857,6976,2601,,,,,,,,,,0.131,18788.909,Pinned,Device,NVIDIA A100-SXM4-40GB (0),1,,13,[CUDA memcpy Host-to-Device]
1912647041,7136,2602,69,4,1,48,1,1,76,0.002,0.000,,,,,NVIDIA A100-SXM4-40GB (0),1,,13,"void ch_est::windowedChEstPreNoDftSOfdmKernel<float, __half, float, (unsigned int)2, (unsigned int)1, (unsigned short)4>(ch_est::puschRxChEstStatDescr_t *, ch_est::puschRxChEstDynDescr_t *)"
1912655169,6080,2603,137,2,1,24,2,1,44,0.001,0.001,,,,,NVIDIA A100-SXM4-40GB (0),1,,13,"void ch_est::chEstFilterNoDftSOfdmDispatchKernel<float, __half, float, (unsigned int)2>(ch_est::puschRxChEstStatDescr_t *, ch_est::puschRxChEstDynDescr_t *)"
1912662497,4576,2604,137,2,1,24,2,1,44,0.001,0.001,,,,,NVIDIA A100-SXM4-40GB (0),1,,13,"void ch_est::chEstFilterNoDftSOfdmDispatchKernel<float, __half, float, (unsigned int)2>(ch_est::puschRxChEstStatDescr_t *, ch_est::puschRxChEstDynDescr_t *)"
1912668289,2176,2615,103,1,1,128,1,1,16,0.000,0.000,,,,,NVIDIA A100-SXM4-40GB (0),1,,13,cupy_copy__complex64_complex64
1912671777,12736,2625,1434,1,1,128,1,1,16,0.000,0.000,,,,,NVIDIA A100-SXM4-40GB (0),1,,13,cupy_copy__complex64_complex64
1912685537,2048,2632,103,1,1,128,1,1,16,0.000,0.000,,,,,NVIDIA A100-SXM4-40GB (0),1,,13,cupy_copy__complex64_complex64
1912688705,78815,2639,1,1,1,32,32,1,30,0.000,0.000,,,,,NVIDIA A100-SXM4-40GB (0),1,,13,"void convert_kernel<__half2, float2>(tensor_layout_any, T1 *, tensor_layout_any, const T2 *)"
1912798656,4768,2642,,,,,,,,,,0.061,12885.873,Pinned,Device,NVIDIA A100-SXM4-40GB (0),1,,13,[CUDA memcpy Host-to-Device]
1912811744,44831,2643,,,,,,,,,,35.801,798540.413,Device,,NVIDIA A100-SXM4-40GB (0),1,,13,[CUDA memset]
1912863615,2112,2645,,,,,,,,,,0.000,37.879,Pinned,Device,NVIDIA A100-SXM4-40GB (0),1,,13,[CUDA memcpy Host-to-Device]
1912868383,6752,2646,,,,,,,,,,0.131,19412.287,Pinned,Device,NVIDIA A100-SXM4-40GB (0),1,,13,[CUDA memcpy Host-to-Device]
1912884543,8448,2647,273,1,1,48,1,1,40,0.000,0.001,,,,,NVIDIA A100-SXM4-40GB (0),1,,13,"void pusch_noise_intf_est::noiseIntfEstNoDftSOfdmKernel<float, __half, float, float, (unsigned int)2, (unsigned int)1, (unsigned char)4, (unsigned char)4>(pusch_noise_intf_est::puschRxNoiseIntfEstDynDescr)"
1912894399,2240,2658,35,1,1,128,1,1,16,0.000,0.000,,,,,NVIDIA A100-SXM4-40GB (0),1,,13,cupy_copy__complex64_complex64
1912922334,1504,2667,1,1,1,1,1,1,18,0.000,0.000,,,,,NVIDIA A100-SXM4-40GB (0),1,,13,cupy_copy__float32_float32
1912962846,1632,2673,,,,,,,,,,0.000,2.451,Device,Pageable,NVIDIA A100-SXM4-40GB (0),1,,7,[CUDA memcpy Device-to-Host]
1913026109,12928,2684,1434,1,1,128,1,1,16,0.000,0.000,,,,,NVIDIA A100-SXM4-40GB (0),1,,13,cupy_copy__complex64_complex64
1913052925,2336,2691,103,1,1,128,1,1,16,0.000,0.000,,,,,NVIDIA A100-SXM4-40GB (0),1,,13,cupy_copy__complex64_complex64
1913076829,1984,2698,35,1,1,128,1,1,16,0.000,0.000,,,,,NVIDIA A100-SXM4-40GB (0),1,,13,cupy_copy__complex64_complex64
1913096508,1472,2705,1,1,1,1,1,1,18,0.000,0.000,,,,,NVIDIA A100-SXM4-40GB (0),1,,13,cupy_copy__float32_float32
1913235259,78911,2716,1,1,1,32,32,1,30,0.000,0.000,,,,,NVIDIA A100-SXM4-40GB (0),1,,13,"void convert_kernel<__half2, float2>(tensor_layout_any, T1 *, tensor_layout_any, const T2 *)"
1913541496,4511,2719,,,,,,,,,,0.061,13620.019,Pinned,Device,NVIDIA A100-SXM4-40GB (0),1,,13,[CUDA memcpy Host-to-Device]
1913554295,2656,2720,,,,,,,,,,1.547,582313.216,Device,,NVIDIA A100-SXM4-40GB (0),1,,13,[CUDA memset]
1913562103,3072,2725,,,,,,,,,,0.021,6854.149,Pinned,Device,NVIDIA A100-SXM4-40GB (0),1,,13,[CUDA memcpy Host-to-Device]
1913568727,6784,2726,,,,,,,,,,0.131,19320.668,Pinned,Device,NVIDIA A100-SXM4-40GB (0),1,,13,[CUDA memcpy Host-to-Device]
1913586039,5856,2727,273,1,1,8,4,1,39,0.002,0.000,,,,,NVIDIA A100-SXM4-40GB (0),1,,13,"void channel_eq::eqMmseCoefCompLowMimoKernel<float, float, float, (unsigned int)4, (unsigned int)1, (unsigned int)4>(const channel_eq::_puschRxChEqStatDescr *, channel_eq::_puschRxChEqCoefCompDynDescr)"
1913593143,4832,2728,273,1,1,12,11,1,40,0.002,0.000,,,,,NVIDIA A100-SXM4-40GB (0),1,,13,"void channel_eq::eqMmseSoftDemapKernel<float, __half, __half, float, (unsigned int)4, (unsigned short)16383>(channel_eq::_puschRxChEqStatDescr *, channel_eq::_puschRxChEqSoftDemapDynDescr)"
1913599159,281853,2729,1,1,1,32,32,1,30,0.000,0.000,,,,,NVIDIA A100-SXM4-40GB (0),1,,13,"void convert_kernel<float2, __half2>(tensor_layout_any, T1 *, tensor_layout_any, const T2 *)"
1913882164,10112,2741,2253,1,1,128,1,1,16,0.000,0.000,,,,,NVIDIA A100-SXM4-40GB (0),1,,13,cupy_copy__float16_float16
1913893492,2400,2750,282,1,1,128,1,1,16,0.000,0.000,,,,,NVIDIA A100-SXM4-40GB (0),1,,13,cupy_copy__complex64_complex64
1913896884,1760,2759,26,1,1,128,1,1,16,0.000,0.000,,,,,NVIDIA A100-SXM4-40GB (0),1,,13,cupy_copy__float32_float32
1913899828,2528,2768,103,1,1,128,1,1,16,0.000,0.000,,,,,NVIDIA A100-SXM4-40GB (0),1,,13,cupy_copy__complex64_complex64
1913903572,11103,2778,1434,1,1,128,1,1,16,0.000,0.000,,,,,NVIDIA A100-SXM4-40GB (0),1,,13,cupy_copy__complex64_complex64
1914099889,78784,2783,1,1,1,32,32,1,30,0.000,0.000,,,,,NVIDIA A100-SXM4-40GB (0),1,,13,"void convert_kernel<__half2, float2>(tensor_layout_any, T1 *, tensor_layout_any, const T2 *)"
1914219216,4288,2786,,,,,,,,,,0.061,14328.300,Pinned,Device,NVIDIA A100-SXM4-40GB (0),1,,13,[CUDA memcpy Host-to-Device]
1914231184,587578,2787,,,,,,,,,,456.520,776541.336,Device,,NVIDIA A100-SXM4-40GB (0),1,,13,[CUDA memset]
1914825705,32800,2792,,,,,,,,,,0.825,25162.263,Pinned,Device,NVIDIA A100-SXM4-40GB (0),1,,13,[CUDA memcpy Host-to-Device]
1914860617,7168,2793,,,,,,,,,,0.131,18285.593,Pinned,Device,NVIDIA A100-SXM4-40GB (0),1,,13,[CUDA memcpy Host-to-Device]
1914875241,7104,2794,69,4,1,48,1,1,76,0.002,0.000,,,,,NVIDIA A100-SXM4-40GB (0),1,,13,"void ch_est::windowedChEstPreNoDftSOfdmKernel<float, __half, float, (unsigned int)2, (unsigned int)1, (unsigned short)4>(ch_est::puschRxChEstStatDescr_t *, ch_est::puschRxChEstDynDescr_t *)"
1914883369,6144,2795,137,2,1,24,2,1,44,0.001,0.001,,,,,NVIDIA A100-SXM4-40GB (0),1,,13,"void ch_est::chEstFilterNoDftSOfdmDispatchKernel<float, __half, float, (unsigned int)2>(ch_est::puschRxChEstStatDescr_t *, ch_est::puschRxChEstDynDescr_t *)"
1914890793,4576,2796,137,2,1,24,2,1,44,0.001,0.001,,,,,NVIDIA A100-SXM4-40GB (0),1,,13,"void ch_est::chEstFilterNoDftSOfdmDispatchKernel<float, __half, float, (unsigned int)2>(ch_est::puschRxChEstStatDescr_t *, ch_est::puschRxChEstDynDescr_t *)"
1914896585,2144,2807,103,1,1,128,1,1,16,0.000,0.000,,,,,NVIDIA A100-SXM4-40GB (0),1,,13,cupy_copy__complex64_complex64
1914899721,12544,2817,1434,1,1,128,1,1,16,0.000,0.000,,,,,NVIDIA A100-SXM4-40GB (0),1,,13,cupy_copy__complex64_complex64
1914913480,2080,2824,103,1,1,128,1,1,16,0.000,0.000,,,,,NVIDIA A100-SXM4-40GB (0),1,,13,cupy_copy__complex64_complex64
1914916808,78496,2831,1,1,1,32,32,1,30,0.000,0.000,,,,,NVIDIA A100-SXM4-40GB (0),1,,13,"void convert_kernel<__half2, float2>(tensor_layout_any, T1 *, tensor_layout_any, const T2 *)"
1915159750,5152,2834,,,,,,,,,,0.061,11925.443,Pinned,Device,NVIDIA A100-SXM4-40GB (0),1,,13,[CUDA memcpy Host-to-Device]
1915174246,46335,2835,,,,,,,,,,35.801,772620.518,Device,,NVIDIA A100-SXM4-40GB (0),1,,13,[CUDA memset]
1915223845,2688,2837,,,,,,,,,,0.000,29.762,Pinned,Device,NVIDIA A100-SXM4-40GB (0),1,,13,[CUDA memcpy Host-to-Device]
1915229829,6880,2838,,,,,,,,,,0.131,19051.053,Pinned,Device,NVIDIA A100-SXM4-40GB (0),1,,13,[CUDA memcpy Host-to-Device]
1915247973,8928,2839,273,1,1,48,1,1,40,0.000,0.001,,,,,NVIDIA A100-SXM4-40GB (0),1,,13,"void pusch_noise_intf_est::noiseIntfEstNoDftSOfdmKernel<float, __half, float, float, (unsigned int)2, (unsigned int)1, (unsigned char)4, (unsigned char)4>(pusch_noise_intf_est::puschRxNoiseIntfEstDynDescr)"
1915258501,2336,2850,35,1,1,128,1,1,16,0.000,0.000,,,,,NVIDIA A100-SXM4-40GB (0),1,,13,cupy_copy__complex64_complex64
1915270053,1504,2859,1,1,1,1,1,1,18,0.000,0.000,,,,,NVIDIA A100-SXM4-40GB (0),1,,13,cupy_copy__float32_float32
1915308676,1760,2865,,,,,,,,,,0.000,2.273,Device,Pageable,NVIDIA A100-SXM4-40GB (0),1,,7,[CUDA memcpy Device-to-Host]
1915367876,13503,2876,1434,1,1,128,1,1,16,0.000,0.000,,,,,NVIDIA A100-SXM4-40GB (0),1,,13,cupy_copy__complex64_complex64
1915394947,2304,2883,103,1,1,128,1,1,16,0.000,0.000,,,,,NVIDIA A100-SXM4-40GB (0),1,,13,cupy_copy__complex64_complex64
1915415363,2016,2890,35,1,1,128,1,1,16,0.000,0.000,,,,,NVIDIA A100-SXM4-40GB (0),1,,13,cupy_copy__complex64_complex64
1915433251,1504,2897,1,1,1,1,1,1,18,0.000,0.000,,,,,NVIDIA A100-SXM4-40GB (0),1,,13,cupy_copy__float32_float32
1915704864,78911,2908,1,1,1,32,32,1,30,0.000,0.000,,,,,NVIDIA A100-SXM4-40GB (0),1,,13,"void convert_kernel<__half2, float2>(tensor_layout_any, T1 *, tensor_layout_any, const T2 *)"
1915817311,4160,2911,,,,,,,,,,0.061,14769.193,Pinned,Device,NVIDIA A100-SXM4-40GB (0),1,,13,[CUDA memcpy Host-to-Device]
1915832702,2592,2912,,,,,,,,,,1.547,596690.632,Device,,NVIDIA A100-SXM4-40GB (0),1,,13,[CUDA memset]
1915839134,2944,2917,,,,,,,,,,0.021,7152.155,Pinned,Device,NVIDIA A100-SXM4-40GB (0),1,,13,[CUDA memcpy Host-to-Device]
1915844894,6848,2918,,,,,,,,,,0.131,19140.182,Pinned,Device,NVIDIA A100-SXM4-40GB (0),1,,13,[CUDA memcpy Host-to-Device]
1915864414,5856,2919,273,1,1,8,4,1,39,0.002,0.000,,,,,NVIDIA A100-SXM4-40GB (0),1,,13,"void channel_eq::eqMmseCoefCompLowMimoKernel<float, float, float, (unsigned int)4, (unsigned int)1, (unsigned int)4>(const channel_eq::_puschRxChEqStatDescr *, channel_eq::_puschRxChEqCoefCompDynDescr)"
1915871262,4896,2920,273,1,1,12,11,1,40,0.002,0.000,,,,,NVIDIA A100-SXM4-40GB (0),1,,13,"void channel_eq::eqMmseSoftDemapKernel<float, __half, __half, float, (unsigned int)4, (unsigned short)16383>(channel_eq::_puschRxChEqStatDescr *, channel_eq::_puschRxChEqSoftDemapDynDescr)"
1915877246,282333,2921,1,1,1,32,32,1,30,0.000,0.000,,,,,NVIDIA A100-SXM4-40GB (0),1,,13,"void convert_kernel<float2, __half2>(tensor_layout_any, T1 *, tensor_layout_any, const T2 *)"
1916160699,10304,2933,2253,1,1,128,1,1,16,0.000,0.000,,,,,NVIDIA A100-SXM4-40GB (0),1,,13,cupy_copy__float16_float16
1916172251,2368,2942,282,1,1,128,1,1,16,0.000,0.000,,,,,NVIDIA A100-SXM4-40GB (0),1,,13,cupy_copy__complex64_complex64
1916175643,1760,2951,26,1,1,128,1,1,16,0.000,0.000,,,,,NVIDIA A100-SXM4-40GB (0),1,,13,cupy_copy__float32_float32
1916178619,2560,2960,103,1,1,128,1,1,16,0.000,0.000,,,,,NVIDIA A100-SXM4-40GB (0),1,,13,cupy_copy__complex64_complex64
1916182267,11391,2970,1434,1,1,128,1,1,16,0.000,0.000,,,,,NVIDIA A100-SXM4-40GB (0),1,,13,cupy_copy__complex64_complex64
1916222010,78079,2975,1,1,1,32,32,1,30,0.000,0.000,,,,,NVIDIA A100-SXM4-40GB (0),1,,13,"void convert_kernel<__half2, float2>(tensor_layout_any, T1 *, tensor_layout_any, const T2 *)"
1916329145,4320,2978,,,,,,,,,,0.061,14222.193,Pinned,Device,NVIDIA A100-SXM4-40GB (0),1,,13,[CUDA memcpy Host-to-Device]
1916340249,586969,2979,,,,,,,,,,456.520,777454.377,Device,,NVIDIA A100-SXM4-40GB (0),1,,13,[CUDA memset]
1916929298,32864,2984,,,,,,,,,,0.825,25113.567,Pinned,Device,NVIDIA A100-SXM4-40GB (0),1,,13,[CUDA memcpy Host-to-Device]
1916964818,6784,2985,,,,,,,,,,0.131,19320.668,Pinned,Device,NVIDIA A100-SXM4-40GB (0),1,,13,[CUDA memcpy Host-to-Device]
1916979538,7136,2986,69,4,1,48,1,1,76,0.002,0.000,,,,,NVIDIA A100-SXM4-40GB (0),1,,13,"void ch_est::windowedChEstPreNoDftSOfdmKernel<float, __half, float, (unsigned int)2, (unsigned int)1, (unsigned short)4>(ch_est::puschRxChEstStatDescr_t *, ch_est::puschRxChEstDynDescr_t *)"
1916987666,6208,2987,137,2,1,24,2,1,44,0.001,0.001,,,,,NVIDIA A100-SXM4-40GB (0),1,,13,"void ch_est::chEstFilterNoDftSOfdmDispatchKernel<float, __half, float, (unsigned int)2>(ch_est::puschRxChEstStatDescr_t *, ch_est::puschRxChEstDynDescr_t *)"
1916994930,4544,2988,137,2,1,24,2,1,44,0.001,0.001,,,,,NVIDIA A100-SXM4-40GB (0),1,,13,"void ch_est::chEstFilterNoDftSOfdmDispatchKernel<float, __half, float, (unsigned int)2>(ch_est::puschRxChEstStatDescr_t *, ch_est::puschRxChEstDynDescr_t *)"
1917000498,2144,2999,103,1,1,128,1,1,16,0.000,0.000,,,,,NVIDIA A100-SXM4-40GB (0),1,,13,cupy_copy__complex64_complex64
1917003634,12511,3009,1434,1,1,128,1,1,16,0.000,0.000,,,,,NVIDIA A100-SXM4-40GB (0),1,,13,cupy_copy__complex64_complex64
1917017329,2080,3016,103,1,1,128,1,1,16,0.000,0.000,,,,,NVIDIA A100-SXM4-40GB (0),1,,13,cupy_copy__complex64_complex64
1917020497,78400,3023,1,1,1,32,32,1,30,0.000,0.000,,,,,NVIDIA A100-SXM4-40GB (0),1,,13,"void convert_kernel<__half2, float2>(tensor_layout_any, T1 *, tensor_layout_any, const T2 *)"
1917128368,4160,3026,,,,,,,,,,0.061,14769.193,Pinned,Device,NVIDIA A100-SXM4-40GB (0),1,,13,[CUDA memcpy Host-to-Device]
1917140656,45120,3027,,,,,,,,,,35.801,793456.676,Device,,NVIDIA A100-SXM4-40GB (0),1,,13,[CUDA memset]
1917192752,1920,3029,,,,,,,,,,0.000,41.667,Pinned,Device,NVIDIA A100-SXM4-40GB (0),1,,13,[CUDA memcpy Host-to-Device]
1917197903,6784,3030,,,,,,,,,,0.131,19320.668,Pinned,Device,NVIDIA A100-SXM4-40GB (0),1,,13,[CUDA memcpy Host-to-Device]
1917210959,8416,3031,273,1,1,48,1,1,40,0.000,0.001,,,,,NVIDIA A100-SXM4-40GB (0),1,,13,"void pusch_noise_intf_est::noiseIntfEstNoDftSOfdmKernel<float, __half, float, float, (unsigned int)2, (unsigned int)1, (unsigned char)4, (unsigned char)4>(pusch_noise_intf_est::puschRxNoiseIntfEstDynDescr)"
1917220879,2400,3042,35,1,1,128,1,1,16,0.000,0.000,,,,,NVIDIA A100-SXM4-40GB (0),1,,13,cupy_copy__complex64_complex64
1917251631,1504,3051,1,1,1,1,1,1,18,0.000,0.000,,,,,NVIDIA A100-SXM4-40GB (0),1,,13,cupy_copy__float32_float32
1917286415,1727,3057,,,,,,,,,,0.000,2.316,Device,Pageable,NVIDIA A100-SXM4-40GB (0),1,,7,[CUDA memcpy Device-to-Host]
1917344238,13056,3068,1434,1,1,128,1,1,16,0.000,0.000,,,,,NVIDIA A100-SXM4-40GB (0),1,,13,cupy_copy__complex64_complex64
1917370542,2336,3075,103,1,1,128,1,1,16,0.000,0.000,,,,,NVIDIA A100-SXM4-40GB (0),1,,13,cupy_copy__complex64_complex64
1917391181,1984,3082,35,1,1,128,1,1,16,0.000,0.000,,,,,NVIDIA A100-SXM4-40GB (0),1,,13,cupy_copy__complex64_complex64
1917409133,1472,3089,1,1,1,1,1,1,18,0.000,0.000,,,,,NVIDIA A100-SXM4-40GB (0),1,,13,cupy_copy__float32_float32
1917547372,77503,3100,1,1,1,32,32,1,30,0.000,0.000,,,,,NVIDIA A100-SXM4-40GB (0),1,,13,"void convert_kernel<__half2, float2>(tensor_layout_any, T1 *, tensor_layout_any, const T2 *)"
1917654698,4384,3103,,,,,,,,,,0.061,14014.587,Pinned,Device,NVIDIA A100-SXM4-40GB (0),1,,13,[CUDA memcpy Host-to-Device]
1917669034,2656,3104,,,,,,,,,,1.547,582313.216,Device,,NVIDIA A100-SXM4-40GB (0),1,,13,[CUDA memset]
1917675530,3264,3109,,,,,,,,,,0.021,6450.969,Pinned,Device,NVIDIA A100-SXM4-40GB (0),1,,13,[CUDA memcpy Host-to-Device]
1917682058,6816,3110,,,,,,,,,,0.131,19229.966,Pinned,Device,NVIDIA A100-SXM4-40GB (0),1,,13,[CUDA memcpy Host-to-Device]
1917692554,5856,3111,273,1,1,8,4,1,39,0.002,0.000,,,,,NVIDIA A100-SXM4-40GB (0),1,,13,"void channel_eq::eqMmseCoefCompLowMimoKernel<float, float, float, (unsigned int)4, (unsigned int)1, (unsigned int)4>(const channel_eq::_puschRxChEqStatDescr *, channel_eq::_puschRxChEqCoefCompDynDescr)"
1917699626,4800,3112,273,1,1,12,11,1,40,0.002,0.000,,,,,NVIDIA A100-SXM4-40GB (0),1,,13,"void channel_eq::eqMmseSoftDemapKernel<float, __half, __half, float, (unsigned int)4, (unsigned short)16383>(channel_eq::_puschRxChEqStatDescr *, channel_eq::_puschRxChEqSoftDemapDynDescr)"
1917705514,281949,3113,1,1,1,32,32,1,30,0.000,0.000,,,,,NVIDIA A100-SXM4-40GB (0),1,,13,"void convert_kernel<float2, __half2>(tensor_layout_any, T1 *, tensor_layout_any, const T2 *)"
1917988519,10304,3125,2253,1,1,128,1,1,16,0.000,0.000,,,,,NVIDIA A100-SXM4-40GB (0),1,,13,cupy_copy__float16_float16
1918000039,2400,3134,282,1,1,128,1,1,16,0.000,0.000,,,,,NVIDIA A100-SXM4-40GB (0),1,,13,cupy_copy__complex64_complex64
1918003463,1792,3143,26,1,1,128,1,1,16,0.000,0.000,,,,,NVIDIA A100-SXM4-40GB (0),1,,13,cupy_copy__float32_float32
1918006439,2528,3152,103,1,1,128,1,1,16,0.000,0.000,,,,,NVIDIA A100-SXM4-40GB (0),1,,13,cupy_copy__complex64_complex64
1918010183,11295,3162,1434,1,1,128,1,1,16,0.000,0.000,,,,,NVIDIA A100-SXM4-40GB (0),1,,13,cupy_copy__complex64_complex64
1918065286,78495,3167,1,1,1,32,32,1,30,0.000,0.000,,,,,NVIDIA A100-SXM4-40GB (0),1,,13,"void convert_kernel<__half2, float2>(tensor_layout_any, T1 *, tensor_layout_any, const T2 *)"
1918171845,4576,3170,,,,,,,,,,0.061,13426.545,Pinned,Device,NVIDIA A100-SXM4-40GB (0),1,,13,[CUDA memcpy Host-to-Device]
1918182629,586969,3171,,,,,,,,,,456.520,777454.377,Device,,NVIDIA A100-SXM4-40GB (0),1,,13,[CUDA memset]
1918778302,33216,3176,,,,,,,,,,0.825,24846.981,Pinned,Device,NVIDIA A100-SXM4-40GB (0),1,,13,[CUDA memcpy Host-to-Device]
1918814462,7264,3177,,,,,,,,,,0.131,18044.027,Pinned,Device,NVIDIA A100-SXM4-40GB (0),1,,13,[CUDA memcpy Host-to-Device]
1918831934,7039,3178,69,4,1,48,1,1,76,0.002,0.000,,,,,NVIDIA A100-SXM4-40GB (0),1,,13,"void ch_est::windowedChEstPreNoDftSOfdmKernel<float, __half, float, (unsigned int)2, (unsigned int)1, (unsigned short)4>(ch_est::puschRxChEstStatDescr_t *, ch_est::puschRxChEstDynDescr_t *)"
1918840061,6208,3179,137,2,1,24,2,1,44,0.001,0.001,,,,,NVIDIA A100-SXM4-40GB (0),1,,13,"void ch_est::chEstFilterNoDftSOfdmDispatchKernel<float, __half, float, (unsigned int)2>(ch_est::puschRxChEstStatDescr_t *, ch_est::puschRxChEstDynDescr_t *)"
1918847453,4576,3180,137,2,1,24,2,1,44,0.001,0.001,,,,,NVIDIA A100-SXM4-40GB (0),1,,13,"void ch_est::chEstFilterNoDftSOfdmDispatchKernel<float, __half, float, (unsigned int)2>(ch_est::puschRxChEstStatDescr_t *, ch_est::puschRxChEstDynDescr_t *)"
1918853309,2144,3191,103,1,1,128,1,1,16,0.000,0.000,,,,,NVIDIA A100-SXM4-40GB (0),1,,13,cupy_copy__complex64_complex64
1918856765,12640,3201,1434,1,1,128,1,1,16,0.000,0.000,,,,,NVIDIA A100-SXM4-40GB (0),1,,13,cupy_copy__complex64_complex64
1918870653,2080,3208,103,1,1,128,1,1,16,0.000,0.000,,,,,NVIDIA A100-SXM4-40GB (0),1,,13,cupy_copy__complex64_complex64
1918873789,78015,3215,1,1,1,32,32,1,30,0.000,0.000,,,,,NVIDIA A100-SXM4-40GB (0),1,,13,"void convert_kernel<__half2, float2>(tensor_layout_any, T1 *, tensor_layout_any, const T2 *)"
1919124122,4352,3218,,,,,,,,,,0.061,14117.622,Pinned,Device,NVIDIA A100-SXM4-40GB (0),1,,13,[CUDA memcpy Host-to-Device]
1919133338,46304,3219,,,,,,,,,,35.801,773157.532,Device,,NVIDIA A100-SXM4-40GB (0),1,,13,[CUDA memset]
1919185434,2464,3221,,,,,,,,,,0.000,32.468,Pinned,Device,NVIDIA A100-SXM4-40GB (0),1,,13,[CUDA memcpy Host-to-Device]
1919191034,7648,3222,,,,,,,,,,0.131,17138.057,Pinned,Device,NVIDIA A100-SXM4-40GB (0),1,,13,[CUDA memcpy Host-to-Device]
1919202810,8959,3223,273,1,1,48,1,1,40,0.000,0.001,,,,,NVIDIA A100-SXM4-40GB (0),1,,13,"void pusch_noise_intf_est::noiseIntfEstNoDftSOfdmKernel<float, __half, float, float, (unsigned int)2, (unsigned int)1, (unsigned char)4, (unsigned char)4>(pusch_noise_intf_est::puschRxNoiseIntfEstDynDescr)"
1919213273,2208,3234,35,1,1,128,1,1,16,0.000,0.000,,,,,NVIDIA A100-SXM4-40GB (0),1,,13,cupy_copy__complex64_complex64
1919241337,1536,3243,1,1,1,1,1,1,18,0.000,0.000,,,,,NVIDIA A100-SXM4-40GB (0),1,,13,cupy_copy__float32_float32
1919276313,2368,3249,,,,,,,,,,0.000,1.689,Device,Pageable,NVIDIA A100-SXM4-40GB (0),1,,7,[CUDA memcpy Device-to-Host]
1919334776,13312,3260,1434,1,1,128,1,1,16,0.000,0.000,,,,,NVIDIA A100-SXM4-40GB (0),1,,13,cupy_copy__complex64_complex64
1919361112,2336,3267,103,1,1,128,1,1,16,0.000,0.000,,,,,NVIDIA A100-SXM4-40GB (0),1,,13,cupy_copy__complex64_complex64
1919381848,1984,3274,35,1,1,128,1,1,16,0.000,0.000,,,,,NVIDIA A100-SXM4-40GB (0),1,,13,cupy_copy__complex64_complex64
1919399671,1472,3281,1,1,1,1,1,1,18,0.000,0.000,,,,,NVIDIA A100-SXM4-40GB (0),1,,13,cupy_copy__float32_float32
1919667252,77856,3292,1,1,1,32,32,1,30,0.000,0.000,,,,,NVIDIA A100-SXM4-40GB (0),1,,13,"void convert_kernel<__half2, float2>(tensor_layout_any, T1 *, tensor_layout_any, const T2 *)"
1919777971,4288,3295,,,,,,,,,,0.061,14328.300,Pinned,Device,NVIDIA A100-SXM4-40GB (0),1,,13,[CUDA memcpy Host-to-Device]
1919793075,2624,3296,,,,,,,,,,1.547,589413.767,Device,,NVIDIA A100-SXM4-40GB (0),1,,13,[CUDA memset]
1919803315,2912,3301,,,,,,,,,,0.021,7230.757,Pinned,Device,NVIDIA A100-SXM4-40GB (0),1,,13,[CUDA memcpy Host-to-Device]
1919814259,6912,3302,,,,,,,,,,0.131,18962.842,Pinned,Device,NVIDIA A100-SXM4-40GB (0),1,,13,[CUDA memcpy Host-to-Device]
1919828275,5824,3303,273,1,1,8,4,1,39,0.002,0.000,,,,,NVIDIA A100-SXM4-40GB (0),1,,13,"void channel_eq::eqMmseCoefCompLowMimoKernel<float, float, float, (unsigned int)4, (unsigned int)1, (unsigned int)4>(const channel_eq::_puschRxChEqStatDescr *, channel_eq::_puschRxChEqCoefCompDynDescr)"
1919835347,4864,3304,273,1,1,12,11,1,40,0.002,0.000,,,,,NVIDIA A100-SXM4-40GB (0),1,,13,"void channel_eq::eqMmseSoftDemapKernel<float, __half, __half, float, (unsigned int)4, (unsigned short)16383>(channel_eq::_puschRxChEqStatDescr *, channel_eq::_puschRxChEqSoftDemapDynDescr)"
1919841427,282428,3305,1,1,1,32,32,1,30,0.000,0.000,,,,,NVIDIA A100-SXM4-40GB (0),1,,13,"void convert_kernel<float2, __half2>(tensor_layout_any, T1 *, tensor_layout_any, const T2 *)"
1920124943,10240,3317,2253,1,1,128,1,1,16,0.000,0.000,,,,,NVIDIA A100-SXM4-40GB (0),1,,13,cupy_copy__float16_float16
1920136463,2400,3326,282,1,1,128,1,1,16,0.000,0.000,,,,,NVIDIA A100-SXM4-40GB (0),1,,13,cupy_copy__complex64_complex64
1920139855,1792,3335,26,1,1,128,1,1,16,0.000,0.000,,,,,NVIDIA A100-SXM4-40GB (0),1,,13,cupy_copy__float32_float32
1920142863,2560,3344,103,1,1,128,1,1,16,0.000,0.000,,,,,NVIDIA A100-SXM4-40GB (0),1,,13,cupy_copy__complex64_complex64
1920146607,11328,3354,1434,1,1,128,1,1,16,0.000,0.000,,,,,NVIDIA A100-SXM4-40GB (0),1,,13,cupy_copy__complex64_complex64
1920188559,78815,3359,1,1,1,32,32,1,30,0.000,0.000,,,,,NVIDIA A100-SXM4-40GB (0),1,,13,"void convert_kernel<__half2, float2>(tensor_layout_any, T1 *, tensor_layout_any, const T2 *)"
1920426700,4480,3362,,,,,,,,,,0.061,13714.268,Pinned,Device,NVIDIA A100-SXM4-40GB (0),1,,13,[CUDA memcpy Host-to-Device]
1920435436,589338,3363,,,,,,,,,,456.520,774258.734,Device,,NVIDIA A100-SXM4-40GB (0),1,,13,[CUDA memset]
1921030949,32896,3368,,,,,,,,,,0.825,25088.807,Pinned,Device,NVIDIA A100-SXM4-40GB (0),1,,13,[CUDA memcpy Host-to-Device]
1921066437,6880,3369,,,,,,,,,,0.131,19051.053,Pinned,Device,NVIDIA A100-SXM4-40GB (0),1,,13,[CUDA memcpy Host-to-Device]
1921081637,7520,3370,69,4,1,48,1,1,76,0.002,0.000,,,,,NVIDIA A100-SXM4-40GB (0),1,,13,"void ch_est::windowedChEstPreNoDftSOfdmKernel<float, __half, float, (unsigned int)2, (unsigned int)1, (unsigned short)4>(ch_est::puschRxChEstStatDescr_t *, ch_est::puschRxChEstDynDescr_t *)"
1921090373,6240,3371,137,2,1,24,2,1,44,0.001,0.001,,,,,NVIDIA A100-SXM4-40GB (0),1,,13,"void ch_est::chEstFilterNoDftSOfdmDispatchKernel<float, __half, float, (unsigned int)2>(ch_est::puschRxChEstStatDescr_t *, ch_est::puschRxChEstDynDescr_t *)"
1921097637,4544,3372,137,2,1,24,2,1,44,0.001,0.001,,,,,NVIDIA A100-SXM4-40GB (0),1,,13,"void ch_est::chEstFilterNoDftSOfdmDispatchKernel<float, __half, float, (unsigned int)2>(ch_est::puschRxChEstStatDescr_t *, ch_est::puschRxChEstDynDescr_t *)"
1921103429,2144,3383,103,1,1,128,1,1,16,0.000,0.000,,,,,NVIDIA A100-SXM4-40GB (0),1,,13,cupy_copy__complex64_complex64
1921106565,12608,3393,1434,1,1,128,1,1,16,0.000,0.000,,,,,NVIDIA A100-SXM4-40GB (0),1,,13,cupy_copy__complex64_complex64
1921120453,2079,3400,103,1,1,128,1,1,16,0.000,0.000,,,,,NVIDIA A100-SXM4-40GB (0),1,,13,cupy_copy__complex64_complex64
1921123620,78464,3407,1,1,1,32,32,1,30,0.000,0.000,,,,,NVIDIA A100-SXM4-40GB (0),1,,13,"void convert_kernel<__half2, float2>(tensor_layout_any, T1 *, tensor_layout_any, const T2 *)"
1921234051,4608,3410,,,,,,,,,,0.061,13333.279,Pinned,Device,NVIDIA A100-SXM4-40GB (0),1,,13,[CUDA memcpy Host-to-Device]
1921247171,44992,3411,,,,,,,,,,35.801,795712.137,Device,,NVIDIA A100-SXM4-40GB (0),1,,13,[CUDA memset]
1921299363,2432,3413,,,,,,,,,,0.000,32.895,Pinned,Device,NVIDIA A100-SXM4-40GB (0),1,,13,[CUDA memcpy Host-to-Device]
1921303906,7072,3414,,,,,,,,,,0.131,18533.843,Pinned,Device,NVIDIA A100-SXM4-40GB (0),1,,13,[CUDA memcpy Host-to-Device]
1921318178,8544,3415,273,1,1,48,1,1,40,0.000,0.001,,,,,NVIDIA A100-SXM4-40GB (0),1,,13,"void pusch_noise_intf_est::noiseIntfEstNoDftSOfdmKernel<float, __half, float, float, (unsigned int)2, (unsigned int)1, (unsigned char)4, (unsigned char)4>(pusch_noise_intf_est::puschRxNoiseIntfEstDynDescr)"
1921329090,2272,3426,35,1,1,128,1,1,16,0.000,0.000,,,,,NVIDIA A100-SXM4-40GB (0),1,,13,cupy_copy__complex64_complex64
1921364482,1504,3435,1,1,1,1,1,1,18,0.000,0.000,,,,,NVIDIA A100-SXM4-40GB (0),1,,13,cupy_copy__float32_float32
1921398753,2240,3441,,,,,,,,,,0.000,1.786,Device,Pageable,NVIDIA A100-SXM4-40GB (0),1,,7,[CUDA memcpy Device-to-Host]
1921457409,13600,3452,1434,1,1,128,1,1,16,0.000,0.000,,,,,NVIDIA A100-SXM4-40GB (0),1,,13,cupy_copy__complex64_complex64
1921484609,2367,3459,103,1,1,128,1,1,16,0.000,0.000,,,,,NVIDIA A100-SXM4-40GB (0),1,,13,cupy_copy__complex64_complex64
1921505472,1984,3466,35,1,1,128,1,1,16,0.000,0.000,,,,,NVIDIA A100-SXM4-40GB (0),1,,13,cupy_copy__complex64_complex64
1921523328,1440,3473,1,1,1,1,1,1,18,0.000,0.000,,,,,NVIDIA A100-SXM4-40GB (0),1,,13,cupy_copy__float32_float32
1921659967,78207,3484,1,1,1,32,32,1,30,0.000,0.000,,,,,NVIDIA A100-SXM4-40GB (0),1,,13,"void convert_kernel<__half2, float2>(tensor_layout_any, T1 *, tensor_layout_any, const T2 *)"
1921767581,4256,3487,,,,,,,,,,0.061,14436.065,Pinned,Device,NVIDIA A100-SXM4-40GB (0),1,,13,[CUDA memcpy Host-to-Device]
1921781533,2656,3488,,,,,,,,,,1.547,582313.216,Device,,NVIDIA A100-SXM4-40GB (0),1,,13,[CUDA memset]
1921787741,3264,3493,,,,,,,,,,0.021,6450.969,Pinned,Device,NVIDIA A100-SXM4-40GB (0),1,,13,[CUDA memcpy Host-to-Device]
1921793117,7328,3494,,,,,,,,,,0.131,17886.347,Pinned,Device,NVIDIA A100-SXM4-40GB (0),1,,13,[CUDA memcpy Host-to-Device]
1921804829,6016,3495,273,1,1,8,4,1,39,0.002,0.000,,,,,NVIDIA A100-SXM4-40GB (0),1,,13,"void channel_eq::eqMmseCoefCompLowMimoKernel<float, float, float, (unsigned int)4, (unsigned int)1, (unsigned int)4>(const channel_eq::_puschRxChEqStatDescr *, channel_eq::_puschRxChEqCoefCompDynDescr)"
1921811869,4992,3496,273,1,1,12,11,1,40,0.002,0.000,,,,,NVIDIA A100-SXM4-40GB (0),1,,13,"void channel_eq::eqMmseSoftDemapKernel<float, __half, __half, float, (unsigned int)4, (unsigned short)16383>(channel_eq::_puschRxChEqStatDescr *, channel_eq::_puschRxChEqSoftDemapDynDescr)"
1921818141,282173,3497,1,1,1,32,32,1,30,0.000,0.000,,,,,NVIDIA A100-SXM4-40GB (0),1,,13,"void convert_kernel<float2, __half2>(tensor_layout_any, T1 *, tensor_layout_any, const T2 *)"
1922101370,10176,3509,2253,1,1,128,1,1,16,0.000,0.000,,,,,NVIDIA A100-SXM4-40GB (0),1,,13,cupy_copy__float16_float16
1922112570,2400,3518,282,1,1,128,1,1,16,0.000,0.000,,,,,NVIDIA A100-SXM4-40GB (0),1,,13,cupy_copy__complex64_complex64
1922115962,1792,3527,26,1,1,128,1,1,16,0.000,0.000,,,,,NVIDIA A100-SXM4-40GB (0),1,,13,cupy_copy__float32_float32
1922118874,2528,3536,103,1,1,128,1,1,16,0.000,0.000,,,,,NVIDIA A100-SXM4-40GB (0),1,,13,cupy_copy__complex64_complex64
1922122618,11615,3546,1434,1,1,128,1,1,16,0.000,0.000,,,,,NVIDIA A100-SXM4-40GB (0),1,,13,cupy_copy__complex64_complex64
1922179193,78303,3551,1,1,1,32,32,1,30,0.000,0.000,,,,,NVIDIA A100-SXM4-40GB (0),1,,13,"void convert_kernel<__half2, float2>(tensor_layout_any, T1 *, tensor_layout_any, const T2 *)"
1922285592,4128,3554,,,,,,,,,,0.061,14883.717,Pinned,Device,NVIDIA A100-SXM4-40GB (0),1,,13,[CUDA memcpy Host-to-Device]
1922296440,587289,3555,,,,,,,,,,456.520,776997.857,Device,,NVIDIA A100-SXM4-40GB (0),1,,13,[CUDA memset]
1922889233,33088,3560,,,,,,,,,,0.825,24943.546,Pinned,Device,NVIDIA A100-SXM4-40GB (0),1,,13,[CUDA memcpy Host-to-Device]
1922925265,6880,3561,,,,,,,,,,0.131,19051.053,Pinned,Device,NVIDIA A100-SXM4-40GB (0),1,,13,[CUDA memcpy Host-to-Device]
1922943217,7199,3562,69,4,1,48,1,1,76,0.002,0.000,,,,,NVIDIA A100-SXM4-40GB (0),1,,13,"void ch_est::windowedChEstPreNoDftSOfdmKernel<float, __half, float, (unsigned int)2, (unsigned int)1, (unsigned short)4>(ch_est::puschRxChEstStatDescr_t *, ch_est::puschRxChEstDynDescr_t *)"
1922951472,6464,3563,137,2,1,24,2,1,44,0.001,0.001,,,,,NVIDIA A100-SXM4-40GB (0),1,,13,"void ch_est::chEstFilterNoDftSOfdmDispatchKernel<float, __half, float, (unsigned int)2>(ch_est::puschRxChEstStatDescr_t *, ch_est::puschRxChEstDynDescr_t *)"
1922959152,4576,3564,137,2,1,24,2,1,44,0.001,0.001,,,,,NVIDIA A100-SXM4-40GB (0),1,,13,"void ch_est::chEstFilterNoDftSOfdmDispatchKernel<float, __half, float, (unsigned int)2>(ch_est::puschRxChEstStatDescr_t *, ch_est::puschRxChEstDynDescr_t *)"
1922964944,2144,3575,103,1,1,128,1,1,16,0.000,0.000,,,,,NVIDIA A100-SXM4-40GB (0),1,,13,cupy_copy__complex64_complex64
1922968080,12704,3585,1434,1,1,128,1,1,16,0.000,0.000,,,,,NVIDIA A100-SXM4-40GB (0),1,,13,cupy_copy__complex64_complex64
1922981840,2080,3592,103,1,1,128,1,1,16,0.000,0.000,,,,,NVIDIA A100-SXM4-40GB (0),1,,13,cupy_copy__complex64_complex64
1922985168,78303,3599,1,1,1,32,32,1,30,0.000,0.000,,,,,NVIDIA A100-SXM4-40GB (0),1,,13,"void convert_kernel<__half2, float2>(tensor_layout_any, T1 *, tensor_layout_any, const T2 *)"
1923091599,4608,3602,,,,,,,,,,0.061,13333.279,Pinned,Device,NVIDIA A100-SXM4-40GB (0),1,,13,[CUDA memcpy Host-to-Device]
1923103855,45151,3603,,,,,,,,,,35.801,792883.861,Device,,NVIDIA A100-SXM4-40GB (0),1,,13,[CUDA memset]
1923157902,2208,3605,,,,,,,,,,0.000,36.232,Pinned,Device,NVIDIA A100-SXM4-40GB (0),1,,13,[CUDA memcpy Host-to-Device]
1923162958,7072,3606,,,,,,,,,,0.131,18533.843,Pinned,Device,NVIDIA A100-SXM4-40GB (0),1,,13,[CUDA memcpy Host-to-Device]
1923178254,8576,3607,273,1,1,48,1,1,40,0.000,0.001,,,,,NVIDIA A100-SXM4-40GB (0),1,,13,"void pusch_noise_intf_est::noiseIntfEstNoDftSOfdmKernel<float, __half, float, float, (unsigned int)2, (unsigned int)1, (unsigned char)4, (unsigned char)4>(pusch_noise_intf_est::puschRxNoiseIntfEstDynDescr)"
1923188462,2176,3618,35,1,1,128,1,1,16,0.000,0.000,,,,,NVIDIA A100-SXM4-40GB (0),1,,13,cupy_copy__complex64_complex64
1923215662,1504,3627,1,1,1,1,1,1,18,0.000,0.000,,,,,NVIDIA A100-SXM4-40GB (0),1,,13,cupy_copy__float32_float32
1923249837,1664,3633,,,,,,,,,,0.000,2.404,Device,Pageable,NVIDIA A100-SXM4-40GB (0),1,,7,[CUDA memcpy Device-to-Host]
1923308109,13151,3644,1434,1,1,128,1,1,16,0.000,0.000,,,,,NVIDIA A100-SXM4-40GB (0),1,,13,cupy_copy__complex64_complex64
1923333580,2304,3651,103,1,1,128,1,1,16,0.000,0.000,,,,,NVIDIA A100-SXM4-40GB (0),1,,13,cupy_copy__complex64_complex64
1923353356,2016,3658,35,1,1,128,1,1,16,0.000,0.000,,,,,NVIDIA A100-SXM4-40GB (0),1,,13,cupy_copy__complex64_complex64
1923371180,1472,3665,1,1,1,1,1,1,18,0.000,0.000,,,,,NVIDIA A100-SXM4-40GB (0),1,,13,cupy_copy__float32_float32
1923506570,78336,3676,1,1,1,32,32,1,30,0.000,0.000,,,,,NVIDIA A100-SXM4-40GB (0),1,,13,"void convert_kernel<__half2, float2>(tensor_layout_any, T1 *, tensor_layout_any, const T2 *)"
1923613577,4512,3679,,,,,,,,,,0.061,13617.009,Pinned,Device,NVIDIA A100-SXM4-40GB (0),1,,13,[CUDA memcpy Host-to-Device]
1923627817,2528,3680,,,,,,,,,,1.547,611796.509,Device,,NVIDIA A100-SXM4-40GB (0),1,,13,[CUDA memset]
1923634025,2752,3685,,,,,,,,,,0.021,7651.161,Pinned,Device,NVIDIA A100-SXM4-40GB (0),1,,13,[CUDA memcpy Host-to-Device]
1923640361,6976,3686,,,,,,,,,,0.131,18788.909,Pinned,Device,NVIDIA A100-SXM4-40GB (0),1,,13,[CUDA memcpy Host-to-Device]
1923659017,5824,3687,273,1,1,8,4,1,39,0.002,0.000,,,,,NVIDIA A100-SXM4-40GB (0),1,,13,"void channel_eq::eqMmseCoefCompLowMimoKernel<float, float, float, (unsigned int)4, (unsigned int)1, (unsigned int)4>(const channel_eq::_puschRxChEqStatDescr *, channel_eq::_puschRxChEqCoefCompDynDescr)"
1923665865,4768,3688,273,1,1,12,11,1,40,0.002,0.000,,,,,NVIDIA A100-SXM4-40GB (0),1,,13,"void channel_eq::eqMmseSoftDemapKernel<float, __half, __half, float, (unsigned int)4, (unsigned short)16383>(channel_eq::_puschRxChEqStatDescr *, channel_eq::_puschRxChEqSoftDemapDynDescr)"
1923671913,282716,3689,1,1,1,32,32,1,30,0.000,0.000,,,,,NVIDIA A100-SXM4-40GB (0),1,,13,"void convert_kernel<float2, __half2>(tensor_layout_any, T1 *, tensor_layout_any, const T2 *)"
1923955685,10336,3701,2253,1,1,128,1,1,16,0.000,0.000,,,,,NVIDIA A100-SXM4-40GB (0),1,,13,cupy_copy__float16_float16
1923967237,2400,3710,282,1,1,128,1,1,16,0.000,0.000,,,,,NVIDIA A100-SXM4-40GB (0),1,,13,cupy_copy__complex64_complex64
1923970629,1792,3719,26,1,1,128,1,1,16,0.000,0.000,,,,,NVIDIA A100-SXM4-40GB (0),1,,13,cupy_copy__float32_float32
1923973637,2528,3728,103,1,1,128,1,1,16,0.000,0.000,,,,,NVIDIA A100-SXM4-40GB (0),1,,13,cupy_copy__complex64_complex64
1923977349,11392,3738,1434,1,1,128,1,1,16,0.000,0.000,,,,,NVIDIA A100-SXM4-40GB (0),1,,13,cupy_copy__complex64_complex64
1924014917,78719,3743,1,1,1,32,32,1,30,0.000,0.000,,,,,NVIDIA A100-SXM4-40GB (0),1,,13,"void convert_kernel<__half2, float2>(tensor_layout_any, T1 *, tensor_layout_any, const T2 *)"
1924264322,4352,3746,,,,,,,,,,0.061,14117.622,Pinned,Device,NVIDIA A100-SXM4-40GB (0),1,,13,[CUDA memcpy Host-to-Device]
1924275426,589945,3747,,,,,,,,,,456.520,773802.214,Device,,NVIDIA A100-SXM4-40GB (0),1,,13,[CUDA memset]
1924868443,33088,3752,,,,,,,,,,0.825,24943.546,Pinned,Device,NVIDIA A100-SXM4-40GB (0),1,,13,[CUDA memcpy Host-to-Device]
1924905339,6944,3753,,,,,,,,,,0.131,18875.548,Pinned,Device,NVIDIA A100-SXM4-40GB (0),1,,13,[CUDA memcpy Host-to-Device]
1924920571,7232,3754,69,4,1,48,1,1,76,0.002,0.000,,,,,NVIDIA A100-SXM4-40GB (0),1,,13,"void ch_est::windowedChEstPreNoDftSOfdmKernel<float, __half, float, (unsigned int)2, (unsigned int)1, (unsigned short)4>(ch_est::puschRxChEstStatDescr_t *, ch_est::puschRxChEstDynDescr_t *)"
1924929019,6208,3755,137,2,1,24,2,1,44,0.001,0.001,,,,,NVIDIA A100-SXM4-40GB (0),1,,13,"void ch_est::chEstFilterNoDftSOfdmDispatchKernel<float, __half, float, (unsigned int)2>(ch_est::puschRxChEstStatDescr_t *, ch_est::puschRxChEstDynDescr_t *)"
1924936283,4576,3756,137,2,1,24,2,1,44,0.001,0.001,,,,,NVIDIA A100-SXM4-40GB (0),1,,13,"void ch_est::chEstFilterNoDftSOfdmDispatchKernel<float, __half, float, (unsigned int)2>(ch_est::puschRxChEstStatDescr_t *, ch_est::puschRxChEstDynDescr_t *)"
1924941851,2592,3767,103,1,1,128,1,1,16,0.000,0.000,,,,,NVIDIA A100-SXM4-40GB (0),1,,13,cupy_copy__complex64_complex64
1924945499,12607,3777,1434,1,1,128,1,1,16,0.000,0.000,,,,,NVIDIA A100-SXM4-40GB (0),1,,13,cupy_copy__complex64_complex64
1924959130,2080,3784,103,1,1,128,1,1,16,0.000,0.000,,,,,NVIDIA A100-SXM4-40GB (0),1,,13,cupy_copy__complex64_complex64
1924962298,77824,3791,1,1,1,32,32,1,30,0.000,0.000,,,,,NVIDIA A100-SXM4-40GB (0),1,,13,"void convert_kernel<__half2, float2>(tensor_layout_any, T1 *, tensor_layout_any, const T2 *)"
1925070969,4256,3794,,,,,,,,,,0.061,14436.065,Pinned,Device,NVIDIA A100-SXM4-40GB (0),1,,13,[CUDA memcpy Host-to-Device]
1925086585,44960,3795,,,,,,,,,,35.801,796249.151,Device,,NVIDIA A100-SXM4-40GB (0),1,,13,[CUDA memset]
1925138904,2592,3797,,,,,,,,,,0.000,30.864,Pinned,Device,NVIDIA A100-SXM4-40GB (0),1,,13,[CUDA memcpy Host-to-Device]
1925144216,6880,3798,,,,,,,,,,0.131,19051.053,Pinned,Device,NVIDIA A100-SXM4-40GB (0),1,,13,[CUDA memcpy Host-to-Device]
1925162232,8608,3799,273,1,1,48,1,1,40,0.000,0.001,,,,,NVIDIA A100-SXM4-40GB (0),1,,13,"void pusch_noise_intf_est::noiseIntfEstNoDftSOfdmKernel<float, __half, float, float, (unsigned int)2, (unsigned int)1, (unsigned char)4, (unsigned char)4>(pusch_noise_intf_est::puschRxNoiseIntfEstDynDescr)"
1925172440,2272,3810,35,1,1,128,1,1,16,0.000,0.000,,,,,NVIDIA A100-SXM4-40GB (0),1,,13,cupy_copy__complex64_complex64
1925200120,1504,3819,1,1,1,1,1,1,18,0.000,0.000,,,,,NVIDIA A100-SXM4-40GB (0),1,,13,cupy_copy__float32_float32
1925234487,1696,3825,,,,,,,,,,0.000,2.358,Device,Pageable,NVIDIA A100-SXM4-40GB (0),1,,7,[CUDA memcpy Device-to-Host]
1925292567,13280,3836,1434,1,1,128,1,1,16,0.000,0.000,,,,,NVIDIA A100-SXM4-40GB (0),1,,13,cupy_copy__complex64_complex64
1925319607,2335,3843,103,1,1,128,1,1,16,0.000,0.000,,,,,NVIDIA A100-SXM4-40GB (0),1,,13,cupy_copy__complex64_complex64
1925339190,1984,3850,35,1,1,128,1,1,16,0.000,0.000,,,,,NVIDIA A100-SXM4-40GB (0),1,,13,cupy_copy__complex64_complex64
1925356470,1440,3857,1,1,1,1,1,1,18,0.000,0.000,,,,,NVIDIA A100-SXM4-40GB (0),1,,13,cupy_copy__float32_float32
1925492341,78591,3868,1,1,1,32,32,1,30,0.000,0.000,,,,,NVIDIA A100-SXM4-40GB (0),1,,13,"void convert_kernel<__half2, float2>(tensor_layout_any, T1 *, tensor_layout_any, const T2 *)"
1925730738,4704,3871,,,,,,,,,,0.061,13061.222,Pinned,Device,NVIDIA A100-SXM4-40GB (0),1,,13,[CUDA memcpy Host-to-Device]
1925741906,2656,3872,,,,,,,,,,1.547,582313.216,Device,,NVIDIA A100-SXM4-40GB (0),1,,13,[CUDA memset]
1925745202,2720,3877,,,,,,,,,,0.021,7741.175,Pinned,Device,NVIDIA A100-SXM4-40GB (0),1,,13,[CUDA memcpy Host-to-Device]
1925750034,6752,3878,,,,,,,,,,0.131,19412.287,Pinned,Device,NVIDIA A100-SXM4-40GB (0),1,,13,[CUDA memcpy Host-to-Device]
1925768434,5920,3879,273,1,1,8,4,1,39,0.002,0.000,,,,,NVIDIA A100-SXM4-40GB (0),1,,13,"void channel_eq::eqMmseCoefCompLowMimoKernel<float, float, float, (unsigned int)4, (unsigned int)1, (unsigned int)4>(const channel_eq::_puschRxChEqStatDescr *, channel_eq::_puschRxChEqCoefCompDynDescr)"
1925775474,4863,3880,273,1,1,12,11,1,40,0.002,0.000,,,,,NVIDIA A100-SXM4-40GB (0),1,,13,"void channel_eq::eqMmseSoftDemapKernel<float, __half, __half, float, (unsigned int)4, (unsigned short)16383>(channel_eq::_puschRxChEqStatDescr *, channel_eq::_puschRxChEqSoftDemapDynDescr)"
1925781553,282205,3881,1,1,1,32,32,1,30,0.000,0.000,,,,,NVIDIA A100-SXM4-40GB (0),1,,13,"void convert_kernel<float2, __half2>(tensor_layout_any, T1 *, tensor_layout_any, const T2 *)"
1926064814,10208,3893,2253,1,1,128,1,1,16,0.000,0.000,,,,,NVIDIA A100-SXM4-40GB (0),1,,13,cupy_copy__float16_float16
1926075982,2400,3902,282,1,1,128,1,1,16,0.000,0.000,,,,,NVIDIA A100-SXM4-40GB (0),1,,13,cupy_copy__complex64_complex64
1926079406,1760,3911,26,1,1,128,1,1,16,0.000,0.000,,,,,NVIDIA A100-SXM4-40GB (0),1,,13,cupy_copy__float32_float32
1926082318,2496,3920,103,1,1,128,1,1,16,0.000,0.000,,,,,NVIDIA A100-SXM4-40GB (0),1,,13,cupy_copy__complex64_complex64
1926086030,11328,3930,1434,1,1,128,1,1,16,0.000,0.000,,,,,NVIDIA A100-SXM4-40GB (0),1,,13,cupy_copy__complex64_complex64
1926259372,78591,3935,1,1,1,32,32,1,30,0.000,0.000,,,,,NVIDIA A100-SXM4-40GB (0),1,,13,"void convert_kernel<__half2, float2>(tensor_layout_any, T1 *, tensor_layout_any, const T2 *)"
1926369195,4192,3938,,,,,,,,,,0.061,14656.451,Pinned,Device,NVIDIA A100-SXM4-40GB (0),1,,13,[CUDA memcpy Host-to-Device]
1926380203,587609,3939,,,,,,,,,,456.520,776541.336,Device,,NVIDIA A100-SXM4-40GB (0),1,,13,[CUDA memset]
1926970820,33376,3944,,,,,,,,,,0.825,24728.132,Pinned,Device,NVIDIA A100-SXM4-40GB (0),1,,13,[CUDA memcpy Host-to-Device]
1927007076,6880,3945,,,,,,,,,,0.131,19051.053,Pinned,Device,NVIDIA A100-SXM4-40GB (0),1,,13,[CUDA memcpy Host-to-Device]
1927023844,7136,3946,69,4,1,48,1,1,76,0.002,0.000,,,,,NVIDIA A100-SXM4-40GB (0),1,,13,"void ch_est::windowedChEstPreNoDftSOfdmKernel<float, __half, float, (unsigned int)2, (unsigned int)1, (unsigned short)4>(ch_est::puschRxChEstStatDescr_t *, ch_est::puschRxChEstDynDescr_t *)"
1927032324,6368,3947,137,2,1,24,2,1,44,0.001,0.001,,,,,NVIDIA A100-SXM4-40GB (0),1,,13,"void ch_est::chEstFilterNoDftSOfdmDispatchKernel<float, __half, float, (unsigned int)2>(ch_est::puschRxChEstStatDescr_t *, ch_est::puschRxChEstDynDescr_t *)"
1927039876,4576,3948,137,2,1,24,2,1,44,0.001,0.001,,,,,NVIDIA A100-SXM4-40GB (0),1,,13,"void ch_est::chEstFilterNoDftSOfdmDispatchKernel<float, __half, float, (unsigned int)2>(ch_est::puschRxChEstStatDescr_t *, ch_est::puschRxChEstDynDescr_t *)"
1927045668,2144,3959,103,1,1,128,1,1,16,0.000,0.000,,,,,NVIDIA A100-SXM4-40GB (0),1,,13,cupy_copy__complex64_complex64
1927049092,12863,3969,1434,1,1,128,1,1,16,0.000,0.000,,,,,NVIDIA A100-SXM4-40GB (0),1,,13,cupy_copy__complex64_complex64
1927063171,2048,3976,103,1,1,128,1,1,16,0.000,0.000,,,,,NVIDIA A100-SXM4-40GB (0),1,,13,cupy_copy__complex64_complex64
1927066307,78304,3983,1,1,1,32,32,1,30,0.000,0.000,,,,,NVIDIA A100-SXM4-40GB (0),1,,13,"void convert_kernel<__half2, float2>(tensor_layout_any, T1 *, tensor_layout_any, const T2 *)"
1927173538,4352,3986,,,,,,,,,,0.061,14117.622,Pinned,Device,NVIDIA A100-SXM4-40GB (0),1,,13,[CUDA memcpy Host-to-Device]
1927186146,45120,3987,,,,,,,,,,35.801,793456.676,Device,,NVIDIA A100-SXM4-40GB (0),1,,13,[CUDA memset]
1927238081,2112,3989,,,,,,,,,,0.000,37.879,Pinned,Device,NVIDIA A100-SXM4-40GB (0),1,,13,[CUDA memcpy Host-to-Device]
1927243937,7040,3990,,,,,,,,,,0.131,18618.122,Pinned,Device,NVIDIA A100-SXM4-40GB (0),1,,13,[CUDA memcpy Host-to-Device]
1927257633,8512,3991,273,1,1,48,1,1,40,0.000,0.001,,,,,NVIDIA A100-SXM4-40GB (0),1,,13,"void pusch_noise_intf_est::noiseIntfEstNoDftSOfdmKernel<float, __half, float, float, (unsigned int)2, (unsigned int)1, (unsigned char)4, (unsigned char)4>(pusch_noise_intf_est::puschRxNoiseIntfEstDynDescr)"
1927267809,2048,4002,35,1,1,128,1,1,16,0.000,0.000,,,,,NVIDIA A100-SXM4-40GB (0),1,,13,cupy_copy__complex64_complex64
1927294337,1504,4011,1,1,1,1,1,1,18,0.000,0.000,,,,,NVIDIA A100-SXM4-40GB (0),1,,13,cupy_copy__float32_float32
1927328704,2560,4017,,,,,,,,,,0.000,1.562,Device,Pageable,NVIDIA A100-SXM4-40GB (0),1,,7,[CUDA memcpy Device-to-Host]
1927387136,13184,4028,1434,1,1,128,1,1,16,0.000,0.000,,,,,NVIDIA A100-SXM4-40GB (0),1,,13,cupy_copy__complex64_complex64
1927412928,2368,4035,103,1,1,128,1,1,16,0.000,0.000,,,,,NVIDIA A100-SXM4-40GB (0),1,,13,cupy_copy__complex64_complex64
1927433663,2016,4042,35,1,1,128,1,1,16,0.000,0.000,,,,,NVIDIA A100-SXM4-40GB (0),1,,13,cupy_copy__complex64_complex64
1927451103,1504,4049,1,1,1,1,1,1,18,0.000,0.000,,,,,NVIDIA A100-SXM4-40GB (0),1,,13,cupy_copy__float32_float32
1927586270,78847,4060,1,1,1,32,32,1,30,0.000,0.000,,,,,NVIDIA A100-SXM4-40GB (0),1,,13,"void convert_kernel<__half2, float2>(tensor_layout_any, T1 *, tensor_layout_any, const T2 *)"
1927693757,4191,4063,,,,,,,,,,0.061,14659.953,Pinned,Device,NVIDIA A100-SXM4-40GB (0),1,,13,[CUDA memcpy Host-to-Device]
1927708572,2592,4064,,,,,,,,,,1.547,596690.632,Device,,NVIDIA A100-SXM4-40GB (0),1,,13,[CUDA memset]
1927714716,3456,4069,,,,,,,,,,0.021,6092.575,Pinned,Device,NVIDIA A100-SXM4-40GB (0),1,,13,[CUDA memcpy Host-to-Device]
1927721244,7072,4070,,,,,,,,,,0.131,18533.843,Pinned,Device,NVIDIA A100-SXM4-40GB (0),1,,13,[CUDA memcpy Host-to-Device]
1927732476,5824,4071,273,1,1,8,4,1,39,0.002,0.000,,,,,NVIDIA A100-SXM4-40GB (0),1,,13,"void channel_eq::eqMmseCoefCompLowMimoKernel<float, float, float, (unsigned int)4, (unsigned int)1, (unsigned int)4>(const channel_eq::_puschRxChEqStatDescr *, channel_eq::_puschRxChEqCoefCompDynDescr)"
1927739516,4768,4072,273,1,1,12,11,1,40,0.002,0.000,,,,,NVIDIA A100-SXM4-40GB (0),1,,13,"void channel_eq::eqMmseSoftDemapKernel<float, __half, __half, float, (unsigned int)4, (unsigned short)16383>(channel_eq::_puschRxChEqStatDescr *, channel_eq::_puschRxChEqSoftDemapDynDescr)"
1927745564,281789,4073,1,1,1,32,32,1,30,0.000,0.000,,,,,NVIDIA A100-SXM4-40GB (0),1,,13,"void convert_kernel<float2, __half2>(tensor_layout_any, T1 *, tensor_layout_any, const T2 *)"
1928028537,10304,4085,2253,1,1,128,1,1,16,0.000,0.000,,,,,NVIDIA A100-SXM4-40GB (0),1,,13,cupy_copy__float16_float16
1928040057,2368,4094,282,1,1,128,1,1,16,0.000,0.000,,,,,NVIDIA A100-SXM4-40GB (0),1,,13,cupy_copy__complex64_complex64
1928043449,1760,4103,26,1,1,128,1,1,16,0.000,0.000,,,,,NVIDIA A100-SXM4-40GB (0),1,,13,cupy_copy__float32_float32
1928046457,2528,4112,103,1,1,128,1,1,16,0.000,0.000,,,,,NVIDIA A100-SXM4-40GB (0),1,,13,cupy_copy__complex64_complex64
1928050201,11167,4122,1434,1,1,128,1,1,16,0.000,0.000,,,,,NVIDIA A100-SXM4-40GB (0),1,,13,cupy_copy__complex64_complex64
1928091960,77855,4127,1,1,1,32,32,1,30,0.000,0.000,,,,,NVIDIA A100-SXM4-40GB (0),1,,13,"void convert_kernel<__half2, float2>(tensor_layout_any, T1 *, tensor_layout_any, const T2 *)"
1928196695,4576,4130,,,,,,,,,,0.061,13426.545,Pinned,Device,NVIDIA A100-SXM4-40GB (0),1,,13,[CUDA memcpy Host-to-Device]
1928207735,586713,4131,,,,,,,,,,456.520,777910.898,Device,,NVIDIA A100-SXM4-40GB (0),1,,13,[CUDA memset]
1928799056,33120,4136,,,,,,,,,,0.825,24919.611,Pinned,Device,NVIDIA A100-SXM4-40GB (0),1,,13,[CUDA memcpy Host-to-Device]
1928835440,6944,4137,,,,,,,,,,0.131,18875.548,Pinned,Device,NVIDIA A100-SXM4-40GB (0),1,,13,[CUDA memcpy Host-to-Device]
1928849616,7168,4138,69,4,1,48,1,1,76,0.002,0.000,,,,,NVIDIA A100-SXM4-40GB (0),1,,13,"void ch_est::windowedChEstPreNoDftSOfdmKernel<float, __half, float, (unsigned int)2, (unsigned int)1, (unsigned short)4>(ch_est::puschRxChEstStatDescr_t *, ch_est::puschRxChEstDynDescr_t *)"
1928857840,6336,4139,137,2,1,24,2,1,44,0.001,0.001,,,,,NVIDIA A100-SXM4-40GB (0),1,,13,"void ch_est::chEstFilterNoDftSOfdmDispatchKernel<float, __half, float, (unsigned int)2>(ch_est::puschRxChEstStatDescr_t *, ch_est::puschRxChEstDynDescr_t *)"
1928865392,4576,4140,137,2,1,24,2,1,44,0.001,0.001,,,,,NVIDIA A100-SXM4-40GB (0),1,,13,"void ch_est::chEstFilterNoDftSOfdmDispatchKernel<float, __half, float, (unsigned int)2>(ch_est::puschRxChEstStatDescr_t *, ch_est::puschRxChEstDynDescr_t *)"
1928871216,2144,4151,103,1,1,128,1,1,16,0.000,0.000,,,,,NVIDIA A100-SXM4-40GB (0),1,,13,cupy_copy__complex64_complex64
1928874672,12575,4161,1434,1,1,128,1,1,16,0.000,0.000,,,,,NVIDIA A100-SXM4-40GB (0),1,,13,cupy_copy__complex64_complex64
1928888335,2080,4168,103,1,1,128,1,1,16,0.000,0.000,,,,,NVIDIA A100-SXM4-40GB (0),1,,13,cupy_copy__complex64_complex64
1928891503,78656,4175,1,1,1,32,32,1,30,0.000,0.000,,,,,NVIDIA A100-SXM4-40GB (0),1,,13,"void convert_kernel<__half2, float2>(tensor_layout_any, T1 *, tensor_layout_any, const T2 *)"
1928997646,4160,4178,,,,,,,,,,0.061,14769.193,Pinned,Device,NVIDIA A100-SXM4-40GB (0),1,,13,[CUDA memcpy Host-to-Device]
1929010382,45024,4179,,,,,,,,,,35.801,795139.322,Device,,NVIDIA A100-SXM4-40GB (0),1,,13,[CUDA memset]
1929063245,1824,4181,,,,,,,,,,0.000,43.860,Pinned,Device,NVIDIA A100-SXM4-40GB (0),1,,13,[CUDA memcpy Host-to-Device]
1929067213,6784,4182,,,,,,,,,,0.131,19320.668,Pinned,Device,NVIDIA A100-SXM4-40GB (0),1,,13,[CUDA memcpy Host-to-Device]
1929081261,8512,4183,273,1,1,48,1,1,40,0.000,0.001,,,,,NVIDIA A100-SXM4-40GB (0),1,,13,"void pusch_noise_intf_est::noiseIntfEstNoDftSOfdmKernel<float, __half, float, float, (unsigned int)2, (unsigned int)1, (unsigned char)4, (unsigned char)4>(pusch_noise_intf_est::puschRxNoiseIntfEstDynDescr)"
1929091373,2208,4194,35,1,1,128,1,1,16,0.000,0.000,,,,,NVIDIA A100-SXM4-40GB (0),1,,13,cupy_copy__complex64_complex64
1929118861,1504,4203,1,1,1,1,1,1,18,0.000,0.000,,,,,NVIDIA A100-SXM4-40GB (0),1,,13,cupy_copy__float32_float32
1929153037,1631,4209,,,,,,,,,,0.000,2.452,Device,Pageable,NVIDIA A100-SXM4-40GB (0),1,,7,[CUDA memcpy Device-to-Host]
1929210444,12896,4220,1434,1,1,128,1,1,16,0.000,0.000,,,,,NVIDIA A100-SXM4-40GB (0),1,,13,cupy_copy__complex64_complex64
1929237036,2336,4227,103,1,1,128,1,1,16,0.000,0.000,,,,,NVIDIA A100-SXM4-40GB (0),1,,13,cupy_copy__complex64_complex64
1929257547,1984,4234,35,1,1,128,1,1,16,0.000,0.000,,,,,NVIDIA A100-SXM4-40GB (0),1,,13,cupy_copy__complex64_complex64
1929276107,1472,4241,1,1,1,1,1,1,18,0.000,0.000,,,,,NVIDIA A100-SXM4-40GB (0),1,,13,cupy_copy__float32_float32
1929411018,77919,4252,1,1,1,32,32,1,30,0.000,0.000,,,,,NVIDIA A100-SXM4-40GB (0),1,,13,"void convert_kernel<__half2, float2>(tensor_layout_any, T1 *, tensor_layout_any, const T2 *)"
1929662375,4352,4255,,,,,,,,,,0.061,14117.622,Pinned,Device,NVIDIA A100-SXM4-40GB (0),1,,13,[CUDA memcpy Host-to-Device]
1929671879,2688,4256,,,,,,,,,,1.547,575379.700,Device,,NVIDIA A100-SXM4-40GB (0),1,,13,[CUDA memset]
1929679687,2816,4261,,,,,,,,,,0.021,7477.259,Pinned,Device,NVIDIA A100-SXM4-40GB (0),1,,13,[CUDA memcpy Host-to-Device]
1929685287,6880,4262,,,,,,,,,,0.131,19051.053,Pinned,Device,NVIDIA A100-SXM4-40GB (0),1,,13,[CUDA memcpy Host-to-Device]
1929697479,5823,4263,273,1,1,8,4,1,39,0.002,0.000,,,,,NVIDIA A100-SXM4-40GB (0),1,,13,"void channel_eq::eqMmseCoefCompLowMimoKernel<float, float, float, (unsigned int)4, (unsigned int)1, (unsigned int)4>(const channel_eq::_puschRxChEqStatDescr *, channel_eq::_puschRxChEqCoefCompDynDescr)"
1929704582,4800,4264,273,1,1,12,11,1,40,0.002,0.000,,,,,NVIDIA A100-SXM4-40GB (0),1,,13,"void channel_eq::eqMmseSoftDemapKernel<float, __half, __half, float, (unsigned int)4, (unsigned short)16383>(channel_eq::_puschRxChEqStatDescr *, channel_eq::_puschRxChEqSoftDemapDynDescr)"
1929710598,281949,4265,1,1,1,32,32,1,30,0.000,0.000,,,,,NVIDIA A100-SXM4-40GB (0),1,,13,"void convert_kernel<float2, __half2>(tensor_layout_any, T1 *, tensor_layout_any, const T2 *)"
1929993667,10240,4277,2253,1,1,128,1,1,16,0.000,0.000,,,,,NVIDIA A100-SXM4-40GB (0),1,,13,cupy_copy__float16_float16
1930004995,2400,4286,282,1,1,128,1,1,16,0.000,0.000,,,,,NVIDIA A100-SXM4-40GB (0),1,,13,cupy_copy__complex64_complex64
1930008387,1760,4295,26,1,1,128,1,1,16,0.000,0.000,,,,,NVIDIA A100-SXM4-40GB (0),1,,13,cupy_copy__float32_float32
1930011363,2496,4304,103,1,1,128,1,1,16,0.000,0.000,,,,,NVIDIA A100-SXM4-40GB (0),1,,13,cupy_copy__complex64_complex64
1930015107,11232,4314,1434,1,1,128,1,1,16,0.000,0.000,,,,,NVIDIA A100-SXM4-40GB (0),1,,13,cupy_copy__complex64_complex64
1930206913,78271,4319,1,1,1,32,32,1,30,0.000,0.000,,,,,NVIDIA A100-SXM4-40GB (0),1,,13,"void convert_kernel<__half2, float2>(tensor_layout_any, T1 *, tensor_layout_any, const T2 *)"
1930317088,4160,4322,,,,,,,,,,0.061,14769.193,Pinned,Device,NVIDIA A100-SXM4-40GB (0),1,,13,[CUDA memcpy Host-to-Device]
1930328320,587385,4323,,,,,,,,,,456.520,776997.857,Device,,NVIDIA A100-SXM4-40GB (0),1,,13,[CUDA memset]
1930918329,32704,4328,,,,,,,,,,0.825,25236.543,Pinned,Device,NVIDIA A100-SXM4-40GB (0),1,,13,[CUDA memcpy Host-to-Device]
1930954265,7680,4329,,,,,,,,,,0.131,17066.623,Pinned,Device,NVIDIA A100-SXM4-40GB (0),1,,13,[CUDA memcpy Host-to-Device]
1930969273,7072,4330,69,4,1,48,1,1,76,0.002,0.000,,,,,NVIDIA A100-SXM4-40GB (0),1,,13,"void ch_est::windowedChEstPreNoDftSOfdmKernel<float, __half, float, (unsigned int)2, (unsigned int)1, (unsigned short)4>(ch_est::puschRxChEstStatDescr_t *, ch_est::puschRxChEstDynDescr_t *)"
1930977401,6047,4331,137,2,1,24,2,1,44,0.001,0.001,,,,,NVIDIA A100-SXM4-40GB (0),1,,13,"void ch_est::chEstFilterNoDftSOfdmDispatchKernel<float, __half, float, (unsigned int)2>(ch_est::puschRxChEstStatDescr_t *, ch_est::puschRxChEstDynDescr_t *)"
1930984504,4576,4332,137,2,1,24,2,1,44,0.001,0.001,,,,,NVIDIA A100-SXM4-40GB (0),1,,13,"void ch_est::chEstFilterNoDftSOfdmDispatchKernel<float, __half, float, (unsigned int)2>(ch_est::puschRxChEstStatDescr_t *, ch_est::puschRxChEstDynDescr_t *)"
1930990264,2176,4343,103,1,1,128,1,1,16,0.000,0.000,,,,,NVIDIA A100-SXM4-40GB (0),1,,13,cupy_copy__complex64_complex64
1930993400,12576,4353,1434,1,1,128,1,1,16,0.000,0.000,,,,,NVIDIA A100-SXM4-40GB (0),1,,13,cupy_copy__complex64_complex64
1931007256,2080,4360,103,1,1,128,1,1,16,0.000,0.000,,,,,NVIDIA A100-SXM4-40GB (0),1,,13,cupy_copy__complex64_complex64
1931010616,78111,4367,1,1,1,32,32,1,30,0.000,0.000,,,,,NVIDIA A100-SXM4-40GB (0),1,,13,"void convert_kernel<__half2, float2>(tensor_layout_any, T1 *, tensor_layout_any, const T2 *)"
1931248950,4128,4370,,,,,,,,,,0.061,14883.717,Pinned,Device,NVIDIA A100-SXM4-40GB (0),1,,13,[CUDA memcpy Host-to-Device]
1931260085,46336,4371,,,,,,,,,,35.801,772620.518,Device,,NVIDIA A100-SXM4-40GB (0),1,,13,[CUDA memset]
1931313557,2048,4373,,,,,,,,,,0.000,39.062,Pinned,Device,NVIDIA A100-SXM4-40GB (0),1,,13,[CUDA memcpy Host-to-Device]
1931318165,6784,4374,,,,,,,,,,0.131,19320.668,Pinned,Device,NVIDIA A100-SXM4-40GB (0),1,,13,[CUDA memcpy Host-to-Device]
1931335861,9152,4375,273,1,1,48,1,1,40,0.000,0.001,,,,,NVIDIA A100-SXM4-40GB (0),1,,13,"void pusch_noise_intf_est::noiseIntfEstNoDftSOfdmKernel<float, __half, float, float, (unsigned int)2, (unsigned int)1, (unsigned char)4, (unsigned char)4>(pusch_noise_intf_est::puschRxNoiseIntfEstDynDescr)"
1931346644,2208,4386,35,1,1,128,1,1,16,0.000,0.000,,,,,NVIDIA A100-SXM4-40GB (0),1,,13,cupy_copy__complex64_complex64
1931356692,1504,4395,1,1,1,1,1,1,18,0.000,0.000,,,,,NVIDIA A100-SXM4-40GB (0),1,,13,cupy_copy__float32_float32
1931390772,1920,4401,,,,,,,,,,0.000,2.083,Device,Pageable,NVIDIA A100-SXM4-40GB (0),1,,7,[CUDA memcpy Device-to-Host]
1931449747,12960,4412,1434,1,1,128,1,1,16,0.000,0.000,,,,,NVIDIA A100-SXM4-40GB (0),1,,13,cupy_copy__complex64_complex64
1931476243,2304,4419,103,1,1,128,1,1,16,0.000,0.000,,,,,NVIDIA A100-SXM4-40GB (0),1,,13,cupy_copy__complex64_complex64
1931496435,2016,4426,35,1,1,128,1,1,16,0.000,0.000,,,,,NVIDIA A100-SXM4-40GB (0),1,,13,cupy_copy__complex64_complex64
1931513651,1504,4433,1,1,1,1,1,1,18,0.000,0.000,,,,,NVIDIA A100-SXM4-40GB (0),1,,13,cupy_copy__float32_float32
1931781680,78335,4444,1,1,1,32,32,1,30,0.000,0.000,,,,,NVIDIA A100-SXM4-40GB (0),1,,13,"void convert_kernel<__half2, float2>(tensor_layout_any, T1 *, tensor_layout_any, const T2 *)"
1931893326,4160,4447,,,,,,,,,,0.061,14769.193,Pinned,Device,NVIDIA A100-SXM4-40GB (0),1,,13,[CUDA memcpy Host-to-Device]
1931907886,2560,4448,,,,,,,,,,1.547,604150.000,Device,,NVIDIA A100-SXM4-40GB (0),1,,13,[CUDA memset]
1931914222,2752,4453,,,,,,,,,,0.021,7651.161,Pinned,Device,NVIDIA A100-SXM4-40GB (0),1,,13,[CUDA memcpy Host-to-Device]
1931920174,7488,4454,,,,,,,,,,0.131,17504.272,Pinned,Device,NVIDIA A100-SXM4-40GB (0),1,,13,[CUDA memcpy Host-to-Device]
1931934222,5824,4455,273,1,1,8,4,1,39,0.002,0.000,,,,,NVIDIA A100-SXM4-40GB (0),1,,13,"void channel_eq::eqMmseCoefCompLowMimoKernel<float, float, float, (unsigned int)4, (unsigned int)1, (unsigned int)4>(const channel_eq::_puschRxChEqStatDescr *, channel_eq::_puschRxChEqCoefCompDynDescr)"
1931941358,4832,4456,273,1,1,12,11,1,40,0.002,0.000,,,,,NVIDIA A100-SXM4-40GB (0),1,,13,"void channel_eq::eqMmseSoftDemapKernel<float, __half, __half, float, (unsigned int)4, (unsigned short)16383>(channel_eq::_puschRxChEqStatDescr *, channel_eq::_puschRxChEqSoftDemapDynDescr)"
1931947374,282749,4457,1,1,1,32,32,1,30,0.000,0.000,,,,,NVIDIA A100-SXM4-40GB (0),1,,13,"void convert_kernel<float2, __half2>(tensor_layout_any, T1 *, tensor_layout_any, const T2 *)"
1932231339,10304,4469,2253,1,1,128,1,1,16,0.000,0.000,,,,,NVIDIA A100-SXM4-40GB (0),1,,13,cupy_copy__float16_float16
1932242859,2432,4478,282,1,1,128,1,1,16,0.000,0.000,,,,,NVIDIA A100-SXM4-40GB (0),1,,13,cupy_copy__complex64_complex64
1932246283,1792,4487,26,1,1,128,1,1,16,0.000,0.000,,,,,NVIDIA A100-SXM4-40GB (0),1,,13,cupy_copy__float32_float32
1932249259,2496,4496,103,1,1,128,1,1,16,0.000,0.000,,,,,NVIDIA A100-SXM4-40GB (0),1,,13,cupy_copy__complex64_complex64
1932253003,11295,4506,1434,1,1,128,1,1,16,0.000,0.000,,,,,NVIDIA A100-SXM4-40GB (0),1,,13,cupy_copy__complex64_complex64
1932293738,78079,4511,1,1,1,32,32,1,30,0.000,0.000,,,,,NVIDIA A100-SXM4-40GB (0),1,,13,"void convert_kernel<__half2, float2>(tensor_layout_any, T1 *, tensor_layout_any, const T2 *)"
1932399465,4320,4514,,,,,,,,,,0.061,14222.193,Pinned,Device,NVIDIA A100-SXM4-40GB (0),1,,13,[CUDA memcpy Host-to-Device]
1932410089,587929,4515,,,,,,,,,,456.520,776084.816,Device,,NVIDIA A100-SXM4-40GB (0),1,,13,[CUDA memset]
1933000098,33088,4520,,,,,,,,,,0.825,24943.546,Pinned,Device,NVIDIA A100-SXM4-40GB (0),1,,13,[CUDA memcpy Host-to-Device]
1933035650,6752,4521,,,,,,,,,,0.131,19412.287,Pinned,Device,NVIDIA A100-SXM4-40GB (0),1,,13,[CUDA memcpy Host-to-Device]
1933048994,7072,4522,69,4,1,48,1,1,76,0.002,0.000,,,,,NVIDIA A100-SXM4-40GB (0),1,,13,"void ch_est::windowedChEstPreNoDftSOfdmKernel<float, __half, float, (unsigned int)2, (unsigned int)1, (unsigned short)4>(ch_est::puschRxChEstStatDescr_t *, ch_est::puschRxChEstDynDescr_t *)"
1933057122,6304,4523,137,2,1,24,2,1,44,0.001,0.001,,,,,NVIDIA A100-SXM4-40GB (0),1,,13,"void ch_est::chEstFilterNoDftSOfdmDispatchKernel<float, __half, float, (unsigned int)2>(ch_est::puschRxChEstStatDescr_t *, ch_est::puschRxChEstDynDescr_t *)"
1933064674,4576,4524,137,2,1,24,2,1,44,0.001,0.001,,,,,NVIDIA A100-SXM4-40GB (0),1,,13,"void ch_est::chEstFilterNoDftSOfdmDispatchKernel<float, __half, float, (unsigned int)2>(ch_est::puschRxChEstStatDescr_t *, ch_est::puschRxChEstDynDescr_t *)"
1933070242,2144,4535,103,1,1,128,1,1,16,0.000,0.000,,,,,NVIDIA A100-SXM4-40GB (0),1,,13,cupy_copy__complex64_complex64
1933073698,12607,4545,1434,1,1,128,1,1,16,0.000,0.000,,,,,NVIDIA A100-SXM4-40GB (0),1,,13,cupy_copy__complex64_complex64
1933087489,2080,4552,103,1,1,128,1,1,16,0.000,0.000,,,,,NVIDIA A100-SXM4-40GB (0),1,,13,cupy_copy__complex64_complex64
1933090689,78272,4559,1,1,1,32,32,1,30,0.000,0.000,,,,,NVIDIA A100-SXM4-40GB (0),1,,13,"void convert_kernel<__half2, float2>(tensor_layout_any, T1 *, tensor_layout_any, const T2 *)"
1933197280,4128,4562,,,,,,,,,,0.061,14883.717,Pinned,Device,NVIDIA A100-SXM4-40GB (0),1,,13,[CUDA memcpy Host-to-Device]
1933209568,44576,4563,,,,,,,,,,35.801,803122.936,Device,,NVIDIA A100-SXM4-40GB (0),1,,13,[CUDA memset]
1933260864,2143,4565,,,,,,,,,,0.000,37.331,Pinned,Device,NVIDIA A100-SXM4-40GB (0),1,,13,[CUDA memcpy Host-to-Device]
1933265471,6880,4566,,,,,,,,,,0.131,19051.053,Pinned,Device,NVIDIA A100-SXM4-40GB (0),1,,13,[CUDA memcpy Host-to-Device]
1933277343,8544,4567,273,1,1,48,1,1,40,0.000,0.001,,,,,NVIDIA A100-SXM4-40GB (0),1,,13,"void pusch_noise_intf_est::noiseIntfEstNoDftSOfdmKernel<float, __half, float, float, (unsigned int)2, (unsigned int)1, (unsigned char)4, (unsigned char)4>(pusch_noise_intf_est::puschRxNoiseIntfEstDynDescr)"
1933287359,2272,4578,35,1,1,128,1,1,16,0.000,0.000,,,,,NVIDIA A100-SXM4-40GB (0),1,,13,cupy_copy__complex64_complex64
1933315967,1504,4587,1,1,1,1,1,1,18,0.000,0.000,,,,,NVIDIA A100-SXM4-40GB (0),1,,13,cupy_copy__float32_float32
1933349823,1728,4593,,,,,,,,,,0.000,2.315,Device,Pageable,NVIDIA A100-SXM4-40GB (0),1,,7,[CUDA memcpy Device-to-Host]
1933407358,13152,4604,1434,1,1,128,1,1,16,0.000,0.000,,,,,NVIDIA A100-SXM4-40GB (0),1,,13,cupy_copy__complex64_complex64
1933433822,2400,4611,103,1,1,128,1,1,16,0.000,0.000,,,,,NVIDIA A100-SXM4-40GB (0),1,,13,cupy_copy__complex64_complex64
1933453661,1984,4618,35,1,1,128,1,1,16,0.000,0.000,,,,,NVIDIA A100-SXM4-40GB (0),1,,13,cupy_copy__complex64_complex64
1933471261,1472,4625,1,1,1,1,1,1,18,0.000,0.000,,,,,NVIDIA A100-SXM4-40GB (0),1,,13,cupy_copy__float32_float32
1933609180,79039,4636,1,1,1,32,32,1,30,0.000,0.000,,,,,NVIDIA A100-SXM4-40GB (0),1,,13,"void convert_kernel<__half2, float2>(tensor_layout_any, T1 *, tensor_layout_any, const T2 *)"
1933716603,4927,4639,,,,,,,,,,0.061,12470.047,Pinned,Device,NVIDIA A100-SXM4-40GB (0),1,,13,[CUDA memcpy Host-to-Device]
1933731706,2624,4640,,,,,,,,,,1.547,589413.767,Device,,NVIDIA A100-SXM4-40GB (0),1,,13,[CUDA memset]
1933742522,2976,4645,,,,,,,,,,0.021,7075.258,Pinned,Device,NVIDIA A100-SXM4-40GB (0),1,,13,[CUDA memcpy Host-to-Device]
1933755162,7296,4646,,,,,,,,,,0.131,17964.859,Pinned,Device,NVIDIA A100-SXM4-40GB (0),1,,13,[CUDA memcpy Host-to-Device]
1933766810,5856,4647,273,1,1,8,4,1,39,0.002,0.000,,,,,NVIDIA A100-SXM4-40GB (0),1,,13,"void channel_eq::eqMmseCoefCompLowMimoKernel<float, float, float, (unsigned int)4, (unsigned int)1, (unsigned int)4>(const channel_eq::_puschRxChEqStatDescr *, channel_eq::_puschRxChEqCoefCompDynDescr)"
1933773882,4864,4648,273,1,1,12,11,1,40,0.002,0.000,,,,,NVIDIA A100-SXM4-40GB (0),1,,13,"void channel_eq::eqMmseSoftDemapKernel<float, __half, __half, float, (unsigned int)4, (unsigned short)16383>(channel_eq::_puschRxChEqStatDescr *, channel_eq::_puschRxChEqSoftDemapDynDescr)"
1933779770,281469,4649,1,1,1,32,32,1,30,0.000,0.000,,,,,NVIDIA A100-SXM4-40GB (0),1,,13,"void convert_kernel<float2, __half2>(tensor_layout_any, T1 *, tensor_layout_any, const T2 *)"
1934062327,10272,4661,2253,1,1,128,1,1,16,0.000,0.000,,,,,NVIDIA A100-SXM4-40GB (0),1,,13,cupy_copy__float16_float16
1934073815,2400,4670,282,1,1,128,1,1,16,0.000,0.000,,,,,NVIDIA A100-SXM4-40GB (0),1,,13,cupy_copy__complex64_complex64
1934077271,1728,4679,26,1,1,128,1,1,16,0.000,0.000,,,,,NVIDIA A100-SXM4-40GB (0),1,,13,cupy_copy__float32_float32
1934080247,2560,4688,103,1,1,128,1,1,16,0.000,0.000,,,,,NVIDIA A100-SXM4-40GB (0),1,,13,cupy_copy__complex64_complex64
1934083991,11327,4698,1434,1,1,128,1,1,16,0.000,0.000,,,,,NVIDIA A100-SXM4-40GB (0),1,,13,cupy_copy__complex64_complex64
1934127638,78111,4703,1,1,1,32,32,1,30,0.000,0.000,,,,,NVIDIA A100-SXM4-40GB (0),1,,13,"void convert_kernel<__half2, float2>(tensor_layout_any, T1 *, tensor_layout_any, const T2 *)"
1934234069,4224,4706,,,,,,,,,,0.061,14545.428,Pinned,Device,NVIDIA A100-SXM4-40GB (0),1,,13,[CUDA memcpy Host-to-Device]
1934245589,587289,4707,,,,,,,,,,456.520,776997.857,Device,,NVIDIA A100-SXM4-40GB (0),1,,13,[CUDA memset]
1934838158,33504,4712,,,,,,,,,,0.825,24634.042,Pinned,Device,NVIDIA A100-SXM4-40GB (0),1,,13,[CUDA memcpy Host-to-Device]
1934874254,6848,4713,,,,,,,,,,0.131,19140.182,Pinned,Device,NVIDIA A100-SXM4-40GB (0),1,,13,[CUDA memcpy Host-to-Device]
1934888078,7264,4714,69,4,1,48,1,1,76,0.002,0.000,,,,,NVIDIA A100-SXM4-40GB (0),1,,13,"void ch_est::windowedChEstPreNoDftSOfdmKernel<float, __half, float, (unsigned int)2, (unsigned int)1, (unsigned short)4>(ch_est::puschRxChEstStatDescr_t *, ch_est::puschRxChEstDynDescr_t *)"
1934896558,6112,4715,137,2,1,24,2,1,44,0.001,0.001,,,,,NVIDIA A100-SXM4-40GB (0),1,,13,"void ch_est::chEstFilterNoDftSOfdmDispatchKernel<float, __half, float, (unsigned int)2>(ch_est::puschRxChEstStatDescr_t *, ch_est::puschRxChEstDynDescr_t *)"
1934903854,4543,4716,137,2,1,24,2,1,44,0.001,0.001,,,,,NVIDIA A100-SXM4-40GB (0),1,,13,"void ch_est::chEstFilterNoDftSOfdmDispatchKernel<float, __half, float, (unsigned int)2>(ch_est::puschRxChEstStatDescr_t *, ch_est::puschRxChEstDynDescr_t *)"
1934909677,2144,4727,103,1,1,128,1,1,16,0.000,0.000,,,,,NVIDIA A100-SXM4-40GB (0),1,,13,cupy_copy__complex64_complex64
1934912909,12416,4737,1434,1,1,128,1,1,16,0.000,0.000,,,,,NVIDIA A100-SXM4-40GB (0),1,,13,cupy_copy__complex64_complex64
1934926381,2080,4744,103,1,1,128,1,1,16,0.000,0.000,,,,,NVIDIA A100-SXM4-40GB (0),1,,13,cupy_copy__complex64_complex64
1934929517,78495,4751,1,1,1,32,32,1,30,0.000,0.000,,,,,NVIDIA A100-SXM4-40GB (0),1,,13,"void convert_kernel<__half2, float2>(tensor_layout_any, T1 *, tensor_layout_any, const T2 *)"
1935180810,4320,4754,,,,,,,,,,0.061,14222.193,Pinned,Device,NVIDIA A100-SXM4-40GB (0),1,,13,[CUDA memcpy Host-to-Device]
1935188906,46176,4755,,,,,,,,,,35.801,775305.590,Device,,NVIDIA A100-SXM4-40GB (0),1,,13,[CUDA memset]
1935238634,1856,4757,,,,,,,,,,0.000,43.103,Pinned,Device,NVIDIA A100-SXM4-40GB (0),1,,13,[CUDA memcpy Host-to-Device]
1935243690,6752,4758,,,,,,,,,,0.131,19412.287,Pinned,Device,NVIDIA A100-SXM4-40GB (0),1,,13,[CUDA memcpy Host-to-Device]
1935254858,9056,4759,273,1,1,48,1,1,40,0.000,0.001,,,,,NVIDIA A100-SXM4-40GB (0),1,,13,"void pusch_noise_intf_est::noiseIntfEstNoDftSOfdmKernel<float, __half, float, float, (unsigned int)2, (unsigned int)1, (unsigned char)4, (unsigned char)4>(pusch_noise_intf_est::puschRxNoiseIntfEstDynDescr)"
1935265514,2336,4770,35,1,1,128,1,1,16,0.000,0.000,,,,,NVIDIA A100-SXM4-40GB (0),1,,13,cupy_copy__complex64_complex64
1935291913,1536,4779,1,1,1,1,1,1,18,0.000,0.000,,,,,NVIDIA A100-SXM4-40GB (0),1,,13,cupy_copy__float32_float32
1935326825,1792,4785,,,,,,,,,,0.000,2.232,Device,Pageable,NVIDIA A100-SXM4-40GB (0),1,,7,[CUDA memcpy Device-to-Host]
1935385000,13056,4796,1434,1,1,128,1,1,16,0.000,0.000,,,,,NVIDIA A100-SXM4-40GB (0),1,,13,cupy_copy__complex64_complex64
1935411624,2368,4803,103,1,1,128,1,1,16,0.000,0.000,,,,,NVIDIA A100-SXM4-40GB (0),1,,13,cupy_copy__complex64_complex64
1935431560,1984,4810,35,1,1,128,1,1,16,0.000,0.000,,,,,NVIDIA A100-SXM4-40GB (0),1,,13,cupy_copy__complex64_complex64
1935448712,1504,4817,1,1,1,1,1,1,18,0.000,0.000,,,,,NVIDIA A100-SXM4-40GB (0),1,,13,cupy_copy__float32_float32
1935720101,78495,4828,1,1,1,32,32,1,30,0.000,0.000,,,,,NVIDIA A100-SXM4-40GB (0),1,,13,"void convert_kernel<__half2, float2>(tensor_layout_any, T1 *, tensor_layout_any, const T2 *)"
1935831811,4160,4831,,,,,,,,,,0.061,14769.193,Pinned,Device,NVIDIA A100-SXM4-40GB (0),1,,13,[CUDA memcpy Host-to-Device]
1935849891,2560,4832,,,,,,,,,,1.547,604150.000,Device,,NVIDIA A100-SXM4-40GB (0),1,,13,[CUDA memset]
1935856291,3168,4837,,,,,,,,,,0.021,6646.453,Pinned,Device,NVIDIA A100-SXM4-40GB (0),1,,13,[CUDA memcpy Host-to-Device]
1935862755,6816,4838,,,,,,,,,,0.131,19229.966,Pinned,Device,NVIDIA A100-SXM4-40GB (0),1,,13,[CUDA memcpy Host-to-Device]
1935881379,5888,4839,273,1,1,8,4,1,39,0.002,0.000,,,,,NVIDIA A100-SXM4-40GB (0),1,,13,"void channel_eq::eqMmseCoefCompLowMimoKernel<float, float, float, (unsigned int)4, (unsigned int)1, (unsigned int)4>(const channel_eq::_puschRxChEqStatDescr *, channel_eq::_puschRxChEqCoefCompDynDescr)"
1935888483,4832,4840,273,1,1,12,11,1,40,0.002,0.000,,,,,NVIDIA A100-SXM4-40GB (0),1,,13,"void channel_eq::eqMmseSoftDemapKernel<float, __half, __half, float, (unsigned int)4, (unsigned short)16383>(channel_eq::_puschRxChEqStatDescr *, channel_eq::_puschRxChEqSoftDemapDynDescr)"
1935894499,282301,4841,1,1,1,32,32,1,30,0.000,0.000,,,,,NVIDIA A100-SXM4-40GB (0),1,,13,"void convert_kernel<float2, __half2>(tensor_layout_any, T1 *, tensor_layout_any, const T2 *)"
1936177888,10271,4853,2253,1,1,128,1,1,16,0.000,0.000,,,,,NVIDIA A100-SXM4-40GB (0),1,,13,cupy_copy__float16_float16
1936189407,2400,4862,282,1,1,128,1,1,16,0.000,0.000,,,,,NVIDIA A100-SXM4-40GB (0),1,,13,cupy_copy__complex64_complex64
1936192799,1792,4871,26,1,1,128,1,1,16,0.000,0.000,,,,,NVIDIA A100-SXM4-40GB (0),1,,13,cupy_copy__float32_float32
1936195839,2528,4880,103,1,1,128,1,1,16,0.000,0.000,,,,,NVIDIA A100-SXM4-40GB (0),1,,13,cupy_copy__complex64_complex64
1936199551,11232,4890,1434,1,1,128,1,1,16,0.000,0.000,,,,,NVIDIA A100-SXM4-40GB (0),1,,13,cupy_copy__complex64_complex64
1936234719,79007,4895,1,1,1,32,32,1,30,0.000,0.000,,,,,NVIDIA A100-SXM4-40GB (0),1,,13,"void convert_kernel<__half2, float2>(tensor_layout_any, T1 *, tensor_layout_any, const T2 *)"
1936474076,4384,4898,,,,,,,,,,0.061,14014.587,Pinned,Device,NVIDIA A100-SXM4-40GB (0),1,,13,[CUDA memcpy Host-to-Device]
1936482652,589914,4899,,,,,,,,,,456.520,773802.214,Device,,NVIDIA A100-SXM4-40GB (0),1,,13,[CUDA memset]
1937080950,32767,4904,,,,,,,,,,0.825,25187.848,Pinned,Device,NVIDIA A100-SXM4-40GB (0),1,,13,[CUDA memcpy Host-to-Device]
1937116181,6752,4905,,,,,,,,,,0.131,19412.287,Pinned,Device,NVIDIA A100-SXM4-40GB (0),1,,13,[CUDA memcpy Host-to-Device]
1937129589,7520,4906,69,4,1,48,1,1,76,0.002,0.000,,,,,NVIDIA A100-SXM4-40GB (0),1,,13,"void ch_est::windowedChEstPreNoDftSOfdmKernel<float, __half, float, (unsigned int)2, (unsigned int)1, (unsigned short)4>(ch_est::puschRxChEstStatDescr_t *, ch_est::puschRxChEstDynDescr_t *)"
1937138293,5984,4907,137,2,1,24,2,1,44,0.001,0.001,,,,,NVIDIA A100-SXM4-40GB (0),1,,13,"void ch_est::chEstFilterNoDftSOfdmDispatchKernel<float, __half, float, (unsigned int)2>(ch_est::puschRxChEstStatDescr_t *, ch_est::puschRxChEstDynDescr_t *)"
1937145301,4608,4908,137,2,1,24,2,1,44,0.001,0.001,,,,,NVIDIA A100-SXM4-40GB (0),1,,13,"void ch_est::chEstFilterNoDftSOfdmDispatchKernel<float, __half, float, (unsigned int)2>(ch_est::puschRxChEstStatDescr_t *, ch_est::puschRxChEstDynDescr_t *)"
1937151093,2144,4919,103,1,1,128,1,1,16,0.000,0.000,,,,,NVIDIA A100-SXM4-40GB (0),1,,13,cupy_copy__complex64_complex64
1937154229,12672,4929,1434,1,1,128,1,1,16,0.000,0.000,,,,,NVIDIA A100-SXM4-40GB (0),1,,13,cupy_copy__complex64_complex64
1937168021,2048,4936,103,1,1,128,1,1,16,0.000,0.000,,,,,NVIDIA A100-SXM4-40GB (0),1,,13,cupy_copy__complex64_complex64
1937171157,78303,4943,1,1,1,32,32,1,30,0.000,0.000,,,,,NVIDIA A100-SXM4-40GB (0),1,,13,"void convert_kernel<__half2, float2>(tensor_layout_any, T1 *, tensor_layout_any, const T2 *)"
1937284051,4768,4946,,,,,,,,,,0.061,12885.873,Pinned,Device,NVIDIA A100-SXM4-40GB (0),1,,13,[CUDA memcpy Host-to-Device]
1937297363,45152,4947,,,,,,,,,,35.801,792883.861,Device,,NVIDIA A100-SXM4-40GB (0),1,,13,[CUDA memset]
1937349043,1856,4949,,,,,,,,,,0.000,43.103,Pinned,Device,NVIDIA A100-SXM4-40GB (0),1,,13,[CUDA memcpy Host-to-Device]
1937354163,6912,4950,,,,,,,,,,0.131,18962.842,Pinned,Device,NVIDIA A100-SXM4-40GB (0),1,,13,[CUDA memcpy Host-to-Device]
1937364371,8319,4951,273,1,1,48,1,1,40,0.000,0.001,,,,,NVIDIA A100-SXM4-40GB (0),1,,13,"void pusch_noise_intf_est::noiseIntfEstNoDftSOfdmKernel<float, __half, float, float, (unsigned int)2, (unsigned int)1, (unsigned char)4, (unsigned char)4>(pusch_noise_intf_est::puschRxNoiseIntfEstDynDescr)"
1937374962,2336,4962,35,1,1,128,1,1,16,0.000,0.000,,,,,NVIDIA A100-SXM4-40GB (0),1,,13,cupy_copy__complex64_complex64
1937410354,1504,4971,1,1,1,1,1,1,18,0.000,0.000,,,,,NVIDIA A100-SXM4-40GB (0),1,,13,cupy_copy__float32_float32
1937444466,2080,4977,,,,,,,,,,0.000,1.923,Device,Pageable,NVIDIA A100-SXM4-40GB (0),1,,7,[CUDA memcpy Device-to-Host]
1937503441,12992,4988,1434,1,1,128,1,1,16,0.000,0.000,,,,,NVIDIA A100-SXM4-40GB (0),1,,13,cupy_copy__complex64_complex64
1937530417,2368,4995,103,1,1,128,1,1,16,0.000,0.000,,,,,NVIDIA A100-SXM4-40GB (0),1,,13,cupy_copy__complex64_complex64
1937550545,1984,5002,35,1,1,128,1,1,16,0.000,0.000,,,,,NVIDIA A100-SXM4-40GB (0),1,,13,cupy_copy__complex64_complex64
1937567408,1472,5009,1,1,1,1,1,1,18,0.000,0.000,,,,,NVIDIA A100-SXM4-40GB (0),1,,13,cupy_copy__float32_float32
1937704015,78399,5020,1,1,1,32,32,1,30,0.000,0.000,,,,,NVIDIA A100-SXM4-40GB (0),1,,13,"void convert_kernel<__half2, float2>(tensor_layout_any, T1 *, tensor_layout_any, const T2 *)"
1937810894,4864,5023,,,,,,,,,,0.061,12631.572,Pinned,Device,NVIDIA A100-SXM4-40GB (0),1,,13,[CUDA memcpy Host-to-Device]
1937825614,2623,5024,,,,,,,,,,1.547,589638.027,Device,,NVIDIA A100-SXM4-40GB (0),1,,13,[CUDA memset]
1937831853,2816,5029,,,,,,,,,,0.021,7477.259,Pinned,Device,NVIDIA A100-SXM4-40GB (0),1,,13,[CUDA memcpy Host-to-Device]
1937837133,7136,5030,,,,,,,,,,0.131,18367.644,Pinned,Device,NVIDIA A100-SXM4-40GB (0),1,,13,[CUDA memcpy Host-to-Device]
1937849005,5824,5031,273,1,1,8,4,1,39,0.002,0.000,,,,,NVIDIA A100-SXM4-40GB (0),1,,13,"void channel_eq::eqMmseCoefCompLowMimoKernel<float, float, float, (unsigned int)4, (unsigned int)1, (unsigned int)4>(const channel_eq::_puschRxChEqStatDescr *, channel_eq::_puschRxChEqCoefCompDynDescr)"
1937856077,4832,5032,273,1,1,12,11,1,40,0.002,0.000,,,,,NVIDIA A100-SXM4-40GB (0),1,,13,"void channel_eq::eqMmseSoftDemapKernel<float, __half, __half, float, (unsigned int)4, (unsigned short)16383>(channel_eq::_puschRxChEqStatDescr *, channel_eq::_puschRxChEqSoftDemapDynDescr)"
1937862125,281693,5033,1,1,1,32,32,1,30,0.000,0.000,,,,,NVIDIA A100-SXM4-40GB (0),1,,13,"void convert_kernel<float2, __half2>(tensor_layout_any, T1 *, tensor_layout_any, const T2 *)"
1938144842,10208,5045,2253,1,1,128,1,1,16,0.000,0.000,,,,,NVIDIA A100-SXM4-40GB (0),1,,13,cupy_copy__float16_float16
1938156362,2400,5054,282,1,1,128,1,1,16,0.000,0.000,,,,,NVIDIA A100-SXM4-40GB (0),1,,13,cupy_copy__complex64_complex64
1938159754,1792,5063,26,1,1,128,1,1,16,0.000,0.000,,,,,NVIDIA A100-SXM4-40GB (0),1,,13,cupy_copy__float32_float32
1938162730,2528,5072,103,1,1,128,1,1,16,0.000,0.000,,,,,NVIDIA A100-SXM4-40GB (0),1,,13,cupy_copy__complex64_complex64
1938166474,11520,5082,1434,1,1,128,1,1,16,0.000,0.000,,,,,NVIDIA A100-SXM4-40GB (0),1,,13,cupy_copy__complex64_complex64
1938217065,77695,5087,1,1,1,32,32,1,30,0.000,0.000,,,,,NVIDIA A100-SXM4-40GB (0),1,,13,"void convert_kernel<__half2, float2>(tensor_layout_any, T1 *, tensor_layout_any, const T2 *)"
1938322632,4128,5090,,,,,,,,,,0.061,14883.717,Pinned,Device,NVIDIA A100-SXM4-40GB (0),1,,13,[CUDA memcpy Host-to-Device]
1938334376,587322,5091,,,,,,,,,,456.520,776997.857,Device,,NVIDIA A100-SXM4-40GB (0),1,,13,[CUDA memset]
1938925889,33408,5096,,,,,,,,,,0.825,24704.197,Pinned,Device,NVIDIA A100-SXM4-40GB (0),1,,13,[CUDA memcpy Host-to-Device]
1938962241,6912,5097,,,,,,,,,,0.131,18962.842,Pinned,Device,NVIDIA A100-SXM4-40GB (0),1,,13,[CUDA memcpy Host-to-Device]
1938975841,7232,5098,69,4,1,48,1,1,76,0.002,0.000,,,,,NVIDIA A100-SXM4-40GB (0),1,,13,"void ch_est::windowedChEstPreNoDftSOfdmKernel<float, __half, float, (unsigned int)2, (unsigned int)1, (unsigned short)4>(ch_est::puschRxChEstStatDescr_t *, ch_est::puschRxChEstDynDescr_t *)"
1938984289,6336,5099,137,2,1,24,2,1,44,0.001,0.001,,,,,NVIDIA A100-SXM4-40GB (0),1,,13,"void ch_est::chEstFilterNoDftSOfdmDispatchKernel<float, __half, float, (unsigned int)2>(ch_est::puschRxChEstStatDescr_t *, ch_est::puschRxChEstDynDescr_t *)"
1938991681,4544,5100,137,2,1,24,2,1,44,0.001,0.001,,,,,NVIDIA A100-SXM4-40GB (0),1,,13,"void ch_est::chEstFilterNoDftSOfdmDispatchKernel<float, __half, float, (unsigned int)2>(ch_est::puschRxChEstStatDescr_t *, ch_est::puschRxChEstDynDescr_t *)"
1938997441,2144,5111,103,1,1,128,1,1,16,0.000,0.000,,,,,NVIDIA A100-SXM4-40GB (0),1,,13,cupy_copy__complex64_complex64
1939000577,12480,5121,1434,1,1,128,1,1,16,0.000,0.000,,,,,NVIDIA A100-SXM4-40GB (0),1,,13,cupy_copy__complex64_complex64
1939014336,2112,5128,103,1,1,128,1,1,16,0.000,0.000,,,,,NVIDIA A100-SXM4-40GB (0),1,,13,cupy_copy__complex64_complex64
1939017408,77984,5135,1,1,1,32,32,1,30,0.000,0.000,,,,,NVIDIA A100-SXM4-40GB (0),1,,13,"void convert_kernel<__half2, float2>(tensor_layout_any, T1 *, tensor_layout_any, const T2 *)"
1939122239,4352,5138,,,,,,,,,,0.061,14117.622,Pinned,Device,NVIDIA A100-SXM4-40GB (0),1,,13,[CUDA memcpy Host-to-Device]
1939134975,45088,5139,,,,,,,,,,35.801,793993.691,Device,,NVIDIA A100-SXM4-40GB (0),1,,13,[CUDA memset]
1939187039,1824,5141,,,,,,,,,,0.000,43.860,Pinned,Device,NVIDIA A100-SXM4-40GB (0),1,,13,[CUDA memcpy Host-to-Device]
1939191935,6847,5142,,,,,,,,,,0.131,19142.935,Pinned,Device,NVIDIA A100-SXM4-40GB (0),1,,13,[CUDA memcpy Host-to-Device]
1939204222,8352,5143,273,1,1,48,1,1,40,0.000,0.001,,,,,NVIDIA A100-SXM4-40GB (0),1,,13,"void pusch_noise_intf_est::noiseIntfEstNoDftSOfdmKernel<float, __half, float, float, (unsigned int)2, (unsigned int)1, (unsigned char)4, (unsigned char)4>(pusch_noise_intf_est::puschRxNoiseIntfEstDynDescr)"
1939214206,2272,5154,35,1,1,128,1,1,16,0.000,0.000,,,,,NVIDIA A100-SXM4-40GB (0),1,,13,cupy_copy__complex64_complex64
1939241758,1504,5163,1,1,1,1,1,1,18,0.000,0.000,,,,,NVIDIA A100-SXM4-40GB (0),1,,13,cupy_copy__float32_float32
1939275678,2176,5169,,,,,,,,,,0.000,1.838,Device,Pageable,NVIDIA A100-SXM4-40GB (0),1,,7,[CUDA memcpy Device-to-Host]
1939335197,13248,5180,1434,1,1,128,1,1,16,0.000,0.000,,,,,NVIDIA A100-SXM4-40GB (0),1,,13,cupy_copy__complex64_complex64
1939361917,2368,5187,103,1,1,128,1,1,16,0.000,0.000,,,,,NVIDIA A100-SXM4-40GB (0),1,,13,cupy_copy__complex64_complex64
1939382748,1984,5194,35,1,1,128,1,1,16,0.000,0.000,,,,,NVIDIA A100-SXM4-40GB (0),1,,13,cupy_copy__complex64_complex64
1939400668,1472,5201,1,1,1,1,1,1,18,0.000,0.000,,,,,NVIDIA A100-SXM4-40GB (0),1,,13,cupy_copy__float32_float32
1939540443,78527,5212,1,1,1,32,32,1,30,0.000,0.000,,,,,NVIDIA A100-SXM4-40GB (0),1,,13,"void convert_kernel<__half2, float2>(tensor_layout_any, T1 *, tensor_layout_any, const T2 *)"
1939648346,4160,5215,,,,,,,,,,0.061,14769.193,Pinned,Device,NVIDIA A100-SXM4-40GB (0),1,,13,[CUDA memcpy Host-to-Device]
1939662649,2624,5216,,,,,,,,,,1.547,589413.767,Device,,NVIDIA A100-SXM4-40GB (0),1,,13,[CUDA memset]
1939668793,2752,5221,,,,,,,,,,0.021,7651.161,Pinned,Device,NVIDIA A100-SXM4-40GB (0),1,,13,[CUDA memcpy Host-to-Device]
1939675257,7040,5222,,,,,,,,,,0.131,18618.122,Pinned,Device,NVIDIA A100-SXM4-40GB (0),1,,13,[CUDA memcpy Host-to-Device]
1939688537,5824,5223,273,1,1,8,4,1,39,0.002,0.000,,,,,NVIDIA A100-SXM4-40GB (0),1,,13,"void channel_eq::eqMmseCoefCompLowMimoKernel<float, float, float, (unsigned int)4, (unsigned int)1, (unsigned int)4>(const channel_eq::_puschRxChEqStatDescr *, channel_eq::_puschRxChEqCoefCompDynDescr)"
1939695385,4800,5224,273,1,1,12,11,1,40,0.002,0.000,,,,,NVIDIA A100-SXM4-40GB (0),1,,13,"void channel_eq::eqMmseSoftDemapKernel<float, __half, __half, float, (unsigned int)4, (unsigned short)16383>(channel_eq::_puschRxChEqStatDescr *, channel_eq::_puschRxChEqSoftDemapDynDescr)"
1939701433,281629,5225,1,1,1,32,32,1,30,0.000,0.000,,,,,NVIDIA A100-SXM4-40GB (0),1,,13,"void convert_kernel<float2, __half2>(tensor_layout_any, T1 *, tensor_layout_any, const T2 *)"
1939984278,10176,5237,2253,1,1,128,1,1,16,0.000,0.000,,,,,NVIDIA A100-SXM4-40GB (0),1,,13,cupy_copy__float16_float16
1939995478,2400,5246,282,1,1,128,1,1,16,0.000,0.000,,,,,NVIDIA A100-SXM4-40GB (0),1,,13,cupy_copy__complex64_complex64
1939998870,1792,5255,26,1,1,128,1,1,16,0.000,0.000,,,,,NVIDIA A100-SXM4-40GB (0),1,,13,cupy_copy__float32_float32
1940001846,2496,5264,103,1,1,128,1,1,16,0.000,0.000,,,,,NVIDIA A100-SXM4-40GB (0),1,,13,cupy_copy__complex64_complex64
1940005558,11488,5274,1434,1,1,128,1,1,16,0.000,0.000,,,,,NVIDIA A100-SXM4-40GB (0),1,,13,cupy_copy__complex64_complex64
1940042101,77983,5279,1,1,1,32,32,1,30,0.000,0.000,,,,,NVIDIA A100-SXM4-40GB (0),1,,13,"void convert_kernel<__half2, float2>(tensor_layout_any, T1 *, tensor_layout_any, const T2 *)"
1940290771,4415,5282,,,,,,,,,,0.061,13916.160,Pinned,Device,NVIDIA A100-SXM4-40GB (0),1,,13,[CUDA memcpy Host-to-Device]
1940300338,589434,5283,,,,,,,,,,456.520,774258.734,Device,,NVIDIA A100-SXM4-40GB (0),1,,13,[CUDA memset]
1940893868,32928,5288,,,,,,,,,,0.825,25064.872,Pinned,Device,NVIDIA A100-SXM4-40GB (0),1,,13,[CUDA memcpy Host-to-Device]
1940930156,6879,5289,,,,,,,,,,0.131,19053.806,Pinned,Device,NVIDIA A100-SXM4-40GB (0),1,,13,[CUDA memcpy Host-to-Device]
1940947019,7200,5290,69,4,1,48,1,1,76,0.002,0.000,,,,,NVIDIA A100-SXM4-40GB (0),1,,13,"void ch_est::windowedChEstPreNoDftSOfdmKernel<float, __half, float, (unsigned int)2, (unsigned int)1, (unsigned short)4>(ch_est::puschRxChEstStatDescr_t *, ch_est::puschRxChEstDynDescr_t *)"
1940955275,6272,5291,137,2,1,24,2,1,44,0.001,0.001,,,,,NVIDIA A100-SXM4-40GB (0),1,,13,"void ch_est::chEstFilterNoDftSOfdmDispatchKernel<float, __half, float, (unsigned int)2>(ch_est::puschRxChEstStatDescr_t *, ch_est::puschRxChEstDynDescr_t *)"
1940962859,4544,5292,137,2,1,24,2,1,44,0.001,0.001,,,,,NVIDIA A100-SXM4-40GB (0),1,,13,"void ch_est::chEstFilterNoDftSOfdmDispatchKernel<float, __half, float, (unsigned int)2>(ch_est::puschRxChEstStatDescr_t *, ch_est::puschRxChEstDynDescr_t *)"
1940968395,2624,5303,103,1,1,128,1,1,16,0.000,0.000,,,,,NVIDIA A100-SXM4-40GB (0),1,,13,cupy_copy__complex64_complex64
1940972075,12544,5313,1434,1,1,128,1,1,16,0.000,0.000,,,,,NVIDIA A100-SXM4-40GB (0),1,,13,cupy_copy__complex64_complex64
1940985931,2048,5320,103,1,1,128,1,1,16,0.000,0.000,,,,,NVIDIA A100-SXM4-40GB (0),1,,13,cupy_copy__complex64_complex64
1940989067,78079,5327,1,1,1,32,32,1,30,0.000,0.000,,,,,NVIDIA A100-SXM4-40GB (0),1,,13,"void convert_kernel<__half2, float2>(tensor_layout_any, T1 *, tensor_layout_any, const T2 *)"
1941098186,4800,5330,,,,,,,,,,0.061,12799.980,Pinned,Device,NVIDIA A100-SXM4-40GB (0),1,,13,[CUDA memcpy Host-to-Device]
1941111914,45119,5331,,,,,,,,,,35.801,793456.676,Device,,NVIDIA A100-SXM4-40GB (0),1,,13,[CUDA memset]
1941163305,2496,5333,,,,,,,,,,0.000,32.051,Pinned,Device,NVIDIA A100-SXM4-40GB (0),1,,13,[CUDA memcpy Host-to-Device]
1941168553,7072,5334,,,,,,,,,,0.131,18533.843,Pinned,Device,NVIDIA A100-SXM4-40GB (0),1,,13,[CUDA memcpy Host-to-Device]
1941185609,8448,5335,273,1,1,48,1,1,40,0.000,0.001,,,,,NVIDIA A100-SXM4-40GB (0),1,,13,"void pusch_noise_intf_est::noiseIntfEstNoDftSOfdmKernel<float, __half, float, float, (unsigned int)2, (unsigned int)1, (unsigned char)4, (unsigned char)4>(pusch_noise_intf_est::puschRxNoiseIntfEstDynDescr)"
1941195433,2240,5346,35,1,1,128,1,1,16,0.000,0.000,,,,,NVIDIA A100-SXM4-40GB (0),1,,13,cupy_copy__complex64_complex64
1941223208,1504,5355,1,1,1,1,1,1,18,0.000,0.000,,,,,NVIDIA A100-SXM4-40GB (0),1,,13,cupy_copy__float32_float32
1941257608,1728,5361,,,,,,,,,,0.000,2.315,Device,Pageable,NVIDIA A100-SXM4-40GB (0),1,,7,[CUDA memcpy Device-to-Host]
1941316679,13088,5372,1434,1,1,128,1,1,16,0.000,0.000,,,,,NVIDIA A100-SXM4-40GB (0),1,,13,cupy_copy__complex64_complex64
1941342375,2304,5379,103,1,1,128,1,1,16,0.000,0.000,,,,,NVIDIA A100-SXM4-40GB (0),1,,13,cupy_copy__complex64_complex64
1941362439,1984,5386,35,1,1,128,1,1,16,0.000,0.000,,,,,NVIDIA A100-SXM4-40GB (0),1,,13,cupy_copy__complex64_complex64
1941383943,1504,5393,1,1,1,1,1,1,18,0.000,0.000,,,,,NVIDIA A100-SXM4-40GB (0),1,,13,cupy_copy__float32_float32
1941520293,78271,5404,1,1,1,32,32,1,30,0.000,0.000,,,,,NVIDIA A100-SXM4-40GB (0),1,,13,"void convert_kernel<__half2, float2>(tensor_layout_any, T1 *, tensor_layout_any, const T2 *)"
1941757250,4160,5407,,,,,,,,,,0.061,14769.193,Pinned,Device,NVIDIA A100-SXM4-40GB (0),1,,13,[CUDA memcpy Host-to-Device]
1941768386,2656,5408,,,,,,,,,,1.547,582313.216,Device,,NVIDIA A100-SXM4-40GB (0),1,,13,[CUDA memset]
1941771650,3264,5413,,,,,,,,,,0.021,6450.969,Pinned,Device,NVIDIA A100-SXM4-40GB (0),1,,13,[CUDA memcpy Host-to-Device]
1941778370,6880,5414,,,,,,,,,,0.131,19051.053,Pinned,Device,NVIDIA A100-SXM4-40GB (0),1,,13,[CUDA memcpy Host-to-Device]
1941794882,5856,5415,273,1,1,8,4,1,39,0.002,0.000,,,,,NVIDIA A100-SXM4-40GB (0),1,,13,"void channel_eq::eqMmseCoefCompLowMimoKernel<float, float, float, (unsigned int)4, (unsigned int)1, (unsigned int)4>(const channel_eq::_puschRxChEqStatDescr *, channel_eq::_puschRxChEqCoefCompDynDescr)"
1941801986,4800,5416,273,1,1,12,11,1,40,0.002,0.000,,,,,NVIDIA A100-SXM4-40GB (0),1,,13,"void channel_eq::eqMmseSoftDemapKernel<float, __half, __half, float, (unsigned int)4, (unsigned short)16383>(channel_eq::_puschRxChEqStatDescr *, channel_eq::_puschRxChEqSoftDemapDynDescr)"
1941807778,282173,5417,1,1,1,32,32,1,30,0.000,0.000,,,,,NVIDIA A100-SXM4-40GB (0),1,,13,"void convert_kernel<float2, __half2>(tensor_layout_any, T1 *, tensor_layout_any, const T2 *)"
1942091167,10400,5429,2253,1,1,128,1,1,16,0.000,0.000,,,,,NVIDIA A100-SXM4-40GB (0),1,,13,cupy_copy__float16_float16
1942102591,2432,5438,282,1,1,128,1,1,16,0.000,0.000,,,,,NVIDIA A100-SXM4-40GB (0),1,,13,cupy_copy__complex64_complex64
1942106015,1760,5447,26,1,1,128,1,1,16,0.000,0.000,,,,,NVIDIA A100-SXM4-40GB (0),1,,13,cupy_copy__float32_float32
1942108991,2528,5456,103,1,1,128,1,1,16,0.000,0.000,,,,,NVIDIA A100-SXM4-40GB (0),1,,13,cupy_copy__complex64_complex64
1942112703,11391,5466,1434,1,1,128,1,1,16,0.000,0.000,,,,,NVIDIA A100-SXM4-40GB (0),1,,13,cupy_copy__complex64_complex64
1942301756,78496,5471,1,1,1,32,32,1,30,0.000,0.000,,,,,NVIDIA A100-SXM4-40GB (0),1,,13,"void convert_kernel<__half2, float2>(tensor_layout_any, T1 *, tensor_layout_any, const T2 *)"
1942411067,4576,5474,,,,,,,,,,0.061,13426.545,Pinned,Device,NVIDIA A100-SXM4-40GB (0),1,,13,[CUDA memcpy Host-to-Device]
1942422555,587578,5475,,,,,,,,,,456.520,776541.336,Device,,NVIDIA A100-SXM4-40GB (0),1,,13,[CUDA memset]
1943014709,33055,5480,,,,,,,,,,0.825,24968.307,Pinned,Device,NVIDIA A100-SXM4-40GB (0),1,,13,[CUDA memcpy Host-to-Device]
1943051252,6752,5481,,,,,,,,,,0.131,19412.287,Pinned,Device,NVIDIA A100-SXM4-40GB (0),1,,13,[CUDA memcpy Host-to-Device]
1943066676,7200,5482,69,4,1,48,1,1,76,0.002,0.000,,,,,NVIDIA A100-SXM4-40GB (0),1,,13,"void ch_est::windowedChEstPreNoDftSOfdmKernel<float, __half, float, (unsigned int)2, (unsigned int)1, (unsigned short)4>(ch_est::puschRxChEstStatDescr_t *, ch_est::puschRxChEstDynDescr_t *)"
1943074932,6240,5483,137,2,1,24,2,1,44,0.001,0.001,,,,,NVIDIA A100-SXM4-40GB (0),1,,13,"void ch_est::chEstFilterNoDftSOfdmDispatchKernel<float, __half, float, (unsigned int)2>(ch_est::puschRxChEstStatDescr_t *, ch_est::puschRxChEstDynDescr_t *)"
1943082196,4576,5484,137,2,1,24,2,1,44,0.001,0.001,,,,,NVIDIA A100-SXM4-40GB (0),1,,13,"void ch_est::chEstFilterNoDftSOfdmDispatchKernel<float, __half, float, (unsigned int)2>(ch_est::puschRxChEstStatDescr_t *, ch_est::puschRxChEstDynDescr_t *)"
1943087956,2176,5495,103,1,1,128,1,1,16,0.000,0.000,,,,,NVIDIA A100-SXM4-40GB (0),1,,13,cupy_copy__complex64_complex64
1943091316,12448,5505,1434,1,1,128,1,1,16,0.000,0.000,,,,,NVIDIA A100-SXM4-40GB (0),1,,13,cupy_copy__complex64_complex64
1943104788,2048,5512,103,1,1,128,1,1,16,0.000,0.000,,,,,NVIDIA A100-SXM4-40GB (0),1,,13,cupy_copy__complex64_complex64
1943107924,77983,5519,1,1,1,32,32,1,30,0.000,0.000,,,,,NVIDIA A100-SXM4-40GB (0),1,,13,"void convert_kernel<__half2, float2>(tensor_layout_any, T1 *, tensor_layout_any, const T2 *)"
1943214706,4448,5522,,,,,,,,,,0.061,13812.941,Pinned,Device,NVIDIA A100-SXM4-40GB (0),1,,13,[CUDA memcpy Host-to-Device]
1943228562,45248,5523,,,,,,,,,,35.801,791201.216,Device,,NVIDIA A100-SXM4-40GB (0),1,,13,[CUDA memset]
1943280914,2144,5525,,,,,,,,,,0.000,37.313,Pinned,Device,NVIDIA A100-SXM4-40GB (0),1,,13,[CUDA memcpy Host-to-Device]
1943286098,6784,5526,,,,,,,,,,0.131,19320.668,Pinned,Device,NVIDIA A100-SXM4-40GB (0),1,,13,[CUDA memcpy Host-to-Device]
1943297458,8639,5527,273,1,1,48,1,1,40,0.000,0.001,,,,,NVIDIA A100-SXM4-40GB (0),1,,13,"void pusch_noise_intf_est::noiseIntfEstNoDftSOfdmKernel<float, __half, float, float, (unsigned int)2, (unsigned int)1, (unsigned char)4, (unsigned char)4>(pusch_noise_intf_est::puschRxNoiseIntfEstDynDescr)"
1943307633,2208,5538,35,1,1,128,1,1,16,0.000,0.000,,,,,NVIDIA A100-SXM4-40GB (0),1,,13,cupy_copy__complex64_complex64
1943334993,1536,5547,1,1,1,1,1,1,18,0.000,0.000,,,,,NVIDIA A100-SXM4-40GB (0),1,,13,cupy_copy__float32_float32
1943369297,2336,5553,,,,,,,,,,0.000,1.712,Device,Pageable,NVIDIA A100-SXM4-40GB (0),1,,7,[CUDA memcpy Device-to-Host]
1943427856,13152,5564,1434,1,1,128,1,1,16,0.000,0.000,,,,,NVIDIA A100-SXM4-40GB (0),1,,13,cupy_copy__complex64_complex64
1943453936,2336,5571,103,1,1,128,1,1,16,0.000,0.000,,,,,NVIDIA A100-SXM4-40GB (0),1,,13,cupy_copy__complex64_complex64
1943477872,2016,5578,35,1,1,128,1,1,16,0.000,0.000,,,,,NVIDIA A100-SXM4-40GB (0),1,,13,cupy_copy__complex64_complex64
1943495887,1472,5585,1,1,1,1,1,1,18,0.000,0.000,,,,,NVIDIA A100-SXM4-40GB (0),1,,13,cupy_copy__float32_float32
1943630894,78079,5596,1,1,1,32,32,1,30,0.000,0.000,,,,,NVIDIA A100-SXM4-40GB (0),1,,13,"void convert_kernel<__half2, float2>(tensor_layout_any, T1 *, tensor_layout_any, const T2 *)"
1943737517,4128,5599,,,,,,,,,,0.061,14883.717,Pinned,Device,NVIDIA A100-SXM4-40GB (0),1,,13,[CUDA memcpy Host-to-Device]
1943751437,2624,5600,,,,,,,,,,1.547,589413.767,Device,,NVIDIA A100-SXM4-40GB (0),1,,13,[CUDA memset]
1943757837,2720,5605,,,,,,,,,,0.021,7741.175,Pinned,Device,NVIDIA A100-SXM4-40GB (0),1,,13,[CUDA memcpy Host-to-Device]
1943763020,7616,5606,,,,,,,,,,0.131,17210.016,Pinned,Device,NVIDIA A100-SXM4-40GB (0),1,,13,[CUDA memcpy Host-to-Device]
1943773996,5824,5607,273,1,1,8,4,1,39,0.002,0.000,,,,,NVIDIA A100-SXM4-40GB (0),1,,13,"void channel_eq::eqMmseCoefCompLowMimoKernel<float, float, float, (unsigned int)4, (unsigned int)1, (unsigned int)4>(const channel_eq::_puschRxChEqStatDescr *, channel_eq::_puschRxChEqCoefCompDynDescr)"
1943780972,4832,5608,273,1,1,12,11,1,40,0.002,0.000,,,,,NVIDIA A100-SXM4-40GB (0),1,,13,"void channel_eq::eqMmseSoftDemapKernel<float, __half, __half, float, (unsigned int)4, (unsigned short)16383>(channel_eq::_puschRxChEqStatDescr *, channel_eq::_puschRxChEqSoftDemapDynDescr)"
1943787020,282141,5609,1,1,1,32,32,1,30,0.000,0.000,,,,,NVIDIA A100-SXM4-40GB (0),1,,13,"void convert_kernel<float2, __half2>(tensor_layout_any, T1 *, tensor_layout_any, const T2 *)"
1944070313,10240,5621,2253,1,1,128,1,1,16,0.000,0.000,,,,,NVIDIA A100-SXM4-40GB (0),1,,13,cupy_copy__float16_float16
1944081801,2400,5630,282,1,1,128,1,1,16,0.000,0.000,,,,,NVIDIA A100-SXM4-40GB (0),1,,13,cupy_copy__complex64_complex64
1944085193,1792,5639,26,1,1,128,1,1,16,0.000,0.000,,,,,NVIDIA A100-SXM4-40GB (0),1,,13,cupy_copy__float32_float32
1944088201,2560,5648,103,1,1,128,1,1,16,0.000,0.000,,,,,NVIDIA A100-SXM4-40GB (0),1,,13,cupy_copy__complex64_complex64
1944091849,11200,5658,1434,1,1,128,1,1,16,0.000,0.000,,,,,NVIDIA A100-SXM4-40GB (0),1,,13,cupy_copy__complex64_complex64
1944129640,77888,5663,1,1,1,32,32,1,30,0.000,0.000,,,,,NVIDIA A100-SXM4-40GB (0),1,,13,"void convert_kernel<__half2, float2>(tensor_layout_any, T1 *, tensor_layout_any, const T2 *)"
1944235175,4160,5666,,,,,,,,,,0.061,14769.193,Pinned,Device,NVIDIA A100-SXM4-40GB (0),1,,13,[CUDA memcpy Host-to-Device]
1944245703,587514,5667,,,,,,,,,,456.520,776997.857,Device,,NVIDIA A100-SXM4-40GB (0),1,,13,[CUDA memset]
1944838433,32927,5672,,,,,,,,,,0.825,25065.697,Pinned,Device,NVIDIA A100-SXM4-40GB (0),1,,13,[CUDA memcpy Host-to-Device]
1944874816,7264,5673,,,,,,,,,,0.131,18044.027,Pinned,Device,NVIDIA A100-SXM4-40GB (0),1,,13,[CUDA memcpy Host-to-Device]
1944887328,6944,5674,69,4,1,48,1,1,76,0.002,0.000,,,,,NVIDIA A100-SXM4-40GB (0),1,,13,"void ch_est::windowedChEstPreNoDftSOfdmKernel<float, __half, float, (unsigned int)2, (unsigned int)1, (unsigned short)4>(ch_est::puschRxChEstStatDescr_t *, ch_est::puschRxChEstDynDescr_t *)"
1944895520,6272,5675,137,2,1,24,2,1,44,0.001,0.001,,,,,NVIDIA A100-SXM4-40GB (0),1,,13,"void ch_est::chEstFilterNoDftSOfdmDispatchKernel<float, __half, float, (unsigned int)2>(ch_est::puschRxChEstStatDescr_t *, ch_est::puschRxChEstDynDescr_t *)"
1944903104,4544,5676,137,2,1,24,2,1,44,0.001,0.001,,,,,NVIDIA A100-SXM4-40GB (0),1,,13,"void ch_est::chEstFilterNoDftSOfdmDispatchKernel<float, __half, float, (unsigned int)2>(ch_est::puschRxChEstStatDescr_t *, ch_est::puschRxChEstDynDescr_t *)"
1944908896,2144,5687,103,1,1,128,1,1,16,0.000,0.000,,,,,NVIDIA A100-SXM4-40GB (0),1,,13,cupy_copy__complex64_complex64
1944912352,12640,5697,1434,1,1,128,1,1,16,0.000,0.000,,,,,NVIDIA A100-SXM4-40GB (0),1,,13,cupy_copy__complex64_complex64
1944926208,2080,5704,103,1,1,128,1,1,16,0.000,0.000,,,,,NVIDIA A100-SXM4-40GB (0),1,,13,cupy_copy__complex64_complex64
1944929344,78495,5711,1,1,1,32,32,1,30,0.000,0.000,,,,,NVIDIA A100-SXM4-40GB (0),1,,13,"void convert_kernel<__half2, float2>(tensor_layout_any, T1 *, tensor_layout_any, const T2 *)"
1945035007,4543,5714,,,,,,,,,,0.061,13524.050,Pinned,Device,NVIDIA A100-SXM4-40GB (0),1,,13,[CUDA memcpy Host-to-Device]
1945047422,45536,5715,,,,,,,,,,35.801,786189.082,Device,,NVIDIA A100-SXM4-40GB (0),1,,13,[CUDA memset]
1945098590,2176,5717,,,,,,,,,,0.000,36.765,Pinned,Device,NVIDIA A100-SXM4-40GB (0),1,,13,[CUDA memcpy Host-to-Device]
1945103326,6752,5718,,,,,,,,,,0.131,19412.287,Pinned,Device,NVIDIA A100-SXM4-40GB (0),1,,13,[CUDA memcpy Host-to-Device]
1945115646,8800,5719,273,1,1,48,1,1,40,0.000,0.001,,,,,NVIDIA A100-SXM4-40GB (0),1,,13,"void pusch_noise_intf_est::noiseIntfEstNoDftSOfdmKernel<float, __half, float, float, (unsigned int)2, (unsigned int)1, (unsigned char)4, (unsigned char)4>(pusch_noise_intf_est::puschRxNoiseIntfEstDynDescr)"
1945125822,2272,5730,35,1,1,128,1,1,16,0.000,0.000,,,,,NVIDIA A100-SXM4-40GB (0),1,,13,cupy_copy__complex64_complex64
1945153917,1504,5739,1,1,1,1,1,1,18,0.000,0.000,,,,,NVIDIA A100-SXM4-40GB (0),1,,13,cupy_copy__float32_float32
1945187837,1632,5745,,,,,,,,,,0.000,2.451,Device,Pageable,NVIDIA A100-SXM4-40GB (0),1,,7,[CUDA memcpy Device-to-Host]
1945245788,12928,5756,1434,1,1,128,1,1,16,0.000,0.000,,,,,NVIDIA A100-SXM4-40GB (0),1,,13,cupy_copy__complex64_complex64
1945275644,2336,5763,103,1,1,128,1,1,16,0.000,0.000,,,,,NVIDIA A100-SXM4-40GB (0),1,,13,cupy_copy__complex64_complex64
1945295612,2016,5770,35,1,1,128,1,1,16,0.000,0.000,,,,,NVIDIA A100-SXM4-40GB (0),1,,13,cupy_copy__complex64_complex64
1945313659,1472,5777,1,1,1,1,1,1,18,0.000,0.000,,,,,NVIDIA A100-SXM4-40GB (0),1,,13,cupy_copy__float32_float32
1945450394,78591,5788,1,1,1,32,32,1,30,0.000,0.000,,,,,NVIDIA A100-SXM4-40GB (0),1,,13,"void convert_kernel<__half2, float2>(tensor_layout_any, T1 *, tensor_layout_any, const T2 *)"
1945698519,4160,5791,,,,,,,,,,0.061,14769.193,Pinned,Device,NVIDIA A100-SXM4-40GB (0),1,,13,[CUDA memcpy Host-to-Device]
1945710295,2656,5792,,,,,,,,,,1.547,582313.216,Device,,NVIDIA A100-SXM4-40GB (0),1,,13,[CUDA memset]
1945720471,2720,5797,,,,,,,,,,0.021,7741.175,Pinned,Device,NVIDIA A100-SXM4-40GB (0),1,,13,[CUDA memcpy Host-to-Device]
1945725783,6784,5798,,,,,,,,,,0.131,19320.668,Pinned,Device,NVIDIA A100-SXM4-40GB (0),1,,13,[CUDA memcpy Host-to-Device]
1945742359,5856,5799,273,1,1,8,4,1,39,0.002,0.000,,,,,NVIDIA A100-SXM4-40GB (0),1,,13,"void channel_eq::eqMmseCoefCompLowMimoKernel<float, float, float, (unsigned int)4, (unsigned int)1, (unsigned int)4>(const channel_eq::_puschRxChEqStatDescr *, channel_eq::_puschRxChEqCoefCompDynDescr)"
1945749463,4864,5800,273,1,1,12,11,1,40,0.002,0.000,,,,,NVIDIA A100-SXM4-40GB (0),1,,13,"void channel_eq::eqMmseSoftDemapKernel<float, __half, __half, float, (unsigned int)4, (unsigned short)16383>(channel_eq::_puschRxChEqStatDescr *, channel_eq::_puschRxChEqSoftDemapDynDescr)"
1945755511,282429,5801,1,1,1,32,32,1,30,0.000,0.000,,,,,NVIDIA A100-SXM4-40GB (0),1,,13,"void convert_kernel<float2, __half2>(tensor_layout_any, T1 *, tensor_layout_any, const T2 *)"
1946038996,10463,5813,2253,1,1,128,1,1,16,0.000,0.000,,,,,NVIDIA A100-SXM4-40GB (0),1,,13,cupy_copy__float16_float16
1946050547,2400,5822,282,1,1,128,1,1,16,0.000,0.000,,,,,NVIDIA A100-SXM4-40GB (0),1,,13,cupy_copy__complex64_complex64
1946053939,1792,5831,26,1,1,128,1,1,16,0.000,0.000,,,,,NVIDIA A100-SXM4-40GB (0),1,,13,cupy_copy__float32_float32
1946056915,2528,5840,103,1,1,128,1,1,16,0.000,0.000,,,,,NVIDIA A100-SXM4-40GB (0),1,,13,cupy_copy__complex64_complex64
1946060627,11392,5850,1434,1,1,128,1,1,16,0.000,0.000,,,,,NVIDIA A100-SXM4-40GB (0),1,,13,cupy_copy__complex64_complex64
1946237137,78784,5855,1,1,1,32,32,1,30,0.000,0.000,,,,,NVIDIA A100-SXM4-40GB (0),1,,13,"void convert_kernel<__half2, float2>(tensor_layout_any, T1 *, tensor_layout_any, const T2 *)"
1946347024,4384,5858,,,,,,,,,,0.061,14014.587,Pinned,Device,NVIDIA A100-SXM4-40GB (0),1,,13,[CUDA memcpy Host-to-Device]
1946358416,587258,5859,,,,,,,,,,456.520,776997.857,Device,,NVIDIA A100-SXM4-40GB (0),1,,13,[CUDA memset]
1946947850,32863,5864,,,,,,,,,,0.825,25114.393,Pinned,Device,NVIDIA A100-SXM4-40GB (0),1,,13,[CUDA memcpy Host-to-Device]
1946983401,7616,5865,,,,,,,,,,0.131,17210.016,Pinned,Device,NVIDIA A100-SXM4-40GB (0),1,,13,[CUDA memcpy Host-to-Device]
1946995689,7392,5866,69,4,1,48,1,1,76,0.002,0.000,,,,,NVIDIA A100-SXM4-40GB (0),1,,13,"void ch_est::windowedChEstPreNoDftSOfdmKernel<float, __half, float, (unsigned int)2, (unsigned int)1, (unsigned short)4>(ch_est::puschRxChEstStatDescr_t *, ch_est::puschRxChEstDynDescr_t *)"
1947004137,6176,5867,137,2,1,24,2,1,44,0.001,0.001,,,,,NVIDIA A100-SXM4-40GB (0),1,,13,"void ch_est::chEstFilterNoDftSOfdmDispatchKernel<float, __half, float, (unsigned int)2>(ch_est::puschRxChEstStatDescr_t *, ch_est::puschRxChEstDynDescr_t *)"
1947011529,4576,5868,137,2,1,24,2,1,44,0.001,0.001,,,,,NVIDIA A100-SXM4-40GB (0),1,,13,"void ch_est::chEstFilterNoDftSOfdmDispatchKernel<float, __half, float, (unsigned int)2>(ch_est::puschRxChEstStatDescr_t *, ch_est::puschRxChEstDynDescr_t *)"
1947017321,2176,5879,103,1,1,128,1,1,16,0.000,0.000,,,,,NVIDIA A100-SXM4-40GB (0),1,,13,cupy_copy__complex64_complex64
1947020457,12576,5889,1434,1,1,128,1,1,16,0.000,0.000,,,,,NVIDIA A100-SXM4-40GB (0),1,,13,cupy_copy__complex64_complex64
1947034025,2112,5896,103,1,1,128,1,1,16,0.000,0.000,,,,,NVIDIA A100-SXM4-40GB (0),1,,13,cupy_copy__complex64_complex64
1947037385,78495,5903,1,1,1,32,32,1,30,0.000,0.000,,,,,NVIDIA A100-SXM4-40GB (0),1,,13,"void convert_kernel<__half2, float2>(tensor_layout_any, T1 *, tensor_layout_any, const T2 *)"
1947275974,4768,5906,,,,,,,,,,0.061,12885.873,Pinned,Device,NVIDIA A100-SXM4-40GB (0),1,,13,[CUDA memcpy Host-to-Device]
1947286534,46559,5907,,,,,,,,,,35.801,768933.019,Device,,NVIDIA A100-SXM4-40GB (0),1,,13,[CUDA memset]
1947338981,2368,5909,,,,,,,,,,0.000,33.784,Pinned,Device,NVIDIA A100-SXM4-40GB (0),1,,13,[CUDA memcpy Host-to-Device]
1947344261,7136,5910,,,,,,,,,,0.131,18367.644,Pinned,Device,NVIDIA A100-SXM4-40GB (0),1,,13,[CUDA memcpy Host-to-Device]
1947362309,8992,5911,273,1,1,48,1,1,40,0.000,0.001,,,,,NVIDIA A100-SXM4-40GB (0),1,,13,"void pusch_noise_intf_est::noiseIntfEstNoDftSOfdmKernel<float, __half, float, float, (unsigned int)2, (unsigned int)1, (unsigned char)4, (unsigned char)4>(pusch_noise_intf_est::puschRxNoiseIntfEstDynDescr)"
1947372773,2560,5922,35,1,1,128,1,1,16,0.000,0.000,,,,,NVIDIA A100-SXM4-40GB (0),1,,13,cupy_copy__complex64_complex64
1947384197,1536,5931,1,1,1,1,1,1,18,0.000,0.000,,,,,NVIDIA A100-SXM4-40GB (0),1,,13,cupy_copy__float32_float32
1947418404,1792,5937,,,,,,,,,,0.000,2.232,Device,Pageable,NVIDIA A100-SXM4-40GB (0),1,,7,[CUDA memcpy Device-to-Host]
1947480516,13024,5948,1434,1,1,128,1,1,16,0.000,0.000,,,,,NVIDIA A100-SXM4-40GB (0),1,,13,cupy_copy__complex64_complex64
1947506787,2400,5955,103,1,1,128,1,1,16,0.000,0.000,,,,,NVIDIA A100-SXM4-40GB (0),1,,13,cupy_copy__complex64_complex64
1947527075,2016,5962,35,1,1,128,1,1,16,0.000,0.000,,,,,NVIDIA A100-SXM4-40GB (0),1,,13,cupy_copy__complex64_complex64
1947545763,1504,5969,1,1,1,1,1,1,18,0.000,0.000,,,,,NVIDIA A100-SXM4-40GB (0),1,,13,cupy_copy__float32_float32
1947809280,78303,5980,1,1,1,32,32,1,30,0.000,0.000,,,,,NVIDIA A100-SXM4-40GB (0),1,,13,"void convert_kernel<__half2, float2>(tensor_layout_any, T1 *, tensor_layout_any, const T2 *)"
1947919199,4320,5983,,,,,,,,,,0.061,14222.193,Pinned,Device,NVIDIA A100-SXM4-40GB (0),1,,13,[CUDA memcpy Host-to-Device]
1947933951,2624,5984,,,,,,,,,,1.547,589413.767,Device,,NVIDIA A100-SXM4-40GB (0),1,,13,[CUDA memset]
1947940159,2784,5989,,,,,,,,,,0.021,7563.210,Pinned,Device,NVIDIA A100-SXM4-40GB (0),1,,13,[CUDA memcpy Host-to-Device]
1947946719,6848,5990,,,,,,,,,,0.131,19140.182,Pinned,Device,NVIDIA A100-SXM4-40GB (0),1,,13,[CUDA memcpy Host-to-Device]
1947957311,5823,5991,273,1,1,8,4,1,39,0.002,0.000,,,,,NVIDIA A100-SXM4-40GB (0),1,,13,"void channel_eq::eqMmseCoefCompLowMimoKernel<float, float, float, (unsigned int)4, (unsigned int)1, (unsigned int)4>(const channel_eq::_puschRxChEqStatDescr *, channel_eq::_puschRxChEqCoefCompDynDescr)"
1947964126,4896,5992,273,1,1,12,11,1,40,0.002,0.000,,,,,NVIDIA A100-SXM4-40GB (0),1,,13,"void channel_eq::eqMmseSoftDemapKernel<float, __half, __half, float, (unsigned int)4, (unsigned short)16383>(channel_eq::_puschRxChEqStatDescr *, channel_eq::_puschRxChEqSoftDemapDynDescr)"
1947970110,282429,5993,1,1,1,32,32,1,30,0.000,0.000,,,,,NVIDIA A100-SXM4-40GB (0),1,,13,"void convert_kernel<float2, __half2>(tensor_layout_any, T1 *, tensor_layout_any, const T2 *)"
1948253595,10176,6005,2253,1,1,128,1,1,16,0.000,0.000,,,,,NVIDIA A100-SXM4-40GB (0),1,,13,cupy_copy__float16_float16
1948264763,2400,6014,282,1,1,128,1,1,16,0.000,0.000,,,,,NVIDIA A100-SXM4-40GB (0),1,,13,cupy_copy__complex64_complex64
1948268187,1760,6023,26,1,1,128,1,1,16,0.000,0.000,,,,,NVIDIA A100-SXM4-40GB (0),1,,13,cupy_copy__float32_float32
1948271067,2560,6032,103,1,1,128,1,1,16,0.000,0.000,,,,,NVIDIA A100-SXM4-40GB (0),1,,13,cupy_copy__complex64_complex64
1948372698,11296,6047,1434,1,1,128,1,1,16,0.000,0.000,,,,,NVIDIA A100-SXM4-40GB (0),1,,13,cupy_copy__complex64_complex64
1948498649,78591,6052,1,1,1,32,32,1,30,0.000,0.000,,,,,NVIDIA A100-SXM4-40GB (0),1,,13,"void convert_kernel<__half2, float2>(tensor_layout_any, T1 *, tensor_layout_any, const T2 *)"
1948605047,4160,6055,,,,,,,,,,0.061,14769.193,Pinned,Device,NVIDIA A100-SXM4-40GB (0),1,,13,[CUDA memcpy Host-to-Device]
1948616279,587290,6056,,,,,,,,,,456.520,776997.857,Device,,NVIDIA A100-SXM4-40GB (0),1,,13,[CUDA memset]
1949207761,32767,6061,,,,,,,,,,0.825,25187.848,Pinned,Device,NVIDIA A100-SXM4-40GB (0),1,,13,[CUDA memcpy Host-to-Device]
1949243344,6752,6062,,,,,,,,,,0.131,19412.287,Pinned,Device,NVIDIA A100-SXM4-40GB (0),1,,13,[CUDA memcpy Host-to-Device]
1949258736,7104,6063,69,4,1,48,1,1,76,0.002,0.000,,,,,NVIDIA A100-SXM4-40GB (0),1,,13,"void ch_est::windowedChEstPreNoDftSOfdmKernel<float, __half, float, (unsigned int)2, (unsigned int)1, (unsigned short)4>(ch_est::puschRxChEstStatDescr_t *, ch_est::puschRxChEstDynDescr_t *)"
1949267152,6208,6064,137,2,1,24,2,1,44,0.001,0.001,,,,,NVIDIA A100-SXM4-40GB (0),1,,13,"void ch_est::chEstFilterNoDftSOfdmDispatchKernel<float, __half, float, (unsigned int)2>(ch_est::puschRxChEstStatDescr_t *, ch_est::puschRxChEstDynDescr_t *)"
1949274416,4544,6065,137,2,1,24,2,1,44,0.001,0.001,,,,,NVIDIA A100-SXM4-40GB (0),1,,13,"void ch_est::chEstFilterNoDftSOfdmDispatchKernel<float, __half, float, (unsigned int)2>(ch_est::puschRxChEstStatDescr_t *, ch_est::puschRxChEstDynDescr_t *)"
1949279984,2176,6076,103,1,1,128,1,1,16,0.000,0.000,,,,,NVIDIA A100-SXM4-40GB (0),1,,13,cupy_copy__complex64_complex64
1949283152,12384,6086,1434,1,1,128,1,1,16,0.000,0.000,,,,,NVIDIA A100-SXM4-40GB (0),1,,13,cupy_copy__complex64_complex64
1949296592,2080,6093,103,1,1,128,1,1,16,0.000,0.000,,,,,NVIDIA A100-SXM4-40GB (0),1,,13,cupy_copy__complex64_complex64
1949299760,78399,6100,1,1,1,32,32,1,30,0.000,0.000,,,,,NVIDIA A100-SXM4-40GB (0),1,,13,"void convert_kernel<__half2, float2>(tensor_layout_any, T1 *, tensor_layout_any, const T2 *)"
1949405167,4704,6103,,,,,,,,,,0.061,13061.222,Pinned,Device,NVIDIA A100-SXM4-40GB (0),1,,13,[CUDA memcpy Host-to-Device]
1949417551,45023,6104,,,,,,,,,,35.801,795139.322,Device,,NVIDIA A100-SXM4-40GB (0),1,,13,[CUDA memset]
1949470030,2048,6106,,,,,,,,,,0.000,39.062,Pinned,Device,NVIDIA A100-SXM4-40GB (0),1,,13,[CUDA memcpy Host-to-Device]
1949474542,6880,6107,,,,,,,,,,0.131,19051.053,Pinned,Device,NVIDIA A100-SXM4-40GB (0),1,,13,[CUDA memcpy Host-to-Device]
1949487246,8320,6108,273,1,1,48,1,1,40,0.000,0.001,,,,,NVIDIA A100-SXM4-40GB (0),1,,13,"void pusch_noise_intf_est::noiseIntfEstNoDftSOfdmKernel<float, __half, float, float, (unsigned int)2, (unsigned int)1, (unsigned char)4, (unsigned char)4>(pusch_noise_intf_est::puschRxNoiseIntfEstDynDescr)"
1949497134,2432,6119,35,1,1,128,1,1,16,0.000,0.000,,,,,NVIDIA A100-SXM4-40GB (0),1,,13,cupy_copy__complex64_complex64
1949528333,1504,6128,1,1,1,1,1,1,18,0.000,0.000,,,,,NVIDIA A100-SXM4-40GB (0),1,,13,cupy_copy__float32_float32
1949563533,2176,6134,,,,,,,,,,0.000,1.838,Device,Pageable,NVIDIA A100-SXM4-40GB (0),1,,7,[CUDA memcpy Device-to-Host]
1949623340,13120,6145,1434,1,1,128,1,1,16,0.000,0.000,,,,,NVIDIA A100-SXM4-40GB (0),1,,13,cupy_copy__complex64_complex64
1949649484,2336,6152,103,1,1,128,1,1,16,0.000,0.000,,,,,NVIDIA A100-SXM4-40GB (0),1,,13,cupy_copy__complex64_complex64
1949669740,1984,6159,35,1,1,128,1,1,16,0.000,0.000,,,,,NVIDIA A100-SXM4-40GB (0),1,,13,cupy_copy__complex64_complex64
1949688588,1504,6166,1,1,1,1,1,1,18,0.000,0.000,,,,,NVIDIA A100-SXM4-40GB (0),1,,13,cupy_copy__float32_float32
1949825098,78463,6177,1,1,1,32,32,1,30,0.000,0.000,,,,,NVIDIA A100-SXM4-40GB (0),1,,13,"void convert_kernel<__half2, float2>(tensor_layout_any, T1 *, tensor_layout_any, const T2 *)"
1949933129,4160,6180,,,,,,,,,,0.061,14769.193,Pinned,Device,NVIDIA A100-SXM4-40GB (0),1,,13,[CUDA memcpy Host-to-Device]
1949948105,2624,6181,,,,,,,,,,1.547,589413.767,Device,,NVIDIA A100-SXM4-40GB (0),1,,13,[CUDA memset]
1949954537,2944,6186,,,,,,,,,,0.021,7152.155,Pinned,Device,NVIDIA A100-SXM4-40GB (0),1,,13,[CUDA memcpy Host-to-Device]
1949960073,7232,6187,,,,,,,,,,0.131,18123.850,Pinned,Device,NVIDIA A100-SXM4-40GB (0),1,,13,[CUDA memcpy Host-to-Device]
1949971528,5824,6188,273,1,1,8,4,1,39,0.002,0.000,,,,,NVIDIA A100-SXM4-40GB (0),1,,13,"void channel_eq::eqMmseCoefCompLowMimoKernel<float, float, float, (unsigned int)4, (unsigned int)1, (unsigned int)4>(const channel_eq::_puschRxChEqStatDescr *, channel_eq::_puschRxChEqCoefCompDynDescr)"
1949978600,4896,6189,273,1,1,12,11,1,40,0.002,0.000,,,,,NVIDIA A100-SXM4-40GB (0),1,,13,"void channel_eq::eqMmseSoftDemapKernel<float, __half, __half, float, (unsigned int)4, (unsigned short)16383>(channel_eq::_puschRxChEqStatDescr *, channel_eq::_puschRxChEqSoftDemapDynDescr)"
1949984744,281853,6190,1,1,1,32,32,1,30,0.000,0.000,,,,,NVIDIA A100-SXM4-40GB (0),1,,13,"void convert_kernel<float2, __half2>(tensor_layout_any, T1 *, tensor_layout_any, const T2 *)"
1950267749,10240,6202,2253,1,1,128,1,1,16,0.000,0.000,,,,,NVIDIA A100-SXM4-40GB (0),1,,13,cupy_copy__float16_float16
1950279269,2400,6211,282,1,1,128,1,1,16,0.000,0.000,,,,,NVIDIA A100-SXM4-40GB (0),1,,13,cupy_copy__complex64_complex64
1950282693,1760,6220,26,1,1,128,1,1,16,0.000,0.000,,,,,NVIDIA A100-SXM4-40GB (0),1,,13,cupy_copy__float32_float32
1950285669,2528,6229,103,1,1,128,1,1,16,0.000,0.000,,,,,NVIDIA A100-SXM4-40GB (0),1,,13,cupy_copy__complex64_complex64
1950289413,11488,6239,1434,1,1,128,1,1,16,0.000,0.000,,,,,NVIDIA A100-SXM4-40GB (0),1,,13,cupy_copy__complex64_complex64
1950341220,77824,6244,1,1,1,32,32,1,30,0.000,0.000,,,,,NVIDIA A100-SXM4-40GB (0),1,,13,"void convert_kernel<__half2, float2>(tensor_layout_any, T1 *, tensor_layout_any, const T2 *)"
1950447523,4160,6247,,,,,,,,,,0.061,14769.193,Pinned,Device,NVIDIA A100-SXM4-40GB (0),1,,13,[CUDA memcpy Host-to-Device]
1950458819,587450,6248,,,,,,,,,,456.520,776997.857,Device,,NVIDIA A100-SXM4-40GB (0),1,,13,[CUDA memset]
1951048925,32735,6253,,,,,,,,,,0.825,25212.609,Pinned,Device,NVIDIA A100-SXM4-40GB (0),1,,13,[CUDA memcpy Host-to-Device]
1951084764,6848,6254,,,,,,,,,,0.131,19140.182,Pinned,Device,NVIDIA A100-SXM4-40GB (0),1,,13,[CUDA memcpy Host-to-Device]
1951096796,7008,6255,69,4,1,48,1,1,76,0.002,0.000,,,,,NVIDIA A100-SXM4-40GB (0),1,,13,"void ch_est::windowedChEstPreNoDftSOfdmKernel<float, __half, float, (unsigned int)2, (unsigned int)1, (unsigned short)4>(ch_est::puschRxChEstStatDescr_t *, ch_est::puschRxChEstDynDescr_t *)"
1951104988,6240,6256,137,2,1,24,2,1,44,0.001,0.001,,,,,NVIDIA A100-SXM4-40GB (0),1,,13,"void ch_est::chEstFilterNoDftSOfdmDispatchKernel<float, __half, float, (unsigned int)2>(ch_est::puschRxChEstStatDescr_t *, ch_est::puschRxChEstDynDescr_t *)"
1951112252,4544,6257,137,2,1,24,2,1,44,0.001,0.001,,,,,NVIDIA A100-SXM4-40GB (0),1,,13,"void ch_est::chEstFilterNoDftSOfdmDispatchKernel<float, __half, float, (unsigned int)2>(ch_est::puschRxChEstStatDescr_t *, ch_est::puschRxChEstDynDescr_t *)"
1951118044,2176,6268,103,1,1,128,1,1,16,0.000,0.000,,,,,NVIDIA A100-SXM4-40GB (0),1,,13,cupy_copy__complex64_complex64
1951121436,12704,6278,1434,1,1,128,1,1,16,0.000,0.000,,,,,NVIDIA A100-SXM4-40GB (0),1,,13,cupy_copy__complex64_complex64
1951135452,2112,6285,103,1,1,128,1,1,16,0.000,0.000,,,,,NVIDIA A100-SXM4-40GB (0),1,,13,cupy_copy__complex64_complex64
1951138588,78431,6292,1,1,1,32,32,1,30,0.000,0.000,,,,,NVIDIA A100-SXM4-40GB (0),1,,13,"void convert_kernel<__half2, float2>(tensor_layout_any, T1 *, tensor_layout_any, const T2 *)"
1951387769,4576,6295,,,,,,,,,,0.061,13426.545,Pinned,Device,NVIDIA A100-SXM4-40GB (0),1,,13,[CUDA memcpy Host-to-Device]
1951400921,45823,6296,,,,,,,,,,35.801,781284.350,Device,,NVIDIA A100-SXM4-40GB (0),1,,13,[CUDA memset]
1951452344,1856,6298,,,,,,,,,,0.000,43.103,Pinned,Device,NVIDIA A100-SXM4-40GB (0),1,,13,[CUDA memcpy Host-to-Device]
1951457400,7296,6299,,,,,,,,,,0.131,17964.859,Pinned,Device,NVIDIA A100-SXM4-40GB (0),1,,13,[CUDA memcpy Host-to-Device]
1951469528,9088,6300,273,1,1,48,1,1,40,0.000,0.001,,,,,NVIDIA A100-SXM4-40GB (0),1,,13,"void pusch_noise_intf_est::noiseIntfEstNoDftSOfdmKernel<float, __half, float, float, (unsigned int)2, (unsigned int)1, (unsigned char)4, (unsigned char)4>(pusch_noise_intf_est::puschRxNoiseIntfEstDynDescr)"
1951480312,2272,6311,35,1,1,128,1,1,16,0.000,0.000,,,,,NVIDIA A100-SXM4-40GB (0),1,,13,cupy_copy__complex64_complex64
1951500216,1536,6320,1,1,1,1,1,1,18,0.000,0.000,,,,,NVIDIA A100-SXM4-40GB (0),1,,13,cupy_copy__float32_float32
1951536567,2528,6326,,,,,,,,,,0.000,1.582,Device,Pageable,NVIDIA A100-SXM4-40GB (0),1,,7,[CUDA memcpy Device-to-Host]
1951596151,12800,6337,1434,1,1,128,1,1,16,0.000,0.000,,,,,NVIDIA A100-SXM4-40GB (0),1,,13,cupy_copy__complex64_complex64
1951621974,2368,6344,103,1,1,128,1,1,16,0.000,0.000,,,,,NVIDIA A100-SXM4-40GB (0),1,,13,cupy_copy__complex64_complex64
1951641910,2016,6351,35,1,1,128,1,1,16,0.000,0.000,,,,,NVIDIA A100-SXM4-40GB (0),1,,13,cupy_copy__complex64_complex64
1951660214,1472,6358,1,1,1,1,1,1,18,0.000,0.000,,,,,NVIDIA A100-SXM4-40GB (0),1,,13,cupy_copy__float32_float32
1951933235,78463,6369,1,1,1,32,32,1,30,0.000,0.000,,,,,NVIDIA A100-SXM4-40GB (0),1,,13,"void convert_kernel<__half2, float2>(tensor_layout_any, T1 *, tensor_layout_any, const T2 *)"
1952043506,4224,6372,,,,,,,,,,0.061,14545.428,Pinned,Device,NVIDIA A100-SXM4-40GB (0),1,,13,[CUDA memcpy Host-to-Device]
1952058034,2624,6373,,,,,,,,,,1.547,589413.767,Device,,NVIDIA A100-SXM4-40GB (0),1,,13,[CUDA memset]
1952064370,3232,6378,,,,,,,,,,0.021,6514.832,Pinned,Device,NVIDIA A100-SXM4-40GB (0),1,,13,[CUDA memcpy Host-to-Device]
1952070289,7200,6379,,,,,,,,,,0.131,18204.328,Pinned,Device,NVIDIA A100-SXM4-40GB (0),1,,13,[CUDA memcpy Host-to-Device]
1952083921,5984,6380,273,1,1,8,4,1,39,0.002,0.000,,,,,NVIDIA A100-SXM4-40GB (0),1,,13,"void channel_eq::eqMmseCoefCompLowMimoKernel<float, float, float, (unsigned int)4, (unsigned int)1, (unsigned int)4>(const channel_eq::_puschRxChEqStatDescr *, channel_eq::_puschRxChEqCoefCompDynDescr)"
1952090961,4992,6381,273,1,1,12,11,1,40,0.002,0.000,,,,,NVIDIA A100-SXM4-40GB (0),1,,13,"void channel_eq::eqMmseSoftDemapKernel<float, __half, __half, float, (unsigned int)4, (unsigned short)16383>(channel_eq::_puschRxChEqStatDescr *, channel_eq::_puschRxChEqSoftDemapDynDescr)"
1952097265,281917,6382,1,1,1,32,32,1,30,0.000,0.000,,,,,NVIDIA A100-SXM4-40GB (0),1,,13,"void convert_kernel<float2, __half2>(tensor_layout_any, T1 *, tensor_layout_any, const T2 *)"
1952380206,10304,6394,2253,1,1,128,1,1,16,0.000,0.000,,,,,NVIDIA A100-SXM4-40GB (0),1,,13,cupy_copy__float16_float16
1952391758,2368,6403,282,1,1,128,1,1,16,0.000,0.000,,,,,NVIDIA A100-SXM4-40GB (0),1,,13,cupy_copy__complex64_complex64
1952395150,1760,6412,26,1,1,128,1,1,16,0.000,0.000,,,,,NVIDIA A100-SXM4-40GB (0),1,,13,cupy_copy__float32_float32
1952398126,2528,6421,103,1,1,128,1,1,16,0.000,0.000,,,,,NVIDIA A100-SXM4-40GB (0),1,,13,cupy_copy__complex64_complex64
1952401870,11328,6431,1434,1,1,128,1,1,16,0.000,0.000,,,,,NVIDIA A100-SXM4-40GB (0),1,,13,cupy_copy__complex64_complex64
1952448301,78047,6436,1,1,1,32,32,1,30,0.000,0.000,,,,,NVIDIA A100-SXM4-40GB (0),1,,13,"void convert_kernel<__half2, float2>(tensor_layout_any, T1 *, tensor_layout_any, const T2 *)"
1952686059,4256,6439,,,,,,,,,,0.061,14436.065,Pinned,Device,NVIDIA A100-SXM4-40GB (0),1,,13,[CUDA memcpy Host-to-Device]
1952694443,590393,6440,,,,,,,,,,456.520,772889.173,Device,,NVIDIA A100-SXM4-40GB (0),1,,13,[CUDA memset]
1953288228,32736,6445,,,,,,,,,,0.825,25211.783,Pinned,Device,NVIDIA A100-SXM4-40GB (0),1,,13,[CUDA memcpy Host-to-Device]
1953324260,7136,6446,,,,,,,,,,0.131,18367.644,Pinned,Device,NVIDIA A100-SXM4-40GB (0),1,,13,[CUDA memcpy Host-to-Device]
1953342404,7615,6447,69,4,1,48,1,1,76,0.002,0.000,,,,,NVIDIA A100-SXM4-40GB (0),1,,13,"void ch_est::windowedChEstPreNoDftSOfdmKernel<float, __half, float, (unsigned int)2, (unsigned int)1, (unsigned short)4>(ch_est::puschRxChEstStatDescr_t *, ch_est::puschRxChEstDynDescr_t *)"
1953351235,6112,6448,137,2,1,24,2,1,44,0.001,0.001,,,,,NVIDIA A100-SXM4-40GB (0),1,,13,"void ch_est::chEstFilterNoDftSOfdmDispatchKernel<float, __half, float, (unsigned int)2>(ch_est::puschRxChEstStatDescr_t *, ch_est::puschRxChEstDynDescr_t *)"
1953358563,4576,6449,137,2,1,24,2,1,44,0.001,0.001,,,,,NVIDIA A100-SXM4-40GB (0),1,,13,"void ch_est::chEstFilterNoDftSOfdmDispatchKernel<float, __half, float, (unsigned int)2>(ch_est::puschRxChEstStatDescr_t *, ch_est::puschRxChEstDynDescr_t *)"
1953364323,2144,6460,103,1,1,128,1,1,16,0.000,0.000,,,,,NVIDIA A100-SXM4-40GB (0),1,,13,cupy_copy__complex64_complex64
1953367491,12512,6470,1434,1,1,128,1,1,16,0.000,0.000,,,,,NVIDIA A100-SXM4-40GB (0),1,,13,cupy_copy__complex64_complex64
1953381091,2048,6477,103,1,1,128,1,1,16,0.000,0.000,,,,,NVIDIA A100-SXM4-40GB (0),1,,13,cupy_copy__complex64_complex64
1953384227,78655,6484,1,1,1,32,32,1,30,0.000,0.000,,,,,NVIDIA A100-SXM4-40GB (0),1,,13,"void convert_kernel<__half2, float2>(tensor_layout_any, T1 *, tensor_layout_any, const T2 *)"
1953494690,4224,6487,,,,,,,,,,0.061,14545.428,Pinned,Device,NVIDIA A100-SXM4-40GB (0),1,,13,[CUDA memcpy Host-to-Device]
1953508002,45023,6488,,,,,,,,,,35.801,795139.322,Device,,NVIDIA A100-SXM4-40GB (0),1,,13,[CUDA memset]
1953554593,2656,6490,,,,,,,,,,0.000,30.120,Pinned,Device,NVIDIA A100-SXM4-40GB (0),1,,13,[CUDA memcpy Host-to-Device]
1953560769,6976,6491,,,,,,,,,,0.131,18788.909,Pinned,Device,NVIDIA A100-SXM4-40GB (0),1,,13,[CUDA memcpy Host-to-Device]
1953578945,8608,6492,273,1,1,48,1,1,40,0.000,0.001,,,,,NVIDIA A100-SXM4-40GB (0),1,,13,"void pusch_noise_intf_est::noiseIntfEstNoDftSOfdmKernel<float, __half, float, float, (unsigned int)2, (unsigned int)1, (unsigned char)4, (unsigned char)4>(pusch_noise_intf_est::puschRxNoiseIntfEstDynDescr)"
1953593025,2304,6503,35,1,1,128,1,1,16,0.000,0.000,,,,,NVIDIA A100-SXM4-40GB (0),1,,13,cupy_copy__complex64_complex64
1953628224,1504,6512,1,1,1,1,1,1,18,0.000,0.000,,,,,NVIDIA A100-SXM4-40GB (0),1,,13,cupy_copy__float32_float32
1953662752,1728,6518,,,,,,,,,,0.000,2.315,Device,Pageable,NVIDIA A100-SXM4-40GB (0),1,,7,[CUDA memcpy Device-to-Host]
1953721279,13120,6529,1434,1,1,128,1,1,16,0.000,0.000,,,,,NVIDIA A100-SXM4-40GB (0),1,,13,cupy_copy__complex64_complex64
1953747711,2336,6536,103,1,1,128,1,1,16,0.000,0.000,,,,,NVIDIA A100-SXM4-40GB (0),1,,13,cupy_copy__complex64_complex64
1953768191,1984,6543,35,1,1,128,1,1,16,0.000,0.000,,,,,NVIDIA A100-SXM4-40GB (0),1,,13,cupy_copy__complex64_complex64
1953785983,1472,6550,1,1,1,1,1,1,18,0.000,0.000,,,,,NVIDIA A100-SXM4-40GB (0),1,,13,cupy_copy__float32_float32
1953929533,78047,6561,1,1,1,32,32,1,30,0.000,0.000,,,,,NVIDIA A100-SXM4-40GB (0),1,,13,"void convert_kernel<__half2, float2>(tensor_layout_any, T1 *, tensor_layout_any, const T2 *)"
1954036124,4256,6564,,,,,,,,,,0.061,14436.065,Pinned,Device,NVIDIA A100-SXM4-40GB (0),1,,13,[CUDA memcpy Host-to-Device]
1954050236,2624,6565,,,,,,,,,,1.547,589413.767,Device,,NVIDIA A100-SXM4-40GB (0),1,,13,[CUDA memset]
1954056508,3168,6570,,,,,,,,,,0.021,6646.453,Pinned,Device,NVIDIA A100-SXM4-40GB (0),1,,13,[CUDA memcpy Host-to-Device]
1954062684,6848,6571,,,,,,,,,,0.131,19140.182,Pinned,Device,NVIDIA A100-SXM4-40GB (0),1,,13,[CUDA memcpy Host-to-Device]
1954073788,5855,6572,273,1,1,8,4,1,39,0.002,0.000,,,,,NVIDIA A100-SXM4-40GB (0),1,,13,"void channel_eq::eqMmseCoefCompLowMimoKernel<float, float, float, (unsigned int)4, (unsigned int)1, (unsigned int)4>(const channel_eq::_puschRxChEqStatDescr *, channel_eq::_puschRxChEqCoefCompDynDescr)"
1954080891,4864,6573,273,1,1,12,11,1,40,0.002,0.000,,,,,NVIDIA A100-SXM4-40GB (0),1,,13,"void channel_eq::eqMmseSoftDemapKernel<float, __half, __half, float, (unsigned int)4, (unsigned short)16383>(channel_eq::_puschRxChEqStatDescr *, channel_eq::_puschRxChEqSoftDemapDynDescr)"
1954086939,281981,6574,1,1,1,32,32,1,30,0.000,0.000,,,,,NVIDIA A100-SXM4-40GB (0),1,,13,"void convert_kernel<float2, __half2>(tensor_layout_any, T1 *, tensor_layout_any, const T2 *)"
1954370072,10144,6586,2253,1,1,128,1,1,16,0.000,0.000,,,,,NVIDIA A100-SXM4-40GB (0),1,,13,cupy_copy__float16_float16
1954381304,2400,6595,282,1,1,128,1,1,16,0.000,0.000,,,,,NVIDIA A100-SXM4-40GB (0),1,,13,cupy_copy__complex64_complex64
1954384696,1760,6604,26,1,1,128,1,1,16,0.000,0.000,,,,,NVIDIA A100-SXM4-40GB (0),1,,13,cupy_copy__float32_float32
1954387672,2528,6613,103,1,1,128,1,1,16,0.000,0.000,,,,,NVIDIA A100-SXM4-40GB (0),1,,13,cupy_copy__complex64_complex64
1954391416,11168,6623,1434,1,1,128,1,1,16,0.000,0.000,,,,,NVIDIA A100-SXM4-40GB (0),1,,13,cupy_copy__complex64_complex64
1954438584,77919,6628,1,1,1,32,32,1,30,0.000,0.000,,,,,NVIDIA A100-SXM4-40GB (0),1,,13,"void convert_kernel<__half2, float2>(tensor_layout_any, T1 *, tensor_layout_any, const T2 *)"
1954544470,4512,6631,,,,,,,,,,0.061,13617.009,Pinned,Device,NVIDIA A100-SXM4-40GB (0),1,,13,[CUDA memcpy Host-to-Device]
1954555286,587354,6632,,,,,,,,,,456.520,776997.857,Device,,NVIDIA A100-SXM4-40GB (0),1,,13,[CUDA memset]
1955145968,32895,6637,,,,,,,,,,0.825,25089.632,Pinned,Device,NVIDIA A100-SXM4-40GB (0),1,,13,[CUDA memcpy Host-to-Device]
1955181999,6976,6638,,,,,,,,,,0.131,18788.909,Pinned,Device,NVIDIA A100-SXM4-40GB (0),1,,13,[CUDA memcpy Host-to-Device]
1955199887,7104,6639,69,4,1,48,1,1,76,0.002,0.000,,,,,NVIDIA A100-SXM4-40GB (0),1,,13,"void ch_est::windowedChEstPreNoDftSOfdmKernel<float, __half, float, (unsigned int)2, (unsigned int)1, (unsigned short)4>(ch_est::puschRxChEstStatDescr_t *, ch_est::puschRxChEstDynDescr_t *)"
1955208079,6144,6640,137,2,1,24,2,1,44,0.001,0.001,,,,,NVIDIA A100-SXM4-40GB (0),1,,13,"void ch_est::chEstFilterNoDftSOfdmDispatchKernel<float, __half, float, (unsigned int)2>(ch_est::puschRxChEstStatDescr_t *, ch_est::puschRxChEstDynDescr_t *)"
1955215471,4608,6641,137,2,1,24,2,1,44,0.001,0.001,,,,,NVIDIA A100-SXM4-40GB (0),1,,13,"void ch_est::chEstFilterNoDftSOfdmDispatchKernel<float, __half, float, (unsigned int)2>(ch_est::puschRxChEstStatDescr_t *, ch_est::puschRxChEstDynDescr_t *)"
1955221295,2144,6652,103,1,1,128,1,1,16,0.000,0.000,,,,,NVIDIA A100-SXM4-40GB (0),1,,13,cupy_copy__complex64_complex64
1955224431,12800,6662,1434,1,1,128,1,1,16,0.000,0.000,,,,,NVIDIA A100-SXM4-40GB (0),1,,13,cupy_copy__complex64_complex64
1955238255,2080,6669,103,1,1,128,1,1,16,0.000,0.000,,,,,NVIDIA A100-SXM4-40GB (0),1,,13,cupy_copy__complex64_complex64
1955241583,78527,6676,1,1,1,32,32,1,30,0.000,0.000,,,,,NVIDIA A100-SXM4-40GB (0),1,,13,"void convert_kernel<__half2, float2>(tensor_layout_any, T1 *, tensor_layout_any, const T2 *)"
1955348174,4480,6679,,,,,,,,,,0.061,13714.268,Pinned,Device,NVIDIA A100-SXM4-40GB (0),1,,13,[CUDA memcpy Host-to-Device]
1955360557,44736,6680,,,,,,,,,,35.801,800258.859,Device,,NVIDIA A100-SXM4-40GB (0),1,,13,[CUDA memset]
1955406285,2016,6682,,,,,,,,,,0.000,39.682,Pinned,Device,NVIDIA A100-SXM4-40GB (0),1,,13,[CUDA memcpy Host-to-Device]
1955411789,7424,6683,,,,,,,,,,0.131,17655.136,Pinned,Device,NVIDIA A100-SXM4-40GB (0),1,,13,[CUDA memcpy Host-to-Device]
1955429293,8576,6684,273,1,1,48,1,1,40,0.000,0.001,,,,,NVIDIA A100-SXM4-40GB (0),1,,13,"void pusch_noise_intf_est::noiseIntfEstNoDftSOfdmKernel<float, __half, float, float, (unsigned int)2, (unsigned int)1, (unsigned char)4, (unsigned char)4>(pusch_noise_intf_est::puschRxNoiseIntfEstDynDescr)"
1955439405,2240,6695,35,1,1,128,1,1,16,0.000,0.000,,,,,NVIDIA A100-SXM4-40GB (0),1,,13,cupy_copy__complex64_complex64
1955471436,1504,6704,1,1,1,1,1,1,18,0.000,0.000,,,,,NVIDIA A100-SXM4-40GB (0),1,,13,cupy_copy__float32_float32
1955505292,1984,6710,,,,,,,,,,0.000,2.016,Device,Pageable,NVIDIA A100-SXM4-40GB (0),1,,7,[CUDA memcpy Device-to-Host]
1955564491,13024,6721,1434,1,1,128,1,1,16,0.000,0.000,,,,,NVIDIA A100-SXM4-40GB (0),1,,13,cupy_copy__complex64_complex64
1955591467,2400,6728,103,1,1,128,1,1,16,0.000,0.000,,,,,NVIDIA A100-SXM4-40GB (0),1,,13,cupy_copy__complex64_complex64
1955612107,2016,6735,35,1,1,128,1,1,16,0.000,0.000,,,,,NVIDIA A100-SXM4-40GB (0),1,,13,cupy_copy__complex64_complex64
1955630442,1472,6742,1,1,1,1,1,1,18,0.000,0.000,,,,,NVIDIA A100-SXM4-40GB (0),1,,13,cupy_copy__float32_float32
1955763945,78655,6753,1,1,1,32,32,1,30,0.000,0.000,,,,,NVIDIA A100-SXM4-40GB (0),1,,13,"void convert_kernel<__half2, float2>(tensor_layout_any, T1 *, tensor_layout_any, const T2 *)"
1955871432,4256,6756,,,,,,,,,,0.061,14436.065,Pinned,Device,NVIDIA A100-SXM4-40GB (0),1,,13,[CUDA memcpy Host-to-Device]
1955885736,2624,6757,,,,,,,,,,1.547,589413.767,Device,,NVIDIA A100-SXM4-40GB (0),1,,13,[CUDA memset]
1955892328,2752,6762,,,,,,,,,,0.021,7651.161,Pinned,Device,NVIDIA A100-SXM4-40GB (0),1,,13,[CUDA memcpy Host-to-Device]
1955897224,6943,6763,,,,,,,,,,0.131,18878.169,Pinned,Device,NVIDIA A100-SXM4-40GB (0),1,,13,[CUDA memcpy Host-to-Device]
1955908807,5952,6764,273,1,1,8,4,1,39,0.002,0.000,,,,,NVIDIA A100-SXM4-40GB (0),1,,13,"void channel_eq::eqMmseCoefCompLowMimoKernel<float, float, float, (unsigned int)4, (unsigned int)1, (unsigned int)4>(const channel_eq::_puschRxChEqStatDescr *, channel_eq::_puschRxChEqCoefCompDynDescr)"
1955915783,4992,6765,273,1,1,12,11,1,40,0.002,0.000,,,,,NVIDIA A100-SXM4-40GB (0),1,,13,"void channel_eq::eqMmseSoftDemapKernel<float, __half, __half, float, (unsigned int)4, (unsigned short)16383>(channel_eq::_puschRxChEqStatDescr *, channel_eq::_puschRxChEqSoftDemapDynDescr)"
1955921767,282045,6766,1,1,1,32,32,1,30,0.000,0.000,,,,,NVIDIA A100-SXM4-40GB (0),1,,13,"void convert_kernel<float2, __half2>(tensor_layout_any, T1 *, tensor_layout_any, const T2 *)"
1956204836,10144,6778,2253,1,1,128,1,1,16,0.000,0.000,,,,,NVIDIA A100-SXM4-40GB (0),1,,13,cupy_copy__float16_float16
1956216036,2400,6787,282,1,1,128,1,1,16,0.000,0.000,,,,,NVIDIA A100-SXM4-40GB (0),1,,13,cupy_copy__complex64_complex64
1956219460,1760,6796,26,1,1,128,1,1,16,0.000,0.000,,,,,NVIDIA A100-SXM4-40GB (0),1,,13,cupy_copy__float32_float32
1956222436,2560,6805,103,1,1,128,1,1,16,0.000,0.000,,,,,NVIDIA A100-SXM4-40GB (0),1,,13,cupy_copy__complex64_complex64
1956226148,11424,6815,1434,1,1,128,1,1,16,0.000,0.000,,,,,NVIDIA A100-SXM4-40GB (0),1,,13,cupy_copy__complex64_complex64
1956271363,78496,6820,1,1,1,32,32,1,30,0.000,0.000,,,,,NVIDIA A100-SXM4-40GB (0),1,,13,"void convert_kernel<__half2, float2>(tensor_layout_any, T1 *, tensor_layout_any, const T2 *)"
1956531777,4800,6823,,,,,,,,,,0.061,12799.980,Pinned,Device,NVIDIA A100-SXM4-40GB (0),1,,13,[CUDA memcpy Host-to-Device]
1956547392,590042,6824,,,,,,,,,,456.520,773345.693,Device,,NVIDIA A100-SXM4-40GB (0),1,,13,[CUDA memset]
1957147034,33312,6829,,,,,,,,,,0.825,24776.002,Pinned,Device,NVIDIA A100-SXM4-40GB (0),1,,13,[CUDA memcpy Host-to-Device]
1957182489,6944,6830,,,,,,,,,,0.131,18875.548,Pinned,Device,NVIDIA A100-SXM4-40GB (0),1,,13,[CUDA memcpy Host-to-Device]
1957197721,7136,6831,69,4,1,48,1,1,76,0.002,0.000,,,,,NVIDIA A100-SXM4-40GB (0),1,,13,"void ch_est::windowedChEstPreNoDftSOfdmKernel<float, __half, float, (unsigned int)2, (unsigned int)1, (unsigned short)4>(ch_est::puschRxChEstStatDescr_t *, ch_est::puschRxChEstDynDescr_t *)"
1957206137,6112,6832,137,2,1,24,2,1,44,0.001,0.001,,,,,NVIDIA A100-SXM4-40GB (0),1,,13,"void ch_est::chEstFilterNoDftSOfdmDispatchKernel<float, __half, float, (unsigned int)2>(ch_est::puschRxChEstStatDescr_t *, ch_est::puschRxChEstDynDescr_t *)"
1957213497,4544,6833,137,2,1,24,2,1,44,0.001,0.001,,,,,NVIDIA A100-SXM4-40GB (0),1,,13,"void ch_est::chEstFilterNoDftSOfdmDispatchKernel<float, __half, float, (unsigned int)2>(ch_est::puschRxChEstStatDescr_t *, ch_est::puschRxChEstDynDescr_t *)"
1957219097,2592,6844,103,1,1,128,1,1,16,0.000,0.000,,,,,NVIDIA A100-SXM4-40GB (0),1,,13,cupy_copy__complex64_complex64
1957222777,12448,6854,1434,1,1,128,1,1,16,0.000,0.000,,,,,NVIDIA A100-SXM4-40GB (0),1,,13,cupy_copy__complex64_complex64
1957236313,2048,6861,103,1,1,128,1,1,16,0.000,0.000,,,,,NVIDIA A100-SXM4-40GB (0),1,,13,cupy_copy__complex64_complex64
1957239449,78719,6868,1,1,1,32,32,1,30,0.000,0.000,,,,,NVIDIA A100-SXM4-40GB (0),1,,13,"void convert_kernel<__half2, float2>(tensor_layout_any, T1 *, tensor_layout_any, const T2 *)"
1957348728,4192,6871,,,,,,,,,,0.061,14656.451,Pinned,Device,NVIDIA A100-SXM4-40GB (0),1,,13,[CUDA memcpy Host-to-Device]
1957364343,45120,6872,,,,,,,,,,35.801,793456.676,Device,,NVIDIA A100-SXM4-40GB (0),1,,13,[CUDA memset]
1957415735,3616,6874,,,,,,,,,,0.000,22.124,Pinned,Device,NVIDIA A100-SXM4-40GB (0),1,,13,[CUDA memcpy Host-to-Device]
1957421463,6912,6875,,,,,,,,,,0.131,18962.842,Pinned,Device,NVIDIA A100-SXM4-40GB (0),1,,13,[CUDA memcpy Host-to-Device]
1957432503,8480,6876,273,1,1,48,1,1,40,0.000,0.001,,,,,NVIDIA A100-SXM4-40GB (0),1,,13,"void pusch_noise_intf_est::noiseIntfEstNoDftSOfdmKernel<float, __half, float, float, (unsigned int)2, (unsigned int)1, (unsigned char)4, (unsigned char)4>(pusch_noise_intf_est::puschRxNoiseIntfEstDynDescr)"
1957442519,2240,6887,35,1,1,128,1,1,16,0.000,0.000,,,,,NVIDIA A100-SXM4-40GB (0),1,,13,cupy_copy__complex64_complex64
1957479318,1472,6896,1,1,1,1,1,1,18,0.000,0.000,,,,,NVIDIA A100-SXM4-40GB (0),1,,13,cupy_copy__float32_float32
1957513142,1728,6902,,,,,,,,,,0.000,2.315,Device,Pageable,NVIDIA A100-SXM4-40GB (0),1,,7,[CUDA memcpy Device-to-Host]
1957571637,13792,6913,1434,1,1,128,1,1,16,0.000,0.000,,,,,NVIDIA A100-SXM4-40GB (0),1,,13,cupy_copy__complex64_complex64
1957596949,2336,6920,103,1,1,128,1,1,16,0.000,0.000,,,,,NVIDIA A100-SXM4-40GB (0),1,,13,cupy_copy__complex64_complex64
1957617077,2016,6927,35,1,1,128,1,1,16,0.000,0.000,,,,,NVIDIA A100-SXM4-40GB (0),1,,13,cupy_copy__complex64_complex64
1957634005,1472,6934,1,1,1,1,1,1,18,0.000,0.000,,,,,NVIDIA A100-SXM4-40GB (0),1,,13,cupy_copy__float32_float32
1957768627,79007,6945,1,1,1,32,32,1,30,0.000,0.000,,,,,NVIDIA A100-SXM4-40GB (0),1,,13,"void convert_kernel<__half2, float2>(tensor_layout_any, T1 *, tensor_layout_any, const T2 *)"
1958022448,4608,6948,,,,,,,,,,0.061,13333.279,Pinned,Device,NVIDIA A100-SXM4-40GB (0),1,,13,[CUDA memcpy Host-to-Device]
1958034128,2624,6949,,,,,,,,,,1.547,589413.767,Device,,NVIDIA A100-SXM4-40GB (0),1,,13,[CUDA memset]
1958043856,2880,6954,,,,,,,,,,0.021,7311.106,Pinned,Device,NVIDIA A100-SXM4-40GB (0),1,,13,[CUDA memcpy Host-to-Device]
1958049584,7072,6955,,,,,,,,,,0.131,18533.843,Pinned,Device,NVIDIA A100-SXM4-40GB (0),1,,13,[CUDA memcpy Host-to-Device]
1958062992,5856,6956,273,1,1,8,4,1,39,0.002,0.000,,,,,NVIDIA A100-SXM4-40GB (0),1,,13,"void channel_eq::eqMmseCoefCompLowMimoKernel<float, float, float, (unsigned int)4, (unsigned int)1, (unsigned int)4>(const channel_eq::_puschRxChEqStatDescr *, channel_eq::_puschRxChEqCoefCompDynDescr)"
1958070128,4960,6957,273,1,1,12,11,1,40,0.002,0.000,,,,,NVIDIA A100-SXM4-40GB (0),1,,13,"void channel_eq::eqMmseSoftDemapKernel<float, __half, __half, float, (unsigned int)4, (unsigned short)16383>(channel_eq::_puschRxChEqStatDescr *, channel_eq::_puschRxChEqSoftDemapDynDescr)"
1958076144,282461,6958,1,1,1,32,32,1,30,0.000,0.000,,,,,NVIDIA A100-SXM4-40GB (0),1,,13,"void convert_kernel<float2, __half2>(tensor_layout_any, T1 *, tensor_layout_any, const T2 *)"
1958359853,10303,6970,2253,1,1,128,1,1,16,0.000,0.000,,,,,NVIDIA A100-SXM4-40GB (0),1,,13,cupy_copy__float16_float16
1958371340,2432,6979,282,1,1,128,1,1,16,0.000,0.000,,,,,NVIDIA A100-SXM4-40GB (0),1,,13,cupy_copy__complex64_complex64
1958374764,1760,6988,26,1,1,128,1,1,16,0.000,0.000,,,,,NVIDIA A100-SXM4-40GB (0),1,,13,cupy_copy__float32_float32
1958377740,2496,6997,103,1,1,128,1,1,16,0.000,0.000,,,,,NVIDIA A100-SXM4-40GB (0),1,,13,cupy_copy__complex64_complex64
1958381452,11104,7007,1434,1,1,128,1,1,16,0.000,0.000,,,,,NVIDIA A100-SXM4-40GB (0),1,,13,cupy_copy__complex64_complex64
1958536555,79455,7012,1,1,1,32,32,1,30,0.000,0.000,,,,,NVIDIA A100-SXM4-40GB (0),1,,13,"void convert_kernel<__half2, float2>(tensor_layout_any, T1 *, tensor_layout_any, const T2 *)"
1958647369,4448,7015,,,,,,,,,,0.061,13812.941,Pinned,Device,NVIDIA A100-SXM4-40GB (0),1,,13,[CUDA memcpy Host-to-Device]
1958658729,587194,7016,,,,,,,,,,456.520,777454.377,Device,,NVIDIA A100-SXM4-40GB (0),1,,13,[CUDA memset]
1959250051,33151,7021,,,,,,,,,,0.825,24896.502,Pinned,Device,NVIDIA A100-SXM4-40GB (0),1,,13,[CUDA memcpy Host-to-Device]
1959285986,7040,7022,,,,,,,,,,0.131,18618.122,Pinned,Device,NVIDIA A100-SXM4-40GB (0),1,,13,[CUDA memcpy Host-to-Device]
1959300962,7136,7023,69,4,1,48,1,1,76,0.002,0.000,,,,,NVIDIA A100-SXM4-40GB (0),1,,13,"void ch_est::windowedChEstPreNoDftSOfdmKernel<float, __half, float, (unsigned int)2, (unsigned int)1, (unsigned short)4>(ch_est::puschRxChEstStatDescr_t *, ch_est::puschRxChEstDynDescr_t *)"
1959309186,6240,7024,137,2,1,24,2,1,44,0.001,0.001,,,,,NVIDIA A100-SXM4-40GB (0),1,,13,"void ch_est::chEstFilterNoDftSOfdmDispatchKernel<float, __half, float, (unsigned int)2>(ch_est::puschRxChEstStatDescr_t *, ch_est::puschRxChEstDynDescr_t *)"
1959316450,4544,7025,137,2,1,24,2,1,44,0.001,0.001,,,,,NVIDIA A100-SXM4-40GB (0),1,,13,"void ch_est::chEstFilterNoDftSOfdmDispatchKernel<float, __half, float, (unsigned int)2>(ch_est::puschRxChEstStatDescr_t *, ch_est::puschRxChEstDynDescr_t *)"
1959322242,2144,7036,103,1,1,128,1,1,16,0.000,0.000,,,,,NVIDIA A100-SXM4-40GB (0),1,,13,cupy_copy__complex64_complex64
1959325730,12480,7046,1434,1,1,128,1,1,16,0.000,0.000,,,,,NVIDIA A100-SXM4-40GB (0),1,,13,cupy_copy__complex64_complex64
1959339458,2112,7053,103,1,1,128,1,1,16,0.000,0.000,,,,,NVIDIA A100-SXM4-40GB (0),1,,13,cupy_copy__complex64_complex64
1959342658,78239,7060,1,1,1,32,32,1,30,0.000,0.000,,,,,NVIDIA A100-SXM4-40GB (0),1,,13,"void convert_kernel<__half2, float2>(tensor_layout_any, T1 *, tensor_layout_any, const T2 *)"
1959450209,4320,7063,,,,,,,,,,0.061,14222.193,Pinned,Device,NVIDIA A100-SXM4-40GB (0),1,,13,[CUDA memcpy Host-to-Device]
1959463584,45056,7064,,,,,,,,,,35.801,794566.506,Device,,NVIDIA A100-SXM4-40GB (0),1,,13,[CUDA memset]
1959515232,2368,7066,,,,,,,,,,0.000,33.784,Pinned,Device,NVIDIA A100-SXM4-40GB (0),1,,13,[CUDA memcpy Host-to-Device]
1959520288,7168,7067,,,,,,,,,,0.131,18285.593,Pinned,Device,NVIDIA A100-SXM4-40GB (0),1,,13,[CUDA memcpy Host-to-Device]
1959535648,8512,7068,273,1,1,48,1,1,40,0.000,0.001,,,,,NVIDIA A100-SXM4-40GB (0),1,,13,"void pusch_noise_intf_est::noiseIntfEstNoDftSOfdmKernel<float, __half, float, float, (unsigned int)2, (unsigned int)1, (unsigned char)4, (unsigned char)4>(pusch_noise_intf_est::puschRxNoiseIntfEstDynDescr)"
1959545632,2240,7079,35,1,1,128,1,1,16,0.000,0.000,,,,,NVIDIA A100-SXM4-40GB (0),1,,13,cupy_copy__complex64_complex64
1959573919,1536,7088,1,1,1,1,1,1,18,0.000,0.000,,,,,NVIDIA A100-SXM4-40GB (0),1,,13,cupy_copy__float32_float32
1959609183,1760,7094,,,,,,,,,,0.000,2.273,Device,Pageable,NVIDIA A100-SXM4-40GB (0),1,,7,[CUDA memcpy Device-to-Host]
1959668350,13472,7105,1434,1,1,128,1,1,16,0.000,0.000,,,,,NVIDIA A100-SXM4-40GB (0),1,,13,cupy_copy__complex64_complex64
1959695230,2368,7112,103,1,1,128,1,1,16,0.000,0.000,,,,,NVIDIA A100-SXM4-40GB (0),1,,13,cupy_copy__complex64_complex64
1959715422,2016,7119,35,1,1,128,1,1,16,0.000,0.000,,,,,NVIDIA A100-SXM4-40GB (0),1,,13,cupy_copy__complex64_complex64
1959733534,1472,7126,1,1,1,1,1,1,18,0.000,0.000,,,,,NVIDIA A100-SXM4-40GB (0),1,,13,cupy_copy__float32_float32
1960059098,78431,7137,1,1,1,32,32,1,30,0.000,0.000,,,,,NVIDIA A100-SXM4-40GB (0),1,,13,"void convert_kernel<__half2, float2>(tensor_layout_any, T1 *, tensor_layout_any, const T2 *)"
1960166041,4160,7140,,,,,,,,,,0.061,14769.193,Pinned,Device,NVIDIA A100-SXM4-40GB (0),1,,13,[CUDA memcpy Host-to-Device]
1960180249,2624,7141,,,,,,,,,,1.547,589413.767,Device,,NVIDIA A100-SXM4-40GB (0),1,,13,[CUDA memset]
1960186425,2720,7146,,,,,,,,,,0.021,7741.175,Pinned,Device,NVIDIA A100-SXM4-40GB (0),1,,13,[CUDA memcpy Host-to-Device]
1960191673,7423,7147,,,,,,,,,,0.131,17657.496,Pinned,Device,NVIDIA A100-SXM4-40GB (0),1,,13,[CUDA memcpy Host-to-Device]
1960205176,5824,7148,273,1,1,8,4,1,39,0.002,0.000,,,,,NVIDIA A100-SXM4-40GB (0),1,,13,"void channel_eq::eqMmseCoefCompLowMimoKernel<float, float, float, (unsigned int)4, (unsigned int)1, (unsigned int)4>(const channel_eq::_puschRxChEqStatDescr *, channel_eq::_puschRxChEqCoefCompDynDescr)"
1960212216,4800,7149,273,1,1,12,11,1,40,0.002,0.000,,,,,NVIDIA A100-SXM4-40GB (0),1,,13,"void channel_eq::eqMmseSoftDemapKernel<float, __half, __half, float, (unsigned int)4, (unsigned short)16383>(channel_eq::_puschRxChEqStatDescr *, channel_eq::_puschRxChEqSoftDemapDynDescr)"
1960218296,282333,7150,1,1,1,32,32,1,30,0.000,0.000,,,,,NVIDIA A100-SXM4-40GB (0),1,,13,"void convert_kernel<float2, __half2>(tensor_layout_any, T1 *, tensor_layout_any, const T2 *)"
1960501653,10304,7162,2253,1,1,128,1,1,16,0.000,0.000,,,,,NVIDIA A100-SXM4-40GB (0),1,,13,cupy_copy__float16_float16
1960513045,2368,7171,282,1,1,128,1,1,16,0.000,0.000,,,,,NVIDIA A100-SXM4-40GB (0),1,,13,cupy_copy__complex64_complex64
1960516469,1728,7180,26,1,1,128,1,1,16,0.000,0.000,,,,,NVIDIA A100-SXM4-40GB (0),1,,13,cupy_copy__float32_float32
1960519413,2560,7189,103,1,1,128,1,1,16,0.000,0.000,,,,,NVIDIA A100-SXM4-40GB (0),1,,13,cupy_copy__complex64_complex64
1960523157,11296,7199,1434,1,1,128,1,1,16,0.000,0.000,,,,,NVIDIA A100-SXM4-40GB (0),1,,13,cupy_copy__complex64_complex64
1960560532,78624,7204,1,1,1,32,32,1,30,0.000,0.000,,,,,NVIDIA A100-SXM4-40GB (0),1,,13,"void convert_kernel<__half2, float2>(tensor_layout_any, T1 *, tensor_layout_any, const T2 *)"
1960666387,4128,7207,,,,,,,,,,0.061,14883.717,Pinned,Device,NVIDIA A100-SXM4-40GB (0),1,,13,[CUDA memcpy Host-to-Device]
1960677267,587290,7208,,,,,,,,,,456.520,776997.857,Device,,NVIDIA A100-SXM4-40GB (0),1,,13,[CUDA memset]
1961271789,32799,7213,,,,,,,,,,0.825,25163.088,Pinned,Device,NVIDIA A100-SXM4-40GB (0),1,,13,[CUDA memcpy Host-to-Device]
1961307980,6848,7214,,,,,,,,,,0.131,19140.182,Pinned,Device,NVIDIA A100-SXM4-40GB (0),1,,13,[CUDA memcpy Host-to-Device]
1961325420,7200,7215,69,4,1,48,1,1,76,0.002,0.000,,,,,NVIDIA A100-SXM4-40GB (0),1,,13,"void ch_est::windowedChEstPreNoDftSOfdmKernel<float, __half, float, (unsigned int)2, (unsigned int)1, (unsigned short)4>(ch_est::puschRxChEstStatDescr_t *, ch_est::puschRxChEstDynDescr_t *)"
1961333868,6144,7216,137,2,1,24,2,1,44,0.001,0.001,,,,,NVIDIA A100-SXM4-40GB (0),1,,13,"void ch_est::chEstFilterNoDftSOfdmDispatchKernel<float, __half, float, (unsigned int)2>(ch_est::puschRxChEstStatDescr_t *, ch_est::puschRxChEstDynDescr_t *)"
1961341196,4544,7217,137,2,1,24,2,1,44,0.001,0.001,,,,,NVIDIA A100-SXM4-40GB (0),1,,13,"void ch_est::chEstFilterNoDftSOfdmDispatchKernel<float, __half, float, (unsigned int)2>(ch_est::puschRxChEstStatDescr_t *, ch_est::puschRxChEstDynDescr_t *)"
1961346988,2144,7228,103,1,1,128,1,1,16,0.000,0.000,,,,,NVIDIA A100-SXM4-40GB (0),1,,13,cupy_copy__complex64_complex64
1961350124,12320,7238,1434,1,1,128,1,1,16,0.000,0.000,,,,,NVIDIA A100-SXM4-40GB (0),1,,13,cupy_copy__complex64_complex64
1961363660,2080,7245,103,1,1,128,1,1,16,0.000,0.000,,,,,NVIDIA A100-SXM4-40GB (0),1,,13,cupy_copy__complex64_complex64
1961366828,77631,7252,1,1,1,32,32,1,30,0.000,0.000,,,,,NVIDIA A100-SXM4-40GB (0),1,,13,"void convert_kernel<__half2, float2>(tensor_layout_any, T1 *, tensor_layout_any, const T2 *)"
1961472810,4192,7255,,,,,,,,,,0.061,14656.451,Pinned,Device,NVIDIA A100-SXM4-40GB (0),1,,13,[CUDA memcpy Host-to-Device]
1961485290,45152,7256,,,,,,,,,,35.801,792883.861,Device,,NVIDIA A100-SXM4-40GB (0),1,,13,[CUDA memset]
1961537610,1920,7258,,,,,,,,,,0.000,41.667,Pinned,Device,NVIDIA A100-SXM4-40GB (0),1,,13,[CUDA memcpy Host-to-Device]
1961542986,6848,7259,,,,,,,,,,0.131,19140.182,Pinned,Device,NVIDIA A100-SXM4-40GB (0),1,,13,[CUDA memcpy Host-to-Device]
1961556682,8383,7260,273,1,1,48,1,1,40,0.000,0.001,,,,,NVIDIA A100-SXM4-40GB (0),1,,13,"void pusch_noise_intf_est::noiseIntfEstNoDftSOfdmKernel<float, __half, float, float, (unsigned int)2, (unsigned int)1, (unsigned char)4, (unsigned char)4>(pusch_noise_intf_est::puschRxNoiseIntfEstDynDescr)"
1961566633,2368,7271,35,1,1,128,1,1,16,0.000,0.000,,,,,NVIDIA A100-SXM4-40GB (0),1,,13,cupy_copy__complex64_complex64
1961594697,1472,7280,1,1,1,1,1,1,18,0.000,0.000,,,,,NVIDIA A100-SXM4-40GB (0),1,,13,cupy_copy__float32_float32
1961628393,1664,7286,,,,,,,,,,0.000,2.404,Device,Pageable,NVIDIA A100-SXM4-40GB (0),1,,7,[CUDA memcpy Device-to-Host]
1961686216,13088,7297,1434,1,1,128,1,1,16,0.000,0.000,,,,,NVIDIA A100-SXM4-40GB (0),1,,13,cupy_copy__complex64_complex64
1961712808,2336,7304,103,1,1,128,1,1,16,0.000,0.000,,,,,NVIDIA A100-SXM4-40GB (0),1,,13,cupy_copy__complex64_complex64
1961733384,2016,7311,35,1,1,128,1,1,16,0.000,0.000,,,,,NVIDIA A100-SXM4-40GB (0),1,,13,cupy_copy__complex64_complex64
1961751367,1472,7318,1,1,1,1,1,1,18,0.000,0.000,,,,,NVIDIA A100-SXM4-40GB (0),1,,13,cupy_copy__float32_float32
1961904294,77887,7329,1,1,1,32,32,1,30,0.000,0.000,,,,,NVIDIA A100-SXM4-40GB (0),1,,13,"void convert_kernel<__half2, float2>(tensor_layout_any, T1 *, tensor_layout_any, const T2 *)"
1962158339,4448,7332,,,,,,,,,,0.061,13812.941,Pinned,Device,NVIDIA A100-SXM4-40GB (0),1,,13,[CUDA memcpy Host-to-Device]
1962168867,2688,7333,,,,,,,,,,1.547,575379.700,Device,,NVIDIA A100-SXM4-40GB (0),1,,13,[CUDA memset]
1962179875,3424,7338,,,,,,,,,,0.021,6149.531,Pinned,Device,NVIDIA A100-SXM4-40GB (0),1,,13,[CUDA memcpy Host-to-Device]
1962186339,6976,7339,,,,,,,,,,0.131,18788.909,Pinned,Device,NVIDIA A100-SXM4-40GB (0),1,,13,[CUDA memcpy Host-to-Device]
1962197859,5823,7340,273,1,1,8,4,1,39,0.002,0.000,,,,,NVIDIA A100-SXM4-40GB (0),1,,13,"void channel_eq::eqMmseCoefCompLowMimoKernel<float, float, float, (unsigned int)4, (unsigned int)1, (unsigned int)4>(const channel_eq::_puschRxChEqStatDescr *, channel_eq::_puschRxChEqCoefCompDynDescr)"
1962204930,4896,7341,273,1,1,12,11,1,40,0.002,0.000,,,,,NVIDIA A100-SXM4-40GB (0),1,,13,"void channel_eq::eqMmseSoftDemapKernel<float, __half, __half, float, (unsigned int)4, (unsigned short)16383>(channel_eq::_puschRxChEqStatDescr *, channel_eq::_puschRxChEqSoftDemapDynDescr)"
1962210914,281917,7342,1,1,1,32,32,1,30,0.000,0.000,,,,,NVIDIA A100-SXM4-40GB (0),1,,13,"void convert_kernel<float2, __half2>(tensor_layout_any, T1 *, tensor_layout_any, const T2 *)"
1962494079,10336,7354,2253,1,1,128,1,1,16,0.000,0.000,,,,,NVIDIA A100-SXM4-40GB (0),1,,13,cupy_copy__float16_float16
1962505727,2368,7363,282,1,1,128,1,1,16,0.000,0.000,,,,,NVIDIA A100-SXM4-40GB (0),1,,13,cupy_copy__complex64_complex64
1962509119,1792,7372,26,1,1,128,1,1,16,0.000,0.000,,,,,NVIDIA A100-SXM4-40GB (0),1,,13,cupy_copy__float32_float32
1962512095,2528,7381,103,1,1,128,1,1,16,0.000,0.000,,,,,NVIDIA A100-SXM4-40GB (0),1,,13,cupy_copy__complex64_complex64
1962515839,11360,7391,1434,1,1,128,1,1,16,0.000,0.000,,,,,NVIDIA A100-SXM4-40GB (0),1,,13,cupy_copy__complex64_complex64
1962700189,78879,7396,1,1,1,32,32,1,30,0.000,0.000,,,,,NVIDIA A100-SXM4-40GB (0),1,,13,"void convert_kernel<__half2, float2>(tensor_layout_any, T1 *, tensor_layout_any, const T2 *)"
1962809980,4160,7399,,,,,,,,,,0.061,14769.193,Pinned,Device,NVIDIA A100-SXM4-40GB (0),1,,13,[CUDA memcpy Host-to-Device]
1962821052,587321,7400,,,,,,,,,,456.520,776997.857,Device,,NVIDIA A100-SXM4-40GB (0),1,,13,[CUDA memset]
1963416021,34912,7405,,,,,,,,,,0.825,23640.328,Pinned,Device,NVIDIA A100-SXM4-40GB (0),1,,13,[CUDA memcpy Host-to-Device]
1963453557,8320,7406,,,,,,,,,,0.131,15753.806,Pinned,Device,NVIDIA A100-SXM4-40GB (0),1,,13,[CUDA memcpy Host-to-Device]
1963466549,7040,7407,69,4,1,48,1,1,76,0.002,0.000,,,,,NVIDIA A100-SXM4-40GB (0),1,,13,"void ch_est::windowedChEstPreNoDftSOfdmKernel<float, __half, float, (unsigned int)2, (unsigned int)1, (unsigned short)4>(ch_est::puschRxChEstStatDescr_t *, ch_est::puschRxChEstDynDescr_t *)"
1963474837,6271,7408,137,2,1,24,2,1,44,0.001,0.001,,,,,NVIDIA A100-SXM4-40GB (0),1,,13,"void ch_est::chEstFilterNoDftSOfdmDispatchKernel<float, __half, float, (unsigned int)2>(ch_est::puschRxChEstStatDescr_t *, ch_est::puschRxChEstDynDescr_t *)"
1963482132,4576,7409,137,2,1,24,2,1,44,0.001,0.001,,,,,NVIDIA A100-SXM4-40GB (0),1,,13,"void ch_est::chEstFilterNoDftSOfdmDispatchKernel<float, __half, float, (unsigned int)2>(ch_est::puschRxChEstStatDescr_t *, ch_est::puschRxChEstDynDescr_t *)"
1963487924,2176,7420,103,1,1,128,1,1,16,0.000,0.000,,,,,NVIDIA A100-SXM4-40GB (0),1,,13,cupy_copy__complex64_complex64
1963491060,12896,7430,1434,1,1,128,1,1,16,0.000,0.000,,,,,NVIDIA A100-SXM4-40GB (0),1,,13,cupy_copy__complex64_complex64
1963505204,2112,7437,103,1,1,128,1,1,16,0.000,0.000,,,,,NVIDIA A100-SXM4-40GB (0),1,,13,cupy_copy__complex64_complex64
1963508564,78687,7444,1,1,1,32,32,1,30,0.000,0.000,,,,,NVIDIA A100-SXM4-40GB (0),1,,13,"void convert_kernel<__half2, float2>(tensor_layout_any, T1 *, tensor_layout_any, const T2 *)"
1963756433,4320,7447,,,,,,,,,,0.061,14222.193,Pinned,Device,NVIDIA A100-SXM4-40GB (0),1,,13,[CUDA memcpy Host-to-Device]
1963768625,46368,7448,,,,,,,,,,35.801,772083.503,Device,,NVIDIA A100-SXM4-40GB (0),1,,13,[CUDA memset]
1963820273,2016,7450,,,,,,,,,,0.000,39.682,Pinned,Device,NVIDIA A100-SXM4-40GB (0),1,,13,[CUDA memcpy Host-to-Device]
1963824401,7328,7451,,,,,,,,,,0.131,17886.347,Pinned,Device,NVIDIA A100-SXM4-40GB (0),1,,13,[CUDA memcpy Host-to-Device]
1963835505,9184,7452,273,1,1,48,1,1,40,0.000,0.001,,,,,NVIDIA A100-SXM4-40GB (0),1,,13,"void pusch_noise_intf_est::noiseIntfEstNoDftSOfdmKernel<float, __half, float, float, (unsigned int)2, (unsigned int)1, (unsigned char)4, (unsigned char)4>(pusch_noise_intf_est::puschRxNoiseIntfEstDynDescr)"
1963846288,2208,7463,35,1,1,128,1,1,16,0.000,0.000,,,,,NVIDIA A100-SXM4-40GB (0),1,,13,cupy_copy__complex64_complex64
1963865648,1504,7472,1,1,1,1,1,1,18,0.000,0.000,,,,,NVIDIA A100-SXM4-40GB (0),1,,13,cupy_copy__float32_float32
1963899792,1984,7478,,,,,,,,,,0.000,2.016,Device,Pageable,NVIDIA A100-SXM4-40GB (0),1,,7,[CUDA memcpy Device-to-Host]
1963958287,13408,7489,1434,1,1,128,1,1,16,0.000,0.000,,,,,NVIDIA A100-SXM4-40GB (0),1,,13,cupy_copy__complex64_complex64
1963984239,2368,7496,103,1,1,128,1,1,16,0.000,0.000,,,,,NVIDIA A100-SXM4-40GB (0),1,,13,cupy_copy__complex64_complex64
1964004303,1984,7503,35,1,1,128,1,1,16,0.000,0.000,,,,,NVIDIA A100-SXM4-40GB (0),1,,13,cupy_copy__complex64_complex64
1964021839,1472,7510,1,1,1,1,1,1,18,0.000,0.000,,,,,NVIDIA A100-SXM4-40GB (0),1,,13,cupy_copy__float32_float32
1964287308,78175,7521,1,1,1,32,32,1,30,0.000,0.000,,,,,NVIDIA A100-SXM4-40GB (0),1,,13,"void convert_kernel<__half2, float2>(tensor_layout_any, T1 *, tensor_layout_any, const T2 *)"
1964398250,4192,7524,,,,,,,,,,0.061,14656.451,Pinned,Device,NVIDIA A100-SXM4-40GB (0),1,,13,[CUDA memcpy Host-to-Device]
1964412650,2624,7525,,,,,,,,,,1.547,589413.767,Device,,NVIDIA A100-SXM4-40GB (0),1,,13,[CUDA memset]
1964418954,2752,7530,,,,,,,,,,0.021,7651.161,Pinned,Device,NVIDIA A100-SXM4-40GB (0),1,,13,[CUDA memcpy Host-to-Device]
1964424682,7264,7531,,,,,,,,,,0.131,18044.027,Pinned,Device,NVIDIA A100-SXM4-40GB (0),1,,13,[CUDA memcpy Host-to-Device]
1964438890,5824,7532,273,1,1,8,4,1,39,0.002,0.000,,,,,NVIDIA A100-SXM4-40GB (0),1,,13,"void channel_eq::eqMmseCoefCompLowMimoKernel<float, float, float, (unsigned int)4, (unsigned int)1, (unsigned int)4>(const channel_eq::_puschRxChEqStatDescr *, channel_eq::_puschRxChEqCoefCompDynDescr)"
1964445706,4896,7533,273,1,1,12,11,1,40,0.002,0.000,,,,,NVIDIA A100-SXM4-40GB (0),1,,13,"void channel_eq::eqMmseSoftDemapKernel<float, __half, __half, float, (unsigned int)4, (unsigned short)16383>(channel_eq::_puschRxChEqStatDescr *, channel_eq::_puschRxChEqSoftDemapDynDescr)"
1964451690,282205,7534,1,1,1,32,32,1,30,0.000,0.000,,,,,NVIDIA A100-SXM4-40GB (0),1,,13,"void convert_kernel<float2, __half2>(tensor_layout_any, T1 *, tensor_layout_any, const T2 *)"
1964735079,10272,7546,2253,1,1,128,1,1,16,0.000,0.000,,,,,NVIDIA A100-SXM4-40GB (0),1,,13,cupy_copy__float16_float16
1964746567,2432,7555,282,1,1,128,1,1,16,0.000,0.000,,,,,NVIDIA A100-SXM4-40GB (0),1,,13,cupy_copy__complex64_complex64
1964749991,1792,7564,26,1,1,128,1,1,16,0.000,0.000,,,,,NVIDIA A100-SXM4-40GB (0),1,,13,cupy_copy__float32_float32
1964752967,2560,7573,103,1,1,128,1,1,16,0.000,0.000,,,,,NVIDIA A100-SXM4-40GB (0),1,,13,cupy_copy__complex64_complex64
1964756711,11295,7583,1434,1,1,128,1,1,16,0.000,0.000,,,,,NVIDIA A100-SXM4-40GB (0),1,,13,cupy_copy__complex64_complex64
1964802406,78367,7588,1,1,1,32,32,1,30,0.000,0.000,,,,,NVIDIA A100-SXM4-40GB (0),1,,13,"void convert_kernel<__half2, float2>(tensor_layout_any, T1 *, tensor_layout_any, const T2 *)"
1964908581,4704,7591,,,,,,,,,,0.061,13061.222,Pinned,Device,NVIDIA A100-SXM4-40GB (0),1,,13,[CUDA memcpy Host-to-Device]
1964919781,587577,7592,,,,,,,,,,456.520,776541.336,Device,,NVIDIA A100-SXM4-40GB (0),1,,13,[CUDA memset]
1965512126,32736,7597,,,,,,,,,,0.825,25211.783,Pinned,Device,NVIDIA A100-SXM4-40GB (0),1,,13,[CUDA memcpy Host-to-Device]
1965547806,6752,7598,,,,,,,,,,0.131,19412.287,Pinned,Device,NVIDIA A100-SXM4-40GB (0),1,,13,[CUDA memcpy Host-to-Device]
1965559614,7136,7599,69,4,1,48,1,1,76,0.002,0.000,,,,,NVIDIA A100-SXM4-40GB (0),1,,13,"void ch_est::windowedChEstPreNoDftSOfdmKernel<float, __half, float, (unsigned int)2, (unsigned int)1, (unsigned short)4>(ch_est::puschRxChEstStatDescr_t *, ch_est::puschRxChEstDynDescr_t *)"
1965567742,6240,7600,137,2,1,24,2,1,44,0.001,0.001,,,,,NVIDIA A100-SXM4-40GB (0),1,,13,"void ch_est::chEstFilterNoDftSOfdmDispatchKernel<float, __half, float, (unsigned int)2>(ch_est::puschRxChEstStatDescr_t *, ch_est::puschRxChEstDynDescr_t *)"
1965575006,4576,7601,137,2,1,24,2,1,44,0.001,0.001,,,,,NVIDIA A100-SXM4-40GB (0),1,,13,"void ch_est::chEstFilterNoDftSOfdmDispatchKernel<float, __half, float, (unsigned int)2>(ch_est::puschRxChEstStatDescr_t *, ch_est::puschRxChEstDynDescr_t *)"
1965580605,2176,7612,103,1,1,128,1,1,16,0.000,0.000,,,,,NVIDIA A100-SXM4-40GB (0),1,,13,cupy_copy__complex64_complex64
1965584061,12768,7622,1434,1,1,128,1,1,16,0.000,0.000,,,,,NVIDIA A100-SXM4-40GB (0),1,,13,cupy_copy__complex64_complex64
1965598109,2048,7629,103,1,1,128,1,1,16,0.000,0.000,,,,,NVIDIA A100-SXM4-40GB (0),1,,13,cupy_copy__complex64_complex64
1965601245,79263,7636,1,1,1,32,32,1,30,0.000,0.000,,,,,NVIDIA A100-SXM4-40GB (0),1,,13,"void convert_kernel<__half2, float2>(tensor_layout_any, T1 *, tensor_layout_any, const T2 *)"
1965709116,4416,7639,,,,,,,,,,0.061,13913.027,Pinned,Device,NVIDIA A100-SXM4-40GB (0),1,,13,[CUDA memcpy Host-to-Device]
1965721852,44863,7640,,,,,,,,,,35.801,798003.398,Device,,NVIDIA A100-SXM4-40GB (0),1,,13,[CUDA memset]
1965773243,1856,7642,,,,,,,,,,0.000,43.103,Pinned,Device,NVIDIA A100-SXM4-40GB (0),1,,13,[CUDA memcpy Host-to-Device]
1965778171,7168,7643,,,,,,,,,,0.131,18285.593,Pinned,Device,NVIDIA A100-SXM4-40GB (0),1,,13,[CUDA memcpy Host-to-Device]
1965791867,8448,7644,273,1,1,48,1,1,40,0.000,0.001,,,,,NVIDIA A100-SXM4-40GB (0),1,,13,"void pusch_noise_intf_est::noiseIntfEstNoDftSOfdmKernel<float, __half, float, float, (unsigned int)2, (unsigned int)1, (unsigned char)4, (unsigned char)4>(pusch_noise_intf_est::puschRxNoiseIntfEstDynDescr)"
1965801787,2400,7655,35,1,1,128,1,1,16,0.000,0.000,,,,,NVIDIA A100-SXM4-40GB (0),1,,13,cupy_copy__complex64_complex64
1965828923,1504,7664,1,1,1,1,1,1,18,0.000,0.000,,,,,NVIDIA A100-SXM4-40GB (0),1,,13,cupy_copy__float32_float32
1965862938,1728,7670,,,,,,,,,,0.000,2.315,Device,Pageable,NVIDIA A100-SXM4-40GB (0),1,,7,[CUDA memcpy Device-to-Host]
1965928986,13248,7681,1434,1,1,128,1,1,16,0.000,0.000,,,,,NVIDIA A100-SXM4-40GB (0),1,,13,cupy_copy__complex64_complex64
1965954937,2336,7688,103,1,1,128,1,1,16,0.000,0.000,,,,,NVIDIA A100-SXM4-40GB (0),1,,13,cupy_copy__complex64_complex64
1965975705,1984,7695,35,1,1,128,1,1,16,0.000,0.000,,,,,NVIDIA A100-SXM4-40GB (0),1,,13,cupy_copy__complex64_complex64
1965993177,1472,7702,1,1,1,1,1,1,18,0.000,0.000,,,,,NVIDIA A100-SXM4-40GB (0),1,,13,cupy_copy__float32_float32
1966127512,78175,7713,1,1,1,32,32,1,30,0.000,0.000,,,,,NVIDIA A100-SXM4-40GB (0),1,,13,"void convert_kernel<__half2, float2>(tensor_layout_any, T1 *, tensor_layout_any, const T2 *)"
1966234038,4128,7716,,,,,,,,,,0.061,14883.717,Pinned,Device,NVIDIA A100-SXM4-40GB (0),1,,13,[CUDA memcpy Host-to-Device]
1966247670,2656,7717,,,,,,,,,,1.547,582313.216,Device,,NVIDIA A100-SXM4-40GB (0),1,,13,[CUDA memset]
1966259542,2816,7722,,,,,,,,,,0.021,7477.259,Pinned,Device,NVIDIA A100-SXM4-40GB (0),1,,13,[CUDA memcpy Host-to-Device]
1966271926,6816,7723,,,,,,,,,,0.131,19229.966,Pinned,Device,NVIDIA A100-SXM4-40GB (0),1,,13,[CUDA memcpy Host-to-Device]
1966283574,5824,7724,273,1,1,8,4,1,39,0.002,0.000,,,,,NVIDIA A100-SXM4-40GB (0),1,,13,"void channel_eq::eqMmseCoefCompLowMimoKernel<float, float, float, (unsigned int)4, (unsigned int)1, (unsigned int)4>(const channel_eq::_puschRxChEqStatDescr *, channel_eq::_puschRxChEqCoefCompDynDescr)"
1966290678,4896,7725,273,1,1,12,11,1,40,0.002,0.000,,,,,NVIDIA A100-SXM4-40GB (0),1,,13,"void channel_eq::eqMmseSoftDemapKernel<float, __half, __half, float, (unsigned int)4, (unsigned short)16383>(channel_eq::_puschRxChEqStatDescr *, channel_eq::_puschRxChEqSoftDemapDynDescr)"
1966296790,281661,7726,1,1,1,32,32,1,30,0.000,0.000,,,,,NVIDIA A100-SXM4-40GB (0),1,,13,"void convert_kernel<float2, __half2>(tensor_layout_any, T1 *, tensor_layout_any, const T2 *)"
1966579507,10239,7738,2253,1,1,128,1,1,16,0.000,0.000,,,,,NVIDIA A100-SXM4-40GB (0),1,,13,cupy_copy__float16_float16
1966591026,2368,7747,282,1,1,128,1,1,16,0.000,0.000,,,,,NVIDIA A100-SXM4-40GB (0),1,,13,cupy_copy__complex64_complex64
1966594418,1792,7756,26,1,1,128,1,1,16,0.000,0.000,,,,,NVIDIA A100-SXM4-40GB (0),1,,13,cupy_copy__float32_float32
1966597330,2528,7765,103,1,1,128,1,1,16,0.000,0.000,,,,,NVIDIA A100-SXM4-40GB (0),1,,13,cupy_copy__complex64_complex64
1966601074,11360,7775,1434,1,1,128,1,1,16,0.000,0.000,,,,,NVIDIA A100-SXM4-40GB (0),1,,13,cupy_copy__complex64_complex64
1966630098,78719,7780,1,1,1,32,32,1,30,0.000,0.000,,,,,NVIDIA A100-SXM4-40GB (0),1,,13,"void convert_kernel<__half2, float2>(tensor_layout_any, T1 *, tensor_layout_any, const T2 *)"
1966736337,4224,7783,,,,,,,,,,0.061,14545.428,Pinned,Device,NVIDIA A100-SXM4-40GB (0),1,,13,[CUDA memcpy Host-to-Device]
1966746929,588153,7784,,,,,,,,,,456.520,776084.816,Device,,NVIDIA A100-SXM4-40GB (0),1,,13,[CUDA memset]
1967338538,33920,7789,,,,,,,,,,0.825,24331.966,Pinned,Device,NVIDIA A100-SXM4-40GB (0),1,,13,[CUDA memcpy Host-to-Device]
1967375562,7488,7790,,,,,,,,,,0.131,17504.272,Pinned,Device,NVIDIA A100-SXM4-40GB (0),1,,13,[CUDA memcpy Host-to-Device]
1967388458,6880,7791,69,4,1,48,1,1,76,0.002,0.000,,,,,NVIDIA A100-SXM4-40GB (0),1,,13,"void ch_est::windowedChEstPreNoDftSOfdmKernel<float, __half, float, (unsigned int)2, (unsigned int)1, (unsigned short)4>(ch_est::puschRxChEstStatDescr_t *, ch_est::puschRxChEstDynDescr_t *)"
1967396650,6112,7792,137,2,1,24,2,1,44,0.001,0.001,,,,,NVIDIA A100-SXM4-40GB (0),1,,13,"void ch_est::chEstFilterNoDftSOfdmDispatchKernel<float, __half, float, (unsigned int)2>(ch_est::puschRxChEstStatDescr_t *, ch_est::puschRxChEstDynDescr_t *)"
1967403978,4543,7793,137,2,1,24,2,1,44,0.001,0.001,,,,,NVIDIA A100-SXM4-40GB (0),1,,13,"void ch_est::chEstFilterNoDftSOfdmDispatchKernel<float, __half, float, (unsigned int)2>(ch_est::puschRxChEstStatDescr_t *, ch_est::puschRxChEstDynDescr_t *)"
1967409769,2144,7804,103,1,1,128,1,1,16,0.000,0.000,,,,,NVIDIA A100-SXM4-40GB (0),1,,13,cupy_copy__complex64_complex64
1967413097,12640,7814,1434,1,1,128,1,1,16,0.000,0.000,,,,,NVIDIA A100-SXM4-40GB (0),1,,13,cupy_copy__complex64_complex64
1967427049,2080,7821,103,1,1,128,1,1,16,0.000,0.000,,,,,NVIDIA A100-SXM4-40GB (0),1,,13,cupy_copy__complex64_complex64
1967430185,78687,7828,1,1,1,32,32,1,30,0.000,0.000,,,,,NVIDIA A100-SXM4-40GB (0),1,,13,"void convert_kernel<__half2, float2>(tensor_layout_any, T1 *, tensor_layout_any, const T2 *)"
1967679271,4223,7831,,,,,,,,,,0.061,14548.869,Pinned,Device,NVIDIA A100-SXM4-40GB (0),1,,13,[CUDA memcpy Host-to-Device]
1967692582,46080,7832,,,,,,,,,,35.801,776916.633,Device,,NVIDIA A100-SXM4-40GB (0),1,,13,[CUDA memset]
1967746086,1984,7834,,,,,,,,,,0.000,40.323,Pinned,Device,NVIDIA A100-SXM4-40GB (0),1,,13,[CUDA memcpy Host-to-Device]
1967751046,6752,7835,,,,,,,,,,0.131,19412.287,Pinned,Device,NVIDIA A100-SXM4-40GB (0),1,,13,[CUDA memcpy Host-to-Device]
1967765286,9087,7836,273,1,1,48,1,1,40,0.000,0.001,,,,,NVIDIA A100-SXM4-40GB (0),1,,13,"void pusch_noise_intf_est::noiseIntfEstNoDftSOfdmKernel<float, __half, float, float, (unsigned int)2, (unsigned int)1, (unsigned char)4, (unsigned char)4>(pusch_noise_intf_est::puschRxNoiseIntfEstDynDescr)"
1967775749,2304,7847,35,1,1,128,1,1,16,0.000,0.000,,,,,NVIDIA A100-SXM4-40GB (0),1,,13,cupy_copy__complex64_complex64
1967785669,1504,7856,1,1,1,1,1,1,18,0.000,0.000,,,,,NVIDIA A100-SXM4-40GB (0),1,,13,cupy_copy__float32_float32
1967820453,2464,7862,,,,,,,,,,0.000,1.623,Device,Pageable,NVIDIA A100-SXM4-40GB (0),1,,7,[CUDA memcpy Device-to-Host]
1967879556,13312,7873,1434,1,1,128,1,1,16,0.000,0.000,,,,,NVIDIA A100-SXM4-40GB (0),1,,13,cupy_copy__complex64_complex64
1967905636,2336,7880,103,1,1,128,1,1,16,0.000,0.000,,,,,NVIDIA A100-SXM4-40GB (0),1,,13,cupy_copy__complex64_complex64
1967928036,2016,7887,35,1,1,128,1,1,16,0.000,0.000,,,,,NVIDIA A100-SXM4-40GB (0),1,,13,cupy_copy__complex64_complex64
1967947076,1504,7894,1,1,1,1,1,1,18,0.000,0.000,,,,,NVIDIA A100-SXM4-40GB (0),1,,13,cupy_copy__float32_float32
1968282048,77631,7905,1,1,1,32,32,1,30,0.000,0.000,,,,,NVIDIA A100-SXM4-40GB (0),1,,13,"void convert_kernel<__half2, float2>(tensor_layout_any, T1 *, tensor_layout_any, const T2 *)"
1968391167,4320,7908,,,,,,,,,,0.061,14222.193,Pinned,Device,NVIDIA A100-SXM4-40GB (0),1,,13,[CUDA memcpy Host-to-Device]
1968408319,2591,7909,,,,,,,,,,1.547,596921.079,Device,,NVIDIA A100-SXM4-40GB (0),1,,13,[CUDA memset]
1968414654,2720,7914,,,,,,,,,,0.021,7741.175,Pinned,Device,NVIDIA A100-SXM4-40GB (0),1,,13,[CUDA memcpy Host-to-Device]
1968420382,6944,7915,,,,,,,,,,0.131,18875.548,Pinned,Device,NVIDIA A100-SXM4-40GB (0),1,,13,[CUDA memcpy Host-to-Device]
1968431294,5824,7916,273,1,1,8,4,1,39,0.002,0.000,,,,,NVIDIA A100-SXM4-40GB (0),1,,13,"void channel_eq::eqMmseCoefCompLowMimoKernel<float, float, float, (unsigned int)4, (unsigned int)1, (unsigned int)4>(const channel_eq::_puschRxChEqStatDescr *, channel_eq::_puschRxChEqCoefCompDynDescr)"
1968438366,4832,7917,273,1,1,12,11,1,40,0.002,0.000,,,,,NVIDIA A100-SXM4-40GB (0),1,,13,"void channel_eq::eqMmseSoftDemapKernel<float, __half, __half, float, (unsigned int)4, (unsigned short)16383>(channel_eq::_puschRxChEqStatDescr *, channel_eq::_puschRxChEqSoftDemapDynDescr)"
1968444414,283133,7918,1,1,1,32,32,1,30,0.000,0.000,,,,,NVIDIA A100-SXM4-40GB (0),1,,13,"void convert_kernel<float2, __half2>(tensor_layout_any, T1 *, tensor_layout_any, const T2 *)"
1968728795,10208,7930,2253,1,1,128,1,1,16,0.000,0.000,,,,,NVIDIA A100-SXM4-40GB (0),1,,13,cupy_copy__float16_float16
1968740283,2400,7939,282,1,1,128,1,1,16,0.000,0.000,,,,,NVIDIA A100-SXM4-40GB (0),1,,13,cupy_copy__complex64_complex64
1968743707,1760,7948,26,1,1,128,1,1,16,0.000,0.000,,,,,NVIDIA A100-SXM4-40GB (0),1,,13,cupy_copy__float32_float32
1968746683,2528,7957,103,1,1,128,1,1,16,0.000,0.000,,,,,NVIDIA A100-SXM4-40GB (0),1,,13,cupy_copy__complex64_complex64
1968803098,11296,7973,1434,1,1,128,1,1,16,0.000,0.000,,,,,NVIDIA A100-SXM4-40GB (0),1,,13,cupy_copy__complex64_complex64
1968922297,78527,7978,1,1,1,32,32,1,30,0.000,0.000,,,,,NVIDIA A100-SXM4-40GB (0),1,,13,"void convert_kernel<__half2, float2>(tensor_layout_any, T1 *, tensor_layout_any, const T2 *)"
1969169622,4160,7981,,,,,,,,,,0.061,14769.193,Pinned,Device,NVIDIA A100-SXM4-40GB (0),1,,13,[CUDA memcpy Host-to-Device]
1969178262,589274,7982,,,,,,,,,,456.520,774715.255,Device,,NVIDIA A100-SXM4-40GB (0),1,,13,[CUDA memset]
1969773840,33087,7987,,,,,,,,,,0.825,24944.372,Pinned,Device,NVIDIA A100-SXM4-40GB (0),1,,13,[CUDA memcpy Host-to-Device]
1969810415,7040,7988,,,,,,,,,,0.131,18618.122,Pinned,Device,NVIDIA A100-SXM4-40GB (0),1,,13,[CUDA memcpy Host-to-Device]
1969825551,7584,7989,69,4,1,48,1,1,76,0.002,0.000,,,,,NVIDIA A100-SXM4-40GB (0),1,,13,"void ch_est::windowedChEstPreNoDftSOfdmKernel<float, __half, float, (unsigned int)2, (unsigned int)1, (unsigned short)4>(ch_est::puschRxChEstStatDescr_t *, ch_est::puschRxChEstDynDescr_t *)"
1969834223,6272,7990,137,2,1,24,2,1,44,0.001,0.001,,,,,NVIDIA A100-SXM4-40GB (0),1,,13,"void ch_est::chEstFilterNoDftSOfdmDispatchKernel<float, __half, float, (unsigned int)2>(ch_est::puschRxChEstStatDescr_t *, ch_est::puschRxChEstDynDescr_t *)"
1969841487,4544,7991,137,2,1,24,2,1,44,0.001,0.001,,,,,NVIDIA A100-SXM4-40GB (0),1,,13,"void ch_est::chEstFilterNoDftSOfdmDispatchKernel<float, __half, float, (unsigned int)2>(ch_est::puschRxChEstStatDescr_t *, ch_est::puschRxChEstDynDescr_t *)"
1969847279,2144,8002,103,1,1,128,1,1,16,0.000,0.000,,,,,NVIDIA A100-SXM4-40GB (0),1,,13,cupy_copy__complex64_complex64
1969850415,12576,8012,1434,1,1,128,1,1,16,0.000,0.000,,,,,NVIDIA A100-SXM4-40GB (0),1,,13,cupy_copy__complex64_complex64
1969864015,2080,8019,103,1,1,128,1,1,16,0.000,0.000,,,,,NVIDIA A100-SXM4-40GB (0),1,,13,cupy_copy__complex64_complex64
1969867279,79199,8026,1,1,1,32,32,1,30,0.000,0.000,,,,,NVIDIA A100-SXM4-40GB (0),1,,13,"void convert_kernel<__half2, float2>(tensor_layout_any, T1 *, tensor_layout_any, const T2 *)"
1969977517,4160,8029,,,,,,,,,,0.061,14769.193,Pinned,Device,NVIDIA A100-SXM4-40GB (0),1,,13,[CUDA memcpy Host-to-Device]
1969991085,45312,8030,,,,,,,,,,35.801,790091.386,Device,,NVIDIA A100-SXM4-40GB (0),1,,13,[CUDA memset]
1970037069,1856,8032,,,,,,,,,,0.000,43.103,Pinned,Device,NVIDIA A100-SXM4-40GB (0),1,,13,[CUDA memcpy Host-to-Device]
1970042061,6912,8033,,,,,,,,,,0.131,18962.842,Pinned,Device,NVIDIA A100-SXM4-40GB (0),1,,13,[CUDA memcpy Host-to-Device]
1970060076,8640,8034,273,1,1,48,1,1,40,0.000,0.001,,,,,NVIDIA A100-SXM4-40GB (0),1,,13,"void pusch_noise_intf_est::noiseIntfEstNoDftSOfdmKernel<float, __half, float, float, (unsigned int)2, (unsigned int)1, (unsigned char)4, (unsigned char)4>(pusch_noise_intf_est::puschRxNoiseIntfEstDynDescr)"
1970070668,2272,8045,35,1,1,128,1,1,16,0.000,0.000,,,,,NVIDIA A100-SXM4-40GB (0),1,,13,cupy_copy__complex64_complex64
1970106572,1504,8054,1,1,1,1,1,1,18,0.000,0.000,,,,,NVIDIA A100-SXM4-40GB (0),1,,13,cupy_copy__float32_float32
1970141068,1952,8060,,,,,,,,,,0.000,2.049,Device,Pageable,NVIDIA A100-SXM4-40GB (0),1,,7,[CUDA memcpy Device-to-Host]
1970200811,13120,8071,1434,1,1,128,1,1,16,0.000,0.000,,,,,NVIDIA A100-SXM4-40GB (0),1,,13,cupy_copy__complex64_complex64
1970227243,2336,8078,103,1,1,128,1,1,16,0.000,0.000,,,,,NVIDIA A100-SXM4-40GB (0),1,,13,cupy_copy__complex64_complex64
1970247274,1984,8085,35,1,1,128,1,1,16,0.000,0.000,,,,,NVIDIA A100-SXM4-40GB (0),1,,13,cupy_copy__complex64_complex64
1970264874,1472,8092,1,1,1,1,1,1,18,0.000,0.000,,,,,NVIDIA A100-SXM4-40GB (0),1,,13,cupy_copy__float32_float32
1970403401,78431,8103,1,1,1,32,32,1,30,0.000,0.000,,,,,NVIDIA A100-SXM4-40GB (0),1,,13,"void convert_kernel<__half2, float2>(tensor_layout_any, T1 *, tensor_layout_any, const T2 *)"
1970515175,4448,8106,,,,,,,,,,0.061,13812.941,Pinned,Device,NVIDIA A100-SXM4-40GB (0),1,,13,[CUDA memcpy Host-to-Device]
1970530535,2592,8107,,,,,,,,,,1.547,596690.632,Device,,NVIDIA A100-SXM4-40GB (0),1,,13,[CUDA memset]
1970537223,2976,8112,,,,,,,,,,0.021,7075.258,Pinned,Device,NVIDIA A100-SXM4-40GB (0),1,,13,[CUDA memcpy Host-to-Device]
1970543303,6752,8113,,,,,,,,,,0.131,19412.287,Pinned,Device,NVIDIA A100-SXM4-40GB (0),1,,13,[CUDA memcpy Host-to-Device]
1970556679,5856,8114,273,1,1,8,4,1,39,0.002,0.000,,,,,NVIDIA A100-SXM4-40GB (0),1,,13,"void channel_eq::eqMmseCoefCompLowMimoKernel<float, float, float, (unsigned int)4, (unsigned int)1, (unsigned int)4>(const channel_eq::_puschRxChEqStatDescr *, channel_eq::_puschRxChEqCoefCompDynDescr)"
1970563783,4832,8115,273,1,1,12,11,1,40,0.002,0.000,,,,,NVIDIA A100-SXM4-40GB (0),1,,13,"void channel_eq::eqMmseSoftDemapKernel<float, __half, __half, float, (unsigned int)4, (unsigned short)16383>(channel_eq::_puschRxChEqStatDescr *, channel_eq::_puschRxChEqSoftDemapDynDescr)"
1970569831,282429,8116,1,1,1,32,32,1,30,0.000,0.000,,,,,NVIDIA A100-SXM4-40GB (0),1,,13,"void convert_kernel<float2, __half2>(tensor_layout_any, T1 *, tensor_layout_any, const T2 *)"
1970853348,10240,8128,2253,1,1,128,1,1,16,0.000,0.000,,,,,NVIDIA A100-SXM4-40GB (0),1,,13,cupy_copy__float16_float16
1970864836,2400,8137,282,1,1,128,1,1,16,0.000,0.000,,,,,NVIDIA A100-SXM4-40GB (0),1,,13,cupy_copy__complex64_complex64
1970868228,1792,8146,26,1,1,128,1,1,16,0.000,0.000,,,,,NVIDIA A100-SXM4-40GB (0),1,,13,cupy_copy__float32_float32
1970871204,2560,8155,103,1,1,128,1,1,16,0.000,0.000,,,,,NVIDIA A100-SXM4-40GB (0),1,,13,cupy_copy__complex64_complex64
1970874947,11488,8165,1434,1,1,128,1,1,16,0.000,0.000,,,,,NVIDIA A100-SXM4-40GB (0),1,,13,cupy_copy__complex64_complex64
1970911555,78495,8170,1,1,1,32,32,1,30,0.000,0.000,,,,,NVIDIA A100-SXM4-40GB (0),1,,13,"void convert_kernel<__half2, float2>(tensor_layout_any, T1 *, tensor_layout_any, const T2 *)"
1971018178,4544,8173,,,,,,,,,,0.061,13521.101,Pinned,Device,NVIDIA A100-SXM4-40GB (0),1,,13,[CUDA memcpy Host-to-Device]
1971029058,587417,8174,,,,,,,,,,456.520,776997.857,Device,,NVIDIA A100-SXM4-40GB (0),1,,13,[CUDA memset]
1971623291,33184,8179,,,,,,,,,,0.825,24871.741,Pinned,Device,NVIDIA A100-SXM4-40GB (0),1,,13,[CUDA memcpy Host-to-Device]
1971660315,6976,8180,,,,,,,,,,0.131,18788.909,Pinned,Device,NVIDIA A100-SXM4-40GB (0),1,,13,[CUDA memcpy Host-to-Device]
1971676891,7104,8181,69,4,1,48,1,1,76,0.002,0.000,,,,,NVIDIA A100-SXM4-40GB (0),1,,13,"void ch_est::windowedChEstPreNoDftSOfdmKernel<float, __half, float, (unsigned int)2, (unsigned int)1, (unsigned short)4>(ch_est::puschRxChEstStatDescr_t *, ch_est::puschRxChEstDynDescr_t *)"
1971685051,6240,8182,137,2,1,24,2,1,44,0.001,0.001,,,,,NVIDIA A100-SXM4-40GB (0),1,,13,"void ch_est::chEstFilterNoDftSOfdmDispatchKernel<float, __half, float, (unsigned int)2>(ch_est::puschRxChEstStatDescr_t *, ch_est::puschRxChEstDynDescr_t *)"
1971692475,4575,8183,137,2,1,24,2,1,44,0.001,0.001,,,,,NVIDIA A100-SXM4-40GB (0),1,,13,"void ch_est::chEstFilterNoDftSOfdmDispatchKernel<float, __half, float, (unsigned int)2>(ch_est::puschRxChEstStatDescr_t *, ch_est::puschRxChEstDynDescr_t *)"
1971698266,2144,8194,103,1,1,128,1,1,16,0.000,0.000,,,,,NVIDIA A100-SXM4-40GB (0),1,,13,cupy_copy__complex64_complex64
1971701402,12576,8204,1434,1,1,128,1,1,16,0.000,0.000,,,,,NVIDIA A100-SXM4-40GB (0),1,,13,cupy_copy__complex64_complex64
1971715258,2048,8211,103,1,1,128,1,1,16,0.000,0.000,,,,,NVIDIA A100-SXM4-40GB (0),1,,13,cupy_copy__complex64_complex64
1971718618,78847,8218,1,1,1,32,32,1,30,0.000,0.000,,,,,NVIDIA A100-SXM4-40GB (0),1,,13,"void convert_kernel<__half2, float2>(tensor_layout_any, T1 *, tensor_layout_any, const T2 *)"
1971824761,4320,8221,,,,,,,,,,0.061,14222.193,Pinned,Device,NVIDIA A100-SXM4-40GB (0),1,,13,[CUDA memcpy Host-to-Device]
1971837241,45023,8222,,,,,,,,,,35.801,795139.322,Device,,NVIDIA A100-SXM4-40GB (0),1,,13,[CUDA memset]
1971888088,1952,8224,,,,,,,,,,0.000,40.984,Pinned,Device,NVIDIA A100-SXM4-40GB (0),1,,13,[CUDA memcpy Host-to-Device]
1971892856,6848,8225,,,,,,,,,,0.131,19140.182,Pinned,Device,NVIDIA A100-SXM4-40GB (0),1,,13,[CUDA memcpy Host-to-Device]
1971907928,8576,8226,273,1,1,48,1,1,40,0.000,0.001,,,,,NVIDIA A100-SXM4-40GB (0),1,,13,"void pusch_noise_intf_est::noiseIntfEstNoDftSOfdmKernel<float, __half, float, float, (unsigned int)2, (unsigned int)1, (unsigned char)4, (unsigned char)4>(pusch_noise_intf_est::puschRxNoiseIntfEstDynDescr)"
1971918072,2272,8237,35,1,1,128,1,1,16,0.000,0.000,,,,,NVIDIA A100-SXM4-40GB (0),1,,13,cupy_copy__complex64_complex64
1971944664,1504,8246,1,1,1,1,1,1,18,0.000,0.000,,,,,NVIDIA A100-SXM4-40GB (0),1,,13,cupy_copy__float32_float32
1971979095,2240,8252,,,,,,,,,,0.000,1.786,Device,Pageable,NVIDIA A100-SXM4-40GB (0),1,,7,[CUDA memcpy Device-to-Host]
1972038359,13504,8263,1434,1,1,128,1,1,16,0.000,0.000,,,,,NVIDIA A100-SXM4-40GB (0),1,,13,cupy_copy__complex64_complex64
1972064726,2336,8270,103,1,1,128,1,1,16,0.000,0.000,,,,,NVIDIA A100-SXM4-40GB (0),1,,13,cupy_copy__complex64_complex64
1972085270,2016,8277,35,1,1,128,1,1,16,0.000,0.000,,,,,NVIDIA A100-SXM4-40GB (0),1,,13,cupy_copy__complex64_complex64
1972107318,1472,8284,1,1,1,1,1,1,18,0.000,0.000,,,,,NVIDIA A100-SXM4-40GB (0),1,,13,cupy_copy__float32_float32
1972242869,78495,8295,1,1,1,32,32,1,30,0.000,0.000,,,,,NVIDIA A100-SXM4-40GB (0),1,,13,"void convert_kernel<__half2, float2>(tensor_layout_any, T1 *, tensor_layout_any, const T2 *)"
1972349459,4160,8298,,,,,,,,,,0.061,14769.193,Pinned,Device,NVIDIA A100-SXM4-40GB (0),1,,13,[CUDA memcpy Host-to-Device]
1972363251,2656,8299,,,,,,,,,,1.547,582313.216,Device,,NVIDIA A100-SXM4-40GB (0),1,,13,[CUDA memset]
1972369459,3232,8304,,,,,,,,,,0.021,6514.832,Pinned,Device,NVIDIA A100-SXM4-40GB (0),1,,13,[CUDA memcpy Host-to-Device]
1972375411,7200,8305,,,,,,,,,,0.131,18204.328,Pinned,Device,NVIDIA A100-SXM4-40GB (0),1,,13,[CUDA memcpy Host-to-Device]
1972394739,5856,8306,273,1,1,8,4,1,39,0.002,0.000,,,,,NVIDIA A100-SXM4-40GB (0),1,,13,"void channel_eq::eqMmseCoefCompLowMimoKernel<float, float, float, (unsigned int)4, (unsigned int)1, (unsigned int)4>(const channel_eq::_puschRxChEqStatDescr *, channel_eq::_puschRxChEqCoefCompDynDescr)"
1972401619,4896,8307,273,1,1,12,11,1,40,0.002,0.000,,,,,NVIDIA A100-SXM4-40GB (0),1,,13,"void channel_eq::eqMmseSoftDemapKernel<float, __half, __half, float, (unsigned int)4, (unsigned short)16383>(channel_eq::_puschRxChEqStatDescr *, channel_eq::_puschRxChEqSoftDemapDynDescr)"
1972407571,282333,8308,1,1,1,32,32,1,30,0.000,0.000,,,,,NVIDIA A100-SXM4-40GB (0),1,,13,"void convert_kernel<float2, __half2>(tensor_layout_any, T1 *, tensor_layout_any, const T2 *)"
1972690928,10239,8320,2253,1,1,128,1,1,16,0.000,0.000,,,,,NVIDIA A100-SXM4-40GB (0),1,,13,cupy_copy__float16_float16
1972702447,2400,8329,282,1,1,128,1,1,16,0.000,0.000,,,,,NVIDIA A100-SXM4-40GB (0),1,,13,cupy_copy__complex64_complex64
1972705871,1760,8338,26,1,1,128,1,1,16,0.000,0.000,,,,,NVIDIA A100-SXM4-40GB (0),1,,13,cupy_copy__float32_float32
1972708751,2560,8347,103,1,1,128,1,1,16,0.000,0.000,,,,,NVIDIA A100-SXM4-40GB (0),1,,13,cupy_copy__complex64_complex64
1972712495,11296,8357,1434,1,1,128,1,1,16,0.000,0.000,,,,,NVIDIA A100-SXM4-40GB (0),1,,13,cupy_copy__complex64_complex64
1972742191,77759,8362,1,1,1,32,32,1,30,0.000,0.000,,,,,NVIDIA A100-SXM4-40GB (0),1,,13,"void convert_kernel<__half2, float2>(tensor_layout_any, T1 *, tensor_layout_any, const T2 *)"
1972990444,4192,8365,,,,,,,,,,0.061,14656.451,Pinned,Device,NVIDIA A100-SXM4-40GB (0),1,,13,[CUDA memcpy Host-to-Device]
1972999148,590714,8366,,,,,,,,,,456.520,772432.652,Device,,NVIDIA A100-SXM4-40GB (0),1,,13,[CUDA memset]
1973599430,32959,8371,,,,,,,,,,0.825,25040.937,Pinned,Device,NVIDIA A100-SXM4-40GB (0),1,,13,[CUDA memcpy Host-to-Device]
1973635845,6752,8372,,,,,,,,,,0.131,19412.287,Pinned,Device,NVIDIA A100-SXM4-40GB (0),1,,13,[CUDA memcpy Host-to-Device]
1973649125,7136,8373,69,4,1,48,1,1,76,0.002,0.000,,,,,NVIDIA A100-SXM4-40GB (0),1,,13,"void ch_est::windowedChEstPreNoDftSOfdmKernel<float, __half, float, (unsigned int)2, (unsigned int)1, (unsigned short)4>(ch_est::puschRxChEstStatDescr_t *, ch_est::puschRxChEstDynDescr_t *)"
1973657573,5984,8374,137,2,1,24,2,1,44,0.001,0.001,,,,,NVIDIA A100-SXM4-40GB (0),1,,13,"void ch_est::chEstFilterNoDftSOfdmDispatchKernel<float, __half, float, (unsigned int)2>(ch_est::puschRxChEstStatDescr_t *, ch_est::puschRxChEstDynDescr_t *)"
1973664581,4576,8375,137,2,1,24,2,1,44,0.001,0.001,,,,,NVIDIA A100-SXM4-40GB (0),1,,13,"void ch_est::chEstFilterNoDftSOfdmDispatchKernel<float, __half, float, (unsigned int)2>(ch_est::puschRxChEstStatDescr_t *, ch_est::puschRxChEstDynDescr_t *)"
1973670469,2624,8386,103,1,1,128,1,1,16,0.000,0.000,,,,,NVIDIA A100-SXM4-40GB (0),1,,13,cupy_copy__complex64_complex64
1973674117,12480,8396,1434,1,1,128,1,1,16,0.000,0.000,,,,,NVIDIA A100-SXM4-40GB (0),1,,13,cupy_copy__complex64_complex64
1973687653,2080,8403,103,1,1,128,1,1,16,0.000,0.000,,,,,NVIDIA A100-SXM4-40GB (0),1,,13,cupy_copy__complex64_complex64
1973690885,78367,8410,1,1,1,32,32,1,30,0.000,0.000,,,,,NVIDIA A100-SXM4-40GB (0),1,,13,"void convert_kernel<__half2, float2>(tensor_layout_any, T1 *, tensor_layout_any, const T2 *)"
1973799939,4128,8413,,,,,,,,,,0.061,14883.717,Pinned,Device,NVIDIA A100-SXM4-40GB (0),1,,13,[CUDA memcpy Host-to-Device]
1973812355,45024,8414,,,,,,,,,,35.801,795139.322,Device,,NVIDIA A100-SXM4-40GB (0),1,,13,[CUDA memset]
1973864387,1888,8416,,,,,,,,,,0.000,42.373,Pinned,Device,NVIDIA A100-SXM4-40GB (0),1,,13,[CUDA memcpy Host-to-Device]
1973868547,7136,8417,,,,,,,,,,0.131,18367.644,Pinned,Device,NVIDIA A100-SXM4-40GB (0),1,,13,[CUDA memcpy Host-to-Device]
1973886691,8415,8418,273,1,1,48,1,1,40,0.000,0.001,,,,,NVIDIA A100-SXM4-40GB (0),1,,13,"void pusch_noise_intf_est::noiseIntfEstNoDftSOfdmKernel<float, __half, float, float, (unsigned int)2, (unsigned int)1, (unsigned char)4, (unsigned char)4>(pusch_noise_intf_est::puschRxNoiseIntfEstDynDescr)"
1973903618,2368,8429,35,1,1,128,1,1,16,0.000,0.000,,,,,NVIDIA A100-SXM4-40GB (0),1,,13,cupy_copy__complex64_complex64
1973941538,1504,8438,1,1,1,1,1,1,18,0.000,0.000,,,,,NVIDIA A100-SXM4-40GB (0),1,,13,cupy_copy__float32_float32
1973976098,2016,8444,,,,,,,,,,0.000,1.984,Device,Pageable,NVIDIA A100-SXM4-40GB (0),1,,7,[CUDA memcpy Device-to-Host]
1974034849,13280,8455,1434,1,1,128,1,1,16,0.000,0.000,,,,,NVIDIA A100-SXM4-40GB (0),1,,13,cupy_copy__complex64_complex64
1974061505,2304,8462,103,1,1,128,1,1,16,0.000,0.000,,,,,NVIDIA A100-SXM4-40GB (0),1,,13,cupy_copy__complex64_complex64
1974081280,1984,8469,35,1,1,128,1,1,16,0.000,0.000,,,,,NVIDIA A100-SXM4-40GB (0),1,,13,cupy_copy__complex64_complex64
1974103360,1472,8476,1,1,1,1,1,1,18,0.000,0.000,,,,,NVIDIA A100-SXM4-40GB (0),1,,13,cupy_copy__float32_float32
1974239327,77855,8487,1,1,1,32,32,1,30,0.000,0.000,,,,,NVIDIA A100-SXM4-40GB (0),1,,13,"void convert_kernel<__half2, float2>(tensor_layout_any, T1 *, tensor_layout_any, const T2 *)"
1974507548,4160,8490,,,,,,,,,,0.061,14769.193,Pinned,Device,NVIDIA A100-SXM4-40GB (0),1,,13,[CUDA memcpy Host-to-Device]
1974518780,2624,8491,,,,,,,,,,1.547,589413.767,Device,,NVIDIA A100-SXM4-40GB (0),1,,13,[CUDA memset]
1974522012,2752,8496,,,,,,,,,,0.021,7651.161,Pinned,Device,NVIDIA A100-SXM4-40GB (0),1,,13,[CUDA memcpy Host-to-Device]
1974527867,7872,8497,,,,,,,,,,0.131,16650.338,Pinned,Device,NVIDIA A100-SXM4-40GB (0),1,,13,[CUDA memcpy Host-to-Device]
1974548187,5824,8498,273,1,1,8,4,1,39,0.002,0.000,,,,,NVIDIA A100-SXM4-40GB (0),1,,13,"void channel_eq::eqMmseCoefCompLowMimoKernel<float, float, float, (unsigned int)4, (unsigned int)1, (unsigned int)4>(const channel_eq::_puschRxChEqStatDescr *, channel_eq::_puschRxChEqCoefCompDynDescr)"
1974555291,4832,8499,273,1,1,12,11,1,40,0.002,0.000,,,,,NVIDIA A100-SXM4-40GB (0),1,,13,"void channel_eq::eqMmseSoftDemapKernel<float, __half, __half, float, (unsigned int)4, (unsigned short)16383>(channel_eq::_puschRxChEqStatDescr *, channel_eq::_puschRxChEqSoftDemapDynDescr)"
1974561115,282077,8500,1,1,1,32,32,1,30,0.000,0.000,,,,,NVIDIA A100-SXM4-40GB (0),1,,13,"void convert_kernel<float2, __half2>(tensor_layout_any, T1 *, tensor_layout_any, const T2 *)"
1974844248,10304,8512,2253,1,1,128,1,1,16,0.000,0.000,,,,,NVIDIA A100-SXM4-40GB (0),1,,13,cupy_copy__float16_float16
1974855768,2432,8521,282,1,1,128,1,1,16,0.000,0.000,,,,,NVIDIA A100-SXM4-40GB (0),1,,13,cupy_copy__complex64_complex64
1974859224,1760,8530,26,1,1,128,1,1,16,0.000,0.000,,,,,NVIDIA A100-SXM4-40GB (0),1,,13,cupy_copy__float32_float32
1974862200,2528,8539,103,1,1,128,1,1,16,0.000,0.000,,,,,NVIDIA A100-SXM4-40GB (0),1,,13,cupy_copy__complex64_complex64
1974865944,11232,8549,1434,1,1,128,1,1,16,0.000,0.000,,,,,NVIDIA A100-SXM4-40GB (0),1,,13,cupy_copy__complex64_complex64
1975025462,78815,8554,1,1,1,32,32,1,30,0.000,0.000,,,,,NVIDIA A100-SXM4-40GB (0),1,,13,"void convert_kernel<__half2, float2>(tensor_layout_any, T1 *, tensor_layout_any, const T2 *)"
1975135221,4608,8557,,,,,,,,,,0.061,13333.279,Pinned,Device,NVIDIA A100-SXM4-40GB (0),1,,13,[CUDA memcpy Host-to-Device]
1975146005,586777,8558,,,,,,,,,,456.520,777910.898,Device,,NVIDIA A100-SXM4-40GB (0),1,,13,[CUDA memset]
1975739726,33088,8563,,,,,,,,,,0.825,24943.546,Pinned,Device,NVIDIA A100-SXM4-40GB (0),1,,13,[CUDA memcpy Host-to-Device]
1975775950,7072,8564,,,,,,,,,,0.131,18533.843,Pinned,Device,NVIDIA A100-SXM4-40GB (0),1,,13,[CUDA memcpy Host-to-Device]
1975792334,7104,8565,69,4,1,48,1,1,76,0.002,0.000,,,,,NVIDIA A100-SXM4-40GB (0),1,,13,"void ch_est::windowedChEstPreNoDftSOfdmKernel<float, __half, float, (unsigned int)2, (unsigned int)1, (unsigned short)4>(ch_est::puschRxChEstStatDescr_t *, ch_est::puschRxChEstDynDescr_t *)"
1975800686,6335,8566,137,2,1,24,2,1,44,0.001,0.001,,,,,NVIDIA A100-SXM4-40GB (0),1,,13,"void ch_est::chEstFilterNoDftSOfdmDispatchKernel<float, __half, float, (unsigned int)2>(ch_est::puschRxChEstStatDescr_t *, ch_est::puschRxChEstDynDescr_t *)"
1975808237,4544,8567,137,2,1,24,2,1,44,0.001,0.001,,,,,NVIDIA A100-SXM4-40GB (0),1,,13,"void ch_est::chEstFilterNoDftSOfdmDispatchKernel<float, __half, float, (unsigned int)2>(ch_est::puschRxChEstStatDescr_t *, ch_est::puschRxChEstDynDescr_t *)"
1975814029,2144,8578,103,1,1,128,1,1,16,0.000,0.000,,,,,NVIDIA A100-SXM4-40GB (0),1,,13,cupy_copy__complex64_complex64
1975817453,12480,8588,1434,1,1,128,1,1,16,0.000,0.000,,,,,NVIDIA A100-SXM4-40GB (0),1,,13,cupy_copy__complex64_complex64
1975831149,2080,8595,103,1,1,128,1,1,16,0.000,0.000,,,,,NVIDIA A100-SXM4-40GB (0),1,,13,cupy_copy__complex64_complex64
1975834285,78527,8602,1,1,1,32,32,1,30,0.000,0.000,,,,,NVIDIA A100-SXM4-40GB (0),1,,13,"void convert_kernel<__half2, float2>(tensor_layout_any, T1 *, tensor_layout_any, const T2 *)"
1975940940,5792,8605,,,,,,,,,,0.061,10607.677,Pinned,Device,NVIDIA A100-SXM4-40GB (0),1,,13,[CUDA memcpy Host-to-Device]
1975953580,45151,8606,,,,,,,,,,35.801,792883.861,Device,,NVIDIA A100-SXM4-40GB (0),1,,13,[CUDA memset]
1976004651,1984,8608,,,,,,,,,,0.000,40.323,Pinned,Device,NVIDIA A100-SXM4-40GB (0),1,,13,[CUDA memcpy Host-to-Device]
1976009643,7168,8609,,,,,,,,,,0.131,18285.593,Pinned,Device,NVIDIA A100-SXM4-40GB (0),1,,13,[CUDA memcpy Host-to-Device]
1976023499,8512,8610,273,1,1,48,1,1,40,0.000,0.001,,,,,NVIDIA A100-SXM4-40GB (0),1,,13,"void pusch_noise_intf_est::noiseIntfEstNoDftSOfdmKernel<float, __half, float, float, (unsigned int)2, (unsigned int)1, (unsigned char)4, (unsigned char)4>(pusch_noise_intf_est::puschRxNoiseIntfEstDynDescr)"
1976033451,2208,8621,35,1,1,128,1,1,16,0.000,0.000,,,,,NVIDIA A100-SXM4-40GB (0),1,,13,cupy_copy__complex64_complex64
1976060683,1536,8630,1,1,1,1,1,1,18,0.000,0.000,,,,,NVIDIA A100-SXM4-40GB (0),1,,13,cupy_copy__float32_float32
1976094762,2272,8636,,,,,,,,,,0.000,1.761,Device,Pageable,NVIDIA A100-SXM4-40GB (0),1,,7,[CUDA memcpy Device-to-Host]
1976154634,13056,8647,1434,1,1,128,1,1,16,0.000,0.000,,,,,NVIDIA A100-SXM4-40GB (0),1,,13,cupy_copy__complex64_complex64
1976180297,2368,8654,103,1,1,128,1,1,16,0.000,0.000,,,,,NVIDIA A100-SXM4-40GB (0),1,,13,cupy_copy__complex64_complex64
1976205129,2016,8661,35,1,1,128,1,1,16,0.000,0.000,,,,,NVIDIA A100-SXM4-40GB (0),1,,13,cupy_copy__complex64_complex64
1976222793,1504,8668,1,1,1,1,1,1,18,0.000,0.000,,,,,NVIDIA A100-SXM4-40GB (0),1,,13,cupy_copy__float32_float32
1976356423,78624,8679,1,1,1,32,32,1,30,0.000,0.000,,,,,NVIDIA A100-SXM4-40GB (0),1,,13,"void convert_kernel<__half2, float2>(tensor_layout_any, T1 *, tensor_layout_any, const T2 *)"
1976463654,4160,8682,,,,,,,,,,0.061,14769.193,Pinned,Device,NVIDIA A100-SXM4-40GB (0),1,,13,[CUDA memcpy Host-to-Device]
1976477990,2656,8683,,,,,,,,,,1.547,582313.216,Device,,NVIDIA A100-SXM4-40GB (0),1,,13,[CUDA memset]
1976484166,2880,8688,,,,,,,,,,0.021,7311.106,Pinned,Device,NVIDIA A100-SXM4-40GB (0),1,,13,[CUDA memcpy Host-to-Device]
1976490054,7136,8689,,,,,,,,,,0.131,18367.644,Pinned,Device,NVIDIA A100-SXM4-40GB (0),1,,13,[CUDA memcpy Host-to-Device]
1976500646,5888,8690,273,1,1,8,4,1,39,0.002,0.000,,,,,NVIDIA A100-SXM4-40GB (0),1,,13,"void channel_eq::eqMmseCoefCompLowMimoKernel<float, float, float, (unsigned int)4, (unsigned int)1, (unsigned int)4>(const channel_eq::_puschRxChEqStatDescr *, channel_eq::_puschRxChEqCoefCompDynDescr)"
1976507686,4800,8691,273,1,1,12,11,1,40,0.002,0.000,,,,,NVIDIA A100-SXM4-40GB (0),1,,13,"void channel_eq::eqMmseSoftDemapKernel<float, __half, __half, float, (unsigned int)4, (unsigned short)16383>(channel_eq::_puschRxChEqStatDescr *, channel_eq::_puschRxChEqSoftDemapDynDescr)"
1976513734,281757,8692,1,1,1,32,32,1,30,0.000,0.000,,,,,NVIDIA A100-SXM4-40GB (0),1,,13,"void convert_kernel<float2, __half2>(tensor_layout_any, T1 *, tensor_layout_any, const T2 *)"
1976796515,10112,8704,2253,1,1,128,1,1,16,0.000,0.000,,,,,NVIDIA A100-SXM4-40GB (0),1,,13,cupy_copy__float16_float16
1976807747,2367,8713,282,1,1,128,1,1,16,0.000,0.000,,,,,NVIDIA A100-SXM4-40GB (0),1,,13,cupy_copy__complex64_complex64
1976811138,1760,8722,26,1,1,128,1,1,16,0.000,0.000,,,,,NVIDIA A100-SXM4-40GB (0),1,,13,cupy_copy__float32_float32
1976814146,2496,8731,103,1,1,128,1,1,16,0.000,0.000,,,,,NVIDIA A100-SXM4-40GB (0),1,,13,cupy_copy__complex64_complex64
1976817826,11392,8741,1434,1,1,128,1,1,16,0.000,0.000,,,,,NVIDIA A100-SXM4-40GB (0),1,,13,cupy_copy__complex64_complex64
1976853634,78527,8746,1,1,1,32,32,1,30,0.000,0.000,,,,,NVIDIA A100-SXM4-40GB (0),1,,13,"void convert_kernel<__half2, float2>(tensor_layout_any, T1 *, tensor_layout_any, const T2 *)"
1976959521,4544,8749,,,,,,,,,,0.061,13521.101,Pinned,Device,NVIDIA A100-SXM4-40GB (0),1,,13,[CUDA memcpy Host-to-Device]
1976972577,587577,8750,,,,,,,,,,456.520,776541.336,Device,,NVIDIA A100-SXM4-40GB (0),1,,13,[CUDA memset]
1977563770,33536,8755,,,,,,,,,,0.825,24610.107,Pinned,Device,NVIDIA A100-SXM4-40GB (0),1,,13,[CUDA memcpy Host-to-Device]
1977599866,7072,8756,,,,,,,,,,0.131,18533.843,Pinned,Device,NVIDIA A100-SXM4-40GB (0),1,,13,[CUDA memcpy Host-to-Device]
1977611226,7136,8757,69,4,1,48,1,1,76,0.002,0.000,,,,,NVIDIA A100-SXM4-40GB (0),1,,13,"void ch_est::windowedChEstPreNoDftSOfdmKernel<float, __half, float, (unsigned int)2, (unsigned int)1, (unsigned short)4>(ch_est::puschRxChEstStatDescr_t *, ch_est::puschRxChEstDynDescr_t *)"
1977619674,6176,8758,137,2,1,24,2,1,44,0.001,0.001,,,,,NVIDIA A100-SXM4-40GB (0),1,,13,"void ch_est::chEstFilterNoDftSOfdmDispatchKernel<float, __half, float, (unsigned int)2>(ch_est::puschRxChEstStatDescr_t *, ch_est::puschRxChEstDynDescr_t *)"
1977626938,4543,8759,137,2,1,24,2,1,44,0.001,0.001,,,,,NVIDIA A100-SXM4-40GB (0),1,,13,"void ch_est::chEstFilterNoDftSOfdmDispatchKernel<float, __half, float, (unsigned int)2>(ch_est::puschRxChEstStatDescr_t *, ch_est::puschRxChEstDynDescr_t *)"
1977632697,2208,8770,103,1,1,128,1,1,16,0.000,0.000,,,,,NVIDIA A100-SXM4-40GB (0),1,,13,cupy_copy__complex64_complex64
1977636217,12640,8780,1434,1,1,128,1,1,16,0.000,0.000,,,,,NVIDIA A100-SXM4-40GB (0),1,,13,cupy_copy__complex64_complex64
1977649849,2080,8787,103,1,1,128,1,1,16,0.000,0.000,,,,,NVIDIA A100-SXM4-40GB (0),1,,13,cupy_copy__complex64_complex64
1977653017,78623,8794,1,1,1,32,32,1,30,0.000,0.000,,,,,NVIDIA A100-SXM4-40GB (0),1,,13,"void convert_kernel<__half2, float2>(tensor_layout_any, T1 *, tensor_layout_any, const T2 *)"
1977759544,4640,8797,,,,,,,,,,0.061,13241.364,Pinned,Device,NVIDIA A100-SXM4-40GB (0),1,,13,[CUDA memcpy Host-to-Device]
1977771576,45407,8798,,,,,,,,,,35.801,788444.542,Device,,NVIDIA A100-SXM4-40GB (0),1,,13,[CUDA memset]
1977822807,2368,8800,,,,,,,,,,0.000,33.784,Pinned,Device,NVIDIA A100-SXM4-40GB (0),1,,13,[CUDA memcpy Host-to-Device]
1977827639,6752,8801,,,,,,,,,,0.131,19412.287,Pinned,Device,NVIDIA A100-SXM4-40GB (0),1,,13,[CUDA memcpy Host-to-Device]
1977840311,8352,8802,273,1,1,48,1,1,40,0.000,0.001,,,,,NVIDIA A100-SXM4-40GB (0),1,,13,"void pusch_noise_intf_est::noiseIntfEstNoDftSOfdmKernel<float, __half, float, float, (unsigned int)2, (unsigned int)1, (unsigned char)4, (unsigned char)4>(pusch_noise_intf_est::puschRxNoiseIntfEstDynDescr)"
1977850263,2496,8813,35,1,1,128,1,1,16,0.000,0.000,,,,,NVIDIA A100-SXM4-40GB (0),1,,13,cupy_copy__complex64_complex64
1977884631,1504,8822,1,1,1,1,1,1,18,0.000,0.000,,,,,NVIDIA A100-SXM4-40GB (0),1,,13,cupy_copy__float32_float32
1977919446,1632,8828,,,,,,,,,,0.000,2.451,Device,Pageable,NVIDIA A100-SXM4-40GB (0),1,,7,[CUDA memcpy Device-to-Host]
1977977398,13088,8839,1434,1,1,128,1,1,16,0.000,0.000,,,,,NVIDIA A100-SXM4-40GB (0),1,,13,cupy_copy__complex64_complex64
1978008053,2336,8846,103,1,1,128,1,1,16,0.000,0.000,,,,,NVIDIA A100-SXM4-40GB (0),1,,13,cupy_copy__complex64_complex64
1978028149,2016,8853,35,1,1,128,1,1,16,0.000,0.000,,,,,NVIDIA A100-SXM4-40GB (0),1,,13,cupy_copy__complex64_complex64
1978045461,1472,8860,1,1,1,1,1,1,18,0.000,0.000,,,,,NVIDIA A100-SXM4-40GB (0),1,,13,cupy_copy__float32_float32
1978180275,78048,8871,1,1,1,32,32,1,30,0.000,0.000,,,,,NVIDIA A100-SXM4-40GB (0),1,,13,"void convert_kernel<__half2, float2>(tensor_layout_any, T1 *, tensor_layout_any, const T2 *)"
1978428113,4608,8874,,,,,,,,,,0.061,13333.279,Pinned,Device,NVIDIA A100-SXM4-40GB (0),1,,13,[CUDA memcpy Host-to-Device]
1978440593,2656,8875,,,,,,,,,,1.547,582313.216,Device,,NVIDIA A100-SXM4-40GB (0),1,,13,[CUDA memset]
1978443761,3168,8880,,,,,,,,,,0.021,6646.453,Pinned,Device,NVIDIA A100-SXM4-40GB (0),1,,13,[CUDA memcpy Host-to-Device]
1978449585,6815,8881,,,,,,,,,,0.131,19232.850,Pinned,Device,NVIDIA A100-SXM4-40GB (0),1,,13,[CUDA memcpy Host-to-Device]
1978466992,5888,8882,273,1,1,8,4,1,39,0.002,0.000,,,,,NVIDIA A100-SXM4-40GB (0),1,,13,"void channel_eq::eqMmseCoefCompLowMimoKernel<float, float, float, (unsigned int)4, (unsigned int)1, (unsigned int)4>(const channel_eq::_puschRxChEqStatDescr *, channel_eq::_puschRxChEqCoefCompDynDescr)"
1978474064,4800,8883,273,1,1,12,11,1,40,0.002,0.000,,,,,NVIDIA A100-SXM4-40GB (0),1,,13,"void channel_eq::eqMmseSoftDemapKernel<float, __half, __half, float, (unsigned int)4, (unsigned short)16383>(channel_eq::_puschRxChEqStatDescr *, channel_eq::_puschRxChEqSoftDemapDynDescr)"
1978480112,282333,8884,1,1,1,32,32,1,30,0.000,0.000,,,,,NVIDIA A100-SXM4-40GB (0),1,,13,"void convert_kernel<float2, __half2>(tensor_layout_any, T1 *, tensor_layout_any, const T2 *)"
1978763661,10208,8896,2253,1,1,128,1,1,16,0.000,0.000,,,,,NVIDIA A100-SXM4-40GB (0),1,,13,cupy_copy__float16_float16
1978775085,2400,8905,282,1,1,128,1,1,16,0.000,0.000,,,,,NVIDIA A100-SXM4-40GB (0),1,,13,cupy_copy__complex64_complex64
1978778477,1760,8914,26,1,1,128,1,1,16,0.000,0.000,,,,,NVIDIA A100-SXM4-40GB (0),1,,13,cupy_copy__float32_float32
1978781453,2528,8923,103,1,1,128,1,1,16,0.000,0.000,,,,,NVIDIA A100-SXM4-40GB (0),1,,13,cupy_copy__complex64_complex64
1978785197,11264,8933,1434,1,1,128,1,1,16,0.000,0.000,,,,,NVIDIA A100-SXM4-40GB (0),1,,13,cupy_copy__complex64_complex64
1978945515,78783,8938,1,1,1,32,32,1,30,0.000,0.000,,,,,NVIDIA A100-SXM4-40GB (0),1,,13,"void convert_kernel<__half2, float2>(tensor_layout_any, T1 *, tensor_layout_any, const T2 *)"
1979055498,4512,8941,,,,,,,,,,0.061,13617.009,Pinned,Device,NVIDIA A100-SXM4-40GB (0),1,,13,[CUDA memcpy Host-to-Device]
1979067274,588633,8942,,,,,,,,,,456.520,775171.775,Device,,NVIDIA A100-SXM4-40GB (0),1,,13,[CUDA memset]
1979659139,33280,8947,,,,,,,,,,0.825,24799.937,Pinned,Device,NVIDIA A100-SXM4-40GB (0),1,,13,[CUDA memcpy Host-to-Device]
1979695907,6976,8948,,,,,,,,,,0.131,18788.909,Pinned,Device,NVIDIA A100-SXM4-40GB (0),1,,13,[CUDA memcpy Host-to-Device]
1979711139,7232,8949,69,4,1,48,1,1,76,0.002,0.000,,,,,NVIDIA A100-SXM4-40GB (0),1,,13,"void ch_est::windowedChEstPreNoDftSOfdmKernel<float, __half, float, (unsigned int)2, (unsigned int)1, (unsigned short)4>(ch_est::puschRxChEstStatDescr_t *, ch_est::puschRxChEstDynDescr_t *)"
1979719619,6528,8950,137,2,1,24,2,1,44,0.001,0.001,,,,,NVIDIA A100-SXM4-40GB (0),1,,13,"void ch_est::chEstFilterNoDftSOfdmDispatchKernel<float, __half, float, (unsigned int)2>(ch_est::puschRxChEstStatDescr_t *, ch_est::puschRxChEstDynDescr_t *)"
1979727203,4543,8951,137,2,1,24,2,1,44,0.001,0.001,,,,,NVIDIA A100-SXM4-40GB (0),1,,13,"void ch_est::chEstFilterNoDftSOfdmDispatchKernel<float, __half, float, (unsigned int)2>(ch_est::puschRxChEstStatDescr_t *, ch_est::puschRxChEstDynDescr_t *)"
1979732994,2144,8962,103,1,1,128,1,1,16,0.000,0.000,,,,,NVIDIA A100-SXM4-40GB (0),1,,13,cupy_copy__complex64_complex64
1979736130,12480,8972,1434,1,1,128,1,1,16,0.000,0.000,,,,,NVIDIA A100-SXM4-40GB (0),1,,13,cupy_copy__complex64_complex64
1979749602,2112,8979,103,1,1,128,1,1,16,0.000,0.000,,,,,NVIDIA A100-SXM4-40GB (0),1,,13,cupy_copy__complex64_complex64
1979752930,78399,8986,1,1,1,32,32,1,30,0.000,0.000,,,,,NVIDIA A100-SXM4-40GB (0),1,,13,"void convert_kernel<__half2, float2>(tensor_layout_any, T1 *, tensor_layout_any, const T2 *)"
1980001664,4159,8989,,,,,,,,,,0.061,14772.756,Pinned,Device,NVIDIA A100-SXM4-40GB (0),1,,13,[CUDA memcpy Host-to-Device]
1980013183,46368,8990,,,,,,,,,,35.801,772083.503,Device,,NVIDIA A100-SXM4-40GB (0),1,,13,[CUDA memset]
1980064639,2336,8992,,,,,,,,,,0.000,34.247,Pinned,Device,NVIDIA A100-SXM4-40GB (0),1,,13,[CUDA memcpy Host-to-Device]
1980069663,7168,8993,,,,,,,,,,0.131,18285.593,Pinned,Device,NVIDIA A100-SXM4-40GB (0),1,,13,[CUDA memcpy Host-to-Device]
1980080799,9088,8994,273,1,1,48,1,1,40,0.000,0.001,,,,,NVIDIA A100-SXM4-40GB (0),1,,13,"void pusch_noise_intf_est::noiseIntfEstNoDftSOfdmKernel<float, __half, float, float, (unsigned int)2, (unsigned int)1, (unsigned char)4, (unsigned char)4>(pusch_noise_intf_est::puschRxNoiseIntfEstDynDescr)"
1980091551,2272,9005,35,1,1,128,1,1,16,0.000,0.000,,,,,NVIDIA A100-SXM4-40GB (0),1,,13,cupy_copy__complex64_complex64
1980109822,1536,9014,1,1,1,1,1,1,18,0.000,0.000,,,,,NVIDIA A100-SXM4-40GB (0),1,,13,cupy_copy__float32_float32
1980145310,1888,9020,,,,,,,,,,0.000,2.119,Device,Pageable,NVIDIA A100-SXM4-40GB (0),1,,7,[CUDA memcpy Device-to-Host]
1980208253,13088,9031,1434,1,1,128,1,1,16,0.000,0.000,,,,,NVIDIA A100-SXM4-40GB (0),1,,13,cupy_copy__complex64_complex64
1980235005,2368,9038,103,1,1,128,1,1,16,0.000,0.000,,,,,NVIDIA A100-SXM4-40GB (0),1,,13,cupy_copy__complex64_complex64
1980255869,1984,9045,35,1,1,128,1,1,16,0.000,0.000,,,,,NVIDIA A100-SXM4-40GB (0),1,,13,cupy_copy__complex64_complex64
1980273501,1472,9052,1,1,1,1,1,1,18,0.000,0.000,,,,,NVIDIA A100-SXM4-40GB (0),1,,13,cupy_copy__float32_float32
1980537722,78399,9063,1,1,1,32,32,1,30,0.000,0.000,,,,,NVIDIA A100-SXM4-40GB (0),1,,13,"void convert_kernel<__half2, float2>(tensor_layout_any, T1 *, tensor_layout_any, const T2 *)"
1980648408,4128,9066,,,,,,,,,,0.061,14883.717,Pinned,Device,NVIDIA A100-SXM4-40GB (0),1,,13,[CUDA memcpy Host-to-Device]
1980663480,2592,9067,,,,,,,,,,1.547,596690.632,Device,,NVIDIA A100-SXM4-40GB (0),1,,13,[CUDA memset]
1980669496,2944,9072,,,,,,,,,,0.021,7152.155,Pinned,Device,NVIDIA A100-SXM4-40GB (0),1,,13,[CUDA memcpy Host-to-Device]
1980675544,6944,9073,,,,,,,,,,0.131,18875.548,Pinned,Device,NVIDIA A100-SXM4-40GB (0),1,,13,[CUDA memcpy Host-to-Device]
1980686328,5824,9074,273,1,1,8,4,1,39,0.002,0.000,,,,,NVIDIA A100-SXM4-40GB (0),1,,13,"void channel_eq::eqMmseCoefCompLowMimoKernel<float, float, float, (unsigned int)4, (unsigned int)1, (unsigned int)4>(const channel_eq::_puschRxChEqStatDescr *, channel_eq::_puschRxChEqCoefCompDynDescr)"
1980693176,4928,9075,273,1,1,12,11,1,40,0.002,0.000,,,,,NVIDIA A100-SXM4-40GB (0),1,,13,"void channel_eq::eqMmseSoftDemapKernel<float, __half, __half, float, (unsigned int)4, (unsigned short)16383>(channel_eq::_puschRxChEqStatDescr *, channel_eq::_puschRxChEqSoftDemapDynDescr)"
1980699128,282045,9076,1,1,1,32,32,1,30,0.000,0.000,,,,,NVIDIA A100-SXM4-40GB (0),1,,13,"void convert_kernel<float2, __half2>(tensor_layout_any, T1 *, tensor_layout_any, const T2 *)"
1980982229,10272,9088,2253,1,1,128,1,1,16,0.000,0.000,,,,,NVIDIA A100-SXM4-40GB (0),1,,13,cupy_copy__float16_float16
1980993717,2400,9097,282,1,1,128,1,1,16,0.000,0.000,,,,,NVIDIA A100-SXM4-40GB (0),1,,13,cupy_copy__complex64_complex64
1980997109,1792,9106,26,1,1,128,1,1,16,0.000,0.000,,,,,NVIDIA A100-SXM4-40GB (0),1,,13,cupy_copy__float32_float32
1981000117,2496,9115,103,1,1,128,1,1,16,0.000,0.000,,,,,NVIDIA A100-SXM4-40GB (0),1,,13,cupy_copy__complex64_complex64
1981003829,11295,9125,1434,1,1,128,1,1,16,0.000,0.000,,,,,NVIDIA A100-SXM4-40GB (0),1,,13,cupy_copy__complex64_complex64
1981050100,78303,9130,1,1,1,32,32,1,30,0.000,0.000,,,,,NVIDIA A100-SXM4-40GB (0),1,,13,"void convert_kernel<__half2, float2>(tensor_layout_any, T1 *, tensor_layout_any, const T2 *)"
1981155923,4384,9133,,,,,,,,,,0.061,14014.587,Pinned,Device,NVIDIA A100-SXM4-40GB (0),1,,13,[CUDA memcpy Host-to-Device]
1981166867,587641,9134,,,,,,,,,,456.520,776541.336,Device,,NVIDIA A100-SXM4-40GB (0),1,,13,[CUDA memset]
1981759372,33376,9139,,,,,,,,,,0.825,24728.132,Pinned,Device,NVIDIA A100-SXM4-40GB (0),1,,13,[CUDA memcpy Host-to-Device]
1981795852,6720,9140,,,,,,,,,,0.131,19504.693,Pinned,Device,NVIDIA A100-SXM4-40GB (0),1,,13,[CUDA memcpy Host-to-Device]
1981807244,7136,9141,69,4,1,48,1,1,76,0.002,0.000,,,,,NVIDIA A100-SXM4-40GB (0),1,,13,"void ch_est::windowedChEstPreNoDftSOfdmKernel<float, __half, float, (unsigned int)2, (unsigned int)1, (unsigned short)4>(ch_est::puschRxChEstStatDescr_t *, ch_est::puschRxChEstDynDescr_t *)"
1981815692,6272,9142,137,2,1,24,2,1,44,0.001,0.001,,,,,NVIDIA A100-SXM4-40GB (0),1,,13,"void ch_est::chEstFilterNoDftSOfdmDispatchKernel<float, __half, float, (unsigned int)2>(ch_est::puschRxChEstStatDescr_t *, ch_est::puschRxChEstDynDescr_t *)"
1981823276,4544,9143,137,2,1,24,2,1,44,0.001,0.001,,,,,NVIDIA A100-SXM4-40GB (0),1,,13,"void ch_est::chEstFilterNoDftSOfdmDispatchKernel<float, __half, float, (unsigned int)2>(ch_est::puschRxChEstStatDescr_t *, ch_est::puschRxChEstDynDescr_t *)"
1981828876,2175,9154,103,1,1,128,1,1,16,0.000,0.000,,,,,NVIDIA A100-SXM4-40GB (0),1,,13,cupy_copy__complex64_complex64
1981832363,12544,9164,1434,1,1,128,1,1,16,0.000,0.000,,,,,NVIDIA A100-SXM4-40GB (0),1,,13,cupy_copy__complex64_complex64
1981846091,2080,9171,103,1,1,128,1,1,16,0.000,0.000,,,,,NVIDIA A100-SXM4-40GB (0),1,,13,cupy_copy__complex64_complex64
1981849259,78015,9178,1,1,1,32,32,1,30,0.000,0.000,,,,,NVIDIA A100-SXM4-40GB (0),1,,13,"void convert_kernel<__half2, float2>(tensor_layout_any, T1 *, tensor_layout_any, const T2 *)"
1981956106,4544,9181,,,,,,,,,,0.061,13521.101,Pinned,Device,NVIDIA A100-SXM4-40GB (0),1,,13,[CUDA memcpy Host-to-Device]
1981969162,44895,9182,,,,,,,,,,35.801,797430.583,Device,,NVIDIA A100-SXM4-40GB (0),1,,13,[CUDA memset]
1982021897,2400,9184,,,,,,,,,,0.000,33.333,Pinned,Device,NVIDIA A100-SXM4-40GB (0),1,,13,[CUDA memcpy Host-to-Device]
1982027017,8064,9185,,,,,,,,,,0.131,16253.846,Pinned,Device,NVIDIA A100-SXM4-40GB (0),1,,13,[CUDA memcpy Host-to-Device]
1982039721,8448,9186,273,1,1,48,1,1,40,0.000,0.001,,,,,NVIDIA A100-SXM4-40GB (0),1,,13,"void pusch_noise_intf_est::noiseIntfEstNoDftSOfdmKernel<float, __half, float, float, (unsigned int)2, (unsigned int)1, (unsigned char)4, (unsigned char)4>(pusch_noise_intf_est::puschRxNoiseIntfEstDynDescr)"
1982049577,2304,9197,35,1,1,128,1,1,16,0.000,0.000,,,,,NVIDIA A100-SXM4-40GB (0),1,,13,cupy_copy__complex64_complex64
1982076553,1504,9206,1,1,1,1,1,1,18,0.000,0.000,,,,,NVIDIA A100-SXM4-40GB (0),1,,13,cupy_copy__float32_float32
1982114376,2272,9212,,,,,,,,,,0.000,1.761,Device,Pageable,NVIDIA A100-SXM4-40GB (0),1,,7,[CUDA memcpy Device-to-Host]
1982173448,13056,9223,1434,1,1,128,1,1,16,0.000,0.000,,,,,NVIDIA A100-SXM4-40GB (0),1,,13,cupy_copy__complex64_complex64
1982200295,2272,9230,103,1,1,128,1,1,16,0.000,0.000,,,,,NVIDIA A100-SXM4-40GB (0),1,,13,cupy_copy__complex64_complex64
1982220327,2016,9237,35,1,1,128,1,1,16,0.000,0.000,,,,,NVIDIA A100-SXM4-40GB (0),1,,13,cupy_copy__complex64_complex64
1982237735,1472,9244,1,1,1,1,1,1,18,0.000,0.000,,,,,NVIDIA A100-SXM4-40GB (0),1,,13,cupy_copy__float32_float32
1982371750,78431,9255,1,1,1,32,32,1,30,0.000,0.000,,,,,NVIDIA A100-SXM4-40GB (0),1,,13,"void convert_kernel<__half2, float2>(tensor_layout_any, T1 *, tensor_layout_any, const T2 *)"
1982478084,4128,9258,,,,,,,,,,0.061,14883.717,Pinned,Device,NVIDIA A100-SXM4-40GB (0),1,,13,[CUDA memcpy Host-to-Device]
1982492548,2624,9259,,,,,,,,,,1.547,589413.767,Device,,NVIDIA A100-SXM4-40GB (0),1,,13,[CUDA memset]
1982498660,2720,9264,,,,,,,,,,0.021,7741.175,Pinned,Device,NVIDIA A100-SXM4-40GB (0),1,,13,[CUDA memcpy Host-to-Device]
1982504164,6752,9265,,,,,,,,,,0.131,19412.287,Pinned,Device,NVIDIA A100-SXM4-40GB (0),1,,13,[CUDA memcpy Host-to-Device]
1982514852,5888,9266,273,1,1,8,4,1,39,0.002,0.000,,,,,NVIDIA A100-SXM4-40GB (0),1,,13,"void channel_eq::eqMmseCoefCompLowMimoKernel<float, float, float, (unsigned int)4, (unsigned int)1, (unsigned int)4>(const channel_eq::_puschRxChEqStatDescr *, channel_eq::_puschRxChEqCoefCompDynDescr)"
1982521988,4800,9267,273,1,1,12,11,1,40,0.002,0.000,,,,,NVIDIA A100-SXM4-40GB (0),1,,13,"void channel_eq::eqMmseSoftDemapKernel<float, __half, __half, float, (unsigned int)4, (unsigned short)16383>(channel_eq::_puschRxChEqStatDescr *, channel_eq::_puschRxChEqSoftDemapDynDescr)"
1982528036,282013,9268,1,1,1,32,32,1,30,0.000,0.000,,,,,NVIDIA A100-SXM4-40GB (0),1,,13,"void convert_kernel<float2, __half2>(tensor_layout_any, T1 *, tensor_layout_any, const T2 *)"
1982811201,10432,9280,2253,1,1,128,1,1,16,0.000,0.000,,,,,NVIDIA A100-SXM4-40GB (0),1,,13,cupy_copy__float16_float16
1982822657,2400,9289,282,1,1,128,1,1,16,0.000,0.000,,,,,NVIDIA A100-SXM4-40GB (0),1,,13,cupy_copy__complex64_complex64
1982826081,1792,9298,26,1,1,128,1,1,16,0.000,0.000,,,,,NVIDIA A100-SXM4-40GB (0),1,,13,cupy_copy__float32_float32
1982828993,2496,9307,103,1,1,128,1,1,16,0.000,0.000,,,,,NVIDIA A100-SXM4-40GB (0),1,,13,cupy_copy__complex64_complex64
1982832705,11327,9317,1434,1,1,128,1,1,16,0.000,0.000,,,,,NVIDIA A100-SXM4-40GB (0),1,,13,cupy_copy__complex64_complex64
1982873952,78975,9322,1,1,1,32,32,1,30,0.000,0.000,,,,,NVIDIA A100-SXM4-40GB (0),1,,13,"void convert_kernel<__half2, float2>(tensor_layout_any, T1 *, tensor_layout_any, const T2 *)"
1982980479,4256,9325,,,,,,,,,,0.061,14436.065,Pinned,Device,NVIDIA A100-SXM4-40GB (0),1,,13,[CUDA memcpy Host-to-Device]
1982991103,587833,9326,,,,,,,,,,456.520,776541.336,Device,,NVIDIA A100-SXM4-40GB (0),1,,13,[CUDA memset]
1983584184,33024,9331,,,,,,,,,,0.825,24992.242,Pinned,Device,NVIDIA A100-SXM4-40GB (0),1,,13,[CUDA memcpy Host-to-Device]
1983619832,6816,9332,,,,,,,,,,0.131,19229.966,Pinned,Device,NVIDIA A100-SXM4-40GB (0),1,,13,[CUDA memcpy Host-to-Device]
1983636088,7264,9333,69,4,1,48,1,1,76,0.002,0.000,,,,,NVIDIA A100-SXM4-40GB (0),1,,13,"void ch_est::windowedChEstPreNoDftSOfdmKernel<float, __half, float, (unsigned int)2, (unsigned int)1, (unsigned short)4>(ch_est::puschRxChEstStatDescr_t *, ch_est::puschRxChEstDynDescr_t *)"
1983644568,6176,9334,137,2,1,24,2,1,44,0.001,0.001,,,,,NVIDIA A100-SXM4-40GB (0),1,,13,"void ch_est::chEstFilterNoDftSOfdmDispatchKernel<float, __half, float, (unsigned int)2>(ch_est::puschRxChEstStatDescr_t *, ch_est::puschRxChEstDynDescr_t *)"
1983651800,4575,9335,137,2,1,24,2,1,44,0.001,0.001,,,,,NVIDIA A100-SXM4-40GB (0),1,,13,"void ch_est::chEstFilterNoDftSOfdmDispatchKernel<float, __half, float, (unsigned int)2>(ch_est::puschRxChEstStatDescr_t *, ch_est::puschRxChEstDynDescr_t *)"
1983657623,2144,9346,103,1,1,128,1,1,16,0.000,0.000,,,,,NVIDIA A100-SXM4-40GB (0),1,,13,cupy_copy__complex64_complex64
1983661079,12576,9356,1434,1,1,128,1,1,16,0.000,0.000,,,,,NVIDIA A100-SXM4-40GB (0),1,,13,cupy_copy__complex64_complex64
1983674935,2080,9363,103,1,1,128,1,1,16,0.000,0.000,,,,,NVIDIA A100-SXM4-40GB (0),1,,13,cupy_copy__complex64_complex64
1983678071,78303,9370,1,1,1,32,32,1,30,0.000,0.000,,,,,NVIDIA A100-SXM4-40GB (0),1,,13,"void convert_kernel<__half2, float2>(tensor_layout_any, T1 *, tensor_layout_any, const T2 *)"
1983925077,4383,9373,,,,,,,,,,0.061,14017.782,Pinned,Device,NVIDIA A100-SXM4-40GB (0),1,,13,[CUDA memcpy Host-to-Device]
1983936116,46112,9374,,,,,,,,,,35.801,776379.619,Device,,NVIDIA A100-SXM4-40GB (0),1,,13,[CUDA memset]
1983991028,1888,9376,,,,,,,,,,0.000,42.373,Pinned,Device,NVIDIA A100-SXM4-40GB (0),1,,13,[CUDA memcpy Host-to-Device]
1983995956,7104,9377,,,,,,,,,,0.131,18450.350,Pinned,Device,NVIDIA A100-SXM4-40GB (0),1,,13,[CUDA memcpy Host-to-Device]
1984010868,9088,9378,273,1,1,48,1,1,40,0.000,0.001,,,,,NVIDIA A100-SXM4-40GB (0),1,,13,"void pusch_noise_intf_est::noiseIntfEstNoDftSOfdmKernel<float, __half, float, float, (unsigned int)2, (unsigned int)1, (unsigned char)4, (unsigned char)4>(pusch_noise_intf_est::puschRxNoiseIntfEstDynDescr)"
1984021331,2208,9389,35,1,1,128,1,1,16,0.000,0.000,,,,,NVIDIA A100-SXM4-40GB (0),1,,13,cupy_copy__complex64_complex64
1984037203,1504,9398,1,1,1,1,1,1,18,0.000,0.000,,,,,NVIDIA A100-SXM4-40GB (0),1,,13,cupy_copy__float32_float32
1984072179,2528,9404,,,,,,,,,,0.000,1.582,Device,Pageable,NVIDIA A100-SXM4-40GB (0),1,,7,[CUDA memcpy Device-to-Host]
1984132498,12992,9415,1434,1,1,128,1,1,16,0.000,0.000,,,,,NVIDIA A100-SXM4-40GB (0),1,,13,cupy_copy__complex64_complex64
1984158930,2336,9422,103,1,1,128,1,1,16,0.000,0.000,,,,,NVIDIA A100-SXM4-40GB (0),1,,13,cupy_copy__complex64_complex64
1984179858,1984,9429,35,1,1,128,1,1,16,0.000,0.000,,,,,NVIDIA A100-SXM4-40GB (0),1,,13,cupy_copy__complex64_complex64
1984197746,1472,9436,1,1,1,1,1,1,18,0.000,0.000,,,,,NVIDIA A100-SXM4-40GB (0),1,,13,cupy_copy__float32_float32
1984462799,78751,9447,1,1,1,32,32,1,30,0.000,0.000,,,,,NVIDIA A100-SXM4-40GB (0),1,,13,"void convert_kernel<__half2, float2>(tensor_layout_any, T1 *, tensor_layout_any, const T2 *)"
1984574509,4160,9450,,,,,,,,,,0.061,14769.193,Pinned,Device,NVIDIA A100-SXM4-40GB (0),1,,13,[CUDA memcpy Host-to-Device]
1984589837,2656,9451,,,,,,,,,,1.547,582313.216,Device,,NVIDIA A100-SXM4-40GB (0),1,,13,[CUDA memset]
1984596077,3072,9456,,,,,,,,,,0.021,6854.149,Pinned,Device,NVIDIA A100-SXM4-40GB (0),1,,13,[CUDA memcpy Host-to-Device]
1984601869,6976,9457,,,,,,,,,,0.131,18788.909,Pinned,Device,NVIDIA A100-SXM4-40GB (0),1,,13,[CUDA memcpy Host-to-Device]
1984612941,5952,9458,273,1,1,8,4,1,39,0.002,0.000,,,,,NVIDIA A100-SXM4-40GB (0),1,,13,"void channel_eq::eqMmseCoefCompLowMimoKernel<float, float, float, (unsigned int)4, (unsigned int)1, (unsigned int)4>(const channel_eq::_puschRxChEqStatDescr *, channel_eq::_puschRxChEqCoefCompDynDescr)"
1984620109,4896,9459,273,1,1,12,11,1,40,0.002,0.000,,,,,NVIDIA A100-SXM4-40GB (0),1,,13,"void channel_eq::eqMmseSoftDemapKernel<float, __half, __half, float, (unsigned int)4, (unsigned short)16383>(channel_eq::_puschRxChEqStatDescr *, channel_eq::_puschRxChEqSoftDemapDynDescr)"
1984626093,282077,9460,1,1,1,32,32,1,30,0.000,0.000,,,,,NVIDIA A100-SXM4-40GB (0),1,,13,"void convert_kernel<float2, __half2>(tensor_layout_any, T1 *, tensor_layout_any, const T2 *)"
1984909194,10112,9472,2253,1,1,128,1,1,16,0.000,0.000,,,,,NVIDIA A100-SXM4-40GB (0),1,,13,cupy_copy__float16_float16
1984920362,2400,9481,282,1,1,128,1,1,16,0.000,0.000,,,,,NVIDIA A100-SXM4-40GB (0),1,,13,cupy_copy__complex64_complex64
1984923786,1760,9490,26,1,1,128,1,1,16,0.000,0.000,,,,,NVIDIA A100-SXM4-40GB (0),1,,13,cupy_copy__float32_float32
1984926762,2528,9499,103,1,1,128,1,1,16,0.000,0.000,,,,,NVIDIA A100-SXM4-40GB (0),1,,13,cupy_copy__complex64_complex64
1984930506,11295,9509,1434,1,1,128,1,1,16,0.000,0.000,,,,,NVIDIA A100-SXM4-40GB (0),1,,13,cupy_copy__complex64_complex64
1984978729,77951,9514,1,1,1,32,32,1,30,0.000,0.000,,,,,NVIDIA A100-SXM4-40GB (0),1,,13,"void convert_kernel<__half2, float2>(tensor_layout_any, T1 *, tensor_layout_any, const T2 *)"
1985226694,4160,9517,,,,,,,,,,0.061,14769.193,Pinned,Device,NVIDIA A100-SXM4-40GB (0),1,,13,[CUDA memcpy Host-to-Device]
1985236262,589594,9518,,,,,,,,,,456.520,774258.734,Device,,NVIDIA A100-SXM4-40GB (0),1,,13,[CUDA memset]
1985832032,32959,9523,,,,,,,,,,0.825,25040.937,Pinned,Device,NVIDIA A100-SXM4-40GB (0),1,,13,[CUDA memcpy Host-to-Device]
1985867135,7296,9524,,,,,,,,,,0.131,17964.859,Pinned,Device,NVIDIA A100-SXM4-40GB (0),1,,13,[CUDA memcpy Host-to-Device]
1985877919,7680,9525,69,4,1,48,1,1,76,0.002,0.000,,,,,NVIDIA A100-SXM4-40GB (0),1,,13,"void ch_est::windowedChEstPreNoDftSOfdmKernel<float, __half, float, (unsigned int)2, (unsigned int)1, (unsigned short)4>(ch_est::puschRxChEstStatDescr_t *, ch_est::puschRxChEstDynDescr_t *)"
1985886879,6016,9526,137,2,1,24,2,1,44,0.001,0.001,,,,,NVIDIA A100-SXM4-40GB (0),1,,13,"void ch_est::chEstFilterNoDftSOfdmDispatchKernel<float, __half, float, (unsigned int)2>(ch_est::puschRxChEstStatDescr_t *, ch_est::puschRxChEstDynDescr_t *)"
1985894207,4544,9527,137,2,1,24,2,1,44,0.001,0.001,,,,,NVIDIA A100-SXM4-40GB (0),1,,13,"void ch_est::chEstFilterNoDftSOfdmDispatchKernel<float, __half, float, (unsigned int)2>(ch_est::puschRxChEstStatDescr_t *, ch_est::puschRxChEstDynDescr_t *)"
1985899967,2208,9538,103,1,1,128,1,1,16,0.000,0.000,,,,,NVIDIA A100-SXM4-40GB (0),1,,13,cupy_copy__complex64_complex64
1985903135,12704,9548,1434,1,1,128,1,1,16,0.000,0.000,,,,,NVIDIA A100-SXM4-40GB (0),1,,13,cupy_copy__complex64_complex64
1985916895,2080,9555,103,1,1,128,1,1,16,0.000,0.000,,,,,NVIDIA A100-SXM4-40GB (0),1,,13,cupy_copy__complex64_complex64
1985920031,78527,9562,1,1,1,32,32,1,30,0.000,0.000,,,,,NVIDIA A100-SXM4-40GB (0),1,,13,"void convert_kernel<__half2, float2>(tensor_layout_any, T1 *, tensor_layout_any, const T2 *)"
1986030365,4160,9565,,,,,,,,,,0.061,14769.193,Pinned,Device,NVIDIA A100-SXM4-40GB (0),1,,13,[CUDA memcpy Host-to-Device]
1986043741,45024,9566,,,,,,,,,,35.801,795139.322,Device,,NVIDIA A100-SXM4-40GB (0),1,,13,[CUDA memset]
1986095933,1856,9568,,,,,,,,,,0.000,43.103,Pinned,Device,NVIDIA A100-SXM4-40GB (0),1,,13,[CUDA memcpy Host-to-Device]
1986100637,6784,9569,,,,,,,,,,0.131,19320.668,Pinned,Device,NVIDIA A100-SXM4-40GB (0),1,,13,[CUDA memcpy Host-to-Device]
1986112093,8479,9570,273,1,1,48,1,1,40,0.000,0.001,,,,,NVIDIA A100-SXM4-40GB (0),1,,13,"void pusch_noise_intf_est::noiseIntfEstNoDftSOfdmKernel<float, __half, float, float, (unsigned int)2, (unsigned int)1, (unsigned char)4, (unsigned char)4>(pusch_noise_intf_est::puschRxNoiseIntfEstDynDescr)"
1986124796,2304,9581,35,1,1,128,1,1,16,0.000,0.000,,,,,NVIDIA A100-SXM4-40GB (0),1,,13,cupy_copy__complex64_complex64
1986161212,1504,9590,1,1,1,1,1,1,18,0.000,0.000,,,,,NVIDIA A100-SXM4-40GB (0),1,,13,cupy_copy__float32_float32
1986195740,2400,9596,,,,,,,,,,0.000,1.667,Device,Pageable,NVIDIA A100-SXM4-40GB (0),1,,7,[CUDA memcpy Device-to-Host]
1986255387,13472,9607,1434,1,1,128,1,1,16,0.000,0.000,,,,,NVIDIA A100-SXM4-40GB (0),1,,13,cupy_copy__complex64_complex64
1986281979,2400,9614,103,1,1,128,1,1,16,0.000,0.000,,,,,NVIDIA A100-SXM4-40GB (0),1,,13,cupy_copy__complex64_complex64
1986301147,1983,9621,35,1,1,128,1,1,16,0.000,0.000,,,,,NVIDIA A100-SXM4-40GB (0),1,,13,cupy_copy__complex64_complex64
1986318458,1472,9628,1,1,1,1,1,1,18,0.000,0.000,,,,,NVIDIA A100-SXM4-40GB (0),1,,13,cupy_copy__float32_float32
1986453657,78911,9639,1,1,1,32,32,1,30,0.000,0.000,,,,,NVIDIA A100-SXM4-40GB (0),1,,13,"void convert_kernel<__half2, float2>(tensor_layout_any, T1 *, tensor_layout_any, const T2 *)"
1986561432,4128,9642,,,,,,,,,,0.061,14883.717,Pinned,Device,NVIDIA A100-SXM4-40GB (0),1,,13,[CUDA memcpy Host-to-Device]
1986575768,2655,9643,,,,,,,,,,1.547,582531.290,Device,,NVIDIA A100-SXM4-40GB (0),1,,13,[CUDA memset]
1986582103,2720,9648,,,,,,,,,,0.021,7741.175,Pinned,Device,NVIDIA A100-SXM4-40GB (0),1,,13,[CUDA memcpy Host-to-Device]
1986589015,7520,9649,,,,,,,,,,0.131,17429.692,Pinned,Device,NVIDIA A100-SXM4-40GB (0),1,,13,[CUDA memcpy Host-to-Device]
1986602999,5792,9650,273,1,1,8,4,1,39,0.002,0.000,,,,,NVIDIA A100-SXM4-40GB (0),1,,13,"void channel_eq::eqMmseCoefCompLowMimoKernel<float, float, float, (unsigned int)4, (unsigned int)1, (unsigned int)4>(const channel_eq::_puschRxChEqStatDescr *, channel_eq::_puschRxChEqCoefCompDynDescr)"
1986610071,4832,9651,273,1,1,12,11,1,40,0.002,0.000,,,,,NVIDIA A100-SXM4-40GB (0),1,,13,"void channel_eq::eqMmseSoftDemapKernel<float, __half, __half, float, (unsigned int)4, (unsigned short)16383>(channel_eq::_puschRxChEqStatDescr *, channel_eq::_puschRxChEqSoftDemapDynDescr)"
1986616119,282173,9652,1,1,1,32,32,1,30,0.000,0.000,,,,,NVIDIA A100-SXM4-40GB (0),1,,13,"void convert_kernel<float2, __half2>(tensor_layout_any, T1 *, tensor_layout_any, const T2 *)"
1986899348,10432,9664,2253,1,1,128,1,1,16,0.000,0.000,,,,,NVIDIA A100-SXM4-40GB (0),1,,13,cupy_copy__float16_float16
1986910804,2368,9673,282,1,1,128,1,1,16,0.000,0.000,,,,,NVIDIA A100-SXM4-40GB (0),1,,13,cupy_copy__complex64_complex64
1986914196,1760,9682,26,1,1,128,1,1,16,0.000,0.000,,,,,NVIDIA A100-SXM4-40GB (0),1,,13,cupy_copy__float32_float32
1986917172,2496,9691,103,1,1,128,1,1,16,0.000,0.000,,,,,NVIDIA A100-SXM4-40GB (0),1,,13,cupy_copy__complex64_complex64
1986920916,11264,9701,1434,1,1,128,1,1,16,0.000,0.000,,,,,NVIDIA A100-SXM4-40GB (0),1,,13,cupy_copy__complex64_complex64
1986965011,78239,9706,1,1,1,32,32,1,30,0.000,0.000,,,,,NVIDIA A100-SXM4-40GB (0),1,,13,"void convert_kernel<__half2, float2>(tensor_layout_any, T1 *, tensor_layout_any, const T2 *)"
1987070610,4128,9709,,,,,,,,,,0.061,14883.717,Pinned,Device,NVIDIA A100-SXM4-40GB (0),1,,13,[CUDA memcpy Host-to-Device]
1987081138,587226,9710,,,,,,,,,,456.520,776997.857,Device,,NVIDIA A100-SXM4-40GB (0),1,,13,[CUDA memset]
1987670860,32735,9715,,,,,,,,,,0.825,25212.609,Pinned,Device,NVIDIA A100-SXM4-40GB (0),1,,13,[CUDA memcpy Host-to-Device]
1987706763,6944,9716,,,,,,,,,,0.131,18875.548,Pinned,Device,NVIDIA A100-SXM4-40GB (0),1,,13,[CUDA memcpy Host-to-Device]
1987721771,7008,9717,69,4,1,48,1,1,76,0.002,0.000,,,,,NVIDIA A100-SXM4-40GB (0),1,,13,"void ch_est::windowedChEstPreNoDftSOfdmKernel<float, __half, float, (unsigned int)2, (unsigned int)1, (unsigned short)4>(ch_est::puschRxChEstStatDescr_t *, ch_est::puschRxChEstDynDescr_t *)"
1987729995,6208,9718,137,2,1,24,2,1,44,0.001,0.001,,,,,NVIDIA A100-SXM4-40GB (0),1,,13,"void ch_est::chEstFilterNoDftSOfdmDispatchKernel<float, __half, float, (unsigned int)2>(ch_est::puschRxChEstStatDescr_t *, ch_est::puschRxChEstDynDescr_t *)"
1987737227,4544,9719,137,2,1,24,2,1,44,0.001,0.001,,,,,NVIDIA A100-SXM4-40GB (0),1,,13,"void ch_est::chEstFilterNoDftSOfdmDispatchKernel<float, __half, float, (unsigned int)2>(ch_est::puschRxChEstStatDescr_t *, ch_est::puschRxChEstDynDescr_t *)"
1987743019,2144,9730,103,1,1,128,1,1,16,0.000,0.000,,,,,NVIDIA A100-SXM4-40GB (0),1,,13,cupy_copy__complex64_complex64
1987746155,12832,9740,1434,1,1,128,1,1,16,0.000,0.000,,,,,NVIDIA A100-SXM4-40GB (0),1,,13,cupy_copy__complex64_complex64
1987760235,2080,9747,103,1,1,128,1,1,16,0.000,0.000,,,,,NVIDIA A100-SXM4-40GB (0),1,,13,cupy_copy__complex64_complex64
1987763531,78079,9754,1,1,1,32,32,1,30,0.000,0.000,,,,,NVIDIA A100-SXM4-40GB (0),1,,13,"void convert_kernel<__half2, float2>(tensor_layout_any, T1 *, tensor_layout_any, const T2 *)"
1987868393,4608,9757,,,,,,,,,,0.061,13333.279,Pinned,Device,NVIDIA A100-SXM4-40GB (0),1,,13,[CUDA memcpy Host-to-Device]
1987880905,45312,9758,,,,,,,,,,35.801,790091.386,Device,,NVIDIA A100-SXM4-40GB (0),1,,13,[CUDA memset]
1987927177,2080,9760,,,,,,,,,,0.000,38.462,Pinned,Device,NVIDIA A100-SXM4-40GB (0),1,,13,[CUDA memcpy Host-to-Device]
1987932521,6944,9761,,,,,,,,,,0.131,18875.548,Pinned,Device,NVIDIA A100-SXM4-40GB (0),1,,13,[CUDA memcpy Host-to-Device]
1987949128,8576,9762,273,1,1,48,1,1,40,0.000,0.001,,,,,NVIDIA A100-SXM4-40GB (0),1,,13,"void pusch_noise_intf_est::noiseIntfEstNoDftSOfdmKernel<float, __half, float, float, (unsigned int)2, (unsigned int)1, (unsigned char)4, (unsigned char)4>(pusch_noise_intf_est::puschRxNoiseIntfEstDynDescr)"
1987959144,2304,9773,35,1,1,128,1,1,16,0.000,0.000,,,,,NVIDIA A100-SXM4-40GB (0),1,,13,cupy_copy__complex64_complex64
1987991400,1504,9782,1,1,1,1,1,1,18,0.000,0.000,,,,,NVIDIA A100-SXM4-40GB (0),1,,13,cupy_copy__float32_float32
1988025352,2240,9788,,,,,,,,,,0.000,1.786,Device,Pageable,NVIDIA A100-SXM4-40GB (0),1,,7,[CUDA memcpy Device-to-Host]
1988084071,13472,9799,1434,1,1,128,1,1,16,0.000,0.000,,,,,NVIDIA A100-SXM4-40GB (0),1,,13,cupy_copy__complex64_complex64
1988110247,2336,9806,103,1,1,128,1,1,16,0.000,0.000,,,,,NVIDIA A100-SXM4-40GB (0),1,,13,cupy_copy__complex64_complex64
1988130630,2016,9813,35,1,1,128,1,1,16,0.000,0.000,,,,,NVIDIA A100-SXM4-40GB (0),1,,13,cupy_copy__complex64_complex64
1988148102,1472,9820,1,1,1,1,1,1,18,0.000,0.000,,,,,NVIDIA A100-SXM4-40GB (0),1,,13,cupy_copy__float32_float32
1988283045,78399,9831,1,1,1,32,32,1,30,0.000,0.000,,,,,NVIDIA A100-SXM4-40GB (0),1,,13,"void convert_kernel<__half2, float2>(tensor_layout_any, T1 *, tensor_layout_any, const T2 *)"
1988389476,4224,9834,,,,,,,,,,0.061,14545.428,Pinned,Device,NVIDIA A100-SXM4-40GB (0),1,,13,[CUDA memcpy Host-to-Device]
1988403267,2624,9835,,,,,,,,,,1.547,589413.767,Device,,NVIDIA A100-SXM4-40GB (0),1,,13,[CUDA memset]
1988409443,2752,9840,,,,,,,,,,0.021,7651.161,Pinned,Device,NVIDIA A100-SXM4-40GB (0),1,,13,[CUDA memcpy Host-to-Device]
1988416099,7264,9841,,,,,,,,,,0.131,18044.027,Pinned,Device,NVIDIA A100-SXM4-40GB (0),1,,13,[CUDA memcpy Host-to-Device]
1988434499,5824,9842,273,1,1,8,4,1,39,0.002,0.000,,,,,NVIDIA A100-SXM4-40GB (0),1,,13,"void channel_eq::eqMmseCoefCompLowMimoKernel<float, float, float, (unsigned int)4, (unsigned int)1, (unsigned int)4>(const channel_eq::_puschRxChEqStatDescr *, channel_eq::_puschRxChEqCoefCompDynDescr)"
1988441379,4864,9843,273,1,1,12,11,1,40,0.002,0.000,,,,,NVIDIA A100-SXM4-40GB (0),1,,13,"void channel_eq::eqMmseSoftDemapKernel<float, __half, __half, float, (unsigned int)4, (unsigned short)16383>(channel_eq::_puschRxChEqStatDescr *, channel_eq::_puschRxChEqSoftDemapDynDescr)"
1988447395,282237,9844,1,1,1,32,32,1,30,0.000,0.000,,,,,NVIDIA A100-SXM4-40GB (0),1,,13,"void convert_kernel<float2, __half2>(tensor_layout_any, T1 *, tensor_layout_any, const T2 *)"
1988730880,10240,9856,2253,1,1,128,1,1,16,0.000,0.000,,,,,NVIDIA A100-SXM4-40GB (0),1,,13,cupy_copy__float16_float16
1988742400,2368,9865,282,1,1,128,1,1,16,0.000,0.000,,,,,NVIDIA A100-SXM4-40GB (0),1,,13,cupy_copy__complex64_complex64
1988745792,1760,9874,26,1,1,128,1,1,16,0.000,0.000,,,,,NVIDIA A100-SXM4-40GB (0),1,,13,cupy_copy__float32_float32
1988748736,2592,9883,103,1,1,128,1,1,16,0.000,0.000,,,,,NVIDIA A100-SXM4-40GB (0),1,,13,cupy_copy__complex64_complex64
1988803231,11264,9899,1434,1,1,128,1,1,16,0.000,0.000,,,,,NVIDIA A100-SXM4-40GB (0),1,,13,cupy_copy__complex64_complex64
1988921406,78431,9904,1,1,1,32,32,1,30,0.000,0.000,,,,,NVIDIA A100-SXM4-40GB (0),1,,13,"void convert_kernel<__half2, float2>(tensor_layout_any, T1 *, tensor_layout_any, const T2 *)"
1989170459,4160,9907,,,,,,,,,,0.061,14769.193,Pinned,Device,NVIDIA A100-SXM4-40GB (0),1,,13,[CUDA memcpy Host-to-Device]
1989179995,590298,9908,,,,,,,,,,456.520,773345.693,Device,,NVIDIA A100-SXM4-40GB (0),1,,13,[CUDA memset]
1989777428,32736,9913,,,,,,,,,,0.825,25211.783,Pinned,Device,NVIDIA A100-SXM4-40GB (0),1,,13,[CUDA memcpy Host-to-Device]
1989813268,7264,9914,,,,,,,,,,0.131,18044.027,Pinned,Device,NVIDIA A100-SXM4-40GB (0),1,,13,[CUDA memcpy Host-to-Device]
1989828148,6976,9915,69,4,1,48,1,1,76,0.002,0.000,,,,,NVIDIA A100-SXM4-40GB (0),1,,13,"void ch_est::windowedChEstPreNoDftSOfdmKernel<float, __half, float, (unsigned int)2, (unsigned int)1, (unsigned short)4>(ch_est::puschRxChEstStatDescr_t *, ch_est::puschRxChEstDynDescr_t *)"
1989836372,6144,9916,137,2,1,24,2,1,44,0.001,0.001,,,,,NVIDIA A100-SXM4-40GB (0),1,,13,"void ch_est::chEstFilterNoDftSOfdmDispatchKernel<float, __half, float, (unsigned int)2>(ch_est::puschRxChEstStatDescr_t *, ch_est::puschRxChEstDynDescr_t *)"
1989843604,4576,9917,137,2,1,24,2,1,44,0.001,0.001,,,,,NVIDIA A100-SXM4-40GB (0),1,,13,"void ch_est::chEstFilterNoDftSOfdmDispatchKernel<float, __half, float, (unsigned int)2>(ch_est::puschRxChEstStatDescr_t *, ch_est::puschRxChEstDynDescr_t *)"
1989849172,2592,9928,103,1,1,128,1,1,16,0.000,0.000,,,,,NVIDIA A100-SXM4-40GB (0),1,,13,cupy_copy__complex64_complex64
1989852852,12543,9938,1434,1,1,128,1,1,16,0.000,0.000,,,,,NVIDIA A100-SXM4-40GB (0),1,,13,cupy_copy__complex64_complex64
1989866611,2048,9945,103,1,1,128,1,1,16,0.000,0.000,,,,,NVIDIA A100-SXM4-40GB (0),1,,13,cupy_copy__complex64_complex64
1989869843,78720,9952,1,1,1,32,32,1,30,0.000,0.000,,,,,NVIDIA A100-SXM4-40GB (0),1,,13,"void convert_kernel<__half2, float2>(tensor_layout_any, T1 *, tensor_layout_any, const T2 *)"
1989982098,4384,9955,,,,,,,,,,0.061,14014.587,Pinned,Device,NVIDIA A100-SXM4-40GB (0),1,,13,[CUDA memcpy Host-to-Device]
1989995922,45024,9956,,,,,,,,,,35.801,795139.322,Device,,NVIDIA A100-SXM4-40GB (0),1,,13,[CUDA memset]
1990047921,2304,9958,,,,,,,,,,0.000,34.722,Pinned,Device,NVIDIA A100-SXM4-40GB (0),1,,13,[CUDA memcpy Host-to-Device]
1990053425,6784,9959,,,,,,,,,,0.131,19320.668,Pinned,Device,NVIDIA A100-SXM4-40GB (0),1,,13,[CUDA memcpy Host-to-Device]
1990063665,8416,9960,273,1,1,48,1,1,40,0.000,0.001,,,,,NVIDIA A100-SXM4-40GB (0),1,,13,"void pusch_noise_intf_est::noiseIntfEstNoDftSOfdmKernel<float, __half, float, float, (unsigned int)2, (unsigned int)1, (unsigned char)4, (unsigned char)4>(pusch_noise_intf_est::puschRxNoiseIntfEstDynDescr)"
1990073553,2400,9971,35,1,1,128,1,1,16,0.000,0.000,,,,,NVIDIA A100-SXM4-40GB (0),1,,13,cupy_copy__complex64_complex64
1990110225,1504,9980,1,1,1,1,1,1,18,0.000,0.000,,,,,NVIDIA A100-SXM4-40GB (0),1,,13,cupy_copy__float32_float32
1990144400,1728,9986,,,,,,,,,,0.000,2.315,Device,Pageable,NVIDIA A100-SXM4-40GB (0),1,,7,[CUDA memcpy Device-to-Host]
1990202736,13152,9997,1434,1,1,128,1,1,16,0.000,0.000,,,,,NVIDIA A100-SXM4-40GB (0),1,,13,cupy_copy__complex64_complex64
1990228368,2367,10004,103,1,1,128,1,1,16,0.000,0.000,,,,,NVIDIA A100-SXM4-40GB (0),1,,13,cupy_copy__complex64_complex64
1990247503,2016,10011,35,1,1,128,1,1,16,0.000,0.000,,,,,NVIDIA A100-SXM4-40GB (0),1,,13,cupy_copy__complex64_complex64
1990264687,1472,10018,1,1,1,1,1,1,18,0.000,0.000,,,,,NVIDIA A100-SXM4-40GB (0),1,,13,cupy_copy__float32_float32
1990399694,78207,10029,1,1,1,32,32,1,30,0.000,0.000,,,,,NVIDIA A100-SXM4-40GB (0),1,,13,"void convert_kernel<__half2, float2>(tensor_layout_any, T1 *, tensor_layout_any, const T2 *)"
1990663691,4480,10032,,,,,,,,,,0.061,13714.268,Pinned,Device,NVIDIA A100-SXM4-40GB (0),1,,13,[CUDA memcpy Host-to-Device]
1990674699,2624,10033,,,,,,,,,,1.547,589413.767,Device,,NVIDIA A100-SXM4-40GB (0),1,,13,[CUDA memset]
1990677931,2720,10038,,,,,,,,,,0.021,7741.175,Pinned,Device,NVIDIA A100-SXM4-40GB (0),1,,13,[CUDA memcpy Host-to-Device]
1990682795,7039,10039,,,,,,,,,,0.131,18620.744,Pinned,Device,NVIDIA A100-SXM4-40GB (0),1,,13,[CUDA memcpy Host-to-Device]
1990695466,5856,10040,273,1,1,8,4,1,39,0.002,0.000,,,,,NVIDIA A100-SXM4-40GB (0),1,,13,"void channel_eq::eqMmseCoefCompLowMimoKernel<float, float, float, (unsigned int)4, (unsigned int)1, (unsigned int)4>(const channel_eq::_puschRxChEqStatDescr *, channel_eq::_puschRxChEqCoefCompDynDescr)"
1990702602,4800,10041,273,1,1,12,11,1,40,0.002,0.000,,,,,NVIDIA A100-SXM4-40GB (0),1,,13,"void channel_eq::eqMmseSoftDemapKernel<float, __half, __half, float, (unsigned int)4, (unsigned short)16383>(channel_eq::_puschRxChEqStatDescr *, channel_eq::_puschRxChEqSoftDemapDynDescr)"
1990708458,282493,10042,1,1,1,32,32,1,30,0.000,0.000,,,,,NVIDIA A100-SXM4-40GB (0),1,,13,"void convert_kernel<float2, __half2>(tensor_layout_any, T1 *, tensor_layout_any, const T2 *)"
1990992039,10336,10054,2253,1,1,128,1,1,16,0.000,0.000,,,,,NVIDIA A100-SXM4-40GB (0),1,,13,cupy_copy__float16_float16
1991003559,2400,10063,282,1,1,128,1,1,16,0.000,0.000,,,,,NVIDIA A100-SXM4-40GB (0),1,,13,cupy_copy__complex64_complex64
1991006983,1760,10072,26,1,1,128,1,1,16,0.000,0.000,,,,,NVIDIA A100-SXM4-40GB (0),1,,13,cupy_copy__float32_float32
1991009959,2528,10081,103,1,1,128,1,1,16,0.000,0.000,,,,,NVIDIA A100-SXM4-40GB (0),1,,13,cupy_copy__complex64_complex64
1991013671,11264,10091,1434,1,1,128,1,1,16,0.000,0.000,,,,,NVIDIA A100-SXM4-40GB (0),1,,13,cupy_copy__complex64_complex64
1991183301,79007,10096,1,1,1,32,32,1,30,0.000,0.000,,,,,NVIDIA A100-SXM4-40GB (0),1,,13,"void convert_kernel<__half2, float2>(tensor_layout_any, T1 *, tensor_layout_any, const T2 *)"
1991292964,4800,10099,,,,,,,,,,0.061,12799.980,Pinned,Device,NVIDIA A100-SXM4-40GB (0),1,,13,[CUDA memcpy Host-to-Device]
1991305028,587929,10100,,,,,,,,,,456.520,776084.816,Device,,NVIDIA A100-SXM4-40GB (0),1,,13,[CUDA memset]
1991895517,33056,10105,,,,,,,,,,0.825,24967.481,Pinned,Device,NVIDIA A100-SXM4-40GB (0),1,,13,[CUDA memcpy Host-to-Device]
1991931165,6912,10106,,,,,,,,,,0.131,18962.842,Pinned,Device,NVIDIA A100-SXM4-40GB (0),1,,13,[CUDA memcpy Host-to-Device]
1991946781,7136,10107,69,4,1,48,1,1,76,0.002,0.000,,,,,NVIDIA A100-SXM4-40GB (0),1,,13,"void ch_est::windowedChEstPreNoDftSOfdmKernel<float, __half, float, (unsigned int)2, (unsigned int)1, (unsigned short)4>(ch_est::puschRxChEstStatDescr_t *, ch_est::puschRxChEstDynDescr_t *)"
1991955261,6176,10108,137,2,1,24,2,1,44,0.001,0.001,,,,,NVIDIA A100-SXM4-40GB (0),1,,13,"void ch_est::chEstFilterNoDftSOfdmDispatchKernel<float, __half, float, (unsigned int)2>(ch_est::puschRxChEstStatDescr_t *, ch_est::puschRxChEstDynDescr_t *)"
1991962493,4575,10109,137,2,1,24,2,1,44,0.001,0.001,,,,,NVIDIA A100-SXM4-40GB (0),1,,13,"void ch_est::chEstFilterNoDftSOfdmDispatchKernel<float, __half, float, (unsigned int)2>(ch_est::puschRxChEstStatDescr_t *, ch_est::puschRxChEstDynDescr_t *)"
1991968252,2144,10120,103,1,1,128,1,1,16,0.000,0.000,,,,,NVIDIA A100-SXM4-40GB (0),1,,13,cupy_copy__complex64_complex64
1991971580,12544,10130,1434,1,1,128,1,1,16,0.000,0.000,,,,,NVIDIA A100-SXM4-40GB (0),1,,13,cupy_copy__complex64_complex64
1991985180,2080,10137,103,1,1,128,1,1,16,0.000,0.000,,,,,NVIDIA A100-SXM4-40GB (0),1,,13,cupy_copy__complex64_complex64
1991988316,78207,10144,1,1,1,32,32,1,30,0.000,0.000,,,,,NVIDIA A100-SXM4-40GB (0),1,,13,"void convert_kernel<__half2, float2>(tensor_layout_any, T1 *, tensor_layout_any, const T2 *)"
1992095195,4160,10147,,,,,,,,,,0.061,14769.193,Pinned,Device,NVIDIA A100-SXM4-40GB (0),1,,13,[CUDA memcpy Host-to-Device]
1992107931,45311,10148,,,,,,,,,,35.801,790091.386,Device,,NVIDIA A100-SXM4-40GB (0),1,,13,[CUDA memset]
1992159994,2336,10150,,,,,,,,,,0.000,34.247,Pinned,Device,NVIDIA A100-SXM4-40GB (0),1,,13,[CUDA memcpy Host-to-Device]
1992165082,7040,10151,,,,,,,,,,0.131,18618.122,Pinned,Device,NVIDIA A100-SXM4-40GB (0),1,,13,[CUDA memcpy Host-to-Device]
1992179226,8384,10152,273,1,1,48,1,1,40,0.000,0.001,,,,,NVIDIA A100-SXM4-40GB (0),1,,13,"void pusch_noise_intf_est::noiseIntfEstNoDftSOfdmKernel<float, __half, float, float, (unsigned int)2, (unsigned int)1, (unsigned char)4, (unsigned char)4>(pusch_noise_intf_est::puschRxNoiseIntfEstDynDescr)"
1992189178,2176,10163,35,1,1,128,1,1,16,0.000,0.000,,,,,NVIDIA A100-SXM4-40GB (0),1,,13,cupy_copy__complex64_complex64
1992216954,1504,10172,1,1,1,1,1,1,18,0.000,0.000,,,,,NVIDIA A100-SXM4-40GB (0),1,,13,cupy_copy__float32_float32
1992251257,2208,10178,,,,,,,,,,0.000,1.812,Device,Pageable,NVIDIA A100-SXM4-40GB (0),1,,7,[CUDA memcpy Device-to-Host]
1992309945,13472,10189,1434,1,1,128,1,1,16,0.000,0.000,,,,,NVIDIA A100-SXM4-40GB (0),1,,13,cupy_copy__complex64_complex64
1992336856,2368,10196,103,1,1,128,1,1,16,0.000,0.000,,,,,NVIDIA A100-SXM4-40GB (0),1,,13,cupy_copy__complex64_complex64
1992356568,2016,10203,35,1,1,128,1,1,16,0.000,0.000,,,,,NVIDIA A100-SXM4-40GB (0),1,,13,cupy_copy__complex64_complex64
1992374008,1472,10210,1,1,1,1,1,1,18,0.000,0.000,,,,,NVIDIA A100-SXM4-40GB (0),1,,13,cupy_copy__float32_float32
1992508183,77727,10221,1,1,1,32,32,1,30,0.000,0.000,,,,,NVIDIA A100-SXM4-40GB (0),1,,13,"void convert_kernel<__half2, float2>(tensor_layout_any, T1 *, tensor_layout_any, const T2 *)"
1992613909,4512,10224,,,,,,,,,,0.061,13617.009,Pinned,Device,NVIDIA A100-SXM4-40GB (0),1,,13,[CUDA memcpy Host-to-Device]
1992628149,2624,10225,,,,,,,,,,1.547,589413.767,Device,,NVIDIA A100-SXM4-40GB (0),1,,13,[CUDA memset]
1992636981,2496,10230,,,,,,,,,,0.021,8435.897,Pinned,Device,NVIDIA A100-SXM4-40GB (0),1,,13,[CUDA memcpy Host-to-Device]
1992648533,6816,10231,,,,,,,,,,0.131,19229.966,Pinned,Device,NVIDIA A100-SXM4-40GB (0),1,,13,[CUDA memcpy Host-to-Device]
1992663573,5824,10232,273,1,1,8,4,1,39,0.002,0.000,,,,,NVIDIA A100-SXM4-40GB (0),1,,13,"void channel_eq::eqMmseCoefCompLowMimoKernel<float, float, float, (unsigned int)4, (unsigned int)1, (unsigned int)4>(const channel_eq::_puschRxChEqStatDescr *, channel_eq::_puschRxChEqCoefCompDynDescr)"
1992670645,4768,10233,273,1,1,12,11,1,40,0.002,0.000,,,,,NVIDIA A100-SXM4-40GB (0),1,,13,"void channel_eq::eqMmseSoftDemapKernel<float, __half, __half, float, (unsigned int)4, (unsigned short)16383>(channel_eq::_puschRxChEqStatDescr *, channel_eq::_puschRxChEqSoftDemapDynDescr)"
1992676725,282141,10234,1,1,1,32,32,1,30,0.000,0.000,,,,,NVIDIA A100-SXM4-40GB (0),1,,13,"void convert_kernel<float2, __half2>(tensor_layout_any, T1 *, tensor_layout_any, const T2 *)"
1992960018,10271,10246,2253,1,1,128,1,1,16,0.000,0.000,,,,,NVIDIA A100-SXM4-40GB (0),1,,13,cupy_copy__float16_float16
1992971537,2400,10255,282,1,1,128,1,1,16,0.000,0.000,,,,,NVIDIA A100-SXM4-40GB (0),1,,13,cupy_copy__complex64_complex64
1992974929,1792,10264,26,1,1,128,1,1,16,0.000,0.000,,,,,NVIDIA A100-SXM4-40GB (0),1,,13,cupy_copy__float32_float32
1992977937,2528,10273,103,1,1,128,1,1,16,0.000,0.000,,,,,NVIDIA A100-SXM4-40GB (0),1,,13,cupy_copy__complex64_complex64
1992981649,11296,10283,1434,1,1,128,1,1,16,0.000,0.000,,,,,NVIDIA A100-SXM4-40GB (0),1,,13,cupy_copy__complex64_complex64
1993007793,78719,10288,1,1,1,32,32,1,30,0.000,0.000,,,,,NVIDIA A100-SXM4-40GB (0),1,,13,"void convert_kernel<__half2, float2>(tensor_layout_any, T1 *, tensor_layout_any, const T2 *)"
1993113744,4096,10291,,,,,,,,,,0.061,14999.962,Pinned,Device,NVIDIA A100-SXM4-40GB (0),1,,13,[CUDA memcpy Host-to-Device]
1993124848,587033,10292,,,,,,,,,,456.520,777454.377,Device,,NVIDIA A100-SXM4-40GB (0),1,,13,[CUDA memset]
1993714441,33120,10297,,,,,,,,,,0.825,24919.611,Pinned,Device,NVIDIA A100-SXM4-40GB (0),1,,13,[CUDA memcpy Host-to-Device]
1993750633,6880,10298,,,,,,,,,,0.131,19051.053,Pinned,Device,NVIDIA A100-SXM4-40GB (0),1,,13,[CUDA memcpy Host-to-Device]
1993766409,7168,10299,69,4,1,48,1,1,76,0.002,0.000,,,,,NVIDIA A100-SXM4-40GB (0),1,,13,"void ch_est::windowedChEstPreNoDftSOfdmKernel<float, __half, float, (unsigned int)2, (unsigned int)1, (unsigned short)4>(ch_est::puschRxChEstStatDescr_t *, ch_est::puschRxChEstDynDescr_t *)"
1993774857,6176,10300,137,2,1,24,2,1,44,0.001,0.001,,,,,NVIDIA A100-SXM4-40GB (0),1,,13,"void ch_est::chEstFilterNoDftSOfdmDispatchKernel<float, __half, float, (unsigned int)2>(ch_est::puschRxChEstStatDescr_t *, ch_est::puschRxChEstDynDescr_t *)"
1993782249,4544,10301,137,2,1,24,2,1,44,0.001,0.001,,,,,NVIDIA A100-SXM4-40GB (0),1,,13,"void ch_est::chEstFilterNoDftSOfdmDispatchKernel<float, __half, float, (unsigned int)2>(ch_est::puschRxChEstStatDescr_t *, ch_est::puschRxChEstDynDescr_t *)"
1993788041,2175,10312,103,1,1,128,1,1,16,0.000,0.000,,,,,NVIDIA A100-SXM4-40GB (0),1,,13,cupy_copy__complex64_complex64
1993791528,12608,10322,1434,1,1,128,1,1,16,0.000,0.000,,,,,NVIDIA A100-SXM4-40GB (0),1,,13,cupy_copy__complex64_complex64
1993805192,2080,10329,103,1,1,128,1,1,16,0.000,0.000,,,,,NVIDIA A100-SXM4-40GB (0),1,,13,cupy_copy__complex64_complex64
1993808360,78207,10336,1,1,1,32,32,1,30,0.000,0.000,,,,,NVIDIA A100-SXM4-40GB (0),1,,13,"void convert_kernel<__half2, float2>(tensor_layout_any, T1 *, tensor_layout_any, const T2 *)"
1993915399,4864,10339,,,,,,,,,,0.061,12631.572,Pinned,Device,NVIDIA A100-SXM4-40GB (0),1,,13,[CUDA memcpy Host-to-Device]
1993928583,45599,10340,,,,,,,,,,35.801,785115.053,Device,,NVIDIA A100-SXM4-40GB (0),1,,13,[CUDA memset]
1993980710,2208,10342,,,,,,,,,,0.000,36.232,Pinned,Device,NVIDIA A100-SXM4-40GB (0),1,,13,[CUDA memcpy Host-to-Device]
1993986150,6944,10343,,,,,,,,,,0.131,18875.548,Pinned,Device,NVIDIA A100-SXM4-40GB (0),1,,13,[CUDA memcpy Host-to-Device]
1993999366,8416,10344,273,1,1,48,1,1,40,0.000,0.001,,,,,NVIDIA A100-SXM4-40GB (0),1,,13,"void pusch_noise_intf_est::noiseIntfEstNoDftSOfdmKernel<float, __half, float, float, (unsigned int)2, (unsigned int)1, (unsigned char)4, (unsigned char)4>(pusch_noise_intf_est::puschRxNoiseIntfEstDynDescr)"
1994009222,2272,10355,35,1,1,128,1,1,16,0.000,0.000,,,,,NVIDIA A100-SXM4-40GB (0),1,,13,cupy_copy__complex64_complex64
1994036230,1472,10364,1,1,1,1,1,1,18,0.000,0.000,,,,,NVIDIA A100-SXM4-40GB (0),1,,13,cupy_copy__float32_float32
1994070693,1824,10370,,,,,,,,,,0.000,2.193,Device,Pageable,NVIDIA A100-SXM4-40GB (0),1,,7,[CUDA memcpy Device-to-Host]
1994129445,13088,10381,1434,1,1,128,1,1,16,0.000,0.000,,,,,NVIDIA A100-SXM4-40GB (0),1,,13,cupy_copy__complex64_complex64
1994155140,2368,10388,103,1,1,128,1,1,16,0.000,0.000,,,,,NVIDIA A100-SXM4-40GB (0),1,,13,cupy_copy__complex64_complex64
1994174756,1984,10395,35,1,1,128,1,1,16,0.000,0.000,,,,,NVIDIA A100-SXM4-40GB (0),1,,13,cupy_copy__complex64_complex64
1994191908,1472,10402,1,1,1,1,1,1,18,0.000,0.000,,,,,NVIDIA A100-SXM4-40GB (0),1,,13,cupy_copy__float32_float32
1994327363,78495,10413,1,1,1,32,32,1,30,0.000,0.000,,,,,NVIDIA A100-SXM4-40GB (0),1,,13,"void convert_kernel<__half2, float2>(tensor_layout_any, T1 *, tensor_layout_any, const T2 *)"
1994571552,4192,10416,,,,,,,,,,0.061,14656.451,Pinned,Device,NVIDIA A100-SXM4-40GB (0),1,,13,[CUDA memcpy Host-to-Device]
1994582528,2624,10417,,,,,,,,,,1.547,589413.767,Device,,NVIDIA A100-SXM4-40GB (0),1,,13,[CUDA memset]
1994588992,2752,10422,,,,,,,,,,0.021,7651.161,Pinned,Device,NVIDIA A100-SXM4-40GB (0),1,,13,[CUDA memcpy Host-to-Device]
1994594272,6752,10423,,,,,,,,,,0.131,19412.287,Pinned,Device,NVIDIA A100-SXM4-40GB (0),1,,13,[CUDA memcpy Host-to-Device]
1994608128,5855,10424,273,1,1,8,4,1,39,0.002,0.000,,,,,NVIDIA A100-SXM4-40GB (0),1,,13,"void channel_eq::eqMmseCoefCompLowMimoKernel<float, float, float, (unsigned int)4, (unsigned int)1, (unsigned int)4>(const channel_eq::_puschRxChEqStatDescr *, channel_eq::_puschRxChEqCoefCompDynDescr)"
1994615199,4800,10425,273,1,1,12,11,1,40,0.002,0.000,,,,,NVIDIA A100-SXM4-40GB (0),1,,13,"void channel_eq::eqMmseSoftDemapKernel<float, __half, __half, float, (unsigned int)4, (unsigned short)16383>(channel_eq::_puschRxChEqStatDescr *, channel_eq::_puschRxChEqSoftDemapDynDescr)"
1994621247,282045,10426,1,1,1,32,32,1,30,0.000,0.000,,,,,NVIDIA A100-SXM4-40GB (0),1,,13,"void convert_kernel<float2, __half2>(tensor_layout_any, T1 *, tensor_layout_any, const T2 *)"
1994904348,10208,10438,2253,1,1,128,1,1,16,0.000,0.000,,,,,NVIDIA A100-SXM4-40GB (0),1,,13,cupy_copy__float16_float16
1994915612,2400,10447,282,1,1,128,1,1,16,0.000,0.000,,,,,NVIDIA A100-SXM4-40GB (0),1,,13,cupy_copy__complex64_complex64
1994919036,1760,10456,26,1,1,128,1,1,16,0.000,0.000,,,,,NVIDIA A100-SXM4-40GB (0),1,,13,cupy_copy__float32_float32
1994922012,2496,10465,103,1,1,128,1,1,16,0.000,0.000,,,,,NVIDIA A100-SXM4-40GB (0),1,,13,cupy_copy__complex64_complex64
1994925756,11264,10475,1434,1,1,128,1,1,16,0.000,0.000,,,,,NVIDIA A100-SXM4-40GB (0),1,,13,cupy_copy__complex64_complex64
1995139962,78463,10480,1,1,1,32,32,1,30,0.000,0.000,,,,,NVIDIA A100-SXM4-40GB (0),1,,13,"void convert_kernel<__half2, float2>(tensor_layout_any, T1 *, tensor_layout_any, const T2 *)"
1995249305,4319,10483,,,,,,,,,,0.061,14225.510,Pinned,Device,NVIDIA A100-SXM4-40GB (0),1,,13,[CUDA memcpy Host-to-Device]
1995260728,587258,10484,,,,,,,,,,456.520,776997.857,Device,,NVIDIA A100-SXM4-40GB (0),1,,13,[CUDA memset]
1995854962,32832,10489,,,,,,,,,,0.825,25138.328,Pinned,Device,NVIDIA A100-SXM4-40GB (0),1,,13,[CUDA memcpy Host-to-Device]
1995890641,7360,10490,,,,,,,,,,0.131,17808.622,Pinned,Device,NVIDIA A100-SXM4-40GB (0),1,,13,[CUDA memcpy Host-to-Device]
1995905489,7136,10491,69,4,1,48,1,1,76,0.002,0.000,,,,,NVIDIA A100-SXM4-40GB (0),1,,13,"void ch_est::windowedChEstPreNoDftSOfdmKernel<float, __half, float, (unsigned int)2, (unsigned int)1, (unsigned short)4>(ch_est::puschRxChEstStatDescr_t *, ch_est::puschRxChEstDynDescr_t *)"
1995913681,6112,10492,137,2,1,24,2,1,44,0.001,0.001,,,,,NVIDIA A100-SXM4-40GB (0),1,,13,"void ch_est::chEstFilterNoDftSOfdmDispatchKernel<float, __half, float, (unsigned int)2>(ch_est::puschRxChEstStatDescr_t *, ch_est::puschRxChEstDynDescr_t *)"
1995920881,4608,10493,137,2,1,24,2,1,44,0.001,0.001,,,,,NVIDIA A100-SXM4-40GB (0),1,,13,"void ch_est::chEstFilterNoDftSOfdmDispatchKernel<float, __half, float, (unsigned int)2>(ch_est::puschRxChEstStatDescr_t *, ch_est::puschRxChEstDynDescr_t *)"
1995926705,2144,10504,103,1,1,128,1,1,16,0.000,0.000,,,,,NVIDIA A100-SXM4-40GB (0),1,,13,cupy_copy__complex64_complex64
1995929841,12480,10514,1434,1,1,128,1,1,16,0.000,0.000,,,,,NVIDIA A100-SXM4-40GB (0),1,,13,cupy_copy__complex64_complex64
1995943537,2080,10521,103,1,1,128,1,1,16,0.000,0.000,,,,,NVIDIA A100-SXM4-40GB (0),1,,13,cupy_copy__complex64_complex64
1995946673,79103,10528,1,1,1,32,32,1,30,0.000,0.000,,,,,NVIDIA A100-SXM4-40GB (0),1,,13,"void convert_kernel<__half2, float2>(tensor_layout_any, T1 *, tensor_layout_any, const T2 *)"
1996194030,4832,10531,,,,,,,,,,0.061,12715.192,Pinned,Device,NVIDIA A100-SXM4-40GB (0),1,,13,[CUDA memcpy Host-to-Device]
1996207566,46271,10532,,,,,,,,,,35.801,773694.547,Device,,NVIDIA A100-SXM4-40GB (0),1,,13,[CUDA memset]
1996259085,1856,10534,,,,,,,,,,0.000,43.103,Pinned,Device,NVIDIA A100-SXM4-40GB (0),1,,13,[CUDA memcpy Host-to-Device]
1996263885,7136,10535,,,,,,,,,,0.131,18367.644,Pinned,Device,NVIDIA A100-SXM4-40GB (0),1,,13,[CUDA memcpy Host-to-Device]
1996280301,8992,10536,273,1,1,48,1,1,40,0.000,0.001,,,,,NVIDIA A100-SXM4-40GB (0),1,,13,"void pusch_noise_intf_est::noiseIntfEstNoDftSOfdmKernel<float, __half, float, float, (unsigned int)2, (unsigned int)1, (unsigned char)4, (unsigned char)4>(pusch_noise_intf_est::puschRxNoiseIntfEstDynDescr)"
1996290765,2496,10547,35,1,1,128,1,1,16,0.000,0.000,,,,,NVIDIA A100-SXM4-40GB (0),1,,13,cupy_copy__complex64_complex64
1996301965,1504,10556,1,1,1,1,1,1,18,0.000,0.000,,,,,NVIDIA A100-SXM4-40GB (0),1,,13,cupy_copy__float32_float32
1996336269,2048,10562,,,,,,,,,,0.000,1.953,Device,Pageable,NVIDIA A100-SXM4-40GB (0),1,,7,[CUDA memcpy Device-to-Host]
1996395116,12768,10573,1434,1,1,128,1,1,16,0.000,0.000,,,,,NVIDIA A100-SXM4-40GB (0),1,,13,cupy_copy__complex64_complex64
1996421676,2336,10580,103,1,1,128,1,1,16,0.000,0.000,,,,,NVIDIA A100-SXM4-40GB (0),1,,13,cupy_copy__complex64_complex64
1996441483,2016,10587,35,1,1,128,1,1,16,0.000,0.000,,,,,NVIDIA A100-SXM4-40GB (0),1,,13,cupy_copy__complex64_complex64
1996458859,1472,10594,1,1,1,1,1,1,18,0.000,0.000,,,,,NVIDIA A100-SXM4-40GB (0),1,,13,cupy_copy__float32_float32
1996745960,78815,10605,1,1,1,32,32,1,30,0.000,0.000,,,,,NVIDIA A100-SXM4-40GB (0),1,,13,"void convert_kernel<__half2, float2>(tensor_layout_any, T1 *, tensor_layout_any, const T2 *)"
1996856679,4160,10608,,,,,,,,,,0.061,14769.193,Pinned,Device,NVIDIA A100-SXM4-40GB (0),1,,13,[CUDA memcpy Host-to-Device]
1996871527,2656,10609,,,,,,,,,,1.547,582313.216,Device,,NVIDIA A100-SXM4-40GB (0),1,,13,[CUDA memset]
1996878055,3072,10614,,,,,,,,,,0.021,6854.149,Pinned,Device,NVIDIA A100-SXM4-40GB (0),1,,13,[CUDA memcpy Host-to-Device]
1996884679,7040,10615,,,,,,,,,,0.131,18618.122,Pinned,Device,NVIDIA A100-SXM4-40GB (0),1,,13,[CUDA memcpy Host-to-Device]
1996897414,5824,10616,273,1,1,8,4,1,39,0.002,0.000,,,,,NVIDIA A100-SXM4-40GB (0),1,,13,"void channel_eq::eqMmseCoefCompLowMimoKernel<float, float, float, (unsigned int)4, (unsigned int)1, (unsigned int)4>(const channel_eq::_puschRxChEqStatDescr *, channel_eq::_puschRxChEqCoefCompDynDescr)"
1996904262,4800,10617,273,1,1,12,11,1,40,0.002,0.000,,,,,NVIDIA A100-SXM4-40GB (0),1,,13,"void channel_eq::eqMmseSoftDemapKernel<float, __half, __half, float, (unsigned int)4, (unsigned short)16383>(channel_eq::_puschRxChEqStatDescr *, channel_eq::_puschRxChEqSoftDemapDynDescr)"
1996910278,282077,10618,1,1,1,32,32,1,30,0.000,0.000,,,,,NVIDIA A100-SXM4-40GB (0),1,,13,"void convert_kernel<float2, __half2>(tensor_layout_any, T1 *, tensor_layout_any, const T2 *)"
1997193571,10112,10630,2253,1,1,128,1,1,16,0.000,0.000,,,,,NVIDIA A100-SXM4-40GB (0),1,,13,cupy_copy__float16_float16
1997204739,2400,10639,282,1,1,128,1,1,16,0.000,0.000,,,,,NVIDIA A100-SXM4-40GB (0),1,,13,cupy_copy__complex64_complex64
1997208163,1792,10648,26,1,1,128,1,1,16,0.000,0.000,,,,,NVIDIA A100-SXM4-40GB (0),1,,13,cupy_copy__float32_float32
1997211139,2528,10657,103,1,1,128,1,1,16,0.000,0.000,,,,,NVIDIA A100-SXM4-40GB (0),1,,13,cupy_copy__complex64_complex64
1997214883,11328,10667,1434,1,1,128,1,1,16,0.000,0.000,,,,,NVIDIA A100-SXM4-40GB (0),1,,13,cupy_copy__complex64_complex64
1997257827,78367,10672,1,1,1,32,32,1,30,0.000,0.000,,,,,NVIDIA A100-SXM4-40GB (0),1,,13,"void convert_kernel<__half2, float2>(tensor_layout_any, T1 *, tensor_layout_any, const T2 *)"
1997363681,4192,10675,,,,,,,,,,0.061,14656.451,Pinned,Device,NVIDIA A100-SXM4-40GB (0),1,,13,[CUDA memcpy Host-to-Device]
1997375073,587642,10676,,,,,,,,,,456.520,776541.336,Device,,NVIDIA A100-SXM4-40GB (0),1,,13,[CUDA memset]
1997963995,32799,10681,,,,,,,,,,0.825,25163.088,Pinned,Device,NVIDIA A100-SXM4-40GB (0),1,,13,[CUDA memcpy Host-to-Device]
1997999354,6752,10682,,,,,,,,,,0.131,19412.287,Pinned,Device,NVIDIA A100-SXM4-40GB (0),1,,13,[CUDA memcpy Host-to-Device]
1998011866,6912,10683,69,4,1,48,1,1,76,0.002,0.000,,,,,NVIDIA A100-SXM4-40GB (0),1,,13,"void ch_est::windowedChEstPreNoDftSOfdmKernel<float, __half, float, (unsigned int)2, (unsigned int)1, (unsigned short)4>(ch_est::puschRxChEstStatDescr_t *, ch_est::puschRxChEstDynDescr_t *)"
1998020090,6208,10684,137,2,1,24,2,1,44,0.001,0.001,,,,,NVIDIA A100-SXM4-40GB (0),1,,13,"void ch_est::chEstFilterNoDftSOfdmDispatchKernel<float, __half, float, (unsigned int)2>(ch_est::puschRxChEstStatDescr_t *, ch_est::puschRxChEstDynDescr_t *)"
1998027354,4576,10685,137,2,1,24,2,1,44,0.001,0.001,,,,,NVIDIA A100-SXM4-40GB (0),1,,13,"void ch_est::chEstFilterNoDftSOfdmDispatchKernel<float, __half, float, (unsigned int)2>(ch_est::puschRxChEstStatDescr_t *, ch_est::puschRxChEstDynDescr_t *)"
1998032922,2144,10696,103,1,1,128,1,1,16,0.000,0.000,,,,,NVIDIA A100-SXM4-40GB (0),1,,13,cupy_copy__complex64_complex64
1998036058,12480,10706,1434,1,1,128,1,1,16,0.000,0.000,,,,,NVIDIA A100-SXM4-40GB (0),1,,13,cupy_copy__complex64_complex64
1998049818,2080,10713,103,1,1,128,1,1,16,0.000,0.000,,,,,NVIDIA A100-SXM4-40GB (0),1,,13,cupy_copy__complex64_complex64
1998052986,78655,10720,1,1,1,32,32,1,30,0.000,0.000,,,,,NVIDIA A100-SXM4-40GB (0),1,,13,"void convert_kernel<__half2, float2>(tensor_layout_any, T1 *, tensor_layout_any, const T2 *)"
1998160665,4800,10723,,,,,,,,,,0.061,12799.980,Pinned,Device,NVIDIA A100-SXM4-40GB (0),1,,13,[CUDA memcpy Host-to-Device]
1998173400,44832,10724,,,,,,,,,,35.801,798540.413,Device,,NVIDIA A100-SXM4-40GB (0),1,,13,[CUDA memset]
1998225080,2400,10726,,,,,,,,,,0.000,33.333,Pinned,Device,NVIDIA A100-SXM4-40GB (0),1,,13,[CUDA memcpy Host-to-Device]
1998229784,7360,10727,,,,,,,,,,0.131,17808.622,Pinned,Device,NVIDIA A100-SXM4-40GB (0),1,,13,[CUDA memcpy Host-to-Device]
1998241240,8416,10728,273,1,1,48,1,1,40,0.000,0.001,,,,,NVIDIA A100-SXM4-40GB (0),1,,13,"void pusch_noise_intf_est::noiseIntfEstNoDftSOfdmKernel<float, __half, float, float, (unsigned int)2, (unsigned int)1, (unsigned char)4, (unsigned char)4>(pusch_noise_intf_est::puschRxNoiseIntfEstDynDescr)"
1998251064,2336,10739,35,1,1,128,1,1,16,0.000,0.000,,,,,NVIDIA A100-SXM4-40GB (0),1,,13,cupy_copy__complex64_complex64
1998280919,1472,10748,1,1,1,1,1,1,18,0.000,0.000,,,,,NVIDIA A100-SXM4-40GB (0),1,,13,cupy_copy__float32_float32
1998315223,2464,10754,,,,,,,,,,0.000,1.623,Device,Pageable,NVIDIA A100-SXM4-40GB (0),1,,7,[CUDA memcpy Device-to-Host]
1998373750,13120,10765,1434,1,1,128,1,1,16,0.000,0.000,,,,,NVIDIA A100-SXM4-40GB (0),1,,13,cupy_copy__complex64_complex64
1998399190,2336,10772,103,1,1,128,1,1,16,0.000,0.000,,,,,NVIDIA A100-SXM4-40GB (0),1,,13,cupy_copy__complex64_complex64
1998419446,2016,10779,35,1,1,128,1,1,16,0.000,0.000,,,,,NVIDIA A100-SXM4-40GB (0),1,,13,cupy_copy__complex64_complex64
1998437078,1472,10786,1,1,1,1,1,1,18,0.000,0.000,,,,,NVIDIA A100-SXM4-40GB (0),1,,13,cupy_copy__float32_float32
1998569588,78559,10797,1,1,1,32,32,1,30,0.000,0.000,,,,,NVIDIA A100-SXM4-40GB (0),1,,13,"void convert_kernel<__half2, float2>(tensor_layout_any, T1 *, tensor_layout_any, const T2 *)"
1998676947,4384,10800,,,,,,,,,,0.061,14014.587,Pinned,Device,NVIDIA A100-SXM4-40GB (0),1,,13,[CUDA memcpy Host-to-Device]
1998691219,2624,10801,,,,,,,,,,1.547,589413.767,Device,,NVIDIA A100-SXM4-40GB (0),1,,13,[CUDA memset]
1998702259,3616,10806,,,,,,,,,,0.021,5822.995,Pinned,Device,NVIDIA A100-SXM4-40GB (0),1,,13,[CUDA memcpy Host-to-Device]
1998714963,7743,10807,,,,,,,,,,0.131,16927.687,Pinned,Device,NVIDIA A100-SXM4-40GB (0),1,,13,[CUDA memcpy Host-to-Device]
1998734802,5824,10808,273,1,1,8,4,1,39,0.002,0.000,,,,,NVIDIA A100-SXM4-40GB (0),1,,13,"void channel_eq::eqMmseCoefCompLowMimoKernel<float, float, float, (unsigned int)4, (unsigned int)1, (unsigned int)4>(const channel_eq::_puschRxChEqStatDescr *, channel_eq::_puschRxChEqCoefCompDynDescr)"
1998741906,4800,10809,273,1,1,12,11,1,40,0.002,0.000,,,,,NVIDIA A100-SXM4-40GB (0),1,,13,"void channel_eq::eqMmseSoftDemapKernel<float, __half, __half, float, (unsigned int)4, (unsigned short)16383>(channel_eq::_puschRxChEqStatDescr *, channel_eq::_puschRxChEqSoftDemapDynDescr)"
1998747698,282269,10810,1,1,1,32,32,1,30,0.000,0.000,,,,,NVIDIA A100-SXM4-40GB (0),1,,13,"void convert_kernel<float2, __half2>(tensor_layout_any, T1 *, tensor_layout_any, const T2 *)"
1999030991,10176,10822,2253,1,1,128,1,1,16,0.000,0.000,,,,,NVIDIA A100-SXM4-40GB (0),1,,13,cupy_copy__float16_float16
1999042191,2368,10831,282,1,1,128,1,1,16,0.000,0.000,,,,,NVIDIA A100-SXM4-40GB (0),1,,13,cupy_copy__complex64_complex64
1999045583,1760,10840,26,1,1,128,1,1,16,0.000,0.000,,,,,NVIDIA A100-SXM4-40GB (0),1,,13,cupy_copy__float32_float32
1999048591,2496,10849,103,1,1,128,1,1,16,0.000,0.000,,,,,NVIDIA A100-SXM4-40GB (0),1,,13,cupy_copy__complex64_complex64
1999052335,11360,10859,1434,1,1,128,1,1,16,0.000,0.000,,,,,NVIDIA A100-SXM4-40GB (0),1,,13,cupy_copy__complex64_complex64
1999071983,77983,10864,1,1,1,32,32,1,30,0.000,0.000,,,,,NVIDIA A100-SXM4-40GB (0),1,,13,"void convert_kernel<__half2, float2>(tensor_layout_any, T1 *, tensor_layout_any, const T2 *)"
1999177805,4640,10867,,,,,,,,,,0.061,13241.364,Pinned,Device,NVIDIA A100-SXM4-40GB (0),1,,13,[CUDA memcpy Host-to-Device]
1999188557,588090,10868,,,,,,,,,,456.520,776084.816,Device,,NVIDIA A100-SXM4-40GB (0),1,,13,[CUDA memset]
1999779527,32704,10873,,,,,,,,,,0.825,25236.543,Pinned,Device,NVIDIA A100-SXM4-40GB (0),1,,13,[CUDA memcpy Host-to-Device]
1999814822,6816,10874,,,,,,,,,,0.131,19229.966,Pinned,Device,NVIDIA A100-SXM4-40GB (0),1,,13,[CUDA memcpy Host-to-Device]
1999827398,7040,10875,69,4,1,48,1,1,76,0.002,0.000,,,,,NVIDIA A100-SXM4-40GB (0),1,,13,"void ch_est::windowedChEstPreNoDftSOfdmKernel<float, __half, float, (unsigned int)2, (unsigned int)1, (unsigned short)4>(ch_est::puschRxChEstStatDescr_t *, ch_est::puschRxChEstDynDescr_t *)"
1999835558,6176,10876,137,2,1,24,2,1,44,0.001,0.001,,,,,NVIDIA A100-SXM4-40GB (0),1,,13,"void ch_est::chEstFilterNoDftSOfdmDispatchKernel<float, __half, float, (unsigned int)2>(ch_est::puschRxChEstStatDescr_t *, ch_est::puschRxChEstDynDescr_t *)"
1999842918,4576,10877,137,2,1,24,2,1,44,0.001,0.001,,,,,NVIDIA A100-SXM4-40GB (0),1,,13,"void ch_est::chEstFilterNoDftSOfdmDispatchKernel<float, __half, float, (unsigned int)2>(ch_est::puschRxChEstStatDescr_t *, ch_est::puschRxChEstDynDescr_t *)"
1999848742,2176,10888,103,1,1,128,1,1,16,0.000,0.000,,,,,NVIDIA A100-SXM4-40GB (0),1,,13,cupy_copy__complex64_complex64
1999852134,12544,10898,1434,1,1,128,1,1,16,0.000,0.000,,,,,NVIDIA A100-SXM4-40GB (0),1,,13,cupy_copy__complex64_complex64
1999865670,2048,10905,103,1,1,128,1,1,16,0.000,0.000,,,,,NVIDIA A100-SXM4-40GB (0),1,,13,cupy_copy__complex64_complex64
1999868806,77983,10912,1,1,1,32,32,1,30,0.000,0.000,,,,,NVIDIA A100-SXM4-40GB (0),1,,13,"void convert_kernel<__half2, float2>(tensor_layout_any, T1 *, tensor_layout_any, const T2 *)"
2000187554,4384,10915,,,,,,,,,,0.061,14014.587,Pinned,Device,NVIDIA A100-SXM4-40GB (0),1,,13,[CUDA memcpy Host-to-Device]
2000200098,46336,10916,,,,,,,,,,35.801,772620.518,Device,,NVIDIA A100-SXM4-40GB (0),1,,13,[CUDA memset]
2000251554,1952,10918,,,,,,,,,,0.000,40.984,Pinned,Device,NVIDIA A100-SXM4-40GB (0),1,,13,[CUDA memcpy Host-to-Device]
2000256034,7008,10919,,,,,,,,,,0.131,18703.188,Pinned,Device,NVIDIA A100-SXM4-40GB (0),1,,13,[CUDA memcpy Host-to-Device]
2000272833,9056,10920,273,1,1,48,1,1,40,0.000,0.001,,,,,NVIDIA A100-SXM4-40GB (0),1,,13,"void pusch_noise_intf_est::noiseIntfEstNoDftSOfdmKernel<float, __half, float, float, (unsigned int)2, (unsigned int)1, (unsigned char)4, (unsigned char)4>(pusch_noise_intf_est::puschRxNoiseIntfEstDynDescr)"
2000283297,2432,10931,35,1,1,128,1,1,16,0.000,0.000,,,,,NVIDIA A100-SXM4-40GB (0),1,,13,cupy_copy__complex64_complex64
2000292929,1504,10940,1,1,1,1,1,1,18,0.000,0.000,,,,,NVIDIA A100-SXM4-40GB (0),1,,13,cupy_copy__float32_float32
2000327937,2336,10946,,,,,,,,,,0.000,1.712,Device,Pageable,NVIDIA A100-SXM4-40GB (0),1,,7,[CUDA memcpy Device-to-Host]
2000385376,13760,10957,1434,1,1,128,1,1,16,0.000,0.000,,,,,NVIDIA A100-SXM4-40GB (0),1,,13,cupy_copy__complex64_complex64
2000411456,2400,10964,103,1,1,128,1,1,16,0.000,0.000,,,,,NVIDIA A100-SXM4-40GB (0),1,,13,cupy_copy__complex64_complex64
2000431680,1984,10971,35,1,1,128,1,1,16,0.000,0.000,,,,,NVIDIA A100-SXM4-40GB (0),1,,13,cupy_copy__complex64_complex64
2000449312,1504,10978,1,1,1,1,1,1,18,0.000,0.000,,,,,NVIDIA A100-SXM4-40GB (0),1,,13,cupy_copy__float32_float32
2000721373,78655,10989,1,1,1,32,32,1,30,0.000,0.000,,,,,NVIDIA A100-SXM4-40GB (0),1,,13,"void convert_kernel<__half2, float2>(tensor_layout_any, T1 *, tensor_layout_any, const T2 *)"
2000833499,4160,10992,,,,,,,,,,0.061,14769.193,Pinned,Device,NVIDIA A100-SXM4-40GB (0),1,,13,[CUDA memcpy Host-to-Device]
2000848507,2560,10993,,,,,,,,,,1.547,604150.000,Device,,NVIDIA A100-SXM4-40GB (0),1,,13,[CUDA memset]
2000855067,3136,10998,,,,,,,,,,0.021,6714.274,Pinned,Device,NVIDIA A100-SXM4-40GB (0),1,,13,[CUDA memcpy Host-to-Device]
2000861147,7104,10999,,,,,,,,,,0.131,18450.350,Pinned,Device,NVIDIA A100-SXM4-40GB (0),1,,13,[CUDA memcpy Host-to-Device]
2000880059,5824,11000,273,1,1,8,4,1,39,0.002,0.000,,,,,NVIDIA A100-SXM4-40GB (0),1,,13,"void channel_eq::eqMmseCoefCompLowMimoKernel<float, float, float, (unsigned int)4, (unsigned int)1, (unsigned int)4>(const channel_eq::_puschRxChEqStatDescr *, channel_eq::_puschRxChEqCoefCompDynDescr)"
2000887163,4800,11001,273,1,1,12,11,1,40,0.002,0.000,,,,,NVIDIA A100-SXM4-40GB (0),1,,13,"void channel_eq::eqMmseSoftDemapKernel<float, __half, __half, float, (unsigned int)4, (unsigned short)16383>(channel_eq::_puschRxChEqStatDescr *, channel_eq::_puschRxChEqSoftDemapDynDescr)"
2000893211,282269,11002,1,1,1,32,32,1,30,0.000,0.000,,,,,NVIDIA A100-SXM4-40GB (0),1,,13,"void convert_kernel<float2, __half2>(tensor_layout_any, T1 *, tensor_layout_any, const T2 *)"
2001176568,10175,11014,2253,1,1,128,1,1,16,0.000,0.000,,,,,NVIDIA A100-SXM4-40GB (0),1,,13,cupy_copy__float16_float16
2001187767,2400,11023,282,1,1,128,1,1,16,0.000,0.000,,,,,NVIDIA A100-SXM4-40GB (0),1,,13,cupy_copy__complex64_complex64
2001191191,1760,11032,26,1,1,128,1,1,16,0.000,0.000,,,,,NVIDIA A100-SXM4-40GB (0),1,,13,cupy_copy__float32_float32
2001194167,2560,11041,103,1,1,128,1,1,16,0.000,0.000,,,,,NVIDIA A100-SXM4-40GB (0),1,,13,cupy_copy__complex64_complex64
2001197911,11360,11051,1434,1,1,128,1,1,16,0.000,0.000,,,,,NVIDIA A100-SXM4-40GB (0),1,,13,cupy_copy__complex64_complex64
2001234487,79007,11056,1,1,1,32,32,1,30,0.000,0.000,,,,,NVIDIA A100-SXM4-40GB (0),1,,13,"void convert_kernel<__half2, float2>(tensor_layout_any, T1 *, tensor_layout_any, const T2 *)"
2001472980,4448,11059,,,,,,,,,,0.061,13812.941,Pinned,Device,NVIDIA A100-SXM4-40GB (0),1,,13,[CUDA memcpy Host-to-Device]
2001481716,590746,11060,,,,,,,,,,456.520,772432.652,Device,,NVIDIA A100-SXM4-40GB (0),1,,13,[CUDA memset]
2002078382,33343,11065,,,,,,,,,,0.825,24752.892,Pinned,Device,NVIDIA A100-SXM4-40GB (0),1,,13,[CUDA memcpy Host-to-Device]
2002114029,7008,11066,,,,,,,,,,0.131,18703.188,Pinned,Device,NVIDIA A100-SXM4-40GB (0),1,,13,[CUDA memcpy Host-to-Device]
2002126253,7680,11067,69,4,1,48,1,1,76,0.002,0.000,,,,,NVIDIA A100-SXM4-40GB (0),1,,13,"void ch_est::windowedChEstPreNoDftSOfdmKernel<float, __half, float, (unsigned int)2, (unsigned int)1, (unsigned short)4>(ch_est::puschRxChEstStatDescr_t *, ch_est::puschRxChEstDynDescr_t *)"
2002134957,6144,11068,137,2,1,24,2,1,44,0.001,0.001,,,,,NVIDIA A100-SXM4-40GB (0),1,,13,"void ch_est::chEstFilterNoDftSOfdmDispatchKernel<float, __half, float, (unsigned int)2>(ch_est::puschRxChEstStatDescr_t *, ch_est::puschRxChEstDynDescr_t *)"
2002142285,4576,11069,137,2,1,24,2,1,44,0.001,0.001,,,,,NVIDIA A100-SXM4-40GB (0),1,,13,"void ch_est::chEstFilterNoDftSOfdmDispatchKernel<float, __half, float, (unsigned int)2>(ch_est::puschRxChEstStatDescr_t *, ch_est::puschRxChEstDynDescr_t *)"
2002148077,2144,11080,103,1,1,128,1,1,16,0.000,0.000,,,,,NVIDIA A100-SXM4-40GB (0),1,,13,cupy_copy__complex64_complex64
2002151213,12864,11090,1434,1,1,128,1,1,16,0.000,0.000,,,,,NVIDIA A100-SXM4-40GB (0),1,,13,cupy_copy__complex64_complex64
2002165293,2080,11097,103,1,1,128,1,1,16,0.000,0.000,,,,,NVIDIA A100-SXM4-40GB (0),1,,13,cupy_copy__complex64_complex64
2002168429,77855,11104,1,1,1,32,32,1,30,0.000,0.000,,,,,NVIDIA A100-SXM4-40GB (0),1,,13,"void convert_kernel<__half2, float2>(tensor_layout_any, T1 *, tensor_layout_any, const T2 *)"
2002276908,4159,11107,,,,,,,,,,0.061,14772.756,Pinned,Device,NVIDIA A100-SXM4-40GB (0),1,,13,[CUDA memcpy Host-to-Device]
2002289899,44960,11108,,,,,,,,,,35.801,796249.151,Device,,NVIDIA A100-SXM4-40GB (0),1,,13,[CUDA memset]
2002341643,1856,11110,,,,,,,,,,0.000,43.103,Pinned,Device,NVIDIA A100-SXM4-40GB (0),1,,13,[CUDA memcpy Host-to-Device]
2002346219,7424,11111,,,,,,,,,,0.131,17655.136,Pinned,Device,NVIDIA A100-SXM4-40GB (0),1,,13,[CUDA memcpy Host-to-Device]
2002357995,8544,11112,273,1,1,48,1,1,40,0.000,0.001,,,,,NVIDIA A100-SXM4-40GB (0),1,,13,"void pusch_noise_intf_est::noiseIntfEstNoDftSOfdmKernel<float, __half, float, float, (unsigned int)2, (unsigned int)1, (unsigned char)4, (unsigned char)4>(pusch_noise_intf_est::puschRxNoiseIntfEstDynDescr)"
2002368491,2335,11123,35,1,1,128,1,1,16,0.000,0.000,,,,,NVIDIA A100-SXM4-40GB (0),1,,13,cupy_copy__complex64_complex64
2002403946,1504,11132,1,1,1,1,1,1,18,0.000,0.000,,,,,NVIDIA A100-SXM4-40GB (0),1,,13,cupy_copy__float32_float32
2002438762,2016,11138,,,,,,,,,,0.000,1.984,Device,Pageable,NVIDIA A100-SXM4-40GB (0),1,,7,[CUDA memcpy Device-to-Host]
2002497321,13056,11149,1434,1,1,128,1,1,16,0.000,0.000,,,,,NVIDIA A100-SXM4-40GB (0),1,,13,cupy_copy__complex64_complex64
2002523369,2336,11156,103,1,1,128,1,1,16,0.000,0.000,,,,,NVIDIA A100-SXM4-40GB (0),1,,13,cupy_copy__complex64_complex64
2002543433,1984,11163,35,1,1,128,1,1,16,0.000,0.000,,,,,NVIDIA A100-SXM4-40GB (0),1,,13,cupy_copy__complex64_complex64
2002560744,1504,11170,1,1,1,1,1,1,18,0.000,0.000,,,,,NVIDIA A100-SXM4-40GB (0),1,,13,cupy_copy__float32_float32
2002695303,78463,11181,1,1,1,32,32,1,30,0.000,0.000,,,,,NVIDIA A100-SXM4-40GB (0),1,,13,"void convert_kernel<__half2, float2>(tensor_layout_any, T1 *, tensor_layout_any, const T2 *)"
2002802630,4288,11184,,,,,,,,,,0.061,14328.300,Pinned,Device,NVIDIA A100-SXM4-40GB (0),1,,13,[CUDA memcpy Host-to-Device]
2002817222,2656,11185,,,,,,,,,,1.547,582313.216,Device,,NVIDIA A100-SXM4-40GB (0),1,,13,[CUDA memset]
2002823430,2752,11190,,,,,,,,,,0.021,7651.161,Pinned,Device,NVIDIA A100-SXM4-40GB (0),1,,13,[CUDA memcpy Host-to-Device]
2002829253,7872,11191,,,,,,,,,,0.131,16650.338,Pinned,Device,NVIDIA A100-SXM4-40GB (0),1,,13,[CUDA memcpy Host-to-Device]
2002848165,5856,11192,273,1,1,8,4,1,39,0.002,0.000,,,,,NVIDIA A100-SXM4-40GB (0),1,,13,"void channel_eq::eqMmseCoefCompLowMimoKernel<float, float, float, (unsigned int)4, (unsigned int)1, (unsigned int)4>(const channel_eq::_puschRxChEqStatDescr *, channel_eq::_puschRxChEqCoefCompDynDescr)"
2002855269,4864,11193,273,1,1,12,11,1,40,0.002,0.000,,,,,NVIDIA A100-SXM4-40GB (0),1,,13,"void channel_eq::eqMmseSoftDemapKernel<float, __half, __half, float, (unsigned int)4, (unsigned short)16383>(channel_eq::_puschRxChEqStatDescr *, channel_eq::_puschRxChEqSoftDemapDynDescr)"
2002861317,281981,11194,1,1,1,32,32,1,30,0.000,0.000,,,,,NVIDIA A100-SXM4-40GB (0),1,,13,"void convert_kernel<float2, __half2>(tensor_layout_any, T1 *, tensor_layout_any, const T2 *)"
2003144322,10400,11206,2253,1,1,128,1,1,16,0.000,0.000,,,,,NVIDIA A100-SXM4-40GB (0),1,,13,cupy_copy__float16_float16
2003155778,2400,11215,282,1,1,128,1,1,16,0.000,0.000,,,,,NVIDIA A100-SXM4-40GB (0),1,,13,cupy_copy__complex64_complex64
2003159170,1792,11224,26,1,1,128,1,1,16,0.000,0.000,,,,,NVIDIA A100-SXM4-40GB (0),1,,13,cupy_copy__float32_float32
2003162114,2528,11233,103,1,1,128,1,1,16,0.000,0.000,,,,,NVIDIA A100-SXM4-40GB (0),1,,13,cupy_copy__complex64_complex64
2003165826,11264,11243,1434,1,1,128,1,1,16,0.000,0.000,,,,,NVIDIA A100-SXM4-40GB (0),1,,13,cupy_copy__complex64_complex64
2003192193,78112,11248,1,1,1,32,32,1,30,0.000,0.000,,,,,NVIDIA A100-SXM4-40GB (0),1,,13,"void convert_kernel<__half2, float2>(tensor_layout_any, T1 *, tensor_layout_any, const T2 *)"
2003298240,4224,11251,,,,,,,,,,0.061,14545.428,Pinned,Device,NVIDIA A100-SXM4-40GB (0),1,,13,[CUDA memcpy Host-to-Device]
2003309024,587162,11252,,,,,,,,,,456.520,777454.377,Device,,NVIDIA A100-SXM4-40GB (0),1,,13,[CUDA memset]
2003900442,32767,11257,,,,,,,,,,0.825,25187.848,Pinned,Device,NVIDIA A100-SXM4-40GB (0),1,,13,[CUDA memcpy Host-to-Device]
2003936281,6752,11258,,,,,,,,,,0.131,19412.287,Pinned,Device,NVIDIA A100-SXM4-40GB (0),1,,13,[CUDA memcpy Host-to-Device]
2003954041,7136,11259,69,4,1,48,1,1,76,0.002,0.000,,,,,NVIDIA A100-SXM4-40GB (0),1,,13,"void ch_est::windowedChEstPreNoDftSOfdmKernel<float, __half, float, (unsigned int)2, (unsigned int)1, (unsigned short)4>(ch_est::puschRxChEstStatDescr_t *, ch_est::puschRxChEstDynDescr_t *)"
2003962201,6176,11260,137,2,1,24,2,1,44,0.001,0.001,,,,,NVIDIA A100-SXM4-40GB (0),1,,13,"void ch_est::chEstFilterNoDftSOfdmDispatchKernel<float, __half, float, (unsigned int)2>(ch_est::puschRxChEstStatDescr_t *, ch_est::puschRxChEstDynDescr_t *)"
2003969401,4576,11261,137,2,1,24,2,1,44,0.001,0.001,,,,,NVIDIA A100-SXM4-40GB (0),1,,13,"void ch_est::chEstFilterNoDftSOfdmDispatchKernel<float, __half, float, (unsigned int)2>(ch_est::puschRxChEstStatDescr_t *, ch_est::puschRxChEstDynDescr_t *)"
2003975193,2144,11272,103,1,1,128,1,1,16,0.000,0.000,,,,,NVIDIA A100-SXM4-40GB (0),1,,13,cupy_copy__complex64_complex64
2003978329,12960,11282,1434,1,1,128,1,1,16,0.000,0.000,,,,,NVIDIA A100-SXM4-40GB (0),1,,13,cupy_copy__complex64_complex64
2003992505,2080,11289,103,1,1,128,1,1,16,0.000,0.000,,,,,NVIDIA A100-SXM4-40GB (0),1,,13,cupy_copy__complex64_complex64
2003995833,78271,11296,1,1,1,32,32,1,30,0.000,0.000,,,,,NVIDIA A100-SXM4-40GB (0),1,,13,"void convert_kernel<__half2, float2>(tensor_layout_any, T1 *, tensor_layout_any, const T2 *)"
2004101336,4703,11299,,,,,,,,,,0.061,13063.987,Pinned,Device,NVIDIA A100-SXM4-40GB (0),1,,13,[CUDA memcpy Host-to-Device]
2004113367,45312,11300,,,,,,,,,,35.801,790091.386,Device,,NVIDIA A100-SXM4-40GB (0),1,,13,[CUDA memset]
2004165271,1984,11302,,,,,,,,,,0.000,40.323,Pinned,Device,NVIDIA A100-SXM4-40GB (0),1,,13,[CUDA memcpy Host-to-Device]
2004170455,7296,11303,,,,,,,,,,0.131,17964.859,Pinned,Device,NVIDIA A100-SXM4-40GB (0),1,,13,[CUDA memcpy Host-to-Device]
2004182935,8704,11304,273,1,1,48,1,1,40,0.000,0.001,,,,,NVIDIA A100-SXM4-40GB (0),1,,13,"void pusch_noise_intf_est::noiseIntfEstNoDftSOfdmKernel<float, __half, float, float, (unsigned int)2, (unsigned int)1, (unsigned char)4, (unsigned char)4>(pusch_noise_intf_est::puschRxNoiseIntfEstDynDescr)"
2004193111,2240,11315,35,1,1,128,1,1,16,0.000,0.000,,,,,NVIDIA A100-SXM4-40GB (0),1,,13,cupy_copy__complex64_complex64
2004219286,1504,11324,1,1,1,1,1,1,18,0.000,0.000,,,,,NVIDIA A100-SXM4-40GB (0),1,,13,cupy_copy__float32_float32
2004253494,1856,11330,,,,,,,,,,0.000,2.155,Device,Pageable,NVIDIA A100-SXM4-40GB (0),1,,7,[CUDA memcpy Device-to-Host]
2004310549,12960,11341,1434,1,1,128,1,1,16,0.000,0.000,,,,,NVIDIA A100-SXM4-40GB (0),1,,13,cupy_copy__complex64_complex64
2004335541,2336,11348,103,1,1,128,1,1,16,0.000,0.000,,,,,NVIDIA A100-SXM4-40GB (0),1,,13,cupy_copy__complex64_complex64
2004355029,2016,11355,35,1,1,128,1,1,16,0.000,0.000,,,,,NVIDIA A100-SXM4-40GB (0),1,,13,cupy_copy__complex64_complex64
2004372533,1472,11362,1,1,1,1,1,1,18,0.000,0.000,,,,,NVIDIA A100-SXM4-40GB (0),1,,13,cupy_copy__float32_float32
2004509811,78591,11373,1,1,1,32,32,1,30,0.000,0.000,,,,,NVIDIA A100-SXM4-40GB (0),1,,13,"void convert_kernel<__half2, float2>(tensor_layout_any, T1 *, tensor_layout_any, const T2 *)"
2004616402,4768,11376,,,,,,,,,,0.061,12885.873,Pinned,Device,NVIDIA A100-SXM4-40GB (0),1,,13,[CUDA memcpy Host-to-Device]
2004630834,2560,11377,,,,,,,,,,1.547,604150.000,Device,,NVIDIA A100-SXM4-40GB (0),1,,13,[CUDA memset]
2004639282,3040,11382,,,,,,,,,,0.021,6926.308,Pinned,Device,NVIDIA A100-SXM4-40GB (0),1,,13,[CUDA memcpy Host-to-Device]
2004650706,7455,11383,,,,,,,,,,0.131,17581.736,Pinned,Device,NVIDIA A100-SXM4-40GB (0),1,,13,[CUDA memcpy Host-to-Device]
2004663729,5824,11384,273,1,1,8,4,1,39,0.002,0.000,,,,,NVIDIA A100-SXM4-40GB (0),1,,13,"void channel_eq::eqMmseCoefCompLowMimoKernel<float, float, float, (unsigned int)4, (unsigned int)1, (unsigned int)4>(const channel_eq::_puschRxChEqStatDescr *, channel_eq::_puschRxChEqCoefCompDynDescr)"
2004670577,4800,11385,273,1,1,12,11,1,40,0.002,0.000,,,,,NVIDIA A100-SXM4-40GB (0),1,,13,"void channel_eq::eqMmseSoftDemapKernel<float, __half, __half, float, (unsigned int)4, (unsigned short)16383>(channel_eq::_puschRxChEqStatDescr *, channel_eq::_puschRxChEqSoftDemapDynDescr)"
2004676593,282461,11386,1,1,1,32,32,1,30,0.000,0.000,,,,,NVIDIA A100-SXM4-40GB (0),1,,13,"void convert_kernel<float2, __half2>(tensor_layout_any, T1 *, tensor_layout_any, const T2 *)"
2004960206,10400,11398,2253,1,1,128,1,1,16,0.000,0.000,,,,,NVIDIA A100-SXM4-40GB (0),1,,13,cupy_copy__float16_float16
2004971694,2368,11407,282,1,1,128,1,1,16,0.000,0.000,,,,,NVIDIA A100-SXM4-40GB (0),1,,13,cupy_copy__complex64_complex64
2004975086,1760,11416,26,1,1,128,1,1,16,0.000,0.000,,,,,NVIDIA A100-SXM4-40GB (0),1,,13,cupy_copy__float32_float32
2004978094,2560,11425,103,1,1,128,1,1,16,0.000,0.000,,,,,NVIDIA A100-SXM4-40GB (0),1,,13,cupy_copy__complex64_complex64
2004981806,11264,11435,1434,1,1,128,1,1,16,0.000,0.000,,,,,NVIDIA A100-SXM4-40GB (0),1,,13,cupy_copy__complex64_complex64
2005009038,79007,11440,1,1,1,32,32,1,30,0.000,0.000,,,,,NVIDIA A100-SXM4-40GB (0),1,,13,"void convert_kernel<__half2, float2>(tensor_layout_any, T1 *, tensor_layout_any, const T2 *)"
2005258955,4160,11443,,,,,,,,,,0.061,14769.193,Pinned,Device,NVIDIA A100-SXM4-40GB (0),1,,13,[CUDA memcpy Host-to-Device]
2005266379,589913,11444,,,,,,,,,,456.520,773802.214,Device,,NVIDIA A100-SXM4-40GB (0),1,,13,[CUDA memset]
2005858788,32928,11449,,,,,,,,,,0.825,25064.872,Pinned,Device,NVIDIA A100-SXM4-40GB (0),1,,13,[CUDA memcpy Host-to-Device]
2005894372,6784,11450,,,,,,,,,,0.131,19320.668,Pinned,Device,NVIDIA A100-SXM4-40GB (0),1,,13,[CUDA memcpy Host-to-Device]
2005910916,7072,11451,69,4,1,48,1,1,76,0.002,0.000,,,,,NVIDIA A100-SXM4-40GB (0),1,,13,"void ch_est::windowedChEstPreNoDftSOfdmKernel<float, __half, float, (unsigned int)2, (unsigned int)1, (unsigned short)4>(ch_est::puschRxChEstStatDescr_t *, ch_est::puschRxChEstDynDescr_t *)"
2005919076,6016,11452,137,2,1,24,2,1,44,0.001,0.001,,,,,NVIDIA A100-SXM4-40GB (0),1,,13,"void ch_est::chEstFilterNoDftSOfdmDispatchKernel<float, __half, float, (unsigned int)2>(ch_est::puschRxChEstStatDescr_t *, ch_est::puschRxChEstDynDescr_t *)"
2005926148,4575,11453,137,2,1,24,2,1,44,0.001,0.001,,,,,NVIDIA A100-SXM4-40GB (0),1,,13,"void ch_est::chEstFilterNoDftSOfdmDispatchKernel<float, __half, float, (unsigned int)2>(ch_est::puschRxChEstStatDescr_t *, ch_est::puschRxChEstDynDescr_t *)"
2005931971,2592,11464,103,1,1,128,1,1,16,0.000,0.000,,,,,NVIDIA A100-SXM4-40GB (0),1,,13,cupy_copy__complex64_complex64
2005935619,12960,11474,1434,1,1,128,1,1,16,0.000,0.000,,,,,NVIDIA A100-SXM4-40GB (0),1,,13,cupy_copy__complex64_complex64
2005949571,2080,11481,103,1,1,128,1,1,16,0.000,0.000,,,,,NVIDIA A100-SXM4-40GB (0),1,,13,cupy_copy__complex64_complex64
2005952739,78047,11488,1,1,1,32,32,1,30,0.000,0.000,,,,,NVIDIA A100-SXM4-40GB (0),1,,13,"void convert_kernel<__half2, float2>(tensor_layout_any, T1 *, tensor_layout_any, const T2 *)"
2006061634,4512,11491,,,,,,,,,,0.061,13617.009,Pinned,Device,NVIDIA A100-SXM4-40GB (0),1,,13,[CUDA memcpy Host-to-Device]
2006074754,45375,11492,,,,,,,,,,35.801,788981.556,Device,,NVIDIA A100-SXM4-40GB (0),1,,13,[CUDA memset]
2006127617,2400,11494,,,,,,,,,,0.000,33.333,Pinned,Device,NVIDIA A100-SXM4-40GB (0),1,,13,[CUDA memcpy Host-to-Device]
2006132257,6912,11495,,,,,,,,,,0.131,18962.842,Pinned,Device,NVIDIA A100-SXM4-40GB (0),1,,13,[CUDA memcpy Host-to-Device]
2006149505,8736,11496,273,1,1,48,1,1,40,0.000,0.001,,,,,NVIDIA A100-SXM4-40GB (0),1,,13,"void pusch_noise_intf_est::noiseIntfEstNoDftSOfdmKernel<float, __half, float, float, (unsigned int)2, (unsigned int)1, (unsigned char)4, (unsigned char)4>(pusch_noise_intf_est::puschRxNoiseIntfEstDynDescr)"
2006159745,2272,11507,35,1,1,128,1,1,16,0.000,0.000,,,,,NVIDIA A100-SXM4-40GB (0),1,,13,cupy_copy__complex64_complex64
2006188193,1472,11516,1,1,1,1,1,1,18,0.000,0.000,,,,,NVIDIA A100-SXM4-40GB (0),1,,13,cupy_copy__float32_float32
2006223168,1792,11522,,,,,,,,,,0.000,2.232,Device,Pageable,NVIDIA A100-SXM4-40GB (0),1,,7,[CUDA memcpy Device-to-Host]
2006282112,13152,11533,1434,1,1,128,1,1,16,0.000,0.000,,,,,NVIDIA A100-SXM4-40GB (0),1,,13,cupy_copy__complex64_complex64
2006308191,2368,11540,103,1,1,128,1,1,16,0.000,0.000,,,,,NVIDIA A100-SXM4-40GB (0),1,,13,cupy_copy__complex64_complex64
2006328767,2016,11547,35,1,1,128,1,1,16,0.000,0.000,,,,,NVIDIA A100-SXM4-40GB (0),1,,13,cupy_copy__complex64_complex64
2006350783,1472,11554,1,1,1,1,1,1,18,0.000,0.000,,,,,NVIDIA A100-SXM4-40GB (0),1,,13,cupy_copy__float32_float32
2006485725,78368,11565,1,1,1,32,32,1,30,0.000,0.000,,,,,NVIDIA A100-SXM4-40GB (0),1,,13,"void convert_kernel<__half2, float2>(tensor_layout_any, T1 *, tensor_layout_any, const T2 *)"
2006733659,4352,11568,,,,,,,,,,0.061,14117.622,Pinned,Device,NVIDIA A100-SXM4-40GB (0),1,,13,[CUDA memcpy Host-to-Device]
2006743451,2656,11569,,,,,,,,,,1.547,582313.216,Device,,NVIDIA A100-SXM4-40GB (0),1,,13,[CUDA memset]
2006746811,3488,11574,,,,,,,,,,0.021,6036.692,Pinned,Device,NVIDIA A100-SXM4-40GB (0),1,,13,[CUDA memcpy Host-to-Device]
2006753146,7296,11575,,,,,,,,,,0.131,17964.859,Pinned,Device,NVIDIA A100-SXM4-40GB (0),1,,13,[CUDA memcpy Host-to-Device]
2006770042,5920,11576,273,1,1,8,4,1,39,0.002,0.000,,,,,NVIDIA A100-SXM4-40GB (0),1,,13,"void channel_eq::eqMmseCoefCompLowMimoKernel<float, float, float, (unsigned int)4, (unsigned int)1, (unsigned int)4>(const channel_eq::_puschRxChEqStatDescr *, channel_eq::_puschRxChEqCoefCompDynDescr)"
2006777082,4896,11577,273,1,1,12,11,1,40,0.002,0.000,,,,,NVIDIA A100-SXM4-40GB (0),1,,13,"void channel_eq::eqMmseSoftDemapKernel<float, __half, __half, float, (unsigned int)4, (unsigned short)16383>(channel_eq::_puschRxChEqStatDescr *, channel_eq::_puschRxChEqSoftDemapDynDescr)"
2006783194,282077,11578,1,1,1,32,32,1,30,0.000,0.000,,,,,NVIDIA A100-SXM4-40GB (0),1,,13,"void convert_kernel<float2, __half2>(tensor_layout_any, T1 *, tensor_layout_any, const T2 *)"
2007066391,10464,11590,2253,1,1,128,1,1,16,0.000,0.000,,,,,NVIDIA A100-SXM4-40GB (0),1,,13,cupy_copy__float16_float16
2007078135,2400,11599,282,1,1,128,1,1,16,0.000,0.000,,,,,NVIDIA A100-SXM4-40GB (0),1,,13,cupy_copy__complex64_complex64
2007081559,1760,11608,26,1,1,128,1,1,16,0.000,0.000,,,,,NVIDIA A100-SXM4-40GB (0),1,,13,cupy_copy__float32_float32
2007084535,2528,11617,103,1,1,128,1,1,16,0.000,0.000,,,,,NVIDIA A100-SXM4-40GB (0),1,,13,cupy_copy__complex64_complex64
2007088279,11264,11627,1434,1,1,128,1,1,16,0.000,0.000,,,,,NVIDIA A100-SXM4-40GB (0),1,,13,cupy_copy__complex64_complex64
2007243317,79391,11632,1,1,1,32,32,1,30,0.000,0.000,,,,,NVIDIA A100-SXM4-40GB (0),1,,13,"void convert_kernel<__half2, float2>(tensor_layout_any, T1 *, tensor_layout_any, const T2 *)"
2007353844,4352,11635,,,,,,,,,,0.061,14117.622,Pinned,Device,NVIDIA A100-SXM4-40GB (0),1,,13,[CUDA memcpy Host-to-Device]
2007364532,588249,11636,,,,,,,,,,456.520,775628.296,Device,,NVIDIA A100-SXM4-40GB (0),1,,13,[CUDA memset]
2007954349,32896,11641,,,,,,,,,,0.825,25088.807,Pinned,Device,NVIDIA A100-SXM4-40GB (0),1,,13,[CUDA memcpy Host-to-Device]
2007989357,6816,11642,,,,,,,,,,0.131,19229.966,Pinned,Device,NVIDIA A100-SXM4-40GB (0),1,,13,[CUDA memcpy Host-to-Device]
2008002925,7168,11643,69,4,1,48,1,1,76,0.002,0.000,,,,,NVIDIA A100-SXM4-40GB (0),1,,13,"void ch_est::windowedChEstPreNoDftSOfdmKernel<float, __half, float, (unsigned int)2, (unsigned int)1, (unsigned short)4>(ch_est::puschRxChEstStatDescr_t *, ch_est::puschRxChEstDynDescr_t *)"
2008011117,6208,11644,137,2,1,24,2,1,44,0.001,0.001,,,,,NVIDIA A100-SXM4-40GB (0),1,,13,"void ch_est::chEstFilterNoDftSOfdmDispatchKernel<float, __half, float, (unsigned int)2>(ch_est::puschRxChEstStatDescr_t *, ch_est::puschRxChEstDynDescr_t *)"
2008018349,4576,11645,137,2,1,24,2,1,44,0.001,0.001,,,,,NVIDIA A100-SXM4-40GB (0),1,,13,"void ch_est::chEstFilterNoDftSOfdmDispatchKernel<float, __half, float, (unsigned int)2>(ch_est::puschRxChEstStatDescr_t *, ch_est::puschRxChEstDynDescr_t *)"
2008024173,2144,11656,103,1,1,128,1,1,16,0.000,0.000,,,,,NVIDIA A100-SXM4-40GB (0),1,,13,cupy_copy__complex64_complex64
2008027597,12543,11666,1434,1,1,128,1,1,16,0.000,0.000,,,,,NVIDIA A100-SXM4-40GB (0),1,,13,cupy_copy__complex64_complex64
2008041228,2048,11673,103,1,1,128,1,1,16,0.000,0.000,,,,,NVIDIA A100-SXM4-40GB (0),1,,13,cupy_copy__complex64_complex64
2008044364,78271,11680,1,1,1,32,32,1,30,0.000,0.000,,,,,NVIDIA A100-SXM4-40GB (0),1,,13,"void convert_kernel<__half2, float2>(tensor_layout_any, T1 *, tensor_layout_any, const T2 *)"
2008150379,4768,11683,,,,,,,,,,0.061,12885.873,Pinned,Device,NVIDIA A100-SXM4-40GB (0),1,,13,[CUDA memcpy Host-to-Device]
2008162635,45600,11684,,,,,,,,,,35.801,785079.252,Device,,NVIDIA A100-SXM4-40GB (0),1,,13,[CUDA memset]
2008214090,2272,11686,,,,,,,,,,0.000,35.211,Pinned,Device,NVIDIA A100-SXM4-40GB (0),1,,13,[CUDA memcpy Host-to-Device]
2008219754,6816,11687,,,,,,,,,,0.131,19229.966,Pinned,Device,NVIDIA A100-SXM4-40GB (0),1,,13,[CUDA memcpy Host-to-Device]
2008232330,8512,11688,273,1,1,48,1,1,40,0.000,0.001,,,,,NVIDIA A100-SXM4-40GB (0),1,,13,"void pusch_noise_intf_est::noiseIntfEstNoDftSOfdmKernel<float, __half, float, float, (unsigned int)2, (unsigned int)1, (unsigned char)4, (unsigned char)4>(pusch_noise_intf_est::puschRxNoiseIntfEstDynDescr)"
2008242474,2048,11699,35,1,1,128,1,1,16,0.000,0.000,,,,,NVIDIA A100-SXM4-40GB (0),1,,13,cupy_copy__complex64_complex64
2008268522,1504,11708,1,1,1,1,1,1,18,0.000,0.000,,,,,NVIDIA A100-SXM4-40GB (0),1,,13,cupy_copy__float32_float32
2008302666,1919,11714,,,,,,,,,,0.000,2.084,Device,Pageable,NVIDIA A100-SXM4-40GB (0),1,,7,[CUDA memcpy Device-to-Host]
2008360809,12800,11725,1434,1,1,128,1,1,16,0.000,0.000,,,,,NVIDIA A100-SXM4-40GB (0),1,,13,cupy_copy__complex64_complex64
2008386729,2336,11732,103,1,1,128,1,1,16,0.000,0.000,,,,,NVIDIA A100-SXM4-40GB (0),1,,13,cupy_copy__complex64_complex64
2008410824,2016,11739,35,1,1,128,1,1,16,0.000,0.000,,,,,NVIDIA A100-SXM4-40GB (0),1,,13,cupy_copy__complex64_complex64
2008428808,1472,11746,1,1,1,1,1,1,18,0.000,0.000,,,,,NVIDIA A100-SXM4-40GB (0),1,,13,cupy_copy__float32_float32
2008562983,78303,11757,1,1,1,32,32,1,30,0.000,0.000,,,,,NVIDIA A100-SXM4-40GB (0),1,,13,"void convert_kernel<__half2, float2>(tensor_layout_any, T1 *, tensor_layout_any, const T2 *)"
2008669509,4672,11760,,,,,,,,,,0.061,13150.679,Pinned,Device,NVIDIA A100-SXM4-40GB (0),1,,13,[CUDA memcpy Host-to-Device]
2008683877,2560,11761,,,,,,,,,,1.547,604150.000,Device,,NVIDIA A100-SXM4-40GB (0),1,,13,[CUDA memset]
2008690053,2816,11766,,,,,,,,,,0.021,7477.259,Pinned,Device,NVIDIA A100-SXM4-40GB (0),1,,13,[CUDA memcpy Host-to-Device]
2008695909,6976,11767,,,,,,,,,,0.131,18788.909,Pinned,Device,NVIDIA A100-SXM4-40GB (0),1,,13,[CUDA memcpy Host-to-Device]
2008706629,5824,11768,273,1,1,8,4,1,39,0.002,0.000,,,,,NVIDIA A100-SXM4-40GB (0),1,,13,"void channel_eq::eqMmseCoefCompLowMimoKernel<float, float, float, (unsigned int)4, (unsigned int)1, (unsigned int)4>(const channel_eq::_puschRxChEqStatDescr *, channel_eq::_puschRxChEqCoefCompDynDescr)"
2008713701,4800,11769,273,1,1,12,11,1,40,0.002,0.000,,,,,NVIDIA A100-SXM4-40GB (0),1,,13,"void channel_eq::eqMmseSoftDemapKernel<float, __half, __half, float, (unsigned int)4, (unsigned short)16383>(channel_eq::_puschRxChEqStatDescr *, channel_eq::_puschRxChEqSoftDemapDynDescr)"
2008719749,282429,11770,1,1,1,32,32,1,30,0.000,0.000,,,,,NVIDIA A100-SXM4-40GB (0),1,,13,"void convert_kernel<float2, __half2>(tensor_layout_any, T1 *, tensor_layout_any, const T2 *)"
2009003298,10208,11782,2253,1,1,128,1,1,16,0.000,0.000,,,,,NVIDIA A100-SXM4-40GB (0),1,,13,cupy_copy__float16_float16
2009014818,2400,11791,282,1,1,128,1,1,16,0.000,0.000,,,,,NVIDIA A100-SXM4-40GB (0),1,,13,cupy_copy__complex64_complex64
2009018242,1760,11800,26,1,1,128,1,1,16,0.000,0.000,,,,,NVIDIA A100-SXM4-40GB (0),1,,13,cupy_copy__float32_float32
2009021154,2560,11809,103,1,1,128,1,1,16,0.000,0.000,,,,,NVIDIA A100-SXM4-40GB (0),1,,13,cupy_copy__complex64_complex64
2009077921,11488,11825,1434,1,1,128,1,1,16,0.000,0.000,,,,,NVIDIA A100-SXM4-40GB (0),1,,13,cupy_copy__complex64_complex64
2009194336,78367,11830,1,1,1,32,32,1,30,0.000,0.000,,,,,NVIDIA A100-SXM4-40GB (0),1,,13,"void convert_kernel<__half2, float2>(tensor_layout_any, T1 *, tensor_layout_any, const T2 *)"
2009300447,4928,11833,,,,,,,,,,0.061,12467.528,Pinned,Device,NVIDIA A100-SXM4-40GB (0),1,,13,[CUDA memcpy Host-to-Device]
2009311998,586810,11834,,,,,,,,,,456.520,777910.898,Device,,NVIDIA A100-SXM4-40GB (0),1,,13,[CUDA memset]
2009906136,33280,11839,,,,,,,,,,0.825,24799.937,Pinned,Device,NVIDIA A100-SXM4-40GB (0),1,,13,[CUDA memcpy Host-to-Device]
2009942008,6751,11840,,,,,,,,,,0.131,19415.171,Pinned,Device,NVIDIA A100-SXM4-40GB (0),1,,13,[CUDA memcpy Host-to-Device]
2009952599,7200,11841,69,4,1,48,1,1,76,0.002,0.000,,,,,NVIDIA A100-SXM4-40GB (0),1,,13,"void ch_est::windowedChEstPreNoDftSOfdmKernel<float, __half, float, (unsigned int)2, (unsigned int)1, (unsigned short)4>(ch_est::puschRxChEstStatDescr_t *, ch_est::puschRxChEstDynDescr_t *)"
2009960823,6176,11842,137,2,1,24,2,1,44,0.001,0.001,,,,,NVIDIA A100-SXM4-40GB (0),1,,13,"void ch_est::chEstFilterNoDftSOfdmDispatchKernel<float, __half, float, (unsigned int)2>(ch_est::puschRxChEstStatDescr_t *, ch_est::puschRxChEstDynDescr_t *)"
2009968087,4544,11843,137,2,1,24,2,1,44,0.001,0.001,,,,,NVIDIA A100-SXM4-40GB (0),1,,13,"void ch_est::chEstFilterNoDftSOfdmDispatchKernel<float, __half, float, (unsigned int)2>(ch_est::puschRxChEstStatDescr_t *, ch_est::puschRxChEstDynDescr_t *)"
2009973847,2176,11854,103,1,1,128,1,1,16,0.000,0.000,,,,,NVIDIA A100-SXM4-40GB (0),1,,13,cupy_copy__complex64_complex64
2009977335,12480,11864,1434,1,1,128,1,1,16,0.000,0.000,,,,,NVIDIA A100-SXM4-40GB (0),1,,13,cupy_copy__complex64_complex64
2009991063,2080,11871,103,1,1,128,1,1,16,0.000,0.000,,,,,NVIDIA A100-SXM4-40GB (0),1,,13,cupy_copy__complex64_complex64
2009994199,78655,11878,1,1,1,32,32,1,30,0.000,0.000,,,,,NVIDIA A100-SXM4-40GB (0),1,,13,"void convert_kernel<__half2, float2>(tensor_layout_any, T1 *, tensor_layout_any, const T2 *)"
2010101590,4512,11881,,,,,,,,,,0.061,13617.009,Pinned,Device,NVIDIA A100-SXM4-40GB (0),1,,13,[CUDA memcpy Host-to-Device]
2010114870,44991,11882,,,,,,,,,,35.801,795712.137,Device,,NVIDIA A100-SXM4-40GB (0),1,,13,[CUDA memset]
2010167861,2304,11884,,,,,,,,,,0.000,34.722,Pinned,Device,NVIDIA A100-SXM4-40GB (0),1,,13,[CUDA memcpy Host-to-Device]
2010172917,6752,11885,,,,,,,,,,0.131,19412.287,Pinned,Device,NVIDIA A100-SXM4-40GB (0),1,,13,[CUDA memcpy Host-to-Device]
2010185461,8416,11886,273,1,1,48,1,1,40,0.000,0.001,,,,,NVIDIA A100-SXM4-40GB (0),1,,13,"void pusch_noise_intf_est::noiseIntfEstNoDftSOfdmKernel<float, __half, float, float, (unsigned int)2, (unsigned int)1, (unsigned char)4, (unsigned char)4>(pusch_noise_intf_est::puschRxNoiseIntfEstDynDescr)"
2010195381,2176,11897,35,1,1,128,1,1,16,0.000,0.000,,,,,NVIDIA A100-SXM4-40GB (0),1,,13,cupy_copy__complex64_complex64
2010221972,1472,11906,1,1,1,1,1,1,18,0.000,0.000,,,,,NVIDIA A100-SXM4-40GB (0),1,,13,cupy_copy__float32_float32
2010255828,1952,11912,,,,,,,,,,0.000,2.049,Device,Pageable,NVIDIA A100-SXM4-40GB (0),1,,7,[CUDA memcpy Device-to-Host]
2010317587,13088,11923,1434,1,1,128,1,1,16,0.000,0.000,,,,,NVIDIA A100-SXM4-40GB (0),1,,13,cupy_copy__complex64_complex64
2010343763,2336,11930,103,1,1,128,1,1,16,0.000,0.000,,,,,NVIDIA A100-SXM4-40GB (0),1,,13,cupy_copy__complex64_complex64
2010363699,1984,11937,35,1,1,128,1,1,16,0.000,0.000,,,,,NVIDIA A100-SXM4-40GB (0),1,,13,cupy_copy__complex64_complex64
2010380947,1472,11944,1,1,1,1,1,1,18,0.000,0.000,,,,,NVIDIA A100-SXM4-40GB (0),1,,13,cupy_copy__float32_float32
2010516497,78559,11955,1,1,1,32,32,1,30,0.000,0.000,,,,,NVIDIA A100-SXM4-40GB (0),1,,13,"void convert_kernel<__half2, float2>(tensor_layout_any, T1 *, tensor_layout_any, const T2 *)"
2010766767,4767,11958,,,,,,,,,,0.061,12888.576,Pinned,Device,NVIDIA A100-SXM4-40GB (0),1,,13,[CUDA memcpy Host-to-Device]
2010778222,2624,11959,,,,,,,,,,1.547,589413.767,Device,,NVIDIA A100-SXM4-40GB (0),1,,13,[CUDA memset]
2010788494,2816,11964,,,,,,,,,,0.021,7477.259,Pinned,Device,NVIDIA A100-SXM4-40GB (0),1,,13,[CUDA memcpy Host-to-Device]
2010793966,6784,11965,,,,,,,,,,0.131,19320.668,Pinned,Device,NVIDIA A100-SXM4-40GB (0),1,,13,[CUDA memcpy Host-to-Device]
2010804846,5920,11966,273,1,1,8,4,1,39,0.002,0.000,,,,,NVIDIA A100-SXM4-40GB (0),1,,13,"void channel_eq::eqMmseCoefCompLowMimoKernel<float, float, float, (unsigned int)4, (unsigned int)1, (unsigned int)4>(const channel_eq::_puschRxChEqStatDescr *, channel_eq::_puschRxChEqCoefCompDynDescr)"
2010811854,4896,11967,273,1,1,12,11,1,40,0.002,0.000,,,,,NVIDIA A100-SXM4-40GB (0),1,,13,"void channel_eq::eqMmseSoftDemapKernel<float, __half, __half, float, (unsigned int)4, (unsigned short)16383>(channel_eq::_puschRxChEqStatDescr *, channel_eq::_puschRxChEqSoftDemapDynDescr)"
2010817934,281981,11968,1,1,1,32,32,1,30,0.000,0.000,,,,,NVIDIA A100-SXM4-40GB (0),1,,13,"void convert_kernel<float2, __half2>(tensor_layout_any, T1 *, tensor_layout_any, const T2 *)"
2011101035,10176,11980,2253,1,1,128,1,1,16,0.000,0.000,,,,,NVIDIA A100-SXM4-40GB (0),1,,13,cupy_copy__float16_float16
2011112331,2400,11989,282,1,1,128,1,1,16,0.000,0.000,,,,,NVIDIA A100-SXM4-40GB (0),1,,13,cupy_copy__complex64_complex64
2011115723,1760,11998,26,1,1,128,1,1,16,0.000,0.000,,,,,NVIDIA A100-SXM4-40GB (0),1,,13,cupy_copy__float32_float32
2011118667,2528,12007,103,1,1,128,1,1,16,0.000,0.000,,,,,NVIDIA A100-SXM4-40GB (0),1,,13,cupy_copy__complex64_complex64
2011122443,11360,12017,1434,1,1,128,1,1,16,0.000,0.000,,,,,NVIDIA A100-SXM4-40GB (0),1,,13,cupy_copy__complex64_complex64
2011277993,79327,12022,1,1,1,32,32,1,30,0.000,0.000,,,,,NVIDIA A100-SXM4-40GB (0),1,,13,"void convert_kernel<__half2, float2>(tensor_layout_any, T1 *, tensor_layout_any, const T2 *)"
2011388744,4704,12025,,,,,,,,,,0.061,13061.222,Pinned,Device,NVIDIA A100-SXM4-40GB (0),1,,13,[CUDA memcpy Host-to-Device]
2011399624,588025,12026,,,,,,,,,,456.520,776084.816,Device,,NVIDIA A100-SXM4-40GB (0),1,,13,[CUDA memset]
2011989537,33152,12031,,,,,,,,,,0.825,24895.676,Pinned,Device,NVIDIA A100-SXM4-40GB (0),1,,13,[CUDA memcpy Host-to-Device]
2012025857,6784,12032,,,,,,,,,,0.131,19320.668,Pinned,Device,NVIDIA A100-SXM4-40GB (0),1,,13,[CUDA memcpy Host-to-Device]
2012039457,7136,12033,69,4,1,48,1,1,76,0.002,0.000,,,,,NVIDIA A100-SXM4-40GB (0),1,,13,"void ch_est::windowedChEstPreNoDftSOfdmKernel<float, __half, float, (unsigned int)2, (unsigned int)1, (unsigned short)4>(ch_est::puschRxChEstStatDescr_t *, ch_est::puschRxChEstDynDescr_t *)"
2012047648,6176,12034,137,2,1,24,2,1,44,0.001,0.001,,,,,NVIDIA A100-SXM4-40GB (0),1,,13,"void ch_est::chEstFilterNoDftSOfdmDispatchKernel<float, __half, float, (unsigned int)2>(ch_est::puschRxChEstStatDescr_t *, ch_est::puschRxChEstDynDescr_t *)"
2012055040,4576,12035,137,2,1,24,2,1,44,0.001,0.001,,,,,NVIDIA A100-SXM4-40GB (0),1,,13,"void ch_est::chEstFilterNoDftSOfdmDispatchKernel<float, __half, float, (unsigned int)2>(ch_est::puschRxChEstStatDescr_t *, ch_est::puschRxChEstDynDescr_t *)"
2012060832,2144,12046,103,1,1,128,1,1,16,0.000,0.000,,,,,NVIDIA A100-SXM4-40GB (0),1,,13,cupy_copy__complex64_complex64
2012063968,12480,12056,1434,1,1,128,1,1,16,0.000,0.000,,,,,NVIDIA A100-SXM4-40GB (0),1,,13,cupy_copy__complex64_complex64
2012077440,2112,12063,103,1,1,128,1,1,16,0.000,0.000,,,,,NVIDIA A100-SXM4-40GB (0),1,,13,cupy_copy__complex64_complex64
2012080768,78751,12070,1,1,1,32,32,1,30,0.000,0.000,,,,,NVIDIA A100-SXM4-40GB (0),1,,13,"void convert_kernel<__half2, float2>(tensor_layout_any, T1 *, tensor_layout_any, const T2 *)"
2012332989,4160,12073,,,,,,,,,,0.061,14769.193,Pinned,Device,NVIDIA A100-SXM4-40GB (0),1,,13,[CUDA memcpy Host-to-Device]
2012344637,46496,12074,,,,,,,,,,35.801,769971.247,Device,,NVIDIA A100-SXM4-40GB (0),1,,13,[CUDA memset]
2012396061,2016,12076,,,,,,,,,,0.000,39.682,Pinned,Device,NVIDIA A100-SXM4-40GB (0),1,,13,[CUDA memcpy Host-to-Device]
2012401501,7328,12077,,,,,,,,,,0.131,17886.347,Pinned,Device,NVIDIA A100-SXM4-40GB (0),1,,13,[CUDA memcpy Host-to-Device]
2012417340,8928,12078,273,1,1,48,1,1,40,0.000,0.001,,,,,NVIDIA A100-SXM4-40GB (0),1,,13,"void pusch_noise_intf_est::noiseIntfEstNoDftSOfdmKernel<float, __half, float, float, (unsigned int)2, (unsigned int)1, (unsigned char)4, (unsigned char)4>(pusch_noise_intf_est::puschRxNoiseIntfEstDynDescr)"
2012427868,2336,12089,35,1,1,128,1,1,16,0.000,0.000,,,,,NVIDIA A100-SXM4-40GB (0),1,,13,cupy_copy__complex64_complex64
2012438972,1536,12098,1,1,1,1,1,1,18,0.000,0.000,,,,,NVIDIA A100-SXM4-40GB (0),1,,13,cupy_copy__float32_float32
2012476220,2080,12104,,,,,,,,,,0.000,1.923,Device,Pageable,NVIDIA A100-SXM4-40GB (0),1,,7,[CUDA memcpy Device-to-Host]
2012535515,13088,12115,1434,1,1,128,1,1,16,0.000,0.000,,,,,NVIDIA A100-SXM4-40GB (0),1,,13,cupy_copy__complex64_complex64
2012561787,2336,12122,103,1,1,128,1,1,16,0.000,0.000,,,,,NVIDIA A100-SXM4-40GB (0),1,,13,cupy_copy__complex64_complex64
2012581883,1984,12129,35,1,1,128,1,1,16,0.000,0.000,,,,,NVIDIA A100-SXM4-40GB (0),1,,13,cupy_copy__complex64_complex64
2012599738,1472,12136,1,1,1,1,1,1,18,0.000,0.000,,,,,NVIDIA A100-SXM4-40GB (0),1,,13,cupy_copy__float32_float32
2012888663,78143,12147,1,1,1,32,32,1,30,0.000,0.000,,,,,NVIDIA A100-SXM4-40GB (0),1,,13,"void convert_kernel<__half2, float2>(tensor_layout_any, T1 *, tensor_layout_any, const T2 *)"
2012998582,4896,12150,,,,,,,,,,0.061,12548.997,Pinned,Device,NVIDIA A100-SXM4-40GB (0),1,,13,[CUDA memcpy Host-to-Device]
2013013366,2592,12151,,,,,,,,,,1.547,596690.632,Device,,NVIDIA A100-SXM4-40GB (0),1,,13,[CUDA memset]
2013019574,3072,12156,,,,,,,,,,0.021,6854.149,Pinned,Device,NVIDIA A100-SXM4-40GB (0),1,,13,[CUDA memcpy Host-to-Device]
2013025526,6976,12157,,,,,,,,,,0.131,18788.909,Pinned,Device,NVIDIA A100-SXM4-40GB (0),1,,13,[CUDA memcpy Host-to-Device]
2013038902,5920,12158,273,1,1,8,4,1,39,0.002,0.000,,,,,NVIDIA A100-SXM4-40GB (0),1,,13,"void channel_eq::eqMmseCoefCompLowMimoKernel<float, float, float, (unsigned int)4, (unsigned int)1, (unsigned int)4>(const channel_eq::_puschRxChEqStatDescr *, channel_eq::_puschRxChEqCoefCompDynDescr)"
2013046070,4864,12159,273,1,1,12,11,1,40,0.002,0.000,,,,,NVIDIA A100-SXM4-40GB (0),1,,13,"void channel_eq::eqMmseSoftDemapKernel<float, __half, __half, float, (unsigned int)4, (unsigned short)16383>(channel_eq::_puschRxChEqStatDescr *, channel_eq::_puschRxChEqSoftDemapDynDescr)"
2013052149,282301,12160,1,1,1,32,32,1,30,0.000,0.000,,,,,NVIDIA A100-SXM4-40GB (0),1,,13,"void convert_kernel<float2, __half2>(tensor_layout_any, T1 *, tensor_layout_any, const T2 *)"
2013335602,10176,12172,2253,1,1,128,1,1,16,0.000,0.000,,,,,NVIDIA A100-SXM4-40GB (0),1,,13,cupy_copy__float16_float16
2013346802,2400,12181,282,1,1,128,1,1,16,0.000,0.000,,,,,NVIDIA A100-SXM4-40GB (0),1,,13,cupy_copy__complex64_complex64
2013350226,1760,12190,26,1,1,128,1,1,16,0.000,0.000,,,,,NVIDIA A100-SXM4-40GB (0),1,,13,cupy_copy__float32_float32
2013353170,2528,12199,103,1,1,128,1,1,16,0.000,0.000,,,,,NVIDIA A100-SXM4-40GB (0),1,,13,cupy_copy__complex64_complex64
2013356914,11360,12209,1434,1,1,128,1,1,16,0.000,0.000,,,,,NVIDIA A100-SXM4-40GB (0),1,,13,cupy_copy__complex64_complex64
2013398674,78623,12214,1,1,1,32,32,1,30,0.000,0.000,,,,,NVIDIA A100-SXM4-40GB (0),1,,13,"void convert_kernel<__half2, float2>(tensor_layout_any, T1 *, tensor_layout_any, const T2 *)"
2013504785,4127,12217,,,,,,,,,,0.061,14887.281,Pinned,Device,NVIDIA A100-SXM4-40GB (0),1,,13,[CUDA memcpy Host-to-Device]
2013515888,587578,12218,,,,,,,,,,456.520,776541.336,Device,,NVIDIA A100-SXM4-40GB (0),1,,13,[CUDA memset]
2014110634,33120,12223,,,,,,,,,,0.825,24919.611,Pinned,Device,NVIDIA A100-SXM4-40GB (0),1,,13,[CUDA memcpy Host-to-Device]
2014146282,7071,12224,,,,,,,,,,0.131,18536.464,Pinned,Device,NVIDIA A100-SXM4-40GB (0),1,,13,[CUDA memcpy Host-to-Device]
2014160169,7168,12225,69,4,1,48,1,1,76,0.002,0.000,,,,,NVIDIA A100-SXM4-40GB (0),1,,13,"void ch_est::windowedChEstPreNoDftSOfdmKernel<float, __half, float, (unsigned int)2, (unsigned int)1, (unsigned short)4>(ch_est::puschRxChEstStatDescr_t *, ch_est::puschRxChEstDynDescr_t *)"
2014168617,6208,12226,137,2,1,24,2,1,44,0.001,0.001,,,,,NVIDIA A100-SXM4-40GB (0),1,,13,"void ch_est::chEstFilterNoDftSOfdmDispatchKernel<float, __half, float, (unsigned int)2>(ch_est::puschRxChEstStatDescr_t *, ch_est::puschRxChEstDynDescr_t *)"
2014175849,4544,12227,137,2,1,24,2,1,44,0.001,0.001,,,,,NVIDIA A100-SXM4-40GB (0),1,,13,"void ch_est::chEstFilterNoDftSOfdmDispatchKernel<float, __half, float, (unsigned int)2>(ch_est::puschRxChEstStatDescr_t *, ch_est::puschRxChEstDynDescr_t *)"
2014181417,2176,12238,103,1,1,128,1,1,16,0.000,0.000,,,,,NVIDIA A100-SXM4-40GB (0),1,,13,cupy_copy__complex64_complex64
2014184905,12352,12248,1434,1,1,128,1,1,16,0.000,0.000,,,,,NVIDIA A100-SXM4-40GB (0),1,,13,cupy_copy__complex64_complex64
2014198345,2080,12255,103,1,1,128,1,1,16,0.000,0.000,,,,,NVIDIA A100-SXM4-40GB (0),1,,13,cupy_copy__complex64_complex64
2014201513,77919,12262,1,1,1,32,32,1,30,0.000,0.000,,,,,NVIDIA A100-SXM4-40GB (0),1,,13,"void convert_kernel<__half2, float2>(tensor_layout_any, T1 *, tensor_layout_any, const T2 *)"
2014308072,4224,12265,,,,,,,,,,0.061,14545.428,Pinned,Device,NVIDIA A100-SXM4-40GB (0),1,,13,[CUDA memcpy Host-to-Device]
2014321096,45311,12266,,,,,,,,,,35.801,790091.386,Device,,NVIDIA A100-SXM4-40GB (0),1,,13,[CUDA memset]
2014373383,1824,12268,,,,,,,,,,0.000,43.860,Pinned,Device,NVIDIA A100-SXM4-40GB (0),1,,13,[CUDA memcpy Host-to-Device]
2014378311,6816,12269,,,,,,,,,,0.131,19229.966,Pinned,Device,NVIDIA A100-SXM4-40GB (0),1,,13,[CUDA memcpy Host-to-Device]
2014392007,8512,12270,273,1,1,48,1,1,40,0.000,0.001,,,,,NVIDIA A100-SXM4-40GB (0),1,,13,"void pusch_noise_intf_est::noiseIntfEstNoDftSOfdmKernel<float, __half, float, float, (unsigned int)2, (unsigned int)1, (unsigned char)4, (unsigned char)4>(pusch_noise_intf_est::puschRxNoiseIntfEstDynDescr)"
2014401991,2304,12281,35,1,1,128,1,1,16,0.000,0.000,,,,,NVIDIA A100-SXM4-40GB (0),1,,13,cupy_copy__complex64_complex64
2014433862,1504,12290,1,1,1,1,1,1,18,0.000,0.000,,,,,NVIDIA A100-SXM4-40GB (0),1,,13,cupy_copy__float32_float32
2014468550,1728,12296,,,,,,,,,,0.000,2.315,Device,Pageable,NVIDIA A100-SXM4-40GB (0),1,,7,[CUDA memcpy Device-to-Host]
2014527077,13152,12307,1434,1,1,128,1,1,16,0.000,0.000,,,,,NVIDIA A100-SXM4-40GB (0),1,,13,cupy_copy__complex64_complex64
2014553285,2368,12314,103,1,1,128,1,1,16,0.000,0.000,,,,,NVIDIA A100-SXM4-40GB (0),1,,13,cupy_copy__complex64_complex64
2014573221,1984,12321,35,1,1,128,1,1,16,0.000,0.000,,,,,NVIDIA A100-SXM4-40GB (0),1,,13,cupy_copy__complex64_complex64
2014591045,1472,12328,1,1,1,1,1,1,18,0.000,0.000,,,,,NVIDIA A100-SXM4-40GB (0),1,,13,cupy_copy__float32_float32
2014726883,77919,12339,1,1,1,32,32,1,30,0.000,0.000,,,,,NVIDIA A100-SXM4-40GB (0),1,,13,"void convert_kernel<__half2, float2>(tensor_layout_any, T1 *, tensor_layout_any, const T2 *)"
2014832450,4512,12342,,,,,,,,,,0.061,13617.009,Pinned,Device,NVIDIA A100-SXM4-40GB (0),1,,13,[CUDA memcpy Host-to-Device]
2014846818,2688,12343,,,,,,,,,,1.547,575379.700,Device,,NVIDIA A100-SXM4-40GB (0),1,,13,[CUDA memset]
2014853218,2912,12348,,,,,,,,,,0.021,7230.757,Pinned,Device,NVIDIA A100-SXM4-40GB (0),1,,13,[CUDA memcpy Host-to-Device]
2014858562,6784,12349,,,,,,,,,,0.131,19320.668,Pinned,Device,NVIDIA A100-SXM4-40GB (0),1,,13,[CUDA memcpy Host-to-Device]
2014869346,5888,12350,273,1,1,8,4,1,39,0.002,0.000,,,,,NVIDIA A100-SXM4-40GB (0),1,,13,"void channel_eq::eqMmseCoefCompLowMimoKernel<float, float, float, (unsigned int)4, (unsigned int)1, (unsigned int)4>(const channel_eq::_puschRxChEqStatDescr *, channel_eq::_puschRxChEqCoefCompDynDescr)"
2014876450,4831,12351,273,1,1,12,11,1,40,0.002,0.000,,,,,NVIDIA A100-SXM4-40GB (0),1,,13,"void channel_eq::eqMmseSoftDemapKernel<float, __half, __half, float, (unsigned int)4, (unsigned short)16383>(channel_eq::_puschRxChEqStatDescr *, channel_eq::_puschRxChEqSoftDemapDynDescr)"
2014882561,282173,12352,1,1,1,32,32,1,30,0.000,0.000,,,,,NVIDIA A100-SXM4-40GB (0),1,,13,"void convert_kernel<float2, __half2>(tensor_layout_any, T1 *, tensor_layout_any, const T2 *)"
2015165982,10240,12364,2253,1,1,128,1,1,16,0.000,0.000,,,,,NVIDIA A100-SXM4-40GB (0),1,,13,cupy_copy__float16_float16
2015177438,2400,12373,282,1,1,128,1,1,16,0.000,0.000,,,,,NVIDIA A100-SXM4-40GB (0),1,,13,cupy_copy__complex64_complex64
2015180862,1760,12382,26,1,1,128,1,1,16,0.000,0.000,,,,,NVIDIA A100-SXM4-40GB (0),1,,13,cupy_copy__float32_float32
2015183774,2496,12391,103,1,1,128,1,1,16,0.000,0.000,,,,,NVIDIA A100-SXM4-40GB (0),1,,13,cupy_copy__complex64_complex64
2015187518,11328,12401,1434,1,1,128,1,1,16,0.000,0.000,,,,,NVIDIA A100-SXM4-40GB (0),1,,13,cupy_copy__complex64_complex64
2015230878,78815,12406,1,1,1,32,32,1,30,0.000,0.000,,,,,NVIDIA A100-SXM4-40GB (0),1,,13,"void convert_kernel<__half2, float2>(tensor_layout_any, T1 *, tensor_layout_any, const T2 *)"
2015337084,4480,12409,,,,,,,,,,0.061,13714.268,Pinned,Device,NVIDIA A100-SXM4-40GB (0),1,,13,[CUDA memcpy Host-to-Device]
2015348060,587354,12410,,,,,,,,,,456.520,776997.857,Device,,NVIDIA A100-SXM4-40GB (0),1,,13,[CUDA memset]
2015939094,32896,12415,,,,,,,,,,0.825,25088.807,Pinned,Device,NVIDIA A100-SXM4-40GB (0),1,,13,[CUDA memcpy Host-to-Device]
2015975189,6752,12416,,,,,,,,,,0.131,19412.287,Pinned,Device,NVIDIA A100-SXM4-40GB (0),1,,13,[CUDA memcpy Host-to-Device]
2015987989,7104,12417,69,4,1,48,1,1,76,0.002,0.000,,,,,NVIDIA A100-SXM4-40GB (0),1,,13,"void ch_est::windowedChEstPreNoDftSOfdmKernel<float, __half, float, (unsigned int)2, (unsigned int)1, (unsigned short)4>(ch_est::puschRxChEstStatDescr_t *, ch_est::puschRxChEstDynDescr_t *)"
2015996149,6272,12418,137,2,1,24,2,1,44,0.001,0.001,,,,,NVIDIA A100-SXM4-40GB (0),1,,13,"void ch_est::chEstFilterNoDftSOfdmDispatchKernel<float, __half, float, (unsigned int)2>(ch_est::puschRxChEstStatDescr_t *, ch_est::puschRxChEstDynDescr_t *)"
2016003701,4544,12419,137,2,1,24,2,1,44,0.001,0.001,,,,,NVIDIA A100-SXM4-40GB (0),1,,13,"void ch_est::chEstFilterNoDftSOfdmDispatchKernel<float, __half, float, (unsigned int)2>(ch_est::puschRxChEstStatDescr_t *, ch_est::puschRxChEstDynDescr_t *)"
2016009493,2176,12430,103,1,1,128,1,1,16,0.000,0.000,,,,,NVIDIA A100-SXM4-40GB (0),1,,13,cupy_copy__complex64_complex64
2016012917,12704,12440,1434,1,1,128,1,1,16,0.000,0.000,,,,,NVIDIA A100-SXM4-40GB (0),1,,13,cupy_copy__complex64_complex64
2016026901,2080,12447,103,1,1,128,1,1,16,0.000,0.000,,,,,NVIDIA A100-SXM4-40GB (0),1,,13,cupy_copy__complex64_complex64
2016030037,78399,12454,1,1,1,32,32,1,30,0.000,0.000,,,,,NVIDIA A100-SXM4-40GB (0),1,,13,"void convert_kernel<__half2, float2>(tensor_layout_any, T1 *, tensor_layout_any, const T2 *)"
2016288306,4576,12457,,,,,,,,,,0.061,13426.545,Pinned,Device,NVIDIA A100-SXM4-40GB (0),1,,13,[CUDA memcpy Host-to-Device]
2016299282,46015,12458,,,,,,,,,,35.801,778026.463,Device,,NVIDIA A100-SXM4-40GB (0),1,,13,[CUDA memset]
2016346033,1920,12460,,,,,,,,,,0.000,41.667,Pinned,Device,NVIDIA A100-SXM4-40GB (0),1,,13,[CUDA memcpy Host-to-Device]
2016350833,7456,12461,,,,,,,,,,0.131,17579.377,Pinned,Device,NVIDIA A100-SXM4-40GB (0),1,,13,[CUDA memcpy Host-to-Device]
2016361745,8928,12462,273,1,1,48,1,1,40,0.000,0.001,,,,,NVIDIA A100-SXM4-40GB (0),1,,13,"void pusch_noise_intf_est::noiseIntfEstNoDftSOfdmKernel<float, __half, float, float, (unsigned int)2, (unsigned int)1, (unsigned char)4, (unsigned char)4>(pusch_noise_intf_est::puschRxNoiseIntfEstDynDescr)"
2016372177,2496,12473,35,1,1,128,1,1,16,0.000,0.000,,,,,NVIDIA A100-SXM4-40GB (0),1,,13,cupy_copy__complex64_complex64
2016398609,1536,12482,1,1,1,1,1,1,18,0.000,0.000,,,,,NVIDIA A100-SXM4-40GB (0),1,,13,cupy_copy__float32_float32
2016433328,2016,12488,,,,,,,,,,0.000,1.984,Device,Pageable,NVIDIA A100-SXM4-40GB (0),1,,7,[CUDA memcpy Device-to-Host]
2016491632,13184,12499,1434,1,1,128,1,1,16,0.000,0.000,,,,,NVIDIA A100-SXM4-40GB (0),1,,13,cupy_copy__complex64_complex64
2016517552,2336,12506,103,1,1,128,1,1,16,0.000,0.000,,,,,NVIDIA A100-SXM4-40GB (0),1,,13,cupy_copy__complex64_complex64
2016537519,1984,12513,35,1,1,128,1,1,16,0.000,0.000,,,,,NVIDIA A100-SXM4-40GB (0),1,,13,cupy_copy__complex64_complex64
2016554223,1472,12520,1,1,1,1,1,1,18,0.000,0.000,,,,,NVIDIA A100-SXM4-40GB (0),1,,13,cupy_copy__float32_float32
2016878188,78879,12531,1,1,1,32,32,1,30,0.000,0.000,,,,,NVIDIA A100-SXM4-40GB (0),1,,13,"void convert_kernel<__half2, float2>(tensor_layout_any, T1 *, tensor_layout_any, const T2 *)"
2016989066,4416,12534,,,,,,,,,,0.061,13913.027,Pinned,Device,NVIDIA A100-SXM4-40GB (0),1,,13,[CUDA memcpy Host-to-Device]
2017003722,2624,12535,,,,,,,,,,1.547,589413.767,Device,,NVIDIA A100-SXM4-40GB (0),1,,13,[CUDA memset]
2017010250,2720,12540,,,,,,,,,,0.021,7741.175,Pinned,Device,NVIDIA A100-SXM4-40GB (0),1,,13,[CUDA memcpy Host-to-Device]
2017015818,6784,12541,,,,,,,,,,0.131,19320.668,Pinned,Device,NVIDIA A100-SXM4-40GB (0),1,,13,[CUDA memcpy Host-to-Device]
2017026986,5856,12542,273,1,1,8,4,1,39,0.002,0.000,,,,,NVIDIA A100-SXM4-40GB (0),1,,13,"void channel_eq::eqMmseCoefCompLowMimoKernel<float, float, float, (unsigned int)4, (unsigned int)1, (unsigned int)4>(const channel_eq::_puschRxChEqStatDescr *, channel_eq::_puschRxChEqCoefCompDynDescr)"
2017034090,4864,12543,273,1,1,12,11,1,40,0.002,0.000,,,,,NVIDIA A100-SXM4-40GB (0),1,,13,"void channel_eq::eqMmseSoftDemapKernel<float, __half, __half, float, (unsigned int)4, (unsigned short)16383>(channel_eq::_puschRxChEqStatDescr *, channel_eq::_puschRxChEqSoftDemapDynDescr)"
2017040138,282237,12544,1,1,1,32,32,1,30,0.000,0.000,,,,,NVIDIA A100-SXM4-40GB (0),1,,13,"void convert_kernel<float2, __half2>(tensor_layout_any, T1 *, tensor_layout_any, const T2 *)"
2017323367,10176,12556,2253,1,1,128,1,1,16,0.000,0.000,,,,,NVIDIA A100-SXM4-40GB (0),1,,13,cupy_copy__float16_float16
2017334567,2368,12565,282,1,1,128,1,1,16,0.000,0.000,,,,,NVIDIA A100-SXM4-40GB (0),1,,13,cupy_copy__complex64_complex64
2017337959,1760,12574,26,1,1,128,1,1,16,0.000,0.000,,,,,NVIDIA A100-SXM4-40GB (0),1,,13,cupy_copy__float32_float32
2017340935,2495,12583,103,1,1,128,1,1,16,0.000,0.000,,,,,NVIDIA A100-SXM4-40GB (0),1,,13,cupy_copy__complex64_complex64
2017344646,11360,12593,1434,1,1,128,1,1,16,0.000,0.000,,,,,NVIDIA A100-SXM4-40GB (0),1,,13,cupy_copy__complex64_complex64
2017400358,78655,12598,1,1,1,32,32,1,30,0.000,0.000,,,,,NVIDIA A100-SXM4-40GB (0),1,,13,"void convert_kernel<__half2, float2>(tensor_layout_any, T1 *, tensor_layout_any, const T2 *)"
2017658403,4512,12601,,,,,,,,,,0.061,13617.009,Pinned,Device,NVIDIA A100-SXM4-40GB (0),1,,13,[CUDA memcpy Host-to-Device]
2017667107,589881,12602,,,,,,,,,,456.520,773802.214,Device,,NVIDIA A100-SXM4-40GB (0),1,,13,[CUDA memset]
2018262044,33024,12607,,,,,,,,,,0.825,24992.242,Pinned,Device,NVIDIA A100-SXM4-40GB (0),1,,13,[CUDA memcpy Host-to-Device]
2018297916,7328,12608,,,,,,,,,,0.131,17886.347,Pinned,Device,NVIDIA A100-SXM4-40GB (0),1,,13,[CUDA memcpy Host-to-Device]
2018314492,7712,12609,69,4,1,48,1,1,76,0.002,0.000,,,,,NVIDIA A100-SXM4-40GB (0),1,,13,"void ch_est::windowedChEstPreNoDftSOfdmKernel<float, __half, float, (unsigned int)2, (unsigned int)1, (unsigned short)4>(ch_est::puschRxChEstStatDescr_t *, ch_est::puschRxChEstDynDescr_t *)"
2018323292,6176,12610,137,2,1,24,2,1,44,0.001,0.001,,,,,NVIDIA A100-SXM4-40GB (0),1,,13,"void ch_est::chEstFilterNoDftSOfdmDispatchKernel<float, __half, float, (unsigned int)2>(ch_est::puschRxChEstStatDescr_t *, ch_est::puschRxChEstDynDescr_t *)"
2018330524,4576,12611,137,2,1,24,2,1,44,0.001,0.001,,,,,NVIDIA A100-SXM4-40GB (0),1,,13,"void ch_est::chEstFilterNoDftSOfdmDispatchKernel<float, __half, float, (unsigned int)2>(ch_est::puschRxChEstStatDescr_t *, ch_est::puschRxChEstDynDescr_t *)"
2018336348,2144,12622,103,1,1,128,1,1,16,0.000,0.000,,,,,NVIDIA A100-SXM4-40GB (0),1,,13,cupy_copy__complex64_complex64
2018339484,12639,12632,1434,1,1,128,1,1,16,0.000,0.000,,,,,NVIDIA A100-SXM4-40GB (0),1,,13,cupy_copy__complex64_complex64
2018353403,2048,12639,103,1,1,128,1,1,16,0.000,0.000,,,,,NVIDIA A100-SXM4-40GB (0),1,,13,cupy_copy__complex64_complex64
2018356539,79200,12646,1,1,1,32,32,1,30,0.000,0.000,,,,,NVIDIA A100-SXM4-40GB (0),1,,13,"void convert_kernel<__half2, float2>(tensor_layout_any, T1 *, tensor_layout_any, const T2 *)"
2018466426,4512,12649,,,,,,,,,,0.061,13617.009,Pinned,Device,NVIDIA A100-SXM4-40GB (0),1,,13,[CUDA memcpy Host-to-Device]
2018479418,45088,12650,,,,,,,,,,35.801,793993.691,Device,,NVIDIA A100-SXM4-40GB (0),1,,13,[CUDA memset]
2018533241,2048,12652,,,,,,,,,,0.000,39.062,Pinned,Device,NVIDIA A100-SXM4-40GB (0),1,,13,[CUDA memcpy Host-to-Device]
2018537401,6912,12653,,,,,,,,,,0.131,18962.842,Pinned,Device,NVIDIA A100-SXM4-40GB (0),1,,13,[CUDA memcpy Host-to-Device]
2018549017,8384,12654,273,1,1,48,1,1,40,0.000,0.001,,,,,NVIDIA A100-SXM4-40GB (0),1,,13,"void pusch_noise_intf_est::noiseIntfEstNoDftSOfdmKernel<float, __half, float, float, (unsigned int)2, (unsigned int)1, (unsigned char)4, (unsigned char)4>(pusch_noise_intf_est::puschRxNoiseIntfEstDynDescr)"
2018559545,2304,12665,35,1,1,128,1,1,16,0.000,0.000,,,,,NVIDIA A100-SXM4-40GB (0),1,,13,cupy_copy__complex64_complex64
2018594969,1504,12674,1,1,1,1,1,1,18,0.000,0.000,,,,,NVIDIA A100-SXM4-40GB (0),1,,13,cupy_copy__float32_float32
2018629464,1728,12680,,,,,,,,,,0.000,2.315,Device,Pageable,NVIDIA A100-SXM4-40GB (0),1,,7,[CUDA memcpy Device-to-Host]
2018687096,13312,12691,1434,1,1,128,1,1,16,0.000,0.000,,,,,NVIDIA A100-SXM4-40GB (0),1,,13,cupy_copy__complex64_complex64
2018713079,2336,12698,103,1,1,128,1,1,16,0.000,0.000,,,,,NVIDIA A100-SXM4-40GB (0),1,,13,cupy_copy__complex64_complex64
2018732343,1984,12705,35,1,1,128,1,1,16,0.000,0.000,,,,,NVIDIA A100-SXM4-40GB (0),1,,13,cupy_copy__complex64_complex64
2018749591,1504,12712,1,1,1,1,1,1,18,0.000,0.000,,,,,NVIDIA A100-SXM4-40GB (0),1,,13,cupy_copy__float32_float32
2018885750,79071,12723,1,1,1,32,32,1,30,0.000,0.000,,,,,NVIDIA A100-SXM4-40GB (0),1,,13,"void convert_kernel<__half2, float2>(tensor_layout_any, T1 *, tensor_layout_any, const T2 *)"
2018992948,4736,12726,,,,,,,,,,0.061,12972.933,Pinned,Device,NVIDIA A100-SXM4-40GB (0),1,,13,[CUDA memcpy Host-to-Device]
2019007124,2624,12727,,,,,,,,,,1.547,589413.767,Device,,NVIDIA A100-SXM4-40GB (0),1,,13,[CUDA memset]
2019013588,2720,12732,,,,,,,,,,0.021,7741.175,Pinned,Device,NVIDIA A100-SXM4-40GB (0),1,,13,[CUDA memcpy Host-to-Device]
2019018772,7424,12733,,,,,,,,,,0.131,17655.136,Pinned,Device,NVIDIA A100-SXM4-40GB (0),1,,13,[CUDA memcpy Host-to-Device]
2019030196,5888,12734,273,1,1,8,4,1,39,0.002,0.000,,,,,NVIDIA A100-SXM4-40GB (0),1,,13,"void channel_eq::eqMmseCoefCompLowMimoKernel<float, float, float, (unsigned int)4, (unsigned int)1, (unsigned int)4>(const channel_eq::_puschRxChEqStatDescr *, channel_eq::_puschRxChEqCoefCompDynDescr)"
2019037300,4992,12735,273,1,1,12,11,1,40,0.002,0.000,,,,,NVIDIA A100-SXM4-40GB (0),1,,13,"void channel_eq::eqMmseSoftDemapKernel<float, __half, __half, float, (unsigned int)4, (unsigned short)16383>(channel_eq::_puschRxChEqStatDescr *, channel_eq::_puschRxChEqSoftDemapDynDescr)"
2019043604,282237,12736,1,1,1,32,32,1,30,0.000,0.000,,,,,NVIDIA A100-SXM4-40GB (0),1,,13,"void convert_kernel<float2, __half2>(tensor_layout_any, T1 *, tensor_layout_any, const T2 *)"
2019326865,10240,12748,2253,1,1,128,1,1,16,0.000,0.000,,,,,NVIDIA A100-SXM4-40GB (0),1,,13,cupy_copy__float16_float16
2019338353,2400,12757,282,1,1,128,1,1,16,0.000,0.000,,,,,NVIDIA A100-SXM4-40GB (0),1,,13,cupy_copy__complex64_complex64
2019341777,1760,12766,26,1,1,128,1,1,16,0.000,0.000,,,,,NVIDIA A100-SXM4-40GB (0),1,,13,cupy_copy__float32_float32
2019344753,2528,12775,103,1,1,128,1,1,16,0.000,0.000,,,,,NVIDIA A100-SXM4-40GB (0),1,,13,cupy_copy__complex64_complex64
2019348497,11391,12785,1434,1,1,128,1,1,16,0.000,0.000,,,,,NVIDIA A100-SXM4-40GB (0),1,,13,cupy_copy__complex64_complex64
2019390608,78431,12790,1,1,1,32,32,1,30,0.000,0.000,,,,,NVIDIA A100-SXM4-40GB (0),1,,13,"void convert_kernel<__half2, float2>(tensor_layout_any, T1 *, tensor_layout_any, const T2 *)"
2019496975,4544,12793,,,,,,,,,,0.061,13521.101,Pinned,Device,NVIDIA A100-SXM4-40GB (0),1,,13,[CUDA memcpy Host-to-Device]
2019508079,587449,12794,,,,,,,,,,456.520,776997.857,Device,,NVIDIA A100-SXM4-40GB (0),1,,13,[CUDA memset]
2020098536,32864,12799,,,,,,,,,,0.825,25113.567,Pinned,Device,NVIDIA A100-SXM4-40GB (0),1,,13,[CUDA memcpy Host-to-Device]
2020134216,7232,12800,,,,,,,,,,0.131,18123.850,Pinned,Device,NVIDIA A100-SXM4-40GB (0),1,,13,[CUDA memcpy Host-to-Device]
2020148424,6976,12801,69,4,1,48,1,1,76,0.002,0.000,,,,,NVIDIA A100-SXM4-40GB (0),1,,13,"void ch_est::windowedChEstPreNoDftSOfdmKernel<float, __half, float, (unsigned int)2, (unsigned int)1, (unsigned short)4>(ch_est::puschRxChEstStatDescr_t *, ch_est::puschRxChEstDynDescr_t *)"
2020156680,6176,12802,137,2,1,24,2,1,44,0.001,0.001,,,,,NVIDIA A100-SXM4-40GB (0),1,,13,"void ch_est::chEstFilterNoDftSOfdmDispatchKernel<float, __half, float, (unsigned int)2>(ch_est::puschRxChEstStatDescr_t *, ch_est::puschRxChEstDynDescr_t *)"
2020164072,4576,12803,137,2,1,24,2,1,44,0.001,0.001,,,,,NVIDIA A100-SXM4-40GB (0),1,,13,"void ch_est::chEstFilterNoDftSOfdmDispatchKernel<float, __half, float, (unsigned int)2>(ch_est::puschRxChEstStatDescr_t *, ch_est::puschRxChEstDynDescr_t *)"
2020169864,2176,12814,103,1,1,128,1,1,16,0.000,0.000,,,,,NVIDIA A100-SXM4-40GB (0),1,,13,cupy_copy__complex64_complex64
2020172999,12448,12824,1434,1,1,128,1,1,16,0.000,0.000,,,,,NVIDIA A100-SXM4-40GB (0),1,,13,cupy_copy__complex64_complex64
2020186631,2048,12831,103,1,1,128,1,1,16,0.000,0.000,,,,,NVIDIA A100-SXM4-40GB (0),1,,13,cupy_copy__complex64_complex64
2020189927,77919,12838,1,1,1,32,32,1,30,0.000,0.000,,,,,NVIDIA A100-SXM4-40GB (0),1,,13,"void convert_kernel<__half2, float2>(tensor_layout_any, T1 *, tensor_layout_any, const T2 *)"
2020295238,4672,12841,,,,,,,,,,0.061,13150.679,Pinned,Device,NVIDIA A100-SXM4-40GB (0),1,,13,[CUDA memcpy Host-to-Device]
2020307558,44960,12842,,,,,,,,,,35.801,796249.151,Device,,NVIDIA A100-SXM4-40GB (0),1,,13,[CUDA memset]
2020355525,1824,12844,,,,,,,,,,0.000,43.860,Pinned,Device,NVIDIA A100-SXM4-40GB (0),1,,13,[CUDA memcpy Host-to-Device]
2020359589,7328,12845,,,,,,,,,,0.131,17886.347,Pinned,Device,NVIDIA A100-SXM4-40GB (0),1,,13,[CUDA memcpy Host-to-Device]
2020370949,8416,12846,273,1,1,48,1,1,40,0.000,0.001,,,,,NVIDIA A100-SXM4-40GB (0),1,,13,"void pusch_noise_intf_est::noiseIntfEstNoDftSOfdmKernel<float, __half, float, float, (unsigned int)2, (unsigned int)1, (unsigned char)4, (unsigned char)4>(pusch_noise_intf_est::puschRxNoiseIntfEstDynDescr)"
2020386629,2240,12857,35,1,1,128,1,1,16,0.000,0.000,,,,,NVIDIA A100-SXM4-40GB (0),1,,13,cupy_copy__complex64_complex64
2020422757,1504,12866,1,1,1,1,1,1,18,0.000,0.000,,,,,NVIDIA A100-SXM4-40GB (0),1,,13,cupy_copy__float32_float32
2020456612,1632,12872,,,,,,,,,,0.000,2.451,Device,Pageable,NVIDIA A100-SXM4-40GB (0),1,,7,[CUDA memcpy Device-to-Host]
2020513668,13632,12883,1434,1,1,128,1,1,16,0.000,0.000,,,,,NVIDIA A100-SXM4-40GB (0),1,,13,cupy_copy__complex64_complex64
2020539107,2400,12890,103,1,1,128,1,1,16,0.000,0.000,,,,,NVIDIA A100-SXM4-40GB (0),1,,13,cupy_copy__complex64_complex64
2020558627,2016,12897,35,1,1,128,1,1,16,0.000,0.000,,,,,NVIDIA A100-SXM4-40GB (0),1,,13,cupy_copy__complex64_complex64
2020575843,1472,12904,1,1,1,1,1,1,18,0.000,0.000,,,,,NVIDIA A100-SXM4-40GB (0),1,,13,cupy_copy__float32_float32
2020710402,78367,12915,1,1,1,32,32,1,30,0.000,0.000,,,,,NVIDIA A100-SXM4-40GB (0),1,,13,"void convert_kernel<__half2, float2>(tensor_layout_any, T1 *, tensor_layout_any, const T2 *)"
2020816800,4128,12918,,,,,,,,,,0.061,14883.717,Pinned,Device,NVIDIA A100-SXM4-40GB (0),1,,13,[CUDA memcpy Host-to-Device]
2020830848,2592,12919,,,,,,,,,,1.547,596690.632,Device,,NVIDIA A100-SXM4-40GB (0),1,,13,[CUDA memset]
2020836992,3008,12924,,,,,,,,,,0.021,6999.983,Pinned,Device,NVIDIA A100-SXM4-40GB (0),1,,13,[CUDA memcpy Host-to-Device]
2020842560,6880,12925,,,,,,,,,,0.131,19051.053,Pinned,Device,NVIDIA A100-SXM4-40GB (0),1,,13,[CUDA memcpy Host-to-Device]
2020853504,5824,12926,273,1,1,8,4,1,39,0.002,0.000,,,,,NVIDIA A100-SXM4-40GB (0),1,,13,"void channel_eq::eqMmseCoefCompLowMimoKernel<float, float, float, (unsigned int)4, (unsigned int)1, (unsigned int)4>(const channel_eq::_puschRxChEqStatDescr *, channel_eq::_puschRxChEqCoefCompDynDescr)"
2020860320,4800,12927,273,1,1,12,11,1,40,0.002,0.000,,,,,NVIDIA A100-SXM4-40GB (0),1,,13,"void channel_eq::eqMmseSoftDemapKernel<float, __half, __half, float, (unsigned int)4, (unsigned short)16383>(channel_eq::_puschRxChEqStatDescr *, channel_eq::_puschRxChEqSoftDemapDynDescr)"
2020866400,281885,12928,1,1,1,32,32,1,30,0.000,0.000,,,,,NVIDIA A100-SXM4-40GB (0),1,,13,"void convert_kernel<float2, __half2>(tensor_layout_any, T1 *, tensor_layout_any, const T2 *)"
2021149309,10336,12940,2253,1,1,128,1,1,16,0.000,0.000,,,,,NVIDIA A100-SXM4-40GB (0),1,,13,cupy_copy__float16_float16
2021160861,2400,12949,282,1,1,128,1,1,16,0.000,0.000,,,,,NVIDIA A100-SXM4-40GB (0),1,,13,cupy_copy__complex64_complex64
2021164253,1792,12958,26,1,1,128,1,1,16,0.000,0.000,,,,,NVIDIA A100-SXM4-40GB (0),1,,13,cupy_copy__float32_float32
2021167165,2528,12967,103,1,1,128,1,1,16,0.000,0.000,,,,,NVIDIA A100-SXM4-40GB (0),1,,13,cupy_copy__complex64_complex64
2021170877,11487,12977,1434,1,1,128,1,1,16,0.000,0.000,,,,,NVIDIA A100-SXM4-40GB (0),1,,13,cupy_copy__complex64_complex64
2021209084,78591,12982,1,1,1,32,32,1,30,0.000,0.000,,,,,NVIDIA A100-SXM4-40GB (0),1,,13,"void convert_kernel<__half2, float2>(tensor_layout_any, T1 *, tensor_layout_any, const T2 *)"
2021459609,4256,12985,,,,,,,,,,0.061,14436.065,Pinned,Device,NVIDIA A100-SXM4-40GB (0),1,,13,[CUDA memcpy Host-to-Device]
2021468217,590170,12986,,,,,,,,,,456.520,773345.693,Device,,NVIDIA A100-SXM4-40GB (0),1,,13,[CUDA memset]
2022062387,32863,12991,,,,,,,,,,0.825,25114.393,Pinned,Device,NVIDIA A100-SXM4-40GB (0),1,,13,[CUDA memcpy Host-to-Device]
2022098194,6880,12992,,,,,,,,,,0.131,19051.053,Pinned,Device,NVIDIA A100-SXM4-40GB (0),1,,13,[CUDA memcpy Host-to-Device]
2022116562,7392,12993,69,4,1,48,1,1,76,0.002,0.000,,,,,NVIDIA A100-SXM4-40GB (0),1,,13,"void ch_est::windowedChEstPreNoDftSOfdmKernel<float, __half, float, (unsigned int)2, (unsigned int)1, (unsigned short)4>(ch_est::puschRxChEstStatDescr_t *, ch_est::puschRxChEstDynDescr_t *)"
2022124946,6176,12994,137,2,1,24,2,1,44,0.001,0.001,,,,,NVIDIA A100-SXM4-40GB (0),1,,13,"void ch_est::chEstFilterNoDftSOfdmDispatchKernel<float, __half, float, (unsigned int)2>(ch_est::puschRxChEstStatDescr_t *, ch_est::puschRxChEstDynDescr_t *)"
2022132210,4544,12995,137,2,1,24,2,1,44,0.001,0.001,,,,,NVIDIA A100-SXM4-40GB (0),1,,13,"void ch_est::chEstFilterNoDftSOfdmDispatchKernel<float, __half, float, (unsigned int)2>(ch_est::puschRxChEstStatDescr_t *, ch_est::puschRxChEstDynDescr_t *)"
2022137778,2656,13006,103,1,1,128,1,1,16,0.000,0.000,,,,,NVIDIA A100-SXM4-40GB (0),1,,13,cupy_copy__complex64_complex64
2022141426,12864,13016,1434,1,1,128,1,1,16,0.000,0.000,,,,,NVIDIA A100-SXM4-40GB (0),1,,13,cupy_copy__complex64_complex64
2022155538,2080,13023,103,1,1,128,1,1,16,0.000,0.000,,,,,NVIDIA A100-SXM4-40GB (0),1,,13,cupy_copy__complex64_complex64
2022158802,78367,13030,1,1,1,32,32,1,30,0.000,0.000,,,,,NVIDIA A100-SXM4-40GB (0),1,,13,"void convert_kernel<__half2, float2>(tensor_layout_any, T1 *, tensor_layout_any, const T2 *)"
2022268049,4287,13033,,,,,,,,,,0.061,14331.679,Pinned,Device,NVIDIA A100-SXM4-40GB (0),1,,13,[CUDA memcpy Host-to-Device]
2022283376,44736,13034,,,,,,,,,,35.801,800258.859,Device,,NVIDIA A100-SXM4-40GB (0),1,,13,[CUDA memset]
2022335920,2400,13036,,,,,,,,,,0.000,33.333,Pinned,Device,NVIDIA A100-SXM4-40GB (0),1,,13,[CUDA memcpy Host-to-Device]
2022341360,6944,13037,,,,,,,,,,0.131,18875.548,Pinned,Device,NVIDIA A100-SXM4-40GB (0),1,,13,[CUDA memcpy Host-to-Device]
2022353104,8544,13038,273,1,1,48,1,1,40,0.000,0.001,,,,,NVIDIA A100-SXM4-40GB (0),1,,13,"void pusch_noise_intf_est::noiseIntfEstNoDftSOfdmKernel<float, __half, float, float, (unsigned int)2, (unsigned int)1, (unsigned char)4, (unsigned char)4>(pusch_noise_intf_est::puschRxNoiseIntfEstDynDescr)"
2022363215,2336,13049,35,1,1,128,1,1,16,0.000,0.000,,,,,NVIDIA A100-SXM4-40GB (0),1,,13,cupy_copy__complex64_complex64
2022396015,1504,13058,1,1,1,1,1,1,18,0.000,0.000,,,,,NVIDIA A100-SXM4-40GB (0),1,,13,cupy_copy__float32_float32
2022430095,1920,13064,,,,,,,,,,0.000,2.083,Device,Pageable,NVIDIA A100-SXM4-40GB (0),1,,7,[CUDA memcpy Device-to-Host]
2022488206,13216,13075,1434,1,1,128,1,1,16,0.000,0.000,,,,,NVIDIA A100-SXM4-40GB (0),1,,13,cupy_copy__complex64_complex64
2022514286,2336,13082,103,1,1,128,1,1,16,0.000,0.000,,,,,NVIDIA A100-SXM4-40GB (0),1,,13,cupy_copy__complex64_complex64
2022533742,1984,13089,35,1,1,128,1,1,16,0.000,0.000,,,,,NVIDIA A100-SXM4-40GB (0),1,,13,cupy_copy__complex64_complex64
2022551085,1472,13096,1,1,1,1,1,1,18,0.000,0.000,,,,,NVIDIA A100-SXM4-40GB (0),1,,13,cupy_copy__float32_float32
2022686028,78879,13107,1,1,1,32,32,1,30,0.000,0.000,,,,,NVIDIA A100-SXM4-40GB (0),1,,13,"void convert_kernel<__half2, float2>(tensor_layout_any, T1 *, tensor_layout_any, const T2 *)"
2022990409,4672,13110,,,,,,,,,,0.061,13150.679,Pinned,Device,NVIDIA A100-SXM4-40GB (0),1,,13,[CUDA memcpy Host-to-Device]
2023000265,2623,13111,,,,,,,,,,1.547,589638.027,Device,,NVIDIA A100-SXM4-40GB (0),1,,13,[CUDA memset]
2023007784,2720,13116,,,,,,,,,,0.021,7741.175,Pinned,Device,NVIDIA A100-SXM4-40GB (0),1,,13,[CUDA memcpy Host-to-Device]
2023013480,6848,13117,,,,,,,,,,0.131,19140.182,Pinned,Device,NVIDIA A100-SXM4-40GB (0),1,,13,[CUDA memcpy Host-to-Device]
2023024840,5824,13118,273,1,1,8,4,1,39,0.002,0.000,,,,,NVIDIA A100-SXM4-40GB (0),1,,13,"void channel_eq::eqMmseCoefCompLowMimoKernel<float, float, float, (unsigned int)4, (unsigned int)1, (unsigned int)4>(const channel_eq::_puschRxChEqStatDescr *, channel_eq::_puschRxChEqCoefCompDynDescr)"
2023031944,4768,13119,273,1,1,12,11,1,40,0.002,0.000,,,,,NVIDIA A100-SXM4-40GB (0),1,,13,"void channel_eq::eqMmseSoftDemapKernel<float, __half, __half, float, (unsigned int)4, (unsigned short)16383>(channel_eq::_puschRxChEqStatDescr *, channel_eq::_puschRxChEqSoftDemapDynDescr)"
2023037736,282268,13120,1,1,1,32,32,1,30,0.000,0.000,,,,,NVIDIA A100-SXM4-40GB (0),1,,13,"void convert_kernel<float2, __half2>(tensor_layout_any, T1 *, tensor_layout_any, const T2 *)"
2023321060,10144,13132,2253,1,1,128,1,1,16,0.000,0.000,,,,,NVIDIA A100-SXM4-40GB (0),1,,13,cupy_copy__float16_float16
2023332196,2432,13141,282,1,1,128,1,1,16,0.000,0.000,,,,,NVIDIA A100-SXM4-40GB (0),1,,13,cupy_copy__complex64_complex64
2023335620,1760,13150,26,1,1,128,1,1,16,0.000,0.000,,,,,NVIDIA A100-SXM4-40GB (0),1,,13,cupy_copy__float32_float32
2023338596,2528,13159,103,1,1,128,1,1,16,0.000,0.000,,,,,NVIDIA A100-SXM4-40GB (0),1,,13,cupy_copy__complex64_complex64
2023342340,11232,13169,1434,1,1,128,1,1,16,0.000,0.000,,,,,NVIDIA A100-SXM4-40GB (0),1,,13,cupy_copy__complex64_complex64
2023506978,78655,13174,1,1,1,32,32,1,30,0.000,0.000,,,,,NVIDIA A100-SXM4-40GB (0),1,,13,"void convert_kernel<__half2, float2>(tensor_layout_any, T1 *, tensor_layout_any, const T2 *)"
2023616833,4544,13177,,,,,,,,,,0.061,13521.101,Pinned,Device,NVIDIA A100-SXM4-40GB (0),1,,13,[CUDA memcpy Host-to-Device]
2023628129,587034,13178,,,,,,,,,,456.520,777454.377,Device,,NVIDIA A100-SXM4-40GB (0),1,,13,[CUDA memset]
2024219066,32864,13183,,,,,,,,,,0.825,25113.567,Pinned,Device,NVIDIA A100-SXM4-40GB (0),1,,13,[CUDA memcpy Host-to-Device]
2024254586,6976,13184,,,,,,,,,,0.131,18788.909,Pinned,Device,NVIDIA A100-SXM4-40GB (0),1,,13,[CUDA memcpy Host-to-Device]
2024267962,7168,13185,69,4,1,48,1,1,76,0.002,0.000,,,,,NVIDIA A100-SXM4-40GB (0),1,,13,"void ch_est::windowedChEstPreNoDftSOfdmKernel<float, __half, float, (unsigned int)2, (unsigned int)1, (unsigned short)4>(ch_est::puschRxChEstStatDescr_t *, ch_est::puschRxChEstDynDescr_t *)"
2024276410,6144,13186,137,2,1,24,2,1,44,0.001,0.001,,,,,NVIDIA A100-SXM4-40GB (0),1,,13,"void ch_est::chEstFilterNoDftSOfdmDispatchKernel<float, __half, float, (unsigned int)2>(ch_est::puschRxChEstStatDescr_t *, ch_est::puschRxChEstDynDescr_t *)"
2024283738,4512,13187,137,2,1,24,2,1,44,0.001,0.001,,,,,NVIDIA A100-SXM4-40GB (0),1,,13,"void ch_est::chEstFilterNoDftSOfdmDispatchKernel<float, __half, float, (unsigned int)2>(ch_est::puschRxChEstStatDescr_t *, ch_est::puschRxChEstDynDescr_t *)"
2024289530,2144,13198,103,1,1,128,1,1,16,0.000,0.000,,,,,NVIDIA A100-SXM4-40GB (0),1,,13,cupy_copy__complex64_complex64
2024293018,12352,13208,1434,1,1,128,1,1,16,0.000,0.000,,,,,NVIDIA A100-SXM4-40GB (0),1,,13,cupy_copy__complex64_complex64
2024306617,2080,13215,103,1,1,128,1,1,16,0.000,0.000,,,,,NVIDIA A100-SXM4-40GB (0),1,,13,cupy_copy__complex64_complex64
2024309753,78624,13222,1,1,1,32,32,1,30,0.000,0.000,,,,,NVIDIA A100-SXM4-40GB (0),1,,13,"void convert_kernel<__half2, float2>(tensor_layout_any, T1 *, tensor_layout_any, const T2 *)"
2024416344,4160,13225,,,,,,,,,,0.061,14769.193,Pinned,Device,NVIDIA A100-SXM4-40GB (0),1,,13,[CUDA memcpy Host-to-Device]
2024429336,45024,13226,,,,,,,,,,35.801,795139.322,Device,,NVIDIA A100-SXM4-40GB (0),1,,13,[CUDA memset]
2024481176,2080,13228,,,,,,,,,,0.000,38.462,Pinned,Device,NVIDIA A100-SXM4-40GB (0),1,,13,[CUDA memcpy Host-to-Device]
2024486328,7327,13229,,,,,,,,,,0.131,17888.838,Pinned,Device,NVIDIA A100-SXM4-40GB (0),1,,13,[CUDA memcpy Host-to-Device]
2024498743,8512,13230,273,1,1,48,1,1,40,0.000,0.001,,,,,NVIDIA A100-SXM4-40GB (0),1,,13,"void pusch_noise_intf_est::noiseIntfEstNoDftSOfdmKernel<float, __half, float, float, (unsigned int)2, (unsigned int)1, (unsigned char)4, (unsigned char)4>(pusch_noise_intf_est::puschRxNoiseIntfEstDynDescr)"
2024508759,2432,13241,35,1,1,128,1,1,16,0.000,0.000,,,,,NVIDIA A100-SXM4-40GB (0),1,,13,cupy_copy__complex64_complex64
2024535031,1504,13250,1,1,1,1,1,1,18,0.000,0.000,,,,,NVIDIA A100-SXM4-40GB (0),1,,13,cupy_copy__float32_float32
2024569623,1728,13256,,,,,,,,,,0.000,2.315,Device,Pageable,NVIDIA A100-SXM4-40GB (0),1,,7,[CUDA memcpy Device-to-Host]
2024627254,13568,13267,1434,1,1,128,1,1,16,0.000,0.000,,,,,NVIDIA A100-SXM4-40GB (0),1,,13,cupy_copy__complex64_complex64
2024654006,2336,13274,103,1,1,128,1,1,16,0.000,0.000,,,,,NVIDIA A100-SXM4-40GB (0),1,,13,cupy_copy__complex64_complex64
2024674005,2016,13281,35,1,1,128,1,1,16,0.000,0.000,,,,,NVIDIA A100-SXM4-40GB (0),1,,13,cupy_copy__complex64_complex64
2024691317,1472,13288,1,1,1,1,1,1,18,0.000,0.000,,,,,NVIDIA A100-SXM4-40GB (0),1,,13,cupy_copy__float32_float32
2024824980,78335,13299,1,1,1,32,32,1,30,0.000,0.000,,,,,NVIDIA A100-SXM4-40GB (0),1,,13,"void convert_kernel<__half2, float2>(tensor_layout_any, T1 *, tensor_layout_any, const T2 *)"
2024931347,4160,13302,,,,,,,,,,0.061,14769.193,Pinned,Device,NVIDIA A100-SXM4-40GB (0),1,,13,[CUDA memcpy Host-to-Device]
2024945650,2624,13303,,,,,,,,,,1.547,589413.767,Device,,NVIDIA A100-SXM4-40GB (0),1,,13,[CUDA memset]
2024952210,2752,13308,,,,,,,,,,0.021,7651.161,Pinned,Device,NVIDIA A100-SXM4-40GB (0),1,,13,[CUDA memcpy Host-to-Device]
2024958194,7200,13309,,,,,,,,,,0.131,18204.328,Pinned,Device,NVIDIA A100-SXM4-40GB (0),1,,13,[CUDA memcpy Host-to-Device]
2024969394,5888,13310,273,1,1,8,4,1,39,0.002,0.000,,,,,NVIDIA A100-SXM4-40GB (0),1,,13,"void channel_eq::eqMmseCoefCompLowMimoKernel<float, float, float, (unsigned int)4, (unsigned int)1, (unsigned int)4>(const channel_eq::_puschRxChEqStatDescr *, channel_eq::_puschRxChEqCoefCompDynDescr)"
2024976306,4832,13311,273,1,1,12,11,1,40,0.002,0.000,,,,,NVIDIA A100-SXM4-40GB (0),1,,13,"void channel_eq::eqMmseSoftDemapKernel<float, __half, __half, float, (unsigned int)4, (unsigned short)16383>(channel_eq::_puschRxChEqStatDescr *, channel_eq::_puschRxChEqSoftDemapDynDescr)"
2024982354,281757,13312,1,1,1,32,32,1,30,0.000,0.000,,,,,NVIDIA A100-SXM4-40GB (0),1,,13,"void convert_kernel<float2, __half2>(tensor_layout_any, T1 *, tensor_layout_any, const T2 *)"
2025265295,10336,13324,2253,1,1,128,1,1,16,0.000,0.000,,,,,NVIDIA A100-SXM4-40GB (0),1,,13,cupy_copy__float16_float16
2025276847,2400,13333,282,1,1,128,1,1,16,0.000,0.000,,,,,NVIDIA A100-SXM4-40GB (0),1,,13,cupy_copy__complex64_complex64
2025280239,1760,13342,26,1,1,128,1,1,16,0.000,0.000,,,,,NVIDIA A100-SXM4-40GB (0),1,,13,cupy_copy__float32_float32
2025283247,2560,13351,103,1,1,128,1,1,16,0.000,0.000,,,,,NVIDIA A100-SXM4-40GB (0),1,,13,cupy_copy__complex64_complex64
2025286991,11360,13361,1434,1,1,128,1,1,16,0.000,0.000,,,,,NVIDIA A100-SXM4-40GB (0),1,,13,cupy_copy__complex64_complex64
2025323022,79039,13366,1,1,1,32,32,1,30,0.000,0.000,,,,,NVIDIA A100-SXM4-40GB (0),1,,13,"void convert_kernel<__half2, float2>(tensor_layout_any, T1 *, tensor_layout_any, const T2 *)"
2025429613,4416,13369,,,,,,,,,,0.061,13913.027,Pinned,Device,NVIDIA A100-SXM4-40GB (0),1,,13,[CUDA memcpy Host-to-Device]
2025440301,587001,13370,,,,,,,,,,456.520,777454.377,Device,,NVIDIA A100-SXM4-40GB (0),1,,13,[CUDA memset]
2026031526,33152,13375,,,,,,,,,,0.825,24895.676,Pinned,Device,NVIDIA A100-SXM4-40GB (0),1,,13,[CUDA memcpy Host-to-Device]
2026067462,8160,13376,,,,,,,,,,0.131,16062.743,Pinned,Device,NVIDIA A100-SXM4-40GB (0),1,,13,[CUDA memcpy Host-to-Device]
2026087590,7104,13377,69,4,1,48,1,1,76,0.002,0.000,,,,,NVIDIA A100-SXM4-40GB (0),1,,13,"void ch_est::windowedChEstPreNoDftSOfdmKernel<float, __half, float, (unsigned int)2, (unsigned int)1, (unsigned short)4>(ch_est::puschRxChEstStatDescr_t *, ch_est::puschRxChEstDynDescr_t *)"
2026095686,6240,13378,137,2,1,24,2,1,44,0.001,0.001,,,,,NVIDIA A100-SXM4-40GB (0),1,,13,"void ch_est::chEstFilterNoDftSOfdmDispatchKernel<float, __half, float, (unsigned int)2>(ch_est::puschRxChEstStatDescr_t *, ch_est::puschRxChEstDynDescr_t *)"
2026102982,4544,13379,137,2,1,24,2,1,44,0.001,0.001,,,,,NVIDIA A100-SXM4-40GB (0),1,,13,"void ch_est::chEstFilterNoDftSOfdmDispatchKernel<float, __half, float, (unsigned int)2>(ch_est::puschRxChEstStatDescr_t *, ch_est::puschRxChEstDynDescr_t *)"
2026108742,2176,13390,103,1,1,128,1,1,16,0.000,0.000,,,,,NVIDIA A100-SXM4-40GB (0),1,,13,cupy_copy__complex64_complex64
2026112197,12416,13400,1434,1,1,128,1,1,16,0.000,0.000,,,,,NVIDIA A100-SXM4-40GB (0),1,,13,cupy_copy__complex64_complex64
2026125829,2080,13407,103,1,1,128,1,1,16,0.000,0.000,,,,,NVIDIA A100-SXM4-40GB (0),1,,13,cupy_copy__complex64_complex64
2026128997,78655,13414,1,1,1,32,32,1,30,0.000,0.000,,,,,NVIDIA A100-SXM4-40GB (0),1,,13,"void convert_kernel<__half2, float2>(tensor_layout_any, T1 *, tensor_layout_any, const T2 *)"
2026236708,4160,13417,,,,,,,,,,0.061,14769.193,Pinned,Device,NVIDIA A100-SXM4-40GB (0),1,,13,[CUDA memcpy Host-to-Device]
2026249636,44927,13418,,,,,,,,,,35.801,796857.768,Device,,NVIDIA A100-SXM4-40GB (0),1,,13,[CUDA memset]
2026300803,1824,13420,,,,,,,,,,0.000,43.860,Pinned,Device,NVIDIA A100-SXM4-40GB (0),1,,13,[CUDA memcpy Host-to-Device]
2026305635,7584,13421,,,,,,,,,,0.131,17282.630,Pinned,Device,NVIDIA A100-SXM4-40GB (0),1,,13,[CUDA memcpy Host-to-Device]
2026320227,8448,13422,273,1,1,48,1,1,40,0.000,0.001,,,,,NVIDIA A100-SXM4-40GB (0),1,,13,"void pusch_noise_intf_est::noiseIntfEstNoDftSOfdmKernel<float, __half, float, float, (unsigned int)2, (unsigned int)1, (unsigned char)4, (unsigned char)4>(pusch_noise_intf_est::puschRxNoiseIntfEstDynDescr)"
2026330211,2304,13433,35,1,1,128,1,1,16,0.000,0.000,,,,,NVIDIA A100-SXM4-40GB (0),1,,13,cupy_copy__complex64_complex64
2026356675,1472,13442,1,1,1,1,1,1,18,0.000,0.000,,,,,NVIDIA A100-SXM4-40GB (0),1,,13,cupy_copy__float32_float32
2026390594,2240,13448,,,,,,,,,,0.000,1.786,Device,Pageable,NVIDIA A100-SXM4-40GB (0),1,,7,[CUDA memcpy Device-to-Host]
2026448770,13888,13459,1434,1,1,128,1,1,16,0.000,0.000,,,,,NVIDIA A100-SXM4-40GB (0),1,,13,cupy_copy__complex64_complex64
2026475393,2336,13466,103,1,1,128,1,1,16,0.000,0.000,,,,,NVIDIA A100-SXM4-40GB (0),1,,13,cupy_copy__complex64_complex64
2026495361,1984,13473,35,1,1,128,1,1,16,0.000,0.000,,,,,NVIDIA A100-SXM4-40GB (0),1,,13,cupy_copy__complex64_complex64
2026513089,1472,13480,1,1,1,1,1,1,18,0.000,0.000,,,,,NVIDIA A100-SXM4-40GB (0),1,,13,cupy_copy__float32_float32
2026647200,77951,13491,1,1,1,32,32,1,30,0.000,0.000,,,,,NVIDIA A100-SXM4-40GB (0),1,,13,"void convert_kernel<__half2, float2>(tensor_layout_any, T1 *, tensor_layout_any, const T2 *)"
2026894845,4576,13494,,,,,,,,,,0.061,13426.545,Pinned,Device,NVIDIA A100-SXM4-40GB (0),1,,13,[CUDA memcpy Host-to-Device]
2026904765,2656,13495,,,,,,,,,,1.547,582313.216,Device,,NVIDIA A100-SXM4-40GB (0),1,,13,[CUDA memset]
2026908445,3200,13500,,,,,,,,,,0.021,6580.000,Pinned,Device,NVIDIA A100-SXM4-40GB (0),1,,13,[CUDA memcpy Host-to-Device]
2026915389,7040,13501,,,,,,,,,,0.131,18618.122,Pinned,Device,NVIDIA A100-SXM4-40GB (0),1,,13,[CUDA memcpy Host-to-Device]
2026931356,5856,13502,273,1,1,8,4,1,39,0.002,0.000,,,,,NVIDIA A100-SXM4-40GB (0),1,,13,"void channel_eq::eqMmseCoefCompLowMimoKernel<float, float, float, (unsigned int)4, (unsigned int)1, (unsigned int)4>(const channel_eq::_puschRxChEqStatDescr *, channel_eq::_puschRxChEqCoefCompDynDescr)"
2026938460,4800,13503,273,1,1,12,11,1,40,0.002,0.000,,,,,NVIDIA A100-SXM4-40GB (0),1,,13,"void channel_eq::eqMmseSoftDemapKernel<float, __half, __half, float, (unsigned int)4, (unsigned short)16383>(channel_eq::_puschRxChEqStatDescr *, channel_eq::_puschRxChEqSoftDemapDynDescr)"
2026944508,281949,13504,1,1,1,32,32,1,30,0.000,0.000,,,,,NVIDIA A100-SXM4-40GB (0),1,,13,"void convert_kernel<float2, __half2>(tensor_layout_any, T1 *, tensor_layout_any, const T2 *)"
2027227481,10240,13516,2253,1,1,128,1,1,16,0.000,0.000,,,,,NVIDIA A100-SXM4-40GB (0),1,,13,cupy_copy__float16_float16
2027238969,2400,13525,282,1,1,128,1,1,16,0.000,0.000,,,,,NVIDIA A100-SXM4-40GB (0),1,,13,cupy_copy__complex64_complex64
2027242393,1728,13534,26,1,1,128,1,1,16,0.000,0.000,,,,,NVIDIA A100-SXM4-40GB (0),1,,13,cupy_copy__float32_float32
2027245369,2528,13543,103,1,1,128,1,1,16,0.000,0.000,,,,,NVIDIA A100-SXM4-40GB (0),1,,13,cupy_copy__complex64_complex64
2027249113,11232,13553,1434,1,1,128,1,1,16,0.000,0.000,,,,,NVIDIA A100-SXM4-40GB (0),1,,13,cupy_copy__complex64_complex64
2027405303,79263,13558,1,1,1,32,32,1,30,0.000,0.000,,,,,NVIDIA A100-SXM4-40GB (0),1,,13,"void convert_kernel<__half2, float2>(tensor_layout_any, T1 *, tensor_layout_any, const T2 *)"
2027515542,5088,13561,,,,,,,,,,0.061,12075.418,Pinned,Device,NVIDIA A100-SXM4-40GB (0),1,,13,[CUDA memcpy Host-to-Device]
2027526582,587609,13562,,,,,,,,,,456.520,776541.336,Device,,NVIDIA A100-SXM4-40GB (0),1,,13,[CUDA memset]
2028122895,32864,13567,,,,,,,,,,0.825,25113.567,Pinned,Device,NVIDIA A100-SXM4-40GB (0),1,,13,[CUDA memcpy Host-to-Device]
2028158703,7104,13568,,,,,,,,,,0.131,18450.350,Pinned,Device,NVIDIA A100-SXM4-40GB (0),1,,13,[CUDA memcpy Host-to-Device]
2028170351,7200,13569,69,4,1,48,1,1,76,0.002,0.000,,,,,NVIDIA A100-SXM4-40GB (0),1,,13,"void ch_est::windowedChEstPreNoDftSOfdmKernel<float, __half, float, (unsigned int)2, (unsigned int)1, (unsigned short)4>(ch_est::puschRxChEstStatDescr_t *, ch_est::puschRxChEstDynDescr_t *)"
2028178863,6336,13570,137,2,1,24,2,1,44,0.001,0.001,,,,,NVIDIA A100-SXM4-40GB (0),1,,13,"void ch_est::chEstFilterNoDftSOfdmDispatchKernel<float, __half, float, (unsigned int)2>(ch_est::puschRxChEstStatDescr_t *, ch_est::puschRxChEstDynDescr_t *)"
2028186255,4575,13571,137,2,1,24,2,1,44,0.001,0.001,,,,,NVIDIA A100-SXM4-40GB (0),1,,13,"void ch_est::chEstFilterNoDftSOfdmDispatchKernel<float, __half, float, (unsigned int)2>(ch_est::puschRxChEstStatDescr_t *, ch_est::puschRxChEstDynDescr_t *)"
2028192046,2144,13582,103,1,1,128,1,1,16,0.000,0.000,,,,,NVIDIA A100-SXM4-40GB (0),1,,13,cupy_copy__complex64_complex64
2028195182,12608,13592,1434,1,1,128,1,1,16,0.000,0.000,,,,,NVIDIA A100-SXM4-40GB (0),1,,13,cupy_copy__complex64_complex64
2028209070,2080,13599,103,1,1,128,1,1,16,0.000,0.000,,,,,NVIDIA A100-SXM4-40GB (0),1,,13,cupy_copy__complex64_complex64
2028212398,77471,13606,1,1,1,32,32,1,30,0.000,0.000,,,,,NVIDIA A100-SXM4-40GB (0),1,,13,"void convert_kernel<__half2, float2>(tensor_layout_any, T1 *, tensor_layout_any, const T2 *)"
2028461515,4288,13609,,,,,,,,,,0.061,14328.300,Pinned,Device,NVIDIA A100-SXM4-40GB (0),1,,13,[CUDA memcpy Host-to-Device]
2028475531,46112,13610,,,,,,,,,,35.801,776379.619,Device,,NVIDIA A100-SXM4-40GB (0),1,,13,[CUDA memset]
2028525931,1856,13612,,,,,,,,,,0.000,43.103,Pinned,Device,NVIDIA A100-SXM4-40GB (0),1,,13,[CUDA memcpy Host-to-Device]
2028531371,6784,13613,,,,,,,,,,0.131,19320.668,Pinned,Device,NVIDIA A100-SXM4-40GB (0),1,,13,[CUDA memcpy Host-to-Device]
2028549258,9056,13614,273,1,1,48,1,1,40,0.000,0.001,,,,,NVIDIA A100-SXM4-40GB (0),1,,13,"void pusch_noise_intf_est::noiseIntfEstNoDftSOfdmKernel<float, __half, float, float, (unsigned int)2, (unsigned int)1, (unsigned char)4, (unsigned char)4>(pusch_noise_intf_est::puschRxNoiseIntfEstDynDescr)"
2028559722,2272,13625,35,1,1,128,1,1,16,0.000,0.000,,,,,NVIDIA A100-SXM4-40GB (0),1,,13,cupy_copy__complex64_complex64
2028570538,1504,13634,1,1,1,1,1,1,18,0.000,0.000,,,,,NVIDIA A100-SXM4-40GB (0),1,,13,cupy_copy__float32_float32
2028605130,1728,13640,,,,,,,,,,0.000,2.315,Device,Pageable,NVIDIA A100-SXM4-40GB (0),1,,7,[CUDA memcpy Device-to-Host]
2028663977,13248,13651,1434,1,1,128,1,1,16,0.000,0.000,,,,,NVIDIA A100-SXM4-40GB (0),1,,13,cupy_copy__complex64_complex64
2028689801,2304,13658,103,1,1,128,1,1,16,0.000,0.000,,,,,NVIDIA A100-SXM4-40GB (0),1,,13,cupy_copy__complex64_complex64
2028709929,2016,13665,35,1,1,128,1,1,16,0.000,0.000,,,,,NVIDIA A100-SXM4-40GB (0),1,,13,cupy_copy__complex64_complex64
2028727689,1471,13672,1,1,1,1,1,1,18,0.000,0.000,,,,,NVIDIA A100-SXM4-40GB (0),1,,13,cupy_copy__float32_float32
2029003493,78272,13683,1,1,1,32,32,1,30,0.000,0.000,,,,,NVIDIA A100-SXM4-40GB (0),1,,13,"void convert_kernel<__half2, float2>(tensor_layout_any, T1 *, tensor_layout_any, const T2 *)"
2029113956,4160,13686,,,,,,,,,,0.061,14769.193,Pinned,Device,NVIDIA A100-SXM4-40GB (0),1,,13,[CUDA memcpy Host-to-Device]
2029128676,2624,13687,,,,,,,,,,1.547,589413.767,Device,,NVIDIA A100-SXM4-40GB (0),1,,13,[CUDA memset]
2029134948,3392,13692,,,,,,,,,,0.021,6207.540,Pinned,Device,NVIDIA A100-SXM4-40GB (0),1,,13,[CUDA memcpy Host-to-Device]
2029141604,7392,13693,,,,,,,,,,0.131,17731.551,Pinned,Device,NVIDIA A100-SXM4-40GB (0),1,,13,[CUDA memcpy Host-to-Device]
2029154372,5856,13694,273,1,1,8,4,1,39,0.002,0.000,,,,,NVIDIA A100-SXM4-40GB (0),1,,13,"void channel_eq::eqMmseCoefCompLowMimoKernel<float, float, float, (unsigned int)4, (unsigned int)1, (unsigned int)4>(const channel_eq::_puschRxChEqStatDescr *, channel_eq::_puschRxChEqCoefCompDynDescr)"
2029161284,4896,13695,273,1,1,12,11,1,40,0.002,0.000,,,,,NVIDIA A100-SXM4-40GB (0),1,,13,"void channel_eq::eqMmseSoftDemapKernel<float, __half, __half, float, (unsigned int)4, (unsigned short)16383>(channel_eq::_puschRxChEqStatDescr *, channel_eq::_puschRxChEqSoftDemapDynDescr)"
2029167300,282685,13696,1,1,1,32,32,1,30,0.000,0.000,,,,,NVIDIA A100-SXM4-40GB (0),1,,13,"void convert_kernel<float2, __half2>(tensor_layout_any, T1 *, tensor_layout_any, const T2 *)"
2029450976,10240,13708,2253,1,1,128,1,1,16,0.000,0.000,,,,,NVIDIA A100-SXM4-40GB (0),1,,13,cupy_copy__float16_float16
2029462208,2400,13717,282,1,1,128,1,1,16,0.000,0.000,,,,,NVIDIA A100-SXM4-40GB (0),1,,13,cupy_copy__complex64_complex64
2029465600,1792,13726,26,1,1,128,1,1,16,0.000,0.000,,,,,NVIDIA A100-SXM4-40GB (0),1,,13,cupy_copy__float32_float32
2029468576,2560,13735,103,1,1,128,1,1,16,0.000,0.000,,,,,NVIDIA A100-SXM4-40GB (0),1,,13,cupy_copy__complex64_complex64
2029519776,11392,13751,1434,1,1,128,1,1,16,0.000,0.000,,,,,NVIDIA A100-SXM4-40GB (0),1,,13,cupy_copy__complex64_complex64
2029637950,78112,13756,1,1,1,32,32,1,30,0.000,0.000,,,,,NVIDIA A100-SXM4-40GB (0),1,,13,"void convert_kernel<__half2, float2>(tensor_layout_any, T1 *, tensor_layout_any, const T2 *)"
2029743901,4192,13759,,,,,,,,,,0.061,14656.451,Pinned,Device,NVIDIA A100-SXM4-40GB (0),1,,13,[CUDA memcpy Host-to-Device]
2029755293,587770,13760,,,,,,,,,,456.520,776541.336,Device,,NVIDIA A100-SXM4-40GB (0),1,,13,[CUDA memset]
2030346999,32831,13765,,,,,,,,,,0.825,25139.153,Pinned,Device,NVIDIA A100-SXM4-40GB (0),1,,13,[CUDA memcpy Host-to-Device]
2030382326,6752,13766,,,,,,,,,,0.131,19412.287,Pinned,Device,NVIDIA A100-SXM4-40GB (0),1,,13,[CUDA memcpy Host-to-Device]
2030394486,7136,13767,69,4,1,48,1,1,76,0.002,0.000,,,,,NVIDIA A100-SXM4-40GB (0),1,,13,"void ch_est::windowedChEstPreNoDftSOfdmKernel<float, __half, float, (unsigned int)2, (unsigned int)1, (unsigned short)4>(ch_est::puschRxChEstStatDescr_t *, ch_est::puschRxChEstDynDescr_t *)"
2030402646,6048,13768,137,2,1,24,2,1,44,0.001,0.001,,,,,NVIDIA A100-SXM4-40GB (0),1,,13,"void ch_est::chEstFilterNoDftSOfdmDispatchKernel<float, __half, float, (unsigned int)2>(ch_est::puschRxChEstStatDescr_t *, ch_est::puschRxChEstDynDescr_t *)"
2030409974,4544,13769,137,2,1,24,2,1,44,0.001,0.001,,,,,NVIDIA A100-SXM4-40GB (0),1,,13,"void ch_est::chEstFilterNoDftSOfdmDispatchKernel<float, __half, float, (unsigned int)2>(ch_est::puschRxChEstStatDescr_t *, ch_est::puschRxChEstDynDescr_t *)"
2030415510,2176,13780,103,1,1,128,1,1,16,0.000,0.000,,,,,NVIDIA A100-SXM4-40GB (0),1,,13,cupy_copy__complex64_complex64
2030418998,12576,13790,1434,1,1,128,1,1,16,0.000,0.000,,,,,NVIDIA A100-SXM4-40GB (0),1,,13,cupy_copy__complex64_complex64
2030432758,2080,13797,103,1,1,128,1,1,16,0.000,0.000,,,,,NVIDIA A100-SXM4-40GB (0),1,,13,cupy_copy__complex64_complex64
2030435926,78175,13804,1,1,1,32,32,1,30,0.000,0.000,,,,,NVIDIA A100-SXM4-40GB (0),1,,13,"void convert_kernel<__half2, float2>(tensor_layout_any, T1 *, tensor_layout_any, const T2 *)"
2030542324,4896,13807,,,,,,,,,,0.061,12548.997,Pinned,Device,NVIDIA A100-SXM4-40GB (0),1,,13,[CUDA memcpy Host-to-Device]
2030554900,44864,13808,,,,,,,,,,35.801,797967.597,Device,,NVIDIA A100-SXM4-40GB (0),1,,13,[CUDA memset]
2030607700,2208,13810,,,,,,,,,,0.000,36.232,Pinned,Device,NVIDIA A100-SXM4-40GB (0),1,,13,[CUDA memcpy Host-to-Device]
2030613044,6752,13811,,,,,,,,,,0.131,19412.287,Pinned,Device,NVIDIA A100-SXM4-40GB (0),1,,13,[CUDA memcpy Host-to-Device]
2030625427,8512,13812,273,1,1,48,1,1,40,0.000,0.001,,,,,NVIDIA A100-SXM4-40GB (0),1,,13,"void pusch_noise_intf_est::noiseIntfEstNoDftSOfdmKernel<float, __half, float, float, (unsigned int)2, (unsigned int)1, (unsigned char)4, (unsigned char)4>(pusch_noise_intf_est::puschRxNoiseIntfEstDynDescr)"
2030635443,2336,13823,35,1,1,128,1,1,16,0.000,0.000,,,,,NVIDIA A100-SXM4-40GB (0),1,,13,cupy_copy__complex64_complex64
2030662963,1504,13832,1,1,1,1,1,1,18,0.000,0.000,,,,,NVIDIA A100-SXM4-40GB (0),1,,13,cupy_copy__float32_float32
2030698291,1952,13838,,,,,,,,,,0.000,2.049,Device,Pageable,NVIDIA A100-SXM4-40GB (0),1,,7,[CUDA memcpy Device-to-Host]
2030757874,13344,13849,1434,1,1,128,1,1,16,0.000,0.000,,,,,NVIDIA A100-SXM4-40GB (0),1,,13,cupy_copy__complex64_complex64
2030784178,2336,13856,103,1,1,128,1,1,16,0.000,0.000,,,,,NVIDIA A100-SXM4-40GB (0),1,,13,cupy_copy__complex64_complex64
2030804434,1983,13863,35,1,1,128,1,1,16,0.000,0.000,,,,,NVIDIA A100-SXM4-40GB (0),1,,13,cupy_copy__complex64_complex64
2030822673,1440,13870,1,1,1,1,1,1,18,0.000,0.000,,,,,NVIDIA A100-SXM4-40GB (0),1,,13,cupy_copy__float32_float32
2030957296,77951,13881,1,1,1,32,32,1,30,0.000,0.000,,,,,NVIDIA A100-SXM4-40GB (0),1,,13,"void convert_kernel<__half2, float2>(tensor_layout_any, T1 *, tensor_layout_any, const T2 *)"
2031062799,4128,13884,,,,,,,,,,0.061,14883.717,Pinned,Device,NVIDIA A100-SXM4-40GB (0),1,,13,[CUDA memcpy Host-to-Device]
2031080558,2624,13885,,,,,,,,,,1.547,589413.767,Device,,NVIDIA A100-SXM4-40GB (0),1,,13,[CUDA memset]
2031086702,3168,13890,,,,,,,,,,0.021,6646.453,Pinned,Device,NVIDIA A100-SXM4-40GB (0),1,,13,[CUDA memcpy Host-to-Device]
2031092782,7168,13891,,,,,,,,,,0.131,18285.593,Pinned,Device,NVIDIA A100-SXM4-40GB (0),1,,13,[CUDA memcpy Host-to-Device]
2031106158,5856,13892,273,1,1,8,4,1,39,0.002,0.000,,,,,NVIDIA A100-SXM4-40GB (0),1,,13,"void channel_eq::eqMmseCoefCompLowMimoKernel<float, float, float, (unsigned int)4, (unsigned int)1, (unsigned int)4>(const channel_eq::_puschRxChEqStatDescr *, channel_eq::_puschRxChEqCoefCompDynDescr)"
2031113262,4832,13893,273,1,1,12,11,1,40,0.002,0.000,,,,,NVIDIA A100-SXM4-40GB (0),1,,13,"void channel_eq::eqMmseSoftDemapKernel<float, __half, __half, float, (unsigned int)4, (unsigned short)16383>(channel_eq::_puschRxChEqStatDescr *, channel_eq::_puschRxChEqSoftDemapDynDescr)"
2031119374,282237,13894,1,1,1,32,32,1,30,0.000,0.000,,,,,NVIDIA A100-SXM4-40GB (0),1,,13,"void convert_kernel<float2, __half2>(tensor_layout_any, T1 *, tensor_layout_any, const T2 *)"
2031402635,10208,13906,2253,1,1,128,1,1,16,0.000,0.000,,,,,NVIDIA A100-SXM4-40GB (0),1,,13,cupy_copy__float16_float16
2031414155,2400,13915,282,1,1,128,1,1,16,0.000,0.000,,,,,NVIDIA A100-SXM4-40GB (0),1,,13,cupy_copy__complex64_complex64
2031417579,1792,13924,26,1,1,128,1,1,16,0.000,0.000,,,,,NVIDIA A100-SXM4-40GB (0),1,,13,cupy_copy__float32_float32
2031420491,2464,13933,103,1,1,128,1,1,16,0.000,0.000,,,,,NVIDIA A100-SXM4-40GB (0),1,,13,cupy_copy__complex64_complex64
2031424203,11328,13943,1434,1,1,128,1,1,16,0.000,0.000,,,,,NVIDIA A100-SXM4-40GB (0),1,,13,cupy_copy__complex64_complex64
2031455882,78047,13948,1,1,1,32,32,1,30,0.000,0.000,,,,,NVIDIA A100-SXM4-40GB (0),1,,13,"void convert_kernel<__half2, float2>(tensor_layout_any, T1 *, tensor_layout_any, const T2 *)"
2031561257,4256,13951,,,,,,,,,,0.061,14436.065,Pinned,Device,NVIDIA A100-SXM4-40GB (0),1,,13,[CUDA memcpy Host-to-Device]
2031572201,587417,13952,,,,,,,,,,456.520,776997.857,Device,,NVIDIA A100-SXM4-40GB (0),1,,13,[CUDA memset]
2032162146,33280,13957,,,,,,,,,,0.825,24799.937,Pinned,Device,NVIDIA A100-SXM4-40GB (0),1,,13,[CUDA memcpy Host-to-Device]
2032198242,7424,13958,,,,,,,,,,0.131,17655.136,Pinned,Device,NVIDIA A100-SXM4-40GB (0),1,,13,[CUDA memcpy Host-to-Device]
2032210274,6912,13959,69,4,1,48,1,1,76,0.002,0.000,,,,,NVIDIA A100-SXM4-40GB (0),1,,13,"void ch_est::windowedChEstPreNoDftSOfdmKernel<float, __half, float, (unsigned int)2, (unsigned int)1, (unsigned short)4>(ch_est::puschRxChEstStatDescr_t *, ch_est::puschRxChEstDynDescr_t *)"
2032218498,6144,13960,137,2,1,24,2,1,44,0.001,0.001,,,,,NVIDIA A100-SXM4-40GB (0),1,,13,"void ch_est::chEstFilterNoDftSOfdmDispatchKernel<float, __half, float, (unsigned int)2>(ch_est::puschRxChEstStatDescr_t *, ch_est::puschRxChEstDynDescr_t *)"
2032225858,4544,13961,137,2,1,24,2,1,44,0.001,0.001,,,,,NVIDIA A100-SXM4-40GB (0),1,,13,"void ch_est::chEstFilterNoDftSOfdmDispatchKernel<float, __half, float, (unsigned int)2>(ch_est::puschRxChEstStatDescr_t *, ch_est::puschRxChEstDynDescr_t *)"
2032231682,2144,13972,103,1,1,128,1,1,16,0.000,0.000,,,,,NVIDIA A100-SXM4-40GB (0),1,,13,cupy_copy__complex64_complex64
2032235074,12608,13982,1434,1,1,128,1,1,16,0.000,0.000,,,,,NVIDIA A100-SXM4-40GB (0),1,,13,cupy_copy__complex64_complex64
2032248674,2047,13989,103,1,1,128,1,1,16,0.000,0.000,,,,,NVIDIA A100-SXM4-40GB (0),1,,13,cupy_copy__complex64_complex64
2032251809,78400,13996,1,1,1,32,32,1,30,0.000,0.000,,,,,NVIDIA A100-SXM4-40GB (0),1,,13,"void convert_kernel<__half2, float2>(tensor_layout_any, T1 *, tensor_layout_any, const T2 *)"
2032504159,4288,13999,,,,,,,,,,0.061,14328.300,Pinned,Device,NVIDIA A100-SXM4-40GB (0),1,,13,[CUDA memcpy Host-to-Device]
2032515167,46335,14000,,,,,,,,,,35.801,772620.518,Device,,NVIDIA A100-SXM4-40GB (0),1,,13,[CUDA memset]
2032570078,2240,14002,,,,,,,,,,0.000,35.714,Pinned,Device,NVIDIA A100-SXM4-40GB (0),1,,13,[CUDA memcpy Host-to-Device]
2032575198,6752,14003,,,,,,,,,,0.131,19412.287,Pinned,Device,NVIDIA A100-SXM4-40GB (0),1,,13,[CUDA memcpy Host-to-Device]
2032590942,8960,14004,273,1,1,48,1,1,40,0.000,0.001,,,,,NVIDIA A100-SXM4-40GB (0),1,,13,"void pusch_noise_intf_est::noiseIntfEstNoDftSOfdmKernel<float, __half, float, float, (unsigned int)2, (unsigned int)1, (unsigned char)4, (unsigned char)4>(pusch_noise_intf_est::puschRxNoiseIntfEstDynDescr)"
2032601406,2272,14015,35,1,1,128,1,1,16,0.000,0.000,,,,,NVIDIA A100-SXM4-40GB (0),1,,13,cupy_copy__complex64_complex64
2032611933,1504,14024,1,1,1,1,1,1,18,0.000,0.000,,,,,NVIDIA A100-SXM4-40GB (0),1,,13,cupy_copy__float32_float32
2032646589,2272,14030,,,,,,,,,,0.000,1.761,Device,Pageable,NVIDIA A100-SXM4-40GB (0),1,,7,[CUDA memcpy Device-to-Host]
2032704476,13248,14041,1434,1,1,128,1,1,16,0.000,0.000,,,,,NVIDIA A100-SXM4-40GB (0),1,,13,cupy_copy__complex64_complex64
2032730908,2304,14048,103,1,1,128,1,1,16,0.000,0.000,,,,,NVIDIA A100-SXM4-40GB (0),1,,13,cupy_copy__complex64_complex64
2032750876,2016,14055,35,1,1,128,1,1,16,0.000,0.000,,,,,NVIDIA A100-SXM4-40GB (0),1,,13,cupy_copy__complex64_complex64
2032768636,1472,14062,1,1,1,1,1,1,18,0.000,0.000,,,,,NVIDIA A100-SXM4-40GB (0),1,,13,cupy_copy__float32_float32
2033031833,78687,14073,1,1,1,32,32,1,30,0.000,0.000,,,,,NVIDIA A100-SXM4-40GB (0),1,,13,"void convert_kernel<__half2, float2>(tensor_layout_any, T1 *, tensor_layout_any, const T2 *)"
2033142808,4576,14076,,,,,,,,,,0.061,13426.545,Pinned,Device,NVIDIA A100-SXM4-40GB (0),1,,13,[CUDA memcpy Host-to-Device]
2033158007,2624,14077,,,,,,,,,,1.547,589413.767,Device,,NVIDIA A100-SXM4-40GB (0),1,,13,[CUDA memset]
2033164471,2848,14082,,,,,,,,,,0.021,7393.246,Pinned,Device,NVIDIA A100-SXM4-40GB (0),1,,13,[CUDA memcpy Host-to-Device]
2033170231,7360,14083,,,,,,,,,,0.131,17808.622,Pinned,Device,NVIDIA A100-SXM4-40GB (0),1,,13,[CUDA memcpy Host-to-Device]
2033189975,5984,14084,273,1,1,8,4,1,39,0.002,0.000,,,,,NVIDIA A100-SXM4-40GB (0),1,,13,"void channel_eq::eqMmseCoefCompLowMimoKernel<float, float, float, (unsigned int)4, (unsigned int)1, (unsigned int)4>(const channel_eq::_puschRxChEqStatDescr *, channel_eq::_puschRxChEqCoefCompDynDescr)"
2033196983,4864,14085,273,1,1,12,11,1,40,0.002,0.000,,,,,NVIDIA A100-SXM4-40GB (0),1,,13,"void channel_eq::eqMmseSoftDemapKernel<float, __half, __half, float, (unsigned int)4, (unsigned short)16383>(channel_eq::_puschRxChEqStatDescr *, channel_eq::_puschRxChEqSoftDemapDynDescr)"
2033203063,282717,14086,1,1,1,32,32,1,30,0.000,0.000,,,,,NVIDIA A100-SXM4-40GB (0),1,,13,"void convert_kernel<float2, __half2>(tensor_layout_any, T1 *, tensor_layout_any, const T2 *)"
2033486900,10336,14098,2253,1,1,128,1,1,16,0.000,0.000,,,,,NVIDIA A100-SXM4-40GB (0),1,,13,cupy_copy__float16_float16
2033498324,2368,14107,282,1,1,128,1,1,16,0.000,0.000,,,,,NVIDIA A100-SXM4-40GB (0),1,,13,cupy_copy__complex64_complex64
2033501716,1760,14116,26,1,1,128,1,1,16,0.000,0.000,,,,,NVIDIA A100-SXM4-40GB (0),1,,13,cupy_copy__float32_float32
2033504692,2528,14125,103,1,1,128,1,1,16,0.000,0.000,,,,,NVIDIA A100-SXM4-40GB (0),1,,13,cupy_copy__complex64_complex64
2033508436,11359,14135,1434,1,1,128,1,1,16,0.000,0.000,,,,,NVIDIA A100-SXM4-40GB (0),1,,13,cupy_copy__complex64_complex64
2033540083,77663,14140,1,1,1,32,32,1,30,0.000,0.000,,,,,NVIDIA A100-SXM4-40GB (0),1,,13,"void convert_kernel<__half2, float2>(tensor_layout_any, T1 *, tensor_layout_any, const T2 *)"
2033819472,4608,14143,,,,,,,,,,0.061,13333.279,Pinned,Device,NVIDIA A100-SXM4-40GB (0),1,,13,[CUDA memcpy Host-to-Device]
2033829328,590809,14144,,,,,,,,,,456.520,772432.652,Device,,NVIDIA A100-SXM4-40GB (0),1,,13,[CUDA memset]
2034429481,32896,14149,,,,,,,,,,0.825,25088.807,Pinned,Device,NVIDIA A100-SXM4-40GB (0),1,,13,[CUDA memcpy Host-to-Device]
2034465641,7104,14150,,,,,,,,,,0.131,18450.350,Pinned,Device,NVIDIA A100-SXM4-40GB (0),1,,13,[CUDA memcpy Host-to-Device]
2034479177,8064,14151,69,4,1,48,1,1,76,0.002,0.000,,,,,NVIDIA A100-SXM4-40GB (0),1,,13,"void ch_est::windowedChEstPreNoDftSOfdmKernel<float, __half, float, (unsigned int)2, (unsigned int)1, (unsigned short)4>(ch_est::puschRxChEstStatDescr_t *, ch_est::puschRxChEstDynDescr_t *)"
2034488361,6304,14152,137,2,1,24,2,1,44,0.001,0.001,,,,,NVIDIA A100-SXM4-40GB (0),1,,13,"void ch_est::chEstFilterNoDftSOfdmDispatchKernel<float, __half, float, (unsigned int)2>(ch_est::puschRxChEstStatDescr_t *, ch_est::puschRxChEstDynDescr_t *)"
2034495689,4544,14153,137,2,1,24,2,1,44,0.001,0.001,,,,,NVIDIA A100-SXM4-40GB (0),1,,13,"void ch_est::chEstFilterNoDftSOfdmDispatchKernel<float, __half, float, (unsigned int)2>(ch_est::puschRxChEstStatDescr_t *, ch_est::puschRxChEstDynDescr_t *)"
2034501481,2176,14164,103,1,1,128,1,1,16,0.000,0.000,,,,,NVIDIA A100-SXM4-40GB (0),1,,13,cupy_copy__complex64_complex64
2034504969,12543,14174,1434,1,1,128,1,1,16,0.000,0.000,,,,,NVIDIA A100-SXM4-40GB (0),1,,13,cupy_copy__complex64_complex64
2034518568,2080,14181,103,1,1,128,1,1,16,0.000,0.000,,,,,NVIDIA A100-SXM4-40GB (0),1,,13,cupy_copy__complex64_complex64
2034521704,78303,14188,1,1,1,32,32,1,30,0.000,0.000,,,,,NVIDIA A100-SXM4-40GB (0),1,,13,"void convert_kernel<__half2, float2>(tensor_layout_any, T1 *, tensor_layout_any, const T2 *)"
2034631111,4256,14191,,,,,,,,,,0.061,14436.065,Pinned,Device,NVIDIA A100-SXM4-40GB (0),1,,13,[CUDA memcpy Host-to-Device]
2034643911,45279,14192,,,,,,,,,,35.801,790664.202,Device,,NVIDIA A100-SXM4-40GB (0),1,,13,[CUDA memset]
2034694438,1984,14194,,,,,,,,,,0.000,40.323,Pinned,Device,NVIDIA A100-SXM4-40GB (0),1,,13,[CUDA memcpy Host-to-Device]
2034698534,7168,14195,,,,,,,,,,0.131,18285.593,Pinned,Device,NVIDIA A100-SXM4-40GB (0),1,,13,[CUDA memcpy Host-to-Device]
2034710598,8608,14196,273,1,1,48,1,1,40,0.000,0.001,,,,,NVIDIA A100-SXM4-40GB (0),1,,13,"void pusch_noise_intf_est::noiseIntfEstNoDftSOfdmKernel<float, __half, float, float, (unsigned int)2, (unsigned int)1, (unsigned char)4, (unsigned char)4>(pusch_noise_intf_est::puschRxNoiseIntfEstDynDescr)"
2034720870,2240,14207,35,1,1,128,1,1,16,0.000,0.000,,,,,NVIDIA A100-SXM4-40GB (0),1,,13,cupy_copy__complex64_complex64
2034754982,1504,14216,1,1,1,1,1,1,18,0.000,0.000,,,,,NVIDIA A100-SXM4-40GB (0),1,,13,cupy_copy__float32_float32
2034792005,2048,14222,,,,,,,,,,0.000,1.953,Device,Pageable,NVIDIA A100-SXM4-40GB (0),1,,7,[CUDA memcpy Device-to-Host]
2034851045,12992,14233,1434,1,1,128,1,1,16,0.000,0.000,,,,,NVIDIA A100-SXM4-40GB (0),1,,13,cupy_copy__complex64_complex64
2034877444,2400,14240,103,1,1,128,1,1,16,0.000,0.000,,,,,NVIDIA A100-SXM4-40GB (0),1,,13,cupy_copy__complex64_complex64
2034898212,1984,14247,35,1,1,128,1,1,16,0.000,0.000,,,,,NVIDIA A100-SXM4-40GB (0),1,,13,cupy_copy__complex64_complex64
2034915556,1472,14254,1,1,1,1,1,1,18,0.000,0.000,,,,,NVIDIA A100-SXM4-40GB (0),1,,13,cupy_copy__float32_float32
2035054946,78592,14265,1,1,1,32,32,1,30,0.000,0.000,,,,,NVIDIA A100-SXM4-40GB (0),1,,13,"void convert_kernel<__half2, float2>(tensor_layout_any, T1 *, tensor_layout_any, const T2 *)"
2035162113,4224,14268,,,,,,,,,,0.061,14545.428,Pinned,Device,NVIDIA A100-SXM4-40GB (0),1,,13,[CUDA memcpy Host-to-Device]
2035176129,2688,14269,,,,,,,,,,1.547,575379.700,Device,,NVIDIA A100-SXM4-40GB (0),1,,13,[CUDA memset]
2035182817,2720,14274,,,,,,,,,,0.021,7741.175,Pinned,Device,NVIDIA A100-SXM4-40GB (0),1,,13,[CUDA memcpy Host-to-Device]
2035188001,6912,14275,,,,,,,,,,0.131,18962.842,Pinned,Device,NVIDIA A100-SXM4-40GB (0),1,,13,[CUDA memcpy Host-to-Device]
2035199393,5856,14276,273,1,1,8,4,1,39,0.002,0.000,,,,,NVIDIA A100-SXM4-40GB (0),1,,13,"void channel_eq::eqMmseCoefCompLowMimoKernel<float, float, float, (unsigned int)4, (unsigned int)1, (unsigned int)4>(const channel_eq::_puschRxChEqStatDescr *, channel_eq::_puschRxChEqCoefCompDynDescr)"
2035206529,4928,14277,273,1,1,12,11,1,40,0.002,0.000,,,,,NVIDIA A100-SXM4-40GB (0),1,,13,"void channel_eq::eqMmseSoftDemapKernel<float, __half, __half, float, (unsigned int)4, (unsigned short)16383>(channel_eq::_puschRxChEqStatDescr *, channel_eq::_puschRxChEqSoftDemapDynDescr)"
2035212481,282237,14278,1,1,1,32,32,1,30,0.000,0.000,,,,,NVIDIA A100-SXM4-40GB (0),1,,13,"void convert_kernel<float2, __half2>(tensor_layout_any, T1 *, tensor_layout_any, const T2 *)"
2035495934,10239,14290,2253,1,1,128,1,1,16,0.000,0.000,,,,,NVIDIA A100-SXM4-40GB (0),1,,13,cupy_copy__float16_float16
2035507133,2432,14299,282,1,1,128,1,1,16,0.000,0.000,,,,,NVIDIA A100-SXM4-40GB (0),1,,13,cupy_copy__complex64_complex64
2035510557,1760,14308,26,1,1,128,1,1,16,0.000,0.000,,,,,NVIDIA A100-SXM4-40GB (0),1,,13,cupy_copy__float32_float32
2035513469,2528,14317,103,1,1,128,1,1,16,0.000,0.000,,,,,NVIDIA A100-SXM4-40GB (0),1,,13,cupy_copy__complex64_complex64
2035517181,11328,14327,1434,1,1,128,1,1,16,0.000,0.000,,,,,NVIDIA A100-SXM4-40GB (0),1,,13,cupy_copy__complex64_complex64
2035560573,78463,14332,1,1,1,32,32,1,30,0.000,0.000,,,,,NVIDIA A100-SXM4-40GB (0),1,,13,"void convert_kernel<__half2, float2>(tensor_layout_any, T1 *, tensor_layout_any, const T2 *)"
2035666780,4128,14335,,,,,,,,,,0.061,14883.717,Pinned,Device,NVIDIA A100-SXM4-40GB (0),1,,13,[CUDA memcpy Host-to-Device]
2035677628,587225,14336,,,,,,,,,,456.520,776997.857,Device,,NVIDIA A100-SXM4-40GB (0),1,,13,[CUDA memset]
2036269749,33760,14341,,,,,,,,,,0.825,24446.689,Pinned,Device,NVIDIA A100-SXM4-40GB (0),1,,13,[CUDA memcpy Host-to-Device]
2036306389,6911,14342,,,,,,,,,,0.131,18965.594,Pinned,Device,NVIDIA A100-SXM4-40GB (0),1,,13,[CUDA memcpy Host-to-Device]
2036318228,6944,14343,69,4,1,48,1,1,76,0.002,0.000,,,,,NVIDIA A100-SXM4-40GB (0),1,,13,"void ch_est::windowedChEstPreNoDftSOfdmKernel<float, __half, float, (unsigned int)2, (unsigned int)1, (unsigned short)4>(ch_est::puschRxChEstStatDescr_t *, ch_est::puschRxChEstDynDescr_t *)"
2036326420,6240,14344,137,2,1,24,2,1,44,0.001,0.001,,,,,NVIDIA A100-SXM4-40GB (0),1,,13,"void ch_est::chEstFilterNoDftSOfdmDispatchKernel<float, __half, float, (unsigned int)2>(ch_est::puschRxChEstStatDescr_t *, ch_est::puschRxChEstDynDescr_t *)"
2036333940,4544,14345,137,2,1,24,2,1,44,0.001,0.001,,,,,NVIDIA A100-SXM4-40GB (0),1,,13,"void ch_est::chEstFilterNoDftSOfdmDispatchKernel<float, __half, float, (unsigned int)2>(ch_est::puschRxChEstStatDescr_t *, ch_est::puschRxChEstDynDescr_t *)"
2036339732,2144,14356,103,1,1,128,1,1,16,0.000,0.000,,,,,NVIDIA A100-SXM4-40GB (0),1,,13,cupy_copy__complex64_complex64
2036342868,12576,14366,1434,1,1,128,1,1,16,0.000,0.000,,,,,NVIDIA A100-SXM4-40GB (0),1,,13,cupy_copy__complex64_complex64
2036356692,2080,14373,103,1,1,128,1,1,16,0.000,0.000,,,,,NVIDIA A100-SXM4-40GB (0),1,,13,cupy_copy__complex64_complex64
2036360084,78847,14380,1,1,1,32,32,1,30,0.000,0.000,,,,,NVIDIA A100-SXM4-40GB (0),1,,13,"void convert_kernel<__half2, float2>(tensor_layout_any, T1 *, tensor_layout_any, const T2 *)"
2036466803,4640,14383,,,,,,,,,,0.061,13241.364,Pinned,Device,NVIDIA A100-SXM4-40GB (0),1,,13,[CUDA memcpy Host-to-Device]
2036479027,44799,14384,,,,,,,,,,35.801,799113.228,Device,,NVIDIA A100-SXM4-40GB (0),1,,13,[CUDA memset]
2036525330,2400,14386,,,,,,,,,,0.000,33.333,Pinned,Device,NVIDIA A100-SXM4-40GB (0),1,,13,[CUDA memcpy Host-to-Device]
2036530930,7392,14387,,,,,,,,,,0.131,17731.551,Pinned,Device,NVIDIA A100-SXM4-40GB (0),1,,13,[CUDA memcpy Host-to-Device]
2036549682,8736,14388,273,1,1,48,1,1,40,0.000,0.001,,,,,NVIDIA A100-SXM4-40GB (0),1,,13,"void pusch_noise_intf_est::noiseIntfEstNoDftSOfdmKernel<float, __half, float, float, (unsigned int)2, (unsigned int)1, (unsigned char)4, (unsigned char)4>(pusch_noise_intf_est::puschRxNoiseIntfEstDynDescr)"
2036559922,2240,14399,35,1,1,128,1,1,16,0.000,0.000,,,,,NVIDIA A100-SXM4-40GB (0),1,,13,cupy_copy__complex64_complex64
2036591409,1536,14408,1,1,1,1,1,1,18,0.000,0.000,,,,,NVIDIA A100-SXM4-40GB (0),1,,13,cupy_copy__float32_float32
2036625265,1984,14414,,,,,,,,,,0.000,2.016,Device,Pageable,NVIDIA A100-SXM4-40GB (0),1,,7,[CUDA memcpy Device-to-Host]
2036684432,13056,14425,1434,1,1,128,1,1,16,0.000,0.000,,,,,NVIDIA A100-SXM4-40GB (0),1,,13,cupy_copy__complex64_complex64
2036710032,2336,14432,103,1,1,128,1,1,16,0.000,0.000,,,,,NVIDIA A100-SXM4-40GB (0),1,,13,cupy_copy__complex64_complex64
2036730448,1984,14439,35,1,1,128,1,1,16,0.000,0.000,,,,,NVIDIA A100-SXM4-40GB (0),1,,13,cupy_copy__complex64_complex64
2036751888,1472,14446,1,1,1,1,1,1,18,0.000,0.000,,,,,NVIDIA A100-SXM4-40GB (0),1,,13,cupy_copy__float32_float32
2036886894,78559,14457,1,1,1,32,32,1,30,0.000,0.000,,,,,NVIDIA A100-SXM4-40GB (0),1,,13,"void convert_kernel<__half2, float2>(tensor_layout_any, T1 *, tensor_layout_any, const T2 *)"
2036993229,4320,14460,,,,,,,,,,0.061,14222.193,Pinned,Device,NVIDIA A100-SXM4-40GB (0),1,,13,[CUDA memcpy Host-to-Device]
2037007213,2592,14461,,,,,,,,,,1.547,596690.632,Device,,NVIDIA A100-SXM4-40GB (0),1,,13,[CUDA memset]
2037013357,2976,14466,,,,,,,,,,0.021,7075.258,Pinned,Device,NVIDIA A100-SXM4-40GB (0),1,,13,[CUDA memcpy Host-to-Device]
2037019597,6784,14467,,,,,,,,,,0.131,19320.668,Pinned,Device,NVIDIA A100-SXM4-40GB (0),1,,13,[CUDA memcpy Host-to-Device]
2037038156,5856,14468,273,1,1,8,4,1,39,0.002,0.000,,,,,NVIDIA A100-SXM4-40GB (0),1,,13,"void channel_eq::eqMmseCoefCompLowMimoKernel<float, float, float, (unsigned int)4, (unsigned int)1, (unsigned int)4>(const channel_eq::_puschRxChEqStatDescr *, channel_eq::_puschRxChEqCoefCompDynDescr)"
2037045004,4800,14469,273,1,1,12,11,1,40,0.002,0.000,,,,,NVIDIA A100-SXM4-40GB (0),1,,13,"void channel_eq::eqMmseSoftDemapKernel<float, __half, __half, float, (unsigned int)4, (unsigned short)16383>(channel_eq::_puschRxChEqStatDescr *, channel_eq::_puschRxChEqSoftDemapDynDescr)"
2037051052,282749,14470,1,1,1,32,32,1,30,0.000,0.000,,,,,NVIDIA A100-SXM4-40GB (0),1,,13,"void convert_kernel<float2, __half2>(tensor_layout_any, T1 *, tensor_layout_any, const T2 *)"
2037334857,10272,14482,2253,1,1,128,1,1,16,0.000,0.000,,,,,NVIDIA A100-SXM4-40GB (0),1,,13,cupy_copy__float16_float16
2037346409,2400,14491,282,1,1,128,1,1,16,0.000,0.000,,,,,NVIDIA A100-SXM4-40GB (0),1,,13,cupy_copy__complex64_complex64
2037349801,1760,14500,26,1,1,128,1,1,16,0.000,0.000,,,,,NVIDIA A100-SXM4-40GB (0),1,,13,cupy_copy__float32_float32
2037352681,2560,14509,103,1,1,128,1,1,16,0.000,0.000,,,,,NVIDIA A100-SXM4-40GB (0),1,,13,cupy_copy__complex64_complex64
2037356425,11424,14519,1434,1,1,128,1,1,16,0.000,0.000,,,,,NVIDIA A100-SXM4-40GB (0),1,,13,cupy_copy__complex64_complex64
2037383753,78399,14524,1,1,1,32,32,1,30,0.000,0.000,,,,,NVIDIA A100-SXM4-40GB (0),1,,13,"void convert_kernel<__half2, float2>(tensor_layout_any, T1 *, tensor_layout_any, const T2 *)"
2037637094,4480,14527,,,,,,,,,,0.061,13714.268,Pinned,Device,NVIDIA A100-SXM4-40GB (0),1,,13,[CUDA memcpy Host-to-Device]
2037645318,589689,14528,,,,,,,,,,456.520,773802.214,Device,,NVIDIA A100-SXM4-40GB (0),1,,13,[CUDA memset]
2038240383,33184,14533,,,,,,,,,,0.825,24871.741,Pinned,Device,NVIDIA A100-SXM4-40GB (0),1,,13,[CUDA memcpy Host-to-Device]
2038276447,7584,14534,,,,,,,,,,0.131,17282.630,Pinned,Device,NVIDIA A100-SXM4-40GB (0),1,,13,[CUDA memcpy Host-to-Device]
2038290463,7071,14535,69,4,1,48,1,1,76,0.002,0.000,,,,,NVIDIA A100-SXM4-40GB (0),1,,13,"void ch_est::windowedChEstPreNoDftSOfdmKernel<float, __half, float, (unsigned int)2, (unsigned int)1, (unsigned short)4>(ch_est::puschRxChEstStatDescr_t *, ch_est::puschRxChEstDynDescr_t *)"
2038298622,6176,14536,137,2,1,24,2,1,44,0.001,0.001,,,,,NVIDIA A100-SXM4-40GB (0),1,,13,"void ch_est::chEstFilterNoDftSOfdmDispatchKernel<float, __half, float, (unsigned int)2>(ch_est::puschRxChEstStatDescr_t *, ch_est::puschRxChEstDynDescr_t *)"
2038306046,4576,14537,137,2,1,24,2,1,44,0.001,0.001,,,,,NVIDIA A100-SXM4-40GB (0),1,,13,"void ch_est::chEstFilterNoDftSOfdmDispatchKernel<float, __half, float, (unsigned int)2>(ch_est::puschRxChEstStatDescr_t *, ch_est::puschRxChEstDynDescr_t *)"
2038311934,2592,14548,103,1,1,128,1,1,16,0.000,0.000,,,,,NVIDIA A100-SXM4-40GB (0),1,,13,cupy_copy__complex64_complex64
2038315582,12544,14558,1434,1,1,128,1,1,16,0.000,0.000,,,,,NVIDIA A100-SXM4-40GB (0),1,,13,cupy_copy__complex64_complex64
2038329150,2048,14565,103,1,1,128,1,1,16,0.000,0.000,,,,,NVIDIA A100-SXM4-40GB (0),1,,13,cupy_copy__complex64_complex64
2038332414,77951,14572,1,1,1,32,32,1,30,0.000,0.000,,,,,NVIDIA A100-SXM4-40GB (0),1,,13,"void convert_kernel<__half2, float2>(tensor_layout_any, T1 *, tensor_layout_any, const T2 *)"
2038441789,4288,14575,,,,,,,,,,0.061,14328.300,Pinned,Device,NVIDIA A100-SXM4-40GB (0),1,,13,[CUDA memcpy Host-to-Device]
2038454301,45215,14576,,,,,,,,,,35.801,791774.031,Device,,NVIDIA A100-SXM4-40GB (0),1,,13,[CUDA memset]
2038506748,1856,14578,,,,,,,,,,0.000,43.103,Pinned,Device,NVIDIA A100-SXM4-40GB (0),1,,13,[CUDA memcpy Host-to-Device]
2038511484,6912,14579,,,,,,,,,,0.131,18962.842,Pinned,Device,NVIDIA A100-SXM4-40GB (0),1,,13,[CUDA memcpy Host-to-Device]
2038529052,8480,14580,273,1,1,48,1,1,40,0.000,0.001,,,,,NVIDIA A100-SXM4-40GB (0),1,,13,"void pusch_noise_intf_est::noiseIntfEstNoDftSOfdmKernel<float, __half, float, float, (unsigned int)2, (unsigned int)1, (unsigned char)4, (unsigned char)4>(pusch_noise_intf_est::puschRxNoiseIntfEstDynDescr)"
2038539068,2304,14591,35,1,1,128,1,1,16,0.000,0.000,,,,,NVIDIA A100-SXM4-40GB (0),1,,13,cupy_copy__complex64_complex64
2038567867,1504,14600,1,1,1,1,1,1,18,0.000,0.000,,,,,NVIDIA A100-SXM4-40GB (0),1,,13,cupy_copy__float32_float32
2038602459,1728,14606,,,,,,,,,,0.000,2.315,Device,Pageable,NVIDIA A100-SXM4-40GB (0),1,,7,[CUDA memcpy Device-to-Host]
2038660890,13344,14617,1434,1,1,128,1,1,16,0.000,0.000,,,,,NVIDIA A100-SXM4-40GB (0),1,,13,cupy_copy__complex64_complex64
2038686682,2336,14624,103,1,1,128,1,1,16,0.000,0.000,,,,,NVIDIA A100-SXM4-40GB (0),1,,13,cupy_copy__complex64_complex64
2038711002,1984,14631,35,1,1,128,1,1,16,0.000,0.000,,,,,NVIDIA A100-SXM4-40GB (0),1,,13,cupy_copy__complex64_complex64
2038729082,1472,14638,1,1,1,1,1,1,18,0.000,0.000,,,,,NVIDIA A100-SXM4-40GB (0),1,,13,cupy_copy__float32_float32
2038865080,78335,14649,1,1,1,32,32,1,30,0.000,0.000,,,,,NVIDIA A100-SXM4-40GB (0),1,,13,"void convert_kernel<__half2, float2>(tensor_layout_any, T1 *, tensor_layout_any, const T2 *)"
2039163605,4320,14652,,,,,,,,,,0.061,14222.193,Pinned,Device,NVIDIA A100-SXM4-40GB (0),1,,13,[CUDA memcpy Host-to-Device]
2039175253,2688,14653,,,,,,,,,,1.547,575379.700,Device,,NVIDIA A100-SXM4-40GB (0),1,,13,[CUDA memset]
2039184725,2912,14658,,,,,,,,,,0.021,7230.757,Pinned,Device,NVIDIA A100-SXM4-40GB (0),1,,13,[CUDA memcpy Host-to-Device]
2039190101,6816,14659,,,,,,,,,,0.131,19229.966,Pinned,Device,NVIDIA A100-SXM4-40GB (0),1,,13,[CUDA memcpy Host-to-Device]
2039201812,5856,14660,273,1,1,8,4,1,39,0.002,0.000,,,,,NVIDIA A100-SXM4-40GB (0),1,,13,"void channel_eq::eqMmseCoefCompLowMimoKernel<float, float, float, (unsigned int)4, (unsigned int)1, (unsigned int)4>(const channel_eq::_puschRxChEqStatDescr *, channel_eq::_puschRxChEqCoefCompDynDescr)"
2039208916,4800,14661,273,1,1,12,11,1,40,0.002,0.000,,,,,NVIDIA A100-SXM4-40GB (0),1,,13,"void channel_eq::eqMmseSoftDemapKernel<float, __half, __half, float, (unsigned int)4, (unsigned short)16383>(channel_eq::_puschRxChEqStatDescr *, channel_eq::_puschRxChEqSoftDemapDynDescr)"
2039214708,282269,14662,1,1,1,32,32,1,30,0.000,0.000,,,,,NVIDIA A100-SXM4-40GB (0),1,,13,"void convert_kernel<float2, __half2>(tensor_layout_any, T1 *, tensor_layout_any, const T2 *)"
2039498001,10368,14674,2253,1,1,128,1,1,16,0.000,0.000,,,,,NVIDIA A100-SXM4-40GB (0),1,,13,cupy_copy__float16_float16
2039509553,2400,14683,282,1,1,128,1,1,16,0.000,0.000,,,,,NVIDIA A100-SXM4-40GB (0),1,,13,cupy_copy__complex64_complex64
2039512977,1760,14692,26,1,1,128,1,1,16,0.000,0.000,,,,,NVIDIA A100-SXM4-40GB (0),1,,13,cupy_copy__float32_float32
2039515921,2560,14701,103,1,1,128,1,1,16,0.000,0.000,,,,,NVIDIA A100-SXM4-40GB (0),1,,13,cupy_copy__complex64_complex64
2039519665,11424,14711,1434,1,1,128,1,1,16,0.000,0.000,,,,,NVIDIA A100-SXM4-40GB (0),1,,13,cupy_copy__complex64_complex64
2039683023,79487,14716,1,1,1,32,32,1,30,0.000,0.000,,,,,NVIDIA A100-SXM4-40GB (0),1,,13,"void convert_kernel<__half2, float2>(tensor_layout_any, T1 *, tensor_layout_any, const T2 *)"
2039793486,4128,14719,,,,,,,,,,0.061,14883.717,Pinned,Device,NVIDIA A100-SXM4-40GB (0),1,,13,[CUDA memcpy Host-to-Device]
2039805006,588665,14720,,,,,,,,,,456.520,775171.775,Device,,NVIDIA A100-SXM4-40GB (0),1,,13,[CUDA memset]
2040396007,33056,14725,,,,,,,,,,0.825,24967.481,Pinned,Device,NVIDIA A100-SXM4-40GB (0),1,,13,[CUDA memcpy Host-to-Device]
2040432295,7424,14726,,,,,,,,,,0.131,17655.136,Pinned,Device,NVIDIA A100-SXM4-40GB (0),1,,13,[CUDA memcpy Host-to-Device]
2040450055,7136,14727,69,4,1,48,1,1,76,0.002,0.000,,,,,NVIDIA A100-SXM4-40GB (0),1,,13,"void ch_est::windowedChEstPreNoDftSOfdmKernel<float, __half, float, (unsigned int)2, (unsigned int)1, (unsigned short)4>(ch_est::puschRxChEstStatDescr_t *, ch_est::puschRxChEstDynDescr_t *)"
2040458215,6367,14728,137,2,1,24,2,1,44,0.001,0.001,,,,,NVIDIA A100-SXM4-40GB (0),1,,13,"void ch_est::chEstFilterNoDftSOfdmDispatchKernel<float, __half, float, (unsigned int)2>(ch_est::puschRxChEstStatDescr_t *, ch_est::puschRxChEstDynDescr_t *)"
2040465798,4544,14729,137,2,1,24,2,1,44,0.001,0.001,,,,,NVIDIA A100-SXM4-40GB (0),1,,13,"void ch_est::chEstFilterNoDftSOfdmDispatchKernel<float, __half, float, (unsigned int)2>(ch_est::puschRxChEstStatDescr_t *, ch_est::puschRxChEstDynDescr_t *)"
2040471590,2144,14740,103,1,1,128,1,1,16,0.000,0.000,,,,,NVIDIA A100-SXM4-40GB (0),1,,13,cupy_copy__complex64_complex64
2040475014,12544,14750,1434,1,1,128,1,1,16,0.000,0.000,,,,,NVIDIA A100-SXM4-40GB (0),1,,13,cupy_copy__complex64_complex64
2040488646,2080,14757,103,1,1,128,1,1,16,0.000,0.000,,,,,NVIDIA A100-SXM4-40GB (0),1,,13,cupy_copy__complex64_complex64
2040491814,77887,14764,1,1,1,32,32,1,30,0.000,0.000,,,,,NVIDIA A100-SXM4-40GB (0),1,,13,"void convert_kernel<__half2, float2>(tensor_layout_any, T1 *, tensor_layout_any, const T2 *)"
2040597797,4160,14767,,,,,,,,,,0.061,14769.193,Pinned,Device,NVIDIA A100-SXM4-40GB (0),1,,13,[CUDA memcpy Host-to-Device]
2040610277,45215,14768,,,,,,,,,,35.801,791774.031,Device,,NVIDIA A100-SXM4-40GB (0),1,,13,[CUDA memset]
2040661220,2016,14770,,,,,,,,,,0.000,39.682,Pinned,Device,NVIDIA A100-SXM4-40GB (0),1,,13,[CUDA memcpy Host-to-Device]
2040665956,7296,14771,,,,,,,,,,0.131,17964.859,Pinned,Device,NVIDIA A100-SXM4-40GB (0),1,,13,[CUDA memcpy Host-to-Device]
2040680420,8640,14772,273,1,1,48,1,1,40,0.000,0.001,,,,,NVIDIA A100-SXM4-40GB (0),1,,13,"void pusch_noise_intf_est::noiseIntfEstNoDftSOfdmKernel<float, __half, float, float, (unsigned int)2, (unsigned int)1, (unsigned char)4, (unsigned char)4>(pusch_noise_intf_est::puschRxNoiseIntfEstDynDescr)"
2040690500,2368,14783,35,1,1,128,1,1,16,0.000,0.000,,,,,NVIDIA A100-SXM4-40GB (0),1,,13,cupy_copy__complex64_complex64
2040717508,1504,14792,1,1,1,1,1,1,18,0.000,0.000,,,,,NVIDIA A100-SXM4-40GB (0),1,,13,cupy_copy__float32_float32
2040751875,1760,14798,,,,,,,,,,0.000,2.273,Device,Pageable,NVIDIA A100-SXM4-40GB (0),1,,7,[CUDA memcpy Device-to-Host]
2040809667,13088,14809,1434,1,1,128,1,1,16,0.000,0.000,,,,,NVIDIA A100-SXM4-40GB (0),1,,13,cupy_copy__complex64_complex64
2040840162,2336,14816,103,1,1,128,1,1,16,0.000,0.000,,,,,NVIDIA A100-SXM4-40GB (0),1,,13,cupy_copy__complex64_complex64
2040860930,2016,14823,35,1,1,128,1,1,16,0.000,0.000,,,,,NVIDIA A100-SXM4-40GB (0),1,,13,cupy_copy__complex64_complex64
2040878914,1472,14830,1,1,1,1,1,1,18,0.000,0.000,,,,,NVIDIA A100-SXM4-40GB (0),1,,13,cupy_copy__float32_float32
2041011872,78400,14841,1,1,1,32,32,1,30,0.000,0.000,,,,,NVIDIA A100-SXM4-40GB (0),1,,13,"void convert_kernel<__half2, float2>(tensor_layout_any, T1 *, tensor_layout_any, const T2 *)"
2041117503,4544,14844,,,,,,,,,,0.061,13521.101,Pinned,Device,NVIDIA A100-SXM4-40GB (0),1,,13,[CUDA memcpy Host-to-Device]
2041131903,2624,14845,,,,,,,,,,1.547,589413.767,Device,,NVIDIA A100-SXM4-40GB (0),1,,13,[CUDA memset]
2041138271,2816,14850,,,,,,,,,,0.021,7477.259,Pinned,Device,NVIDIA A100-SXM4-40GB (0),1,,13,[CUDA memcpy Host-to-Device]
2041144063,6752,14851,,,,,,,,,,0.131,19412.287,Pinned,Device,NVIDIA A100-SXM4-40GB (0),1,,13,[CUDA memcpy Host-to-Device]
2041157631,5824,14852,273,1,1,8,4,1,39,0.002,0.000,,,,,NVIDIA A100-SXM4-40GB (0),1,,13,"void channel_eq::eqMmseCoefCompLowMimoKernel<float, float, float, (unsigned int)4, (unsigned int)1, (unsigned int)4>(const channel_eq::_puschRxChEqStatDescr *, channel_eq::_puschRxChEqCoefCompDynDescr)"
2041164703,4864,14853,273,1,1,12,11,1,40,0.002,0.000,,,,,NVIDIA A100-SXM4-40GB (0),1,,13,"void channel_eq::eqMmseSoftDemapKernel<float, __half, __half, float, (unsigned int)4, (unsigned short)16383>(channel_eq::_puschRxChEqStatDescr *, channel_eq::_puschRxChEqSoftDemapDynDescr)"
2041170783,282013,14854,1,1,1,32,32,1,30,0.000,0.000,,,,,NVIDIA A100-SXM4-40GB (0),1,,13,"void convert_kernel<float2, __half2>(tensor_layout_any, T1 *, tensor_layout_any, const T2 *)"
2041453820,10271,14866,2253,1,1,128,1,1,16,0.000,0.000,,,,,NVIDIA A100-SXM4-40GB (0),1,,13,cupy_copy__float16_float16
2041465339,2400,14875,282,1,1,128,1,1,16,0.000,0.000,,,,,NVIDIA A100-SXM4-40GB (0),1,,13,cupy_copy__complex64_complex64
2041468763,1792,14884,26,1,1,128,1,1,16,0.000,0.000,,,,,NVIDIA A100-SXM4-40GB (0),1,,13,cupy_copy__float32_float32
2041471771,2560,14893,103,1,1,128,1,1,16,0.000,0.000,,,,,NVIDIA A100-SXM4-40GB (0),1,,13,cupy_copy__complex64_complex64
2041475387,11552,14903,1434,1,1,128,1,1,16,0.000,0.000,,,,,NVIDIA A100-SXM4-40GB (0),1,,13,cupy_copy__complex64_complex64
2041508219,78559,14908,1,1,1,32,32,1,30,0.000,0.000,,,,,NVIDIA A100-SXM4-40GB (0),1,,13,"void convert_kernel<__half2, float2>(tensor_layout_any, T1 *, tensor_layout_any, const T2 *)"
2041613498,4416,14911,,,,,,,,,,0.061,13913.027,Pinned,Device,NVIDIA A100-SXM4-40GB (0),1,,13,[CUDA memcpy Host-to-Device]
2041626234,587161,14912,,,,,,,,,,456.520,777454.377,Device,,NVIDIA A100-SXM4-40GB (0),1,,13,[CUDA memset]
2042216659,32736,14917,,,,,,,,,,0.825,25211.783,Pinned,Device,NVIDIA A100-SXM4-40GB (0),1,,13,[CUDA memcpy Host-to-Device]
2042252371,7616,14918,,,,,,,,,,0.131,17210.016,Pinned,Device,NVIDIA A100-SXM4-40GB (0),1,,13,[CUDA memcpy Host-to-Device]
2042265587,7167,14919,69,4,1,48,1,1,76,0.002,0.000,,,,,NVIDIA A100-SXM4-40GB (0),1,,13,"void ch_est::windowedChEstPreNoDftSOfdmKernel<float, __half, float, (unsigned int)2, (unsigned int)1, (unsigned short)4>(ch_est::puschRxChEstStatDescr_t *, ch_est::puschRxChEstDynDescr_t *)"
2042274034,6144,14920,137,2,1,24,2,1,44,0.001,0.001,,,,,NVIDIA A100-SXM4-40GB (0),1,,13,"void ch_est::chEstFilterNoDftSOfdmDispatchKernel<float, __half, float, (unsigned int)2>(ch_est::puschRxChEstStatDescr_t *, ch_est::puschRxChEstDynDescr_t *)"
2042281394,4576,14921,137,2,1,24,2,1,44,0.001,0.001,,,,,NVIDIA A100-SXM4-40GB (0),1,,13,"void ch_est::chEstFilterNoDftSOfdmDispatchKernel<float, __half, float, (unsigned int)2>(ch_est::puschRxChEstStatDescr_t *, ch_est::puschRxChEstDynDescr_t *)"
2042287186,2176,14932,103,1,1,128,1,1,16,0.000,0.000,,,,,NVIDIA A100-SXM4-40GB (0),1,,13,cupy_copy__complex64_complex64
2042290674,12672,14942,1434,1,1,128,1,1,16,0.000,0.000,,,,,NVIDIA A100-SXM4-40GB (0),1,,13,cupy_copy__complex64_complex64
2042304370,2048,14949,103,1,1,128,1,1,16,0.000,0.000,,,,,NVIDIA A100-SXM4-40GB (0),1,,13,cupy_copy__complex64_complex64
2042307506,78463,14956,1,1,1,32,32,1,30,0.000,0.000,,,,,NVIDIA A100-SXM4-40GB (0),1,,13,"void convert_kernel<__half2, float2>(tensor_layout_any, T1 *, tensor_layout_any, const T2 *)"
2042413937,4128,14959,,,,,,,,,,0.061,14883.717,Pinned,Device,NVIDIA A100-SXM4-40GB (0),1,,13,[CUDA memcpy Host-to-Device]
2042426097,45343,14960,,,,,,,,,,35.801,789554.372,Device,,NVIDIA A100-SXM4-40GB (0),1,,13,[CUDA memset]
2042477776,1824,14962,,,,,,,,,,0.000,43.860,Pinned,Device,NVIDIA A100-SXM4-40GB (0),1,,13,[CUDA memcpy Host-to-Device]
2042482800,7008,14963,,,,,,,,,,0.131,18703.188,Pinned,Device,NVIDIA A100-SXM4-40GB (0),1,,13,[CUDA memcpy Host-to-Device]
2042493936,8448,14964,273,1,1,48,1,1,40,0.000,0.001,,,,,NVIDIA A100-SXM4-40GB (0),1,,13,"void pusch_noise_intf_est::noiseIntfEstNoDftSOfdmKernel<float, __half, float, float, (unsigned int)2, (unsigned int)1, (unsigned char)4, (unsigned char)4>(pusch_noise_intf_est::puschRxNoiseIntfEstDynDescr)"
2042503824,2336,14975,35,1,1,128,1,1,16,0.000,0.000,,,,,NVIDIA A100-SXM4-40GB (0),1,,13,cupy_copy__complex64_complex64
2042534064,1504,14984,1,1,1,1,1,1,18,0.000,0.000,,,,,NVIDIA A100-SXM4-40GB (0),1,,13,cupy_copy__float32_float32
2042568399,2208,14990,,,,,,,,,,0.000,1.812,Device,Pageable,NVIDIA A100-SXM4-40GB (0),1,,7,[CUDA memcpy Device-to-Host]
2042626831,13247,15001,1434,1,1,128,1,1,16,0.000,0.000,,,,,NVIDIA A100-SXM4-40GB (0),1,,13,cupy_copy__complex64_complex64
2042657294,2368,15008,103,1,1,128,1,1,16,0.000,0.000,,,,,NVIDIA A100-SXM4-40GB (0),1,,13,cupy_copy__complex64_complex64
2042678222,1984,15015,35,1,1,128,1,1,16,0.000,0.000,,,,,NVIDIA A100-SXM4-40GB (0),1,,13,cupy_copy__complex64_complex64
2042695182,1504,15022,1,1,1,1,1,1,18,0.000,0.000,,,,,NVIDIA A100-SXM4-40GB (0),1,,13,cupy_copy__float32_float32
2042828908,79039,15033,1,1,1,32,32,1,30,0.000,0.000,,,,,NVIDIA A100-SXM4-40GB (0),1,,13,"void convert_kernel<__half2, float2>(tensor_layout_any, T1 *, tensor_layout_any, const T2 *)"
2043080969,4608,15036,,,,,,,,,,0.061,13333.279,Pinned,Device,NVIDIA A100-SXM4-40GB (0),1,,13,[CUDA memcpy Host-to-Device]
2043091945,2688,15037,,,,,,,,,,1.547,575379.700,Device,,NVIDIA A100-SXM4-40GB (0),1,,13,[CUDA memset]
2043095337,2944,15042,,,,,,,,,,0.021,7152.155,Pinned,Device,NVIDIA A100-SXM4-40GB (0),1,,13,[CUDA memcpy Host-to-Device]
2043101609,6880,15043,,,,,,,,,,0.131,19051.053,Pinned,Device,NVIDIA A100-SXM4-40GB (0),1,,13,[CUDA memcpy Host-to-Device]
2043118569,5888,15044,273,1,1,8,4,1,39,0.002,0.000,,,,,NVIDIA A100-SXM4-40GB (0),1,,13,"void channel_eq::eqMmseCoefCompLowMimoKernel<float, float, float, (unsigned int)4, (unsigned int)1, (unsigned int)4>(const channel_eq::_puschRxChEqStatDescr *, channel_eq::_puschRxChEqCoefCompDynDescr)"
2043125673,4832,15045,273,1,1,12,11,1,40,0.002,0.000,,,,,NVIDIA A100-SXM4-40GB (0),1,,13,"void channel_eq::eqMmseSoftDemapKernel<float, __half, __half, float, (unsigned int)4, (unsigned short)16383>(channel_eq::_puschRxChEqStatDescr *, channel_eq::_puschRxChEqSoftDemapDynDescr)"
2043131721,282077,15046,1,1,1,32,32,1,30,0.000,0.000,,,,,NVIDIA A100-SXM4-40GB (0),1,,13,"void convert_kernel<float2, __half2>(tensor_layout_any, T1 *, tensor_layout_any, const T2 *)"
2043414918,10272,15058,2253,1,1,128,1,1,16,0.000,0.000,,,,,NVIDIA A100-SXM4-40GB (0),1,,13,cupy_copy__float16_float16
2043426182,2400,15067,282,1,1,128,1,1,16,0.000,0.000,,,,,NVIDIA A100-SXM4-40GB (0),1,,13,cupy_copy__complex64_complex64
2043429574,1792,15076,26,1,1,128,1,1,16,0.000,0.000,,,,,NVIDIA A100-SXM4-40GB (0),1,,13,cupy_copy__float32_float32
2043432550,2560,15085,103,1,1,128,1,1,16,0.000,0.000,,,,,NVIDIA A100-SXM4-40GB (0),1,,13,cupy_copy__complex64_complex64
2043436326,11231,15095,1434,1,1,128,1,1,16,0.000,0.000,,,,,NVIDIA A100-SXM4-40GB (0),1,,13,cupy_copy__complex64_complex64
2043589700,78527,15100,1,1,1,32,32,1,30,0.000,0.000,,,,,NVIDIA A100-SXM4-40GB (0),1,,13,"void convert_kernel<__half2, float2>(tensor_layout_any, T1 *, tensor_layout_any, const T2 *)"
2043699299,4416,15103,,,,,,,,,,0.061,13913.027,Pinned,Device,NVIDIA A100-SXM4-40GB (0),1,,13,[CUDA memcpy Host-to-Device]
2043711171,587193,15104,,,,,,,,,,456.520,777454.377,Device,,NVIDIA A100-SXM4-40GB (0),1,,13,[CUDA memset]
2044306012,33120,15109,,,,,,,,,,0.825,24919.611,Pinned,Device,NVIDIA A100-SXM4-40GB (0),1,,13,[CUDA memcpy Host-to-Device]
2044341436,7231,15110,,,,,,,,,,0.131,18126.340,Pinned,Device,NVIDIA A100-SXM4-40GB (0),1,,13,[CUDA memcpy Host-to-Device]
2044356539,6976,15111,69,4,1,48,1,1,76,0.002,0.000,,,,,NVIDIA A100-SXM4-40GB (0),1,,13,"void ch_est::windowedChEstPreNoDftSOfdmKernel<float, __half, float, (unsigned int)2, (unsigned int)1, (unsigned short)4>(ch_est::puschRxChEstStatDescr_t *, ch_est::puschRxChEstDynDescr_t *)"
2044364795,6272,15112,137,2,1,24,2,1,44,0.001,0.001,,,,,NVIDIA A100-SXM4-40GB (0),1,,13,"void ch_est::chEstFilterNoDftSOfdmDispatchKernel<float, __half, float, (unsigned int)2>(ch_est::puschRxChEstStatDescr_t *, ch_est::puschRxChEstDynDescr_t *)"
2044372091,4576,15113,137,2,1,24,2,1,44,0.001,0.001,,,,,NVIDIA A100-SXM4-40GB (0),1,,13,"void ch_est::chEstFilterNoDftSOfdmDispatchKernel<float, __half, float, (unsigned int)2>(ch_est::puschRxChEstStatDescr_t *, ch_est::puschRxChEstDynDescr_t *)"
2044377883,2176,15124,103,1,1,128,1,1,16,0.000,0.000,,,,,NVIDIA A100-SXM4-40GB (0),1,,13,cupy_copy__complex64_complex64
2044381019,12352,15134,1434,1,1,128,1,1,16,0.000,0.000,,,,,NVIDIA A100-SXM4-40GB (0),1,,13,cupy_copy__complex64_complex64
2044394363,2112,15141,103,1,1,128,1,1,16,0.000,0.000,,,,,NVIDIA A100-SXM4-40GB (0),1,,13,cupy_copy__complex64_complex64
2044397723,78207,15148,1,1,1,32,32,1,30,0.000,0.000,,,,,NVIDIA A100-SXM4-40GB (0),1,,13,"void convert_kernel<__half2, float2>(tensor_layout_any, T1 *, tensor_layout_any, const T2 *)"
2044634936,4320,15151,,,,,,,,,,0.061,14222.193,Pinned,Device,NVIDIA A100-SXM4-40GB (0),1,,13,[CUDA memcpy Host-to-Device]
2044647384,46400,15152,,,,,,,,,,35.801,771546.489,Device,,NVIDIA A100-SXM4-40GB (0),1,,13,[CUDA memset]
2044699352,1824,15154,,,,,,,,,,0.000,43.860,Pinned,Device,NVIDIA A100-SXM4-40GB (0),1,,13,[CUDA memcpy Host-to-Device]
2044703736,7295,15155,,,,,,,,,,0.131,17967.350,Pinned,Device,NVIDIA A100-SXM4-40GB (0),1,,13,[CUDA memcpy Host-to-Device]
2044720087,9024,15156,273,1,1,48,1,1,40,0.000,0.001,,,,,NVIDIA A100-SXM4-40GB (0),1,,13,"void pusch_noise_intf_est::noiseIntfEstNoDftSOfdmKernel<float, __half, float, float, (unsigned int)2, (unsigned int)1, (unsigned char)4, (unsigned char)4>(pusch_noise_intf_est::puschRxNoiseIntfEstDynDescr)"
2044730679,2272,15167,35,1,1,128,1,1,16,0.000,0.000,,,,,NVIDIA A100-SXM4-40GB (0),1,,13,cupy_copy__complex64_complex64
2044742071,1472,15176,1,1,1,1,1,1,18,0.000,0.000,,,,,NVIDIA A100-SXM4-40GB (0),1,,13,cupy_copy__float32_float32
2044778999,2144,15182,,,,,,,,,,0.000,1.866,Device,Pageable,NVIDIA A100-SXM4-40GB (0),1,,7,[CUDA memcpy Device-to-Host]
2044839574,13088,15193,1434,1,1,128,1,1,16,0.000,0.000,,,,,NVIDIA A100-SXM4-40GB (0),1,,13,cupy_copy__complex64_complex64
2044866710,2400,15200,103,1,1,128,1,1,16,0.000,0.000,,,,,NVIDIA A100-SXM4-40GB (0),1,,13,cupy_copy__complex64_complex64
2044887349,2048,15207,35,1,1,128,1,1,16,0.000,0.000,,,,,NVIDIA A100-SXM4-40GB (0),1,,13,cupy_copy__complex64_complex64
2044905045,1472,15214,1,1,1,1,1,1,18,0.000,0.000,,,,,NVIDIA A100-SXM4-40GB (0),1,,13,cupy_copy__float32_float32
2045181330,78719,15225,1,1,1,32,32,1,30,0.000,0.000,,,,,NVIDIA A100-SXM4-40GB (0),1,,13,"void convert_kernel<__half2, float2>(tensor_layout_any, T1 *, tensor_layout_any, const T2 *)"
2045292145,4128,15228,,,,,,,,,,0.061,14883.717,Pinned,Device,NVIDIA A100-SXM4-40GB (0),1,,13,[CUDA memcpy Host-to-Device]
2045306961,2624,15229,,,,,,,,,,1.547,589413.767,Device,,NVIDIA A100-SXM4-40GB (0),1,,13,[CUDA memset]
2045313201,2816,15234,,,,,,,,,,0.021,7477.259,Pinned,Device,NVIDIA A100-SXM4-40GB (0),1,,13,[CUDA memcpy Host-to-Device]
2045318929,7072,15235,,,,,,,,,,0.131,18533.843,Pinned,Device,NVIDIA A100-SXM4-40GB (0),1,,13,[CUDA memcpy Host-to-Device]
2045338576,6016,15236,273,1,1,8,4,1,39,0.002,0.000,,,,,NVIDIA A100-SXM4-40GB (0),1,,13,"void channel_eq::eqMmseCoefCompLowMimoKernel<float, float, float, (unsigned int)4, (unsigned int)1, (unsigned int)4>(const channel_eq::_puschRxChEqStatDescr *, channel_eq::_puschRxChEqCoefCompDynDescr)"
2045345584,4864,15237,273,1,1,12,11,1,40,0.002,0.000,,,,,NVIDIA A100-SXM4-40GB (0),1,,13,"void channel_eq::eqMmseSoftDemapKernel<float, __half, __half, float, (unsigned int)4, (unsigned short)16383>(channel_eq::_puschRxChEqStatDescr *, channel_eq::_puschRxChEqSoftDemapDynDescr)"
2045351632,281789,15238,1,1,1,32,32,1,30,0.000,0.000,,,,,NVIDIA A100-SXM4-40GB (0),1,,13,"void convert_kernel<float2, __half2>(tensor_layout_any, T1 *, tensor_layout_any, const T2 *)"
2045634477,10208,15250,2253,1,1,128,1,1,16,0.000,0.000,,,,,NVIDIA A100-SXM4-40GB (0),1,,13,cupy_copy__float16_float16
2045645677,2400,15259,282,1,1,128,1,1,16,0.000,0.000,,,,,NVIDIA A100-SXM4-40GB (0),1,,13,cupy_copy__complex64_complex64
2045649101,1760,15268,26,1,1,128,1,1,16,0.000,0.000,,,,,NVIDIA A100-SXM4-40GB (0),1,,13,cupy_copy__float32_float32
2045652045,2560,15277,103,1,1,128,1,1,16,0.000,0.000,,,,,NVIDIA A100-SXM4-40GB (0),1,,13,cupy_copy__complex64_complex64
2045655821,11296,15287,1434,1,1,128,1,1,16,0.000,0.000,,,,,NVIDIA A100-SXM4-40GB (0),1,,13,cupy_copy__complex64_complex64
2045691821,78911,15292,1,1,1,32,32,1,30,0.000,0.000,,,,,NVIDIA A100-SXM4-40GB (0),1,,13,"void convert_kernel<__half2, float2>(tensor_layout_any, T1 *, tensor_layout_any, const T2 *)"
2045798379,4160,15295,,,,,,,,,,0.061,14769.193,Pinned,Device,NVIDIA A100-SXM4-40GB (0),1,,13,[CUDA memcpy Host-to-Device]
2045809323,587098,15296,,,,,,,,,,456.520,777454.377,Device,,NVIDIA A100-SXM4-40GB (0),1,,13,[CUDA memset]
2046401093,32735,15301,,,,,,,,,,0.825,25212.609,Pinned,Device,NVIDIA A100-SXM4-40GB (0),1,,13,[CUDA memcpy Host-to-Device]
2046436676,6880,15302,,,,,,,,,,0.131,19051.053,Pinned,Device,NVIDIA A100-SXM4-40GB (0),1,,13,[CUDA memcpy Host-to-Device]
2046450628,7232,15303,69,4,1,48,1,1,76,0.002,0.000,,,,,NVIDIA A100-SXM4-40GB (0),1,,13,"void ch_est::windowedChEstPreNoDftSOfdmKernel<float, __half, float, (unsigned int)2, (unsigned int)1, (unsigned short)4>(ch_est::puschRxChEstStatDescr_t *, ch_est::puschRxChEstDynDescr_t *)"
2046458916,6240,15304,137,2,1,24,2,1,44,0.001,0.001,,,,,NVIDIA A100-SXM4-40GB (0),1,,13,"void ch_est::chEstFilterNoDftSOfdmDispatchKernel<float, __half, float, (unsigned int)2>(ch_est::puschRxChEstStatDescr_t *, ch_est::puschRxChEstDynDescr_t *)"
2046466212,4512,15305,137,2,1,24,2,1,44,0.001,0.001,,,,,NVIDIA A100-SXM4-40GB (0),1,,13,"void ch_est::chEstFilterNoDftSOfdmDispatchKernel<float, __half, float, (unsigned int)2>(ch_est::puschRxChEstStatDescr_t *, ch_est::puschRxChEstDynDescr_t *)"
2046471780,2144,15316,103,1,1,128,1,1,16,0.000,0.000,,,,,NVIDIA A100-SXM4-40GB (0),1,,13,cupy_copy__complex64_complex64
2046475204,12512,15326,1434,1,1,128,1,1,16,0.000,0.000,,,,,NVIDIA A100-SXM4-40GB (0),1,,13,cupy_copy__complex64_complex64
2046488996,2080,15333,103,1,1,128,1,1,16,0.000,0.000,,,,,NVIDIA A100-SXM4-40GB (0),1,,13,cupy_copy__complex64_complex64
2046492164,78239,15340,1,1,1,32,32,1,30,0.000,0.000,,,,,NVIDIA A100-SXM4-40GB (0),1,,13,"void convert_kernel<__half2, float2>(tensor_layout_any, T1 *, tensor_layout_any, const T2 *)"
2046597699,4223,15343,,,,,,,,,,0.061,14548.869,Pinned,Device,NVIDIA A100-SXM4-40GB (0),1,,13,[CUDA memcpy Host-to-Device]
2046610466,45088,15344,,,,,,,,,,35.801,793993.691,Device,,NVIDIA A100-SXM4-40GB (0),1,,13,[CUDA memset]
2046661954,2464,15346,,,,,,,,,,0.000,32.468,Pinned,Device,NVIDIA A100-SXM4-40GB (0),1,,13,[CUDA memcpy Host-to-Device]
2046667010,6816,15347,,,,,,,,,,0.131,19229.966,Pinned,Device,NVIDIA A100-SXM4-40GB (0),1,,13,[CUDA memcpy Host-to-Device]
2046680194,8576,15348,273,1,1,48,1,1,40,0.000,0.001,,,,,NVIDIA A100-SXM4-40GB (0),1,,13,"void pusch_noise_intf_est::noiseIntfEstNoDftSOfdmKernel<float, __half, float, float, (unsigned int)2, (unsigned int)1, (unsigned char)4, (unsigned char)4>(pusch_noise_intf_est::puschRxNoiseIntfEstDynDescr)"
2046690370,2175,15359,35,1,1,128,1,1,16,0.000,0.000,,,,,NVIDIA A100-SXM4-40GB (0),1,,13,cupy_copy__complex64_complex64
2046718113,1504,15368,1,1,1,1,1,1,18,0.000,0.000,,,,,NVIDIA A100-SXM4-40GB (0),1,,13,cupy_copy__float32_float32
2046756193,1856,15374,,,,,,,,,,0.000,2.155,Device,Pageable,NVIDIA A100-SXM4-40GB (0),1,,7,[CUDA memcpy Device-to-Host]
2046814816,12800,15385,1434,1,1,128,1,1,16,0.000,0.000,,,,,NVIDIA A100-SXM4-40GB (0),1,,13,cupy_copy__complex64_complex64
2046840992,2304,15392,103,1,1,128,1,1,16,0.000,0.000,,,,,NVIDIA A100-SXM4-40GB (0),1,,13,cupy_copy__complex64_complex64
2046860640,1984,15399,35,1,1,128,1,1,16,0.000,0.000,,,,,NVIDIA A100-SXM4-40GB (0),1,,13,cupy_copy__complex64_complex64
2046877855,1472,15406,1,1,1,1,1,1,18,0.000,0.000,,,,,NVIDIA A100-SXM4-40GB (0),1,,13,cupy_copy__float32_float32
2047011486,78271,15417,1,1,1,32,32,1,30,0.000,0.000,,,,,NVIDIA A100-SXM4-40GB (0),1,,13,"void convert_kernel<__half2, float2>(tensor_layout_any, T1 *, tensor_layout_any, const T2 *)"
2047117565,4128,15420,,,,,,,,,,0.061,14883.717,Pinned,Device,NVIDIA A100-SXM4-40GB (0),1,,13,[CUDA memcpy Host-to-Device]
2047131805,2624,15421,,,,,,,,,,1.547,589413.767,Device,,NVIDIA A100-SXM4-40GB (0),1,,13,[CUDA memset]
2047137981,2848,15426,,,,,,,,,,0.021,7393.246,Pinned,Device,NVIDIA A100-SXM4-40GB (0),1,,13,[CUDA memcpy Host-to-Device]
2047142972,7392,15427,,,,,,,,,,0.131,17731.551,Pinned,Device,NVIDIA A100-SXM4-40GB (0),1,,13,[CUDA memcpy Host-to-Device]
2047154460,5824,15428,273,1,1,8,4,1,39,0.002,0.000,,,,,NVIDIA A100-SXM4-40GB (0),1,,13,"void channel_eq::eqMmseCoefCompLowMimoKernel<float, float, float, (unsigned int)4, (unsigned int)1, (unsigned int)4>(const channel_eq::_puschRxChEqStatDescr *, channel_eq::_puschRxChEqCoefCompDynDescr)"
2047161532,4864,15429,273,1,1,12,11,1,40,0.002,0.000,,,,,NVIDIA A100-SXM4-40GB (0),1,,13,"void channel_eq::eqMmseSoftDemapKernel<float, __half, __half, float, (unsigned int)4, (unsigned short)16383>(channel_eq::_puschRxChEqStatDescr *, channel_eq::_puschRxChEqSoftDemapDynDescr)"
2047167676,282269,15430,1,1,1,32,32,1,30,0.000,0.000,,,,,NVIDIA A100-SXM4-40GB (0),1,,13,"void convert_kernel<float2, __half2>(tensor_layout_any, T1 *, tensor_layout_any, const T2 *)"
2047451033,10240,15442,2253,1,1,128,1,1,16,0.000,0.000,,,,,NVIDIA A100-SXM4-40GB (0),1,,13,cupy_copy__float16_float16
2047462265,2400,15451,282,1,1,128,1,1,16,0.000,0.000,,,,,NVIDIA A100-SXM4-40GB (0),1,,13,cupy_copy__complex64_complex64
2047465689,1760,15460,26,1,1,128,1,1,16,0.000,0.000,,,,,NVIDIA A100-SXM4-40GB (0),1,,13,cupy_copy__float32_float32
2047468569,2560,15469,103,1,1,128,1,1,16,0.000,0.000,,,,,NVIDIA A100-SXM4-40GB (0),1,,13,cupy_copy__complex64_complex64
2047472313,11296,15479,1434,1,1,128,1,1,16,0.000,0.000,,,,,NVIDIA A100-SXM4-40GB (0),1,,13,cupy_copy__complex64_complex64
2047516088,78463,15484,1,1,1,32,32,1,30,0.000,0.000,,,,,NVIDIA A100-SXM4-40GB (0),1,,13,"void convert_kernel<__half2, float2>(tensor_layout_any, T1 *, tensor_layout_any, const T2 *)"
2047622039,5024,15487,,,,,,,,,,0.061,12229.263,Pinned,Device,NVIDIA A100-SXM4-40GB (0),1,,13,[CUDA memcpy Host-to-Device]
2047632919,587322,15488,,,,,,,,,,456.520,776997.857,Device,,NVIDIA A100-SXM4-40GB (0),1,,13,[CUDA memset]
2048228912,33216,15493,,,,,,,,,,0.825,24846.981,Pinned,Device,NVIDIA A100-SXM4-40GB (0),1,,13,[CUDA memcpy Host-to-Device]
2048265296,7328,15494,,,,,,,,,,0.131,17886.347,Pinned,Device,NVIDIA A100-SXM4-40GB (0),1,,13,[CUDA memcpy Host-to-Device]
2048276400,6944,15495,69,4,1,48,1,1,76,0.002,0.000,,,,,NVIDIA A100-SXM4-40GB (0),1,,13,"void ch_est::windowedChEstPreNoDftSOfdmKernel<float, __half, float, (unsigned int)2, (unsigned int)1, (unsigned short)4>(ch_est::puschRxChEstStatDescr_t *, ch_est::puschRxChEstDynDescr_t *)"
2048284592,6112,15496,137,2,1,24,2,1,44,0.001,0.001,,,,,NVIDIA A100-SXM4-40GB (0),1,,13,"void ch_est::chEstFilterNoDftSOfdmDispatchKernel<float, __half, float, (unsigned int)2>(ch_est::puschRxChEstStatDescr_t *, ch_est::puschRxChEstDynDescr_t *)"
2048291920,4544,15497,137,2,1,24,2,1,44,0.001,0.001,,,,,NVIDIA A100-SXM4-40GB (0),1,,13,"void ch_est::chEstFilterNoDftSOfdmDispatchKernel<float, __half, float, (unsigned int)2>(ch_est::puschRxChEstStatDescr_t *, ch_est::puschRxChEstDynDescr_t *)"
2048297712,2144,15508,103,1,1,128,1,1,16,0.000,0.000,,,,,NVIDIA A100-SXM4-40GB (0),1,,13,cupy_copy__complex64_complex64
2048301136,12480,15518,1434,1,1,128,1,1,16,0.000,0.000,,,,,NVIDIA A100-SXM4-40GB (0),1,,13,cupy_copy__complex64_complex64
2048314864,2079,15525,103,1,1,128,1,1,16,0.000,0.000,,,,,NVIDIA A100-SXM4-40GB (0),1,,13,cupy_copy__complex64_complex64
2048317999,78880,15532,1,1,1,32,32,1,30,0.000,0.000,,,,,NVIDIA A100-SXM4-40GB (0),1,,13,"void convert_kernel<__half2, float2>(tensor_layout_any, T1 *, tensor_layout_any, const T2 *)"
2048569901,4288,15535,,,,,,,,,,0.061,14328.300,Pinned,Device,NVIDIA A100-SXM4-40GB (0),1,,13,[CUDA memcpy Host-to-Device]
2048580525,45951,15536,,,,,,,,,,35.801,779100.492,Device,,NVIDIA A100-SXM4-40GB (0),1,,13,[CUDA memset]
2048627916,1856,15538,,,,,,,,,,0.000,43.103,Pinned,Device,NVIDIA A100-SXM4-40GB (0),1,,13,[CUDA memcpy Host-to-Device]
2048631884,7328,15539,,,,,,,,,,0.131,17886.347,Pinned,Device,NVIDIA A100-SXM4-40GB (0),1,,13,[CUDA memcpy Host-to-Device]
2048648108,9088,15540,273,1,1,48,1,1,40,0.000,0.001,,,,,NVIDIA A100-SXM4-40GB (0),1,,13,"void pusch_noise_intf_est::noiseIntfEstNoDftSOfdmKernel<float, __half, float, float, (unsigned int)2, (unsigned int)1, (unsigned char)4, (unsigned char)4>(pusch_noise_intf_est::puschRxNoiseIntfEstDynDescr)"
2048658828,2240,15551,35,1,1,128,1,1,16,0.000,0.000,,,,,NVIDIA A100-SXM4-40GB (0),1,,13,cupy_copy__complex64_complex64
2048680683,1504,15560,1,1,1,1,1,1,18,0.000,0.000,,,,,NVIDIA A100-SXM4-40GB (0),1,,13,cupy_copy__float32_float32
2048715339,1728,15566,,,,,,,,,,0.000,2.315,Device,Pageable,NVIDIA A100-SXM4-40GB (0),1,,7,[CUDA memcpy Device-to-Host]
2048773610,12960,15577,1434,1,1,128,1,1,16,0.000,0.000,,,,,NVIDIA A100-SXM4-40GB (0),1,,13,cupy_copy__complex64_complex64
2048800266,2304,15584,103,1,1,128,1,1,16,0.000,0.000,,,,,NVIDIA A100-SXM4-40GB (0),1,,13,cupy_copy__complex64_complex64
2048820426,1984,15591,35,1,1,128,1,1,16,0.000,0.000,,,,,NVIDIA A100-SXM4-40GB (0),1,,13,cupy_copy__complex64_complex64
2048838186,1472,15598,1,1,1,1,1,1,18,0.000,0.000,,,,,NVIDIA A100-SXM4-40GB (0),1,,13,cupy_copy__float32_float32
2049103623,79135,15609,1,1,1,32,32,1,30,0.000,0.000,,,,,NVIDIA A100-SXM4-40GB (0),1,,13,"void convert_kernel<__half2, float2>(tensor_layout_any, T1 *, tensor_layout_any, const T2 *)"
2049214246,4255,15612,,,,,,,,,,0.061,14439.444,Pinned,Device,NVIDIA A100-SXM4-40GB (0),1,,13,[CUDA memcpy Host-to-Device]
2049228965,2624,15613,,,,,,,,,,1.547,589413.767,Device,,NVIDIA A100-SXM4-40GB (0),1,,13,[CUDA memset]
2049235237,3104,15618,,,,,,,,,,0.021,6783.485,Pinned,Device,NVIDIA A100-SXM4-40GB (0),1,,13,[CUDA memcpy Host-to-Device]
2049240997,6848,15619,,,,,,,,,,0.131,19140.182,Pinned,Device,NVIDIA A100-SXM4-40GB (0),1,,13,[CUDA memcpy Host-to-Device]
2049251621,5984,15620,273,1,1,8,4,1,39,0.002,0.000,,,,,NVIDIA A100-SXM4-40GB (0),1,,13,"void channel_eq::eqMmseCoefCompLowMimoKernel<float, float, float, (unsigned int)4, (unsigned int)1, (unsigned int)4>(const channel_eq::_puschRxChEqStatDescr *, channel_eq::_puschRxChEqCoefCompDynDescr)"
2049258661,5024,15621,273,1,1,12,11,1,40,0.002,0.000,,,,,NVIDIA A100-SXM4-40GB (0),1,,13,"void channel_eq::eqMmseSoftDemapKernel<float, __half, __half, float, (unsigned int)4, (unsigned short)16383>(channel_eq::_puschRxChEqStatDescr *, channel_eq::_puschRxChEqSoftDemapDynDescr)"
2049264965,282749,15622,1,1,1,32,32,1,30,0.000,0.000,,,,,NVIDIA A100-SXM4-40GB (0),1,,13,"void convert_kernel<float2, __half2>(tensor_layout_any, T1 *, tensor_layout_any, const T2 *)"
2049548866,10304,15634,2253,1,1,128,1,1,16,0.000,0.000,,,,,NVIDIA A100-SXM4-40GB (0),1,,13,cupy_copy__float16_float16
2049560386,2368,15643,282,1,1,128,1,1,16,0.000,0.000,,,,,NVIDIA A100-SXM4-40GB (0),1,,13,cupy_copy__complex64_complex64
2049563778,1760,15652,26,1,1,128,1,1,16,0.000,0.000,,,,,NVIDIA A100-SXM4-40GB (0),1,,13,cupy_copy__float32_float32
2049566786,2560,15661,103,1,1,128,1,1,16,0.000,0.000,,,,,NVIDIA A100-SXM4-40GB (0),1,,13,cupy_copy__complex64_complex64
2049621729,11392,15677,1434,1,1,128,1,1,16,0.000,0.000,,,,,NVIDIA A100-SXM4-40GB (0),1,,13,cupy_copy__complex64_complex64
2049740000,78207,15682,1,1,1,32,32,1,30,0.000,0.000,,,,,NVIDIA A100-SXM4-40GB (0),1,,13,"void convert_kernel<__half2, float2>(tensor_layout_any, T1 *, tensor_layout_any, const T2 *)"
2049984125,4320,15685,,,,,,,,,,0.061,14222.193,Pinned,Device,NVIDIA A100-SXM4-40GB (0),1,,13,[CUDA memcpy Host-to-Device]
2049993373,590201,15686,,,,,,,,,,456.520,773345.693,Device,,NVIDIA A100-SXM4-40GB (0),1,,13,[CUDA memset]
2050592118,33472,15691,,,,,,,,,,0.825,24657.152,Pinned,Device,NVIDIA A100-SXM4-40GB (0),1,,13,[CUDA memcpy Host-to-Device]
2050628278,7072,15692,,,,,,,,,,0.131,18533.843,Pinned,Device,NVIDIA A100-SXM4-40GB (0),1,,13,[CUDA memcpy Host-to-Device]
2050642838,7552,15693,69,4,1,48,1,1,76,0.002,0.000,,,,,NVIDIA A100-SXM4-40GB (0),1,,13,"void ch_est::windowedChEstPreNoDftSOfdmKernel<float, __half, float, (unsigned int)2, (unsigned int)1, (unsigned short)4>(ch_est::puschRxChEstStatDescr_t *, ch_est::puschRxChEstDynDescr_t *)"
2050651478,6208,15694,137,2,1,24,2,1,44,0.001,0.001,,,,,NVIDIA A100-SXM4-40GB (0),1,,13,"void ch_est::chEstFilterNoDftSOfdmDispatchKernel<float, __half, float, (unsigned int)2>(ch_est::puschRxChEstStatDescr_t *, ch_est::puschRxChEstDynDescr_t *)"
2050658902,4575,15695,137,2,1,24,2,1,44,0.001,0.001,,,,,NVIDIA A100-SXM4-40GB (0),1,,13,"void ch_est::chEstFilterNoDftSOfdmDispatchKernel<float, __half, float, (unsigned int)2>(ch_est::puschRxChEstStatDescr_t *, ch_est::puschRxChEstDynDescr_t *)"
2050664693,2144,15706,103,1,1,128,1,1,16,0.000,0.000,,,,,NVIDIA A100-SXM4-40GB (0),1,,13,cupy_copy__complex64_complex64
2050667829,12544,15716,1434,1,1,128,1,1,16,0.000,0.000,,,,,NVIDIA A100-SXM4-40GB (0),1,,13,cupy_copy__complex64_complex64
2050681589,2112,15723,103,1,1,128,1,1,16,0.000,0.000,,,,,NVIDIA A100-SXM4-40GB (0),1,,13,cupy_copy__complex64_complex64
2050684757,78911,15730,1,1,1,32,32,1,30,0.000,0.000,,,,,NVIDIA A100-SXM4-40GB (0),1,,13,"void convert_kernel<__half2, float2>(tensor_layout_any, T1 *, tensor_layout_any, const T2 *)"
2050793972,4736,15733,,,,,,,,,,0.061,12972.933,Pinned,Device,NVIDIA A100-SXM4-40GB (0),1,,13,[CUDA memcpy Host-to-Device]
2050807828,45311,15734,,,,,,,,,,35.801,790091.386,Device,,NVIDIA A100-SXM4-40GB (0),1,,13,[CUDA memset]
2050859123,1952,15736,,,,,,,,,,0.000,40.984,Pinned,Device,NVIDIA A100-SXM4-40GB (0),1,,13,[CUDA memcpy Host-to-Device]
2050863635,6912,15737,,,,,,,,,,0.131,18962.842,Pinned,Device,NVIDIA A100-SXM4-40GB (0),1,,13,[CUDA memcpy Host-to-Device]
2050876339,8416,15738,273,1,1,48,1,1,40,0.000,0.001,,,,,NVIDIA A100-SXM4-40GB (0),1,,13,"void pusch_noise_intf_est::noiseIntfEstNoDftSOfdmKernel<float, __half, float, float, (unsigned int)2, (unsigned int)1, (unsigned char)4, (unsigned char)4>(pusch_noise_intf_est::puschRxNoiseIntfEstDynDescr)"
2050887859,2304,15749,35,1,1,128,1,1,16,0.000,0.000,,,,,NVIDIA A100-SXM4-40GB (0),1,,13,cupy_copy__complex64_complex64
2050922611,1504,15758,1,1,1,1,1,1,18,0.000,0.000,,,,,NVIDIA A100-SXM4-40GB (0),1,,13,cupy_copy__float32_float32
2050958034,2368,15764,,,,,,,,,,0.000,1.689,Device,Pageable,NVIDIA A100-SXM4-40GB (0),1,,7,[CUDA memcpy Device-to-Host]
2051017490,12927,15775,1434,1,1,128,1,1,16,0.000,0.000,,,,,NVIDIA A100-SXM4-40GB (0),1,,13,cupy_copy__complex64_complex64
2051044369,2336,15782,103,1,1,128,1,1,16,0.000,0.000,,,,,NVIDIA A100-SXM4-40GB (0),1,,13,cupy_copy__complex64_complex64
2051064561,1952,15789,35,1,1,128,1,1,16,0.000,0.000,,,,,NVIDIA A100-SXM4-40GB (0),1,,13,cupy_copy__complex64_complex64
2051081745,1472,15796,1,1,1,1,1,1,18,0.000,0.000,,,,,NVIDIA A100-SXM4-40GB (0),1,,13,cupy_copy__float32_float32
2051217007,77983,15807,1,1,1,32,32,1,30,0.000,0.000,,,,,NVIDIA A100-SXM4-40GB (0),1,,13,"void convert_kernel<__half2, float2>(tensor_layout_any, T1 *, tensor_layout_any, const T2 *)"
2051323118,4384,15810,,,,,,,,,,0.061,14014.587,Pinned,Device,NVIDIA A100-SXM4-40GB (0),1,,13,[CUDA memcpy Host-to-Device]
2051337934,2624,15811,,,,,,,,,,1.547,589413.767,Device,,NVIDIA A100-SXM4-40GB (0),1,,13,[CUDA memset]
2051346670,2624,15816,,,,,,,,,,0.021,8024.378,Pinned,Device,NVIDIA A100-SXM4-40GB (0),1,,13,[CUDA memcpy Host-to-Device]
2051359246,6848,15817,,,,,,,,,,0.131,19140.182,Pinned,Device,NVIDIA A100-SXM4-40GB (0),1,,13,[CUDA memcpy Host-to-Device]
2051370894,5856,15818,273,1,1,8,4,1,39,0.002,0.000,,,,,NVIDIA A100-SXM4-40GB (0),1,,13,"void channel_eq::eqMmseCoefCompLowMimoKernel<float, float, float, (unsigned int)4, (unsigned int)1, (unsigned int)4>(const channel_eq::_puschRxChEqStatDescr *, channel_eq::_puschRxChEqCoefCompDynDescr)"
2051377998,4800,15819,273,1,1,12,11,1,40,0.002,0.000,,,,,NVIDIA A100-SXM4-40GB (0),1,,13,"void channel_eq::eqMmseSoftDemapKernel<float, __half, __half, float, (unsigned int)4, (unsigned short)16383>(channel_eq::_puschRxChEqStatDescr *, channel_eq::_puschRxChEqSoftDemapDynDescr)"
2051384013,282461,15820,1,1,1,32,32,1,30,0.000,0.000,,,,,NVIDIA A100-SXM4-40GB (0),1,,13,"void convert_kernel<float2, __half2>(tensor_layout_any, T1 *, tensor_layout_any, const T2 *)"
2051667594,10208,15832,2253,1,1,128,1,1,16,0.000,0.000,,,,,NVIDIA A100-SXM4-40GB (0),1,,13,cupy_copy__float16_float16
2051678794,2400,15841,282,1,1,128,1,1,16,0.000,0.000,,,,,NVIDIA A100-SXM4-40GB (0),1,,13,cupy_copy__complex64_complex64
2051682218,1760,15850,26,1,1,128,1,1,16,0.000,0.000,,,,,NVIDIA A100-SXM4-40GB (0),1,,13,cupy_copy__float32_float32
2051685194,2496,15859,103,1,1,128,1,1,16,0.000,0.000,,,,,NVIDIA A100-SXM4-40GB (0),1,,13,cupy_copy__complex64_complex64
2051688906,11232,15869,1434,1,1,128,1,1,16,0.000,0.000,,,,,NVIDIA A100-SXM4-40GB (0),1,,13,cupy_copy__complex64_complex64
2051726090,78271,15874,1,1,1,32,32,1,30,0.000,0.000,,,,,NVIDIA A100-SXM4-40GB (0),1,,13,"void convert_kernel<__half2, float2>(tensor_layout_any, T1 *, tensor_layout_any, const T2 *)"
2051831881,4447,15877,,,,,,,,,,0.061,13816.013,Pinned,Device,NVIDIA A100-SXM4-40GB (0),1,,13,[CUDA memcpy Host-to-Device]
2051842504,587418,15878,,,,,,,,,,456.520,776997.857,Device,,NVIDIA A100-SXM4-40GB (0),1,,13,[CUDA memset]
2052436482,32735,15883,,,,,,,,,,0.825,25212.609,Pinned,Device,NVIDIA A100-SXM4-40GB (0),1,,13,[CUDA memcpy Host-to-Device]
2052472129,7296,15884,,,,,,,,,,0.131,17964.859,Pinned,Device,NVIDIA A100-SXM4-40GB (0),1,,13,[CUDA memcpy Host-to-Device]
2052487009,7104,15885,69,4,1,48,1,1,76,0.002,0.000,,,,,NVIDIA A100-SXM4-40GB (0),1,,13,"void ch_est::windowedChEstPreNoDftSOfdmKernel<float, __half, float, (unsigned int)2, (unsigned int)1, (unsigned short)4>(ch_est::puschRxChEstStatDescr_t *, ch_est::puschRxChEstDynDescr_t *)"
2052495169,6336,15886,137,2,1,24,2,1,44,0.001,0.001,,,,,NVIDIA A100-SXM4-40GB (0),1,,13,"void ch_est::chEstFilterNoDftSOfdmDispatchKernel<float, __half, float, (unsigned int)2>(ch_est::puschRxChEstStatDescr_t *, ch_est::puschRxChEstDynDescr_t *)"
2052502497,4576,15887,137,2,1,24,2,1,44,0.001,0.001,,,,,NVIDIA A100-SXM4-40GB (0),1,,13,"void ch_est::chEstFilterNoDftSOfdmDispatchKernel<float, __half, float, (unsigned int)2>(ch_est::puschRxChEstStatDescr_t *, ch_est::puschRxChEstDynDescr_t *)"
2052508289,2144,15898,103,1,1,128,1,1,16,0.000,0.000,,,,,NVIDIA A100-SXM4-40GB (0),1,,13,cupy_copy__complex64_complex64
2052511425,12672,15908,1434,1,1,128,1,1,16,0.000,0.000,,,,,NVIDIA A100-SXM4-40GB (0),1,,13,cupy_copy__complex64_complex64
2052525153,2080,15915,103,1,1,128,1,1,16,0.000,0.000,,,,,NVIDIA A100-SXM4-40GB (0),1,,13,cupy_copy__complex64_complex64
2052528449,77951,15922,1,1,1,32,32,1,30,0.000,0.000,,,,,NVIDIA A100-SXM4-40GB (0),1,,13,"void convert_kernel<__half2, float2>(tensor_layout_any, T1 *, tensor_layout_any, const T2 *)"
2052633152,4160,15925,,,,,,,,,,0.061,14769.193,Pinned,Device,NVIDIA A100-SXM4-40GB (0),1,,13,[CUDA memcpy Host-to-Device]
2052645376,45375,15926,,,,,,,,,,35.801,788981.556,Device,,NVIDIA A100-SXM4-40GB (0),1,,13,[CUDA memset]
2052699647,2368,15928,,,,,,,,,,0.000,33.784,Pinned,Device,NVIDIA A100-SXM4-40GB (0),1,,13,[CUDA memcpy Host-to-Device]
2052704991,6752,15929,,,,,,,,,,0.131,19412.287,Pinned,Device,NVIDIA A100-SXM4-40GB (0),1,,13,[CUDA memcpy Host-to-Device]
2052718943,8608,15930,273,1,1,48,1,1,40,0.000,0.001,,,,,NVIDIA A100-SXM4-40GB (0),1,,13,"void pusch_noise_intf_est::noiseIntfEstNoDftSOfdmKernel<float, __half, float, float, (unsigned int)2, (unsigned int)1, (unsigned char)4, (unsigned char)4>(pusch_noise_intf_est::puschRxNoiseIntfEstDynDescr)"
2052729151,2336,15941,35,1,1,128,1,1,16,0.000,0.000,,,,,NVIDIA A100-SXM4-40GB (0),1,,13,cupy_copy__complex64_complex64
2052755614,1536,15950,1,1,1,1,1,1,18,0.000,0.000,,,,,NVIDIA A100-SXM4-40GB (0),1,,13,cupy_copy__float32_float32
2052789790,1632,15956,,,,,,,,,,0.000,2.451,Device,Pageable,NVIDIA A100-SXM4-40GB (0),1,,7,[CUDA memcpy Device-to-Host]
2052848061,13152,15967,1434,1,1,128,1,1,16,0.000,0.000,,,,,NVIDIA A100-SXM4-40GB (0),1,,13,cupy_copy__complex64_complex64
2052873949,2336,15974,103,1,1,128,1,1,16,0.000,0.000,,,,,NVIDIA A100-SXM4-40GB (0),1,,13,cupy_copy__complex64_complex64
2052894333,1984,15981,35,1,1,128,1,1,16,0.000,0.000,,,,,NVIDIA A100-SXM4-40GB (0),1,,13,cupy_copy__complex64_complex64
2052911293,1472,15988,1,1,1,1,1,1,18,0.000,0.000,,,,,NVIDIA A100-SXM4-40GB (0),1,,13,cupy_copy__float32_float32
2053044475,78943,15999,1,1,1,32,32,1,30,0.000,0.000,,,,,NVIDIA A100-SXM4-40GB (0),1,,13,"void convert_kernel<__half2, float2>(tensor_layout_any, T1 *, tensor_layout_any, const T2 *)"
2053151450,4512,16002,,,,,,,,,,0.061,13617.009,Pinned,Device,NVIDIA A100-SXM4-40GB (0),1,,13,[CUDA memcpy Host-to-Device]
2053165690,2624,16003,,,,,,,,,,1.547,589413.767,Device,,NVIDIA A100-SXM4-40GB (0),1,,13,[CUDA memset]
2053176442,3136,16008,,,,,,,,,,0.021,6714.274,Pinned,Device,NVIDIA A100-SXM4-40GB (0),1,,13,[CUDA memcpy Host-to-Device]
2053182682,6911,16009,,,,,,,,,,0.131,18965.594,Pinned,Device,NVIDIA A100-SXM4-40GB (0),1,,13,[CUDA memcpy Host-to-Device]
2053193561,5824,16010,273,1,1,8,4,1,39,0.002,0.000,,,,,NVIDIA A100-SXM4-40GB (0),1,,13,"void channel_eq::eqMmseCoefCompLowMimoKernel<float, float, float, (unsigned int)4, (unsigned int)1, (unsigned int)4>(const channel_eq::_puschRxChEqStatDescr *, channel_eq::_puschRxChEqCoefCompDynDescr)"
2053200409,4800,16011,273,1,1,12,11,1,40,0.002,0.000,,,,,NVIDIA A100-SXM4-40GB (0),1,,13,"void channel_eq::eqMmseSoftDemapKernel<float, __half, __half, float, (unsigned int)4, (unsigned short)16383>(channel_eq::_puschRxChEqStatDescr *, channel_eq::_puschRxChEqSoftDemapDynDescr)"
2053206457,281693,16012,1,1,1,32,32,1,30,0.000,0.000,,,,,NVIDIA A100-SXM4-40GB (0),1,,13,"void convert_kernel<float2, __half2>(tensor_layout_any, T1 *, tensor_layout_any, const T2 *)"
2053489270,10304,16024,2253,1,1,128,1,1,16,0.000,0.000,,,,,NVIDIA A100-SXM4-40GB (0),1,,13,cupy_copy__float16_float16
2053500790,2400,16033,282,1,1,128,1,1,16,0.000,0.000,,,,,NVIDIA A100-SXM4-40GB (0),1,,13,cupy_copy__complex64_complex64
2053504214,1728,16042,26,1,1,128,1,1,16,0.000,0.000,,,,,NVIDIA A100-SXM4-40GB (0),1,,13,cupy_copy__float32_float32
2053507094,2592,16051,103,1,1,128,1,1,16,0.000,0.000,,,,,NVIDIA A100-SXM4-40GB (0),1,,13,cupy_copy__complex64_complex64
2053510742,11328,16061,1434,1,1,128,1,1,16,0.000,0.000,,,,,NVIDIA A100-SXM4-40GB (0),1,,13,cupy_copy__complex64_complex64
2053549590,78751,16066,1,1,1,32,32,1,30,0.000,0.000,,,,,NVIDIA A100-SXM4-40GB (0),1,,13,"void convert_kernel<__half2, float2>(tensor_layout_any, T1 *, tensor_layout_any, const T2 *)"
2053799635,4544,16069,,,,,,,,,,0.061,13521.101,Pinned,Device,NVIDIA A100-SXM4-40GB (0),1,,13,[CUDA memcpy Host-to-Device]
2053808819,589529,16070,,,,,,,,,,456.520,774258.734,Device,,NVIDIA A100-SXM4-40GB (0),1,,13,[CUDA memset]
2054400268,33152,16075,,,,,,,,,,0.825,24895.676,Pinned,Device,NVIDIA A100-SXM4-40GB (0),1,,13,[CUDA memcpy Host-to-Device]
2054436492,7456,16076,,,,,,,,,,0.131,17579.377,Pinned,Device,NVIDIA A100-SXM4-40GB (0),1,,13,[CUDA memcpy Host-to-Device]
2054448268,7231,16077,69,4,1,48,1,1,76,0.002,0.000,,,,,NVIDIA A100-SXM4-40GB (0),1,,13,"void ch_est::windowedChEstPreNoDftSOfdmKernel<float, __half, float, (unsigned int)2, (unsigned int)1, (unsigned short)4>(ch_est::puschRxChEstStatDescr_t *, ch_est::puschRxChEstDynDescr_t *)"
2054456747,6080,16078,137,2,1,24,2,1,44,0.001,0.001,,,,,NVIDIA A100-SXM4-40GB (0),1,,13,"void ch_est::chEstFilterNoDftSOfdmDispatchKernel<float, __half, float, (unsigned int)2>(ch_est::puschRxChEstStatDescr_t *, ch_est::puschRxChEstDynDescr_t *)"
2054464075,4576,16079,137,2,1,24,2,1,44,0.001,0.001,,,,,NVIDIA A100-SXM4-40GB (0),1,,13,"void ch_est::chEstFilterNoDftSOfdmDispatchKernel<float, __half, float, (unsigned int)2>(ch_est::puschRxChEstStatDescr_t *, ch_est::puschRxChEstDynDescr_t *)"
2054469643,2592,16090,103,1,1,128,1,1,16,0.000,0.000,,,,,NVIDIA A100-SXM4-40GB (0),1,,13,cupy_copy__complex64_complex64
2054473323,12480,16100,1434,1,1,128,1,1,16,0.000,0.000,,,,,NVIDIA A100-SXM4-40GB (0),1,,13,cupy_copy__complex64_complex64
2054486795,2080,16107,103,1,1,128,1,1,16,0.000,0.000,,,,,NVIDIA A100-SXM4-40GB (0),1,,13,cupy_copy__complex64_complex64
2054489963,78879,16114,1,1,1,32,32,1,30,0.000,0.000,,,,,NVIDIA A100-SXM4-40GB (0),1,,13,"void convert_kernel<__half2, float2>(tensor_layout_any, T1 *, tensor_layout_any, const T2 *)"
2054601866,4384,16117,,,,,,,,,,0.061,14014.587,Pinned,Device,NVIDIA A100-SXM4-40GB (0),1,,13,[CUDA memcpy Host-to-Device]
2054615850,44671,16118,,,,,,,,,,35.801,801404.490,Device,,NVIDIA A100-SXM4-40GB (0),1,,13,[CUDA memset]
2054667337,2336,16120,,,,,,,,,,0.000,34.247,Pinned,Device,NVIDIA A100-SXM4-40GB (0),1,,13,[CUDA memcpy Host-to-Device]
2054672137,7008,16121,,,,,,,,,,0.131,18703.188,Pinned,Device,NVIDIA A100-SXM4-40GB (0),1,,13,[CUDA memcpy Host-to-Device]
2054690057,8608,16122,273,1,1,48,1,1,40,0.000,0.001,,,,,NVIDIA A100-SXM4-40GB (0),1,,13,"void pusch_noise_intf_est::noiseIntfEstNoDftSOfdmKernel<float, __half, float, float, (unsigned int)2, (unsigned int)1, (unsigned char)4, (unsigned char)4>(pusch_noise_intf_est::puschRxNoiseIntfEstDynDescr)"
2054700233,2240,16133,35,1,1,128,1,1,16,0.000,0.000,,,,,NVIDIA A100-SXM4-40GB (0),1,,13,cupy_copy__complex64_complex64
2054728456,1504,16142,1,1,1,1,1,1,18,0.000,0.000,,,,,NVIDIA A100-SXM4-40GB (0),1,,13,cupy_copy__float32_float32
2054762440,1696,16148,,,,,,,,,,0.000,2.358,Device,Pageable,NVIDIA A100-SXM4-40GB (0),1,,7,[CUDA memcpy Device-to-Host]
2054820359,13760,16159,1434,1,1,128,1,1,16,0.000,0.000,,,,,NVIDIA A100-SXM4-40GB (0),1,,13,cupy_copy__complex64_complex64
2054846343,2336,16166,103,1,1,128,1,1,16,0.000,0.000,,,,,NVIDIA A100-SXM4-40GB (0),1,,13,cupy_copy__complex64_complex64
2054867047,1952,16173,35,1,1,128,1,1,16,0.000,0.000,,,,,NVIDIA A100-SXM4-40GB (0),1,,13,cupy_copy__complex64_complex64
2054885127,1472,16180,1,1,1,1,1,1,18,0.000,0.000,,,,,NVIDIA A100-SXM4-40GB (0),1,,13,cupy_copy__float32_float32
2055018885,78239,16191,1,1,1,32,32,1,30,0.000,0.000,,,,,NVIDIA A100-SXM4-40GB (0),1,,13,"void convert_kernel<__half2, float2>(tensor_layout_any, T1 *, tensor_layout_any, const T2 *)"
2055259043,4512,16194,,,,,,,,,,0.061,13617.009,Pinned,Device,NVIDIA A100-SXM4-40GB (0),1,,13,[CUDA memcpy Host-to-Device]
2055269314,2592,16195,,,,,,,,,,1.547,596690.632,Device,,NVIDIA A100-SXM4-40GB (0),1,,13,[CUDA memset]
2055272610,3008,16200,,,,,,,,,,0.021,6999.983,Pinned,Device,NVIDIA A100-SXM4-40GB (0),1,,13,[CUDA memcpy Host-to-Device]
2055278562,7104,16201,,,,,,,,,,0.131,18450.350,Pinned,Device,NVIDIA A100-SXM4-40GB (0),1,,13,[CUDA memcpy Host-to-Device]
2055294818,5824,16202,273,1,1,8,4,1,39,0.002,0.000,,,,,NVIDIA A100-SXM4-40GB (0),1,,13,"void channel_eq::eqMmseCoefCompLowMimoKernel<float, float, float, (unsigned int)4, (unsigned int)1, (unsigned int)4>(const channel_eq::_puschRxChEqStatDescr *, channel_eq::_puschRxChEqCoefCompDynDescr)"
2055301890,4768,16203,273,1,1,12,11,1,40,0.002,0.000,,,,,NVIDIA A100-SXM4-40GB (0),1,,13,"void channel_eq::eqMmseSoftDemapKernel<float, __half, __half, float, (unsigned int)4, (unsigned short)16383>(channel_eq::_puschRxChEqStatDescr *, channel_eq::_puschRxChEqSoftDemapDynDescr)"
2055307714,282045,16204,1,1,1,32,32,1,30,0.000,0.000,,,,,NVIDIA A100-SXM4-40GB (0),1,,13,"void convert_kernel<float2, __half2>(tensor_layout_any, T1 *, tensor_layout_any, const T2 *)"
2055591007,10336,16216,2253,1,1,128,1,1,16,0.000,0.000,,,,,NVIDIA A100-SXM4-40GB (0),1,,13,cupy_copy__float16_float16
2055602527,2400,16225,282,1,1,128,1,1,16,0.000,0.000,,,,,NVIDIA A100-SXM4-40GB (0),1,,13,cupy_copy__complex64_complex64
2055605951,1760,16234,26,1,1,128,1,1,16,0.000,0.000,,,,,NVIDIA A100-SXM4-40GB (0),1,,13,cupy_copy__float32_float32
2055608927,2528,16243,103,1,1,128,1,1,16,0.000,0.000,,,,,NVIDIA A100-SXM4-40GB (0),1,,13,cupy_copy__complex64_complex64
2055612639,11552,16253,1434,1,1,128,1,1,16,0.000,0.000,,,,,NVIDIA A100-SXM4-40GB (0),1,,13,cupy_copy__complex64_complex64
2055875324,79231,16258,1,1,1,32,32,1,30,0.000,0.000,,,,,NVIDIA A100-SXM4-40GB (0),1,,13,"void convert_kernel<__half2, float2>(tensor_layout_any, T1 *, tensor_layout_any, const T2 *)"
2055985691,4127,16261,,,,,,,,,,0.061,14887.281,Pinned,Device,NVIDIA A100-SXM4-40GB (0),1,,13,[CUDA memcpy Host-to-Device]
2055997050,586810,16262,,,,,,,,,,456.520,777910.898,Device,,NVIDIA A100-SXM4-40GB (0),1,,13,[CUDA memset]
2056587348,33247,16267,,,,,,,,,,0.825,24823.871,Pinned,Device,NVIDIA A100-SXM4-40GB (0),1,,13,[CUDA memcpy Host-to-Device]
2056623411,6752,16268,,,,,,,,,,0.131,19412.287,Pinned,Device,NVIDIA A100-SXM4-40GB (0),1,,13,[CUDA memcpy Host-to-Device]
2056636243,7136,16269,69,4,1,48,1,1,76,0.002,0.000,,,,,NVIDIA A100-SXM4-40GB (0),1,,13,"void ch_est::windowedChEstPreNoDftSOfdmKernel<float, __half, float, (unsigned int)2, (unsigned int)1, (unsigned short)4>(ch_est::puschRxChEstStatDescr_t *, ch_est::puschRxChEstDynDescr_t *)"
2056644403,6240,16270,137,2,1,24,2,1,44,0.001,0.001,,,,,NVIDIA A100-SXM4-40GB (0),1,,13,"void ch_est::chEstFilterNoDftSOfdmDispatchKernel<float, __half, float, (unsigned int)2>(ch_est::puschRxChEstStatDescr_t *, ch_est::puschRxChEstDynDescr_t *)"
2056651635,4544,16271,137,2,1,24,2,1,44,0.001,0.001,,,,,NVIDIA A100-SXM4-40GB (0),1,,13,"void ch_est::chEstFilterNoDftSOfdmDispatchKernel<float, __half, float, (unsigned int)2>(ch_est::puschRxChEstStatDescr_t *, ch_est::puschRxChEstDynDescr_t *)"
2056657427,2144,16282,103,1,1,128,1,1,16,0.000,0.000,,,,,NVIDIA A100-SXM4-40GB (0),1,,13,cupy_copy__complex64_complex64
2056660659,12672,16292,1434,1,1,128,1,1,16,0.000,0.000,,,,,NVIDIA A100-SXM4-40GB (0),1,,13,cupy_copy__complex64_complex64
2056674579,2080,16299,103,1,1,128,1,1,16,0.000,0.000,,,,,NVIDIA A100-SXM4-40GB (0),1,,13,cupy_copy__complex64_complex64
2056677715,79007,16306,1,1,1,32,32,1,30,0.000,0.000,,,,,NVIDIA A100-SXM4-40GB (0),1,,13,"void convert_kernel<__half2, float2>(tensor_layout_any, T1 *, tensor_layout_any, const T2 *)"
2056784626,4480,16309,,,,,,,,,,0.061,13714.268,Pinned,Device,NVIDIA A100-SXM4-40GB (0),1,,13,[CUDA memcpy Host-to-Device]
2056796530,45343,16310,,,,,,,,,,35.801,789554.372,Device,,NVIDIA A100-SXM4-40GB (0),1,,13,[CUDA memset]
2056842641,1888,16312,,,,,,,,,,0.000,42.373,Pinned,Device,NVIDIA A100-SXM4-40GB (0),1,,13,[CUDA memcpy Host-to-Device]
2056847025,7232,16313,,,,,,,,,,0.131,18123.850,Pinned,Device,NVIDIA A100-SXM4-40GB (0),1,,13,[CUDA memcpy Host-to-Device]
2056863569,8640,16314,273,1,1,48,1,1,40,0.000,0.001,,,,,NVIDIA A100-SXM4-40GB (0),1,,13,"void pusch_noise_intf_est::noiseIntfEstNoDftSOfdmKernel<float, __half, float, float, (unsigned int)2, (unsigned int)1, (unsigned char)4, (unsigned char)4>(pusch_noise_intf_est::puschRxNoiseIntfEstDynDescr)"
2056873585,2336,16325,35,1,1,128,1,1,16,0.000,0.000,,,,,NVIDIA A100-SXM4-40GB (0),1,,13,cupy_copy__complex64_complex64
2056905744,1536,16334,1,1,1,1,1,1,18,0.000,0.000,,,,,NVIDIA A100-SXM4-40GB (0),1,,13,cupy_copy__float32_float32
2056940656,1856,16340,,,,,,,,,,0.000,2.155,Device,Pageable,NVIDIA A100-SXM4-40GB (0),1,,7,[CUDA memcpy Device-to-Host]
2056998927,13696,16351,1434,1,1,128,1,1,16,0.000,0.000,,,,,NVIDIA A100-SXM4-40GB (0),1,,13,cupy_copy__complex64_complex64
2057025103,2368,16358,103,1,1,128,1,1,16,0.000,0.000,,,,,NVIDIA A100-SXM4-40GB (0),1,,13,cupy_copy__complex64_complex64
2057045615,2016,16365,35,1,1,128,1,1,16,0.000,0.000,,,,,NVIDIA A100-SXM4-40GB (0),1,,13,cupy_copy__complex64_complex64
2057063215,1472,16372,1,1,1,1,1,1,18,0.000,0.000,,,,,NVIDIA A100-SXM4-40GB (0),1,,13,cupy_copy__float32_float32
2057196589,79007,16383,1,1,1,32,32,1,30,0.000,0.000,,,,,NVIDIA A100-SXM4-40GB (0),1,,13,"void convert_kernel<__half2, float2>(tensor_layout_any, T1 *, tensor_layout_any, const T2 *)"
2057303404,4512,16386,,,,,,,,,,0.061,13617.009,Pinned,Device,NVIDIA A100-SXM4-40GB (0),1,,13,[CUDA memcpy Host-to-Device]
2057317452,2592,16387,,,,,,,,,,1.547,596690.632,Device,,NVIDIA A100-SXM4-40GB (0),1,,13,[CUDA memset]
2057323596,2752,16392,,,,,,,,,,0.021,7651.161,Pinned,Device,NVIDIA A100-SXM4-40GB (0),1,,13,[CUDA memcpy Host-to-Device]
2057329164,6912,16393,,,,,,,,,,0.131,18962.842,Pinned,Device,NVIDIA A100-SXM4-40GB (0),1,,13,[CUDA memcpy Host-to-Device]
2057342379,5952,16394,273,1,1,8,4,1,39,0.002,0.000,,,,,NVIDIA A100-SXM4-40GB (0),1,,13,"void channel_eq::eqMmseCoefCompLowMimoKernel<float, float, float, (unsigned int)4, (unsigned int)1, (unsigned int)4>(const channel_eq::_puschRxChEqStatDescr *, channel_eq::_puschRxChEqCoefCompDynDescr)"
2057349515,4800,16395,273,1,1,12,11,1,40,0.002,0.000,,,,,NVIDIA A100-SXM4-40GB (0),1,,13,"void channel_eq::eqMmseSoftDemapKernel<float, __half, __half, float, (unsigned int)4, (unsigned short)16383>(channel_eq::_puschRxChEqStatDescr *, channel_eq::_puschRxChEqSoftDemapDynDescr)"
2057355563,282333,16396,1,1,1,32,32,1,30,0.000,0.000,,,,,NVIDIA A100-SXM4-40GB (0),1,,13,"void convert_kernel<float2, __half2>(tensor_layout_any, T1 *, tensor_layout_any, const T2 *)"
2057638984,10240,16408,2253,1,1,128,1,1,16,0.000,0.000,,,,,NVIDIA A100-SXM4-40GB (0),1,,13,cupy_copy__float16_float16
2057650472,2400,16417,282,1,1,128,1,1,16,0.000,0.000,,,,,NVIDIA A100-SXM4-40GB (0),1,,13,cupy_copy__complex64_complex64
2057653896,1760,16426,26,1,1,128,1,1,16,0.000,0.000,,,,,NVIDIA A100-SXM4-40GB (0),1,,13,cupy_copy__float32_float32
2057656872,2560,16435,103,1,1,128,1,1,16,0.000,0.000,,,,,NVIDIA A100-SXM4-40GB (0),1,,13,cupy_copy__complex64_complex64
2057660616,11264,16445,1434,1,1,128,1,1,16,0.000,0.000,,,,,NVIDIA A100-SXM4-40GB (0),1,,13,cupy_copy__complex64_complex64
2057696712,77951,16450,1,1,1,32,32,1,30,0.000,0.000,,,,,NVIDIA A100-SXM4-40GB (0),1,,13,"void convert_kernel<__half2, float2>(tensor_layout_any, T1 *, tensor_layout_any, const T2 *)"
2057802918,4608,16453,,,,,,,,,,0.061,13333.279,Pinned,Device,NVIDIA A100-SXM4-40GB (0),1,,13,[CUDA memcpy Host-to-Device]
2057813158,587770,16454,,,,,,,,,,456.520,776541.336,Device,,NVIDIA A100-SXM4-40GB (0),1,,13,[CUDA memset]
2058409088,33631,16459,,,,,,,,,,0.825,24540.778,Pinned,Device,NVIDIA A100-SXM4-40GB (0),1,,13,[CUDA memcpy Host-to-Device]
2058444799,7328,16460,,,,,,,,,,0.131,17886.347,Pinned,Device,NVIDIA A100-SXM4-40GB (0),1,,13,[CUDA memcpy Host-to-Device]
2058458943,7072,16461,69,4,1,48,1,1,76,0.002,0.000,,,,,NVIDIA A100-SXM4-40GB (0),1,,13,"void ch_est::windowedChEstPreNoDftSOfdmKernel<float, __half, float, (unsigned int)2, (unsigned int)1, (unsigned short)4>(ch_est::puschRxChEstStatDescr_t *, ch_est::puschRxChEstDynDescr_t *)"
2058467263,6432,16462,137,2,1,24,2,1,44,0.001,0.001,,,,,NVIDIA A100-SXM4-40GB (0),1,,13,"void ch_est::chEstFilterNoDftSOfdmDispatchKernel<float, __half, float, (unsigned int)2>(ch_est::puschRxChEstStatDescr_t *, ch_est::puschRxChEstDynDescr_t *)"
2058474783,4544,16463,137,2,1,24,2,1,44,0.001,0.001,,,,,NVIDIA A100-SXM4-40GB (0),1,,13,"void ch_est::chEstFilterNoDftSOfdmDispatchKernel<float, __half, float, (unsigned int)2>(ch_est::puschRxChEstStatDescr_t *, ch_est::puschRxChEstDynDescr_t *)"
2058480543,2176,16474,103,1,1,128,1,1,16,0.000,0.000,,,,,NVIDIA A100-SXM4-40GB (0),1,,13,cupy_copy__complex64_complex64
2058484031,12448,16484,1434,1,1,128,1,1,16,0.000,0.000,,,,,NVIDIA A100-SXM4-40GB (0),1,,13,cupy_copy__complex64_complex64
2058497695,2080,16491,103,1,1,128,1,1,16,0.000,0.000,,,,,NVIDIA A100-SXM4-40GB (0),1,,13,cupy_copy__complex64_complex64
2058500863,78047,16498,1,1,1,32,32,1,30,0.000,0.000,,,,,NVIDIA A100-SXM4-40GB (0),1,,13,"void convert_kernel<__half2, float2>(tensor_layout_any, T1 *, tensor_layout_any, const T2 *)"
2058606141,4160,16501,,,,,,,,,,0.061,14769.193,Pinned,Device,NVIDIA A100-SXM4-40GB (0),1,,13,[CUDA memcpy Host-to-Device]
2058618941,45216,16502,,,,,,,,,,35.801,791774.031,Device,,NVIDIA A100-SXM4-40GB (0),1,,13,[CUDA memset]
2058671549,1952,16504,,,,,,,,,,0.000,40.984,Pinned,Device,NVIDIA A100-SXM4-40GB (0),1,,13,[CUDA memcpy Host-to-Device]
2058675741,6752,16505,,,,,,,,,,0.131,19412.287,Pinned,Device,NVIDIA A100-SXM4-40GB (0),1,,13,[CUDA memcpy Host-to-Device]
2058689021,8383,16506,273,1,1,48,1,1,40,0.000,0.001,,,,,NVIDIA A100-SXM4-40GB (0),1,,13,"void pusch_noise_intf_est::noiseIntfEstNoDftSOfdmKernel<float, __half, float, float, (unsigned int)2, (unsigned int)1, (unsigned char)4, (unsigned char)4>(pusch_noise_intf_est::puschRxNoiseIntfEstDynDescr)"
2058698908,2304,16517,35,1,1,128,1,1,16,0.000,0.000,,,,,NVIDIA A100-SXM4-40GB (0),1,,13,cupy_copy__complex64_complex64
2058725372,1504,16526,1,1,1,1,1,1,18,0.000,0.000,,,,,NVIDIA A100-SXM4-40GB (0),1,,13,cupy_copy__float32_float32
2058758844,1632,16532,,,,,,,,,,0.000,2.451,Device,Pageable,NVIDIA A100-SXM4-40GB (0),1,,7,[CUDA memcpy Device-to-Host]
2058817787,12896,16543,1434,1,1,128,1,1,16,0.000,0.000,,,,,NVIDIA A100-SXM4-40GB (0),1,,13,cupy_copy__complex64_complex64
2058843995,2368,16550,103,1,1,128,1,1,16,0.000,0.000,,,,,NVIDIA A100-SXM4-40GB (0),1,,13,cupy_copy__complex64_complex64
2058863931,1984,16557,35,1,1,128,1,1,16,0.000,0.000,,,,,NVIDIA A100-SXM4-40GB (0),1,,13,cupy_copy__complex64_complex64
2058880986,1440,16564,1,1,1,1,1,1,18,0.000,0.000,,,,,NVIDIA A100-SXM4-40GB (0),1,,13,cupy_copy__float32_float32
2059015001,78655,16575,1,1,1,32,32,1,30,0.000,0.000,,,,,NVIDIA A100-SXM4-40GB (0),1,,13,"void convert_kernel<__half2, float2>(tensor_layout_any, T1 *, tensor_layout_any, const T2 *)"
2059265430,4160,16578,,,,,,,,,,0.061,14769.193,Pinned,Device,NVIDIA A100-SXM4-40GB (0),1,,13,[CUDA memcpy Host-to-Device]
2059278326,2624,16579,,,,,,,,,,1.547,589413.767,Device,,NVIDIA A100-SXM4-40GB (0),1,,13,[CUDA memset]
2059286966,2752,16584,,,,,,,,,,0.021,7651.161,Pinned,Device,NVIDIA A100-SXM4-40GB (0),1,,13,[CUDA memcpy Host-to-Device]
2059292534,7520,16585,,,,,,,,,,0.131,17429.692,Pinned,Device,NVIDIA A100-SXM4-40GB (0),1,,13,[CUDA memcpy Host-to-Device]
2059305782,5824,16586,273,1,1,8,4,1,39,0.002,0.000,,,,,NVIDIA A100-SXM4-40GB (0),1,,13,"void channel_eq::eqMmseCoefCompLowMimoKernel<float, float, float, (unsigned int)4, (unsigned int)1, (unsigned int)4>(const channel_eq::_puschRxChEqStatDescr *, channel_eq::_puschRxChEqCoefCompDynDescr)"
2059312886,4832,16587,273,1,1,12,11,1,40,0.002,0.000,,,,,NVIDIA A100-SXM4-40GB (0),1,,13,"void channel_eq::eqMmseSoftDemapKernel<float, __half, __half, float, (unsigned int)4, (unsigned short)16383>(channel_eq::_puschRxChEqStatDescr *, channel_eq::_puschRxChEqSoftDemapDynDescr)"
2059318902,281756,16588,1,1,1,32,32,1,30,0.000,0.000,,,,,NVIDIA A100-SXM4-40GB (0),1,,13,"void convert_kernel<float2, __half2>(tensor_layout_any, T1 *, tensor_layout_any, const T2 *)"
2059601746,10208,16600,2253,1,1,128,1,1,16,0.000,0.000,,,,,NVIDIA A100-SXM4-40GB (0),1,,13,cupy_copy__float16_float16
2059613010,2400,16609,282,1,1,128,1,1,16,0.000,0.000,,,,,NVIDIA A100-SXM4-40GB (0),1,,13,cupy_copy__complex64_complex64
2059616434,1760,16618,26,1,1,128,1,1,16,0.000,0.000,,,,,NVIDIA A100-SXM4-40GB (0),1,,13,cupy_copy__float32_float32
2059619378,2528,16627,103,1,1,128,1,1,16,0.000,0.000,,,,,NVIDIA A100-SXM4-40GB (0),1,,13,cupy_copy__complex64_complex64
2059623122,11456,16637,1434,1,1,128,1,1,16,0.000,0.000,,,,,NVIDIA A100-SXM4-40GB (0),1,,13,cupy_copy__complex64_complex64
2059776145,78879,16642,1,1,1,32,32,1,30,0.000,0.000,,,,,NVIDIA A100-SXM4-40GB (0),1,,13,"void convert_kernel<__half2, float2>(tensor_layout_any, T1 *, tensor_layout_any, const T2 *)"
2059885775,4128,16645,,,,,,,,,,0.061,14883.717,Pinned,Device,NVIDIA A100-SXM4-40GB (0),1,,13,[CUDA memcpy Host-to-Device]
2059897167,587194,16646,,,,,,,,,,456.520,777454.377,Device,,NVIDIA A100-SXM4-40GB (0),1,,13,[CUDA memset]
2060487753,32735,16651,,,,,,,,,,0.825,25212.609,Pinned,Device,NVIDIA A100-SXM4-40GB (0),1,,13,[CUDA memcpy Host-to-Device]
2060523176,7008,16652,,,,,,,,,,0.131,18703.188,Pinned,Device,NVIDIA A100-SXM4-40GB (0),1,,13,[CUDA memcpy Host-to-Device]
2060534536,6976,16653,69,4,1,48,1,1,76,0.002,0.000,,,,,NVIDIA A100-SXM4-40GB (0),1,,13,"void ch_est::windowedChEstPreNoDftSOfdmKernel<float, __half, float, (unsigned int)2, (unsigned int)1, (unsigned short)4>(ch_est::puschRxChEstStatDescr_t *, ch_est::puschRxChEstDynDescr_t *)"
2060542760,6272,16654,137,2,1,24,2,1,44,0.001,0.001,,,,,NVIDIA A100-SXM4-40GB (0),1,,13,"void ch_est::chEstFilterNoDftSOfdmDispatchKernel<float, __half, float, (unsigned int)2>(ch_est::puschRxChEstStatDescr_t *, ch_est::puschRxChEstDynDescr_t *)"
2060550216,4544,16655,137,2,1,24,2,1,44,0.001,0.001,,,,,NVIDIA A100-SXM4-40GB (0),1,,13,"void ch_est::chEstFilterNoDftSOfdmDispatchKernel<float, __half, float, (unsigned int)2>(ch_est::puschRxChEstStatDescr_t *, ch_est::puschRxChEstDynDescr_t *)"
2060556008,2144,16666,103,1,1,128,1,1,16,0.000,0.000,,,,,NVIDIA A100-SXM4-40GB (0),1,,13,cupy_copy__complex64_complex64
2060559112,12512,16676,1434,1,1,128,1,1,16,0.000,0.000,,,,,NVIDIA A100-SXM4-40GB (0),1,,13,cupy_copy__complex64_complex64
2060572680,2048,16683,103,1,1,128,1,1,16,0.000,0.000,,,,,NVIDIA A100-SXM4-40GB (0),1,,13,cupy_copy__complex64_complex64
2060575752,78879,16690,1,1,1,32,32,1,30,0.000,0.000,,,,,NVIDIA A100-SXM4-40GB (0),1,,13,"void convert_kernel<__half2, float2>(tensor_layout_any, T1 *, tensor_layout_any, const T2 *)"
2060815013,4128,16693,,,,,,,,,,0.061,14883.717,Pinned,Device,NVIDIA A100-SXM4-40GB (0),1,,13,[CUDA memcpy Host-to-Device]
2060826373,46111,16694,,,,,,,,,,35.801,776379.619,Device,,NVIDIA A100-SXM4-40GB (0),1,,13,[CUDA memset]
2061055394,2464,16696,,,,,,,,,,0.000,32.468,Pinned,Device,NVIDIA A100-SXM4-40GB (0),1,,13,[CUDA memcpy Host-to-Device]
2061060930,7200,16697,,,,,,,,,,0.131,18204.328,Pinned,Device,NVIDIA A100-SXM4-40GB (0),1,,13,[CUDA memcpy Host-to-Device]
2061079330,8992,16698,273,1,1,48,1,1,40,0.000,0.001,,,,,NVIDIA A100-SXM4-40GB (0),1,,13,"void pusch_noise_intf_est::noiseIntfEstNoDftSOfdmKernel<float, __half, float, float, (unsigned int)2, (unsigned int)1, (unsigned char)4, (unsigned char)4>(pusch_noise_intf_est::puschRxNoiseIntfEstDynDescr)"
2061089794,2464,16709,35,1,1,128,1,1,16,0.000,0.000,,,,,NVIDIA A100-SXM4-40GB (0),1,,13,cupy_copy__complex64_complex64
2061108258,1504,16718,1,1,1,1,1,1,18,0.000,0.000,,,,,NVIDIA A100-SXM4-40GB (0),1,,13,cupy_copy__float32_float32
2061143073,2496,16724,,,,,,,,,,0.000,1.603,Device,Pageable,NVIDIA A100-SXM4-40GB (0),1,,7,[CUDA memcpy Device-to-Host]
2061203937,12960,16735,1434,1,1,128,1,1,16,0.000,0.000,,,,,NVIDIA A100-SXM4-40GB (0),1,,13,cupy_copy__complex64_complex64
2061230464,2368,16742,103,1,1,128,1,1,16,0.000,0.000,,,,,NVIDIA A100-SXM4-40GB (0),1,,13,cupy_copy__complex64_complex64
2061250624,1984,16749,35,1,1,128,1,1,16,0.000,0.000,,,,,NVIDIA A100-SXM4-40GB (0),1,,13,cupy_copy__complex64_complex64
2061267808,1504,16756,1,1,1,1,1,1,18,0.000,0.000,,,,,NVIDIA A100-SXM4-40GB (0),1,,13,cupy_copy__float32_float32
2061618140,78335,16767,1,1,1,32,32,1,30,0.000,0.000,,,,,NVIDIA A100-SXM4-40GB (0),1,,13,"void convert_kernel<__half2, float2>(tensor_layout_any, T1 *, tensor_layout_any, const T2 *)"
2061728283,4192,16770,,,,,,,,,,0.061,14656.451,Pinned,Device,NVIDIA A100-SXM4-40GB (0),1,,13,[CUDA memcpy Host-to-Device]
2061742907,2560,16771,,,,,,,,,,1.547,604150.000,Device,,NVIDIA A100-SXM4-40GB (0),1,,13,[CUDA memset]
2061754043,3424,16776,,,,,,,,,,0.021,6149.531,Pinned,Device,NVIDIA A100-SXM4-40GB (0),1,,13,[CUDA memcpy Host-to-Device]
2061766746,7552,16777,,,,,,,,,,0.131,17355.899,Pinned,Device,NVIDIA A100-SXM4-40GB (0),1,,13,[CUDA memcpy Host-to-Device]
2061780762,5824,16778,273,1,1,8,4,1,39,0.002,0.000,,,,,NVIDIA A100-SXM4-40GB (0),1,,13,"void channel_eq::eqMmseCoefCompLowMimoKernel<float, float, float, (unsigned int)4, (unsigned int)1, (unsigned int)4>(const channel_eq::_puschRxChEqStatDescr *, channel_eq::_puschRxChEqCoefCompDynDescr)"
2061787610,4864,16779,273,1,1,12,11,1,40,0.002,0.000,,,,,NVIDIA A100-SXM4-40GB (0),1,,13,"void channel_eq::eqMmseSoftDemapKernel<float, __half, __half, float, (unsigned int)4, (unsigned short)16383>(channel_eq::_puschRxChEqStatDescr *, channel_eq::_puschRxChEqSoftDemapDynDescr)"
2061793658,282397,16780,1,1,1,32,32,1,30,0.000,0.000,,,,,NVIDIA A100-SXM4-40GB (0),1,,13,"void convert_kernel<float2, __half2>(tensor_layout_any, T1 *, tensor_layout_any, const T2 *)"
2062077143,10144,16792,2253,1,1,128,1,1,16,0.000,0.000,,,,,NVIDIA A100-SXM4-40GB (0),1,,13,cupy_copy__float16_float16
2062088343,2400,16801,282,1,1,128,1,1,16,0.000,0.000,,,,,NVIDIA A100-SXM4-40GB (0),1,,13,cupy_copy__complex64_complex64
2062091767,1760,16810,26,1,1,128,1,1,16,0.000,0.000,,,,,NVIDIA A100-SXM4-40GB (0),1,,13,cupy_copy__float32_float32
2062094743,2528,16819,103,1,1,128,1,1,16,0.000,0.000,,,,,NVIDIA A100-SXM4-40GB (0),1,,13,cupy_copy__complex64_complex64
2062098455,11456,16829,1434,1,1,128,1,1,16,0.000,0.000,,,,,NVIDIA A100-SXM4-40GB (0),1,,13,cupy_copy__complex64_complex64
2062330964,78431,16834,1,1,1,32,32,1,30,0.000,0.000,,,,,NVIDIA A100-SXM4-40GB (0),1,,13,"void convert_kernel<__half2, float2>(tensor_layout_any, T1 *, tensor_layout_any, const T2 *)"
2062436659,4160,16837,,,,,,,,,,0.061,14769.193,Pinned,Device,NVIDIA A100-SXM4-40GB (0),1,,13,[CUDA memcpy Host-to-Device]
2062447731,587769,16838,,,,,,,,,,456.520,776541.336,Device,,NVIDIA A100-SXM4-40GB (0),1,,13,[CUDA memset]
2063037452,32736,16843,,,,,,,,,,0.825,25211.783,Pinned,Device,NVIDIA A100-SXM4-40GB (0),1,,13,[CUDA memcpy Host-to-Device]
2063073772,6752,16844,,,,,,,,,,0.131,19412.287,Pinned,Device,NVIDIA A100-SXM4-40GB (0),1,,13,[CUDA memcpy Host-to-Device]
2063089420,7072,16845,69,4,1,48,1,1,76,0.002,0.000,,,,,NVIDIA A100-SXM4-40GB (0),1,,13,"void ch_est::windowedChEstPreNoDftSOfdmKernel<float, __half, float, (unsigned int)2, (unsigned int)1, (unsigned short)4>(ch_est::puschRxChEstStatDescr_t *, ch_est::puschRxChEstDynDescr_t *)"
2063097772,6432,16846,137,2,1,24,2,1,44,0.001,0.001,,,,,NVIDIA A100-SXM4-40GB (0),1,,13,"void ch_est::chEstFilterNoDftSOfdmDispatchKernel<float, __half, float, (unsigned int)2>(ch_est::puschRxChEstStatDescr_t *, ch_est::puschRxChEstDynDescr_t *)"
2063105260,4544,16847,137,2,1,24,2,1,44,0.001,0.001,,,,,NVIDIA A100-SXM4-40GB (0),1,,13,"void ch_est::chEstFilterNoDftSOfdmDispatchKernel<float, __half, float, (unsigned int)2>(ch_est::puschRxChEstStatDescr_t *, ch_est::puschRxChEstDynDescr_t *)"
2063110828,2144,16858,103,1,1,128,1,1,16,0.000,0.000,,,,,NVIDIA A100-SXM4-40GB (0),1,,13,cupy_copy__complex64_complex64
2063113932,12511,16868,1434,1,1,128,1,1,16,0.000,0.000,,,,,NVIDIA A100-SXM4-40GB (0),1,,13,cupy_copy__complex64_complex64
2063127499,2080,16875,103,1,1,128,1,1,16,0.000,0.000,,,,,NVIDIA A100-SXM4-40GB (0),1,,13,cupy_copy__complex64_complex64
2063130667,78143,16882,1,1,1,32,32,1,30,0.000,0.000,,,,,NVIDIA A100-SXM4-40GB (0),1,,13,"void convert_kernel<__half2, float2>(tensor_layout_any, T1 *, tensor_layout_any, const T2 *)"
2063236394,4768,16885,,,,,,,,,,0.061,12885.873,Pinned,Device,NVIDIA A100-SXM4-40GB (0),1,,13,[CUDA memcpy Host-to-Device]
2063249162,44672,16886,,,,,,,,,,35.801,801404.490,Device,,NVIDIA A100-SXM4-40GB (0),1,,13,[CUDA memset]
2063300585,2496,16888,,,,,,,,,,0.000,32.051,Pinned,Device,NVIDIA A100-SXM4-40GB (0),1,,13,[CUDA memcpy Host-to-Device]
2063306153,7584,16889,,,,,,,,,,0.131,17282.630,Pinned,Device,NVIDIA A100-SXM4-40GB (0),1,,13,[CUDA memcpy Host-to-Device]
2063320105,8512,16890,273,1,1,48,1,1,40,0.000,0.001,,,,,NVIDIA A100-SXM4-40GB (0),1,,13,"void pusch_noise_intf_est::noiseIntfEstNoDftSOfdmKernel<float, __half, float, float, (unsigned int)2, (unsigned int)1, (unsigned char)4, (unsigned char)4>(pusch_noise_intf_est::puschRxNoiseIntfEstDynDescr)"
2063330025,2240,16901,35,1,1,128,1,1,16,0.000,0.000,,,,,NVIDIA A100-SXM4-40GB (0),1,,13,cupy_copy__complex64_complex64
2063357129,1504,16910,1,1,1,1,1,1,18,0.000,0.000,,,,,NVIDIA A100-SXM4-40GB (0),1,,13,cupy_copy__float32_float32
2063391080,2368,16916,,,,,,,,,,0.000,1.689,Device,Pageable,NVIDIA A100-SXM4-40GB (0),1,,7,[CUDA memcpy Device-to-Host]
2063449576,13280,16927,1434,1,1,128,1,1,16,0.000,0.000,,,,,NVIDIA A100-SXM4-40GB (0),1,,13,cupy_copy__complex64_complex64
2063475496,2304,16934,103,1,1,128,1,1,16,0.000,0.000,,,,,NVIDIA A100-SXM4-40GB (0),1,,13,cupy_copy__complex64_complex64
2063495783,1984,16941,35,1,1,128,1,1,16,0.000,0.000,,,,,NVIDIA A100-SXM4-40GB (0),1,,13,cupy_copy__complex64_complex64
2063513511,1472,16948,1,1,1,1,1,1,18,0.000,0.000,,,,,NVIDIA A100-SXM4-40GB (0),1,,13,cupy_copy__float32_float32
2063648326,78207,16959,1,1,1,32,32,1,30,0.000,0.000,,,,,NVIDIA A100-SXM4-40GB (0),1,,13,"void convert_kernel<__half2, float2>(tensor_layout_any, T1 *, tensor_layout_any, const T2 *)"
2063755524,4608,16962,,,,,,,,,,0.061,13333.279,Pinned,Device,NVIDIA A100-SXM4-40GB (0),1,,13,[CUDA memcpy Host-to-Device]
2063770756,2560,16963,,,,,,,,,,1.547,604150.000,Device,,NVIDIA A100-SXM4-40GB (0),1,,13,[CUDA memset]
2063781508,3296,16968,,,,,,,,,,0.021,6388.348,Pinned,Device,NVIDIA A100-SXM4-40GB (0),1,,13,[CUDA memcpy Host-to-Device]
2063793540,7648,16969,,,,,,,,,,0.131,17138.057,Pinned,Device,NVIDIA A100-SXM4-40GB (0),1,,13,[CUDA memcpy Host-to-Device]
2063805188,5856,16970,273,1,1,8,4,1,39,0.002,0.000,,,,,NVIDIA A100-SXM4-40GB (0),1,,13,"void channel_eq::eqMmseCoefCompLowMimoKernel<float, float, float, (unsigned int)4, (unsigned int)1, (unsigned int)4>(const channel_eq::_puschRxChEqStatDescr *, channel_eq::_puschRxChEqCoefCompDynDescr)"
2063812292,4832,16971,273,1,1,12,11,1,40,0.002,0.000,,,,,NVIDIA A100-SXM4-40GB (0),1,,13,"void channel_eq::eqMmseSoftDemapKernel<float, __half, __half, float, (unsigned int)4, (unsigned short)16383>(channel_eq::_puschRxChEqStatDescr *, channel_eq::_puschRxChEqSoftDemapDynDescr)"
2063818212,281949,16972,1,1,1,32,32,1,30,0.000,0.000,,,,,NVIDIA A100-SXM4-40GB (0),1,,13,"void convert_kernel<float2, __half2>(tensor_layout_any, T1 *, tensor_layout_any, const T2 *)"
2064101249,10207,16984,2253,1,1,128,1,1,16,0.000,0.000,,,,,NVIDIA A100-SXM4-40GB (0),1,,13,cupy_copy__float16_float16
2064112448,2400,16993,282,1,1,128,1,1,16,0.000,0.000,,,,,NVIDIA A100-SXM4-40GB (0),1,,13,cupy_copy__complex64_complex64
2064115872,1760,17002,26,1,1,128,1,1,16,0.000,0.000,,,,,NVIDIA A100-SXM4-40GB (0),1,,13,cupy_copy__float32_float32
2064118752,2528,17011,103,1,1,128,1,1,16,0.000,0.000,,,,,NVIDIA A100-SXM4-40GB (0),1,,13,cupy_copy__complex64_complex64
2064122496,11360,17021,1434,1,1,128,1,1,16,0.000,0.000,,,,,NVIDIA A100-SXM4-40GB (0),1,,13,cupy_copy__complex64_complex64
2064154400,77663,17026,1,1,1,32,32,1,30,0.000,0.000,,,,,NVIDIA A100-SXM4-40GB (0),1,,13,"void convert_kernel<__half2, float2>(tensor_layout_any, T1 *, tensor_layout_any, const T2 *)"
2064259455,4928,17029,,,,,,,,,,0.061,12467.528,Pinned,Device,NVIDIA A100-SXM4-40GB (0),1,,13,[CUDA memcpy Host-to-Device]
2064270591,588473,17030,,,,,,,,,,456.520,775628.296,Device,,NVIDIA A100-SXM4-40GB (0),1,,13,[CUDA memset]
2064866680,33280,17035,,,,,,,,,,0.825,24799.937,Pinned,Device,NVIDIA A100-SXM4-40GB (0),1,,13,[CUDA memcpy Host-to-Device]
2064902936,6944,17036,,,,,,,,,,0.131,18875.548,Pinned,Device,NVIDIA A100-SXM4-40GB (0),1,,13,[CUDA memcpy Host-to-Device]
2064916216,7295,17037,69,4,1,48,1,1,76,0.002,0.000,,,,,NVIDIA A100-SXM4-40GB (0),1,,13,"void ch_est::windowedChEstPreNoDftSOfdmKernel<float, __half, float, (unsigned int)2, (unsigned int)1, (unsigned short)4>(ch_est::puschRxChEstStatDescr_t *, ch_est::puschRxChEstDynDescr_t *)"
2064924727,6112,17038,137,2,1,24,2,1,44,0.001,0.001,,,,,NVIDIA A100-SXM4-40GB (0),1,,13,"void ch_est::chEstFilterNoDftSOfdmDispatchKernel<float, __half, float, (unsigned int)2>(ch_est::puschRxChEstStatDescr_t *, ch_est::puschRxChEstDynDescr_t *)"
2064932055,4544,17039,137,2,1,24,2,1,44,0.001,0.001,,,,,NVIDIA A100-SXM4-40GB (0),1,,13,"void ch_est::chEstFilterNoDftSOfdmDispatchKernel<float, __half, float, (unsigned int)2>(ch_est::puschRxChEstStatDescr_t *, ch_est::puschRxChEstDynDescr_t *)"
2064937847,2144,17050,103,1,1,128,1,1,16,0.000,0.000,,,,,NVIDIA A100-SXM4-40GB (0),1,,13,cupy_copy__complex64_complex64
2064941367,12384,17060,1434,1,1,128,1,1,16,0.000,0.000,,,,,NVIDIA A100-SXM4-40GB (0),1,,13,cupy_copy__complex64_complex64
2064955031,2080,17067,103,1,1,128,1,1,16,0.000,0.000,,,,,NVIDIA A100-SXM4-40GB (0),1,,13,cupy_copy__complex64_complex64
2064958167,78207,17074,1,1,1,32,32,1,30,0.000,0.000,,,,,NVIDIA A100-SXM4-40GB (0),1,,13,"void convert_kernel<__half2, float2>(tensor_layout_any, T1 *, tensor_layout_any, const T2 *)"
2065207156,4352,17077,,,,,,,,,,0.061,14117.622,Pinned,Device,NVIDIA A100-SXM4-40GB (0),1,,13,[CUDA memcpy Host-to-Device]
2065220340,46464,17078,,,,,,,,,,35.801,770508.261,Device,,NVIDIA A100-SXM4-40GB (0),1,,13,[CUDA memset]
2065271764,2528,17080,,,,,,,,,,0.000,31.646,Pinned,Device,NVIDIA A100-SXM4-40GB (0),1,,13,[CUDA memcpy Host-to-Device]
2065277620,7295,17081,,,,,,,,,,0.131,17967.350,Pinned,Device,NVIDIA A100-SXM4-40GB (0),1,,13,[CUDA memcpy Host-to-Device]
2065292019,8928,17082,273,1,1,48,1,1,40,0.000,0.001,,,,,NVIDIA A100-SXM4-40GB (0),1,,13,"void pusch_noise_intf_est::noiseIntfEstNoDftSOfdmKernel<float, __half, float, float, (unsigned int)2, (unsigned int)1, (unsigned char)4, (unsigned char)4>(pusch_noise_intf_est::puschRxNoiseIntfEstDynDescr)"
2065302547,2240,17093,35,1,1,128,1,1,16,0.000,0.000,,,,,NVIDIA A100-SXM4-40GB (0),1,,13,cupy_copy__complex64_complex64
2065314547,1536,17102,1,1,1,1,1,1,18,0.000,0.000,,,,,NVIDIA A100-SXM4-40GB (0),1,,13,cupy_copy__float32_float32
2065348691,1728,17108,,,,,,,,,,0.000,2.315,Device,Pageable,NVIDIA A100-SXM4-40GB (0),1,,7,[CUDA memcpy Device-to-Host]
2065406258,12896,17119,1434,1,1,128,1,1,16,0.000,0.000,,,,,NVIDIA A100-SXM4-40GB (0),1,,13,cupy_copy__complex64_complex64
2065432210,2336,17126,103,1,1,128,1,1,16,0.000,0.000,,,,,NVIDIA A100-SXM4-40GB (0),1,,13,cupy_copy__complex64_complex64
2065452338,2016,17133,35,1,1,128,1,1,16,0.000,0.000,,,,,NVIDIA A100-SXM4-40GB (0),1,,13,cupy_copy__complex64_complex64
2065469585,1472,17140,1,1,1,1,1,1,18,0.000,0.000,,,,,NVIDIA A100-SXM4-40GB (0),1,,13,cupy_copy__float32_float32
2065734703,79103,17151,1,1,1,32,32,1,30,0.000,0.000,,,,,NVIDIA A100-SXM4-40GB (0),1,,13,"void convert_kernel<__half2, float2>(tensor_layout_any, T1 *, tensor_layout_any, const T2 *)"
2065848429,4416,17154,,,,,,,,,,0.061,13913.027,Pinned,Device,NVIDIA A100-SXM4-40GB (0),1,,13,[CUDA memcpy Host-to-Device]
2065863181,2624,17155,,,,,,,,,,1.547,589413.767,Device,,NVIDIA A100-SXM4-40GB (0),1,,13,[CUDA memset]
2065878573,3616,17160,,,,,,,,,,0.021,5822.995,Pinned,Device,NVIDIA A100-SXM4-40GB (0),1,,13,[CUDA memcpy Host-to-Device]
2065890349,7008,17161,,,,,,,,,,0.131,18703.188,Pinned,Device,NVIDIA A100-SXM4-40GB (0),1,,13,[CUDA memcpy Host-to-Device]
2065903341,5856,17162,273,1,1,8,4,1,39,0.002,0.000,,,,,NVIDIA A100-SXM4-40GB (0),1,,13,"void channel_eq::eqMmseCoefCompLowMimoKernel<float, float, float, (unsigned int)4, (unsigned int)1, (unsigned int)4>(const channel_eq::_puschRxChEqStatDescr *, channel_eq::_puschRxChEqCoefCompDynDescr)"
2065910445,4864,17163,273,1,1,12,11,1,40,0.002,0.000,,,,,NVIDIA A100-SXM4-40GB (0),1,,13,"void channel_eq::eqMmseSoftDemapKernel<float, __half, __half, float, (unsigned int)4, (unsigned short)16383>(channel_eq::_puschRxChEqStatDescr *, channel_eq::_puschRxChEqSoftDemapDynDescr)"
2065916492,281597,17164,1,1,1,32,32,1,30,0.000,0.000,,,,,NVIDIA A100-SXM4-40GB (0),1,,13,"void convert_kernel<float2, __half2>(tensor_layout_any, T1 *, tensor_layout_any, const T2 *)"
2066199145,10528,17176,2253,1,1,128,1,1,16,0.000,0.000,,,,,NVIDIA A100-SXM4-40GB (0),1,,13,cupy_copy__float16_float16
2066210921,2368,17185,282,1,1,128,1,1,16,0.000,0.000,,,,,NVIDIA A100-SXM4-40GB (0),1,,13,cupy_copy__complex64_complex64
2066214313,1760,17194,26,1,1,128,1,1,16,0.000,0.000,,,,,NVIDIA A100-SXM4-40GB (0),1,,13,cupy_copy__float32_float32
2066217289,2528,17203,103,1,1,128,1,1,16,0.000,0.000,,,,,NVIDIA A100-SXM4-40GB (0),1,,13,cupy_copy__complex64_complex64
2066221001,11264,17213,1434,1,1,128,1,1,16,0.000,0.000,,,,,NVIDIA A100-SXM4-40GB (0),1,,13,cupy_copy__complex64_complex64
2066254441,78239,17218,1,1,1,32,32,1,30,0.000,0.000,,,,,NVIDIA A100-SXM4-40GB (0),1,,13,"void convert_kernel<__half2, float2>(tensor_layout_any, T1 *, tensor_layout_any, const T2 *)"
2066491462,4192,17221,,,,,,,,,,0.061,14656.451,Pinned,Device,NVIDIA A100-SXM4-40GB (0),1,,13,[CUDA memcpy Host-to-Device]
2066499654,590361,17222,,,,,,,,,,456.520,772889.173,Device,,NVIDIA A100-SXM4-40GB (0),1,,13,[CUDA memset]
2067092255,32832,17227,,,,,,,,,,0.825,25138.328,Pinned,Device,NVIDIA A100-SXM4-40GB (0),1,,13,[CUDA memcpy Host-to-Device]
2067127679,7232,17228,,,,,,,,,,0.131,18123.850,Pinned,Device,NVIDIA A100-SXM4-40GB (0),1,,13,[CUDA memcpy Host-to-Device]
2067143391,7712,17229,69,4,1,48,1,1,76,0.002,0.000,,,,,NVIDIA A100-SXM4-40GB (0),1,,13,"void ch_est::windowedChEstPreNoDftSOfdmKernel<float, __half, float, (unsigned int)2, (unsigned int)1, (unsigned short)4>(ch_est::puschRxChEstStatDescr_t *, ch_est::puschRxChEstDynDescr_t *)"
2067152383,5984,17230,137,2,1,24,2,1,44,0.001,0.001,,,,,NVIDIA A100-SXM4-40GB (0),1,,13,"void ch_est::chEstFilterNoDftSOfdmDispatchKernel<float, __half, float, (unsigned int)2>(ch_est::puschRxChEstStatDescr_t *, ch_est::puschRxChEstDynDescr_t *)"
2067159359,4576,17231,137,2,1,24,2,1,44,0.001,0.001,,,,,NVIDIA A100-SXM4-40GB (0),1,,13,"void ch_est::chEstFilterNoDftSOfdmDispatchKernel<float, __half, float, (unsigned int)2>(ch_est::puschRxChEstStatDescr_t *, ch_est::puschRxChEstDynDescr_t *)"
2067165151,2144,17242,103,1,1,128,1,1,16,0.000,0.000,,,,,NVIDIA A100-SXM4-40GB (0),1,,13,cupy_copy__complex64_complex64
2067168287,12735,17252,1434,1,1,128,1,1,16,0.000,0.000,,,,,NVIDIA A100-SXM4-40GB (0),1,,13,cupy_copy__complex64_complex64
2067182270,2048,17259,103,1,1,128,1,1,16,0.000,0.000,,,,,NVIDIA A100-SXM4-40GB (0),1,,13,cupy_copy__complex64_complex64
2067185406,78592,17266,1,1,1,32,32,1,30,0.000,0.000,,,,,NVIDIA A100-SXM4-40GB (0),1,,13,"void convert_kernel<__half2, float2>(tensor_layout_any, T1 *, tensor_layout_any, const T2 *)"
2067295229,4352,17269,,,,,,,,,,0.061,14117.622,Pinned,Device,NVIDIA A100-SXM4-40GB (0),1,,13,[CUDA memcpy Host-to-Device]
2067308989,44896,17270,,,,,,,,,,35.801,797394.782,Device,,NVIDIA A100-SXM4-40GB (0),1,,13,[CUDA memset]
2067362140,2048,17272,,,,,,,,,,0.000,39.062,Pinned,Device,NVIDIA A100-SXM4-40GB (0),1,,13,[CUDA memcpy Host-to-Device]
2067367068,6752,17273,,,,,,,,,,0.131,19412.287,Pinned,Device,NVIDIA A100-SXM4-40GB (0),1,,13,[CUDA memcpy Host-to-Device]
2067383004,8640,17274,273,1,1,48,1,1,40,0.000,0.001,,,,,NVIDIA A100-SXM4-40GB (0),1,,13,"void pusch_noise_intf_est::noiseIntfEstNoDftSOfdmKernel<float, __half, float, float, (unsigned int)2, (unsigned int)1, (unsigned char)4, (unsigned char)4>(pusch_noise_intf_est::puschRxNoiseIntfEstDynDescr)"
2067393180,2336,17285,35,1,1,128,1,1,16,0.000,0.000,,,,,NVIDIA A100-SXM4-40GB (0),1,,13,cupy_copy__complex64_complex64
2067422556,1504,17294,1,1,1,1,1,1,18,0.000,0.000,,,,,NVIDIA A100-SXM4-40GB (0),1,,13,cupy_copy__float32_float32
2067456283,2240,17300,,,,,,,,,,0.000,1.786,Device,Pageable,NVIDIA A100-SXM4-40GB (0),1,,7,[CUDA memcpy Device-to-Host]
2067515195,13056,17311,1434,1,1,128,1,1,16,0.000,0.000,,,,,NVIDIA A100-SXM4-40GB (0),1,,13,cupy_copy__complex64_complex64
2067541658,2368,17318,103,1,1,128,1,1,16,0.000,0.000,,,,,NVIDIA A100-SXM4-40GB (0),1,,13,cupy_copy__complex64_complex64
2067561946,1984,17325,35,1,1,128,1,1,16,0.000,0.000,,,,,NVIDIA A100-SXM4-40GB (0),1,,13,cupy_copy__complex64_complex64
2067578970,1440,17332,1,1,1,1,1,1,18,0.000,0.000,,,,,NVIDIA A100-SXM4-40GB (0),1,,13,cupy_copy__float32_float32
2067713625,78975,17343,1,1,1,32,32,1,30,0.000,0.000,,,,,NVIDIA A100-SXM4-40GB (0),1,,13,"void convert_kernel<__half2, float2>(tensor_layout_any, T1 *, tensor_layout_any, const T2 *)"
2067820663,4512,17346,,,,,,,,,,0.061,13617.009,Pinned,Device,NVIDIA A100-SXM4-40GB (0),1,,13,[CUDA memcpy Host-to-Device]
2067834999,2656,17347,,,,,,,,,,1.547,582313.216,Device,,NVIDIA A100-SXM4-40GB (0),1,,13,[CUDA memset]
2067841047,3648,17352,,,,,,,,,,0.021,5771.913,Pinned,Device,NVIDIA A100-SXM4-40GB (0),1,,13,[CUDA memcpy Host-to-Device]
2067847255,7744,17353,,,,,,,,,,0.131,16925.590,Pinned,Device,NVIDIA A100-SXM4-40GB (0),1,,13,[CUDA memcpy Host-to-Device]
2067866327,5824,17354,273,1,1,8,4,1,39,0.002,0.000,,,,,NVIDIA A100-SXM4-40GB (0),1,,13,"void channel_eq::eqMmseCoefCompLowMimoKernel<float, float, float, (unsigned int)4, (unsigned int)1, (unsigned int)4>(const channel_eq::_puschRxChEqStatDescr *, channel_eq::_puschRxChEqCoefCompDynDescr)"
2067873399,4800,17355,273,1,1,12,11,1,40,0.002,0.000,,,,,NVIDIA A100-SXM4-40GB (0),1,,13,"void channel_eq::eqMmseSoftDemapKernel<float, __half, __half, float, (unsigned int)4, (unsigned short)16383>(channel_eq::_puschRxChEqStatDescr *, channel_eq::_puschRxChEqSoftDemapDynDescr)"
2067879447,282365,17356,1,1,1,32,32,1,30,0.000,0.000,,,,,NVIDIA A100-SXM4-40GB (0),1,,13,"void convert_kernel<float2, __half2>(tensor_layout_any, T1 *, tensor_layout_any, const T2 *)"
2068162836,10335,17368,2253,1,1,128,1,1,16,0.000,0.000,,,,,NVIDIA A100-SXM4-40GB (0),1,,13,cupy_copy__float16_float16
2068174387,2368,17377,282,1,1,128,1,1,16,0.000,0.000,,,,,NVIDIA A100-SXM4-40GB (0),1,,13,cupy_copy__complex64_complex64
2068177779,1760,17386,26,1,1,128,1,1,16,0.000,0.000,,,,,NVIDIA A100-SXM4-40GB (0),1,,13,cupy_copy__float32_float32
2068180755,2496,17395,103,1,1,128,1,1,16,0.000,0.000,,,,,NVIDIA A100-SXM4-40GB (0),1,,13,cupy_copy__complex64_complex64
2068184499,11552,17405,1434,1,1,128,1,1,16,0.000,0.000,,,,,NVIDIA A100-SXM4-40GB (0),1,,13,cupy_copy__complex64_complex64
2068211923,78271,17410,1,1,1,32,32,1,30,0.000,0.000,,,,,NVIDIA A100-SXM4-40GB (0),1,,13,"void convert_kernel<__half2, float2>(tensor_layout_any, T1 *, tensor_layout_any, const T2 *)"
2068317714,4608,17413,,,,,,,,,,0.061,13333.279,Pinned,Device,NVIDIA A100-SXM4-40GB (0),1,,13,[CUDA memcpy Host-to-Device]
2068328306,587417,17414,,,,,,,,,,456.520,776997.857,Device,,NVIDIA A100-SXM4-40GB (0),1,,13,[CUDA memset]
2068920651,32992,17419,,,,,,,,,,0.825,25016.177,Pinned,Device,NVIDIA A100-SXM4-40GB (0),1,,13,[CUDA memcpy Host-to-Device]
2068956715,6880,17420,,,,,,,,,,0.131,19051.053,Pinned,Device,NVIDIA A100-SXM4-40GB (0),1,,13,[CUDA memcpy Host-to-Device]
2068967083,7360,17421,69,4,1,48,1,1,76,0.002,0.000,,,,,NVIDIA A100-SXM4-40GB (0),1,,13,"void ch_est::windowedChEstPreNoDftSOfdmKernel<float, __half, float, (unsigned int)2, (unsigned int)1, (unsigned short)4>(ch_est::puschRxChEstStatDescr_t *, ch_est::puschRxChEstDynDescr_t *)"
2068975499,6528,17422,137,2,1,24,2,1,44,0.001,0.001,,,,,NVIDIA A100-SXM4-40GB (0),1,,13,"void ch_est::chEstFilterNoDftSOfdmDispatchKernel<float, __half, float, (unsigned int)2>(ch_est::puschRxChEstStatDescr_t *, ch_est::puschRxChEstDynDescr_t *)"
2068983115,4575,17423,137,2,1,24,2,1,44,0.001,0.001,,,,,NVIDIA A100-SXM4-40GB (0),1,,13,"void ch_est::chEstFilterNoDftSOfdmDispatchKernel<float, __half, float, (unsigned int)2>(ch_est::puschRxChEstStatDescr_t *, ch_est::puschRxChEstDynDescr_t *)"
2068988906,2144,17434,103,1,1,128,1,1,16,0.000,0.000,,,,,NVIDIA A100-SXM4-40GB (0),1,,13,cupy_copy__complex64_complex64
2068992042,12480,17444,1434,1,1,128,1,1,16,0.000,0.000,,,,,NVIDIA A100-SXM4-40GB (0),1,,13,cupy_copy__complex64_complex64
2069005834,2048,17451,103,1,1,128,1,1,16,0.000,0.000,,,,,NVIDIA A100-SXM4-40GB (0),1,,13,cupy_copy__complex64_complex64
2069009162,78143,17458,1,1,1,32,32,1,30,0.000,0.000,,,,,NVIDIA A100-SXM4-40GB (0),1,,13,"void convert_kernel<__half2, float2>(tensor_layout_any, T1 *, tensor_layout_any, const T2 *)"
2069114281,4288,17461,,,,,,,,,,0.061,14328.300,Pinned,Device,NVIDIA A100-SXM4-40GB (0),1,,13,[CUDA memcpy Host-to-Device]
2069126697,45215,17462,,,,,,,,,,35.801,791774.031,Device,,NVIDIA A100-SXM4-40GB (0),1,,13,[CUDA memset]
2069177672,2656,17464,,,,,,,,,,0.000,30.120,Pinned,Device,NVIDIA A100-SXM4-40GB (0),1,,13,[CUDA memcpy Host-to-Device]
2069183336,8000,17465,,,,,,,,,,0.131,16384.000,Pinned,Device,NVIDIA A100-SXM4-40GB (0),1,,13,[CUDA memcpy Host-to-Device]
2069196328,8544,17466,273,1,1,48,1,1,40,0.000,0.001,,,,,NVIDIA A100-SXM4-40GB (0),1,,13,"void pusch_noise_intf_est::noiseIntfEstNoDftSOfdmKernel<float, __half, float, float, (unsigned int)2, (unsigned int)1, (unsigned char)4, (unsigned char)4>(pusch_noise_intf_est::puschRxNoiseIntfEstDynDescr)"
2069206440,2208,17477,35,1,1,128,1,1,16,0.000,0.000,,,,,NVIDIA A100-SXM4-40GB (0),1,,13,cupy_copy__complex64_complex64
2069233704,1504,17486,1,1,1,1,1,1,18,0.000,0.000,,,,,NVIDIA A100-SXM4-40GB (0),1,,13,cupy_copy__float32_float32
2069267271,2176,17492,,,,,,,,,,0.000,1.838,Device,Pageable,NVIDIA A100-SXM4-40GB (0),1,,7,[CUDA memcpy Device-to-Host]
2069325607,13472,17503,1434,1,1,128,1,1,16,0.000,0.000,,,,,NVIDIA A100-SXM4-40GB (0),1,,13,cupy_copy__complex64_complex64
2069351078,2336,17510,103,1,1,128,1,1,16,0.000,0.000,,,,,NVIDIA A100-SXM4-40GB (0),1,,13,cupy_copy__complex64_complex64
2069370630,2016,17517,35,1,1,128,1,1,16,0.000,0.000,,,,,NVIDIA A100-SXM4-40GB (0),1,,13,cupy_copy__complex64_complex64
2069388422,1472,17524,1,1,1,1,1,1,18,0.000,0.000,,,,,NVIDIA A100-SXM4-40GB (0),1,,13,cupy_copy__float32_float32
2069526244,78432,17535,1,1,1,32,32,1,30,0.000,0.000,,,,,NVIDIA A100-SXM4-40GB (0),1,,13,"void convert_kernel<__half2, float2>(tensor_layout_any, T1 *, tensor_layout_any, const T2 *)"
2069632419,4608,17538,,,,,,,,,,0.061,13333.279,Pinned,Device,NVIDIA A100-SXM4-40GB (0),1,,13,[CUDA memcpy Host-to-Device]
2069646339,2624,17539,,,,,,,,,,1.547,589413.767,Device,,NVIDIA A100-SXM4-40GB (0),1,,13,[CUDA memset]
2069652579,3392,17544,,,,,,,,,,0.021,6207.540,Pinned,Device,NVIDIA A100-SXM4-40GB (0),1,,13,[CUDA memcpy Host-to-Device]
2069658947,6784,17545,,,,,,,,,,0.131,19320.668,Pinned,Device,NVIDIA A100-SXM4-40GB (0),1,,13,[CUDA memcpy Host-to-Device]
2069669635,5824,17546,273,1,1,8,4,1,39,0.002,0.000,,,,,NVIDIA A100-SXM4-40GB (0),1,,13,"void channel_eq::eqMmseCoefCompLowMimoKernel<float, float, float, (unsigned int)4, (unsigned int)1, (unsigned int)4>(const channel_eq::_puschRxChEqStatDescr *, channel_eq::_puschRxChEqCoefCompDynDescr)"
2069676451,4800,17547,273,1,1,12,11,1,40,0.002,0.000,,,,,NVIDIA A100-SXM4-40GB (0),1,,13,"void channel_eq::eqMmseSoftDemapKernel<float, __half, __half, float, (unsigned int)4, (unsigned short)16383>(channel_eq::_puschRxChEqStatDescr *, channel_eq::_puschRxChEqSoftDemapDynDescr)"
2069682499,282077,17548,1,1,1,32,32,1,30,0.000,0.000,,,,,NVIDIA A100-SXM4-40GB (0),1,,13,"void convert_kernel<float2, __half2>(tensor_layout_any, T1 *, tensor_layout_any, const T2 *)"
2069965600,10176,17560,2253,1,1,128,1,1,16,0.000,0.000,,,,,NVIDIA A100-SXM4-40GB (0),1,,13,cupy_copy__float16_float16
2069976800,2367,17569,282,1,1,128,1,1,16,0.000,0.000,,,,,NVIDIA A100-SXM4-40GB (0),1,,13,cupy_copy__complex64_complex64
2069980191,1760,17578,26,1,1,128,1,1,16,0.000,0.000,,,,,NVIDIA A100-SXM4-40GB (0),1,,13,cupy_copy__float32_float32
2069983103,2528,17587,103,1,1,128,1,1,16,0.000,0.000,,,,,NVIDIA A100-SXM4-40GB (0),1,,13,cupy_copy__complex64_complex64
2070038047,11328,17603,1434,1,1,128,1,1,16,0.000,0.000,,,,,NVIDIA A100-SXM4-40GB (0),1,,13,cupy_copy__complex64_complex64
2070154654,78431,17608,1,1,1,32,32,1,30,0.000,0.000,,,,,NVIDIA A100-SXM4-40GB (0),1,,13,"void convert_kernel<__half2, float2>(tensor_layout_any, T1 *, tensor_layout_any, const T2 *)"
2070403579,4608,17611,,,,,,,,,,0.061,13333.279,Pinned,Device,NVIDIA A100-SXM4-40GB (0),1,,13,[CUDA memcpy Host-to-Device]
2070415035,590329,17612,,,,,,,,,,456.520,772889.173,Device,,NVIDIA A100-SXM4-40GB (0),1,,13,[CUDA memset]
2071011668,32800,17617,,,,,,,,,,0.825,25162.263,Pinned,Device,NVIDIA A100-SXM4-40GB (0),1,,13,[CUDA memcpy Host-to-Device]
2071046580,7744,17618,,,,,,,,,,0.131,16925.590,Pinned,Device,NVIDIA A100-SXM4-40GB (0),1,,13,[CUDA memcpy Host-to-Device]
2071060148,7231,17619,69,4,1,48,1,1,76,0.002,0.000,,,,,NVIDIA A100-SXM4-40GB (0),1,,13,"void ch_est::windowedChEstPreNoDftSOfdmKernel<float, __half, float, (unsigned int)2, (unsigned int)1, (unsigned short)4>(ch_est::puschRxChEstStatDescr_t *, ch_est::puschRxChEstDynDescr_t *)"
2071068595,6304,17620,137,2,1,24,2,1,44,0.001,0.001,,,,,NVIDIA A100-SXM4-40GB (0),1,,13,"void ch_est::chEstFilterNoDftSOfdmDispatchKernel<float, __half, float, (unsigned int)2>(ch_est::puschRxChEstStatDescr_t *, ch_est::puschRxChEstDynDescr_t *)"
2071076211,4544,17621,137,2,1,24,2,1,44,0.001,0.001,,,,,NVIDIA A100-SXM4-40GB (0),1,,13,"void ch_est::chEstFilterNoDftSOfdmDispatchKernel<float, __half, float, (unsigned int)2>(ch_est::puschRxChEstStatDescr_t *, ch_est::puschRxChEstDynDescr_t *)"
2071081779,2592,17632,103,1,1,128,1,1,16,0.000,0.000,,,,,NVIDIA A100-SXM4-40GB (0),1,,13,cupy_copy__complex64_complex64
2071085427,12480,17642,1434,1,1,128,1,1,16,0.000,0.000,,,,,NVIDIA A100-SXM4-40GB (0),1,,13,cupy_copy__complex64_complex64
2071098995,2080,17649,103,1,1,128,1,1,16,0.000,0.000,,,,,NVIDIA A100-SXM4-40GB (0),1,,13,cupy_copy__complex64_complex64
2071102259,78335,17656,1,1,1,32,32,1,30,0.000,0.000,,,,,NVIDIA A100-SXM4-40GB (0),1,,13,"void convert_kernel<__half2, float2>(tensor_layout_any, T1 *, tensor_layout_any, const T2 *)"
2071211442,4192,17659,,,,,,,,,,0.061,14656.451,Pinned,Device,NVIDIA A100-SXM4-40GB (0),1,,13,[CUDA memcpy Host-to-Device]
2071224402,44959,17660,,,,,,,,,,35.801,796284.952,Device,,NVIDIA A100-SXM4-40GB (0),1,,13,[CUDA memset]
2071276849,1856,17662,,,,,,,,,,0.000,43.103,Pinned,Device,NVIDIA A100-SXM4-40GB (0),1,,13,[CUDA memcpy Host-to-Device]
2071281585,6752,17663,,,,,,,,,,0.131,19412.287,Pinned,Device,NVIDIA A100-SXM4-40GB (0),1,,13,[CUDA memcpy Host-to-Device]
2071292593,8448,17664,273,1,1,48,1,1,40,0.000,0.001,,,,,NVIDIA A100-SXM4-40GB (0),1,,13,"void pusch_noise_intf_est::noiseIntfEstNoDftSOfdmKernel<float, __half, float, float, (unsigned int)2, (unsigned int)1, (unsigned char)4, (unsigned char)4>(pusch_noise_intf_est::puschRxNoiseIntfEstDynDescr)"
2071302609,2336,17675,35,1,1,128,1,1,16,0.000,0.000,,,,,NVIDIA A100-SXM4-40GB (0),1,,13,cupy_copy__complex64_complex64
2071336656,1504,17684,1,1,1,1,1,1,18,0.000,0.000,,,,,NVIDIA A100-SXM4-40GB (0),1,,13,cupy_copy__float32_float32
2071371280,2080,17690,,,,,,,,,,0.000,1.923,Device,Pageable,NVIDIA A100-SXM4-40GB (0),1,,7,[CUDA memcpy Device-to-Host]
2071430479,12992,17701,1434,1,1,128,1,1,16,0.000,0.000,,,,,NVIDIA A100-SXM4-40GB (0),1,,13,cupy_copy__complex64_complex64
2071456815,2336,17708,103,1,1,128,1,1,16,0.000,0.000,,,,,NVIDIA A100-SXM4-40GB (0),1,,13,cupy_copy__complex64_complex64
2071481007,1952,17715,35,1,1,128,1,1,16,0.000,0.000,,,,,NVIDIA A100-SXM4-40GB (0),1,,13,cupy_copy__complex64_complex64
2071499887,1472,17722,1,1,1,1,1,1,18,0.000,0.000,,,,,NVIDIA A100-SXM4-40GB (0),1,,13,cupy_copy__float32_float32
2071634957,77919,17733,1,1,1,32,32,1,30,0.000,0.000,,,,,NVIDIA A100-SXM4-40GB (0),1,,13,"void convert_kernel<__half2, float2>(tensor_layout_any, T1 *, tensor_layout_any, const T2 *)"
2071873994,5248,17736,,,,,,,,,,0.061,11707.269,Pinned,Device,NVIDIA A100-SXM4-40GB (0),1,,13,[CUDA memcpy Host-to-Device]
2071884490,2656,17737,,,,,,,,,,1.547,582313.216,Device,,NVIDIA A100-SXM4-40GB (0),1,,13,[CUDA memset]
2071887850,3040,17742,,,,,,,,,,0.021,6926.308,Pinned,Device,NVIDIA A100-SXM4-40GB (0),1,,13,[CUDA memcpy Host-to-Device]
2071893546,7456,17743,,,,,,,,,,0.131,17579.377,Pinned,Device,NVIDIA A100-SXM4-40GB (0),1,,13,[CUDA memcpy Host-to-Device]
2071911082,5856,17744,273,1,1,8,4,1,39,0.002,0.000,,,,,NVIDIA A100-SXM4-40GB (0),1,,13,"void channel_eq::eqMmseCoefCompLowMimoKernel<float, float, float, (unsigned int)4, (unsigned int)1, (unsigned int)4>(const channel_eq::_puschRxChEqStatDescr *, channel_eq::_puschRxChEqCoefCompDynDescr)"
2071918186,4800,17745,273,1,1,12,11,1,40,0.002,0.000,,,,,NVIDIA A100-SXM4-40GB (0),1,,13,"void channel_eq::eqMmseSoftDemapKernel<float, __half, __half, float, (unsigned int)4, (unsigned short)16383>(channel_eq::_puschRxChEqStatDescr *, channel_eq::_puschRxChEqSoftDemapDynDescr)"
2071924202,281725,17746,1,1,1,32,32,1,30,0.000,0.000,,,,,NVIDIA A100-SXM4-40GB (0),1,,13,"void convert_kernel<float2, __half2>(tensor_layout_any, T1 *, tensor_layout_any, const T2 *)"
2072207143,10176,17758,2253,1,1,128,1,1,16,0.000,0.000,,,,,NVIDIA A100-SXM4-40GB (0),1,,13,cupy_copy__float16_float16
2072218343,2432,17767,282,1,1,128,1,1,16,0.000,0.000,,,,,NVIDIA A100-SXM4-40GB (0),1,,13,cupy_copy__complex64_complex64
2072221767,1760,17776,26,1,1,128,1,1,16,0.000,0.000,,,,,NVIDIA A100-SXM4-40GB (0),1,,13,cupy_copy__float32_float32
2072224743,2560,17785,103,1,1,128,1,1,16,0.000,0.000,,,,,NVIDIA A100-SXM4-40GB (0),1,,13,cupy_copy__complex64_complex64
2072228487,11295,17795,1434,1,1,128,1,1,16,0.000,0.000,,,,,NVIDIA A100-SXM4-40GB (0),1,,13,cupy_copy__complex64_complex64
2072382533,79039,17800,1,1,1,32,32,1,30,0.000,0.000,,,,,NVIDIA A100-SXM4-40GB (0),1,,13,"void convert_kernel<__half2, float2>(tensor_layout_any, T1 *, tensor_layout_any, const T2 *)"
2072492228,4416,17803,,,,,,,,,,0.061,13913.027,Pinned,Device,NVIDIA A100-SXM4-40GB (0),1,,13,[CUDA memcpy Host-to-Device]
2072503620,587705,17804,,,,,,,,,,456.520,776541.336,Device,,NVIDIA A100-SXM4-40GB (0),1,,13,[CUDA memset]
2073098525,32896,17809,,,,,,,,,,0.825,25088.807,Pinned,Device,NVIDIA A100-SXM4-40GB (0),1,,13,[CUDA memcpy Host-to-Device]
2073133533,7327,17810,,,,,,,,,,0.131,17888.838,Pinned,Device,NVIDIA A100-SXM4-40GB (0),1,,13,[CUDA memcpy Host-to-Device]
2073144956,7200,17811,69,4,1,48,1,1,76,0.002,0.000,,,,,NVIDIA A100-SXM4-40GB (0),1,,13,"void ch_est::windowedChEstPreNoDftSOfdmKernel<float, __half, float, (unsigned int)2, (unsigned int)1, (unsigned short)4>(ch_est::puschRxChEstStatDescr_t *, ch_est::puschRxChEstDynDescr_t *)"
2073153436,6176,17812,137,2,1,24,2,1,44,0.001,0.001,,,,,NVIDIA A100-SXM4-40GB (0),1,,13,"void ch_est::chEstFilterNoDftSOfdmDispatchKernel<float, __half, float, (unsigned int)2>(ch_est::puschRxChEstStatDescr_t *, ch_est::puschRxChEstDynDescr_t *)"
2073160700,4544,17813,137,2,1,24,2,1,44,0.001,0.001,,,,,NVIDIA A100-SXM4-40GB (0),1,,13,"void ch_est::chEstFilterNoDftSOfdmDispatchKernel<float, __half, float, (unsigned int)2>(ch_est::puschRxChEstStatDescr_t *, ch_est::puschRxChEstDynDescr_t *)"
2073166460,2176,17824,103,1,1,128,1,1,16,0.000,0.000,,,,,NVIDIA A100-SXM4-40GB (0),1,,13,cupy_copy__complex64_complex64
2073169916,12576,17834,1434,1,1,128,1,1,16,0.000,0.000,,,,,NVIDIA A100-SXM4-40GB (0),1,,13,cupy_copy__complex64_complex64
2073183708,2080,17841,103,1,1,128,1,1,16,0.000,0.000,,,,,NVIDIA A100-SXM4-40GB (0),1,,13,cupy_copy__complex64_complex64
2073186876,78591,17848,1,1,1,32,32,1,30,0.000,0.000,,,,,NVIDIA A100-SXM4-40GB (0),1,,13,"void convert_kernel<__half2, float2>(tensor_layout_any, T1 *, tensor_layout_any, const T2 *)"
2073293531,4608,17851,,,,,,,,,,0.061,13333.279,Pinned,Device,NVIDIA A100-SXM4-40GB (0),1,,13,[CUDA memcpy Host-to-Device]
2073306299,44831,17852,,,,,,,,,,35.801,798540.413,Device,,NVIDIA A100-SXM4-40GB (0),1,,13,[CUDA memset]
2073357178,2560,17854,,,,,,,,,,0.000,31.250,Pinned,Device,NVIDIA A100-SXM4-40GB (0),1,,13,[CUDA memcpy Host-to-Device]
2073362906,6752,17855,,,,,,,,,,0.131,19412.287,Pinned,Device,NVIDIA A100-SXM4-40GB (0),1,,13,[CUDA memcpy Host-to-Device]
2073376282,8608,17856,273,1,1,48,1,1,40,0.000,0.001,,,,,NVIDIA A100-SXM4-40GB (0),1,,13,"void pusch_noise_intf_est::noiseIntfEstNoDftSOfdmKernel<float, __half, float, float, (unsigned int)2, (unsigned int)1, (unsigned char)4, (unsigned char)4>(pusch_noise_intf_est::puschRxNoiseIntfEstDynDescr)"
2073386490,2400,17867,35,1,1,128,1,1,16,0.000,0.000,,,,,NVIDIA A100-SXM4-40GB (0),1,,13,cupy_copy__complex64_complex64
2073413689,1504,17876,1,1,1,1,1,1,18,0.000,0.000,,,,,NVIDIA A100-SXM4-40GB (0),1,,13,cupy_copy__float32_float32
2073448313,2144,17882,,,,,,,,,,0.000,1.866,Device,Pageable,NVIDIA A100-SXM4-40GB (0),1,,7,[CUDA memcpy Device-to-Host]
2073507736,13472,17893,1434,1,1,128,1,1,16,0.000,0.000,,,,,NVIDIA A100-SXM4-40GB (0),1,,13,cupy_copy__complex64_complex64
2073537944,2336,17900,103,1,1,128,1,1,16,0.000,0.000,,,,,NVIDIA A100-SXM4-40GB (0),1,,13,cupy_copy__complex64_complex64
2073557880,2016,17907,35,1,1,128,1,1,16,0.000,0.000,,,,,NVIDIA A100-SXM4-40GB (0),1,,13,cupy_copy__complex64_complex64
2073575640,1472,17914,1,1,1,1,1,1,18,0.000,0.000,,,,,NVIDIA A100-SXM4-40GB (0),1,,13,cupy_copy__float32_float32
2073708758,78303,17925,1,1,1,32,32,1,30,0.000,0.000,,,,,NVIDIA A100-SXM4-40GB (0),1,,13,"void convert_kernel<__half2, float2>(tensor_layout_any, T1 *, tensor_layout_any, const T2 *)"
2073815765,4640,17928,,,,,,,,,,0.061,13241.364,Pinned,Device,NVIDIA A100-SXM4-40GB (0),1,,13,[CUDA memcpy Host-to-Device]
2073829909,2624,17929,,,,,,,,,,1.547,589413.767,Device,,NVIDIA A100-SXM4-40GB (0),1,,13,[CUDA memset]
2073836213,2816,17934,,,,,,,,,,0.021,7477.259,Pinned,Device,NVIDIA A100-SXM4-40GB (0),1,,13,[CUDA memcpy Host-to-Device]
2073841941,6944,17935,,,,,,,,,,0.131,18875.548,Pinned,Device,NVIDIA A100-SXM4-40GB (0),1,,13,[CUDA memcpy Host-to-Device]
2073860756,5824,17936,273,1,1,8,4,1,39,0.002,0.000,,,,,NVIDIA A100-SXM4-40GB (0),1,,13,"void channel_eq::eqMmseCoefCompLowMimoKernel<float, float, float, (unsigned int)4, (unsigned int)1, (unsigned int)4>(const channel_eq::_puschRxChEqStatDescr *, channel_eq::_puschRxChEqCoefCompDynDescr)"
2073867860,4896,17937,273,1,1,12,11,1,40,0.002,0.000,,,,,NVIDIA A100-SXM4-40GB (0),1,,13,"void channel_eq::eqMmseSoftDemapKernel<float, __half, __half, float, (unsigned int)4, (unsigned short)16383>(channel_eq::_puschRxChEqStatDescr *, channel_eq::_puschRxChEqSoftDemapDynDescr)"
2073873812,282429,17938,1,1,1,32,32,1,30,0.000,0.000,,,,,NVIDIA A100-SXM4-40GB (0),1,,13,"void convert_kernel<float2, __half2>(tensor_layout_any, T1 *, tensor_layout_any, const T2 *)"
2074157297,10208,17950,2253,1,1,128,1,1,16,0.000,0.000,,,,,NVIDIA A100-SXM4-40GB (0),1,,13,cupy_copy__float16_float16
2074168817,2368,17959,282,1,1,128,1,1,16,0.000,0.000,,,,,NVIDIA A100-SXM4-40GB (0),1,,13,cupy_copy__complex64_complex64
2074172209,1792,17968,26,1,1,128,1,1,16,0.000,0.000,,,,,NVIDIA A100-SXM4-40GB (0),1,,13,cupy_copy__float32_float32
2074175185,2560,17977,103,1,1,128,1,1,16,0.000,0.000,,,,,NVIDIA A100-SXM4-40GB (0),1,,13,cupy_copy__complex64_complex64
2074178897,11424,17987,1434,1,1,128,1,1,16,0.000,0.000,,,,,NVIDIA A100-SXM4-40GB (0),1,,13,cupy_copy__complex64_complex64
2074215441,78879,17992,1,1,1,32,32,1,30,0.000,0.000,,,,,NVIDIA A100-SXM4-40GB (0),1,,13,"void convert_kernel<__half2, float2>(tensor_layout_any, T1 *, tensor_layout_any, const T2 *)"
2074321871,4128,17995,,,,,,,,,,0.061,14883.717,Pinned,Device,NVIDIA A100-SXM4-40GB (0),1,,13,[CUDA memcpy Host-to-Device]
2074333135,587322,17996,,,,,,,,,,456.520,776997.857,Device,,NVIDIA A100-SXM4-40GB (0),1,,13,[CUDA memset]
2074928393,33279,18001,,,,,,,,,,0.825,24799.937,Pinned,Device,NVIDIA A100-SXM4-40GB (0),1,,13,[CUDA memcpy Host-to-Device]
2074963784,7008,18002,,,,,,,,,,0.131,18703.188,Pinned,Device,NVIDIA A100-SXM4-40GB (0),1,,13,[CUDA memcpy Host-to-Device]
2074977928,7072,18003,69,4,1,48,1,1,76,0.002,0.000,,,,,NVIDIA A100-SXM4-40GB (0),1,,13,"void ch_est::windowedChEstPreNoDftSOfdmKernel<float, __half, float, (unsigned int)2, (unsigned int)1, (unsigned short)4>(ch_est::puschRxChEstStatDescr_t *, ch_est::puschRxChEstDynDescr_t *)"
2074986056,6400,18004,137,2,1,24,2,1,44,0.001,0.001,,,,,NVIDIA A100-SXM4-40GB (0),1,,13,"void ch_est::chEstFilterNoDftSOfdmDispatchKernel<float, __half, float, (unsigned int)2>(ch_est::puschRxChEstStatDescr_t *, ch_est::puschRxChEstDynDescr_t *)"
2074993640,4576,18005,137,2,1,24,2,1,44,0.001,0.001,,,,,NVIDIA A100-SXM4-40GB (0),1,,13,"void ch_est::chEstFilterNoDftSOfdmDispatchKernel<float, __half, float, (unsigned int)2>(ch_est::puschRxChEstStatDescr_t *, ch_est::puschRxChEstDynDescr_t *)"
2074999432,2176,18016,103,1,1,128,1,1,16,0.000,0.000,,,,,NVIDIA A100-SXM4-40GB (0),1,,13,cupy_copy__complex64_complex64
2075002600,12640,18026,1434,1,1,128,1,1,16,0.000,0.000,,,,,NVIDIA A100-SXM4-40GB (0),1,,13,cupy_copy__complex64_complex64
2075016232,2080,18033,103,1,1,128,1,1,16,0.000,0.000,,,,,NVIDIA A100-SXM4-40GB (0),1,,13,cupy_copy__complex64_complex64
2075019400,78463,18040,1,1,1,32,32,1,30,0.000,0.000,,,,,NVIDIA A100-SXM4-40GB (0),1,,13,"void convert_kernel<__half2, float2>(tensor_layout_any, T1 *, tensor_layout_any, const T2 *)"
2075125862,4224,18043,,,,,,,,,,0.061,14545.428,Pinned,Device,NVIDIA A100-SXM4-40GB (0),1,,13,[CUDA memcpy Host-to-Device]
2075138054,45344,18044,,,,,,,,,,35.801,789518.571,Device,,NVIDIA A100-SXM4-40GB (0),1,,13,[CUDA memset]
2075190534,2144,18046,,,,,,,,,,0.000,37.313,Pinned,Device,NVIDIA A100-SXM4-40GB (0),1,,13,[CUDA memcpy Host-to-Device]
2075195494,7008,18047,,,,,,,,,,0.131,18703.188,Pinned,Device,NVIDIA A100-SXM4-40GB (0),1,,13,[CUDA memcpy Host-to-Device]
2075207558,8543,18048,273,1,1,48,1,1,40,0.000,0.001,,,,,NVIDIA A100-SXM4-40GB (0),1,,13,"void pusch_noise_intf_est::noiseIntfEstNoDftSOfdmKernel<float, __half, float, float, (unsigned int)2, (unsigned int)1, (unsigned char)4, (unsigned char)4>(pusch_noise_intf_est::puschRxNoiseIntfEstDynDescr)"
2075217797,2144,18059,35,1,1,128,1,1,16,0.000,0.000,,,,,NVIDIA A100-SXM4-40GB (0),1,,13,cupy_copy__complex64_complex64
2075244229,1504,18068,1,1,1,1,1,1,18,0.000,0.000,,,,,NVIDIA A100-SXM4-40GB (0),1,,13,cupy_copy__float32_float32
2075278053,1664,18074,,,,,,,,,,0.000,2.404,Device,Pageable,NVIDIA A100-SXM4-40GB (0),1,,7,[CUDA memcpy Device-to-Host]
2075339428,13376,18085,1434,1,1,128,1,1,16,0.000,0.000,,,,,NVIDIA A100-SXM4-40GB (0),1,,13,cupy_copy__complex64_complex64
2075366020,2304,18092,103,1,1,128,1,1,16,0.000,0.000,,,,,NVIDIA A100-SXM4-40GB (0),1,,13,cupy_copy__complex64_complex64
2075386660,1952,18099,35,1,1,128,1,1,16,0.000,0.000,,,,,NVIDIA A100-SXM4-40GB (0),1,,13,cupy_copy__complex64_complex64
2075404387,1440,18106,1,1,1,1,1,1,18,0.000,0.000,,,,,NVIDIA A100-SXM4-40GB (0),1,,13,cupy_copy__float32_float32
2075538690,77919,18117,1,1,1,32,32,1,30,0.000,0.000,,,,,NVIDIA A100-SXM4-40GB (0),1,,13,"void convert_kernel<__half2, float2>(tensor_layout_any, T1 *, tensor_layout_any, const T2 *)"
2075788095,4800,18120,,,,,,,,,,0.061,12799.980,Pinned,Device,NVIDIA A100-SXM4-40GB (0),1,,13,[CUDA memcpy Host-to-Device]
2075800223,2688,18121,,,,,,,,,,1.547,575379.700,Device,,NVIDIA A100-SXM4-40GB (0),1,,13,[CUDA memset]
2075803583,2720,18126,,,,,,,,,,0.021,7741.175,Pinned,Device,NVIDIA A100-SXM4-40GB (0),1,,13,[CUDA memcpy Host-to-Device]
2075809279,7040,18127,,,,,,,,,,0.131,18618.122,Pinned,Device,NVIDIA A100-SXM4-40GB (0),1,,13,[CUDA memcpy Host-to-Device]
2075826815,5856,18128,273,1,1,8,4,1,39,0.002,0.000,,,,,NVIDIA A100-SXM4-40GB (0),1,,13,"void channel_eq::eqMmseCoefCompLowMimoKernel<float, float, float, (unsigned int)4, (unsigned int)1, (unsigned int)4>(const channel_eq::_puschRxChEqStatDescr *, channel_eq::_puschRxChEqCoefCompDynDescr)"
2075833919,4800,18129,273,1,1,12,11,1,40,0.002,0.000,,,,,NVIDIA A100-SXM4-40GB (0),1,,13,"void channel_eq::eqMmseSoftDemapKernel<float, __half, __half, float, (unsigned int)4, (unsigned short)16383>(channel_eq::_puschRxChEqStatDescr *, channel_eq::_puschRxChEqSoftDemapDynDescr)"
2075839935,282620,18130,1,1,1,32,32,1,30,0.000,0.000,,,,,NVIDIA A100-SXM4-40GB (0),1,,13,"void convert_kernel<float2, __half2>(tensor_layout_any, T1 *, tensor_layout_any, const T2 *)"
2076123739,10176,18142,2253,1,1,128,1,1,16,0.000,0.000,,,,,NVIDIA A100-SXM4-40GB (0),1,,13,cupy_copy__float16_float16
2076135131,2368,18151,282,1,1,128,1,1,16,0.000,0.000,,,,,NVIDIA A100-SXM4-40GB (0),1,,13,cupy_copy__complex64_complex64
2076138523,1760,18160,26,1,1,128,1,1,16,0.000,0.000,,,,,NVIDIA A100-SXM4-40GB (0),1,,13,cupy_copy__float32_float32
2076141499,2528,18169,103,1,1,128,1,1,16,0.000,0.000,,,,,NVIDIA A100-SXM4-40GB (0),1,,13,cupy_copy__complex64_complex64
2076145243,11360,18179,1434,1,1,128,1,1,16,0.000,0.000,,,,,NVIDIA A100-SXM4-40GB (0),1,,13,cupy_copy__complex64_complex64
2076301465,79360,18184,1,1,1,32,32,1,30,0.000,0.000,,,,,NVIDIA A100-SXM4-40GB (0),1,,13,"void convert_kernel<__half2, float2>(tensor_layout_any, T1 *, tensor_layout_any, const T2 *)"
2076412248,4608,18187,,,,,,,,,,0.061,13333.279,Pinned,Device,NVIDIA A100-SXM4-40GB (0),1,,13,[CUDA memcpy Host-to-Device]
2076423704,587322,18188,,,,,,,,,,456.520,776997.857,Device,,NVIDIA A100-SXM4-40GB (0),1,,13,[CUDA memset]
2077016946,32895,18193,,,,,,,,,,0.825,25089.632,Pinned,Device,NVIDIA A100-SXM4-40GB (0),1,,13,[CUDA memcpy Host-to-Device]
2077053297,7488,18194,,,,,,,,,,0.131,17504.272,Pinned,Device,NVIDIA A100-SXM4-40GB (0),1,,13,[CUDA memcpy Host-to-Device]
2077064785,7264,18195,69,4,1,48,1,1,76,0.002,0.000,,,,,NVIDIA A100-SXM4-40GB (0),1,,13,"void ch_est::windowedChEstPreNoDftSOfdmKernel<float, __half, float, (unsigned int)2, (unsigned int)1, (unsigned short)4>(ch_est::puschRxChEstStatDescr_t *, ch_est::puschRxChEstDynDescr_t *)"
2077073297,6432,18196,137,2,1,24,2,1,44,0.001,0.001,,,,,NVIDIA A100-SXM4-40GB (0),1,,13,"void ch_est::chEstFilterNoDftSOfdmDispatchKernel<float, __half, float, (unsigned int)2>(ch_est::puschRxChEstStatDescr_t *, ch_est::puschRxChEstDynDescr_t *)"
2077080945,4544,18197,137,2,1,24,2,1,44,0.001,0.001,,,,,NVIDIA A100-SXM4-40GB (0),1,,13,"void ch_est::chEstFilterNoDftSOfdmDispatchKernel<float, __half, float, (unsigned int)2>(ch_est::puschRxChEstStatDescr_t *, ch_est::puschRxChEstDynDescr_t *)"
2077086705,2144,18208,103,1,1,128,1,1,16,0.000,0.000,,,,,NVIDIA A100-SXM4-40GB (0),1,,13,cupy_copy__complex64_complex64
2077089841,12640,18218,1434,1,1,128,1,1,16,0.000,0.000,,,,,NVIDIA A100-SXM4-40GB (0),1,,13,cupy_copy__complex64_complex64
2077103761,2080,18225,103,1,1,128,1,1,16,0.000,0.000,,,,,NVIDIA A100-SXM4-40GB (0),1,,13,cupy_copy__complex64_complex64
2077107089,78559,18232,1,1,1,32,32,1,30,0.000,0.000,,,,,NVIDIA A100-SXM4-40GB (0),1,,13,"void convert_kernel<__half2, float2>(tensor_layout_any, T1 *, tensor_layout_any, const T2 *)"
2077344206,5152,18235,,,,,,,,,,0.061,11925.443,Pinned,Device,NVIDIA A100-SXM4-40GB (0),1,,13,[CUDA memcpy Host-to-Device]
2077356622,46335,18236,,,,,,,,,,35.801,772620.518,Device,,NVIDIA A100-SXM4-40GB (0),1,,13,[CUDA memset]
2077409101,1856,18238,,,,,,,,,,0.000,43.103,Pinned,Device,NVIDIA A100-SXM4-40GB (0),1,,13,[CUDA memcpy Host-to-Device]
2077413997,6880,18239,,,,,,,,,,0.131,19051.053,Pinned,Device,NVIDIA A100-SXM4-40GB (0),1,,13,[CUDA memcpy Host-to-Device]
2077431405,8992,18240,273,1,1,48,1,1,40,0.000,0.001,,,,,NVIDIA A100-SXM4-40GB (0),1,,13,"void pusch_noise_intf_est::noiseIntfEstNoDftSOfdmKernel<float, __half, float, float, (unsigned int)2, (unsigned int)1, (unsigned char)4, (unsigned char)4>(pusch_noise_intf_est::puschRxNoiseIntfEstDynDescr)"
2077441869,2208,18251,35,1,1,128,1,1,16,0.000,0.000,,,,,NVIDIA A100-SXM4-40GB (0),1,,13,cupy_copy__complex64_complex64
2077452813,1504,18260,1,1,1,1,1,1,18,0.000,0.000,,,,,NVIDIA A100-SXM4-40GB (0),1,,13,cupy_copy__float32_float32
2077490476,1728,18266,,,,,,,,,,0.000,2.315,Device,Pageable,NVIDIA A100-SXM4-40GB (0),1,,7,[CUDA memcpy Device-to-Host]
2077549228,12895,18277,1434,1,1,128,1,1,16,0.000,0.000,,,,,NVIDIA A100-SXM4-40GB (0),1,,13,cupy_copy__complex64_complex64
2077575467,2336,18284,103,1,1,128,1,1,16,0.000,0.000,,,,,NVIDIA A100-SXM4-40GB (0),1,,13,cupy_copy__complex64_complex64
2077596139,1984,18291,35,1,1,128,1,1,16,0.000,0.000,,,,,NVIDIA A100-SXM4-40GB (0),1,,13,cupy_copy__complex64_complex64
2077613675,1504,18298,1,1,1,1,1,1,18,0.000,0.000,,,,,NVIDIA A100-SXM4-40GB (0),1,,13,cupy_copy__float32_float32
2077884840,78815,18309,1,1,1,32,32,1,30,0.000,0.000,,,,,NVIDIA A100-SXM4-40GB (0),1,,13,"void convert_kernel<__half2, float2>(tensor_layout_any, T1 *, tensor_layout_any, const T2 *)"
2077995687,4256,18312,,,,,,,,,,0.061,14436.065,Pinned,Device,NVIDIA A100-SXM4-40GB (0),1,,13,[CUDA memcpy Host-to-Device]
2078010630,2656,18313,,,,,,,,,,1.547,582313.216,Device,,NVIDIA A100-SXM4-40GB (0),1,,13,[CUDA memset]
2078016934,2784,18318,,,,,,,,,,0.021,7563.210,Pinned,Device,NVIDIA A100-SXM4-40GB (0),1,,13,[CUDA memcpy Host-to-Device]
2078022438,7456,18319,,,,,,,,,,0.131,17579.377,Pinned,Device,NVIDIA A100-SXM4-40GB (0),1,,13,[CUDA memcpy Host-to-Device]
2078036614,6016,18320,273,1,1,8,4,1,39,0.002,0.000,,,,,NVIDIA A100-SXM4-40GB (0),1,,13,"void channel_eq::eqMmseCoefCompLowMimoKernel<float, float, float, (unsigned int)4, (unsigned int)1, (unsigned int)4>(const channel_eq::_puschRxChEqStatDescr *, channel_eq::_puschRxChEqCoefCompDynDescr)"
2078043654,4864,18321,273,1,1,12,11,1,40,0.002,0.000,,,,,NVIDIA A100-SXM4-40GB (0),1,,13,"void channel_eq::eqMmseSoftDemapKernel<float, __half, __half, float, (unsigned int)4, (unsigned short)16383>(channel_eq::_puschRxChEqStatDescr *, channel_eq::_puschRxChEqSoftDemapDynDescr)"
2078049638,282205,18322,1,1,1,32,32,1,30,0.000,0.000,,,,,NVIDIA A100-SXM4-40GB (0),1,,13,"void convert_kernel<float2, __half2>(tensor_layout_any, T1 *, tensor_layout_any, const T2 *)"
2078332835,10208,18334,2253,1,1,128,1,1,16,0.000,0.000,,,,,NVIDIA A100-SXM4-40GB (0),1,,13,cupy_copy__float16_float16
2078344035,2368,18343,282,1,1,128,1,1,16,0.000,0.000,,,,,NVIDIA A100-SXM4-40GB (0),1,,13,cupy_copy__complex64_complex64
2078347427,1792,18352,26,1,1,128,1,1,16,0.000,0.000,,,,,NVIDIA A100-SXM4-40GB (0),1,,13,cupy_copy__float32_float32
2078350403,2560,18361,103,1,1,128,1,1,16,0.000,0.000,,,,,NVIDIA A100-SXM4-40GB (0),1,,13,cupy_copy__complex64_complex64
2078354115,11360,18371,1434,1,1,128,1,1,16,0.000,0.000,,,,,NVIDIA A100-SXM4-40GB (0),1,,13,cupy_copy__complex64_complex64
2078398114,78399,18376,1,1,1,32,32,1,30,0.000,0.000,,,,,NVIDIA A100-SXM4-40GB (0),1,,13,"void convert_kernel<__half2, float2>(tensor_layout_any, T1 *, tensor_layout_any, const T2 *)"
2078504065,4320,18379,,,,,,,,,,0.061,14222.193,Pinned,Device,NVIDIA A100-SXM4-40GB (0),1,,13,[CUDA memcpy Host-to-Device]
2078515105,587225,18380,,,,,,,,,,456.520,776997.857,Device,,NVIDIA A100-SXM4-40GB (0),1,,13,[CUDA memset]
2079104858,32768,18385,,,,,,,,,,0.825,25187.023,Pinned,Device,NVIDIA A100-SXM4-40GB (0),1,,13,[CUDA memcpy Host-to-Device]
2079139930,6816,18386,,,,,,,,,,0.131,19229.966,Pinned,Device,NVIDIA A100-SXM4-40GB (0),1,,13,[CUDA memcpy Host-to-Device]
2079152730,7072,18387,69,4,1,48,1,1,76,0.002,0.000,,,,,NVIDIA A100-SXM4-40GB (0),1,,13,"void ch_est::windowedChEstPreNoDftSOfdmKernel<float, __half, float, (unsigned int)2, (unsigned int)1, (unsigned short)4>(ch_est::puschRxChEstStatDescr_t *, ch_est::puschRxChEstDynDescr_t *)"
2079160826,6240,18388,137,2,1,24,2,1,44,0.001,0.001,,,,,NVIDIA A100-SXM4-40GB (0),1,,13,"void ch_est::chEstFilterNoDftSOfdmDispatchKernel<float, __half, float, (unsigned int)2>(ch_est::puschRxChEstStatDescr_t *, ch_est::puschRxChEstDynDescr_t *)"
2079168090,4576,18389,137,2,1,24,2,1,44,0.001,0.001,,,,,NVIDIA A100-SXM4-40GB (0),1,,13,"void ch_est::chEstFilterNoDftSOfdmDispatchKernel<float, __half, float, (unsigned int)2>(ch_est::puschRxChEstStatDescr_t *, ch_est::puschRxChEstDynDescr_t *)"
2079173690,2144,18400,103,1,1,128,1,1,16,0.000,0.000,,,,,NVIDIA A100-SXM4-40GB (0),1,,13,cupy_copy__complex64_complex64
2079177146,12639,18410,1434,1,1,128,1,1,16,0.000,0.000,,,,,NVIDIA A100-SXM4-40GB (0),1,,13,cupy_copy__complex64_complex64
2079191001,2080,18417,103,1,1,128,1,1,16,0.000,0.000,,,,,NVIDIA A100-SXM4-40GB (0),1,,13,cupy_copy__complex64_complex64
2079194169,78624,18424,1,1,1,32,32,1,30,0.000,0.000,,,,,NVIDIA A100-SXM4-40GB (0),1,,13,"void convert_kernel<__half2, float2>(tensor_layout_any, T1 *, tensor_layout_any, const T2 *)"
2079300536,4160,18427,,,,,,,,,,0.061,14769.193,Pinned,Device,NVIDIA A100-SXM4-40GB (0),1,,13,[CUDA memcpy Host-to-Device]
2079312664,44704,18428,,,,,,,,,,35.801,800831.674,Device,,NVIDIA A100-SXM4-40GB (0),1,,13,[CUDA memset]
2079363992,1855,18430,,,,,,,,,,0.000,43.127,Pinned,Device,NVIDIA A100-SXM4-40GB (0),1,,13,[CUDA memcpy Host-to-Device]
2079368439,6944,18431,,,,,,,,,,0.131,18875.548,Pinned,Device,NVIDIA A100-SXM4-40GB (0),1,,13,[CUDA memcpy Host-to-Device]
2079382871,8448,18432,273,1,1,48,1,1,40,0.000,0.001,,,,,NVIDIA A100-SXM4-40GB (0),1,,13,"void pusch_noise_intf_est::noiseIntfEstNoDftSOfdmKernel<float, __half, float, float, (unsigned int)2, (unsigned int)1, (unsigned char)4, (unsigned char)4>(pusch_noise_intf_est::puschRxNoiseIntfEstDynDescr)"
2079392663,2240,18443,35,1,1,128,1,1,16,0.000,0.000,,,,,NVIDIA A100-SXM4-40GB (0),1,,13,cupy_copy__complex64_complex64
2079423927,1504,18452,1,1,1,1,1,1,18,0.000,0.000,,,,,NVIDIA A100-SXM4-40GB (0),1,,13,cupy_copy__float32_float32
2079458070,1856,18458,,,,,,,,,,0.000,2.155,Device,Pageable,NVIDIA A100-SXM4-40GB (0),1,,7,[CUDA memcpy Device-to-Host]
2079517206,13440,18469,1434,1,1,128,1,1,16,0.000,0.000,,,,,NVIDIA A100-SXM4-40GB (0),1,,13,cupy_copy__complex64_complex64
2079542838,2367,18476,103,1,1,128,1,1,16,0.000,0.000,,,,,NVIDIA A100-SXM4-40GB (0),1,,13,cupy_copy__complex64_complex64
2079563061,1984,18483,35,1,1,128,1,1,16,0.000,0.000,,,,,NVIDIA A100-SXM4-40GB (0),1,,13,cupy_copy__complex64_complex64
2079581429,1472,18490,1,1,1,1,1,1,18,0.000,0.000,,,,,NVIDIA A100-SXM4-40GB (0),1,,13,cupy_copy__float32_float32
2079716020,77919,18501,1,1,1,32,32,1,30,0.000,0.000,,,,,NVIDIA A100-SXM4-40GB (0),1,,13,"void convert_kernel<__half2, float2>(tensor_layout_any, T1 *, tensor_layout_any, const T2 *)"
2079821906,4512,18504,,,,,,,,,,0.061,13617.009,Pinned,Device,NVIDIA A100-SXM4-40GB (0),1,,13,[CUDA memcpy Host-to-Device]
2079835762,2688,18505,,,,,,,,,,1.547,575379.700,Device,,NVIDIA A100-SXM4-40GB (0),1,,13,[CUDA memset]
2079841906,3040,18510,,,,,,,,,,0.021,6926.308,Pinned,Device,NVIDIA A100-SXM4-40GB (0),1,,13,[CUDA memcpy Host-to-Device]
2079847538,6752,18511,,,,,,,,,,0.131,19412.287,Pinned,Device,NVIDIA A100-SXM4-40GB (0),1,,13,[CUDA memcpy Host-to-Device]
2079858290,5856,18512,273,1,1,8,4,1,39,0.002,0.000,,,,,NVIDIA A100-SXM4-40GB (0),1,,13,"void channel_eq::eqMmseCoefCompLowMimoKernel<float, float, float, (unsigned int)4, (unsigned int)1, (unsigned int)4>(const channel_eq::_puschRxChEqStatDescr *, channel_eq::_puschRxChEqCoefCompDynDescr)"
2079865394,4832,18513,273,1,1,12,11,1,40,0.002,0.000,,,,,NVIDIA A100-SXM4-40GB (0),1,,13,"void channel_eq::eqMmseSoftDemapKernel<float, __half, __half, float, (unsigned int)4, (unsigned short)16383>(channel_eq::_puschRxChEqStatDescr *, channel_eq::_puschRxChEqSoftDemapDynDescr)"
2079871442,282269,18514,1,1,1,32,32,1,30,0.000,0.000,,,,,NVIDIA A100-SXM4-40GB (0),1,,13,"void convert_kernel<float2, __half2>(tensor_layout_any, T1 *, tensor_layout_any, const T2 *)"
2080154735,10176,18526,2253,1,1,128,1,1,16,0.000,0.000,,,,,NVIDIA A100-SXM4-40GB (0),1,,13,cupy_copy__float16_float16
2080165935,2400,18535,282,1,1,128,1,1,16,0.000,0.000,,,,,NVIDIA A100-SXM4-40GB (0),1,,13,cupy_copy__complex64_complex64
2080169359,1760,18544,26,1,1,128,1,1,16,0.000,0.000,,,,,NVIDIA A100-SXM4-40GB (0),1,,13,cupy_copy__float32_float32
2080172239,2560,18553,103,1,1,128,1,1,16,0.000,0.000,,,,,NVIDIA A100-SXM4-40GB (0),1,,13,cupy_copy__complex64_complex64
2080175983,11199,18563,1434,1,1,128,1,1,16,0.000,0.000,,,,,NVIDIA A100-SXM4-40GB (0),1,,13,cupy_copy__complex64_complex64
2080213294,78431,18568,1,1,1,32,32,1,30,0.000,0.000,,,,,NVIDIA A100-SXM4-40GB (0),1,,13,"void convert_kernel<__half2, float2>(tensor_layout_any, T1 *, tensor_layout_any, const T2 *)"
2080319053,4160,18571,,,,,,,,,,0.061,14769.193,Pinned,Device,NVIDIA A100-SXM4-40GB (0),1,,13,[CUDA memcpy Host-to-Device]
2080330189,587897,18572,,,,,,,,,,456.520,776084.816,Device,,NVIDIA A100-SXM4-40GB (0),1,,13,[CUDA memset]
2080922822,33184,18577,,,,,,,,,,0.825,24871.741,Pinned,Device,NVIDIA A100-SXM4-40GB (0),1,,13,[CUDA memcpy Host-to-Device]
2080958502,6848,18578,,,,,,,,,,0.131,19140.182,Pinned,Device,NVIDIA A100-SXM4-40GB (0),1,,13,[CUDA memcpy Host-to-Device]
2080974406,6912,18579,69,4,1,48,1,1,76,0.002,0.000,,,,,NVIDIA A100-SXM4-40GB (0),1,,13,"void ch_est::windowedChEstPreNoDftSOfdmKernel<float, __half, float, (unsigned int)2, (unsigned int)1, (unsigned short)4>(ch_est::puschRxChEstStatDescr_t *, ch_est::puschRxChEstDynDescr_t *)"
2080982598,6112,18580,137,2,1,24,2,1,44,0.001,0.001,,,,,NVIDIA A100-SXM4-40GB (0),1,,13,"void ch_est::chEstFilterNoDftSOfdmDispatchKernel<float, __half, float, (unsigned int)2>(ch_est::puschRxChEstStatDescr_t *, ch_est::puschRxChEstDynDescr_t *)"
2080989925,4576,18581,137,2,1,24,2,1,44,0.001,0.001,,,,,NVIDIA A100-SXM4-40GB (0),1,,13,"void ch_est::chEstFilterNoDftSOfdmDispatchKernel<float, __half, float, (unsigned int)2>(ch_est::puschRxChEstStatDescr_t *, ch_est::puschRxChEstDynDescr_t *)"
2080995749,2144,18592,103,1,1,128,1,1,16,0.000,0.000,,,,,NVIDIA A100-SXM4-40GB (0),1,,13,cupy_copy__complex64_complex64
2080998885,12544,18602,1434,1,1,128,1,1,16,0.000,0.000,,,,,NVIDIA A100-SXM4-40GB (0),1,,13,cupy_copy__complex64_complex64
2081012485,2080,18609,103,1,1,128,1,1,16,0.000,0.000,,,,,NVIDIA A100-SXM4-40GB (0),1,,13,cupy_copy__complex64_complex64
2081015621,78911,18616,1,1,1,32,32,1,30,0.000,0.000,,,,,NVIDIA A100-SXM4-40GB (0),1,,13,"void convert_kernel<__half2, float2>(tensor_layout_any, T1 *, tensor_layout_any, const T2 *)"
2081268834,4768,18619,,,,,,,,,,0.061,12885.873,Pinned,Device,NVIDIA A100-SXM4-40GB (0),1,,13,[CUDA memcpy Host-to-Device]
2081280578,46304,18620,,,,,,,,,,35.801,773157.532,Device,,NVIDIA A100-SXM4-40GB (0),1,,13,[CUDA memset]
2081335490,2368,18622,,,,,,,,,,0.000,33.784,Pinned,Device,NVIDIA A100-SXM4-40GB (0),1,,13,[CUDA memcpy Host-to-Device]
2081340674,7520,18623,,,,,,,,,,0.131,17429.692,Pinned,Device,NVIDIA A100-SXM4-40GB (0),1,,13,[CUDA memcpy Host-to-Device]
2081354305,9024,18624,273,1,1,48,1,1,40,0.000,0.001,,,,,NVIDIA A100-SXM4-40GB (0),1,,13,"void pusch_noise_intf_est::noiseIntfEstNoDftSOfdmKernel<float, __half, float, float, (unsigned int)2, (unsigned int)1, (unsigned char)4, (unsigned char)4>(pusch_noise_intf_est::puschRxNoiseIntfEstDynDescr)"
2081364737,2240,18635,35,1,1,128,1,1,16,0.000,0.000,,,,,NVIDIA A100-SXM4-40GB (0),1,,13,cupy_copy__complex64_complex64
2081379457,1504,18644,1,1,1,1,1,1,18,0.000,0.000,,,,,NVIDIA A100-SXM4-40GB (0),1,,13,cupy_copy__float32_float32
2081414081,1728,18650,,,,,,,,,,0.000,2.315,Device,Pageable,NVIDIA A100-SXM4-40GB (0),1,,7,[CUDA memcpy Device-to-Host]
2081473248,13152,18661,1434,1,1,128,1,1,16,0.000,0.000,,,,,NVIDIA A100-SXM4-40GB (0),1,,13,cupy_copy__complex64_complex64
2081499520,2368,18668,103,1,1,128,1,1,16,0.000,0.000,,,,,NVIDIA A100-SXM4-40GB (0),1,,13,cupy_copy__complex64_complex64
2081519744,2016,18675,35,1,1,128,1,1,16,0.000,0.000,,,,,NVIDIA A100-SXM4-40GB (0),1,,13,cupy_copy__complex64_complex64
2081537183,1472,18682,1,1,1,1,1,1,18,0.000,0.000,,,,,NVIDIA A100-SXM4-40GB (0),1,,13,cupy_copy__float32_float32
2081799773,78719,18693,1,1,1,32,32,1,30,0.000,0.000,,,,,NVIDIA A100-SXM4-40GB (0),1,,13,"void convert_kernel<__half2, float2>(tensor_layout_any, T1 *, tensor_layout_any, const T2 *)"
2081910363,4640,18696,,,,,,,,,,0.061,13241.364,Pinned,Device,NVIDIA A100-SXM4-40GB (0),1,,13,[CUDA memcpy Host-to-Device]
2081925787,2624,18697,,,,,,,,,,1.547,589413.767,Device,,NVIDIA A100-SXM4-40GB (0),1,,13,[CUDA memset]
2081932219,2912,18702,,,,,,,,,,0.021,7230.757,Pinned,Device,NVIDIA A100-SXM4-40GB (0),1,,13,[CUDA memcpy Host-to-Device]
2081938779,6976,18703,,,,,,,,,,0.131,18788.909,Pinned,Device,NVIDIA A100-SXM4-40GB (0),1,,13,[CUDA memcpy Host-to-Device]
2081957435,5856,18704,273,1,1,8,4,1,39,0.002,0.000,,,,,NVIDIA A100-SXM4-40GB (0),1,,13,"void channel_eq::eqMmseCoefCompLowMimoKernel<float, float, float, (unsigned int)4, (unsigned int)1, (unsigned int)4>(const channel_eq::_puschRxChEqStatDescr *, channel_eq::_puschRxChEqCoefCompDynDescr)"
2081964539,4832,18705,273,1,1,12,11,1,40,0.002,0.000,,,,,NVIDIA A100-SXM4-40GB (0),1,,13,"void channel_eq::eqMmseSoftDemapKernel<float, __half, __half, float, (unsigned int)4, (unsigned short)16383>(channel_eq::_puschRxChEqStatDescr *, channel_eq::_puschRxChEqSoftDemapDynDescr)"
2081970587,282716,18706,1,1,1,32,32,1,30,0.000,0.000,,,,,NVIDIA A100-SXM4-40GB (0),1,,13,"void convert_kernel<float2, __half2>(tensor_layout_any, T1 *, tensor_layout_any, const T2 *)"
2082254359,10112,18718,2253,1,1,128,1,1,16,0.000,0.000,,,,,NVIDIA A100-SXM4-40GB (0),1,,13,cupy_copy__float16_float16
2082265559,2400,18727,282,1,1,128,1,1,16,0.000,0.000,,,,,NVIDIA A100-SXM4-40GB (0),1,,13,cupy_copy__complex64_complex64
2082268951,1792,18736,26,1,1,128,1,1,16,0.000,0.000,,,,,NVIDIA A100-SXM4-40GB (0),1,,13,cupy_copy__float32_float32
2082271927,2560,18745,103,1,1,128,1,1,16,0.000,0.000,,,,,NVIDIA A100-SXM4-40GB (0),1,,13,cupy_copy__complex64_complex64
2082275671,11168,18755,1434,1,1,128,1,1,16,0.000,0.000,,,,,NVIDIA A100-SXM4-40GB (0),1,,13,cupy_copy__complex64_complex64
2082312439,78111,18760,1,1,1,32,32,1,30,0.000,0.000,,,,,NVIDIA A100-SXM4-40GB (0),1,,13,"void convert_kernel<__half2, float2>(tensor_layout_any, T1 *, tensor_layout_any, const T2 *)"
2082550420,4640,18763,,,,,,,,,,0.061,13241.364,Pinned,Device,NVIDIA A100-SXM4-40GB (0),1,,13,[CUDA memcpy Host-to-Device]
2082559060,590010,18764,,,,,,,,,,456.520,773345.693,Device,,NVIDIA A100-SXM4-40GB (0),1,,13,[CUDA memset]
2083155981,32800,18769,,,,,,,,,,0.825,25162.263,Pinned,Device,NVIDIA A100-SXM4-40GB (0),1,,13,[CUDA memcpy Host-to-Device]
2083191725,6752,18770,,,,,,,,,,0.131,19412.287,Pinned,Device,NVIDIA A100-SXM4-40GB (0),1,,13,[CUDA memcpy Host-to-Device]
2083204653,8000,18771,69,4,1,48,1,1,76,0.002,0.000,,,,,NVIDIA A100-SXM4-40GB (0),1,,13,"void ch_est::windowedChEstPreNoDftSOfdmKernel<float, __half, float, (unsigned int)2, (unsigned int)1, (unsigned short)4>(ch_est::puschRxChEstStatDescr_t *, ch_est::puschRxChEstDynDescr_t *)"
2083213901,6496,18772,137,2,1,24,2,1,44,0.001,0.001,,,,,NVIDIA A100-SXM4-40GB (0),1,,13,"void ch_est::chEstFilterNoDftSOfdmDispatchKernel<float, __half, float, (unsigned int)2>(ch_est::puschRxChEstStatDescr_t *, ch_est::puschRxChEstDynDescr_t *)"
2083221389,4576,18773,137,2,1,24,2,1,44,0.001,0.001,,,,,NVIDIA A100-SXM4-40GB (0),1,,13,"void ch_est::chEstFilterNoDftSOfdmDispatchKernel<float, __half, float, (unsigned int)2>(ch_est::puschRxChEstStatDescr_t *, ch_est::puschRxChEstDynDescr_t *)"
2083227181,2176,18784,103,1,1,128,1,1,16,0.000,0.000,,,,,NVIDIA A100-SXM4-40GB (0),1,,13,cupy_copy__complex64_complex64
2083230637,12704,18794,1434,1,1,128,1,1,16,0.000,0.000,,,,,NVIDIA A100-SXM4-40GB (0),1,,13,cupy_copy__complex64_complex64
2083244333,2079,18801,103,1,1,128,1,1,16,0.000,0.000,,,,,NVIDIA A100-SXM4-40GB (0),1,,13,cupy_copy__complex64_complex64
2083247500,78720,18808,1,1,1,32,32,1,30,0.000,0.000,,,,,NVIDIA A100-SXM4-40GB (0),1,,13,"void convert_kernel<__half2, float2>(tensor_layout_any, T1 *, tensor_layout_any, const T2 *)"
2083356683,4192,18811,,,,,,,,,,0.061,14656.451,Pinned,Device,NVIDIA A100-SXM4-40GB (0),1,,13,[CUDA memcpy Host-to-Device]
2083369323,45152,18812,,,,,,,,,,35.801,792883.861,Device,,NVIDIA A100-SXM4-40GB (0),1,,13,[CUDA memset]
2083421355,2368,18814,,,,,,,,,,0.000,33.784,Pinned,Device,NVIDIA A100-SXM4-40GB (0),1,,13,[CUDA memcpy Host-to-Device]
2083426570,6848,18815,,,,,,,,,,0.131,19140.182,Pinned,Device,NVIDIA A100-SXM4-40GB (0),1,,13,[CUDA memcpy Host-to-Device]
2083439178,8512,18816,273,1,1,48,1,1,40,0.000,0.001,,,,,NVIDIA A100-SXM4-40GB (0),1,,13,"void pusch_noise_intf_est::noiseIntfEstNoDftSOfdmKernel<float, __half, float, float, (unsigned int)2, (unsigned int)1, (unsigned char)4, (unsigned char)4>(pusch_noise_intf_est::puschRxNoiseIntfEstDynDescr)"
2083450378,2336,18827,35,1,1,128,1,1,16,0.000,0.000,,,,,NVIDIA A100-SXM4-40GB (0),1,,13,cupy_copy__complex64_complex64
2083486378,1504,18836,1,1,1,1,1,1,18,0.000,0.000,,,,,NVIDIA A100-SXM4-40GB (0),1,,13,cupy_copy__float32_float32
2083520329,1920,18842,,,,,,,,,,0.000,2.083,Device,Pageable,NVIDIA A100-SXM4-40GB (0),1,,7,[CUDA memcpy Device-to-Host]
2083579497,13664,18853,1434,1,1,128,1,1,16,0.000,0.000,,,,,NVIDIA A100-SXM4-40GB (0),1,,13,cupy_copy__complex64_complex64
2083605289,2367,18860,103,1,1,128,1,1,16,0.000,0.000,,,,,NVIDIA A100-SXM4-40GB (0),1,,13,cupy_copy__complex64_complex64
2083626568,1984,18867,35,1,1,128,1,1,16,0.000,0.000,,,,,NVIDIA A100-SXM4-40GB (0),1,,13,cupy_copy__complex64_complex64
2083643496,1472,18874,1,1,1,1,1,1,18,0.000,0.000,,,,,NVIDIA A100-SXM4-40GB (0),1,,13,cupy_copy__float32_float32
2083778951,78303,18885,1,1,1,32,32,1,30,0.000,0.000,,,,,NVIDIA A100-SXM4-40GB (0),1,,13,"void convert_kernel<__half2, float2>(tensor_layout_any, T1 *, tensor_layout_any, const T2 *)"
2083885285,4224,18888,,,,,,,,,,0.061,14545.428,Pinned,Device,NVIDIA A100-SXM4-40GB (0),1,,13,[CUDA memcpy Host-to-Device]
2083899813,2592,18889,,,,,,,,,,1.547,596690.632,Device,,NVIDIA A100-SXM4-40GB (0),1,,13,[CUDA memset]
2083905989,3360,18894,,,,,,,,,,0.021,6266.666,Pinned,Device,NVIDIA A100-SXM4-40GB (0),1,,13,[CUDA memcpy Host-to-Device]
2083912357,7296,18895,,,,,,,,,,0.131,17964.859,Pinned,Device,NVIDIA A100-SXM4-40GB (0),1,,13,[CUDA memcpy Host-to-Device]
2083931685,5824,18896,273,1,1,8,4,1,39,0.002,0.000,,,,,NVIDIA A100-SXM4-40GB (0),1,,13,"void channel_eq::eqMmseCoefCompLowMimoKernel<float, float, float, (unsigned int)4, (unsigned int)1, (unsigned int)4>(const channel_eq::_puschRxChEqStatDescr *, channel_eq::_puschRxChEqCoefCompDynDescr)"
2083938757,4800,18897,273,1,1,12,11,1,40,0.002,0.000,,,,,NVIDIA A100-SXM4-40GB (0),1,,13,"void channel_eq::eqMmseSoftDemapKernel<float, __half, __half, float, (unsigned int)4, (unsigned short)16383>(channel_eq::_puschRxChEqStatDescr *, channel_eq::_puschRxChEqSoftDemapDynDescr)"
2083944805,282845,18898,1,1,1,32,32,1,30,0.000,0.000,,,,,NVIDIA A100-SXM4-40GB (0),1,,13,"void convert_kernel<float2, __half2>(tensor_layout_any, T1 *, tensor_layout_any, const T2 *)"
2084228866,10239,18910,2253,1,1,128,1,1,16,0.000,0.000,,,,,NVIDIA A100-SXM4-40GB (0),1,,13,cupy_copy__float16_float16
2084240385,2400,18919,282,1,1,128,1,1,16,0.000,0.000,,,,,NVIDIA A100-SXM4-40GB (0),1,,13,cupy_copy__complex64_complex64
2084243809,1760,18928,26,1,1,128,1,1,16,0.000,0.000,,,,,NVIDIA A100-SXM4-40GB (0),1,,13,cupy_copy__float32_float32
2084246689,2528,18937,103,1,1,128,1,1,16,0.000,0.000,,,,,NVIDIA A100-SXM4-40GB (0),1,,13,cupy_copy__complex64_complex64
2084250433,11296,18947,1434,1,1,128,1,1,16,0.000,0.000,,,,,NVIDIA A100-SXM4-40GB (0),1,,13,cupy_copy__complex64_complex64
2084284353,78207,18952,1,1,1,32,32,1,30,0.000,0.000,,,,,NVIDIA A100-SXM4-40GB (0),1,,13,"void convert_kernel<__half2, float2>(tensor_layout_any, T1 *, tensor_layout_any, const T2 *)"
2084390368,4256,18955,,,,,,,,,,0.061,14436.065,Pinned,Device,NVIDIA A100-SXM4-40GB (0),1,,13,[CUDA memcpy Host-to-Device]
2084401056,587481,18956,,,,,,,,,,456.520,776997.857,Device,,NVIDIA A100-SXM4-40GB (0),1,,13,[CUDA memset]
2084995225,33536,18961,,,,,,,,,,0.825,24610.107,Pinned,Device,NVIDIA A100-SXM4-40GB (0),1,,13,[CUDA memcpy Host-to-Device]
2085031385,6880,18962,,,,,,,,,,0.131,19051.053,Pinned,Device,NVIDIA A100-SXM4-40GB (0),1,,13,[CUDA memcpy Host-to-Device]
2085047801,7103,18963,69,4,1,48,1,1,76,0.002,0.000,,,,,NVIDIA A100-SXM4-40GB (0),1,,13,"void ch_est::windowedChEstPreNoDftSOfdmKernel<float, __half, float, (unsigned int)2, (unsigned int)1, (unsigned short)4>(ch_est::puschRxChEstStatDescr_t *, ch_est::puschRxChEstDynDescr_t *)"
2085055992,6304,18964,137,2,1,24,2,1,44,0.001,0.001,,,,,NVIDIA A100-SXM4-40GB (0),1,,13,"void ch_est::chEstFilterNoDftSOfdmDispatchKernel<float, __half, float, (unsigned int)2>(ch_est::puschRxChEstStatDescr_t *, ch_est::puschRxChEstDynDescr_t *)"
2085063320,4576,18965,137,2,1,24,2,1,44,0.001,0.001,,,,,NVIDIA A100-SXM4-40GB (0),1,,13,"void ch_est::chEstFilterNoDftSOfdmDispatchKernel<float, __half, float, (unsigned int)2>(ch_est::puschRxChEstStatDescr_t *, ch_est::puschRxChEstDynDescr_t *)"
2085069112,2144,18976,103,1,1,128,1,1,16,0.000,0.000,,,,,NVIDIA A100-SXM4-40GB (0),1,,13,cupy_copy__complex64_complex64
2085072248,12768,18986,1434,1,1,128,1,1,16,0.000,0.000,,,,,NVIDIA A100-SXM4-40GB (0),1,,13,cupy_copy__complex64_complex64
2085086104,2112,18993,103,1,1,128,1,1,16,0.000,0.000,,,,,NVIDIA A100-SXM4-40GB (0),1,,13,cupy_copy__complex64_complex64
2085089432,78015,19000,1,1,1,32,32,1,30,0.000,0.000,,,,,NVIDIA A100-SXM4-40GB (0),1,,13,"void convert_kernel<__half2, float2>(tensor_layout_any, T1 *, tensor_layout_any, const T2 *)"
2085194103,4160,19003,,,,,,,,,,0.061,14769.193,Pinned,Device,NVIDIA A100-SXM4-40GB (0),1,,13,[CUDA memcpy Host-to-Device]
2085206263,45119,19004,,,,,,,,,,35.801,793456.676,Device,,NVIDIA A100-SXM4-40GB (0),1,,13,[CUDA memset]
2085259414,1952,19006,,,,,,,,,,0.000,40.984,Pinned,Device,NVIDIA A100-SXM4-40GB (0),1,,13,[CUDA memcpy Host-to-Device]
2085264022,6912,19007,,,,,,,,,,0.131,18962.842,Pinned,Device,NVIDIA A100-SXM4-40GB (0),1,,13,[CUDA memcpy Host-to-Device]
2085279382,8672,19008,273,1,1,48,1,1,40,0.000,0.001,,,,,NVIDIA A100-SXM4-40GB (0),1,,13,"void pusch_noise_intf_est::noiseIntfEstNoDftSOfdmKernel<float, __half, float, float, (unsigned int)2, (unsigned int)1, (unsigned char)4, (unsigned char)4>(pusch_noise_intf_est::puschRxNoiseIntfEstDynDescr)"
2085289590,2208,19019,35,1,1,128,1,1,16,0.000,0.000,,,,,NVIDIA A100-SXM4-40GB (0),1,,13,cupy_copy__complex64_complex64
2085316022,1472,19028,1,1,1,1,1,1,18,0.000,0.000,,,,,NVIDIA A100-SXM4-40GB (0),1,,13,cupy_copy__float32_float32
2085350005,3264,19034,,,,,,,,,,0.000,1.225,Device,Pageable,NVIDIA A100-SXM4-40GB (0),1,,7,[CUDA memcpy Device-to-Host]
2085409845,13311,19045,1434,1,1,128,1,1,16,0.000,0.000,,,,,NVIDIA A100-SXM4-40GB (0),1,,13,cupy_copy__complex64_complex64
2085436084,2336,19052,103,1,1,128,1,1,16,0.000,0.000,,,,,NVIDIA A100-SXM4-40GB (0),1,,13,cupy_copy__complex64_complex64
2085456980,2016,19059,35,1,1,128,1,1,16,0.000,0.000,,,,,NVIDIA A100-SXM4-40GB (0),1,,13,cupy_copy__complex64_complex64
2085474516,1504,19066,1,1,1,1,1,1,18,0.000,0.000,,,,,NVIDIA A100-SXM4-40GB (0),1,,13,cupy_copy__float32_float32
2085609202,78207,19077,1,1,1,32,32,1,30,0.000,0.000,,,,,NVIDIA A100-SXM4-40GB (0),1,,13,"void convert_kernel<__half2, float2>(tensor_layout_any, T1 *, tensor_layout_any, const T2 *)"
2085715409,4192,19080,,,,,,,,,,0.061,14656.451,Pinned,Device,NVIDIA A100-SXM4-40GB (0),1,,13,[CUDA memcpy Host-to-Device]
2085729137,2592,19081,,,,,,,,,,1.547,596690.632,Device,,NVIDIA A100-SXM4-40GB (0),1,,13,[CUDA memset]
2085738257,3232,19086,,,,,,,,,,0.021,6514.832,Pinned,Device,NVIDIA A100-SXM4-40GB (0),1,,13,[CUDA memcpy Host-to-Device]
2085749585,6944,19087,,,,,,,,,,0.131,18875.548,Pinned,Device,NVIDIA A100-SXM4-40GB (0),1,,13,[CUDA memcpy Host-to-Device]
2085762577,5856,19088,273,1,1,8,4,1,39,0.002,0.000,,,,,NVIDIA A100-SXM4-40GB (0),1,,13,"void channel_eq::eqMmseCoefCompLowMimoKernel<float, float, float, (unsigned int)4, (unsigned int)1, (unsigned int)4>(const channel_eq::_puschRxChEqStatDescr *, channel_eq::_puschRxChEqCoefCompDynDescr)"
2085769457,4735,19089,273,1,1,12,11,1,40,0.002,0.000,,,,,NVIDIA A100-SXM4-40GB (0),1,,13,"void channel_eq::eqMmseSoftDemapKernel<float, __half, __half, float, (unsigned int)4, (unsigned short)16383>(channel_eq::_puschRxChEqStatDescr *, channel_eq::_puschRxChEqSoftDemapDynDescr)"
2085775472,282365,19090,1,1,1,32,32,1,30,0.000,0.000,,,,,NVIDIA A100-SXM4-40GB (0),1,,13,"void convert_kernel<float2, __half2>(tensor_layout_any, T1 *, tensor_layout_any, const T2 *)"
2086058829,10272,19102,2253,1,1,128,1,1,16,0.000,0.000,,,,,NVIDIA A100-SXM4-40GB (0),1,,13,cupy_copy__float16_float16
2086070381,2400,19111,282,1,1,128,1,1,16,0.000,0.000,,,,,NVIDIA A100-SXM4-40GB (0),1,,13,cupy_copy__complex64_complex64
2086073805,1760,19120,26,1,1,128,1,1,16,0.000,0.000,,,,,NVIDIA A100-SXM4-40GB (0),1,,13,cupy_copy__float32_float32
2086076717,2496,19129,103,1,1,128,1,1,16,0.000,0.000,,,,,NVIDIA A100-SXM4-40GB (0),1,,13,cupy_copy__complex64_complex64
2086080397,11296,19139,1434,1,1,128,1,1,16,0.000,0.000,,,,,NVIDIA A100-SXM4-40GB (0),1,,13,cupy_copy__complex64_complex64
2086123021,77759,19144,1,1,1,32,32,1,30,0.000,0.000,,,,,NVIDIA A100-SXM4-40GB (0),1,,13,"void convert_kernel<__half2, float2>(tensor_layout_any, T1 *, tensor_layout_any, const T2 *)"
2086370666,4704,19147,,,,,,,,,,0.061,13061.222,Pinned,Device,NVIDIA A100-SXM4-40GB (0),1,,13,[CUDA memcpy Host-to-Device]
2086379914,590777,19148,,,,,,,,,,456.520,772432.652,Device,,NVIDIA A100-SXM4-40GB (0),1,,13,[CUDA memset]
2086979587,33056,19153,,,,,,,,,,0.825,24967.481,Pinned,Device,NVIDIA A100-SXM4-40GB (0),1,,13,[CUDA memcpy Host-to-Device]
2087015779,7008,19154,,,,,,,,,,0.131,18703.188,Pinned,Device,NVIDIA A100-SXM4-40GB (0),1,,13,[CUDA memcpy Host-to-Device]
2087031299,7263,19155,69,4,1,48,1,1,76,0.002,0.000,,,,,NVIDIA A100-SXM4-40GB (0),1,,13,"void ch_est::windowedChEstPreNoDftSOfdmKernel<float, __half, float, (unsigned int)2, (unsigned int)1, (unsigned short)4>(ch_est::puschRxChEstStatDescr_t *, ch_est::puschRxChEstDynDescr_t *)"
2087039778,6112,19156,137,2,1,24,2,1,44,0.001,0.001,,,,,NVIDIA A100-SXM4-40GB (0),1,,13,"void ch_est::chEstFilterNoDftSOfdmDispatchKernel<float, __half, float, (unsigned int)2>(ch_est::puschRxChEstStatDescr_t *, ch_est::puschRxChEstDynDescr_t *)"
2087047106,4576,19157,137,2,1,24,2,1,44,0.001,0.001,,,,,NVIDIA A100-SXM4-40GB (0),1,,13,"void ch_est::chEstFilterNoDftSOfdmDispatchKernel<float, __half, float, (unsigned int)2>(ch_est::puschRxChEstStatDescr_t *, ch_est::puschRxChEstDynDescr_t *)"
2087052994,2592,19168,103,1,1,128,1,1,16,0.000,0.000,,,,,NVIDIA A100-SXM4-40GB (0),1,,13,cupy_copy__complex64_complex64
2087056642,12608,19178,1434,1,1,128,1,1,16,0.000,0.000,,,,,NVIDIA A100-SXM4-40GB (0),1,,13,cupy_copy__complex64_complex64
2087070306,2080,19185,103,1,1,128,1,1,16,0.000,0.000,,,,,NVIDIA A100-SXM4-40GB (0),1,,13,cupy_copy__complex64_complex64
2087073474,78527,19192,1,1,1,32,32,1,30,0.000,0.000,,,,,NVIDIA A100-SXM4-40GB (0),1,,13,"void convert_kernel<__half2, float2>(tensor_layout_any, T1 *, tensor_layout_any, const T2 *)"
2087182369,4160,19195,,,,,,,,,,0.061,14769.193,Pinned,Device,NVIDIA A100-SXM4-40GB (0),1,,13,[CUDA memcpy Host-to-Device]
2087197889,44991,19196,,,,,,,,,,35.801,795712.137,Device,,NVIDIA A100-SXM4-40GB (0),1,,13,[CUDA memset]
2087244512,1888,19198,,,,,,,,,,0.000,42.373,Pinned,Device,NVIDIA A100-SXM4-40GB (0),1,,13,[CUDA memcpy Host-to-Device]
2087249088,6784,19199,,,,,,,,,,0.131,19320.668,Pinned,Device,NVIDIA A100-SXM4-40GB (0),1,,13,[CUDA memcpy Host-to-Device]
2087259648,8544,19200,273,1,1,48,1,1,40,0.000,0.001,,,,,NVIDIA A100-SXM4-40GB (0),1,,13,"void pusch_noise_intf_est::noiseIntfEstNoDftSOfdmKernel<float, __half, float, float, (unsigned int)2, (unsigned int)1, (unsigned char)4, (unsigned char)4>(pusch_noise_intf_est::puschRxNoiseIntfEstDynDescr)"
2087278784,2176,19211,35,1,1,128,1,1,16,0.000,0.000,,,,,NVIDIA A100-SXM4-40GB (0),1,,13,cupy_copy__complex64_complex64
2087314399,1504,19220,1,1,1,1,1,1,18,0.000,0.000,,,,,NVIDIA A100-SXM4-40GB (0),1,,13,cupy_copy__float32_float32
2087348799,2368,19226,,,,,,,,,,0.000,1.689,Device,Pageable,NVIDIA A100-SXM4-40GB (0),1,,7,[CUDA memcpy Device-to-Host]
2087408318,13120,19237,1434,1,1,128,1,1,16,0.000,0.000,,,,,NVIDIA A100-SXM4-40GB (0),1,,13,cupy_copy__complex64_complex64
2087434302,2368,19244,103,1,1,128,1,1,16,0.000,0.000,,,,,NVIDIA A100-SXM4-40GB (0),1,,13,cupy_copy__complex64_complex64
2087454174,2016,19251,35,1,1,128,1,1,16,0.000,0.000,,,,,NVIDIA A100-SXM4-40GB (0),1,,13,cupy_copy__complex64_complex64
2087472030,1472,19258,1,1,1,1,1,1,18,0.000,0.000,,,,,NVIDIA A100-SXM4-40GB (0),1,,13,cupy_copy__float32_float32
2087607740,77887,19269,1,1,1,32,32,1,30,0.000,0.000,,,,,NVIDIA A100-SXM4-40GB (0),1,,13,"void convert_kernel<__half2, float2>(tensor_layout_any, T1 *, tensor_layout_any, const T2 *)"
2087845050,4735,19272,,,,,,,,,,0.061,12975.698,Pinned,Device,NVIDIA A100-SXM4-40GB (0),1,,13,[CUDA memcpy Host-to-Device]
2087855129,2624,19273,,,,,,,,,,1.547,589413.767,Device,,NVIDIA A100-SXM4-40GB (0),1,,13,[CUDA memset]
2087858329,2752,19278,,,,,,,,,,0.021,7651.161,Pinned,Device,NVIDIA A100-SXM4-40GB (0),1,,13,[CUDA memcpy Host-to-Device]
2087863641,7360,19279,,,,,,,,,,0.131,17808.622,Pinned,Device,NVIDIA A100-SXM4-40GB (0),1,,13,[CUDA memcpy Host-to-Device]
2087876089,5856,19280,273,1,1,8,4,1,39,0.002,0.000,,,,,NVIDIA A100-SXM4-40GB (0),1,,13,"void channel_eq::eqMmseCoefCompLowMimoKernel<float, float, float, (unsigned int)4, (unsigned int)1, (unsigned int)4>(const channel_eq::_puschRxChEqStatDescr *, channel_eq::_puschRxChEqCoefCompDynDescr)"
2087883193,4768,19281,273,1,1,12,11,1,40,0.002,0.000,,,,,NVIDIA A100-SXM4-40GB (0),1,,13,"void channel_eq::eqMmseSoftDemapKernel<float, __half, __half, float, (unsigned int)4, (unsigned short)16383>(channel_eq::_puschRxChEqStatDescr *, channel_eq::_puschRxChEqSoftDemapDynDescr)"
2087889017,281949,19282,1,1,1,32,32,1,30,0.000,0.000,,,,,NVIDIA A100-SXM4-40GB (0),1,,13,"void convert_kernel<float2, __half2>(tensor_layout_any, T1 *, tensor_layout_any, const T2 *)"
2088172214,10432,19294,2253,1,1,128,1,1,16,0.000,0.000,,,,,NVIDIA A100-SXM4-40GB (0),1,,13,cupy_copy__float16_float16
2088183638,2400,19303,282,1,1,128,1,1,16,0.000,0.000,,,,,NVIDIA A100-SXM4-40GB (0),1,,13,cupy_copy__complex64_complex64
2088187062,1760,19312,26,1,1,128,1,1,16,0.000,0.000,,,,,NVIDIA A100-SXM4-40GB (0),1,,13,cupy_copy__float32_float32
2088190070,2560,19321,103,1,1,128,1,1,16,0.000,0.000,,,,,NVIDIA A100-SXM4-40GB (0),1,,13,cupy_copy__complex64_complex64
2088193814,11264,19331,1434,1,1,128,1,1,16,0.000,0.000,,,,,NVIDIA A100-SXM4-40GB (0),1,,13,cupy_copy__complex64_complex64
2088355764,78975,19336,1,1,1,32,32,1,30,0.000,0.000,,,,,NVIDIA A100-SXM4-40GB (0),1,,13,"void convert_kernel<__half2, float2>(tensor_layout_any, T1 *, tensor_layout_any, const T2 *)"
2088466099,4384,19339,,,,,,,,,,0.061,14014.587,Pinned,Device,NVIDIA A100-SXM4-40GB (0),1,,13,[CUDA memcpy Host-to-Device]
2088477459,587225,19340,,,,,,,,,,456.520,776997.857,Device,,NVIDIA A100-SXM4-40GB (0),1,,13,[CUDA memset]
2089066252,33184,19345,,,,,,,,,,0.825,24871.741,Pinned,Device,NVIDIA A100-SXM4-40GB (0),1,,13,[CUDA memcpy Host-to-Device]
2089102508,6848,19346,,,,,,,,,,0.131,19140.182,Pinned,Device,NVIDIA A100-SXM4-40GB (0),1,,13,[CUDA memcpy Host-to-Device]
2089117163,7136,19347,69,4,1,48,1,1,76,0.002,0.000,,,,,NVIDIA A100-SXM4-40GB (0),1,,13,"void ch_est::windowedChEstPreNoDftSOfdmKernel<float, __half, float, (unsigned int)2, (unsigned int)1, (unsigned short)4>(ch_est::puschRxChEstStatDescr_t *, ch_est::puschRxChEstDynDescr_t *)"
2089125387,6080,19348,137,2,1,24,2,1,44,0.001,0.001,,,,,NVIDIA A100-SXM4-40GB (0),1,,13,"void ch_est::chEstFilterNoDftSOfdmDispatchKernel<float, __half, float, (unsigned int)2>(ch_est::puschRxChEstStatDescr_t *, ch_est::puschRxChEstDynDescr_t *)"
2089132683,4544,19349,137,2,1,24,2,1,44,0.001,0.001,,,,,NVIDIA A100-SXM4-40GB (0),1,,13,"void ch_est::chEstFilterNoDftSOfdmDispatchKernel<float, __half, float, (unsigned int)2>(ch_est::puschRxChEstStatDescr_t *, ch_est::puschRxChEstDynDescr_t *)"
2089138475,2144,19360,103,1,1,128,1,1,16,0.000,0.000,,,,,NVIDIA A100-SXM4-40GB (0),1,,13,cupy_copy__complex64_complex64
2089141899,12672,19370,1434,1,1,128,1,1,16,0.000,0.000,,,,,NVIDIA A100-SXM4-40GB (0),1,,13,cupy_copy__complex64_complex64
2089155787,2080,19377,103,1,1,128,1,1,16,0.000,0.000,,,,,NVIDIA A100-SXM4-40GB (0),1,,13,cupy_copy__complex64_complex64
2089158955,78655,19384,1,1,1,32,32,1,30,0.000,0.000,,,,,NVIDIA A100-SXM4-40GB (0),1,,13,"void convert_kernel<__half2, float2>(tensor_layout_any, T1 *, tensor_layout_any, const T2 *)"
2089265770,4544,19387,,,,,,,,,,0.061,13521.101,Pinned,Device,NVIDIA A100-SXM4-40GB (0),1,,13,[CUDA memcpy Host-to-Device]
2089278602,45055,19388,,,,,,,,,,35.801,794602.307,Device,,NVIDIA A100-SXM4-40GB (0),1,,13,[CUDA memset]
2089330441,2080,19390,,,,,,,,,,0.000,38.462,Pinned,Device,NVIDIA A100-SXM4-40GB (0),1,,13,[CUDA memcpy Host-to-Device]
2089335753,7200,19391,,,,,,,,,,0.131,18204.328,Pinned,Device,NVIDIA A100-SXM4-40GB (0),1,,13,[CUDA memcpy Host-to-Device]
2089349801,8544,19392,273,1,1,48,1,1,40,0.000,0.001,,,,,NVIDIA A100-SXM4-40GB (0),1,,13,"void pusch_noise_intf_est::noiseIntfEstNoDftSOfdmKernel<float, __half, float, float, (unsigned int)2, (unsigned int)1, (unsigned char)4, (unsigned char)4>(pusch_noise_intf_est::puschRxNoiseIntfEstDynDescr)"
2089359977,2368,19403,35,1,1,128,1,1,16,0.000,0.000,,,,,NVIDIA A100-SXM4-40GB (0),1,,13,cupy_copy__complex64_complex64
2089387976,1504,19412,1,1,1,1,1,1,18,0.000,0.000,,,,,NVIDIA A100-SXM4-40GB (0),1,,13,cupy_copy__float32_float32
2089422312,1728,19418,,,,,,,,,,0.000,2.315,Device,Pageable,NVIDIA A100-SXM4-40GB (0),1,,7,[CUDA memcpy Device-to-Host]
2089480263,13088,19429,1434,1,1,128,1,1,16,0.000,0.000,,,,,NVIDIA A100-SXM4-40GB (0),1,,13,cupy_copy__complex64_complex64
2089506087,2336,19436,103,1,1,128,1,1,16,0.000,0.000,,,,,NVIDIA A100-SXM4-40GB (0),1,,13,cupy_copy__complex64_complex64
2089526855,1984,19443,35,1,1,128,1,1,16,0.000,0.000,,,,,NVIDIA A100-SXM4-40GB (0),1,,13,cupy_copy__complex64_complex64
2089544199,1504,19450,1,1,1,1,1,1,18,0.000,0.000,,,,,NVIDIA A100-SXM4-40GB (0),1,,13,cupy_copy__float32_float32
2089680549,78399,19461,1,1,1,32,32,1,30,0.000,0.000,,,,,NVIDIA A100-SXM4-40GB (0),1,,13,"void convert_kernel<__half2, float2>(tensor_layout_any, T1 *, tensor_layout_any, const T2 *)"
2089786724,4672,19464,,,,,,,,,,0.061,13150.679,Pinned,Device,NVIDIA A100-SXM4-40GB (0),1,,13,[CUDA memcpy Host-to-Device]
2089801828,2560,19465,,,,,,,,,,1.547,604150.000,Device,,NVIDIA A100-SXM4-40GB (0),1,,13,[CUDA memset]
2089807972,2944,19470,,,,,,,,,,0.021,7152.155,Pinned,Device,NVIDIA A100-SXM4-40GB (0),1,,13,[CUDA memcpy Host-to-Device]
2089813732,7264,19471,,,,,,,,,,0.131,18044.027,Pinned,Device,NVIDIA A100-SXM4-40GB (0),1,,13,[CUDA memcpy Host-to-Device]
2089827204,5824,19472,273,1,1,8,4,1,39,0.002,0.000,,,,,NVIDIA A100-SXM4-40GB (0),1,,13,"void channel_eq::eqMmseCoefCompLowMimoKernel<float, float, float, (unsigned int)4, (unsigned int)1, (unsigned int)4>(const channel_eq::_puschRxChEqStatDescr *, channel_eq::_puschRxChEqCoefCompDynDescr)"
2089834212,4927,19473,273,1,1,12,11,1,40,0.002,0.000,,,,,NVIDIA A100-SXM4-40GB (0),1,,13,"void channel_eq::eqMmseSoftDemapKernel<float, __half, __half, float, (unsigned int)4, (unsigned short)16383>(channel_eq::_puschRxChEqStatDescr *, channel_eq::_puschRxChEqSoftDemapDynDescr)"
2089840195,282173,19474,1,1,1,32,32,1,30,0.000,0.000,,,,,NVIDIA A100-SXM4-40GB (0),1,,13,"void convert_kernel<float2, __half2>(tensor_layout_any, T1 *, tensor_layout_any, const T2 *)"
2091034774,10400,19486,2253,1,1,128,1,1,16,0.000,0.000,,,,,NVIDIA A100-SXM4-40GB (0),1,,13,cupy_copy__float16_float16
2091118101,2400,19495,282,1,1,128,1,1,16,0.000,0.000,,,,,NVIDIA A100-SXM4-40GB (0),1,,13,cupy_copy__complex64_complex64
2091169653,1760,19504,26,1,1,128,1,1,16,0.000,0.000,,,,,NVIDIA A100-SXM4-40GB (0),1,,13,cupy_copy__float32_float32
2091225684,2528,19513,103,1,1,128,1,1,16,0.000,0.000,,,,,NVIDIA A100-SXM4-40GB (0),1,,13,cupy_copy__complex64_complex64
2091355251,11360,19529,1434,1,1,128,1,1,16,0.000,0.000,,,,,NVIDIA A100-SXM4-40GB (0),1,,13,cupy_copy__complex64_complex64
2091562736,77983,19534,1,1,1,32,32,1,30,0.000,0.000,,,,,NVIDIA A100-SXM4-40GB (0),1,,13,"void convert_kernel<__half2, float2>(tensor_layout_any, T1 *, tensor_layout_any, const T2 *)"
2091671951,4224,19537,,,,,,,,,,0.061,14545.428,Pinned,Device,NVIDIA A100-SXM4-40GB (0),1,,13,[CUDA memcpy Host-to-Device]
2091684623,587385,19538,,,,,,,,,,456.520,776997.857,Device,,NVIDIA A100-SXM4-40GB (0),1,,13,[CUDA memset]
2092275048,32896,19543,,,,,,,,,,0.825,25088.807,Pinned,Device,NVIDIA A100-SXM4-40GB (0),1,,13,[CUDA memcpy Host-to-Device]
2092311048,6752,19544,,,,,,,,,,0.131,19412.287,Pinned,Device,NVIDIA A100-SXM4-40GB (0),1,,13,[CUDA memcpy Host-to-Device]
2092323272,7200,19545,69,4,1,48,1,1,76,0.002,0.000,,,,,NVIDIA A100-SXM4-40GB (0),1,,13,"void ch_est::windowedChEstPreNoDftSOfdmKernel<float, __half, float, (unsigned int)2, (unsigned int)1, (unsigned short)4>(ch_est::puschRxChEstStatDescr_t *, ch_est::puschRxChEstDynDescr_t *)"
2092331720,6368,19546,137,2,1,24,2,1,44,0.001,0.001,,,,,NVIDIA A100-SXM4-40GB (0),1,,13,"void ch_est::chEstFilterNoDftSOfdmDispatchKernel<float, __half, float, (unsigned int)2>(ch_est::puschRxChEstStatDescr_t *, ch_est::puschRxChEstDynDescr_t *)"
2092339304,4576,19547,137,2,1,24,2,1,44,0.001,0.001,,,,,NVIDIA A100-SXM4-40GB (0),1,,13,"void ch_est::chEstFilterNoDftSOfdmDispatchKernel<float, __half, float, (unsigned int)2>(ch_est::puschRxChEstStatDescr_t *, ch_est::puschRxChEstDynDescr_t *)"
2092345128,2176,19558,103,1,1,128,1,1,16,0.000,0.000,,,,,NVIDIA A100-SXM4-40GB (0),1,,13,cupy_copy__complex64_complex64
2092348584,12576,19568,1434,1,1,128,1,1,16,0.000,0.000,,,,,NVIDIA A100-SXM4-40GB (0),1,,13,cupy_copy__complex64_complex64
2092362439,2048,19575,103,1,1,128,1,1,16,0.000,0.000,,,,,NVIDIA A100-SXM4-40GB (0),1,,13,cupy_copy__complex64_complex64
2092365607,78496,19582,1,1,1,32,32,1,30,0.000,0.000,,,,,NVIDIA A100-SXM4-40GB (0),1,,13,"void convert_kernel<__half2, float2>(tensor_layout_any, T1 *, tensor_layout_any, const T2 *)"
2092472998,4672,19585,,,,,,,,,,0.061,13150.679,Pinned,Device,NVIDIA A100-SXM4-40GB (0),1,,13,[CUDA memcpy Host-to-Device]
2092486758,45184,19586,,,,,,,,,,35.801,792311.046,Device,,NVIDIA A100-SXM4-40GB (0),1,,13,[CUDA memset]
2092537190,1856,19588,,,,,,,,,,0.000,43.103,Pinned,Device,NVIDIA A100-SXM4-40GB (0),1,,13,[CUDA memcpy Host-to-Device]
2092541734,7263,19589,,,,,,,,,,0.131,18046.517,Pinned,Device,NVIDIA A100-SXM4-40GB (0),1,,13,[CUDA memcpy Host-to-Device]
2092553669,8384,19590,273,1,1,48,1,1,40,0.000,0.001,,,,,NVIDIA A100-SXM4-40GB (0),1,,13,"void pusch_noise_intf_est::noiseIntfEstNoDftSOfdmKernel<float, __half, float, float, (unsigned int)2, (unsigned int)1, (unsigned char)4, (unsigned char)4>(pusch_noise_intf_est::puschRxNoiseIntfEstDynDescr)"
2092564101,2176,19601,35,1,1,128,1,1,16,0.000,0.000,,,,,NVIDIA A100-SXM4-40GB (0),1,,13,cupy_copy__complex64_complex64
2092600421,1504,19610,1,1,1,1,1,1,18,0.000,0.000,,,,,NVIDIA A100-SXM4-40GB (0),1,,13,cupy_copy__float32_float32
2092660964,1632,19616,,,,,,,,,,0.000,2.451,Device,Pageable,NVIDIA A100-SXM4-40GB (0),1,,7,[CUDA memcpy Device-to-Host]
2092723331,12960,19627,1434,1,1,128,1,1,16,0.000,0.000,,,,,NVIDIA A100-SXM4-40GB (0),1,,13,cupy_copy__complex64_complex64
2092750275,2368,19634,103,1,1,128,1,1,16,0.000,0.000,,,,,NVIDIA A100-SXM4-40GB (0),1,,13,cupy_copy__complex64_complex64
2092772771,2016,19641,35,1,1,128,1,1,16,0.000,0.000,,,,,NVIDIA A100-SXM4-40GB (0),1,,13,cupy_copy__complex64_complex64
2092793507,1472,19648,1,1,1,1,1,1,18,0.000,0.000,,,,,NVIDIA A100-SXM4-40GB (0),1,,13,cupy_copy__float32_float32
2092936961,78143,19659,1,1,1,32,32,1,30,0.000,0.000,,,,,NVIDIA A100-SXM4-40GB (0),1,,13,"void convert_kernel<__half2, float2>(tensor_layout_any, T1 *, tensor_layout_any, const T2 *)"
2093193278,4320,19662,,,,,,,,,,0.061,14222.193,Pinned,Device,NVIDIA A100-SXM4-40GB (0),1,,13,[CUDA memcpy Host-to-Device]
2093203902,2688,19663,,,,,,,,,,1.547,575379.700,Device,,NVIDIA A100-SXM4-40GB (0),1,,13,[CUDA memset]
2093209342,2944,19668,,,,,,,,,,0.021,7152.155,Pinned,Device,NVIDIA A100-SXM4-40GB (0),1,,13,[CUDA memcpy Host-to-Device]
2093214942,7328,19669,,,,,,,,,,0.131,17886.347,Pinned,Device,NVIDIA A100-SXM4-40GB (0),1,,13,[CUDA memcpy Host-to-Device]
2093228478,5856,19670,273,1,1,8,4,1,39,0.002,0.000,,,,,NVIDIA A100-SXM4-40GB (0),1,,13,"void channel_eq::eqMmseCoefCompLowMimoKernel<float, float, float, (unsigned int)4, (unsigned int)1, (unsigned int)4>(const channel_eq::_puschRxChEqStatDescr *, channel_eq::_puschRxChEqCoefCompDynDescr)"
2093235550,4800,19671,273,1,1,12,11,1,40,0.002,0.000,,,,,NVIDIA A100-SXM4-40GB (0),1,,13,"void channel_eq::eqMmseSoftDemapKernel<float, __half, __half, float, (unsigned int)4, (unsigned short)16383>(channel_eq::_puschRxChEqStatDescr *, channel_eq::_puschRxChEqSoftDemapDynDescr)"
2093241598,282333,19672,1,1,1,32,32,1,30,0.000,0.000,,,,,NVIDIA A100-SXM4-40GB (0),1,,13,"void convert_kernel<float2, __half2>(tensor_layout_any, T1 *, tensor_layout_any, const T2 *)"
2093525051,10271,19684,2253,1,1,128,1,1,16,0.000,0.000,,,,,NVIDIA A100-SXM4-40GB (0),1,,13,cupy_copy__float16_float16
2093536570,2432,19693,282,1,1,128,1,1,16,0.000,0.000,,,,,NVIDIA A100-SXM4-40GB (0),1,,13,cupy_copy__complex64_complex64
2093539994,1760,19702,26,1,1,128,1,1,16,0.000,0.000,,,,,NVIDIA A100-SXM4-40GB (0),1,,13,cupy_copy__float32_float32
2093542906,2528,19711,103,1,1,128,1,1,16,0.000,0.000,,,,,NVIDIA A100-SXM4-40GB (0),1,,13,cupy_copy__complex64_complex64
2093546650,11264,19721,1434,1,1,128,1,1,16,0.000,0.000,,,,,NVIDIA A100-SXM4-40GB (0),1,,13,cupy_copy__complex64_complex64
2093718168,78976,19726,1,1,1,32,32,1,30,0.000,0.000,,,,,NVIDIA A100-SXM4-40GB (0),1,,13,"void convert_kernel<__half2, float2>(tensor_layout_any, T1 *, tensor_layout_any, const T2 *)"
2093828439,4192,19729,,,,,,,,,,0.061,14656.451,Pinned,Device,NVIDIA A100-SXM4-40GB (0),1,,13,[CUDA memcpy Host-to-Device]
2093839767,587770,19730,,,,,,,,,,456.520,776541.336,Device,,NVIDIA A100-SXM4-40GB (0),1,,13,[CUDA memset]
2094433329,32767,19735,,,,,,,,,,0.825,25187.848,Pinned,Device,NVIDIA A100-SXM4-40GB (0),1,,13,[CUDA memcpy Host-to-Device]
2094468208,7424,19736,,,,,,,,,,0.131,17655.136,Pinned,Device,NVIDIA A100-SXM4-40GB (0),1,,13,[CUDA memcpy Host-to-Device]
2094479792,7168,19737,69,4,1,48,1,1,76,0.002,0.000,,,,,NVIDIA A100-SXM4-40GB (0),1,,13,"void ch_est::windowedChEstPreNoDftSOfdmKernel<float, __half, float, (unsigned int)2, (unsigned int)1, (unsigned short)4>(ch_est::puschRxChEstStatDescr_t *, ch_est::puschRxChEstDynDescr_t *)"
2094488272,6400,19738,137,2,1,24,2,1,44,0.001,0.001,,,,,NVIDIA A100-SXM4-40GB (0),1,,13,"void ch_est::chEstFilterNoDftSOfdmDispatchKernel<float, __half, float, (unsigned int)2>(ch_est::puschRxChEstStatDescr_t *, ch_est::puschRxChEstDynDescr_t *)"
2094495920,4576,19739,137,2,1,24,2,1,44,0.001,0.001,,,,,NVIDIA A100-SXM4-40GB (0),1,,13,"void ch_est::chEstFilterNoDftSOfdmDispatchKernel<float, __half, float, (unsigned int)2>(ch_est::puschRxChEstStatDescr_t *, ch_est::puschRxChEstDynDescr_t *)"
2094501712,2144,19750,103,1,1,128,1,1,16,0.000,0.000,,,,,NVIDIA A100-SXM4-40GB (0),1,,13,cupy_copy__complex64_complex64
2094504848,12512,19760,1434,1,1,128,1,1,16,0.000,0.000,,,,,NVIDIA A100-SXM4-40GB (0),1,,13,cupy_copy__complex64_complex64
2094518576,2112,19767,103,1,1,128,1,1,16,0.000,0.000,,,,,NVIDIA A100-SXM4-40GB (0),1,,13,cupy_copy__complex64_complex64
2094522000,78975,19774,1,1,1,32,32,1,30,0.000,0.000,,,,,NVIDIA A100-SXM4-40GB (0),1,,13,"void convert_kernel<__half2, float2>(tensor_layout_any, T1 *, tensor_layout_any, const T2 *)"
2094760973,5184,19777,,,,,,,,,,0.061,11851.837,Pinned,Device,NVIDIA A100-SXM4-40GB (0),1,,13,[CUDA memcpy Host-to-Device]
2094773645,46527,19778,,,,,,,,,,35.801,769434.232,Device,,NVIDIA A100-SXM4-40GB (0),1,,13,[CUDA memset]
2094825164,1824,19780,,,,,,,,,,0.000,43.860,Pinned,Device,NVIDIA A100-SXM4-40GB (0),1,,13,[CUDA memcpy Host-to-Device]
2094829420,6912,19781,,,,,,,,,,0.131,18962.842,Pinned,Device,NVIDIA A100-SXM4-40GB (0),1,,13,[CUDA memcpy Host-to-Device]
2094840236,9120,19782,273,1,1,48,1,1,40,0.000,0.001,,,,,NVIDIA A100-SXM4-40GB (0),1,,13,"void pusch_noise_intf_est::noiseIntfEstNoDftSOfdmKernel<float, __half, float, float, (unsigned int)2, (unsigned int)1, (unsigned char)4, (unsigned char)4>(pusch_noise_intf_est::puschRxNoiseIntfEstDynDescr)"
2094850956,2400,19793,35,1,1,128,1,1,16,0.000,0.000,,,,,NVIDIA A100-SXM4-40GB (0),1,,13,cupy_copy__complex64_complex64
2094869004,1504,19802,1,1,1,1,1,1,18,0.000,0.000,,,,,NVIDIA A100-SXM4-40GB (0),1,,13,cupy_copy__float32_float32
2094903819,1856,19808,,,,,,,,,,0.000,2.155,Device,Pageable,NVIDIA A100-SXM4-40GB (0),1,,7,[CUDA memcpy Device-to-Host]
2094961803,13088,19819,1434,1,1,128,1,1,16,0.000,0.000,,,,,NVIDIA A100-SXM4-40GB (0),1,,13,cupy_copy__complex64_complex64
2094987946,2336,19826,103,1,1,128,1,1,16,0.000,0.000,,,,,NVIDIA A100-SXM4-40GB (0),1,,13,cupy_copy__complex64_complex64
2095008650,1984,19833,35,1,1,128,1,1,16,0.000,0.000,,,,,NVIDIA A100-SXM4-40GB (0),1,,13,cupy_copy__complex64_complex64
2095025802,1472,19840,1,1,1,1,1,1,18,0.000,0.000,,,,,NVIDIA A100-SXM4-40GB (0),1,,13,cupy_copy__float32_float32
2095300455,78783,19851,1,1,1,32,32,1,30,0.000,0.000,,,,,NVIDIA A100-SXM4-40GB (0),1,,13,"void convert_kernel<__half2, float2>(tensor_layout_any, T1 *, tensor_layout_any, const T2 *)"
2095411430,4160,19854,,,,,,,,,,0.061,14769.193,Pinned,Device,NVIDIA A100-SXM4-40GB (0),1,,13,[CUDA memcpy Host-to-Device]
2095425894,2624,19855,,,,,,,,,,1.547,589413.767,Device,,NVIDIA A100-SXM4-40GB (0),1,,13,[CUDA memset]
2095437861,3072,19860,,,,,,,,,,0.021,6854.149,Pinned,Device,NVIDIA A100-SXM4-40GB (0),1,,13,[CUDA memcpy Host-to-Device]
2095448805,6880,19861,,,,,,,,,,0.131,19051.053,Pinned,Device,NVIDIA A100-SXM4-40GB (0),1,,13,[CUDA memcpy Host-to-Device]
2095464869,5824,19862,273,1,1,8,4,1,39,0.002,0.000,,,,,NVIDIA A100-SXM4-40GB (0),1,,13,"void channel_eq::eqMmseCoefCompLowMimoKernel<float, float, float, (unsigned int)4, (unsigned int)1, (unsigned int)4>(const channel_eq::_puschRxChEqStatDescr *, channel_eq::_puschRxChEqCoefCompDynDescr)"
2095471717,4864,19863,273,1,1,12,11,1,40,0.002,0.000,,,,,NVIDIA A100-SXM4-40GB (0),1,,13,"void channel_eq::eqMmseSoftDemapKernel<float, __half, __half, float, (unsigned int)4, (unsigned short)16383>(channel_eq::_puschRxChEqStatDescr *, channel_eq::_puschRxChEqSoftDemapDynDescr)"
2095477797,282205,19864,1,1,1,32,32,1,30,0.000,0.000,,,,,NVIDIA A100-SXM4-40GB (0),1,,13,"void convert_kernel<float2, __half2>(tensor_layout_any, T1 *, tensor_layout_any, const T2 *)"
2095761122,10368,19876,2253,1,1,128,1,1,16,0.000,0.000,,,,,NVIDIA A100-SXM4-40GB (0),1,,13,cupy_copy__float16_float16
2095772674,2400,19885,282,1,1,128,1,1,16,0.000,0.000,,,,,NVIDIA A100-SXM4-40GB (0),1,,13,cupy_copy__complex64_complex64
2095776098,1760,19894,26,1,1,128,1,1,16,0.000,0.000,,,,,NVIDIA A100-SXM4-40GB (0),1,,13,cupy_copy__float32_float32
2095779074,2496,19903,103,1,1,128,1,1,16,0.000,0.000,,,,,NVIDIA A100-SXM4-40GB (0),1,,13,cupy_copy__complex64_complex64
2095782786,11391,19913,1434,1,1,128,1,1,16,0.000,0.000,,,,,NVIDIA A100-SXM4-40GB (0),1,,13,cupy_copy__complex64_complex64
2095819745,79167,19918,1,1,1,32,32,1,30,0.000,0.000,,,,,NVIDIA A100-SXM4-40GB (0),1,,13,"void convert_kernel<__half2, float2>(tensor_layout_any, T1 *, tensor_layout_any, const T2 *)"
2095926752,4128,19921,,,,,,,,,,0.061,14883.717,Pinned,Device,NVIDIA A100-SXM4-40GB (0),1,,13,[CUDA memcpy Host-to-Device]
2095937376,587513,19922,,,,,,,,,,456.520,776997.857,Device,,NVIDIA A100-SXM4-40GB (0),1,,13,[CUDA memset]
2096527001,33280,19927,,,,,,,,,,0.825,24799.937,Pinned,Device,NVIDIA A100-SXM4-40GB (0),1,,13,[CUDA memcpy Host-to-Device]
2096562489,6816,19928,,,,,,,,,,0.131,19229.966,Pinned,Device,NVIDIA A100-SXM4-40GB (0),1,,13,[CUDA memcpy Host-to-Device]
2096579993,7264,19929,69,4,1,48,1,1,76,0.002,0.000,,,,,NVIDIA A100-SXM4-40GB (0),1,,13,"void ch_est::windowedChEstPreNoDftSOfdmKernel<float, __half, float, (unsigned int)2, (unsigned int)1, (unsigned short)4>(ch_est::puschRxChEstStatDescr_t *, ch_est::puschRxChEstDynDescr_t *)"
2096588473,6304,19930,137,2,1,24,2,1,44,0.001,0.001,,,,,NVIDIA A100-SXM4-40GB (0),1,,13,"void ch_est::chEstFilterNoDftSOfdmDispatchKernel<float, __half, float, (unsigned int)2>(ch_est::puschRxChEstStatDescr_t *, ch_est::puschRxChEstDynDescr_t *)"
2096596057,4576,19931,137,2,1,24,2,1,44,0.001,0.001,,,,,NVIDIA A100-SXM4-40GB (0),1,,13,"void ch_est::chEstFilterNoDftSOfdmDispatchKernel<float, __half, float, (unsigned int)2>(ch_est::puschRxChEstStatDescr_t *, ch_est::puschRxChEstDynDescr_t *)"
2096601657,2144,19942,103,1,1,128,1,1,16,0.000,0.000,,,,,NVIDIA A100-SXM4-40GB (0),1,,13,cupy_copy__complex64_complex64
2096605112,12800,19952,1434,1,1,128,1,1,16,0.000,0.000,,,,,NVIDIA A100-SXM4-40GB (0),1,,13,cupy_copy__complex64_complex64
2096618968,2048,19959,103,1,1,128,1,1,16,0.000,0.000,,,,,NVIDIA A100-SXM4-40GB (0),1,,13,cupy_copy__complex64_complex64
2096622136,78719,19966,1,1,1,32,32,1,30,0.000,0.000,,,,,NVIDIA A100-SXM4-40GB (0),1,,13,"void convert_kernel<__half2, float2>(tensor_layout_any, T1 *, tensor_layout_any, const T2 *)"
2096728247,4512,19969,,,,,,,,,,0.061,13617.009,Pinned,Device,NVIDIA A100-SXM4-40GB (0),1,,13,[CUDA memcpy Host-to-Device]
2096740599,45087,19970,,,,,,,,,,35.801,794029.492,Device,,NVIDIA A100-SXM4-40GB (0),1,,13,[CUDA memset]
2096792182,1824,19972,,,,,,,,,,0.000,43.860,Pinned,Device,NVIDIA A100-SXM4-40GB (0),1,,13,[CUDA memcpy Host-to-Device]
2096796310,7232,19973,,,,,,,,,,0.131,18123.850,Pinned,Device,NVIDIA A100-SXM4-40GB (0),1,,13,[CUDA memcpy Host-to-Device]
2096811030,8448,19974,273,1,1,48,1,1,40,0.000,0.001,,,,,NVIDIA A100-SXM4-40GB (0),1,,13,"void pusch_noise_intf_est::noiseIntfEstNoDftSOfdmKernel<float, __half, float, float, (unsigned int)2, (unsigned int)1, (unsigned char)4, (unsigned char)4>(pusch_noise_intf_est::puschRxNoiseIntfEstDynDescr)"
2096820950,2368,19985,35,1,1,128,1,1,16,0.000,0.000,,,,,NVIDIA A100-SXM4-40GB (0),1,,13,cupy_copy__complex64_complex64
2096848022,1504,19994,1,1,1,1,1,1,18,0.000,0.000,,,,,NVIDIA A100-SXM4-40GB (0),1,,13,cupy_copy__float32_float32
2096885301,2112,20000,,,,,,,,,,0.000,1.894,Device,Pageable,NVIDIA A100-SXM4-40GB (0),1,,7,[CUDA memcpy Device-to-Host]
2096943125,12960,20011,1434,1,1,128,1,1,16,0.000,0.000,,,,,NVIDIA A100-SXM4-40GB (0),1,,13,cupy_copy__complex64_complex64
2096969556,2368,20018,103,1,1,128,1,1,16,0.000,0.000,,,,,NVIDIA A100-SXM4-40GB (0),1,,13,cupy_copy__complex64_complex64
2096988948,1984,20025,35,1,1,128,1,1,16,0.000,0.000,,,,,NVIDIA A100-SXM4-40GB (0),1,,13,cupy_copy__complex64_complex64
2097005588,1504,20032,1,1,1,1,1,1,18,0.000,0.000,,,,,NVIDIA A100-SXM4-40GB (0),1,,13,cupy_copy__float32_float32
2097146258,78240,20043,1,1,1,32,32,1,30,0.000,0.000,,,,,NVIDIA A100-SXM4-40GB (0),1,,13,"void convert_kernel<__half2, float2>(tensor_layout_any, T1 *, tensor_layout_any, const T2 *)"
2097255121,4224,20046,,,,,,,,,,0.061,14545.428,Pinned,Device,NVIDIA A100-SXM4-40GB (0),1,,13,[CUDA memcpy Host-to-Device]
2097274417,2688,20047,,,,,,,,,,1.547,575379.700,Device,,NVIDIA A100-SXM4-40GB (0),1,,13,[CUDA memset]
2097280657,3072,20052,,,,,,,,,,0.021,6854.149,Pinned,Device,NVIDIA A100-SXM4-40GB (0),1,,13,[CUDA memcpy Host-to-Device]
2097285873,7232,20053,,,,,,,,,,0.131,18123.850,Pinned,Device,NVIDIA A100-SXM4-40GB (0),1,,13,[CUDA memcpy Host-to-Device]
2097297169,5952,20054,273,1,1,8,4,1,39,0.002,0.000,,,,,NVIDIA A100-SXM4-40GB (0),1,,13,"void channel_eq::eqMmseCoefCompLowMimoKernel<float, float, float, (unsigned int)4, (unsigned int)1, (unsigned int)4>(const channel_eq::_puschRxChEqStatDescr *, channel_eq::_puschRxChEqCoefCompDynDescr)"
2097304241,4896,20055,273,1,1,12,11,1,40,0.002,0.000,,,,,NVIDIA A100-SXM4-40GB (0),1,,13,"void channel_eq::eqMmseSoftDemapKernel<float, __half, __half, float, (unsigned int)4, (unsigned short)16383>(channel_eq::_puschRxChEqStatDescr *, channel_eq::_puschRxChEqSoftDemapDynDescr)"
2097310161,282557,20056,1,1,1,32,32,1,30,0.000,0.000,,,,,NVIDIA A100-SXM4-40GB (0),1,,13,"void convert_kernel<float2, __half2>(tensor_layout_any, T1 *, tensor_layout_any, const T2 *)"
2097593742,10143,20068,2253,1,1,128,1,1,16,0.000,0.000,,,,,NVIDIA A100-SXM4-40GB (0),1,,13,cupy_copy__float16_float16
2097604941,2400,20077,282,1,1,128,1,1,16,0.000,0.000,,,,,NVIDIA A100-SXM4-40GB (0),1,,13,cupy_copy__complex64_complex64
2097608365,1760,20086,26,1,1,128,1,1,16,0.000,0.000,,,,,NVIDIA A100-SXM4-40GB (0),1,,13,cupy_copy__float32_float32
2097611309,2560,20095,103,1,1,128,1,1,16,0.000,0.000,,,,,NVIDIA A100-SXM4-40GB (0),1,,13,cupy_copy__complex64_complex64
2097615053,11232,20105,1434,1,1,128,1,1,16,0.000,0.000,,,,,NVIDIA A100-SXM4-40GB (0),1,,13,cupy_copy__complex64_complex64
2097654797,78623,20110,1,1,1,32,32,1,30,0.000,0.000,,,,,NVIDIA A100-SXM4-40GB (0),1,,13,"void convert_kernel<__half2, float2>(tensor_layout_any, T1 *, tensor_layout_any, const T2 *)"
2097761388,5216,20113,,,,,,,,,,0.061,11779.092,Pinned,Device,NVIDIA A100-SXM4-40GB (0),1,,13,[CUDA memcpy Host-to-Device]
2097772236,587641,20114,,,,,,,,,,456.520,776541.336,Device,,NVIDIA A100-SXM4-40GB (0),1,,13,[CUDA memset]
2098361157,32960,20119,,,,,,,,,,0.825,25040.112,Pinned,Device,NVIDIA A100-SXM4-40GB (0),1,,13,[CUDA memcpy Host-to-Device]
2098397125,6944,20120,,,,,,,,,,0.131,18875.548,Pinned,Device,NVIDIA A100-SXM4-40GB (0),1,,13,[CUDA memcpy Host-to-Device]
2098414980,6976,20121,69,4,1,48,1,1,76,0.002,0.000,,,,,NVIDIA A100-SXM4-40GB (0),1,,13,"void ch_est::windowedChEstPreNoDftSOfdmKernel<float, __half, float, (unsigned int)2, (unsigned int)1, (unsigned short)4>(ch_est::puschRxChEstStatDescr_t *, ch_est::puschRxChEstDynDescr_t *)"
2098423204,6112,20122,137,2,1,24,2,1,44,0.001,0.001,,,,,NVIDIA A100-SXM4-40GB (0),1,,13,"void ch_est::chEstFilterNoDftSOfdmDispatchKernel<float, __half, float, (unsigned int)2>(ch_est::puschRxChEstStatDescr_t *, ch_est::puschRxChEstDynDescr_t *)"
2098430532,4544,20123,137,2,1,24,2,1,44,0.001,0.001,,,,,NVIDIA A100-SXM4-40GB (0),1,,13,"void ch_est::chEstFilterNoDftSOfdmDispatchKernel<float, __half, float, (unsigned int)2>(ch_est::puschRxChEstStatDescr_t *, ch_est::puschRxChEstDynDescr_t *)"
2098436324,2144,20134,103,1,1,128,1,1,16,0.000,0.000,,,,,NVIDIA A100-SXM4-40GB (0),1,,13,cupy_copy__complex64_complex64
2098439716,12608,20144,1434,1,1,128,1,1,16,0.000,0.000,,,,,NVIDIA A100-SXM4-40GB (0),1,,13,cupy_copy__complex64_complex64
2098453380,2080,20151,103,1,1,128,1,1,16,0.000,0.000,,,,,NVIDIA A100-SXM4-40GB (0),1,,13,cupy_copy__complex64_complex64
2098456516,78847,20158,1,1,1,32,32,1,30,0.000,0.000,,,,,NVIDIA A100-SXM4-40GB (0),1,,13,"void convert_kernel<__half2, float2>(tensor_layout_any, T1 *, tensor_layout_any, const T2 *)"
2098706305,4768,20161,,,,,,,,,,0.061,12885.873,Pinned,Device,NVIDIA A100-SXM4-40GB (0),1,,13,[CUDA memcpy Host-to-Device]
2098720097,46304,20162,,,,,,,,,,35.801,773157.532,Device,,NVIDIA A100-SXM4-40GB (0),1,,13,[CUDA memset]
2098771232,1952,20164,,,,,,,,,,0.000,40.984,Pinned,Device,NVIDIA A100-SXM4-40GB (0),1,,13,[CUDA memcpy Host-to-Device]
2098776128,6816,20165,,,,,,,,,,0.131,19229.966,Pinned,Device,NVIDIA A100-SXM4-40GB (0),1,,13,[CUDA memcpy Host-to-Device]
2098792832,8992,20166,273,1,1,48,1,1,40,0.000,0.001,,,,,NVIDIA A100-SXM4-40GB (0),1,,13,"void pusch_noise_intf_est::noiseIntfEstNoDftSOfdmKernel<float, __half, float, float, (unsigned int)2, (unsigned int)1, (unsigned char)4, (unsigned char)4>(pusch_noise_intf_est::puschRxNoiseIntfEstDynDescr)"
2098803264,2144,20177,35,1,1,128,1,1,16,0.000,0.000,,,,,NVIDIA A100-SXM4-40GB (0),1,,13,cupy_copy__complex64_complex64
2098813792,1504,20186,1,1,1,1,1,1,18,0.000,0.000,,,,,NVIDIA A100-SXM4-40GB (0),1,,13,cupy_copy__float32_float32
2098848320,1760,20192,,,,,,,,,,0.000,2.273,Device,Pageable,NVIDIA A100-SXM4-40GB (0),1,,7,[CUDA memcpy Device-to-Host]
2098905951,13248,20203,1434,1,1,128,1,1,16,0.000,0.000,,,,,NVIDIA A100-SXM4-40GB (0),1,,13,cupy_copy__complex64_complex64
2098931455,2336,20210,103,1,1,128,1,1,16,0.000,0.000,,,,,NVIDIA A100-SXM4-40GB (0),1,,13,cupy_copy__complex64_complex64
2098951998,2016,20217,35,1,1,128,1,1,16,0.000,0.000,,,,,NVIDIA A100-SXM4-40GB (0),1,,13,cupy_copy__complex64_complex64
2098969918,1504,20224,1,1,1,1,1,1,18,0.000,0.000,,,,,NVIDIA A100-SXM4-40GB (0),1,,13,cupy_copy__float32_float32
2099237851,78815,20235,1,1,1,32,32,1,30,0.000,0.000,,,,,NVIDIA A100-SXM4-40GB (0),1,,13,"void convert_kernel<__half2, float2>(tensor_layout_any, T1 *, tensor_layout_any, const T2 *)"
2099348538,4160,20238,,,,,,,,,,0.061,14769.193,Pinned,Device,NVIDIA A100-SXM4-40GB (0),1,,13,[CUDA memcpy Host-to-Device]
2099363674,2592,20239,,,,,,,,,,1.547,596690.632,Device,,NVIDIA A100-SXM4-40GB (0),1,,13,[CUDA memset]
2099369818,3232,20244,,,,,,,,,,0.021,6514.832,Pinned,Device,NVIDIA A100-SXM4-40GB (0),1,,13,[CUDA memcpy Host-to-Device]
2099376250,7104,20245,,,,,,,,,,0.131,18450.350,Pinned,Device,NVIDIA A100-SXM4-40GB (0),1,,13,[CUDA memcpy Host-to-Device]
2099394938,5920,20246,273,1,1,8,4,1,39,0.002,0.000,,,,,NVIDIA A100-SXM4-40GB (0),1,,13,"void channel_eq::eqMmseCoefCompLowMimoKernel<float, float, float, (unsigned int)4, (unsigned int)1, (unsigned int)4>(const channel_eq::_puschRxChEqStatDescr *, channel_eq::_puschRxChEqCoefCompDynDescr)"
2099401945,4864,20247,273,1,1,12,11,1,40,0.002,0.000,,,,,NVIDIA A100-SXM4-40GB (0),1,,13,"void channel_eq::eqMmseSoftDemapKernel<float, __half, __half, float, (unsigned int)4, (unsigned short)16383>(channel_eq::_puschRxChEqStatDescr *, channel_eq::_puschRxChEqSoftDemapDynDescr)"
2099408025,281725,20248,1,1,1,32,32,1,30,0.000,0.000,,,,,NVIDIA A100-SXM4-40GB (0),1,,13,"void convert_kernel<float2, __half2>(tensor_layout_any, T1 *, tensor_layout_any, const T2 *)"
2099690806,10272,20260,2253,1,1,128,1,1,16,0.000,0.000,,,,,NVIDIA A100-SXM4-40GB (0),1,,13,cupy_copy__float16_float16
2099702358,2368,20269,282,1,1,128,1,1,16,0.000,0.000,,,,,NVIDIA A100-SXM4-40GB (0),1,,13,cupy_copy__complex64_complex64
2099705750,1792,20278,26,1,1,128,1,1,16,0.000,0.000,,,,,NVIDIA A100-SXM4-40GB (0),1,,13,cupy_copy__float32_float32
2099708758,2464,20287,103,1,1,128,1,1,16,0.000,0.000,,,,,NVIDIA A100-SXM4-40GB (0),1,,13,cupy_copy__complex64_complex64
2099712438,11232,20297,1434,1,1,128,1,1,16,0.000,0.000,,,,,NVIDIA A100-SXM4-40GB (0),1,,13,cupy_copy__complex64_complex64
2099746838,78207,20302,1,1,1,32,32,1,30,0.000,0.000,,,,,NVIDIA A100-SXM4-40GB (0),1,,13,"void convert_kernel<__half2, float2>(tensor_layout_any, T1 *, tensor_layout_any, const T2 *)"
2099984531,4320,20305,,,,,,,,,,0.061,14222.193,Pinned,Device,NVIDIA A100-SXM4-40GB (0),1,,13,[CUDA memcpy Host-to-Device]
2099995251,589625,20306,,,,,,,,,,456.520,773802.214,Device,,NVIDIA A100-SXM4-40GB (0),1,,13,[CUDA memset]
2100592460,33312,20311,,,,,,,,,,0.825,24776.002,Pinned,Device,NVIDIA A100-SXM4-40GB (0),1,,13,[CUDA memcpy Host-to-Device]
2100629100,6912,20312,,,,,,,,,,0.131,18962.842,Pinned,Device,NVIDIA A100-SXM4-40GB (0),1,,13,[CUDA memcpy Host-to-Device]
2100642156,7744,20313,69,4,1,48,1,1,76,0.002,0.000,,,,,NVIDIA A100-SXM4-40GB (0),1,,13,"void ch_est::windowedChEstPreNoDftSOfdmKernel<float, __half, float, (unsigned int)2, (unsigned int)1, (unsigned short)4>(ch_est::puschRxChEstStatDescr_t *, ch_est::puschRxChEstDynDescr_t *)"
2100651148,6208,20314,137,2,1,24,2,1,44,0.001,0.001,,,,,NVIDIA A100-SXM4-40GB (0),1,,13,"void ch_est::chEstFilterNoDftSOfdmDispatchKernel<float, __half, float, (unsigned int)2>(ch_est::puschRxChEstStatDescr_t *, ch_est::puschRxChEstDynDescr_t *)"
2100658380,4544,20315,137,2,1,24,2,1,44,0.001,0.001,,,,,NVIDIA A100-SXM4-40GB (0),1,,13,"void ch_est::chEstFilterNoDftSOfdmDispatchKernel<float, __half, float, (unsigned int)2>(ch_est::puschRxChEstStatDescr_t *, ch_est::puschRxChEstDynDescr_t *)"
2100664172,2143,20326,103,1,1,128,1,1,16,0.000,0.000,,,,,NVIDIA A100-SXM4-40GB (0),1,,13,cupy_copy__complex64_complex64
2100667275,12832,20336,1434,1,1,128,1,1,16,0.000,0.000,,,,,NVIDIA A100-SXM4-40GB (0),1,,13,cupy_copy__complex64_complex64
2100681323,2048,20343,103,1,1,128,1,1,16,0.000,0.000,,,,,NVIDIA A100-SXM4-40GB (0),1,,13,cupy_copy__complex64_complex64
2100684459,78623,20350,1,1,1,32,32,1,30,0.000,0.000,,,,,NVIDIA A100-SXM4-40GB (0),1,,13,"void convert_kernel<__half2, float2>(tensor_layout_any, T1 *, tensor_layout_any, const T2 *)"
2100793834,4512,20353,,,,,,,,,,0.061,13617.009,Pinned,Device,NVIDIA A100-SXM4-40GB (0),1,,13,[CUDA memcpy Host-to-Device]
2100806698,45183,20354,,,,,,,,,,35.801,792346.847,Device,,NVIDIA A100-SXM4-40GB (0),1,,13,[CUDA memset]
2100859465,1984,20356,,,,,,,,,,0.000,40.323,Pinned,Device,NVIDIA A100-SXM4-40GB (0),1,,13,[CUDA memcpy Host-to-Device]
2100864905,6912,20357,,,,,,,,,,0.131,18962.842,Pinned,Device,NVIDIA A100-SXM4-40GB (0),1,,13,[CUDA memcpy Host-to-Device]
2100875625,8384,20358,273,1,1,48,1,1,40,0.000,0.001,,,,,NVIDIA A100-SXM4-40GB (0),1,,13,"void pusch_noise_intf_est::noiseIntfEstNoDftSOfdmKernel<float, __half, float, float, (unsigned int)2, (unsigned int)1, (unsigned char)4, (unsigned char)4>(pusch_noise_intf_est::puschRxNoiseIntfEstDynDescr)"
2100885417,2208,20369,35,1,1,128,1,1,16,0.000,0.000,,,,,NVIDIA A100-SXM4-40GB (0),1,,13,cupy_copy__complex64_complex64
2100919497,1536,20378,1,1,1,1,1,1,18,0.000,0.000,,,,,NVIDIA A100-SXM4-40GB (0),1,,13,cupy_copy__float32_float32
2100954056,2432,20384,,,,,,,,,,0.000,1.645,Device,Pageable,NVIDIA A100-SXM4-40GB (0),1,,7,[CUDA memcpy Device-to-Host]
2101012680,12896,20395,1434,1,1,128,1,1,16,0.000,0.000,,,,,NVIDIA A100-SXM4-40GB (0),1,,13,cupy_copy__complex64_complex64
2101038439,2304,20402,103,1,1,128,1,1,16,0.000,0.000,,,,,NVIDIA A100-SXM4-40GB (0),1,,13,cupy_copy__complex64_complex64
2101058471,1984,20409,35,1,1,128,1,1,16,0.000,0.000,,,,,NVIDIA A100-SXM4-40GB (0),1,,13,cupy_copy__complex64_complex64
2101075335,1440,20416,1,1,1,1,1,1,18,0.000,0.000,,,,,NVIDIA A100-SXM4-40GB (0),1,,13,cupy_copy__float32_float32
2101214949,78528,20427,1,1,1,32,32,1,30,0.000,0.000,,,,,NVIDIA A100-SXM4-40GB (0),1,,13,"void convert_kernel<__half2, float2>(tensor_layout_any, T1 *, tensor_layout_any, const T2 *)"
2101321796,4992,20430,,,,,,,,,,0.061,12307.661,Pinned,Device,NVIDIA A100-SXM4-40GB (0),1,,13,[CUDA memcpy Host-to-Device]
2101336004,2624,20431,,,,,,,,,,1.547,589413.767,Device,,NVIDIA A100-SXM4-40GB (0),1,,13,[CUDA memset]
2101342148,3104,20436,,,,,,,,,,0.021,6783.485,Pinned,Device,NVIDIA A100-SXM4-40GB (0),1,,13,[CUDA memcpy Host-to-Device]
2101347908,6848,20437,,,,,,,,,,0.131,19140.182,Pinned,Device,NVIDIA A100-SXM4-40GB (0),1,,13,[CUDA memcpy Host-to-Device]
2101358660,5984,20438,273,1,1,8,4,1,39,0.002,0.000,,,,,NVIDIA A100-SXM4-40GB (0),1,,13,"void channel_eq::eqMmseCoefCompLowMimoKernel<float, float, float, (unsigned int)4, (unsigned int)1, (unsigned int)4>(const channel_eq::_puschRxChEqStatDescr *, channel_eq::_puschRxChEqCoefCompDynDescr)"
2101365668,4768,20439,273,1,1,12,11,1,40,0.002,0.000,,,,,NVIDIA A100-SXM4-40GB (0),1,,13,"void channel_eq::eqMmseSoftDemapKernel<float, __half, __half, float, (unsigned int)4, (unsigned short)16383>(channel_eq::_puschRxChEqStatDescr *, channel_eq::_puschRxChEqSoftDemapDynDescr)"
2101371684,281725,20440,1,1,1,32,32,1,30,0.000,0.000,,,,,NVIDIA A100-SXM4-40GB (0),1,,13,"void convert_kernel<float2, __half2>(tensor_layout_any, T1 *, tensor_layout_any, const T2 *)"
2101654433,10207,20452,2253,1,1,128,1,1,16,0.000,0.000,,,,,NVIDIA A100-SXM4-40GB (0),1,,13,cupy_copy__float16_float16
2101665632,2400,20461,282,1,1,128,1,1,16,0.000,0.000,,,,,NVIDIA A100-SXM4-40GB (0),1,,13,cupy_copy__complex64_complex64
2101669056,1760,20470,26,1,1,128,1,1,16,0.000,0.000,,,,,NVIDIA A100-SXM4-40GB (0),1,,13,cupy_copy__float32_float32
2101671936,2560,20479,103,1,1,128,1,1,16,0.000,0.000,,,,,NVIDIA A100-SXM4-40GB (0),1,,13,cupy_copy__complex64_complex64
2101675712,11264,20489,1434,1,1,128,1,1,16,0.000,0.000,,,,,NVIDIA A100-SXM4-40GB (0),1,,13,cupy_copy__complex64_complex64
2101715136,78463,20494,1,1,1,32,32,1,30,0.000,0.000,,,,,NVIDIA A100-SXM4-40GB (0),1,,13,"void convert_kernel<__half2, float2>(tensor_layout_any, T1 *, tensor_layout_any, const T2 *)"
2101821631,4512,20497,,,,,,,,,,0.061,13617.009,Pinned,Device,NVIDIA A100-SXM4-40GB (0),1,,13,[CUDA memcpy Host-to-Device]
2101832831,587481,20498,,,,,,,,,,456.520,776997.857,Device,,NVIDIA A100-SXM4-40GB (0),1,,13,[CUDA memset]
2102424536,32832,20503,,,,,,,,,,0.825,25138.328,Pinned,Device,NVIDIA A100-SXM4-40GB (0),1,,13,[CUDA memcpy Host-to-Device]
2102459832,6912,20504,,,,,,,,,,0.131,18962.842,Pinned,Device,NVIDIA A100-SXM4-40GB (0),1,,13,[CUDA memcpy Host-to-Device]
2102470232,7103,20505,69,4,1,48,1,1,76,0.002,0.000,,,,,NVIDIA A100-SXM4-40GB (0),1,,13,"void ch_est::windowedChEstPreNoDftSOfdmKernel<float, __half, float, (unsigned int)2, (unsigned int)1, (unsigned short)4>(ch_est::puschRxChEstStatDescr_t *, ch_est::puschRxChEstDynDescr_t *)"
2102478391,6336,20506,137,2,1,24,2,1,44,0.001,0.001,,,,,NVIDIA A100-SXM4-40GB (0),1,,13,"void ch_est::chEstFilterNoDftSOfdmDispatchKernel<float, __half, float, (unsigned int)2>(ch_est::puschRxChEstStatDescr_t *, ch_est::puschRxChEstDynDescr_t *)"
2102485751,4608,20507,137,2,1,24,2,1,44,0.001,0.001,,,,,NVIDIA A100-SXM4-40GB (0),1,,13,"void ch_est::chEstFilterNoDftSOfdmDispatchKernel<float, __half, float, (unsigned int)2>(ch_est::puschRxChEstStatDescr_t *, ch_est::puschRxChEstDynDescr_t *)"
2102491543,2176,20518,103,1,1,128,1,1,16,0.000,0.000,,,,,NVIDIA A100-SXM4-40GB (0),1,,13,cupy_copy__complex64_complex64
2102494711,12704,20528,1434,1,1,128,1,1,16,0.000,0.000,,,,,NVIDIA A100-SXM4-40GB (0),1,,13,cupy_copy__complex64_complex64
2102508663,2080,20535,103,1,1,128,1,1,16,0.000,0.000,,,,,NVIDIA A100-SXM4-40GB (0),1,,13,cupy_copy__complex64_complex64
2102511959,78527,20542,1,1,1,32,32,1,30,0.000,0.000,,,,,NVIDIA A100-SXM4-40GB (0),1,,13,"void convert_kernel<__half2, float2>(tensor_layout_any, T1 *, tensor_layout_any, const T2 *)"
2102617750,4160,20545,,,,,,,,,,0.061,14769.193,Pinned,Device,NVIDIA A100-SXM4-40GB (0),1,,13,[CUDA memcpy Host-to-Device]
2102629718,45567,20546,,,,,,,,,,35.801,785652.067,Device,,NVIDIA A100-SXM4-40GB (0),1,,13,[CUDA memset]
2102682165,2880,20548,,,,,,,,,,0.000,27.778,Pinned,Device,NVIDIA A100-SXM4-40GB (0),1,,13,[CUDA memcpy Host-to-Device]
2102687157,6784,20549,,,,,,,,,,0.131,19320.668,Pinned,Device,NVIDIA A100-SXM4-40GB (0),1,,13,[CUDA memcpy Host-to-Device]
2102699189,8672,20550,273,1,1,48,1,1,40,0.000,0.001,,,,,NVIDIA A100-SXM4-40GB (0),1,,13,"void pusch_noise_intf_est::noiseIntfEstNoDftSOfdmKernel<float, __half, float, float, (unsigned int)2, (unsigned int)1, (unsigned char)4, (unsigned char)4>(pusch_noise_intf_est::puschRxNoiseIntfEstDynDescr)"
2102709365,2144,20561,35,1,1,128,1,1,16,0.000,0.000,,,,,NVIDIA A100-SXM4-40GB (0),1,,13,cupy_copy__complex64_complex64
2102736373,1504,20570,1,1,1,1,1,1,18,0.000,0.000,,,,,NVIDIA A100-SXM4-40GB (0),1,,13,cupy_copy__float32_float32
2102770260,1824,20576,,,,,,,,,,0.000,2.193,Device,Pageable,NVIDIA A100-SXM4-40GB (0),1,,7,[CUDA memcpy Device-to-Host]
2102828084,12863,20587,1434,1,1,128,1,1,16,0.000,0.000,,,,,NVIDIA A100-SXM4-40GB (0),1,,13,cupy_copy__complex64_complex64
2102854131,2368,20594,103,1,1,128,1,1,16,0.000,0.000,,,,,NVIDIA A100-SXM4-40GB (0),1,,13,cupy_copy__complex64_complex64
2102874995,1984,20601,35,1,1,128,1,1,16,0.000,0.000,,,,,NVIDIA A100-SXM4-40GB (0),1,,13,cupy_copy__complex64_complex64
2102895955,1504,20608,1,1,1,1,1,1,18,0.000,0.000,,,,,NVIDIA A100-SXM4-40GB (0),1,,13,cupy_copy__float32_float32
2103034161,78591,20619,1,1,1,32,32,1,30,0.000,0.000,,,,,NVIDIA A100-SXM4-40GB (0),1,,13,"void convert_kernel<__half2, float2>(tensor_layout_any, T1 *, tensor_layout_any, const T2 *)"
2103142032,4480,20622,,,,,,,,,,0.061,13714.268,Pinned,Device,NVIDIA A100-SXM4-40GB (0),1,,13,[CUDA memcpy Host-to-Device]
2103156400,2624,20623,,,,,,,,,,1.547,589413.767,Device,,NVIDIA A100-SXM4-40GB (0),1,,13,[CUDA memset]
2103162800,3520,20628,,,,,,,,,,0.021,5981.799,Pinned,Device,NVIDIA A100-SXM4-40GB (0),1,,13,[CUDA memcpy Host-to-Device]
2103168656,7584,20629,,,,,,,,,,0.131,17282.630,Pinned,Device,NVIDIA A100-SXM4-40GB (0),1,,13,[CUDA memcpy Host-to-Device]
2103187792,5887,20630,273,1,1,8,4,1,39,0.002,0.000,,,,,NVIDIA A100-SXM4-40GB (0),1,,13,"void channel_eq::eqMmseCoefCompLowMimoKernel<float, float, float, (unsigned int)4, (unsigned int)1, (unsigned int)4>(const channel_eq::_puschRxChEqStatDescr *, channel_eq::_puschRxChEqCoefCompDynDescr)"
2103194671,4768,20631,273,1,1,12,11,1,40,0.002,0.000,,,,,NVIDIA A100-SXM4-40GB (0),1,,13,"void channel_eq::eqMmseSoftDemapKernel<float, __half, __half, float, (unsigned int)4, (unsigned short)16383>(channel_eq::_puschRxChEqStatDescr *, channel_eq::_puschRxChEqSoftDemapDynDescr)"
2103200719,282269,20632,1,1,1,32,32,1,30,0.000,0.000,,,,,NVIDIA A100-SXM4-40GB (0),1,,13,"void convert_kernel<float2, __half2>(tensor_layout_any, T1 *, tensor_layout_any, const T2 *)"
2103484204,10208,20644,2253,1,1,128,1,1,16,0.000,0.000,,,,,NVIDIA A100-SXM4-40GB (0),1,,13,cupy_copy__float16_float16
2103495692,2432,20653,282,1,1,128,1,1,16,0.000,0.000,,,,,NVIDIA A100-SXM4-40GB (0),1,,13,cupy_copy__complex64_complex64
2103499116,1760,20662,26,1,1,128,1,1,16,0.000,0.000,,,,,NVIDIA A100-SXM4-40GB (0),1,,13,cupy_copy__float32_float32
2103502028,2560,20671,103,1,1,128,1,1,16,0.000,0.000,,,,,NVIDIA A100-SXM4-40GB (0),1,,13,cupy_copy__complex64_complex64
2103505772,11296,20681,1434,1,1,128,1,1,16,0.000,0.000,,,,,NVIDIA A100-SXM4-40GB (0),1,,13,cupy_copy__complex64_complex64
2103532012,78975,20686,1,1,1,32,32,1,30,0.000,0.000,,,,,NVIDIA A100-SXM4-40GB (0),1,,13,"void convert_kernel<__half2, float2>(tensor_layout_any, T1 *, tensor_layout_any, const T2 *)"
2103782345,4512,20689,,,,,,,,,,0.061,13617.009,Pinned,Device,NVIDIA A100-SXM4-40GB (0),1,,13,[CUDA memcpy Host-to-Device]
2103790985,591289,20690,,,,,,,,,,456.520,771976.132,Device,,NVIDIA A100-SXM4-40GB (0),1,,13,[CUDA memset]
2104388002,33152,20695,,,,,,,,,,0.825,24895.676,Pinned,Device,NVIDIA A100-SXM4-40GB (0),1,,13,[CUDA memcpy Host-to-Device]
2104423778,6752,20696,,,,,,,,,,0.131,19412.287,Pinned,Device,NVIDIA A100-SXM4-40GB (0),1,,13,[CUDA memcpy Host-to-Device]
2104440130,7136,20697,69,4,1,48,1,1,76,0.002,0.000,,,,,NVIDIA A100-SXM4-40GB (0),1,,13,"void ch_est::windowedChEstPreNoDftSOfdmKernel<float, __half, float, (unsigned int)2, (unsigned int)1, (unsigned short)4>(ch_est::puschRxChEstStatDescr_t *, ch_est::puschRxChEstDynDescr_t *)"
2104448578,6304,20698,137,2,1,24,2,1,44,0.001,0.001,,,,,NVIDIA A100-SXM4-40GB (0),1,,13,"void ch_est::chEstFilterNoDftSOfdmDispatchKernel<float, __half, float, (unsigned int)2>(ch_est::puschRxChEstStatDescr_t *, ch_est::puschRxChEstDynDescr_t *)"
2104456162,4575,20699,137,2,1,24,2,1,44,0.001,0.001,,,,,NVIDIA A100-SXM4-40GB (0),1,,13,"void ch_est::chEstFilterNoDftSOfdmDispatchKernel<float, __half, float, (unsigned int)2>(ch_est::puschRxChEstStatDescr_t *, ch_est::puschRxChEstDynDescr_t *)"
2104461761,2560,20710,103,1,1,128,1,1,16,0.000,0.000,,,,,NVIDIA A100-SXM4-40GB (0),1,,13,cupy_copy__complex64_complex64
2104465409,12640,20720,1434,1,1,128,1,1,16,0.000,0.000,,,,,NVIDIA A100-SXM4-40GB (0),1,,13,cupy_copy__complex64_complex64
2104479265,2080,20727,103,1,1,128,1,1,16,0.000,0.000,,,,,NVIDIA A100-SXM4-40GB (0),1,,13,cupy_copy__complex64_complex64
2104482401,78463,20734,1,1,1,32,32,1,30,0.000,0.000,,,,,NVIDIA A100-SXM4-40GB (0),1,,13,"void convert_kernel<__half2, float2>(tensor_layout_any, T1 *, tensor_layout_any, const T2 *)"
2104591424,4160,20737,,,,,,,,,,0.061,14769.193,Pinned,Device,NVIDIA A100-SXM4-40GB (0),1,,13,[CUDA memcpy Host-to-Device]
2104604576,45055,20738,,,,,,,,,,35.801,794602.307,Device,,NVIDIA A100-SXM4-40GB (0),1,,13,[CUDA memset]
2104657855,2144,20740,,,,,,,,,,0.000,37.313,Pinned,Device,NVIDIA A100-SXM4-40GB (0),1,,13,[CUDA memcpy Host-to-Device]
2104662111,7136,20741,,,,,,,,,,0.131,18367.644,Pinned,Device,NVIDIA A100-SXM4-40GB (0),1,,13,[CUDA memcpy Host-to-Device]
2104679711,8544,20742,273,1,1,48,1,1,40,0.000,0.001,,,,,NVIDIA A100-SXM4-40GB (0),1,,13,"void pusch_noise_intf_est::noiseIntfEstNoDftSOfdmKernel<float, __half, float, float, (unsigned int)2, (unsigned int)1, (unsigned char)4, (unsigned char)4>(pusch_noise_intf_est::puschRxNoiseIntfEstDynDescr)"
2104689887,2240,20753,35,1,1,128,1,1,16,0.000,0.000,,,,,NVIDIA A100-SXM4-40GB (0),1,,13,cupy_copy__complex64_complex64
2104717631,1504,20762,1,1,1,1,1,1,18,0.000,0.000,,,,,NVIDIA A100-SXM4-40GB (0),1,,13,cupy_copy__float32_float32
2104752414,1728,20768,,,,,,,,,,0.000,2.315,Device,Pageable,NVIDIA A100-SXM4-40GB (0),1,,7,[CUDA memcpy Device-to-Host]
2104811390,13087,20779,1434,1,1,128,1,1,16,0.000,0.000,,,,,NVIDIA A100-SXM4-40GB (0),1,,13,cupy_copy__complex64_complex64
2104837757,2336,20786,103,1,1,128,1,1,16,0.000,0.000,,,,,NVIDIA A100-SXM4-40GB (0),1,,13,cupy_copy__complex64_complex64
2104862045,2016,20793,35,1,1,128,1,1,16,0.000,0.000,,,,,NVIDIA A100-SXM4-40GB (0),1,,13,cupy_copy__complex64_complex64
2104879389,1472,20800,1,1,1,1,1,1,18,0.000,0.000,,,,,NVIDIA A100-SXM4-40GB (0),1,,13,cupy_copy__float32_float32
2105015227,78207,20811,1,1,1,32,32,1,30,0.000,0.000,,,,,NVIDIA A100-SXM4-40GB (0),1,,13,"void convert_kernel<__half2, float2>(tensor_layout_any, T1 *, tensor_layout_any, const T2 *)"
2105253337,4576,20814,,,,,,,,,,0.061,13426.545,Pinned,Device,NVIDIA A100-SXM4-40GB (0),1,,13,[CUDA memcpy Host-to-Device]
2105267513,2655,20815,,,,,,,,,,1.547,582531.290,Device,,NVIDIA A100-SXM4-40GB (0),1,,13,[CUDA memset]
2105272952,2720,20820,,,,,,,,,,0.021,7741.175,Pinned,Device,NVIDIA A100-SXM4-40GB (0),1,,13,[CUDA memcpy Host-to-Device]
2105278136,7072,20821,,,,,,,,,,0.131,18533.843,Pinned,Device,NVIDIA A100-SXM4-40GB (0),1,,13,[CUDA memcpy Host-to-Device]
2105296184,5856,20822,273,1,1,8,4,1,39,0.002,0.000,,,,,NVIDIA A100-SXM4-40GB (0),1,,13,"void channel_eq::eqMmseCoefCompLowMimoKernel<float, float, float, (unsigned int)4, (unsigned int)1, (unsigned int)4>(const channel_eq::_puschRxChEqStatDescr *, channel_eq::_puschRxChEqCoefCompDynDescr)"
2105303288,4768,20823,273,1,1,12,11,1,40,0.002,0.000,,,,,NVIDIA A100-SXM4-40GB (0),1,,13,"void channel_eq::eqMmseSoftDemapKernel<float, __half, __half, float, (unsigned int)4, (unsigned short)16383>(channel_eq::_puschRxChEqStatDescr *, channel_eq::_puschRxChEqSoftDemapDynDescr)"
2105309080,281693,20824,1,1,1,32,32,1,30,0.000,0.000,,,,,NVIDIA A100-SXM4-40GB (0),1,,13,"void convert_kernel<float2, __half2>(tensor_layout_any, T1 *, tensor_layout_any, const T2 *)"
2105591861,10272,20836,2253,1,1,128,1,1,16,0.000,0.000,,,,,NVIDIA A100-SXM4-40GB (0),1,,13,cupy_copy__float16_float16
2105603381,2400,20845,282,1,1,128,1,1,16,0.000,0.000,,,,,NVIDIA A100-SXM4-40GB (0),1,,13,cupy_copy__complex64_complex64
2105606805,1760,20854,26,1,1,128,1,1,16,0.000,0.000,,,,,NVIDIA A100-SXM4-40GB (0),1,,13,cupy_copy__float32_float32
2105609749,2528,20863,103,1,1,128,1,1,16,0.000,0.000,,,,,NVIDIA A100-SXM4-40GB (0),1,,13,cupy_copy__complex64_complex64
2105613493,11264,20873,1434,1,1,128,1,1,16,0.000,0.000,,,,,NVIDIA A100-SXM4-40GB (0),1,,13,cupy_copy__complex64_complex64
2105767091,78431,20878,1,1,1,32,32,1,30,0.000,0.000,,,,,NVIDIA A100-SXM4-40GB (0),1,,13,"void convert_kernel<__half2, float2>(tensor_layout_any, T1 *, tensor_layout_any, const T2 *)"
2105882770,4832,20881,,,,,,,,,,0.061,12715.192,Pinned,Device,NVIDIA A100-SXM4-40GB (0),1,,13,[CUDA memcpy Host-to-Device]
2105894802,587289,20882,,,,,,,,,,456.520,776997.857,Device,,NVIDIA A100-SXM4-40GB (0),1,,13,[CUDA memset]
2106489771,32832,20887,,,,,,,,,,0.825,25138.328,Pinned,Device,NVIDIA A100-SXM4-40GB (0),1,,13,[CUDA memcpy Host-to-Device]
2106525227,7104,20888,,,,,,,,,,0.131,18450.350,Pinned,Device,NVIDIA A100-SXM4-40GB (0),1,,13,[CUDA memcpy Host-to-Device]
2106540330,7008,20889,69,4,1,48,1,1,76,0.002,0.000,,,,,NVIDIA A100-SXM4-40GB (0),1,,13,"void ch_est::windowedChEstPreNoDftSOfdmKernel<float, __half, float, (unsigned int)2, (unsigned int)1, (unsigned short)4>(ch_est::puschRxChEstStatDescr_t *, ch_est::puschRxChEstDynDescr_t *)"
2106548458,6272,20890,137,2,1,24,2,1,44,0.001,0.001,,,,,NVIDIA A100-SXM4-40GB (0),1,,13,"void ch_est::chEstFilterNoDftSOfdmDispatchKernel<float, __half, float, (unsigned int)2>(ch_est::puschRxChEstStatDescr_t *, ch_est::puschRxChEstDynDescr_t *)"
2106555786,4576,20891,137,2,1,24,2,1,44,0.001,0.001,,,,,NVIDIA A100-SXM4-40GB (0),1,,13,"void ch_est::chEstFilterNoDftSOfdmDispatchKernel<float, __half, float, (unsigned int)2>(ch_est::puschRxChEstStatDescr_t *, ch_est::puschRxChEstDynDescr_t *)"
2106561578,2144,20902,103,1,1,128,1,1,16,0.000,0.000,,,,,NVIDIA A100-SXM4-40GB (0),1,,13,cupy_copy__complex64_complex64
2106565098,12544,20912,1434,1,1,128,1,1,16,0.000,0.000,,,,,NVIDIA A100-SXM4-40GB (0),1,,13,cupy_copy__complex64_complex64
2106578922,2112,20919,103,1,1,128,1,1,16,0.000,0.000,,,,,NVIDIA A100-SXM4-40GB (0),1,,13,cupy_copy__complex64_complex64
2106582090,78271,20926,1,1,1,32,32,1,30,0.000,0.000,,,,,NVIDIA A100-SXM4-40GB (0),1,,13,"void convert_kernel<__half2, float2>(tensor_layout_any, T1 *, tensor_layout_any, const T2 *)"
2106687881,4160,20929,,,,,,,,,,0.061,14769.193,Pinned,Device,NVIDIA A100-SXM4-40GB (0),1,,13,[CUDA memcpy Host-to-Device]
2106700457,44831,20930,,,,,,,,,,35.801,798540.413,Device,,NVIDIA A100-SXM4-40GB (0),1,,13,[CUDA memset]
2106752520,1984,20932,,,,,,,,,,0.000,40.323,Pinned,Device,NVIDIA A100-SXM4-40GB (0),1,,13,[CUDA memcpy Host-to-Device]
2106757320,6784,20933,,,,,,,,,,0.131,19320.668,Pinned,Device,NVIDIA A100-SXM4-40GB (0),1,,13,[CUDA memcpy Host-to-Device]
2106770984,8608,20934,273,1,1,48,1,1,40,0.000,0.001,,,,,NVIDIA A100-SXM4-40GB (0),1,,13,"void pusch_noise_intf_est::noiseIntfEstNoDftSOfdmKernel<float, __half, float, float, (unsigned int)2, (unsigned int)1, (unsigned char)4, (unsigned char)4>(pusch_noise_intf_est::puschRxNoiseIntfEstDynDescr)"
2106781096,2208,20945,35,1,1,128,1,1,16,0.000,0.000,,,,,NVIDIA A100-SXM4-40GB (0),1,,13,cupy_copy__complex64_complex64
2106808679,1536,20954,1,1,1,1,1,1,18,0.000,0.000,,,,,NVIDIA A100-SXM4-40GB (0),1,,13,cupy_copy__float32_float32
2106843367,2080,20960,,,,,,,,,,0.000,1.923,Device,Pageable,NVIDIA A100-SXM4-40GB (0),1,,7,[CUDA memcpy Device-to-Host]
2106902182,13408,20971,1434,1,1,128,1,1,16,0.000,0.000,,,,,NVIDIA A100-SXM4-40GB (0),1,,13,cupy_copy__complex64_complex64
2106932326,2336,20978,103,1,1,128,1,1,16,0.000,0.000,,,,,NVIDIA A100-SXM4-40GB (0),1,,13,cupy_copy__complex64_complex64
2106952902,1984,20985,35,1,1,128,1,1,16,0.000,0.000,,,,,NVIDIA A100-SXM4-40GB (0),1,,13,cupy_copy__complex64_complex64
2106971078,1472,20992,1,1,1,1,1,1,18,0.000,0.000,,,,,NVIDIA A100-SXM4-40GB (0),1,,13,cupy_copy__float32_float32
2107105252,78655,21003,1,1,1,32,32,1,30,0.000,0.000,,,,,NVIDIA A100-SXM4-40GB (0),1,,13,"void convert_kernel<__half2, float2>(tensor_layout_any, T1 *, tensor_layout_any, const T2 *)"
2107214787,4480,21006,,,,,,,,,,0.061,13714.268,Pinned,Device,NVIDIA A100-SXM4-40GB (0),1,,13,[CUDA memcpy Host-to-Device]
2107229859,2624,21007,,,,,,,,,,1.547,589413.767,Device,,NVIDIA A100-SXM4-40GB (0),1,,13,[CUDA memset]
2107236195,2784,21012,,,,,,,,,,0.021,7563.210,Pinned,Device,NVIDIA A100-SXM4-40GB (0),1,,13,[CUDA memcpy Host-to-Device]
2107243811,8576,21013,,,,,,,,,,0.131,15283.519,Pinned,Device,NVIDIA A100-SXM4-40GB (0),1,,13,[CUDA memcpy Host-to-Device]
2107261218,5824,21014,273,1,1,8,4,1,39,0.002,0.000,,,,,NVIDIA A100-SXM4-40GB (0),1,,13,"void channel_eq::eqMmseCoefCompLowMimoKernel<float, float, float, (unsigned int)4, (unsigned int)1, (unsigned int)4>(const channel_eq::_puschRxChEqStatDescr *, channel_eq::_puschRxChEqCoefCompDynDescr)"
2107268290,4864,21015,273,1,1,12,11,1,40,0.002,0.000,,,,,NVIDIA A100-SXM4-40GB (0),1,,13,"void channel_eq::eqMmseSoftDemapKernel<float, __half, __half, float, (unsigned int)4, (unsigned short)16383>(channel_eq::_puschRxChEqStatDescr *, channel_eq::_puschRxChEqSoftDemapDynDescr)"
2107274370,281501,21016,1,1,1,32,32,1,30,0.000,0.000,,,,,NVIDIA A100-SXM4-40GB (0),1,,13,"void convert_kernel<float2, __half2>(tensor_layout_any, T1 *, tensor_layout_any, const T2 *)"
2107556959,10240,21028,2253,1,1,128,1,1,16,0.000,0.000,,,,,NVIDIA A100-SXM4-40GB (0),1,,13,cupy_copy__float16_float16
2107568479,2400,21037,282,1,1,128,1,1,16,0.000,0.000,,,,,NVIDIA A100-SXM4-40GB (0),1,,13,cupy_copy__complex64_complex64
2107571903,1760,21046,26,1,1,128,1,1,16,0.000,0.000,,,,,NVIDIA A100-SXM4-40GB (0),1,,13,cupy_copy__float32_float32
2107574879,2496,21055,103,1,1,128,1,1,16,0.000,0.000,,,,,NVIDIA A100-SXM4-40GB (0),1,,13,cupy_copy__complex64_complex64
2107578591,11296,21065,1434,1,1,128,1,1,16,0.000,0.000,,,,,NVIDIA A100-SXM4-40GB (0),1,,13,cupy_copy__complex64_complex64
2107609535,78111,21070,1,1,1,32,32,1,30,0.000,0.000,,,,,NVIDIA A100-SXM4-40GB (0),1,,13,"void convert_kernel<__half2, float2>(tensor_layout_any, T1 *, tensor_layout_any, const T2 *)"
2107717661,4128,21073,,,,,,,,,,0.061,14883.717,Pinned,Device,NVIDIA A100-SXM4-40GB (0),1,,13,[CUDA memcpy Host-to-Device]
2107728957,587034,21074,,,,,,,,,,456.520,777454.377,Device,,NVIDIA A100-SXM4-40GB (0),1,,13,[CUDA memset]
2108322711,32831,21079,,,,,,,,,,0.825,25139.153,Pinned,Device,NVIDIA A100-SXM4-40GB (0),1,,13,[CUDA memcpy Host-to-Device]
2108358518,7296,21080,,,,,,,,,,0.131,17964.859,Pinned,Device,NVIDIA A100-SXM4-40GB (0),1,,13,[CUDA memcpy Host-to-Device]
2108375318,7040,21081,69,4,1,48,1,1,76,0.002,0.000,,,,,NVIDIA A100-SXM4-40GB (0),1,,13,"void ch_est::windowedChEstPreNoDftSOfdmKernel<float, __half, float, (unsigned int)2, (unsigned int)1, (unsigned short)4>(ch_est::puschRxChEstStatDescr_t *, ch_est::puschRxChEstDynDescr_t *)"
2108383638,6208,21082,137,2,1,24,2,1,44,0.001,0.001,,,,,NVIDIA A100-SXM4-40GB (0),1,,13,"void ch_est::chEstFilterNoDftSOfdmDispatchKernel<float, __half, float, (unsigned int)2>(ch_est::puschRxChEstStatDescr_t *, ch_est::puschRxChEstDynDescr_t *)"
2108390870,4576,21083,137,2,1,24,2,1,44,0.001,0.001,,,,,NVIDIA A100-SXM4-40GB (0),1,,13,"void ch_est::chEstFilterNoDftSOfdmDispatchKernel<float, __half, float, (unsigned int)2>(ch_est::puschRxChEstStatDescr_t *, ch_est::puschRxChEstDynDescr_t *)"
2108396662,2176,21094,103,1,1,128,1,1,16,0.000,0.000,,,,,NVIDIA A100-SXM4-40GB (0),1,,13,cupy_copy__complex64_complex64
2108399830,12352,21104,1434,1,1,128,1,1,16,0.000,0.000,,,,,NVIDIA A100-SXM4-40GB (0),1,,13,cupy_copy__complex64_complex64
2108413462,2080,21111,103,1,1,128,1,1,16,0.000,0.000,,,,,NVIDIA A100-SXM4-40GB (0),1,,13,cupy_copy__complex64_complex64
2108416630,78303,21118,1,1,1,32,32,1,30,0.000,0.000,,,,,NVIDIA A100-SXM4-40GB (0),1,,13,"void convert_kernel<__half2, float2>(tensor_layout_any, T1 *, tensor_layout_any, const T2 *)"
2108522676,4576,21121,,,,,,,,,,0.061,13426.545,Pinned,Device,NVIDIA A100-SXM4-40GB (0),1,,13,[CUDA memcpy Host-to-Device]
2108534868,45472,21122,,,,,,,,,,35.801,787298.911,Device,,NVIDIA A100-SXM4-40GB (0),1,,13,[CUDA memset]
2108587508,2048,21124,,,,,,,,,,0.000,39.062,Pinned,Device,NVIDIA A100-SXM4-40GB (0),1,,13,[CUDA memcpy Host-to-Device]
2108592052,7168,21125,,,,,,,,,,0.131,18285.593,Pinned,Device,NVIDIA A100-SXM4-40GB (0),1,,13,[CUDA memcpy Host-to-Device]
2108604628,8511,21126,273,1,1,48,1,1,40,0.000,0.001,,,,,NVIDIA A100-SXM4-40GB (0),1,,13,"void pusch_noise_intf_est::noiseIntfEstNoDftSOfdmKernel<float, __half, float, float, (unsigned int)2, (unsigned int)1, (unsigned char)4, (unsigned char)4>(pusch_noise_intf_est::puschRxNoiseIntfEstDynDescr)"
2108614483,2208,21137,35,1,1,128,1,1,16,0.000,0.000,,,,,NVIDIA A100-SXM4-40GB (0),1,,13,cupy_copy__complex64_complex64
2108640851,1536,21146,1,1,1,1,1,1,18,0.000,0.000,,,,,NVIDIA A100-SXM4-40GB (0),1,,13,cupy_copy__float32_float32
2108674515,1824,21152,,,,,,,,,,0.000,2.193,Device,Pageable,NVIDIA A100-SXM4-40GB (0),1,,7,[CUDA memcpy Device-to-Host]
2108735474,13152,21163,1434,1,1,128,1,1,16,0.000,0.000,,,,,NVIDIA A100-SXM4-40GB (0),1,,13,cupy_copy__complex64_complex64
2108761106,2304,21170,103,1,1,128,1,1,16,0.000,0.000,,,,,NVIDIA A100-SXM4-40GB (0),1,,13,cupy_copy__complex64_complex64
2108780434,1984,21177,35,1,1,128,1,1,16,0.000,0.000,,,,,NVIDIA A100-SXM4-40GB (0),1,,13,cupy_copy__complex64_complex64
2108798001,1472,21184,1,1,1,1,1,1,18,0.000,0.000,,,,,NVIDIA A100-SXM4-40GB (0),1,,13,cupy_copy__float32_float32
2108932496,78207,21195,1,1,1,32,32,1,30,0.000,0.000,,,,,NVIDIA A100-SXM4-40GB (0),1,,13,"void convert_kernel<__half2, float2>(tensor_layout_any, T1 *, tensor_layout_any, const T2 *)"
2109180909,4160,21198,,,,,,,,,,0.061,14769.193,Pinned,Device,NVIDIA A100-SXM4-40GB (0),1,,13,[CUDA memcpy Host-to-Device]
2109192301,2688,21199,,,,,,,,,,1.547,575379.700,Device,,NVIDIA A100-SXM4-40GB (0),1,,13,[CUDA memset]
2109201997,2912,21204,,,,,,,,,,0.021,7230.757,Pinned,Device,NVIDIA A100-SXM4-40GB (0),1,,13,[CUDA memcpy Host-to-Device]
2109207437,6848,21205,,,,,,,,,,0.131,19140.182,Pinned,Device,NVIDIA A100-SXM4-40GB (0),1,,13,[CUDA memcpy Host-to-Device]
2109219085,5824,21206,273,1,1,8,4,1,39,0.002,0.000,,,,,NVIDIA A100-SXM4-40GB (0),1,,13,"void channel_eq::eqMmseCoefCompLowMimoKernel<float, float, float, (unsigned int)4, (unsigned int)1, (unsigned int)4>(const channel_eq::_puschRxChEqStatDescr *, channel_eq::_puschRxChEqCoefCompDynDescr)"
2109226189,4832,21207,273,1,1,12,11,1,40,0.002,0.000,,,,,NVIDIA A100-SXM4-40GB (0),1,,13,"void channel_eq::eqMmseSoftDemapKernel<float, __half, __half, float, (unsigned int)4, (unsigned short)16383>(channel_eq::_puschRxChEqStatDescr *, channel_eq::_puschRxChEqSoftDemapDynDescr)"
2109232237,282076,21208,1,1,1,32,32,1,30,0.000,0.000,,,,,NVIDIA A100-SXM4-40GB (0),1,,13,"void convert_kernel<float2, __half2>(tensor_layout_any, T1 *, tensor_layout_any, const T2 *)"
2109515433,10368,21220,2253,1,1,128,1,1,16,0.000,0.000,,,,,NVIDIA A100-SXM4-40GB (0),1,,13,cupy_copy__float16_float16
2109527017,2400,21229,282,1,1,128,1,1,16,0.000,0.000,,,,,NVIDIA A100-SXM4-40GB (0),1,,13,cupy_copy__complex64_complex64
2109530441,1760,21238,26,1,1,128,1,1,16,0.000,0.000,,,,,NVIDIA A100-SXM4-40GB (0),1,,13,cupy_copy__float32_float32
2109533385,2528,21247,103,1,1,128,1,1,16,0.000,0.000,,,,,NVIDIA A100-SXM4-40GB (0),1,,13,cupy_copy__complex64_complex64
2109537129,11328,21257,1434,1,1,128,1,1,16,0.000,0.000,,,,,NVIDIA A100-SXM4-40GB (0),1,,13,cupy_copy__complex64_complex64
2109694343,78720,21262,1,1,1,32,32,1,30,0.000,0.000,,,,,NVIDIA A100-SXM4-40GB (0),1,,13,"void convert_kernel<__half2, float2>(tensor_layout_any, T1 *, tensor_layout_any, const T2 *)"
2109804198,4256,21265,,,,,,,,,,0.061,14436.065,Pinned,Device,NVIDIA A100-SXM4-40GB (0),1,,13,[CUDA memcpy Host-to-Device]
2109816198,587322,21266,,,,,,,,,,456.520,776997.857,Device,,NVIDIA A100-SXM4-40GB (0),1,,13,[CUDA memset]
2110408576,32895,21271,,,,,,,,,,0.825,25089.632,Pinned,Device,NVIDIA A100-SXM4-40GB (0),1,,13,[CUDA memcpy Host-to-Device]
2110443615,7200,21272,,,,,,,,,,0.131,18204.328,Pinned,Device,NVIDIA A100-SXM4-40GB (0),1,,13,[CUDA memcpy Host-to-Device]
2110454015,7264,21273,69,4,1,48,1,1,76,0.002,0.000,,,,,NVIDIA A100-SXM4-40GB (0),1,,13,"void ch_est::windowedChEstPreNoDftSOfdmKernel<float, __half, float, (unsigned int)2, (unsigned int)1, (unsigned short)4>(ch_est::puschRxChEstStatDescr_t *, ch_est::puschRxChEstDynDescr_t *)"
2110462591,6208,21274,137,2,1,24,2,1,44,0.001,0.001,,,,,NVIDIA A100-SXM4-40GB (0),1,,13,"void ch_est::chEstFilterNoDftSOfdmDispatchKernel<float, __half, float, (unsigned int)2>(ch_est::puschRxChEstStatDescr_t *, ch_est::puschRxChEstDynDescr_t *)"
2110470015,4544,21275,137,2,1,24,2,1,44,0.001,0.001,,,,,NVIDIA A100-SXM4-40GB (0),1,,13,"void ch_est::chEstFilterNoDftSOfdmDispatchKernel<float, __half, float, (unsigned int)2>(ch_est::puschRxChEstStatDescr_t *, ch_est::puschRxChEstDynDescr_t *)"
2110475775,2176,21286,103,1,1,128,1,1,16,0.000,0.000,,,,,NVIDIA A100-SXM4-40GB (0),1,,13,cupy_copy__complex64_complex64
2110478911,12320,21296,1434,1,1,128,1,1,16,0.000,0.000,,,,,NVIDIA A100-SXM4-40GB (0),1,,13,cupy_copy__complex64_complex64
2110492223,2112,21303,103,1,1,128,1,1,16,0.000,0.000,,,,,NVIDIA A100-SXM4-40GB (0),1,,13,cupy_copy__complex64_complex64
2110495583,78239,21310,1,1,1,32,32,1,30,0.000,0.000,,,,,NVIDIA A100-SXM4-40GB (0),1,,13,"void convert_kernel<__half2, float2>(tensor_layout_any, T1 *, tensor_layout_any, const T2 *)"
2110735100,4544,21313,,,,,,,,,,0.061,13521.101,Pinned,Device,NVIDIA A100-SXM4-40GB (0),1,,13,[CUDA memcpy Host-to-Device]
2110746876,46175,21314,,,,,,,,,,35.801,775305.590,Device,,NVIDIA A100-SXM4-40GB (0),1,,13,[CUDA memset]
2110798331,1824,21316,,,,,,,,,,0.000,43.860,Pinned,Device,NVIDIA A100-SXM4-40GB (0),1,,13,[CUDA memcpy Host-to-Device]
2110802395,6752,21317,,,,,,,,,,0.131,19412.287,Pinned,Device,NVIDIA A100-SXM4-40GB (0),1,,13,[CUDA memcpy Host-to-Device]
2110812699,9216,21318,273,1,1,48,1,1,40,0.000,0.001,,,,,NVIDIA A100-SXM4-40GB (0),1,,13,"void pusch_noise_intf_est::noiseIntfEstNoDftSOfdmKernel<float, __half, float, float, (unsigned int)2, (unsigned int)1, (unsigned char)4, (unsigned char)4>(pusch_noise_intf_est::puschRxNoiseIntfEstDynDescr)"
2110823483,2240,21329,35,1,1,128,1,1,16,0.000,0.000,,,,,NVIDIA A100-SXM4-40GB (0),1,,13,cupy_copy__complex64_complex64
2110841115,1504,21338,1,1,1,1,1,1,18,0.000,0.000,,,,,NVIDIA A100-SXM4-40GB (0),1,,13,cupy_copy__float32_float32
2110878874,1856,21344,,,,,,,,,,0.000,2.155,Device,Pageable,NVIDIA A100-SXM4-40GB (0),1,,7,[CUDA memcpy Device-to-Host]
2110938874,13312,21355,1434,1,1,128,1,1,16,0.000,0.000,,,,,NVIDIA A100-SXM4-40GB (0),1,,13,cupy_copy__complex64_complex64
2110965369,2336,21362,103,1,1,128,1,1,16,0.000,0.000,,,,,NVIDIA A100-SXM4-40GB (0),1,,13,cupy_copy__complex64_complex64
2110985081,2016,21369,35,1,1,128,1,1,16,0.000,0.000,,,,,NVIDIA A100-SXM4-40GB (0),1,,13,cupy_copy__complex64_complex64
2111002905,1472,21376,1,1,1,1,1,1,18,0.000,0.000,,,,,NVIDIA A100-SXM4-40GB (0),1,,13,cupy_copy__float32_float32
2111268246,78367,21387,1,1,1,32,32,1,30,0.000,0.000,,,,,NVIDIA A100-SXM4-40GB (0),1,,13,"void convert_kernel<__half2, float2>(tensor_layout_any, T1 *, tensor_layout_any, const T2 *)"
2111378517,4192,21390,,,,,,,,,,0.061,14656.451,Pinned,Device,NVIDIA A100-SXM4-40GB (0),1,,13,[CUDA memcpy Host-to-Device]
2111392949,2592,21391,,,,,,,,,,1.547,596690.632,Device,,NVIDIA A100-SXM4-40GB (0),1,,13,[CUDA memset]
2111399221,3296,21396,,,,,,,,,,0.021,6388.348,Pinned,Device,NVIDIA A100-SXM4-40GB (0),1,,13,[CUDA memcpy Host-to-Device]
2111405269,7423,21397,,,,,,,,,,0.131,17657.496,Pinned,Device,NVIDIA A100-SXM4-40GB (0),1,,13,[CUDA memcpy Host-to-Device]
2111416852,5824,21398,273,1,1,8,4,1,39,0.002,0.000,,,,,NVIDIA A100-SXM4-40GB (0),1,,13,"void channel_eq::eqMmseCoefCompLowMimoKernel<float, float, float, (unsigned int)4, (unsigned int)1, (unsigned int)4>(const channel_eq::_puschRxChEqStatDescr *, channel_eq::_puschRxChEqCoefCompDynDescr)"
2111423668,4864,21399,273,1,1,12,11,1,40,0.002,0.000,,,,,NVIDIA A100-SXM4-40GB (0),1,,13,"void channel_eq::eqMmseSoftDemapKernel<float, __half, __half, float, (unsigned int)4, (unsigned short)16383>(channel_eq::_puschRxChEqStatDescr *, channel_eq::_puschRxChEqSoftDemapDynDescr)"
2111429748,282045,21400,1,1,1,32,32,1,30,0.000,0.000,,,,,NVIDIA A100-SXM4-40GB (0),1,,13,"void convert_kernel<float2, __half2>(tensor_layout_any, T1 *, tensor_layout_any, const T2 *)"
2111712785,10496,21412,2253,1,1,128,1,1,16,0.000,0.000,,,,,NVIDIA A100-SXM4-40GB (0),1,,13,cupy_copy__float16_float16
2111724273,2400,21421,282,1,1,128,1,1,16,0.000,0.000,,,,,NVIDIA A100-SXM4-40GB (0),1,,13,cupy_copy__complex64_complex64
2111727697,1792,21430,26,1,1,128,1,1,16,0.000,0.000,,,,,NVIDIA A100-SXM4-40GB (0),1,,13,cupy_copy__float32_float32
2111730609,2528,21439,103,1,1,128,1,1,16,0.000,0.000,,,,,NVIDIA A100-SXM4-40GB (0),1,,13,cupy_copy__complex64_complex64
2111785200,11360,21455,1434,1,1,128,1,1,16,0.000,0.000,,,,,NVIDIA A100-SXM4-40GB (0),1,,13,cupy_copy__complex64_complex64
2111904399,77951,21460,1,1,1,32,32,1,30,0.000,0.000,,,,,NVIDIA A100-SXM4-40GB (0),1,,13,"void convert_kernel<__half2, float2>(tensor_layout_any, T1 *, tensor_layout_any, const T2 *)"
2112009678,4352,21463,,,,,,,,,,0.061,14117.622,Pinned,Device,NVIDIA A100-SXM4-40GB (0),1,,13,[CUDA memcpy Host-to-Device]
2112020878,587673,21464,,,,,,,,,,456.520,776541.336,Device,,NVIDIA A100-SXM4-40GB (0),1,,13,[CUDA memset]
2112617319,32736,21469,,,,,,,,,,0.825,25211.783,Pinned,Device,NVIDIA A100-SXM4-40GB (0),1,,13,[CUDA memcpy Host-to-Device]
2112653191,7392,21470,,,,,,,,,,0.131,17731.551,Pinned,Device,NVIDIA A100-SXM4-40GB (0),1,,13,[CUDA memcpy Host-to-Device]
2112671974,7104,21471,69,4,1,48,1,1,76,0.002,0.000,,,,,NVIDIA A100-SXM4-40GB (0),1,,13,"void ch_est::windowedChEstPreNoDftSOfdmKernel<float, __half, float, (unsigned int)2, (unsigned int)1, (unsigned short)4>(ch_est::puschRxChEstStatDescr_t *, ch_est::puschRxChEstDynDescr_t *)"
2112680166,6176,21472,137,2,1,24,2,1,44,0.001,0.001,,,,,NVIDIA A100-SXM4-40GB (0),1,,13,"void ch_est::chEstFilterNoDftSOfdmDispatchKernel<float, __half, float, (unsigned int)2>(ch_est::puschRxChEstStatDescr_t *, ch_est::puschRxChEstDynDescr_t *)"
2112687558,4576,21473,137,2,1,24,2,1,44,0.001,0.001,,,,,NVIDIA A100-SXM4-40GB (0),1,,13,"void ch_est::chEstFilterNoDftSOfdmDispatchKernel<float, __half, float, (unsigned int)2>(ch_est::puschRxChEstStatDescr_t *, ch_est::puschRxChEstDynDescr_t *)"
2112693414,2144,21484,103,1,1,128,1,1,16,0.000,0.000,,,,,NVIDIA A100-SXM4-40GB (0),1,,13,cupy_copy__complex64_complex64
2112696838,12576,21494,1434,1,1,128,1,1,16,0.000,0.000,,,,,NVIDIA A100-SXM4-40GB (0),1,,13,cupy_copy__complex64_complex64
2112710598,2080,21501,103,1,1,128,1,1,16,0.000,0.000,,,,,NVIDIA A100-SXM4-40GB (0),1,,13,cupy_copy__complex64_complex64
2112713766,77951,21508,1,1,1,32,32,1,30,0.000,0.000,,,,,NVIDIA A100-SXM4-40GB (0),1,,13,"void convert_kernel<__half2, float2>(tensor_layout_any, T1 *, tensor_layout_any, const T2 *)"
2112822277,4128,21511,,,,,,,,,,0.061,14883.717,Pinned,Device,NVIDIA A100-SXM4-40GB (0),1,,13,[CUDA memcpy Host-to-Device]
2112835717,44927,21512,,,,,,,,,,35.801,796857.768,Device,,NVIDIA A100-SXM4-40GB (0),1,,13,[CUDA memset]
2112887236,2400,21514,,,,,,,,,,0.000,33.333,Pinned,Device,NVIDIA A100-SXM4-40GB (0),1,,13,[CUDA memcpy Host-to-Device]
2112892420,7072,21515,,,,,,,,,,0.131,18533.843,Pinned,Device,NVIDIA A100-SXM4-40GB (0),1,,13,[CUDA memcpy Host-to-Device]
2112907364,8512,21516,273,1,1,48,1,1,40,0.000,0.001,,,,,NVIDIA A100-SXM4-40GB (0),1,,13,"void pusch_noise_intf_est::noiseIntfEstNoDftSOfdmKernel<float, __half, float, float, (unsigned int)2, (unsigned int)1, (unsigned char)4, (unsigned char)4>(pusch_noise_intf_est::puschRxNoiseIntfEstDynDescr)"
2112917348,2336,21527,35,1,1,128,1,1,16,0.000,0.000,,,,,NVIDIA A100-SXM4-40GB (0),1,,13,cupy_copy__complex64_complex64
2112948131,1504,21536,1,1,1,1,1,1,18,0.000,0.000,,,,,NVIDIA A100-SXM4-40GB (0),1,,13,cupy_copy__float32_float32
2112982563,2208,21542,,,,,,,,,,0.000,1.812,Device,Pageable,NVIDIA A100-SXM4-40GB (0),1,,7,[CUDA memcpy Device-to-Host]
2113042050,13248,21553,1434,1,1,128,1,1,16,0.000,0.000,,,,,NVIDIA A100-SXM4-40GB (0),1,,13,cupy_copy__complex64_complex64
2113067266,2368,21560,103,1,1,128,1,1,16,0.000,0.000,,,,,NVIDIA A100-SXM4-40GB (0),1,,13,cupy_copy__complex64_complex64
2113087394,1984,21567,35,1,1,128,1,1,16,0.000,0.000,,,,,NVIDIA A100-SXM4-40GB (0),1,,13,cupy_copy__complex64_complex64
2113104738,1472,21574,1,1,1,1,1,1,18,0.000,0.000,,,,,NVIDIA A100-SXM4-40GB (0),1,,13,cupy_copy__float32_float32
2113241600,77983,21585,1,1,1,32,32,1,30,0.000,0.000,,,,,NVIDIA A100-SXM4-40GB (0),1,,13,"void convert_kernel<__half2, float2>(tensor_layout_any, T1 *, tensor_layout_any, const T2 *)"
2113347807,4160,21588,,,,,,,,,,0.061,14769.193,Pinned,Device,NVIDIA A100-SXM4-40GB (0),1,,13,[CUDA memcpy Host-to-Device]
2113361983,2624,21589,,,,,,,,,,1.547,589413.767,Device,,NVIDIA A100-SXM4-40GB (0),1,,13,[CUDA memset]
2113368255,3296,21594,,,,,,,,,,0.021,6388.348,Pinned,Device,NVIDIA A100-SXM4-40GB (0),1,,13,[CUDA memcpy Host-to-Device]
2113374367,6944,21595,,,,,,,,,,0.131,18875.548,Pinned,Device,NVIDIA A100-SXM4-40GB (0),1,,13,[CUDA memcpy Host-to-Device]
2113385343,5856,21596,273,1,1,8,4,1,39,0.002,0.000,,,,,NVIDIA A100-SXM4-40GB (0),1,,13,"void channel_eq::eqMmseCoefCompLowMimoKernel<float, float, float, (unsigned int)4, (unsigned int)1, (unsigned int)4>(const channel_eq::_puschRxChEqStatDescr *, channel_eq::_puschRxChEqCoefCompDynDescr)"
2113392414,5024,21597,273,1,1,12,11,1,40,0.002,0.000,,,,,NVIDIA A100-SXM4-40GB (0),1,,13,"void channel_eq::eqMmseSoftDemapKernel<float, __half, __half, float, (unsigned int)4, (unsigned short)16383>(channel_eq::_puschRxChEqStatDescr *, channel_eq::_puschRxChEqSoftDemapDynDescr)"
2113398494,282077,21598,1,1,1,32,32,1,30,0.000,0.000,,,,,NVIDIA A100-SXM4-40GB (0),1,,13,"void convert_kernel<float2, __half2>(tensor_layout_any, T1 *, tensor_layout_any, const T2 *)"
2113681691,10272,21610,2253,1,1,128,1,1,16,0.000,0.000,,,,,NVIDIA A100-SXM4-40GB (0),1,,13,cupy_copy__float16_float16
2113693211,2432,21619,282,1,1,128,1,1,16,0.000,0.000,,,,,NVIDIA A100-SXM4-40GB (0),1,,13,cupy_copy__complex64_complex64
2113696635,1760,21628,26,1,1,128,1,1,16,0.000,0.000,,,,,NVIDIA A100-SXM4-40GB (0),1,,13,cupy_copy__float32_float32
2113699547,2496,21637,103,1,1,128,1,1,16,0.000,0.000,,,,,NVIDIA A100-SXM4-40GB (0),1,,13,cupy_copy__complex64_complex64
2113703291,11360,21647,1434,1,1,128,1,1,16,0.000,0.000,,,,,NVIDIA A100-SXM4-40GB (0),1,,13,cupy_copy__complex64_complex64
2113748123,78495,21652,1,1,1,32,32,1,30,0.000,0.000,,,,,NVIDIA A100-SXM4-40GB (0),1,,13,"void convert_kernel<__half2, float2>(tensor_layout_any, T1 *, tensor_layout_any, const T2 *)"
2113855321,4224,21655,,,,,,,,,,0.061,14545.428,Pinned,Device,NVIDIA A100-SXM4-40GB (0),1,,13,[CUDA memcpy Host-to-Device]
2113867161,589754,21656,,,,,,,,,,456.520,773802.214,Device,,NVIDIA A100-SXM4-40GB (0),1,,13,[CUDA memset]
2114464595,32767,21661,,,,,,,,,,0.825,25187.848,Pinned,Device,NVIDIA A100-SXM4-40GB (0),1,,13,[CUDA memcpy Host-to-Device]
2114499858,7008,21662,,,,,,,,,,0.131,18703.188,Pinned,Device,NVIDIA A100-SXM4-40GB (0),1,,13,[CUDA memcpy Host-to-Device]
2114518226,7264,21663,69,4,1,48,1,1,76,0.002,0.000,,,,,NVIDIA A100-SXM4-40GB (0),1,,13,"void ch_est::windowedChEstPreNoDftSOfdmKernel<float, __half, float, (unsigned int)2, (unsigned int)1, (unsigned short)4>(ch_est::puschRxChEstStatDescr_t *, ch_est::puschRxChEstDynDescr_t *)"
2114526706,6304,21664,137,2,1,24,2,1,44,0.001,0.001,,,,,NVIDIA A100-SXM4-40GB (0),1,,13,"void ch_est::chEstFilterNoDftSOfdmDispatchKernel<float, __half, float, (unsigned int)2>(ch_est::puschRxChEstStatDescr_t *, ch_est::puschRxChEstDynDescr_t *)"
2114534290,4544,21665,137,2,1,24,2,1,44,0.001,0.001,,,,,NVIDIA A100-SXM4-40GB (0),1,,13,"void ch_est::chEstFilterNoDftSOfdmDispatchKernel<float, __half, float, (unsigned int)2>(ch_est::puschRxChEstStatDescr_t *, ch_est::puschRxChEstDynDescr_t *)"
2114540082,2144,21676,103,1,1,128,1,1,16,0.000,0.000,,,,,NVIDIA A100-SXM4-40GB (0),1,,13,cupy_copy__complex64_complex64
2114543506,12832,21686,1434,1,1,128,1,1,16,0.000,0.000,,,,,NVIDIA A100-SXM4-40GB (0),1,,13,cupy_copy__complex64_complex64
2114557586,2112,21693,103,1,1,128,1,1,16,0.000,0.000,,,,,NVIDIA A100-SXM4-40GB (0),1,,13,cupy_copy__complex64_complex64
2114560754,77919,21700,1,1,1,32,32,1,30,0.000,0.000,,,,,NVIDIA A100-SXM4-40GB (0),1,,13,"void convert_kernel<__half2, float2>(tensor_layout_any, T1 *, tensor_layout_any, const T2 *)"
2114810255,4448,21703,,,,,,,,,,0.061,13812.941,Pinned,Device,NVIDIA A100-SXM4-40GB (0),1,,13,[CUDA memcpy Host-to-Device]
2114818543,46303,21704,,,,,,,,,,35.801,773157.532,Device,,NVIDIA A100-SXM4-40GB (0),1,,13,[CUDA memset]
2114870702,1888,21706,,,,,,,,,,0.000,42.373,Pinned,Device,NVIDIA A100-SXM4-40GB (0),1,,13,[CUDA memcpy Host-to-Device]
2114875246,6880,21707,,,,,,,,,,0.131,19051.053,Pinned,Device,NVIDIA A100-SXM4-40GB (0),1,,13,[CUDA memcpy Host-to-Device]
2114888494,9088,21708,273,1,1,48,1,1,40,0.000,0.001,,,,,NVIDIA A100-SXM4-40GB (0),1,,13,"void pusch_noise_intf_est::noiseIntfEstNoDftSOfdmKernel<float, __half, float, float, (unsigned int)2, (unsigned int)1, (unsigned char)4, (unsigned char)4>(pusch_noise_intf_est::puschRxNoiseIntfEstDynDescr)"
2114899182,2368,21719,35,1,1,128,1,1,16,0.000,0.000,,,,,NVIDIA A100-SXM4-40GB (0),1,,13,cupy_copy__complex64_complex64
2114926062,1503,21728,1,1,1,1,1,1,18,0.000,0.000,,,,,NVIDIA A100-SXM4-40GB (0),1,,13,cupy_copy__float32_float32
2114960749,1952,21734,,,,,,,,,,0.000,2.049,Device,Pageable,NVIDIA A100-SXM4-40GB (0),1,,7,[CUDA memcpy Device-to-Host]
2115019948,13312,21745,1434,1,1,128,1,1,16,0.000,0.000,,,,,NVIDIA A100-SXM4-40GB (0),1,,13,cupy_copy__complex64_complex64
2115046348,2336,21752,103,1,1,128,1,1,16,0.000,0.000,,,,,NVIDIA A100-SXM4-40GB (0),1,,13,cupy_copy__complex64_complex64
2115065900,2016,21759,35,1,1,128,1,1,16,0.000,0.000,,,,,NVIDIA A100-SXM4-40GB (0),1,,13,cupy_copy__complex64_complex64
2115083468,1472,21766,1,1,1,1,1,1,18,0.000,0.000,,,,,NVIDIA A100-SXM4-40GB (0),1,,13,cupy_copy__float32_float32
2115351817,78943,21777,1,1,1,32,32,1,30,0.000,0.000,,,,,NVIDIA A100-SXM4-40GB (0),1,,13,"void convert_kernel<__half2, float2>(tensor_layout_any, T1 *, tensor_layout_any, const T2 *)"
2115462344,4832,21780,,,,,,,,,,0.061,12715.192,Pinned,Device,NVIDIA A100-SXM4-40GB (0),1,,13,[CUDA memcpy Host-to-Device]
2115477095,2688,21781,,,,,,,,,,1.547,575379.700,Device,,NVIDIA A100-SXM4-40GB (0),1,,13,[CUDA memset]
2115483399,2880,21786,,,,,,,,,,0.021,7311.106,Pinned,Device,NVIDIA A100-SXM4-40GB (0),1,,13,[CUDA memcpy Host-to-Device]
2115490023,7040,21787,,,,,,,,,,0.131,18618.122,Pinned,Device,NVIDIA A100-SXM4-40GB (0),1,,13,[CUDA memcpy Host-to-Device]
2115508423,5824,21788,273,1,1,8,4,1,39,0.002,0.000,,,,,NVIDIA A100-SXM4-40GB (0),1,,13,"void channel_eq::eqMmseCoefCompLowMimoKernel<float, float, float, (unsigned int)4, (unsigned int)1, (unsigned int)4>(const channel_eq::_puschRxChEqStatDescr *, channel_eq::_puschRxChEqCoefCompDynDescr)"
2115515527,5024,21789,273,1,1,12,11,1,40,0.002,0.000,,,,,NVIDIA A100-SXM4-40GB (0),1,,13,"void channel_eq::eqMmseSoftDemapKernel<float, __half, __half, float, (unsigned int)4, (unsigned short)16383>(channel_eq::_puschRxChEqStatDescr *, channel_eq::_puschRxChEqSoftDemapDynDescr)"
2115521831,281917,21790,1,1,1,32,32,1,30,0.000,0.000,,,,,NVIDIA A100-SXM4-40GB (0),1,,13,"void convert_kernel<float2, __half2>(tensor_layout_any, T1 *, tensor_layout_any, const T2 *)"
2115804772,10208,21802,2253,1,1,128,1,1,16,0.000,0.000,,,,,NVIDIA A100-SXM4-40GB (0),1,,13,cupy_copy__float16_float16
2115816260,2400,21811,282,1,1,128,1,1,16,0.000,0.000,,,,,NVIDIA A100-SXM4-40GB (0),1,,13,cupy_copy__complex64_complex64
2115819684,1760,21820,26,1,1,128,1,1,16,0.000,0.000,,,,,NVIDIA A100-SXM4-40GB (0),1,,13,cupy_copy__float32_float32
2115822660,2560,21829,103,1,1,128,1,1,16,0.000,0.000,,,,,NVIDIA A100-SXM4-40GB (0),1,,13,cupy_copy__complex64_complex64
2115826404,11231,21839,1434,1,1,128,1,1,16,0.000,0.000,,,,,NVIDIA A100-SXM4-40GB (0),1,,13,cupy_copy__complex64_complex64
2115867075,77759,21844,1,1,1,32,32,1,30,0.000,0.000,,,,,NVIDIA A100-SXM4-40GB (0),1,,13,"void convert_kernel<__half2, float2>(tensor_layout_any, T1 *, tensor_layout_any, const T2 *)"
2116104224,4160,21847,,,,,,,,,,0.061,14769.193,Pinned,Device,NVIDIA A100-SXM4-40GB (0),1,,13,[CUDA memcpy Host-to-Device]
2116114496,590490,21848,,,,,,,,,,456.520,772889.173,Device,,NVIDIA A100-SXM4-40GB (0),1,,13,[CUDA memset]
2116706938,33503,21853,,,,,,,,,,0.825,24634.868,Pinned,Device,NVIDIA A100-SXM4-40GB (0),1,,13,[CUDA memcpy Host-to-Device]
2116743321,6880,21854,,,,,,,,,,0.131,19051.053,Pinned,Device,NVIDIA A100-SXM4-40GB (0),1,,13,[CUDA memcpy Host-to-Device]
2116753881,7744,21855,69,4,1,48,1,1,76,0.002,0.000,,,,,NVIDIA A100-SXM4-40GB (0),1,,13,"void ch_est::windowedChEstPreNoDftSOfdmKernel<float, __half, float, (unsigned int)2, (unsigned int)1, (unsigned short)4>(ch_est::puschRxChEstStatDescr_t *, ch_est::puschRxChEstDynDescr_t *)"
2116762841,6112,21856,137,2,1,24,2,1,44,0.001,0.001,,,,,NVIDIA A100-SXM4-40GB (0),1,,13,"void ch_est::chEstFilterNoDftSOfdmDispatchKernel<float, __half, float, (unsigned int)2>(ch_est::puschRxChEstStatDescr_t *, ch_est::puschRxChEstDynDescr_t *)"
2116770169,4576,21857,137,2,1,24,2,1,44,0.001,0.001,,,,,NVIDIA A100-SXM4-40GB (0),1,,13,"void ch_est::chEstFilterNoDftSOfdmDispatchKernel<float, __half, float, (unsigned int)2>(ch_est::puschRxChEstStatDescr_t *, ch_est::puschRxChEstDynDescr_t *)"
2116775961,2144,21868,103,1,1,128,1,1,16,0.000,0.000,,,,,NVIDIA A100-SXM4-40GB (0),1,,13,cupy_copy__complex64_complex64
2116779417,12768,21878,1434,1,1,128,1,1,16,0.000,0.000,,,,,NVIDIA A100-SXM4-40GB (0),1,,13,cupy_copy__complex64_complex64
2116793273,2048,21885,103,1,1,128,1,1,16,0.000,0.000,,,,,NVIDIA A100-SXM4-40GB (0),1,,13,cupy_copy__complex64_complex64
2116796441,78239,21892,1,1,1,32,32,1,30,0.000,0.000,,,,,NVIDIA A100-SXM4-40GB (0),1,,13,"void convert_kernel<__half2, float2>(tensor_layout_any, T1 *, tensor_layout_any, const T2 *)"
2116905112,4512,21895,,,,,,,,,,0.061,13617.009,Pinned,Device,NVIDIA A100-SXM4-40GB (0),1,,13,[CUDA memcpy Host-to-Device]
2116918135,45248,21896,,,,,,,,,,35.801,791201.216,Device,,NVIDIA A100-SXM4-40GB (0),1,,13,[CUDA memset]
2116971319,2080,21898,,,,,,,,,,0.000,38.462,Pinned,Device,NVIDIA A100-SXM4-40GB (0),1,,13,[CUDA memcpy Host-to-Device]
2116976055,6816,21899,,,,,,,,,,0.131,19229.966,Pinned,Device,NVIDIA A100-SXM4-40GB (0),1,,13,[CUDA memcpy Host-to-Device]
2116988087,8512,21900,273,1,1,48,1,1,40,0.000,0.001,,,,,NVIDIA A100-SXM4-40GB (0),1,,13,"void pusch_noise_intf_est::noiseIntfEstNoDftSOfdmKernel<float, __half, float, float, (unsigned int)2, (unsigned int)1, (unsigned char)4, (unsigned char)4>(pusch_noise_intf_est::puschRxNoiseIntfEstDynDescr)"
2116999735,2400,21911,35,1,1,128,1,1,16,0.000,0.000,,,,,NVIDIA A100-SXM4-40GB (0),1,,13,cupy_copy__complex64_complex64
2117034262,1504,21920,1,1,1,1,1,1,18,0.000,0.000,,,,,NVIDIA A100-SXM4-40GB (0),1,,13,cupy_copy__float32_float32
2117069398,2272,21926,,,,,,,,,,0.000,1.761,Device,Pageable,NVIDIA A100-SXM4-40GB (0),1,,7,[CUDA memcpy Device-to-Host]
2117129045,13088,21937,1434,1,1,128,1,1,16,0.000,0.000,,,,,NVIDIA A100-SXM4-40GB (0),1,,13,cupy_copy__complex64_complex64
2117154677,2336,21944,103,1,1,128,1,1,16,0.000,0.000,,,,,NVIDIA A100-SXM4-40GB (0),1,,13,cupy_copy__complex64_complex64
2117174357,1984,21951,35,1,1,128,1,1,16,0.000,0.000,,,,,NVIDIA A100-SXM4-40GB (0),1,,13,cupy_copy__complex64_complex64
2117191700,1472,21958,1,1,1,1,1,1,18,0.000,0.000,,,,,NVIDIA A100-SXM4-40GB (0),1,,13,cupy_copy__float32_float32
2117330579,78175,21969,1,1,1,32,32,1,30,0.000,0.000,,,,,NVIDIA A100-SXM4-40GB (0),1,,13,"void convert_kernel<__half2, float2>(tensor_layout_any, T1 *, tensor_layout_any, const T2 *)"
2117437234,4736,21972,,,,,,,,,,0.061,12972.933,Pinned,Device,NVIDIA A100-SXM4-40GB (0),1,,13,[CUDA memcpy Host-to-Device]
2117451538,2623,21973,,,,,,,,,,1.547,589638.027,Device,,NVIDIA A100-SXM4-40GB (0),1,,13,[CUDA memset]
2117457969,3136,21978,,,,,,,,,,0.021,6714.274,Pinned,Device,NVIDIA A100-SXM4-40GB (0),1,,13,[CUDA memcpy Host-to-Device]
2117463665,7488,21979,,,,,,,,,,0.131,17504.272,Pinned,Device,NVIDIA A100-SXM4-40GB (0),1,,13,[CUDA memcpy Host-to-Device]
2117474577,5856,21980,273,1,1,8,4,1,39,0.002,0.000,,,,,NVIDIA A100-SXM4-40GB (0),1,,13,"void channel_eq::eqMmseCoefCompLowMimoKernel<float, float, float, (unsigned int)4, (unsigned int)1, (unsigned int)4>(const channel_eq::_puschRxChEqStatDescr *, channel_eq::_puschRxChEqCoefCompDynDescr)"
2117481521,4800,21981,273,1,1,12,11,1,40,0.002,0.000,,,,,NVIDIA A100-SXM4-40GB (0),1,,13,"void channel_eq::eqMmseSoftDemapKernel<float, __half, __half, float, (unsigned int)4, (unsigned short)16383>(channel_eq::_puschRxChEqStatDescr *, channel_eq::_puschRxChEqSoftDemapDynDescr)"
2117487537,282141,21982,1,1,1,32,32,1,30,0.000,0.000,,,,,NVIDIA A100-SXM4-40GB (0),1,,13,"void convert_kernel<float2, __half2>(tensor_layout_any, T1 *, tensor_layout_any, const T2 *)"
2117770798,10528,21994,2253,1,1,128,1,1,16,0.000,0.000,,,,,NVIDIA A100-SXM4-40GB (0),1,,13,cupy_copy__float16_float16
2117782606,2400,22003,282,1,1,128,1,1,16,0.000,0.000,,,,,NVIDIA A100-SXM4-40GB (0),1,,13,cupy_copy__complex64_complex64
2117785998,1792,22012,26,1,1,128,1,1,16,0.000,0.000,,,,,NVIDIA A100-SXM4-40GB (0),1,,13,cupy_copy__float32_float32
2117788974,2528,22021,103,1,1,128,1,1,16,0.000,0.000,,,,,NVIDIA A100-SXM4-40GB (0),1,,13,cupy_copy__complex64_complex64
2117792718,11264,22031,1434,1,1,128,1,1,16,0.000,0.000,,,,,NVIDIA A100-SXM4-40GB (0),1,,13,cupy_copy__complex64_complex64
2117838733,78879,22036,1,1,1,32,32,1,30,0.000,0.000,,,,,NVIDIA A100-SXM4-40GB (0),1,,13,"void convert_kernel<__half2, float2>(tensor_layout_any, T1 *, tensor_layout_any, const T2 *)"
2117946252,4704,22039,,,,,,,,,,0.061,13061.222,Pinned,Device,NVIDIA A100-SXM4-40GB (0),1,,13,[CUDA memcpy Host-to-Device]
2117957868,587961,22040,,,,,,,,,,456.520,776084.816,Device,,NVIDIA A100-SXM4-40GB (0),1,,13,[CUDA memset]
2118553061,33568,22045,,,,,,,,,,0.825,24586.998,Pinned,Device,NVIDIA A100-SXM4-40GB (0),1,,13,[CUDA memcpy Host-to-Device]
2118589701,6880,22046,,,,,,,,,,0.131,19051.053,Pinned,Device,NVIDIA A100-SXM4-40GB (0),1,,13,[CUDA memcpy Host-to-Device]
2118605957,6944,22047,69,4,1,48,1,1,76,0.002,0.000,,,,,NVIDIA A100-SXM4-40GB (0),1,,13,"void ch_est::windowedChEstPreNoDftSOfdmKernel<float, __half, float, (unsigned int)2, (unsigned int)1, (unsigned short)4>(ch_est::puschRxChEstStatDescr_t *, ch_est::puschRxChEstDynDescr_t *)"
2118614213,6304,22048,137,2,1,24,2,1,44,0.001,0.001,,,,,NVIDIA A100-SXM4-40GB (0),1,,13,"void ch_est::chEstFilterNoDftSOfdmDispatchKernel<float, __half, float, (unsigned int)2>(ch_est::puschRxChEstStatDescr_t *, ch_est::puschRxChEstDynDescr_t *)"
2118621541,4544,22049,137,2,1,24,2,1,44,0.001,0.001,,,,,NVIDIA A100-SXM4-40GB (0),1,,13,"void ch_est::chEstFilterNoDftSOfdmDispatchKernel<float, __half, float, (unsigned int)2>(ch_est::puschRxChEstStatDescr_t *, ch_est::puschRxChEstDynDescr_t *)"
2118627332,2144,22060,103,1,1,128,1,1,16,0.000,0.000,,,,,NVIDIA A100-SXM4-40GB (0),1,,13,cupy_copy__complex64_complex64
2118630500,12512,22070,1434,1,1,128,1,1,16,0.000,0.000,,,,,NVIDIA A100-SXM4-40GB (0),1,,13,cupy_copy__complex64_complex64
2118644068,2080,22077,103,1,1,128,1,1,16,0.000,0.000,,,,,NVIDIA A100-SXM4-40GB (0),1,,13,cupy_copy__complex64_complex64
2118647364,78175,22084,1,1,1,32,32,1,30,0.000,0.000,,,,,NVIDIA A100-SXM4-40GB (0),1,,13,"void convert_kernel<__half2, float2>(tensor_layout_any, T1 *, tensor_layout_any, const T2 *)"
2118752611,4224,22087,,,,,,,,,,0.061,14545.428,Pinned,Device,NVIDIA A100-SXM4-40GB (0),1,,13,[CUDA memcpy Host-to-Device]
2118767235,44991,22088,,,,,,,,,,35.801,795712.137,Device,,NVIDIA A100-SXM4-40GB (0),1,,13,[CUDA memset]
2118820322,1856,22090,,,,,,,,,,0.000,43.103,Pinned,Device,NVIDIA A100-SXM4-40GB (0),1,,13,[CUDA memcpy Host-to-Device]
2118824962,6944,22091,,,,,,,,,,0.131,18875.548,Pinned,Device,NVIDIA A100-SXM4-40GB (0),1,,13,[CUDA memcpy Host-to-Device]
2118835362,8576,22092,273,1,1,48,1,1,40,0.000,0.001,,,,,NVIDIA A100-SXM4-40GB (0),1,,13,"void pusch_noise_intf_est::noiseIntfEstNoDftSOfdmKernel<float, __half, float, float, (unsigned int)2, (unsigned int)1, (unsigned char)4, (unsigned char)4>(pusch_noise_intf_est::puschRxNoiseIntfEstDynDescr)"
2118845346,2400,22103,35,1,1,128,1,1,16,0.000,0.000,,,,,NVIDIA A100-SXM4-40GB (0),1,,13,cupy_copy__complex64_complex64
2118876610,1504,22112,1,1,1,1,1,1,18,0.000,0.000,,,,,NVIDIA A100-SXM4-40GB (0),1,,13,cupy_copy__float32_float32
2118911809,1664,22118,,,,,,,,,,0.000,2.404,Device,Pageable,NVIDIA A100-SXM4-40GB (0),1,,7,[CUDA memcpy Device-to-Host]
2118969281,13408,22129,1434,1,1,128,1,1,16,0.000,0.000,,,,,NVIDIA A100-SXM4-40GB (0),1,,13,cupy_copy__complex64_complex64
2118995776,2336,22136,103,1,1,128,1,1,16,0.000,0.000,,,,,NVIDIA A100-SXM4-40GB (0),1,,13,cupy_copy__complex64_complex64
2119015712,2016,22143,35,1,1,128,1,1,16,0.000,0.000,,,,,NVIDIA A100-SXM4-40GB (0),1,,13,cupy_copy__complex64_complex64
2119033792,1504,22150,1,1,1,1,1,1,18,0.000,0.000,,,,,NVIDIA A100-SXM4-40GB (0),1,,13,cupy_copy__float32_float32
2119166527,78655,22161,1,1,1,32,32,1,30,0.000,0.000,,,,,NVIDIA A100-SXM4-40GB (0),1,,13,"void convert_kernel<__half2, float2>(tensor_layout_any, T1 *, tensor_layout_any, const T2 *)"
2119272925,4416,22164,,,,,,,,,,0.061,13913.027,Pinned,Device,NVIDIA A100-SXM4-40GB (0),1,,13,[CUDA memcpy Host-to-Device]
2119287325,2592,22165,,,,,,,,,,1.547,596690.632,Device,,NVIDIA A100-SXM4-40GB (0),1,,13,[CUDA memset]
2119293565,2720,22170,,,,,,,,,,0.021,7741.175,Pinned,Device,NVIDIA A100-SXM4-40GB (0),1,,13,[CUDA memcpy Host-to-Device]
2119298717,7392,22171,,,,,,,,,,0.131,17731.551,Pinned,Device,NVIDIA A100-SXM4-40GB (0),1,,13,[CUDA memcpy Host-to-Device]
2119312541,5824,22172,273,1,1,8,4,1,39,0.002,0.000,,,,,NVIDIA A100-SXM4-40GB (0),1,,13,"void channel_eq::eqMmseCoefCompLowMimoKernel<float, float, float, (unsigned int)4, (unsigned int)1, (unsigned int)4>(const channel_eq::_puschRxChEqStatDescr *, channel_eq::_puschRxChEqCoefCompDynDescr)"
2119319389,4800,22173,273,1,1,12,11,1,40,0.002,0.000,,,,,NVIDIA A100-SXM4-40GB (0),1,,13,"void channel_eq::eqMmseSoftDemapKernel<float, __half, __half, float, (unsigned int)4, (unsigned short)16383>(channel_eq::_puschRxChEqStatDescr *, channel_eq::_puschRxChEqSoftDemapDynDescr)"
2119325469,282429,22174,1,1,1,32,32,1,30,0.000,0.000,,,,,NVIDIA A100-SXM4-40GB (0),1,,13,"void convert_kernel<float2, __half2>(tensor_layout_any, T1 *, tensor_layout_any, const T2 *)"
2119608986,10208,22186,2253,1,1,128,1,1,16,0.000,0.000,,,,,NVIDIA A100-SXM4-40GB (0),1,,13,cupy_copy__float16_float16
2119620185,2400,22195,282,1,1,128,1,1,16,0.000,0.000,,,,,NVIDIA A100-SXM4-40GB (0),1,,13,cupy_copy__complex64_complex64
2119623577,1760,22204,26,1,1,128,1,1,16,0.000,0.000,,,,,NVIDIA A100-SXM4-40GB (0),1,,13,cupy_copy__float32_float32
2119626489,2560,22213,103,1,1,128,1,1,16,0.000,0.000,,,,,NVIDIA A100-SXM4-40GB (0),1,,13,cupy_copy__complex64_complex64
2119630233,11456,22223,1434,1,1,128,1,1,16,0.000,0.000,,,,,NVIDIA A100-SXM4-40GB (0),1,,13,cupy_copy__complex64_complex64
2119666361,78047,22228,1,1,1,32,32,1,30,0.000,0.000,,,,,NVIDIA A100-SXM4-40GB (0),1,,13,"void convert_kernel<__half2, float2>(tensor_layout_any, T1 *, tensor_layout_any, const T2 *)"
2119927350,4128,22231,,,,,,,,,,0.061,14883.717,Pinned,Device,NVIDIA A100-SXM4-40GB (0),1,,13,[CUDA memcpy Host-to-Device]
2119936662,590233,22232,,,,,,,,,,456.520,773345.693,Device,,NVIDIA A100-SXM4-40GB (0),1,,13,[CUDA memset]
2120531599,32768,22237,,,,,,,,,,0.825,25187.023,Pinned,Device,NVIDIA A100-SXM4-40GB (0),1,,13,[CUDA memcpy Host-to-Device]
2120567631,7360,22238,,,,,,,,,,0.131,17808.622,Pinned,Device,NVIDIA A100-SXM4-40GB (0),1,,13,[CUDA memcpy Host-to-Device]
2120585359,7136,22239,69,4,1,48,1,1,76,0.002,0.000,,,,,NVIDIA A100-SXM4-40GB (0),1,,13,"void ch_est::windowedChEstPreNoDftSOfdmKernel<float, __half, float, (unsigned int)2, (unsigned int)1, (unsigned short)4>(ch_est::puschRxChEstStatDescr_t *, ch_est::puschRxChEstDynDescr_t *)"
2120593807,6304,22240,137,2,1,24,2,1,44,0.001,0.001,,,,,NVIDIA A100-SXM4-40GB (0),1,,13,"void ch_est::chEstFilterNoDftSOfdmDispatchKernel<float, __half, float, (unsigned int)2>(ch_est::puschRxChEstStatDescr_t *, ch_est::puschRxChEstDynDescr_t *)"
2120601423,4544,22241,137,2,1,24,2,1,44,0.001,0.001,,,,,NVIDIA A100-SXM4-40GB (0),1,,13,"void ch_est::chEstFilterNoDftSOfdmDispatchKernel<float, __half, float, (unsigned int)2>(ch_est::puschRxChEstStatDescr_t *, ch_est::puschRxChEstDynDescr_t *)"
2120607055,2560,22252,103,1,1,128,1,1,16,0.000,0.000,,,,,NVIDIA A100-SXM4-40GB (0),1,,13,cupy_copy__complex64_complex64
2120610671,12607,22262,1434,1,1,128,1,1,16,0.000,0.000,,,,,NVIDIA A100-SXM4-40GB (0),1,,13,cupy_copy__complex64_complex64
2120624462,2112,22269,103,1,1,128,1,1,16,0.000,0.000,,,,,NVIDIA A100-SXM4-40GB (0),1,,13,cupy_copy__complex64_complex64
2120627630,78655,22276,1,1,1,32,32,1,30,0.000,0.000,,,,,NVIDIA A100-SXM4-40GB (0),1,,13,"void convert_kernel<__half2, float2>(tensor_layout_any, T1 *, tensor_layout_any, const T2 *)"
2120738669,4160,22279,,,,,,,,,,0.061,14769.193,Pinned,Device,NVIDIA A100-SXM4-40GB (0),1,,13,[CUDA memcpy Host-to-Device]
2120751917,44959,22280,,,,,,,,,,35.801,796284.952,Device,,NVIDIA A100-SXM4-40GB (0),1,,13,[CUDA memset]
2120804108,1856,22282,,,,,,,,,,0.000,43.103,Pinned,Device,NVIDIA A100-SXM4-40GB (0),1,,13,[CUDA memcpy Host-to-Device]
2120808428,7104,22283,,,,,,,,,,0.131,18450.350,Pinned,Device,NVIDIA A100-SXM4-40GB (0),1,,13,[CUDA memcpy Host-to-Device]
2120827020,8544,22284,273,1,1,48,1,1,40,0.000,0.001,,,,,NVIDIA A100-SXM4-40GB (0),1,,13,"void pusch_noise_intf_est::noiseIntfEstNoDftSOfdmKernel<float, __half, float, float, (unsigned int)2, (unsigned int)1, (unsigned char)4, (unsigned char)4>(pusch_noise_intf_est::puschRxNoiseIntfEstDynDescr)"
2120837132,2336,22295,35,1,1,128,1,1,16,0.000,0.000,,,,,NVIDIA A100-SXM4-40GB (0),1,,13,cupy_copy__complex64_complex64
2120865644,1504,22304,1,1,1,1,1,1,18,0.000,0.000,,,,,NVIDIA A100-SXM4-40GB (0),1,,13,cupy_copy__float32_float32
2120901003,2464,22310,,,,,,,,,,0.000,1.623,Device,Pageable,NVIDIA A100-SXM4-40GB (0),1,,7,[CUDA memcpy Device-to-Host]
2120960555,13248,22321,1434,1,1,128,1,1,16,0.000,0.000,,,,,NVIDIA A100-SXM4-40GB (0),1,,13,cupy_copy__complex64_complex64
2120985322,2336,22328,103,1,1,128,1,1,16,0.000,0.000,,,,,NVIDIA A100-SXM4-40GB (0),1,,13,cupy_copy__complex64_complex64
2121005802,1984,22335,35,1,1,128,1,1,16,0.000,0.000,,,,,NVIDIA A100-SXM4-40GB (0),1,,13,cupy_copy__complex64_complex64
2121023306,1472,22342,1,1,1,1,1,1,18,0.000,0.000,,,,,NVIDIA A100-SXM4-40GB (0),1,,13,cupy_copy__float32_float32
2121161960,78176,22353,1,1,1,32,32,1,30,0.000,0.000,,,,,NVIDIA A100-SXM4-40GB (0),1,,13,"void convert_kernel<__half2, float2>(tensor_layout_any, T1 *, tensor_layout_any, const T2 *)"
2121399814,4480,22356,,,,,,,,,,0.061,13714.268,Pinned,Device,NVIDIA A100-SXM4-40GB (0),1,,13,[CUDA memcpy Host-to-Device]
2121413766,2624,22357,,,,,,,,,,1.547,589413.767,Device,,NVIDIA A100-SXM4-40GB (0),1,,13,[CUDA memset]
2121418214,2720,22362,,,,,,,,,,0.021,7741.175,Pinned,Device,NVIDIA A100-SXM4-40GB (0),1,,13,[CUDA memcpy Host-to-Device]
2121423942,7039,22363,,,,,,,,,,0.131,18620.744,Pinned,Device,NVIDIA A100-SXM4-40GB (0),1,,13,[CUDA memcpy Host-to-Device]
2121441413,5856,22364,273,1,1,8,4,1,39,0.002,0.000,,,,,NVIDIA A100-SXM4-40GB (0),1,,13,"void channel_eq::eqMmseCoefCompLowMimoKernel<float, float, float, (unsigned int)4, (unsigned int)1, (unsigned int)4>(const channel_eq::_puschRxChEqStatDescr *, channel_eq::_puschRxChEqCoefCompDynDescr)"
2121448517,4960,22365,273,1,1,12,11,1,40,0.002,0.000,,,,,NVIDIA A100-SXM4-40GB (0),1,,13,"void channel_eq::eqMmseSoftDemapKernel<float, __half, __half, float, (unsigned int)4, (unsigned short)16383>(channel_eq::_puschRxChEqStatDescr *, channel_eq::_puschRxChEqSoftDemapDynDescr)"
2121454469,282141,22366,1,1,1,32,32,1,30,0.000,0.000,,,,,NVIDIA A100-SXM4-40GB (0),1,,13,"void convert_kernel<float2, __half2>(tensor_layout_any, T1 *, tensor_layout_any, const T2 *)"
2121737698,10144,22378,2253,1,1,128,1,1,16,0.000,0.000,,,,,NVIDIA A100-SXM4-40GB (0),1,,13,cupy_copy__float16_float16
2121748866,2400,22387,282,1,1,128,1,1,16,0.000,0.000,,,,,NVIDIA A100-SXM4-40GB (0),1,,13,cupy_copy__complex64_complex64
2121752258,1760,22396,26,1,1,128,1,1,16,0.000,0.000,,,,,NVIDIA A100-SXM4-40GB (0),1,,13,cupy_copy__float32_float32
2121755266,2496,22405,103,1,1,128,1,1,16,0.000,0.000,,,,,NVIDIA A100-SXM4-40GB (0),1,,13,cupy_copy__complex64_complex64
2121758978,11360,22415,1434,1,1,128,1,1,16,0.000,0.000,,,,,NVIDIA A100-SXM4-40GB (0),1,,13,cupy_copy__complex64_complex64
2121925664,79071,22420,1,1,1,32,32,1,30,0.000,0.000,,,,,NVIDIA A100-SXM4-40GB (0),1,,13,"void convert_kernel<__half2, float2>(tensor_layout_any, T1 *, tensor_layout_any, const T2 *)"
2122036031,4352,22423,,,,,,,,,,0.061,14117.622,Pinned,Device,NVIDIA A100-SXM4-40GB (0),1,,13,[CUDA memcpy Host-to-Device]
2122047327,588249,22424,,,,,,,,,,456.520,775628.296,Device,,NVIDIA A100-SXM4-40GB (0),1,,13,[CUDA memset]
2122643192,33088,22429,,,,,,,,,,0.825,24943.546,Pinned,Device,NVIDIA A100-SXM4-40GB (0),1,,13,[CUDA memcpy Host-to-Device]
2122678744,6752,22430,,,,,,,,,,0.131,19412.287,Pinned,Device,NVIDIA A100-SXM4-40GB (0),1,,13,[CUDA memcpy Host-to-Device]
2122693751,7200,22431,69,4,1,48,1,1,76,0.002,0.000,,,,,NVIDIA A100-SXM4-40GB (0),1,,13,"void ch_est::windowedChEstPreNoDftSOfdmKernel<float, __half, float, (unsigned int)2, (unsigned int)1, (unsigned short)4>(ch_est::puschRxChEstStatDescr_t *, ch_est::puschRxChEstDynDescr_t *)"
2122702199,6496,22432,137,2,1,24,2,1,44,0.001,0.001,,,,,NVIDIA A100-SXM4-40GB (0),1,,13,"void ch_est::chEstFilterNoDftSOfdmDispatchKernel<float, __half, float, (unsigned int)2>(ch_est::puschRxChEstStatDescr_t *, ch_est::puschRxChEstDynDescr_t *)"
2122709719,4544,22433,137,2,1,24,2,1,44,0.001,0.001,,,,,NVIDIA A100-SXM4-40GB (0),1,,13,"void ch_est::chEstFilterNoDftSOfdmDispatchKernel<float, __half, float, (unsigned int)2>(ch_est::puschRxChEstStatDescr_t *, ch_est::puschRxChEstDynDescr_t *)"
2122715543,2144,22444,103,1,1,128,1,1,16,0.000,0.000,,,,,NVIDIA A100-SXM4-40GB (0),1,,13,cupy_copy__complex64_complex64
2122718935,12544,22454,1434,1,1,128,1,1,16,0.000,0.000,,,,,NVIDIA A100-SXM4-40GB (0),1,,13,cupy_copy__complex64_complex64
2122732727,2080,22461,103,1,1,128,1,1,16,0.000,0.000,,,,,NVIDIA A100-SXM4-40GB (0),1,,13,cupy_copy__complex64_complex64
2122735863,78559,22468,1,1,1,32,32,1,30,0.000,0.000,,,,,NVIDIA A100-SXM4-40GB (0),1,,13,"void convert_kernel<__half2, float2>(tensor_layout_any, T1 *, tensor_layout_any, const T2 *)"
2122842390,4288,22471,,,,,,,,,,0.061,14328.300,Pinned,Device,NVIDIA A100-SXM4-40GB (0),1,,13,[CUDA memcpy Host-to-Device]
2122855286,45567,22472,,,,,,,,,,35.801,785652.067,Device,,NVIDIA A100-SXM4-40GB (0),1,,13,[CUDA memset]
2122909429,1856,22474,,,,,,,,,,0.000,43.103,Pinned,Device,NVIDIA A100-SXM4-40GB (0),1,,13,[CUDA memcpy Host-to-Device]
2122914197,6944,22475,,,,,,,,,,0.131,18875.548,Pinned,Device,NVIDIA A100-SXM4-40GB (0),1,,13,[CUDA memcpy Host-to-Device]
2122927285,8576,22476,273,1,1,48,1,1,40,0.000,0.001,,,,,NVIDIA A100-SXM4-40GB (0),1,,13,"void pusch_noise_intf_est::noiseIntfEstNoDftSOfdmKernel<float, __half, float, float, (unsigned int)2, (unsigned int)1, (unsigned char)4, (unsigned char)4>(pusch_noise_intf_est::puschRxNoiseIntfEstDynDescr)"
2122937237,2176,22487,35,1,1,128,1,1,16,0.000,0.000,,,,,NVIDIA A100-SXM4-40GB (0),1,,13,cupy_copy__complex64_complex64
2122964884,1504,22496,1,1,1,1,1,1,18,0.000,0.000,,,,,NVIDIA A100-SXM4-40GB (0),1,,13,cupy_copy__float32_float32
2122998772,1728,22502,,,,,,,,,,0.000,2.315,Device,Pageable,NVIDIA A100-SXM4-40GB (0),1,,7,[CUDA memcpy Device-to-Host]
2123057299,13536,22513,1434,1,1,128,1,1,16,0.000,0.000,,,,,NVIDIA A100-SXM4-40GB (0),1,,13,cupy_copy__complex64_complex64
2123083603,2368,22520,103,1,1,128,1,1,16,0.000,0.000,,,,,NVIDIA A100-SXM4-40GB (0),1,,13,cupy_copy__complex64_complex64
2123103763,2016,22527,35,1,1,128,1,1,16,0.000,0.000,,,,,NVIDIA A100-SXM4-40GB (0),1,,13,cupy_copy__complex64_complex64
2123122195,1472,22534,1,1,1,1,1,1,18,0.000,0.000,,,,,NVIDIA A100-SXM4-40GB (0),1,,13,cupy_copy__float32_float32
2123257489,78847,22545,1,1,1,32,32,1,30,0.000,0.000,,,,,NVIDIA A100-SXM4-40GB (0),1,,13,"void convert_kernel<__half2, float2>(tensor_layout_any, T1 *, tensor_layout_any, const T2 *)"
2123363600,4736,22548,,,,,,,,,,0.061,12972.933,Pinned,Device,NVIDIA A100-SXM4-40GB (0),1,,13,[CUDA memcpy Host-to-Device]
2123378320,2592,22549,,,,,,,,,,1.547,596690.632,Device,,NVIDIA A100-SXM4-40GB (0),1,,13,[CUDA memset]
2123384560,3072,22554,,,,,,,,,,0.021,6854.149,Pinned,Device,NVIDIA A100-SXM4-40GB (0),1,,13,[CUDA memcpy Host-to-Device]
2123390608,7200,22555,,,,,,,,,,0.131,18204.328,Pinned,Device,NVIDIA A100-SXM4-40GB (0),1,,13,[CUDA memcpy Host-to-Device]
2123403696,5824,22556,273,1,1,8,4,1,39,0.002,0.000,,,,,NVIDIA A100-SXM4-40GB (0),1,,13,"void channel_eq::eqMmseCoefCompLowMimoKernel<float, float, float, (unsigned int)4, (unsigned int)1, (unsigned int)4>(const channel_eq::_puschRxChEqStatDescr *, channel_eq::_puschRxChEqCoefCompDynDescr)"
2123410704,4831,22557,273,1,1,12,11,1,40,0.002,0.000,,,,,NVIDIA A100-SXM4-40GB (0),1,,13,"void channel_eq::eqMmseSoftDemapKernel<float, __half, __half, float, (unsigned int)4, (unsigned short)16383>(channel_eq::_puschRxChEqStatDescr *, channel_eq::_puschRxChEqSoftDemapDynDescr)"
2123416751,282397,22558,1,1,1,32,32,1,30,0.000,0.000,,,,,NVIDIA A100-SXM4-40GB (0),1,,13,"void convert_kernel<float2, __half2>(tensor_layout_any, T1 *, tensor_layout_any, const T2 *)"
2123700236,10176,22570,2253,1,1,128,1,1,16,0.000,0.000,,,,,NVIDIA A100-SXM4-40GB (0),1,,13,cupy_copy__float16_float16
2123711436,2400,22579,282,1,1,128,1,1,16,0.000,0.000,,,,,NVIDIA A100-SXM4-40GB (0),1,,13,cupy_copy__complex64_complex64
2123714860,1760,22588,26,1,1,128,1,1,16,0.000,0.000,,,,,NVIDIA A100-SXM4-40GB (0),1,,13,cupy_copy__float32_float32
2123717836,2528,22597,103,1,1,128,1,1,16,0.000,0.000,,,,,NVIDIA A100-SXM4-40GB (0),1,,13,cupy_copy__complex64_complex64
2123721548,11360,22607,1434,1,1,128,1,1,16,0.000,0.000,,,,,NVIDIA A100-SXM4-40GB (0),1,,13,cupy_copy__complex64_complex64
2123759500,78303,22612,1,1,1,32,32,1,30,0.000,0.000,,,,,NVIDIA A100-SXM4-40GB (0),1,,13,"void convert_kernel<__half2, float2>(tensor_layout_any, T1 *, tensor_layout_any, const T2 *)"
2123866186,5280,22615,,,,,,,,,,0.061,11636.306,Pinned,Device,NVIDIA A100-SXM4-40GB (0),1,,13,[CUDA memcpy Host-to-Device]
2123878442,587386,22616,,,,,,,,,,456.520,776997.857,Device,,NVIDIA A100-SXM4-40GB (0),1,,13,[CUDA memset]
2124469988,32799,22621,,,,,,,,,,0.825,25163.088,Pinned,Device,NVIDIA A100-SXM4-40GB (0),1,,13,[CUDA memcpy Host-to-Device]
2124505091,7232,22622,,,,,,,,,,0.131,18123.850,Pinned,Device,NVIDIA A100-SXM4-40GB (0),1,,13,[CUDA memcpy Host-to-Device]
2124523619,7040,22623,69,4,1,48,1,1,76,0.002,0.000,,,,,NVIDIA A100-SXM4-40GB (0),1,,13,"void ch_est::windowedChEstPreNoDftSOfdmKernel<float, __half, float, (unsigned int)2, (unsigned int)1, (unsigned short)4>(ch_est::puschRxChEstStatDescr_t *, ch_est::puschRxChEstDynDescr_t *)"
2124531747,6336,22624,137,2,1,24,2,1,44,0.001,0.001,,,,,NVIDIA A100-SXM4-40GB (0),1,,13,"void ch_est::chEstFilterNoDftSOfdmDispatchKernel<float, __half, float, (unsigned int)2>(ch_est::puschRxChEstStatDescr_t *, ch_est::puschRxChEstDynDescr_t *)"
2124539075,4576,22625,137,2,1,24,2,1,44,0.001,0.001,,,,,NVIDIA A100-SXM4-40GB (0),1,,13,"void ch_est::chEstFilterNoDftSOfdmDispatchKernel<float, __half, float, (unsigned int)2>(ch_est::puschRxChEstStatDescr_t *, ch_est::puschRxChEstDynDescr_t *)"
2124544867,2144,22636,103,1,1,128,1,1,16,0.000,0.000,,,,,NVIDIA A100-SXM4-40GB (0),1,,13,cupy_copy__complex64_complex64
2124548003,12608,22646,1434,1,1,128,1,1,16,0.000,0.000,,,,,NVIDIA A100-SXM4-40GB (0),1,,13,cupy_copy__complex64_complex64
2124561699,2080,22653,103,1,1,128,1,1,16,0.000,0.000,,,,,NVIDIA A100-SXM4-40GB (0),1,,13,cupy_copy__complex64_complex64
2124564867,78559,22660,1,1,1,32,32,1,30,0.000,0.000,,,,,NVIDIA A100-SXM4-40GB (0),1,,13,"void convert_kernel<__half2, float2>(tensor_layout_any, T1 *, tensor_layout_any, const T2 *)"
2124670914,4159,22663,,,,,,,,,,0.061,14772.756,Pinned,Device,NVIDIA A100-SXM4-40GB (0),1,,13,[CUDA memcpy Host-to-Device]
2124683425,45120,22664,,,,,,,,,,35.801,793456.676,Device,,NVIDIA A100-SXM4-40GB (0),1,,13,[CUDA memset]
2124733857,1824,22666,,,,,,,,,,0.000,43.860,Pinned,Device,NVIDIA A100-SXM4-40GB (0),1,,13,[CUDA memcpy Host-to-Device]
2124738657,6944,22667,,,,,,,,,,0.131,18875.548,Pinned,Device,NVIDIA A100-SXM4-40GB (0),1,,13,[CUDA memcpy Host-to-Device]
2124749185,8640,22668,273,1,1,48,1,1,40,0.000,0.001,,,,,NVIDIA A100-SXM4-40GB (0),1,,13,"void pusch_noise_intf_est::noiseIntfEstNoDftSOfdmKernel<float, __half, float, float, (unsigned int)2, (unsigned int)1, (unsigned char)4, (unsigned char)4>(pusch_noise_intf_est::puschRxNoiseIntfEstDynDescr)"
2124759361,2240,22679,35,1,1,128,1,1,16,0.000,0.000,,,,,NVIDIA A100-SXM4-40GB (0),1,,13,cupy_copy__complex64_complex64
2124790048,1536,22688,1,1,1,1,1,1,18,0.000,0.000,,,,,NVIDIA A100-SXM4-40GB (0),1,,13,cupy_copy__float32_float32
2124823648,1888,22694,,,,,,,,,,0.000,2.119,Device,Pageable,NVIDIA A100-SXM4-40GB (0),1,,7,[CUDA memcpy Device-to-Host]
2124882495,13216,22705,1434,1,1,128,1,1,16,0.000,0.000,,,,,NVIDIA A100-SXM4-40GB (0),1,,13,cupy_copy__complex64_complex64
2124907679,2432,22712,103,1,1,128,1,1,16,0.000,0.000,,,,,NVIDIA A100-SXM4-40GB (0),1,,13,cupy_copy__complex64_complex64
2124928223,1984,22719,35,1,1,128,1,1,16,0.000,0.000,,,,,NVIDIA A100-SXM4-40GB (0),1,,13,cupy_copy__complex64_complex64
2124946174,1472,22726,1,1,1,1,1,1,18,0.000,0.000,,,,,NVIDIA A100-SXM4-40GB (0),1,,13,cupy_copy__float32_float32
2125084285,78815,22737,1,1,1,32,32,1,30,0.000,0.000,,,,,NVIDIA A100-SXM4-40GB (0),1,,13,"void convert_kernel<__half2, float2>(tensor_layout_any, T1 *, tensor_layout_any, const T2 *)"
2125334138,4160,22740,,,,,,,,,,0.061,14769.193,Pinned,Device,NVIDIA A100-SXM4-40GB (0),1,,13,[CUDA memcpy Host-to-Device]
2125346874,2624,22741,,,,,,,,,,1.547,589413.767,Device,,NVIDIA A100-SXM4-40GB (0),1,,13,[CUDA memset]
2125355738,2976,22746,,,,,,,,,,0.021,7075.258,Pinned,Device,NVIDIA A100-SXM4-40GB (0),1,,13,[CUDA memcpy Host-to-Device]
2125361786,6944,22747,,,,,,,,,,0.131,18875.548,Pinned,Device,NVIDIA A100-SXM4-40GB (0),1,,13,[CUDA memcpy Host-to-Device]
2125373530,5824,22748,273,1,1,8,4,1,39,0.002,0.000,,,,,NVIDIA A100-SXM4-40GB (0),1,,13,"void channel_eq::eqMmseCoefCompLowMimoKernel<float, float, float, (unsigned int)4, (unsigned int)1, (unsigned int)4>(const channel_eq::_puschRxChEqStatDescr *, channel_eq::_puschRxChEqCoefCompDynDescr)"
2125380602,4800,22749,273,1,1,12,11,1,40,0.002,0.000,,,,,NVIDIA A100-SXM4-40GB (0),1,,13,"void channel_eq::eqMmseSoftDemapKernel<float, __half, __half, float, (unsigned int)4, (unsigned short)16383>(channel_eq::_puschRxChEqStatDescr *, channel_eq::_puschRxChEqSoftDemapDynDescr)"
2125386650,282268,22750,1,1,1,32,32,1,30,0.000,0.000,,,,,NVIDIA A100-SXM4-40GB (0),1,,13,"void convert_kernel<float2, __half2>(tensor_layout_any, T1 *, tensor_layout_any, const T2 *)"
2125670038,10336,22762,2253,1,1,128,1,1,16,0.000,0.000,,,,,NVIDIA A100-SXM4-40GB (0),1,,13,cupy_copy__float16_float16
2125681622,2432,22771,282,1,1,128,1,1,16,0.000,0.000,,,,,NVIDIA A100-SXM4-40GB (0),1,,13,cupy_copy__complex64_complex64
2125685046,1760,22780,26,1,1,128,1,1,16,0.000,0.000,,,,,NVIDIA A100-SXM4-40GB (0),1,,13,cupy_copy__float32_float32
2125687990,2528,22789,103,1,1,128,1,1,16,0.000,0.000,,,,,NVIDIA A100-SXM4-40GB (0),1,,13,cupy_copy__complex64_complex64
2125691734,11456,22799,1434,1,1,128,1,1,16,0.000,0.000,,,,,NVIDIA A100-SXM4-40GB (0),1,,13,cupy_copy__complex64_complex64
2125849140,78848,22804,1,1,1,32,32,1,30,0.000,0.000,,,,,NVIDIA A100-SXM4-40GB (0),1,,13,"void convert_kernel<__half2, float2>(tensor_layout_any, T1 *, tensor_layout_any, const T2 *)"
2125959827,4576,22807,,,,,,,,,,0.061,13426.545,Pinned,Device,NVIDIA A100-SXM4-40GB (0),1,,13,[CUDA memcpy Host-to-Device]
2125971635,587066,22808,,,,,,,,,,456.520,777454.377,Device,,NVIDIA A100-SXM4-40GB (0),1,,13,[CUDA memset]
2126564045,33215,22813,,,,,,,,,,0.825,24847.806,Pinned,Device,NVIDIA A100-SXM4-40GB (0),1,,13,[CUDA memcpy Host-to-Device]
2126599820,7008,22814,,,,,,,,,,0.131,18703.188,Pinned,Device,NVIDIA A100-SXM4-40GB (0),1,,13,[CUDA memcpy Host-to-Device]
2126614572,7232,22815,69,4,1,48,1,1,76,0.002,0.000,,,,,NVIDIA A100-SXM4-40GB (0),1,,13,"void ch_est::windowedChEstPreNoDftSOfdmKernel<float, __half, float, (unsigned int)2, (unsigned int)1, (unsigned short)4>(ch_est::puschRxChEstStatDescr_t *, ch_est::puschRxChEstDynDescr_t *)"
2126623052,6240,22816,137,2,1,24,2,1,44,0.001,0.001,,,,,NVIDIA A100-SXM4-40GB (0),1,,13,"void ch_est::chEstFilterNoDftSOfdmDispatchKernel<float, __half, float, (unsigned int)2>(ch_est::puschRxChEstStatDescr_t *, ch_est::puschRxChEstDynDescr_t *)"
2126630476,4576,22817,137,2,1,24,2,1,44,0.001,0.001,,,,,NVIDIA A100-SXM4-40GB (0),1,,13,"void ch_est::chEstFilterNoDftSOfdmDispatchKernel<float, __half, float, (unsigned int)2>(ch_est::puschRxChEstStatDescr_t *, ch_est::puschRxChEstDynDescr_t *)"
2126636236,2176,22828,103,1,1,128,1,1,16,0.000,0.000,,,,,NVIDIA A100-SXM4-40GB (0),1,,13,cupy_copy__complex64_complex64
2126639372,12608,22838,1434,1,1,128,1,1,16,0.000,0.000,,,,,NVIDIA A100-SXM4-40GB (0),1,,13,cupy_copy__complex64_complex64
2126653260,2080,22845,103,1,1,128,1,1,16,0.000,0.000,,,,,NVIDIA A100-SXM4-40GB (0),1,,13,cupy_copy__complex64_complex64
2126656620,78335,22852,1,1,1,32,32,1,30,0.000,0.000,,,,,NVIDIA A100-SXM4-40GB (0),1,,13,"void convert_kernel<__half2, float2>(tensor_layout_any, T1 *, tensor_layout_any, const T2 *)"
2126894921,4224,22855,,,,,,,,,,0.061,14545.428,Pinned,Device,NVIDIA A100-SXM4-40GB (0),1,,13,[CUDA memcpy Host-to-Device]
2126908489,46079,22856,,,,,,,,,,35.801,776916.633,Device,,NVIDIA A100-SXM4-40GB (0),1,,13,[CUDA memset]
2126958888,2272,22858,,,,,,,,,,0.000,35.211,Pinned,Device,NVIDIA A100-SXM4-40GB (0),1,,13,[CUDA memcpy Host-to-Device]
2126964104,6880,22859,,,,,,,,,,0.131,19051.053,Pinned,Device,NVIDIA A100-SXM4-40GB (0),1,,13,[CUDA memcpy Host-to-Device]
2126981192,8960,22860,273,1,1,48,1,1,40,0.000,0.001,,,,,NVIDIA A100-SXM4-40GB (0),1,,13,"void pusch_noise_intf_est::noiseIntfEstNoDftSOfdmKernel<float, __half, float, float, (unsigned int)2, (unsigned int)1, (unsigned char)4, (unsigned char)4>(pusch_noise_intf_est::puschRxNoiseIntfEstDynDescr)"
2126991624,2176,22871,35,1,1,128,1,1,16,0.000,0.000,,,,,NVIDIA A100-SXM4-40GB (0),1,,13,cupy_copy__complex64_complex64
2127002248,1504,22880,1,1,1,1,1,1,18,0.000,0.000,,,,,NVIDIA A100-SXM4-40GB (0),1,,13,cupy_copy__float32_float32
2127036679,1824,22886,,,,,,,,,,0.000,2.193,Device,Pageable,NVIDIA A100-SXM4-40GB (0),1,,7,[CUDA memcpy Device-to-Host]
2127095239,12960,22897,1434,1,1,128,1,1,16,0.000,0.000,,,,,NVIDIA A100-SXM4-40GB (0),1,,13,cupy_copy__complex64_complex64
2127121542,2336,22904,103,1,1,128,1,1,16,0.000,0.000,,,,,NVIDIA A100-SXM4-40GB (0),1,,13,cupy_copy__complex64_complex64
2127141766,2016,22911,35,1,1,128,1,1,16,0.000,0.000,,,,,NVIDIA A100-SXM4-40GB (0),1,,13,cupy_copy__complex64_complex64
2127159622,1472,22918,1,1,1,1,1,1,18,0.000,0.000,,,,,NVIDIA A100-SXM4-40GB (0),1,,13,cupy_copy__float32_float32
2127421635,78335,22929,1,1,1,32,32,1,30,0.000,0.000,,,,,NVIDIA A100-SXM4-40GB (0),1,,13,"void convert_kernel<__half2, float2>(tensor_layout_any, T1 *, tensor_layout_any, const T2 *)"
2127532130,4320,22932,,,,,,,,,,0.061,14222.193,Pinned,Device,NVIDIA A100-SXM4-40GB (0),1,,13,[CUDA memcpy Host-to-Device]
2127547106,2592,22933,,,,,,,,,,1.547,596690.632,Device,,NVIDIA A100-SXM4-40GB (0),1,,13,[CUDA memset]
2127553346,2784,22938,,,,,,,,,,0.021,7563.210,Pinned,Device,NVIDIA A100-SXM4-40GB (0),1,,13,[CUDA memcpy Host-to-Device]
2127559138,6975,22939,,,,,,,,,,0.131,18791.662,Pinned,Device,NVIDIA A100-SXM4-40GB (0),1,,13,[CUDA memcpy Host-to-Device]
2127572961,5824,22940,273,1,1,8,4,1,39,0.002,0.000,,,,,NVIDIA A100-SXM4-40GB (0),1,,13,"void channel_eq::eqMmseCoefCompLowMimoKernel<float, float, float, (unsigned int)4, (unsigned int)1, (unsigned int)4>(const channel_eq::_puschRxChEqStatDescr *, channel_eq::_puschRxChEqCoefCompDynDescr)"
2127579777,4896,22941,273,1,1,12,11,1,40,0.002,0.000,,,,,NVIDIA A100-SXM4-40GB (0),1,,13,"void channel_eq::eqMmseSoftDemapKernel<float, __half, __half, float, (unsigned int)4, (unsigned short)16383>(channel_eq::_puschRxChEqStatDescr *, channel_eq::_puschRxChEqSoftDemapDynDescr)"
2127585761,281693,22942,1,1,1,32,32,1,30,0.000,0.000,,,,,NVIDIA A100-SXM4-40GB (0),1,,13,"void convert_kernel<float2, __half2>(tensor_layout_any, T1 *, tensor_layout_any, const T2 *)"
2127868574,10368,22954,2253,1,1,128,1,1,16,0.000,0.000,,,,,NVIDIA A100-SXM4-40GB (0),1,,13,cupy_copy__float16_float16
2127880158,2400,22963,282,1,1,128,1,1,16,0.000,0.000,,,,,NVIDIA A100-SXM4-40GB (0),1,,13,cupy_copy__complex64_complex64
2127883550,1760,22972,26,1,1,128,1,1,16,0.000,0.000,,,,,NVIDIA A100-SXM4-40GB (0),1,,13,cupy_copy__float32_float32
2127886430,2560,22981,103,1,1,128,1,1,16,0.000,0.000,,,,,NVIDIA A100-SXM4-40GB (0),1,,13,cupy_copy__complex64_complex64
2127890206,11104,22991,1434,1,1,128,1,1,16,0.000,0.000,,,,,NVIDIA A100-SXM4-40GB (0),1,,13,cupy_copy__complex64_complex64
2127934749,78912,22996,1,1,1,32,32,1,30,0.000,0.000,,,,,NVIDIA A100-SXM4-40GB (0),1,,13,"void convert_kernel<__half2, float2>(tensor_layout_any, T1 *, tensor_layout_any, const T2 *)"
2128042044,4160,22999,,,,,,,,,,0.061,14769.193,Pinned,Device,NVIDIA A100-SXM4-40GB (0),1,,13,[CUDA memcpy Host-to-Device]
2128052604,587834,23000,,,,,,,,,,456.520,776541.336,Device,,NVIDIA A100-SXM4-40GB (0),1,,13,[CUDA memset]
2128644374,33375,23005,,,,,,,,,,0.825,24728.957,Pinned,Device,NVIDIA A100-SXM4-40GB (0),1,,13,[CUDA memcpy Host-to-Device]
2128680405,6880,23006,,,,,,,,,,0.131,19051.053,Pinned,Device,NVIDIA A100-SXM4-40GB (0),1,,13,[CUDA memcpy Host-to-Device]
2128698421,7168,23007,69,4,1,48,1,1,76,0.002,0.000,,,,,NVIDIA A100-SXM4-40GB (0),1,,13,"void ch_est::windowedChEstPreNoDftSOfdmKernel<float, __half, float, (unsigned int)2, (unsigned int)1, (unsigned short)4>(ch_est::puschRxChEstStatDescr_t *, ch_est::puschRxChEstDynDescr_t *)"
2128706869,6240,23008,137,2,1,24,2,1,44,0.001,0.001,,,,,NVIDIA A100-SXM4-40GB (0),1,,13,"void ch_est::chEstFilterNoDftSOfdmDispatchKernel<float, __half, float, (unsigned int)2>(ch_est::puschRxChEstStatDescr_t *, ch_est::puschRxChEstDynDescr_t *)"
2128714101,4544,23009,137,2,1,24,2,1,44,0.001,0.001,,,,,NVIDIA A100-SXM4-40GB (0),1,,13,"void ch_est::chEstFilterNoDftSOfdmDispatchKernel<float, __half, float, (unsigned int)2>(ch_est::puschRxChEstStatDescr_t *, ch_est::puschRxChEstDynDescr_t *)"
2128719669,2176,23020,103,1,1,128,1,1,16,0.000,0.000,,,,,NVIDIA A100-SXM4-40GB (0),1,,13,cupy_copy__complex64_complex64
2128723125,12512,23030,1434,1,1,128,1,1,16,0.000,0.000,,,,,NVIDIA A100-SXM4-40GB (0),1,,13,cupy_copy__complex64_complex64
2128736660,2080,23037,103,1,1,128,1,1,16,0.000,0.000,,,,,NVIDIA A100-SXM4-40GB (0),1,,13,cupy_copy__complex64_complex64
2128739828,78784,23044,1,1,1,32,32,1,30,0.000,0.000,,,,,NVIDIA A100-SXM4-40GB (0),1,,13,"void convert_kernel<__half2, float2>(tensor_layout_any, T1 *, tensor_layout_any, const T2 *)"
2128845939,4160,23047,,,,,,,,,,0.061,14769.193,Pinned,Device,NVIDIA A100-SXM4-40GB (0),1,,13,[CUDA memcpy Host-to-Device]
2128858771,45024,23048,,,,,,,,,,35.801,795139.322,Device,,NVIDIA A100-SXM4-40GB (0),1,,13,[CUDA memset]
2128910739,1856,23050,,,,,,,,,,0.000,43.103,Pinned,Device,NVIDIA A100-SXM4-40GB (0),1,,13,[CUDA memcpy Host-to-Device]
2128915731,7647,23051,,,,,,,,,,0.131,17140.285,Pinned,Device,NVIDIA A100-SXM4-40GB (0),1,,13,[CUDA memcpy Host-to-Device]
2128929938,8608,23052,273,1,1,48,1,1,40,0.000,0.001,,,,,NVIDIA A100-SXM4-40GB (0),1,,13,"void pusch_noise_intf_est::noiseIntfEstNoDftSOfdmKernel<float, __half, float, float, (unsigned int)2, (unsigned int)1, (unsigned char)4, (unsigned char)4>(pusch_noise_intf_est::puschRxNoiseIntfEstDynDescr)"
2128940146,2432,23063,35,1,1,128,1,1,16,0.000,0.000,,,,,NVIDIA A100-SXM4-40GB (0),1,,13,cupy_copy__complex64_complex64
2128967154,1472,23072,1,1,1,1,1,1,18,0.000,0.000,,,,,NVIDIA A100-SXM4-40GB (0),1,,13,cupy_copy__float32_float32
2129004466,1952,23078,,,,,,,,,,0.000,2.049,Device,Pageable,NVIDIA A100-SXM4-40GB (0),1,,7,[CUDA memcpy Device-to-Host]
2129064017,13056,23089,1434,1,1,128,1,1,16,0.000,0.000,,,,,NVIDIA A100-SXM4-40GB (0),1,,13,cupy_copy__complex64_complex64
2129090353,2336,23096,103,1,1,128,1,1,16,0.000,0.000,,,,,NVIDIA A100-SXM4-40GB (0),1,,13,cupy_copy__complex64_complex64
2129110448,2016,23103,35,1,1,128,1,1,16,0.000,0.000,,,,,NVIDIA A100-SXM4-40GB (0),1,,13,cupy_copy__complex64_complex64
2129127728,1472,23110,1,1,1,1,1,1,18,0.000,0.000,,,,,NVIDIA A100-SXM4-40GB (0),1,,13,cupy_copy__float32_float32
2129265103,77823,23121,1,1,1,32,32,1,30,0.000,0.000,,,,,NVIDIA A100-SXM4-40GB (0),1,,13,"void convert_kernel<__half2, float2>(tensor_layout_any, T1 *, tensor_layout_any, const T2 *)"
2129371181,4320,23124,,,,,,,,,,0.061,14222.193,Pinned,Device,NVIDIA A100-SXM4-40GB (0),1,,13,[CUDA memcpy Host-to-Device]
2129385517,2624,23125,,,,,,,,,,1.547,589413.767,Device,,NVIDIA A100-SXM4-40GB (0),1,,13,[CUDA memset]
2129396653,3264,23130,,,,,,,,,,0.021,6450.969,Pinned,Device,NVIDIA A100-SXM4-40GB (0),1,,13,[CUDA memcpy Host-to-Device]
2129408365,6912,23131,,,,,,,,,,0.131,18962.842,Pinned,Device,NVIDIA A100-SXM4-40GB (0),1,,13,[CUDA memcpy Host-to-Device]
2129424429,5824,23132,273,1,1,8,4,1,39,0.002,0.000,,,,,NVIDIA A100-SXM4-40GB (0),1,,13,"void channel_eq::eqMmseCoefCompLowMimoKernel<float, float, float, (unsigned int)4, (unsigned int)1, (unsigned int)4>(const channel_eq::_puschRxChEqStatDescr *, channel_eq::_puschRxChEqCoefCompDynDescr)"
2129431501,4864,23133,273,1,1,12,11,1,40,0.002,0.000,,,,,NVIDIA A100-SXM4-40GB (0),1,,13,"void channel_eq::eqMmseSoftDemapKernel<float, __half, __half, float, (unsigned int)4, (unsigned short)16383>(channel_eq::_puschRxChEqStatDescr *, channel_eq::_puschRxChEqSoftDemapDynDescr)"
2129437645,282109,23134,1,1,1,32,32,1,30,0.000,0.000,,,,,NVIDIA A100-SXM4-40GB (0),1,,13,"void convert_kernel<float2, __half2>(tensor_layout_any, T1 *, tensor_layout_any, const T2 *)"
2129720842,10335,23146,2253,1,1,128,1,1,16,0.000,0.000,,,,,NVIDIA A100-SXM4-40GB (0),1,,13,cupy_copy__float16_float16
2129732393,2400,23155,282,1,1,128,1,1,16,0.000,0.000,,,,,NVIDIA A100-SXM4-40GB (0),1,,13,cupy_copy__complex64_complex64
2129735817,1760,23164,26,1,1,128,1,1,16,0.000,0.000,,,,,NVIDIA A100-SXM4-40GB (0),1,,13,cupy_copy__float32_float32
2129738761,2528,23173,103,1,1,128,1,1,16,0.000,0.000,,,,,NVIDIA A100-SXM4-40GB (0),1,,13,cupy_copy__complex64_complex64
2129742505,11264,23183,1434,1,1,128,1,1,16,0.000,0.000,,,,,NVIDIA A100-SXM4-40GB (0),1,,13,cupy_copy__complex64_complex64
2129773417,77951,23188,1,1,1,32,32,1,30,0.000,0.000,,,,,NVIDIA A100-SXM4-40GB (0),1,,13,"void convert_kernel<__half2, float2>(tensor_layout_any, T1 *, tensor_layout_any, const T2 *)"
2129886280,4320,23191,,,,,,,,,,0.061,14222.193,Pinned,Device,NVIDIA A100-SXM4-40GB (0),1,,13,[CUDA memcpy Host-to-Device]
2129897544,587737,23192,,,,,,,,,,456.520,776541.336,Device,,NVIDIA A100-SXM4-40GB (0),1,,13,[CUDA memset]
2130490017,33216,23197,,,,,,,,,,0.825,24846.981,Pinned,Device,NVIDIA A100-SXM4-40GB (0),1,,13,[CUDA memcpy Host-to-Device]
2130526337,7232,23198,,,,,,,,,,0.131,18123.850,Pinned,Device,NVIDIA A100-SXM4-40GB (0),1,,13,[CUDA memcpy Host-to-Device]
2130544672,7168,23199,69,4,1,48,1,1,76,0.002,0.000,,,,,NVIDIA A100-SXM4-40GB (0),1,,13,"void ch_est::windowedChEstPreNoDftSOfdmKernel<float, __half, float, (unsigned int)2, (unsigned int)1, (unsigned short)4>(ch_est::puschRxChEstStatDescr_t *, ch_est::puschRxChEstDynDescr_t *)"
2130553120,6240,23200,137,2,1,24,2,1,44,0.001,0.001,,,,,NVIDIA A100-SXM4-40GB (0),1,,13,"void ch_est::chEstFilterNoDftSOfdmDispatchKernel<float, __half, float, (unsigned int)2>(ch_est::puschRxChEstStatDescr_t *, ch_est::puschRxChEstDynDescr_t *)"
2130560352,4608,23201,137,2,1,24,2,1,44,0.001,0.001,,,,,NVIDIA A100-SXM4-40GB (0),1,,13,"void ch_est::chEstFilterNoDftSOfdmDispatchKernel<float, __half, float, (unsigned int)2>(ch_est::puschRxChEstStatDescr_t *, ch_est::puschRxChEstDynDescr_t *)"
2130566176,2144,23212,103,1,1,128,1,1,16,0.000,0.000,,,,,NVIDIA A100-SXM4-40GB (0),1,,13,cupy_copy__complex64_complex64
2130569760,12608,23222,1434,1,1,128,1,1,16,0.000,0.000,,,,,NVIDIA A100-SXM4-40GB (0),1,,13,cupy_copy__complex64_complex64
2130583616,2080,23229,103,1,1,128,1,1,16,0.000,0.000,,,,,NVIDIA A100-SXM4-40GB (0),1,,13,cupy_copy__complex64_complex64
2130586784,78207,23236,1,1,1,32,32,1,30,0.000,0.000,,,,,NVIDIA A100-SXM4-40GB (0),1,,13,"void convert_kernel<__half2, float2>(tensor_layout_any, T1 *, tensor_layout_any, const T2 *)"
2130839261,4384,23239,,,,,,,,,,0.061,14014.587,Pinned,Device,NVIDIA A100-SXM4-40GB (0),1,,13,[CUDA memcpy Host-to-Device]
2130849821,46656,23240,,,,,,,,,,35.801,767321.976,Device,,NVIDIA A100-SXM4-40GB (0),1,,13,[CUDA memset]
2130904316,2016,23242,,,,,,,,,,0.000,39.682,Pinned,Device,NVIDIA A100-SXM4-40GB (0),1,,13,[CUDA memcpy Host-to-Device]
2130908828,7104,23243,,,,,,,,,,0.131,18450.350,Pinned,Device,NVIDIA A100-SXM4-40GB (0),1,,13,[CUDA memcpy Host-to-Device]
2130924572,8960,23244,273,1,1,48,1,1,40,0.000,0.001,,,,,NVIDIA A100-SXM4-40GB (0),1,,13,"void pusch_noise_intf_est::noiseIntfEstNoDftSOfdmKernel<float, __half, float, float, (unsigned int)2, (unsigned int)1, (unsigned char)4, (unsigned char)4>(pusch_noise_intf_est::puschRxNoiseIntfEstDynDescr)"
2130935036,2176,23255,35,1,1,128,1,1,16,0.000,0.000,,,,,NVIDIA A100-SXM4-40GB (0),1,,13,cupy_copy__complex64_complex64
2130945756,1504,23264,1,1,1,1,1,1,18,0.000,0.000,,,,,NVIDIA A100-SXM4-40GB (0),1,,13,cupy_copy__float32_float32
2130980380,1760,23270,,,,,,,,,,0.000,2.273,Device,Pageable,NVIDIA A100-SXM4-40GB (0),1,,7,[CUDA memcpy Device-to-Host]
2131039291,12960,23281,1434,1,1,128,1,1,16,0.000,0.000,,,,,NVIDIA A100-SXM4-40GB (0),1,,13,cupy_copy__complex64_complex64
2131065115,2336,23288,103,1,1,128,1,1,16,0.000,0.000,,,,,NVIDIA A100-SXM4-40GB (0),1,,13,cupy_copy__complex64_complex64
2131085626,2016,23295,35,1,1,128,1,1,16,0.000,0.000,,,,,NVIDIA A100-SXM4-40GB (0),1,,13,cupy_copy__complex64_complex64
2131102650,1472,23302,1,1,1,1,1,1,18,0.000,0.000,,,,,NVIDIA A100-SXM4-40GB (0),1,,13,cupy_copy__float32_float32
2131367479,78975,23313,1,1,1,32,32,1,30,0.000,0.000,,,,,NVIDIA A100-SXM4-40GB (0),1,,13,"void convert_kernel<__half2, float2>(tensor_layout_any, T1 *, tensor_layout_any, const T2 *)"
2131478454,4448,23316,,,,,,,,,,0.061,13812.941,Pinned,Device,NVIDIA A100-SXM4-40GB (0),1,,13,[CUDA memcpy Host-to-Device]
2131493110,2560,23317,,,,,,,,,,1.547,604150.000,Device,,NVIDIA A100-SXM4-40GB (0),1,,13,[CUDA memset]
2131499414,2720,23322,,,,,,,,,,0.021,7741.175,Pinned,Device,NVIDIA A100-SXM4-40GB (0),1,,13,[CUDA memcpy Host-to-Device]
2131504950,7072,23323,,,,,,,,,,0.131,18533.843,Pinned,Device,NVIDIA A100-SXM4-40GB (0),1,,13,[CUDA memcpy Host-to-Device]
2131516182,5856,23324,273,1,1,8,4,1,39,0.002,0.000,,,,,NVIDIA A100-SXM4-40GB (0),1,,13,"void channel_eq::eqMmseCoefCompLowMimoKernel<float, float, float, (unsigned int)4, (unsigned int)1, (unsigned int)4>(const channel_eq::_puschRxChEqStatDescr *, channel_eq::_puschRxChEqCoefCompDynDescr)"
2131523286,4768,23325,273,1,1,12,11,1,40,0.002,0.000,,,,,NVIDIA A100-SXM4-40GB (0),1,,13,"void channel_eq::eqMmseSoftDemapKernel<float, __half, __half, float, (unsigned int)4, (unsigned short)16383>(channel_eq::_puschRxChEqStatDescr *, channel_eq::_puschRxChEqSoftDemapDynDescr)"
2131529334,281884,23326,1,1,1,32,32,1,30,0.000,0.000,,,,,NVIDIA A100-SXM4-40GB (0),1,,13,"void convert_kernel<float2, __half2>(tensor_layout_any, T1 *, tensor_layout_any, const T2 *)"
2131812338,10432,23338,2253,1,1,128,1,1,16,0.000,0.000,,,,,NVIDIA A100-SXM4-40GB (0),1,,13,cupy_copy__float16_float16
2131823826,2368,23347,282,1,1,128,1,1,16,0.000,0.000,,,,,NVIDIA A100-SXM4-40GB (0),1,,13,cupy_copy__complex64_complex64
2131827218,1760,23356,26,1,1,128,1,1,16,0.000,0.000,,,,,NVIDIA A100-SXM4-40GB (0),1,,13,cupy_copy__float32_float32
2131830194,2560,23365,103,1,1,128,1,1,16,0.000,0.000,,,,,NVIDIA A100-SXM4-40GB (0),1,,13,cupy_copy__complex64_complex64
2131884722,11647,23381,1434,1,1,128,1,1,16,0.000,0.000,,,,,NVIDIA A100-SXM4-40GB (0),1,,13,cupy_copy__complex64_complex64
2132002704,78303,23386,1,1,1,32,32,1,30,0.000,0.000,,,,,NVIDIA A100-SXM4-40GB (0),1,,13,"void convert_kernel<__half2, float2>(tensor_layout_any, T1 *, tensor_layout_any, const T2 *)"
2132240974,4160,23389,,,,,,,,,,0.061,14769.193,Pinned,Device,NVIDIA A100-SXM4-40GB (0),1,,13,[CUDA memcpy Host-to-Device]
2132252334,589465,23390,,,,,,,,,,456.520,774258.734,Device,,NVIDIA A100-SXM4-40GB (0),1,,13,[CUDA memset]
2132847719,33408,23395,,,,,,,,,,0.825,24704.197,Pinned,Device,NVIDIA A100-SXM4-40GB (0),1,,13,[CUDA memcpy Host-to-Device]
2132884583,6975,23396,,,,,,,,,,0.131,18791.662,Pinned,Device,NVIDIA A100-SXM4-40GB (0),1,,13,[CUDA memcpy Host-to-Device]
2132902918,7680,23397,69,4,1,48,1,1,76,0.002,0.000,,,,,NVIDIA A100-SXM4-40GB (0),1,,13,"void ch_est::windowedChEstPreNoDftSOfdmKernel<float, __half, float, (unsigned int)2, (unsigned int)1, (unsigned short)4>(ch_est::puschRxChEstStatDescr_t *, ch_est::puschRxChEstDynDescr_t *)"
2132911910,6080,23398,137,2,1,24,2,1,44,0.001,0.001,,,,,NVIDIA A100-SXM4-40GB (0),1,,13,"void ch_est::chEstFilterNoDftSOfdmDispatchKernel<float, __half, float, (unsigned int)2>(ch_est::puschRxChEstStatDescr_t *, ch_est::puschRxChEstDynDescr_t *)"
2132919206,4576,23399,137,2,1,24,2,1,44,0.001,0.001,,,,,NVIDIA A100-SXM4-40GB (0),1,,13,"void ch_est::chEstFilterNoDftSOfdmDispatchKernel<float, __half, float, (unsigned int)2>(ch_est::puschRxChEstStatDescr_t *, ch_est::puschRxChEstDynDescr_t *)"
2132924998,2176,23410,103,1,1,128,1,1,16,0.000,0.000,,,,,NVIDIA A100-SXM4-40GB (0),1,,13,cupy_copy__complex64_complex64
2132928166,12640,23420,1434,1,1,128,1,1,16,0.000,0.000,,,,,NVIDIA A100-SXM4-40GB (0),1,,13,cupy_copy__complex64_complex64
2132941798,2112,23427,103,1,1,128,1,1,16,0.000,0.000,,,,,NVIDIA A100-SXM4-40GB (0),1,,13,cupy_copy__complex64_complex64
2132944966,78783,23434,1,1,1,32,32,1,30,0.000,0.000,,,,,NVIDIA A100-SXM4-40GB (0),1,,13,"void convert_kernel<__half2, float2>(tensor_layout_any, T1 *, tensor_layout_any, const T2 *)"
2133054021,4192,23437,,,,,,,,,,0.061,14656.451,Pinned,Device,NVIDIA A100-SXM4-40GB (0),1,,13,[CUDA memcpy Host-to-Device]
2133067173,45279,23438,,,,,,,,,,35.801,790664.202,Device,,NVIDIA A100-SXM4-40GB (0),1,,13,[CUDA memset]
2133119204,2080,23440,,,,,,,,,,0.000,38.462,Pinned,Device,NVIDIA A100-SXM4-40GB (0),1,,13,[CUDA memcpy Host-to-Device]
2133123876,6784,23441,,,,,,,,,,0.131,19320.668,Pinned,Device,NVIDIA A100-SXM4-40GB (0),1,,13,[CUDA memcpy Host-to-Device]
2133141508,8512,23442,273,1,1,48,1,1,40,0.000,0.001,,,,,NVIDIA A100-SXM4-40GB (0),1,,13,"void pusch_noise_intf_est::noiseIntfEstNoDftSOfdmKernel<float, __half, float, float, (unsigned int)2, (unsigned int)1, (unsigned char)4, (unsigned char)4>(pusch_noise_intf_est::puschRxNoiseIntfEstDynDescr)"
2133151524,2304,23453,35,1,1,128,1,1,16,0.000,0.000,,,,,NVIDIA A100-SXM4-40GB (0),1,,13,cupy_copy__complex64_complex64
2133180611,1504,23462,1,1,1,1,1,1,18,0.000,0.000,,,,,NVIDIA A100-SXM4-40GB (0),1,,13,cupy_copy__float32_float32
2133214915,1728,23468,,,,,,,,,,0.000,2.315,Device,Pageable,NVIDIA A100-SXM4-40GB (0),1,,7,[CUDA memcpy Device-to-Host]
2133273026,12960,23479,1434,1,1,128,1,1,16,0.000,0.000,,,,,NVIDIA A100-SXM4-40GB (0),1,,13,cupy_copy__complex64_complex64
2133298722,2336,23486,103,1,1,128,1,1,16,0.000,0.000,,,,,NVIDIA A100-SXM4-40GB (0),1,,13,cupy_copy__complex64_complex64
2133319490,1984,23493,35,1,1,128,1,1,16,0.000,0.000,,,,,NVIDIA A100-SXM4-40GB (0),1,,13,cupy_copy__complex64_complex64
2133336898,1472,23500,1,1,1,1,1,1,18,0.000,0.000,,,,,NVIDIA A100-SXM4-40GB (0),1,,13,cupy_copy__float32_float32
2133480352,77983,23511,1,1,1,32,32,1,30,0.000,0.000,,,,,NVIDIA A100-SXM4-40GB (0),1,,13,"void convert_kernel<__half2, float2>(tensor_layout_any, T1 *, tensor_layout_any, const T2 *)"
2133586719,4128,23514,,,,,,,,,,0.061,14883.717,Pinned,Device,NVIDIA A100-SXM4-40GB (0),1,,13,[CUDA memcpy Host-to-Device]
2133600735,2624,23515,,,,,,,,,,1.547,589413.767,Device,,NVIDIA A100-SXM4-40GB (0),1,,13,[CUDA memset]
2133607167,3263,23520,,,,,,,,,,0.021,6452.948,Pinned,Device,NVIDIA A100-SXM4-40GB (0),1,,13,[CUDA memcpy Host-to-Device]
2133613374,7424,23521,,,,,,,,,,0.131,17655.136,Pinned,Device,NVIDIA A100-SXM4-40GB (0),1,,13,[CUDA memcpy Host-to-Device]
2133626878,5856,23522,273,1,1,8,4,1,39,0.002,0.000,,,,,NVIDIA A100-SXM4-40GB (0),1,,13,"void channel_eq::eqMmseCoefCompLowMimoKernel<float, float, float, (unsigned int)4, (unsigned int)1, (unsigned int)4>(const channel_eq::_puschRxChEqStatDescr *, channel_eq::_puschRxChEqCoefCompDynDescr)"
2133633950,4864,23523,273,1,1,12,11,1,40,0.002,0.000,,,,,NVIDIA A100-SXM4-40GB (0),1,,13,"void channel_eq::eqMmseSoftDemapKernel<float, __half, __half, float, (unsigned int)4, (unsigned short)16383>(channel_eq::_puschRxChEqStatDescr *, channel_eq::_puschRxChEqSoftDemapDynDescr)"
2133639998,282557,23524,1,1,1,32,32,1,30,0.000,0.000,,,,,NVIDIA A100-SXM4-40GB (0),1,,13,"void convert_kernel<float2, __half2>(tensor_layout_any, T1 *, tensor_layout_any, const T2 *)"
2133923739,10208,23536,2253,1,1,128,1,1,16,0.000,0.000,,,,,NVIDIA A100-SXM4-40GB (0),1,,13,cupy_copy__float16_float16
2133935003,2432,23545,282,1,1,128,1,1,16,0.000,0.000,,,,,NVIDIA A100-SXM4-40GB (0),1,,13,cupy_copy__complex64_complex64
2133938427,1760,23554,26,1,1,128,1,1,16,0.000,0.000,,,,,NVIDIA A100-SXM4-40GB (0),1,,13,cupy_copy__float32_float32
2133941371,2528,23563,103,1,1,128,1,1,16,0.000,0.000,,,,,NVIDIA A100-SXM4-40GB (0),1,,13,cupy_copy__complex64_complex64
2133945147,11296,23573,1434,1,1,128,1,1,16,0.000,0.000,,,,,NVIDIA A100-SXM4-40GB (0),1,,13,cupy_copy__complex64_complex64
2133991450,78719,23578,1,1,1,32,32,1,30,0.000,0.000,,,,,NVIDIA A100-SXM4-40GB (0),1,,13,"void convert_kernel<__half2, float2>(tensor_layout_any, T1 *, tensor_layout_any, const T2 *)"
2134097753,4512,23581,,,,,,,,,,0.061,13617.009,Pinned,Device,NVIDIA A100-SXM4-40GB (0),1,,13,[CUDA memcpy Host-to-Device]
2134108889,588281,23582,,,,,,,,,,456.520,775628.296,Device,,NVIDIA A100-SXM4-40GB (0),1,,13,[CUDA memset]
2134699218,32768,23587,,,,,,,,,,0.825,25187.023,Pinned,Device,NVIDIA A100-SXM4-40GB (0),1,,13,[CUDA memcpy Host-to-Device]
2134734482,7040,23588,,,,,,,,,,0.131,18618.122,Pinned,Device,NVIDIA A100-SXM4-40GB (0),1,,13,[CUDA memcpy Host-to-Device]
2134746066,7168,23589,69,4,1,48,1,1,76,0.002,0.000,,,,,NVIDIA A100-SXM4-40GB (0),1,,13,"void ch_est::windowedChEstPreNoDftSOfdmKernel<float, __half, float, (unsigned int)2, (unsigned int)1, (unsigned short)4>(ch_est::puschRxChEstStatDescr_t *, ch_est::puschRxChEstDynDescr_t *)"
2134754226,6368,23590,137,2,1,24,2,1,44,0.001,0.001,,,,,NVIDIA A100-SXM4-40GB (0),1,,13,"void ch_est::chEstFilterNoDftSOfdmDispatchKernel<float, __half, float, (unsigned int)2>(ch_est::puschRxChEstStatDescr_t *, ch_est::puschRxChEstDynDescr_t *)"
2134761586,4576,23591,137,2,1,24,2,1,44,0.001,0.001,,,,,NVIDIA A100-SXM4-40GB (0),1,,13,"void ch_est::chEstFilterNoDftSOfdmDispatchKernel<float, __half, float, (unsigned int)2>(ch_est::puschRxChEstStatDescr_t *, ch_est::puschRxChEstDynDescr_t *)"
2134767378,2176,23602,103,1,1,128,1,1,16,0.000,0.000,,,,,NVIDIA A100-SXM4-40GB (0),1,,13,cupy_copy__complex64_complex64
2134770514,12576,23612,1434,1,1,128,1,1,16,0.000,0.000,,,,,NVIDIA A100-SXM4-40GB (0),1,,13,cupy_copy__complex64_complex64
2134784305,2080,23619,103,1,1,128,1,1,16,0.000,0.000,,,,,NVIDIA A100-SXM4-40GB (0),1,,13,cupy_copy__complex64_complex64
2134787633,78144,23626,1,1,1,32,32,1,30,0.000,0.000,,,,,NVIDIA A100-SXM4-40GB (0),1,,13,"void convert_kernel<__half2, float2>(tensor_layout_any, T1 *, tensor_layout_any, const T2 *)"
2134892912,4160,23629,,,,,,,,,,0.061,14769.193,Pinned,Device,NVIDIA A100-SXM4-40GB (0),1,,13,[CUDA memcpy Host-to-Device]
2134905200,44992,23630,,,,,,,,,,35.801,795712.137,Device,,NVIDIA A100-SXM4-40GB (0),1,,13,[CUDA memset]
2134956240,2144,23632,,,,,,,,,,0.000,37.313,Pinned,Device,NVIDIA A100-SXM4-40GB (0),1,,13,[CUDA memcpy Host-to-Device]
2134961072,6815,23633,,,,,,,,,,0.131,19232.850,Pinned,Device,NVIDIA A100-SXM4-40GB (0),1,,13,[CUDA memcpy Host-to-Device]
2134974799,8576,23634,273,1,1,48,1,1,40,0.000,0.001,,,,,NVIDIA A100-SXM4-40GB (0),1,,13,"void pusch_noise_intf_est::noiseIntfEstNoDftSOfdmKernel<float, __half, float, float, (unsigned int)2, (unsigned int)1, (unsigned char)4, (unsigned char)4>(pusch_noise_intf_est::puschRxNoiseIntfEstDynDescr)"
2134984943,2400,23645,35,1,1,128,1,1,16,0.000,0.000,,,,,NVIDIA A100-SXM4-40GB (0),1,,13,cupy_copy__complex64_complex64
2135010415,1504,23654,1,1,1,1,1,1,18,0.000,0.000,,,,,NVIDIA A100-SXM4-40GB (0),1,,13,cupy_copy__float32_float32
2135044975,1632,23660,,,,,,,,,,0.000,2.451,Device,Pageable,NVIDIA A100-SXM4-40GB (0),1,,7,[CUDA memcpy Device-to-Host]
2135102478,14368,23671,1434,1,1,128,1,1,16,0.000,0.000,,,,,NVIDIA A100-SXM4-40GB (0),1,,13,cupy_copy__complex64_complex64
2135129102,2336,23678,103,1,1,128,1,1,16,0.000,0.000,,,,,NVIDIA A100-SXM4-40GB (0),1,,13,cupy_copy__complex64_complex64
2135149549,1984,23685,35,1,1,128,1,1,16,0.000,0.000,,,,,NVIDIA A100-SXM4-40GB (0),1,,13,cupy_copy__complex64_complex64
2135170477,1504,23692,1,1,1,1,1,1,18,0.000,0.000,,,,,NVIDIA A100-SXM4-40GB (0),1,,13,cupy_copy__float32_float32
2135303276,78527,23703,1,1,1,32,32,1,30,0.000,0.000,,,,,NVIDIA A100-SXM4-40GB (0),1,,13,"void convert_kernel<__half2, float2>(tensor_layout_any, T1 *, tensor_layout_any, const T2 *)"
2135413387,4415,23706,,,,,,,,,,0.061,13916.160,Pinned,Device,NVIDIA A100-SXM4-40GB (0),1,,13,[CUDA memcpy Host-to-Device]
2135427818,2592,23707,,,,,,,,,,1.547,596690.632,Device,,NVIDIA A100-SXM4-40GB (0),1,,13,[CUDA memset]
2135433898,2784,23712,,,,,,,,,,0.021,7563.210,Pinned,Device,NVIDIA A100-SXM4-40GB (0),1,,13,[CUDA memcpy Host-to-Device]
2135439562,7040,23713,,,,,,,,,,0.131,18618.122,Pinned,Device,NVIDIA A100-SXM4-40GB (0),1,,13,[CUDA memcpy Host-to-Device]
2135450538,5856,23714,273,1,1,8,4,1,39,0.002,0.000,,,,,NVIDIA A100-SXM4-40GB (0),1,,13,"void channel_eq::eqMmseCoefCompLowMimoKernel<float, float, float, (unsigned int)4, (unsigned int)1, (unsigned int)4>(const channel_eq::_puschRxChEqStatDescr *, channel_eq::_puschRxChEqCoefCompDynDescr)"
2135457386,4800,23715,273,1,1,12,11,1,40,0.002,0.000,,,,,NVIDIA A100-SXM4-40GB (0),1,,13,"void channel_eq::eqMmseSoftDemapKernel<float, __half, __half, float, (unsigned int)4, (unsigned short)16383>(channel_eq::_puschRxChEqStatDescr *, channel_eq::_puschRxChEqSoftDemapDynDescr)"
2135463402,282493,23716,1,1,1,32,32,1,30,0.000,0.000,,,,,NVIDIA A100-SXM4-40GB (0),1,,13,"void convert_kernel<float2, __half2>(tensor_layout_any, T1 *, tensor_layout_any, const T2 *)"
2135746919,10368,23728,2253,1,1,128,1,1,16,0.000,0.000,,,,,NVIDIA A100-SXM4-40GB (0),1,,13,cupy_copy__float16_float16
2135758375,2400,23737,282,1,1,128,1,1,16,0.000,0.000,,,,,NVIDIA A100-SXM4-40GB (0),1,,13,cupy_copy__complex64_complex64
2135761767,1760,23746,26,1,1,128,1,1,16,0.000,0.000,,,,,NVIDIA A100-SXM4-40GB (0),1,,13,cupy_copy__float32_float32
2135764775,2496,23755,103,1,1,128,1,1,16,0.000,0.000,,,,,NVIDIA A100-SXM4-40GB (0),1,,13,cupy_copy__complex64_complex64
2135768487,11071,23765,1434,1,1,128,1,1,16,0.000,0.000,,,,,NVIDIA A100-SXM4-40GB (0),1,,13,cupy_copy__complex64_complex64
2135806726,78495,23770,1,1,1,32,32,1,30,0.000,0.000,,,,,NVIDIA A100-SXM4-40GB (0),1,,13,"void convert_kernel<__half2, float2>(tensor_layout_any, T1 *, tensor_layout_any, const T2 *)"
2136056707,4352,23773,,,,,,,,,,0.061,14117.622,Pinned,Device,NVIDIA A100-SXM4-40GB (0),1,,13,[CUDA memcpy Host-to-Device]
2136067651,590682,23774,,,,,,,,,,456.520,772432.652,Device,,NVIDIA A100-SXM4-40GB (0),1,,13,[CUDA memset]
2136664541,32703,23779,,,,,,,,,,0.825,25237.369,Pinned,Device,NVIDIA A100-SXM4-40GB (0),1,,13,[CUDA memcpy Host-to-Device]
2136699548,7456,23780,,,,,,,,,,0.131,17579.377,Pinned,Device,NVIDIA A100-SXM4-40GB (0),1,,13,[CUDA memcpy Host-to-Device]
2136717276,7040,23781,69,4,1,48,1,1,76,0.002,0.000,,,,,NVIDIA A100-SXM4-40GB (0),1,,13,"void ch_est::windowedChEstPreNoDftSOfdmKernel<float, __half, float, (unsigned int)2, (unsigned int)1, (unsigned short)4>(ch_est::puschRxChEstStatDescr_t *, ch_est::puschRxChEstDynDescr_t *)"
2136725404,6080,23782,137,2,1,24,2,1,44,0.001,0.001,,,,,NVIDIA A100-SXM4-40GB (0),1,,13,"void ch_est::chEstFilterNoDftSOfdmDispatchKernel<float, __half, float, (unsigned int)2>(ch_est::puschRxChEstStatDescr_t *, ch_est::puschRxChEstDynDescr_t *)"
2136732508,4544,23783,137,2,1,24,2,1,44,0.001,0.001,,,,,NVIDIA A100-SXM4-40GB (0),1,,13,"void ch_est::chEstFilterNoDftSOfdmDispatchKernel<float, __half, float, (unsigned int)2>(ch_est::puschRxChEstStatDescr_t *, ch_est::puschRxChEstDynDescr_t *)"
2136738108,2528,23794,103,1,1,128,1,1,16,0.000,0.000,,,,,NVIDIA A100-SXM4-40GB (0),1,,13,cupy_copy__complex64_complex64
2136741692,12416,23804,1434,1,1,128,1,1,16,0.000,0.000,,,,,NVIDIA A100-SXM4-40GB (0),1,,13,cupy_copy__complex64_complex64
2136755196,2080,23811,103,1,1,128,1,1,16,0.000,0.000,,,,,NVIDIA A100-SXM4-40GB (0),1,,13,cupy_copy__complex64_complex64
2136758364,78047,23818,1,1,1,32,32,1,30,0.000,0.000,,,,,NVIDIA A100-SXM4-40GB (0),1,,13,"void convert_kernel<__half2, float2>(tensor_layout_any, T1 *, tensor_layout_any, const T2 *)"
2136867482,4160,23821,,,,,,,,,,0.061,14769.193,Pinned,Device,NVIDIA A100-SXM4-40GB (0),1,,13,[CUDA memcpy Host-to-Device]
2136880154,44896,23822,,,,,,,,,,35.801,797394.782,Device,,NVIDIA A100-SXM4-40GB (0),1,,13,[CUDA memset]
2136932538,2048,23824,,,,,,,,,,0.000,39.062,Pinned,Device,NVIDIA A100-SXM4-40GB (0),1,,13,[CUDA memcpy Host-to-Device]
2136937274,7168,23825,,,,,,,,,,0.131,18285.593,Pinned,Device,NVIDIA A100-SXM4-40GB (0),1,,13,[CUDA memcpy Host-to-Device]
2136947994,8511,23826,273,1,1,48,1,1,40,0.000,0.001,,,,,NVIDIA A100-SXM4-40GB (0),1,,13,"void pusch_noise_intf_est::noiseIntfEstNoDftSOfdmKernel<float, __half, float, float, (unsigned int)2, (unsigned int)1, (unsigned char)4, (unsigned char)4>(pusch_noise_intf_est::puschRxNoiseIntfEstDynDescr)"
2136957945,2336,23837,35,1,1,128,1,1,16,0.000,0.000,,,,,NVIDIA A100-SXM4-40GB (0),1,,13,cupy_copy__complex64_complex64
2136992185,1536,23846,1,1,1,1,1,1,18,0.000,0.000,,,,,NVIDIA A100-SXM4-40GB (0),1,,13,cupy_copy__float32_float32
2137026809,1760,23852,,,,,,,,,,0.000,2.273,Device,Pageable,NVIDIA A100-SXM4-40GB (0),1,,7,[CUDA memcpy Device-to-Host]
2137085912,13632,23863,1434,1,1,128,1,1,16,0.000,0.000,,,,,NVIDIA A100-SXM4-40GB (0),1,,13,cupy_copy__complex64_complex64
2137112024,2368,23870,103,1,1,128,1,1,16,0.000,0.000,,,,,NVIDIA A100-SXM4-40GB (0),1,,13,cupy_copy__complex64_complex64
2137136855,2016,23877,35,1,1,128,1,1,16,0.000,0.000,,,,,NVIDIA A100-SXM4-40GB (0),1,,13,cupy_copy__complex64_complex64
2137154807,1472,23884,1,1,1,1,1,1,18,0.000,0.000,,,,,NVIDIA A100-SXM4-40GB (0),1,,13,cupy_copy__float32_float32
2137289270,78239,23895,1,1,1,32,32,1,30,0.000,0.000,,,,,NVIDIA A100-SXM4-40GB (0),1,,13,"void convert_kernel<__half2, float2>(tensor_layout_any, T1 *, tensor_layout_any, const T2 *)"
2137527731,4640,23898,,,,,,,,,,0.061,13241.364,Pinned,Device,NVIDIA A100-SXM4-40GB (0),1,,13,[CUDA memcpy Host-to-Device]
2137538035,2624,23899,,,,,,,,,,1.547,589413.767,Device,,NVIDIA A100-SXM4-40GB (0),1,,13,[CUDA memset]
2137541235,2784,23904,,,,,,,,,,0.021,7563.210,Pinned,Device,NVIDIA A100-SXM4-40GB (0),1,,13,[CUDA memcpy Host-to-Device]
2137546611,7424,23905,,,,,,,,,,0.131,17655.136,Pinned,Device,NVIDIA A100-SXM4-40GB (0),1,,13,[CUDA memcpy Host-to-Device]
2137564115,5792,23906,273,1,1,8,4,1,39,0.002,0.000,,,,,NVIDIA A100-SXM4-40GB (0),1,,13,"void channel_eq::eqMmseCoefCompLowMimoKernel<float, float, float, (unsigned int)4, (unsigned int)1, (unsigned int)4>(const channel_eq::_puschRxChEqStatDescr *, channel_eq::_puschRxChEqCoefCompDynDescr)"
2137571187,4800,23907,273,1,1,12,11,1,40,0.002,0.000,,,,,NVIDIA A100-SXM4-40GB (0),1,,13,"void channel_eq::eqMmseSoftDemapKernel<float, __half, __half, float, (unsigned int)4, (unsigned short)16383>(channel_eq::_puschRxChEqStatDescr *, channel_eq::_puschRxChEqSoftDemapDynDescr)"
2137577011,281916,23908,1,1,1,32,32,1,30,0.000,0.000,,,,,NVIDIA A100-SXM4-40GB (0),1,,13,"void convert_kernel<float2, __half2>(tensor_layout_any, T1 *, tensor_layout_any, const T2 *)"
2137859983,10272,23920,2253,1,1,128,1,1,16,0.000,0.000,,,,,NVIDIA A100-SXM4-40GB (0),1,,13,cupy_copy__float16_float16
2137871503,2432,23929,282,1,1,128,1,1,16,0.000,0.000,,,,,NVIDIA A100-SXM4-40GB (0),1,,13,cupy_copy__complex64_complex64
2137874959,1760,23938,26,1,1,128,1,1,16,0.000,0.000,,,,,NVIDIA A100-SXM4-40GB (0),1,,13,cupy_copy__float32_float32
2137877871,2528,23947,103,1,1,128,1,1,16,0.000,0.000,,,,,NVIDIA A100-SXM4-40GB (0),1,,13,cupy_copy__complex64_complex64
2137881519,11296,23957,1434,1,1,128,1,1,16,0.000,0.000,,,,,NVIDIA A100-SXM4-40GB (0),1,,13,cupy_copy__complex64_complex64
2138043949,78848,23962,1,1,1,32,32,1,30,0.000,0.000,,,,,NVIDIA A100-SXM4-40GB (0),1,,13,"void convert_kernel<__half2, float2>(tensor_layout_any, T1 *, tensor_layout_any, const T2 *)"
2138153772,4672,23965,,,,,,,,,,0.061,13150.679,Pinned,Device,NVIDIA A100-SXM4-40GB (0),1,,13,[CUDA memcpy Host-to-Device]
2138165196,587802,23966,,,,,,,,,,456.520,776541.336,Device,,NVIDIA A100-SXM4-40GB (0),1,,13,[CUDA memset]
2138759749,33056,23971,,,,,,,,,,0.825,24967.481,Pinned,Device,NVIDIA A100-SXM4-40GB (0),1,,13,[CUDA memcpy Host-to-Device]
2138795749,6720,23972,,,,,,,,,,0.131,19504.693,Pinned,Device,NVIDIA A100-SXM4-40GB (0),1,,13,[CUDA memcpy Host-to-Device]
2138811333,7520,23973,69,4,1,48,1,1,76,0.002,0.000,,,,,NVIDIA A100-SXM4-40GB (0),1,,13,"void ch_est::windowedChEstPreNoDftSOfdmKernel<float, __half, float, (unsigned int)2, (unsigned int)1, (unsigned short)4>(ch_est::puschRxChEstStatDescr_t *, ch_est::puschRxChEstDynDescr_t *)"
2138820069,6272,23974,137,2,1,24,2,1,44,0.001,0.001,,,,,NVIDIA A100-SXM4-40GB (0),1,,13,"void ch_est::chEstFilterNoDftSOfdmDispatchKernel<float, __half, float, (unsigned int)2>(ch_est::puschRxChEstStatDescr_t *, ch_est::puschRxChEstDynDescr_t *)"
2138827621,4544,23975,137,2,1,24,2,1,44,0.001,0.001,,,,,NVIDIA A100-SXM4-40GB (0),1,,13,"void ch_est::chEstFilterNoDftSOfdmDispatchKernel<float, __half, float, (unsigned int)2>(ch_est::puschRxChEstStatDescr_t *, ch_est::puschRxChEstDynDescr_t *)"
2138833413,2144,23986,103,1,1,128,1,1,16,0.000,0.000,,,,,NVIDIA A100-SXM4-40GB (0),1,,13,cupy_copy__complex64_complex64
2138836837,12447,23996,1434,1,1,128,1,1,16,0.000,0.000,,,,,NVIDIA A100-SXM4-40GB (0),1,,13,cupy_copy__complex64_complex64
2138850500,2112,24003,103,1,1,128,1,1,16,0.000,0.000,,,,,NVIDIA A100-SXM4-40GB (0),1,,13,cupy_copy__complex64_complex64
2138853668,79136,24010,1,1,1,32,32,1,30,0.000,0.000,,,,,NVIDIA A100-SXM4-40GB (0),1,,13,"void convert_kernel<__half2, float2>(tensor_layout_any, T1 *, tensor_layout_any, const T2 *)"
2138960835,5120,24013,,,,,,,,,,0.061,11999.969,Pinned,Device,NVIDIA A100-SXM4-40GB (0),1,,13,[CUDA memcpy Host-to-Device]
2138973667,45440,24014,,,,,,,,,,35.801,787871.727,Device,,NVIDIA A100-SXM4-40GB (0),1,,13,[CUDA memset]
2139025571,1951,24016,,,,,,,,,,0.000,41.005,Pinned,Device,NVIDIA A100-SXM4-40GB (0),1,,13,[CUDA memcpy Host-to-Device]
2139030626,7424,24017,,,,,,,,,,0.131,17655.136,Pinned,Device,NVIDIA A100-SXM4-40GB (0),1,,13,[CUDA memcpy Host-to-Device]
2139042754,8512,24018,273,1,1,48,1,1,40,0.000,0.001,,,,,NVIDIA A100-SXM4-40GB (0),1,,13,"void pusch_noise_intf_est::noiseIntfEstNoDftSOfdmKernel<float, __half, float, float, (unsigned int)2, (unsigned int)1, (unsigned char)4, (unsigned char)4>(pusch_noise_intf_est::puschRxNoiseIntfEstDynDescr)"
2139052834,2208,24029,35,1,1,128,1,1,16,0.000,0.000,,,,,NVIDIA A100-SXM4-40GB (0),1,,13,cupy_copy__complex64_complex64
2139081826,1504,24038,1,1,1,1,1,1,18,0.000,0.000,,,,,NVIDIA A100-SXM4-40GB (0),1,,13,cupy_copy__float32_float32
2139116353,1728,24044,,,,,,,,,,0.000,2.315,Device,Pageable,NVIDIA A100-SXM4-40GB (0),1,,7,[CUDA memcpy Device-to-Host]
2139175137,13408,24055,1434,1,1,128,1,1,16,0.000,0.000,,,,,NVIDIA A100-SXM4-40GB (0),1,,13,cupy_copy__complex64_complex64
2139204961,2367,24062,103,1,1,128,1,1,16,0.000,0.000,,,,,NVIDIA A100-SXM4-40GB (0),1,,13,cupy_copy__complex64_complex64
2139225536,2016,24069,35,1,1,128,1,1,16,0.000,0.000,,,,,NVIDIA A100-SXM4-40GB (0),1,,13,cupy_copy__complex64_complex64
2139242688,1472,24076,1,1,1,1,1,1,18,0.000,0.000,,,,,NVIDIA A100-SXM4-40GB (0),1,,13,cupy_copy__float32_float32
2139376223,78207,24087,1,1,1,32,32,1,30,0.000,0.000,,,,,NVIDIA A100-SXM4-40GB (0),1,,13,"void convert_kernel<__half2, float2>(tensor_layout_any, T1 *, tensor_layout_any, const T2 *)"
2139482717,4160,24090,,,,,,,,,,0.061,14769.193,Pinned,Device,NVIDIA A100-SXM4-40GB (0),1,,13,[CUDA memcpy Host-to-Device]
2139496701,2592,24091,,,,,,,,,,1.547,596690.632,Device,,NVIDIA A100-SXM4-40GB (0),1,,13,[CUDA memset]
2139502845,2752,24096,,,,,,,,,,0.021,7651.161,Pinned,Device,NVIDIA A100-SXM4-40GB (0),1,,13,[CUDA memcpy Host-to-Device]
2139508477,6976,24097,,,,,,,,,,0.131,18788.909,Pinned,Device,NVIDIA A100-SXM4-40GB (0),1,,13,[CUDA memcpy Host-to-Device]
2139519485,5824,24098,273,1,1,8,4,1,39,0.002,0.000,,,,,NVIDIA A100-SXM4-40GB (0),1,,13,"void channel_eq::eqMmseCoefCompLowMimoKernel<float, float, float, (unsigned int)4, (unsigned int)1, (unsigned int)4>(const channel_eq::_puschRxChEqStatDescr *, channel_eq::_puschRxChEqCoefCompDynDescr)"
2139526557,4864,24099,273,1,1,12,11,1,40,0.002,0.000,,,,,NVIDIA A100-SXM4-40GB (0),1,,13,"void channel_eq::eqMmseSoftDemapKernel<float, __half, __half, float, (unsigned int)4, (unsigned short)16383>(channel_eq::_puschRxChEqStatDescr *, channel_eq::_puschRxChEqSoftDemapDynDescr)"
2139532637,282429,24100,1,1,1,32,32,1,30,0.000,0.000,,,,,NVIDIA A100-SXM4-40GB (0),1,,13,"void convert_kernel<float2, __half2>(tensor_layout_any, T1 *, tensor_layout_any, const T2 *)"
2139816250,10336,24112,2253,1,1,128,1,1,16,0.000,0.000,,,,,NVIDIA A100-SXM4-40GB (0),1,,13,cupy_copy__float16_float16
2139827770,2400,24121,282,1,1,128,1,1,16,0.000,0.000,,,,,NVIDIA A100-SXM4-40GB (0),1,,13,cupy_copy__complex64_complex64
2139831194,1760,24130,26,1,1,128,1,1,16,0.000,0.000,,,,,NVIDIA A100-SXM4-40GB (0),1,,13,cupy_copy__float32_float32
2139834106,2560,24139,103,1,1,128,1,1,16,0.000,0.000,,,,,NVIDIA A100-SXM4-40GB (0),1,,13,cupy_copy__complex64_complex64
2139837850,11231,24149,1434,1,1,128,1,1,16,0.000,0.000,,,,,NVIDIA A100-SXM4-40GB (0),1,,13,cupy_copy__complex64_complex64
2139871929,78367,24154,1,1,1,32,32,1,30,0.000,0.000,,,,,NVIDIA A100-SXM4-40GB (0),1,,13,"void convert_kernel<__half2, float2>(tensor_layout_any, T1 *, tensor_layout_any, const T2 *)"
2139978296,4736,24157,,,,,,,,,,0.061,12972.933,Pinned,Device,NVIDIA A100-SXM4-40GB (0),1,,13,[CUDA memcpy Host-to-Device]
2139989016,587385,24158,,,,,,,,,,456.520,776997.857,Device,,NVIDIA A100-SXM4-40GB (0),1,,13,[CUDA memset]
2140582449,32960,24163,,,,,,,,,,0.825,25040.112,Pinned,Device,NVIDIA A100-SXM4-40GB (0),1,,13,[CUDA memcpy Host-to-Device]
2140618193,6816,24164,,,,,,,,,,0.131,19229.966,Pinned,Device,NVIDIA A100-SXM4-40GB (0),1,,13,[CUDA memcpy Host-to-Device]
2140629905,7264,24165,69,4,1,48,1,1,76,0.002,0.000,,,,,NVIDIA A100-SXM4-40GB (0),1,,13,"void ch_est::windowedChEstPreNoDftSOfdmKernel<float, __half, float, (unsigned int)2, (unsigned int)1, (unsigned short)4>(ch_est::puschRxChEstStatDescr_t *, ch_est::puschRxChEstDynDescr_t *)"
2140638385,6272,24166,137,2,1,24,2,1,44,0.001,0.001,,,,,NVIDIA A100-SXM4-40GB (0),1,,13,"void ch_est::chEstFilterNoDftSOfdmDispatchKernel<float, __half, float, (unsigned int)2>(ch_est::puschRxChEstStatDescr_t *, ch_est::puschRxChEstDynDescr_t *)"
2140645649,4576,24167,137,2,1,24,2,1,44,0.001,0.001,,,,,NVIDIA A100-SXM4-40GB (0),1,,13,"void ch_est::chEstFilterNoDftSOfdmDispatchKernel<float, __half, float, (unsigned int)2>(ch_est::puschRxChEstStatDescr_t *, ch_est::puschRxChEstDynDescr_t *)"
2140651440,2176,24178,103,1,1,128,1,1,16,0.000,0.000,,,,,NVIDIA A100-SXM4-40GB (0),1,,13,cupy_copy__complex64_complex64
2140654928,12512,24188,1434,1,1,128,1,1,16,0.000,0.000,,,,,NVIDIA A100-SXM4-40GB (0),1,,13,cupy_copy__complex64_complex64
2140668656,2048,24195,103,1,1,128,1,1,16,0.000,0.000,,,,,NVIDIA A100-SXM4-40GB (0),1,,13,cupy_copy__complex64_complex64
2140671792,78591,24202,1,1,1,32,32,1,30,0.000,0.000,,,,,NVIDIA A100-SXM4-40GB (0),1,,13,"void convert_kernel<__half2, float2>(tensor_layout_any, T1 *, tensor_layout_any, const T2 *)"
2140777871,4384,24205,,,,,,,,,,0.061,14014.587,Pinned,Device,NVIDIA A100-SXM4-40GB (0),1,,13,[CUDA memcpy Host-to-Device]
2140790703,45119,24206,,,,,,,,,,35.801,793456.676,Device,,NVIDIA A100-SXM4-40GB (0),1,,13,[CUDA memset]
2140843566,2144,24208,,,,,,,,,,0.000,37.313,Pinned,Device,NVIDIA A100-SXM4-40GB (0),1,,13,[CUDA memcpy Host-to-Device]
2140848878,7296,24209,,,,,,,,,,0.131,17964.859,Pinned,Device,NVIDIA A100-SXM4-40GB (0),1,,13,[CUDA memcpy Host-to-Device]
2140861070,8288,24210,273,1,1,48,1,1,40,0.000,0.001,,,,,NVIDIA A100-SXM4-40GB (0),1,,13,"void pusch_noise_intf_est::noiseIntfEstNoDftSOfdmKernel<float, __half, float, float, (unsigned int)2, (unsigned int)1, (unsigned char)4, (unsigned char)4>(pusch_noise_intf_est::puschRxNoiseIntfEstDynDescr)"
2140870830,2304,24221,35,1,1,128,1,1,16,0.000,0.000,,,,,NVIDIA A100-SXM4-40GB (0),1,,13,cupy_copy__complex64_complex64
2140897870,1504,24230,1,1,1,1,1,1,18,0.000,0.000,,,,,NVIDIA A100-SXM4-40GB (0),1,,13,cupy_copy__float32_float32
2140931597,1632,24236,,,,,,,,,,0.000,2.451,Device,Pageable,NVIDIA A100-SXM4-40GB (0),1,,7,[CUDA memcpy Device-to-Host]
2140992429,13184,24247,1434,1,1,128,1,1,16,0.000,0.000,,,,,NVIDIA A100-SXM4-40GB (0),1,,13,cupy_copy__complex64_complex64
2141018124,2336,24254,103,1,1,128,1,1,16,0.000,0.000,,,,,NVIDIA A100-SXM4-40GB (0),1,,13,cupy_copy__complex64_complex64
2141038380,1984,24261,35,1,1,128,1,1,16,0.000,0.000,,,,,NVIDIA A100-SXM4-40GB (0),1,,13,cupy_copy__complex64_complex64
2141055788,1472,24268,1,1,1,1,1,1,18,0.000,0.000,,,,,NVIDIA A100-SXM4-40GB (0),1,,13,cupy_copy__float32_float32
2141187979,78655,24279,1,1,1,32,32,1,30,0.000,0.000,,,,,NVIDIA A100-SXM4-40GB (0),1,,13,"void convert_kernel<__half2, float2>(tensor_layout_any, T1 *, tensor_layout_any, const T2 *)"
2141442696,5824,24282,,,,,,,,,,0.061,10549.432,Pinned,Device,NVIDIA A100-SXM4-40GB (0),1,,13,[CUDA memcpy Host-to-Device]
2141453352,2592,24283,,,,,,,,,,1.547,596690.632,Device,,NVIDIA A100-SXM4-40GB (0),1,,13,[CUDA memset]
2141463783,2752,24288,,,,,,,,,,0.021,7651.161,Pinned,Device,NVIDIA A100-SXM4-40GB (0),1,,13,[CUDA memcpy Host-to-Device]
2141469991,6816,24289,,,,,,,,,,0.131,19229.966,Pinned,Device,NVIDIA A100-SXM4-40GB (0),1,,13,[CUDA memcpy Host-to-Device]
2141488039,5856,24290,273,1,1,8,4,1,39,0.002,0.000,,,,,NVIDIA A100-SXM4-40GB (0),1,,13,"void channel_eq::eqMmseCoefCompLowMimoKernel<float, float, float, (unsigned int)4, (unsigned int)1, (unsigned int)4>(const channel_eq::_puschRxChEqStatDescr *, channel_eq::_puschRxChEqCoefCompDynDescr)"
2141495111,4832,24291,273,1,1,12,11,1,40,0.002,0.000,,,,,NVIDIA A100-SXM4-40GB (0),1,,13,"void channel_eq::eqMmseSoftDemapKernel<float, __half, __half, float, (unsigned int)4, (unsigned short)16383>(channel_eq::_puschRxChEqStatDescr *, channel_eq::_puschRxChEqSoftDemapDynDescr)"
2141501191,281789,24292,1,1,1,32,32,1,30,0.000,0.000,,,,,NVIDIA A100-SXM4-40GB (0),1,,13,"void convert_kernel<float2, __half2>(tensor_layout_any, T1 *, tensor_layout_any, const T2 *)"
2141784164,10240,24304,2253,1,1,128,1,1,16,0.000,0.000,,,,,NVIDIA A100-SXM4-40GB (0),1,,13,cupy_copy__float16_float16
2141795396,2400,24313,282,1,1,128,1,1,16,0.000,0.000,,,,,NVIDIA A100-SXM4-40GB (0),1,,13,cupy_copy__complex64_complex64
2141798820,1760,24322,26,1,1,128,1,1,16,0.000,0.000,,,,,NVIDIA A100-SXM4-40GB (0),1,,13,cupy_copy__float32_float32
2141801764,2528,24331,103,1,1,128,1,1,16,0.000,0.000,,,,,NVIDIA A100-SXM4-40GB (0),1,,13,cupy_copy__complex64_complex64
2141805540,11392,24341,1434,1,1,128,1,1,16,0.000,0.000,,,,,NVIDIA A100-SXM4-40GB (0),1,,13,cupy_copy__complex64_complex64
2141960610,78943,24346,1,1,1,32,32,1,30,0.000,0.000,,,,,NVIDIA A100-SXM4-40GB (0),1,,13,"void convert_kernel<__half2, float2>(tensor_layout_any, T1 *, tensor_layout_any, const T2 *)"
2142070721,4576,24349,,,,,,,,,,0.061,13426.545,Pinned,Device,NVIDIA A100-SXM4-40GB (0),1,,13,[CUDA memcpy Host-to-Device]
2142082337,587321,24350,,,,,,,,,,456.520,776997.857,Device,,NVIDIA A100-SXM4-40GB (0),1,,13,[CUDA memset]
2142672346,33760,24355,,,,,,,,,,0.825,24446.689,Pinned,Device,NVIDIA A100-SXM4-40GB (0),1,,13,[CUDA memcpy Host-to-Device]
2142709146,7232,24356,,,,,,,,,,0.131,18123.850,Pinned,Device,NVIDIA A100-SXM4-40GB (0),1,,13,[CUDA memcpy Host-to-Device]
2142728057,7040,24357,69,4,1,48,1,1,76,0.002,0.000,,,,,NVIDIA A100-SXM4-40GB (0),1,,13,"void ch_est::windowedChEstPreNoDftSOfdmKernel<float, __half, float, (unsigned int)2, (unsigned int)1, (unsigned short)4>(ch_est::puschRxChEstStatDescr_t *, ch_est::puschRxChEstDynDescr_t *)"
2142736121,6112,24358,137,2,1,24,2,1,44,0.001,0.001,,,,,NVIDIA A100-SXM4-40GB (0),1,,13,"void ch_est::chEstFilterNoDftSOfdmDispatchKernel<float, __half, float, (unsigned int)2>(ch_est::puschRxChEstStatDescr_t *, ch_est::puschRxChEstDynDescr_t *)"
2142743513,4544,24359,137,2,1,24,2,1,44,0.001,0.001,,,,,NVIDIA A100-SXM4-40GB (0),1,,13,"void ch_est::chEstFilterNoDftSOfdmDispatchKernel<float, __half, float, (unsigned int)2>(ch_est::puschRxChEstStatDescr_t *, ch_est::puschRxChEstDynDescr_t *)"
2142749305,2176,24370,103,1,1,128,1,1,16,0.000,0.000,,,,,NVIDIA A100-SXM4-40GB (0),1,,13,cupy_copy__complex64_complex64
2142752441,12544,24380,1434,1,1,128,1,1,16,0.000,0.000,,,,,NVIDIA A100-SXM4-40GB (0),1,,13,cupy_copy__complex64_complex64
2142766169,2112,24387,103,1,1,128,1,1,16,0.000,0.000,,,,,NVIDIA A100-SXM4-40GB (0),1,,13,cupy_copy__complex64_complex64
2142769529,78719,24394,1,1,1,32,32,1,30,0.000,0.000,,,,,NVIDIA A100-SXM4-40GB (0),1,,13,"void convert_kernel<__half2, float2>(tensor_layout_any, T1 *, tensor_layout_any, const T2 *)"
2143009494,4352,24397,,,,,,,,,,0.061,14117.622,Pinned,Device,NVIDIA A100-SXM4-40GB (0),1,,13,[CUDA memcpy Host-to-Device]
2143021974,45952,24398,,,,,,,,,,35.801,779064.691,Device,,NVIDIA A100-SXM4-40GB (0),1,,13,[CUDA memset]
2143073398,1984,24400,,,,,,,,,,0.000,40.323,Pinned,Device,NVIDIA A100-SXM4-40GB (0),1,,13,[CUDA memcpy Host-to-Device]
2143078518,7232,24401,,,,,,,,,,0.131,18123.850,Pinned,Device,NVIDIA A100-SXM4-40GB (0),1,,13,[CUDA memcpy Host-to-Device]
2143094677,8992,24402,273,1,1,48,1,1,40,0.000,0.001,,,,,NVIDIA A100-SXM4-40GB (0),1,,13,"void pusch_noise_intf_est::noiseIntfEstNoDftSOfdmKernel<float, __half, float, float, (unsigned int)2, (unsigned int)1, (unsigned char)4, (unsigned char)4>(pusch_noise_intf_est::puschRxNoiseIntfEstDynDescr)"
2143105141,2272,24413,35,1,1,128,1,1,16,0.000,0.000,,,,,NVIDIA A100-SXM4-40GB (0),1,,13,cupy_copy__complex64_complex64
2143114773,1504,24422,1,1,1,1,1,1,18,0.000,0.000,,,,,NVIDIA A100-SXM4-40GB (0),1,,13,cupy_copy__float32_float32
2143154549,1728,24428,,,,,,,,,,0.000,2.315,Device,Pageable,NVIDIA A100-SXM4-40GB (0),1,,7,[CUDA memcpy Device-to-Host]
2143214260,12960,24439,1434,1,1,128,1,1,16,0.000,0.000,,,,,NVIDIA A100-SXM4-40GB (0),1,,13,cupy_copy__complex64_complex64
2143240500,2304,24446,103,1,1,128,1,1,16,0.000,0.000,,,,,NVIDIA A100-SXM4-40GB (0),1,,13,cupy_copy__complex64_complex64
2143260980,2016,24453,35,1,1,128,1,1,16,0.000,0.000,,,,,NVIDIA A100-SXM4-40GB (0),1,,13,cupy_copy__complex64_complex64
2143278643,1472,24460,1,1,1,1,1,1,18,0.000,0.000,,,,,NVIDIA A100-SXM4-40GB (0),1,,13,cupy_copy__float32_float32
2143542960,78784,24471,1,1,1,32,32,1,30,0.000,0.000,,,,,NVIDIA A100-SXM4-40GB (0),1,,13,"void convert_kernel<__half2, float2>(tensor_layout_any, T1 *, tensor_layout_any, const T2 *)"
2143653007,4160,24474,,,,,,,,,,0.061,14769.193,Pinned,Device,NVIDIA A100-SXM4-40GB (0),1,,13,[CUDA memcpy Host-to-Device]
2143667503,2592,24475,,,,,,,,,,1.547,596690.632,Device,,NVIDIA A100-SXM4-40GB (0),1,,13,[CUDA memset]
2143673807,3008,24480,,,,,,,,,,0.021,6999.983,Pinned,Device,NVIDIA A100-SXM4-40GB (0),1,,13,[CUDA memcpy Host-to-Device]
2143679695,7136,24481,,,,,,,,,,0.131,18367.644,Pinned,Device,NVIDIA A100-SXM4-40GB (0),1,,13,[CUDA memcpy Host-to-Device]
2143690319,5952,24482,273,1,1,8,4,1,39,0.002,0.000,,,,,NVIDIA A100-SXM4-40GB (0),1,,13,"void channel_eq::eqMmseCoefCompLowMimoKernel<float, float, float, (unsigned int)4, (unsigned int)1, (unsigned int)4>(const channel_eq::_puschRxChEqStatDescr *, channel_eq::_puschRxChEqCoefCompDynDescr)"
2143697487,4832,24483,273,1,1,12,11,1,40,0.002,0.000,,,,,NVIDIA A100-SXM4-40GB (0),1,,13,"void channel_eq::eqMmseSoftDemapKernel<float, __half, __half, float, (unsigned int)4, (unsigned short)16383>(channel_eq::_puschRxChEqStatDescr *, channel_eq::_puschRxChEqSoftDemapDynDescr)"
2143703535,282365,24484,1,1,1,32,32,1,30,0.000,0.000,,,,,NVIDIA A100-SXM4-40GB (0),1,,13,"void convert_kernel<float2, __half2>(tensor_layout_any, T1 *, tensor_layout_any, const T2 *)"
2143986924,10303,24496,2253,1,1,128,1,1,16,0.000,0.000,,,,,NVIDIA A100-SXM4-40GB (0),1,,13,cupy_copy__float16_float16
2143998443,2400,24505,282,1,1,128,1,1,16,0.000,0.000,,,,,NVIDIA A100-SXM4-40GB (0),1,,13,cupy_copy__complex64_complex64
2144001867,1760,24514,26,1,1,128,1,1,16,0.000,0.000,,,,,NVIDIA A100-SXM4-40GB (0),1,,13,cupy_copy__float32_float32
2144004843,2528,24523,103,1,1,128,1,1,16,0.000,0.000,,,,,NVIDIA A100-SXM4-40GB (0),1,,13,cupy_copy__complex64_complex64
2144008555,11232,24533,1434,1,1,128,1,1,16,0.000,0.000,,,,,NVIDIA A100-SXM4-40GB (0),1,,13,cupy_copy__complex64_complex64
2144054859,78143,24538,1,1,1,32,32,1,30,0.000,0.000,,,,,NVIDIA A100-SXM4-40GB (0),1,,13,"void convert_kernel<__half2, float2>(tensor_layout_any, T1 *, tensor_layout_any, const T2 *)"
2144161066,4160,24541,,,,,,,,,,0.061,14769.193,Pinned,Device,NVIDIA A100-SXM4-40GB (0),1,,13,[CUDA memcpy Host-to-Device]
2144172393,587962,24542,,,,,,,,,,456.520,776084.816,Device,,NVIDIA A100-SXM4-40GB (0),1,,13,[CUDA memset]
2144766467,32736,24547,,,,,,,,,,0.825,25211.783,Pinned,Device,NVIDIA A100-SXM4-40GB (0),1,,13,[CUDA memcpy Host-to-Device]
2144802275,7359,24548,,,,,,,,,,0.131,17811.112,Pinned,Device,NVIDIA A100-SXM4-40GB (0),1,,13,[CUDA memcpy Host-to-Device]
2144819074,7136,24549,69,4,1,48,1,1,76,0.002,0.000,,,,,NVIDIA A100-SXM4-40GB (0),1,,13,"void ch_est::windowedChEstPreNoDftSOfdmKernel<float, __half, float, (unsigned int)2, (unsigned int)1, (unsigned short)4>(ch_est::puschRxChEstStatDescr_t *, ch_est::puschRxChEstDynDescr_t *)"
2144827202,6240,24550,137,2,1,24,2,1,44,0.001,0.001,,,,,NVIDIA A100-SXM4-40GB (0),1,,13,"void ch_est::chEstFilterNoDftSOfdmDispatchKernel<float, __half, float, (unsigned int)2>(ch_est::puschRxChEstStatDescr_t *, ch_est::puschRxChEstDynDescr_t *)"
2144834466,4576,24551,137,2,1,24,2,1,44,0.001,0.001,,,,,NVIDIA A100-SXM4-40GB (0),1,,13,"void ch_est::chEstFilterNoDftSOfdmDispatchKernel<float, __half, float, (unsigned int)2>(ch_est::puschRxChEstStatDescr_t *, ch_est::puschRxChEstDynDescr_t *)"
2144840098,2176,24562,103,1,1,128,1,1,16,0.000,0.000,,,,,NVIDIA A100-SXM4-40GB (0),1,,13,cupy_copy__complex64_complex64
2144843586,12608,24572,1434,1,1,128,1,1,16,0.000,0.000,,,,,NVIDIA A100-SXM4-40GB (0),1,,13,cupy_copy__complex64_complex64
2144857378,2080,24579,103,1,1,128,1,1,16,0.000,0.000,,,,,NVIDIA A100-SXM4-40GB (0),1,,13,cupy_copy__complex64_complex64
2144860578,78783,24586,1,1,1,32,32,1,30,0.000,0.000,,,,,NVIDIA A100-SXM4-40GB (0),1,,13,"void convert_kernel<__half2, float2>(tensor_layout_any, T1 *, tensor_layout_any, const T2 *)"
2144966657,4128,24589,,,,,,,,,,0.061,14883.717,Pinned,Device,NVIDIA A100-SXM4-40GB (0),1,,13,[CUDA memcpy Host-to-Device]
2144978177,45183,24590,,,,,,,,,,35.801,792346.847,Device,,NVIDIA A100-SXM4-40GB (0),1,,13,[CUDA memset]
2145030656,2112,24592,,,,,,,,,,0.000,37.879,Pinned,Device,NVIDIA A100-SXM4-40GB (0),1,,13,[CUDA memcpy Host-to-Device]
2145034912,7232,24593,,,,,,,,,,0.131,18123.850,Pinned,Device,NVIDIA A100-SXM4-40GB (0),1,,13,[CUDA memcpy Host-to-Device]
2145048896,8448,24594,273,1,1,48,1,1,40,0.000,0.001,,,,,NVIDIA A100-SXM4-40GB (0),1,,13,"void pusch_noise_intf_est::noiseIntfEstNoDftSOfdmKernel<float, __half, float, float, (unsigned int)2, (unsigned int)1, (unsigned char)4, (unsigned char)4>(pusch_noise_intf_est::puschRxNoiseIntfEstDynDescr)"
2145058816,2272,24605,35,1,1,128,1,1,16,0.000,0.000,,,,,NVIDIA A100-SXM4-40GB (0),1,,13,cupy_copy__complex64_complex64
2145089183,1504,24614,1,1,1,1,1,1,18,0.000,0.000,,,,,NVIDIA A100-SXM4-40GB (0),1,,13,cupy_copy__float32_float32
2145123231,1728,24620,,,,,,,,,,0.000,2.315,Device,Pageable,NVIDIA A100-SXM4-40GB (0),1,,7,[CUDA memcpy Device-to-Host]
2145180766,13216,24631,1434,1,1,128,1,1,16,0.000,0.000,,,,,NVIDIA A100-SXM4-40GB (0),1,,13,cupy_copy__complex64_complex64
2145206750,2400,24638,103,1,1,128,1,1,16,0.000,0.000,,,,,NVIDIA A100-SXM4-40GB (0),1,,13,cupy_copy__complex64_complex64
2145227070,1984,24645,35,1,1,128,1,1,16,0.000,0.000,,,,,NVIDIA A100-SXM4-40GB (0),1,,13,cupy_copy__complex64_complex64
2145244382,1472,24652,1,1,1,1,1,1,18,0.000,0.000,,,,,NVIDIA A100-SXM4-40GB (0),1,,13,cupy_copy__float32_float32
2145377180,79263,24663,1,1,1,32,32,1,30,0.000,0.000,,,,,NVIDIA A100-SXM4-40GB (0),1,,13,"void convert_kernel<__half2, float2>(tensor_layout_any, T1 *, tensor_layout_any, const T2 *)"
2145484379,4128,24666,,,,,,,,,,0.061,14883.717,Pinned,Device,NVIDIA A100-SXM4-40GB (0),1,,13,[CUDA memcpy Host-to-Device]
2145498779,2624,24667,,,,,,,,,,1.547,589413.767,Device,,NVIDIA A100-SXM4-40GB (0),1,,13,[CUDA memset]
2145505083,2720,24672,,,,,,,,,,0.021,7741.175,Pinned,Device,NVIDIA A100-SXM4-40GB (0),1,,13,[CUDA memcpy Host-to-Device]
2145510843,7264,24673,,,,,,,,,,0.131,18044.027,Pinned,Device,NVIDIA A100-SXM4-40GB (0),1,,13,[CUDA memcpy Host-to-Device]
2145529722,5856,24674,273,1,1,8,4,1,39,0.002,0.000,,,,,NVIDIA A100-SXM4-40GB (0),1,,13,"void channel_eq::eqMmseCoefCompLowMimoKernel<float, float, float, (unsigned int)4, (unsigned int)1, (unsigned int)4>(const channel_eq::_puschRxChEqStatDescr *, channel_eq::_puschRxChEqCoefCompDynDescr)"
2145536826,4800,24675,273,1,1,12,11,1,40,0.002,0.000,,,,,NVIDIA A100-SXM4-40GB (0),1,,13,"void channel_eq::eqMmseSoftDemapKernel<float, __half, __half, float, (unsigned int)4, (unsigned short)16383>(channel_eq::_puschRxChEqStatDescr *, channel_eq::_puschRxChEqSoftDemapDynDescr)"
2145542874,281949,24676,1,1,1,32,32,1,30,0.000,0.000,,,,,NVIDIA A100-SXM4-40GB (0),1,,13,"void convert_kernel<float2, __half2>(tensor_layout_any, T1 *, tensor_layout_any, const T2 *)"
2145825943,10208,24688,2253,1,1,128,1,1,16,0.000,0.000,,,,,NVIDIA A100-SXM4-40GB (0),1,,13,cupy_copy__float16_float16
2145837143,2400,24697,282,1,1,128,1,1,16,0.000,0.000,,,,,NVIDIA A100-SXM4-40GB (0),1,,13,cupy_copy__complex64_complex64
2145840567,1760,24706,26,1,1,128,1,1,16,0.000,0.000,,,,,NVIDIA A100-SXM4-40GB (0),1,,13,cupy_copy__float32_float32
2145843543,2528,24715,103,1,1,128,1,1,16,0.000,0.000,,,,,NVIDIA A100-SXM4-40GB (0),1,,13,cupy_copy__complex64_complex64
2145847287,11168,24725,1434,1,1,128,1,1,16,0.000,0.000,,,,,NVIDIA A100-SXM4-40GB (0),1,,13,cupy_copy__complex64_complex64
2145886966,78208,24730,1,1,1,32,32,1,30,0.000,0.000,,,,,NVIDIA A100-SXM4-40GB (0),1,,13,"void convert_kernel<__half2, float2>(tensor_layout_any, T1 *, tensor_layout_any, const T2 *)"
2145993141,4544,24733,,,,,,,,,,0.061,13521.101,Pinned,Device,NVIDIA A100-SXM4-40GB (0),1,,13,[CUDA memcpy Host-to-Device]
2146004053,587194,24734,,,,,,,,,,456.520,777454.377,Device,,NVIDIA A100-SXM4-40GB (0),1,,13,[CUDA memset]
2146596335,33055,24739,,,,,,,,,,0.825,24968.307,Pinned,Device,NVIDIA A100-SXM4-40GB (0),1,,13,[CUDA memcpy Host-to-Device]
2146632942,6912,24740,,,,,,,,,,0.131,18962.842,Pinned,Device,NVIDIA A100-SXM4-40GB (0),1,,13,[CUDA memcpy Host-to-Device]
2146646894,7264,24741,69,4,1,48,1,1,76,0.002,0.000,,,,,NVIDIA A100-SXM4-40GB (0),1,,13,"void ch_est::windowedChEstPreNoDftSOfdmKernel<float, __half, float, (unsigned int)2, (unsigned int)1, (unsigned short)4>(ch_est::puschRxChEstStatDescr_t *, ch_est::puschRxChEstDynDescr_t *)"
2146655406,6272,24742,137,2,1,24,2,1,44,0.001,0.001,,,,,NVIDIA A100-SXM4-40GB (0),1,,13,"void ch_est::chEstFilterNoDftSOfdmDispatchKernel<float, __half, float, (unsigned int)2>(ch_est::puschRxChEstStatDescr_t *, ch_est::puschRxChEstDynDescr_t *)"
2146662670,4576,24743,137,2,1,24,2,1,44,0.001,0.001,,,,,NVIDIA A100-SXM4-40GB (0),1,,13,"void ch_est::chEstFilterNoDftSOfdmDispatchKernel<float, __half, float, (unsigned int)2>(ch_est::puschRxChEstStatDescr_t *, ch_est::puschRxChEstDynDescr_t *)"
2146668462,2144,24754,103,1,1,128,1,1,16,0.000,0.000,,,,,NVIDIA A100-SXM4-40GB (0),1,,13,cupy_copy__complex64_complex64
2146671886,12672,24764,1434,1,1,128,1,1,16,0.000,0.000,,,,,NVIDIA A100-SXM4-40GB (0),1,,13,cupy_copy__complex64_complex64
2146685806,2112,24771,103,1,1,128,1,1,16,0.000,0.000,,,,,NVIDIA A100-SXM4-40GB (0),1,,13,cupy_copy__complex64_complex64
2146688974,78015,24778,1,1,1,32,32,1,30,0.000,0.000,,,,,NVIDIA A100-SXM4-40GB (0),1,,13,"void convert_kernel<__half2, float2>(tensor_layout_any, T1 *, tensor_layout_any, const T2 *)"
2146950731,4384,24781,,,,,,,,,,0.061,14014.587,Pinned,Device,NVIDIA A100-SXM4-40GB (0),1,,13,[CUDA memcpy Host-to-Device]
2146962283,46175,24782,,,,,,,,,,35.801,775305.590,Device,,NVIDIA A100-SXM4-40GB (0),1,,13,[CUDA memset]
2147015754,2144,24784,,,,,,,,,,0.000,37.313,Pinned,Device,NVIDIA A100-SXM4-40GB (0),1,,13,[CUDA memcpy Host-to-Device]
2147020170,6720,24785,,,,,,,,,,0.131,19504.693,Pinned,Device,NVIDIA A100-SXM4-40GB (0),1,,13,[CUDA memcpy Host-to-Device]
2147031914,9088,24786,273,1,1,48,1,1,40,0.000,0.001,,,,,NVIDIA A100-SXM4-40GB (0),1,,13,"void pusch_noise_intf_est::noiseIntfEstNoDftSOfdmKernel<float, __half, float, float, (unsigned int)2, (unsigned int)1, (unsigned char)4, (unsigned char)4>(pusch_noise_intf_est::puschRxNoiseIntfEstDynDescr)"
2147042634,2368,24797,35,1,1,128,1,1,16,0.000,0.000,,,,,NVIDIA A100-SXM4-40GB (0),1,,13,cupy_copy__complex64_complex64
2147061193,1536,24806,1,1,1,1,1,1,18,0.000,0.000,,,,,NVIDIA A100-SXM4-40GB (0),1,,13,cupy_copy__float32_float32
2147099625,1920,24812,,,,,,,,,,0.000,2.083,Device,Pageable,NVIDIA A100-SXM4-40GB (0),1,,7,[CUDA memcpy Device-to-Host]
2147158376,13056,24823,1434,1,1,128,1,1,16,0.000,0.000,,,,,NVIDIA A100-SXM4-40GB (0),1,,13,cupy_copy__complex64_complex64
2147184328,2400,24830,103,1,1,128,1,1,16,0.000,0.000,,,,,NVIDIA A100-SXM4-40GB (0),1,,13,cupy_copy__complex64_complex64
2147204584,2016,24837,35,1,1,128,1,1,16,0.000,0.000,,,,,NVIDIA A100-SXM4-40GB (0),1,,13,cupy_copy__complex64_complex64
2147222088,1472,24844,1,1,1,1,1,1,18,0.000,0.000,,,,,NVIDIA A100-SXM4-40GB (0),1,,13,cupy_copy__float32_float32
2147485957,78495,24855,1,1,1,32,32,1,30,0.000,0.000,,,,,NVIDIA A100-SXM4-40GB (0),1,,13,"void convert_kernel<__half2, float2>(tensor_layout_any, T1 *, tensor_layout_any, const T2 *)"
2147595780,4416,24858,,,,,,,,,,0.061,13913.027,Pinned,Device,NVIDIA A100-SXM4-40GB (0),1,,13,[CUDA memcpy Host-to-Device]
2147610531,2688,24859,,,,,,,,,,1.547,575379.700,Device,,NVIDIA A100-SXM4-40GB (0),1,,13,[CUDA memset]
2147617283,4352,24864,,,,,,,,,,0.021,4838.227,Pinned,Device,NVIDIA A100-SXM4-40GB (0),1,,13,[CUDA memcpy Host-to-Device]
2147625059,7584,24865,,,,,,,,,,0.131,17282.630,Pinned,Device,NVIDIA A100-SXM4-40GB (0),1,,13,[CUDA memcpy Host-to-Device]
2147642211,5792,24866,273,1,1,8,4,1,39,0.002,0.000,,,,,NVIDIA A100-SXM4-40GB (0),1,,13,"void channel_eq::eqMmseCoefCompLowMimoKernel<float, float, float, (unsigned int)4, (unsigned int)1, (unsigned int)4>(const channel_eq::_puschRxChEqStatDescr *, channel_eq::_puschRxChEqCoefCompDynDescr)"
2147649283,4960,24867,273,1,1,12,11,1,40,0.002,0.000,,,,,NVIDIA A100-SXM4-40GB (0),1,,13,"void channel_eq::eqMmseSoftDemapKernel<float, __half, __half, float, (unsigned int)4, (unsigned short)16383>(channel_eq::_puschRxChEqStatDescr *, channel_eq::_puschRxChEqSoftDemapDynDescr)"
2147655267,282525,24868,1,1,1,32,32,1,30,0.000,0.000,,,,,NVIDIA A100-SXM4-40GB (0),1,,13,"void convert_kernel<float2, __half2>(tensor_layout_any, T1 *, tensor_layout_any, const T2 *)"
2147938848,10496,24880,2253,1,1,128,1,1,16,0.000,0.000,,,,,NVIDIA A100-SXM4-40GB (0),1,,13,cupy_copy__float16_float16
2147950624,2400,24889,282,1,1,128,1,1,16,0.000,0.000,,,,,NVIDIA A100-SXM4-40GB (0),1,,13,cupy_copy__complex64_complex64
2147954016,1760,24898,26,1,1,128,1,1,16,0.000,0.000,,,,,NVIDIA A100-SXM4-40GB (0),1,,13,cupy_copy__float32_float32
2147956992,2528,24907,103,1,1,128,1,1,16,0.000,0.000,,,,,NVIDIA A100-SXM4-40GB (0),1,,13,cupy_copy__complex64_complex64
2147960736,11231,24917,1434,1,1,128,1,1,16,0.000,0.000,,,,,NVIDIA A100-SXM4-40GB (0),1,,13,cupy_copy__complex64_complex64
2147997695,78111,24922,1,1,1,32,32,1,30,0.000,0.000,,,,,NVIDIA A100-SXM4-40GB (0),1,,13,"void convert_kernel<__half2, float2>(tensor_layout_any, T1 *, tensor_layout_any, const T2 *)"
2148233916,4160,24925,,,,,,,,,,0.061,14769.193,Pinned,Device,NVIDIA A100-SXM4-40GB (0),1,,13,[CUDA memcpy Host-to-Device]
2148244476,589146,24926,,,,,,,,,,456.520,774715.255,Device,,NVIDIA A100-SXM4-40GB (0),1,,13,[CUDA memset]
2148837302,33055,24931,,,,,,,,,,0.825,24968.307,Pinned,Device,NVIDIA A100-SXM4-40GB (0),1,,13,[CUDA memcpy Host-to-Device]
2148873397,6816,24932,,,,,,,,,,0.131,19229.966,Pinned,Device,NVIDIA A100-SXM4-40GB (0),1,,13,[CUDA memcpy Host-to-Device]
2148884309,7552,24933,69,4,1,48,1,1,76,0.002,0.000,,,,,NVIDIA A100-SXM4-40GB (0),1,,13,"void ch_est::windowedChEstPreNoDftSOfdmKernel<float, __half, float, (unsigned int)2, (unsigned int)1, (unsigned short)4>(ch_est::puschRxChEstStatDescr_t *, ch_est::puschRxChEstDynDescr_t *)"
2148892949,6240,24934,137,2,1,24,2,1,44,0.001,0.001,,,,,NVIDIA A100-SXM4-40GB (0),1,,13,"void ch_est::chEstFilterNoDftSOfdmDispatchKernel<float, __half, float, (unsigned int)2>(ch_est::puschRxChEstStatDescr_t *, ch_est::puschRxChEstDynDescr_t *)"
2148900213,4544,24935,137,2,1,24,2,1,44,0.001,0.001,,,,,NVIDIA A100-SXM4-40GB (0),1,,13,"void ch_est::chEstFilterNoDftSOfdmDispatchKernel<float, __half, float, (unsigned int)2>(ch_est::puschRxChEstStatDescr_t *, ch_est::puschRxChEstDynDescr_t *)"
2148906005,2144,24946,103,1,1,128,1,1,16,0.000,0.000,,,,,NVIDIA A100-SXM4-40GB (0),1,,13,cupy_copy__complex64_complex64
2148909141,12512,24956,1434,1,1,128,1,1,16,0.000,0.000,,,,,NVIDIA A100-SXM4-40GB (0),1,,13,cupy_copy__complex64_complex64
2148922933,2112,24963,103,1,1,128,1,1,16,0.000,0.000,,,,,NVIDIA A100-SXM4-40GB (0),1,,13,cupy_copy__complex64_complex64
2148926101,78175,24970,1,1,1,32,32,1,30,0.000,0.000,,,,,NVIDIA A100-SXM4-40GB (0),1,,13,"void convert_kernel<__half2, float2>(tensor_layout_any, T1 *, tensor_layout_any, const T2 *)"
2149035124,4192,24973,,,,,,,,,,0.061,14656.451,Pinned,Device,NVIDIA A100-SXM4-40GB (0),1,,13,[CUDA memcpy Host-to-Device]
2149048019,45056,24974,,,,,,,,,,35.801,794566.506,Device,,NVIDIA A100-SXM4-40GB (0),1,,13,[CUDA memset]
2149100595,1856,24976,,,,,,,,,,0.000,43.103,Pinned,Device,NVIDIA A100-SXM4-40GB (0),1,,13,[CUDA memcpy Host-to-Device]
2149105363,7680,24977,,,,,,,,,,0.131,17066.623,Pinned,Device,NVIDIA A100-SXM4-40GB (0),1,,13,[CUDA memcpy Host-to-Device]
2149117779,8544,24978,273,1,1,48,1,1,40,0.000,0.001,,,,,NVIDIA A100-SXM4-40GB (0),1,,13,"void pusch_noise_intf_est::noiseIntfEstNoDftSOfdmKernel<float, __half, float, float, (unsigned int)2, (unsigned int)1, (unsigned char)4, (unsigned char)4>(pusch_noise_intf_est::puschRxNoiseIntfEstDynDescr)"
2149128915,2240,24989,35,1,1,128,1,1,16,0.000,0.000,,,,,NVIDIA A100-SXM4-40GB (0),1,,13,cupy_copy__complex64_complex64
2149164658,1504,24998,1,1,1,1,1,1,18,0.000,0.000,,,,,NVIDIA A100-SXM4-40GB (0),1,,13,cupy_copy__float32_float32
2149198450,1696,25004,,,,,,,,,,0.000,2.358,Device,Pageable,NVIDIA A100-SXM4-40GB (0),1,,7,[CUDA memcpy Device-to-Host]
2149255569,13280,25015,1434,1,1,128,1,1,16,0.000,0.000,,,,,NVIDIA A100-SXM4-40GB (0),1,,13,cupy_copy__complex64_complex64
2149282289,2336,25022,103,1,1,128,1,1,16,0.000,0.000,,,,,NVIDIA A100-SXM4-40GB (0),1,,13,cupy_copy__complex64_complex64
2149301905,1984,25029,35,1,1,128,1,1,16,0.000,0.000,,,,,NVIDIA A100-SXM4-40GB (0),1,,13,cupy_copy__complex64_complex64
2149319408,1472,25036,1,1,1,1,1,1,18,0.000,0.000,,,,,NVIDIA A100-SXM4-40GB (0),1,,13,cupy_copy__float32_float32
2149454351,78015,25047,1,1,1,32,32,1,30,0.000,0.000,,,,,NVIDIA A100-SXM4-40GB (0),1,,13,"void convert_kernel<__half2, float2>(tensor_layout_any, T1 *, tensor_layout_any, const T2 *)"
2149560366,4160,25050,,,,,,,,,,0.061,14769.193,Pinned,Device,NVIDIA A100-SXM4-40GB (0),1,,13,[CUDA memcpy Host-to-Device]
2149574990,2624,25051,,,,,,,,,,1.547,589413.767,Device,,NVIDIA A100-SXM4-40GB (0),1,,13,[CUDA memset]
2149580942,2720,25056,,,,,,,,,,0.021,7741.175,Pinned,Device,NVIDIA A100-SXM4-40GB (0),1,,13,[CUDA memcpy Host-to-Device]
2149586285,6976,25057,,,,,,,,,,0.131,18788.909,Pinned,Device,NVIDIA A100-SXM4-40GB (0),1,,13,[CUDA memcpy Host-to-Device]
2149597549,5856,25058,273,1,1,8,4,1,39,0.002,0.000,,,,,NVIDIA A100-SXM4-40GB (0),1,,13,"void channel_eq::eqMmseCoefCompLowMimoKernel<float, float, float, (unsigned int)4, (unsigned int)1, (unsigned int)4>(const channel_eq::_puschRxChEqStatDescr *, channel_eq::_puschRxChEqCoefCompDynDescr)"
2149604621,4800,25059,273,1,1,12,11,1,40,0.002,0.000,,,,,NVIDIA A100-SXM4-40GB (0),1,,13,"void channel_eq::eqMmseSoftDemapKernel<float, __half, __half, float, (unsigned int)4, (unsigned short)16383>(channel_eq::_puschRxChEqStatDescr *, channel_eq::_puschRxChEqSoftDemapDynDescr)"
2149610637,282205,25060,1,1,1,32,32,1,30,0.000,0.000,,,,,NVIDIA A100-SXM4-40GB (0),1,,13,"void convert_kernel<float2, __half2>(tensor_layout_any, T1 *, tensor_layout_any, const T2 *)"
2149893994,10336,25072,2253,1,1,128,1,1,16,0.000,0.000,,,,,NVIDIA A100-SXM4-40GB (0),1,,13,cupy_copy__float16_float16
2149905546,2368,25081,282,1,1,128,1,1,16,0.000,0.000,,,,,NVIDIA A100-SXM4-40GB (0),1,,13,cupy_copy__complex64_complex64
2149908970,1728,25090,26,1,1,128,1,1,16,0.000,0.000,,,,,NVIDIA A100-SXM4-40GB (0),1,,13,cupy_copy__float32_float32
2149911914,2528,25099,103,1,1,128,1,1,16,0.000,0.000,,,,,NVIDIA A100-SXM4-40GB (0),1,,13,cupy_copy__complex64_complex64
2149915658,11328,25109,1434,1,1,128,1,1,16,0.000,0.000,,,,,NVIDIA A100-SXM4-40GB (0),1,,13,cupy_copy__complex64_complex64
2149965193,78879,25114,1,1,1,32,32,1,30,0.000,0.000,,,,,NVIDIA A100-SXM4-40GB (0),1,,13,"void convert_kernel<__half2, float2>(tensor_layout_any, T1 *, tensor_layout_any, const T2 *)"
2150072104,4672,25117,,,,,,,,,,0.061,13150.679,Pinned,Device,NVIDIA A100-SXM4-40GB (0),1,,13,[CUDA memcpy Host-to-Device]
2150083048,587801,25118,,,,,,,,,,456.520,776541.336,Device,,NVIDIA A100-SXM4-40GB (0),1,,13,[CUDA memset]
2150673473,32704,25123,,,,,,,,,,0.825,25236.543,Pinned,Device,NVIDIA A100-SXM4-40GB (0),1,,13,[CUDA memcpy Host-to-Device]
2150708833,6720,25124,,,,,,,,,,0.131,19504.693,Pinned,Device,NVIDIA A100-SXM4-40GB (0),1,,13,[CUDA memcpy Host-to-Device]
2150722337,7200,25125,69,4,1,48,1,1,76,0.002,0.000,,,,,NVIDIA A100-SXM4-40GB (0),1,,13,"void ch_est::windowedChEstPreNoDftSOfdmKernel<float, __half, float, (unsigned int)2, (unsigned int)1, (unsigned short)4>(ch_est::puschRxChEstStatDescr_t *, ch_est::puschRxChEstDynDescr_t *)"
2150730817,6112,25126,137,2,1,24,2,1,44,0.001,0.001,,,,,NVIDIA A100-SXM4-40GB (0),1,,13,"void ch_est::chEstFilterNoDftSOfdmDispatchKernel<float, __half, float, (unsigned int)2>(ch_est::puschRxChEstStatDescr_t *, ch_est::puschRxChEstDynDescr_t *)"
2150738209,4576,25127,137,2,1,24,2,1,44,0.001,0.001,,,,,NVIDIA A100-SXM4-40GB (0),1,,13,"void ch_est::chEstFilterNoDftSOfdmDispatchKernel<float, __half, float, (unsigned int)2>(ch_est::puschRxChEstStatDescr_t *, ch_est::puschRxChEstDynDescr_t *)"
2150744001,2176,25138,103,1,1,128,1,1,16,0.000,0.000,,,,,NVIDIA A100-SXM4-40GB (0),1,,13,cupy_copy__complex64_complex64
2150747137,12543,25148,1434,1,1,128,1,1,16,0.000,0.000,,,,,NVIDIA A100-SXM4-40GB (0),1,,13,cupy_copy__complex64_complex64
2150760768,2080,25155,103,1,1,128,1,1,16,0.000,0.000,,,,,NVIDIA A100-SXM4-40GB (0),1,,13,cupy_copy__complex64_complex64
2150764096,77984,25162,1,1,1,32,32,1,30,0.000,0.000,,,,,NVIDIA A100-SXM4-40GB (0),1,,13,"void convert_kernel<__half2, float2>(tensor_layout_any, T1 *, tensor_layout_any, const T2 *)"
2150869983,5024,25165,,,,,,,,,,0.061,12229.263,Pinned,Device,NVIDIA A100-SXM4-40GB (0),1,,13,[CUDA memcpy Host-to-Device]
2150881631,45248,25166,,,,,,,,,,35.801,791201.216,Device,,NVIDIA A100-SXM4-40GB (0),1,,13,[CUDA memset]
2150928415,2720,25168,,,,,,,,,,0.000,29.412,Pinned,Device,NVIDIA A100-SXM4-40GB (0),1,,13,[CUDA memcpy Host-to-Device]
2150934719,7423,25169,,,,,,,,,,0.131,17657.496,Pinned,Device,NVIDIA A100-SXM4-40GB (0),1,,13,[CUDA memcpy Host-to-Device]
2150946622,8736,25170,273,1,1,48,1,1,40,0.000,0.001,,,,,NVIDIA A100-SXM4-40GB (0),1,,13,"void pusch_noise_intf_est::noiseIntfEstNoDftSOfdmKernel<float, __half, float, float, (unsigned int)2, (unsigned int)1, (unsigned char)4, (unsigned char)4>(pusch_noise_intf_est::puschRxNoiseIntfEstDynDescr)"
2150958238,2560,25181,35,1,1,128,1,1,16,0.000,0.000,,,,,NVIDIA A100-SXM4-40GB (0),1,,13,cupy_copy__complex64_complex64
2150992894,1472,25190,1,1,1,1,1,1,18,0.000,0.000,,,,,NVIDIA A100-SXM4-40GB (0),1,,13,cupy_copy__float32_float32
2151026558,1888,25196,,,,,,,,,,0.000,2.119,Device,Pageable,NVIDIA A100-SXM4-40GB (0),1,,7,[CUDA memcpy Device-to-Host]
2151084477,13312,25207,1434,1,1,128,1,1,16,0.000,0.000,,,,,NVIDIA A100-SXM4-40GB (0),1,,13,cupy_copy__complex64_complex64
2151110109,2336,25214,103,1,1,128,1,1,16,0.000,0.000,,,,,NVIDIA A100-SXM4-40GB (0),1,,13,cupy_copy__complex64_complex64
2151129788,2016,25221,35,1,1,128,1,1,16,0.000,0.000,,,,,NVIDIA A100-SXM4-40GB (0),1,,13,cupy_copy__complex64_complex64
2151147356,1472,25228,1,1,1,1,1,1,18,0.000,0.000,,,,,NVIDIA A100-SXM4-40GB (0),1,,13,cupy_copy__float32_float32
2151281019,78175,25239,1,1,1,32,32,1,30,0.000,0.000,,,,,NVIDIA A100-SXM4-40GB (0),1,,13,"void convert_kernel<__half2, float2>(tensor_layout_any, T1 *, tensor_layout_any, const T2 *)"
2151387162,4575,25242,,,,,,,,,,0.061,13429.494,Pinned,Device,NVIDIA A100-SXM4-40GB (0),1,,13,[CUDA memcpy Host-to-Device]
2151401689,2592,25243,,,,,,,,,,1.547,596690.632,Device,,NVIDIA A100-SXM4-40GB (0),1,,13,[CUDA memset]
2151407705,2720,25248,,,,,,,,,,0.021,7741.175,Pinned,Device,NVIDIA A100-SXM4-40GB (0),1,,13,[CUDA memcpy Host-to-Device]
2151413593,6816,25249,,,,,,,,,,0.131,19229.966,Pinned,Device,NVIDIA A100-SXM4-40GB (0),1,,13,[CUDA memcpy Host-to-Device]
2151426873,5824,25250,273,1,1,8,4,1,39,0.002,0.000,,,,,NVIDIA A100-SXM4-40GB (0),1,,13,"void channel_eq::eqMmseCoefCompLowMimoKernel<float, float, float, (unsigned int)4, (unsigned int)1, (unsigned int)4>(const channel_eq::_puschRxChEqStatDescr *, channel_eq::_puschRxChEqCoefCompDynDescr)"
2151433721,4864,25251,273,1,1,12,11,1,40,0.002,0.000,,,,,NVIDIA A100-SXM4-40GB (0),1,,13,"void channel_eq::eqMmseSoftDemapKernel<float, __half, __half, float, (unsigned int)4, (unsigned short)16383>(channel_eq::_puschRxChEqStatDescr *, channel_eq::_puschRxChEqSoftDemapDynDescr)"
2151439673,282333,25252,1,1,1,32,32,1,30,0.000,0.000,,,,,NVIDIA A100-SXM4-40GB (0),1,,13,"void convert_kernel<float2, __half2>(tensor_layout_any, T1 *, tensor_layout_any, const T2 *)"
2151723222,10304,25264,2253,1,1,128,1,1,16,0.000,0.000,,,,,NVIDIA A100-SXM4-40GB (0),1,,13,cupy_copy__float16_float16
2151734742,2400,25273,282,1,1,128,1,1,16,0.000,0.000,,,,,NVIDIA A100-SXM4-40GB (0),1,,13,cupy_copy__complex64_complex64
2151738166,1728,25282,26,1,1,128,1,1,16,0.000,0.000,,,,,NVIDIA A100-SXM4-40GB (0),1,,13,cupy_copy__float32_float32
2151741046,2560,25291,103,1,1,128,1,1,16,0.000,0.000,,,,,NVIDIA A100-SXM4-40GB (0),1,,13,cupy_copy__complex64_complex64
2151797461,11392,25307,1434,1,1,128,1,1,16,0.000,0.000,,,,,NVIDIA A100-SXM4-40GB (0),1,,13,cupy_copy__complex64_complex64
2151913908,78335,25312,1,1,1,32,32,1,30,0.000,0.000,,,,,NVIDIA A100-SXM4-40GB (0),1,,13,"void convert_kernel<__half2, float2>(tensor_layout_any, T1 *, tensor_layout_any, const T2 *)"
2152208944,4128,25315,,,,,,,,,,0.061,14883.717,Pinned,Device,NVIDIA A100-SXM4-40GB (0),1,,13,[CUDA memcpy Host-to-Device]
2152216656,590042,25316,,,,,,,,,,456.520,773345.693,Device,,NVIDIA A100-SXM4-40GB (0),1,,13,[CUDA memset]
2152813866,32927,25321,,,,,,,,,,0.825,25065.697,Pinned,Device,NVIDIA A100-SXM4-40GB (0),1,,13,[CUDA memcpy Host-to-Device]
2152849801,7200,25322,,,,,,,,,,0.131,18204.328,Pinned,Device,NVIDIA A100-SXM4-40GB (0),1,,13,[CUDA memcpy Host-to-Device]
2152866601,7168,25323,69,4,1,48,1,1,76,0.002,0.000,,,,,NVIDIA A100-SXM4-40GB (0),1,,13,"void ch_est::windowedChEstPreNoDftSOfdmKernel<float, __half, float, (unsigned int)2, (unsigned int)1, (unsigned short)4>(ch_est::puschRxChEstStatDescr_t *, ch_est::puschRxChEstDynDescr_t *)"
2152875049,6464,25324,137,2,1,24,2,1,44,0.001,0.001,,,,,NVIDIA A100-SXM4-40GB (0),1,,13,"void ch_est::chEstFilterNoDftSOfdmDispatchKernel<float, __half, float, (unsigned int)2>(ch_est::puschRxChEstStatDescr_t *, ch_est::puschRxChEstDynDescr_t *)"
2152882569,4576,25325,137,2,1,24,2,1,44,0.001,0.001,,,,,NVIDIA A100-SXM4-40GB (0),1,,13,"void ch_est::chEstFilterNoDftSOfdmDispatchKernel<float, __half, float, (unsigned int)2>(ch_est::puschRxChEstStatDescr_t *, ch_est::puschRxChEstDynDescr_t *)"
2152888169,2592,25336,103,1,1,128,1,1,16,0.000,0.000,,,,,NVIDIA A100-SXM4-40GB (0),1,,13,cupy_copy__complex64_complex64
2152891785,12704,25346,1434,1,1,128,1,1,16,0.000,0.000,,,,,NVIDIA A100-SXM4-40GB (0),1,,13,cupy_copy__complex64_complex64
2152905545,2080,25353,103,1,1,128,1,1,16,0.000,0.000,,,,,NVIDIA A100-SXM4-40GB (0),1,,13,cupy_copy__complex64_complex64
2152908681,78143,25360,1,1,1,32,32,1,30,0.000,0.000,,,,,NVIDIA A100-SXM4-40GB (0),1,,13,"void convert_kernel<__half2, float2>(tensor_layout_any, T1 *, tensor_layout_any, const T2 *)"
2153017543,4128,25363,,,,,,,,,,0.061,14883.717,Pinned,Device,NVIDIA A100-SXM4-40GB (0),1,,13,[CUDA memcpy Host-to-Device]
2153031111,45120,25364,,,,,,,,,,35.801,793456.676,Device,,NVIDIA A100-SXM4-40GB (0),1,,13,[CUDA memset]
2153084327,2080,25366,,,,,,,,,,0.000,38.462,Pinned,Device,NVIDIA A100-SXM4-40GB (0),1,,13,[CUDA memcpy Host-to-Device]
2153088551,7776,25367,,,,,,,,,,0.131,16855.859,Pinned,Device,NVIDIA A100-SXM4-40GB (0),1,,13,[CUDA memcpy Host-to-Device]
2153106854,8448,25368,273,1,1,48,1,1,40,0.000,0.001,,,,,NVIDIA A100-SXM4-40GB (0),1,,13,"void pusch_noise_intf_est::noiseIntfEstNoDftSOfdmKernel<float, __half, float, float, (unsigned int)2, (unsigned int)1, (unsigned char)4, (unsigned char)4>(pusch_noise_intf_est::puschRxNoiseIntfEstDynDescr)"
2153116838,2432,25379,35,1,1,128,1,1,16,0.000,0.000,,,,,NVIDIA A100-SXM4-40GB (0),1,,13,cupy_copy__complex64_complex64
2153144774,1504,25388,1,1,1,1,1,1,18,0.000,0.000,,,,,NVIDIA A100-SXM4-40GB (0),1,,13,cupy_copy__float32_float32
2153179270,2336,25394,,,,,,,,,,0.000,1.712,Device,Pageable,NVIDIA A100-SXM4-40GB (0),1,,7,[CUDA memcpy Device-to-Host]
2153237637,13120,25405,1434,1,1,128,1,1,16,0.000,0.000,,,,,NVIDIA A100-SXM4-40GB (0),1,,13,cupy_copy__complex64_complex64
2153264805,2336,25412,103,1,1,128,1,1,16,0.000,0.000,,,,,NVIDIA A100-SXM4-40GB (0),1,,13,cupy_copy__complex64_complex64
2153284805,2015,25419,35,1,1,128,1,1,16,0.000,0.000,,,,,NVIDIA A100-SXM4-40GB (0),1,,13,cupy_copy__complex64_complex64
2153302340,1472,25426,1,1,1,1,1,1,18,0.000,0.000,,,,,NVIDIA A100-SXM4-40GB (0),1,,13,cupy_copy__float32_float32
2153437251,79039,25437,1,1,1,32,32,1,30,0.000,0.000,,,,,NVIDIA A100-SXM4-40GB (0),1,,13,"void convert_kernel<__half2, float2>(tensor_layout_any, T1 *, tensor_layout_any, const T2 *)"
2153677632,4736,25440,,,,,,,,,,0.061,12972.933,Pinned,Device,NVIDIA A100-SXM4-40GB (0),1,,13,[CUDA memcpy Host-to-Device]
2153688160,2624,25441,,,,,,,,,,1.547,589413.767,Device,,NVIDIA A100-SXM4-40GB (0),1,,13,[CUDA memset]
2153691232,3264,25446,,,,,,,,,,0.021,6450.969,Pinned,Device,NVIDIA A100-SXM4-40GB (0),1,,13,[CUDA memcpy Host-to-Device]
2153698208,7392,25447,,,,,,,,,,0.131,17731.551,Pinned,Device,NVIDIA A100-SXM4-40GB (0),1,,13,[CUDA memcpy Host-to-Device]
2153709888,5824,25448,273,1,1,8,4,1,39,0.002,0.000,,,,,NVIDIA A100-SXM4-40GB (0),1,,13,"void channel_eq::eqMmseCoefCompLowMimoKernel<float, float, float, (unsigned int)4, (unsigned int)1, (unsigned int)4>(const channel_eq::_puschRxChEqStatDescr *, channel_eq::_puschRxChEqCoefCompDynDescr)"
2153716992,4992,25449,273,1,1,12,11,1,40,0.002,0.000,,,,,NVIDIA A100-SXM4-40GB (0),1,,13,"void channel_eq::eqMmseSoftDemapKernel<float, __half, __half, float, (unsigned int)4, (unsigned short)16383>(channel_eq::_puschRxChEqStatDescr *, channel_eq::_puschRxChEqSoftDemapDynDescr)"
2153723168,282045,25450,1,1,1,32,32,1,30,0.000,0.000,,,,,NVIDIA A100-SXM4-40GB (0),1,,13,"void convert_kernel<float2, __half2>(tensor_layout_any, T1 *, tensor_layout_any, const T2 *)"
2154006461,10271,25462,2253,1,1,128,1,1,16,0.000,0.000,,,,,NVIDIA A100-SXM4-40GB (0),1,,13,cupy_copy__float16_float16
2154017948,2432,25471,282,1,1,128,1,1,16,0.000,0.000,,,,,NVIDIA A100-SXM4-40GB (0),1,,13,cupy_copy__complex64_complex64
2154021340,1792,25480,26,1,1,128,1,1,16,0.000,0.000,,,,,NVIDIA A100-SXM4-40GB (0),1,,13,cupy_copy__float32_float32
2154024348,2528,25489,103,1,1,128,1,1,16,0.000,0.000,,,,,NVIDIA A100-SXM4-40GB (0),1,,13,cupy_copy__complex64_complex64
2154028060,11424,25499,1434,1,1,128,1,1,16,0.000,0.000,,,,,NVIDIA A100-SXM4-40GB (0),1,,13,cupy_copy__complex64_complex64
2154203130,78655,25504,1,1,1,32,32,1,30,0.000,0.000,,,,,NVIDIA A100-SXM4-40GB (0),1,,13,"void convert_kernel<__half2, float2>(tensor_layout_any, T1 *, tensor_layout_any, const T2 *)"
2154312345,4224,25507,,,,,,,,,,0.061,14545.428,Pinned,Device,NVIDIA A100-SXM4-40GB (0),1,,13,[CUDA memcpy Host-to-Device]
2154323737,588217,25508,,,,,,,,,,456.520,776084.816,Device,,NVIDIA A100-SXM4-40GB (0),1,,13,[CUDA memset]
2154913106,33152,25513,,,,,,,,,,0.825,24895.676,Pinned,Device,NVIDIA A100-SXM4-40GB (0),1,,13,[CUDA memcpy Host-to-Device]
2154949298,7648,25514,,,,,,,,,,0.131,17138.057,Pinned,Device,NVIDIA A100-SXM4-40GB (0),1,,13,[CUDA memcpy Host-to-Device]
2154966802,7264,25515,69,4,1,48,1,1,76,0.002,0.000,,,,,NVIDIA A100-SXM4-40GB (0),1,,13,"void ch_est::windowedChEstPreNoDftSOfdmKernel<float, __half, float, (unsigned int)2, (unsigned int)1, (unsigned short)4>(ch_est::puschRxChEstStatDescr_t *, ch_est::puschRxChEstDynDescr_t *)"
2154975282,6272,25516,137,2,1,24,2,1,44,0.001,0.001,,,,,NVIDIA A100-SXM4-40GB (0),1,,13,"void ch_est::chEstFilterNoDftSOfdmDispatchKernel<float, __half, float, (unsigned int)2>(ch_est::puschRxChEstStatDescr_t *, ch_est::puschRxChEstDynDescr_t *)"
2154982834,4608,25517,137,2,1,24,2,1,44,0.001,0.001,,,,,NVIDIA A100-SXM4-40GB (0),1,,13,"void ch_est::chEstFilterNoDftSOfdmDispatchKernel<float, __half, float, (unsigned int)2>(ch_est::puschRxChEstStatDescr_t *, ch_est::puschRxChEstDynDescr_t *)"
2154988626,2176,25528,103,1,1,128,1,1,16,0.000,0.000,,,,,NVIDIA A100-SXM4-40GB (0),1,,13,cupy_copy__complex64_complex64
2154992050,12735,25538,1434,1,1,128,1,1,16,0.000,0.000,,,,,NVIDIA A100-SXM4-40GB (0),1,,13,cupy_copy__complex64_complex64
2155006065,2112,25545,103,1,1,128,1,1,16,0.000,0.000,,,,,NVIDIA A100-SXM4-40GB (0),1,,13,cupy_copy__complex64_complex64
2155009233,78976,25552,1,1,1,32,32,1,30,0.000,0.000,,,,,NVIDIA A100-SXM4-40GB (0),1,,13,"void convert_kernel<__half2, float2>(tensor_layout_any, T1 *, tensor_layout_any, const T2 *)"
2155116560,4448,25555,,,,,,,,,,0.061,13812.941,Pinned,Device,NVIDIA A100-SXM4-40GB (0),1,,13,[CUDA memcpy Host-to-Device]
2155129488,45280,25556,,,,,,,,,,35.801,790628.401,Device,,NVIDIA A100-SXM4-40GB (0),1,,13,[CUDA memset]
2155182192,1855,25558,,,,,,,,,,0.000,43.127,Pinned,Device,NVIDIA A100-SXM4-40GB (0),1,,13,[CUDA memcpy Host-to-Device]
2155186159,7328,25559,,,,,,,,,,0.131,17886.347,Pinned,Device,NVIDIA A100-SXM4-40GB (0),1,,13,[CUDA memcpy Host-to-Device]
2155200079,8576,25560,273,1,1,48,1,1,40,0.000,0.001,,,,,NVIDIA A100-SXM4-40GB (0),1,,13,"void pusch_noise_intf_est::noiseIntfEstNoDftSOfdmKernel<float, __half, float, float, (unsigned int)2, (unsigned int)1, (unsigned char)4, (unsigned char)4>(pusch_noise_intf_est::puschRxNoiseIntfEstDynDescr)"
2155210191,2048,25571,35,1,1,128,1,1,16,0.000,0.000,,,,,NVIDIA A100-SXM4-40GB (0),1,,13,cupy_copy__complex64_complex64
2155237903,1504,25580,1,1,1,1,1,1,18,0.000,0.000,,,,,NVIDIA A100-SXM4-40GB (0),1,,13,cupy_copy__float32_float32
2155272079,2175,25586,,,,,,,,,,0.000,1.839,Device,Pageable,NVIDIA A100-SXM4-40GB (0),1,,7,[CUDA memcpy Device-to-Host]
2155331022,13376,25597,1434,1,1,128,1,1,16,0.000,0.000,,,,,NVIDIA A100-SXM4-40GB (0),1,,13,cupy_copy__complex64_complex64
2155357262,2368,25604,103,1,1,128,1,1,16,0.000,0.000,,,,,NVIDIA A100-SXM4-40GB (0),1,,13,cupy_copy__complex64_complex64
2155377453,2016,25611,35,1,1,128,1,1,16,0.000,0.000,,,,,NVIDIA A100-SXM4-40GB (0),1,,13,cupy_copy__complex64_complex64
2155394893,1472,25618,1,1,1,1,1,1,18,0.000,0.000,,,,,NVIDIA A100-SXM4-40GB (0),1,,13,cupy_copy__float32_float32
2155528236,77535,25629,1,1,1,32,32,1,30,0.000,0.000,,,,,NVIDIA A100-SXM4-40GB (0),1,,13,"void convert_kernel<__half2, float2>(tensor_layout_any, T1 *, tensor_layout_any, const T2 *)"
2155633770,4736,25632,,,,,,,,,,0.061,12972.933,Pinned,Device,NVIDIA A100-SXM4-40GB (0),1,,13,[CUDA memcpy Host-to-Device]
2155647946,2592,25633,,,,,,,,,,1.547,596690.632,Device,,NVIDIA A100-SXM4-40GB (0),1,,13,[CUDA memset]
2155653962,2720,25638,,,,,,,,,,0.021,7741.175,Pinned,Device,NVIDIA A100-SXM4-40GB (0),1,,13,[CUDA memcpy Host-to-Device]
2155659658,6784,25639,,,,,,,,,,0.131,19320.668,Pinned,Device,NVIDIA A100-SXM4-40GB (0),1,,13,[CUDA memcpy Host-to-Device]
2155672362,5824,25640,273,1,1,8,4,1,39,0.002,0.000,,,,,NVIDIA A100-SXM4-40GB (0),1,,13,"void channel_eq::eqMmseCoefCompLowMimoKernel<float, float, float, (unsigned int)4, (unsigned int)1, (unsigned int)4>(const channel_eq::_puschRxChEqStatDescr *, channel_eq::_puschRxChEqCoefCompDynDescr)"
2155679370,4800,25641,273,1,1,12,11,1,40,0.002,0.000,,,,,NVIDIA A100-SXM4-40GB (0),1,,13,"void channel_eq::eqMmseSoftDemapKernel<float, __half, __half, float, (unsigned int)4, (unsigned short)16383>(channel_eq::_puschRxChEqStatDescr *, channel_eq::_puschRxChEqSoftDemapDynDescr)"
2155685418,281821,25642,1,1,1,32,32,1,30,0.000,0.000,,,,,NVIDIA A100-SXM4-40GB (0),1,,13,"void convert_kernel<float2, __half2>(tensor_layout_any, T1 *, tensor_layout_any, const T2 *)"
2155968423,10208,25654,2253,1,1,128,1,1,16,0.000,0.000,,,,,NVIDIA A100-SXM4-40GB (0),1,,13,cupy_copy__float16_float16
2155979911,2400,25663,282,1,1,128,1,1,16,0.000,0.000,,,,,NVIDIA A100-SXM4-40GB (0),1,,13,cupy_copy__complex64_complex64
2155983303,1760,25672,26,1,1,128,1,1,16,0.000,0.000,,,,,NVIDIA A100-SXM4-40GB (0),1,,13,cupy_copy__float32_float32
2155986311,2560,25681,103,1,1,128,1,1,16,0.000,0.000,,,,,NVIDIA A100-SXM4-40GB (0),1,,13,cupy_copy__complex64_complex64
2155990023,11487,25691,1434,1,1,128,1,1,16,0.000,0.000,,,,,NVIDIA A100-SXM4-40GB (0),1,,13,cupy_copy__complex64_complex64
2156027494,78879,25696,1,1,1,32,32,1,30,0.000,0.000,,,,,NVIDIA A100-SXM4-40GB (0),1,,13,"void convert_kernel<__half2, float2>(tensor_layout_any, T1 *, tensor_layout_any, const T2 *)"
2156133381,4160,25699,,,,,,,,,,0.061,14769.193,Pinned,Device,NVIDIA A100-SXM4-40GB (0),1,,13,[CUDA memcpy Host-to-Device]
2156144197,588665,25700,,,,,,,,,,456.520,775171.775,Device,,NVIDIA A100-SXM4-40GB (0),1,,13,[CUDA memset]
2156739966,33216,25705,,,,,,,,,,0.825,24846.981,Pinned,Device,NVIDIA A100-SXM4-40GB (0),1,,13,[CUDA memcpy Host-to-Device]
2156775806,7232,25706,,,,,,,,,,0.131,18123.850,Pinned,Device,NVIDIA A100-SXM4-40GB (0),1,,13,[CUDA memcpy Host-to-Device]
2156794622,7008,25707,69,4,1,48,1,1,76,0.002,0.000,,,,,NVIDIA A100-SXM4-40GB (0),1,,13,"void ch_est::windowedChEstPreNoDftSOfdmKernel<float, __half, float, (unsigned int)2, (unsigned int)1, (unsigned short)4>(ch_est::puschRxChEstStatDescr_t *, ch_est::puschRxChEstDynDescr_t *)"
2156802846,6207,25708,137,2,1,24,2,1,44,0.001,0.001,,,,,NVIDIA A100-SXM4-40GB (0),1,,13,"void ch_est::chEstFilterNoDftSOfdmDispatchKernel<float, __half, float, (unsigned int)2>(ch_est::puschRxChEstStatDescr_t *, ch_est::puschRxChEstDynDescr_t *)"
2156810077,4576,25709,137,2,1,24,2,1,44,0.001,0.001,,,,,NVIDIA A100-SXM4-40GB (0),1,,13,"void ch_est::chEstFilterNoDftSOfdmDispatchKernel<float, __half, float, (unsigned int)2>(ch_est::puschRxChEstStatDescr_t *, ch_est::puschRxChEstDynDescr_t *)"
2156815869,2176,25720,103,1,1,128,1,1,16,0.000,0.000,,,,,NVIDIA A100-SXM4-40GB (0),1,,13,cupy_copy__complex64_complex64
2156819037,12512,25730,1434,1,1,128,1,1,16,0.000,0.000,,,,,NVIDIA A100-SXM4-40GB (0),1,,13,cupy_copy__complex64_complex64
2156832765,2080,25737,103,1,1,128,1,1,16,0.000,0.000,,,,,NVIDIA A100-SXM4-40GB (0),1,,13,cupy_copy__complex64_complex64
2156835901,78399,25744,1,1,1,32,32,1,30,0.000,0.000,,,,,NVIDIA A100-SXM4-40GB (0),1,,13,"void convert_kernel<__half2, float2>(tensor_layout_any, T1 *, tensor_layout_any, const T2 *)"
2156942140,4384,25747,,,,,,,,,,0.061,14014.587,Pinned,Device,NVIDIA A100-SXM4-40GB (0),1,,13,[CUDA memcpy Host-to-Device]
2156954460,45151,25748,,,,,,,,,,35.801,792883.861,Device,,NVIDIA A100-SXM4-40GB (0),1,,13,[CUDA memset]
2157007227,3040,25750,,,,,,,,,,0.000,26.316,Pinned,Device,NVIDIA A100-SXM4-40GB (0),1,,13,[CUDA memcpy Host-to-Device]
2157013595,6848,25751,,,,,,,,,,0.131,19140.182,Pinned,Device,NVIDIA A100-SXM4-40GB (0),1,,13,[CUDA memcpy Host-to-Device]
2157032187,8480,25752,273,1,1,48,1,1,40,0.000,0.001,,,,,NVIDIA A100-SXM4-40GB (0),1,,13,"void pusch_noise_intf_est::noiseIntfEstNoDftSOfdmKernel<float, __half, float, float, (unsigned int)2, (unsigned int)1, (unsigned char)4, (unsigned char)4>(pusch_noise_intf_est::puschRxNoiseIntfEstDynDescr)"
2157042267,2336,25763,35,1,1,128,1,1,16,0.000,0.000,,,,,NVIDIA A100-SXM4-40GB (0),1,,13,cupy_copy__complex64_complex64
2157059803,1504,25772,1,1,1,1,1,1,18,0.000,0.000,,,,,NVIDIA A100-SXM4-40GB (0),1,,13,cupy_copy__float32_float32
2157093626,1728,25778,,,,,,,,,,0.000,2.315,Device,Pageable,NVIDIA A100-SXM4-40GB (0),1,,7,[CUDA memcpy Device-to-Host]
2157151578,13440,25789,1434,1,1,128,1,1,16,0.000,0.000,,,,,NVIDIA A100-SXM4-40GB (0),1,,13,cupy_copy__complex64_complex64
2157177785,2400,25796,103,1,1,128,1,1,16,0.000,0.000,,,,,NVIDIA A100-SXM4-40GB (0),1,,13,cupy_copy__complex64_complex64
2157197529,1984,25803,35,1,1,128,1,1,16,0.000,0.000,,,,,NVIDIA A100-SXM4-40GB (0),1,,13,cupy_copy__complex64_complex64
2157215257,1472,25810,1,1,1,1,1,1,18,0.000,0.000,,,,,NVIDIA A100-SXM4-40GB (0),1,,13,cupy_copy__float32_float32
2157347352,79295,25821,1,1,1,32,32,1,30,0.000,0.000,,,,,NVIDIA A100-SXM4-40GB (0),1,,13,"void convert_kernel<__half2, float2>(tensor_layout_any, T1 *, tensor_layout_any, const T2 *)"
2157595733,4672,25824,,,,,,,,,,0.061,13150.679,Pinned,Device,NVIDIA A100-SXM4-40GB (0),1,,13,[CUDA memcpy Host-to-Device]
2157603573,2656,25825,,,,,,,,,,1.547,582313.216,Device,,NVIDIA A100-SXM4-40GB (0),1,,13,[CUDA memset]
2157609109,3200,25830,,,,,,,,,,0.021,6580.000,Pinned,Device,NVIDIA A100-SXM4-40GB (0),1,,13,[CUDA memcpy Host-to-Device]
2157614805,6911,25831,,,,,,,,,,0.131,18965.594,Pinned,Device,NVIDIA A100-SXM4-40GB (0),1,,13,[CUDA memcpy Host-to-Device]
2157628148,5856,25832,273,1,1,8,4,1,39,0.002,0.000,,,,,NVIDIA A100-SXM4-40GB (0),1,,13,"void channel_eq::eqMmseCoefCompLowMimoKernel<float, float, float, (unsigned int)4, (unsigned int)1, (unsigned int)4>(const channel_eq::_puschRxChEqStatDescr *, channel_eq::_puschRxChEqCoefCompDynDescr)"
2157635252,4800,25833,273,1,1,12,11,1,40,0.002,0.000,,,,,NVIDIA A100-SXM4-40GB (0),1,,13,"void channel_eq::eqMmseSoftDemapKernel<float, __half, __half, float, (unsigned int)4, (unsigned short)16383>(channel_eq::_puschRxChEqStatDescr *, channel_eq::_puschRxChEqSoftDemapDynDescr)"
2157641300,282109,25834,1,1,1,32,32,1,30,0.000,0.000,,,,,NVIDIA A100-SXM4-40GB (0),1,,13,"void convert_kernel<float2, __half2>(tensor_layout_any, T1 *, tensor_layout_any, const T2 *)"
2157924497,10304,25846,2253,1,1,128,1,1,16,0.000,0.000,,,,,NVIDIA A100-SXM4-40GB (0),1,,13,cupy_copy__float16_float16
2157935793,2432,25855,282,1,1,128,1,1,16,0.000,0.000,,,,,NVIDIA A100-SXM4-40GB (0),1,,13,cupy_copy__complex64_complex64
2157939217,1760,25864,26,1,1,128,1,1,16,0.000,0.000,,,,,NVIDIA A100-SXM4-40GB (0),1,,13,cupy_copy__float32_float32
2157942097,2528,25873,103,1,1,128,1,1,16,0.000,0.000,,,,,NVIDIA A100-SXM4-40GB (0),1,,13,cupy_copy__complex64_complex64
2157945841,11200,25883,1434,1,1,128,1,1,16,0.000,0.000,,,,,NVIDIA A100-SXM4-40GB (0),1,,13,cupy_copy__complex64_complex64
2158131471,79039,25888,1,1,1,32,32,1,30,0.000,0.000,,,,,NVIDIA A100-SXM4-40GB (0),1,,13,"void convert_kernel<__half2, float2>(tensor_layout_any, T1 *, tensor_layout_any, const T2 *)"
2158241646,4128,25891,,,,,,,,,,0.061,14883.717,Pinned,Device,NVIDIA A100-SXM4-40GB (0),1,,13,[CUDA memcpy Host-to-Device]
2158253133,586970,25892,,,,,,,,,,456.520,777454.377,Device,,NVIDIA A100-SXM4-40GB (0),1,,13,[CUDA memset]
2158844263,32736,25897,,,,,,,,,,0.825,25211.783,Pinned,Device,NVIDIA A100-SXM4-40GB (0),1,,13,[CUDA memcpy Host-to-Device]
2158879335,6879,25898,,,,,,,,,,0.131,19053.806,Pinned,Device,NVIDIA A100-SXM4-40GB (0),1,,13,[CUDA memcpy Host-to-Device]
2158897894,7072,25899,69,4,1,48,1,1,76,0.002,0.000,,,,,NVIDIA A100-SXM4-40GB (0),1,,13,"void ch_est::windowedChEstPreNoDftSOfdmKernel<float, __half, float, (unsigned int)2, (unsigned int)1, (unsigned short)4>(ch_est::puschRxChEstStatDescr_t *, ch_est::puschRxChEstDynDescr_t *)"
2158906054,6304,25900,137,2,1,24,2,1,44,0.001,0.001,,,,,NVIDIA A100-SXM4-40GB (0),1,,13,"void ch_est::chEstFilterNoDftSOfdmDispatchKernel<float, __half, float, (unsigned int)2>(ch_est::puschRxChEstStatDescr_t *, ch_est::puschRxChEstDynDescr_t *)"
2158913350,4544,25901,137,2,1,24,2,1,44,0.001,0.001,,,,,NVIDIA A100-SXM4-40GB (0),1,,13,"void ch_est::chEstFilterNoDftSOfdmDispatchKernel<float, __half, float, (unsigned int)2>(ch_est::puschRxChEstStatDescr_t *, ch_est::puschRxChEstDynDescr_t *)"
2158919142,2144,25912,103,1,1,128,1,1,16,0.000,0.000,,,,,NVIDIA A100-SXM4-40GB (0),1,,13,cupy_copy__complex64_complex64
2158922278,12448,25922,1434,1,1,128,1,1,16,0.000,0.000,,,,,NVIDIA A100-SXM4-40GB (0),1,,13,cupy_copy__complex64_complex64
2158935814,2048,25929,103,1,1,128,1,1,16,0.000,0.000,,,,,NVIDIA A100-SXM4-40GB (0),1,,13,cupy_copy__complex64_complex64
2158939142,78527,25936,1,1,1,32,32,1,30,0.000,0.000,,,,,NVIDIA A100-SXM4-40GB (0),1,,13,"void convert_kernel<__half2, float2>(tensor_layout_any, T1 *, tensor_layout_any, const T2 *)"
2159176387,4384,25939,,,,,,,,,,0.061,14014.587,Pinned,Device,NVIDIA A100-SXM4-40GB (0),1,,13,[CUDA memcpy Host-to-Device]
2159186659,46272,25940,,,,,,,,,,35.801,773694.547,Device,,NVIDIA A100-SXM4-40GB (0),1,,13,[CUDA memset]
2159234307,2272,25942,,,,,,,,,,0.000,35.211,Pinned,Device,NVIDIA A100-SXM4-40GB (0),1,,13,[CUDA memcpy Host-to-Device]
2159240003,7199,25943,,,,,,,,,,0.131,18206.949,Pinned,Device,NVIDIA A100-SXM4-40GB (0),1,,13,[CUDA memcpy Host-to-Device]
2159258338,8864,25944,273,1,1,48,1,1,40,0.000,0.001,,,,,NVIDIA A100-SXM4-40GB (0),1,,13,"void pusch_noise_intf_est::noiseIntfEstNoDftSOfdmKernel<float, __half, float, float, (unsigned int)2, (unsigned int)1, (unsigned char)4, (unsigned char)4>(pusch_noise_intf_est::puschRxNoiseIntfEstDynDescr)"
2159268834,2240,25955,35,1,1,128,1,1,16,0.000,0.000,,,,,NVIDIA A100-SXM4-40GB (0),1,,13,cupy_copy__complex64_complex64
2159282050,1536,25964,1,1,1,1,1,1,18,0.000,0.000,,,,,NVIDIA A100-SXM4-40GB (0),1,,13,cupy_copy__float32_float32
2159320066,1728,25970,,,,,,,,,,0.000,2.315,Device,Pageable,NVIDIA A100-SXM4-40GB (0),1,,7,[CUDA memcpy Device-to-Host]
2159378593,13248,25981,1434,1,1,128,1,1,16,0.000,0.000,,,,,NVIDIA A100-SXM4-40GB (0),1,,13,cupy_copy__complex64_complex64
2159404833,2368,25988,103,1,1,128,1,1,16,0.000,0.000,,,,,NVIDIA A100-SXM4-40GB (0),1,,13,cupy_copy__complex64_complex64
2159426208,1984,25995,35,1,1,128,1,1,16,0.000,0.000,,,,,NVIDIA A100-SXM4-40GB (0),1,,13,cupy_copy__complex64_complex64
2159443360,1472,26002,1,1,1,1,1,1,18,0.000,0.000,,,,,NVIDIA A100-SXM4-40GB (0),1,,13,cupy_copy__float32_float32
2159712157,78879,26013,1,1,1,32,32,1,30,0.000,0.000,,,,,NVIDIA A100-SXM4-40GB (0),1,,13,"void convert_kernel<__half2, float2>(tensor_layout_any, T1 *, tensor_layout_any, const T2 *)"
2159822620,4256,26016,,,,,,,,,,0.061,14436.065,Pinned,Device,NVIDIA A100-SXM4-40GB (0),1,,13,[CUDA memcpy Host-to-Device]
2159837788,2624,26017,,,,,,,,,,1.547,589413.767,Device,,NVIDIA A100-SXM4-40GB (0),1,,13,[CUDA memset]
2159848380,2656,26022,,,,,,,,,,0.021,7927.710,Pinned,Device,NVIDIA A100-SXM4-40GB (0),1,,13,[CUDA memcpy Host-to-Device]
2159859740,7488,26023,,,,,,,,,,0.131,17504.272,Pinned,Device,NVIDIA A100-SXM4-40GB (0),1,,13,[CUDA memcpy Host-to-Device]
2159873788,5855,26024,273,1,1,8,4,1,39,0.002,0.000,,,,,NVIDIA A100-SXM4-40GB (0),1,,13,"void channel_eq::eqMmseCoefCompLowMimoKernel<float, float, float, (unsigned int)4, (unsigned int)1, (unsigned int)4>(const channel_eq::_puschRxChEqStatDescr *, channel_eq::_puschRxChEqCoefCompDynDescr)"
2159880667,4992,26025,273,1,1,12,11,1,40,0.002,0.000,,,,,NVIDIA A100-SXM4-40GB (0),1,,13,"void channel_eq::eqMmseSoftDemapKernel<float, __half, __half, float, (unsigned int)4, (unsigned short)16383>(channel_eq::_puschRxChEqStatDescr *, channel_eq::_puschRxChEqSoftDemapDynDescr)"
2159886683,282525,26026,1,1,1,32,32,1,30,0.000,0.000,,,,,NVIDIA A100-SXM4-40GB (0),1,,13,"void convert_kernel<float2, __half2>(tensor_layout_any, T1 *, tensor_layout_any, const T2 *)"
2160170200,10368,26038,2253,1,1,128,1,1,16,0.000,0.000,,,,,NVIDIA A100-SXM4-40GB (0),1,,13,cupy_copy__float16_float16
2160181624,2400,26047,282,1,1,128,1,1,16,0.000,0.000,,,,,NVIDIA A100-SXM4-40GB (0),1,,13,cupy_copy__complex64_complex64
2160185016,1792,26056,26,1,1,128,1,1,16,0.000,0.000,,,,,NVIDIA A100-SXM4-40GB (0),1,,13,cupy_copy__float32_float32
2160188024,2496,26065,103,1,1,128,1,1,16,0.000,0.000,,,,,NVIDIA A100-SXM4-40GB (0),1,,13,cupy_copy__complex64_complex64
2160191736,11264,26075,1434,1,1,128,1,1,16,0.000,0.000,,,,,NVIDIA A100-SXM4-40GB (0),1,,13,cupy_copy__complex64_complex64
2160234328,77599,26080,1,1,1,32,32,1,30,0.000,0.000,,,,,NVIDIA A100-SXM4-40GB (0),1,,13,"void convert_kernel<__half2, float2>(tensor_layout_any, T1 *, tensor_layout_any, const T2 *)"
2160339318,4128,26083,,,,,,,,,,0.061,14883.717,Pinned,Device,NVIDIA A100-SXM4-40GB (0),1,,13,[CUDA memcpy Host-to-Device]
2160350902,589306,26084,,,,,,,,,,456.520,774258.734,Device,,NVIDIA A100-SXM4-40GB (0),1,,13,[CUDA memset]
2160944464,32799,26089,,,,,,,,,,0.825,25163.088,Pinned,Device,NVIDIA A100-SXM4-40GB (0),1,,13,[CUDA memcpy Host-to-Device]
2160980015,6880,26090,,,,,,,,,,0.131,19051.053,Pinned,Device,NVIDIA A100-SXM4-40GB (0),1,,13,[CUDA memcpy Host-to-Device]
2160992975,7040,26091,69,4,1,48,1,1,76,0.002,0.000,,,,,NVIDIA A100-SXM4-40GB (0),1,,13,"void ch_est::windowedChEstPreNoDftSOfdmKernel<float, __half, float, (unsigned int)2, (unsigned int)1, (unsigned short)4>(ch_est::puschRxChEstStatDescr_t *, ch_est::puschRxChEstDynDescr_t *)"
2161001103,6144,26092,137,2,1,24,2,1,44,0.001,0.001,,,,,NVIDIA A100-SXM4-40GB (0),1,,13,"void ch_est::chEstFilterNoDftSOfdmDispatchKernel<float, __half, float, (unsigned int)2>(ch_est::puschRxChEstStatDescr_t *, ch_est::puschRxChEstDynDescr_t *)"
2161008431,4576,26093,137,2,1,24,2,1,44,0.001,0.001,,,,,NVIDIA A100-SXM4-40GB (0),1,,13,"void ch_est::chEstFilterNoDftSOfdmDispatchKernel<float, __half, float, (unsigned int)2>(ch_est::puschRxChEstStatDescr_t *, ch_est::puschRxChEstDynDescr_t *)"
2161013967,2176,26104,103,1,1,128,1,1,16,0.000,0.000,,,,,NVIDIA A100-SXM4-40GB (0),1,,13,cupy_copy__complex64_complex64
2161017135,12704,26114,1434,1,1,128,1,1,16,0.000,0.000,,,,,NVIDIA A100-SXM4-40GB (0),1,,13,cupy_copy__complex64_complex64
2161031151,2048,26121,103,1,1,128,1,1,16,0.000,0.000,,,,,NVIDIA A100-SXM4-40GB (0),1,,13,cupy_copy__complex64_complex64
2161034319,78527,26128,1,1,1,32,32,1,30,0.000,0.000,,,,,NVIDIA A100-SXM4-40GB (0),1,,13,"void convert_kernel<__half2, float2>(tensor_layout_any, T1 *, tensor_layout_any, const T2 *)"
2161140621,4672,26131,,,,,,,,,,0.061,13150.679,Pinned,Device,NVIDIA A100-SXM4-40GB (0),1,,13,[CUDA memcpy Host-to-Device]
2161153901,45056,26132,,,,,,,,,,35.801,794566.506,Device,,NVIDIA A100-SXM4-40GB (0),1,,13,[CUDA memset]
2161205869,1920,26134,,,,,,,,,,0.000,41.667,Pinned,Device,NVIDIA A100-SXM4-40GB (0),1,,13,[CUDA memcpy Host-to-Device]
2161210637,7424,26135,,,,,,,,,,0.131,17655.136,Pinned,Device,NVIDIA A100-SXM4-40GB (0),1,,13,[CUDA memcpy Host-to-Device]
2161223949,8543,26136,273,1,1,48,1,1,40,0.000,0.001,,,,,NVIDIA A100-SXM4-40GB (0),1,,13,"void pusch_noise_intf_est::noiseIntfEstNoDftSOfdmKernel<float, __half, float, float, (unsigned int)2, (unsigned int)1, (unsigned char)4, (unsigned char)4>(pusch_noise_intf_est::puschRxNoiseIntfEstDynDescr)"
2161233868,2240,26147,35,1,1,128,1,1,16,0.000,0.000,,,,,NVIDIA A100-SXM4-40GB (0),1,,13,cupy_copy__complex64_complex64
2161260556,1504,26156,1,1,1,1,1,1,18,0.000,0.000,,,,,NVIDIA A100-SXM4-40GB (0),1,,13,cupy_copy__float32_float32
2161295148,2240,26162,,,,,,,,,,0.000,1.786,Device,Pageable,NVIDIA A100-SXM4-40GB (0),1,,7,[CUDA memcpy Device-to-Host]
2161354315,13344,26173,1434,1,1,128,1,1,16,0.000,0.000,,,,,NVIDIA A100-SXM4-40GB (0),1,,13,cupy_copy__complex64_complex64
2161379947,2368,26180,103,1,1,128,1,1,16,0.000,0.000,,,,,NVIDIA A100-SXM4-40GB (0),1,,13,cupy_copy__complex64_complex64
2161400299,1984,26187,35,1,1,128,1,1,16,0.000,0.000,,,,,NVIDIA A100-SXM4-40GB (0),1,,13,cupy_copy__complex64_complex64
2161417802,1472,26194,1,1,1,1,1,1,18,0.000,0.000,,,,,NVIDIA A100-SXM4-40GB (0),1,,13,cupy_copy__float32_float32
2161553385,78559,26205,1,1,1,32,32,1,30,0.000,0.000,,,,,NVIDIA A100-SXM4-40GB (0),1,,13,"void convert_kernel<__half2, float2>(tensor_layout_any, T1 *, tensor_layout_any, const T2 *)"
2161659688,4384,26208,,,,,,,,,,0.061,14014.587,Pinned,Device,NVIDIA A100-SXM4-40GB (0),1,,13,[CUDA memcpy Host-to-Device]
2161676840,2624,26209,,,,,,,,,,1.547,589413.767,Device,,NVIDIA A100-SXM4-40GB (0),1,,13,[CUDA memset]
2161683239,2880,26214,,,,,,,,,,0.021,7311.106,Pinned,Device,NVIDIA A100-SXM4-40GB (0),1,,13,[CUDA memcpy Host-to-Device]
2161689063,6880,26215,,,,,,,,,,0.131,19051.053,Pinned,Device,NVIDIA A100-SXM4-40GB (0),1,,13,[CUDA memcpy Host-to-Device]
2161699911,5856,26216,273,1,1,8,4,1,39,0.002,0.000,,,,,NVIDIA A100-SXM4-40GB (0),1,,13,"void channel_eq::eqMmseCoefCompLowMimoKernel<float, float, float, (unsigned int)4, (unsigned int)1, (unsigned int)4>(const channel_eq::_puschRxChEqStatDescr *, channel_eq::_puschRxChEqCoefCompDynDescr)"
2161707015,4896,26217,273,1,1,12,11,1,40,0.002,0.000,,,,,NVIDIA A100-SXM4-40GB (0),1,,13,"void channel_eq::eqMmseSoftDemapKernel<float, __half, __half, float, (unsigned int)4, (unsigned short)16383>(channel_eq::_puschRxChEqStatDescr *, channel_eq::_puschRxChEqSoftDemapDynDescr)"
2161713127,281885,26218,1,1,1,32,32,1,30,0.000,0.000,,,,,NVIDIA A100-SXM4-40GB (0),1,,13,"void convert_kernel<float2, __half2>(tensor_layout_any, T1 *, tensor_layout_any, const T2 *)"
2161996228,10336,26230,2253,1,1,128,1,1,16,0.000,0.000,,,,,NVIDIA A100-SXM4-40GB (0),1,,13,cupy_copy__float16_float16
2162007780,2400,26239,282,1,1,128,1,1,16,0.000,0.000,,,,,NVIDIA A100-SXM4-40GB (0),1,,13,cupy_copy__complex64_complex64
2162011172,1792,26248,26,1,1,128,1,1,16,0.000,0.000,,,,,NVIDIA A100-SXM4-40GB (0),1,,13,cupy_copy__float32_float32
2162014180,2496,26257,103,1,1,128,1,1,16,0.000,0.000,,,,,NVIDIA A100-SXM4-40GB (0),1,,13,cupy_copy__complex64_complex64
2162017924,11296,26267,1434,1,1,128,1,1,16,0.000,0.000,,,,,NVIDIA A100-SXM4-40GB (0),1,,13,cupy_copy__complex64_complex64
2162067587,78175,26272,1,1,1,32,32,1,30,0.000,0.000,,,,,NVIDIA A100-SXM4-40GB (0),1,,13,"void convert_kernel<__half2, float2>(tensor_layout_any, T1 *, tensor_layout_any, const T2 *)"
2162173378,4704,26275,,,,,,,,,,0.061,13061.222,Pinned,Device,NVIDIA A100-SXM4-40GB (0),1,,13,[CUDA memcpy Host-to-Device]
2162184610,588409,26276,,,,,,,,,,456.520,775628.296,Device,,NVIDIA A100-SXM4-40GB (0),1,,13,[CUDA memset]
2162781499,32800,26281,,,,,,,,,,0.825,25162.263,Pinned,Device,NVIDIA A100-SXM4-40GB (0),1,,13,[CUDA memcpy Host-to-Device]
2162817851,6816,26282,,,,,,,,,,0.131,19229.966,Pinned,Device,NVIDIA A100-SXM4-40GB (0),1,,13,[CUDA memcpy Host-to-Device]
2162834107,7200,26283,69,4,1,48,1,1,76,0.002,0.000,,,,,NVIDIA A100-SXM4-40GB (0),1,,13,"void ch_est::windowedChEstPreNoDftSOfdmKernel<float, __half, float, (unsigned int)2, (unsigned int)1, (unsigned short)4>(ch_est::puschRxChEstStatDescr_t *, ch_est::puschRxChEstDynDescr_t *)"
2162842427,6496,26284,137,2,1,24,2,1,44,0.001,0.001,,,,,NVIDIA A100-SXM4-40GB (0),1,,13,"void ch_est::chEstFilterNoDftSOfdmDispatchKernel<float, __half, float, (unsigned int)2>(ch_est::puschRxChEstStatDescr_t *, ch_est::puschRxChEstDynDescr_t *)"
2162850011,4575,26285,137,2,1,24,2,1,44,0.001,0.001,,,,,NVIDIA A100-SXM4-40GB (0),1,,13,"void ch_est::chEstFilterNoDftSOfdmDispatchKernel<float, __half, float, (unsigned int)2>(ch_est::puschRxChEstStatDescr_t *, ch_est::puschRxChEstDynDescr_t *)"
2162855834,2144,26296,103,1,1,128,1,1,16,0.000,0.000,,,,,NVIDIA A100-SXM4-40GB (0),1,,13,cupy_copy__complex64_complex64
2162859226,12576,26306,1434,1,1,128,1,1,16,0.000,0.000,,,,,NVIDIA A100-SXM4-40GB (0),1,,13,cupy_copy__complex64_complex64
2162873018,2080,26313,103,1,1,128,1,1,16,0.000,0.000,,,,,NVIDIA A100-SXM4-40GB (0),1,,13,cupy_copy__complex64_complex64
2162876154,77983,26320,1,1,1,32,32,1,30,0.000,0.000,,,,,NVIDIA A100-SXM4-40GB (0),1,,13,"void convert_kernel<__half2, float2>(tensor_layout_any, T1 *, tensor_layout_any, const T2 *)"
2163354357,4288,26323,,,,,,,,,,0.061,14328.300,Pinned,Device,NVIDIA A100-SXM4-40GB (0),1,,13,[CUDA memcpy Host-to-Device]
2163364149,46335,26324,,,,,,,,,,35.801,772620.518,Device,,NVIDIA A100-SXM4-40GB (0),1,,13,[CUDA memset]
2163413940,1984,26326,,,,,,,,,,0.000,40.323,Pinned,Device,NVIDIA A100-SXM4-40GB (0),1,,13,[CUDA memcpy Host-to-Device]
2163419188,7296,26327,,,,,,,,,,0.131,17964.859,Pinned,Device,NVIDIA A100-SXM4-40GB (0),1,,13,[CUDA memcpy Host-to-Device]
2163430004,8992,26328,273,1,1,48,1,1,40,0.000,0.001,,,,,NVIDIA A100-SXM4-40GB (0),1,,13,"void pusch_noise_intf_est::noiseIntfEstNoDftSOfdmKernel<float, __half, float, float, (unsigned int)2, (unsigned int)1, (unsigned char)4, (unsigned char)4>(pusch_noise_intf_est::puschRxNoiseIntfEstDynDescr)"
2163440532,2208,26339,35,1,1,128,1,1,16,0.000,0.000,,,,,NVIDIA A100-SXM4-40GB (0),1,,13,cupy_copy__complex64_complex64
2163467156,1504,26348,1,1,1,1,1,1,18,0.000,0.000,,,,,NVIDIA A100-SXM4-40GB (0),1,,13,cupy_copy__float32_float32
2163501619,1856,26354,,,,,,,,,,0.000,2.155,Device,Pageable,NVIDIA A100-SXM4-40GB (0),1,,7,[CUDA memcpy Device-to-Host]
2163562259,13088,26365,1434,1,1,128,1,1,16,0.000,0.000,,,,,NVIDIA A100-SXM4-40GB (0),1,,13,cupy_copy__complex64_complex64
2163588626,2336,26372,103,1,1,128,1,1,16,0.000,0.000,,,,,NVIDIA A100-SXM4-40GB (0),1,,13,cupy_copy__complex64_complex64
2163609042,1984,26379,35,1,1,128,1,1,16,0.000,0.000,,,,,NVIDIA A100-SXM4-40GB (0),1,,13,cupy_copy__complex64_complex64
2163626610,1504,26386,1,1,1,1,1,1,18,0.000,0.000,,,,,NVIDIA A100-SXM4-40GB (0),1,,13,cupy_copy__float32_float32
2163901711,77823,26397,1,1,1,32,32,1,30,0.000,0.000,,,,,NVIDIA A100-SXM4-40GB (0),1,,13,"void convert_kernel<__half2, float2>(tensor_layout_any, T1 *, tensor_layout_any, const T2 *)"
2164011726,4416,26400,,,,,,,,,,0.061,13913.027,Pinned,Device,NVIDIA A100-SXM4-40GB (0),1,,13,[CUDA memcpy Host-to-Device]
2164026734,2559,26401,,,,,,,,,,1.547,604385.087,Device,,NVIDIA A100-SXM4-40GB (0),1,,13,[CUDA memset]
2164033197,3360,26406,,,,,,,,,,0.021,6266.666,Pinned,Device,NVIDIA A100-SXM4-40GB (0),1,,13,[CUDA memcpy Host-to-Device]
2164039213,7424,26407,,,,,,,,,,0.131,17655.136,Pinned,Device,NVIDIA A100-SXM4-40GB (0),1,,13,[CUDA memcpy Host-to-Device]
2164050381,5824,26408,273,1,1,8,4,1,39,0.002,0.000,,,,,NVIDIA A100-SXM4-40GB (0),1,,13,"void channel_eq::eqMmseCoefCompLowMimoKernel<float, float, float, (unsigned int)4, (unsigned int)1, (unsigned int)4>(const channel_eq::_puschRxChEqStatDescr *, channel_eq::_puschRxChEqCoefCompDynDescr)"
2164057229,4864,26409,273,1,1,12,11,1,40,0.002,0.000,,,,,NVIDIA A100-SXM4-40GB (0),1,,13,"void channel_eq::eqMmseSoftDemapKernel<float, __half, __half, float, (unsigned int)4, (unsigned short)16383>(channel_eq::_puschRxChEqStatDescr *, channel_eq::_puschRxChEqSoftDemapDynDescr)"
2164063309,282141,26410,1,1,1,32,32,1,30,0.000,0.000,,,,,NVIDIA A100-SXM4-40GB (0),1,,13,"void convert_kernel<float2, __half2>(tensor_layout_any, T1 *, tensor_layout_any, const T2 *)"
2164346506,10400,26422,2253,1,1,128,1,1,16,0.000,0.000,,,,,NVIDIA A100-SXM4-40GB (0),1,,13,cupy_copy__float16_float16
2164357994,2400,26431,282,1,1,128,1,1,16,0.000,0.000,,,,,NVIDIA A100-SXM4-40GB (0),1,,13,cupy_copy__complex64_complex64
2164361386,1760,26440,26,1,1,128,1,1,16,0.000,0.000,,,,,NVIDIA A100-SXM4-40GB (0),1,,13,cupy_copy__float32_float32
2164428297,2528,26449,103,1,1,128,1,1,16,0.000,0.000,,,,,NVIDIA A100-SXM4-40GB (0),1,,13,cupy_copy__complex64_complex64
2164481320,11232,26459,1434,1,1,128,1,1,16,0.000,0.000,,,,,NVIDIA A100-SXM4-40GB (0),1,,13,cupy_copy__complex64_complex64
2164597415,78655,26464,1,1,1,32,32,1,30,0.000,0.000,,,,,NVIDIA A100-SXM4-40GB (0),1,,13,"void convert_kernel<__half2, float2>(tensor_layout_any, T1 *, tensor_layout_any, const T2 *)"
2164835845,4255,26467,,,,,,,,,,0.061,14439.444,Pinned,Device,NVIDIA A100-SXM4-40GB (0),1,,13,[CUDA memcpy Host-to-Device]
2164846916,590362,26468,,,,,,,,,,456.520,772889.173,Device,,NVIDIA A100-SXM4-40GB (0),1,,13,[CUDA memset]
2165443326,32735,26473,,,,,,,,,,0.825,25212.609,Pinned,Device,NVIDIA A100-SXM4-40GB (0),1,,13,[CUDA memcpy Host-to-Device]
2165479101,6752,26474,,,,,,,,,,0.131,19412.287,Pinned,Device,NVIDIA A100-SXM4-40GB (0),1,,13,[CUDA memcpy Host-to-Device]
2165491357,7616,26475,69,4,1,48,1,1,76,0.002,0.000,,,,,NVIDIA A100-SXM4-40GB (0),1,,13,"void ch_est::windowedChEstPreNoDftSOfdmKernel<float, __half, float, (unsigned int)2, (unsigned int)1, (unsigned short)4>(ch_est::puschRxChEstStatDescr_t *, ch_est::puschRxChEstDynDescr_t *)"
2165500029,6368,26476,137,2,1,24,2,1,44,0.001,0.001,,,,,NVIDIA A100-SXM4-40GB (0),1,,13,"void ch_est::chEstFilterNoDftSOfdmDispatchKernel<float, __half, float, (unsigned int)2>(ch_est::puschRxChEstStatDescr_t *, ch_est::puschRxChEstDynDescr_t *)"
2165507613,4576,26477,137,2,1,24,2,1,44,0.001,0.001,,,,,NVIDIA A100-SXM4-40GB (0),1,,13,"void ch_est::chEstFilterNoDftSOfdmDispatchKernel<float, __half, float, (unsigned int)2>(ch_est::puschRxChEstStatDescr_t *, ch_est::puschRxChEstDynDescr_t *)"
2165513373,2208,26488,103,1,1,128,1,1,16,0.000,0.000,,,,,NVIDIA A100-SXM4-40GB (0),1,,13,cupy_copy__complex64_complex64
2165516861,12768,26498,1434,1,1,128,1,1,16,0.000,0.000,,,,,NVIDIA A100-SXM4-40GB (0),1,,13,cupy_copy__complex64_complex64
2165530909,2048,26505,103,1,1,128,1,1,16,0.000,0.000,,,,,NVIDIA A100-SXM4-40GB (0),1,,13,cupy_copy__complex64_complex64
2165534045,78207,26512,1,1,1,32,32,1,30,0.000,0.000,,,,,NVIDIA A100-SXM4-40GB (0),1,,13,"void convert_kernel<__half2, float2>(tensor_layout_any, T1 *, tensor_layout_any, const T2 *)"
2165643388,4288,26515,,,,,,,,,,0.061,14328.300,Pinned,Device,NVIDIA A100-SXM4-40GB (0),1,,13,[CUDA memcpy Host-to-Device]
2165656667,44960,26516,,,,,,,,,,35.801,796249.151,Device,,NVIDIA A100-SXM4-40GB (0),1,,13,[CUDA memset]
2165709083,2816,26518,,,,,,,,,,0.000,28.409,Pinned,Device,NVIDIA A100-SXM4-40GB (0),1,,13,[CUDA memcpy Host-to-Device]
2165715707,7488,26519,,,,,,,,,,0.131,17504.272,Pinned,Device,NVIDIA A100-SXM4-40GB (0),1,,13,[CUDA memcpy Host-to-Device]
2165730715,8480,26520,273,1,1,48,1,1,40,0.000,0.001,,,,,NVIDIA A100-SXM4-40GB (0),1,,13,"void pusch_noise_intf_est::noiseIntfEstNoDftSOfdmKernel<float, __half, float, float, (unsigned int)2, (unsigned int)1, (unsigned char)4, (unsigned char)4>(pusch_noise_intf_est::puschRxNoiseIntfEstDynDescr)"
2165740699,2207,26531,35,1,1,128,1,1,16,0.000,0.000,,,,,NVIDIA A100-SXM4-40GB (0),1,,13,cupy_copy__complex64_complex64
2165767002,1536,26540,1,1,1,1,1,1,18,0.000,0.000,,,,,NVIDIA A100-SXM4-40GB (0),1,,13,cupy_copy__float32_float32
2165800890,2048,26546,,,,,,,,,,0.000,1.953,Device,Pageable,NVIDIA A100-SXM4-40GB (0),1,,7,[CUDA memcpy Device-to-Host]
2165859897,13184,26557,1434,1,1,128,1,1,16,0.000,0.000,,,,,NVIDIA A100-SXM4-40GB (0),1,,13,cupy_copy__complex64_complex64
2165894105,2336,26564,103,1,1,128,1,1,16,0.000,0.000,,,,,NVIDIA A100-SXM4-40GB (0),1,,13,cupy_copy__complex64_complex64
2165915321,1984,26571,35,1,1,128,1,1,16,0.000,0.000,,,,,NVIDIA A100-SXM4-40GB (0),1,,13,cupy_copy__complex64_complex64
2165933144,1472,26578,1,1,1,1,1,1,18,0.000,0.000,,,,,NVIDIA A100-SXM4-40GB (0),1,,13,cupy_copy__float32_float32
2166072119,78655,26589,1,1,1,32,32,1,30,0.000,0.000,,,,,NVIDIA A100-SXM4-40GB (0),1,,13,"void convert_kernel<__half2, float2>(tensor_layout_any, T1 *, tensor_layout_any, const T2 *)"
2166179350,4160,26592,,,,,,,,,,0.061,14769.193,Pinned,Device,NVIDIA A100-SXM4-40GB (0),1,,13,[CUDA memcpy Host-to-Device]
2166193718,2623,26593,,,,,,,,,,1.547,589638.027,Device,,NVIDIA A100-SXM4-40GB (0),1,,13,[CUDA memset]
2166200021,3232,26598,,,,,,,,,,0.021,6514.832,Pinned,Device,NVIDIA A100-SXM4-40GB (0),1,,13,[CUDA memcpy Host-to-Device]
2166205781,7328,26599,,,,,,,,,,0.131,17886.347,Pinned,Device,NVIDIA A100-SXM4-40GB (0),1,,13,[CUDA memcpy Host-to-Device]
2166219413,5888,26600,273,1,1,8,4,1,39,0.002,0.000,,,,,NVIDIA A100-SXM4-40GB (0),1,,13,"void channel_eq::eqMmseCoefCompLowMimoKernel<float, float, float, (unsigned int)4, (unsigned int)1, (unsigned int)4>(const channel_eq::_puschRxChEqStatDescr *, channel_eq::_puschRxChEqCoefCompDynDescr)"
2166226517,4928,26601,273,1,1,12,11,1,40,0.002,0.000,,,,,NVIDIA A100-SXM4-40GB (0),1,,13,"void channel_eq::eqMmseSoftDemapKernel<float, __half, __half, float, (unsigned int)4, (unsigned short)16383>(channel_eq::_puschRxChEqStatDescr *, channel_eq::_puschRxChEqSoftDemapDynDescr)"
2166232469,282973,26602,1,1,1,32,32,1,30,0.000,0.000,,,,,NVIDIA A100-SXM4-40GB (0),1,,13,"void convert_kernel<float2, __half2>(tensor_layout_any, T1 *, tensor_layout_any, const T2 *)"
2166516626,10112,26614,2253,1,1,128,1,1,16,0.000,0.000,,,,,NVIDIA A100-SXM4-40GB (0),1,,13,cupy_copy__float16_float16
2166527826,2400,26623,282,1,1,128,1,1,16,0.000,0.000,,,,,NVIDIA A100-SXM4-40GB (0),1,,13,cupy_copy__complex64_complex64
2166531250,1728,26632,26,1,1,128,1,1,16,0.000,0.000,,,,,NVIDIA A100-SXM4-40GB (0),1,,13,cupy_copy__float32_float32
2166534194,2528,26641,103,1,1,128,1,1,16,0.000,0.000,,,,,NVIDIA A100-SXM4-40GB (0),1,,13,cupy_copy__complex64_complex64
2166537938,11328,26651,1434,1,1,128,1,1,16,0.000,0.000,,,,,NVIDIA A100-SXM4-40GB (0),1,,13,cupy_copy__complex64_complex64
2166569553,77983,26656,1,1,1,32,32,1,30,0.000,0.000,,,,,NVIDIA A100-SXM4-40GB (0),1,,13,"void convert_kernel<__half2, float2>(tensor_layout_any, T1 *, tensor_layout_any, const T2 *)"
2166674960,4768,26659,,,,,,,,,,0.061,12885.873,Pinned,Device,NVIDIA A100-SXM4-40GB (0),1,,13,[CUDA memcpy Host-to-Device]
2166685552,587738,26660,,,,,,,,,,456.520,776541.336,Device,,NVIDIA A100-SXM4-40GB (0),1,,13,[CUDA memset]
2167277449,32832,26665,,,,,,,,,,0.825,25138.328,Pinned,Device,NVIDIA A100-SXM4-40GB (0),1,,13,[CUDA memcpy Host-to-Device]
2167312457,7008,26666,,,,,,,,,,0.131,18703.188,Pinned,Device,NVIDIA A100-SXM4-40GB (0),1,,13,[CUDA memcpy Host-to-Device]
2167324553,7232,26667,69,4,1,48,1,1,76,0.002,0.000,,,,,NVIDIA A100-SXM4-40GB (0),1,,13,"void ch_est::windowedChEstPreNoDftSOfdmKernel<float, __half, float, (unsigned int)2, (unsigned int)1, (unsigned short)4>(ch_est::puschRxChEstStatDescr_t *, ch_est::puschRxChEstDynDescr_t *)"
2167333065,6304,26668,137,2,1,24,2,1,44,0.001,0.001,,,,,NVIDIA A100-SXM4-40GB (0),1,,13,"void ch_est::chEstFilterNoDftSOfdmDispatchKernel<float, __half, float, (unsigned int)2>(ch_est::puschRxChEstStatDescr_t *, ch_est::puschRxChEstDynDescr_t *)"
2167340393,4608,26669,137,2,1,24,2,1,44,0.001,0.001,,,,,NVIDIA A100-SXM4-40GB (0),1,,13,"void ch_est::chEstFilterNoDftSOfdmDispatchKernel<float, __half, float, (unsigned int)2>(ch_est::puschRxChEstStatDescr_t *, ch_est::puschRxChEstDynDescr_t *)"
2167346185,2176,26680,103,1,1,128,1,1,16,0.000,0.000,,,,,NVIDIA A100-SXM4-40GB (0),1,,13,cupy_copy__complex64_complex64
2167349353,12768,26690,1434,1,1,128,1,1,16,0.000,0.000,,,,,NVIDIA A100-SXM4-40GB (0),1,,13,cupy_copy__complex64_complex64
2167363337,2080,26697,103,1,1,128,1,1,16,0.000,0.000,,,,,NVIDIA A100-SXM4-40GB (0),1,,13,cupy_copy__complex64_complex64
2167366633,77951,26704,1,1,1,32,32,1,30,0.000,0.000,,,,,NVIDIA A100-SXM4-40GB (0),1,,13,"void convert_kernel<__half2, float2>(tensor_layout_any, T1 *, tensor_layout_any, const T2 *)"
2167471239,4128,26707,,,,,,,,,,0.061,14883.717,Pinned,Device,NVIDIA A100-SXM4-40GB (0),1,,13,[CUDA memcpy Host-to-Device]
2167483207,44960,26708,,,,,,,,,,35.801,796249.151,Device,,NVIDIA A100-SXM4-40GB (0),1,,13,[CUDA memset]
2167536487,1984,26710,,,,,,,,,,0.000,40.323,Pinned,Device,NVIDIA A100-SXM4-40GB (0),1,,13,[CUDA memcpy Host-to-Device]
2167541095,6751,26711,,,,,,,,,,0.131,19415.171,Pinned,Device,NVIDIA A100-SXM4-40GB (0),1,,13,[CUDA memcpy Host-to-Device]
2167552646,8640,26712,273,1,1,48,1,1,40,0.000,0.001,,,,,NVIDIA A100-SXM4-40GB (0),1,,13,"void pusch_noise_intf_est::noiseIntfEstNoDftSOfdmKernel<float, __half, float, float, (unsigned int)2, (unsigned int)1, (unsigned char)4, (unsigned char)4>(pusch_noise_intf_est::puschRxNoiseIntfEstDynDescr)"
2167562694,2208,26723,35,1,1,128,1,1,16,0.000,0.000,,,,,NVIDIA A100-SXM4-40GB (0),1,,13,cupy_copy__complex64_complex64
2167591046,1536,26732,1,1,1,1,1,1,18,0.000,0.000,,,,,NVIDIA A100-SXM4-40GB (0),1,,13,cupy_copy__float32_float32
2167625414,1792,26738,,,,,,,,,,0.000,2.232,Device,Pageable,NVIDIA A100-SXM4-40GB (0),1,,7,[CUDA memcpy Device-to-Host]
2167683813,13056,26749,1434,1,1,128,1,1,16,0.000,0.000,,,,,NVIDIA A100-SXM4-40GB (0),1,,13,cupy_copy__complex64_complex64
2167709541,2336,26756,103,1,1,128,1,1,16,0.000,0.000,,,,,NVIDIA A100-SXM4-40GB (0),1,,13,cupy_copy__complex64_complex64
2167729572,2016,26763,35,1,1,128,1,1,16,0.000,0.000,,,,,NVIDIA A100-SXM4-40GB (0),1,,13,cupy_copy__complex64_complex64
2167751140,1472,26770,1,1,1,1,1,1,18,0.000,0.000,,,,,NVIDIA A100-SXM4-40GB (0),1,,13,cupy_copy__float32_float32
2167885091,78111,26781,1,1,1,32,32,1,30,0.000,0.000,,,,,NVIDIA A100-SXM4-40GB (0),1,,13,"void convert_kernel<__half2, float2>(tensor_layout_any, T1 *, tensor_layout_any, const T2 *)"
2167990914,4192,26784,,,,,,,,,,0.061,14656.451,Pinned,Device,NVIDIA A100-SXM4-40GB (0),1,,13,[CUDA memcpy Host-to-Device]
2168005057,2656,26785,,,,,,,,,,1.547,582313.216,Device,,NVIDIA A100-SXM4-40GB (0),1,,13,[CUDA memset]
2168011425,2752,26790,,,,,,,,,,0.021,7651.161,Pinned,Device,NVIDIA A100-SXM4-40GB (0),1,,13,[CUDA memcpy Host-to-Device]
2168016289,7072,26791,,,,,,,,,,0.131,18533.843,Pinned,Device,NVIDIA A100-SXM4-40GB (0),1,,13,[CUDA memcpy Host-to-Device]
2168027713,5792,26792,273,1,1,8,4,1,39,0.002,0.000,,,,,NVIDIA A100-SXM4-40GB (0),1,,13,"void channel_eq::eqMmseCoefCompLowMimoKernel<float, float, float, (unsigned int)4, (unsigned int)1, (unsigned int)4>(const channel_eq::_puschRxChEqStatDescr *, channel_eq::_puschRxChEqCoefCompDynDescr)"
2168034529,4800,26793,273,1,1,12,11,1,40,0.002,0.000,,,,,NVIDIA A100-SXM4-40GB (0),1,,13,"void channel_eq::eqMmseSoftDemapKernel<float, __half, __half, float, (unsigned int)4, (unsigned short)16383>(channel_eq::_puschRxChEqStatDescr *, channel_eq::_puschRxChEqSoftDemapDynDescr)"
2168040577,282077,26794,1,1,1,32,32,1,30,0.000,0.000,,,,,NVIDIA A100-SXM4-40GB (0),1,,13,"void convert_kernel<float2, __half2>(tensor_layout_any, T1 *, tensor_layout_any, const T2 *)"
2168323646,10208,26806,2253,1,1,128,1,1,16,0.000,0.000,,,,,NVIDIA A100-SXM4-40GB (0),1,,13,cupy_copy__float16_float16
2168334846,2400,26815,282,1,1,128,1,1,16,0.000,0.000,,,,,NVIDIA A100-SXM4-40GB (0),1,,13,cupy_copy__complex64_complex64
2168338270,1760,26824,26,1,1,128,1,1,16,0.000,0.000,,,,,NVIDIA A100-SXM4-40GB (0),1,,13,cupy_copy__float32_float32
2168341246,2496,26833,103,1,1,128,1,1,16,0.000,0.000,,,,,NVIDIA A100-SXM4-40GB (0),1,,13,cupy_copy__complex64_complex64
2168344958,11232,26843,1434,1,1,128,1,1,16,0.000,0.000,,,,,NVIDIA A100-SXM4-40GB (0),1,,13,cupy_copy__complex64_complex64
2168381661,78591,26848,1,1,1,32,32,1,30,0.000,0.000,,,,,NVIDIA A100-SXM4-40GB (0),1,,13,"void convert_kernel<__half2, float2>(tensor_layout_any, T1 *, tensor_layout_any, const T2 *)"
2168661530,4320,26851,,,,,,,,,,0.061,14222.193,Pinned,Device,NVIDIA A100-SXM4-40GB (0),1,,13,[CUDA memcpy Host-to-Device]
2168669786,589562,26852,,,,,,,,,,456.520,774258.734,Device,,NVIDIA A100-SXM4-40GB (0),1,,13,[CUDA memset]
2169266291,32800,26857,,,,,,,,,,0.825,25162.263,Pinned,Device,NVIDIA A100-SXM4-40GB (0),1,,13,[CUDA memcpy Host-to-Device]
2169302067,6976,26858,,,,,,,,,,0.131,18788.909,Pinned,Device,NVIDIA A100-SXM4-40GB (0),1,,13,[CUDA memcpy Host-to-Device]
2169318003,7232,26859,69,4,1,48,1,1,76,0.002,0.000,,,,,NVIDIA A100-SXM4-40GB (0),1,,13,"void ch_est::windowedChEstPreNoDftSOfdmKernel<float, __half, float, (unsigned int)2, (unsigned int)1, (unsigned short)4>(ch_est::puschRxChEstStatDescr_t *, ch_est::puschRxChEstDynDescr_t *)"
2169326483,6336,26860,137,2,1,24,2,1,44,0.001,0.001,,,,,NVIDIA A100-SXM4-40GB (0),1,,13,"void ch_est::chEstFilterNoDftSOfdmDispatchKernel<float, __half, float, (unsigned int)2>(ch_est::puschRxChEstStatDescr_t *, ch_est::puschRxChEstDynDescr_t *)"
2169334067,4576,26861,137,2,1,24,2,1,44,0.001,0.001,,,,,NVIDIA A100-SXM4-40GB (0),1,,13,"void ch_est::chEstFilterNoDftSOfdmDispatchKernel<float, __half, float, (unsigned int)2>(ch_est::puschRxChEstStatDescr_t *, ch_est::puschRxChEstDynDescr_t *)"
2169339955,2624,26872,103,1,1,128,1,1,16,0.000,0.000,,,,,NVIDIA A100-SXM4-40GB (0),1,,13,cupy_copy__complex64_complex64
2169343603,12447,26882,1434,1,1,128,1,1,16,0.000,0.000,,,,,NVIDIA A100-SXM4-40GB (0),1,,13,cupy_copy__complex64_complex64
2169357266,2080,26889,103,1,1,128,1,1,16,0.000,0.000,,,,,NVIDIA A100-SXM4-40GB (0),1,,13,cupy_copy__complex64_complex64
2169360402,78784,26896,1,1,1,32,32,1,30,0.000,0.000,,,,,NVIDIA A100-SXM4-40GB (0),1,,13,"void convert_kernel<__half2, float2>(tensor_layout_any, T1 *, tensor_layout_any, const T2 *)"
2169470225,4384,26899,,,,,,,,,,0.061,14014.587,Pinned,Device,NVIDIA A100-SXM4-40GB (0),1,,13,[CUDA memcpy Host-to-Device]
2169483185,44864,26900,,,,,,,,,,35.801,797967.597,Device,,NVIDIA A100-SXM4-40GB (0),1,,13,[CUDA memset]
2169536336,1888,26902,,,,,,,,,,0.000,42.373,Pinned,Device,NVIDIA A100-SXM4-40GB (0),1,,13,[CUDA memcpy Host-to-Device]
2169540752,6816,26903,,,,,,,,,,0.131,19229.966,Pinned,Device,NVIDIA A100-SXM4-40GB (0),1,,13,[CUDA memcpy Host-to-Device]
2169557616,8352,26904,273,1,1,48,1,1,40,0.000,0.001,,,,,NVIDIA A100-SXM4-40GB (0),1,,13,"void pusch_noise_intf_est::noiseIntfEstNoDftSOfdmKernel<float, __half, float, float, (unsigned int)2, (unsigned int)1, (unsigned char)4, (unsigned char)4>(pusch_noise_intf_est::puschRxNoiseIntfEstDynDescr)"
2169567376,2272,26915,35,1,1,128,1,1,16,0.000,0.000,,,,,NVIDIA A100-SXM4-40GB (0),1,,13,cupy_copy__complex64_complex64
2169596400,1504,26924,1,1,1,1,1,1,18,0.000,0.000,,,,,NVIDIA A100-SXM4-40GB (0),1,,13,cupy_copy__float32_float32
2169631055,1792,26930,,,,,,,,,,0.000,2.232,Device,Pageable,NVIDIA A100-SXM4-40GB (0),1,,7,[CUDA memcpy Device-to-Host]
2169690255,13056,26941,1434,1,1,128,1,1,16,0.000,0.000,,,,,NVIDIA A100-SXM4-40GB (0),1,,13,cupy_copy__complex64_complex64
2169716526,2336,26948,103,1,1,128,1,1,16,0.000,0.000,,,,,NVIDIA A100-SXM4-40GB (0),1,,13,cupy_copy__complex64_complex64
2169741902,1984,26955,35,1,1,128,1,1,16,0.000,0.000,,,,,NVIDIA A100-SXM4-40GB (0),1,,13,cupy_copy__complex64_complex64
2169760238,1472,26962,1,1,1,1,1,1,18,0.000,0.000,,,,,NVIDIA A100-SXM4-40GB (0),1,,13,cupy_copy__float32_float32
2169901868,78400,26973,1,1,1,32,32,1,30,0.000,0.000,,,,,NVIDIA A100-SXM4-40GB (0),1,,13,"void convert_kernel<__half2, float2>(tensor_layout_any, T1 *, tensor_layout_any, const T2 *)"
2170161866,4319,26976,,,,,,,,,,0.061,14225.510,Pinned,Device,NVIDIA A100-SXM4-40GB (0),1,,13,[CUDA memcpy Host-to-Device]
2170171465,2592,26977,,,,,,,,,,1.547,596690.632,Device,,NVIDIA A100-SXM4-40GB (0),1,,13,[CUDA memset]
2170174729,3200,26982,,,,,,,,,,0.021,6580.000,Pinned,Device,NVIDIA A100-SXM4-40GB (0),1,,13,[CUDA memcpy Host-to-Device]
2170181449,7296,26983,,,,,,,,,,0.131,17964.859,Pinned,Device,NVIDIA A100-SXM4-40GB (0),1,,13,[CUDA memcpy Host-to-Device]
2170197609,5824,26984,273,1,1,8,4,1,39,0.002,0.000,,,,,NVIDIA A100-SXM4-40GB (0),1,,13,"void channel_eq::eqMmseCoefCompLowMimoKernel<float, float, float, (unsigned int)4, (unsigned int)1, (unsigned int)4>(const channel_eq::_puschRxChEqStatDescr *, channel_eq::_puschRxChEqCoefCompDynDescr)"
2170204681,4992,26985,273,1,1,12,11,1,40,0.002,0.000,,,,,NVIDIA A100-SXM4-40GB (0),1,,13,"void channel_eq::eqMmseSoftDemapKernel<float, __half, __half, float, (unsigned int)4, (unsigned short)16383>(channel_eq::_puschRxChEqStatDescr *, channel_eq::_puschRxChEqSoftDemapDynDescr)"
2170210729,282749,26986,1,1,1,32,32,1,30,0.000,0.000,,,,,NVIDIA A100-SXM4-40GB (0),1,,13,"void convert_kernel<float2, __half2>(tensor_layout_any, T1 *, tensor_layout_any, const T2 *)"
2170494502,10176,26998,2253,1,1,128,1,1,16,0.000,0.000,,,,,NVIDIA A100-SXM4-40GB (0),1,,13,cupy_copy__float16_float16
2170505670,2400,27007,282,1,1,128,1,1,16,0.000,0.000,,,,,NVIDIA A100-SXM4-40GB (0),1,,13,cupy_copy__complex64_complex64
2170509094,1760,27016,26,1,1,128,1,1,16,0.000,0.000,,,,,NVIDIA A100-SXM4-40GB (0),1,,13,cupy_copy__float32_float32
2170512070,2528,27025,103,1,1,128,1,1,16,0.000,0.000,,,,,NVIDIA A100-SXM4-40GB (0),1,,13,cupy_copy__complex64_complex64
2170515814,11327,27035,1434,1,1,128,1,1,16,0.000,0.000,,,,,NVIDIA A100-SXM4-40GB (0),1,,13,cupy_copy__complex64_complex64
2170672932,78559,27040,1,1,1,32,32,1,30,0.000,0.000,,,,,NVIDIA A100-SXM4-40GB (0),1,,13,"void convert_kernel<__half2, float2>(tensor_layout_any, T1 *, tensor_layout_any, const T2 *)"
2170782499,4160,27043,,,,,,,,,,0.061,14769.193,Pinned,Device,NVIDIA A100-SXM4-40GB (0),1,,13,[CUDA memcpy Host-to-Device]
2170793827,587513,27044,,,,,,,,,,456.520,776997.857,Device,,NVIDIA A100-SXM4-40GB (0),1,,13,[CUDA memset]
2171385660,32768,27049,,,,,,,,,,0.825,25187.023,Pinned,Device,NVIDIA A100-SXM4-40GB (0),1,,13,[CUDA memcpy Host-to-Device]
2171421596,7296,27050,,,,,,,,,,0.131,17964.859,Pinned,Device,NVIDIA A100-SXM4-40GB (0),1,,13,[CUDA memcpy Host-to-Device]
2171438683,7328,27051,69,4,1,48,1,1,76,0.002,0.000,,,,,NVIDIA A100-SXM4-40GB (0),1,,13,"void ch_est::windowedChEstPreNoDftSOfdmKernel<float, __half, float, (unsigned int)2, (unsigned int)1, (unsigned short)4>(ch_est::puschRxChEstStatDescr_t *, ch_est::puschRxChEstDynDescr_t *)"
2171447067,6272,27052,137,2,1,24,2,1,44,0.001,0.001,,,,,NVIDIA A100-SXM4-40GB (0),1,,13,"void ch_est::chEstFilterNoDftSOfdmDispatchKernel<float, __half, float, (unsigned int)2>(ch_est::puschRxChEstStatDescr_t *, ch_est::puschRxChEstDynDescr_t *)"
2171454619,4544,27053,137,2,1,24,2,1,44,0.001,0.001,,,,,NVIDIA A100-SXM4-40GB (0),1,,13,"void ch_est::chEstFilterNoDftSOfdmDispatchKernel<float, __half, float, (unsigned int)2>(ch_est::puschRxChEstStatDescr_t *, ch_est::puschRxChEstDynDescr_t *)"
2171460379,2144,27064,103,1,1,128,1,1,16,0.000,0.000,,,,,NVIDIA A100-SXM4-40GB (0),1,,13,cupy_copy__complex64_complex64
2171463803,12352,27074,1434,1,1,128,1,1,16,0.000,0.000,,,,,NVIDIA A100-SXM4-40GB (0),1,,13,cupy_copy__complex64_complex64
2171477435,2080,27081,103,1,1,128,1,1,16,0.000,0.000,,,,,NVIDIA A100-SXM4-40GB (0),1,,13,cupy_copy__complex64_complex64
2171480571,78431,27088,1,1,1,32,32,1,30,0.000,0.000,,,,,NVIDIA A100-SXM4-40GB (0),1,,13,"void convert_kernel<__half2, float2>(tensor_layout_any, T1 *, tensor_layout_any, const T2 *)"
2171586746,4288,27091,,,,,,,,,,0.061,14328.300,Pinned,Device,NVIDIA A100-SXM4-40GB (0),1,,13,[CUDA memcpy Host-to-Device]
2171599322,45343,27092,,,,,,,,,,35.801,789554.372,Device,,NVIDIA A100-SXM4-40GB (0),1,,13,[CUDA memset]
2171650873,2112,27094,,,,,,,,,,0.000,37.879,Pinned,Device,NVIDIA A100-SXM4-40GB (0),1,,13,[CUDA memcpy Host-to-Device]
2171655705,7392,27095,,,,,,,,,,0.131,17731.551,Pinned,Device,NVIDIA A100-SXM4-40GB (0),1,,13,[CUDA memcpy Host-to-Device]
2171670297,8544,27096,273,1,1,48,1,1,40,0.000,0.001,,,,,NVIDIA A100-SXM4-40GB (0),1,,13,"void pusch_noise_intf_est::noiseIntfEstNoDftSOfdmKernel<float, __half, float, float, (unsigned int)2, (unsigned int)1, (unsigned char)4, (unsigned char)4>(pusch_noise_intf_est::puschRxNoiseIntfEstDynDescr)"
2171680537,2048,27107,35,1,1,128,1,1,16,0.000,0.000,,,,,NVIDIA A100-SXM4-40GB (0),1,,13,cupy_copy__complex64_complex64
2171707160,1504,27116,1,1,1,1,1,1,18,0.000,0.000,,,,,NVIDIA A100-SXM4-40GB (0),1,,13,cupy_copy__float32_float32
2171741592,1888,27122,,,,,,,,,,0.000,2.119,Device,Pageable,NVIDIA A100-SXM4-40GB (0),1,,7,[CUDA memcpy Device-to-Host]
2171799511,13664,27133,1434,1,1,128,1,1,16,0.000,0.000,,,,,NVIDIA A100-SXM4-40GB (0),1,,13,cupy_copy__complex64_complex64
2171829783,2336,27140,103,1,1,128,1,1,16,0.000,0.000,,,,,NVIDIA A100-SXM4-40GB (0),1,,13,cupy_copy__complex64_complex64
2171849495,2048,27147,35,1,1,128,1,1,16,0.000,0.000,,,,,NVIDIA A100-SXM4-40GB (0),1,,13,cupy_copy__complex64_complex64
2171867479,1504,27154,1,1,1,1,1,1,18,0.000,0.000,,,,,NVIDIA A100-SXM4-40GB (0),1,,13,cupy_copy__float32_float32
2172001141,78623,27165,1,1,1,32,32,1,30,0.000,0.000,,,,,NVIDIA A100-SXM4-40GB (0),1,,13,"void convert_kernel<__half2, float2>(tensor_layout_any, T1 *, tensor_layout_any, const T2 *)"
2172107700,4320,27168,,,,,,,,,,0.061,14222.193,Pinned,Device,NVIDIA A100-SXM4-40GB (0),1,,13,[CUDA memcpy Host-to-Device]
2172122068,2592,27169,,,,,,,,,,1.547,596690.632,Device,,NVIDIA A100-SXM4-40GB (0),1,,13,[CUDA memset]
2172128308,3008,27174,,,,,,,,,,0.021,6999.983,Pinned,Device,NVIDIA A100-SXM4-40GB (0),1,,13,[CUDA memcpy Host-to-Device]
2172133908,6784,27175,,,,,,,,,,0.131,19320.668,Pinned,Device,NVIDIA A100-SXM4-40GB (0),1,,13,[CUDA memcpy Host-to-Device]
2172144916,5824,27176,273,1,1,8,4,1,39,0.002,0.000,,,,,NVIDIA A100-SXM4-40GB (0),1,,13,"void channel_eq::eqMmseCoefCompLowMimoKernel<float, float, float, (unsigned int)4, (unsigned int)1, (unsigned int)4>(const channel_eq::_puschRxChEqStatDescr *, channel_eq::_puschRxChEqCoefCompDynDescr)"
2172151987,4864,27177,273,1,1,12,11,1,40,0.002,0.000,,,,,NVIDIA A100-SXM4-40GB (0),1,,13,"void channel_eq::eqMmseSoftDemapKernel<float, __half, __half, float, (unsigned int)4, (unsigned short)16383>(channel_eq::_puschRxChEqStatDescr *, channel_eq::_puschRxChEqSoftDemapDynDescr)"
2172158067,281949,27178,1,1,1,32,32,1,30,0.000,0.000,,,,,NVIDIA A100-SXM4-40GB (0),1,,13,"void convert_kernel<float2, __half2>(tensor_layout_any, T1 *, tensor_layout_any, const T2 *)"
2172441072,10240,27190,2253,1,1,128,1,1,16,0.000,0.000,,,,,NVIDIA A100-SXM4-40GB (0),1,,13,cupy_copy__float16_float16
2172452560,2400,27199,282,1,1,128,1,1,16,0.000,0.000,,,,,NVIDIA A100-SXM4-40GB (0),1,,13,cupy_copy__complex64_complex64
2172455984,1760,27208,26,1,1,128,1,1,16,0.000,0.000,,,,,NVIDIA A100-SXM4-40GB (0),1,,13,cupy_copy__float32_float32
2172458960,2528,27217,103,1,1,128,1,1,16,0.000,0.000,,,,,NVIDIA A100-SXM4-40GB (0),1,,13,cupy_copy__complex64_complex64
2172509072,11167,27233,1434,1,1,128,1,1,16,0.000,0.000,,,,,NVIDIA A100-SXM4-40GB (0),1,,13,cupy_copy__complex64_complex64
2172625070,78399,27238,1,1,1,32,32,1,30,0.000,0.000,,,,,NVIDIA A100-SXM4-40GB (0),1,,13,"void convert_kernel<__half2, float2>(tensor_layout_any, T1 *, tensor_layout_any, const T2 *)"
2172730957,4896,27241,,,,,,,,,,0.061,12548.997,Pinned,Device,NVIDIA A100-SXM4-40GB (0),1,,13,[CUDA memcpy Host-to-Device]
2172742445,586841,27242,,,,,,,,,,456.520,777910.898,Device,,NVIDIA A100-SXM4-40GB (0),1,,13,[CUDA memset]
2173335750,32800,27247,,,,,,,,,,0.825,25162.263,Pinned,Device,NVIDIA A100-SXM4-40GB (0),1,,13,[CUDA memcpy Host-to-Device]
2173371494,6944,27248,,,,,,,,,,0.131,18875.548,Pinned,Device,NVIDIA A100-SXM4-40GB (0),1,,13,[CUDA memcpy Host-to-Device]
2173386278,7104,27249,69,4,1,48,1,1,76,0.002,0.000,,,,,NVIDIA A100-SXM4-40GB (0),1,,13,"void ch_est::windowedChEstPreNoDftSOfdmKernel<float, __half, float, (unsigned int)2, (unsigned int)1, (unsigned short)4>(ch_est::puschRxChEstStatDescr_t *, ch_est::puschRxChEstDynDescr_t *)"
2173394470,5920,27250,137,2,1,24,2,1,44,0.001,0.001,,,,,NVIDIA A100-SXM4-40GB (0),1,,13,"void ch_est::chEstFilterNoDftSOfdmDispatchKernel<float, __half, float, (unsigned int)2>(ch_est::puschRxChEstStatDescr_t *, ch_est::puschRxChEstDynDescr_t *)"
2173401446,4576,27251,137,2,1,24,2,1,44,0.001,0.001,,,,,NVIDIA A100-SXM4-40GB (0),1,,13,"void ch_est::chEstFilterNoDftSOfdmDispatchKernel<float, __half, float, (unsigned int)2>(ch_est::puschRxChEstStatDescr_t *, ch_est::puschRxChEstDynDescr_t *)"
2173407238,2176,27262,103,1,1,128,1,1,16,0.000,0.000,,,,,NVIDIA A100-SXM4-40GB (0),1,,13,cupy_copy__complex64_complex64
2173410406,12735,27272,1434,1,1,128,1,1,16,0.000,0.000,,,,,NVIDIA A100-SXM4-40GB (0),1,,13,cupy_copy__complex64_complex64
2173424325,2080,27279,103,1,1,128,1,1,16,0.000,0.000,,,,,NVIDIA A100-SXM4-40GB (0),1,,13,cupy_copy__complex64_complex64
2173427493,78623,27286,1,1,1,32,32,1,30,0.000,0.000,,,,,NVIDIA A100-SXM4-40GB (0),1,,13,"void convert_kernel<__half2, float2>(tensor_layout_any, T1 *, tensor_layout_any, const T2 *)"
2173535876,4320,27289,,,,,,,,,,0.061,14222.193,Pinned,Device,NVIDIA A100-SXM4-40GB (0),1,,13,[CUDA memcpy Host-to-Device]
2173548644,44960,27290,,,,,,,,,,35.801,796249.151,Device,,NVIDIA A100-SXM4-40GB (0),1,,13,[CUDA memset]
2173602595,1952,27292,,,,,,,,,,0.000,40.984,Pinned,Device,NVIDIA A100-SXM4-40GB (0),1,,13,[CUDA memcpy Host-to-Device]
2173606755,7328,27293,,,,,,,,,,0.131,17886.347,Pinned,Device,NVIDIA A100-SXM4-40GB (0),1,,13,[CUDA memcpy Host-to-Device]
2173618339,8416,27294,273,1,1,48,1,1,40,0.000,0.001,,,,,NVIDIA A100-SXM4-40GB (0),1,,13,"void pusch_noise_intf_est::noiseIntfEstNoDftSOfdmKernel<float, __half, float, float, (unsigned int)2, (unsigned int)1, (unsigned char)4, (unsigned char)4>(pusch_noise_intf_est::puschRxNoiseIntfEstDynDescr)"
2173628323,2368,27305,35,1,1,128,1,1,16,0.000,0.000,,,,,NVIDIA A100-SXM4-40GB (0),1,,13,cupy_copy__complex64_complex64
2173654755,1504,27314,1,1,1,1,1,1,18,0.000,0.000,,,,,NVIDIA A100-SXM4-40GB (0),1,,13,cupy_copy__float32_float32
2173688674,2112,27320,,,,,,,,,,0.000,1.894,Device,Pageable,NVIDIA A100-SXM4-40GB (0),1,,7,[CUDA memcpy Device-to-Host]
2173750626,13536,27331,1434,1,1,128,1,1,16,0.000,0.000,,,,,NVIDIA A100-SXM4-40GB (0),1,,13,cupy_copy__complex64_complex64
2173776193,2336,27338,103,1,1,128,1,1,16,0.000,0.000,,,,,NVIDIA A100-SXM4-40GB (0),1,,13,cupy_copy__complex64_complex64
2173796289,1984,27345,35,1,1,128,1,1,16,0.000,0.000,,,,,NVIDIA A100-SXM4-40GB (0),1,,13,cupy_copy__complex64_complex64
2173814241,1472,27352,1,1,1,1,1,1,18,0.000,0.000,,,,,NVIDIA A100-SXM4-40GB (0),1,,13,cupy_copy__float32_float32
2173955136,77983,27363,1,1,1,32,32,1,30,0.000,0.000,,,,,NVIDIA A100-SXM4-40GB (0),1,,13,"void convert_kernel<__half2, float2>(tensor_layout_any, T1 *, tensor_layout_any, const T2 *)"
2174214077,4288,27366,,,,,,,,,,0.061,14328.300,Pinned,Device,NVIDIA A100-SXM4-40GB (0),1,,13,[CUDA memcpy Host-to-Device]
2174225405,2623,27367,,,,,,,,,,1.547,589638.027,Device,,NVIDIA A100-SXM4-40GB (0),1,,13,[CUDA memset]
2174228700,2816,27372,,,,,,,,,,0.021,7477.259,Pinned,Device,NVIDIA A100-SXM4-40GB (0),1,,13,[CUDA memcpy Host-to-Device]
2174234620,6944,27373,,,,,,,,,,0.131,18875.548,Pinned,Device,NVIDIA A100-SXM4-40GB (0),1,,13,[CUDA memcpy Host-to-Device]
2174246460,5984,27374,273,1,1,8,4,1,39,0.002,0.000,,,,,NVIDIA A100-SXM4-40GB (0),1,,13,"void channel_eq::eqMmseCoefCompLowMimoKernel<float, float, float, (unsigned int)4, (unsigned int)1, (unsigned int)4>(const channel_eq::_puschRxChEqStatDescr *, channel_eq::_puschRxChEqCoefCompDynDescr)"
2174253468,4832,27375,273,1,1,12,11,1,40,0.002,0.000,,,,,NVIDIA A100-SXM4-40GB (0),1,,13,"void channel_eq::eqMmseSoftDemapKernel<float, __half, __half, float, (unsigned int)4, (unsigned short)16383>(channel_eq::_puschRxChEqStatDescr *, channel_eq::_puschRxChEqSoftDemapDynDescr)"
2174259516,281981,27376,1,1,1,32,32,1,30,0.000,0.000,,,,,NVIDIA A100-SXM4-40GB (0),1,,13,"void convert_kernel<float2, __half2>(tensor_layout_any, T1 *, tensor_layout_any, const T2 *)"
2174542585,10336,27388,2253,1,1,128,1,1,16,0.000,0.000,,,,,NVIDIA A100-SXM4-40GB (0),1,,13,cupy_copy__float16_float16
2174554201,2368,27397,282,1,1,128,1,1,16,0.000,0.000,,,,,NVIDIA A100-SXM4-40GB (0),1,,13,cupy_copy__complex64_complex64
2174557625,1760,27406,26,1,1,128,1,1,16,0.000,0.000,,,,,NVIDIA A100-SXM4-40GB (0),1,,13,cupy_copy__float32_float32
2174560601,2560,27415,103,1,1,128,1,1,16,0.000,0.000,,,,,NVIDIA A100-SXM4-40GB (0),1,,13,cupy_copy__complex64_complex64
2174564345,11232,27425,1434,1,1,128,1,1,16,0.000,0.000,,,,,NVIDIA A100-SXM4-40GB (0),1,,13,cupy_copy__complex64_complex64
2174735543,78751,27430,1,1,1,32,32,1,30,0.000,0.000,,,,,NVIDIA A100-SXM4-40GB (0),1,,13,"void convert_kernel<__half2, float2>(tensor_layout_any, T1 *, tensor_layout_any, const T2 *)"
2174845590,4320,27433,,,,,,,,,,0.061,14222.193,Pinned,Device,NVIDIA A100-SXM4-40GB (0),1,,13,[CUDA memcpy Host-to-Device]
2174856726,587705,27434,,,,,,,,,,456.520,776541.336,Device,,NVIDIA A100-SXM4-40GB (0),1,,13,[CUDA memset]
2175450287,32832,27439,,,,,,,,,,0.825,25138.328,Pinned,Device,NVIDIA A100-SXM4-40GB (0),1,,13,[CUDA memcpy Host-to-Device]
2175486319,7199,27440,,,,,,,,,,0.131,18206.949,Pinned,Device,NVIDIA A100-SXM4-40GB (0),1,,13,[CUDA memcpy Host-to-Device]
2175498798,7168,27441,69,4,1,48,1,1,76,0.002,0.000,,,,,NVIDIA A100-SXM4-40GB (0),1,,13,"void ch_est::windowedChEstPreNoDftSOfdmKernel<float, __half, float, (unsigned int)2, (unsigned int)1, (unsigned short)4>(ch_est::puschRxChEstStatDescr_t *, ch_est::puschRxChEstDynDescr_t *)"
2175506990,6272,27442,137,2,1,24,2,1,44,0.001,0.001,,,,,NVIDIA A100-SXM4-40GB (0),1,,13,"void ch_est::chEstFilterNoDftSOfdmDispatchKernel<float, __half, float, (unsigned int)2>(ch_est::puschRxChEstStatDescr_t *, ch_est::puschRxChEstDynDescr_t *)"
2175514350,4576,27443,137,2,1,24,2,1,44,0.001,0.001,,,,,NVIDIA A100-SXM4-40GB (0),1,,13,"void ch_est::chEstFilterNoDftSOfdmDispatchKernel<float, __half, float, (unsigned int)2>(ch_est::puschRxChEstStatDescr_t *, ch_est::puschRxChEstDynDescr_t *)"
2175520174,2144,27454,103,1,1,128,1,1,16,0.000,0.000,,,,,NVIDIA A100-SXM4-40GB (0),1,,13,cupy_copy__complex64_complex64
2175523278,12512,27464,1434,1,1,128,1,1,16,0.000,0.000,,,,,NVIDIA A100-SXM4-40GB (0),1,,13,cupy_copy__complex64_complex64
2175537038,2080,27471,103,1,1,128,1,1,16,0.000,0.000,,,,,NVIDIA A100-SXM4-40GB (0),1,,13,cupy_copy__complex64_complex64
2175540110,78783,27478,1,1,1,32,32,1,30,0.000,0.000,,,,,NVIDIA A100-SXM4-40GB (0),1,,13,"void convert_kernel<__half2, float2>(tensor_layout_any, T1 *, tensor_layout_any, const T2 *)"
2175784843,4256,27481,,,,,,,,,,0.061,14436.065,Pinned,Device,NVIDIA A100-SXM4-40GB (0),1,,13,[CUDA memcpy Host-to-Device]
2175795755,46240,27482,,,,,,,,,,35.801,774231.561,Device,,NVIDIA A100-SXM4-40GB (0),1,,13,[CUDA memset]
2175848331,2336,27484,,,,,,,,,,0.000,34.247,Pinned,Device,NVIDIA A100-SXM4-40GB (0),1,,13,[CUDA memcpy Host-to-Device]
2175853162,6816,27485,,,,,,,,,,0.131,19229.966,Pinned,Device,NVIDIA A100-SXM4-40GB (0),1,,13,[CUDA memcpy Host-to-Device]
2175867434,9024,27486,273,1,1,48,1,1,40,0.000,0.001,,,,,NVIDIA A100-SXM4-40GB (0),1,,13,"void pusch_noise_intf_est::noiseIntfEstNoDftSOfdmKernel<float, __half, float, float, (unsigned int)2, (unsigned int)1, (unsigned char)4, (unsigned char)4>(pusch_noise_intf_est::puschRxNoiseIntfEstDynDescr)"
2175877898,2272,27497,35,1,1,128,1,1,16,0.000,0.000,,,,,NVIDIA A100-SXM4-40GB (0),1,,13,cupy_copy__complex64_complex64
2175894250,1504,27506,1,1,1,1,1,1,18,0.000,0.000,,,,,NVIDIA A100-SXM4-40GB (0),1,,13,cupy_copy__float32_float32
2175931146,1824,27512,,,,,,,,,,0.000,2.193,Device,Pageable,NVIDIA A100-SXM4-40GB (0),1,,7,[CUDA memcpy Device-to-Host]
2175990345,13088,27523,1434,1,1,128,1,1,16,0.000,0.000,,,,,NVIDIA A100-SXM4-40GB (0),1,,13,cupy_copy__complex64_complex64
2176016649,2304,27530,103,1,1,128,1,1,16,0.000,0.000,,,,,NVIDIA A100-SXM4-40GB (0),1,,13,cupy_copy__complex64_complex64
2176036680,1984,27537,35,1,1,128,1,1,16,0.000,0.000,,,,,NVIDIA A100-SXM4-40GB (0),1,,13,cupy_copy__complex64_complex64
2176054920,1472,27544,1,1,1,1,1,1,18,0.000,0.000,,,,,NVIDIA A100-SXM4-40GB (0),1,,13,cupy_copy__float32_float32
2176322661,79295,27555,1,1,1,32,32,1,30,0.000,0.000,,,,,NVIDIA A100-SXM4-40GB (0),1,,13,"void convert_kernel<__half2, float2>(tensor_layout_any, T1 *, tensor_layout_any, const T2 *)"
2176433860,4512,27558,,,,,,,,,,0.061,13617.009,Pinned,Device,NVIDIA A100-SXM4-40GB (0),1,,13,[CUDA memcpy Host-to-Device]
2176448708,2592,27559,,,,,,,,,,1.547,596690.632,Device,,NVIDIA A100-SXM4-40GB (0),1,,13,[CUDA memset]
2176454500,2912,27564,,,,,,,,,,0.021,7230.757,Pinned,Device,NVIDIA A100-SXM4-40GB (0),1,,13,[CUDA memcpy Host-to-Device]
2176460228,7008,27565,,,,,,,,,,0.131,18703.188,Pinned,Device,NVIDIA A100-SXM4-40GB (0),1,,13,[CUDA memcpy Host-to-Device]
2176471620,5888,27566,273,1,1,8,4,1,39,0.002,0.000,,,,,NVIDIA A100-SXM4-40GB (0),1,,13,"void channel_eq::eqMmseCoefCompLowMimoKernel<float, float, float, (unsigned int)4, (unsigned int)1, (unsigned int)4>(const channel_eq::_puschRxChEqStatDescr *, channel_eq::_puschRxChEqCoefCompDynDescr)"
2176478756,4895,27567,273,1,1,12,11,1,40,0.002,0.000,,,,,NVIDIA A100-SXM4-40GB (0),1,,13,"void channel_eq::eqMmseSoftDemapKernel<float, __half, __half, float, (unsigned int)4, (unsigned short)16383>(channel_eq::_puschRxChEqStatDescr *, channel_eq::_puschRxChEqSoftDemapDynDescr)"
2176484739,282429,27568,1,1,1,32,32,1,30,0.000,0.000,,,,,NVIDIA A100-SXM4-40GB (0),1,,13,"void convert_kernel<float2, __half2>(tensor_layout_any, T1 *, tensor_layout_any, const T2 *)"
2176768160,10400,27580,2253,1,1,128,1,1,16,0.000,0.000,,,,,NVIDIA A100-SXM4-40GB (0),1,,13,cupy_copy__float16_float16
2176779648,2368,27589,282,1,1,128,1,1,16,0.000,0.000,,,,,NVIDIA A100-SXM4-40GB (0),1,,13,cupy_copy__complex64_complex64
2176783040,1760,27598,26,1,1,128,1,1,16,0.000,0.000,,,,,NVIDIA A100-SXM4-40GB (0),1,,13,cupy_copy__float32_float32
2176786016,2528,27607,103,1,1,128,1,1,16,0.000,0.000,,,,,NVIDIA A100-SXM4-40GB (0),1,,13,cupy_copy__complex64_complex64
2176789760,11328,27617,1434,1,1,128,1,1,16,0.000,0.000,,,,,NVIDIA A100-SXM4-40GB (0),1,,13,cupy_copy__complex64_complex64
2176839936,78463,27622,1,1,1,32,32,1,30,0.000,0.000,,,,,NVIDIA A100-SXM4-40GB (0),1,,13,"void convert_kernel<__half2, float2>(tensor_layout_any, T1 *, tensor_layout_any, const T2 *)"
2176946014,4544,27625,,,,,,,,,,0.061,13521.101,Pinned,Device,NVIDIA A100-SXM4-40GB (0),1,,13,[CUDA memcpy Host-to-Device]
2176957310,587130,27626,,,,,,,,,,456.520,777454.377,Device,,NVIDIA A100-SXM4-40GB (0),1,,13,[CUDA memset]
2177547160,33311,27631,,,,,,,,,,0.825,24776.827,Pinned,Device,NVIDIA A100-SXM4-40GB (0),1,,13,[CUDA memcpy Host-to-Device]
2177583479,7008,27632,,,,,,,,,,0.131,18703.188,Pinned,Device,NVIDIA A100-SXM4-40GB (0),1,,13,[CUDA memcpy Host-to-Device]
2177595927,7168,27633,69,4,1,48,1,1,76,0.002,0.000,,,,,NVIDIA A100-SXM4-40GB (0),1,,13,"void ch_est::windowedChEstPreNoDftSOfdmKernel<float, __half, float, (unsigned int)2, (unsigned int)1, (unsigned short)4>(ch_est::puschRxChEstStatDescr_t *, ch_est::puschRxChEstDynDescr_t *)"
2177604375,6208,27634,137,2,1,24,2,1,44,0.001,0.001,,,,,NVIDIA A100-SXM4-40GB (0),1,,13,"void ch_est::chEstFilterNoDftSOfdmDispatchKernel<float, __half, float, (unsigned int)2>(ch_est::puschRxChEstStatDescr_t *, ch_est::puschRxChEstDynDescr_t *)"
2177611671,4544,27635,137,2,1,24,2,1,44,0.001,0.001,,,,,NVIDIA A100-SXM4-40GB (0),1,,13,"void ch_est::chEstFilterNoDftSOfdmDispatchKernel<float, __half, float, (unsigned int)2>(ch_est::puschRxChEstStatDescr_t *, ch_est::puschRxChEstDynDescr_t *)"
2177617431,2176,27646,103,1,1,128,1,1,16,0.000,0.000,,,,,NVIDIA A100-SXM4-40GB (0),1,,13,cupy_copy__complex64_complex64
2177620599,12576,27656,1434,1,1,128,1,1,16,0.000,0.000,,,,,NVIDIA A100-SXM4-40GB (0),1,,13,cupy_copy__complex64_complex64
2177634231,2080,27663,103,1,1,128,1,1,16,0.000,0.000,,,,,NVIDIA A100-SXM4-40GB (0),1,,13,cupy_copy__complex64_complex64
2177637399,78495,27670,1,1,1,32,32,1,30,0.000,0.000,,,,,NVIDIA A100-SXM4-40GB (0),1,,13,"void convert_kernel<__half2, float2>(tensor_layout_any, T1 *, tensor_layout_any, const T2 *)"
2177743734,4511,27673,,,,,,,,,,0.061,13620.019,Pinned,Device,NVIDIA A100-SXM4-40GB (0),1,,13,[CUDA memcpy Host-to-Device]
2177756245,45152,27674,,,,,,,,,,35.801,792883.861,Device,,NVIDIA A100-SXM4-40GB (0),1,,13,[CUDA memset]
2177809141,2464,27676,,,,,,,,,,0.000,32.468,Pinned,Device,NVIDIA A100-SXM4-40GB (0),1,,13,[CUDA memcpy Host-to-Device]
2177814709,7136,27677,,,,,,,,,,0.131,18367.644,Pinned,Device,NVIDIA A100-SXM4-40GB (0),1,,13,[CUDA memcpy Host-to-Device]
2177827253,8416,27678,273,1,1,48,1,1,40,0.000,0.001,,,,,NVIDIA A100-SXM4-40GB (0),1,,13,"void pusch_noise_intf_est::noiseIntfEstNoDftSOfdmKernel<float, __half, float, float, (unsigned int)2, (unsigned int)1, (unsigned char)4, (unsigned char)4>(pusch_noise_intf_est::puschRxNoiseIntfEstDynDescr)"
2177837045,2367,27689,35,1,1,128,1,1,16,0.000,0.000,,,,,NVIDIA A100-SXM4-40GB (0),1,,13,cupy_copy__complex64_complex64
2177874964,1504,27698,1,1,1,1,1,1,18,0.000,0.000,,,,,NVIDIA A100-SXM4-40GB (0),1,,13,cupy_copy__float32_float32
2177910516,1792,27704,,,,,,,,,,0.000,2.232,Device,Pageable,NVIDIA A100-SXM4-40GB (0),1,,7,[CUDA memcpy Device-to-Host]
2177970547,12832,27715,1434,1,1,128,1,1,16,0.000,0.000,,,,,NVIDIA A100-SXM4-40GB (0),1,,13,cupy_copy__complex64_complex64
2177996595,2336,27722,103,1,1,128,1,1,16,0.000,0.000,,,,,NVIDIA A100-SXM4-40GB (0),1,,13,cupy_copy__complex64_complex64
2178017299,1983,27729,35,1,1,128,1,1,16,0.000,0.000,,,,,NVIDIA A100-SXM4-40GB (0),1,,13,cupy_copy__complex64_complex64
2178035346,1472,27736,1,1,1,1,1,1,18,0.000,0.000,,,,,NVIDIA A100-SXM4-40GB (0),1,,13,cupy_copy__float32_float32
2178170673,78111,27747,1,1,1,32,32,1,30,0.000,0.000,,,,,NVIDIA A100-SXM4-40GB (0),1,,13,"void convert_kernel<__half2, float2>(tensor_layout_any, T1 *, tensor_layout_any, const T2 *)"
2178276560,4960,27750,,,,,,,,,,0.061,12387.041,Pinned,Device,NVIDIA A100-SXM4-40GB (0),1,,13,[CUDA memcpy Host-to-Device]
2178290799,2624,27751,,,,,,,,,,1.547,589413.767,Device,,NVIDIA A100-SXM4-40GB (0),1,,13,[CUDA memset]
2178296879,3296,27756,,,,,,,,,,0.021,6388.348,Pinned,Device,NVIDIA A100-SXM4-40GB (0),1,,13,[CUDA memcpy Host-to-Device]
2178302639,6848,27757,,,,,,,,,,0.131,19140.182,Pinned,Device,NVIDIA A100-SXM4-40GB (0),1,,13,[CUDA memcpy Host-to-Device]
2178313231,5824,27758,273,1,1,8,4,1,39,0.002,0.000,,,,,NVIDIA A100-SXM4-40GB (0),1,,13,"void channel_eq::eqMmseCoefCompLowMimoKernel<float, float, float, (unsigned int)4, (unsigned int)1, (unsigned int)4>(const channel_eq::_puschRxChEqStatDescr *, channel_eq::_puschRxChEqCoefCompDynDescr)"
2178320239,4768,27759,273,1,1,12,11,1,40,0.002,0.000,,,,,NVIDIA A100-SXM4-40GB (0),1,,13,"void channel_eq::eqMmseSoftDemapKernel<float, __half, __half, float, (unsigned int)4, (unsigned short)16383>(channel_eq::_puschRxChEqStatDescr *, channel_eq::_puschRxChEqSoftDemapDynDescr)"
2178326031,282109,27760,1,1,1,32,32,1,30,0.000,0.000,,,,,NVIDIA A100-SXM4-40GB (0),1,,13,"void convert_kernel<float2, __half2>(tensor_layout_any, T1 *, tensor_layout_any, const T2 *)"
2178609388,10304,27772,2253,1,1,128,1,1,16,0.000,0.000,,,,,NVIDIA A100-SXM4-40GB (0),1,,13,cupy_copy__float16_float16
2178620876,2400,27781,282,1,1,128,1,1,16,0.000,0.000,,,,,NVIDIA A100-SXM4-40GB (0),1,,13,cupy_copy__complex64_complex64
2178624300,1760,27790,26,1,1,128,1,1,16,0.000,0.000,,,,,NVIDIA A100-SXM4-40GB (0),1,,13,cupy_copy__float32_float32
2178627244,2560,27799,103,1,1,128,1,1,16,0.000,0.000,,,,,NVIDIA A100-SXM4-40GB (0),1,,13,cupy_copy__complex64_complex64
2178630988,11296,27809,1434,1,1,128,1,1,16,0.000,0.000,,,,,NVIDIA A100-SXM4-40GB (0),1,,13,cupy_copy__complex64_complex64
2178675787,78591,27814,1,1,1,32,32,1,30,0.000,0.000,,,,,NVIDIA A100-SXM4-40GB (0),1,,13,"void convert_kernel<__half2, float2>(tensor_layout_any, T1 *, tensor_layout_any, const T2 *)"
2178781770,4256,27817,,,,,,,,,,0.061,14436.065,Pinned,Device,NVIDIA A100-SXM4-40GB (0),1,,13,[CUDA memcpy Host-to-Device]
2178792874,587865,27818,,,,,,,,,,456.520,776541.336,Device,,NVIDIA A100-SXM4-40GB (0),1,,13,[CUDA memset]
2179385475,33504,27823,,,,,,,,,,0.825,24634.042,Pinned,Device,NVIDIA A100-SXM4-40GB (0),1,,13,[CUDA memcpy Host-to-Device]
2179421923,6752,27824,,,,,,,,,,0.131,19412.287,Pinned,Device,NVIDIA A100-SXM4-40GB (0),1,,13,[CUDA memcpy Host-to-Device]
2179439107,7136,27825,69,4,1,48,1,1,76,0.002,0.000,,,,,NVIDIA A100-SXM4-40GB (0),1,,13,"void ch_est::windowedChEstPreNoDftSOfdmKernel<float, __half, float, (unsigned int)2, (unsigned int)1, (unsigned short)4>(ch_est::puschRxChEstStatDescr_t *, ch_est::puschRxChEstDynDescr_t *)"
2179447235,6240,27826,137,2,1,24,2,1,44,0.001,0.001,,,,,NVIDIA A100-SXM4-40GB (0),1,,13,"void ch_est::chEstFilterNoDftSOfdmDispatchKernel<float, __half, float, (unsigned int)2>(ch_est::puschRxChEstStatDescr_t *, ch_est::puschRxChEstDynDescr_t *)"
2179454531,4544,27827,137,2,1,24,2,1,44,0.001,0.001,,,,,NVIDIA A100-SXM4-40GB (0),1,,13,"void ch_est::chEstFilterNoDftSOfdmDispatchKernel<float, __half, float, (unsigned int)2>(ch_est::puschRxChEstStatDescr_t *, ch_est::puschRxChEstDynDescr_t *)"
2179460323,2143,27838,103,1,1,128,1,1,16,0.000,0.000,,,,,NVIDIA A100-SXM4-40GB (0),1,,13,cupy_copy__complex64_complex64
2179463490,12480,27848,1434,1,1,128,1,1,16,0.000,0.000,,,,,NVIDIA A100-SXM4-40GB (0),1,,13,cupy_copy__complex64_complex64
2179476994,2080,27855,103,1,1,128,1,1,16,0.000,0.000,,,,,NVIDIA A100-SXM4-40GB (0),1,,13,cupy_copy__complex64_complex64
2179480130,78463,27862,1,1,1,32,32,1,30,0.000,0.000,,,,,NVIDIA A100-SXM4-40GB (0),1,,13,"void convert_kernel<__half2, float2>(tensor_layout_any, T1 *, tensor_layout_any, const T2 *)"
2179730240,4159,27865,,,,,,,,,,0.061,14772.756,Pinned,Device,NVIDIA A100-SXM4-40GB (0),1,,13,[CUDA memcpy Host-to-Device]
2179739135,46400,27866,,,,,,,,,,35.801,771546.489,Device,,NVIDIA A100-SXM4-40GB (0),1,,13,[CUDA memset]
2179790559,2432,27868,,,,,,,,,,0.000,32.895,Pinned,Device,NVIDIA A100-SXM4-40GB (0),1,,13,[CUDA memcpy Host-to-Device]
2179796639,7808,27869,,,,,,,,,,0.131,16786.784,Pinned,Device,NVIDIA A100-SXM4-40GB (0),1,,13,[CUDA memcpy Host-to-Device]
2179809311,8960,27870,273,1,1,48,1,1,40,0.000,0.001,,,,,NVIDIA A100-SXM4-40GB (0),1,,13,"void pusch_noise_intf_est::noiseIntfEstNoDftSOfdmKernel<float, __half, float, float, (unsigned int)2, (unsigned int)1, (unsigned char)4, (unsigned char)4>(pusch_noise_intf_est::puschRxNoiseIntfEstDynDescr)"
2179819775,2400,27881,35,1,1,128,1,1,16,0.000,0.000,,,,,NVIDIA A100-SXM4-40GB (0),1,,13,cupy_copy__complex64_complex64
2179847806,1536,27890,1,1,1,1,1,1,18,0.000,0.000,,,,,NVIDIA A100-SXM4-40GB (0),1,,13,cupy_copy__float32_float32
2179881694,1728,27896,,,,,,,,,,0.000,2.315,Device,Pageable,NVIDIA A100-SXM4-40GB (0),1,,7,[CUDA memcpy Device-to-Host]
2179941277,13152,27907,1434,1,1,128,1,1,16,0.000,0.000,,,,,NVIDIA A100-SXM4-40GB (0),1,,13,cupy_copy__complex64_complex64
2179967997,2336,27914,103,1,1,128,1,1,16,0.000,0.000,,,,,NVIDIA A100-SXM4-40GB (0),1,,13,cupy_copy__complex64_complex64
2179988317,2016,27921,35,1,1,128,1,1,16,0.000,0.000,,,,,NVIDIA A100-SXM4-40GB (0),1,,13,cupy_copy__complex64_complex64
2180005916,1472,27928,1,1,1,1,1,1,18,0.000,0.000,,,,,NVIDIA A100-SXM4-40GB (0),1,,13,cupy_copy__float32_float32
2180317177,78687,27939,1,1,1,32,32,1,30,0.000,0.000,,,,,NVIDIA A100-SXM4-40GB (0),1,,13,"void convert_kernel<__half2, float2>(tensor_layout_any, T1 *, tensor_layout_any, const T2 *)"
2180427896,4256,27942,,,,,,,,,,0.061,14436.065,Pinned,Device,NVIDIA A100-SXM4-40GB (0),1,,13,[CUDA memcpy Host-to-Device]
2180442456,2656,27943,,,,,,,,,,1.547,582313.216,Device,,NVIDIA A100-SXM4-40GB (0),1,,13,[CUDA memset]
2180449048,2848,27948,,,,,,,,,,0.021,7393.246,Pinned,Device,NVIDIA A100-SXM4-40GB (0),1,,13,[CUDA memcpy Host-to-Device]
2180454935,6752,27949,,,,,,,,,,0.131,19412.287,Pinned,Device,NVIDIA A100-SXM4-40GB (0),1,,13,[CUDA memcpy Host-to-Device]
2180468215,5824,27950,273,1,1,8,4,1,39,0.002,0.000,,,,,NVIDIA A100-SXM4-40GB (0),1,,13,"void channel_eq::eqMmseCoefCompLowMimoKernel<float, float, float, (unsigned int)4, (unsigned int)1, (unsigned int)4>(const channel_eq::_puschRxChEqStatDescr *, channel_eq::_puschRxChEqCoefCompDynDescr)"
2180475287,4864,27951,273,1,1,12,11,1,40,0.002,0.000,,,,,NVIDIA A100-SXM4-40GB (0),1,,13,"void channel_eq::eqMmseSoftDemapKernel<float, __half, __half, float, (unsigned int)4, (unsigned short)16383>(channel_eq::_puschRxChEqStatDescr *, channel_eq::_puschRxChEqSoftDemapDynDescr)"
2180481367,282397,27952,1,1,1,32,32,1,30,0.000,0.000,,,,,NVIDIA A100-SXM4-40GB (0),1,,13,"void convert_kernel<float2, __half2>(tensor_layout_any, T1 *, tensor_layout_any, const T2 *)"
2180764884,10144,27964,2253,1,1,128,1,1,16,0.000,0.000,,,,,NVIDIA A100-SXM4-40GB (0),1,,13,cupy_copy__float16_float16
2180776084,2368,27973,282,1,1,128,1,1,16,0.000,0.000,,,,,NVIDIA A100-SXM4-40GB (0),1,,13,cupy_copy__complex64_complex64
2180779476,1792,27982,26,1,1,128,1,1,16,0.000,0.000,,,,,NVIDIA A100-SXM4-40GB (0),1,,13,cupy_copy__float32_float32
2180782484,2528,27991,103,1,1,128,1,1,16,0.000,0.000,,,,,NVIDIA A100-SXM4-40GB (0),1,,13,cupy_copy__complex64_complex64
2180786228,11168,28001,1434,1,1,128,1,1,16,0.000,0.000,,,,,NVIDIA A100-SXM4-40GB (0),1,,13,cupy_copy__complex64_complex64
2180834483,78079,28006,1,1,1,32,32,1,30,0.000,0.000,,,,,NVIDIA A100-SXM4-40GB (0),1,,13,"void convert_kernel<__half2, float2>(tensor_layout_any, T1 *, tensor_layout_any, const T2 *)"
2181071697,4160,28009,,,,,,,,,,0.061,14769.193,Pinned,Device,NVIDIA A100-SXM4-40GB (0),1,,13,[CUDA memcpy Host-to-Device]
2181080049,590169,28010,,,,,,,,,,456.520,773345.693,Device,,NVIDIA A100-SXM4-40GB (0),1,,13,[CUDA memset]
2181673546,32704,28015,,,,,,,,,,0.825,25236.543,Pinned,Device,NVIDIA A100-SXM4-40GB (0),1,,13,[CUDA memcpy Host-to-Device]
2181709418,6752,28016,,,,,,,,,,0.131,19412.287,Pinned,Device,NVIDIA A100-SXM4-40GB (0),1,,13,[CUDA memcpy Host-to-Device]
2181723625,7680,28017,69,4,1,48,1,1,76,0.002,0.000,,,,,NVIDIA A100-SXM4-40GB (0),1,,13,"void ch_est::windowedChEstPreNoDftSOfdmKernel<float, __half, float, (unsigned int)2, (unsigned int)1, (unsigned short)4>(ch_est::puschRxChEstStatDescr_t *, ch_est::puschRxChEstDynDescr_t *)"
2181732585,6048,28018,137,2,1,24,2,1,44,0.001,0.001,,,,,NVIDIA A100-SXM4-40GB (0),1,,13,"void ch_est::chEstFilterNoDftSOfdmDispatchKernel<float, __half, float, (unsigned int)2>(ch_est::puschRxChEstStatDescr_t *, ch_est::puschRxChEstDynDescr_t *)"
2181739913,4544,28019,137,2,1,24,2,1,44,0.001,0.001,,,,,NVIDIA A100-SXM4-40GB (0),1,,13,"void ch_est::chEstFilterNoDftSOfdmDispatchKernel<float, __half, float, (unsigned int)2>(ch_est::puschRxChEstStatDescr_t *, ch_est::puschRxChEstDynDescr_t *)"
2181745673,2176,28030,103,1,1,128,1,1,16,0.000,0.000,,,,,NVIDIA A100-SXM4-40GB (0),1,,13,cupy_copy__complex64_complex64
2181748841,12576,28040,1434,1,1,128,1,1,16,0.000,0.000,,,,,NVIDIA A100-SXM4-40GB (0),1,,13,cupy_copy__complex64_complex64
2181762665,2080,28047,103,1,1,128,1,1,16,0.000,0.000,,,,,NVIDIA A100-SXM4-40GB (0),1,,13,cupy_copy__complex64_complex64
2181765833,77951,28054,1,1,1,32,32,1,30,0.000,0.000,,,,,NVIDIA A100-SXM4-40GB (0),1,,13,"void convert_kernel<__half2, float2>(tensor_layout_any, T1 *, tensor_layout_any, const T2 *)"
2181882088,4352,28057,,,,,,,,,,0.061,14117.622,Pinned,Device,NVIDIA A100-SXM4-40GB (0),1,,13,[CUDA memcpy Host-to-Device]
2181896136,45535,28058,,,,,,,,,,35.801,786224.883,Device,,NVIDIA A100-SXM4-40GB (0),1,,13,[CUDA memset]
2181942695,1856,28060,,,,,,,,,,0.000,43.103,Pinned,Device,NVIDIA A100-SXM4-40GB (0),1,,13,[CUDA memcpy Host-to-Device]
2181947175,6752,28061,,,,,,,,,,0.131,19412.287,Pinned,Device,NVIDIA A100-SXM4-40GB (0),1,,13,[CUDA memcpy Host-to-Device]
2181958119,8448,28062,273,1,1,48,1,1,40,0.000,0.001,,,,,NVIDIA A100-SXM4-40GB (0),1,,13,"void pusch_noise_intf_est::noiseIntfEstNoDftSOfdmKernel<float, __half, float, float, (unsigned int)2, (unsigned int)1, (unsigned char)4, (unsigned char)4>(pusch_noise_intf_est::puschRxNoiseIntfEstDynDescr)"
2181976007,2240,28073,35,1,1,128,1,1,16,0.000,0.000,,,,,NVIDIA A100-SXM4-40GB (0),1,,13,cupy_copy__complex64_complex64
2182011942,1504,28082,1,1,1,1,1,1,18,0.000,0.000,,,,,NVIDIA A100-SXM4-40GB (0),1,,13,cupy_copy__float32_float32
2182046662,1760,28088,,,,,,,,,,0.000,2.273,Device,Pageable,NVIDIA A100-SXM4-40GB (0),1,,7,[CUDA memcpy Device-to-Host]
2182105029,13088,28099,1434,1,1,128,1,1,16,0.000,0.000,,,,,NVIDIA A100-SXM4-40GB (0),1,,13,cupy_copy__complex64_complex64
2182131237,2368,28106,103,1,1,128,1,1,16,0.000,0.000,,,,,NVIDIA A100-SXM4-40GB (0),1,,13,cupy_copy__complex64_complex64
2182151781,2016,28113,35,1,1,128,1,1,16,0.000,0.000,,,,,NVIDIA A100-SXM4-40GB (0),1,,13,cupy_copy__complex64_complex64
2182169637,1471,28120,1,1,1,1,1,1,18,0.000,0.000,,,,,NVIDIA A100-SXM4-40GB (0),1,,13,cupy_copy__float32_float32
2182304291,78655,28131,1,1,1,32,32,1,30,0.000,0.000,,,,,NVIDIA A100-SXM4-40GB (0),1,,13,"void convert_kernel<__half2, float2>(tensor_layout_any, T1 *, tensor_layout_any, const T2 *)"
2182411010,4608,28134,,,,,,,,,,0.061,13333.279,Pinned,Device,NVIDIA A100-SXM4-40GB (0),1,,13,[CUDA memcpy Host-to-Device]
2182425186,2624,28135,,,,,,,,,,1.547,589413.767,Device,,NVIDIA A100-SXM4-40GB (0),1,,13,[CUDA memset]
2182431522,2848,28140,,,,,,,,,,0.021,7393.246,Pinned,Device,NVIDIA A100-SXM4-40GB (0),1,,13,[CUDA memcpy Host-to-Device]
2182437410,7775,28141,,,,,,,,,,0.131,16858.087,Pinned,Device,NVIDIA A100-SXM4-40GB (0),1,,13,[CUDA memcpy Host-to-Device]
2182456801,5984,28142,273,1,1,8,4,1,39,0.002,0.000,,,,,NVIDIA A100-SXM4-40GB (0),1,,13,"void channel_eq::eqMmseCoefCompLowMimoKernel<float, float, float, (unsigned int)4, (unsigned int)1, (unsigned int)4>(const channel_eq::_puschRxChEqStatDescr *, channel_eq::_puschRxChEqCoefCompDynDescr)"
2182463873,4928,28143,273,1,1,12,11,1,40,0.002,0.000,,,,,NVIDIA A100-SXM4-40GB (0),1,,13,"void channel_eq::eqMmseSoftDemapKernel<float, __half, __half, float, (unsigned int)4, (unsigned short)16383>(channel_eq::_puschRxChEqStatDescr *, channel_eq::_puschRxChEqSoftDemapDynDescr)"
2182469857,281789,28144,1,1,1,32,32,1,30,0.000,0.000,,,,,NVIDIA A100-SXM4-40GB (0),1,,13,"void convert_kernel<float2, __half2>(tensor_layout_any, T1 *, tensor_layout_any, const T2 *)"
2182752638,10272,28156,2253,1,1,128,1,1,16,0.000,0.000,,,,,NVIDIA A100-SXM4-40GB (0),1,,13,cupy_copy__float16_float16
2182764126,2400,28165,282,1,1,128,1,1,16,0.000,0.000,,,,,NVIDIA A100-SXM4-40GB (0),1,,13,cupy_copy__complex64_complex64
2182767550,1760,28174,26,1,1,128,1,1,16,0.000,0.000,,,,,NVIDIA A100-SXM4-40GB (0),1,,13,cupy_copy__float32_float32
2182770526,2496,28183,103,1,1,128,1,1,16,0.000,0.000,,,,,NVIDIA A100-SXM4-40GB (0),1,,13,cupy_copy__complex64_complex64
2182774270,11168,28193,1434,1,1,128,1,1,16,0.000,0.000,,,,,NVIDIA A100-SXM4-40GB (0),1,,13,cupy_copy__complex64_complex64
2182807325,78176,28198,1,1,1,32,32,1,30,0.000,0.000,,,,,NVIDIA A100-SXM4-40GB (0),1,,13,"void convert_kernel<__half2, float2>(tensor_layout_any, T1 *, tensor_layout_any, const T2 *)"
2182913116,4128,28201,,,,,,,,,,0.061,14883.717,Pinned,Device,NVIDIA A100-SXM4-40GB (0),1,,13,[CUDA memcpy Host-to-Device]
2182923708,591194,28202,,,,,,,,,,456.520,771976.132,Device,,NVIDIA A100-SXM4-40GB (0),1,,13,[CUDA memset]
2183516854,33023,28207,,,,,,,,,,0.825,24992.242,Pinned,Device,NVIDIA A100-SXM4-40GB (0),1,,13,[CUDA memcpy Host-to-Device]
2183553397,7104,28208,,,,,,,,,,0.131,18450.350,Pinned,Device,NVIDIA A100-SXM4-40GB (0),1,,13,[CUDA memcpy Host-to-Device]
2183567797,7104,28209,69,4,1,48,1,1,76,0.002,0.000,,,,,NVIDIA A100-SXM4-40GB (0),1,,13,"void ch_est::windowedChEstPreNoDftSOfdmKernel<float, __half, float, (unsigned int)2, (unsigned int)1, (unsigned short)4>(ch_est::puschRxChEstStatDescr_t *, ch_est::puschRxChEstDynDescr_t *)"
2183575989,6272,28210,137,2,1,24,2,1,44,0.001,0.001,,,,,NVIDIA A100-SXM4-40GB (0),1,,13,"void ch_est::chEstFilterNoDftSOfdmDispatchKernel<float, __half, float, (unsigned int)2>(ch_est::puschRxChEstStatDescr_t *, ch_est::puschRxChEstDynDescr_t *)"
2183583317,4576,28211,137,2,1,24,2,1,44,0.001,0.001,,,,,NVIDIA A100-SXM4-40GB (0),1,,13,"void ch_est::chEstFilterNoDftSOfdmDispatchKernel<float, __half, float, (unsigned int)2>(ch_est::puschRxChEstStatDescr_t *, ch_est::puschRxChEstDynDescr_t *)"
2183589109,2112,28222,103,1,1,128,1,1,16,0.000,0.000,,,,,NVIDIA A100-SXM4-40GB (0),1,,13,cupy_copy__complex64_complex64
2183592213,12448,28232,1434,1,1,128,1,1,16,0.000,0.000,,,,,NVIDIA A100-SXM4-40GB (0),1,,13,cupy_copy__complex64_complex64
2183605749,2080,28239,103,1,1,128,1,1,16,0.000,0.000,,,,,NVIDIA A100-SXM4-40GB (0),1,,13,cupy_copy__complex64_complex64
2183609077,78047,28246,1,1,1,32,32,1,30,0.000,0.000,,,,,NVIDIA A100-SXM4-40GB (0),1,,13,"void convert_kernel<__half2, float2>(tensor_layout_any, T1 *, tensor_layout_any, const T2 *)"
2183714579,4448,28249,,,,,,,,,,0.061,13812.941,Pinned,Device,NVIDIA A100-SXM4-40GB (0),1,,13,[CUDA memcpy Host-to-Device]
2183727123,44992,28250,,,,,,,,,,35.801,795712.137,Device,,NVIDIA A100-SXM4-40GB (0),1,,13,[CUDA memset]
2183780435,2144,28252,,,,,,,,,,0.000,37.313,Pinned,Device,NVIDIA A100-SXM4-40GB (0),1,,13,[CUDA memcpy Host-to-Device]
2183785043,6720,28253,,,,,,,,,,0.131,19504.693,Pinned,Device,NVIDIA A100-SXM4-40GB (0),1,,13,[CUDA memcpy Host-to-Device]
2183799634,8480,28254,273,1,1,48,1,1,40,0.000,0.001,,,,,NVIDIA A100-SXM4-40GB (0),1,,13,"void pusch_noise_intf_est::noiseIntfEstNoDftSOfdmKernel<float, __half, float, float, (unsigned int)2, (unsigned int)1, (unsigned char)4, (unsigned char)4>(pusch_noise_intf_est::puschRxNoiseIntfEstDynDescr)"
2183809522,2272,28265,35,1,1,128,1,1,16,0.000,0.000,,,,,NVIDIA A100-SXM4-40GB (0),1,,13,cupy_copy__complex64_complex64
2183836466,1504,28274,1,1,1,1,1,1,18,0.000,0.000,,,,,NVIDIA A100-SXM4-40GB (0),1,,13,cupy_copy__float32_float32
2183870130,1664,28280,,,,,,,,,,0.000,2.404,Device,Pageable,NVIDIA A100-SXM4-40GB (0),1,,7,[CUDA memcpy Device-to-Host]
2183927537,13920,28291,1434,1,1,128,1,1,16,0.000,0.000,,,,,NVIDIA A100-SXM4-40GB (0),1,,13,cupy_copy__complex64_complex64
2183953009,2368,28298,103,1,1,128,1,1,16,0.000,0.000,,,,,NVIDIA A100-SXM4-40GB (0),1,,13,cupy_copy__complex64_complex64
2183972785,2016,28305,35,1,1,128,1,1,16,0.000,0.000,,,,,NVIDIA A100-SXM4-40GB (0),1,,13,cupy_copy__complex64_complex64
2183990320,1472,28312,1,1,1,1,1,1,18,0.000,0.000,,,,,NVIDIA A100-SXM4-40GB (0),1,,13,cupy_copy__float32_float32
2184124559,78175,28323,1,1,1,32,32,1,30,0.000,0.000,,,,,NVIDIA A100-SXM4-40GB (0),1,,13,"void convert_kernel<__half2, float2>(tensor_layout_any, T1 *, tensor_layout_any, const T2 *)"
2184230510,4128,28326,,,,,,,,,,0.061,14883.717,Pinned,Device,NVIDIA A100-SXM4-40GB (0),1,,13,[CUDA memcpy Host-to-Device]
2184244622,2591,28327,,,,,,,,,,1.547,596921.079,Device,,NVIDIA A100-SXM4-40GB (0),1,,13,[CUDA memset]
2184250893,3296,28332,,,,,,,,,,0.021,6388.348,Pinned,Device,NVIDIA A100-SXM4-40GB (0),1,,13,[CUDA memcpy Host-to-Device]
2184256813,7296,28333,,,,,,,,,,0.131,17964.859,Pinned,Device,NVIDIA A100-SXM4-40GB (0),1,,13,[CUDA memcpy Host-to-Device]
2184267629,5952,28334,273,1,1,8,4,1,39,0.002,0.000,,,,,NVIDIA A100-SXM4-40GB (0),1,,13,"void channel_eq::eqMmseCoefCompLowMimoKernel<float, float, float, (unsigned int)4, (unsigned int)1, (unsigned int)4>(const channel_eq::_puschRxChEqStatDescr *, channel_eq::_puschRxChEqCoefCompDynDescr)"
2184274829,4832,28335,273,1,1,12,11,1,40,0.002,0.000,,,,,NVIDIA A100-SXM4-40GB (0),1,,13,"void channel_eq::eqMmseSoftDemapKernel<float, __half, __half, float, (unsigned int)4, (unsigned short)16383>(channel_eq::_puschRxChEqStatDescr *, channel_eq::_puschRxChEqSoftDemapDynDescr)"
2184280845,282237,28336,1,1,1,32,32,1,30,0.000,0.000,,,,,NVIDIA A100-SXM4-40GB (0),1,,13,"void convert_kernel<float2, __half2>(tensor_layout_any, T1 *, tensor_layout_any, const T2 *)"
2184564298,10176,28348,2253,1,1,128,1,1,16,0.000,0.000,,,,,NVIDIA A100-SXM4-40GB (0),1,,13,cupy_copy__float16_float16
2184575498,2368,28357,282,1,1,128,1,1,16,0.000,0.000,,,,,NVIDIA A100-SXM4-40GB (0),1,,13,cupy_copy__complex64_complex64
2184578890,1760,28366,26,1,1,128,1,1,16,0.000,0.000,,,,,NVIDIA A100-SXM4-40GB (0),1,,13,cupy_copy__float32_float32
2184581866,2592,28375,103,1,1,128,1,1,16,0.000,0.000,,,,,NVIDIA A100-SXM4-40GB (0),1,,13,cupy_copy__complex64_complex64
2184585514,11360,28385,1434,1,1,128,1,1,16,0.000,0.000,,,,,NVIDIA A100-SXM4-40GB (0),1,,13,cupy_copy__complex64_complex64
2184626185,78239,28390,1,1,1,32,32,1,30,0.000,0.000,,,,,NVIDIA A100-SXM4-40GB (0),1,,13,"void convert_kernel<__half2, float2>(tensor_layout_any, T1 *, tensor_layout_any, const T2 *)"
2184875463,4991,28393,,,,,,,,,,0.061,12310.118,Pinned,Device,NVIDIA A100-SXM4-40GB (0),1,,13,[CUDA memcpy Host-to-Device]
2184886982,593242,28394,,,,,,,,,,456.520,769237.009,Device,,NVIDIA A100-SXM4-40GB (0),1,,13,[CUDA memset]
2185483808,32895,28399,,,,,,,,,,0.825,25089.632,Pinned,Device,NVIDIA A100-SXM4-40GB (0),1,,13,[CUDA memcpy Host-to-Device]
2185519359,6752,28400,,,,,,,,,,0.131,19412.287,Pinned,Device,NVIDIA A100-SXM4-40GB (0),1,,13,[CUDA memcpy Host-to-Device]
2185531839,7168,28401,69,4,1,48,1,1,76,0.002,0.000,,,,,NVIDIA A100-SXM4-40GB (0),1,,13,"void ch_est::windowedChEstPreNoDftSOfdmKernel<float, __half, float, (unsigned int)2, (unsigned int)1, (unsigned short)4>(ch_est::puschRxChEstStatDescr_t *, ch_est::puschRxChEstDynDescr_t *)"
2185540255,6432,28402,137,2,1,24,2,1,44,0.001,0.001,,,,,NVIDIA A100-SXM4-40GB (0),1,,13,"void ch_est::chEstFilterNoDftSOfdmDispatchKernel<float, __half, float, (unsigned int)2>(ch_est::puschRxChEstStatDescr_t *, ch_est::puschRxChEstDynDescr_t *)"
2185547871,4576,28403,137,2,1,24,2,1,44,0.001,0.001,,,,,NVIDIA A100-SXM4-40GB (0),1,,13,"void ch_est::chEstFilterNoDftSOfdmDispatchKernel<float, __half, float, (unsigned int)2>(ch_est::puschRxChEstStatDescr_t *, ch_est::puschRxChEstDynDescr_t *)"
2185553439,2592,28414,103,1,1,128,1,1,16,0.000,0.000,,,,,NVIDIA A100-SXM4-40GB (0),1,,13,cupy_copy__complex64_complex64
2185557119,12544,28424,1434,1,1,128,1,1,16,0.000,0.000,,,,,NVIDIA A100-SXM4-40GB (0),1,,13,cupy_copy__complex64_complex64
2185570911,2080,28431,103,1,1,128,1,1,16,0.000,0.000,,,,,NVIDIA A100-SXM4-40GB (0),1,,13,cupy_copy__complex64_complex64
2185574079,78079,28438,1,1,1,32,32,1,30,0.000,0.000,,,,,NVIDIA A100-SXM4-40GB (0),1,,13,"void convert_kernel<__half2, float2>(tensor_layout_any, T1 *, tensor_layout_any, const T2 *)"
2185683006,4192,28441,,,,,,,,,,0.061,14656.451,Pinned,Device,NVIDIA A100-SXM4-40GB (0),1,,13,[CUDA memcpy Host-to-Device]
2185696285,45056,28442,,,,,,,,,,35.801,794566.506,Device,,NVIDIA A100-SXM4-40GB (0),1,,13,[CUDA memset]
2185748125,1920,28444,,,,,,,,,,0.000,41.667,Pinned,Device,NVIDIA A100-SXM4-40GB (0),1,,13,[CUDA memcpy Host-to-Device]
2185753373,7520,28445,,,,,,,,,,0.131,17429.692,Pinned,Device,NVIDIA A100-SXM4-40GB (0),1,,13,[CUDA memcpy Host-to-Device]
2185764317,8384,28446,273,1,1,48,1,1,40,0.000,0.001,,,,,NVIDIA A100-SXM4-40GB (0),1,,13,"void pusch_noise_intf_est::noiseIntfEstNoDftSOfdmKernel<float, __half, float, float, (unsigned int)2, (unsigned int)1, (unsigned char)4, (unsigned char)4>(pusch_noise_intf_est::puschRxNoiseIntfEstDynDescr)"
2185774301,2272,28457,35,1,1,128,1,1,16,0.000,0.000,,,,,NVIDIA A100-SXM4-40GB (0),1,,13,cupy_copy__complex64_complex64
2185809692,1472,28466,1,1,1,1,1,1,18,0.000,0.000,,,,,NVIDIA A100-SXM4-40GB (0),1,,13,cupy_copy__float32_float32
2185845276,1760,28472,,,,,,,,,,0.000,2.273,Device,Pageable,NVIDIA A100-SXM4-40GB (0),1,,7,[CUDA memcpy Device-to-Host]
2185911323,13248,28483,1434,1,1,128,1,1,16,0.000,0.000,,,,,NVIDIA A100-SXM4-40GB (0),1,,13,cupy_copy__complex64_complex64
2185937563,2336,28490,103,1,1,128,1,1,16,0.000,0.000,,,,,NVIDIA A100-SXM4-40GB (0),1,,13,cupy_copy__complex64_complex64
2185957787,1952,28497,35,1,1,128,1,1,16,0.000,0.000,,,,,NVIDIA A100-SXM4-40GB (0),1,,13,cupy_copy__complex64_complex64
2185975802,1472,28504,1,1,1,1,1,1,18,0.000,0.000,,,,,NVIDIA A100-SXM4-40GB (0),1,,13,cupy_copy__float32_float32
2186114201,78335,28515,1,1,1,32,32,1,30,0.000,0.000,,,,,NVIDIA A100-SXM4-40GB (0),1,,13,"void convert_kernel<__half2, float2>(tensor_layout_any, T1 *, tensor_layout_any, const T2 *)"
2186361270,4576,28518,,,,,,,,,,0.061,13426.545,Pinned,Device,NVIDIA A100-SXM4-40GB (0),1,,13,[CUDA memcpy Host-to-Device]
2186371830,2624,28519,,,,,,,,,,1.547,589413.767,Device,,NVIDIA A100-SXM4-40GB (0),1,,13,[CUDA memset]
2186374902,2720,28524,,,,,,,,,,0.021,7741.175,Pinned,Device,NVIDIA A100-SXM4-40GB (0),1,,13,[CUDA memcpy Host-to-Device]
2186380918,6880,28525,,,,,,,,,,0.131,19051.053,Pinned,Device,NVIDIA A100-SXM4-40GB (0),1,,13,[CUDA memcpy Host-to-Device]
2186393014,5856,28526,273,1,1,8,4,1,39,0.002,0.000,,,,,NVIDIA A100-SXM4-40GB (0),1,,13,"void channel_eq::eqMmseCoefCompLowMimoKernel<float, float, float, (unsigned int)4, (unsigned int)1, (unsigned int)4>(const channel_eq::_puschRxChEqStatDescr *, channel_eq::_puschRxChEqCoefCompDynDescr)"
2186400118,4800,28527,273,1,1,12,11,1,40,0.002,0.000,,,,,NVIDIA A100-SXM4-40GB (0),1,,13,"void channel_eq::eqMmseSoftDemapKernel<float, __half, __half, float, (unsigned int)4, (unsigned short)16383>(channel_eq::_puschRxChEqStatDescr *, channel_eq::_puschRxChEqSoftDemapDynDescr)"
2186406166,282204,28528,1,1,1,32,32,1,30,0.000,0.000,,,,,NVIDIA A100-SXM4-40GB (0),1,,13,"void convert_kernel<float2, __half2>(tensor_layout_any, T1 *, tensor_layout_any, const T2 *)"
2186689618,10176,28540,2253,1,1,128,1,1,16,0.000,0.000,,,,,NVIDIA A100-SXM4-40GB (0),1,,13,cupy_copy__float16_float16
2186700786,2432,28549,282,1,1,128,1,1,16,0.000,0.000,,,,,NVIDIA A100-SXM4-40GB (0),1,,13,cupy_copy__complex64_complex64
2186704210,1760,28558,26,1,1,128,1,1,16,0.000,0.000,,,,,NVIDIA A100-SXM4-40GB (0),1,,13,cupy_copy__float32_float32
2186707186,2560,28567,103,1,1,128,1,1,16,0.000,0.000,,,,,NVIDIA A100-SXM4-40GB (0),1,,13,cupy_copy__complex64_complex64
2186710930,11264,28577,1434,1,1,128,1,1,16,0.000,0.000,,,,,NVIDIA A100-SXM4-40GB (0),1,,13,cupy_copy__complex64_complex64
2186871056,79296,28582,1,1,1,32,32,1,30,0.000,0.000,,,,,NVIDIA A100-SXM4-40GB (0),1,,13,"void convert_kernel<__half2, float2>(tensor_layout_any, T1 *, tensor_layout_any, const T2 *)"
2186980879,5248,28585,,,,,,,,,,0.061,11707.269,Pinned,Device,NVIDIA A100-SXM4-40GB (0),1,,13,[CUDA memcpy Host-to-Device]
2186992015,591162,28586,,,,,,,,,,456.520,771976.132,Device,,NVIDIA A100-SXM4-40GB (0),1,,13,[CUDA memset]
2187591720,33248,28591,,,,,,,,,,0.825,24823.046,Pinned,Device,NVIDIA A100-SXM4-40GB (0),1,,13,[CUDA memcpy Host-to-Device]
2187627592,6752,28592,,,,,,,,,,0.131,19412.287,Pinned,Device,NVIDIA A100-SXM4-40GB (0),1,,13,[CUDA memcpy Host-to-Device]
2187643304,7264,28593,69,4,1,48,1,1,76,0.002,0.000,,,,,NVIDIA A100-SXM4-40GB (0),1,,13,"void ch_est::windowedChEstPreNoDftSOfdmKernel<float, __half, float, (unsigned int)2, (unsigned int)1, (unsigned short)4>(ch_est::puschRxChEstStatDescr_t *, ch_est::puschRxChEstDynDescr_t *)"
2187651688,6496,28594,137,2,1,24,2,1,44,0.001,0.001,,,,,NVIDIA A100-SXM4-40GB (0),1,,13,"void ch_est::chEstFilterNoDftSOfdmDispatchKernel<float, __half, float, (unsigned int)2>(ch_est::puschRxChEstStatDescr_t *, ch_est::puschRxChEstDynDescr_t *)"
2187659240,4576,28595,137,2,1,24,2,1,44,0.001,0.001,,,,,NVIDIA A100-SXM4-40GB (0),1,,13,"void ch_est::chEstFilterNoDftSOfdmDispatchKernel<float, __half, float, (unsigned int)2>(ch_est::puschRxChEstStatDescr_t *, ch_est::puschRxChEstDynDescr_t *)"
2187665032,2144,28606,103,1,1,128,1,1,16,0.000,0.000,,,,,NVIDIA A100-SXM4-40GB (0),1,,13,cupy_copy__complex64_complex64
2187668424,12639,28616,1434,1,1,128,1,1,16,0.000,0.000,,,,,NVIDIA A100-SXM4-40GB (0),1,,13,cupy_copy__complex64_complex64
2187682055,2080,28623,103,1,1,128,1,1,16,0.000,0.000,,,,,NVIDIA A100-SXM4-40GB (0),1,,13,cupy_copy__complex64_complex64
2187685223,79104,28630,1,1,1,32,32,1,30,0.000,0.000,,,,,NVIDIA A100-SXM4-40GB (0),1,,13,"void convert_kernel<__half2, float2>(tensor_layout_any, T1 *, tensor_layout_any, const T2 *)"
2187792710,4736,28633,,,,,,,,,,0.061,12972.933,Pinned,Device,NVIDIA A100-SXM4-40GB (0),1,,13,[CUDA memcpy Host-to-Device]
2187804902,45472,28634,,,,,,,,,,35.801,787298.911,Device,,NVIDIA A100-SXM4-40GB (0),1,,13,[CUDA memset]
2187857541,2400,28636,,,,,,,,,,0.000,33.333,Pinned,Device,NVIDIA A100-SXM4-40GB (0),1,,13,[CUDA memcpy Host-to-Device]
2187862437,7040,28637,,,,,,,,,,0.131,18618.122,Pinned,Device,NVIDIA A100-SXM4-40GB (0),1,,13,[CUDA memcpy Host-to-Device]
2187875333,8608,28638,273,1,1,48,1,1,40,0.000,0.001,,,,,NVIDIA A100-SXM4-40GB (0),1,,13,"void pusch_noise_intf_est::noiseIntfEstNoDftSOfdmKernel<float, __half, float, float, (unsigned int)2, (unsigned int)1, (unsigned char)4, (unsigned char)4>(pusch_noise_intf_est::puschRxNoiseIntfEstDynDescr)"
2187885509,2368,28649,35,1,1,128,1,1,16,0.000,0.000,,,,,NVIDIA A100-SXM4-40GB (0),1,,13,cupy_copy__complex64_complex64
2187912101,1504,28658,1,1,1,1,1,1,18,0.000,0.000,,,,,NVIDIA A100-SXM4-40GB (0),1,,13,cupy_copy__float32_float32
2187946181,2335,28664,,,,,,,,,,0.000,1.713,Device,Pageable,NVIDIA A100-SXM4-40GB (0),1,,7,[CUDA memcpy Device-to-Host]
2188005156,13184,28675,1434,1,1,128,1,1,16,0.000,0.000,,,,,NVIDIA A100-SXM4-40GB (0),1,,13,cupy_copy__complex64_complex64
2188030980,2336,28682,103,1,1,128,1,1,16,0.000,0.000,,,,,NVIDIA A100-SXM4-40GB (0),1,,13,cupy_copy__complex64_complex64
2188051107,2016,28689,35,1,1,128,1,1,16,0.000,0.000,,,,,NVIDIA A100-SXM4-40GB (0),1,,13,cupy_copy__complex64_complex64
2188068355,1472,28696,1,1,1,1,1,1,18,0.000,0.000,,,,,NVIDIA A100-SXM4-40GB (0),1,,13,cupy_copy__float32_float32
2188201218,78751,28707,1,1,1,32,32,1,30,0.000,0.000,,,,,NVIDIA A100-SXM4-40GB (0),1,,13,"void convert_kernel<__half2, float2>(tensor_layout_any, T1 *, tensor_layout_any, const T2 *)"
2188308032,4768,28710,,,,,,,,,,0.061,12885.873,Pinned,Device,NVIDIA A100-SXM4-40GB (0),1,,13,[CUDA memcpy Host-to-Device]
2188321856,2592,28711,,,,,,,,,,1.547,596690.632,Device,,NVIDIA A100-SXM4-40GB (0),1,,13,[CUDA memset]
2188328256,3296,28716,,,,,,,,,,0.021,6388.348,Pinned,Device,NVIDIA A100-SXM4-40GB (0),1,,13,[CUDA memcpy Host-to-Device]
2188333664,8096,28717,,,,,,,,,,0.131,16189.620,Pinned,Device,NVIDIA A100-SXM4-40GB (0),1,,13,[CUDA memcpy Host-to-Device]
2188346048,5856,28718,273,1,1,8,4,1,39,0.002,0.000,,,,,NVIDIA A100-SXM4-40GB (0),1,,13,"void channel_eq::eqMmseCoefCompLowMimoKernel<float, float, float, (unsigned int)4, (unsigned int)1, (unsigned int)4>(const channel_eq::_puschRxChEqStatDescr *, channel_eq::_puschRxChEqCoefCompDynDescr)"
2188353120,4800,28719,273,1,1,12,11,1,40,0.002,0.000,,,,,NVIDIA A100-SXM4-40GB (0),1,,13,"void channel_eq::eqMmseSoftDemapKernel<float, __half, __half, float, (unsigned int)4, (unsigned short)16383>(channel_eq::_puschRxChEqStatDescr *, channel_eq::_puschRxChEqSoftDemapDynDescr)"
2188359168,281757,28720,1,1,1,32,32,1,30,0.000,0.000,,,,,NVIDIA A100-SXM4-40GB (0),1,,13,"void convert_kernel<float2, __half2>(tensor_layout_any, T1 *, tensor_layout_any, const T2 *)"
2188641917,10176,28732,2253,1,1,128,1,1,16,0.000,0.000,,,,,NVIDIA A100-SXM4-40GB (0),1,,13,cupy_copy__float16_float16
2188653117,2368,28741,282,1,1,128,1,1,16,0.000,0.000,,,,,NVIDIA A100-SXM4-40GB (0),1,,13,cupy_copy__complex64_complex64
2188656509,1760,28750,26,1,1,128,1,1,16,0.000,0.000,,,,,NVIDIA A100-SXM4-40GB (0),1,,13,cupy_copy__float32_float32
2188659421,2560,28759,103,1,1,128,1,1,16,0.000,0.000,,,,,NVIDIA A100-SXM4-40GB (0),1,,13,cupy_copy__complex64_complex64
2188663069,11263,28769,1434,1,1,128,1,1,16,0.000,0.000,,,,,NVIDIA A100-SXM4-40GB (0),1,,13,cupy_copy__complex64_complex64
2188702620,78655,28774,1,1,1,32,32,1,30,0.000,0.000,,,,,NVIDIA A100-SXM4-40GB (0),1,,13,"void convert_kernel<__half2, float2>(tensor_layout_any, T1 *, tensor_layout_any, const T2 *)"
2188808379,4192,28777,,,,,,,,,,0.061,14656.451,Pinned,Device,NVIDIA A100-SXM4-40GB (0),1,,13,[CUDA memcpy Host-to-Device]
2188819739,590969,28778,,,,,,,,,,456.520,772432.652,Device,,NVIDIA A100-SXM4-40GB (0),1,,13,[CUDA memset]
2189413012,32768,28783,,,,,,,,,,0.825,25187.023,Pinned,Device,NVIDIA A100-SXM4-40GB (0),1,,13,[CUDA memcpy Host-to-Device]
2189448724,6816,28784,,,,,,,,,,0.131,19229.966,Pinned,Device,NVIDIA A100-SXM4-40GB (0),1,,13,[CUDA memcpy Host-to-Device]
2189466004,7168,28785,69,4,1,48,1,1,76,0.002,0.000,,,,,NVIDIA A100-SXM4-40GB (0),1,,13,"void ch_est::windowedChEstPreNoDftSOfdmKernel<float, __half, float, (unsigned int)2, (unsigned int)1, (unsigned short)4>(ch_est::puschRxChEstStatDescr_t *, ch_est::puschRxChEstDynDescr_t *)"
2189474484,6272,28786,137,2,1,24,2,1,44,0.001,0.001,,,,,NVIDIA A100-SXM4-40GB (0),1,,13,"void ch_est::chEstFilterNoDftSOfdmDispatchKernel<float, __half, float, (unsigned int)2>(ch_est::puschRxChEstStatDescr_t *, ch_est::puschRxChEstDynDescr_t *)"
2189482035,4544,28787,137,2,1,24,2,1,44,0.001,0.001,,,,,NVIDIA A100-SXM4-40GB (0),1,,13,"void ch_est::chEstFilterNoDftSOfdmDispatchKernel<float, __half, float, (unsigned int)2>(ch_est::puschRxChEstStatDescr_t *, ch_est::puschRxChEstDynDescr_t *)"
2189487827,2144,28798,103,1,1,128,1,1,16,0.000,0.000,,,,,NVIDIA A100-SXM4-40GB (0),1,,13,cupy_copy__complex64_complex64
2189490995,12672,28808,1434,1,1,128,1,1,16,0.000,0.000,,,,,NVIDIA A100-SXM4-40GB (0),1,,13,cupy_copy__complex64_complex64
2189504947,2112,28815,103,1,1,128,1,1,16,0.000,0.000,,,,,NVIDIA A100-SXM4-40GB (0),1,,13,cupy_copy__complex64_complex64
2189508115,79007,28822,1,1,1,32,32,1,30,0.000,0.000,,,,,NVIDIA A100-SXM4-40GB (0),1,,13,"void convert_kernel<__half2, float2>(tensor_layout_any, T1 *, tensor_layout_any, const T2 *)"
2189614386,4288,28825,,,,,,,,,,0.061,14328.300,Pinned,Device,NVIDIA A100-SXM4-40GB (0),1,,13,[CUDA memcpy Host-to-Device]
2189626162,45407,28826,,,,,,,,,,35.801,788444.542,Device,,NVIDIA A100-SXM4-40GB (0),1,,13,[CUDA memset]
2189678193,1920,28828,,,,,,,,,,0.000,41.667,Pinned,Device,NVIDIA A100-SXM4-40GB (0),1,,13,[CUDA memcpy Host-to-Device]
2189683025,6848,28829,,,,,,,,,,0.131,19140.182,Pinned,Device,NVIDIA A100-SXM4-40GB (0),1,,13,[CUDA memcpy Host-to-Device]
2189696433,8576,28830,273,1,1,48,1,1,40,0.000,0.001,,,,,NVIDIA A100-SXM4-40GB (0),1,,13,"void pusch_noise_intf_est::noiseIntfEstNoDftSOfdmKernel<float, __half, float, float, (unsigned int)2, (unsigned int)1, (unsigned char)4, (unsigned char)4>(pusch_noise_intf_est::puschRxNoiseIntfEstDynDescr)"
2189706513,2368,28841,35,1,1,128,1,1,16,0.000,0.000,,,,,NVIDIA A100-SXM4-40GB (0),1,,13,cupy_copy__complex64_complex64
2189733521,1472,28850,1,1,1,1,1,1,18,0.000,0.000,,,,,NVIDIA A100-SXM4-40GB (0),1,,13,cupy_copy__float32_float32
2189767696,1728,28856,,,,,,,,,,0.000,2.315,Device,Pageable,NVIDIA A100-SXM4-40GB (0),1,,7,[CUDA memcpy Device-to-Host]
2189824816,13280,28867,1434,1,1,128,1,1,16,0.000,0.000,,,,,NVIDIA A100-SXM4-40GB (0),1,,13,cupy_copy__complex64_complex64
2189851343,2304,28874,103,1,1,128,1,1,16,0.000,0.000,,,,,NVIDIA A100-SXM4-40GB (0),1,,13,cupy_copy__complex64_complex64
2189877839,1984,28881,35,1,1,128,1,1,16,0.000,0.000,,,,,NVIDIA A100-SXM4-40GB (0),1,,13,cupy_copy__complex64_complex64
2189897871,1472,28888,1,1,1,1,1,1,18,0.000,0.000,,,,,NVIDIA A100-SXM4-40GB (0),1,,13,cupy_copy__float32_float32
2190033677,78560,28899,1,1,1,32,32,1,30,0.000,0.000,,,,,NVIDIA A100-SXM4-40GB (0),1,,13,"void convert_kernel<__half2, float2>(tensor_layout_any, T1 *, tensor_layout_any, const T2 *)"
2190281675,4160,28902,,,,,,,,,,0.061,14769.193,Pinned,Device,NVIDIA A100-SXM4-40GB (0),1,,13,[CUDA memcpy Host-to-Device]
2190293514,2656,28903,,,,,,,,,,1.547,582313.216,Device,,NVIDIA A100-SXM4-40GB (0),1,,13,[CUDA memset]
2190302922,2944,28908,,,,,,,,,,0.021,7152.155,Pinned,Device,NVIDIA A100-SXM4-40GB (0),1,,13,[CUDA memcpy Host-to-Device]
2190308874,7360,28909,,,,,,,,,,0.131,17808.622,Pinned,Device,NVIDIA A100-SXM4-40GB (0),1,,13,[CUDA memcpy Host-to-Device]
2190320330,5920,28910,273,1,1,8,4,1,39,0.002,0.000,,,,,NVIDIA A100-SXM4-40GB (0),1,,13,"void channel_eq::eqMmseCoefCompLowMimoKernel<float, float, float, (unsigned int)4, (unsigned int)1, (unsigned int)4>(const channel_eq::_puschRxChEqStatDescr *, channel_eq::_puschRxChEqCoefCompDynDescr)"
2190327306,4928,28911,273,1,1,12,11,1,40,0.002,0.000,,,,,NVIDIA A100-SXM4-40GB (0),1,,13,"void channel_eq::eqMmseSoftDemapKernel<float, __half, __half, float, (unsigned int)4, (unsigned short)16383>(channel_eq::_puschRxChEqStatDescr *, channel_eq::_puschRxChEqSoftDemapDynDescr)"
2190333290,281693,28912,1,1,1,32,32,1,30,0.000,0.000,,,,,NVIDIA A100-SXM4-40GB (0),1,,13,"void convert_kernel<float2, __half2>(tensor_layout_any, T1 *, tensor_layout_any, const T2 *)"
2190616071,10240,28924,2253,1,1,128,1,1,16,0.000,0.000,,,,,NVIDIA A100-SXM4-40GB (0),1,,13,cupy_copy__float16_float16
2190627335,2432,28933,282,1,1,128,1,1,16,0.000,0.000,,,,,NVIDIA A100-SXM4-40GB (0),1,,13,cupy_copy__complex64_complex64
2190630759,1760,28942,26,1,1,128,1,1,16,0.000,0.000,,,,,NVIDIA A100-SXM4-40GB (0),1,,13,cupy_copy__float32_float32
2190633735,2528,28951,103,1,1,128,1,1,16,0.000,0.000,,,,,NVIDIA A100-SXM4-40GB (0),1,,13,cupy_copy__complex64_complex64
2190637447,11328,28961,1434,1,1,128,1,1,16,0.000,0.000,,,,,NVIDIA A100-SXM4-40GB (0),1,,13,cupy_copy__complex64_complex64
2190795525,78239,28966,1,1,1,32,32,1,30,0.000,0.000,,,,,NVIDIA A100-SXM4-40GB (0),1,,13,"void convert_kernel<__half2, float2>(tensor_layout_any, T1 *, tensor_layout_any, const T2 *)"
2190905124,4864,28969,,,,,,,,,,0.061,12631.572,Pinned,Device,NVIDIA A100-SXM4-40GB (0),1,,13,[CUDA memcpy Host-to-Device]
2190916100,590329,28970,,,,,,,,,,456.520,772889.173,Device,,NVIDIA A100-SXM4-40GB (0),1,,13,[CUDA memset]
2191509501,33344,28975,,,,,,,,,,0.825,24752.067,Pinned,Device,NVIDIA A100-SXM4-40GB (0),1,,13,[CUDA memcpy Host-to-Device]
2191545277,6976,28976,,,,,,,,,,0.131,18788.909,Pinned,Device,NVIDIA A100-SXM4-40GB (0),1,,13,[CUDA memcpy Host-to-Device]
2191560060,7104,28977,69,4,1,48,1,1,76,0.002,0.000,,,,,NVIDIA A100-SXM4-40GB (0),1,,13,"void ch_est::windowedChEstPreNoDftSOfdmKernel<float, __half, float, (unsigned int)2, (unsigned int)1, (unsigned short)4>(ch_est::puschRxChEstStatDescr_t *, ch_est::puschRxChEstDynDescr_t *)"
2191568444,6176,28978,137,2,1,24,2,1,44,0.001,0.001,,,,,NVIDIA A100-SXM4-40GB (0),1,,13,"void ch_est::chEstFilterNoDftSOfdmDispatchKernel<float, __half, float, (unsigned int)2>(ch_est::puschRxChEstStatDescr_t *, ch_est::puschRxChEstDynDescr_t *)"
2191575868,4544,28979,137,2,1,24,2,1,44,0.001,0.001,,,,,NVIDIA A100-SXM4-40GB (0),1,,13,"void ch_est::chEstFilterNoDftSOfdmDispatchKernel<float, __half, float, (unsigned int)2>(ch_est::puschRxChEstStatDescr_t *, ch_est::puschRxChEstDynDescr_t *)"
2191581660,2144,28990,103,1,1,128,1,1,16,0.000,0.000,,,,,NVIDIA A100-SXM4-40GB (0),1,,13,cupy_copy__complex64_complex64
2191584796,12352,29000,1434,1,1,128,1,1,16,0.000,0.000,,,,,NVIDIA A100-SXM4-40GB (0),1,,13,cupy_copy__complex64_complex64
2191598140,2080,29007,103,1,1,128,1,1,16,0.000,0.000,,,,,NVIDIA A100-SXM4-40GB (0),1,,13,cupy_copy__complex64_complex64
2191601468,78367,29014,1,1,1,32,32,1,30,0.000,0.000,,,,,NVIDIA A100-SXM4-40GB (0),1,,13,"void convert_kernel<__half2, float2>(tensor_layout_any, T1 *, tensor_layout_any, const T2 *)"
2191853241,4992,29017,,,,,,,,,,0.061,12307.661,Pinned,Device,NVIDIA A100-SXM4-40GB (0),1,,13,[CUDA memcpy Host-to-Device]
2191866201,46464,29018,,,,,,,,,,35.801,770508.261,Device,,NVIDIA A100-SXM4-40GB (0),1,,13,[CUDA memset]
2191917721,1983,29020,,,,,,,,,,0.000,40.343,Pinned,Device,NVIDIA A100-SXM4-40GB (0),1,,13,[CUDA memcpy Host-to-Device]
2191923096,7136,29021,,,,,,,,,,0.131,18367.644,Pinned,Device,NVIDIA A100-SXM4-40GB (0),1,,13,[CUDA memcpy Host-to-Device]
2191938936,8896,29022,273,1,1,48,1,1,40,0.000,0.001,,,,,NVIDIA A100-SXM4-40GB (0),1,,13,"void pusch_noise_intf_est::noiseIntfEstNoDftSOfdmKernel<float, __half, float, float, (unsigned int)2, (unsigned int)1, (unsigned char)4, (unsigned char)4>(pusch_noise_intf_est::puschRxNoiseIntfEstDynDescr)"
2191949464,2304,29033,35,1,1,128,1,1,16,0.000,0.000,,,,,NVIDIA A100-SXM4-40GB (0),1,,13,cupy_copy__complex64_complex64
2191960344,1504,29042,1,1,1,1,1,1,18,0.000,0.000,,,,,NVIDIA A100-SXM4-40GB (0),1,,13,cupy_copy__float32_float32
2191995064,1792,29048,,,,,,,,,,0.000,2.232,Device,Pageable,NVIDIA A100-SXM4-40GB (0),1,,7,[CUDA memcpy Device-to-Host]
2192051959,13088,29059,1434,1,1,128,1,1,16,0.000,0.000,,,,,NVIDIA A100-SXM4-40GB (0),1,,13,cupy_copy__complex64_complex64
2192078391,2336,29066,103,1,1,128,1,1,16,0.000,0.000,,,,,NVIDIA A100-SXM4-40GB (0),1,,13,cupy_copy__complex64_complex64
2192098966,2016,29073,35,1,1,128,1,1,16,0.000,0.000,,,,,NVIDIA A100-SXM4-40GB (0),1,,13,cupy_copy__complex64_complex64
2192116950,1472,29080,1,1,1,1,1,1,18,0.000,0.000,,,,,NVIDIA A100-SXM4-40GB (0),1,,13,cupy_copy__float32_float32
2192379219,78944,29091,1,1,1,32,32,1,30,0.000,0.000,,,,,NVIDIA A100-SXM4-40GB (0),1,,13,"void convert_kernel<__half2, float2>(tensor_layout_any, T1 *, tensor_layout_any, const T2 *)"
2192489938,4576,29094,,,,,,,,,,0.061,13426.545,Pinned,Device,NVIDIA A100-SXM4-40GB (0),1,,13,[CUDA memcpy Host-to-Device]
2192504498,2624,29095,,,,,,,,,,1.547,589413.767,Device,,NVIDIA A100-SXM4-40GB (0),1,,13,[CUDA memset]
2192516050,2624,29100,,,,,,,,,,0.021,8024.378,Pinned,Device,NVIDIA A100-SXM4-40GB (0),1,,13,[CUDA memcpy Host-to-Device]
2192527026,7168,29101,,,,,,,,,,0.131,18285.593,Pinned,Device,NVIDIA A100-SXM4-40GB (0),1,,13,[CUDA memcpy Host-to-Device]
2192540018,5824,29102,273,1,1,8,4,1,39,0.002,0.000,,,,,NVIDIA A100-SXM4-40GB (0),1,,13,"void channel_eq::eqMmseCoefCompLowMimoKernel<float, float, float, (unsigned int)4, (unsigned int)1, (unsigned int)4>(const channel_eq::_puschRxChEqStatDescr *, channel_eq::_puschRxChEqCoefCompDynDescr)"
2192546834,4831,29103,273,1,1,12,11,1,40,0.002,0.000,,,,,NVIDIA A100-SXM4-40GB (0),1,,13,"void channel_eq::eqMmseSoftDemapKernel<float, __half, __half, float, (unsigned int)4, (unsigned short)16383>(channel_eq::_puschRxChEqStatDescr *, channel_eq::_puschRxChEqSoftDemapDynDescr)"
2192552881,282077,29104,1,1,1,32,32,1,30,0.000,0.000,,,,,NVIDIA A100-SXM4-40GB (0),1,,13,"void convert_kernel<float2, __half2>(tensor_layout_any, T1 *, tensor_layout_any, const T2 *)"
2192836078,10112,29116,2253,1,1,128,1,1,16,0.000,0.000,,,,,NVIDIA A100-SXM4-40GB (0),1,,13,cupy_copy__float16_float16
2192847278,2368,29125,282,1,1,128,1,1,16,0.000,0.000,,,,,NVIDIA A100-SXM4-40GB (0),1,,13,cupy_copy__complex64_complex64
2192850670,1792,29134,26,1,1,128,1,1,16,0.000,0.000,,,,,NVIDIA A100-SXM4-40GB (0),1,,13,cupy_copy__float32_float32
2192853678,2528,29143,103,1,1,128,1,1,16,0.000,0.000,,,,,NVIDIA A100-SXM4-40GB (0),1,,13,cupy_copy__complex64_complex64
2192911949,11360,29159,1434,1,1,128,1,1,16,0.000,0.000,,,,,NVIDIA A100-SXM4-40GB (0),1,,13,cupy_copy__complex64_complex64
2193031084,78271,29164,1,1,1,32,32,1,30,0.000,0.000,,,,,NVIDIA A100-SXM4-40GB (0),1,,13,"void convert_kernel<__half2, float2>(tensor_layout_any, T1 *, tensor_layout_any, const T2 *)"
2193139915,4544,29167,,,,,,,,,,0.061,13521.101,Pinned,Device,NVIDIA A100-SXM4-40GB (0),1,,13,[CUDA memcpy Host-to-Device]
2193151499,589145,29168,,,,,,,,,,456.520,774715.255,Device,,NVIDIA A100-SXM4-40GB (0),1,,13,[CUDA memset]
2193745476,32992,29173,,,,,,,,,,0.825,25016.177,Pinned,Device,NVIDIA A100-SXM4-40GB (0),1,,13,[CUDA memcpy Host-to-Device]
2193780644,6848,29174,,,,,,,,,,0.131,19140.182,Pinned,Device,NVIDIA A100-SXM4-40GB (0),1,,13,[CUDA memcpy Host-to-Device]
2193793380,7200,29175,69,4,1,48,1,1,76,0.002,0.000,,,,,NVIDIA A100-SXM4-40GB (0),1,,13,"void ch_est::windowedChEstPreNoDftSOfdmKernel<float, __half, float, (unsigned int)2, (unsigned int)1, (unsigned short)4>(ch_est::puschRxChEstStatDescr_t *, ch_est::puschRxChEstDynDescr_t *)"
2193801828,6336,29176,137,2,1,24,2,1,44,0.001,0.001,,,,,NVIDIA A100-SXM4-40GB (0),1,,13,"void ch_est::chEstFilterNoDftSOfdmDispatchKernel<float, __half, float, (unsigned int)2>(ch_est::puschRxChEstStatDescr_t *, ch_est::puschRxChEstDynDescr_t *)"
2193809380,4575,29177,137,2,1,24,2,1,44,0.001,0.001,,,,,NVIDIA A100-SXM4-40GB (0),1,,13,"void ch_est::chEstFilterNoDftSOfdmDispatchKernel<float, __half, float, (unsigned int)2>(ch_est::puschRxChEstStatDescr_t *, ch_est::puschRxChEstDynDescr_t *)"
2193814947,2176,29188,103,1,1,128,1,1,16,0.000,0.000,,,,,NVIDIA A100-SXM4-40GB (0),1,,13,cupy_copy__complex64_complex64
2193818403,12736,29198,1434,1,1,128,1,1,16,0.000,0.000,,,,,NVIDIA A100-SXM4-40GB (0),1,,13,cupy_copy__complex64_complex64
2193832387,2112,29205,103,1,1,128,1,1,16,0.000,0.000,,,,,NVIDIA A100-SXM4-40GB (0),1,,13,cupy_copy__complex64_complex64
2193835587,78367,29212,1,1,1,32,32,1,30,0.000,0.000,,,,,NVIDIA A100-SXM4-40GB (0),1,,13,"void convert_kernel<__half2, float2>(tensor_layout_any, T1 *, tensor_layout_any, const T2 *)"
2193942210,4224,29215,,,,,,,,,,0.061,14545.428,Pinned,Device,NVIDIA A100-SXM4-40GB (0),1,,13,[CUDA memcpy Host-to-Device]
2193955170,45087,29216,,,,,,,,,,35.801,794029.492,Device,,NVIDIA A100-SXM4-40GB (0),1,,13,[CUDA memset]
2194008033,1856,29218,,,,,,,,,,0.000,43.103,Pinned,Device,NVIDIA A100-SXM4-40GB (0),1,,13,[CUDA memcpy Host-to-Device]
2194012705,6784,29219,,,,,,,,,,0.131,19320.668,Pinned,Device,NVIDIA A100-SXM4-40GB (0),1,,13,[CUDA memcpy Host-to-Device]
2194022753,8480,29220,273,1,1,48,1,1,40,0.000,0.001,,,,,NVIDIA A100-SXM4-40GB (0),1,,13,"void pusch_noise_intf_est::noiseIntfEstNoDftSOfdmKernel<float, __half, float, float, (unsigned int)2, (unsigned int)1, (unsigned char)4, (unsigned char)4>(pusch_noise_intf_est::puschRxNoiseIntfEstDynDescr)"
2194032801,2304,29231,35,1,1,128,1,1,16,0.000,0.000,,,,,NVIDIA A100-SXM4-40GB (0),1,,13,cupy_copy__complex64_complex64
2194064673,1504,29240,1,1,1,1,1,1,18,0.000,0.000,,,,,NVIDIA A100-SXM4-40GB (0),1,,13,cupy_copy__float32_float32
2194098464,1728,29246,,,,,,,,,,0.000,2.315,Device,Pageable,NVIDIA A100-SXM4-40GB (0),1,,7,[CUDA memcpy Device-to-Host]
2194155552,13024,29257,1434,1,1,128,1,1,16,0.000,0.000,,,,,NVIDIA A100-SXM4-40GB (0),1,,13,cupy_copy__complex64_complex64
2194181087,2336,29264,103,1,1,128,1,1,16,0.000,0.000,,,,,NVIDIA A100-SXM4-40GB (0),1,,13,cupy_copy__complex64_complex64
2194201151,2016,29271,35,1,1,128,1,1,16,0.000,0.000,,,,,NVIDIA A100-SXM4-40GB (0),1,,13,cupy_copy__complex64_complex64
2194218175,1472,29278,1,1,1,1,1,1,18,0.000,0.000,,,,,NVIDIA A100-SXM4-40GB (0),1,,13,cupy_copy__float32_float32
2194352478,77791,29289,1,1,1,32,32,1,30,0.000,0.000,,,,,NVIDIA A100-SXM4-40GB (0),1,,13,"void convert_kernel<__half2, float2>(tensor_layout_any, T1 *, tensor_layout_any, const T2 *)"
2194460828,4640,29292,,,,,,,,,,0.061,13241.364,Pinned,Device,NVIDIA A100-SXM4-40GB (0),1,,13,[CUDA memcpy Host-to-Device]
2194475164,2624,29293,,,,,,,,,,1.547,589413.767,Device,,NVIDIA A100-SXM4-40GB (0),1,,13,[CUDA memset]
2194481532,2720,29298,,,,,,,,,,0.021,7741.175,Pinned,Device,NVIDIA A100-SXM4-40GB (0),1,,13,[CUDA memcpy Host-to-Device]
2194486972,8096,29299,,,,,,,,,,0.131,16189.620,Pinned,Device,NVIDIA A100-SXM4-40GB (0),1,,13,[CUDA memcpy Host-to-Device]
2194500956,5856,29300,273,1,1,8,4,1,39,0.002,0.000,,,,,NVIDIA A100-SXM4-40GB (0),1,,13,"void channel_eq::eqMmseCoefCompLowMimoKernel<float, float, float, (unsigned int)4, (unsigned int)1, (unsigned int)4>(const channel_eq::_puschRxChEqStatDescr *, channel_eq::_puschRxChEqCoefCompDynDescr)"
2194508028,4800,29301,273,1,1,12,11,1,40,0.002,0.000,,,,,NVIDIA A100-SXM4-40GB (0),1,,13,"void channel_eq::eqMmseSoftDemapKernel<float, __half, __half, float, (unsigned int)4, (unsigned short)16383>(channel_eq::_puschRxChEqStatDescr *, channel_eq::_puschRxChEqSoftDemapDynDescr)"
2194513820,282173,29302,1,1,1,32,32,1,30,0.000,0.000,,,,,NVIDIA A100-SXM4-40GB (0),1,,13,"void convert_kernel<float2, __half2>(tensor_layout_any, T1 *, tensor_layout_any, const T2 *)"
2194797017,10207,29314,2253,1,1,128,1,1,16,0.000,0.000,,,,,NVIDIA A100-SXM4-40GB (0),1,,13,cupy_copy__float16_float16
2194808504,2432,29323,282,1,1,128,1,1,16,0.000,0.000,,,,,NVIDIA A100-SXM4-40GB (0),1,,13,cupy_copy__complex64_complex64
2194811928,1760,29332,26,1,1,128,1,1,16,0.000,0.000,,,,,NVIDIA A100-SXM4-40GB (0),1,,13,cupy_copy__float32_float32
2194814808,2560,29341,103,1,1,128,1,1,16,0.000,0.000,,,,,NVIDIA A100-SXM4-40GB (0),1,,13,cupy_copy__complex64_complex64
2194818584,11360,29351,1434,1,1,128,1,1,16,0.000,0.000,,,,,NVIDIA A100-SXM4-40GB (0),1,,13,cupy_copy__complex64_complex64
2194854232,77919,29356,1,1,1,32,32,1,30,0.000,0.000,,,,,NVIDIA A100-SXM4-40GB (0),1,,13,"void convert_kernel<__half2, float2>(tensor_layout_any, T1 *, tensor_layout_any, const T2 *)"
2194960119,5216,29359,,,,,,,,,,0.061,11779.092,Pinned,Device,NVIDIA A100-SXM4-40GB (0),1,,13,[CUDA memcpy Host-to-Device]
2194970423,589337,29360,,,,,,,,,,456.520,774258.734,Device,,NVIDIA A100-SXM4-40GB (0),1,,13,[CUDA memset]
2195567568,32800,29365,,,,,,,,,,0.825,25162.263,Pinned,Device,NVIDIA A100-SXM4-40GB (0),1,,13,[CUDA memcpy Host-to-Device]
2195602640,7360,29366,,,,,,,,,,0.131,17808.622,Pinned,Device,NVIDIA A100-SXM4-40GB (0),1,,13,[CUDA memcpy Host-to-Device]
2195618128,7263,29367,69,4,1,48,1,1,76,0.002,0.000,,,,,NVIDIA A100-SXM4-40GB (0),1,,13,"void ch_est::windowedChEstPreNoDftSOfdmKernel<float, __half, float, (unsigned int)2, (unsigned int)1, (unsigned short)4>(ch_est::puschRxChEstStatDescr_t *, ch_est::puschRxChEstDynDescr_t *)"
2195626575,6368,29368,137,2,1,24,2,1,44,0.001,0.001,,,,,NVIDIA A100-SXM4-40GB (0),1,,13,"void ch_est::chEstFilterNoDftSOfdmDispatchKernel<float, __half, float, (unsigned int)2>(ch_est::puschRxChEstStatDescr_t *, ch_est::puschRxChEstDynDescr_t *)"
2195634159,4576,29369,137,2,1,24,2,1,44,0.001,0.001,,,,,NVIDIA A100-SXM4-40GB (0),1,,13,"void ch_est::chEstFilterNoDftSOfdmDispatchKernel<float, __half, float, (unsigned int)2>(ch_est::puschRxChEstStatDescr_t *, ch_est::puschRxChEstDynDescr_t *)"
2195639951,2144,29380,103,1,1,128,1,1,16,0.000,0.000,,,,,NVIDIA A100-SXM4-40GB (0),1,,13,cupy_copy__complex64_complex64
2195643375,12384,29390,1434,1,1,128,1,1,16,0.000,0.000,,,,,NVIDIA A100-SXM4-40GB (0),1,,13,cupy_copy__complex64_complex64
2195656783,2080,29397,103,1,1,128,1,1,16,0.000,0.000,,,,,NVIDIA A100-SXM4-40GB (0),1,,13,cupy_copy__complex64_complex64
2195659919,78335,29404,1,1,1,32,32,1,30,0.000,0.000,,,,,NVIDIA A100-SXM4-40GB (0),1,,13,"void convert_kernel<__half2, float2>(tensor_layout_any, T1 *, tensor_layout_any, const T2 *)"
2195912076,4544,29407,,,,,,,,,,0.061,13521.101,Pinned,Device,NVIDIA A100-SXM4-40GB (0),1,,13,[CUDA memcpy Host-to-Device]
2195924300,46240,29408,,,,,,,,,,35.801,774231.561,Device,,NVIDIA A100-SXM4-40GB (0),1,,13,[CUDA memset]
2195976844,1856,29410,,,,,,,,,,0.000,43.103,Pinned,Device,NVIDIA A100-SXM4-40GB (0),1,,13,[CUDA memcpy Host-to-Device]
2195980939,6752,29411,,,,,,,,,,0.131,19412.287,Pinned,Device,NVIDIA A100-SXM4-40GB (0),1,,13,[CUDA memcpy Host-to-Device]
2195997003,9184,29412,273,1,1,48,1,1,40,0.000,0.001,,,,,NVIDIA A100-SXM4-40GB (0),1,,13,"void pusch_noise_intf_est::noiseIntfEstNoDftSOfdmKernel<float, __half, float, float, (unsigned int)2, (unsigned int)1, (unsigned char)4, (unsigned char)4>(pusch_noise_intf_est::puschRxNoiseIntfEstDynDescr)"
2196007787,2208,29423,35,1,1,128,1,1,16,0.000,0.000,,,,,NVIDIA A100-SXM4-40GB (0),1,,13,cupy_copy__complex64_complex64
2196018923,1504,29432,1,1,1,1,1,1,18,0.000,0.000,,,,,NVIDIA A100-SXM4-40GB (0),1,,13,cupy_copy__float32_float32
2196053483,2048,29438,,,,,,,,,,0.000,1.953,Device,Pageable,NVIDIA A100-SXM4-40GB (0),1,,7,[CUDA memcpy Device-to-Host]
2196112362,13472,29449,1434,1,1,128,1,1,16,0.000,0.000,,,,,NVIDIA A100-SXM4-40GB (0),1,,13,cupy_copy__complex64_complex64
2196137450,2304,29456,103,1,1,128,1,1,16,0.000,0.000,,,,,NVIDIA A100-SXM4-40GB (0),1,,13,cupy_copy__complex64_complex64
2196158410,2015,29463,35,1,1,128,1,1,16,0.000,0.000,,,,,NVIDIA A100-SXM4-40GB (0),1,,13,cupy_copy__complex64_complex64
2196175817,1472,29470,1,1,1,1,1,1,18,0.000,0.000,,,,,NVIDIA A100-SXM4-40GB (0),1,,13,cupy_copy__float32_float32
2196541573,78719,29481,1,1,1,32,32,1,30,0.000,0.000,,,,,NVIDIA A100-SXM4-40GB (0),1,,13,"void convert_kernel<__half2, float2>(tensor_layout_any, T1 *, tensor_layout_any, const T2 *)"
2196651876,4736,29484,,,,,,,,,,0.061,12972.933,Pinned,Device,NVIDIA A100-SXM4-40GB (0),1,,13,[CUDA memcpy Host-to-Device]
2196667652,2656,29485,,,,,,,,,,1.547,582313.216,Device,,NVIDIA A100-SXM4-40GB (0),1,,13,[CUDA memset]
2196673828,3200,29490,,,,,,,,,,0.021,6580.000,Pinned,Device,NVIDIA A100-SXM4-40GB (0),1,,13,[CUDA memcpy Host-to-Device]
2196679652,7136,29491,,,,,,,,,,0.131,18367.644,Pinned,Device,NVIDIA A100-SXM4-40GB (0),1,,13,[CUDA memcpy Host-to-Device]
2196689924,5824,29492,273,1,1,8,4,1,39,0.002,0.000,,,,,NVIDIA A100-SXM4-40GB (0),1,,13,"void channel_eq::eqMmseCoefCompLowMimoKernel<float, float, float, (unsigned int)4, (unsigned int)1, (unsigned int)4>(const channel_eq::_puschRxChEqStatDescr *, channel_eq::_puschRxChEqCoefCompDynDescr)"
2196696932,4863,29493,273,1,1,12,11,1,40,0.002,0.000,,,,,NVIDIA A100-SXM4-40GB (0),1,,13,"void channel_eq::eqMmseSoftDemapKernel<float, __half, __half, float, (unsigned int)4, (unsigned short)16383>(channel_eq::_puschRxChEqStatDescr *, channel_eq::_puschRxChEqSoftDemapDynDescr)"
2196703011,282333,29494,1,1,1,32,32,1,30,0.000,0.000,,,,,NVIDIA A100-SXM4-40GB (0),1,,13,"void convert_kernel<float2, __half2>(tensor_layout_any, T1 *, tensor_layout_any, const T2 *)"
2196986496,10240,29506,2253,1,1,128,1,1,16,0.000,0.000,,,,,NVIDIA A100-SXM4-40GB (0),1,,13,cupy_copy__float16_float16
2196997984,2400,29515,282,1,1,128,1,1,16,0.000,0.000,,,,,NVIDIA A100-SXM4-40GB (0),1,,13,cupy_copy__complex64_complex64
2197001408,1760,29524,26,1,1,128,1,1,16,0.000,0.000,,,,,NVIDIA A100-SXM4-40GB (0),1,,13,cupy_copy__float32_float32
2197004384,2496,29533,103,1,1,128,1,1,16,0.000,0.000,,,,,NVIDIA A100-SXM4-40GB (0),1,,13,cupy_copy__complex64_complex64
2197008096,11616,29543,1434,1,1,128,1,1,16,0.000,0.000,,,,,NVIDIA A100-SXM4-40GB (0),1,,13,cupy_copy__complex64_complex64
2197052800,78367,29548,1,1,1,32,32,1,30,0.000,0.000,,,,,NVIDIA A100-SXM4-40GB (0),1,,13,"void convert_kernel<__half2, float2>(tensor_layout_any, T1 *, tensor_layout_any, const T2 *)"
2197312765,4544,29551,,,,,,,,,,0.061,13521.101,Pinned,Device,NVIDIA A100-SXM4-40GB (0),1,,13,[CUDA memcpy Host-to-Device]
2197322013,589817,29552,,,,,,,,,,456.520,773802.214,Device,,NVIDIA A100-SXM4-40GB (0),1,,13,[CUDA memset]
2197915062,32896,29557,,,,,,,,,,0.825,25088.807,Pinned,Device,NVIDIA A100-SXM4-40GB (0),1,,13,[CUDA memcpy Host-to-Device]
2197951926,7200,29558,,,,,,,,,,0.131,18204.328,Pinned,Device,NVIDIA A100-SXM4-40GB (0),1,,13,[CUDA memcpy Host-to-Device]
2197970229,7584,29559,69,4,1,48,1,1,76,0.002,0.000,,,,,NVIDIA A100-SXM4-40GB (0),1,,13,"void ch_est::windowedChEstPreNoDftSOfdmKernel<float, __half, float, (unsigned int)2, (unsigned int)1, (unsigned short)4>(ch_est::puschRxChEstStatDescr_t *, ch_est::puschRxChEstDynDescr_t *)"
2197979157,5984,29560,137,2,1,24,2,1,44,0.001,0.001,,,,,NVIDIA A100-SXM4-40GB (0),1,,13,"void ch_est::chEstFilterNoDftSOfdmDispatchKernel<float, __half, float, (unsigned int)2>(ch_est::puschRxChEstStatDescr_t *, ch_est::puschRxChEstDynDescr_t *)"
2197986133,4544,29561,137,2,1,24,2,1,44,0.001,0.001,,,,,NVIDIA A100-SXM4-40GB (0),1,,13,"void ch_est::chEstFilterNoDftSOfdmDispatchKernel<float, __half, float, (unsigned int)2>(ch_est::puschRxChEstStatDescr_t *, ch_est::puschRxChEstDynDescr_t *)"
2197991893,2176,29572,103,1,1,128,1,1,16,0.000,0.000,,,,,NVIDIA A100-SXM4-40GB (0),1,,13,cupy_copy__complex64_complex64
2197995061,12832,29582,1434,1,1,128,1,1,16,0.000,0.000,,,,,NVIDIA A100-SXM4-40GB (0),1,,13,cupy_copy__complex64_complex64
2198008981,2080,29589,103,1,1,128,1,1,16,0.000,0.000,,,,,NVIDIA A100-SXM4-40GB (0),1,,13,cupy_copy__complex64_complex64
2198012117,77951,29596,1,1,1,32,32,1,30,0.000,0.000,,,,,NVIDIA A100-SXM4-40GB (0),1,,13,"void convert_kernel<__half2, float2>(tensor_layout_any, T1 *, tensor_layout_any, const T2 *)"
2198121812,4192,29599,,,,,,,,,,0.061,14656.451,Pinned,Device,NVIDIA A100-SXM4-40GB (0),1,,13,[CUDA memcpy Host-to-Device]
2198135476,45695,29600,,,,,,,,,,35.801,783468.209,Device,,NVIDIA A100-SXM4-40GB (0),1,,13,[CUDA memset]
2198187955,2112,29602,,,,,,,,,,0.000,37.879,Pinned,Device,NVIDIA A100-SXM4-40GB (0),1,,13,[CUDA memcpy Host-to-Device]
2198193523,7296,29603,,,,,,,,,,0.131,17964.859,Pinned,Device,NVIDIA A100-SXM4-40GB (0),1,,13,[CUDA memcpy Host-to-Device]
2198211475,8480,29604,273,1,1,48,1,1,40,0.000,0.001,,,,,NVIDIA A100-SXM4-40GB (0),1,,13,"void pusch_noise_intf_est::noiseIntfEstNoDftSOfdmKernel<float, __half, float, float, (unsigned int)2, (unsigned int)1, (unsigned char)4, (unsigned char)4>(pusch_noise_intf_est::puschRxNoiseIntfEstDynDescr)"
2198221427,2304,29615,35,1,1,128,1,1,16,0.000,0.000,,,,,NVIDIA A100-SXM4-40GB (0),1,,13,cupy_copy__complex64_complex64
2198248786,1504,29624,1,1,1,1,1,1,18,0.000,0.000,,,,,NVIDIA A100-SXM4-40GB (0),1,,13,cupy_copy__float32_float32
2198283538,1760,29630,,,,,,,,,,0.000,2.273,Device,Pageable,NVIDIA A100-SXM4-40GB (0),1,,7,[CUDA memcpy Device-to-Host]
2198341457,13184,29641,1434,1,1,128,1,1,16,0.000,0.000,,,,,NVIDIA A100-SXM4-40GB (0),1,,13,cupy_copy__complex64_complex64
2198368145,2336,29648,103,1,1,128,1,1,16,0.000,0.000,,,,,NVIDIA A100-SXM4-40GB (0),1,,13,cupy_copy__complex64_complex64
2198389169,1984,29655,35,1,1,128,1,1,16,0.000,0.000,,,,,NVIDIA A100-SXM4-40GB (0),1,,13,cupy_copy__complex64_complex64
2198407729,1472,29662,1,1,1,1,1,1,18,0.000,0.000,,,,,NVIDIA A100-SXM4-40GB (0),1,,13,cupy_copy__float32_float32
2198547535,77919,29673,1,1,1,32,32,1,30,0.000,0.000,,,,,NVIDIA A100-SXM4-40GB (0),1,,13,"void convert_kernel<__half2, float2>(tensor_layout_any, T1 *, tensor_layout_any, const T2 *)"
2198653134,4288,29676,,,,,,,,,,0.061,14328.300,Pinned,Device,NVIDIA A100-SXM4-40GB (0),1,,13,[CUDA memcpy Host-to-Device]
2198668142,2592,29677,,,,,,,,,,1.547,596690.632,Device,,NVIDIA A100-SXM4-40GB (0),1,,13,[CUDA memset]
2198674414,2784,29682,,,,,,,,,,0.021,7563.210,Pinned,Device,NVIDIA A100-SXM4-40GB (0),1,,13,[CUDA memcpy Host-to-Device]
2198680046,6784,29683,,,,,,,,,,0.131,19320.668,Pinned,Device,NVIDIA A100-SXM4-40GB (0),1,,13,[CUDA memcpy Host-to-Device]
2198693165,5824,29684,273,1,1,8,4,1,39,0.002,0.000,,,,,NVIDIA A100-SXM4-40GB (0),1,,13,"void channel_eq::eqMmseCoefCompLowMimoKernel<float, float, float, (unsigned int)4, (unsigned int)1, (unsigned int)4>(const channel_eq::_puschRxChEqStatDescr *, channel_eq::_puschRxChEqCoefCompDynDescr)"
2198700269,4800,29685,273,1,1,12,11,1,40,0.002,0.000,,,,,NVIDIA A100-SXM4-40GB (0),1,,13,"void channel_eq::eqMmseSoftDemapKernel<float, __half, __half, float, (unsigned int)4, (unsigned short)16383>(channel_eq::_puschRxChEqStatDescr *, channel_eq::_puschRxChEqSoftDemapDynDescr)"
2198706285,282205,29686,1,1,1,32,32,1,30,0.000,0.000,,,,,NVIDIA A100-SXM4-40GB (0),1,,13,"void convert_kernel<float2, __half2>(tensor_layout_any, T1 *, tensor_layout_any, const T2 *)"
2198989514,10272,29698,2253,1,1,128,1,1,16,0.000,0.000,,,,,NVIDIA A100-SXM4-40GB (0),1,,13,cupy_copy__float16_float16
2199000810,2400,29707,282,1,1,128,1,1,16,0.000,0.000,,,,,NVIDIA A100-SXM4-40GB (0),1,,13,cupy_copy__complex64_complex64
2199004234,1760,29716,26,1,1,128,1,1,16,0.000,0.000,,,,,NVIDIA A100-SXM4-40GB (0),1,,13,cupy_copy__float32_float32
2199007178,2528,29725,103,1,1,128,1,1,16,0.000,0.000,,,,,NVIDIA A100-SXM4-40GB (0),1,,13,cupy_copy__complex64_complex64
2199010922,11296,29735,1434,1,1,128,1,1,16,0.000,0.000,,,,,NVIDIA A100-SXM4-40GB (0),1,,13,cupy_copy__complex64_complex64
2199048074,78815,29740,1,1,1,32,32,1,30,0.000,0.000,,,,,NVIDIA A100-SXM4-40GB (0),1,,13,"void convert_kernel<__half2, float2>(tensor_layout_any, T1 *, tensor_layout_any, const T2 *)"
2199154280,4672,29743,,,,,,,,,,0.061,13150.679,Pinned,Device,NVIDIA A100-SXM4-40GB (0),1,,13,[CUDA memcpy Host-to-Device]
2199165640,587930,29744,,,,,,,,,,456.520,776084.816,Device,,NVIDIA A100-SXM4-40GB (0),1,,13,[CUDA memset]
2199758754,33279,29749,,,,,,,,,,0.825,24799.937,Pinned,Device,NVIDIA A100-SXM4-40GB (0),1,,13,[CUDA memcpy Host-to-Device]
2199794881,7040,29750,,,,,,,,,,0.131,18618.122,Pinned,Device,NVIDIA A100-SXM4-40GB (0),1,,13,[CUDA memcpy Host-to-Device]
2199806529,7040,29751,69,4,1,48,1,1,76,0.002,0.000,,,,,NVIDIA A100-SXM4-40GB (0),1,,13,"void ch_est::windowedChEstPreNoDftSOfdmKernel<float, __half, float, (unsigned int)2, (unsigned int)1, (unsigned short)4>(ch_est::puschRxChEstStatDescr_t *, ch_est::puschRxChEstDynDescr_t *)"
2199814689,6240,29752,137,2,1,24,2,1,44,0.001,0.001,,,,,NVIDIA A100-SXM4-40GB (0),1,,13,"void ch_est::chEstFilterNoDftSOfdmDispatchKernel<float, __half, float, (unsigned int)2>(ch_est::puschRxChEstStatDescr_t *, ch_est::puschRxChEstDynDescr_t *)"
2199821921,4544,29753,137,2,1,24,2,1,44,0.001,0.001,,,,,NVIDIA A100-SXM4-40GB (0),1,,13,"void ch_est::chEstFilterNoDftSOfdmDispatchKernel<float, __half, float, (unsigned int)2>(ch_est::puschRxChEstStatDescr_t *, ch_est::puschRxChEstDynDescr_t *)"
2199827713,2144,29764,103,1,1,128,1,1,16,0.000,0.000,,,,,NVIDIA A100-SXM4-40GB (0),1,,13,cupy_copy__complex64_complex64
2199830849,12640,29774,1434,1,1,128,1,1,16,0.000,0.000,,,,,NVIDIA A100-SXM4-40GB (0),1,,13,cupy_copy__complex64_complex64
2199844769,2112,29781,103,1,1,128,1,1,16,0.000,0.000,,,,,NVIDIA A100-SXM4-40GB (0),1,,13,cupy_copy__complex64_complex64
2199847873,78111,29788,1,1,1,32,32,1,30,0.000,0.000,,,,,NVIDIA A100-SXM4-40GB (0),1,,13,"void convert_kernel<__half2, float2>(tensor_layout_any, T1 *, tensor_layout_any, const T2 *)"
2199953119,4416,29791,,,,,,,,,,0.061,13913.027,Pinned,Device,NVIDIA A100-SXM4-40GB (0),1,,13,[CUDA memcpy Host-to-Device]
2199965471,44960,29792,,,,,,,,,,35.801,796249.151,Device,,NVIDIA A100-SXM4-40GB (0),1,,13,[CUDA memset]
2200017823,2240,29794,,,,,,,,,,0.000,35.714,Pinned,Device,NVIDIA A100-SXM4-40GB (0),1,,13,[CUDA memcpy Host-to-Device]
2200022527,7360,29795,,,,,,,,,,0.131,17808.622,Pinned,Device,NVIDIA A100-SXM4-40GB (0),1,,13,[CUDA memcpy Host-to-Device]
2200036479,8575,29796,273,1,1,48,1,1,40,0.000,0.001,,,,,NVIDIA A100-SXM4-40GB (0),1,,13,"void pusch_noise_intf_est::noiseIntfEstNoDftSOfdmKernel<float, __half, float, float, (unsigned int)2, (unsigned int)1, (unsigned char)4, (unsigned char)4>(pusch_noise_intf_est::puschRxNoiseIntfEstDynDescr)"
2200046430,2208,29807,35,1,1,128,1,1,16,0.000,0.000,,,,,NVIDIA A100-SXM4-40GB (0),1,,13,cupy_copy__complex64_complex64
2200073886,1536,29816,1,1,1,1,1,1,18,0.000,0.000,,,,,NVIDIA A100-SXM4-40GB (0),1,,13,cupy_copy__float32_float32
2200108222,2080,29822,,,,,,,,,,0.000,1.923,Device,Pageable,NVIDIA A100-SXM4-40GB (0),1,,7,[CUDA memcpy Device-to-Host]
2200166333,12992,29833,1434,1,1,128,1,1,16,0.000,0.000,,,,,NVIDIA A100-SXM4-40GB (0),1,,13,cupy_copy__complex64_complex64
2200192925,2368,29840,103,1,1,128,1,1,16,0.000,0.000,,,,,NVIDIA A100-SXM4-40GB (0),1,,13,cupy_copy__complex64_complex64
2200213341,2016,29847,35,1,1,128,1,1,16,0.000,0.000,,,,,NVIDIA A100-SXM4-40GB (0),1,,13,cupy_copy__complex64_complex64
2200235996,1504,29854,1,1,1,1,1,1,18,0.000,0.000,,,,,NVIDIA A100-SXM4-40GB (0),1,,13,cupy_copy__float32_float32
2200369403,78623,29865,1,1,1,32,32,1,30,0.000,0.000,,,,,NVIDIA A100-SXM4-40GB (0),1,,13,"void convert_kernel<__half2, float2>(tensor_layout_any, T1 *, tensor_layout_any, const T2 *)"
2200476122,4416,29868,,,,,,,,,,0.061,13913.027,Pinned,Device,NVIDIA A100-SXM4-40GB (0),1,,13,[CUDA memcpy Host-to-Device]
2200489882,2559,29869,,,,,,,,,,1.547,604385.087,Device,,NVIDIA A100-SXM4-40GB (0),1,,13,[CUDA memset]
2200498841,2624,29874,,,,,,,,,,0.021,8024.378,Pinned,Device,NVIDIA A100-SXM4-40GB (0),1,,13,[CUDA memcpy Host-to-Device]
2200511065,6976,29875,,,,,,,,,,0.131,18788.909,Pinned,Device,NVIDIA A100-SXM4-40GB (0),1,,13,[CUDA memcpy Host-to-Device]
2200523033,5856,29876,273,1,1,8,4,1,39,0.002,0.000,,,,,NVIDIA A100-SXM4-40GB (0),1,,13,"void channel_eq::eqMmseCoefCompLowMimoKernel<float, float, float, (unsigned int)4, (unsigned int)1, (unsigned int)4>(const channel_eq::_puschRxChEqStatDescr *, channel_eq::_puschRxChEqCoefCompDynDescr)"
2200529913,4896,29877,273,1,1,12,11,1,40,0.002,0.000,,,,,NVIDIA A100-SXM4-40GB (0),1,,13,"void channel_eq::eqMmseSoftDemapKernel<float, __half, __half, float, (unsigned int)4, (unsigned short)16383>(channel_eq::_puschRxChEqStatDescr *, channel_eq::_puschRxChEqSoftDemapDynDescr)"
2200535865,282461,29878,1,1,1,32,32,1,30,0.000,0.000,,,,,NVIDIA A100-SXM4-40GB (0),1,,13,"void convert_kernel<float2, __half2>(tensor_layout_any, T1 *, tensor_layout_any, const T2 *)"
2200819510,10304,29890,2253,1,1,128,1,1,16,0.000,0.000,,,,,NVIDIA A100-SXM4-40GB (0),1,,13,cupy_copy__float16_float16
2200831030,2368,29899,282,1,1,128,1,1,16,0.000,0.000,,,,,NVIDIA A100-SXM4-40GB (0),1,,13,cupy_copy__complex64_complex64
2200834422,1760,29908,26,1,1,128,1,1,16,0.000,0.000,,,,,NVIDIA A100-SXM4-40GB (0),1,,13,cupy_copy__float32_float32
2200837334,2528,29917,103,1,1,128,1,1,16,0.000,0.000,,,,,NVIDIA A100-SXM4-40GB (0),1,,13,cupy_copy__complex64_complex64
2200841046,11456,29927,1434,1,1,128,1,1,16,0.000,0.000,,,,,NVIDIA A100-SXM4-40GB (0),1,,13,cupy_copy__complex64_complex64
2200868437,78239,29932,1,1,1,32,32,1,30,0.000,0.000,,,,,NVIDIA A100-SXM4-40GB (0),1,,13,"void convert_kernel<__half2, float2>(tensor_layout_any, T1 *, tensor_layout_any, const T2 *)"
2201117395,4928,29935,,,,,,,,,,0.061,12467.528,Pinned,Device,NVIDIA A100-SXM4-40GB (0),1,,13,[CUDA memcpy Host-to-Device]
2201126418,590202,29936,,,,,,,,,,456.520,773345.693,Device,,NVIDIA A100-SXM4-40GB (0),1,,13,[CUDA memset]
2201718444,33120,29941,,,,,,,,,,0.825,24919.611,Pinned,Device,NVIDIA A100-SXM4-40GB (0),1,,13,[CUDA memcpy Host-to-Device]
2201754092,6975,29942,,,,,,,,,,0.131,18791.662,Pinned,Device,NVIDIA A100-SXM4-40GB (0),1,,13,[CUDA memcpy Host-to-Device]
2201768203,7008,29943,69,4,1,48,1,1,76,0.002,0.000,,,,,NVIDIA A100-SXM4-40GB (0),1,,13,"void ch_est::windowedChEstPreNoDftSOfdmKernel<float, __half, float, (unsigned int)2, (unsigned int)1, (unsigned short)4>(ch_est::puschRxChEstStatDescr_t *, ch_est::puschRxChEstDynDescr_t *)"
2201776459,6112,29944,137,2,1,24,2,1,44,0.001,0.001,,,,,NVIDIA A100-SXM4-40GB (0),1,,13,"void ch_est::chEstFilterNoDftSOfdmDispatchKernel<float, __half, float, (unsigned int)2>(ch_est::puschRxChEstStatDescr_t *, ch_est::puschRxChEstDynDescr_t *)"
2201783787,4544,29945,137,2,1,24,2,1,44,0.001,0.001,,,,,NVIDIA A100-SXM4-40GB (0),1,,13,"void ch_est::chEstFilterNoDftSOfdmDispatchKernel<float, __half, float, (unsigned int)2>(ch_est::puschRxChEstStatDescr_t *, ch_est::puschRxChEstDynDescr_t *)"
2201789355,2592,29956,103,1,1,128,1,1,16,0.000,0.000,,,,,NVIDIA A100-SXM4-40GB (0),1,,13,cupy_copy__complex64_complex64
2201793003,12448,29966,1434,1,1,128,1,1,16,0.000,0.000,,,,,NVIDIA A100-SXM4-40GB (0),1,,13,cupy_copy__complex64_complex64
2201806731,2080,29973,103,1,1,128,1,1,16,0.000,0.000,,,,,NVIDIA A100-SXM4-40GB (0),1,,13,cupy_copy__complex64_complex64
2201809867,78047,29980,1,1,1,32,32,1,30,0.000,0.000,,,,,NVIDIA A100-SXM4-40GB (0),1,,13,"void convert_kernel<__half2, float2>(tensor_layout_any, T1 *, tensor_layout_any, const T2 *)"
2201918538,4288,29983,,,,,,,,,,0.061,14328.300,Pinned,Device,NVIDIA A100-SXM4-40GB (0),1,,13,[CUDA memcpy Host-to-Device]
2201931882,44831,29984,,,,,,,,,,35.801,798540.413,Device,,NVIDIA A100-SXM4-40GB (0),1,,13,[CUDA memset]
2201983177,1984,29986,,,,,,,,,,0.000,40.323,Pinned,Device,NVIDIA A100-SXM4-40GB (0),1,,13,[CUDA memcpy Host-to-Device]
2201987625,7616,29987,,,,,,,,,,0.131,17210.016,Pinned,Device,NVIDIA A100-SXM4-40GB (0),1,,13,[CUDA memcpy Host-to-Device]
2202006793,8480,29988,273,1,1,48,1,1,40,0.000,0.001,,,,,NVIDIA A100-SXM4-40GB (0),1,,13,"void pusch_noise_intf_est::noiseIntfEstNoDftSOfdmKernel<float, __half, float, float, (unsigned int)2, (unsigned int)1, (unsigned char)4, (unsigned char)4>(pusch_noise_intf_est::puschRxNoiseIntfEstDynDescr)"
2202016777,2304,29999,35,1,1,128,1,1,16,0.000,0.000,,,,,NVIDIA A100-SXM4-40GB (0),1,,13,cupy_copy__complex64_complex64
2202044328,1504,30008,1,1,1,1,1,1,18,0.000,0.000,,,,,NVIDIA A100-SXM4-40GB (0),1,,13,cupy_copy__float32_float32
2202078920,1888,30014,,,,,,,,,,0.000,2.119,Device,Pageable,NVIDIA A100-SXM4-40GB (0),1,,7,[CUDA memcpy Device-to-Host]
2202138183,13120,30025,1434,1,1,128,1,1,16,0.000,0.000,,,,,NVIDIA A100-SXM4-40GB (0),1,,13,cupy_copy__complex64_complex64
2202164295,2368,30032,103,1,1,128,1,1,16,0.000,0.000,,,,,NVIDIA A100-SXM4-40GB (0),1,,13,cupy_copy__complex64_complex64
2202188391,1984,30039,35,1,1,128,1,1,16,0.000,0.000,,,,,NVIDIA A100-SXM4-40GB (0),1,,13,cupy_copy__complex64_complex64
2202206407,1471,30046,1,1,1,1,1,1,18,0.000,0.000,,,,,NVIDIA A100-SXM4-40GB (0),1,,13,cupy_copy__float32_float32
2202340037,77599,30057,1,1,1,32,32,1,30,0.000,0.000,,,,,NVIDIA A100-SXM4-40GB (0),1,,13,"void convert_kernel<__half2, float2>(tensor_layout_any, T1 *, tensor_layout_any, const T2 *)"
2202645154,4480,30060,,,,,,,,,,0.061,13714.268,Pinned,Device,NVIDIA A100-SXM4-40GB (0),1,,13,[CUDA memcpy Host-to-Device]
2202655938,2624,30061,,,,,,,,,,1.547,589413.767,Device,,NVIDIA A100-SXM4-40GB (0),1,,13,[CUDA memset]
2202659393,2720,30066,,,,,,,,,,0.021,7741.175,Pinned,Device,NVIDIA A100-SXM4-40GB (0),1,,13,[CUDA memcpy Host-to-Device]
2202665185,6752,30067,,,,,,,,,,0.131,19412.287,Pinned,Device,NVIDIA A100-SXM4-40GB (0),1,,13,[CUDA memcpy Host-to-Device]
2202682625,5856,30068,273,1,1,8,4,1,39,0.002,0.000,,,,,NVIDIA A100-SXM4-40GB (0),1,,13,"void channel_eq::eqMmseCoefCompLowMimoKernel<float, float, float, (unsigned int)4, (unsigned int)1, (unsigned int)4>(const channel_eq::_puschRxChEqStatDescr *, channel_eq::_puschRxChEqCoefCompDynDescr)"
2202689729,4896,30069,273,1,1,12,11,1,40,0.002,0.000,,,,,NVIDIA A100-SXM4-40GB (0),1,,13,"void channel_eq::eqMmseSoftDemapKernel<float, __half, __half, float, (unsigned int)4, (unsigned short)16383>(channel_eq::_puschRxChEqStatDescr *, channel_eq::_puschRxChEqSoftDemapDynDescr)"
2202695841,282589,30070,1,1,1,32,32,1,30,0.000,0.000,,,,,NVIDIA A100-SXM4-40GB (0),1,,13,"void convert_kernel<float2, __half2>(tensor_layout_any, T1 *, tensor_layout_any, const T2 *)"
2202979518,10336,30082,2253,1,1,128,1,1,16,0.000,0.000,,,,,NVIDIA A100-SXM4-40GB (0),1,,13,cupy_copy__float16_float16
2202991038,2400,30091,282,1,1,128,1,1,16,0.000,0.000,,,,,NVIDIA A100-SXM4-40GB (0),1,,13,cupy_copy__complex64_complex64
2202994462,1760,30100,26,1,1,128,1,1,16,0.000,0.000,,,,,NVIDIA A100-SXM4-40GB (0),1,,13,cupy_copy__float32_float32
2202997342,2528,30109,103,1,1,128,1,1,16,0.000,0.000,,,,,NVIDIA A100-SXM4-40GB (0),1,,13,cupy_copy__complex64_complex64
2203001086,11200,30119,1434,1,1,128,1,1,16,0.000,0.000,,,,,NVIDIA A100-SXM4-40GB (0),1,,13,cupy_copy__complex64_complex64
2203163484,78847,30124,1,1,1,32,32,1,30,0.000,0.000,,,,,NVIDIA A100-SXM4-40GB (0),1,,13,"void convert_kernel<__half2, float2>(tensor_layout_any, T1 *, tensor_layout_any, const T2 *)"
2203273691,4416,30127,,,,,,,,,,0.061,13913.027,Pinned,Device,NVIDIA A100-SXM4-40GB (0),1,,13,[CUDA memcpy Host-to-Device]
2203287515,587513,30128,,,,,,,,,,456.520,776997.857,Device,,NVIDIA A100-SXM4-40GB (0),1,,13,[CUDA memset]
2203880308,32896,30133,,,,,,,,,,0.825,25088.807,Pinned,Device,NVIDIA A100-SXM4-40GB (0),1,,13,[CUDA memcpy Host-to-Device]
2203916116,7007,30134,,,,,,,,,,0.131,18705.809,Pinned,Device,NVIDIA A100-SXM4-40GB (0),1,,13,[CUDA memcpy Host-to-Device]
2203929843,7200,30135,69,4,1,48,1,1,76,0.002,0.000,,,,,NVIDIA A100-SXM4-40GB (0),1,,13,"void ch_est::windowedChEstPreNoDftSOfdmKernel<float, __half, float, (unsigned int)2, (unsigned int)1, (unsigned short)4>(ch_est::puschRxChEstStatDescr_t *, ch_est::puschRxChEstDynDescr_t *)"
2203938291,6080,30136,137,2,1,24,2,1,44,0.001,0.001,,,,,NVIDIA A100-SXM4-40GB (0),1,,13,"void ch_est::chEstFilterNoDftSOfdmDispatchKernel<float, __half, float, (unsigned int)2>(ch_est::puschRxChEstStatDescr_t *, ch_est::puschRxChEstDynDescr_t *)"
2203945619,4544,30137,137,2,1,24,2,1,44,0.001,0.001,,,,,NVIDIA A100-SXM4-40GB (0),1,,13,"void ch_est::chEstFilterNoDftSOfdmDispatchKernel<float, __half, float, (unsigned int)2>(ch_est::puschRxChEstStatDescr_t *, ch_est::puschRxChEstDynDescr_t *)"
2203951411,2144,30148,103,1,1,128,1,1,16,0.000,0.000,,,,,NVIDIA A100-SXM4-40GB (0),1,,13,cupy_copy__complex64_complex64
2203954835,12704,30158,1434,1,1,128,1,1,16,0.000,0.000,,,,,NVIDIA A100-SXM4-40GB (0),1,,13,cupy_copy__complex64_complex64
2203968627,2112,30165,103,1,1,128,1,1,16,0.000,0.000,,,,,NVIDIA A100-SXM4-40GB (0),1,,13,cupy_copy__complex64_complex64
2203971795,78335,30172,1,1,1,32,32,1,30,0.000,0.000,,,,,NVIDIA A100-SXM4-40GB (0),1,,13,"void convert_kernel<__half2, float2>(tensor_layout_any, T1 *, tensor_layout_any, const T2 *)"
2204077394,4352,30175,,,,,,,,,,0.061,14117.622,Pinned,Device,NVIDIA A100-SXM4-40GB (0),1,,13,[CUDA memcpy Host-to-Device]
2204089970,45119,30176,,,,,,,,,,35.801,793456.676,Device,,NVIDIA A100-SXM4-40GB (0),1,,13,[CUDA memset]
2204142065,1952,30178,,,,,,,,,,0.000,40.984,Pinned,Device,NVIDIA A100-SXM4-40GB (0),1,,13,[CUDA memcpy Host-to-Device]
2204146129,6944,30179,,,,,,,,,,0.131,18875.548,Pinned,Device,NVIDIA A100-SXM4-40GB (0),1,,13,[CUDA memcpy Host-to-Device]
2204160593,8608,30180,273,1,1,48,1,1,40,0.000,0.001,,,,,NVIDIA A100-SXM4-40GB (0),1,,13,"void pusch_noise_intf_est::noiseIntfEstNoDftSOfdmKernel<float, __half, float, float, (unsigned int)2, (unsigned int)1, (unsigned char)4, (unsigned char)4>(pusch_noise_intf_est::puschRxNoiseIntfEstDynDescr)"
2204170673,2336,30191,35,1,1,128,1,1,16,0.000,0.000,,,,,NVIDIA A100-SXM4-40GB (0),1,,13,cupy_copy__complex64_complex64
2204198128,1504,30200,1,1,1,1,1,1,18,0.000,0.000,,,,,NVIDIA A100-SXM4-40GB (0),1,,13,cupy_copy__float32_float32
2204232016,2208,30206,,,,,,,,,,0.000,1.812,Device,Pageable,NVIDIA A100-SXM4-40GB (0),1,,7,[CUDA memcpy Device-to-Host]
2204290703,12960,30217,1434,1,1,128,1,1,16,0.000,0.000,,,,,NVIDIA A100-SXM4-40GB (0),1,,13,cupy_copy__complex64_complex64
2204319663,2336,30224,103,1,1,128,1,1,16,0.000,0.000,,,,,NVIDIA A100-SXM4-40GB (0),1,,13,cupy_copy__complex64_complex64
2204339567,2016,30231,35,1,1,128,1,1,16,0.000,0.000,,,,,NVIDIA A100-SXM4-40GB (0),1,,13,cupy_copy__complex64_complex64
2204357359,1472,30238,1,1,1,1,1,1,18,0.000,0.000,,,,,NVIDIA A100-SXM4-40GB (0),1,,13,cupy_copy__float32_float32
2204492301,78239,30249,1,1,1,32,32,1,30,0.000,0.000,,,,,NVIDIA A100-SXM4-40GB (0),1,,13,"void convert_kernel<__half2, float2>(tensor_layout_any, T1 *, tensor_layout_any, const T2 *)"
2204598636,4672,30252,,,,,,,,,,0.061,13150.679,Pinned,Device,NVIDIA A100-SXM4-40GB (0),1,,13,[CUDA memcpy Host-to-Device]
2204613228,2592,30253,,,,,,,,,,1.547,596690.632,Device,,NVIDIA A100-SXM4-40GB (0),1,,13,[CUDA memset]
2204619820,3040,30258,,,,,,,,,,0.021,6926.308,Pinned,Device,NVIDIA A100-SXM4-40GB (0),1,,13,[CUDA memcpy Host-to-Device]
2204625932,7264,30259,,,,,,,,,,0.131,18044.027,Pinned,Device,NVIDIA A100-SXM4-40GB (0),1,,13,[CUDA memcpy Host-to-Device]
2204644587,5824,30260,273,1,1,8,4,1,39,0.002,0.000,,,,,NVIDIA A100-SXM4-40GB (0),1,,13,"void channel_eq::eqMmseCoefCompLowMimoKernel<float, float, float, (unsigned int)4, (unsigned int)1, (unsigned int)4>(const channel_eq::_puschRxChEqStatDescr *, channel_eq::_puschRxChEqCoefCompDynDescr)"
2204651659,4864,30261,273,1,1,12,11,1,40,0.002,0.000,,,,,NVIDIA A100-SXM4-40GB (0),1,,13,"void channel_eq::eqMmseSoftDemapKernel<float, __half, __half, float, (unsigned int)4, (unsigned short)16383>(channel_eq::_puschRxChEqStatDescr *, channel_eq::_puschRxChEqSoftDemapDynDescr)"
2204657707,282045,30262,1,1,1,32,32,1,30,0.000,0.000,,,,,NVIDIA A100-SXM4-40GB (0),1,,13,"void convert_kernel<float2, __half2>(tensor_layout_any, T1 *, tensor_layout_any, const T2 *)"
2204940776,10112,30274,2253,1,1,128,1,1,16,0.000,0.000,,,,,NVIDIA A100-SXM4-40GB (0),1,,13,cupy_copy__float16_float16
2204951976,2368,30283,282,1,1,128,1,1,16,0.000,0.000,,,,,NVIDIA A100-SXM4-40GB (0),1,,13,cupy_copy__complex64_complex64
2204955400,1728,30292,26,1,1,128,1,1,16,0.000,0.000,,,,,NVIDIA A100-SXM4-40GB (0),1,,13,cupy_copy__float32_float32
2204958376,2528,30301,103,1,1,128,1,1,16,0.000,0.000,,,,,NVIDIA A100-SXM4-40GB (0),1,,13,cupy_copy__complex64_complex64
2204962120,11296,30311,1434,1,1,128,1,1,16,0.000,0.000,,,,,NVIDIA A100-SXM4-40GB (0),1,,13,cupy_copy__complex64_complex64
2204991016,78559,30316,1,1,1,32,32,1,30,0.000,0.000,,,,,NVIDIA A100-SXM4-40GB (0),1,,13,"void convert_kernel<__half2, float2>(tensor_layout_any, T1 *, tensor_layout_any, const T2 *)"
2205096998,4224,30319,,,,,,,,,,0.061,14545.428,Pinned,Device,NVIDIA A100-SXM4-40GB (0),1,,13,[CUDA memcpy Host-to-Device]
2205108262,587002,30320,,,,,,,,,,456.520,777454.377,Device,,NVIDIA A100-SXM4-40GB (0),1,,13,[CUDA memset]
2205701984,33439,30325,,,,,,,,,,0.825,24681.912,Pinned,Device,NVIDIA A100-SXM4-40GB (0),1,,13,[CUDA memcpy Host-to-Device]
2205738655,6944,30326,,,,,,,,,,0.131,18875.548,Pinned,Device,NVIDIA A100-SXM4-40GB (0),1,,13,[CUDA memcpy Host-to-Device]
2205752543,7104,30327,69,4,1,48,1,1,76,0.002,0.000,,,,,NVIDIA A100-SXM4-40GB (0),1,,13,"void ch_est::windowedChEstPreNoDftSOfdmKernel<float, __half, float, (unsigned int)2, (unsigned int)1, (unsigned short)4>(ch_est::puschRxChEstStatDescr_t *, ch_est::puschRxChEstDynDescr_t *)"
2205760671,6496,30328,137,2,1,24,2,1,44,0.001,0.001,,,,,NVIDIA A100-SXM4-40GB (0),1,,13,"void ch_est::chEstFilterNoDftSOfdmDispatchKernel<float, __half, float, (unsigned int)2>(ch_est::puschRxChEstStatDescr_t *, ch_est::puschRxChEstDynDescr_t *)"
2205768191,4544,30329,137,2,1,24,2,1,44,0.001,0.001,,,,,NVIDIA A100-SXM4-40GB (0),1,,13,"void ch_est::chEstFilterNoDftSOfdmDispatchKernel<float, __half, float, (unsigned int)2>(ch_est::puschRxChEstStatDescr_t *, ch_est::puschRxChEstDynDescr_t *)"
2205773983,2144,30340,103,1,1,128,1,1,16,0.000,0.000,,,,,NVIDIA A100-SXM4-40GB (0),1,,13,cupy_copy__complex64_complex64
2205777119,12480,30350,1434,1,1,128,1,1,16,0.000,0.000,,,,,NVIDIA A100-SXM4-40GB (0),1,,13,cupy_copy__complex64_complex64
2205790879,2080,30357,103,1,1,128,1,1,16,0.000,0.000,,,,,NVIDIA A100-SXM4-40GB (0),1,,13,cupy_copy__complex64_complex64
2205794047,78111,30364,1,1,1,32,32,1,30,0.000,0.000,,,,,NVIDIA A100-SXM4-40GB (0),1,,13,"void convert_kernel<__half2, float2>(tensor_layout_any, T1 *, tensor_layout_any, const T2 *)"
2205900606,4352,30367,,,,,,,,,,0.061,14117.622,Pinned,Device,NVIDIA A100-SXM4-40GB (0),1,,13,[CUDA memcpy Host-to-Device]
2205912893,44864,30368,,,,,,,,,,35.801,797967.597,Device,,NVIDIA A100-SXM4-40GB (0),1,,13,[CUDA memset]
2205965149,2368,30370,,,,,,,,,,0.000,33.784,Pinned,Device,NVIDIA A100-SXM4-40GB (0),1,,13,[CUDA memcpy Host-to-Device]
2205971101,7104,30371,,,,,,,,,,0.131,18450.350,Pinned,Device,NVIDIA A100-SXM4-40GB (0),1,,13,[CUDA memcpy Host-to-Device]
2205983581,8448,30372,273,1,1,48,1,1,40,0.000,0.001,,,,,NVIDIA A100-SXM4-40GB (0),1,,13,"void pusch_noise_intf_est::noiseIntfEstNoDftSOfdmKernel<float, __half, float, float, (unsigned int)2, (unsigned int)1, (unsigned char)4, (unsigned char)4>(pusch_noise_intf_est::puschRxNoiseIntfEstDynDescr)"
2205993501,2272,30383,35,1,1,128,1,1,16,0.000,0.000,,,,,NVIDIA A100-SXM4-40GB (0),1,,13,cupy_copy__complex64_complex64
2206021244,1504,30392,1,1,1,1,1,1,18,0.000,0.000,,,,,NVIDIA A100-SXM4-40GB (0),1,,13,cupy_copy__float32_float32
2206054748,1824,30398,,,,,,,,,,0.000,2.193,Device,Pageable,NVIDIA A100-SXM4-40GB (0),1,,7,[CUDA memcpy Device-to-Host]
2206117371,13216,30409,1434,1,1,128,1,1,16,0.000,0.000,,,,,NVIDIA A100-SXM4-40GB (0),1,,13,cupy_copy__complex64_complex64
2206143067,2368,30416,103,1,1,128,1,1,16,0.000,0.000,,,,,NVIDIA A100-SXM4-40GB (0),1,,13,cupy_copy__complex64_complex64
2206162587,1984,30423,35,1,1,128,1,1,16,0.000,0.000,,,,,NVIDIA A100-SXM4-40GB (0),1,,13,cupy_copy__complex64_complex64
2206179738,1472,30430,1,1,1,1,1,1,18,0.000,0.000,,,,,NVIDIA A100-SXM4-40GB (0),1,,13,cupy_copy__float32_float32
2206312697,78207,30441,1,1,1,32,32,1,30,0.000,0.000,,,,,NVIDIA A100-SXM4-40GB (0),1,,13,"void convert_kernel<__half2, float2>(tensor_layout_any, T1 *, tensor_layout_any, const T2 *)"
2206562102,4384,30444,,,,,,,,,,0.061,14014.587,Pinned,Device,NVIDIA A100-SXM4-40GB (0),1,,13,[CUDA memcpy Host-to-Device]
2206572758,2656,30445,,,,,,,,,,1.547,582313.216,Device,,NVIDIA A100-SXM4-40GB (0),1,,13,[CUDA memset]
2206579542,2912,30450,,,,,,,,,,0.021,7230.757,Pinned,Device,NVIDIA A100-SXM4-40GB (0),1,,13,[CUDA memcpy Host-to-Device]
2206584694,7744,30451,,,,,,,,,,0.131,16925.590,Pinned,Device,NVIDIA A100-SXM4-40GB (0),1,,13,[CUDA memcpy Host-to-Device]
2206603478,5856,30452,273,1,1,8,4,1,39,0.002,0.000,,,,,NVIDIA A100-SXM4-40GB (0),1,,13,"void channel_eq::eqMmseCoefCompLowMimoKernel<float, float, float, (unsigned int)4, (unsigned int)1, (unsigned int)4>(const channel_eq::_puschRxChEqStatDescr *, channel_eq::_puschRxChEqCoefCompDynDescr)"
2206610582,4800,30453,273,1,1,12,11,1,40,0.002,0.000,,,,,NVIDIA A100-SXM4-40GB (0),1,,13,"void channel_eq::eqMmseSoftDemapKernel<float, __half, __half, float, (unsigned int)4, (unsigned short)16383>(channel_eq::_puschRxChEqStatDescr *, channel_eq::_puschRxChEqSoftDemapDynDescr)"
2206616630,281853,30454,1,1,1,32,32,1,30,0.000,0.000,,,,,NVIDIA A100-SXM4-40GB (0),1,,13,"void convert_kernel<float2, __half2>(tensor_layout_any, T1 *, tensor_layout_any, const T2 *)"
2206899571,10495,30466,2253,1,1,128,1,1,16,0.000,0.000,,,,,NVIDIA A100-SXM4-40GB (0),1,,13,cupy_copy__float16_float16
2206911282,2400,30475,282,1,1,128,1,1,16,0.000,0.000,,,,,NVIDIA A100-SXM4-40GB (0),1,,13,cupy_copy__complex64_complex64
2206914706,1760,30484,26,1,1,128,1,1,16,0.000,0.000,,,,,NVIDIA A100-SXM4-40GB (0),1,,13,cupy_copy__float32_float32
2206917650,2528,30493,103,1,1,128,1,1,16,0.000,0.000,,,,,NVIDIA A100-SXM4-40GB (0),1,,13,cupy_copy__complex64_complex64
2206921394,11296,30503,1434,1,1,128,1,1,16,0.000,0.000,,,,,NVIDIA A100-SXM4-40GB (0),1,,13,cupy_copy__complex64_complex64
2207085360,79040,30508,1,1,1,32,32,1,30,0.000,0.000,,,,,NVIDIA A100-SXM4-40GB (0),1,,13,"void convert_kernel<__half2, float2>(tensor_layout_any, T1 *, tensor_layout_any, const T2 *)"
2207195279,4800,30511,,,,,,,,,,0.061,12799.980,Pinned,Device,NVIDIA A100-SXM4-40GB (0),1,,13,[CUDA memcpy Host-to-Device]
2207207215,587194,30512,,,,,,,,,,456.520,777454.377,Device,,NVIDIA A100-SXM4-40GB (0),1,,13,[CUDA memset]
2207799849,32831,30517,,,,,,,,,,0.825,25139.153,Pinned,Device,NVIDIA A100-SXM4-40GB (0),1,,13,[CUDA memcpy Host-to-Device]
2207835784,6752,30518,,,,,,,,,,0.131,19412.287,Pinned,Device,NVIDIA A100-SXM4-40GB (0),1,,13,[CUDA memcpy Host-to-Device]
2207851688,7392,30519,69,4,1,48,1,1,76,0.002,0.000,,,,,NVIDIA A100-SXM4-40GB (0),1,,13,"void ch_est::windowedChEstPreNoDftSOfdmKernel<float, __half, float, (unsigned int)2, (unsigned int)1, (unsigned short)4>(ch_est::puschRxChEstStatDescr_t *, ch_est::puschRxChEstDynDescr_t *)"
2207860136,6560,30520,137,2,1,24,2,1,44,0.001,0.001,,,,,NVIDIA A100-SXM4-40GB (0),1,,13,"void ch_est::chEstFilterNoDftSOfdmDispatchKernel<float, __half, float, (unsigned int)2>(ch_est::puschRxChEstStatDescr_t *, ch_est::puschRxChEstDynDescr_t *)"
2207867752,4512,30521,137,2,1,24,2,1,44,0.001,0.001,,,,,NVIDIA A100-SXM4-40GB (0),1,,13,"void ch_est::chEstFilterNoDftSOfdmDispatchKernel<float, __half, float, (unsigned int)2>(ch_est::puschRxChEstStatDescr_t *, ch_est::puschRxChEstDynDescr_t *)"
2207873544,2144,30532,103,1,1,128,1,1,16,0.000,0.000,,,,,NVIDIA A100-SXM4-40GB (0),1,,13,cupy_copy__complex64_complex64
2207876680,12544,30542,1434,1,1,128,1,1,16,0.000,0.000,,,,,NVIDIA A100-SXM4-40GB (0),1,,13,cupy_copy__complex64_complex64
2207890312,2112,30549,103,1,1,128,1,1,16,0.000,0.000,,,,,NVIDIA A100-SXM4-40GB (0),1,,13,cupy_copy__complex64_complex64
2207893672,78495,30556,1,1,1,32,32,1,30,0.000,0.000,,,,,NVIDIA A100-SXM4-40GB (0),1,,13,"void convert_kernel<__half2, float2>(tensor_layout_any, T1 *, tensor_layout_any, const T2 *)"
2208139845,4512,30559,,,,,,,,,,0.061,13617.009,Pinned,Device,NVIDIA A100-SXM4-40GB (0),1,,13,[CUDA memcpy Host-to-Device]
2208152741,46463,30560,,,,,,,,,,35.801,770508.261,Device,,NVIDIA A100-SXM4-40GB (0),1,,13,[CUDA memset]
2208204356,2176,30562,,,,,,,,,,0.000,36.765,Pinned,Device,NVIDIA A100-SXM4-40GB (0),1,,13,[CUDA memcpy Host-to-Device]
2208209700,6752,30563,,,,,,,,,,0.131,19412.287,Pinned,Device,NVIDIA A100-SXM4-40GB (0),1,,13,[CUDA memcpy Host-to-Device]
2208226500,8992,30564,273,1,1,48,1,1,40,0.000,0.001,,,,,NVIDIA A100-SXM4-40GB (0),1,,13,"void pusch_noise_intf_est::noiseIntfEstNoDftSOfdmKernel<float, __half, float, float, (unsigned int)2, (unsigned int)1, (unsigned char)4, (unsigned char)4>(pusch_noise_intf_est::puschRxNoiseIntfEstDynDescr)"
2208236964,2208,30575,35,1,1,128,1,1,16,0.000,0.000,,,,,NVIDIA A100-SXM4-40GB (0),1,,13,cupy_copy__complex64_complex64
2208246372,1504,30584,1,1,1,1,1,1,18,0.000,0.000,,,,,NVIDIA A100-SXM4-40GB (0),1,,13,cupy_copy__float32_float32
2208284131,2368,30590,,,,,,,,,,0.000,1.689,Device,Pageable,NVIDIA A100-SXM4-40GB (0),1,,7,[CUDA memcpy Device-to-Host]
2208342531,12895,30601,1434,1,1,128,1,1,16,0.000,0.000,,,,,NVIDIA A100-SXM4-40GB (0),1,,13,cupy_copy__complex64_complex64
2208367970,2400,30608,103,1,1,128,1,1,16,0.000,0.000,,,,,NVIDIA A100-SXM4-40GB (0),1,,13,cupy_copy__complex64_complex64
2208387362,2016,30615,35,1,1,128,1,1,16,0.000,0.000,,,,,NVIDIA A100-SXM4-40GB (0),1,,13,cupy_copy__complex64_complex64
2208405538,1472,30622,1,1,1,1,1,1,18,0.000,0.000,,,,,NVIDIA A100-SXM4-40GB (0),1,,13,cupy_copy__float32_float32
2208679999,78783,30633,1,1,1,32,32,1,30,0.000,0.000,,,,,NVIDIA A100-SXM4-40GB (0),1,,13,"void convert_kernel<__half2, float2>(tensor_layout_any, T1 *, tensor_layout_any, const T2 *)"
2208790750,4736,30636,,,,,,,,,,0.061,12972.933,Pinned,Device,NVIDIA A100-SXM4-40GB (0),1,,13,[CUDA memcpy Host-to-Device]
2208805277,2624,30637,,,,,,,,,,1.547,589413.767,Device,,NVIDIA A100-SXM4-40GB (0),1,,13,[CUDA memset]
2208811645,3136,30642,,,,,,,,,,0.021,6714.274,Pinned,Device,NVIDIA A100-SXM4-40GB (0),1,,13,[CUDA memcpy Host-to-Device]
2208817501,6976,30643,,,,,,,,,,0.131,18788.909,Pinned,Device,NVIDIA A100-SXM4-40GB (0),1,,13,[CUDA memcpy Host-to-Device]
2208828637,6016,30644,273,1,1,8,4,1,39,0.002,0.000,,,,,NVIDIA A100-SXM4-40GB (0),1,,13,"void channel_eq::eqMmseCoefCompLowMimoKernel<float, float, float, (unsigned int)4, (unsigned int)1, (unsigned int)4>(const channel_eq::_puschRxChEqStatDescr *, channel_eq::_puschRxChEqCoefCompDynDescr)"
2208835709,4864,30645,273,1,1,12,11,1,40,0.002,0.000,,,,,NVIDIA A100-SXM4-40GB (0),1,,13,"void channel_eq::eqMmseSoftDemapKernel<float, __half, __half, float, (unsigned int)4, (unsigned short)16383>(channel_eq::_puschRxChEqStatDescr *, channel_eq::_puschRxChEqSoftDemapDynDescr)"
2208841789,281693,30646,1,1,1,32,32,1,30,0.000,0.000,,,,,NVIDIA A100-SXM4-40GB (0),1,,13,"void convert_kernel<float2, __half2>(tensor_layout_any, T1 *, tensor_layout_any, const T2 *)"
2209124506,10112,30658,2253,1,1,128,1,1,16,0.000,0.000,,,,,NVIDIA A100-SXM4-40GB (0),1,,13,cupy_copy__float16_float16
2209135706,2368,30667,282,1,1,128,1,1,16,0.000,0.000,,,,,NVIDIA A100-SXM4-40GB (0),1,,13,cupy_copy__complex64_complex64
2209139098,1760,30676,26,1,1,128,1,1,16,0.000,0.000,,,,,NVIDIA A100-SXM4-40GB (0),1,,13,cupy_copy__float32_float32
2209142010,2560,30685,103,1,1,128,1,1,16,0.000,0.000,,,,,NVIDIA A100-SXM4-40GB (0),1,,13,cupy_copy__complex64_complex64
2209145754,11072,30695,1434,1,1,128,1,1,16,0.000,0.000,,,,,NVIDIA A100-SXM4-40GB (0),1,,13,cupy_copy__complex64_complex64
2209195001,78207,30700,1,1,1,32,32,1,30,0.000,0.000,,,,,NVIDIA A100-SXM4-40GB (0),1,,13,"void convert_kernel<__half2, float2>(tensor_layout_any, T1 *, tensor_layout_any, const T2 *)"
2209301048,4224,30703,,,,,,,,,,0.061,14545.428,Pinned,Device,NVIDIA A100-SXM4-40GB (0),1,,13,[CUDA memcpy Host-to-Device]
2209311832,587161,30704,,,,,,,,,,456.520,777454.377,Device,,NVIDIA A100-SXM4-40GB (0),1,,13,[CUDA memset]
2209902993,32864,30709,,,,,,,,,,0.825,25113.567,Pinned,Device,NVIDIA A100-SXM4-40GB (0),1,,13,[CUDA memcpy Host-to-Device]
2209938577,6880,30710,,,,,,,,,,0.131,19051.053,Pinned,Device,NVIDIA A100-SXM4-40GB (0),1,,13,[CUDA memcpy Host-to-Device]
2209951921,7136,30711,69,4,1,48,1,1,76,0.002,0.000,,,,,NVIDIA A100-SXM4-40GB (0),1,,13,"void ch_est::windowedChEstPreNoDftSOfdmKernel<float, __half, float, (unsigned int)2, (unsigned int)1, (unsigned short)4>(ch_est::puschRxChEstStatDescr_t *, ch_est::puschRxChEstDynDescr_t *)"
2209960081,6144,30712,137,2,1,24,2,1,44,0.001,0.001,,,,,NVIDIA A100-SXM4-40GB (0),1,,13,"void ch_est::chEstFilterNoDftSOfdmDispatchKernel<float, __half, float, (unsigned int)2>(ch_est::puschRxChEstStatDescr_t *, ch_est::puschRxChEstDynDescr_t *)"
2209967409,4575,30713,137,2,1,24,2,1,44,0.001,0.001,,,,,NVIDIA A100-SXM4-40GB (0),1,,13,"void ch_est::chEstFilterNoDftSOfdmDispatchKernel<float, __half, float, (unsigned int)2>(ch_est::puschRxChEstStatDescr_t *, ch_est::puschRxChEstDynDescr_t *)"
2209973072,2144,30724,103,1,1,128,1,1,16,0.000,0.000,,,,,NVIDIA A100-SXM4-40GB (0),1,,13,cupy_copy__complex64_complex64
2209976208,12576,30734,1434,1,1,128,1,1,16,0.000,0.000,,,,,NVIDIA A100-SXM4-40GB (0),1,,13,cupy_copy__complex64_complex64
2209990000,2048,30741,103,1,1,128,1,1,16,0.000,0.000,,,,,NVIDIA A100-SXM4-40GB (0),1,,13,cupy_copy__complex64_complex64
2209993168,78847,30748,1,1,1,32,32,1,30,0.000,0.000,,,,,NVIDIA A100-SXM4-40GB (0),1,,13,"void convert_kernel<__half2, float2>(tensor_layout_any, T1 *, tensor_layout_any, const T2 *)"
2210100911,4992,30751,,,,,,,,,,0.061,12307.661,Pinned,Device,NVIDIA A100-SXM4-40GB (0),1,,13,[CUDA memcpy Host-to-Device]
2210113583,44735,30752,,,,,,,,,,35.801,800258.859,Device,,NVIDIA A100-SXM4-40GB (0),1,,13,[CUDA memset]
2210166574,2336,30754,,,,,,,,,,0.000,34.247,Pinned,Device,NVIDIA A100-SXM4-40GB (0),1,,13,[CUDA memcpy Host-to-Device]
2210172142,7392,30755,,,,,,,,,,0.131,17731.551,Pinned,Device,NVIDIA A100-SXM4-40GB (0),1,,13,[CUDA memcpy Host-to-Device]
2210184398,8416,30756,273,1,1,48,1,1,40,0.000,0.001,,,,,NVIDIA A100-SXM4-40GB (0),1,,13,"void pusch_noise_intf_est::noiseIntfEstNoDftSOfdmKernel<float, __half, float, float, (unsigned int)2, (unsigned int)1, (unsigned char)4, (unsigned char)4>(pusch_noise_intf_est::puschRxNoiseIntfEstDynDescr)"
2210194414,2208,30767,35,1,1,128,1,1,16,0.000,0.000,,,,,NVIDIA A100-SXM4-40GB (0),1,,13,cupy_copy__complex64_complex64
2210225454,1504,30776,1,1,1,1,1,1,18,0.000,0.000,,,,,NVIDIA A100-SXM4-40GB (0),1,,13,cupy_copy__float32_float32
2210259821,1824,30782,,,,,,,,,,0.000,2.193,Device,Pageable,NVIDIA A100-SXM4-40GB (0),1,,7,[CUDA memcpy Device-to-Host]
2210317389,13248,30793,1434,1,1,128,1,1,16,0.000,0.000,,,,,NVIDIA A100-SXM4-40GB (0),1,,13,cupy_copy__complex64_complex64
2210342860,2368,30800,103,1,1,128,1,1,16,0.000,0.000,,,,,NVIDIA A100-SXM4-40GB (0),1,,13,cupy_copy__complex64_complex64
2210363244,2016,30807,35,1,1,128,1,1,16,0.000,0.000,,,,,NVIDIA A100-SXM4-40GB (0),1,,13,cupy_copy__complex64_complex64
2210380332,1472,30814,1,1,1,1,1,1,18,0.000,0.000,,,,,NVIDIA A100-SXM4-40GB (0),1,,13,cupy_copy__float32_float32
2210514762,78688,30825,1,1,1,32,32,1,30,0.000,0.000,,,,,NVIDIA A100-SXM4-40GB (0),1,,13,"void convert_kernel<__half2, float2>(tensor_layout_any, T1 *, tensor_layout_any, const T2 *)"
2210621129,4832,30828,,,,,,,,,,0.061,12715.192,Pinned,Device,NVIDIA A100-SXM4-40GB (0),1,,13,[CUDA memcpy Host-to-Device]
2210635209,2688,30829,,,,,,,,,,1.547,575379.700,Device,,NVIDIA A100-SXM4-40GB (0),1,,13,[CUDA memset]
2210641865,3328,30834,,,,,,,,,,0.021,6326.907,Pinned,Device,NVIDIA A100-SXM4-40GB (0),1,,13,[CUDA memcpy Host-to-Device]
2210648361,6816,30835,,,,,,,,,,0.131,19229.966,Pinned,Device,NVIDIA A100-SXM4-40GB (0),1,,13,[CUDA memcpy Host-to-Device]
2210666665,5856,30836,273,1,1,8,4,1,39,0.002,0.000,,,,,NVIDIA A100-SXM4-40GB (0),1,,13,"void channel_eq::eqMmseCoefCompLowMimoKernel<float, float, float, (unsigned int)4, (unsigned int)1, (unsigned int)4>(const channel_eq::_puschRxChEqStatDescr *, channel_eq::_puschRxChEqCoefCompDynDescr)"
2210673769,4864,30837,273,1,1,12,11,1,40,0.002,0.000,,,,,NVIDIA A100-SXM4-40GB (0),1,,13,"void channel_eq::eqMmseSoftDemapKernel<float, __half, __half, float, (unsigned int)4, (unsigned short)16383>(channel_eq::_puschRxChEqStatDescr *, channel_eq::_puschRxChEqSoftDemapDynDescr)"
2210679881,281469,30838,1,1,1,32,32,1,30,0.000,0.000,,,,,NVIDIA A100-SXM4-40GB (0),1,,13,"void convert_kernel<float2, __half2>(tensor_layout_any, T1 *, tensor_layout_any, const T2 *)"
2210962533,10240,30850,2253,1,1,128,1,1,16,0.000,0.000,,,,,NVIDIA A100-SXM4-40GB (0),1,,13,cupy_copy__float16_float16
2210974053,2432,30859,282,1,1,128,1,1,16,0.000,0.000,,,,,NVIDIA A100-SXM4-40GB (0),1,,13,cupy_copy__complex64_complex64
2210977509,1760,30868,26,1,1,128,1,1,16,0.000,0.000,,,,,NVIDIA A100-SXM4-40GB (0),1,,13,cupy_copy__float32_float32
2210980485,2496,30877,103,1,1,128,1,1,16,0.000,0.000,,,,,NVIDIA A100-SXM4-40GB (0),1,,13,cupy_copy__complex64_complex64
2210984229,11296,30887,1434,1,1,128,1,1,16,0.000,0.000,,,,,NVIDIA A100-SXM4-40GB (0),1,,13,cupy_copy__complex64_complex64
2211018501,78815,30892,1,1,1,32,32,1,30,0.000,0.000,,,,,NVIDIA A100-SXM4-40GB (0),1,,13,"void convert_kernel<__half2, float2>(tensor_layout_any, T1 *, tensor_layout_any, const T2 *)"
2211125060,4320,30895,,,,,,,,,,0.061,14222.193,Pinned,Device,NVIDIA A100-SXM4-40GB (0),1,,13,[CUDA memcpy Host-to-Device]
2211135940,586745,30896,,,,,,,,,,456.520,777910.898,Device,,NVIDIA A100-SXM4-40GB (0),1,,13,[CUDA memset]
2211730205,33952,30901,,,,,,,,,,0.825,24308.857,Pinned,Device,NVIDIA A100-SXM4-40GB (0),1,,13,[CUDA memcpy Host-to-Device]
2211766845,7072,30902,,,,,,,,,,0.131,18533.843,Pinned,Device,NVIDIA A100-SXM4-40GB (0),1,,13,[CUDA memcpy Host-to-Device]
2211785884,7328,30903,69,4,1,48,1,1,76,0.002,0.000,,,,,NVIDIA A100-SXM4-40GB (0),1,,13,"void ch_est::windowedChEstPreNoDftSOfdmKernel<float, __half, float, (unsigned int)2, (unsigned int)1, (unsigned short)4>(ch_est::puschRxChEstStatDescr_t *, ch_est::puschRxChEstDynDescr_t *)"
2211794268,6208,30904,137,2,1,24,2,1,44,0.001,0.001,,,,,NVIDIA A100-SXM4-40GB (0),1,,13,"void ch_est::chEstFilterNoDftSOfdmDispatchKernel<float, __half, float, (unsigned int)2>(ch_est::puschRxChEstStatDescr_t *, ch_est::puschRxChEstDynDescr_t *)"
2211801500,4576,30905,137,2,1,24,2,1,44,0.001,0.001,,,,,NVIDIA A100-SXM4-40GB (0),1,,13,"void ch_est::chEstFilterNoDftSOfdmDispatchKernel<float, __half, float, (unsigned int)2>(ch_est::puschRxChEstStatDescr_t *, ch_est::puschRxChEstDynDescr_t *)"
2211807324,2144,30916,103,1,1,128,1,1,16,0.000,0.000,,,,,NVIDIA A100-SXM4-40GB (0),1,,13,cupy_copy__complex64_complex64
2211810492,12704,30926,1434,1,1,128,1,1,16,0.000,0.000,,,,,NVIDIA A100-SXM4-40GB (0),1,,13,cupy_copy__complex64_complex64
2211824252,2080,30933,103,1,1,128,1,1,16,0.000,0.000,,,,,NVIDIA A100-SXM4-40GB (0),1,,13,cupy_copy__complex64_complex64
2211827388,78207,30940,1,1,1,32,32,1,30,0.000,0.000,,,,,NVIDIA A100-SXM4-40GB (0),1,,13,"void convert_kernel<__half2, float2>(tensor_layout_any, T1 *, tensor_layout_any, const T2 *)"
2212099033,4896,30943,,,,,,,,,,0.061,12548.997,Pinned,Device,NVIDIA A100-SXM4-40GB (0),1,,13,[CUDA memcpy Host-to-Device]
2212108441,46207,30944,,,,,,,,,,35.801,774768.575,Device,,NVIDIA A100-SXM4-40GB (0),1,,13,[CUDA memset]
2212159864,1856,30946,,,,,,,,,,0.000,43.103,Pinned,Device,NVIDIA A100-SXM4-40GB (0),1,,13,[CUDA memcpy Host-to-Device]
2212165016,6752,30947,,,,,,,,,,0.131,19412.287,Pinned,Device,NVIDIA A100-SXM4-40GB (0),1,,13,[CUDA memcpy Host-to-Device]
2212177080,9120,30948,273,1,1,48,1,1,40,0.000,0.001,,,,,NVIDIA A100-SXM4-40GB (0),1,,13,"void pusch_noise_intf_est::noiseIntfEstNoDftSOfdmKernel<float, __half, float, float, (unsigned int)2, (unsigned int)1, (unsigned char)4, (unsigned char)4>(pusch_noise_intf_est::puschRxNoiseIntfEstDynDescr)"
2212187800,2240,30959,35,1,1,128,1,1,16,0.000,0.000,,,,,NVIDIA A100-SXM4-40GB (0),1,,13,cupy_copy__complex64_complex64
2212214968,1536,30968,1,1,1,1,1,1,18,0.000,0.000,,,,,NVIDIA A100-SXM4-40GB (0),1,,13,cupy_copy__float32_float32
2212249655,1824,30974,,,,,,,,,,0.000,2.193,Device,Pageable,NVIDIA A100-SXM4-40GB (0),1,,7,[CUDA memcpy Device-to-Host]
2212308119,13151,30985,1434,1,1,128,1,1,16,0.000,0.000,,,,,NVIDIA A100-SXM4-40GB (0),1,,13,cupy_copy__complex64_complex64
2212333846,2368,30992,103,1,1,128,1,1,16,0.000,0.000,,,,,NVIDIA A100-SXM4-40GB (0),1,,13,cupy_copy__complex64_complex64
2212354262,2016,30999,35,1,1,128,1,1,16,0.000,0.000,,,,,NVIDIA A100-SXM4-40GB (0),1,,13,cupy_copy__complex64_complex64
2212372214,1472,31006,1,1,1,1,1,1,18,0.000,0.000,,,,,NVIDIA A100-SXM4-40GB (0),1,,13,cupy_copy__float32_float32
2212707762,78367,31017,1,1,1,32,32,1,30,0.000,0.000,,,,,NVIDIA A100-SXM4-40GB (0),1,,13,"void convert_kernel<__half2, float2>(tensor_layout_any, T1 *, tensor_layout_any, const T2 *)"
2212817681,4768,31020,,,,,,,,,,0.061,12885.873,Pinned,Device,NVIDIA A100-SXM4-40GB (0),1,,13,[CUDA memcpy Host-to-Device]
2212832369,2624,31021,,,,,,,,,,1.547,589413.767,Device,,NVIDIA A100-SXM4-40GB (0),1,,13,[CUDA memset]
2212838641,2912,31026,,,,,,,,,,0.021,7230.757,Pinned,Device,NVIDIA A100-SXM4-40GB (0),1,,13,[CUDA memcpy Host-to-Device]
2212843665,7360,31027,,,,,,,,,,0.131,17808.622,Pinned,Device,NVIDIA A100-SXM4-40GB (0),1,,13,[CUDA memcpy Host-to-Device]
2212856561,5823,31028,273,1,1,8,4,1,39,0.002,0.000,,,,,NVIDIA A100-SXM4-40GB (0),1,,13,"void channel_eq::eqMmseCoefCompLowMimoKernel<float, float, float, (unsigned int)4, (unsigned int)1, (unsigned int)4>(const channel_eq::_puschRxChEqStatDescr *, channel_eq::_puschRxChEqCoefCompDynDescr)"
2212863632,4832,31029,273,1,1,12,11,1,40,0.002,0.000,,,,,NVIDIA A100-SXM4-40GB (0),1,,13,"void channel_eq::eqMmseSoftDemapKernel<float, __half, __half, float, (unsigned int)4, (unsigned short)16383>(channel_eq::_puschRxChEqStatDescr *, channel_eq::_puschRxChEqSoftDemapDynDescr)"
2212869680,282013,31030,1,1,1,32,32,1,30,0.000,0.000,,,,,NVIDIA A100-SXM4-40GB (0),1,,13,"void convert_kernel<float2, __half2>(tensor_layout_any, T1 *, tensor_layout_any, const T2 *)"
2213152749,10304,31042,2253,1,1,128,1,1,16,0.000,0.000,,,,,NVIDIA A100-SXM4-40GB (0),1,,13,cupy_copy__float16_float16
2213164301,2368,31051,282,1,1,128,1,1,16,0.000,0.000,,,,,NVIDIA A100-SXM4-40GB (0),1,,13,cupy_copy__complex64_complex64
2213167661,1792,31060,26,1,1,128,1,1,16,0.000,0.000,,,,,NVIDIA A100-SXM4-40GB (0),1,,13,cupy_copy__float32_float32
2213170669,2528,31069,103,1,1,128,1,1,16,0.000,0.000,,,,,NVIDIA A100-SXM4-40GB (0),1,,13,cupy_copy__complex64_complex64
2213221132,11232,31085,1434,1,1,128,1,1,16,0.000,0.000,,,,,NVIDIA A100-SXM4-40GB (0),1,,13,cupy_copy__complex64_complex64
2213338251,77695,31090,1,1,1,32,32,1,30,0.000,0.000,,,,,NVIDIA A100-SXM4-40GB (0),1,,13,"void convert_kernel<__half2, float2>(tensor_layout_any, T1 *, tensor_layout_any, const T2 *)"
2213616008,4320,31093,,,,,,,,,,0.061,14222.193,Pinned,Device,NVIDIA A100-SXM4-40GB (0),1,,13,[CUDA memcpy Host-to-Device]
2213624872,589913,31094,,,,,,,,,,456.520,773802.214,Device,,NVIDIA A100-SXM4-40GB (0),1,,13,[CUDA memset]
2214221441,34048,31099,,,,,,,,,,0.825,24240.353,Pinned,Device,NVIDIA A100-SXM4-40GB (0),1,,13,[CUDA memcpy Host-to-Device]
2214258209,7200,31100,,,,,,,,,,0.131,18204.328,Pinned,Device,NVIDIA A100-SXM4-40GB (0),1,,13,[CUDA memcpy Host-to-Device]
2214272129,7936,31101,69,4,1,48,1,1,76,0.002,0.000,,,,,NVIDIA A100-SXM4-40GB (0),1,,13,"void ch_est::windowedChEstPreNoDftSOfdmKernel<float, __half, float, (unsigned int)2, (unsigned int)1, (unsigned short)4>(ch_est::puschRxChEstStatDescr_t *, ch_est::puschRxChEstDynDescr_t *)"
2214281345,6144,31102,137,2,1,24,2,1,44,0.001,0.001,,,,,NVIDIA A100-SXM4-40GB (0),1,,13,"void ch_est::chEstFilterNoDftSOfdmDispatchKernel<float, __half, float, (unsigned int)2>(ch_est::puschRxChEstStatDescr_t *, ch_est::puschRxChEstDynDescr_t *)"
2214288705,4544,31103,137,2,1,24,2,1,44,0.001,0.001,,,,,NVIDIA A100-SXM4-40GB (0),1,,13,"void ch_est::chEstFilterNoDftSOfdmDispatchKernel<float, __half, float, (unsigned int)2>(ch_est::puschRxChEstStatDescr_t *, ch_est::puschRxChEstDynDescr_t *)"
2214294497,2176,31114,103,1,1,128,1,1,16,0.000,0.000,,,,,NVIDIA A100-SXM4-40GB (0),1,,13,cupy_copy__complex64_complex64
2214297665,12831,31124,1434,1,1,128,1,1,16,0.000,0.000,,,,,NVIDIA A100-SXM4-40GB (0),1,,13,cupy_copy__complex64_complex64
2214311680,2080,31131,103,1,1,128,1,1,16,0.000,0.000,,,,,NVIDIA A100-SXM4-40GB (0),1,,13,cupy_copy__complex64_complex64
2214314848,78655,31138,1,1,1,32,32,1,30,0.000,0.000,,,,,NVIDIA A100-SXM4-40GB (0),1,,13,"void convert_kernel<__half2, float2>(tensor_layout_any, T1 *, tensor_layout_any, const T2 *)"
2214424447,4320,31141,,,,,,,,,,0.061,14222.193,Pinned,Device,NVIDIA A100-SXM4-40GB (0),1,,13,[CUDA memcpy Host-to-Device]
2214437183,45408,31142,,,,,,,,,,35.801,788408.741,Device,,NVIDIA A100-SXM4-40GB (0),1,,13,[CUDA memset]
2214483646,1984,31144,,,,,,,,,,0.000,40.323,Pinned,Device,NVIDIA A100-SXM4-40GB (0),1,,13,[CUDA memcpy Host-to-Device]
2214488254,8224,31145,,,,,,,,,,0.131,15937.700,Pinned,Device,NVIDIA A100-SXM4-40GB (0),1,,13,[CUDA memcpy Host-to-Device]
2214505598,8448,31146,273,1,1,48,1,1,40,0.000,0.001,,,,,NVIDIA A100-SXM4-40GB (0),1,,13,"void pusch_noise_intf_est::noiseIntfEstNoDftSOfdmKernel<float, __half, float, float, (unsigned int)2, (unsigned int)1, (unsigned char)4, (unsigned char)4>(pusch_noise_intf_est::puschRxNoiseIntfEstDynDescr)"
2214519774,2336,31157,35,1,1,128,1,1,16,0.000,0.000,,,,,NVIDIA A100-SXM4-40GB (0),1,,13,cupy_copy__complex64_complex64
2214554686,1504,31166,1,1,1,1,1,1,18,0.000,0.000,,,,,NVIDIA A100-SXM4-40GB (0),1,,13,cupy_copy__float32_float32
2214589117,1888,31172,,,,,,,,,,0.000,2.119,Device,Pageable,NVIDIA A100-SXM4-40GB (0),1,,7,[CUDA memcpy Device-to-Host]
2214649085,13312,31183,1434,1,1,128,1,1,16,0.000,0.000,,,,,NVIDIA A100-SXM4-40GB (0),1,,13,cupy_copy__complex64_complex64
2214674204,2368,31190,103,1,1,128,1,1,16,0.000,0.000,,,,,NVIDIA A100-SXM4-40GB (0),1,,13,cupy_copy__complex64_complex64
2214694780,2016,31197,35,1,1,128,1,1,16,0.000,0.000,,,,,NVIDIA A100-SXM4-40GB (0),1,,13,cupy_copy__complex64_complex64
2214712380,1472,31204,1,1,1,1,1,1,18,0.000,0.000,,,,,NVIDIA A100-SXM4-40GB (0),1,,13,cupy_copy__float32_float32
2214848538,78304,31215,1,1,1,32,32,1,30,0.000,0.000,,,,,NVIDIA A100-SXM4-40GB (0),1,,13,"void convert_kernel<__half2, float2>(tensor_layout_any, T1 *, tensor_layout_any, const T2 *)"
2214954745,4544,31218,,,,,,,,,,0.061,13521.101,Pinned,Device,NVIDIA A100-SXM4-40GB (0),1,,13,[CUDA memcpy Host-to-Device]
2214969241,2656,31219,,,,,,,,,,1.547,582313.216,Device,,NVIDIA A100-SXM4-40GB (0),1,,13,[CUDA memset]
2214975385,3072,31224,,,,,,,,,,0.021,6854.149,Pinned,Device,NVIDIA A100-SXM4-40GB (0),1,,13,[CUDA memcpy Host-to-Device]
2214981081,7424,31225,,,,,,,,,,0.131,17655.136,Pinned,Device,NVIDIA A100-SXM4-40GB (0),1,,13,[CUDA memcpy Host-to-Device]
2214992921,5888,31226,273,1,1,8,4,1,39,0.002,0.000,,,,,NVIDIA A100-SXM4-40GB (0),1,,13,"void channel_eq::eqMmseCoefCompLowMimoKernel<float, float, float, (unsigned int)4, (unsigned int)1, (unsigned int)4>(const channel_eq::_puschRxChEqStatDescr *, channel_eq::_puschRxChEqCoefCompDynDescr)"
2215000025,4992,31227,273,1,1,12,11,1,40,0.002,0.000,,,,,NVIDIA A100-SXM4-40GB (0),1,,13,"void channel_eq::eqMmseSoftDemapKernel<float, __half, __half, float, (unsigned int)4, (unsigned short)16383>(channel_eq::_puschRxChEqStatDescr *, channel_eq::_puschRxChEqSoftDemapDynDescr)"
2215005977,281565,31228,1,1,1,32,32,1,30,0.000,0.000,,,,,NVIDIA A100-SXM4-40GB (0),1,,13,"void convert_kernel<float2, __half2>(tensor_layout_any, T1 *, tensor_layout_any, const T2 *)"
2215288662,10175,31240,2253,1,1,128,1,1,16,0.000,0.000,,,,,NVIDIA A100-SXM4-40GB (0),1,,13,cupy_copy__float16_float16
2215299861,2400,31249,282,1,1,128,1,1,16,0.000,0.000,,,,,NVIDIA A100-SXM4-40GB (0),1,,13,cupy_copy__complex64_complex64
2215303253,1760,31258,26,1,1,128,1,1,16,0.000,0.000,,,,,NVIDIA A100-SXM4-40GB (0),1,,13,cupy_copy__float32_float32
2215306229,2528,31267,103,1,1,128,1,1,16,0.000,0.000,,,,,NVIDIA A100-SXM4-40GB (0),1,,13,cupy_copy__complex64_complex64
2215309973,11424,31277,1434,1,1,128,1,1,16,0.000,0.000,,,,,NVIDIA A100-SXM4-40GB (0),1,,13,cupy_copy__complex64_complex64
2215357237,78495,31282,1,1,1,32,32,1,30,0.000,0.000,,,,,NVIDIA A100-SXM4-40GB (0),1,,13,"void convert_kernel<__half2, float2>(tensor_layout_any, T1 *, tensor_layout_any, const T2 *)"
2215463412,4640,31285,,,,,,,,,,0.061,13241.364,Pinned,Device,NVIDIA A100-SXM4-40GB (0),1,,13,[CUDA memcpy Host-to-Device]
2215474516,587545,31286,,,,,,,,,,456.520,776541.336,Device,,NVIDIA A100-SXM4-40GB (0),1,,13,[CUDA memset]
2216066413,33760,31291,,,,,,,,,,0.825,24446.689,Pinned,Device,NVIDIA A100-SXM4-40GB (0),1,,13,[CUDA memcpy Host-to-Device]
2216102861,7359,31292,,,,,,,,,,0.131,17811.112,Pinned,Device,NVIDIA A100-SXM4-40GB (0),1,,13,[CUDA memcpy Host-to-Device]
2216119372,7232,31293,69,4,1,48,1,1,76,0.002,0.000,,,,,NVIDIA A100-SXM4-40GB (0),1,,13,"void ch_est::windowedChEstPreNoDftSOfdmKernel<float, __half, float, (unsigned int)2, (unsigned int)1, (unsigned short)4>(ch_est::puschRxChEstStatDescr_t *, ch_est::puschRxChEstDynDescr_t *)"
2216127884,6368,31294,137,2,1,24,2,1,44,0.001,0.001,,,,,NVIDIA A100-SXM4-40GB (0),1,,13,"void ch_est::chEstFilterNoDftSOfdmDispatchKernel<float, __half, float, (unsigned int)2>(ch_est::puschRxChEstStatDescr_t *, ch_est::puschRxChEstDynDescr_t *)"
2216135564,4544,31295,137,2,1,24,2,1,44,0.001,0.001,,,,,NVIDIA A100-SXM4-40GB (0),1,,13,"void ch_est::chEstFilterNoDftSOfdmDispatchKernel<float, __half, float, (unsigned int)2>(ch_est::puschRxChEstStatDescr_t *, ch_est::puschRxChEstDynDescr_t *)"
2216141356,2112,31306,103,1,1,128,1,1,16,0.000,0.000,,,,,NVIDIA A100-SXM4-40GB (0),1,,13,cupy_copy__complex64_complex64
2216144492,12608,31316,1434,1,1,128,1,1,16,0.000,0.000,,,,,NVIDIA A100-SXM4-40GB (0),1,,13,cupy_copy__complex64_complex64
2216158124,2112,31323,103,1,1,128,1,1,16,0.000,0.000,,,,,NVIDIA A100-SXM4-40GB (0),1,,13,cupy_copy__complex64_complex64
2216161484,78367,31330,1,1,1,32,32,1,30,0.000,0.000,,,,,NVIDIA A100-SXM4-40GB (0),1,,13,"void convert_kernel<__half2, float2>(tensor_layout_any, T1 *, tensor_layout_any, const T2 *)"
2216267211,4128,31333,,,,,,,,,,0.061,14883.717,Pinned,Device,NVIDIA A100-SXM4-40GB (0),1,,13,[CUDA memcpy Host-to-Device]
2216282123,45183,31334,,,,,,,,,,35.801,792346.847,Device,,NVIDIA A100-SXM4-40GB (0),1,,13,[CUDA memset]
2216333834,1856,31336,,,,,,,,,,0.000,43.103,Pinned,Device,NVIDIA A100-SXM4-40GB (0),1,,13,[CUDA memcpy Host-to-Device]
2216338154,7200,31337,,,,,,,,,,0.131,18204.328,Pinned,Device,NVIDIA A100-SXM4-40GB (0),1,,13,[CUDA memcpy Host-to-Device]
2216349802,8512,31338,273,1,1,48,1,1,40,0.000,0.001,,,,,NVIDIA A100-SXM4-40GB (0),1,,13,"void pusch_noise_intf_est::noiseIntfEstNoDftSOfdmKernel<float, __half, float, float, (unsigned int)2, (unsigned int)1, (unsigned char)4, (unsigned char)4>(pusch_noise_intf_est::puschRxNoiseIntfEstDynDescr)"
2216359882,2432,31349,35,1,1,128,1,1,16,0.000,0.000,,,,,NVIDIA A100-SXM4-40GB (0),1,,13,cupy_copy__complex64_complex64
2216390121,1536,31358,1,1,1,1,1,1,18,0.000,0.000,,,,,NVIDIA A100-SXM4-40GB (0),1,,13,cupy_copy__float32_float32
2216424521,1888,31364,,,,,,,,,,0.000,2.119,Device,Pageable,NVIDIA A100-SXM4-40GB (0),1,,7,[CUDA memcpy Device-to-Host]
2216482632,13472,31375,1434,1,1,128,1,1,16,0.000,0.000,,,,,NVIDIA A100-SXM4-40GB (0),1,,13,cupy_copy__complex64_complex64
2216509480,2432,31382,103,1,1,128,1,1,16,0.000,0.000,,,,,NVIDIA A100-SXM4-40GB (0),1,,13,cupy_copy__complex64_complex64
2216529064,2016,31389,35,1,1,128,1,1,16,0.000,0.000,,,,,NVIDIA A100-SXM4-40GB (0),1,,13,cupy_copy__complex64_complex64
2216546472,1472,31396,1,1,1,1,1,1,18,0.000,0.000,,,,,NVIDIA A100-SXM4-40GB (0),1,,13,cupy_copy__float32_float32
2216679270,78399,31407,1,1,1,32,32,1,30,0.000,0.000,,,,,NVIDIA A100-SXM4-40GB (0),1,,13,"void convert_kernel<__half2, float2>(tensor_layout_any, T1 *, tensor_layout_any, const T2 *)"
2216785861,4480,31410,,,,,,,,,,0.061,13714.268,Pinned,Device,NVIDIA A100-SXM4-40GB (0),1,,13,[CUDA memcpy Host-to-Device]
2216800293,2656,31411,,,,,,,,,,1.547,582313.216,Device,,NVIDIA A100-SXM4-40GB (0),1,,13,[CUDA memset]
2216806437,2752,31416,,,,,,,,,,0.021,7651.161,Pinned,Device,NVIDIA A100-SXM4-40GB (0),1,,13,[CUDA memcpy Host-to-Device]
2216811781,7168,31417,,,,,,,,,,0.131,18285.593,Pinned,Device,NVIDIA A100-SXM4-40GB (0),1,,13,[CUDA memcpy Host-to-Device]
2216823237,5824,31418,273,1,1,8,4,1,39,0.002,0.000,,,,,NVIDIA A100-SXM4-40GB (0),1,,13,"void channel_eq::eqMmseCoefCompLowMimoKernel<float, float, float, (unsigned int)4, (unsigned int)1, (unsigned int)4>(const channel_eq::_puschRxChEqStatDescr *, channel_eq::_puschRxChEqCoefCompDynDescr)"
2216830084,4800,31419,273,1,1,12,11,1,40,0.002,0.000,,,,,NVIDIA A100-SXM4-40GB (0),1,,13,"void channel_eq::eqMmseSoftDemapKernel<float, __half, __half, float, (unsigned int)4, (unsigned short)16383>(channel_eq::_puschRxChEqStatDescr *, channel_eq::_puschRxChEqSoftDemapDynDescr)"
2216836100,281853,31420,1,1,1,32,32,1,30,0.000,0.000,,,,,NVIDIA A100-SXM4-40GB (0),1,,13,"void convert_kernel<float2, __half2>(tensor_layout_any, T1 *, tensor_layout_any, const T2 *)"
2217119169,10304,31432,2253,1,1,128,1,1,16,0.000,0.000,,,,,NVIDIA A100-SXM4-40GB (0),1,,13,cupy_copy__float16_float16
2217130689,2400,31441,282,1,1,128,1,1,16,0.000,0.000,,,,,NVIDIA A100-SXM4-40GB (0),1,,13,cupy_copy__complex64_complex64
2217134081,1760,31450,26,1,1,128,1,1,16,0.000,0.000,,,,,NVIDIA A100-SXM4-40GB (0),1,,13,cupy_copy__float32_float32
2217136993,2528,31459,103,1,1,128,1,1,16,0.000,0.000,,,,,NVIDIA A100-SXM4-40GB (0),1,,13,cupy_copy__complex64_complex64
2217140737,11296,31469,1434,1,1,128,1,1,16,0.000,0.000,,,,,NVIDIA A100-SXM4-40GB (0),1,,13,cupy_copy__complex64_complex64
2217179713,78047,31474,1,1,1,32,32,1,30,0.000,0.000,,,,,NVIDIA A100-SXM4-40GB (0),1,,13,"void convert_kernel<__half2, float2>(tensor_layout_any, T1 *, tensor_layout_any, const T2 *)"
2217422974,4832,31477,,,,,,,,,,0.061,12715.192,Pinned,Device,NVIDIA A100-SXM4-40GB (0),1,,13,[CUDA memcpy Host-to-Device]
2217434814,590713,31478,,,,,,,,,,456.520,772432.652,Device,,NVIDIA A100-SXM4-40GB (0),1,,13,[CUDA memset]
2218030231,33152,31483,,,,,,,,,,0.825,24895.676,Pinned,Device,NVIDIA A100-SXM4-40GB (0),1,,13,[CUDA memcpy Host-to-Device]
2218066199,6784,31484,,,,,,,,,,0.131,19320.668,Pinned,Device,NVIDIA A100-SXM4-40GB (0),1,,13,[CUDA memcpy Host-to-Device]
2218082391,7072,31485,69,4,1,48,1,1,76,0.002,0.000,,,,,NVIDIA A100-SXM4-40GB (0),1,,13,"void ch_est::windowedChEstPreNoDftSOfdmKernel<float, __half, float, (unsigned int)2, (unsigned int)1, (unsigned short)4>(ch_est::puschRxChEstStatDescr_t *, ch_est::puschRxChEstDynDescr_t *)"
2218090519,6239,31486,137,2,1,24,2,1,44,0.001,0.001,,,,,NVIDIA A100-SXM4-40GB (0),1,,13,"void ch_est::chEstFilterNoDftSOfdmDispatchKernel<float, __half, float, (unsigned int)2>(ch_est::puschRxChEstStatDescr_t *, ch_est::puschRxChEstDynDescr_t *)"
2218097782,4544,31487,137,2,1,24,2,1,44,0.001,0.001,,,,,NVIDIA A100-SXM4-40GB (0),1,,13,"void ch_est::chEstFilterNoDftSOfdmDispatchKernel<float, __half, float, (unsigned int)2>(ch_est::puschRxChEstStatDescr_t *, ch_est::puschRxChEstDynDescr_t *)"
2218103350,2592,31498,103,1,1,128,1,1,16,0.000,0.000,,,,,NVIDIA A100-SXM4-40GB (0),1,,13,cupy_copy__complex64_complex64
2218107030,12672,31508,1434,1,1,128,1,1,16,0.000,0.000,,,,,NVIDIA A100-SXM4-40GB (0),1,,13,cupy_copy__complex64_complex64
2218120694,2080,31515,103,1,1,128,1,1,16,0.000,0.000,,,,,NVIDIA A100-SXM4-40GB (0),1,,13,cupy_copy__complex64_complex64
2218123862,78303,31522,1,1,1,32,32,1,30,0.000,0.000,,,,,NVIDIA A100-SXM4-40GB (0),1,,13,"void convert_kernel<__half2, float2>(tensor_layout_any, T1 *, tensor_layout_any, const T2 *)"
2218233589,4160,31525,,,,,,,,,,0.061,14769.193,Pinned,Device,NVIDIA A100-SXM4-40GB (0),1,,13,[CUDA memcpy Host-to-Device]
2218246933,44671,31526,,,,,,,,,,35.801,801404.490,Device,,NVIDIA A100-SXM4-40GB (0),1,,13,[CUDA memset]
2218299092,1952,31528,,,,,,,,,,0.000,40.984,Pinned,Device,NVIDIA A100-SXM4-40GB (0),1,,13,[CUDA memcpy Host-to-Device]
2218304436,7328,31529,,,,,,,,,,0.131,17886.347,Pinned,Device,NVIDIA A100-SXM4-40GB (0),1,,13,[CUDA memcpy Host-to-Device]
2218322036,8672,31530,273,1,1,48,1,1,40,0.000,0.001,,,,,NVIDIA A100-SXM4-40GB (0),1,,13,"void pusch_noise_intf_est::noiseIntfEstNoDftSOfdmKernel<float, __half, float, float, (unsigned int)2, (unsigned int)1, (unsigned char)4, (unsigned char)4>(pusch_noise_intf_est::puschRxNoiseIntfEstDynDescr)"
2218332148,2400,31541,35,1,1,128,1,1,16,0.000,0.000,,,,,NVIDIA A100-SXM4-40GB (0),1,,13,cupy_copy__complex64_complex64
2218360980,1504,31550,1,1,1,1,1,1,18,0.000,0.000,,,,,NVIDIA A100-SXM4-40GB (0),1,,13,cupy_copy__float32_float32
2218395859,1952,31556,,,,,,,,,,0.000,2.049,Device,Pageable,NVIDIA A100-SXM4-40GB (0),1,,7,[CUDA memcpy Device-to-Host]
2218456242,13056,31567,1434,1,1,128,1,1,16,0.000,0.000,,,,,NVIDIA A100-SXM4-40GB (0),1,,13,cupy_copy__complex64_complex64
2218482258,2368,31574,103,1,1,128,1,1,16,0.000,0.000,,,,,NVIDIA A100-SXM4-40GB (0),1,,13,cupy_copy__complex64_complex64
2218502482,1984,31581,35,1,1,128,1,1,16,0.000,0.000,,,,,NVIDIA A100-SXM4-40GB (0),1,,13,cupy_copy__complex64_complex64
2218519666,1472,31588,1,1,1,1,1,1,18,0.000,0.000,,,,,NVIDIA A100-SXM4-40GB (0),1,,13,cupy_copy__float32_float32
2218653840,78367,31599,1,1,1,32,32,1,30,0.000,0.000,,,,,NVIDIA A100-SXM4-40GB (0),1,,13,"void convert_kernel<__half2, float2>(tensor_layout_any, T1 *, tensor_layout_any, const T2 *)"
2218898158,4672,31602,,,,,,,,,,0.061,13150.679,Pinned,Device,NVIDIA A100-SXM4-40GB (0),1,,13,[CUDA memcpy Host-to-Device]
2218909965,2656,31603,,,,,,,,,,1.547,582313.216,Device,,NVIDIA A100-SXM4-40GB (0),1,,13,[CUDA memset]
2218920653,2752,31608,,,,,,,,,,0.021,7651.161,Pinned,Device,NVIDIA A100-SXM4-40GB (0),1,,13,[CUDA memcpy Host-to-Device]
2218926285,7200,31609,,,,,,,,,,0.131,18204.328,Pinned,Device,NVIDIA A100-SXM4-40GB (0),1,,13,[CUDA memcpy Host-to-Device]
2218944589,5856,31610,273,1,1,8,4,1,39,0.002,0.000,,,,,NVIDIA A100-SXM4-40GB (0),1,,13,"void channel_eq::eqMmseCoefCompLowMimoKernel<float, float, float, (unsigned int)4, (unsigned int)1, (unsigned int)4>(const channel_eq::_puschRxChEqStatDescr *, channel_eq::_puschRxChEqCoefCompDynDescr)"
2218951693,4800,31611,273,1,1,12,11,1,40,0.002,0.000,,,,,NVIDIA A100-SXM4-40GB (0),1,,13,"void channel_eq::eqMmseSoftDemapKernel<float, __half, __half, float, (unsigned int)4, (unsigned short)16383>(channel_eq::_puschRxChEqStatDescr *, channel_eq::_puschRxChEqSoftDemapDynDescr)"
2218957485,282333,31612,1,1,1,32,32,1,30,0.000,0.000,,,,,NVIDIA A100-SXM4-40GB (0),1,,13,"void convert_kernel<float2, __half2>(tensor_layout_any, T1 *, tensor_layout_any, const T2 *)"
2219241002,10432,31624,2253,1,1,128,1,1,16,0.000,0.000,,,,,NVIDIA A100-SXM4-40GB (0),1,,13,cupy_copy__float16_float16
2219252458,2400,31633,282,1,1,128,1,1,16,0.000,0.000,,,,,NVIDIA A100-SXM4-40GB (0),1,,13,cupy_copy__complex64_complex64
2219255882,1760,31642,26,1,1,128,1,1,16,0.000,0.000,,,,,NVIDIA A100-SXM4-40GB (0),1,,13,cupy_copy__float32_float32
2219258858,2528,31651,103,1,1,128,1,1,16,0.000,0.000,,,,,NVIDIA A100-SXM4-40GB (0),1,,13,cupy_copy__complex64_complex64
2219262570,11391,31661,1434,1,1,128,1,1,16,0.000,0.000,,,,,NVIDIA A100-SXM4-40GB (0),1,,13,cupy_copy__complex64_complex64
2219419784,79231,31666,1,1,1,32,32,1,30,0.000,0.000,,,,,NVIDIA A100-SXM4-40GB (0),1,,13,"void convert_kernel<__half2, float2>(tensor_layout_any, T1 *, tensor_layout_any, const T2 *)"
2219529959,4128,31669,,,,,,,,,,0.061,14883.717,Pinned,Device,NVIDIA A100-SXM4-40GB (0),1,,13,[CUDA memcpy Host-to-Device]
2219540838,587930,31670,,,,,,,,,,456.520,776084.816,Device,,NVIDIA A100-SXM4-40GB (0),1,,13,[CUDA memset]
2220135104,32768,31675,,,,,,,,,,0.825,25187.023,Pinned,Device,NVIDIA A100-SXM4-40GB (0),1,,13,[CUDA memcpy Host-to-Device]
2220170623,6880,31676,,,,,,,,,,0.131,19051.053,Pinned,Device,NVIDIA A100-SXM4-40GB (0),1,,13,[CUDA memcpy Host-to-Device]
2220184607,7296,31677,69,4,1,48,1,1,76,0.002,0.000,,,,,NVIDIA A100-SXM4-40GB (0),1,,13,"void ch_est::windowedChEstPreNoDftSOfdmKernel<float, __half, float, (unsigned int)2, (unsigned int)1, (unsigned short)4>(ch_est::puschRxChEstStatDescr_t *, ch_est::puschRxChEstDynDescr_t *)"
2220193119,6016,31678,137,2,1,24,2,1,44,0.001,0.001,,,,,NVIDIA A100-SXM4-40GB (0),1,,13,"void ch_est::chEstFilterNoDftSOfdmDispatchKernel<float, __half, float, (unsigned int)2>(ch_est::puschRxChEstStatDescr_t *, ch_est::puschRxChEstDynDescr_t *)"
2220200415,4576,31679,137,2,1,24,2,1,44,0.001,0.001,,,,,NVIDIA A100-SXM4-40GB (0),1,,13,"void ch_est::chEstFilterNoDftSOfdmDispatchKernel<float, __half, float, (unsigned int)2>(ch_est::puschRxChEstStatDescr_t *, ch_est::puschRxChEstDynDescr_t *)"
2220206239,2144,31690,103,1,1,128,1,1,16,0.000,0.000,,,,,NVIDIA A100-SXM4-40GB (0),1,,13,cupy_copy__complex64_complex64
2220209663,12416,31700,1434,1,1,128,1,1,16,0.000,0.000,,,,,NVIDIA A100-SXM4-40GB (0),1,,13,cupy_copy__complex64_complex64
2220223263,2080,31707,103,1,1,128,1,1,16,0.000,0.000,,,,,NVIDIA A100-SXM4-40GB (0),1,,13,cupy_copy__complex64_complex64
2220226431,78399,31714,1,1,1,32,32,1,30,0.000,0.000,,,,,NVIDIA A100-SXM4-40GB (0),1,,13,"void convert_kernel<__half2, float2>(tensor_layout_any, T1 *, tensor_layout_any, const T2 *)"
2220332894,4256,31717,,,,,,,,,,0.061,14436.065,Pinned,Device,NVIDIA A100-SXM4-40GB (0),1,,13,[CUDA memcpy Host-to-Device]
2220345182,45279,31718,,,,,,,,,,35.801,790664.202,Device,,NVIDIA A100-SXM4-40GB (0),1,,13,[CUDA memset]
2220398877,1856,31720,,,,,,,,,,0.000,43.103,Pinned,Device,NVIDIA A100-SXM4-40GB (0),1,,13,[CUDA memcpy Host-to-Device]
2220403229,7680,31721,,,,,,,,,,0.131,17066.623,Pinned,Device,NVIDIA A100-SXM4-40GB (0),1,,13,[CUDA memcpy Host-to-Device]
2220415645,8416,31722,273,1,1,48,1,1,40,0.000,0.001,,,,,NVIDIA A100-SXM4-40GB (0),1,,13,"void pusch_noise_intf_est::noiseIntfEstNoDftSOfdmKernel<float, __half, float, float, (unsigned int)2, (unsigned int)1, (unsigned char)4, (unsigned char)4>(pusch_noise_intf_est::puschRxNoiseIntfEstDynDescr)"
2220425661,2496,31733,35,1,1,128,1,1,16,0.000,0.000,,,,,NVIDIA A100-SXM4-40GB (0),1,,13,cupy_copy__complex64_complex64
2220452796,1504,31742,1,1,1,1,1,1,18,0.000,0.000,,,,,NVIDIA A100-SXM4-40GB (0),1,,13,cupy_copy__float32_float32
2220487580,2464,31748,,,,,,,,,,0.000,1.623,Device,Pageable,NVIDIA A100-SXM4-40GB (0),1,,7,[CUDA memcpy Device-to-Host]
2220548251,13440,31759,1434,1,1,128,1,1,16,0.000,0.000,,,,,NVIDIA A100-SXM4-40GB (0),1,,13,cupy_copy__complex64_complex64
2220573851,2368,31766,103,1,1,128,1,1,16,0.000,0.000,,,,,NVIDIA A100-SXM4-40GB (0),1,,13,cupy_copy__complex64_complex64
2220593947,2016,31773,35,1,1,128,1,1,16,0.000,0.000,,,,,NVIDIA A100-SXM4-40GB (0),1,,13,cupy_copy__complex64_complex64
2220612539,1472,31780,1,1,1,1,1,1,18,0.000,0.000,,,,,NVIDIA A100-SXM4-40GB (0),1,,13,cupy_copy__float32_float32
2220750105,78687,31791,1,1,1,32,32,1,30,0.000,0.000,,,,,NVIDIA A100-SXM4-40GB (0),1,,13,"void convert_kernel<__half2, float2>(tensor_layout_any, T1 *, tensor_layout_any, const T2 *)"
2220856472,4736,31794,,,,,,,,,,0.061,12972.933,Pinned,Device,NVIDIA A100-SXM4-40GB (0),1,,13,[CUDA memcpy Host-to-Device]
2220870776,2592,31795,,,,,,,,,,1.547,596690.632,Device,,NVIDIA A100-SXM4-40GB (0),1,,13,[CUDA memset]
2220877048,3232,31800,,,,,,,,,,0.021,6514.832,Pinned,Device,NVIDIA A100-SXM4-40GB (0),1,,13,[CUDA memcpy Host-to-Device]
2220883160,7232,31801,,,,,,,,,,0.131,18123.850,Pinned,Device,NVIDIA A100-SXM4-40GB (0),1,,13,[CUDA memcpy Host-to-Device]
2220895831,5792,31802,273,1,1,8,4,1,39,0.002,0.000,,,,,NVIDIA A100-SXM4-40GB (0),1,,13,"void channel_eq::eqMmseCoefCompLowMimoKernel<float, float, float, (unsigned int)4, (unsigned int)1, (unsigned int)4>(const channel_eq::_puschRxChEqStatDescr *, channel_eq::_puschRxChEqCoefCompDynDescr)"
2220902647,4768,31803,273,1,1,12,11,1,40,0.002,0.000,,,,,NVIDIA A100-SXM4-40GB (0),1,,13,"void channel_eq::eqMmseSoftDemapKernel<float, __half, __half, float, (unsigned int)4, (unsigned short)16383>(channel_eq::_puschRxChEqStatDescr *, channel_eq::_puschRxChEqSoftDemapDynDescr)"
2220908695,282429,31804,1,1,1,32,32,1,30,0.000,0.000,,,,,NVIDIA A100-SXM4-40GB (0),1,,13,"void convert_kernel<float2, __half2>(tensor_layout_any, T1 *, tensor_layout_any, const T2 *)"
2221192148,10208,31816,2253,1,1,128,1,1,16,0.000,0.000,,,,,NVIDIA A100-SXM4-40GB (0),1,,13,cupy_copy__float16_float16
2221203668,2368,31825,282,1,1,128,1,1,16,0.000,0.000,,,,,NVIDIA A100-SXM4-40GB (0),1,,13,cupy_copy__complex64_complex64
2221207060,1760,31834,26,1,1,128,1,1,16,0.000,0.000,,,,,NVIDIA A100-SXM4-40GB (0),1,,13,cupy_copy__float32_float32
2221210068,2528,31843,103,1,1,128,1,1,16,0.000,0.000,,,,,NVIDIA A100-SXM4-40GB (0),1,,13,cupy_copy__complex64_complex64
2221213812,11328,31853,1434,1,1,128,1,1,16,0.000,0.000,,,,,NVIDIA A100-SXM4-40GB (0),1,,13,cupy_copy__complex64_complex64
2221254995,78560,31858,1,1,1,32,32,1,30,0.000,0.000,,,,,NVIDIA A100-SXM4-40GB (0),1,,13,"void convert_kernel<__half2, float2>(tensor_layout_any, T1 *, tensor_layout_any, const T2 *)"
2221360626,4672,31861,,,,,,,,,,0.061,13150.679,Pinned,Device,NVIDIA A100-SXM4-40GB (0),1,,13,[CUDA memcpy Host-to-Device]
2221371570,587546,31862,,,,,,,,,,456.520,776541.336,Device,,NVIDIA A100-SXM4-40GB (0),1,,13,[CUDA memset]
2221959820,32703,31867,,,,,,,,,,0.825,25237.369,Pinned,Device,NVIDIA A100-SXM4-40GB (0),1,,13,[CUDA memcpy Host-to-Device]
2221995019,6944,31868,,,,,,,,,,0.131,18875.548,Pinned,Device,NVIDIA A100-SXM4-40GB (0),1,,13,[CUDA memcpy Host-to-Device]
2222010411,7168,31869,69,4,1,48,1,1,76,0.002,0.000,,,,,NVIDIA A100-SXM4-40GB (0),1,,13,"void ch_est::windowedChEstPreNoDftSOfdmKernel<float, __half, float, (unsigned int)2, (unsigned int)1, (unsigned short)4>(ch_est::puschRxChEstStatDescr_t *, ch_est::puschRxChEstDynDescr_t *)"
2222018603,6208,31870,137,2,1,24,2,1,44,0.001,0.001,,,,,NVIDIA A100-SXM4-40GB (0),1,,13,"void ch_est::chEstFilterNoDftSOfdmDispatchKernel<float, __half, float, (unsigned int)2>(ch_est::puschRxChEstStatDescr_t *, ch_est::puschRxChEstDynDescr_t *)"
2222025867,4544,31871,137,2,1,24,2,1,44,0.001,0.001,,,,,NVIDIA A100-SXM4-40GB (0),1,,13,"void ch_est::chEstFilterNoDftSOfdmDispatchKernel<float, __half, float, (unsigned int)2>(ch_est::puschRxChEstStatDescr_t *, ch_est::puschRxChEstDynDescr_t *)"
2222031659,2144,31882,103,1,1,128,1,1,16,0.000,0.000,,,,,NVIDIA A100-SXM4-40GB (0),1,,13,cupy_copy__complex64_complex64
2222035147,12512,31892,1434,1,1,128,1,1,16,0.000,0.000,,,,,NVIDIA A100-SXM4-40GB (0),1,,13,cupy_copy__complex64_complex64
2222048651,2080,31899,103,1,1,128,1,1,16,0.000,0.000,,,,,NVIDIA A100-SXM4-40GB (0),1,,13,cupy_copy__complex64_complex64
2222051819,78591,31906,1,1,1,32,32,1,30,0.000,0.000,,,,,NVIDIA A100-SXM4-40GB (0),1,,13,"void convert_kernel<__half2, float2>(tensor_layout_any, T1 *, tensor_layout_any, const T2 *)"
2222158857,4832,31909,,,,,,,,,,0.061,12715.192,Pinned,Device,NVIDIA A100-SXM4-40GB (0),1,,13,[CUDA memcpy Host-to-Device]
2222171753,45120,31910,,,,,,,,,,35.801,793456.676,Device,,NVIDIA A100-SXM4-40GB (0),1,,13,[CUDA memset]
2222225065,1888,31912,,,,,,,,,,0.000,42.373,Pinned,Device,NVIDIA A100-SXM4-40GB (0),1,,13,[CUDA memcpy Host-to-Device]
2222230121,7328,31913,,,,,,,,,,0.131,17886.347,Pinned,Device,NVIDIA A100-SXM4-40GB (0),1,,13,[CUDA memcpy Host-to-Device]
2222242409,8479,31914,273,1,1,48,1,1,40,0.000,0.001,,,,,NVIDIA A100-SXM4-40GB (0),1,,13,"void pusch_noise_intf_est::noiseIntfEstNoDftSOfdmKernel<float, __half, float, float, (unsigned int)2, (unsigned int)1, (unsigned char)4, (unsigned char)4>(pusch_noise_intf_est::puschRxNoiseIntfEstDynDescr)"
2222252264,2304,31925,35,1,1,128,1,1,16,0.000,0.000,,,,,NVIDIA A100-SXM4-40GB (0),1,,13,cupy_copy__complex64_complex64
2222279176,1504,31934,1,1,1,1,1,1,18,0.000,0.000,,,,,NVIDIA A100-SXM4-40GB (0),1,,13,cupy_copy__float32_float32
2222313480,1632,31940,,,,,,,,,,0.000,2.451,Device,Pageable,NVIDIA A100-SXM4-40GB (0),1,,7,[CUDA memcpy Device-to-Host]
2222371719,13184,31951,1434,1,1,128,1,1,16,0.000,0.000,,,,,NVIDIA A100-SXM4-40GB (0),1,,13,cupy_copy__complex64_complex64
2222397095,2368,31958,103,1,1,128,1,1,16,0.000,0.000,,,,,NVIDIA A100-SXM4-40GB (0),1,,13,cupy_copy__complex64_complex64
2222416743,1952,31965,35,1,1,128,1,1,16,0.000,0.000,,,,,NVIDIA A100-SXM4-40GB (0),1,,13,cupy_copy__complex64_complex64
2222434182,1472,31972,1,1,1,1,1,1,18,0.000,0.000,,,,,NVIDIA A100-SXM4-40GB (0),1,,13,cupy_copy__float32_float32
2222567173,78015,31983,1,1,1,32,32,1,30,0.000,0.000,,,,,NVIDIA A100-SXM4-40GB (0),1,,13,"void convert_kernel<__half2, float2>(tensor_layout_any, T1 *, tensor_layout_any, const T2 *)"
2222821474,4160,31986,,,,,,,,,,0.061,14769.193,Pinned,Device,NVIDIA A100-SXM4-40GB (0),1,,13,[CUDA memcpy Host-to-Device]
2222834562,2688,31987,,,,,,,,,,1.547,575379.700,Device,,NVIDIA A100-SXM4-40GB (0),1,,13,[CUDA memset]
2222838114,2752,31992,,,,,,,,,,0.021,7651.161,Pinned,Device,NVIDIA A100-SXM4-40GB (0),1,,13,[CUDA memcpy Host-to-Device]
2222843810,6784,31993,,,,,,,,,,0.131,19320.668,Pinned,Device,NVIDIA A100-SXM4-40GB (0),1,,13,[CUDA memcpy Host-to-Device]
2222861346,5856,31994,273,1,1,8,4,1,39,0.002,0.000,,,,,NVIDIA A100-SXM4-40GB (0),1,,13,"void channel_eq::eqMmseCoefCompLowMimoKernel<float, float, float, (unsigned int)4, (unsigned int)1, (unsigned int)4>(const channel_eq::_puschRxChEqStatDescr *, channel_eq::_puschRxChEqCoefCompDynDescr)"
2222868418,4800,31995,273,1,1,12,11,1,40,0.002,0.000,,,,,NVIDIA A100-SXM4-40GB (0),1,,13,"void channel_eq::eqMmseSoftDemapKernel<float, __half, __half, float, (unsigned int)4, (unsigned short)16383>(channel_eq::_puschRxChEqStatDescr *, channel_eq::_puschRxChEqSoftDemapDynDescr)"
2222874466,282108,31996,1,1,1,32,32,1,30,0.000,0.000,,,,,NVIDIA A100-SXM4-40GB (0),1,,13,"void convert_kernel<float2, __half2>(tensor_layout_any, T1 *, tensor_layout_any, const T2 *)"
2223157822,10112,32008,2253,1,1,128,1,1,16,0.000,0.000,,,,,NVIDIA A100-SXM4-40GB (0),1,,13,cupy_copy__float16_float16
2223168958,2400,32017,282,1,1,128,1,1,16,0.000,0.000,,,,,NVIDIA A100-SXM4-40GB (0),1,,13,cupy_copy__complex64_complex64
2223172382,1760,32026,26,1,1,128,1,1,16,0.000,0.000,,,,,NVIDIA A100-SXM4-40GB (0),1,,13,cupy_copy__float32_float32
2223175326,2528,32035,103,1,1,128,1,1,16,0.000,0.000,,,,,NVIDIA A100-SXM4-40GB (0),1,,13,cupy_copy__complex64_complex64
2223179070,11360,32045,1434,1,1,128,1,1,16,0.000,0.000,,,,,NVIDIA A100-SXM4-40GB (0),1,,13,cupy_copy__complex64_complex64
2223349276,79199,32050,1,1,1,32,32,1,30,0.000,0.000,,,,,NVIDIA A100-SXM4-40GB (0),1,,13,"void convert_kernel<__half2, float2>(tensor_layout_any, T1 *, tensor_layout_any, const T2 *)"
2223459675,4448,32053,,,,,,,,,,0.061,13812.941,Pinned,Device,NVIDIA A100-SXM4-40GB (0),1,,13,[CUDA memcpy Host-to-Device]
2223471099,587737,32054,,,,,,,,,,456.520,776541.336,Device,,NVIDIA A100-SXM4-40GB (0),1,,13,[CUDA memset]
2224063124,32800,32059,,,,,,,,,,0.825,25162.263,Pinned,Device,NVIDIA A100-SXM4-40GB (0),1,,13,[CUDA memcpy Host-to-Device]
2224098612,7488,32060,,,,,,,,,,0.131,17504.272,Pinned,Device,NVIDIA A100-SXM4-40GB (0),1,,13,[CUDA memcpy Host-to-Device]
2224111636,7168,32061,69,4,1,48,1,1,76,0.002,0.000,,,,,NVIDIA A100-SXM4-40GB (0),1,,13,"void ch_est::windowedChEstPreNoDftSOfdmKernel<float, __half, float, (unsigned int)2, (unsigned int)1, (unsigned short)4>(ch_est::puschRxChEstStatDescr_t *, ch_est::puschRxChEstDynDescr_t *)"
2224120116,6304,32062,137,2,1,24,2,1,44,0.001,0.001,,,,,NVIDIA A100-SXM4-40GB (0),1,,13,"void ch_est::chEstFilterNoDftSOfdmDispatchKernel<float, __half, float, (unsigned int)2>(ch_est::puschRxChEstStatDescr_t *, ch_est::puschRxChEstDynDescr_t *)"
2224127444,4544,32063,137,2,1,24,2,1,44,0.001,0.001,,,,,NVIDIA A100-SXM4-40GB (0),1,,13,"void ch_est::chEstFilterNoDftSOfdmDispatchKernel<float, __half, float, (unsigned int)2>(ch_est::puschRxChEstStatDescr_t *, ch_est::puschRxChEstDynDescr_t *)"
2224133236,2144,32074,103,1,1,128,1,1,16,0.000,0.000,,,,,NVIDIA A100-SXM4-40GB (0),1,,13,cupy_copy__complex64_complex64
2224136372,12895,32084,1434,1,1,128,1,1,16,0.000,0.000,,,,,NVIDIA A100-SXM4-40GB (0),1,,13,cupy_copy__complex64_complex64
2224150483,2080,32091,103,1,1,128,1,1,16,0.000,0.000,,,,,NVIDIA A100-SXM4-40GB (0),1,,13,cupy_copy__complex64_complex64
2224153875,78623,32098,1,1,1,32,32,1,30,0.000,0.000,,,,,NVIDIA A100-SXM4-40GB (0),1,,13,"void convert_kernel<__half2, float2>(tensor_layout_any, T1 *, tensor_layout_any, const T2 *)"
2224397777,4128,32101,,,,,,,,,,0.061,14883.717,Pinned,Device,NVIDIA A100-SXM4-40GB (0),1,,13,[CUDA memcpy Host-to-Device]
2224409585,46399,32102,,,,,,,,,,35.801,771582.290,Device,,NVIDIA A100-SXM4-40GB (0),1,,13,[CUDA memset]
2224463376,2368,32104,,,,,,,,,,0.000,33.784,Pinned,Device,NVIDIA A100-SXM4-40GB (0),1,,13,[CUDA memcpy Host-to-Device]
2224467856,7008,32105,,,,,,,,,,0.131,18703.188,Pinned,Device,NVIDIA A100-SXM4-40GB (0),1,,13,[CUDA memcpy Host-to-Device]
2224482320,9024,32106,273,1,1,48,1,1,40,0.000,0.001,,,,,NVIDIA A100-SXM4-40GB (0),1,,13,"void pusch_noise_intf_est::noiseIntfEstNoDftSOfdmKernel<float, __half, float, float, (unsigned int)2, (unsigned int)1, (unsigned char)4, (unsigned char)4>(pusch_noise_intf_est::puschRxNoiseIntfEstDynDescr)"
2224492784,2272,32117,35,1,1,128,1,1,16,0.000,0.000,,,,,NVIDIA A100-SXM4-40GB (0),1,,13,cupy_copy__complex64_complex64
2224505551,1472,32126,1,1,1,1,1,1,18,0.000,0.000,,,,,NVIDIA A100-SXM4-40GB (0),1,,13,cupy_copy__float32_float32
2224540367,2784,32132,,,,,,,,,,0.000,1.437,Device,Pageable,NVIDIA A100-SXM4-40GB (0),1,,7,[CUDA memcpy Device-to-Host]
2224600142,12864,32143,1434,1,1,128,1,1,16,0.000,0.000,,,,,NVIDIA A100-SXM4-40GB (0),1,,13,cupy_copy__complex64_complex64
2224626062,2336,32150,103,1,1,128,1,1,16,0.000,0.000,,,,,NVIDIA A100-SXM4-40GB (0),1,,13,cupy_copy__complex64_complex64
2224645550,1984,32157,35,1,1,128,1,1,16,0.000,0.000,,,,,NVIDIA A100-SXM4-40GB (0),1,,13,cupy_copy__complex64_complex64
2224663342,1504,32164,1,1,1,1,1,1,18,0.000,0.000,,,,,NVIDIA A100-SXM4-40GB (0),1,,13,cupy_copy__float32_float32
2224934059,77983,32175,1,1,1,32,32,1,30,0.000,0.000,,,,,NVIDIA A100-SXM4-40GB (0),1,,13,"void convert_kernel<__half2, float2>(tensor_layout_any, T1 *, tensor_layout_any, const T2 *)"
2225043657,4160,32178,,,,,,,,,,0.061,14769.193,Pinned,Device,NVIDIA A100-SXM4-40GB (0),1,,13,[CUDA memcpy Host-to-Device]
2225058665,2624,32179,,,,,,,,,,1.547,589413.767,Device,,NVIDIA A100-SXM4-40GB (0),1,,13,[CUDA memset]
2225070729,2464,32184,,,,,,,,,,0.021,8545.451,Pinned,Device,NVIDIA A100-SXM4-40GB (0),1,,13,[CUDA memcpy Host-to-Device]
2225081673,6944,32185,,,,,,,,,,0.131,18875.548,Pinned,Device,NVIDIA A100-SXM4-40GB (0),1,,13,[CUDA memcpy Host-to-Device]
2225094697,5824,32186,273,1,1,8,4,1,39,0.002,0.000,,,,,NVIDIA A100-SXM4-40GB (0),1,,13,"void channel_eq::eqMmseCoefCompLowMimoKernel<float, float, float, (unsigned int)4, (unsigned int)1, (unsigned int)4>(const channel_eq::_puschRxChEqStatDescr *, channel_eq::_puschRxChEqCoefCompDynDescr)"
2225101545,4896,32187,273,1,1,12,11,1,40,0.002,0.000,,,,,NVIDIA A100-SXM4-40GB (0),1,,13,"void channel_eq::eqMmseSoftDemapKernel<float, __half, __half, float, (unsigned int)4, (unsigned short)16383>(channel_eq::_puschRxChEqStatDescr *, channel_eq::_puschRxChEqSoftDemapDynDescr)"
2225107497,282173,32188,1,1,1,32,32,1,30,0.000,0.000,,,,,NVIDIA A100-SXM4-40GB (0),1,,13,"void convert_kernel<float2, __half2>(tensor_layout_any, T1 *, tensor_layout_any, const T2 *)"
2225390662,10176,32200,2253,1,1,128,1,1,16,0.000,0.000,,,,,NVIDIA A100-SXM4-40GB (0),1,,13,cupy_copy__float16_float16
2225401830,2399,32209,282,1,1,128,1,1,16,0.000,0.000,,,,,NVIDIA A100-SXM4-40GB (0),1,,13,cupy_copy__complex64_complex64
2225405253,1760,32218,26,1,1,128,1,1,16,0.000,0.000,,,,,NVIDIA A100-SXM4-40GB (0),1,,13,cupy_copy__float32_float32
2225408165,2528,32227,103,1,1,128,1,1,16,0.000,0.000,,,,,NVIDIA A100-SXM4-40GB (0),1,,13,cupy_copy__complex64_complex64
2225411909,11200,32237,1434,1,1,128,1,1,16,0.000,0.000,,,,,NVIDIA A100-SXM4-40GB (0),1,,13,cupy_copy__complex64_complex64
2225450341,78783,32242,1,1,1,32,32,1,30,0.000,0.000,,,,,NVIDIA A100-SXM4-40GB (0),1,,13,"void convert_kernel<__half2, float2>(tensor_layout_any, T1 *, tensor_layout_any, const T2 *)"
2225556676,4224,32245,,,,,,,,,,0.061,14545.428,Pinned,Device,NVIDIA A100-SXM4-40GB (0),1,,13,[CUDA memcpy Host-to-Device]
2225567556,587161,32246,,,,,,,,,,456.520,777454.377,Device,,NVIDIA A100-SXM4-40GB (0),1,,13,[CUDA memset]
2226157789,32864,32251,,,,,,,,,,0.825,25113.567,Pinned,Device,NVIDIA A100-SXM4-40GB (0),1,,13,[CUDA memcpy Host-to-Device]
2226193597,6816,32252,,,,,,,,,,0.131,19229.966,Pinned,Device,NVIDIA A100-SXM4-40GB (0),1,,13,[CUDA memcpy Host-to-Device]
2226207741,7200,32253,69,4,1,48,1,1,76,0.002,0.000,,,,,NVIDIA A100-SXM4-40GB (0),1,,13,"void ch_est::windowedChEstPreNoDftSOfdmKernel<float, __half, float, (unsigned int)2, (unsigned int)1, (unsigned short)4>(ch_est::puschRxChEstStatDescr_t *, ch_est::puschRxChEstDynDescr_t *)"
2226216189,5983,32254,137,2,1,24,2,1,44,0.001,0.001,,,,,NVIDIA A100-SXM4-40GB (0),1,,13,"void ch_est::chEstFilterNoDftSOfdmDispatchKernel<float, __half, float, (unsigned int)2>(ch_est::puschRxChEstStatDescr_t *, ch_est::puschRxChEstDynDescr_t *)"
2226223228,4544,32255,137,2,1,24,2,1,44,0.001,0.001,,,,,NVIDIA A100-SXM4-40GB (0),1,,13,"void ch_est::chEstFilterNoDftSOfdmDispatchKernel<float, __half, float, (unsigned int)2>(ch_est::puschRxChEstStatDescr_t *, ch_est::puschRxChEstDynDescr_t *)"
2226228796,2176,32266,103,1,1,128,1,1,16,0.000,0.000,,,,,NVIDIA A100-SXM4-40GB (0),1,,13,cupy_copy__complex64_complex64
2226232252,12352,32276,1434,1,1,128,1,1,16,0.000,0.000,,,,,NVIDIA A100-SXM4-40GB (0),1,,13,cupy_copy__complex64_complex64
2226245628,2080,32283,103,1,1,128,1,1,16,0.000,0.000,,,,,NVIDIA A100-SXM4-40GB (0),1,,13,cupy_copy__complex64_complex64
2226248796,78687,32290,1,1,1,32,32,1,30,0.000,0.000,,,,,NVIDIA A100-SXM4-40GB (0),1,,13,"void convert_kernel<__half2, float2>(tensor_layout_any, T1 *, tensor_layout_any, const T2 *)"
2226355931,4448,32293,,,,,,,,,,0.061,13812.941,Pinned,Device,NVIDIA A100-SXM4-40GB (0),1,,13,[CUDA memcpy Host-to-Device]
2226369051,44991,32294,,,,,,,,,,35.801,795712.137,Device,,NVIDIA A100-SXM4-40GB (0),1,,13,[CUDA memset]
2226421978,1984,32296,,,,,,,,,,0.000,40.323,Pinned,Device,NVIDIA A100-SXM4-40GB (0),1,,13,[CUDA memcpy Host-to-Device]
2226426106,6848,32297,,,,,,,,,,0.131,19140.182,Pinned,Device,NVIDIA A100-SXM4-40GB (0),1,,13,[CUDA memcpy Host-to-Device]
2226440026,8384,32298,273,1,1,48,1,1,40,0.000,0.001,,,,,NVIDIA A100-SXM4-40GB (0),1,,13,"void pusch_noise_intf_est::noiseIntfEstNoDftSOfdmKernel<float, __half, float, float, (unsigned int)2, (unsigned int)1, (unsigned char)4, (unsigned char)4>(pusch_noise_intf_est::puschRxNoiseIntfEstDynDescr)"
2226450042,2432,32309,35,1,1,128,1,1,16,0.000,0.000,,,,,NVIDIA A100-SXM4-40GB (0),1,,13,cupy_copy__complex64_complex64
2226476570,1504,32318,1,1,1,1,1,1,18,0.000,0.000,,,,,NVIDIA A100-SXM4-40GB (0),1,,13,cupy_copy__float32_float32
2226510617,1728,32324,,,,,,,,,,0.000,2.315,Device,Pageable,NVIDIA A100-SXM4-40GB (0),1,,7,[CUDA memcpy Device-to-Host]
2226568313,13215,32335,1434,1,1,128,1,1,16,0.000,0.000,,,,,NVIDIA A100-SXM4-40GB (0),1,,13,cupy_copy__complex64_complex64
2226595096,2400,32342,103,1,1,128,1,1,16,0.000,0.000,,,,,NVIDIA A100-SXM4-40GB (0),1,,13,cupy_copy__complex64_complex64
2226615160,1984,32349,35,1,1,128,1,1,16,0.000,0.000,,,,,NVIDIA A100-SXM4-40GB (0),1,,13,cupy_copy__complex64_complex64
2226631384,1472,32356,1,1,1,1,1,1,18,0.000,0.000,,,,,NVIDIA A100-SXM4-40GB (0),1,,13,cupy_copy__float32_float32
2226764054,78752,32367,1,1,1,32,32,1,30,0.000,0.000,,,,,NVIDIA A100-SXM4-40GB (0),1,,13,"void convert_kernel<__half2, float2>(tensor_layout_any, T1 *, tensor_layout_any, const T2 *)"
2226870581,4736,32370,,,,,,,,,,0.061,12972.933,Pinned,Device,NVIDIA A100-SXM4-40GB (0),1,,13,[CUDA memcpy Host-to-Device]
2226887637,2656,32371,,,,,,,,,,1.547,582313.216,Device,,NVIDIA A100-SXM4-40GB (0),1,,13,[CUDA memset]
2226894069,2720,32376,,,,,,,,,,0.021,7741.175,Pinned,Device,NVIDIA A100-SXM4-40GB (0),1,,13,[CUDA memcpy Host-to-Device]
2226899765,7168,32377,,,,,,,,,,0.131,18285.593,Pinned,Device,NVIDIA A100-SXM4-40GB (0),1,,13,[CUDA memcpy Host-to-Device]
2226910933,5856,32378,273,1,1,8,4,1,39,0.002,0.000,,,,,NVIDIA A100-SXM4-40GB (0),1,,13,"void channel_eq::eqMmseCoefCompLowMimoKernel<float, float, float, (unsigned int)4, (unsigned int)1, (unsigned int)4>(const channel_eq::_puschRxChEqStatDescr *, channel_eq::_puschRxChEqCoefCompDynDescr)"
2226917973,4832,32379,273,1,1,12,11,1,40,0.002,0.000,,,,,NVIDIA A100-SXM4-40GB (0),1,,13,"void channel_eq::eqMmseSoftDemapKernel<float, __half, __half, float, (unsigned int)4, (unsigned short)16383>(channel_eq::_puschRxChEqStatDescr *, channel_eq::_puschRxChEqSoftDemapDynDescr)"
2226924117,282109,32380,1,1,1,32,32,1,30,0.000,0.000,,,,,NVIDIA A100-SXM4-40GB (0),1,,13,"void convert_kernel<float2, __half2>(tensor_layout_any, T1 *, tensor_layout_any, const T2 *)"
2227207282,10303,32392,2253,1,1,128,1,1,16,0.000,0.000,,,,,NVIDIA A100-SXM4-40GB (0),1,,13,cupy_copy__float16_float16
2227218769,2400,32401,282,1,1,128,1,1,16,0.000,0.000,,,,,NVIDIA A100-SXM4-40GB (0),1,,13,cupy_copy__complex64_complex64
2227222225,1760,32410,26,1,1,128,1,1,16,0.000,0.000,,,,,NVIDIA A100-SXM4-40GB (0),1,,13,cupy_copy__float32_float32
2227225169,2528,32419,103,1,1,128,1,1,16,0.000,0.000,,,,,NVIDIA A100-SXM4-40GB (0),1,,13,cupy_copy__complex64_complex64
2227228913,11488,32429,1434,1,1,128,1,1,16,0.000,0.000,,,,,NVIDIA A100-SXM4-40GB (0),1,,13,cupy_copy__complex64_complex64
2227266225,77983,32434,1,1,1,32,32,1,30,0.000,0.000,,,,,NVIDIA A100-SXM4-40GB (0),1,,13,"void convert_kernel<__half2, float2>(tensor_layout_any, T1 *, tensor_layout_any, const T2 *)"
2227371984,4992,32437,,,,,,,,,,0.061,12307.661,Pinned,Device,NVIDIA A100-SXM4-40GB (0),1,,13,[CUDA memcpy Host-to-Device]
2227382800,587609,32438,,,,,,,,,,456.520,776541.336,Device,,NVIDIA A100-SXM4-40GB (0),1,,13,[CUDA memset]
2227978857,32768,32443,,,,,,,,,,0.825,25187.023,Pinned,Device,NVIDIA A100-SXM4-40GB (0),1,,13,[CUDA memcpy Host-to-Device]
2228014089,6720,32444,,,,,,,,,,0.131,19504.693,Pinned,Device,NVIDIA A100-SXM4-40GB (0),1,,13,[CUDA memcpy Host-to-Device]
2228028392,7008,32445,69,4,1,48,1,1,76,0.002,0.000,,,,,NVIDIA A100-SXM4-40GB (0),1,,13,"void ch_est::windowedChEstPreNoDftSOfdmKernel<float, __half, float, (unsigned int)2, (unsigned int)1, (unsigned short)4>(ch_est::puschRxChEstStatDescr_t *, ch_est::puschRxChEstDynDescr_t *)"
2228036520,6272,32446,137,2,1,24,2,1,44,0.001,0.001,,,,,NVIDIA A100-SXM4-40GB (0),1,,13,"void ch_est::chEstFilterNoDftSOfdmDispatchKernel<float, __half, float, (unsigned int)2>(ch_est::puschRxChEstStatDescr_t *, ch_est::puschRxChEstDynDescr_t *)"
2228043880,4576,32447,137,2,1,24,2,1,44,0.001,0.001,,,,,NVIDIA A100-SXM4-40GB (0),1,,13,"void ch_est::chEstFilterNoDftSOfdmDispatchKernel<float, __half, float, (unsigned int)2>(ch_est::puschRxChEstStatDescr_t *, ch_est::puschRxChEstDynDescr_t *)"
2228049672,2144,32458,103,1,1,128,1,1,16,0.000,0.000,,,,,NVIDIA A100-SXM4-40GB (0),1,,13,cupy_copy__complex64_complex64
2228053096,12768,32468,1434,1,1,128,1,1,16,0.000,0.000,,,,,NVIDIA A100-SXM4-40GB (0),1,,13,cupy_copy__complex64_complex64
2228066920,2112,32475,103,1,1,128,1,1,16,0.000,0.000,,,,,NVIDIA A100-SXM4-40GB (0),1,,13,cupy_copy__complex64_complex64
2228070088,78335,32482,1,1,1,32,32,1,30,0.000,0.000,,,,,NVIDIA A100-SXM4-40GB (0),1,,13,"void convert_kernel<__half2, float2>(tensor_layout_any, T1 *, tensor_layout_any, const T2 *)"
2228317349,4160,32485,,,,,,,,,,0.061,14769.193,Pinned,Device,NVIDIA A100-SXM4-40GB (0),1,,13,[CUDA memcpy Host-to-Device]
2228329413,46208,32486,,,,,,,,,,35.801,774768.575,Device,,NVIDIA A100-SXM4-40GB (0),1,,13,[CUDA memset]
2228384356,2528,32488,,,,,,,,,,0.000,31.646,Pinned,Device,NVIDIA A100-SXM4-40GB (0),1,,13,[CUDA memcpy Host-to-Device]
2228389732,6784,32489,,,,,,,,,,0.131,19320.668,Pinned,Device,NVIDIA A100-SXM4-40GB (0),1,,13,[CUDA memcpy Host-to-Device]
2228405220,8928,32490,273,1,1,48,1,1,40,0.000,0.001,,,,,NVIDIA A100-SXM4-40GB (0),1,,13,"void pusch_noise_intf_est::noiseIntfEstNoDftSOfdmKernel<float, __half, float, float, (unsigned int)2, (unsigned int)1, (unsigned char)4, (unsigned char)4>(pusch_noise_intf_est::puschRxNoiseIntfEstDynDescr)"
2228415748,2304,32501,35,1,1,128,1,1,16,0.000,0.000,,,,,NVIDIA A100-SXM4-40GB (0),1,,13,cupy_copy__complex64_complex64
2228426852,1504,32510,1,1,1,1,1,1,18,0.000,0.000,,,,,NVIDIA A100-SXM4-40GB (0),1,,13,cupy_copy__float32_float32
2228461796,2304,32516,,,,,,,,,,0.000,1.736,Device,Pageable,NVIDIA A100-SXM4-40GB (0),1,,7,[CUDA memcpy Device-to-Host]
2228521827,12832,32527,1434,1,1,128,1,1,16,0.000,0.000,,,,,NVIDIA A100-SXM4-40GB (0),1,,13,cupy_copy__complex64_complex64
2228548323,2400,32534,103,1,1,128,1,1,16,0.000,0.000,,,,,NVIDIA A100-SXM4-40GB (0),1,,13,cupy_copy__complex64_complex64
2228569250,2016,32541,35,1,1,128,1,1,16,0.000,0.000,,,,,NVIDIA A100-SXM4-40GB (0),1,,13,cupy_copy__complex64_complex64
2228586850,1504,32548,1,1,1,1,1,1,18,0.000,0.000,,,,,NVIDIA A100-SXM4-40GB (0),1,,13,cupy_copy__float32_float32
2228890879,78623,32559,1,1,1,32,32,1,30,0.000,0.000,,,,,NVIDIA A100-SXM4-40GB (0),1,,13,"void convert_kernel<__half2, float2>(tensor_layout_any, T1 *, tensor_layout_any, const T2 *)"
2229002270,4160,32562,,,,,,,,,,0.061,14769.193,Pinned,Device,NVIDIA A100-SXM4-40GB (0),1,,13,[CUDA memcpy Host-to-Device]
2229017149,2720,32563,,,,,,,,,,1.547,568611.674,Device,,NVIDIA A100-SXM4-40GB (0),1,,13,[CUDA memset]
2229023517,3264,32568,,,,,,,,,,0.021,6450.969,Pinned,Device,NVIDIA A100-SXM4-40GB (0),1,,13,[CUDA memcpy Host-to-Device]
2229029949,6880,32569,,,,,,,,,,0.131,19051.053,Pinned,Device,NVIDIA A100-SXM4-40GB (0),1,,13,[CUDA memcpy Host-to-Device]
2229040509,5824,32570,273,1,1,8,4,1,39,0.002,0.000,,,,,NVIDIA A100-SXM4-40GB (0),1,,13,"void channel_eq::eqMmseCoefCompLowMimoKernel<float, float, float, (unsigned int)4, (unsigned int)1, (unsigned int)4>(const channel_eq::_puschRxChEqStatDescr *, channel_eq::_puschRxChEqCoefCompDynDescr)"
2229047613,5024,32571,273,1,1,12,11,1,40,0.002,0.000,,,,,NVIDIA A100-SXM4-40GB (0),1,,13,"void channel_eq::eqMmseSoftDemapKernel<float, __half, __half, float, (unsigned int)4, (unsigned short)16383>(channel_eq::_puschRxChEqStatDescr *, channel_eq::_puschRxChEqSoftDemapDynDescr)"
2229053917,282077,32572,1,1,1,32,32,1,30,0.000,0.000,,,,,NVIDIA A100-SXM4-40GB (0),1,,13,"void convert_kernel<float2, __half2>(tensor_layout_any, T1 *, tensor_layout_any, const T2 *)"
2229337146,10176,32584,2253,1,1,128,1,1,16,0.000,0.000,,,,,NVIDIA A100-SXM4-40GB (0),1,,13,cupy_copy__float16_float16
2229348634,2368,32593,282,1,1,128,1,1,16,0.000,0.000,,,,,NVIDIA A100-SXM4-40GB (0),1,,13,cupy_copy__complex64_complex64
2229352026,1760,32602,26,1,1,128,1,1,16,0.000,0.000,,,,,NVIDIA A100-SXM4-40GB (0),1,,13,cupy_copy__float32_float32
2229355002,2496,32611,103,1,1,128,1,1,16,0.000,0.000,,,,,NVIDIA A100-SXM4-40GB (0),1,,13,cupy_copy__complex64_complex64
2229358746,11264,32621,1434,1,1,128,1,1,16,0.000,0.000,,,,,NVIDIA A100-SXM4-40GB (0),1,,13,cupy_copy__complex64_complex64
2229406329,78431,32626,1,1,1,32,32,1,30,0.000,0.000,,,,,NVIDIA A100-SXM4-40GB (0),1,,13,"void convert_kernel<__half2, float2>(tensor_layout_any, T1 *, tensor_layout_any, const T2 *)"
2229650614,4128,32629,,,,,,,,,,0.061,14883.717,Pinned,Device,NVIDIA A100-SXM4-40GB (0),1,,13,[CUDA memcpy Host-to-Device]
2229659574,589562,32630,,,,,,,,,,456.520,774258.734,Device,,NVIDIA A100-SXM4-40GB (0),1,,13,[CUDA memset]
2230251600,33055,32635,,,,,,,,,,0.825,24968.307,Pinned,Device,NVIDIA A100-SXM4-40GB (0),1,,13,[CUDA memcpy Host-to-Device]
2230287311,7424,32636,,,,,,,,,,0.131,17655.136,Pinned,Device,NVIDIA A100-SXM4-40GB (0),1,,13,[CUDA memcpy Host-to-Device]
2230302671,7584,32637,69,4,1,48,1,1,76,0.002,0.000,,,,,NVIDIA A100-SXM4-40GB (0),1,,13,"void ch_est::windowedChEstPreNoDftSOfdmKernel<float, __half, float, (unsigned int)2, (unsigned int)1, (unsigned short)4>(ch_est::puschRxChEstStatDescr_t *, ch_est::puschRxChEstDynDescr_t *)"
2230311503,6144,32638,137,2,1,24,2,1,44,0.001,0.001,,,,,NVIDIA A100-SXM4-40GB (0),1,,13,"void ch_est::chEstFilterNoDftSOfdmDispatchKernel<float, __half, float, (unsigned int)2>(ch_est::puschRxChEstStatDescr_t *, ch_est::puschRxChEstDynDescr_t *)"
2230318735,4544,32639,137,2,1,24,2,1,44,0.001,0.001,,,,,NVIDIA A100-SXM4-40GB (0),1,,13,"void ch_est::chEstFilterNoDftSOfdmDispatchKernel<float, __half, float, (unsigned int)2>(ch_est::puschRxChEstStatDescr_t *, ch_est::puschRxChEstDynDescr_t *)"
2230324495,2144,32650,103,1,1,128,1,1,16,0.000,0.000,,,,,NVIDIA A100-SXM4-40GB (0),1,,13,cupy_copy__complex64_complex64
2230327631,12672,32660,1434,1,1,128,1,1,16,0.000,0.000,,,,,NVIDIA A100-SXM4-40GB (0),1,,13,cupy_copy__complex64_complex64
2230341583,2080,32667,103,1,1,128,1,1,16,0.000,0.000,,,,,NVIDIA A100-SXM4-40GB (0),1,,13,cupy_copy__complex64_complex64
2230344719,78463,32674,1,1,1,32,32,1,30,0.000,0.000,,,,,NVIDIA A100-SXM4-40GB (0),1,,13,"void convert_kernel<__half2, float2>(tensor_layout_any, T1 *, tensor_layout_any, const T2 *)"
2230454318,4447,32677,,,,,,,,,,0.061,13816.013,Pinned,Device,NVIDIA A100-SXM4-40GB (0),1,,13,[CUDA memcpy Host-to-Device]
2230467213,45152,32678,,,,,,,,,,35.801,792883.861,Device,,NVIDIA A100-SXM4-40GB (0),1,,13,[CUDA memset]
2230519661,1856,32680,,,,,,,,,,0.000,43.103,Pinned,Device,NVIDIA A100-SXM4-40GB (0),1,,13,[CUDA memcpy Host-to-Device]
2230523629,6944,32681,,,,,,,,,,0.131,18875.548,Pinned,Device,NVIDIA A100-SXM4-40GB (0),1,,13,[CUDA memcpy Host-to-Device]
2230535117,8512,32682,273,1,1,48,1,1,40,0.000,0.001,,,,,NVIDIA A100-SXM4-40GB (0),1,,13,"void pusch_noise_intf_est::noiseIntfEstNoDftSOfdmKernel<float, __half, float, float, (unsigned int)2, (unsigned int)1, (unsigned char)4, (unsigned char)4>(pusch_noise_intf_est::puschRxNoiseIntfEstDynDescr)"
2230545613,2208,32693,35,1,1,128,1,1,16,0.000,0.000,,,,,NVIDIA A100-SXM4-40GB (0),1,,13,cupy_copy__complex64_complex64
2230581900,1504,32702,1,1,1,1,1,1,18,0.000,0.000,,,,,NVIDIA A100-SXM4-40GB (0),1,,13,cupy_copy__float32_float32
2230616492,1888,32708,,,,,,,,,,0.000,2.119,Device,Pageable,NVIDIA A100-SXM4-40GB (0),1,,7,[CUDA memcpy Device-to-Host]
2230676779,13152,32719,1434,1,1,128,1,1,16,0.000,0.000,,,,,NVIDIA A100-SXM4-40GB (0),1,,13,cupy_copy__complex64_complex64
2230703403,2400,32726,103,1,1,128,1,1,16,0.000,0.000,,,,,NVIDIA A100-SXM4-40GB (0),1,,13,cupy_copy__complex64_complex64
2230724363,1984,32733,35,1,1,128,1,1,16,0.000,0.000,,,,,NVIDIA A100-SXM4-40GB (0),1,,13,cupy_copy__complex64_complex64
2230741802,1472,32740,1,1,1,1,1,1,18,0.000,0.000,,,,,NVIDIA A100-SXM4-40GB (0),1,,13,cupy_copy__float32_float32
2230881897,78399,32751,1,1,1,32,32,1,30,0.000,0.000,,,,,NVIDIA A100-SXM4-40GB (0),1,,13,"void convert_kernel<__half2, float2>(tensor_layout_any, T1 *, tensor_layout_any, const T2 *)"
2230988456,4512,32754,,,,,,,,,,0.061,13617.009,Pinned,Device,NVIDIA A100-SXM4-40GB (0),1,,13,[CUDA memcpy Host-to-Device]
2231002887,2656,32755,,,,,,,,,,1.547,582313.216,Device,,NVIDIA A100-SXM4-40GB (0),1,,13,[CUDA memset]
2231008999,3392,32760,,,,,,,,,,0.021,6207.540,Pinned,Device,NVIDIA A100-SXM4-40GB (0),1,,13,[CUDA memcpy Host-to-Device]
2231015303,6944,32761,,,,,,,,,,0.131,18875.548,Pinned,Device,NVIDIA A100-SXM4-40GB (0),1,,13,[CUDA memcpy Host-to-Device]
2231026535,5856,32762,273,1,1,8,4,1,39,0.002,0.000,,,,,NVIDIA A100-SXM4-40GB (0),1,,13,"void channel_eq::eqMmseCoefCompLowMimoKernel<float, float, float, (unsigned int)4, (unsigned int)1, (unsigned int)4>(const channel_eq::_puschRxChEqStatDescr *, channel_eq::_puschRxChEqCoefCompDynDescr)"
2231033639,4768,32763,273,1,1,12,11,1,40,0.002,0.000,,,,,NVIDIA A100-SXM4-40GB (0),1,,13,"void channel_eq::eqMmseSoftDemapKernel<float, __half, __half, float, (unsigned int)4, (unsigned short)16383>(channel_eq::_puschRxChEqStatDescr *, channel_eq::_puschRxChEqSoftDemapDynDescr)"
2231039655,282109,32764,1,1,1,32,32,1,30,0.000,0.000,,,,,NVIDIA A100-SXM4-40GB (0),1,,13,"void convert_kernel<float2, __half2>(tensor_layout_any, T1 *, tensor_layout_any, const T2 *)"
2231322948,10176,32776,2253,1,1,128,1,1,16,0.000,0.000,,,,,NVIDIA A100-SXM4-40GB (0),1,,13,cupy_copy__float16_float16
2231334116,2432,32785,282,1,1,128,1,1,16,0.000,0.000,,,,,NVIDIA A100-SXM4-40GB (0),1,,13,cupy_copy__complex64_complex64
2231337540,1760,32794,26,1,1,128,1,1,16,0.000,0.000,,,,,NVIDIA A100-SXM4-40GB (0),1,,13,cupy_copy__float32_float32
2231340516,2528,32803,103,1,1,128,1,1,16,0.000,0.000,,,,,NVIDIA A100-SXM4-40GB (0),1,,13,cupy_copy__complex64_complex64
2231344260,11296,32813,1434,1,1,128,1,1,16,0.000,0.000,,,,,NVIDIA A100-SXM4-40GB (0),1,,13,cupy_copy__complex64_complex64
2231384355,78239,32818,1,1,1,32,32,1,30,0.000,0.000,,,,,NVIDIA A100-SXM4-40GB (0),1,,13,"void convert_kernel<__half2, float2>(tensor_layout_any, T1 *, tensor_layout_any, const T2 *)"
2231490338,4192,32821,,,,,,,,,,0.061,14656.451,Pinned,Device,NVIDIA A100-SXM4-40GB (0),1,,13,[CUDA memcpy Host-to-Device]
2231501346,587225,32822,,,,,,,,,,456.520,776997.857,Device,,NVIDIA A100-SXM4-40GB (0),1,,13,[CUDA memset]
2232091995,32768,32827,,,,,,,,,,0.825,25187.023,Pinned,Device,NVIDIA A100-SXM4-40GB (0),1,,13,[CUDA memcpy Host-to-Device]
2232127995,6848,32828,,,,,,,,,,0.131,19140.182,Pinned,Device,NVIDIA A100-SXM4-40GB (0),1,,13,[CUDA memcpy Host-to-Device]
2232138651,7104,32829,69,4,1,48,1,1,76,0.002,0.000,,,,,NVIDIA A100-SXM4-40GB (0),1,,13,"void ch_est::windowedChEstPreNoDftSOfdmKernel<float, __half, float, (unsigned int)2, (unsigned int)1, (unsigned short)4>(ch_est::puschRxChEstStatDescr_t *, ch_est::puschRxChEstDynDescr_t *)"
2232146811,6304,32830,137,2,1,24,2,1,44,0.001,0.001,,,,,NVIDIA A100-SXM4-40GB (0),1,,13,"void ch_est::chEstFilterNoDftSOfdmDispatchKernel<float, __half, float, (unsigned int)2>(ch_est::puschRxChEstStatDescr_t *, ch_est::puschRxChEstDynDescr_t *)"
2232154171,4544,32831,137,2,1,24,2,1,44,0.001,0.001,,,,,NVIDIA A100-SXM4-40GB (0),1,,13,"void ch_est::chEstFilterNoDftSOfdmDispatchKernel<float, __half, float, (unsigned int)2>(ch_est::puschRxChEstStatDescr_t *, ch_est::puschRxChEstDynDescr_t *)"
2232159963,2144,32842,103,1,1,128,1,1,16,0.000,0.000,,,,,NVIDIA A100-SXM4-40GB (0),1,,13,cupy_copy__complex64_complex64
2232163099,12607,32852,1434,1,1,128,1,1,16,0.000,0.000,,,,,NVIDIA A100-SXM4-40GB (0),1,,13,cupy_copy__complex64_complex64
2232176922,2080,32859,103,1,1,128,1,1,16,0.000,0.000,,,,,NVIDIA A100-SXM4-40GB (0),1,,13,cupy_copy__complex64_complex64
2232180218,78464,32866,1,1,1,32,32,1,30,0.000,0.000,,,,,NVIDIA A100-SXM4-40GB (0),1,,13,"void convert_kernel<__half2, float2>(tensor_layout_any, T1 *, tensor_layout_any, const T2 *)"
2232286041,4768,32869,,,,,,,,,,0.061,12885.873,Pinned,Device,NVIDIA A100-SXM4-40GB (0),1,,13,[CUDA memcpy Host-to-Device]
2232298393,45248,32870,,,,,,,,,,35.801,791201.216,Device,,NVIDIA A100-SXM4-40GB (0),1,,13,[CUDA memset]
2232350873,1856,32872,,,,,,,,,,0.000,43.103,Pinned,Device,NVIDIA A100-SXM4-40GB (0),1,,13,[CUDA memcpy Host-to-Device]
2232355864,7008,32873,,,,,,,,,,0.131,18703.188,Pinned,Device,NVIDIA A100-SXM4-40GB (0),1,,13,[CUDA memcpy Host-to-Device]
2232368920,8544,32874,273,1,1,48,1,1,40,0.000,0.001,,,,,NVIDIA A100-SXM4-40GB (0),1,,13,"void pusch_noise_intf_est::noiseIntfEstNoDftSOfdmKernel<float, __half, float, float, (unsigned int)2, (unsigned int)1, (unsigned char)4, (unsigned char)4>(pusch_noise_intf_est::puschRxNoiseIntfEstDynDescr)"
2232378936,2240,32885,35,1,1,128,1,1,16,0.000,0.000,,,,,NVIDIA A100-SXM4-40GB (0),1,,13,cupy_copy__complex64_complex64
2232405752,1504,32894,1,1,1,1,1,1,18,0.000,0.000,,,,,NVIDIA A100-SXM4-40GB (0),1,,13,cupy_copy__float32_float32
2232439352,1728,32900,,,,,,,,,,0.000,2.315,Device,Pageable,NVIDIA A100-SXM4-40GB (0),1,,7,[CUDA memcpy Device-to-Host]
2232497431,13280,32911,1434,1,1,128,1,1,16,0.000,0.000,,,,,NVIDIA A100-SXM4-40GB (0),1,,13,cupy_copy__complex64_complex64
2232523159,2336,32918,103,1,1,128,1,1,16,0.000,0.000,,,,,NVIDIA A100-SXM4-40GB (0),1,,13,cupy_copy__complex64_complex64
2232543574,2016,32925,35,1,1,128,1,1,16,0.000,0.000,,,,,NVIDIA A100-SXM4-40GB (0),1,,13,cupy_copy__complex64_complex64
2232565558,1472,32932,1,1,1,1,1,1,18,0.000,0.000,,,,,NVIDIA A100-SXM4-40GB (0),1,,13,cupy_copy__float32_float32
2232699701,78367,32943,1,1,1,32,32,1,30,0.000,0.000,,,,,NVIDIA A100-SXM4-40GB (0),1,,13,"void convert_kernel<__half2, float2>(tensor_layout_any, T1 *, tensor_layout_any, const T2 *)"
2232806291,4416,32946,,,,,,,,,,0.061,13913.027,Pinned,Device,NVIDIA A100-SXM4-40GB (0),1,,13,[CUDA memcpy Host-to-Device]
2232819987,2592,32947,,,,,,,,,,1.547,596690.632,Device,,NVIDIA A100-SXM4-40GB (0),1,,13,[CUDA memset]
2232826163,2720,32952,,,,,,,,,,0.021,7741.175,Pinned,Device,NVIDIA A100-SXM4-40GB (0),1,,13,[CUDA memcpy Host-to-Device]
2232832499,7456,32953,,,,,,,,,,0.131,17579.377,Pinned,Device,NVIDIA A100-SXM4-40GB (0),1,,13,[CUDA memcpy Host-to-Device]
2232852403,5984,32954,273,1,1,8,4,1,39,0.002,0.000,,,,,NVIDIA A100-SXM4-40GB (0),1,,13,"void channel_eq::eqMmseCoefCompLowMimoKernel<float, float, float, (unsigned int)4, (unsigned int)1, (unsigned int)4>(const channel_eq::_puschRxChEqStatDescr *, channel_eq::_puschRxChEqCoefCompDynDescr)"
2232859603,4864,32955,273,1,1,12,11,1,40,0.002,0.000,,,,,NVIDIA A100-SXM4-40GB (0),1,,13,"void channel_eq::eqMmseSoftDemapKernel<float, __half, __half, float, (unsigned int)4, (unsigned short)16383>(channel_eq::_puschRxChEqStatDescr *, channel_eq::_puschRxChEqSoftDemapDynDescr)"
2232865555,282781,32956,1,1,1,32,32,1,30,0.000,0.000,,,,,NVIDIA A100-SXM4-40GB (0),1,,13,"void convert_kernel<float2, __half2>(tensor_layout_any, T1 *, tensor_layout_any, const T2 *)"
2233149488,10144,32968,2253,1,1,128,1,1,16,0.000,0.000,,,,,NVIDIA A100-SXM4-40GB (0),1,,13,cupy_copy__float16_float16
2233160688,2368,32977,282,1,1,128,1,1,16,0.000,0.000,,,,,NVIDIA A100-SXM4-40GB (0),1,,13,cupy_copy__complex64_complex64
2233164080,1792,32986,26,1,1,128,1,1,16,0.000,0.000,,,,,NVIDIA A100-SXM4-40GB (0),1,,13,cupy_copy__float32_float32
2233167055,2528,32995,103,1,1,128,1,1,16,0.000,0.000,,,,,NVIDIA A100-SXM4-40GB (0),1,,13,cupy_copy__complex64_complex64
2233221679,11584,33011,1434,1,1,128,1,1,16,0.000,0.000,,,,,NVIDIA A100-SXM4-40GB (0),1,,13,cupy_copy__complex64_complex64
2233336814,78527,33016,1,1,1,32,32,1,30,0.000,0.000,,,,,NVIDIA A100-SXM4-40GB (0),1,,13,"void convert_kernel<__half2, float2>(tensor_layout_any, T1 *, tensor_layout_any, const T2 *)"
2233585131,4320,33019,,,,,,,,,,0.061,14222.193,Pinned,Device,NVIDIA A100-SXM4-40GB (0),1,,13,[CUDA memcpy Host-to-Device]
2233596459,590297,33020,,,,,,,,,,456.520,773345.693,Device,,NVIDIA A100-SXM4-40GB (0),1,,13,[CUDA memset]
2234191876,32800,33025,,,,,,,,,,0.825,25162.263,Pinned,Device,NVIDIA A100-SXM4-40GB (0),1,,13,[CUDA memcpy Host-to-Device]
2234227588,7072,33026,,,,,,,,,,0.131,18533.843,Pinned,Device,NVIDIA A100-SXM4-40GB (0),1,,13,[CUDA memcpy Host-to-Device]
2234242980,7295,33027,69,4,1,48,1,1,76,0.002,0.000,,,,,NVIDIA A100-SXM4-40GB (0),1,,13,"void ch_est::windowedChEstPreNoDftSOfdmKernel<float, __half, float, (unsigned int)2, (unsigned int)1, (unsigned short)4>(ch_est::puschRxChEstStatDescr_t *, ch_est::puschRxChEstDynDescr_t *)"
2234251363,6208,33028,137,2,1,24,2,1,44,0.001,0.001,,,,,NVIDIA A100-SXM4-40GB (0),1,,13,"void ch_est::chEstFilterNoDftSOfdmDispatchKernel<float, __half, float, (unsigned int)2>(ch_est::puschRxChEstStatDescr_t *, ch_est::puschRxChEstDynDescr_t *)"
2234258787,4576,33029,137,2,1,24,2,1,44,0.001,0.001,,,,,NVIDIA A100-SXM4-40GB (0),1,,13,"void ch_est::chEstFilterNoDftSOfdmDispatchKernel<float, __half, float, (unsigned int)2>(ch_est::puschRxChEstStatDescr_t *, ch_est::puschRxChEstDynDescr_t *)"
2234264355,2592,33040,103,1,1,128,1,1,16,0.000,0.000,,,,,NVIDIA A100-SXM4-40GB (0),1,,13,cupy_copy__complex64_complex64
2234268003,12576,33050,1434,1,1,128,1,1,16,0.000,0.000,,,,,NVIDIA A100-SXM4-40GB (0),1,,13,cupy_copy__complex64_complex64
2234281827,2080,33057,103,1,1,128,1,1,16,0.000,0.000,,,,,NVIDIA A100-SXM4-40GB (0),1,,13,cupy_copy__complex64_complex64
2234284995,78271,33064,1,1,1,32,32,1,30,0.000,0.000,,,,,NVIDIA A100-SXM4-40GB (0),1,,13,"void convert_kernel<__half2, float2>(tensor_layout_any, T1 *, tensor_layout_any, const T2 *)"
2234393858,4160,33067,,,,,,,,,,0.061,14769.193,Pinned,Device,NVIDIA A100-SXM4-40GB (0),1,,13,[CUDA memcpy Host-to-Device]
2234406850,45183,33068,,,,,,,,,,35.801,792346.847,Device,,NVIDIA A100-SXM4-40GB (0),1,,13,[CUDA memset]
2234458337,1984,33070,,,,,,,,,,0.000,40.323,Pinned,Device,NVIDIA A100-SXM4-40GB (0),1,,13,[CUDA memcpy Host-to-Device]
2234463393,6976,33071,,,,,,,,,,0.131,18788.909,Pinned,Device,NVIDIA A100-SXM4-40GB (0),1,,13,[CUDA memcpy Host-to-Device]
2234474401,8384,33072,273,1,1,48,1,1,40,0.000,0.001,,,,,NVIDIA A100-SXM4-40GB (0),1,,13,"void pusch_noise_intf_est::noiseIntfEstNoDftSOfdmKernel<float, __half, float, float, (unsigned int)2, (unsigned int)1, (unsigned char)4, (unsigned char)4>(pusch_noise_intf_est::puschRxNoiseIntfEstDynDescr)"
2234484289,2336,33083,35,1,1,128,1,1,16,0.000,0.000,,,,,NVIDIA A100-SXM4-40GB (0),1,,13,cupy_copy__complex64_complex64
2234519809,1503,33092,1,1,1,1,1,1,18,0.000,0.000,,,,,NVIDIA A100-SXM4-40GB (0),1,,13,cupy_copy__float32_float32
2234556704,1728,33098,,,,,,,,,,0.000,2.315,Device,Pageable,NVIDIA A100-SXM4-40GB (0),1,,7,[CUDA memcpy Device-to-Host]
2234615807,12960,33109,1434,1,1,128,1,1,16,0.000,0.000,,,,,NVIDIA A100-SXM4-40GB (0),1,,13,cupy_copy__complex64_complex64
2234642943,2336,33116,103,1,1,128,1,1,16,0.000,0.000,,,,,NVIDIA A100-SXM4-40GB (0),1,,13,cupy_copy__complex64_complex64
2234666783,1984,33123,35,1,1,128,1,1,16,0.000,0.000,,,,,NVIDIA A100-SXM4-40GB (0),1,,13,cupy_copy__complex64_complex64
2234684543,1472,33130,1,1,1,1,1,1,18,0.000,0.000,,,,,NVIDIA A100-SXM4-40GB (0),1,,13,cupy_copy__float32_float32
2234820637,78335,33141,1,1,1,32,32,1,30,0.000,0.000,,,,,NVIDIA A100-SXM4-40GB (0),1,,13,"void convert_kernel<__half2, float2>(tensor_layout_any, T1 *, tensor_layout_any, const T2 *)"
2235077690,4640,33144,,,,,,,,,,0.061,13241.364,Pinned,Device,NVIDIA A100-SXM4-40GB (0),1,,13,[CUDA memcpy Host-to-Device]
2235087962,2656,33145,,,,,,,,,,1.547,582313.216,Device,,NVIDIA A100-SXM4-40GB (0),1,,13,[CUDA memset]
2235091162,2720,33150,,,,,,,,,,0.021,7741.175,Pinned,Device,NVIDIA A100-SXM4-40GB (0),1,,13,[CUDA memcpy Host-to-Device]
2235096346,7008,33151,,,,,,,,,,0.131,18703.188,Pinned,Device,NVIDIA A100-SXM4-40GB (0),1,,13,[CUDA memcpy Host-to-Device]
2235114394,5856,33152,273,1,1,8,4,1,39,0.002,0.000,,,,,NVIDIA A100-SXM4-40GB (0),1,,13,"void channel_eq::eqMmseCoefCompLowMimoKernel<float, float, float, (unsigned int)4, (unsigned int)1, (unsigned int)4>(const channel_eq::_puschRxChEqStatDescr *, channel_eq::_puschRxChEqCoefCompDynDescr)"
2235121530,4768,33153,273,1,1,12,11,1,40,0.002,0.000,,,,,NVIDIA A100-SXM4-40GB (0),1,,13,"void channel_eq::eqMmseSoftDemapKernel<float, __half, __half, float, (unsigned int)4, (unsigned short)16383>(channel_eq::_puschRxChEqStatDescr *, channel_eq::_puschRxChEqSoftDemapDynDescr)"
2235127322,282717,33154,1,1,1,32,32,1,30,0.000,0.000,,,,,NVIDIA A100-SXM4-40GB (0),1,,13,"void convert_kernel<float2, __half2>(tensor_layout_any, T1 *, tensor_layout_any, const T2 *)"
2235411159,10208,33166,2253,1,1,128,1,1,16,0.000,0.000,,,,,NVIDIA A100-SXM4-40GB (0),1,,13,cupy_copy__float16_float16
2235422359,2367,33175,282,1,1,128,1,1,16,0.000,0.000,,,,,NVIDIA A100-SXM4-40GB (0),1,,13,cupy_copy__complex64_complex64
2235425750,1760,33184,26,1,1,128,1,1,16,0.000,0.000,,,,,NVIDIA A100-SXM4-40GB (0),1,,13,cupy_copy__float32_float32
2235428726,2528,33193,103,1,1,128,1,1,16,0.000,0.000,,,,,NVIDIA A100-SXM4-40GB (0),1,,13,cupy_copy__complex64_complex64
2235432438,11328,33203,1434,1,1,128,1,1,16,0.000,0.000,,,,,NVIDIA A100-SXM4-40GB (0),1,,13,cupy_copy__complex64_complex64
2235591893,78847,33208,1,1,1,32,32,1,30,0.000,0.000,,,,,NVIDIA A100-SXM4-40GB (0),1,,13,"void convert_kernel<__half2, float2>(tensor_layout_any, T1 *, tensor_layout_any, const T2 *)"
2235702067,4928,33211,,,,,,,,,,0.061,12467.528,Pinned,Device,NVIDIA A100-SXM4-40GB (0),1,,13,[CUDA memcpy Host-to-Device]
2235715379,587738,33212,,,,,,,,,,456.520,776541.336,Device,,NVIDIA A100-SXM4-40GB (0),1,,13,[CUDA memset]
2236307597,33151,33217,,,,,,,,,,0.825,24896.502,Pinned,Device,NVIDIA A100-SXM4-40GB (0),1,,13,[CUDA memcpy Host-to-Device]
2236342860,7008,33218,,,,,,,,,,0.131,18703.188,Pinned,Device,NVIDIA A100-SXM4-40GB (0),1,,13,[CUDA memcpy Host-to-Device]
2236360588,7296,33219,69,4,1,48,1,1,76,0.002,0.000,,,,,NVIDIA A100-SXM4-40GB (0),1,,13,"void ch_est::windowedChEstPreNoDftSOfdmKernel<float, __half, float, (unsigned int)2, (unsigned int)1, (unsigned short)4>(ch_est::puschRxChEstStatDescr_t *, ch_est::puschRxChEstDynDescr_t *)"
2236369004,6304,33220,137,2,1,24,2,1,44,0.001,0.001,,,,,NVIDIA A100-SXM4-40GB (0),1,,13,"void ch_est::chEstFilterNoDftSOfdmDispatchKernel<float, __half, float, (unsigned int)2>(ch_est::puschRxChEstStatDescr_t *, ch_est::puschRxChEstDynDescr_t *)"
2236376300,4576,33221,137,2,1,24,2,1,44,0.001,0.001,,,,,NVIDIA A100-SXM4-40GB (0),1,,13,"void ch_est::chEstFilterNoDftSOfdmDispatchKernel<float, __half, float, (unsigned int)2>(ch_est::puschRxChEstStatDescr_t *, ch_est::puschRxChEstDynDescr_t *)"
2236382124,2112,33232,103,1,1,128,1,1,16,0.000,0.000,,,,,NVIDIA A100-SXM4-40GB (0),1,,13,cupy_copy__complex64_complex64
2236385292,12544,33242,1434,1,1,128,1,1,16,0.000,0.000,,,,,NVIDIA A100-SXM4-40GB (0),1,,13,cupy_copy__complex64_complex64
2236398860,2080,33249,103,1,1,128,1,1,16,0.000,0.000,,,,,NVIDIA A100-SXM4-40GB (0),1,,13,cupy_copy__complex64_complex64
2236402028,78943,33256,1,1,1,32,32,1,30,0.000,0.000,,,,,NVIDIA A100-SXM4-40GB (0),1,,13,"void convert_kernel<__half2, float2>(tensor_layout_any, T1 *, tensor_layout_any, const T2 *)"
2236508746,4160,33259,,,,,,,,,,0.061,14769.193,Pinned,Device,NVIDIA A100-SXM4-40GB (0),1,,13,[CUDA memcpy Host-to-Device]
2236521194,45056,33260,,,,,,,,,,35.801,794566.506,Device,,NVIDIA A100-SXM4-40GB (0),1,,13,[CUDA memset]
2236573802,3552,33262,,,,,,,,,,0.000,22.522,Pinned,Device,NVIDIA A100-SXM4-40GB (0),1,,13,[CUDA memcpy Host-to-Device]
2236580842,6976,33263,,,,,,,,,,0.131,18788.909,Pinned,Device,NVIDIA A100-SXM4-40GB (0),1,,13,[CUDA memcpy Host-to-Device]
2236592202,8671,33264,273,1,1,48,1,1,40,0.000,0.001,,,,,NVIDIA A100-SXM4-40GB (0),1,,13,"void pusch_noise_intf_est::noiseIntfEstNoDftSOfdmKernel<float, __half, float, float, (unsigned int)2, (unsigned int)1, (unsigned char)4, (unsigned char)4>(pusch_noise_intf_est::puschRxNoiseIntfEstDynDescr)"
2236602313,2208,33275,35,1,1,128,1,1,16,0.000,0.000,,,,,NVIDIA A100-SXM4-40GB (0),1,,13,cupy_copy__complex64_complex64
2236629417,1536,33284,1,1,1,1,1,1,18,0.000,0.000,,,,,NVIDIA A100-SXM4-40GB (0),1,,13,cupy_copy__float32_float32
2236664169,1728,33290,,,,,,,,,,0.000,2.315,Device,Pageable,NVIDIA A100-SXM4-40GB (0),1,,7,[CUDA memcpy Device-to-Host]
2236722408,12960,33301,1434,1,1,128,1,1,16,0.000,0.000,,,,,NVIDIA A100-SXM4-40GB (0),1,,13,cupy_copy__complex64_complex64
2236753384,2336,33308,103,1,1,128,1,1,16,0.000,0.000,,,,,NVIDIA A100-SXM4-40GB (0),1,,13,cupy_copy__complex64_complex64
2236774184,2016,33315,35,1,1,128,1,1,16,0.000,0.000,,,,,NVIDIA A100-SXM4-40GB (0),1,,13,cupy_copy__complex64_complex64
2236791751,1472,33322,1,1,1,1,1,1,18,0.000,0.000,,,,,NVIDIA A100-SXM4-40GB (0),1,,13,cupy_copy__float32_float32
2236926662,78111,33333,1,1,1,32,32,1,30,0.000,0.000,,,,,NVIDIA A100-SXM4-40GB (0),1,,13,"void convert_kernel<__half2, float2>(tensor_layout_any, T1 *, tensor_layout_any, const T2 *)"
2237032581,4320,33336,,,,,,,,,,0.061,14222.193,Pinned,Device,NVIDIA A100-SXM4-40GB (0),1,,13,[CUDA memcpy Host-to-Device]
2237046757,2623,33337,,,,,,,,,,1.547,589638.027,Device,,NVIDIA A100-SXM4-40GB (0),1,,13,[CUDA memset]
2237052900,3168,33342,,,,,,,,,,0.021,6646.453,Pinned,Device,NVIDIA A100-SXM4-40GB (0),1,,13,[CUDA memcpy Host-to-Device]
2237059300,7040,33343,,,,,,,,,,0.131,18618.122,Pinned,Device,NVIDIA A100-SXM4-40GB (0),1,,13,[CUDA memcpy Host-to-Device]
2237072292,5824,33344,273,1,1,8,4,1,39,0.002,0.000,,,,,NVIDIA A100-SXM4-40GB (0),1,,13,"void channel_eq::eqMmseCoefCompLowMimoKernel<float, float, float, (unsigned int)4, (unsigned int)1, (unsigned int)4>(const channel_eq::_puschRxChEqStatDescr *, channel_eq::_puschRxChEqCoefCompDynDescr)"
2237079396,4768,33345,273,1,1,12,11,1,40,0.002,0.000,,,,,NVIDIA A100-SXM4-40GB (0),1,,13,"void channel_eq::eqMmseSoftDemapKernel<float, __half, __half, float, (unsigned int)4, (unsigned short)16383>(channel_eq::_puschRxChEqStatDescr *, channel_eq::_puschRxChEqSoftDemapDynDescr)"
2237085412,282397,33346,1,1,1,32,32,1,30,0.000,0.000,,,,,NVIDIA A100-SXM4-40GB (0),1,,13,"void convert_kernel<float2, __half2>(tensor_layout_any, T1 *, tensor_layout_any, const T2 *)"
2237369057,10240,33358,2253,1,1,128,1,1,16,0.000,0.000,,,,,NVIDIA A100-SXM4-40GB (0),1,,13,cupy_copy__float16_float16
2237380545,2400,33367,282,1,1,128,1,1,16,0.000,0.000,,,,,NVIDIA A100-SXM4-40GB (0),1,,13,cupy_copy__complex64_complex64
2237383969,1760,33376,26,1,1,128,1,1,16,0.000,0.000,,,,,NVIDIA A100-SXM4-40GB (0),1,,13,cupy_copy__float32_float32
2237386945,2592,33385,103,1,1,128,1,1,16,0.000,0.000,,,,,NVIDIA A100-SXM4-40GB (0),1,,13,cupy_copy__complex64_complex64
2237390593,11424,33395,1434,1,1,128,1,1,16,0.000,0.000,,,,,NVIDIA A100-SXM4-40GB (0),1,,13,cupy_copy__complex64_complex64
2237425856,78079,33400,1,1,1,32,32,1,30,0.000,0.000,,,,,NVIDIA A100-SXM4-40GB (0),1,,13,"void convert_kernel<__half2, float2>(tensor_layout_any, T1 *, tensor_layout_any, const T2 *)"
2237531551,4192,33403,,,,,,,,,,0.061,14656.451,Pinned,Device,NVIDIA A100-SXM4-40GB (0),1,,13,[CUDA memcpy Host-to-Device]
2237542687,587610,33404,,,,,,,,,,456.520,776541.336,Device,,NVIDIA A100-SXM4-40GB (0),1,,13,[CUDA memset]
2238135416,33504,33409,,,,,,,,,,0.825,24634.042,Pinned,Device,NVIDIA A100-SXM4-40GB (0),1,,13,[CUDA memcpy Host-to-Device]
2238171832,6816,33410,,,,,,,,,,0.131,19229.966,Pinned,Device,NVIDIA A100-SXM4-40GB (0),1,,13,[CUDA memcpy Host-to-Device]
2238184312,7008,33411,69,4,1,48,1,1,76,0.002,0.000,,,,,NVIDIA A100-SXM4-40GB (0),1,,13,"void ch_est::windowedChEstPreNoDftSOfdmKernel<float, __half, float, (unsigned int)2, (unsigned int)1, (unsigned short)4>(ch_est::puschRxChEstStatDescr_t *, ch_est::puschRxChEstDynDescr_t *)"
2238192568,6400,33412,137,2,1,24,2,1,44,0.001,0.001,,,,,NVIDIA A100-SXM4-40GB (0),1,,13,"void ch_est::chEstFilterNoDftSOfdmDispatchKernel<float, __half, float, (unsigned int)2>(ch_est::puschRxChEstStatDescr_t *, ch_est::puschRxChEstDynDescr_t *)"
2238200056,4576,33413,137,2,1,24,2,1,44,0.001,0.001,,,,,NVIDIA A100-SXM4-40GB (0),1,,13,"void ch_est::chEstFilterNoDftSOfdmDispatchKernel<float, __half, float, (unsigned int)2>(ch_est::puschRxChEstStatDescr_t *, ch_est::puschRxChEstDynDescr_t *)"
2238205816,2176,33424,103,1,1,128,1,1,16,0.000,0.000,,,,,NVIDIA A100-SXM4-40GB (0),1,,13,cupy_copy__complex64_complex64
2238209304,12671,33434,1434,1,1,128,1,1,16,0.000,0.000,,,,,NVIDIA A100-SXM4-40GB (0),1,,13,cupy_copy__complex64_complex64
2238223255,2080,33441,103,1,1,128,1,1,16,0.000,0.000,,,,,NVIDIA A100-SXM4-40GB (0),1,,13,cupy_copy__complex64_complex64
2238226455,78112,33448,1,1,1,32,32,1,30,0.000,0.000,,,,,NVIDIA A100-SXM4-40GB (0),1,,13,"void convert_kernel<__half2, float2>(tensor_layout_any, T1 *, tensor_layout_any, const T2 *)"
2238332726,4224,33451,,,,,,,,,,0.061,14545.428,Pinned,Device,NVIDIA A100-SXM4-40GB (0),1,,13,[CUDA memcpy Host-to-Device]
2238345686,45120,33452,,,,,,,,,,35.801,793456.676,Device,,NVIDIA A100-SXM4-40GB (0),1,,13,[CUDA memset]
2238397526,1856,33454,,,,,,,,,,0.000,43.103,Pinned,Device,NVIDIA A100-SXM4-40GB (0),1,,13,[CUDA memcpy Host-to-Device]
2238402677,7296,33455,,,,,,,,,,0.131,17964.859,Pinned,Device,NVIDIA A100-SXM4-40GB (0),1,,13,[CUDA memcpy Host-to-Device]
2238415861,8480,33456,273,1,1,48,1,1,40,0.000,0.001,,,,,NVIDIA A100-SXM4-40GB (0),1,,13,"void pusch_noise_intf_est::noiseIntfEstNoDftSOfdmKernel<float, __half, float, float, (unsigned int)2, (unsigned int)1, (unsigned char)4, (unsigned char)4>(pusch_noise_intf_est::puschRxNoiseIntfEstDynDescr)"
2238425717,2208,33467,35,1,1,128,1,1,16,0.000,0.000,,,,,NVIDIA A100-SXM4-40GB (0),1,,13,cupy_copy__complex64_complex64
2238452501,1504,33476,1,1,1,1,1,1,18,0.000,0.000,,,,,NVIDIA A100-SXM4-40GB (0),1,,13,cupy_copy__float32_float32
2238486165,2176,33482,,,,,,,,,,0.000,1.838,Device,Pageable,NVIDIA A100-SXM4-40GB (0),1,,7,[CUDA memcpy Device-to-Host]
2238547412,13152,33493,1434,1,1,128,1,1,16,0.000,0.000,,,,,NVIDIA A100-SXM4-40GB (0),1,,13,cupy_copy__complex64_complex64
2238573044,2304,33500,103,1,1,128,1,1,16,0.000,0.000,,,,,NVIDIA A100-SXM4-40GB (0),1,,13,cupy_copy__complex64_complex64
2238593299,1984,33507,35,1,1,128,1,1,16,0.000,0.000,,,,,NVIDIA A100-SXM4-40GB (0),1,,13,cupy_copy__complex64_complex64
2238611027,1472,33514,1,1,1,1,1,1,18,0.000,0.000,,,,,NVIDIA A100-SXM4-40GB (0),1,,13,cupy_copy__float32_float32
2238743890,78303,33525,1,1,1,32,32,1,30,0.000,0.000,,,,,NVIDIA A100-SXM4-40GB (0),1,,13,"void convert_kernel<__half2, float2>(tensor_layout_any, T1 *, tensor_layout_any, const T2 *)"
2239004111,4288,33528,,,,,,,,,,0.061,14328.300,Pinned,Device,NVIDIA A100-SXM4-40GB (0),1,,13,[CUDA memcpy Host-to-Device]
2239013999,2592,33529,,,,,,,,,,1.547,596690.632,Device,,NVIDIA A100-SXM4-40GB (0),1,,13,[CUDA memset]
2239017135,3744,33534,,,,,,,,,,0.021,5623.931,Pinned,Device,NVIDIA A100-SXM4-40GB (0),1,,13,[CUDA memcpy Host-to-Device]
2239024143,6784,33535,,,,,,,,,,0.131,19320.668,Pinned,Device,NVIDIA A100-SXM4-40GB (0),1,,13,[CUDA memcpy Host-to-Device]
2239040366,5856,33536,273,1,1,8,4,1,39,0.002,0.000,,,,,NVIDIA A100-SXM4-40GB (0),1,,13,"void channel_eq::eqMmseCoefCompLowMimoKernel<float, float, float, (unsigned int)4, (unsigned int)1, (unsigned int)4>(const channel_eq::_puschRxChEqStatDescr *, channel_eq::_puschRxChEqCoefCompDynDescr)"
2239047470,4864,33537,273,1,1,12,11,1,40,0.002,0.000,,,,,NVIDIA A100-SXM4-40GB (0),1,,13,"void channel_eq::eqMmseSoftDemapKernel<float, __half, __half, float, (unsigned int)4, (unsigned short)16383>(channel_eq::_puschRxChEqStatDescr *, channel_eq::_puschRxChEqSoftDemapDynDescr)"
2239053550,282045,33538,1,1,1,32,32,1,30,0.000,0.000,,,,,NVIDIA A100-SXM4-40GB (0),1,,13,"void convert_kernel<float2, __half2>(tensor_layout_any, T1 *, tensor_layout_any, const T2 *)"
2239336715,10240,33550,2253,1,1,128,1,1,16,0.000,0.000,,,,,NVIDIA A100-SXM4-40GB (0),1,,13,cupy_copy__float16_float16
2239347979,2400,33559,282,1,1,128,1,1,16,0.000,0.000,,,,,NVIDIA A100-SXM4-40GB (0),1,,13,cupy_copy__complex64_complex64
2239351371,1760,33568,26,1,1,128,1,1,16,0.000,0.000,,,,,NVIDIA A100-SXM4-40GB (0),1,,13,cupy_copy__float32_float32
2239354283,2496,33577,103,1,1,128,1,1,16,0.000,0.000,,,,,NVIDIA A100-SXM4-40GB (0),1,,13,cupy_copy__complex64_complex64
2239357995,11360,33587,1434,1,1,128,1,1,16,0.000,0.000,,,,,NVIDIA A100-SXM4-40GB (0),1,,13,cupy_copy__complex64_complex64
2239518025,78559,33592,1,1,1,32,32,1,30,0.000,0.000,,,,,NVIDIA A100-SXM4-40GB (0),1,,13,"void convert_kernel<__half2, float2>(tensor_layout_any, T1 *, tensor_layout_any, const T2 *)"
2239627464,4832,33595,,,,,,,,,,0.061,12715.192,Pinned,Device,NVIDIA A100-SXM4-40GB (0),1,,13,[CUDA memcpy Host-to-Device]
2239638760,587545,33596,,,,,,,,,,456.520,776541.336,Device,,NVIDIA A100-SXM4-40GB (0),1,,13,[CUDA memset]
2240231617,33120,33601,,,,,,,,,,0.825,24919.611,Pinned,Device,NVIDIA A100-SXM4-40GB (0),1,,13,[CUDA memcpy Host-to-Device]
2240267201,7264,33602,,,,,,,,,,0.131,18044.027,Pinned,Device,NVIDIA A100-SXM4-40GB (0),1,,13,[CUDA memcpy Host-to-Device]
2240279361,7360,33603,69,4,1,48,1,1,76,0.002,0.000,,,,,NVIDIA A100-SXM4-40GB (0),1,,13,"void ch_est::windowedChEstPreNoDftSOfdmKernel<float, __half, float, (unsigned int)2, (unsigned int)1, (unsigned short)4>(ch_est::puschRxChEstStatDescr_t *, ch_est::puschRxChEstDynDescr_t *)"
2240287777,6080,33604,137,2,1,24,2,1,44,0.001,0.001,,,,,NVIDIA A100-SXM4-40GB (0),1,,13,"void ch_est::chEstFilterNoDftSOfdmDispatchKernel<float, __half, float, (unsigned int)2>(ch_est::puschRxChEstStatDescr_t *, ch_est::puschRxChEstDynDescr_t *)"
2240295073,4543,33605,137,2,1,24,2,1,44,0.001,0.001,,,,,NVIDIA A100-SXM4-40GB (0),1,,13,"void ch_est::chEstFilterNoDftSOfdmDispatchKernel<float, __half, float, (unsigned int)2>(ch_est::puschRxChEstStatDescr_t *, ch_est::puschRxChEstDynDescr_t *)"
2240300864,2144,33616,103,1,1,128,1,1,16,0.000,0.000,,,,,NVIDIA A100-SXM4-40GB (0),1,,13,cupy_copy__complex64_complex64
2240303968,12640,33626,1434,1,1,128,1,1,16,0.000,0.000,,,,,NVIDIA A100-SXM4-40GB (0),1,,13,cupy_copy__complex64_complex64
2240317792,2080,33633,103,1,1,128,1,1,16,0.000,0.000,,,,,NVIDIA A100-SXM4-40GB (0),1,,13,cupy_copy__complex64_complex64
2240321120,77983,33640,1,1,1,32,32,1,30,0.000,0.000,,,,,NVIDIA A100-SXM4-40GB (0),1,,13,"void convert_kernel<__half2, float2>(tensor_layout_any, T1 *, tensor_layout_any, const T2 *)"
2240566622,4863,33643,,,,,,,,,,0.061,12634.153,Pinned,Device,NVIDIA A100-SXM4-40GB (0),1,,13,[CUDA memcpy Host-to-Device]
2240578397,46016,33644,,,,,,,,,,35.801,777990.662,Device,,NVIDIA A100-SXM4-40GB (0),1,,13,[CUDA memset]
2240629501,2176,33646,,,,,,,,,,0.000,36.765,Pinned,Device,NVIDIA A100-SXM4-40GB (0),1,,13,[CUDA memcpy Host-to-Device]
2240634141,7776,33647,,,,,,,,,,0.131,16855.859,Pinned,Device,NVIDIA A100-SXM4-40GB (0),1,,13,[CUDA memcpy Host-to-Device]
2240652125,9055,33648,273,1,1,48,1,1,40,0.000,0.001,,,,,NVIDIA A100-SXM4-40GB (0),1,,13,"void pusch_noise_intf_est::noiseIntfEstNoDftSOfdmKernel<float, __half, float, float, (unsigned int)2, (unsigned int)1, (unsigned char)4, (unsigned char)4>(pusch_noise_intf_est::puschRxNoiseIntfEstDynDescr)"
2240662588,2304,33659,35,1,1,128,1,1,16,0.000,0.000,,,,,NVIDIA A100-SXM4-40GB (0),1,,13,cupy_copy__complex64_complex64
2240673340,1504,33668,1,1,1,1,1,1,18,0.000,0.000,,,,,NVIDIA A100-SXM4-40GB (0),1,,13,cupy_copy__float32_float32
2240710428,1728,33674,,,,,,,,,,0.000,2.315,Device,Pageable,NVIDIA A100-SXM4-40GB (0),1,,7,[CUDA memcpy Device-to-Host]
2240768699,13600,33685,1434,1,1,128,1,1,16,0.000,0.000,,,,,NVIDIA A100-SXM4-40GB (0),1,,13,cupy_copy__complex64_complex64
2240794139,2336,33692,103,1,1,128,1,1,16,0.000,0.000,,,,,NVIDIA A100-SXM4-40GB (0),1,,13,cupy_copy__complex64_complex64
2240814875,2016,33699,35,1,1,128,1,1,16,0.000,0.000,,,,,NVIDIA A100-SXM4-40GB (0),1,,13,cupy_copy__complex64_complex64
2240832763,1472,33706,1,1,1,1,1,1,18,0.000,0.000,,,,,NVIDIA A100-SXM4-40GB (0),1,,13,cupy_copy__float32_float32
2241095544,78687,33717,1,1,1,32,32,1,30,0.000,0.000,,,,,NVIDIA A100-SXM4-40GB (0),1,,13,"void convert_kernel<__half2, float2>(tensor_layout_any, T1 *, tensor_layout_any, const T2 *)"
2241206326,4672,33720,,,,,,,,,,0.061,13150.679,Pinned,Device,NVIDIA A100-SXM4-40GB (0),1,,13,[CUDA memcpy Host-to-Device]
2241222006,2592,33721,,,,,,,,,,1.547,596690.632,Device,,NVIDIA A100-SXM4-40GB (0),1,,13,[CUDA memset]
2241228086,2816,33726,,,,,,,,,,0.021,7477.259,Pinned,Device,NVIDIA A100-SXM4-40GB (0),1,,13,[CUDA memcpy Host-to-Device]
2241233430,6816,33727,,,,,,,,,,0.131,19229.966,Pinned,Device,NVIDIA A100-SXM4-40GB (0),1,,13,[CUDA memcpy Host-to-Device]
2241244950,5824,33728,273,1,1,8,4,1,39,0.002,0.000,,,,,NVIDIA A100-SXM4-40GB (0),1,,13,"void channel_eq::eqMmseCoefCompLowMimoKernel<float, float, float, (unsigned int)4, (unsigned int)1, (unsigned int)4>(const channel_eq::_puschRxChEqStatDescr *, channel_eq::_puschRxChEqCoefCompDynDescr)"
2241251766,4800,33729,273,1,1,12,11,1,40,0.002,0.000,,,,,NVIDIA A100-SXM4-40GB (0),1,,13,"void channel_eq::eqMmseSoftDemapKernel<float, __half, __half, float, (unsigned int)4, (unsigned short)16383>(channel_eq::_puschRxChEqStatDescr *, channel_eq::_puschRxChEqSoftDemapDynDescr)"
2241257814,282365,33730,1,1,1,32,32,1,30,0.000,0.000,,,,,NVIDIA A100-SXM4-40GB (0),1,,13,"void convert_kernel<float2, __half2>(tensor_layout_any, T1 *, tensor_layout_any, const T2 *)"
2241541235,10208,33742,2253,1,1,128,1,1,16,0.000,0.000,,,,,NVIDIA A100-SXM4-40GB (0),1,,13,cupy_copy__float16_float16
2241552723,2432,33751,282,1,1,128,1,1,16,0.000,0.000,,,,,NVIDIA A100-SXM4-40GB (0),1,,13,cupy_copy__complex64_complex64
2241556179,1728,33760,26,1,1,128,1,1,16,0.000,0.000,,,,,NVIDIA A100-SXM4-40GB (0),1,,13,cupy_copy__float32_float32
2241559123,2559,33769,103,1,1,128,1,1,16,0.000,0.000,,,,,NVIDIA A100-SXM4-40GB (0),1,,13,cupy_copy__complex64_complex64
2241562834,11456,33779,1434,1,1,128,1,1,16,0.000,0.000,,,,,NVIDIA A100-SXM4-40GB (0),1,,13,cupy_copy__complex64_complex64
2241609938,78527,33784,1,1,1,32,32,1,30,0.000,0.000,,,,,NVIDIA A100-SXM4-40GB (0),1,,13,"void convert_kernel<__half2, float2>(tensor_layout_any, T1 *, tensor_layout_any, const T2 *)"
2241716081,4256,33787,,,,,,,,,,0.061,14436.065,Pinned,Device,NVIDIA A100-SXM4-40GB (0),1,,13,[CUDA memcpy Host-to-Device]
2241726961,588025,33788,,,,,,,,,,456.520,776084.816,Device,,NVIDIA A100-SXM4-40GB (0),1,,13,[CUDA memset]
2242317386,33408,33793,,,,,,,,,,0.825,24704.197,Pinned,Device,NVIDIA A100-SXM4-40GB (0),1,,13,[CUDA memcpy Host-to-Device]
2242353802,6880,33794,,,,,,,,,,0.131,19051.053,Pinned,Device,NVIDIA A100-SXM4-40GB (0),1,,13,[CUDA memcpy Host-to-Device]
2242370378,7167,33795,69,4,1,48,1,1,76,0.002,0.000,,,,,NVIDIA A100-SXM4-40GB (0),1,,13,"void ch_est::windowedChEstPreNoDftSOfdmKernel<float, __half, float, (unsigned int)2, (unsigned int)1, (unsigned short)4>(ch_est::puschRxChEstStatDescr_t *, ch_est::puschRxChEstDynDescr_t *)"
2242378825,6048,33796,137,2,1,24,2,1,44,0.001,0.001,,,,,NVIDIA A100-SXM4-40GB (0),1,,13,"void ch_est::chEstFilterNoDftSOfdmDispatchKernel<float, __half, float, (unsigned int)2>(ch_est::puschRxChEstStatDescr_t *, ch_est::puschRxChEstDynDescr_t *)"
2242386121,4576,33797,137,2,1,24,2,1,44,0.001,0.001,,,,,NVIDIA A100-SXM4-40GB (0),1,,13,"void ch_est::chEstFilterNoDftSOfdmDispatchKernel<float, __half, float, (unsigned int)2>(ch_est::puschRxChEstStatDescr_t *, ch_est::puschRxChEstDynDescr_t *)"
2242391721,2144,33808,103,1,1,128,1,1,16,0.000,0.000,,,,,NVIDIA A100-SXM4-40GB (0),1,,13,cupy_copy__complex64_complex64
2242394825,12576,33818,1434,1,1,128,1,1,16,0.000,0.000,,,,,NVIDIA A100-SXM4-40GB (0),1,,13,cupy_copy__complex64_complex64
2242408393,2112,33825,103,1,1,128,1,1,16,0.000,0.000,,,,,NVIDIA A100-SXM4-40GB (0),1,,13,cupy_copy__complex64_complex64
2242411593,78559,33832,1,1,1,32,32,1,30,0.000,0.000,,,,,NVIDIA A100-SXM4-40GB (0),1,,13,"void convert_kernel<__half2, float2>(tensor_layout_any, T1 *, tensor_layout_any, const T2 *)"
2242517768,4384,33835,,,,,,,,,,0.061,14014.587,Pinned,Device,NVIDIA A100-SXM4-40GB (0),1,,13,[CUDA memcpy Host-to-Device]
2242530312,44863,33836,,,,,,,,,,35.801,798003.398,Device,,NVIDIA A100-SXM4-40GB (0),1,,13,[CUDA memset]
2242581543,2368,33838,,,,,,,,,,0.000,33.784,Pinned,Device,NVIDIA A100-SXM4-40GB (0),1,,13,[CUDA memcpy Host-to-Device]
2242587303,7584,33839,,,,,,,,,,0.131,17282.630,Pinned,Device,NVIDIA A100-SXM4-40GB (0),1,,13,[CUDA memcpy Host-to-Device]
2242599591,8512,33840,273,1,1,48,1,1,40,0.000,0.001,,,,,NVIDIA A100-SXM4-40GB (0),1,,13,"void pusch_noise_intf_est::noiseIntfEstNoDftSOfdmKernel<float, __half, float, float, (unsigned int)2, (unsigned int)1, (unsigned char)4, (unsigned char)4>(pusch_noise_intf_est::puschRxNoiseIntfEstDynDescr)"
2242609671,2336,33851,35,1,1,128,1,1,16,0.000,0.000,,,,,NVIDIA A100-SXM4-40GB (0),1,,13,cupy_copy__complex64_complex64
2242640327,1504,33860,1,1,1,1,1,1,18,0.000,0.000,,,,,NVIDIA A100-SXM4-40GB (0),1,,13,cupy_copy__float32_float32
2242674278,2208,33866,,,,,,,,,,0.000,1.812,Device,Pageable,NVIDIA A100-SXM4-40GB (0),1,,7,[CUDA memcpy Device-to-Host]
2242732838,13151,33877,1434,1,1,128,1,1,16,0.000,0.000,,,,,NVIDIA A100-SXM4-40GB (0),1,,13,cupy_copy__complex64_complex64
2242758341,2368,33884,103,1,1,128,1,1,16,0.000,0.000,,,,,NVIDIA A100-SXM4-40GB (0),1,,13,cupy_copy__complex64_complex64
2242778693,1984,33891,35,1,1,128,1,1,16,0.000,0.000,,,,,NVIDIA A100-SXM4-40GB (0),1,,13,cupy_copy__complex64_complex64
2242796037,1472,33898,1,1,1,1,1,1,18,0.000,0.000,,,,,NVIDIA A100-SXM4-40GB (0),1,,13,cupy_copy__float32_float32
2242929059,79007,33909,1,1,1,32,32,1,30,0.000,0.000,,,,,NVIDIA A100-SXM4-40GB (0),1,,13,"void convert_kernel<__half2, float2>(tensor_layout_any, T1 *, tensor_layout_any, const T2 *)"
2243035650,4864,33912,,,,,,,,,,0.061,12631.572,Pinned,Device,NVIDIA A100-SXM4-40GB (0),1,,13,[CUDA memcpy Host-to-Device]
2243049826,2656,33913,,,,,,,,,,1.547,582313.216,Device,,NVIDIA A100-SXM4-40GB (0),1,,13,[CUDA memset]
2243056194,2720,33918,,,,,,,,,,0.021,7741.175,Pinned,Device,NVIDIA A100-SXM4-40GB (0),1,,13,[CUDA memcpy Host-to-Device]
2243061058,6816,33919,,,,,,,,,,0.131,19229.966,Pinned,Device,NVIDIA A100-SXM4-40GB (0),1,,13,[CUDA memcpy Host-to-Device]
2243072322,5824,33920,273,1,1,8,4,1,39,0.002,0.000,,,,,NVIDIA A100-SXM4-40GB (0),1,,13,"void channel_eq::eqMmseCoefCompLowMimoKernel<float, float, float, (unsigned int)4, (unsigned int)1, (unsigned int)4>(const channel_eq::_puschRxChEqStatDescr *, channel_eq::_puschRxChEqCoefCompDynDescr)"
2243079394,4864,33921,273,1,1,12,11,1,40,0.002,0.000,,,,,NVIDIA A100-SXM4-40GB (0),1,,13,"void channel_eq::eqMmseSoftDemapKernel<float, __half, __half, float, (unsigned int)4, (unsigned short)16383>(channel_eq::_puschRxChEqStatDescr *, channel_eq::_puschRxChEqSoftDemapDynDescr)"
2243085538,281948,33922,1,1,1,32,32,1,30,0.000,0.000,,,,,NVIDIA A100-SXM4-40GB (0),1,,13,"void convert_kernel<float2, __half2>(tensor_layout_any, T1 *, tensor_layout_any, const T2 *)"
2243368638,10208,33934,2253,1,1,128,1,1,16,0.000,0.000,,,,,NVIDIA A100-SXM4-40GB (0),1,,13,cupy_copy__float16_float16
2243379838,2400,33943,282,1,1,128,1,1,16,0.000,0.000,,,,,NVIDIA A100-SXM4-40GB (0),1,,13,cupy_copy__complex64_complex64
2243383262,1760,33952,26,1,1,128,1,1,16,0.000,0.000,,,,,NVIDIA A100-SXM4-40GB (0),1,,13,cupy_copy__float32_float32
2243386238,2528,33961,103,1,1,128,1,1,16,0.000,0.000,,,,,NVIDIA A100-SXM4-40GB (0),1,,13,cupy_copy__complex64_complex64
2243389982,11328,33971,1434,1,1,128,1,1,16,0.000,0.000,,,,,NVIDIA A100-SXM4-40GB (0),1,,13,cupy_copy__complex64_complex64
2243431294,77919,33976,1,1,1,32,32,1,30,0.000,0.000,,,,,NVIDIA A100-SXM4-40GB (0),1,,13,"void convert_kernel<__half2, float2>(tensor_layout_any, T1 *, tensor_layout_any, const T2 *)"
2243536605,4672,33979,,,,,,,,,,0.061,13150.679,Pinned,Device,NVIDIA A100-SXM4-40GB (0),1,,13,[CUDA memcpy Host-to-Device]
2243547164,587674,33980,,,,,,,,,,456.520,776541.336,Device,,NVIDIA A100-SXM4-40GB (0),1,,13,[CUDA memset]
2244141494,33408,33985,,,,,,,,,,0.825,24704.197,Pinned,Device,NVIDIA A100-SXM4-40GB (0),1,,13,[CUDA memcpy Host-to-Device]
2244178133,7392,33986,,,,,,,,,,0.131,17731.551,Pinned,Device,NVIDIA A100-SXM4-40GB (0),1,,13,[CUDA memcpy Host-to-Device]
2244192053,7232,33987,69,4,1,48,1,1,76,0.002,0.000,,,,,NVIDIA A100-SXM4-40GB (0),1,,13,"void ch_est::windowedChEstPreNoDftSOfdmKernel<float, __half, float, (unsigned int)2, (unsigned int)1, (unsigned short)4>(ch_est::puschRxChEstStatDescr_t *, ch_est::puschRxChEstDynDescr_t *)"
2244200501,6272,33988,137,2,1,24,2,1,44,0.001,0.001,,,,,NVIDIA A100-SXM4-40GB (0),1,,13,"void ch_est::chEstFilterNoDftSOfdmDispatchKernel<float, __half, float, (unsigned int)2>(ch_est::puschRxChEstStatDescr_t *, ch_est::puschRxChEstDynDescr_t *)"
2244208085,4544,33989,137,2,1,24,2,1,44,0.001,0.001,,,,,NVIDIA A100-SXM4-40GB (0),1,,13,"void ch_est::chEstFilterNoDftSOfdmDispatchKernel<float, __half, float, (unsigned int)2>(ch_est::puschRxChEstStatDescr_t *, ch_est::puschRxChEstDynDescr_t *)"
2244213877,2144,34000,103,1,1,128,1,1,16,0.000,0.000,,,,,NVIDIA A100-SXM4-40GB (0),1,,13,cupy_copy__complex64_complex64
2244217717,12480,34010,1434,1,1,128,1,1,16,0.000,0.000,,,,,NVIDIA A100-SXM4-40GB (0),1,,13,cupy_copy__complex64_complex64
2244231285,2080,34017,103,1,1,128,1,1,16,0.000,0.000,,,,,NVIDIA A100-SXM4-40GB (0),1,,13,cupy_copy__complex64_complex64
2244234421,78751,34024,1,1,1,32,32,1,30,0.000,0.000,,,,,NVIDIA A100-SXM4-40GB (0),1,,13,"void convert_kernel<__half2, float2>(tensor_layout_any, T1 *, tensor_layout_any, const T2 *)"
2244484338,4160,34027,,,,,,,,,,0.061,14769.193,Pinned,Device,NVIDIA A100-SXM4-40GB (0),1,,13,[CUDA memcpy Host-to-Device]
2244497202,46207,34028,,,,,,,,,,35.801,774768.575,Device,,NVIDIA A100-SXM4-40GB (0),1,,13,[CUDA memset]
2244548625,2304,34030,,,,,,,,,,0.000,34.722,Pinned,Device,NVIDIA A100-SXM4-40GB (0),1,,13,[CUDA memcpy Host-to-Device]
2244553841,7104,34031,,,,,,,,,,0.131,18450.350,Pinned,Device,NVIDIA A100-SXM4-40GB (0),1,,13,[CUDA memcpy Host-to-Device]
2244565809,8864,34032,273,1,1,48,1,1,40,0.000,0.001,,,,,NVIDIA A100-SXM4-40GB (0),1,,13,"void pusch_noise_intf_est::noiseIntfEstNoDftSOfdmKernel<float, __half, float, float, (unsigned int)2, (unsigned int)1, (unsigned char)4, (unsigned char)4>(pusch_noise_intf_est::puschRxNoiseIntfEstDynDescr)"
2244576305,2368,34043,35,1,1,128,1,1,16,0.000,0.000,,,,,NVIDIA A100-SXM4-40GB (0),1,,13,cupy_copy__complex64_complex64
2244594609,1504,34052,1,1,1,1,1,1,18,0.000,0.000,,,,,NVIDIA A100-SXM4-40GB (0),1,,13,cupy_copy__float32_float32
2244629648,2368,34058,,,,,,,,,,0.000,1.689,Device,Pageable,NVIDIA A100-SXM4-40GB (0),1,,7,[CUDA memcpy Device-to-Host]
2244688304,12960,34069,1434,1,1,128,1,1,16,0.000,0.000,,,,,NVIDIA A100-SXM4-40GB (0),1,,13,cupy_copy__complex64_complex64
2244714896,2336,34076,103,1,1,128,1,1,16,0.000,0.000,,,,,NVIDIA A100-SXM4-40GB (0),1,,13,cupy_copy__complex64_complex64
2244735407,1984,34083,35,1,1,128,1,1,16,0.000,0.000,,,,,NVIDIA A100-SXM4-40GB (0),1,,13,cupy_copy__complex64_complex64
2244752271,1472,34090,1,1,1,1,1,1,18,0.000,0.000,,,,,NVIDIA A100-SXM4-40GB (0),1,,13,cupy_copy__float32_float32
2245016364,78655,34101,1,1,1,32,32,1,30,0.000,0.000,,,,,NVIDIA A100-SXM4-40GB (0),1,,13,"void convert_kernel<__half2, float2>(tensor_layout_any, T1 *, tensor_layout_any, const T2 *)"
2245127339,4608,34104,,,,,,,,,,0.061,13333.279,Pinned,Device,NVIDIA A100-SXM4-40GB (0),1,,13,[CUDA memcpy Host-to-Device]
2245141835,2560,34105,,,,,,,,,,1.547,604150.000,Device,,NVIDIA A100-SXM4-40GB (0),1,,13,[CUDA memset]
2245148203,2720,34110,,,,,,,,,,0.021,7741.175,Pinned,Device,NVIDIA A100-SXM4-40GB (0),1,,13,[CUDA memcpy Host-to-Device]
2245153963,7552,34111,,,,,,,,,,0.131,17355.899,Pinned,Device,NVIDIA A100-SXM4-40GB (0),1,,13,[CUDA memcpy Host-to-Device]
2245168939,5855,34112,273,1,1,8,4,1,39,0.002,0.000,,,,,NVIDIA A100-SXM4-40GB (0),1,,13,"void channel_eq::eqMmseCoefCompLowMimoKernel<float, float, float, (unsigned int)4, (unsigned int)1, (unsigned int)4>(const channel_eq::_puschRxChEqStatDescr *, channel_eq::_puschRxChEqCoefCompDynDescr)"
2245176042,4832,34113,273,1,1,12,11,1,40,0.002,0.000,,,,,NVIDIA A100-SXM4-40GB (0),1,,13,"void channel_eq::eqMmseSoftDemapKernel<float, __half, __half, float, (unsigned int)4, (unsigned short)16383>(channel_eq::_puschRxChEqStatDescr *, channel_eq::_puschRxChEqSoftDemapDynDescr)"
2245182090,281629,34114,1,1,1,32,32,1,30,0.000,0.000,,,,,NVIDIA A100-SXM4-40GB (0),1,,13,"void convert_kernel<float2, __half2>(tensor_layout_any, T1 *, tensor_layout_any, const T2 *)"
2245464935,10176,34126,2253,1,1,128,1,1,16,0.000,0.000,,,,,NVIDIA A100-SXM4-40GB (0),1,,13,cupy_copy__float16_float16
2245476135,2368,34135,282,1,1,128,1,1,16,0.000,0.000,,,,,NVIDIA A100-SXM4-40GB (0),1,,13,cupy_copy__complex64_complex64
2245479527,1760,34144,26,1,1,128,1,1,16,0.000,0.000,,,,,NVIDIA A100-SXM4-40GB (0),1,,13,cupy_copy__float32_float32
2245482503,2560,34153,103,1,1,128,1,1,16,0.000,0.000,,,,,NVIDIA A100-SXM4-40GB (0),1,,13,cupy_copy__complex64_complex64
2245486247,11392,34163,1434,1,1,128,1,1,16,0.000,0.000,,,,,NVIDIA A100-SXM4-40GB (0),1,,13,cupy_copy__complex64_complex64
2245529415,79007,34168,1,1,1,32,32,1,30,0.000,0.000,,,,,NVIDIA A100-SXM4-40GB (0),1,,13,"void convert_kernel<__half2, float2>(tensor_layout_any, T1 *, tensor_layout_any, const T2 *)"
2245775844,4768,34171,,,,,,,,,,0.061,12885.873,Pinned,Device,NVIDIA A100-SXM4-40GB (0),1,,13,[CUDA memcpy Host-to-Device]
2245787076,589049,34172,,,,,,,,,,456.520,774715.255,Device,,NVIDIA A100-SXM4-40GB (0),1,,13,[CUDA memset]
2246380829,33056,34177,,,,,,,,,,0.825,24967.481,Pinned,Device,NVIDIA A100-SXM4-40GB (0),1,,13,[CUDA memcpy Host-to-Device]
2246417085,6912,34178,,,,,,,,,,0.131,18962.842,Pinned,Device,NVIDIA A100-SXM4-40GB (0),1,,13,[CUDA memcpy Host-to-Device]
2246430493,7647,34179,69,4,1,48,1,1,76,0.002,0.000,,,,,NVIDIA A100-SXM4-40GB (0),1,,13,"void ch_est::windowedChEstPreNoDftSOfdmKernel<float, __half, float, (unsigned int)2, (unsigned int)1, (unsigned short)4>(ch_est::puschRxChEstStatDescr_t *, ch_est::puschRxChEstDynDescr_t *)"
2246439452,6304,34180,137,2,1,24,2,1,44,0.001,0.001,,,,,NVIDIA A100-SXM4-40GB (0),1,,13,"void ch_est::chEstFilterNoDftSOfdmDispatchKernel<float, __half, float, (unsigned int)2>(ch_est::puschRxChEstStatDescr_t *, ch_est::puschRxChEstDynDescr_t *)"
2246447036,4544,34181,137,2,1,24,2,1,44,0.001,0.001,,,,,NVIDIA A100-SXM4-40GB (0),1,,13,"void ch_est::chEstFilterNoDftSOfdmDispatchKernel<float, __half, float, (unsigned int)2>(ch_est::puschRxChEstStatDescr_t *, ch_est::puschRxChEstDynDescr_t *)"
2246452828,2144,34192,103,1,1,128,1,1,16,0.000,0.000,,,,,NVIDIA A100-SXM4-40GB (0),1,,13,cupy_copy__complex64_complex64
2246455996,12512,34202,1434,1,1,128,1,1,16,0.000,0.000,,,,,NVIDIA A100-SXM4-40GB (0),1,,13,cupy_copy__complex64_complex64
2246469596,2080,34209,103,1,1,128,1,1,16,0.000,0.000,,,,,NVIDIA A100-SXM4-40GB (0),1,,13,cupy_copy__complex64_complex64
2246472764,78399,34216,1,1,1,32,32,1,30,0.000,0.000,,,,,NVIDIA A100-SXM4-40GB (0),1,,13,"void convert_kernel<__half2, float2>(tensor_layout_any, T1 *, tensor_layout_any, const T2 *)"
2246581691,4416,34219,,,,,,,,,,0.061,13913.027,Pinned,Device,NVIDIA A100-SXM4-40GB (0),1,,13,[CUDA memcpy Host-to-Device]
2246594587,45055,34220,,,,,,,,,,35.801,794602.307,Device,,NVIDIA A100-SXM4-40GB (0),1,,13,[CUDA memset]
2246641114,2016,34222,,,,,,,,,,0.000,39.682,Pinned,Device,NVIDIA A100-SXM4-40GB (0),1,,13,[CUDA memcpy Host-to-Device]
2246645690,6752,34223,,,,,,,,,,0.131,19412.287,Pinned,Device,NVIDIA A100-SXM4-40GB (0),1,,13,[CUDA memcpy Host-to-Device]
2246663994,8512,34224,273,1,1,48,1,1,40,0.000,0.001,,,,,NVIDIA A100-SXM4-40GB (0),1,,13,"void pusch_noise_intf_est::noiseIntfEstNoDftSOfdmKernel<float, __half, float, float, (unsigned int)2, (unsigned int)1, (unsigned char)4, (unsigned char)4>(pusch_noise_intf_est::puschRxNoiseIntfEstDynDescr)"
2246675354,2432,34235,35,1,1,128,1,1,16,0.000,0.000,,,,,NVIDIA A100-SXM4-40GB (0),1,,13,cupy_copy__complex64_complex64
2246710745,1504,34244,1,1,1,1,1,1,18,0.000,0.000,,,,,NVIDIA A100-SXM4-40GB (0),1,,13,cupy_copy__float32_float32
2246744665,1728,34250,,,,,,,,,,0.000,2.315,Device,Pageable,NVIDIA A100-SXM4-40GB (0),1,,7,[CUDA memcpy Device-to-Host]
2246802648,12832,34261,1434,1,1,128,1,1,16,0.000,0.000,,,,,NVIDIA A100-SXM4-40GB (0),1,,13,cupy_copy__complex64_complex64
2246829080,2368,34268,103,1,1,128,1,1,16,0.000,0.000,,,,,NVIDIA A100-SXM4-40GB (0),1,,13,cupy_copy__complex64_complex64
2246850008,1984,34275,35,1,1,128,1,1,16,0.000,0.000,,,,,NVIDIA A100-SXM4-40GB (0),1,,13,cupy_copy__complex64_complex64
2246868152,1440,34282,1,1,1,1,1,1,18,0.000,0.000,,,,,NVIDIA A100-SXM4-40GB (0),1,,13,cupy_copy__float32_float32
2247002166,77695,34293,1,1,1,32,32,1,30,0.000,0.000,,,,,NVIDIA A100-SXM4-40GB (0),1,,13,"void convert_kernel<__half2, float2>(tensor_layout_any, T1 *, tensor_layout_any, const T2 *)"
2247107669,4768,34296,,,,,,,,,,0.061,12885.873,Pinned,Device,NVIDIA A100-SXM4-40GB (0),1,,13,[CUDA memcpy Host-to-Device]
2247122837,2624,34297,,,,,,,,,,1.547,589413.767,Device,,NVIDIA A100-SXM4-40GB (0),1,,13,[CUDA memset]
2247129013,3424,34302,,,,,,,,,,0.021,6149.531,Pinned,Device,NVIDIA A100-SXM4-40GB (0),1,,13,[CUDA memcpy Host-to-Device]
2247135541,7040,34303,,,,,,,,,,0.131,18618.122,Pinned,Device,NVIDIA A100-SXM4-40GB (0),1,,13,[CUDA memcpy Host-to-Device]
2247146581,5824,34304,273,1,1,8,4,1,39,0.002,0.000,,,,,NVIDIA A100-SXM4-40GB (0),1,,13,"void channel_eq::eqMmseCoefCompLowMimoKernel<float, float, float, (unsigned int)4, (unsigned int)1, (unsigned int)4>(const channel_eq::_puschRxChEqStatDescr *, channel_eq::_puschRxChEqCoefCompDynDescr)"
2247153653,4831,34305,273,1,1,12,11,1,40,0.002,0.000,,,,,NVIDIA A100-SXM4-40GB (0),1,,13,"void channel_eq::eqMmseSoftDemapKernel<float, __half, __half, float, (unsigned int)4, (unsigned short)16383>(channel_eq::_puschRxChEqStatDescr *, channel_eq::_puschRxChEqSoftDemapDynDescr)"
2247159700,282525,34306,1,1,1,32,32,1,30,0.000,0.000,,,,,NVIDIA A100-SXM4-40GB (0),1,,13,"void convert_kernel<float2, __half2>(tensor_layout_any, T1 *, tensor_layout_any, const T2 *)"
2247443345,10240,34318,2253,1,1,128,1,1,16,0.000,0.000,,,,,NVIDIA A100-SXM4-40GB (0),1,,13,cupy_copy__float16_float16
2247454865,2400,34327,282,1,1,128,1,1,16,0.000,0.000,,,,,NVIDIA A100-SXM4-40GB (0),1,,13,cupy_copy__complex64_complex64
2247458257,1792,34336,26,1,1,128,1,1,16,0.000,0.000,,,,,NVIDIA A100-SXM4-40GB (0),1,,13,cupy_copy__float32_float32
2247461233,2528,34345,103,1,1,128,1,1,16,0.000,0.000,,,,,NVIDIA A100-SXM4-40GB (0),1,,13,cupy_copy__complex64_complex64
2247464977,11392,34355,1434,1,1,128,1,1,16,0.000,0.000,,,,,NVIDIA A100-SXM4-40GB (0),1,,13,cupy_copy__complex64_complex64
2247502225,78335,34360,1,1,1,32,32,1,30,0.000,0.000,,,,,NVIDIA A100-SXM4-40GB (0),1,,13,"void convert_kernel<__half2, float2>(tensor_layout_any, T1 *, tensor_layout_any, const T2 *)"
2247607887,4704,34363,,,,,,,,,,0.061,13061.222,Pinned,Device,NVIDIA A100-SXM4-40GB (0),1,,13,[CUDA memcpy Host-to-Device]
2247618543,587130,34364,,,,,,,,,,456.520,777454.377,Device,,NVIDIA A100-SXM4-40GB (0),1,,13,[CUDA memset]
2248207337,32735,34369,,,,,,,,,,0.825,25212.609,Pinned,Device,NVIDIA A100-SXM4-40GB (0),1,,13,[CUDA memcpy Host-to-Device]
2248243400,7232,34370,,,,,,,,,,0.131,18123.850,Pinned,Device,NVIDIA A100-SXM4-40GB (0),1,,13,[CUDA memcpy Host-to-Device]
2248262376,7200,34371,69,4,1,48,1,1,76,0.002,0.000,,,,,NVIDIA A100-SXM4-40GB (0),1,,13,"void ch_est::windowedChEstPreNoDftSOfdmKernel<float, __half, float, (unsigned int)2, (unsigned int)1, (unsigned short)4>(ch_est::puschRxChEstStatDescr_t *, ch_est::puschRxChEstDynDescr_t *)"
2248270888,6176,34372,137,2,1,24,2,1,44,0.001,0.001,,,,,NVIDIA A100-SXM4-40GB (0),1,,13,"void ch_est::chEstFilterNoDftSOfdmDispatchKernel<float, __half, float, (unsigned int)2>(ch_est::puschRxChEstStatDescr_t *, ch_est::puschRxChEstDynDescr_t *)"
2248278280,4544,34373,137,2,1,24,2,1,44,0.001,0.001,,,,,NVIDIA A100-SXM4-40GB (0),1,,13,"void ch_est::chEstFilterNoDftSOfdmDispatchKernel<float, __half, float, (unsigned int)2>(ch_est::puschRxChEstStatDescr_t *, ch_est::puschRxChEstDynDescr_t *)"
2248284072,2144,34384,103,1,1,128,1,1,16,0.000,0.000,,,,,NVIDIA A100-SXM4-40GB (0),1,,13,cupy_copy__complex64_complex64
2248287208,12480,34394,1434,1,1,128,1,1,16,0.000,0.000,,,,,NVIDIA A100-SXM4-40GB (0),1,,13,cupy_copy__complex64_complex64
2248300808,2080,34401,103,1,1,128,1,1,16,0.000,0.000,,,,,NVIDIA A100-SXM4-40GB (0),1,,13,cupy_copy__complex64_complex64
2248304104,78207,34408,1,1,1,32,32,1,30,0.000,0.000,,,,,NVIDIA A100-SXM4-40GB (0),1,,13,"void convert_kernel<__half2, float2>(tensor_layout_any, T1 *, tensor_layout_any, const T2 *)"
2248409671,4768,34411,,,,,,,,,,0.061,12885.873,Pinned,Device,NVIDIA A100-SXM4-40GB (0),1,,13,[CUDA memcpy Host-to-Device]
2248421798,44832,34412,,,,,,,,,,35.801,798540.413,Device,,NVIDIA A100-SXM4-40GB (0),1,,13,[CUDA memset]
2248467846,1856,34414,,,,,,,,,,0.000,43.103,Pinned,Device,NVIDIA A100-SXM4-40GB (0),1,,13,[CUDA memcpy Host-to-Device]
2248472838,6880,34415,,,,,,,,,,0.131,19051.053,Pinned,Device,NVIDIA A100-SXM4-40GB (0),1,,13,[CUDA memcpy Host-to-Device]
2248483878,8448,34416,273,1,1,48,1,1,40,0.000,0.001,,,,,NVIDIA A100-SXM4-40GB (0),1,,13,"void pusch_noise_intf_est::noiseIntfEstNoDftSOfdmKernel<float, __half, float, float, (unsigned int)2, (unsigned int)1, (unsigned char)4, (unsigned char)4>(pusch_noise_intf_est::puschRxNoiseIntfEstDynDescr)"
2248498566,2208,34427,35,1,1,128,1,1,16,0.000,0.000,,,,,NVIDIA A100-SXM4-40GB (0),1,,13,cupy_copy__complex64_complex64
2248533925,1504,34436,1,1,1,1,1,1,18,0.000,0.000,,,,,NVIDIA A100-SXM4-40GB (0),1,,13,cupy_copy__float32_float32
2248567845,1632,34442,,,,,,,,,,0.000,2.451,Device,Pageable,NVIDIA A100-SXM4-40GB (0),1,,7,[CUDA memcpy Device-to-Host]
2248626052,13120,34453,1434,1,1,128,1,1,16,0.000,0.000,,,,,NVIDIA A100-SXM4-40GB (0),1,,13,cupy_copy__complex64_complex64
2248652036,2336,34460,103,1,1,128,1,1,16,0.000,0.000,,,,,NVIDIA A100-SXM4-40GB (0),1,,13,cupy_copy__complex64_complex64
2248672228,2016,34467,35,1,1,128,1,1,16,0.000,0.000,,,,,NVIDIA A100-SXM4-40GB (0),1,,13,cupy_copy__complex64_complex64
2248690180,1439,34474,1,1,1,1,1,1,18,0.000,0.000,,,,,NVIDIA A100-SXM4-40GB (0),1,,13,cupy_copy__float32_float32
2248826818,78143,34485,1,1,1,32,32,1,30,0.000,0.000,,,,,NVIDIA A100-SXM4-40GB (0),1,,13,"void convert_kernel<__half2, float2>(tensor_layout_any, T1 *, tensor_layout_any, const T2 *)"
2248932929,4416,34488,,,,,,,,,,0.061,13913.027,Pinned,Device,NVIDIA A100-SXM4-40GB (0),1,,13,[CUDA memcpy Host-to-Device]
2248947009,2624,34489,,,,,,,,,,1.547,589413.767,Device,,NVIDIA A100-SXM4-40GB (0),1,,13,[CUDA memset]
2248953153,2720,34494,,,,,,,,,,0.021,7741.175,Pinned,Device,NVIDIA A100-SXM4-40GB (0),1,,13,[CUDA memcpy Host-to-Device]
2248958017,7263,34495,,,,,,,,,,0.131,18046.517,Pinned,Device,NVIDIA A100-SXM4-40GB (0),1,,13,[CUDA memcpy Host-to-Device]
2248969632,5856,34496,273,1,1,8,4,1,39,0.002,0.000,,,,,NVIDIA A100-SXM4-40GB (0),1,,13,"void channel_eq::eqMmseCoefCompLowMimoKernel<float, float, float, (unsigned int)4, (unsigned int)1, (unsigned int)4>(const channel_eq::_puschRxChEqStatDescr *, channel_eq::_puschRxChEqCoefCompDynDescr)"
2248976736,4768,34497,273,1,1,12,11,1,40,0.002,0.000,,,,,NVIDIA A100-SXM4-40GB (0),1,,13,"void channel_eq::eqMmseSoftDemapKernel<float, __half, __half, float, (unsigned int)4, (unsigned short)16383>(channel_eq::_puschRxChEqStatDescr *, channel_eq::_puschRxChEqSoftDemapDynDescr)"
2248982752,282269,34498,1,1,1,32,32,1,30,0.000,0.000,,,,,NVIDIA A100-SXM4-40GB (0),1,,13,"void convert_kernel<float2, __half2>(tensor_layout_any, T1 *, tensor_layout_any, const T2 *)"
2249266109,10400,34510,2253,1,1,128,1,1,16,0.000,0.000,,,,,NVIDIA A100-SXM4-40GB (0),1,,13,cupy_copy__float16_float16
2249277565,2400,34519,282,1,1,128,1,1,16,0.000,0.000,,,,,NVIDIA A100-SXM4-40GB (0),1,,13,cupy_copy__complex64_complex64
2249280989,1760,34528,26,1,1,128,1,1,16,0.000,0.000,,,,,NVIDIA A100-SXM4-40GB (0),1,,13,cupy_copy__float32_float32
2249283901,2528,34537,103,1,1,128,1,1,16,0.000,0.000,,,,,NVIDIA A100-SXM4-40GB (0),1,,13,cupy_copy__complex64_complex64
2249287613,11296,34547,1434,1,1,128,1,1,16,0.000,0.000,,,,,NVIDIA A100-SXM4-40GB (0),1,,13,cupy_copy__complex64_complex64
2249326876,78112,34552,1,1,1,32,32,1,30,0.000,0.000,,,,,NVIDIA A100-SXM4-40GB (0),1,,13,"void convert_kernel<__half2, float2>(tensor_layout_any, T1 *, tensor_layout_any, const T2 *)"
2249585274,4608,34555,,,,,,,,,,0.061,13333.279,Pinned,Device,NVIDIA A100-SXM4-40GB (0),1,,13,[CUDA memcpy Host-to-Device]
2249594425,589658,34556,,,,,,,,,,456.520,773802.214,Device,,NVIDIA A100-SXM4-40GB (0),1,,13,[CUDA memset]
2250190035,33088,34561,,,,,,,,,,0.825,24943.546,Pinned,Device,NVIDIA A100-SXM4-40GB (0),1,,13,[CUDA memcpy Host-to-Device]
2250225586,6752,34562,,,,,,,,,,0.131,19412.287,Pinned,Device,NVIDIA A100-SXM4-40GB (0),1,,13,[CUDA memcpy Host-to-Device]
2250242802,7008,34563,69,4,1,48,1,1,76,0.002,0.000,,,,,NVIDIA A100-SXM4-40GB (0),1,,13,"void ch_est::windowedChEstPreNoDftSOfdmKernel<float, __half, float, (unsigned int)2, (unsigned int)1, (unsigned short)4>(ch_est::puschRxChEstStatDescr_t *, ch_est::puschRxChEstDynDescr_t *)"
2250250930,6304,34564,137,2,1,24,2,1,44,0.001,0.001,,,,,NVIDIA A100-SXM4-40GB (0),1,,13,"void ch_est::chEstFilterNoDftSOfdmDispatchKernel<float, __half, float, (unsigned int)2>(ch_est::puschRxChEstStatDescr_t *, ch_est::puschRxChEstDynDescr_t *)"
2250258258,4576,34565,137,2,1,24,2,1,44,0.001,0.001,,,,,NVIDIA A100-SXM4-40GB (0),1,,13,"void ch_est::chEstFilterNoDftSOfdmDispatchKernel<float, __half, float, (unsigned int)2>(ch_est::puschRxChEstStatDescr_t *, ch_est::puschRxChEstDynDescr_t *)"
2250263858,2592,34576,103,1,1,128,1,1,16,0.000,0.000,,,,,NVIDIA A100-SXM4-40GB (0),1,,13,cupy_copy__complex64_complex64
2250267506,12448,34586,1434,1,1,128,1,1,16,0.000,0.000,,,,,NVIDIA A100-SXM4-40GB (0),1,,13,cupy_copy__complex64_complex64
2250281234,2112,34593,103,1,1,128,1,1,16,0.000,0.000,,,,,NVIDIA A100-SXM4-40GB (0),1,,13,cupy_copy__complex64_complex64
2250284434,78239,34600,1,1,1,32,32,1,30,0.000,0.000,,,,,NVIDIA A100-SXM4-40GB (0),1,,13,"void convert_kernel<__half2, float2>(tensor_layout_any, T1 *, tensor_layout_any, const T2 *)"
2250393329,4576,34603,,,,,,,,,,0.061,13426.545,Pinned,Device,NVIDIA A100-SXM4-40GB (0),1,,13,[CUDA memcpy Host-to-Device]
2250406768,44992,34604,,,,,,,,,,35.801,795712.137,Device,,NVIDIA A100-SXM4-40GB (0),1,,13,[CUDA memset]
2250459216,2400,34606,,,,,,,,,,0.000,33.333,Pinned,Device,NVIDIA A100-SXM4-40GB (0),1,,13,[CUDA memcpy Host-to-Device]
2250463728,6752,34607,,,,,,,,,,0.131,19412.287,Pinned,Device,NVIDIA A100-SXM4-40GB (0),1,,13,[CUDA memcpy Host-to-Device]
2250474512,8704,34608,273,1,1,48,1,1,40,0.000,0.001,,,,,NVIDIA A100-SXM4-40GB (0),1,,13,"void pusch_noise_intf_est::noiseIntfEstNoDftSOfdmKernel<float, __half, float, float, (unsigned int)2, (unsigned int)1, (unsigned char)4, (unsigned char)4>(pusch_noise_intf_est::puschRxNoiseIntfEstDynDescr)"
2250485392,2400,34619,35,1,1,128,1,1,16,0.000,0.000,,,,,NVIDIA A100-SXM4-40GB (0),1,,13,cupy_copy__complex64_complex64
2250521551,1504,34628,1,1,1,1,1,1,18,0.000,0.000,,,,,NVIDIA A100-SXM4-40GB (0),1,,13,cupy_copy__float32_float32
2250556303,1888,34634,,,,,,,,,,0.000,2.119,Device,Pageable,NVIDIA A100-SXM4-40GB (0),1,,7,[CUDA memcpy Device-to-Host]
2250616430,13088,34645,1434,1,1,128,1,1,16,0.000,0.000,,,,,NVIDIA A100-SXM4-40GB (0),1,,13,cupy_copy__complex64_complex64
2250643246,2368,34652,103,1,1,128,1,1,16,0.000,0.000,,,,,NVIDIA A100-SXM4-40GB (0),1,,13,cupy_copy__complex64_complex64
2250662958,1984,34659,35,1,1,128,1,1,16,0.000,0.000,,,,,NVIDIA A100-SXM4-40GB (0),1,,13,cupy_copy__complex64_complex64
2250680525,1472,34666,1,1,1,1,1,1,18,0.000,0.000,,,,,NVIDIA A100-SXM4-40GB (0),1,,13,cupy_copy__float32_float32
2250814252,78399,34677,1,1,1,32,32,1,30,0.000,0.000,,,,,NVIDIA A100-SXM4-40GB (0),1,,13,"void convert_kernel<__half2, float2>(tensor_layout_any, T1 *, tensor_layout_any, const T2 *)"
2251133608,4480,34680,,,,,,,,,,0.061,13714.268,Pinned,Device,NVIDIA A100-SXM4-40GB (0),1,,13,[CUDA memcpy Host-to-Device]
2251145544,2688,34681,,,,,,,,,,1.547,575379.700,Device,,NVIDIA A100-SXM4-40GB (0),1,,13,[CUDA memset]
2251155816,2784,34686,,,,,,,,,,0.021,7563.210,Pinned,Device,NVIDIA A100-SXM4-40GB (0),1,,13,[CUDA memcpy Host-to-Device]
2251161448,6816,34687,,,,,,,,,,0.131,19229.966,Pinned,Device,NVIDIA A100-SXM4-40GB (0),1,,13,[CUDA memcpy Host-to-Device]
2251174632,5824,34688,273,1,1,8,4,1,39,0.002,0.000,,,,,NVIDIA A100-SXM4-40GB (0),1,,13,"void channel_eq::eqMmseCoefCompLowMimoKernel<float, float, float, (unsigned int)4, (unsigned int)1, (unsigned int)4>(const channel_eq::_puschRxChEqStatDescr *, channel_eq::_puschRxChEqCoefCompDynDescr)"
2251181736,4800,34689,273,1,1,12,11,1,40,0.002,0.000,,,,,NVIDIA A100-SXM4-40GB (0),1,,13,"void channel_eq::eqMmseSoftDemapKernel<float, __half, __half, float, (unsigned int)4, (unsigned short)16383>(channel_eq::_puschRxChEqStatDescr *, channel_eq::_puschRxChEqSoftDemapDynDescr)"
2251187528,281565,34690,1,1,1,32,32,1,30,0.000,0.000,,,,,NVIDIA A100-SXM4-40GB (0),1,,13,"void convert_kernel<float2, __half2>(tensor_layout_any, T1 *, tensor_layout_any, const T2 *)"
2251470341,10208,34702,2253,1,1,128,1,1,16,0.000,0.000,,,,,NVIDIA A100-SXM4-40GB (0),1,,13,cupy_copy__float16_float16
2251481829,2432,34711,282,1,1,128,1,1,16,0.000,0.000,,,,,NVIDIA A100-SXM4-40GB (0),1,,13,cupy_copy__complex64_complex64
2251485285,1760,34720,26,1,1,128,1,1,16,0.000,0.000,,,,,NVIDIA A100-SXM4-40GB (0),1,,13,cupy_copy__float32_float32
2251488293,2527,34729,103,1,1,128,1,1,16,0.000,0.000,,,,,NVIDIA A100-SXM4-40GB (0),1,,13,cupy_copy__complex64_complex64
2251492004,11296,34739,1434,1,1,128,1,1,16,0.000,0.000,,,,,NVIDIA A100-SXM4-40GB (0),1,,13,cupy_copy__complex64_complex64
2251651843,79359,34744,1,1,1,32,32,1,30,0.000,0.000,,,,,NVIDIA A100-SXM4-40GB (0),1,,13,"void convert_kernel<__half2, float2>(tensor_layout_any, T1 *, tensor_layout_any, const T2 *)"
2251762593,4384,34747,,,,,,,,,,0.061,14014.587,Pinned,Device,NVIDIA A100-SXM4-40GB (0),1,,13,[CUDA memcpy Host-to-Device]
2251773953,587194,34748,,,,,,,,,,456.520,777454.377,Device,,NVIDIA A100-SXM4-40GB (0),1,,13,[CUDA memset]
2252366171,33407,34753,,,,,,,,,,0.825,24705.022,Pinned,Device,NVIDIA A100-SXM4-40GB (0),1,,13,[CUDA memcpy Host-to-Device]
2252402330,7200,34754,,,,,,,,,,0.131,18204.328,Pinned,Device,NVIDIA A100-SXM4-40GB (0),1,,13,[CUDA memcpy Host-to-Device]
2252417754,7072,34755,69,4,1,48,1,1,76,0.002,0.000,,,,,NVIDIA A100-SXM4-40GB (0),1,,13,"void ch_est::windowedChEstPreNoDftSOfdmKernel<float, __half, float, (unsigned int)2, (unsigned int)1, (unsigned short)4>(ch_est::puschRxChEstStatDescr_t *, ch_est::puschRxChEstDynDescr_t *)"
2252425882,6528,34756,137,2,1,24,2,1,44,0.001,0.001,,,,,NVIDIA A100-SXM4-40GB (0),1,,13,"void ch_est::chEstFilterNoDftSOfdmDispatchKernel<float, __half, float, (unsigned int)2>(ch_est::puschRxChEstStatDescr_t *, ch_est::puschRxChEstDynDescr_t *)"
2252433722,4576,34757,137,2,1,24,2,1,44,0.001,0.001,,,,,NVIDIA A100-SXM4-40GB (0),1,,13,"void ch_est::chEstFilterNoDftSOfdmDispatchKernel<float, __half, float, (unsigned int)2>(ch_est::puschRxChEstStatDescr_t *, ch_est::puschRxChEstDynDescr_t *)"
2252439482,2176,34768,103,1,1,128,1,1,16,0.000,0.000,,,,,NVIDIA A100-SXM4-40GB (0),1,,13,cupy_copy__complex64_complex64
2252442906,12736,34778,1434,1,1,128,1,1,16,0.000,0.000,,,,,NVIDIA A100-SXM4-40GB (0),1,,13,cupy_copy__complex64_complex64
2252456698,2112,34785,103,1,1,128,1,1,16,0.000,0.000,,,,,NVIDIA A100-SXM4-40GB (0),1,,13,cupy_copy__complex64_complex64
2252459898,78431,34792,1,1,1,32,32,1,30,0.000,0.000,,,,,NVIDIA A100-SXM4-40GB (0),1,,13,"void convert_kernel<__half2, float2>(tensor_layout_any, T1 *, tensor_layout_any, const T2 *)"
2252566425,4672,34795,,,,,,,,,,0.061,13150.679,Pinned,Device,NVIDIA A100-SXM4-40GB (0),1,,13,[CUDA memcpy Host-to-Device]
2252579096,45088,34796,,,,,,,,,,35.801,793993.691,Device,,NVIDIA A100-SXM4-40GB (0),1,,13,[CUDA memset]
2252631096,1824,34798,,,,,,,,,,0.000,43.860,Pinned,Device,NVIDIA A100-SXM4-40GB (0),1,,13,[CUDA memcpy Host-to-Device]
2252636408,6848,34799,,,,,,,,,,0.131,19140.182,Pinned,Device,NVIDIA A100-SXM4-40GB (0),1,,13,[CUDA memcpy Host-to-Device]
2252649336,8544,34800,273,1,1,48,1,1,40,0.000,0.001,,,,,NVIDIA A100-SXM4-40GB (0),1,,13,"void pusch_noise_intf_est::noiseIntfEstNoDftSOfdmKernel<float, __half, float, float, (unsigned int)2, (unsigned int)1, (unsigned char)4, (unsigned char)4>(pusch_noise_intf_est::puschRxNoiseIntfEstDynDescr)"
2252659288,2304,34811,35,1,1,128,1,1,16,0.000,0.000,,,,,NVIDIA A100-SXM4-40GB (0),1,,13,cupy_copy__complex64_complex64
2252686583,1504,34820,1,1,1,1,1,1,18,0.000,0.000,,,,,NVIDIA A100-SXM4-40GB (0),1,,13,cupy_copy__float32_float32
2252720087,1920,34826,,,,,,,,,,0.000,2.083,Device,Pageable,NVIDIA A100-SXM4-40GB (0),1,,7,[CUDA memcpy Device-to-Host]
2252778230,13216,34837,1434,1,1,128,1,1,16,0.000,0.000,,,,,NVIDIA A100-SXM4-40GB (0),1,,13,cupy_copy__complex64_complex64
2252804566,2368,34844,103,1,1,128,1,1,16,0.000,0.000,,,,,NVIDIA A100-SXM4-40GB (0),1,,13,cupy_copy__complex64_complex64
2252824502,2016,34851,35,1,1,128,1,1,16,0.000,0.000,,,,,NVIDIA A100-SXM4-40GB (0),1,,13,cupy_copy__complex64_complex64
2252841750,1471,34858,1,1,1,1,1,1,18,0.000,0.000,,,,,NVIDIA A100-SXM4-40GB (0),1,,13,cupy_copy__float32_float32
2252974548,78911,34869,1,1,1,32,32,1,30,0.000,0.000,,,,,NVIDIA A100-SXM4-40GB (0),1,,13,"void convert_kernel<__half2, float2>(tensor_layout_any, T1 *, tensor_layout_any, const T2 *)"
2253081267,4416,34872,,,,,,,,,,0.061,13913.027,Pinned,Device,NVIDIA A100-SXM4-40GB (0),1,,13,[CUDA memcpy Host-to-Device]
2253095347,2592,34873,,,,,,,,,,1.547,596690.632,Device,,NVIDIA A100-SXM4-40GB (0),1,,13,[CUDA memset]
2253101171,2720,34878,,,,,,,,,,0.021,7741.175,Pinned,Device,NVIDIA A100-SXM4-40GB (0),1,,13,[CUDA memcpy Host-to-Device]
2253106675,7295,34879,,,,,,,,,,0.131,17967.350,Pinned,Device,NVIDIA A100-SXM4-40GB (0),1,,13,[CUDA memcpy Host-to-Device]
2253121298,5824,34880,273,1,1,8,4,1,39,0.002,0.000,,,,,NVIDIA A100-SXM4-40GB (0),1,,13,"void channel_eq::eqMmseCoefCompLowMimoKernel<float, float, float, (unsigned int)4, (unsigned int)1, (unsigned int)4>(const channel_eq::_puschRxChEqStatDescr *, channel_eq::_puschRxChEqCoefCompDynDescr)"
2253128178,4768,34881,273,1,1,12,11,1,40,0.002,0.000,,,,,NVIDIA A100-SXM4-40GB (0),1,,13,"void channel_eq::eqMmseSoftDemapKernel<float, __half, __half, float, (unsigned int)4, (unsigned short)16383>(channel_eq::_puschRxChEqStatDescr *, channel_eq::_puschRxChEqSoftDemapDynDescr)"
2253134226,281949,34882,1,1,1,32,32,1,30,0.000,0.000,,,,,NVIDIA A100-SXM4-40GB (0),1,,13,"void convert_kernel<float2, __half2>(tensor_layout_any, T1 *, tensor_layout_any, const T2 *)"
2253417199,10208,34894,2253,1,1,128,1,1,16,0.000,0.000,,,,,NVIDIA A100-SXM4-40GB (0),1,,13,cupy_copy__float16_float16
2253428399,2400,34903,282,1,1,128,1,1,16,0.000,0.000,,,,,NVIDIA A100-SXM4-40GB (0),1,,13,cupy_copy__complex64_complex64
2253431823,1760,34912,26,1,1,128,1,1,16,0.000,0.000,,,,,NVIDIA A100-SXM4-40GB (0),1,,13,cupy_copy__float32_float32
2253434799,2528,34921,103,1,1,128,1,1,16,0.000,0.000,,,,,NVIDIA A100-SXM4-40GB (0),1,,13,cupy_copy__complex64_complex64
