Start (ns),Duration (ns),CorrId,GrdX,GrdY,GrdZ,BlkX,BlkY,BlkZ,Reg/Trd,StcSMem (MB),DymSMem (MB),Bytes (MB),Throughput (MB/s),SrcMemKd,DstMemKd,Device,Ctx,GreenCtx,Strm,Name
942605241,110558,668,,,,,,,,,,1.468,13274.876,Pinned,Device,NVIDIA A100-SXM4-40GB (0),1,,7,[CUDA memcpy Host-to-Device]
1080528729,1408,1219,,,,,,,,,,0.000,39.773,Pageable,Device,NVIDIA A100-SXM4-40GB (0),1,,7,[CUDA memcpy Host-to-Device]
1195643847,4640,1828,,,,,,,,,,0.028,6082.752,Pinned,Device,NVIDIA A100-SXM4-40GB (0),1,,7,[CUDA memcpy Host-to-Device]
1195729958,1536,1833,,,,,,,,,,0.007,4687.495,Pinned,Device,NVIDIA A100-SXM4-40GB (0),1,,7,[CUDA memcpy Host-to-Device]
1195754213,1568,1838,,,,,,,,,,0.008,5096.938,Pinned,Device,NVIDIA A100-SXM4-40GB (0),1,,7,[CUDA memcpy Host-to-Device]
1195837668,5440,1843,1,1,1,32,32,1,30,0.000,0.000,,,,,NVIDIA A100-SXM4-40GB (0),1,,7,"void convert_kernel<__half2, float2>(tensor_layout_any, T1 *, tensor_layout_any, const T2 *)"
1195867012,6880,1849,1,1,1,32,32,1,30,0.000,0.000,,,,,NVIDIA A100-SXM4-40GB (0),1,,7,"void convert_kernel<__half2, float2>(tensor_layout_any, T1 *, tensor_layout_any, const T2 *)"
1195895492,4064,1855,1,1,1,32,32,1,30,0.000,0.000,,,,,NVIDIA A100-SXM4-40GB (0),1,,7,"void convert_kernel<__half2, float2>(tensor_layout_any, T1 *, tensor_layout_any, const T2 *)"
1195922243,4896,1861,1,1,1,32,32,1,30,0.000,0.000,,,,,NVIDIA A100-SXM4-40GB (0),1,,7,"void convert_kernel<__half2, float2>(tensor_layout_any, T1 *, tensor_layout_any, const T2 *)"
1196162081,3584,1867,,,,,,,,,,0.028,7874.976,Pinned,Device,NVIDIA A100-SXM4-40GB (0),1,,13,[CUDA memcpy Host-to-Device]
1196202528,1504,1873,,,,,,,,,,0.007,4787.230,Pinned,Device,NVIDIA A100-SXM4-40GB (0),1,,13,[CUDA memcpy Host-to-Device]
1196230912,1568,1879,,,,,,,,,,0.008,5096.938,Pinned,Device,NVIDIA A100-SXM4-40GB (0),1,,13,[CUDA memcpy Host-to-Device]
1196262847,5312,1885,1,1,1,32,32,1,30,0.000,0.000,,,,,NVIDIA A100-SXM4-40GB (0),1,,13,"void convert_kernel<__half2, float2>(tensor_layout_any, T1 *, tensor_layout_any, const T2 *)"
1196293311,4416,1892,1,1,1,32,32,1,30,0.000,0.000,,,,,NVIDIA A100-SXM4-40GB (0),1,,13,"void convert_kernel<__half2, float2>(tensor_layout_any, T1 *, tensor_layout_any, const T2 *)"
1196320127,6496,1899,1,1,1,32,32,1,30,0.000,0.000,,,,,NVIDIA A100-SXM4-40GB (0),1,,13,"void convert_kernel<__half2, float2>(tensor_layout_any, T1 *, tensor_layout_any, const T2 *)"
1196348862,4864,1906,1,1,1,32,32,1,30,0.000,0.000,,,,,NVIDIA A100-SXM4-40GB (0),1,,13,"void convert_kernel<__half2, float2>(tensor_layout_any, T1 *, tensor_layout_any, const T2 *)"
1196824121,2080,1917,,,,,,,,,,0.028,13569.224,Device,Device,NVIDIA A100-SXM4-40GB (0),1,,13,[CUDA memcpy Device-to-Device]
1196837049,1600,1919,,,,,,,,,,0.007,4500.000,Device,Device,NVIDIA A100-SXM4-40GB (0),1,,13,[CUDA memcpy Device-to-Device]
1196845113,1600,1921,,,,,,,,,,0.008,4995.000,Device,Device,NVIDIA A100-SXM4-40GB (0),1,,13,[CUDA memcpy Device-to-Device]
1196854104,1568,1923,,,,,,,,,,0.000,122.449,Device,Device,NVIDIA A100-SXM4-40GB (0),1,,13,[CUDA memcpy Device-to-Device]
1196864888,1536,1925,,,,,,,,,,0.000,62.500,Device,Device,NVIDIA A100-SXM4-40GB (0),1,,13,[CUDA memcpy Device-to-Device]
1196872888,1504,1927,,,,,,,,,,0.000,257.978,Device,Device,NVIDIA A100-SXM4-40GB (0),1,,13,[CUDA memcpy Device-to-Device]
1196880344,1536,1929,,,,,,,,,,0.000,127.604,Device,Device,NVIDIA A100-SXM4-40GB (0),1,,13,[CUDA memcpy Device-to-Device]
1196900504,9824,1930,,,,,,,,,,0.135,13755.629,Pinned,Device,NVIDIA A100-SXM4-40GB (0),1,,13,[CUDA memcpy Host-to-Device]
1266401282,1152,1940,,,,,,,,,,0.000,48.611,Pageable,Device,NVIDIA A100-SXM4-40GB (0),1,,7,[CUDA memcpy Host-to-Device]
1266433089,4512,1946,,,,,,,,,,0.028,6255.313,Pinned,Device,NVIDIA A100-SXM4-40GB (0),1,,7,[CUDA memcpy Host-to-Device]
1266467073,1536,1951,,,,,,,,,,0.007,4687.495,Pinned,Device,NVIDIA A100-SXM4-40GB (0),1,,7,[CUDA memcpy Host-to-Device]
1266489217,1568,1956,,,,,,,,,,0.008,5096.938,Pinned,Device,NVIDIA A100-SXM4-40GB (0),1,,7,[CUDA memcpy Host-to-Device]
1266523424,4928,1961,1,1,1,32,32,1,30,0.000,0.000,,,,,NVIDIA A100-SXM4-40GB (0),1,,7,"void convert_kernel<__half2, float2>(tensor_layout_any, T1 *, tensor_layout_any, const T2 *)"
1266549824,6464,1967,1,1,1,32,32,1,30,0.000,0.000,,,,,NVIDIA A100-SXM4-40GB (0),1,,7,"void convert_kernel<__half2, float2>(tensor_layout_any, T1 *, tensor_layout_any, const T2 *)"
1266576512,4031,1973,1,1,1,32,32,1,30,0.000,0.000,,,,,NVIDIA A100-SXM4-40GB (0),1,,7,"void convert_kernel<__half2, float2>(tensor_layout_any, T1 *, tensor_layout_any, const T2 *)"
1266602655,4864,1979,1,1,1,32,32,1,30,0.000,0.000,,,,,NVIDIA A100-SXM4-40GB (0),1,,7,"void convert_kernel<__half2, float2>(tensor_layout_any, T1 *, tensor_layout_any, const T2 *)"
1267283127,3488,1994,,,,,,,,,,0.000,73.394,Pageable,Array,NVIDIA A100-SXM4-40GB (0),1,,7,[CUDA memcpy Host-to-Array]
1267289303,2272,1997,,,,,,,,,,0.000,56.338,Pageable,Array,NVIDIA A100-SXM4-40GB (0),1,,7,[CUDA memcpy Host-to-Array]
1267296023,1952,2000,,,,,,,,,,0.000,32.787,Pageable,Array,NVIDIA A100-SXM4-40GB (0),1,,7,[CUDA memcpy Host-to-Array]
1267300759,1952,2003,,,,,,,,,,0.000,16.393,Pageable,Array,NVIDIA A100-SXM4-40GB (0),1,,7,[CUDA memcpy Host-to-Array]
1267355990,1408,2008,,,,,,,,,,0.000,79.545,Pinned,Device,NVIDIA A100-SXM4-40GB (0),1,,13,[CUDA memcpy Host-to-Device]
1335368210,1152,2018,,,,,,,,,,0.000,48.611,Pageable,Device,NVIDIA A100-SXM4-40GB (0),1,,7,[CUDA memcpy Host-to-Device]
1335391985,4512,2024,,,,,,,,,,0.028,6255.313,Pinned,Device,NVIDIA A100-SXM4-40GB (0),1,,7,[CUDA memcpy Host-to-Device]
1335422801,1536,2029,,,,,,,,,,0.007,4687.495,Pinned,Device,NVIDIA A100-SXM4-40GB (0),1,,7,[CUDA memcpy Host-to-Device]
1335443825,1600,2034,,,,,,,,,,0.008,4995.000,Pinned,Device,NVIDIA A100-SXM4-40GB (0),1,,7,[CUDA memcpy Host-to-Device]
1335479440,5056,2039,1,1,1,32,32,1,30,0.000,0.000,,,,,NVIDIA A100-SXM4-40GB (0),1,,7,"void convert_kernel<__half2, float2>(tensor_layout_any, T1 *, tensor_layout_any, const T2 *)"
1335506768,6400,2045,1,1,1,32,32,1,30,0.000,0.000,,,,,NVIDIA A100-SXM4-40GB (0),1,,7,"void convert_kernel<__half2, float2>(tensor_layout_any, T1 *, tensor_layout_any, const T2 *)"
1335533840,4000,2051,1,1,1,32,32,1,30,0.000,0.000,,,,,NVIDIA A100-SXM4-40GB (0),1,,7,"void convert_kernel<__half2, float2>(tensor_layout_any, T1 *, tensor_layout_any, const T2 *)"
1335557423,4768,2057,1,1,1,32,32,1,30,0.000,0.000,,,,,NVIDIA A100-SXM4-40GB (0),1,,7,"void convert_kernel<__half2, float2>(tensor_layout_any, T1 *, tensor_layout_any, const T2 *)"
1336414437,3456,2081,,,,,,,,,,0.000,74.074,Pageable,Array,NVIDIA A100-SXM4-40GB (0),1,,7,[CUDA memcpy Host-to-Array]
1336420613,2240,2084,,,,,,,,,,0.000,57.143,Pageable,Array,NVIDIA A100-SXM4-40GB (0),1,,7,[CUDA memcpy Host-to-Array]
1336425829,1952,2087,,,,,,,,,,0.000,32.787,Pageable,Array,NVIDIA A100-SXM4-40GB (0),1,,7,[CUDA memcpy Host-to-Array]
1336430405,1952,2090,,,,,,,,,,0.000,16.393,Pageable,Array,NVIDIA A100-SXM4-40GB (0),1,,7,[CUDA memcpy Host-to-Array]
1449042673,17247,2179,1434,1,1,128,1,1,16,0.000,0.000,,,,,NVIDIA A100-SXM4-40GB (0),1,,13,cupy_copy__complex64_complex64
1449368013,87231,2184,1,1,1,32,32,1,30,0.000,0.000,,,,,NVIDIA A100-SXM4-40GB (0),1,,13,"void convert_kernel<__half2, float2>(tensor_layout_any, T1 *, tensor_layout_any, const T2 *)"
1449462476,4960,2186,,,,,,,,,,0.061,12387.041,Pinned,Device,NVIDIA A100-SXM4-40GB (0),1,,13,[CUDA memcpy Host-to-Device]
1449471403,590170,2187,,,,,,,,,,456.520,773345.693,Device,,NVIDIA A100-SXM4-40GB (0),1,,13,[CUDA memset]
1450063460,52320,2192,,,,,,,,,,0.825,15774.800,Pinned,Device,NVIDIA A100-SXM4-40GB (0),1,,13,[CUDA memcpy Host-to-Device]
1450118084,7712,2193,,,,,,,,,,0.131,16995.844,Pinned,Device,NVIDIA A100-SXM4-40GB (0),1,,13,[CUDA memcpy Host-to-Device]
1450137252,8288,2194,69,4,1,48,1,1,76,0.002,0.000,,,,,NVIDIA A100-SXM4-40GB (0),1,,13,"void ch_est::windowedChEstPreNoDftSOfdmKernel<float, __half, float, (unsigned int)2, (unsigned int)1, (unsigned short)4>(ch_est::puschRxChEstStatDescr_t *, ch_est::puschRxChEstDynDescr_t *)"
1450146756,7135,2195,137,2,1,24,2,1,44,0.001,0.001,,,,,NVIDIA A100-SXM4-40GB (0),1,,13,"void ch_est::chEstFilterNoDftSOfdmDispatchKernel<float, __half, float, (unsigned int)2>(ch_est::puschRxChEstStatDescr_t *, ch_est::puschRxChEstDynDescr_t *)"
1450155203,5216,2196,137,2,1,24,2,1,44,0.001,0.001,,,,,NVIDIA A100-SXM4-40GB (0),1,,13,"void ch_est::chEstFilterNoDftSOfdmDispatchKernel<float, __half, float, (unsigned int)2>(ch_est::puschRxChEstStatDescr_t *, ch_est::puschRxChEstDynDescr_t *)"
1524867343,2624,2213,103,1,1,128,1,1,16,0.000,0.000,,,,,NVIDIA A100-SXM4-40GB (0),1,,13,cupy_copy__complex64_complex64
1525280715,16799,2225,1434,1,1,128,1,1,16,0.000,0.000,,,,,NVIDIA A100-SXM4-40GB (0),1,,13,cupy_copy__complex64_complex64
1525322314,2496,2232,103,1,1,128,1,1,16,0.000,0.000,,,,,NVIDIA A100-SXM4-40GB (0),1,,13,cupy_copy__complex64_complex64
1525718853,87199,2239,1,1,1,32,32,1,30,0.000,0.000,,,,,NVIDIA A100-SXM4-40GB (0),1,,13,"void convert_kernel<__half2, float2>(tensor_layout_any, T1 *, tensor_layout_any, const T2 *)"
1525807332,5952,2241,,,,,,,,,,0.061,10322.534,Pinned,Device,NVIDIA A100-SXM4-40GB (0),1,,13,[CUDA memcpy Host-to-Device]
1525819940,47072,2242,,,,,,,,,,35.801,760555.594,Device,,NVIDIA A100-SXM4-40GB (0),1,,13,[CUDA memset]
1525872612,1983,2244,,,,,,,,,,0.000,40.343,Pinned,Device,NVIDIA A100-SXM4-40GB (0),1,,13,[CUDA memcpy Host-to-Device]
1525876867,9888,2245,,,,,,,,,,0.131,13255.574,Pinned,Device,NVIDIA A100-SXM4-40GB (0),1,,13,[CUDA memcpy Host-to-Device]
1525891875,9472,2246,273,1,1,48,1,1,40,0.000,0.001,,,,,NVIDIA A100-SXM4-40GB (0),1,,13,"void pusch_noise_intf_est::noiseIntfEstNoDftSOfdmKernel<float, __half, float, float, (unsigned int)2, (unsigned int)1, (unsigned char)4, (unsigned char)4>(pusch_noise_intf_est::puschRxNoiseIntfEstDynDescr)"
1525902627,2944,2257,35,1,1,128,1,1,16,0.000,0.000,,,,,NVIDIA A100-SXM4-40GB (0),1,,13,cupy_copy__complex64_complex64
1599862872,1760,2272,1,1,1,1,1,1,18,0.000,0.000,,,,,NVIDIA A100-SXM4-40GB (0),1,,13,cupy_copy__float32_float32
1600015030,2560,2278,,,,,,,,,,0.000,1.562,Device,Pageable,NVIDIA A100-SXM4-40GB (0),1,,7,[CUDA memcpy Device-to-Host]
1600181748,16576,2289,1434,1,1,128,1,1,16,0.000,0.000,,,,,NVIDIA A100-SXM4-40GB (0),1,,13,cupy_copy__complex64_complex64
1600217140,2816,2296,103,1,1,128,1,1,16,0.000,0.000,,,,,NVIDIA A100-SXM4-40GB (0),1,,13,cupy_copy__complex64_complex64
1600249171,2304,2303,35,1,1,128,1,1,16,0.000,0.000,,,,,NVIDIA A100-SXM4-40GB (0),1,,13,cupy_copy__complex64_complex64
1600270611,1696,2310,1,1,1,1,1,1,18,0.000,0.000,,,,,NVIDIA A100-SXM4-40GB (0),1,,13,cupy_copy__float32_float32
1600501873,86558,2321,1,1,1,32,32,1,30,0.000,0.000,,,,,NVIDIA A100-SXM4-40GB (0),1,,13,"void convert_kernel<__half2, float2>(tensor_layout_any, T1 *, tensor_layout_any, const T2 *)"
1600596239,5792,2323,,,,,,,,,,0.061,10607.677,Pinned,Device,NVIDIA A100-SXM4-40GB (0),1,,13,[CUDA memcpy Host-to-Device]
1600607855,4192,2324,,,,,,,,,,1.547,368945.609,Device,,NVIDIA A100-SXM4-40GB (0),1,,13,[CUDA memset]
1600614671,2816,2329,,,,,,,,,,0.021,7477.259,Pinned,Device,NVIDIA A100-SXM4-40GB (0),1,,13,[CUDA memcpy Host-to-Device]
1600619759,9312,2330,,,,,,,,,,0.131,14075.560,Pinned,Device,NVIDIA A100-SXM4-40GB (0),1,,13,[CUDA memcpy Host-to-Device]
1600634799,7072,2331,273,1,1,8,4,1,39,0.002,0.000,,,,,NVIDIA A100-SXM4-40GB (0),1,,13,"void channel_eq::eqMmseCoefCompLowMimoKernel<float, float, float, (unsigned int)4, (unsigned int)1, (unsigned int)4>(const channel_eq::_puschRxChEqStatDescr *, channel_eq::_puschRxChEqCoefCompDynDescr)"
1600643183,5792,2332,273,1,1,12,11,1,40,0.002,0.000,,,,,NVIDIA A100-SXM4-40GB (0),1,,13,"void channel_eq::eqMmseSoftDemapKernel<float, __half, __half, float, (unsigned int)4, (unsigned short)16383>(channel_eq::_puschRxChEqStatDescr *, channel_eq::_puschRxChEqSoftDemapDynDescr)"
1600650159,307740,2333,1,1,1,32,32,1,30,0.000,0.000,,,,,NVIDIA A100-SXM4-40GB (0),1,,13,"void convert_kernel<float2, __half2>(tensor_layout_any, T1 *, tensor_layout_any, const T2 *)"
1676914632,13536,2351,2253,1,1,128,1,1,16,0.000,0.000,,,,,NVIDIA A100-SXM4-40GB (0),1,,13,cupy_copy__float16_float16
1677027527,2944,2360,282,1,1,128,1,1,16,0.000,0.000,,,,,NVIDIA A100-SXM4-40GB (0),1,,13,cupy_copy__complex64_complex64
1750769407,2048,2375,26,1,1,128,1,1,16,0.000,0.000,,,,,NVIDIA A100-SXM4-40GB (0),1,,13,cupy_copy__float32_float32
1750894141,3168,2384,103,1,1,128,1,1,16,0.000,0.000,,,,,NVIDIA A100-SXM4-40GB (0),1,,13,cupy_copy__complex64_complex64
1751002268,15264,2394,1434,1,1,128,1,1,16,0.000,0.000,,,,,NVIDIA A100-SXM4-40GB (0),1,,13,cupy_copy__complex64_complex64
1751548149,86943,2399,1,1,1,32,32,1,30,0.000,0.000,,,,,NVIDIA A100-SXM4-40GB (0),1,,13,"void convert_kernel<__half2, float2>(tensor_layout_any, T1 *, tensor_layout_any, const T2 *)"
1751694036,4288,2402,,,,,,,,,,0.061,14328.300,Pinned,Device,NVIDIA A100-SXM4-40GB (0),1,,13,[CUDA memcpy Host-to-Device]
1751715603,588441,2403,,,,,,,,,,456.520,775628.296,Device,,NVIDIA A100-SXM4-40GB (0),1,,13,[CUDA memset]
1752306828,32800,2408,,,,,,,,,,0.825,25162.263,Pinned,Device,NVIDIA A100-SXM4-40GB (0),1,,13,[CUDA memcpy Host-to-Device]
1752341932,6944,2409,,,,,,,,,,0.131,18875.548,Pinned,Device,NVIDIA A100-SXM4-40GB (0),1,,13,[CUDA memcpy Host-to-Device]
1752356012,7968,2410,69,4,1,48,1,1,76,0.002,0.000,,,,,NVIDIA A100-SXM4-40GB (0),1,,13,"void ch_est::windowedChEstPreNoDftSOfdmKernel<float, __half, float, (unsigned int)2, (unsigned int)1, (unsigned short)4>(ch_est::puschRxChEstStatDescr_t *, ch_est::puschRxChEstDynDescr_t *)"
1752365196,7104,2411,137,2,1,24,2,1,44,0.001,0.001,,,,,NVIDIA A100-SXM4-40GB (0),1,,13,"void ch_est::chEstFilterNoDftSOfdmDispatchKernel<float, __half, float, (unsigned int)2>(ch_est::puschRxChEstStatDescr_t *, ch_est::puschRxChEstDynDescr_t *)"
1752373612,5184,2412,137,2,1,24,2,1,44,0.001,0.001,,,,,NVIDIA A100-SXM4-40GB (0),1,,13,"void ch_est::chEstFilterNoDftSOfdmDispatchKernel<float, __half, float, (unsigned int)2>(ch_est::puschRxChEstStatDescr_t *, ch_est::puschRxChEstDynDescr_t *)"
1752379947,2624,2423,103,1,1,128,1,1,16,0.000,0.000,,,,,NVIDIA A100-SXM4-40GB (0),1,,13,cupy_copy__complex64_complex64
1752383627,16512,2433,1434,1,1,128,1,1,16,0.000,0.000,,,,,NVIDIA A100-SXM4-40GB (0),1,,13,cupy_copy__complex64_complex64
1752401195,2560,2440,103,1,1,128,1,1,16,0.000,0.000,,,,,NVIDIA A100-SXM4-40GB (0),1,,13,cupy_copy__complex64_complex64
1752405067,86559,2447,1,1,1,32,32,1,30,0.000,0.000,,,,,NVIDIA A100-SXM4-40GB (0),1,,13,"void convert_kernel<__half2, float2>(tensor_layout_any, T1 *, tensor_layout_any, const T2 *)"
1752526282,4288,2450,,,,,,,,,,0.061,14328.300,Pinned,Device,NVIDIA A100-SXM4-40GB (0),1,,13,[CUDA memcpy Host-to-Device]
1752543050,46463,2451,,,,,,,,,,35.801,770508.261,Device,,NVIDIA A100-SXM4-40GB (0),1,,13,[CUDA memset]
1752598025,2016,2453,,,,,,,,,,0.000,39.682,Pinned,Device,NVIDIA A100-SXM4-40GB (0),1,,13,[CUDA memcpy Host-to-Device]
1752602345,7264,2454,,,,,,,,,,0.131,18044.027,Pinned,Device,NVIDIA A100-SXM4-40GB (0),1,,13,[CUDA memcpy Host-to-Device]
1752614057,9216,2455,273,1,1,48,1,1,40,0.000,0.001,,,,,NVIDIA A100-SXM4-40GB (0),1,,13,"void pusch_noise_intf_est::noiseIntfEstNoDftSOfdmKernel<float, __half, float, float, (unsigned int)2, (unsigned int)1, (unsigned char)4, (unsigned char)4>(pusch_noise_intf_est::puschRxNoiseIntfEstDynDescr)"
1752629033,2880,2466,35,1,1,128,1,1,16,0.000,0.000,,,,,NVIDIA A100-SXM4-40GB (0),1,,13,cupy_copy__complex64_complex64
1752669736,1728,2475,1,1,1,1,1,1,18,0.000,0.000,,,,,NVIDIA A100-SXM4-40GB (0),1,,13,cupy_copy__float32_float32
1752742791,1824,2481,,,,,,,,,,0.000,2.193,Device,Pageable,NVIDIA A100-SXM4-40GB (0),1,,7,[CUDA memcpy Device-to-Host]
1752834502,16480,2492,1434,1,1,128,1,1,16,0.000,0.000,,,,,NVIDIA A100-SXM4-40GB (0),1,,13,cupy_copy__complex64_complex64
1752863078,2752,2499,103,1,1,128,1,1,16,0.000,0.000,,,,,NVIDIA A100-SXM4-40GB (0),1,,13,cupy_copy__complex64_complex64
1752885926,2303,2506,35,1,1,128,1,1,16,0.000,0.000,,,,,NVIDIA A100-SXM4-40GB (0),1,,13,cupy_copy__complex64_complex64
1752905509,1664,2513,1,1,1,1,1,1,18,0.000,0.000,,,,,NVIDIA A100-SXM4-40GB (0),1,,13,cupy_copy__float32_float32
1753052676,86623,2524,1,1,1,32,32,1,30,0.000,0.000,,,,,NVIDIA A100-SXM4-40GB (0),1,,13,"void convert_kernel<__half2, float2>(tensor_layout_any, T1 *, tensor_layout_any, const T2 *)"
1753170786,4544,2527,,,,,,,,,,0.061,13521.101,Pinned,Device,NVIDIA A100-SXM4-40GB (0),1,,13,[CUDA memcpy Host-to-Device]
1753189538,3616,2528,,,,,,,,,,1.547,427715.774,Device,,NVIDIA A100-SXM4-40GB (0),1,,13,[CUDA memset]
1753203106,2688,2533,,,,,,,,,,0.021,7833.316,Pinned,Device,NVIDIA A100-SXM4-40GB (0),1,,13,[CUDA memcpy Host-to-Device]
1753207458,7840,2534,,,,,,,,,,0.131,16718.365,Pinned,Device,NVIDIA A100-SXM4-40GB (0),1,,13,[CUDA memcpy Host-to-Device]
1753225889,6592,2535,273,1,1,8,4,1,39,0.002,0.000,,,,,NVIDIA A100-SXM4-40GB (0),1,,13,"void channel_eq::eqMmseCoefCompLowMimoKernel<float, float, float, (unsigned int)4, (unsigned int)1, (unsigned int)4>(const channel_eq::_puschRxChEqStatDescr *, channel_eq::_puschRxChEqCoefCompDynDescr)"
1753233697,5760,2536,273,1,1,12,11,1,40,0.002,0.000,,,,,NVIDIA A100-SXM4-40GB (0),1,,13,"void channel_eq::eqMmseSoftDemapKernel<float, __half, __half, float, (unsigned int)4, (unsigned short)16383>(channel_eq::_puschRxChEqStatDescr *, channel_eq::_puschRxChEqSoftDemapDynDescr)"
1753240513,307517,2537,1,1,1,32,32,1,30,0.000,0.000,,,,,NVIDIA A100-SXM4-40GB (0),1,,13,"void convert_kernel<float2, __half2>(tensor_layout_any, T1 *, tensor_layout_any, const T2 *)"
1753549086,13695,2549,2253,1,1,128,1,1,16,0.000,0.000,,,,,NVIDIA A100-SXM4-40GB (0),1,,13,cupy_copy__float16_float16
1753563965,2880,2558,282,1,1,128,1,1,16,0.000,0.000,,,,,NVIDIA A100-SXM4-40GB (0),1,,13,cupy_copy__complex64_complex64
1753568029,2048,2567,26,1,1,128,1,1,16,0.000,0.000,,,,,NVIDIA A100-SXM4-40GB (0),1,,13,cupy_copy__float32_float32
1753571389,3040,2576,103,1,1,128,1,1,16,0.000,0.000,,,,,NVIDIA A100-SXM4-40GB (0),1,,13,cupy_copy__complex64_complex64
1753575485,15584,2586,1434,1,1,128,1,1,16,0.000,0.000,,,,,NVIDIA A100-SXM4-40GB (0),1,,13,cupy_copy__complex64_complex64
1753612765,86911,2591,1,1,1,32,32,1,30,0.000,0.000,,,,,NVIDIA A100-SXM4-40GB (0),1,,13,"void convert_kernel<__half2, float2>(tensor_layout_any, T1 *, tensor_layout_any, const T2 *)"
1753729916,4319,2594,,,,,,,,,,0.061,14225.510,Pinned,Device,NVIDIA A100-SXM4-40GB (0),1,,13,[CUDA memcpy Host-to-Device]
1753742715,587897,2595,,,,,,,,,,456.520,776084.816,Device,,NVIDIA A100-SXM4-40GB (0),1,,13,[CUDA memset]
1754335348,32800,2600,,,,,,,,,,0.825,25162.263,Pinned,Device,NVIDIA A100-SXM4-40GB (0),1,,13,[CUDA memcpy Host-to-Device]
1754370452,6912,2601,,,,,,,,,,0.131,18962.842,Pinned,Device,NVIDIA A100-SXM4-40GB (0),1,,13,[CUDA memcpy Host-to-Device]
1754385556,7744,2602,69,4,1,48,1,1,76,0.002,0.000,,,,,NVIDIA A100-SXM4-40GB (0),1,,13,"void ch_est::windowedChEstPreNoDftSOfdmKernel<float, __half, float, (unsigned int)2, (unsigned int)1, (unsigned short)4>(ch_est::puschRxChEstStatDescr_t *, ch_est::puschRxChEstDynDescr_t *)"
1754394484,7040,2603,137,2,1,24,2,1,44,0.001,0.001,,,,,NVIDIA A100-SXM4-40GB (0),1,,13,"void ch_est::chEstFilterNoDftSOfdmDispatchKernel<float, __half, float, (unsigned int)2>(ch_est::puschRxChEstStatDescr_t *, ch_est::puschRxChEstDynDescr_t *)"
1754402644,5183,2604,137,2,1,24,2,1,44,0.001,0.001,,,,,NVIDIA A100-SXM4-40GB (0),1,,13,"void ch_est::chEstFilterNoDftSOfdmDispatchKernel<float, __half, float, (unsigned int)2>(ch_est::puschRxChEstStatDescr_t *, ch_est::puschRxChEstDynDescr_t *)"
1754408947,2624,2615,103,1,1,128,1,1,16,0.000,0.000,,,,,NVIDIA A100-SXM4-40GB (0),1,,13,cupy_copy__complex64_complex64
1754412723,16480,2625,1434,1,1,128,1,1,16,0.000,0.000,,,,,NVIDIA A100-SXM4-40GB (0),1,,13,cupy_copy__complex64_complex64
1754430227,2560,2632,103,1,1,128,1,1,16,0.000,0.000,,,,,NVIDIA A100-SXM4-40GB (0),1,,13,cupy_copy__complex64_complex64
1754434099,87327,2639,1,1,1,32,32,1,30,0.000,0.000,,,,,NVIDIA A100-SXM4-40GB (0),1,,13,"void convert_kernel<__half2, float2>(tensor_layout_any, T1 *, tensor_layout_any, const T2 *)"
1754550930,4288,2642,,,,,,,,,,0.061,14328.300,Pinned,Device,NVIDIA A100-SXM4-40GB (0),1,,13,[CUDA memcpy Host-to-Device]
1754562866,46783,2643,,,,,,,,,,35.801,765245.520,Device,,NVIDIA A100-SXM4-40GB (0),1,,13,[CUDA memset]
1754615889,2016,2645,,,,,,,,,,0.000,39.682,Pinned,Device,NVIDIA A100-SXM4-40GB (0),1,,13,[CUDA memcpy Host-to-Device]
1754620209,6912,2646,,,,,,,,,,0.131,18962.842,Pinned,Device,NVIDIA A100-SXM4-40GB (0),1,,13,[CUDA memcpy Host-to-Device]
1754635281,9216,2647,273,1,1,48,1,1,40,0.000,0.001,,,,,NVIDIA A100-SXM4-40GB (0),1,,13,"void pusch_noise_intf_est::noiseIntfEstNoDftSOfdmKernel<float, __half, float, float, (unsigned int)2, (unsigned int)1, (unsigned char)4, (unsigned char)4>(pusch_noise_intf_est::puschRxNoiseIntfEstDynDescr)"
1754645745,2912,2658,35,1,1,128,1,1,16,0.000,0.000,,,,,NVIDIA A100-SXM4-40GB (0),1,,13,cupy_copy__complex64_complex64
1754673424,1760,2667,1,1,1,1,1,1,18,0.000,0.000,,,,,NVIDIA A100-SXM4-40GB (0),1,,13,cupy_copy__float32_float32
1754711984,1728,2673,,,,,,,,,,0.000,2.315,Device,Pageable,NVIDIA A100-SXM4-40GB (0),1,,7,[CUDA memcpy Device-to-Host]
1754772943,16448,2684,1434,1,1,128,1,1,16,0.000,0.000,,,,,NVIDIA A100-SXM4-40GB (0),1,,13,cupy_copy__complex64_complex64
1754799759,2784,2691,103,1,1,128,1,1,16,0.000,0.000,,,,,NVIDIA A100-SXM4-40GB (0),1,,13,cupy_copy__complex64_complex64
1754821359,2336,2698,35,1,1,128,1,1,16,0.000,0.000,,,,,NVIDIA A100-SXM4-40GB (0),1,,13,cupy_copy__complex64_complex64
1754841006,1696,2705,1,1,1,1,1,1,18,0.000,0.000,,,,,NVIDIA A100-SXM4-40GB (0),1,,13,cupy_copy__float32_float32
1754979469,86431,2716,1,1,1,32,32,1,30,0.000,0.000,,,,,NVIDIA A100-SXM4-40GB (0),1,,13,"void convert_kernel<__half2, float2>(tensor_layout_any, T1 *, tensor_layout_any, const T2 *)"
1755297705,4608,2719,,,,,,,,,,0.061,13333.279,Pinned,Device,NVIDIA A100-SXM4-40GB (0),1,,13,[CUDA memcpy Host-to-Device]
1755306313,3616,2720,,,,,,,,,,1.547,427715.774,Device,,NVIDIA A100-SXM4-40GB (0),1,,13,[CUDA memset]
1755314665,3296,2725,,,,,,,,,,0.021,6388.348,Pinned,Device,NVIDIA A100-SXM4-40GB (0),1,,13,[CUDA memcpy Host-to-Device]
1755320265,6912,2726,,,,,,,,,,0.131,18962.842,Pinned,Device,NVIDIA A100-SXM4-40GB (0),1,,13,[CUDA memcpy Host-to-Device]
1755331721,6527,2727,273,1,1,8,4,1,39,0.002,0.000,,,,,NVIDIA A100-SXM4-40GB (0),1,,13,"void channel_eq::eqMmseCoefCompLowMimoKernel<float, float, float, (unsigned int)4, (unsigned int)1, (unsigned int)4>(const channel_eq::_puschRxChEqStatDescr *, channel_eq::_puschRxChEqCoefCompDynDescr)"
1755339592,5632,2728,273,1,1,12,11,1,40,0.002,0.000,,,,,NVIDIA A100-SXM4-40GB (0),1,,13,"void channel_eq::eqMmseSoftDemapKernel<float, __half, __half, float, (unsigned int)4, (unsigned short)16383>(channel_eq::_puschRxChEqStatDescr *, channel_eq::_puschRxChEqSoftDemapDynDescr)"
1755346408,307645,2729,1,1,1,32,32,1,30,0.000,0.000,,,,,NVIDIA A100-SXM4-40GB (0),1,,13,"void convert_kernel<float2, __half2>(tensor_layout_any, T1 *, tensor_layout_any, const T2 *)"
1755655269,13600,2741,2253,1,1,128,1,1,16,0.000,0.000,,,,,NVIDIA A100-SXM4-40GB (0),1,,13,cupy_copy__float16_float16
1755669893,2848,2750,282,1,1,128,1,1,16,0.000,0.000,,,,,NVIDIA A100-SXM4-40GB (0),1,,13,cupy_copy__complex64_complex64
1755674053,2047,2759,26,1,1,128,1,1,16,0.000,0.000,,,,,NVIDIA A100-SXM4-40GB (0),1,,13,cupy_copy__float32_float32
1755677412,3104,2768,103,1,1,128,1,1,16,0.000,0.000,,,,,NVIDIA A100-SXM4-40GB (0),1,,13,cupy_copy__complex64_complex64
1755681828,15424,2778,1434,1,1,128,1,1,16,0.000,0.000,,,,,NVIDIA A100-SXM4-40GB (0),1,,13,cupy_copy__complex64_complex64
1755853282,87359,2783,1,1,1,32,32,1,30,0.000,0.000,,,,,NVIDIA A100-SXM4-40GB (0),1,,13,"void convert_kernel<__half2, float2>(tensor_layout_any, T1 *, tensor_layout_any, const T2 *)"
1755983041,4288,2786,,,,,,,,,,0.061,14328.300,Pinned,Device,NVIDIA A100-SXM4-40GB (0),1,,13,[CUDA memcpy Host-to-Device]
1755995809,588025,2787,,,,,,,,,,456.520,776084.816,Device,,NVIDIA A100-SXM4-40GB (0),1,,13,[CUDA memset]
1756588122,33023,2792,,,,,,,,,,0.825,24992.242,Pinned,Device,NVIDIA A100-SXM4-40GB (0),1,,13,[CUDA memcpy Host-to-Device]
1756623449,6880,2793,,,,,,,,,,0.131,19051.053,Pinned,Device,NVIDIA A100-SXM4-40GB (0),1,,13,[CUDA memcpy Host-to-Device]
1756641401,8032,2794,69,4,1,48,1,1,76,0.002,0.000,,,,,NVIDIA A100-SXM4-40GB (0),1,,13,"void ch_est::windowedChEstPreNoDftSOfdmKernel<float, __half, float, (unsigned int)2, (unsigned int)1, (unsigned short)4>(ch_est::puschRxChEstStatDescr_t *, ch_est::puschRxChEstDynDescr_t *)"
1756650617,6912,2795,137,2,1,24,2,1,44,0.001,0.001,,,,,NVIDIA A100-SXM4-40GB (0),1,,13,"void ch_est::chEstFilterNoDftSOfdmDispatchKernel<float, __half, float, (unsigned int)2>(ch_est::puschRxChEstStatDescr_t *, ch_est::puschRxChEstDynDescr_t *)"
1756658841,5184,2796,137,2,1,24,2,1,44,0.001,0.001,,,,,NVIDIA A100-SXM4-40GB (0),1,,13,"void ch_est::chEstFilterNoDftSOfdmDispatchKernel<float, __half, float, (unsigned int)2>(ch_est::puschRxChEstStatDescr_t *, ch_est::puschRxChEstDynDescr_t *)"
1756665145,2592,2807,103,1,1,128,1,1,16,0.000,0.000,,,,,NVIDIA A100-SXM4-40GB (0),1,,13,cupy_copy__complex64_complex64
1756668921,16416,2817,1434,1,1,128,1,1,16,0.000,0.000,,,,,NVIDIA A100-SXM4-40GB (0),1,,13,cupy_copy__complex64_complex64
1756686425,2528,2824,103,1,1,128,1,1,16,0.000,0.000,,,,,NVIDIA A100-SXM4-40GB (0),1,,13,cupy_copy__complex64_complex64
1756690168,85375,2831,1,1,1,32,32,1,30,0.000,0.000,,,,,NVIDIA A100-SXM4-40GB (0),1,,13,"void convert_kernel<__half2, float2>(tensor_layout_any, T1 *, tensor_layout_any, const T2 *)"
1756946261,4288,2834,,,,,,,,,,0.061,14328.300,Pinned,Device,NVIDIA A100-SXM4-40GB (0),1,,13,[CUDA memcpy Host-to-Device]
1756954709,46752,2835,,,,,,,,,,35.801,765746.733,Device,,NVIDIA A100-SXM4-40GB (0),1,,13,[CUDA memset]
1757010389,2016,2837,,,,,,,,,,0.000,39.682,Pinned,Device,NVIDIA A100-SXM4-40GB (0),1,,13,[CUDA memcpy Host-to-Device]
1757014709,6880,2838,,,,,,,,,,0.131,19051.053,Pinned,Device,NVIDIA A100-SXM4-40GB (0),1,,13,[CUDA memcpy Host-to-Device]
1757025397,9535,2839,273,1,1,48,1,1,40,0.000,0.001,,,,,NVIDIA A100-SXM4-40GB (0),1,,13,"void pusch_noise_intf_est::noiseIntfEstNoDftSOfdmKernel<float, __half, float, float, (unsigned int)2, (unsigned int)1, (unsigned char)4, (unsigned char)4>(pusch_noise_intf_est::puschRxNoiseIntfEstDynDescr)"
1757036244,2752,2850,35,1,1,128,1,1,16,0.000,0.000,,,,,NVIDIA A100-SXM4-40GB (0),1,,13,cupy_copy__complex64_complex64
1757055572,1728,2859,1,1,1,1,1,1,18,0.000,0.000,,,,,NVIDIA A100-SXM4-40GB (0),1,,13,cupy_copy__float32_float32
1757092916,1824,2865,,,,,,,,,,0.000,2.193,Device,Pageable,NVIDIA A100-SXM4-40GB (0),1,,7,[CUDA memcpy Device-to-Host]
1757154131,16448,2876,1434,1,1,128,1,1,16,0.000,0.000,,,,,NVIDIA A100-SXM4-40GB (0),1,,13,cupy_copy__complex64_complex64
1757181715,2816,2883,103,1,1,128,1,1,16,0.000,0.000,,,,,NVIDIA A100-SXM4-40GB (0),1,,13,cupy_copy__complex64_complex64
1757204946,2304,2890,35,1,1,128,1,1,16,0.000,0.000,,,,,NVIDIA A100-SXM4-40GB (0),1,,13,cupy_copy__complex64_complex64
1757224466,1632,2897,1,1,1,1,1,1,18,0.000,0.000,,,,,NVIDIA A100-SXM4-40GB (0),1,,13,cupy_copy__float32_float32
1757496495,86463,2908,1,1,1,32,32,1,30,0.000,0.000,,,,,NVIDIA A100-SXM4-40GB (0),1,,13,"void convert_kernel<__half2, float2>(tensor_layout_any, T1 *, tensor_layout_any, const T2 *)"
1757615790,4287,2911,,,,,,,,,,0.061,14331.679,Pinned,Device,NVIDIA A100-SXM4-40GB (0),1,,13,[CUDA memcpy Host-to-Device]
1757631661,3584,2912,,,,,,,,,,1.547,431534.389,Device,,NVIDIA A100-SXM4-40GB (0),1,,13,[CUDA memset]
1757638925,2976,2917,,,,,,,,,,0.021,7075.258,Pinned,Device,NVIDIA A100-SXM4-40GB (0),1,,13,[CUDA memcpy Host-to-Device]
1757644205,7584,2918,,,,,,,,,,0.131,17282.630,Pinned,Device,NVIDIA A100-SXM4-40GB (0),1,,13,[CUDA memcpy Host-to-Device]
1757656653,6592,2919,273,1,1,8,4,1,39,0.002,0.000,,,,,NVIDIA A100-SXM4-40GB (0),1,,13,"void channel_eq::eqMmseCoefCompLowMimoKernel<float, float, float, (unsigned int)4, (unsigned int)1, (unsigned int)4>(const channel_eq::_puschRxChEqStatDescr *, channel_eq::_puschRxChEqCoefCompDynDescr)"
1757664301,6080,2920,273,1,1,12,11,1,40,0.002,0.000,,,,,NVIDIA A100-SXM4-40GB (0),1,,13,"void channel_eq::eqMmseSoftDemapKernel<float, __half, __half, float, (unsigned int)4, (unsigned short)16383>(channel_eq::_puschRxChEqStatDescr *, channel_eq::_puschRxChEqSoftDemapDynDescr)"
1757671725,307324,2921,1,1,1,32,32,1,30,0.000,0.000,,,,,NVIDIA A100-SXM4-40GB (0),1,,13,"void convert_kernel<float2, __half2>(tensor_layout_any, T1 *, tensor_layout_any, const T2 *)"
1757980297,13696,2933,2253,1,1,128,1,1,16,0.000,0.000,,,,,NVIDIA A100-SXM4-40GB (0),1,,13,cupy_copy__float16_float16
1757995177,2816,2942,282,1,1,128,1,1,16,0.000,0.000,,,,,NVIDIA A100-SXM4-40GB (0),1,,13,cupy_copy__complex64_complex64
1757999305,2048,2951,26,1,1,128,1,1,16,0.000,0.000,,,,,NVIDIA A100-SXM4-40GB (0),1,,13,cupy_copy__float32_float32
1758002377,3040,2960,103,1,1,128,1,1,16,0.000,0.000,,,,,NVIDIA A100-SXM4-40GB (0),1,,13,cupy_copy__complex64_complex64
1758006441,15488,2970,1434,1,1,128,1,1,16,0.000,0.000,,,,,NVIDIA A100-SXM4-40GB (0),1,,13,cupy_copy__complex64_complex64
1758030057,87295,2975,1,1,1,32,32,1,30,0.000,0.000,,,,,NVIDIA A100-SXM4-40GB (0),1,,13,"void convert_kernel<__half2, float2>(tensor_layout_any, T1 *, tensor_layout_any, const T2 *)"
1758146375,4288,2978,,,,,,,,,,0.061,14328.300,Pinned,Device,NVIDIA A100-SXM4-40GB (0),1,,13,[CUDA memcpy Host-to-Device]
1758157831,587769,2979,,,,,,,,,,456.520,776541.336,Device,,NVIDIA A100-SXM4-40GB (0),1,,13,[CUDA memset]
1758747008,32800,2984,,,,,,,,,,0.825,25162.263,Pinned,Device,NVIDIA A100-SXM4-40GB (0),1,,13,[CUDA memcpy Host-to-Device]
1758782112,6912,2985,,,,,,,,,,0.131,18962.842,Pinned,Device,NVIDIA A100-SXM4-40GB (0),1,,13,[CUDA memcpy Host-to-Device]
1758796896,7647,2986,69,4,1,48,1,1,76,0.002,0.000,,,,,NVIDIA A100-SXM4-40GB (0),1,,13,"void ch_est::windowedChEstPreNoDftSOfdmKernel<float, __half, float, (unsigned int)2, (unsigned int)1, (unsigned short)4>(ch_est::puschRxChEstStatDescr_t *, ch_est::puschRxChEstDynDescr_t *)"
1758805599,7008,2987,137,2,1,24,2,1,44,0.001,0.001,,,,,NVIDIA A100-SXM4-40GB (0),1,,13,"void ch_est::chEstFilterNoDftSOfdmDispatchKernel<float, __half, float, (unsigned int)2>(ch_est::puschRxChEstStatDescr_t *, ch_est::puschRxChEstDynDescr_t *)"
1758813663,5184,2988,137,2,1,24,2,1,44,0.001,0.001,,,,,NVIDIA A100-SXM4-40GB (0),1,,13,"void ch_est::chEstFilterNoDftSOfdmDispatchKernel<float, __half, float, (unsigned int)2>(ch_est::puschRxChEstStatDescr_t *, ch_est::puschRxChEstDynDescr_t *)"
1758820159,2624,2999,103,1,1,128,1,1,16,0.000,0.000,,,,,NVIDIA A100-SXM4-40GB (0),1,,13,cupy_copy__complex64_complex64
1758823967,16480,3009,1434,1,1,128,1,1,16,0.000,0.000,,,,,NVIDIA A100-SXM4-40GB (0),1,,13,cupy_copy__complex64_complex64
1758841759,2560,3016,103,1,1,128,1,1,16,0.000,0.000,,,,,NVIDIA A100-SXM4-40GB (0),1,,13,cupy_copy__complex64_complex64
1758845631,86719,3023,1,1,1,32,32,1,30,0.000,0.000,,,,,NVIDIA A100-SXM4-40GB (0),1,,13,"void convert_kernel<__half2, float2>(tensor_layout_any, T1 *, tensor_layout_any, const T2 *)"
1758961118,4320,3026,,,,,,,,,,0.061,14222.193,Pinned,Device,NVIDIA A100-SXM4-40GB (0),1,,13,[CUDA memcpy Host-to-Device]
1758973597,46720,3027,,,,,,,,,,35.801,766283.748,Device,,NVIDIA A100-SXM4-40GB (0),1,,13,[CUDA memset]
1759026237,1984,3029,,,,,,,,,,0.000,40.323,Pinned,Device,NVIDIA A100-SXM4-40GB (0),1,,13,[CUDA memcpy Host-to-Device]
1759030525,6944,3030,,,,,,,,,,0.131,18875.548,Pinned,Device,NVIDIA A100-SXM4-40GB (0),1,,13,[CUDA memcpy Host-to-Device]
1759045181,9408,3031,273,1,1,48,1,1,40,0.000,0.001,,,,,NVIDIA A100-SXM4-40GB (0),1,,13,"void pusch_noise_intf_est::noiseIntfEstNoDftSOfdmKernel<float, __half, float, float, (unsigned int)2, (unsigned int)1, (unsigned char)4, (unsigned char)4>(pusch_noise_intf_est::puschRxNoiseIntfEstDynDescr)"
1759055709,2975,3042,35,1,1,128,1,1,16,0.000,0.000,,,,,NVIDIA A100-SXM4-40GB (0),1,,13,cupy_copy__complex64_complex64
1759083612,1728,3051,1,1,1,1,1,1,18,0.000,0.000,,,,,NVIDIA A100-SXM4-40GB (0),1,,13,cupy_copy__float32_float32
1759119772,1824,3057,,,,,,,,,,0.000,2.193,Device,Pageable,NVIDIA A100-SXM4-40GB (0),1,,7,[CUDA memcpy Device-to-Host]
1759178747,16160,3068,1434,1,1,128,1,1,16,0.000,0.000,,,,,NVIDIA A100-SXM4-40GB (0),1,,13,cupy_copy__complex64_complex64
1759205819,2784,3075,103,1,1,128,1,1,16,0.000,0.000,,,,,NVIDIA A100-SXM4-40GB (0),1,,13,cupy_copy__complex64_complex64
1759227450,2336,3082,35,1,1,128,1,1,16,0.000,0.000,,,,,NVIDIA A100-SXM4-40GB (0),1,,13,cupy_copy__complex64_complex64
1759245370,1696,3089,1,1,1,1,1,1,18,0.000,0.000,,,,,NVIDIA A100-SXM4-40GB (0),1,,13,cupy_copy__float32_float32
1759382745,86431,3100,1,1,1,32,32,1,30,0.000,0.000,,,,,NVIDIA A100-SXM4-40GB (0),1,,13,"void convert_kernel<__half2, float2>(tensor_layout_any, T1 *, tensor_layout_any, const T2 *)"
1759499287,4544,3103,,,,,,,,,,0.061,13521.101,Pinned,Device,NVIDIA A100-SXM4-40GB (0),1,,13,[CUDA memcpy Host-to-Device]
1759513079,3616,3104,,,,,,,,,,1.547,427715.774,Device,,NVIDIA A100-SXM4-40GB (0),1,,13,[CUDA memset]
1759520247,2976,3109,,,,,,,,,,0.021,7075.258,Pinned,Device,NVIDIA A100-SXM4-40GB (0),1,,13,[CUDA memcpy Host-to-Device]
1759525527,6976,3110,,,,,,,,,,0.131,18788.909,Pinned,Device,NVIDIA A100-SXM4-40GB (0),1,,13,[CUDA memcpy Host-to-Device]
1759537879,6560,3111,273,1,1,8,4,1,39,0.002,0.000,,,,,NVIDIA A100-SXM4-40GB (0),1,,13,"void channel_eq::eqMmseCoefCompLowMimoKernel<float, float, float, (unsigned int)4, (unsigned int)1, (unsigned int)4>(const channel_eq::_puschRxChEqStatDescr *, channel_eq::_puschRxChEqCoefCompDynDescr)"
1759545783,5696,3112,273,1,1,12,11,1,40,0.002,0.000,,,,,NVIDIA A100-SXM4-40GB (0),1,,13,"void channel_eq::eqMmseSoftDemapKernel<float, __half, __half, float, (unsigned int)4, (unsigned short)16383>(channel_eq::_puschRxChEqStatDescr *, channel_eq::_puschRxChEqSoftDemapDynDescr)"
1759552663,307932,3113,1,1,1,32,32,1,30,0.000,0.000,,,,,NVIDIA A100-SXM4-40GB (0),1,,13,"void convert_kernel<float2, __half2>(tensor_layout_any, T1 *, tensor_layout_any, const T2 *)"
1759861715,13920,3125,2253,1,1,128,1,1,16,0.000,0.000,,,,,NVIDIA A100-SXM4-40GB (0),1,,13,cupy_copy__float16_float16
1759876819,2848,3134,282,1,1,128,1,1,16,0.000,0.000,,,,,NVIDIA A100-SXM4-40GB (0),1,,13,cupy_copy__complex64_complex64
1759880979,2016,3143,26,1,1,128,1,1,16,0.000,0.000,,,,,NVIDIA A100-SXM4-40GB (0),1,,13,cupy_copy__float32_float32
1759884051,3072,3152,103,1,1,128,1,1,16,0.000,0.000,,,,,NVIDIA A100-SXM4-40GB (0),1,,13,cupy_copy__complex64_complex64
1759888435,15263,3162,1434,1,1,128,1,1,16,0.000,0.000,,,,,NVIDIA A100-SXM4-40GB (0),1,,13,cupy_copy__complex64_complex64
1759904754,86783,3167,1,1,1,32,32,1,30,0.000,0.000,,,,,NVIDIA A100-SXM4-40GB (0),1,,13,"void convert_kernel<__half2, float2>(tensor_layout_any, T1 *, tensor_layout_any, const T2 *)"
1760020913,4288,3170,,,,,,,,,,0.061,14328.300,Pinned,Device,NVIDIA A100-SXM4-40GB (0),1,,13,[CUDA memcpy Host-to-Device]
1760031729,587321,3171,,,,,,,,,,456.520,776997.857,Device,,NVIDIA A100-SXM4-40GB (0),1,,13,[CUDA memset]
1760620618,32832,3176,,,,,,,,,,0.825,25138.328,Pinned,Device,NVIDIA A100-SXM4-40GB (0),1,,13,[CUDA memcpy Host-to-Device]
1760655754,7263,3177,,,,,,,,,,0.131,18046.517,Pinned,Device,NVIDIA A100-SXM4-40GB (0),1,,13,[CUDA memcpy Host-to-Device]
1760671785,7968,3178,69,4,1,48,1,1,76,0.002,0.000,,,,,NVIDIA A100-SXM4-40GB (0),1,,13,"void ch_est::windowedChEstPreNoDftSOfdmKernel<float, __half, float, (unsigned int)2, (unsigned int)1, (unsigned short)4>(ch_est::puschRxChEstStatDescr_t *, ch_est::puschRxChEstDynDescr_t *)"
1760681097,6880,3179,137,2,1,24,2,1,44,0.001,0.001,,,,,NVIDIA A100-SXM4-40GB (0),1,,13,"void ch_est::chEstFilterNoDftSOfdmDispatchKernel<float, __half, float, (unsigned int)2>(ch_est::puschRxChEstStatDescr_t *, ch_est::puschRxChEstDynDescr_t *)"
1760689129,5184,3180,137,2,1,24,2,1,44,0.001,0.001,,,,,NVIDIA A100-SXM4-40GB (0),1,,13,"void ch_est::chEstFilterNoDftSOfdmDispatchKernel<float, __half, float, (unsigned int)2>(ch_est::puschRxChEstStatDescr_t *, ch_est::puschRxChEstDynDescr_t *)"
1760695433,2592,3191,103,1,1,128,1,1,16,0.000,0.000,,,,,NVIDIA A100-SXM4-40GB (0),1,,13,cupy_copy__complex64_complex64
1760699113,16544,3201,1434,1,1,128,1,1,16,0.000,0.000,,,,,NVIDIA A100-SXM4-40GB (0),1,,13,cupy_copy__complex64_complex64
1760716681,2528,3208,103,1,1,128,1,1,16,0.000,0.000,,,,,NVIDIA A100-SXM4-40GB (0),1,,13,cupy_copy__complex64_complex64
1760720233,86367,3215,1,1,1,32,32,1,30,0.000,0.000,,,,,NVIDIA A100-SXM4-40GB (0),1,,13,"void convert_kernel<__half2, float2>(tensor_layout_any, T1 *, tensor_layout_any, const T2 *)"
1760980774,4320,3218,,,,,,,,,,0.061,14222.193,Pinned,Device,NVIDIA A100-SXM4-40GB (0),1,,13,[CUDA memcpy Host-to-Device]
1760992326,46751,3219,,,,,,,,,,35.801,765746.733,Device,,NVIDIA A100-SXM4-40GB (0),1,,13,[CUDA memset]
1761044517,1984,3221,,,,,,,,,,0.000,40.323,Pinned,Device,NVIDIA A100-SXM4-40GB (0),1,,13,[CUDA memcpy Host-to-Device]
1761048805,6944,3222,,,,,,,,,,0.131,18875.548,Pinned,Device,NVIDIA A100-SXM4-40GB (0),1,,13,[CUDA memcpy Host-to-Device]
1761067077,9696,3223,273,1,1,48,1,1,40,0.000,0.001,,,,,NVIDIA A100-SXM4-40GB (0),1,,13,"void pusch_noise_intf_est::noiseIntfEstNoDftSOfdmKernel<float, __half, float, float, (unsigned int)2, (unsigned int)1, (unsigned char)4, (unsigned char)4>(pusch_noise_intf_est::puschRxNoiseIntfEstDynDescr)"
1761077861,2944,3234,35,1,1,128,1,1,16,0.000,0.000,,,,,NVIDIA A100-SXM4-40GB (0),1,,13,cupy_copy__complex64_complex64
1761089092,1728,3243,1,1,1,1,1,1,18,0.000,0.000,,,,,NVIDIA A100-SXM4-40GB (0),1,,13,cupy_copy__float32_float32
1761126308,1856,3249,,,,,,,,,,0.000,2.155,Device,Pageable,NVIDIA A100-SXM4-40GB (0),1,,7,[CUDA memcpy Device-to-Host]
1761186435,16512,3260,1434,1,1,128,1,1,16,0.000,0.000,,,,,NVIDIA A100-SXM4-40GB (0),1,,13,cupy_copy__complex64_complex64
1761213187,2816,3267,103,1,1,128,1,1,16,0.000,0.000,,,,,NVIDIA A100-SXM4-40GB (0),1,,13,cupy_copy__complex64_complex64
1761237635,2304,3274,35,1,1,128,1,1,16,0.000,0.000,,,,,NVIDIA A100-SXM4-40GB (0),1,,13,cupy_copy__complex64_complex64
1761257922,1696,3281,1,1,1,1,1,1,18,0.000,0.000,,,,,NVIDIA A100-SXM4-40GB (0),1,,13,cupy_copy__float32_float32
1761532223,87455,3292,1,1,1,32,32,1,30,0.000,0.000,,,,,NVIDIA A100-SXM4-40GB (0),1,,13,"void convert_kernel<__half2, float2>(tensor_layout_any, T1 *, tensor_layout_any, const T2 *)"
1761651710,4320,3295,,,,,,,,,,0.061,14222.193,Pinned,Device,NVIDIA A100-SXM4-40GB (0),1,,13,[CUDA memcpy Host-to-Device]
1761667582,3648,3296,,,,,,,,,,1.547,423963.664,Device,,NVIDIA A100-SXM4-40GB (0),1,,13,[CUDA memset]
1761674014,2943,3301,,,,,,,,,,0.021,7154.597,Pinned,Device,NVIDIA A100-SXM4-40GB (0),1,,13,[CUDA memcpy Host-to-Device]
1761679261,7424,3302,,,,,,,,,,0.131,17655.136,Pinned,Device,NVIDIA A100-SXM4-40GB (0),1,,13,[CUDA memcpy Host-to-Device]
1761691485,6624,3303,273,1,1,8,4,1,39,0.002,0.000,,,,,NVIDIA A100-SXM4-40GB (0),1,,13,"void channel_eq::eqMmseCoefCompLowMimoKernel<float, float, float, (unsigned int)4, (unsigned int)1, (unsigned int)4>(const channel_eq::_puschRxChEqStatDescr *, channel_eq::_puschRxChEqCoefCompDynDescr)"
1761699325,5728,3304,273,1,1,12,11,1,40,0.002,0.000,,,,,NVIDIA A100-SXM4-40GB (0),1,,13,"void channel_eq::eqMmseSoftDemapKernel<float, __half, __half, float, (unsigned int)4, (unsigned short)16383>(channel_eq::_puschRxChEqStatDescr *, channel_eq::_puschRxChEqSoftDemapDynDescr)"
1761706397,308412,3305,1,1,1,32,32,1,30,0.000,0.000,,,,,NVIDIA A100-SXM4-40GB (0),1,,13,"void convert_kernel<float2, __half2>(tensor_layout_any, T1 *, tensor_layout_any, const T2 *)"
1762015897,13536,3317,2253,1,1,128,1,1,16,0.000,0.000,,,,,NVIDIA A100-SXM4-40GB (0),1,,13,cupy_copy__float16_float16
1762030489,2816,3326,282,1,1,128,1,1,16,0.000,0.000,,,,,NVIDIA A100-SXM4-40GB (0),1,,13,cupy_copy__complex64_complex64
1762034617,2048,3335,26,1,1,128,1,1,16,0.000,0.000,,,,,NVIDIA A100-SXM4-40GB (0),1,,13,cupy_copy__float32_float32
1762037689,3040,3344,103,1,1,128,1,1,16,0.000,0.000,,,,,NVIDIA A100-SXM4-40GB (0),1,,13,cupy_copy__complex64_complex64
1762041753,15392,3354,1434,1,1,128,1,1,16,0.000,0.000,,,,,NVIDIA A100-SXM4-40GB (0),1,,13,cupy_copy__complex64_complex64
1762062489,86495,3359,1,1,1,32,32,1,30,0.000,0.000,,,,,NVIDIA A100-SXM4-40GB (0),1,,13,"void convert_kernel<__half2, float2>(tensor_layout_any, T1 *, tensor_layout_any, const T2 *)"
1762316822,4288,3362,,,,,,,,,,0.061,14328.300,Pinned,Device,NVIDIA A100-SXM4-40GB (0),1,,13,[CUDA memcpy Host-to-Device]
1762326678,588633,3363,,,,,,,,,,456.520,775171.775,Device,,NVIDIA A100-SXM4-40GB (0),1,,13,[CUDA memset]
1762917391,32799,3368,,,,,,,,,,0.825,25163.088,Pinned,Device,NVIDIA A100-SXM4-40GB (0),1,,13,[CUDA memcpy Host-to-Device]
1762952494,6944,3369,,,,,,,,,,0.131,18875.548,Pinned,Device,NVIDIA A100-SXM4-40GB (0),1,,13,[CUDA memcpy Host-to-Device]
1762968622,8288,3370,69,4,1,48,1,1,76,0.002,0.000,,,,,NVIDIA A100-SXM4-40GB (0),1,,13,"void ch_est::windowedChEstPreNoDftSOfdmKernel<float, __half, float, (unsigned int)2, (unsigned int)1, (unsigned short)4>(ch_est::puschRxChEstStatDescr_t *, ch_est::puschRxChEstDynDescr_t *)"
1762978062,7072,3371,137,2,1,24,2,1,44,0.001,0.001,,,,,NVIDIA A100-SXM4-40GB (0),1,,13,"void ch_est::chEstFilterNoDftSOfdmDispatchKernel<float, __half, float, (unsigned int)2>(ch_est::puschRxChEstStatDescr_t *, ch_est::puschRxChEstDynDescr_t *)"
1762986446,5184,3372,137,2,1,24,2,1,44,0.001,0.001,,,,,NVIDIA A100-SXM4-40GB (0),1,,13,"void ch_est::chEstFilterNoDftSOfdmDispatchKernel<float, __half, float, (unsigned int)2>(ch_est::puschRxChEstStatDescr_t *, ch_est::puschRxChEstDynDescr_t *)"
1762992750,2624,3383,103,1,1,128,1,1,16,0.000,0.000,,,,,NVIDIA A100-SXM4-40GB (0),1,,13,cupy_copy__complex64_complex64
1762996526,16576,3393,1434,1,1,128,1,1,16,0.000,0.000,,,,,NVIDIA A100-SXM4-40GB (0),1,,13,cupy_copy__complex64_complex64
1763014158,2528,3400,103,1,1,128,1,1,16,0.000,0.000,,,,,NVIDIA A100-SXM4-40GB (0),1,,13,cupy_copy__complex64_complex64
1763017710,86143,3407,1,1,1,32,32,1,30,0.000,0.000,,,,,NVIDIA A100-SXM4-40GB (0),1,,13,"void convert_kernel<__half2, float2>(tensor_layout_any, T1 *, tensor_layout_any, const T2 *)"
1763135788,4288,3410,,,,,,,,,,0.061,14328.300,Pinned,Device,NVIDIA A100-SXM4-40GB (0),1,,13,[CUDA memcpy Host-to-Device]
1763148780,46656,3411,,,,,,,,,,35.801,767321.976,Device,,NVIDIA A100-SXM4-40GB (0),1,,13,[CUDA memset]
1763202027,2016,3413,,,,,,,,,,0.000,39.682,Pinned,Device,NVIDIA A100-SXM4-40GB (0),1,,13,[CUDA memcpy Host-to-Device]
1763206347,6880,3414,,,,,,,,,,0.131,19051.053,Pinned,Device,NVIDIA A100-SXM4-40GB (0),1,,13,[CUDA memcpy Host-to-Device]
1763224619,9344,3415,273,1,1,48,1,1,40,0.000,0.001,,,,,NVIDIA A100-SXM4-40GB (0),1,,13,"void pusch_noise_intf_est::noiseIntfEstNoDftSOfdmKernel<float, __half, float, float, (unsigned int)2, (unsigned int)1, (unsigned char)4, (unsigned char)4>(pusch_noise_intf_est::puschRxNoiseIntfEstDynDescr)"
1763234987,2944,3426,35,1,1,128,1,1,16,0.000,0.000,,,,,NVIDIA A100-SXM4-40GB (0),1,,13,cupy_copy__complex64_complex64
1763263755,1760,3435,1,1,1,1,1,1,18,0.000,0.000,,,,,NVIDIA A100-SXM4-40GB (0),1,,13,cupy_copy__float32_float32
1763299786,1824,3441,,,,,,,,,,0.000,2.193,Device,Pageable,NVIDIA A100-SXM4-40GB (0),1,,7,[CUDA memcpy Device-to-Host]
1763359754,16383,3452,1434,1,1,128,1,1,16,0.000,0.000,,,,,NVIDIA A100-SXM4-40GB (0),1,,13,cupy_copy__complex64_complex64
1763386633,2784,3459,103,1,1,128,1,1,16,0.000,0.000,,,,,NVIDIA A100-SXM4-40GB (0),1,,13,cupy_copy__complex64_complex64
1763408201,2336,3466,35,1,1,128,1,1,16,0.000,0.000,,,,,NVIDIA A100-SXM4-40GB (0),1,,13,cupy_copy__complex64_complex64
1763426953,1664,3473,1,1,1,1,1,1,18,0.000,0.000,,,,,NVIDIA A100-SXM4-40GB (0),1,,13,cupy_copy__float32_float32
1763564007,86303,3484,1,1,1,32,32,1,30,0.000,0.000,,,,,NVIDIA A100-SXM4-40GB (0),1,,13,"void convert_kernel<__half2, float2>(tensor_layout_any, T1 *, tensor_layout_any, const T2 *)"
1763680518,4288,3487,,,,,,,,,,0.061,14328.300,Pinned,Device,NVIDIA A100-SXM4-40GB (0),1,,13,[CUDA memcpy Host-to-Device]
1763695174,3616,3488,,,,,,,,,,1.547,427715.774,Device,,NVIDIA A100-SXM4-40GB (0),1,,13,[CUDA memset]
1763704422,3199,3493,,,,,,,,,,0.021,6582.042,Pinned,Device,NVIDIA A100-SXM4-40GB (0),1,,13,[CUDA memcpy Host-to-Device]
1763709925,7392,3494,,,,,,,,,,0.131,17731.551,Pinned,Device,NVIDIA A100-SXM4-40GB (0),1,,13,[CUDA memcpy Host-to-Device]
1763721669,6528,3495,273,1,1,8,4,1,39,0.002,0.000,,,,,NVIDIA A100-SXM4-40GB (0),1,,13,"void channel_eq::eqMmseCoefCompLowMimoKernel<float, float, float, (unsigned int)4, (unsigned int)1, (unsigned int)4>(const channel_eq::_puschRxChEqStatDescr *, channel_eq::_puschRxChEqCoefCompDynDescr)"
1763729541,5728,3496,273,1,1,12,11,1,40,0.002,0.000,,,,,NVIDIA A100-SXM4-40GB (0),1,,13,"void channel_eq::eqMmseSoftDemapKernel<float, __half, __half, float, (unsigned int)4, (unsigned short)16383>(channel_eq::_puschRxChEqStatDescr *, channel_eq::_puschRxChEqSoftDemapDynDescr)"
1763736325,307324,3497,1,1,1,32,32,1,30,0.000,0.000,,,,,NVIDIA A100-SXM4-40GB (0),1,,13,"void convert_kernel<float2, __half2>(tensor_layout_any, T1 *, tensor_layout_any, const T2 *)"
1764044833,13472,3509,2253,1,1,128,1,1,16,0.000,0.000,,,,,NVIDIA A100-SXM4-40GB (0),1,,13,cupy_copy__float16_float16
1764059425,2816,3518,282,1,1,128,1,1,16,0.000,0.000,,,,,NVIDIA A100-SXM4-40GB (0),1,,13,cupy_copy__complex64_complex64
1764063585,2048,3527,26,1,1,128,1,1,16,0.000,0.000,,,,,NVIDIA A100-SXM4-40GB (0),1,,13,cupy_copy__float32_float32
1764066945,3072,3536,103,1,1,128,1,1,16,0.000,0.000,,,,,NVIDIA A100-SXM4-40GB (0),1,,13,cupy_copy__complex64_complex64
1764071361,15424,3546,1434,1,1,128,1,1,16,0.000,0.000,,,,,NVIDIA A100-SXM4-40GB (0),1,,13,cupy_copy__complex64_complex64
1764093665,86719,3551,1,1,1,32,32,1,30,0.000,0.000,,,,,NVIDIA A100-SXM4-40GB (0),1,,13,"void convert_kernel<__half2, float2>(tensor_layout_any, T1 *, tensor_layout_any, const T2 *)"
1764208000,4287,3554,,,,,,,,,,0.061,14331.679,Pinned,Device,NVIDIA A100-SXM4-40GB (0),1,,13,[CUDA memcpy Host-to-Device]
1764218911,587737,3555,,,,,,,,,,456.520,776541.336,Device,,NVIDIA A100-SXM4-40GB (0),1,,13,[CUDA memset]
1764808696,32800,3560,,,,,,,,,,0.825,25162.263,Pinned,Device,NVIDIA A100-SXM4-40GB (0),1,,13,[CUDA memcpy Host-to-Device]
1764843800,6912,3561,,,,,,,,,,0.131,18962.842,Pinned,Device,NVIDIA A100-SXM4-40GB (0),1,,13,[CUDA memcpy Host-to-Device]
1764861944,8032,3562,69,4,1,48,1,1,76,0.002,0.000,,,,,NVIDIA A100-SXM4-40GB (0),1,,13,"void ch_est::windowedChEstPreNoDftSOfdmKernel<float, __half, float, (unsigned int)2, (unsigned int)1, (unsigned short)4>(ch_est::puschRxChEstStatDescr_t *, ch_est::puschRxChEstDynDescr_t *)"
1764871192,6816,3563,137,2,1,24,2,1,44,0.001,0.001,,,,,NVIDIA A100-SXM4-40GB (0),1,,13,"void ch_est::chEstFilterNoDftSOfdmDispatchKernel<float, __half, float, (unsigned int)2>(ch_est::puschRxChEstStatDescr_t *, ch_est::puschRxChEstDynDescr_t *)"
1764879192,5152,3564,137,2,1,24,2,1,44,0.001,0.001,,,,,NVIDIA A100-SXM4-40GB (0),1,,13,"void ch_est::chEstFilterNoDftSOfdmDispatchKernel<float, __half, float, (unsigned int)2>(ch_est::puschRxChEstStatDescr_t *, ch_est::puschRxChEstDynDescr_t *)"
1764885496,2623,3575,103,1,1,128,1,1,16,0.000,0.000,,,,,NVIDIA A100-SXM4-40GB (0),1,,13,cupy_copy__complex64_complex64
1764889271,16288,3585,1434,1,1,128,1,1,16,0.000,0.000,,,,,NVIDIA A100-SXM4-40GB (0),1,,13,cupy_copy__complex64_complex64
1764906775,2528,3592,103,1,1,128,1,1,16,0.000,0.000,,,,,NVIDIA A100-SXM4-40GB (0),1,,13,cupy_copy__complex64_complex64
1764910487,87615,3599,1,1,1,32,32,1,30,0.000,0.000,,,,,NVIDIA A100-SXM4-40GB (0),1,,13,"void convert_kernel<__half2, float2>(tensor_layout_any, T1 *, tensor_layout_any, const T2 *)"
1765026998,4288,3602,,,,,,,,,,0.061,14328.300,Pinned,Device,NVIDIA A100-SXM4-40GB (0),1,,13,[CUDA memcpy Host-to-Device]
1765039158,46943,3603,,,,,,,,,,35.801,762632.050,Device,,NVIDIA A100-SXM4-40GB (0),1,,13,[CUDA memset]
1765091285,2016,3605,,,,,,,,,,0.000,39.682,Pinned,Device,NVIDIA A100-SXM4-40GB (0),1,,13,[CUDA memcpy Host-to-Device]
1765095605,6880,3606,,,,,,,,,,0.131,19051.053,Pinned,Device,NVIDIA A100-SXM4-40GB (0),1,,13,[CUDA memcpy Host-to-Device]
1765109685,9248,3607,273,1,1,48,1,1,40,0.000,0.001,,,,,NVIDIA A100-SXM4-40GB (0),1,,13,"void pusch_noise_intf_est::noiseIntfEstNoDftSOfdmKernel<float, __half, float, float, (unsigned int)2, (unsigned int)1, (unsigned char)4, (unsigned char)4>(pusch_noise_intf_est::puschRxNoiseIntfEstDynDescr)"
1765120085,2912,3618,35,1,1,128,1,1,16,0.000,0.000,,,,,NVIDIA A100-SXM4-40GB (0),1,,13,cupy_copy__complex64_complex64
1765147060,1728,3627,1,1,1,1,1,1,18,0.000,0.000,,,,,NVIDIA A100-SXM4-40GB (0),1,,13,cupy_copy__float32_float32
1765184532,1728,3633,,,,,,,,,,0.000,2.315,Device,Pageable,NVIDIA A100-SXM4-40GB (0),1,,7,[CUDA memcpy Device-to-Host]
1765244115,16672,3644,1434,1,1,128,1,1,16,0.000,0.000,,,,,NVIDIA A100-SXM4-40GB (0),1,,13,cupy_copy__complex64_complex64
1765272147,2816,3651,103,1,1,128,1,1,16,0.000,0.000,,,,,NVIDIA A100-SXM4-40GB (0),1,,13,cupy_copy__complex64_complex64
1765293395,2336,3658,35,1,1,128,1,1,16,0.000,0.000,,,,,NVIDIA A100-SXM4-40GB (0),1,,13,cupy_copy__complex64_complex64
1765312338,1664,3665,1,1,1,1,1,1,18,0.000,0.000,,,,,NVIDIA A100-SXM4-40GB (0),1,,13,cupy_copy__float32_float32
1765449041,87071,3676,1,1,1,32,32,1,30,0.000,0.000,,,,,NVIDIA A100-SXM4-40GB (0),1,,13,"void convert_kernel<__half2, float2>(tensor_layout_any, T1 *, tensor_layout_any, const T2 *)"
1765565903,4288,3679,,,,,,,,,,0.061,14328.300,Pinned,Device,NVIDIA A100-SXM4-40GB (0),1,,13,[CUDA memcpy Host-to-Device]
1765580143,3616,3680,,,,,,,,,,1.547,427715.774,Device,,NVIDIA A100-SXM4-40GB (0),1,,13,[CUDA memset]
1765587055,2912,3685,,,,,,,,,,0.021,7230.757,Pinned,Device,NVIDIA A100-SXM4-40GB (0),1,,13,[CUDA memcpy Host-to-Device]
1765592271,6912,3686,,,,,,,,,,0.131,18962.842,Pinned,Device,NVIDIA A100-SXM4-40GB (0),1,,13,[CUDA memcpy Host-to-Device]
1765603119,6560,3687,273,1,1,8,4,1,39,0.002,0.000,,,,,NVIDIA A100-SXM4-40GB (0),1,,13,"void channel_eq::eqMmseCoefCompLowMimoKernel<float, float, float, (unsigned int)4, (unsigned int)1, (unsigned int)4>(const channel_eq::_puschRxChEqStatDescr *, channel_eq::_puschRxChEqCoefCompDynDescr)"
1765610767,5856,3688,273,1,1,12,11,1,40,0.002,0.000,,,,,NVIDIA A100-SXM4-40GB (0),1,,13,"void channel_eq::eqMmseSoftDemapKernel<float, __half, __half, float, (unsigned int)4, (unsigned short)16383>(channel_eq::_puschRxChEqStatDescr *, channel_eq::_puschRxChEqSoftDemapDynDescr)"
1765617807,307132,3689,1,1,1,32,32,1,30,0.000,0.000,,,,,NVIDIA A100-SXM4-40GB (0),1,,13,"void convert_kernel<float2, __half2>(tensor_layout_any, T1 *, tensor_layout_any, const T2 *)"
1765925995,13376,3701,2253,1,1,128,1,1,16,0.000,0.000,,,,,NVIDIA A100-SXM4-40GB (0),1,,13,cupy_copy__float16_float16
1765940683,2848,3710,282,1,1,128,1,1,16,0.000,0.000,,,,,NVIDIA A100-SXM4-40GB (0),1,,13,cupy_copy__complex64_complex64
1765944843,2048,3719,26,1,1,128,1,1,16,0.000,0.000,,,,,NVIDIA A100-SXM4-40GB (0),1,,13,cupy_copy__float32_float32
1765948235,3040,3728,103,1,1,128,1,1,16,0.000,0.000,,,,,NVIDIA A100-SXM4-40GB (0),1,,13,cupy_copy__complex64_complex64
1765952587,15232,3738,1434,1,1,128,1,1,16,0.000,0.000,,,,,NVIDIA A100-SXM4-40GB (0),1,,13,cupy_copy__complex64_complex64
1765969035,86815,3743,1,1,1,32,32,1,30,0.000,0.000,,,,,NVIDIA A100-SXM4-40GB (0),1,,13,"void convert_kernel<__half2, float2>(tensor_layout_any, T1 *, tensor_layout_any, const T2 *)"
1766226536,4288,3746,,,,,,,,,,0.061,14328.300,Pinned,Device,NVIDIA A100-SXM4-40GB (0),1,,13,[CUDA memcpy Host-to-Device]
1766235176,588377,3747,,,,,,,,,,456.520,775628.296,Device,,NVIDIA A100-SXM4-40GB (0),1,,13,[CUDA memset]
1766825953,32799,3752,,,,,,,,,,0.825,25163.088,Pinned,Device,NVIDIA A100-SXM4-40GB (0),1,,13,[CUDA memcpy Host-to-Device]
1766861056,6912,3753,,,,,,,,,,0.131,18962.842,Pinned,Device,NVIDIA A100-SXM4-40GB (0),1,,13,[CUDA memcpy Host-to-Device]
1766876160,7552,3754,69,4,1,48,1,1,76,0.002,0.000,,,,,NVIDIA A100-SXM4-40GB (0),1,,13,"void ch_est::windowedChEstPreNoDftSOfdmKernel<float, __half, float, (unsigned int)2, (unsigned int)1, (unsigned short)4>(ch_est::puschRxChEstStatDescr_t *, ch_est::puschRxChEstDynDescr_t *)"
1766884928,7008,3755,137,2,1,24,2,1,44,0.001,0.001,,,,,NVIDIA A100-SXM4-40GB (0),1,,13,"void ch_est::chEstFilterNoDftSOfdmDispatchKernel<float, __half, float, (unsigned int)2>(ch_est::puschRxChEstStatDescr_t *, ch_est::puschRxChEstDynDescr_t *)"
1766893056,5184,3756,137,2,1,24,2,1,44,0.001,0.001,,,,,NVIDIA A100-SXM4-40GB (0),1,,13,"void ch_est::chEstFilterNoDftSOfdmDispatchKernel<float, __half, float, (unsigned int)2>(ch_est::puschRxChEstStatDescr_t *, ch_est::puschRxChEstDynDescr_t *)"
1766899584,3072,3767,103,1,1,128,1,1,16,0.000,0.000,,,,,NVIDIA A100-SXM4-40GB (0),1,,13,cupy_copy__complex64_complex64
1766903968,16447,3777,1434,1,1,128,1,1,16,0.000,0.000,,,,,NVIDIA A100-SXM4-40GB (0),1,,13,cupy_copy__complex64_complex64
1766921439,2560,3784,103,1,1,128,1,1,16,0.000,0.000,,,,,NVIDIA A100-SXM4-40GB (0),1,,13,cupy_copy__complex64_complex64
1766925055,86367,3791,1,1,1,32,32,1,30,0.000,0.000,,,,,NVIDIA A100-SXM4-40GB (0),1,,13,"void convert_kernel<__half2, float2>(tensor_layout_any, T1 *, tensor_layout_any, const T2 *)"
1767043358,4512,3794,,,,,,,,,,0.061,13617.009,Pinned,Device,NVIDIA A100-SXM4-40GB (0),1,,13,[CUDA memcpy Host-to-Device]
1767056478,46879,3795,,,,,,,,,,35.801,763670.278,Device,,NVIDIA A100-SXM4-40GB (0),1,,13,[CUDA memset]
1767109565,2016,3797,,,,,,,,,,0.000,39.682,Pinned,Device,NVIDIA A100-SXM4-40GB (0),1,,13,[CUDA memcpy Host-to-Device]
1767113885,6912,3798,,,,,,,,,,0.131,18962.842,Pinned,Device,NVIDIA A100-SXM4-40GB (0),1,,13,[CUDA memcpy Host-to-Device]
1767132157,9472,3799,273,1,1,48,1,1,40,0.000,0.001,,,,,NVIDIA A100-SXM4-40GB (0),1,,13,"void pusch_noise_intf_est::noiseIntfEstNoDftSOfdmKernel<float, __half, float, float, (unsigned int)2, (unsigned int)1, (unsigned char)4, (unsigned char)4>(pusch_noise_intf_est::puschRxNoiseIntfEstDynDescr)"
1767142781,2944,3810,35,1,1,128,1,1,16,0.000,0.000,,,,,NVIDIA A100-SXM4-40GB (0),1,,13,cupy_copy__complex64_complex64
1767172156,1760,3819,1,1,1,1,1,1,18,0.000,0.000,,,,,NVIDIA A100-SXM4-40GB (0),1,,13,cupy_copy__float32_float32
1767208028,1824,3825,,,,,,,,,,0.000,2.193,Device,Pageable,NVIDIA A100-SXM4-40GB (0),1,,7,[CUDA memcpy Device-to-Host]
1767267163,16128,3836,1434,1,1,128,1,1,16,0.000,0.000,,,,,NVIDIA A100-SXM4-40GB (0),1,,13,cupy_copy__complex64_complex64
1767294779,2784,3843,103,1,1,128,1,1,16,0.000,0.000,,,,,NVIDIA A100-SXM4-40GB (0),1,,13,cupy_copy__complex64_complex64
1767316955,2336,3850,35,1,1,128,1,1,16,0.000,0.000,,,,,NVIDIA A100-SXM4-40GB (0),1,,13,cupy_copy__complex64_complex64
1767335355,1696,3857,1,1,1,1,1,1,18,0.000,0.000,,,,,NVIDIA A100-SXM4-40GB (0),1,,13,cupy_copy__float32_float32
1767470297,87167,3868,1,1,1,32,32,1,30,0.000,0.000,,,,,NVIDIA A100-SXM4-40GB (0),1,,13,"void convert_kernel<__half2, float2>(tensor_layout_any, T1 *, tensor_layout_any, const T2 *)"
1767724310,4288,3871,,,,,,,,,,0.061,14328.300,Pinned,Device,NVIDIA A100-SXM4-40GB (0),1,,13,[CUDA memcpy Host-to-Device]
1767732246,3584,3872,,,,,,,,,,1.547,431534.389,Device,,NVIDIA A100-SXM4-40GB (0),1,,13,[CUDA memset]
1767743510,2880,3877,,,,,,,,,,0.021,7311.106,Pinned,Device,NVIDIA A100-SXM4-40GB (0),1,,13,[CUDA memcpy Host-to-Device]
1767748694,6912,3878,,,,,,,,,,0.131,18962.842,Pinned,Device,NVIDIA A100-SXM4-40GB (0),1,,13,[CUDA memcpy Host-to-Device]
1767761909,6592,3879,273,1,1,8,4,1,39,0.002,0.000,,,,,NVIDIA A100-SXM4-40GB (0),1,,13,"void channel_eq::eqMmseCoefCompLowMimoKernel<float, float, float, (unsigned int)4, (unsigned int)1, (unsigned int)4>(const channel_eq::_puschRxChEqStatDescr *, channel_eq::_puschRxChEqCoefCompDynDescr)"
1767769717,5664,3880,273,1,1,12,11,1,40,0.002,0.000,,,,,NVIDIA A100-SXM4-40GB (0),1,,13,"void channel_eq::eqMmseSoftDemapKernel<float, __half, __half, float, (unsigned int)4, (unsigned short)16383>(channel_eq::_puschRxChEqStatDescr *, channel_eq::_puschRxChEqSoftDemapDynDescr)"
1767776725,307165,3881,1,1,1,32,32,1,30,0.000,0.000,,,,,NVIDIA A100-SXM4-40GB (0),1,,13,"void convert_kernel<float2, __half2>(tensor_layout_any, T1 *, tensor_layout_any, const T2 *)"
1768085106,13504,3893,2253,1,1,128,1,1,16,0.000,0.000,,,,,NVIDIA A100-SXM4-40GB (0),1,,13,cupy_copy__float16_float16
1768099729,2816,3902,282,1,1,128,1,1,16,0.000,0.000,,,,,NVIDIA A100-SXM4-40GB (0),1,,13,cupy_copy__complex64_complex64
1768103889,2016,3911,26,1,1,128,1,1,16,0.000,0.000,,,,,NVIDIA A100-SXM4-40GB (0),1,,13,cupy_copy__float32_float32
1768107249,3072,3920,103,1,1,128,1,1,16,0.000,0.000,,,,,NVIDIA A100-SXM4-40GB (0),1,,13,cupy_copy__complex64_complex64
1768111665,15232,3930,1434,1,1,128,1,1,16,0.000,0.000,,,,,NVIDIA A100-SXM4-40GB (0),1,,13,cupy_copy__complex64_complex64
1768249200,87103,3935,1,1,1,32,32,1,30,0.000,0.000,,,,,NVIDIA A100-SXM4-40GB (0),1,,13,"void convert_kernel<__half2, float2>(tensor_layout_any, T1 *, tensor_layout_any, const T2 *)"
1768368078,4288,3938,,,,,,,,,,0.061,14328.300,Pinned,Device,NVIDIA A100-SXM4-40GB (0),1,,13,[CUDA memcpy Host-to-Device]
1768379214,587897,3939,,,,,,,,,,456.520,776084.816,Device,,NVIDIA A100-SXM4-40GB (0),1,,13,[CUDA memset]
1768972231,32800,3944,,,,,,,,,,0.825,25162.263,Pinned,Device,NVIDIA A100-SXM4-40GB (0),1,,13,[CUDA memcpy Host-to-Device]
1769007335,6912,3945,,,,,,,,,,0.131,18962.842,Pinned,Device,NVIDIA A100-SXM4-40GB (0),1,,13,[CUDA memcpy Host-to-Device]
1769021415,7935,3946,69,4,1,48,1,1,76,0.002,0.000,,,,,NVIDIA A100-SXM4-40GB (0),1,,13,"void ch_est::windowedChEstPreNoDftSOfdmKernel<float, __half, float, (unsigned int)2, (unsigned int)1, (unsigned short)4>(ch_est::puschRxChEstStatDescr_t *, ch_est::puschRxChEstDynDescr_t *)"
1769030662,6752,3947,137,2,1,24,2,1,44,0.001,0.001,,,,,NVIDIA A100-SXM4-40GB (0),1,,13,"void ch_est::chEstFilterNoDftSOfdmDispatchKernel<float, __half, float, (unsigned int)2>(ch_est::puschRxChEstStatDescr_t *, ch_est::puschRxChEstDynDescr_t *)"
1769038470,5184,3948,137,2,1,24,2,1,44,0.001,0.001,,,,,NVIDIA A100-SXM4-40GB (0),1,,13,"void ch_est::chEstFilterNoDftSOfdmDispatchKernel<float, __half, float, (unsigned int)2>(ch_est::puschRxChEstStatDescr_t *, ch_est::puschRxChEstDynDescr_t *)"
1769044774,2592,3959,103,1,1,128,1,1,16,0.000,0.000,,,,,NVIDIA A100-SXM4-40GB (0),1,,13,cupy_copy__complex64_complex64
1769048454,16768,3969,1434,1,1,128,1,1,16,0.000,0.000,,,,,NVIDIA A100-SXM4-40GB (0),1,,13,cupy_copy__complex64_complex64
1769066566,2528,3976,103,1,1,128,1,1,16,0.000,0.000,,,,,NVIDIA A100-SXM4-40GB (0),1,,13,cupy_copy__complex64_complex64
1769070118,86303,3983,1,1,1,32,32,1,30,0.000,0.000,,,,,NVIDIA A100-SXM4-40GB (0),1,,13,"void convert_kernel<__half2, float2>(tensor_layout_any, T1 *, tensor_layout_any, const T2 *)"
1769185381,4352,3986,,,,,,,,,,0.061,14117.622,Pinned,Device,NVIDIA A100-SXM4-40GB (0),1,,13,[CUDA memcpy Host-to-Device]
1769197605,46431,3987,,,,,,,,,,35.801,771045.276,Device,,NVIDIA A100-SXM4-40GB (0),1,,13,[CUDA memset]
1769249700,2016,3989,,,,,,,,,,0.000,39.682,Pinned,Device,NVIDIA A100-SXM4-40GB (0),1,,13,[CUDA memcpy Host-to-Device]
1769254020,7008,3990,,,,,,,,,,0.131,18703.188,Pinned,Device,NVIDIA A100-SXM4-40GB (0),1,,13,[CUDA memcpy Host-to-Device]
1769268100,9312,3991,273,1,1,48,1,1,40,0.000,0.001,,,,,NVIDIA A100-SXM4-40GB (0),1,,13,"void pusch_noise_intf_est::noiseIntfEstNoDftSOfdmKernel<float, __half, float, float, (unsigned int)2, (unsigned int)1, (unsigned char)4, (unsigned char)4>(pusch_noise_intf_est::puschRxNoiseIntfEstDynDescr)"
1769278532,2848,4002,35,1,1,128,1,1,16,0.000,0.000,,,,,NVIDIA A100-SXM4-40GB (0),1,,13,cupy_copy__complex64_complex64
1769305475,1760,4011,1,1,1,1,1,1,18,0.000,0.000,,,,,NVIDIA A100-SXM4-40GB (0),1,,13,cupy_copy__float32_float32
1769341827,1824,4017,,,,,,,,,,0.000,2.193,Device,Pageable,NVIDIA A100-SXM4-40GB (0),1,,7,[CUDA memcpy Device-to-Host]
1769401122,16512,4028,1434,1,1,128,1,1,16,0.000,0.000,,,,,NVIDIA A100-SXM4-40GB (0),1,,13,cupy_copy__complex64_complex64
1769428898,2880,4035,103,1,1,128,1,1,16,0.000,0.000,,,,,NVIDIA A100-SXM4-40GB (0),1,,13,cupy_copy__complex64_complex64
1769450690,2303,4042,35,1,1,128,1,1,16,0.000,0.000,,,,,NVIDIA A100-SXM4-40GB (0),1,,13,cupy_copy__complex64_complex64
1769469281,1696,4049,1,1,1,1,1,1,18,0.000,0.000,,,,,NVIDIA A100-SXM4-40GB (0),1,,13,cupy_copy__float32_float32
1769603648,86815,4060,1,1,1,32,32,1,30,0.000,0.000,,,,,NVIDIA A100-SXM4-40GB (0),1,,13,"void convert_kernel<__half2, float2>(tensor_layout_any, T1 *, tensor_layout_any, const T2 *)"
1769719102,4320,4063,,,,,,,,,,0.061,14222.193,Pinned,Device,NVIDIA A100-SXM4-40GB (0),1,,13,[CUDA memcpy Host-to-Device]
1769734110,3616,4064,,,,,,,,,,1.547,427715.774,Device,,NVIDIA A100-SXM4-40GB (0),1,,13,[CUDA memset]
1769740670,3136,4069,,,,,,,,,,0.021,6714.274,Pinned,Device,NVIDIA A100-SXM4-40GB (0),1,,13,[CUDA memcpy Host-to-Device]
1769746110,7200,4070,,,,,,,,,,0.131,18204.328,Pinned,Device,NVIDIA A100-SXM4-40GB (0),1,,13,[CUDA memcpy Host-to-Device]
1769757694,6592,4071,273,1,1,8,4,1,39,0.002,0.000,,,,,NVIDIA A100-SXM4-40GB (0),1,,13,"void channel_eq::eqMmseCoefCompLowMimoKernel<float, float, float, (unsigned int)4, (unsigned int)1, (unsigned int)4>(const channel_eq::_puschRxChEqStatDescr *, channel_eq::_puschRxChEqCoefCompDynDescr)"
1769765598,5696,4072,273,1,1,12,11,1,40,0.002,0.000,,,,,NVIDIA A100-SXM4-40GB (0),1,,13,"void channel_eq::eqMmseSoftDemapKernel<float, __half, __half, float, (unsigned int)4, (unsigned short)16383>(channel_eq::_puschRxChEqStatDescr *, channel_eq::_puschRxChEqSoftDemapDynDescr)"
1769772414,307516,4073,1,1,1,32,32,1,30,0.000,0.000,,,,,NVIDIA A100-SXM4-40GB (0),1,,13,"void convert_kernel<float2, __half2>(tensor_layout_any, T1 *, tensor_layout_any, const T2 *)"
1770080986,13408,4085,2253,1,1,128,1,1,16,0.000,0.000,,,,,NVIDIA A100-SXM4-40GB (0),1,,13,cupy_copy__float16_float16
1770095578,2880,4094,282,1,1,128,1,1,16,0.000,0.000,,,,,NVIDIA A100-SXM4-40GB (0),1,,13,cupy_copy__complex64_complex64
1770099642,2048,4103,26,1,1,128,1,1,16,0.000,0.000,,,,,NVIDIA A100-SXM4-40GB (0),1,,13,cupy_copy__float32_float32
1770103034,3040,4112,103,1,1,128,1,1,16,0.000,0.000,,,,,NVIDIA A100-SXM4-40GB (0),1,,13,cupy_copy__complex64_complex64
1770107130,15552,4122,1434,1,1,128,1,1,16,0.000,0.000,,,,,NVIDIA A100-SXM4-40GB (0),1,,13,cupy_copy__complex64_complex64
1770123802,86271,4127,1,1,1,32,32,1,30,0.000,0.000,,,,,NVIDIA A100-SXM4-40GB (0),1,,13,"void convert_kernel<__half2, float2>(tensor_layout_any, T1 *, tensor_layout_any, const T2 *)"
1770238200,4288,4130,,,,,,,,,,0.061,14328.300,Pinned,Device,NVIDIA A100-SXM4-40GB (0),1,,13,[CUDA memcpy Host-to-Device]
1770249336,587673,4131,,,,,,,,,,456.520,776541.336,Device,,NVIDIA A100-SXM4-40GB (0),1,,13,[CUDA memset]
1770838257,32832,4136,,,,,,,,,,0.825,25138.328,Pinned,Device,NVIDIA A100-SXM4-40GB (0),1,,13,[CUDA memcpy Host-to-Device]
1770873393,6912,4137,,,,,,,,,,0.131,18962.842,Pinned,Device,NVIDIA A100-SXM4-40GB (0),1,,13,[CUDA memcpy Host-to-Device]
1770885073,7679,4138,69,4,1,48,1,1,76,0.002,0.000,,,,,NVIDIA A100-SXM4-40GB (0),1,,13,"void ch_est::windowedChEstPreNoDftSOfdmKernel<float, __half, float, (unsigned int)2, (unsigned int)1, (unsigned short)4>(ch_est::puschRxChEstStatDescr_t *, ch_est::puschRxChEstDynDescr_t *)"
1770893840,6944,4139,137,2,1,24,2,1,44,0.001,0.001,,,,,NVIDIA A100-SXM4-40GB (0),1,,13,"void ch_est::chEstFilterNoDftSOfdmDispatchKernel<float, __half, float, (unsigned int)2>(ch_est::puschRxChEstStatDescr_t *, ch_est::puschRxChEstDynDescr_t *)"
1770901872,5184,4140,137,2,1,24,2,1,44,0.001,0.001,,,,,NVIDIA A100-SXM4-40GB (0),1,,13,"void ch_est::chEstFilterNoDftSOfdmDispatchKernel<float, __half, float, (unsigned int)2>(ch_est::puschRxChEstStatDescr_t *, ch_est::puschRxChEstDynDescr_t *)"
1770908208,2592,4151,103,1,1,128,1,1,16,0.000,0.000,,,,,NVIDIA A100-SXM4-40GB (0),1,,13,cupy_copy__complex64_complex64
1770911984,16384,4161,1434,1,1,128,1,1,16,0.000,0.000,,,,,NVIDIA A100-SXM4-40GB (0),1,,13,cupy_copy__complex64_complex64
1770929712,2560,4168,103,1,1,128,1,1,16,0.000,0.000,,,,,NVIDIA A100-SXM4-40GB (0),1,,13,cupy_copy__complex64_complex64
1770933616,86431,4175,1,1,1,32,32,1,30,0.000,0.000,,,,,NVIDIA A100-SXM4-40GB (0),1,,13,"void convert_kernel<__half2, float2>(tensor_layout_any, T1 *, tensor_layout_any, const T2 *)"
1771048911,4320,4178,,,,,,,,,,0.061,14222.193,Pinned,Device,NVIDIA A100-SXM4-40GB (0),1,,13,[CUDA memcpy Host-to-Device]
1771061102,46656,4179,,,,,,,,,,35.801,767321.976,Device,,NVIDIA A100-SXM4-40GB (0),1,,13,[CUDA memset]
1771112462,2016,4181,,,,,,,,,,0.000,39.682,Pinned,Device,NVIDIA A100-SXM4-40GB (0),1,,13,[CUDA memcpy Host-to-Device]
1771116782,6912,4182,,,,,,,,,,0.131,18962.842,Pinned,Device,NVIDIA A100-SXM4-40GB (0),1,,13,[CUDA memcpy Host-to-Device]
1771131406,9312,4183,273,1,1,48,1,1,40,0.000,0.001,,,,,NVIDIA A100-SXM4-40GB (0),1,,13,"void pusch_noise_intf_est::noiseIntfEstNoDftSOfdmKernel<float, __half, float, float, (unsigned int)2, (unsigned int)1, (unsigned char)4, (unsigned char)4>(pusch_noise_intf_est::puschRxNoiseIntfEstDynDescr)"
1771141806,2847,4194,35,1,1,128,1,1,16,0.000,0.000,,,,,NVIDIA A100-SXM4-40GB (0),1,,13,cupy_copy__complex64_complex64
1771168333,1760,4203,1,1,1,1,1,1,18,0.000,0.000,,,,,NVIDIA A100-SXM4-40GB (0),1,,13,cupy_copy__float32_float32
1771203277,1728,4209,,,,,,,,,,0.000,2.315,Device,Pageable,NVIDIA A100-SXM4-40GB (0),1,,7,[CUDA memcpy Device-to-Host]
1771261676,16640,4220,1434,1,1,128,1,1,16,0.000,0.000,,,,,NVIDIA A100-SXM4-40GB (0),1,,13,cupy_copy__complex64_complex64
1771288364,2784,4227,103,1,1,128,1,1,16,0.000,0.000,,,,,NVIDIA A100-SXM4-40GB (0),1,,13,cupy_copy__complex64_complex64
1771310092,2335,4234,35,1,1,128,1,1,16,0.000,0.000,,,,,NVIDIA A100-SXM4-40GB (0),1,,13,cupy_copy__complex64_complex64
1771329035,1696,4241,1,1,1,1,1,1,18,0.000,0.000,,,,,NVIDIA A100-SXM4-40GB (0),1,,13,cupy_copy__float32_float32
1771464810,86239,4252,1,1,1,32,32,1,30,0.000,0.000,,,,,NVIDIA A100-SXM4-40GB (0),1,,13,"void convert_kernel<__half2, float2>(tensor_layout_any, T1 *, tensor_layout_any, const T2 *)"
1771721639,4256,4255,,,,,,,,,,0.061,14436.065,Pinned,Device,NVIDIA A100-SXM4-40GB (0),1,,13,[CUDA memcpy Host-to-Device]
1771732199,3583,4256,,,,,,,,,,1.547,431655.025,Device,,NVIDIA A100-SXM4-40GB (0),1,,13,[CUDA memset]
1771739110,2848,4261,,,,,,,,,,0.021,7393.246,Pinned,Device,NVIDIA A100-SXM4-40GB (0),1,,13,[CUDA memcpy Host-to-Device]
1771744262,6912,4262,,,,,,,,,,0.131,18962.842,Pinned,Device,NVIDIA A100-SXM4-40GB (0),1,,13,[CUDA memcpy Host-to-Device]
1771757510,6528,4263,273,1,1,8,4,1,39,0.002,0.000,,,,,NVIDIA A100-SXM4-40GB (0),1,,13,"void channel_eq::eqMmseCoefCompLowMimoKernel<float, float, float, (unsigned int)4, (unsigned int)1, (unsigned int)4>(const channel_eq::_puschRxChEqStatDescr *, channel_eq::_puschRxChEqCoefCompDynDescr)"
1771765094,5632,4264,273,1,1,12,11,1,40,0.002,0.000,,,,,NVIDIA A100-SXM4-40GB (0),1,,13,"void channel_eq::eqMmseSoftDemapKernel<float, __half, __half, float, (unsigned int)4, (unsigned short)16383>(channel_eq::_puschRxChEqStatDescr *, channel_eq::_puschRxChEqSoftDemapDynDescr)"
1771771878,307388,4265,1,1,1,32,32,1,30,0.000,0.000,,,,,NVIDIA A100-SXM4-40GB (0),1,,13,"void convert_kernel<float2, __half2>(tensor_layout_any, T1 *, tensor_layout_any, const T2 *)"
1772080514,13888,4277,2253,1,1,128,1,1,16,0.000,0.000,,,,,NVIDIA A100-SXM4-40GB (0),1,,13,cupy_copy__float16_float16
1772095714,2912,4286,282,1,1,128,1,1,16,0.000,0.000,,,,,NVIDIA A100-SXM4-40GB (0),1,,13,cupy_copy__complex64_complex64
1772099778,2048,4295,26,1,1,128,1,1,16,0.000,0.000,,,,,NVIDIA A100-SXM4-40GB (0),1,,13,cupy_copy__float32_float32
1772103138,3072,4304,103,1,1,128,1,1,16,0.000,0.000,,,,,NVIDIA A100-SXM4-40GB (0),1,,13,cupy_copy__complex64_complex64
1772107554,15584,4314,1434,1,1,128,1,1,16,0.000,0.000,,,,,NVIDIA A100-SXM4-40GB (0),1,,13,cupy_copy__complex64_complex64
1772264192,87135,4319,1,1,1,32,32,1,30,0.000,0.000,,,,,NVIDIA A100-SXM4-40GB (0),1,,13,"void convert_kernel<__half2, float2>(tensor_layout_any, T1 *, tensor_layout_any, const T2 *)"
1772382111,4288,4322,,,,,,,,,,0.061,14328.300,Pinned,Device,NVIDIA A100-SXM4-40GB (0),1,,13,[CUDA memcpy Host-to-Device]
1772394143,588185,4323,,,,,,,,,,456.520,776084.816,Device,,NVIDIA A100-SXM4-40GB (0),1,,13,[CUDA memset]
1772984184,33119,4328,,,,,,,,,,0.825,24920.437,Pinned,Device,NVIDIA A100-SXM4-40GB (0),1,,13,[CUDA memcpy Host-to-Device]
1773019607,6912,4329,,,,,,,,,,0.131,18962.842,Pinned,Device,NVIDIA A100-SXM4-40GB (0),1,,13,[CUDA memcpy Host-to-Device]
1773036471,7936,4330,69,4,1,48,1,1,76,0.002,0.000,,,,,NVIDIA A100-SXM4-40GB (0),1,,13,"void ch_est::windowedChEstPreNoDftSOfdmKernel<float, __half, float, (unsigned int)2, (unsigned int)1, (unsigned short)4>(ch_est::puschRxChEstStatDescr_t *, ch_est::puschRxChEstDynDescr_t *)"
1773045719,6944,4331,137,2,1,24,2,1,44,0.001,0.001,,,,,NVIDIA A100-SXM4-40GB (0),1,,13,"void ch_est::chEstFilterNoDftSOfdmDispatchKernel<float, __half, float, (unsigned int)2>(ch_est::puschRxChEstStatDescr_t *, ch_est::puschRxChEstDynDescr_t *)"
1773054007,5184,4332,137,2,1,24,2,1,44,0.001,0.001,,,,,NVIDIA A100-SXM4-40GB (0),1,,13,"void ch_est::chEstFilterNoDftSOfdmDispatchKernel<float, __half, float, (unsigned int)2>(ch_est::puschRxChEstStatDescr_t *, ch_est::puschRxChEstDynDescr_t *)"
1773060311,2560,4343,103,1,1,128,1,1,16,0.000,0.000,,,,,NVIDIA A100-SXM4-40GB (0),1,,13,cupy_copy__complex64_complex64
1773064087,16448,4353,1434,1,1,128,1,1,16,0.000,0.000,,,,,NVIDIA A100-SXM4-40GB (0),1,,13,cupy_copy__complex64_complex64
1773081655,2528,4360,103,1,1,128,1,1,16,0.000,0.000,,,,,NVIDIA A100-SXM4-40GB (0),1,,13,cupy_copy__complex64_complex64
1773085367,87006,4367,1,1,1,32,32,1,30,0.000,0.000,,,,,NVIDIA A100-SXM4-40GB (0),1,,13,"void convert_kernel<__half2, float2>(tensor_layout_any, T1 *, tensor_layout_any, const T2 *)"
1773338996,4319,4370,,,,,,,,,,0.061,14225.510,Pinned,Device,NVIDIA A100-SXM4-40GB (0),1,,13,[CUDA memcpy Host-to-Device]
1773348787,46944,4371,,,,,,,,,,35.801,762596.249,Device,,NVIDIA A100-SXM4-40GB (0),1,,13,[CUDA memset]
1773403731,2016,4373,,,,,,,,,,0.000,39.682,Pinned,Device,NVIDIA A100-SXM4-40GB (0),1,,13,[CUDA memcpy Host-to-Device]
1773408051,7200,4374,,,,,,,,,,0.131,18204.328,Pinned,Device,NVIDIA A100-SXM4-40GB (0),1,,13,[CUDA memcpy Host-to-Device]
1773421491,9823,4375,273,1,1,48,1,1,40,0.000,0.001,,,,,NVIDIA A100-SXM4-40GB (0),1,,13,"void pusch_noise_intf_est::noiseIntfEstNoDftSOfdmKernel<float, __half, float, float, (unsigned int)2, (unsigned int)1, (unsigned char)4, (unsigned char)4>(pusch_noise_intf_est::puschRxNoiseIntfEstDynDescr)"
1773432498,2848,4386,35,1,1,128,1,1,16,0.000,0.000,,,,,NVIDIA A100-SXM4-40GB (0),1,,13,cupy_copy__complex64_complex64
1773442962,1760,4395,1,1,1,1,1,1,18,0.000,0.000,,,,,NVIDIA A100-SXM4-40GB (0),1,,13,cupy_copy__float32_float32
1773478674,1824,4401,,,,,,,,,,0.000,2.193,Device,Pageable,NVIDIA A100-SXM4-40GB (0),1,,7,[CUDA memcpy Device-to-Host]
1773537937,16640,4412,1434,1,1,128,1,1,16,0.000,0.000,,,,,NVIDIA A100-SXM4-40GB (0),1,,13,cupy_copy__complex64_complex64
1773565873,2784,4419,103,1,1,128,1,1,16,0.000,0.000,,,,,NVIDIA A100-SXM4-40GB (0),1,,13,cupy_copy__complex64_complex64
1773587281,2304,4426,35,1,1,128,1,1,16,0.000,0.000,,,,,NVIDIA A100-SXM4-40GB (0),1,,13,cupy_copy__complex64_complex64
1773605904,1664,4433,1,1,1,1,1,1,18,0.000,0.000,,,,,NVIDIA A100-SXM4-40GB (0),1,,13,cupy_copy__float32_float32
1773873389,87455,4444,1,1,1,32,32,1,30,0.000,0.000,,,,,NVIDIA A100-SXM4-40GB (0),1,,13,"void convert_kernel<__half2, float2>(tensor_layout_any, T1 *, tensor_layout_any, const T2 *)"
1773993228,4320,4447,,,,,,,,,,0.061,14222.193,Pinned,Device,NVIDIA A100-SXM4-40GB (0),1,,13,[CUDA memcpy Host-to-Device]
1774008844,3616,4448,,,,,,,,,,1.547,427715.774,Device,,NVIDIA A100-SXM4-40GB (0),1,,13,[CUDA memset]
1774015404,2847,4453,,,,,,,,,,0.021,7395.836,Pinned,Device,NVIDIA A100-SXM4-40GB (0),1,,13,[CUDA memcpy Host-to-Device]
1774020555,7072,4454,,,,,,,,,,0.131,18533.843,Pinned,Device,NVIDIA A100-SXM4-40GB (0),1,,13,[CUDA memcpy Host-to-Device]
1774032779,6560,4455,273,1,1,8,4,1,39,0.002,0.000,,,,,NVIDIA A100-SXM4-40GB (0),1,,13,"void channel_eq::eqMmseCoefCompLowMimoKernel<float, float, float, (unsigned int)4, (unsigned int)1, (unsigned int)4>(const channel_eq::_puschRxChEqStatDescr *, channel_eq::_puschRxChEqCoefCompDynDescr)"
1774040459,5920,4456,273,1,1,12,11,1,40,0.002,0.000,,,,,NVIDIA A100-SXM4-40GB (0),1,,13,"void channel_eq::eqMmseSoftDemapKernel<float, __half, __half, float, (unsigned int)4, (unsigned short)16383>(channel_eq::_puschRxChEqStatDescr *, channel_eq::_puschRxChEqSoftDemapDynDescr)"
1774047499,307452,4457,1,1,1,32,32,1,30,0.000,0.000,,,,,NVIDIA A100-SXM4-40GB (0),1,,13,"void convert_kernel<float2, __half2>(tensor_layout_any, T1 *, tensor_layout_any, const T2 *)"
1774356071,13632,4469,2253,1,1,128,1,1,16,0.000,0.000,,,,,NVIDIA A100-SXM4-40GB (0),1,,13,cupy_copy__float16_float16
1774371047,2880,4478,282,1,1,128,1,1,16,0.000,0.000,,,,,NVIDIA A100-SXM4-40GB (0),1,,13,cupy_copy__complex64_complex64
1774375111,2016,4487,26,1,1,128,1,1,16,0.000,0.000,,,,,NVIDIA A100-SXM4-40GB (0),1,,13,cupy_copy__float32_float32
1774378183,3040,4496,103,1,1,128,1,1,16,0.000,0.000,,,,,NVIDIA A100-SXM4-40GB (0),1,,13,cupy_copy__complex64_complex64
1774382247,15520,4506,1434,1,1,128,1,1,16,0.000,0.000,,,,,NVIDIA A100-SXM4-40GB (0),1,,13,cupy_copy__complex64_complex64
1774399015,86687,4511,1,1,1,32,32,1,30,0.000,0.000,,,,,NVIDIA A100-SXM4-40GB (0),1,,13,"void convert_kernel<__half2, float2>(tensor_layout_any, T1 *, tensor_layout_any, const T2 *)"
1774513510,4288,4514,,,,,,,,,,0.061,14328.300,Pinned,Device,NVIDIA A100-SXM4-40GB (0),1,,13,[CUDA memcpy Host-to-Device]
1774524805,588154,4515,,,,,,,,,,456.520,776084.816,Device,,NVIDIA A100-SXM4-40GB (0),1,,13,[CUDA memset]
1775115134,32800,4520,,,,,,,,,,0.825,25162.263,Pinned,Device,NVIDIA A100-SXM4-40GB (0),1,,13,[CUDA memcpy Host-to-Device]
1775150238,6880,4521,,,,,,,,,,0.131,19051.053,Pinned,Device,NVIDIA A100-SXM4-40GB (0),1,,13,[CUDA memcpy Host-to-Device]
1775161246,7744,4522,69,4,1,48,1,1,76,0.002,0.000,,,,,NVIDIA A100-SXM4-40GB (0),1,,13,"void ch_est::windowedChEstPreNoDftSOfdmKernel<float, __half, float, (unsigned int)2, (unsigned int)1, (unsigned short)4>(ch_est::puschRxChEstStatDescr_t *, ch_est::puschRxChEstDynDescr_t *)"
1775170174,6944,4523,137,2,1,24,2,1,44,0.001,0.001,,,,,NVIDIA A100-SXM4-40GB (0),1,,13,"void ch_est::chEstFilterNoDftSOfdmDispatchKernel<float, __half, float, (unsigned int)2>(ch_est::puschRxChEstStatDescr_t *, ch_est::puschRxChEstDynDescr_t *)"
1775178302,5216,4524,137,2,1,24,2,1,44,0.001,0.001,,,,,NVIDIA A100-SXM4-40GB (0),1,,13,"void ch_est::chEstFilterNoDftSOfdmDispatchKernel<float, __half, float, (unsigned int)2>(ch_est::puschRxChEstStatDescr_t *, ch_est::puschRxChEstDynDescr_t *)"
1775184830,2624,4535,103,1,1,128,1,1,16,0.000,0.000,,,,,NVIDIA A100-SXM4-40GB (0),1,,13,cupy_copy__complex64_complex64
1775188638,16447,4545,1434,1,1,128,1,1,16,0.000,0.000,,,,,NVIDIA A100-SXM4-40GB (0),1,,13,cupy_copy__complex64_complex64
1775206109,2528,4552,103,1,1,128,1,1,16,0.000,0.000,,,,,NVIDIA A100-SXM4-40GB (0),1,,13,cupy_copy__complex64_complex64
1775209949,86431,4559,1,1,1,32,32,1,30,0.000,0.000,,,,,NVIDIA A100-SXM4-40GB (0),1,,13,"void convert_kernel<__half2, float2>(tensor_layout_any, T1 *, tensor_layout_any, const T2 *)"
1775325532,4288,4562,,,,,,,,,,0.061,14328.300,Pinned,Device,NVIDIA A100-SXM4-40GB (0),1,,13,[CUDA memcpy Host-to-Device]
1775337820,46463,4563,,,,,,,,,,35.801,770508.261,Device,,NVIDIA A100-SXM4-40GB (0),1,,13,[CUDA memset]
1775389531,2016,4565,,,,,,,,,,0.000,39.682,Pinned,Device,NVIDIA A100-SXM4-40GB (0),1,,13,[CUDA memcpy Host-to-Device]
1775393851,6912,4566,,,,,,,,,,0.131,18962.842,Pinned,Device,NVIDIA A100-SXM4-40GB (0),1,,13,[CUDA memcpy Host-to-Device]
1775408251,9280,4567,273,1,1,48,1,1,40,0.000,0.001,,,,,NVIDIA A100-SXM4-40GB (0),1,,13,"void pusch_noise_intf_est::noiseIntfEstNoDftSOfdmKernel<float, __half, float, float, (unsigned int)2, (unsigned int)1, (unsigned char)4, (unsigned char)4>(pusch_noise_intf_est::puschRxNoiseIntfEstDynDescr)"
1775418747,2944,4578,35,1,1,128,1,1,16,0.000,0.000,,,,,NVIDIA A100-SXM4-40GB (0),1,,13,cupy_copy__complex64_complex64
1775445499,1760,4587,1,1,1,1,1,1,18,0.000,0.000,,,,,NVIDIA A100-SXM4-40GB (0),1,,13,cupy_copy__float32_float32
1775481530,1824,4593,,,,,,,,,,0.000,2.193,Device,Pageable,NVIDIA A100-SXM4-40GB (0),1,,7,[CUDA memcpy Device-to-Host]
1775540217,16288,4604,1434,1,1,128,1,1,16,0.000,0.000,,,,,NVIDIA A100-SXM4-40GB (0),1,,13,cupy_copy__complex64_complex64
1775567449,2784,4611,103,1,1,128,1,1,16,0.000,0.000,,,,,NVIDIA A100-SXM4-40GB (0),1,,13,cupy_copy__complex64_complex64
1775589081,2368,4618,35,1,1,128,1,1,16,0.000,0.000,,,,,NVIDIA A100-SXM4-40GB (0),1,,13,cupy_copy__complex64_complex64
1775607353,1696,4625,1,1,1,1,1,1,18,0.000,0.000,,,,,NVIDIA A100-SXM4-40GB (0),1,,13,cupy_copy__float32_float32
1775744023,86559,4636,1,1,1,32,32,1,30,0.000,0.000,,,,,NVIDIA A100-SXM4-40GB (0),1,,13,"void convert_kernel<__half2, float2>(tensor_layout_any, T1 *, tensor_layout_any, const T2 *)"
1775859862,4288,4639,,,,,,,,,,0.061,14328.300,Pinned,Device,NVIDIA A100-SXM4-40GB (0),1,,13,[CUDA memcpy Host-to-Device]
1775873878,3615,4640,,,,,,,,,,1.547,427834.864,Device,,NVIDIA A100-SXM4-40GB (0),1,,13,[CUDA memset]
1775880469,2848,4645,,,,,,,,,,0.021,7393.246,Pinned,Device,NVIDIA A100-SXM4-40GB (0),1,,13,[CUDA memcpy Host-to-Device]
1775885621,6944,4646,,,,,,,,,,0.131,18875.548,Pinned,Device,NVIDIA A100-SXM4-40GB (0),1,,13,[CUDA memcpy Host-to-Device]
1775897589,6560,4647,273,1,1,8,4,1,39,0.002,0.000,,,,,NVIDIA A100-SXM4-40GB (0),1,,13,"void channel_eq::eqMmseCoefCompLowMimoKernel<float, float, float, (unsigned int)4, (unsigned int)1, (unsigned int)4>(const channel_eq::_puschRxChEqStatDescr *, channel_eq::_puschRxChEqCoefCompDynDescr)"
1775905493,5728,4648,273,1,1,12,11,1,40,0.002,0.000,,,,,NVIDIA A100-SXM4-40GB (0),1,,13,"void channel_eq::eqMmseSoftDemapKernel<float, __half, __half, float, (unsigned int)4, (unsigned short)16383>(channel_eq::_puschRxChEqStatDescr *, channel_eq::_puschRxChEqSoftDemapDynDescr)"
1775912533,307868,4649,1,1,1,32,32,1,30,0.000,0.000,,,,,NVIDIA A100-SXM4-40GB (0),1,,13,"void convert_kernel<float2, __half2>(tensor_layout_any, T1 *, tensor_layout_any, const T2 *)"
1776221521,13600,4661,2253,1,1,128,1,1,16,0.000,0.000,,,,,NVIDIA A100-SXM4-40GB (0),1,,13,cupy_copy__float16_float16
1776236145,2816,4670,282,1,1,128,1,1,16,0.000,0.000,,,,,NVIDIA A100-SXM4-40GB (0),1,,13,cupy_copy__complex64_complex64
1776240273,2048,4679,26,1,1,128,1,1,16,0.000,0.000,,,,,NVIDIA A100-SXM4-40GB (0),1,,13,cupy_copy__float32_float32
1776243665,3072,4688,103,1,1,128,1,1,16,0.000,0.000,,,,,NVIDIA A100-SXM4-40GB (0),1,,13,cupy_copy__complex64_complex64
1776248081,15488,4698,1434,1,1,128,1,1,16,0.000,0.000,,,,,NVIDIA A100-SXM4-40GB (0),1,,13,cupy_copy__complex64_complex64
1776279729,86527,4703,1,1,1,32,32,1,30,0.000,0.000,,,,,NVIDIA A100-SXM4-40GB (0),1,,13,"void convert_kernel<__half2, float2>(tensor_layout_any, T1 *, tensor_layout_any, const T2 *)"
1776394639,4480,4706,,,,,,,,,,0.061,13714.268,Pinned,Device,NVIDIA A100-SXM4-40GB (0),1,,13,[CUDA memcpy Host-to-Device]
1776404911,587929,4707,,,,,,,,,,456.520,776084.816,Device,,NVIDIA A100-SXM4-40GB (0),1,,13,[CUDA memset]
1776995176,32928,4712,,,,,,,,,,0.825,25064.872,Pinned,Device,NVIDIA A100-SXM4-40GB (0),1,,13,[CUDA memcpy Host-to-Device]
1777030408,6880,4713,,,,,,,,,,0.131,19051.053,Pinned,Device,NVIDIA A100-SXM4-40GB (0),1,,13,[CUDA memcpy Host-to-Device]
1777047400,8032,4714,69,4,1,48,1,1,76,0.002,0.000,,,,,NVIDIA A100-SXM4-40GB (0),1,,13,"void ch_est::windowedChEstPreNoDftSOfdmKernel<float, __half, float, (unsigned int)2, (unsigned int)1, (unsigned short)4>(ch_est::puschRxChEstStatDescr_t *, ch_est::puschRxChEstDynDescr_t *)"
1777056488,6655,4715,137,2,1,24,2,1,44,0.001,0.001,,,,,NVIDIA A100-SXM4-40GB (0),1,,13,"void ch_est::chEstFilterNoDftSOfdmDispatchKernel<float, __half, float, (unsigned int)2>(ch_est::puschRxChEstStatDescr_t *, ch_est::puschRxChEstDynDescr_t *)"
1777064295,5152,4716,137,2,1,24,2,1,44,0.001,0.001,,,,,NVIDIA A100-SXM4-40GB (0),1,,13,"void ch_est::chEstFilterNoDftSOfdmDispatchKernel<float, __half, float, (unsigned int)2>(ch_est::puschRxChEstStatDescr_t *, ch_est::puschRxChEstDynDescr_t *)"
1777070567,2592,4727,103,1,1,128,1,1,16,0.000,0.000,,,,,NVIDIA A100-SXM4-40GB (0),1,,13,cupy_copy__complex64_complex64
1777074247,16512,4737,1434,1,1,128,1,1,16,0.000,0.000,,,,,NVIDIA A100-SXM4-40GB (0),1,,13,cupy_copy__complex64_complex64
1777092071,2528,4744,103,1,1,128,1,1,16,0.000,0.000,,,,,NVIDIA A100-SXM4-40GB (0),1,,13,cupy_copy__complex64_complex64
1777095623,86527,4751,1,1,1,32,32,1,30,0.000,0.000,,,,,NVIDIA A100-SXM4-40GB (0),1,,13,"void convert_kernel<__half2, float2>(tensor_layout_any, T1 *, tensor_layout_any, const T2 *)"
1777351492,4288,4754,,,,,,,,,,0.061,14328.300,Pinned,Device,NVIDIA A100-SXM4-40GB (0),1,,13,[CUDA memcpy Host-to-Device]
1777366916,46783,4755,,,,,,,,,,35.801,765245.520,Device,,NVIDIA A100-SXM4-40GB (0),1,,13,[CUDA memset]
1777416003,2016,4757,,,,,,,,,,0.000,39.682,Pinned,Device,NVIDIA A100-SXM4-40GB (0),1,,13,[CUDA memcpy Host-to-Device]
1777420323,6976,4758,,,,,,,,,,0.131,18788.909,Pinned,Device,NVIDIA A100-SXM4-40GB (0),1,,13,[CUDA memcpy Host-to-Device]
1777436547,9792,4759,273,1,1,48,1,1,40,0.000,0.001,,,,,NVIDIA A100-SXM4-40GB (0),1,,13,"void pusch_noise_intf_est::noiseIntfEstNoDftSOfdmKernel<float, __half, float, float, (unsigned int)2, (unsigned int)1, (unsigned char)4, (unsigned char)4>(pusch_noise_intf_est::puschRxNoiseIntfEstDynDescr)"
1777447555,2752,4770,35,1,1,128,1,1,16,0.000,0.000,,,,,NVIDIA A100-SXM4-40GB (0),1,,13,cupy_copy__complex64_complex64
1777457411,1760,4779,1,1,1,1,1,1,18,0.000,0.000,,,,,NVIDIA A100-SXM4-40GB (0),1,,13,cupy_copy__float32_float32
1777492514,1824,4785,,,,,,,,,,0.000,2.193,Device,Pageable,NVIDIA A100-SXM4-40GB (0),1,,7,[CUDA memcpy Device-to-Host]
1777552098,16479,4796,1434,1,1,128,1,1,16,0.000,0.000,,,,,NVIDIA A100-SXM4-40GB (0),1,,13,cupy_copy__complex64_complex64
1777580193,2784,4803,103,1,1,128,1,1,16,0.000,0.000,,,,,NVIDIA A100-SXM4-40GB (0),1,,13,cupy_copy__complex64_complex64
1777601921,2272,4810,35,1,1,128,1,1,16,0.000,0.000,,,,,NVIDIA A100-SXM4-40GB (0),1,,13,cupy_copy__complex64_complex64
1777621345,1664,4817,1,1,1,1,1,1,18,0.000,0.000,,,,,NVIDIA A100-SXM4-40GB (0),1,,13,cupy_copy__float32_float32
1777891102,86751,4828,1,1,1,32,32,1,30,0.000,0.000,,,,,NVIDIA A100-SXM4-40GB (0),1,,13,"void convert_kernel<__half2, float2>(tensor_layout_any, T1 *, tensor_layout_any, const T2 *)"
1778008636,4320,4831,,,,,,,,,,0.061,14222.193,Pinned,Device,NVIDIA A100-SXM4-40GB (0),1,,13,[CUDA memcpy Host-to-Device]
1778026844,3584,4832,,,,,,,,,,1.547,431534.389,Device,,NVIDIA A100-SXM4-40GB (0),1,,13,[CUDA memset]
1778033724,2848,4837,,,,,,,,,,0.021,7393.246,Pinned,Device,NVIDIA A100-SXM4-40GB (0),1,,13,[CUDA memcpy Host-to-Device]
1778038876,6976,4838,,,,,,,,,,0.131,18788.909,Pinned,Device,NVIDIA A100-SXM4-40GB (0),1,,13,[CUDA memcpy Host-to-Device]
1778051324,6592,4839,273,1,1,8,4,1,39,0.002,0.000,,,,,NVIDIA A100-SXM4-40GB (0),1,,13,"void channel_eq::eqMmseCoefCompLowMimoKernel<float, float, float, (unsigned int)4, (unsigned int)1, (unsigned int)4>(const channel_eq::_puschRxChEqStatDescr *, channel_eq::_puschRxChEqCoefCompDynDescr)"
1778059132,5856,4840,273,1,1,12,11,1,40,0.002,0.000,,,,,NVIDIA A100-SXM4-40GB (0),1,,13,"void channel_eq::eqMmseSoftDemapKernel<float, __half, __half, float, (unsigned int)4, (unsigned short)16383>(channel_eq::_puschRxChEqStatDescr *, channel_eq::_puschRxChEqSoftDemapDynDescr)"
1778066172,307196,4841,1,1,1,32,32,1,30,0.000,0.000,,,,,NVIDIA A100-SXM4-40GB (0),1,,13,"void convert_kernel<float2, __half2>(tensor_layout_any, T1 *, tensor_layout_any, const T2 *)"
1778374488,13376,4853,2253,1,1,128,1,1,16,0.000,0.000,,,,,NVIDIA A100-SXM4-40GB (0),1,,13,cupy_copy__float16_float16
1778389080,2816,4862,282,1,1,128,1,1,16,0.000,0.000,,,,,NVIDIA A100-SXM4-40GB (0),1,,13,cupy_copy__complex64_complex64
1778393208,2048,4871,26,1,1,128,1,1,16,0.000,0.000,,,,,NVIDIA A100-SXM4-40GB (0),1,,13,cupy_copy__float32_float32
1778396600,3008,4880,103,1,1,128,1,1,16,0.000,0.000,,,,,NVIDIA A100-SXM4-40GB (0),1,,13,cupy_copy__complex64_complex64
1778400952,15295,4890,1434,1,1,128,1,1,16,0.000,0.000,,,,,NVIDIA A100-SXM4-40GB (0),1,,13,cupy_copy__complex64_complex64
1778419927,87199,4895,1,1,1,32,32,1,30,0.000,0.000,,,,,NVIDIA A100-SXM4-40GB (0),1,,13,"void convert_kernel<__half2, float2>(tensor_layout_any, T1 *, tensor_layout_any, const T2 *)"
1778673780,4320,4898,,,,,,,,,,0.061,14222.193,Pinned,Device,NVIDIA A100-SXM4-40GB (0),1,,13,[CUDA memcpy Host-to-Device]
1778689908,588409,4899,,,,,,,,,,456.520,775628.296,Device,,NVIDIA A100-SXM4-40GB (0),1,,13,[CUDA memset]
1779282765,32800,4904,,,,,,,,,,0.825,25162.263,Pinned,Device,NVIDIA A100-SXM4-40GB (0),1,,13,[CUDA memcpy Host-to-Device]
1779317869,6912,4905,,,,,,,,,,0.131,18962.842,Pinned,Device,NVIDIA A100-SXM4-40GB (0),1,,13,[CUDA memcpy Host-to-Device]
1779331949,8351,4906,69,4,1,48,1,1,76,0.002,0.000,,,,,NVIDIA A100-SXM4-40GB (0),1,,13,"void ch_est::windowedChEstPreNoDftSOfdmKernel<float, __half, float, (unsigned int)2, (unsigned int)1, (unsigned short)4>(ch_est::puschRxChEstStatDescr_t *, ch_est::puschRxChEstDynDescr_t *)"
1779341388,7168,4907,137,2,1,24,2,1,44,0.001,0.001,,,,,NVIDIA A100-SXM4-40GB (0),1,,13,"void ch_est::chEstFilterNoDftSOfdmDispatchKernel<float, __half, float, (unsigned int)2>(ch_est::puschRxChEstStatDescr_t *, ch_est::puschRxChEstDynDescr_t *)"
1779349644,5184,4908,137,2,1,24,2,1,44,0.001,0.001,,,,,NVIDIA A100-SXM4-40GB (0),1,,13,"void ch_est::chEstFilterNoDftSOfdmDispatchKernel<float, __half, float, (unsigned int)2>(ch_est::puschRxChEstStatDescr_t *, ch_est::puschRxChEstDynDescr_t *)"
1779355948,2624,4919,103,1,1,128,1,1,16,0.000,0.000,,,,,NVIDIA A100-SXM4-40GB (0),1,,13,cupy_copy__complex64_complex64
1779359756,16800,4929,1434,1,1,128,1,1,16,0.000,0.000,,,,,NVIDIA A100-SXM4-40GB (0),1,,13,cupy_copy__complex64_complex64
1779377868,2528,4936,103,1,1,128,1,1,16,0.000,0.000,,,,,NVIDIA A100-SXM4-40GB (0),1,,13,cupy_copy__complex64_complex64
1779381420,86783,4943,1,1,1,32,32,1,30,0.000,0.000,,,,,NVIDIA A100-SXM4-40GB (0),1,,13,"void convert_kernel<__half2, float2>(tensor_layout_any, T1 *, tensor_layout_any, const T2 *)"
1779499883,4608,4946,,,,,,,,,,0.061,13333.279,Pinned,Device,NVIDIA A100-SXM4-40GB (0),1,,13,[CUDA memcpy Host-to-Device]
1779512554,46432,4947,,,,,,,,,,35.801,771009.475,Device,,NVIDIA A100-SXM4-40GB (0),1,,13,[CUDA memset]
1779565354,2016,4949,,,,,,,,,,0.000,39.682,Pinned,Device,NVIDIA A100-SXM4-40GB (0),1,,13,[CUDA memcpy Host-to-Device]
1779569674,7168,4950,,,,,,,,,,0.131,18285.593,Pinned,Device,NVIDIA A100-SXM4-40GB (0),1,,13,[CUDA memcpy Host-to-Device]
1779587946,9311,4951,273,1,1,48,1,1,40,0.000,0.001,,,,,NVIDIA A100-SXM4-40GB (0),1,,13,"void pusch_noise_intf_est::noiseIntfEstNoDftSOfdmKernel<float, __half, float, float, (unsigned int)2, (unsigned int)1, (unsigned char)4, (unsigned char)4>(pusch_noise_intf_est::puschRxNoiseIntfEstDynDescr)"
1779598409,2816,4962,35,1,1,128,1,1,16,0.000,0.000,,,,,NVIDIA A100-SXM4-40GB (0),1,,13,cupy_copy__complex64_complex64
1779626889,1728,4971,1,1,1,1,1,1,18,0.000,0.000,,,,,NVIDIA A100-SXM4-40GB (0),1,,13,cupy_copy__float32_float32
1779661801,1824,4977,,,,,,,,,,0.000,2.193,Device,Pageable,NVIDIA A100-SXM4-40GB (0),1,,7,[CUDA memcpy Device-to-Host]
1779721448,16448,4988,1434,1,1,128,1,1,16,0.000,0.000,,,,,NVIDIA A100-SXM4-40GB (0),1,,13,cupy_copy__complex64_complex64
1779749064,2784,4995,103,1,1,128,1,1,16,0.000,0.000,,,,,NVIDIA A100-SXM4-40GB (0),1,,13,cupy_copy__complex64_complex64
1779770791,2336,5002,35,1,1,128,1,1,16,0.000,0.000,,,,,NVIDIA A100-SXM4-40GB (0),1,,13,cupy_copy__complex64_complex64
1779789479,1696,5009,1,1,1,1,1,1,18,0.000,0.000,,,,,NVIDIA A100-SXM4-40GB (0),1,,13,cupy_copy__float32_float32
1779925382,86719,5020,1,1,1,32,32,1,30,0.000,0.000,,,,,NVIDIA A100-SXM4-40GB (0),1,,13,"void convert_kernel<__half2, float2>(tensor_layout_any, T1 *, tensor_layout_any, const T2 *)"
1780042084,4288,5023,,,,,,,,,,0.061,14328.300,Pinned,Device,NVIDIA A100-SXM4-40GB (0),1,,13,[CUDA memcpy Host-to-Device]
1780057508,3616,5024,,,,,,,,,,1.547,427715.774,Device,,NVIDIA A100-SXM4-40GB (0),1,,13,[CUDA memset]
1780064228,2816,5029,,,,,,,,,,0.021,7477.259,Pinned,Device,NVIDIA A100-SXM4-40GB (0),1,,13,[CUDA memcpy Host-to-Device]
1780069988,6944,5030,,,,,,,,,,0.131,18875.548,Pinned,Device,NVIDIA A100-SXM4-40GB (0),1,,13,[CUDA memcpy Host-to-Device]
1780083908,6592,5031,273,1,1,8,4,1,39,0.002,0.000,,,,,NVIDIA A100-SXM4-40GB (0),1,,13,"void channel_eq::eqMmseCoefCompLowMimoKernel<float, float, float, (unsigned int)4, (unsigned int)1, (unsigned int)4>(const channel_eq::_puschRxChEqStatDescr *, channel_eq::_puschRxChEqCoefCompDynDescr)"
1780091812,5792,5032,273,1,1,12,11,1,40,0.002,0.000,,,,,NVIDIA A100-SXM4-40GB (0),1,,13,"void channel_eq::eqMmseSoftDemapKernel<float, __half, __half, float, (unsigned int)4, (unsigned short)16383>(channel_eq::_puschRxChEqStatDescr *, channel_eq::_puschRxChEqSoftDemapDynDescr)"
1780098628,308028,5033,1,1,1,32,32,1,30,0.000,0.000,,,,,NVIDIA A100-SXM4-40GB (0),1,,13,"void convert_kernel<float2, __half2>(tensor_layout_any, T1 *, tensor_layout_any, const T2 *)"
1780407808,13824,5045,2253,1,1,128,1,1,16,0.000,0.000,,,,,NVIDIA A100-SXM4-40GB (0),1,,13,cupy_copy__float16_float16
1780422656,2816,5054,282,1,1,128,1,1,16,0.000,0.000,,,,,NVIDIA A100-SXM4-40GB (0),1,,13,cupy_copy__complex64_complex64
1780426816,2048,5063,26,1,1,128,1,1,16,0.000,0.000,,,,,NVIDIA A100-SXM4-40GB (0),1,,13,cupy_copy__float32_float32
1780429888,3072,5072,103,1,1,128,1,1,16,0.000,0.000,,,,,NVIDIA A100-SXM4-40GB (0),1,,13,cupy_copy__complex64_complex64
1780434272,15423,5082,1434,1,1,128,1,1,16,0.000,0.000,,,,,NVIDIA A100-SXM4-40GB (0),1,,13,cupy_copy__complex64_complex64
1780450879,87039,5087,1,1,1,32,32,1,30,0.000,0.000,,,,,NVIDIA A100-SXM4-40GB (0),1,,13,"void convert_kernel<__half2, float2>(tensor_layout_any, T1 *, tensor_layout_any, const T2 *)"
1780565310,4320,5090,,,,,,,,,,0.061,14222.193,Pinned,Device,NVIDIA A100-SXM4-40GB (0),1,,13,[CUDA memcpy Host-to-Device]
1780576030,587801,5091,,,,,,,,,,456.520,776541.336,Device,,NVIDIA A100-SXM4-40GB (0),1,,13,[CUDA memset]
1781166903,32799,5096,,,,,,,,,,0.825,25163.088,Pinned,Device,NVIDIA A100-SXM4-40GB (0),1,,13,[CUDA memcpy Host-to-Device]
1781202006,6880,5097,,,,,,,,,,0.131,19051.053,Pinned,Device,NVIDIA A100-SXM4-40GB (0),1,,13,[CUDA memcpy Host-to-Device]
1781219158,8000,5098,69,4,1,48,1,1,76,0.002,0.000,,,,,NVIDIA A100-SXM4-40GB (0),1,,13,"void ch_est::windowedChEstPreNoDftSOfdmKernel<float, __half, float, (unsigned int)2, (unsigned int)1, (unsigned short)4>(ch_est::puschRxChEstStatDescr_t *, ch_est::puschRxChEstDynDescr_t *)"
1781228342,6720,5099,137,2,1,24,2,1,44,0.001,0.001,,,,,NVIDIA A100-SXM4-40GB (0),1,,13,"void ch_est::chEstFilterNoDftSOfdmDispatchKernel<float, __half, float, (unsigned int)2>(ch_est::puschRxChEstStatDescr_t *, ch_est::puschRxChEstDynDescr_t *)"
1781236342,5216,5100,137,2,1,24,2,1,44,0.001,0.001,,,,,NVIDIA A100-SXM4-40GB (0),1,,13,"void ch_est::chEstFilterNoDftSOfdmDispatchKernel<float, __half, float, (unsigned int)2>(ch_est::puschRxChEstStatDescr_t *, ch_est::puschRxChEstDynDescr_t *)"
1781242646,2624,5111,103,1,1,128,1,1,16,0.000,0.000,,,,,NVIDIA A100-SXM4-40GB (0),1,,13,cupy_copy__complex64_complex64
1781246454,16288,5121,1434,1,1,128,1,1,16,0.000,0.000,,,,,NVIDIA A100-SXM4-40GB (0),1,,13,cupy_copy__complex64_complex64
1781263958,2528,5128,103,1,1,128,1,1,16,0.000,0.000,,,,,NVIDIA A100-SXM4-40GB (0),1,,13,cupy_copy__complex64_complex64
1781267670,87231,5135,1,1,1,32,32,1,30,0.000,0.000,,,,,NVIDIA A100-SXM4-40GB (0),1,,13,"void convert_kernel<__half2, float2>(tensor_layout_any, T1 *, tensor_layout_any, const T2 *)"
1781383444,4416,5138,,,,,,,,,,0.061,13913.027,Pinned,Device,NVIDIA A100-SXM4-40GB (0),1,,13,[CUDA memcpy Host-to-Device]
1781395796,46592,5139,,,,,,,,,,35.801,768360.204,Device,,NVIDIA A100-SXM4-40GB (0),1,,13,[CUDA memset]
1781447444,2016,5141,,,,,,,,,,0.000,39.682,Pinned,Device,NVIDIA A100-SXM4-40GB (0),1,,13,[CUDA memcpy Host-to-Device]
1781451764,7135,5142,,,,,,,,,,0.131,18370.265,Pinned,Device,NVIDIA A100-SXM4-40GB (0),1,,13,[CUDA memcpy Host-to-Device]
1781462867,9312,5143,273,1,1,48,1,1,40,0.000,0.001,,,,,NVIDIA A100-SXM4-40GB (0),1,,13,"void pusch_noise_intf_est::noiseIntfEstNoDftSOfdmKernel<float, __half, float, float, (unsigned int)2, (unsigned int)1, (unsigned char)4, (unsigned char)4>(pusch_noise_intf_est::puschRxNoiseIntfEstDynDescr)"
1781473459,2912,5154,35,1,1,128,1,1,16,0.000,0.000,,,,,NVIDIA A100-SXM4-40GB (0),1,,13,cupy_copy__complex64_complex64
1781504147,1728,5163,1,1,1,1,1,1,18,0.000,0.000,,,,,NVIDIA A100-SXM4-40GB (0),1,,13,cupy_copy__float32_float32
1781538354,1760,5169,,,,,,,,,,0.000,2.273,Device,Pageable,NVIDIA A100-SXM4-40GB (0),1,,7,[CUDA memcpy Device-to-Host]
1781597266,16352,5180,1434,1,1,128,1,1,16,0.000,0.000,,,,,NVIDIA A100-SXM4-40GB (0),1,,13,cupy_copy__complex64_complex64
1781624977,2816,5187,103,1,1,128,1,1,16,0.000,0.000,,,,,NVIDIA A100-SXM4-40GB (0),1,,13,cupy_copy__complex64_complex64
1781646513,2304,5194,35,1,1,128,1,1,16,0.000,0.000,,,,,NVIDIA A100-SXM4-40GB (0),1,,13,cupy_copy__complex64_complex64
1781664401,1664,5201,1,1,1,1,1,1,18,0.000,0.000,,,,,NVIDIA A100-SXM4-40GB (0),1,,13,cupy_copy__float32_float32
1781800303,86687,5212,1,1,1,32,32,1,30,0.000,0.000,,,,,NVIDIA A100-SXM4-40GB (0),1,,13,"void convert_kernel<__half2, float2>(tensor_layout_any, T1 *, tensor_layout_any, const T2 *)"
1781915822,4320,5215,,,,,,,,,,0.061,14222.193,Pinned,Device,NVIDIA A100-SXM4-40GB (0),1,,13,[CUDA memcpy Host-to-Device]
1781930478,3616,5216,,,,,,,,,,1.547,427715.774,Device,,NVIDIA A100-SXM4-40GB (0),1,,13,[CUDA memset]
1781936974,2848,5221,,,,,,,,,,0.021,7393.246,Pinned,Device,NVIDIA A100-SXM4-40GB (0),1,,13,[CUDA memcpy Host-to-Device]
1781942126,6880,5222,,,,,,,,,,0.131,19051.053,Pinned,Device,NVIDIA A100-SXM4-40GB (0),1,,13,[CUDA memcpy Host-to-Device]
1781953646,6751,5223,273,1,1,8,4,1,39,0.002,0.000,,,,,NVIDIA A100-SXM4-40GB (0),1,,13,"void channel_eq::eqMmseCoefCompLowMimoKernel<float, float, float, (unsigned int)4, (unsigned int)1, (unsigned int)4>(const channel_eq::_puschRxChEqStatDescr *, channel_eq::_puschRxChEqCoefCompDynDescr)"
1781961549,5792,5224,273,1,1,12,11,1,40,0.002,0.000,,,,,NVIDIA A100-SXM4-40GB (0),1,,13,"void channel_eq::eqMmseSoftDemapKernel<float, __half, __half, float, (unsigned int)4, (unsigned short)16383>(channel_eq::_puschRxChEqStatDescr *, channel_eq::_puschRxChEqSoftDemapDynDescr)"
1781968685,307325,5225,1,1,1,32,32,1,30,0.000,0.000,,,,,NVIDIA A100-SXM4-40GB (0),1,,13,"void convert_kernel<float2, __half2>(tensor_layout_any, T1 *, tensor_layout_any, const T2 *)"
1782277258,13664,5237,2253,1,1,128,1,1,16,0.000,0.000,,,,,NVIDIA A100-SXM4-40GB (0),1,,13,cupy_copy__float16_float16
1782292234,2784,5246,282,1,1,128,1,1,16,0.000,0.000,,,,,NVIDIA A100-SXM4-40GB (0),1,,13,cupy_copy__complex64_complex64
1782296330,2047,5255,26,1,1,128,1,1,16,0.000,0.000,,,,,NVIDIA A100-SXM4-40GB (0),1,,13,cupy_copy__float32_float32
1782299721,3072,5264,103,1,1,128,1,1,16,0.000,0.000,,,,,NVIDIA A100-SXM4-40GB (0),1,,13,cupy_copy__complex64_complex64
1782303785,15552,5274,1434,1,1,128,1,1,16,0.000,0.000,,,,,NVIDIA A100-SXM4-40GB (0),1,,13,cupy_copy__complex64_complex64
1782320489,87167,5279,1,1,1,32,32,1,30,0.000,0.000,,,,,NVIDIA A100-SXM4-40GB (0),1,,13,"void convert_kernel<__half2, float2>(tensor_layout_any, T1 *, tensor_layout_any, const T2 *)"
1782576774,4320,5282,,,,,,,,,,0.061,14222.193,Pinned,Device,NVIDIA A100-SXM4-40GB (0),1,,13,[CUDA memcpy Host-to-Device]
1782592294,588185,5283,,,,,,,,,,456.520,776084.816,Device,,NVIDIA A100-SXM4-40GB (0),1,,13,[CUDA memset]
1783185183,32832,5288,,,,,,,,,,0.825,25138.328,Pinned,Device,NVIDIA A100-SXM4-40GB (0),1,,13,[CUDA memcpy Host-to-Device]
1783220319,6880,5289,,,,,,,,,,0.131,19051.053,Pinned,Device,NVIDIA A100-SXM4-40GB (0),1,,13,[CUDA memcpy Host-to-Device]
1783231294,7552,5290,69,4,1,48,1,1,76,0.002,0.000,,,,,NVIDIA A100-SXM4-40GB (0),1,,13,"void ch_est::windowedChEstPreNoDftSOfdmKernel<float, __half, float, (unsigned int)2, (unsigned int)1, (unsigned short)4>(ch_est::puschRxChEstStatDescr_t *, ch_est::puschRxChEstDynDescr_t *)"
1783240062,7168,5291,137,2,1,24,2,1,44,0.001,0.001,,,,,NVIDIA A100-SXM4-40GB (0),1,,13,"void ch_est::chEstFilterNoDftSOfdmDispatchKernel<float, __half, float, (unsigned int)2>(ch_est::puschRxChEstStatDescr_t *, ch_est::puschRxChEstDynDescr_t *)"
1783248542,5152,5292,137,2,1,24,2,1,44,0.001,0.001,,,,,NVIDIA A100-SXM4-40GB (0),1,,13,"void ch_est::chEstFilterNoDftSOfdmDispatchKernel<float, __half, float, (unsigned int)2>(ch_est::puschRxChEstStatDescr_t *, ch_est::puschRxChEstDynDescr_t *)"
1783254750,3072,5303,103,1,1,128,1,1,16,0.000,0.000,,,,,NVIDIA A100-SXM4-40GB (0),1,,13,cupy_copy__complex64_complex64
1783259134,16384,5313,1434,1,1,128,1,1,16,0.000,0.000,,,,,NVIDIA A100-SXM4-40GB (0),1,,13,cupy_copy__complex64_complex64
1783276606,2560,5320,103,1,1,128,1,1,16,0.000,0.000,,,,,NVIDIA A100-SXM4-40GB (0),1,,13,cupy_copy__complex64_complex64
1783280478,86815,5327,1,1,1,32,32,1,30,0.000,0.000,,,,,NVIDIA A100-SXM4-40GB (0),1,,13,"void convert_kernel<__half2, float2>(tensor_layout_any, T1 *, tensor_layout_any, const T2 *)"
1783398460,4288,5330,,,,,,,,,,0.061,14328.300,Pinned,Device,NVIDIA A100-SXM4-40GB (0),1,,13,[CUDA memcpy Host-to-Device]
1783411228,46432,5331,,,,,,,,,,35.801,771009.475,Device,,NVIDIA A100-SXM4-40GB (0),1,,13,[CUDA memset]
1783463708,1984,5333,,,,,,,,,,0.000,40.323,Pinned,Device,NVIDIA A100-SXM4-40GB (0),1,,13,[CUDA memcpy Host-to-Device]
1783467996,7552,5334,,,,,,,,,,0.131,17355.899,Pinned,Device,NVIDIA A100-SXM4-40GB (0),1,,13,[CUDA memcpy Host-to-Device]
1783480124,9311,5335,273,1,1,48,1,1,40,0.000,0.001,,,,,NVIDIA A100-SXM4-40GB (0),1,,13,"void pusch_noise_intf_est::noiseIntfEstNoDftSOfdmKernel<float, __half, float, float, (unsigned int)2, (unsigned int)1, (unsigned char)4, (unsigned char)4>(pusch_noise_intf_est::puschRxNoiseIntfEstDynDescr)"
1783490491,2784,5346,35,1,1,128,1,1,16,0.000,0.000,,,,,NVIDIA A100-SXM4-40GB (0),1,,13,cupy_copy__complex64_complex64
1783527291,1760,5355,1,1,1,1,1,1,18,0.000,0.000,,,,,NVIDIA A100-SXM4-40GB (0),1,,13,cupy_copy__float32_float32
1783562843,1824,5361,,,,,,,,,,0.000,2.193,Device,Pageable,NVIDIA A100-SXM4-40GB (0),1,,7,[CUDA memcpy Device-to-Host]
1783621370,16352,5372,1434,1,1,128,1,1,16,0.000,0.000,,,,,NVIDIA A100-SXM4-40GB (0),1,,13,cupy_copy__complex64_complex64
1783649594,2783,5379,103,1,1,128,1,1,16,0.000,0.000,,,,,NVIDIA A100-SXM4-40GB (0),1,,13,cupy_copy__complex64_complex64
1783670617,2336,5386,35,1,1,128,1,1,16,0.000,0.000,,,,,NVIDIA A100-SXM4-40GB (0),1,,13,cupy_copy__complex64_complex64
1783688857,1696,5393,1,1,1,1,1,1,18,0.000,0.000,,,,,NVIDIA A100-SXM4-40GB (0),1,,13,cupy_copy__float32_float32
1783826199,86687,5404,1,1,1,32,32,1,30,0.000,0.000,,,,,NVIDIA A100-SXM4-40GB (0),1,,13,"void convert_kernel<__half2, float2>(tensor_layout_any, T1 *, tensor_layout_any, const T2 *)"
1784087252,4384,5407,,,,,,,,,,0.061,14014.587,Pinned,Device,NVIDIA A100-SXM4-40GB (0),1,,13,[CUDA memcpy Host-to-Device]
1784097972,3616,5408,,,,,,,,,,1.547,427715.774,Device,,NVIDIA A100-SXM4-40GB (0),1,,13,[CUDA memset]
1784104788,2912,5413,,,,,,,,,,0.021,7230.757,Pinned,Device,NVIDIA A100-SXM4-40GB (0),1,,13,[CUDA memcpy Host-to-Device]
1784110004,7328,5414,,,,,,,,,,0.131,17886.347,Pinned,Device,NVIDIA A100-SXM4-40GB (0),1,,13,[CUDA memcpy Host-to-Device]
1784121140,6528,5415,273,1,1,8,4,1,39,0.002,0.000,,,,,NVIDIA A100-SXM4-40GB (0),1,,13,"void channel_eq::eqMmseCoefCompLowMimoKernel<float, float, float, (unsigned int)4, (unsigned int)1, (unsigned int)4>(const channel_eq::_puschRxChEqStatDescr *, channel_eq::_puschRxChEqCoefCompDynDescr)"
1784129012,5664,5416,273,1,1,12,11,1,40,0.002,0.000,,,,,NVIDIA A100-SXM4-40GB (0),1,,13,"void channel_eq::eqMmseSoftDemapKernel<float, __half, __half, float, (unsigned int)4, (unsigned short)16383>(channel_eq::_puschRxChEqStatDescr *, channel_eq::_puschRxChEqSoftDemapDynDescr)"
1784135700,307868,5417,1,1,1,32,32,1,30,0.000,0.000,,,,,NVIDIA A100-SXM4-40GB (0),1,,13,"void convert_kernel<float2, __half2>(tensor_layout_any, T1 *, tensor_layout_any, const T2 *)"
1784444656,13568,5429,2253,1,1,128,1,1,16,0.000,0.000,,,,,NVIDIA A100-SXM4-40GB (0),1,,13,cupy_copy__float16_float16
1784459280,2880,5438,282,1,1,128,1,1,16,0.000,0.000,,,,,NVIDIA A100-SXM4-40GB (0),1,,13,cupy_copy__complex64_complex64
1784463344,2048,5447,26,1,1,128,1,1,16,0.000,0.000,,,,,NVIDIA A100-SXM4-40GB (0),1,,13,cupy_copy__float32_float32
1784466704,3104,5456,103,1,1,128,1,1,16,0.000,0.000,,,,,NVIDIA A100-SXM4-40GB (0),1,,13,cupy_copy__complex64_complex64
1784471120,15424,5466,1434,1,1,128,1,1,16,0.000,0.000,,,,,NVIDIA A100-SXM4-40GB (0),1,,13,cupy_copy__complex64_complex64
1784601038,88031,5471,1,1,1,32,32,1,30,0.000,0.000,,,,,NVIDIA A100-SXM4-40GB (0),1,,13,"void convert_kernel<__half2, float2>(tensor_layout_any, T1 *, tensor_layout_any, const T2 *)"
1784720141,4320,5474,,,,,,,,,,0.061,14222.193,Pinned,Device,NVIDIA A100-SXM4-40GB (0),1,,13,[CUDA memcpy Host-to-Device]
1784731309,588025,5475,,,,,,,,,,456.520,776084.816,Device,,NVIDIA A100-SXM4-40GB (0),1,,13,[CUDA memset]
1785322246,32831,5480,,,,,,,,,,0.825,25139.153,Pinned,Device,NVIDIA A100-SXM4-40GB (0),1,,13,[CUDA memcpy Host-to-Device]
1785357381,6912,5481,,,,,,,,,,0.131,18962.842,Pinned,Device,NVIDIA A100-SXM4-40GB (0),1,,13,[CUDA memcpy Host-to-Device]
1785373477,7968,5482,69,4,1,48,1,1,76,0.002,0.000,,,,,NVIDIA A100-SXM4-40GB (0),1,,13,"void ch_est::windowedChEstPreNoDftSOfdmKernel<float, __half, float, (unsigned int)2, (unsigned int)1, (unsigned short)4>(ch_est::puschRxChEstStatDescr_t *, ch_est::puschRxChEstDynDescr_t *)"
1785382565,6624,5483,137,2,1,24,2,1,44,0.001,0.001,,,,,NVIDIA A100-SXM4-40GB (0),1,,13,"void ch_est::chEstFilterNoDftSOfdmDispatchKernel<float, __half, float, (unsigned int)2>(ch_est::puschRxChEstStatDescr_t *, ch_est::puschRxChEstDynDescr_t *)"
1785390341,5184,5484,137,2,1,24,2,1,44,0.001,0.001,,,,,NVIDIA A100-SXM4-40GB (0),1,,13,"void ch_est::chEstFilterNoDftSOfdmDispatchKernel<float, __half, float, (unsigned int)2>(ch_est::puschRxChEstStatDescr_t *, ch_est::puschRxChEstDynDescr_t *)"
1785396645,2592,5495,103,1,1,128,1,1,16,0.000,0.000,,,,,NVIDIA A100-SXM4-40GB (0),1,,13,cupy_copy__complex64_complex64
1785400293,16640,5505,1434,1,1,128,1,1,16,0.000,0.000,,,,,NVIDIA A100-SXM4-40GB (0),1,,13,cupy_copy__complex64_complex64
1785418021,2560,5512,103,1,1,128,1,1,16,0.000,0.000,,,,,NVIDIA A100-SXM4-40GB (0),1,,13,cupy_copy__complex64_complex64
1785421925,86079,5519,1,1,1,32,32,1,30,0.000,0.000,,,,,NVIDIA A100-SXM4-40GB (0),1,,13,"void convert_kernel<__half2, float2>(tensor_layout_any, T1 *, tensor_layout_any, const T2 *)"
1785535875,4320,5522,,,,,,,,,,0.061,14222.193,Pinned,Device,NVIDIA A100-SXM4-40GB (0),1,,13,[CUDA memcpy Host-to-Device]
1785548163,46463,5523,,,,,,,,,,35.801,770508.261,Device,,NVIDIA A100-SXM4-40GB (0),1,,13,[CUDA memset]
1785601762,2016,5525,,,,,,,,,,0.000,39.682,Pinned,Device,NVIDIA A100-SXM4-40GB (0),1,,13,[CUDA memcpy Host-to-Device]
1785606082,6944,5526,,,,,,,,,,0.131,18875.548,Pinned,Device,NVIDIA A100-SXM4-40GB (0),1,,13,[CUDA memcpy Host-to-Device]
1785618626,9152,5527,273,1,1,48,1,1,40,0.000,0.001,,,,,NVIDIA A100-SXM4-40GB (0),1,,13,"void pusch_noise_intf_est::noiseIntfEstNoDftSOfdmKernel<float, __half, float, float, (unsigned int)2, (unsigned int)1, (unsigned char)4, (unsigned char)4>(pusch_noise_intf_est::puschRxNoiseIntfEstDynDescr)"
1785628930,2784,5538,35,1,1,128,1,1,16,0.000,0.000,,,,,NVIDIA A100-SXM4-40GB (0),1,,13,cupy_copy__complex64_complex64
1785656642,1728,5547,1,1,1,1,1,1,18,0.000,0.000,,,,,NVIDIA A100-SXM4-40GB (0),1,,13,cupy_copy__float32_float32
1785691841,1824,5553,,,,,,,,,,0.000,2.193,Device,Pageable,NVIDIA A100-SXM4-40GB (0),1,,7,[CUDA memcpy Device-to-Host]
1785750753,16543,5564,1434,1,1,128,1,1,16,0.000,0.000,,,,,NVIDIA A100-SXM4-40GB (0),1,,13,cupy_copy__complex64_complex64
1785778432,2816,5571,103,1,1,128,1,1,16,0.000,0.000,,,,,NVIDIA A100-SXM4-40GB (0),1,,13,cupy_copy__complex64_complex64
1785800192,2304,5578,35,1,1,128,1,1,16,0.000,0.000,,,,,NVIDIA A100-SXM4-40GB (0),1,,13,cupy_copy__complex64_complex64
1785819392,1664,5585,1,1,1,1,1,1,18,0.000,0.000,,,,,NVIDIA A100-SXM4-40GB (0),1,,13,cupy_copy__float32_float32
1785952574,86591,5596,1,1,1,32,32,1,30,0.000,0.000,,,,,NVIDIA A100-SXM4-40GB (0),1,,13,"void convert_kernel<__half2, float2>(tensor_layout_any, T1 *, tensor_layout_any, const T2 *)"
1786067517,4320,5599,,,,,,,,,,0.061,14222.193,Pinned,Device,NVIDIA A100-SXM4-40GB (0),1,,13,[CUDA memcpy Host-to-Device]
1786081917,3584,5600,,,,,,,,,,1.547,431534.389,Device,,NVIDIA A100-SXM4-40GB (0),1,,13,[CUDA memset]
1786088285,2816,5605,,,,,,,,,,0.021,7477.259,Pinned,Device,NVIDIA A100-SXM4-40GB (0),1,,13,[CUDA memcpy Host-to-Device]
1786093405,7520,5606,,,,,,,,,,0.131,17429.692,Pinned,Device,NVIDIA A100-SXM4-40GB (0),1,,13,[CUDA memcpy Host-to-Device]
1786104796,6592,5607,273,1,1,8,4,1,39,0.002,0.000,,,,,NVIDIA A100-SXM4-40GB (0),1,,13,"void channel_eq::eqMmseCoefCompLowMimoKernel<float, float, float, (unsigned int)4, (unsigned int)1, (unsigned int)4>(const channel_eq::_puschRxChEqStatDescr *, channel_eq::_puschRxChEqCoefCompDynDescr)"
1786112700,5824,5608,273,1,1,12,11,1,40,0.002,0.000,,,,,NVIDIA A100-SXM4-40GB (0),1,,13,"void channel_eq::eqMmseSoftDemapKernel<float, __half, __half, float, (unsigned int)4, (unsigned short)16383>(channel_eq::_puschRxChEqStatDescr *, channel_eq::_puschRxChEqSoftDemapDynDescr)"
1786119868,307229,5609,1,1,1,32,32,1,30,0.000,0.000,,,,,NVIDIA A100-SXM4-40GB (0),1,,13,"void convert_kernel<float2, __half2>(tensor_layout_any, T1 *, tensor_layout_any, const T2 *)"
1786428249,13567,5621,2253,1,1,128,1,1,16,0.000,0.000,,,,,NVIDIA A100-SXM4-40GB (0),1,,13,cupy_copy__float16_float16
1786442872,2944,5630,282,1,1,128,1,1,16,0.000,0.000,,,,,NVIDIA A100-SXM4-40GB (0),1,,13,cupy_copy__complex64_complex64
1786446968,2016,5639,26,1,1,128,1,1,16,0.000,0.000,,,,,NVIDIA A100-SXM4-40GB (0),1,,13,cupy_copy__float32_float32
1786450328,3040,5648,103,1,1,128,1,1,16,0.000,0.000,,,,,NVIDIA A100-SXM4-40GB (0),1,,13,cupy_copy__complex64_complex64
1786454392,15616,5658,1434,1,1,128,1,1,16,0.000,0.000,,,,,NVIDIA A100-SXM4-40GB (0),1,,13,cupy_copy__complex64_complex64
1786471256,86495,5663,1,1,1,32,32,1,30,0.000,0.000,,,,,NVIDIA A100-SXM4-40GB (0),1,,13,"void convert_kernel<__half2, float2>(tensor_layout_any, T1 *, tensor_layout_any, const T2 *)"
1786585303,4288,5666,,,,,,,,,,0.061,14328.300,Pinned,Device,NVIDIA A100-SXM4-40GB (0),1,,13,[CUDA memcpy Host-to-Device]
1786596919,588217,5667,,,,,,,,,,456.520,776084.816,Device,,NVIDIA A100-SXM4-40GB (0),1,,13,[CUDA memset]
1787193456,32799,5672,,,,,,,,,,0.825,25163.088,Pinned,Device,NVIDIA A100-SXM4-40GB (0),1,,13,[CUDA memcpy Host-to-Device]
1787228559,6912,5673,,,,,,,,,,0.131,18962.842,Pinned,Device,NVIDIA A100-SXM4-40GB (0),1,,13,[CUDA memcpy Host-to-Device]
1787239183,7584,5674,69,4,1,48,1,1,76,0.002,0.000,,,,,NVIDIA A100-SXM4-40GB (0),1,,13,"void ch_est::windowedChEstPreNoDftSOfdmKernel<float, __half, float, (unsigned int)2, (unsigned int)1, (unsigned short)4>(ch_est::puschRxChEstStatDescr_t *, ch_est::puschRxChEstDynDescr_t *)"
1787247823,7200,5675,137,2,1,24,2,1,44,0.001,0.001,,,,,NVIDIA A100-SXM4-40GB (0),1,,13,"void ch_est::chEstFilterNoDftSOfdmDispatchKernel<float, __half, float, (unsigned int)2>(ch_est::puschRxChEstStatDescr_t *, ch_est::puschRxChEstDynDescr_t *)"
1787256111,5184,5676,137,2,1,24,2,1,44,0.001,0.001,,,,,NVIDIA A100-SXM4-40GB (0),1,,13,"void ch_est::chEstFilterNoDftSOfdmDispatchKernel<float, __half, float, (unsigned int)2>(ch_est::puschRxChEstStatDescr_t *, ch_est::puschRxChEstDynDescr_t *)"
1787262415,2624,5687,103,1,1,128,1,1,16,0.000,0.000,,,,,NVIDIA A100-SXM4-40GB (0),1,,13,cupy_copy__complex64_complex64
1787266191,16544,5697,1434,1,1,128,1,1,16,0.000,0.000,,,,,NVIDIA A100-SXM4-40GB (0),1,,13,cupy_copy__complex64_complex64
1787283887,2559,5704,103,1,1,128,1,1,16,0.000,0.000,,,,,NVIDIA A100-SXM4-40GB (0),1,,13,cupy_copy__complex64_complex64
1787287758,85855,5711,1,1,1,32,32,1,30,0.000,0.000,,,,,NVIDIA A100-SXM4-40GB (0),1,,13,"void convert_kernel<__half2, float2>(tensor_layout_any, T1 *, tensor_layout_any, const T2 *)"
1787402637,4288,5714,,,,,,,,,,0.061,14328.300,Pinned,Device,NVIDIA A100-SXM4-40GB (0),1,,13,[CUDA memcpy Host-to-Device]
1787415597,46719,5715,,,,,,,,,,35.801,766283.748,Device,,NVIDIA A100-SXM4-40GB (0),1,,13,[CUDA memset]
1787466444,2016,5717,,,,,,,,,,0.000,39.682,Pinned,Device,NVIDIA A100-SXM4-40GB (0),1,,13,[CUDA memcpy Host-to-Device]
1787470764,6912,5718,,,,,,,,,,0.131,18962.842,Pinned,Device,NVIDIA A100-SXM4-40GB (0),1,,13,[CUDA memcpy Host-to-Device]
1787485740,9408,5719,273,1,1,48,1,1,40,0.000,0.001,,,,,NVIDIA A100-SXM4-40GB (0),1,,13,"void pusch_noise_intf_est::noiseIntfEstNoDftSOfdmKernel<float, __half, float, float, (unsigned int)2, (unsigned int)1, (unsigned char)4, (unsigned char)4>(pusch_noise_intf_est::puschRxNoiseIntfEstDynDescr)"
1787496396,2816,5730,35,1,1,128,1,1,16,0.000,0.000,,,,,NVIDIA A100-SXM4-40GB (0),1,,13,cupy_copy__complex64_complex64
1787523820,1760,5739,1,1,1,1,1,1,18,0.000,0.000,,,,,NVIDIA A100-SXM4-40GB (0),1,,13,cupy_copy__float32_float32
1787558027,1760,5745,,,,,,,,,,0.000,2.273,Device,Pageable,NVIDIA A100-SXM4-40GB (0),1,,7,[CUDA memcpy Device-to-Host]
1787616907,16511,5756,1434,1,1,128,1,1,16,0.000,0.000,,,,,NVIDIA A100-SXM4-40GB (0),1,,13,cupy_copy__complex64_complex64
1787644458,2784,5763,103,1,1,128,1,1,16,0.000,0.000,,,,,NVIDIA A100-SXM4-40GB (0),1,,13,cupy_copy__complex64_complex64
1787665610,2304,5770,35,1,1,128,1,1,16,0.000,0.000,,,,,NVIDIA A100-SXM4-40GB (0),1,,13,cupy_copy__complex64_complex64
1787684106,1728,5777,1,1,1,1,1,1,18,0.000,0.000,,,,,NVIDIA A100-SXM4-40GB (0),1,,13,cupy_copy__float32_float32
1787817512,87871,5788,1,1,1,32,32,1,30,0.000,0.000,,,,,NVIDIA A100-SXM4-40GB (0),1,,13,"void convert_kernel<__half2, float2>(tensor_layout_any, T1 *, tensor_layout_any, const T2 *)"
1788076229,4288,5791,,,,,,,,,,0.061,14328.300,Pinned,Device,NVIDIA A100-SXM4-40GB (0),1,,13,[CUDA memcpy Host-to-Device]
1788086821,3584,5792,,,,,,,,,,1.547,431534.389,Device,,NVIDIA A100-SXM4-40GB (0),1,,13,[CUDA memset]
1788094245,2816,5797,,,,,,,,,,0.021,7477.259,Pinned,Device,NVIDIA A100-SXM4-40GB (0),1,,13,[CUDA memcpy Host-to-Device]
1788099365,7008,5798,,,,,,,,,,0.131,18703.188,Pinned,Device,NVIDIA A100-SXM4-40GB (0),1,,13,[CUDA memcpy Host-to-Device]
1788117765,6528,5799,273,1,1,8,4,1,39,0.002,0.000,,,,,NVIDIA A100-SXM4-40GB (0),1,,13,"void channel_eq::eqMmseCoefCompLowMimoKernel<float, float, float, (unsigned int)4, (unsigned int)1, (unsigned int)4>(const channel_eq::_puschRxChEqStatDescr *, channel_eq::_puschRxChEqCoefCompDynDescr)"
1788125349,5727,5800,273,1,1,12,11,1,40,0.002,0.000,,,,,NVIDIA A100-SXM4-40GB (0),1,,13,"void channel_eq::eqMmseSoftDemapKernel<float, __half, __half, float, (unsigned int)4, (unsigned short)16383>(channel_eq::_puschRxChEqStatDescr *, channel_eq::_puschRxChEqSoftDemapDynDescr)"
1788132132,307357,5801,1,1,1,32,32,1,30,0.000,0.000,,,,,NVIDIA A100-SXM4-40GB (0),1,,13,"void convert_kernel<float2, __half2>(tensor_layout_any, T1 *, tensor_layout_any, const T2 *)"
1788440609,13696,5813,2253,1,1,128,1,1,16,0.000,0.000,,,,,NVIDIA A100-SXM4-40GB (0),1,,13,cupy_copy__float16_float16
1788455457,2848,5822,282,1,1,128,1,1,16,0.000,0.000,,,,,NVIDIA A100-SXM4-40GB (0),1,,13,cupy_copy__complex64_complex64
1788459617,2048,5831,26,1,1,128,1,1,16,0.000,0.000,,,,,NVIDIA A100-SXM4-40GB (0),1,,13,cupy_copy__float32_float32
1788463009,3072,5840,103,1,1,128,1,1,16,0.000,0.000,,,,,NVIDIA A100-SXM4-40GB (0),1,,13,cupy_copy__complex64_complex64
1788467393,15455,5850,1434,1,1,128,1,1,16,0.000,0.000,,,,,NVIDIA A100-SXM4-40GB (0),1,,13,cupy_copy__complex64_complex64
1788586687,87167,5855,1,1,1,32,32,1,30,0.000,0.000,,,,,NVIDIA A100-SXM4-40GB (0),1,,13,"void convert_kernel<__half2, float2>(tensor_layout_any, T1 *, tensor_layout_any, const T2 *)"
1788704414,4256,5858,,,,,,,,,,0.061,14436.065,Pinned,Device,NVIDIA A100-SXM4-40GB (0),1,,13,[CUDA memcpy Host-to-Device]
1788716446,587545,5859,,,,,,,,,,456.520,776541.336,Device,,NVIDIA A100-SXM4-40GB (0),1,,13,[CUDA memset]
1789308631,32799,5864,,,,,,,,,,0.825,25163.088,Pinned,Device,NVIDIA A100-SXM4-40GB (0),1,,13,[CUDA memcpy Host-to-Device]
1789343734,6912,5865,,,,,,,,,,0.131,18962.842,Pinned,Device,NVIDIA A100-SXM4-40GB (0),1,,13,[CUDA memcpy Host-to-Device]
1789360886,8000,5866,69,4,1,48,1,1,76,0.002,0.000,,,,,NVIDIA A100-SXM4-40GB (0),1,,13,"void ch_est::windowedChEstPreNoDftSOfdmKernel<float, __half, float, (unsigned int)2, (unsigned int)1, (unsigned short)4>(ch_est::puschRxChEstStatDescr_t *, ch_est::puschRxChEstDynDescr_t *)"
1789370102,6752,5867,137,2,1,24,2,1,44,0.001,0.001,,,,,NVIDIA A100-SXM4-40GB (0),1,,13,"void ch_est::chEstFilterNoDftSOfdmDispatchKernel<float, __half, float, (unsigned int)2>(ch_est::puschRxChEstStatDescr_t *, ch_est::puschRxChEstDynDescr_t *)"
1789378038,5216,5868,137,2,1,24,2,1,44,0.001,0.001,,,,,NVIDIA A100-SXM4-40GB (0),1,,13,"void ch_est::chEstFilterNoDftSOfdmDispatchKernel<float, __half, float, (unsigned int)2>(ch_est::puschRxChEstStatDescr_t *, ch_est::puschRxChEstDynDescr_t *)"
1789384342,2624,5879,103,1,1,128,1,1,16,0.000,0.000,,,,,NVIDIA A100-SXM4-40GB (0),1,,13,cupy_copy__complex64_complex64
1789388118,16735,5889,1434,1,1,128,1,1,16,0.000,0.000,,,,,NVIDIA A100-SXM4-40GB (0),1,,13,cupy_copy__complex64_complex64
1789406165,2528,5896,103,1,1,128,1,1,16,0.000,0.000,,,,,NVIDIA A100-SXM4-40GB (0),1,,13,cupy_copy__complex64_complex64
1789409877,86719,5903,1,1,1,32,32,1,30,0.000,0.000,,,,,NVIDIA A100-SXM4-40GB (0),1,,13,"void convert_kernel<__half2, float2>(tensor_layout_any, T1 *, tensor_layout_any, const T2 *)"
1789664210,4288,5906,,,,,,,,,,0.061,14328.300,Pinned,Device,NVIDIA A100-SXM4-40GB (0),1,,13,[CUDA memcpy Host-to-Device]
1789679314,46624,5907,,,,,,,,,,35.801,767858.990,Device,,NVIDIA A100-SXM4-40GB (0),1,,13,[CUDA memset]
1789727410,1984,5909,,,,,,,,,,0.000,40.323,Pinned,Device,NVIDIA A100-SXM4-40GB (0),1,,13,[CUDA memcpy Host-to-Device]
1789731698,7071,5910,,,,,,,,,,0.131,18536.464,Pinned,Device,NVIDIA A100-SXM4-40GB (0),1,,13,[CUDA memcpy Host-to-Device]
1789746929,9632,5911,273,1,1,48,1,1,40,0.000,0.001,,,,,NVIDIA A100-SXM4-40GB (0),1,,13,"void pusch_noise_intf_est::noiseIntfEstNoDftSOfdmKernel<float, __half, float, float, (unsigned int)2, (unsigned int)1, (unsigned char)4, (unsigned char)4>(pusch_noise_intf_est::puschRxNoiseIntfEstDynDescr)"
1789757713,2816,5922,35,1,1,128,1,1,16,0.000,0.000,,,,,NVIDIA A100-SXM4-40GB (0),1,,13,cupy_copy__complex64_complex64
1789768241,1728,5931,1,1,1,1,1,1,18,0.000,0.000,,,,,NVIDIA A100-SXM4-40GB (0),1,,13,cupy_copy__float32_float32
1789805233,2080,5937,,,,,,,,,,0.000,1.923,Device,Pageable,NVIDIA A100-SXM4-40GB (0),1,,7,[CUDA memcpy Device-to-Host]
1789864240,16544,5948,1434,1,1,128,1,1,16,0.000,0.000,,,,,NVIDIA A100-SXM4-40GB (0),1,,13,cupy_copy__complex64_complex64
1789891856,2816,5955,103,1,1,128,1,1,16,0.000,0.000,,,,,NVIDIA A100-SXM4-40GB (0),1,,13,cupy_copy__complex64_complex64
1789913327,2304,5962,35,1,1,128,1,1,16,0.000,0.000,,,,,NVIDIA A100-SXM4-40GB (0),1,,13,cupy_copy__complex64_complex64
1789931951,1696,5969,1,1,1,1,1,1,18,0.000,0.000,,,,,NVIDIA A100-SXM4-40GB (0),1,,13,cupy_copy__float32_float32
1790197996,87583,5980,1,1,1,32,32,1,30,0.000,0.000,,,,,NVIDIA A100-SXM4-40GB (0),1,,13,"void convert_kernel<__half2, float2>(tensor_layout_any, T1 *, tensor_layout_any, const T2 *)"
1790317707,4288,5983,,,,,,,,,,0.061,14328.300,Pinned,Device,NVIDIA A100-SXM4-40GB (0),1,,13,[CUDA memcpy Host-to-Device]
1790333674,3616,5984,,,,,,,,,,1.547,427715.774,Device,,NVIDIA A100-SXM4-40GB (0),1,,13,[CUDA memset]
1790339946,2816,5989,,,,,,,,,,0.021,7477.259,Pinned,Device,NVIDIA A100-SXM4-40GB (0),1,,13,[CUDA memcpy Host-to-Device]
1790345066,7264,5990,,,,,,,,,,0.131,18044.027,Pinned,Device,NVIDIA A100-SXM4-40GB (0),1,,13,[CUDA memcpy Host-to-Device]
1790357418,6592,5991,273,1,1,8,4,1,39,0.002,0.000,,,,,NVIDIA A100-SXM4-40GB (0),1,,13,"void channel_eq::eqMmseCoefCompLowMimoKernel<float, float, float, (unsigned int)4, (unsigned int)1, (unsigned int)4>(const channel_eq::_puschRxChEqStatDescr *, channel_eq::_puschRxChEqCoefCompDynDescr)"
1790365098,5760,5992,273,1,1,12,11,1,40,0.002,0.000,,,,,NVIDIA A100-SXM4-40GB (0),1,,13,"void channel_eq::eqMmseSoftDemapKernel<float, __half, __half, float, (unsigned int)4, (unsigned short)16383>(channel_eq::_puschRxChEqStatDescr *, channel_eq::_puschRxChEqSoftDemapDynDescr)"
1790372202,307260,5993,1,1,1,32,32,1,30,0.000,0.000,,,,,NVIDIA A100-SXM4-40GB (0),1,,13,"void convert_kernel<float2, __half2>(tensor_layout_any, T1 *, tensor_layout_any, const T2 *)"
1790680582,13472,6005,2253,1,1,128,1,1,16,0.000,0.000,,,,,NVIDIA A100-SXM4-40GB (0),1,,13,cupy_copy__float16_float16
1790695174,2816,6014,282,1,1,128,1,1,16,0.000,0.000,,,,,NVIDIA A100-SXM4-40GB (0),1,,13,cupy_copy__complex64_complex64
1790698982,2048,6023,26,1,1,128,1,1,16,0.000,0.000,,,,,NVIDIA A100-SXM4-40GB (0),1,,13,cupy_copy__float32_float32
1790702086,3008,6032,103,1,1,128,1,1,16,0.000,0.000,,,,,NVIDIA A100-SXM4-40GB (0),1,,13,cupy_copy__complex64_complex64
1790782117,15392,6047,1434,1,1,128,1,1,16,0.000,0.000,,,,,NVIDIA A100-SXM4-40GB (0),1,,13,cupy_copy__complex64_complex64
1790903012,87039,6052,1,1,1,32,32,1,30,0.000,0.000,,,,,NVIDIA A100-SXM4-40GB (0),1,,13,"void convert_kernel<__half2, float2>(tensor_layout_any, T1 *, tensor_layout_any, const T2 *)"
1791018178,4288,6055,,,,,,,,,,0.061,14328.300,Pinned,Device,NVIDIA A100-SXM4-40GB (0),1,,13,[CUDA memcpy Host-to-Device]
1791029730,587641,6056,,,,,,,,,,456.520,776541.336,Device,,NVIDIA A100-SXM4-40GB (0),1,,13,[CUDA memset]
1791618715,32800,6061,,,,,,,,,,0.825,25162.263,Pinned,Device,NVIDIA A100-SXM4-40GB (0),1,,13,[CUDA memcpy Host-to-Device]
1791653819,6912,6062,,,,,,,,,,0.131,18962.842,Pinned,Device,NVIDIA A100-SXM4-40GB (0),1,,13,[CUDA memcpy Host-to-Device]
1791665883,7712,6063,69,4,1,48,1,1,76,0.002,0.000,,,,,NVIDIA A100-SXM4-40GB (0),1,,13,"void ch_est::windowedChEstPreNoDftSOfdmKernel<float, __half, float, (unsigned int)2, (unsigned int)1, (unsigned short)4>(ch_est::puschRxChEstStatDescr_t *, ch_est::puschRxChEstDynDescr_t *)"
1791674811,7167,6064,137,2,1,24,2,1,44,0.001,0.001,,,,,NVIDIA A100-SXM4-40GB (0),1,,13,"void ch_est::chEstFilterNoDftSOfdmDispatchKernel<float, __half, float, (unsigned int)2>(ch_est::puschRxChEstStatDescr_t *, ch_est::puschRxChEstDynDescr_t *)"
1791683290,5184,6065,137,2,1,24,2,1,44,0.001,0.001,,,,,NVIDIA A100-SXM4-40GB (0),1,,13,"void ch_est::chEstFilterNoDftSOfdmDispatchKernel<float, __half, float, (unsigned int)2>(ch_est::puschRxChEstStatDescr_t *, ch_est::puschRxChEstDynDescr_t *)"
1791689818,2656,6076,103,1,1,128,1,1,16,0.000,0.000,,,,,NVIDIA A100-SXM4-40GB (0),1,,13,cupy_copy__complex64_complex64
1791693626,16384,6086,1434,1,1,128,1,1,16,0.000,0.000,,,,,NVIDIA A100-SXM4-40GB (0),1,,13,cupy_copy__complex64_complex64
1791711098,2560,6093,103,1,1,128,1,1,16,0.000,0.000,,,,,NVIDIA A100-SXM4-40GB (0),1,,13,cupy_copy__complex64_complex64
1791715002,86687,6100,1,1,1,32,32,1,30,0.000,0.000,,,,,NVIDIA A100-SXM4-40GB (0),1,,13,"void convert_kernel<__half2, float2>(tensor_layout_any, T1 *, tensor_layout_any, const T2 *)"
1791829529,4352,6103,,,,,,,,,,0.061,14117.622,Pinned,Device,NVIDIA A100-SXM4-40GB (0),1,,13,[CUDA memcpy Host-to-Device]
1791841753,46495,6104,,,,,,,,,,35.801,769971.247,Device,,NVIDIA A100-SXM4-40GB (0),1,,13,[CUDA memset]
1791894200,1984,6106,,,,,,,,,,0.000,40.323,Pinned,Device,NVIDIA A100-SXM4-40GB (0),1,,13,[CUDA memcpy Host-to-Device]
1791898488,6912,6107,,,,,,,,,,0.131,18962.842,Pinned,Device,NVIDIA A100-SXM4-40GB (0),1,,13,[CUDA memcpy Host-to-Device]
1791912632,9568,6108,273,1,1,48,1,1,40,0.000,0.001,,,,,NVIDIA A100-SXM4-40GB (0),1,,13,"void pusch_noise_intf_est::noiseIntfEstNoDftSOfdmKernel<float, __half, float, float, (unsigned int)2, (unsigned int)1, (unsigned char)4, (unsigned char)4>(pusch_noise_intf_est::puschRxNoiseIntfEstDynDescr)"
1791923448,2944,6119,35,1,1,128,1,1,16,0.000,0.000,,,,,NVIDIA A100-SXM4-40GB (0),1,,13,cupy_copy__complex64_complex64
1791950359,1760,6128,1,1,1,1,1,1,18,0.000,0.000,,,,,NVIDIA A100-SXM4-40GB (0),1,,13,cupy_copy__float32_float32
1791995927,1856,6134,,,,,,,,,,0.000,2.155,Device,Pageable,NVIDIA A100-SXM4-40GB (0),1,,7,[CUDA memcpy Device-to-Host]
1792057302,16448,6145,1434,1,1,128,1,1,16,0.000,0.000,,,,,NVIDIA A100-SXM4-40GB (0),1,,13,cupy_copy__complex64_complex64
1792085622,2784,6152,103,1,1,128,1,1,16,0.000,0.000,,,,,NVIDIA A100-SXM4-40GB (0),1,,13,cupy_copy__complex64_complex64
1792107573,2336,6159,35,1,1,128,1,1,16,0.000,0.000,,,,,NVIDIA A100-SXM4-40GB (0),1,,13,cupy_copy__complex64_complex64
1792126549,1664,6166,1,1,1,1,1,1,18,0.000,0.000,,,,,NVIDIA A100-SXM4-40GB (0),1,,13,cupy_copy__float32_float32
1792264500,86815,6177,1,1,1,32,32,1,30,0.000,0.000,,,,,NVIDIA A100-SXM4-40GB (0),1,,13,"void convert_kernel<__half2, float2>(tensor_layout_any, T1 *, tensor_layout_any, const T2 *)"
1792380370,4288,6180,,,,,,,,,,0.061,14328.300,Pinned,Device,NVIDIA A100-SXM4-40GB (0),1,,13,[CUDA memcpy Host-to-Device]
1792394706,3616,6181,,,,,,,,,,1.547,427715.774,Device,,NVIDIA A100-SXM4-40GB (0),1,,13,[CUDA memset]
1792401394,2848,6186,,,,,,,,,,0.021,7393.246,Pinned,Device,NVIDIA A100-SXM4-40GB (0),1,,13,[CUDA memcpy Host-to-Device]
1792406546,7040,6187,,,,,,,,,,0.131,18618.122,Pinned,Device,NVIDIA A100-SXM4-40GB (0),1,,13,[CUDA memcpy Host-to-Device]
1792419346,6560,6188,273,1,1,8,4,1,39,0.002,0.000,,,,,NVIDIA A100-SXM4-40GB (0),1,,13,"void channel_eq::eqMmseCoefCompLowMimoKernel<float, float, float, (unsigned int)4, (unsigned int)1, (unsigned int)4>(const channel_eq::_puschRxChEqStatDescr *, channel_eq::_puschRxChEqCoefCompDynDescr)"
1792426962,5888,6189,273,1,1,12,11,1,40,0.002,0.000,,,,,NVIDIA A100-SXM4-40GB (0),1,,13,"void channel_eq::eqMmseSoftDemapKernel<float, __half, __half, float, (unsigned int)4, (unsigned short)16383>(channel_eq::_puschRxChEqStatDescr *, channel_eq::_puschRxChEqSoftDemapDynDescr)"
1792433874,307452,6190,1,1,1,32,32,1,30,0.000,0.000,,,,,NVIDIA A100-SXM4-40GB (0),1,,13,"void convert_kernel<float2, __half2>(tensor_layout_any, T1 *, tensor_layout_any, const T2 *)"
1792742414,13760,6202,2253,1,1,128,1,1,16,0.000,0.000,,,,,NVIDIA A100-SXM4-40GB (0),1,,13,cupy_copy__float16_float16
1792757262,2816,6211,282,1,1,128,1,1,16,0.000,0.000,,,,,NVIDIA A100-SXM4-40GB (0),1,,13,cupy_copy__complex64_complex64
1792761390,2048,6220,26,1,1,128,1,1,16,0.000,0.000,,,,,NVIDIA A100-SXM4-40GB (0),1,,13,cupy_copy__float32_float32
1792764782,3040,6229,103,1,1,128,1,1,16,0.000,0.000,,,,,NVIDIA A100-SXM4-40GB (0),1,,13,cupy_copy__complex64_complex64
1792769166,15423,6239,1434,1,1,128,1,1,16,0.000,0.000,,,,,NVIDIA A100-SXM4-40GB (0),1,,13,cupy_copy__complex64_complex64
1792786349,87199,6244,1,1,1,32,32,1,30,0.000,0.000,,,,,NVIDIA A100-SXM4-40GB (0),1,,13,"void convert_kernel<__half2, float2>(tensor_layout_any, T1 *, tensor_layout_any, const T2 *)"
1792902348,4288,6247,,,,,,,,,,0.061,14328.300,Pinned,Device,NVIDIA A100-SXM4-40GB (0),1,,13,[CUDA memcpy Host-to-Device]
1792912780,587545,6248,,,,,,,,,,456.520,776541.336,Device,,NVIDIA A100-SXM4-40GB (0),1,,13,[CUDA memset]
1793501829,32800,6253,,,,,,,,,,0.825,25162.263,Pinned,Device,NVIDIA A100-SXM4-40GB (0),1,,13,[CUDA memcpy Host-to-Device]
1793536965,6879,6254,,,,,,,,,,0.131,19053.806,Pinned,Device,NVIDIA A100-SXM4-40GB (0),1,,13,[CUDA memcpy Host-to-Device]
1793552036,7840,6255,69,4,1,48,1,1,76,0.002,0.000,,,,,NVIDIA A100-SXM4-40GB (0),1,,13,"void ch_est::windowedChEstPreNoDftSOfdmKernel<float, __half, float, (unsigned int)2, (unsigned int)1, (unsigned short)4>(ch_est::puschRxChEstStatDescr_t *, ch_est::puschRxChEstDynDescr_t *)"
1793560996,7040,6256,137,2,1,24,2,1,44,0.001,0.001,,,,,NVIDIA A100-SXM4-40GB (0),1,,13,"void ch_est::chEstFilterNoDftSOfdmDispatchKernel<float, __half, float, (unsigned int)2>(ch_est::puschRxChEstStatDescr_t *, ch_est::puschRxChEstDynDescr_t *)"
1793569348,5216,6257,137,2,1,24,2,1,44,0.001,0.001,,,,,NVIDIA A100-SXM4-40GB (0),1,,13,"void ch_est::chEstFilterNoDftSOfdmDispatchKernel<float, __half, float, (unsigned int)2>(ch_est::puschRxChEstStatDescr_t *, ch_est::puschRxChEstDynDescr_t *)"
1793575652,2592,6268,103,1,1,128,1,1,16,0.000,0.000,,,,,NVIDIA A100-SXM4-40GB (0),1,,13,cupy_copy__complex64_complex64
1793579364,16384,6278,1434,1,1,128,1,1,16,0.000,0.000,,,,,NVIDIA A100-SXM4-40GB (0),1,,13,cupy_copy__complex64_complex64
1793596868,2528,6285,103,1,1,128,1,1,16,0.000,0.000,,,,,NVIDIA A100-SXM4-40GB (0),1,,13,cupy_copy__complex64_complex64
1793600420,86943,6292,1,1,1,32,32,1,30,0.000,0.000,,,,,NVIDIA A100-SXM4-40GB (0),1,,13,"void convert_kernel<__half2, float2>(tensor_layout_any, T1 *, tensor_layout_any, const T2 *)"
1793856833,4320,6295,,,,,,,,,,0.061,14222.193,Pinned,Device,NVIDIA A100-SXM4-40GB (0),1,,13,[CUDA memcpy Host-to-Device]
1793867457,46815,6296,,,,,,,,,,35.801,764708.506,Device,,NVIDIA A100-SXM4-40GB (0),1,,13,[CUDA memset]
1793920736,2016,6298,,,,,,,,,,0.000,39.682,Pinned,Device,NVIDIA A100-SXM4-40GB (0),1,,13,[CUDA memcpy Host-to-Device]
1793925056,7264,6299,,,,,,,,,,0.131,18044.027,Pinned,Device,NVIDIA A100-SXM4-40GB (0),1,,13,[CUDA memcpy Host-to-Device]
1793941184,9696,6300,273,1,1,48,1,1,40,0.000,0.001,,,,,NVIDIA A100-SXM4-40GB (0),1,,13,"void pusch_noise_intf_est::noiseIntfEstNoDftSOfdmKernel<float, __half, float, float, (unsigned int)2, (unsigned int)1, (unsigned char)4, (unsigned char)4>(pusch_noise_intf_est::puschRxNoiseIntfEstDynDescr)"
1793951936,2720,6311,35,1,1,128,1,1,16,0.000,0.000,,,,,NVIDIA A100-SXM4-40GB (0),1,,13,cupy_copy__complex64_complex64
1793962367,1728,6320,1,1,1,1,1,1,18,0.000,0.000,,,,,NVIDIA A100-SXM4-40GB (0),1,,13,cupy_copy__float32_float32
1793997439,1824,6326,,,,,,,,,,0.000,2.193,Device,Pageable,NVIDIA A100-SXM4-40GB (0),1,,7,[CUDA memcpy Device-to-Host]
1794056414,16448,6337,1434,1,1,128,1,1,16,0.000,0.000,,,,,NVIDIA A100-SXM4-40GB (0),1,,13,cupy_copy__complex64_complex64
1794083518,2848,6344,103,1,1,128,1,1,16,0.000,0.000,,,,,NVIDIA A100-SXM4-40GB (0),1,,13,cupy_copy__complex64_complex64
1794105246,2272,6351,35,1,1,128,1,1,16,0.000,0.000,,,,,NVIDIA A100-SXM4-40GB (0),1,,13,cupy_copy__complex64_complex64
1794123710,1696,6358,1,1,1,1,1,1,18,0.000,0.000,,,,,NVIDIA A100-SXM4-40GB (0),1,,13,cupy_copy__float32_float32
1794391770,86399,6369,1,1,1,32,32,1,30,0.000,0.000,,,,,NVIDIA A100-SXM4-40GB (0),1,,13,"void convert_kernel<__half2, float2>(tensor_layout_any, T1 *, tensor_layout_any, const T2 *)"
1794509369,4640,6372,,,,,,,,,,0.061,13241.364,Pinned,Device,NVIDIA A100-SXM4-40GB (0),1,,13,[CUDA memcpy Host-to-Device]
1794525145,3616,6373,,,,,,,,,,1.547,427715.774,Device,,NVIDIA A100-SXM4-40GB (0),1,,13,[CUDA memset]
1794531769,2816,6378,,,,,,,,,,0.021,7477.259,Pinned,Device,NVIDIA A100-SXM4-40GB (0),1,,13,[CUDA memcpy Host-to-Device]
1794536889,6944,6379,,,,,,,,,,0.131,18875.548,Pinned,Device,NVIDIA A100-SXM4-40GB (0),1,,13,[CUDA memcpy Host-to-Device]
1794551833,6527,6380,273,1,1,8,4,1,39,0.002,0.000,,,,,NVIDIA A100-SXM4-40GB (0),1,,13,"void channel_eq::eqMmseCoefCompLowMimoKernel<float, float, float, (unsigned int)4, (unsigned int)1, (unsigned int)4>(const channel_eq::_puschRxChEqStatDescr *, channel_eq::_puschRxChEqCoefCompDynDescr)"
1794559416,5920,6381,273,1,1,12,11,1,40,0.002,0.000,,,,,NVIDIA A100-SXM4-40GB (0),1,,13,"void channel_eq::eqMmseSoftDemapKernel<float, __half, __half, float, (unsigned int)4, (unsigned short)16383>(channel_eq::_puschRxChEqStatDescr *, channel_eq::_puschRxChEqSoftDemapDynDescr)"
1794566456,307005,6382,1,1,1,32,32,1,30,0.000,0.000,,,,,NVIDIA A100-SXM4-40GB (0),1,,13,"void convert_kernel<float2, __half2>(tensor_layout_any, T1 *, tensor_layout_any, const T2 *)"
1794874677,13536,6394,2253,1,1,128,1,1,16,0.000,0.000,,,,,NVIDIA A100-SXM4-40GB (0),1,,13,cupy_copy__float16_float16
1794889301,2783,6403,282,1,1,128,1,1,16,0.000,0.000,,,,,NVIDIA A100-SXM4-40GB (0),1,,13,cupy_copy__complex64_complex64
1794893396,2048,6412,26,1,1,128,1,1,16,0.000,0.000,,,,,NVIDIA A100-SXM4-40GB (0),1,,13,cupy_copy__float32_float32
1794896468,3040,6421,103,1,1,128,1,1,16,0.000,0.000,,,,,NVIDIA A100-SXM4-40GB (0),1,,13,cupy_copy__complex64_complex64
1794900532,15296,6431,1434,1,1,128,1,1,16,0.000,0.000,,,,,NVIDIA A100-SXM4-40GB (0),1,,13,cupy_copy__complex64_complex64
1794918420,87231,6436,1,1,1,32,32,1,30,0.000,0.000,,,,,NVIDIA A100-SXM4-40GB (0),1,,13,"void convert_kernel<__half2, float2>(tensor_layout_any, T1 *, tensor_layout_any, const T2 *)"
1795172273,4288,6439,,,,,,,,,,0.061,14328.300,Pinned,Device,NVIDIA A100-SXM4-40GB (0),1,,13,[CUDA memcpy Host-to-Device]
1795185297,588409,6440,,,,,,,,,,456.520,775628.296,Device,,NVIDIA A100-SXM4-40GB (0),1,,13,[CUDA memset]
1795779210,32800,6445,,,,,,,,,,0.825,25162.263,Pinned,Device,NVIDIA A100-SXM4-40GB (0),1,,13,[CUDA memcpy Host-to-Device]
1795814314,6911,6446,,,,,,,,,,0.131,18965.594,Pinned,Device,NVIDIA A100-SXM4-40GB (0),1,,13,[CUDA memcpy Host-to-Device]
1795829417,8256,6447,69,4,1,48,1,1,76,0.002,0.000,,,,,NVIDIA A100-SXM4-40GB (0),1,,13,"void ch_est::windowedChEstPreNoDftSOfdmKernel<float, __half, float, (unsigned int)2, (unsigned int)1, (unsigned short)4>(ch_est::puschRxChEstStatDescr_t *, ch_est::puschRxChEstDynDescr_t *)"
1795838857,7232,6448,137,2,1,24,2,1,44,0.001,0.001,,,,,NVIDIA A100-SXM4-40GB (0),1,,13,"void ch_est::chEstFilterNoDftSOfdmDispatchKernel<float, __half, float, (unsigned int)2>(ch_est::puschRxChEstStatDescr_t *, ch_est::puschRxChEstDynDescr_t *)"
1795847241,5184,6449,137,2,1,24,2,1,44,0.001,0.001,,,,,NVIDIA A100-SXM4-40GB (0),1,,13,"void ch_est::chEstFilterNoDftSOfdmDispatchKernel<float, __half, float, (unsigned int)2>(ch_est::puschRxChEstStatDescr_t *, ch_est::puschRxChEstDynDescr_t *)"
1795853545,2624,6460,103,1,1,128,1,1,16,0.000,0.000,,,,,NVIDIA A100-SXM4-40GB (0),1,,13,cupy_copy__complex64_complex64
1795857321,16512,6470,1434,1,1,128,1,1,16,0.000,0.000,,,,,NVIDIA A100-SXM4-40GB (0),1,,13,cupy_copy__complex64_complex64
1795874985,2528,6477,103,1,1,128,1,1,16,0.000,0.000,,,,,NVIDIA A100-SXM4-40GB (0),1,,13,cupy_copy__complex64_complex64
1795878857,86815,6484,1,1,1,32,32,1,30,0.000,0.000,,,,,NVIDIA A100-SXM4-40GB (0),1,,13,"void convert_kernel<__half2, float2>(tensor_layout_any, T1 *, tensor_layout_any, const T2 *)"
1795998151,4320,6487,,,,,,,,,,0.061,14222.193,Pinned,Device,NVIDIA A100-SXM4-40GB (0),1,,13,[CUDA memcpy Host-to-Device]
1796012231,46592,6488,,,,,,,,,,35.801,768360.204,Device,,NVIDIA A100-SXM4-40GB (0),1,,13,[CUDA memset]
1796065927,1984,6490,,,,,,,,,,0.000,40.323,Pinned,Device,NVIDIA A100-SXM4-40GB (0),1,,13,[CUDA memcpy Host-to-Device]
1796070215,6879,6491,,,,,,,,,,0.131,19053.806,Pinned,Device,NVIDIA A100-SXM4-40GB (0),1,,13,[CUDA memcpy Host-to-Device]
1796087462,9184,6492,273,1,1,48,1,1,40,0.000,0.001,,,,,NVIDIA A100-SXM4-40GB (0),1,,13,"void pusch_noise_intf_est::noiseIntfEstNoDftSOfdmKernel<float, __half, float, float, (unsigned int)2, (unsigned int)1, (unsigned char)4, (unsigned char)4>(pusch_noise_intf_est::puschRxNoiseIntfEstDynDescr)"
1796097702,2784,6503,35,1,1,128,1,1,16,0.000,0.000,,,,,NVIDIA A100-SXM4-40GB (0),1,,13,cupy_copy__complex64_complex64
1796126342,1728,6512,1,1,1,1,1,1,18,0.000,0.000,,,,,NVIDIA A100-SXM4-40GB (0),1,,13,cupy_copy__float32_float32
1796162437,1824,6518,,,,,,,,,,0.000,2.193,Device,Pageable,NVIDIA A100-SXM4-40GB (0),1,,7,[CUDA memcpy Device-to-Host]
1796221637,16608,6529,1434,1,1,128,1,1,16,0.000,0.000,,,,,NVIDIA A100-SXM4-40GB (0),1,,13,cupy_copy__complex64_complex64
1796248196,2784,6536,103,1,1,128,1,1,16,0.000,0.000,,,,,NVIDIA A100-SXM4-40GB (0),1,,13,cupy_copy__complex64_complex64
1796269508,2336,6543,35,1,1,128,1,1,16,0.000,0.000,,,,,NVIDIA A100-SXM4-40GB (0),1,,13,cupy_copy__complex64_complex64
1796288068,1696,6550,1,1,1,1,1,1,18,0.000,0.000,,,,,NVIDIA A100-SXM4-40GB (0),1,,13,cupy_copy__float32_float32
1796423234,87423,6561,1,1,1,32,32,1,30,0.000,0.000,,,,,NVIDIA A100-SXM4-40GB (0),1,,13,"void convert_kernel<__half2, float2>(tensor_layout_any, T1 *, tensor_layout_any, const T2 *)"
1796539201,4288,6564,,,,,,,,,,0.061,14328.300,Pinned,Device,NVIDIA A100-SXM4-40GB (0),1,,13,[CUDA memcpy Host-to-Device]
1796553569,3584,6565,,,,,,,,,,1.547,431534.389,Device,,NVIDIA A100-SXM4-40GB (0),1,,13,[CUDA memset]
1796560161,2976,6570,,,,,,,,,,0.021,7075.258,Pinned,Device,NVIDIA A100-SXM4-40GB (0),1,,13,[CUDA memcpy Host-to-Device]
1796565441,7104,6571,,,,,,,,,,0.131,18450.350,Pinned,Device,NVIDIA A100-SXM4-40GB (0),1,,13,[CUDA memcpy Host-to-Device]
1796576865,6559,6572,273,1,1,8,4,1,39,0.002,0.000,,,,,NVIDIA A100-SXM4-40GB (0),1,,13,"void channel_eq::eqMmseCoefCompLowMimoKernel<float, float, float, (unsigned int)4, (unsigned int)1, (unsigned int)4>(const channel_eq::_puschRxChEqStatDescr *, channel_eq::_puschRxChEqCoefCompDynDescr)"
1796584480,5664,6573,273,1,1,12,11,1,40,0.002,0.000,,,,,NVIDIA A100-SXM4-40GB (0),1,,13,"void channel_eq::eqMmseSoftDemapKernel<float, __half, __half, float, (unsigned int)4, (unsigned short)16383>(channel_eq::_puschRxChEqStatDescr *, channel_eq::_puschRxChEqSoftDemapDynDescr)"
1796591232,308093,6574,1,1,1,32,32,1,30,0.000,0.000,,,,,NVIDIA A100-SXM4-40GB (0),1,,13,"void convert_kernel<float2, __half2>(tensor_layout_any, T1 *, tensor_layout_any, const T2 *)"
1796900509,13568,6586,2253,1,1,128,1,1,16,0.000,0.000,,,,,NVIDIA A100-SXM4-40GB (0),1,,13,cupy_copy__float16_float16
1796915101,2848,6595,282,1,1,128,1,1,16,0.000,0.000,,,,,NVIDIA A100-SXM4-40GB (0),1,,13,cupy_copy__complex64_complex64
1796919261,2047,6604,26,1,1,128,1,1,16,0.000,0.000,,,,,NVIDIA A100-SXM4-40GB (0),1,,13,cupy_copy__float32_float32
1796922332,3072,6613,103,1,1,128,1,1,16,0.000,0.000,,,,,NVIDIA A100-SXM4-40GB (0),1,,13,cupy_copy__complex64_complex64
1796926716,15296,6623,1434,1,1,128,1,1,16,0.000,0.000,,,,,NVIDIA A100-SXM4-40GB (0),1,,13,cupy_copy__complex64_complex64
1796943100,87839,6628,1,1,1,32,32,1,30,0.000,0.000,,,,,NVIDIA A100-SXM4-40GB (0),1,,13,"void convert_kernel<__half2, float2>(tensor_layout_any, T1 *, tensor_layout_any, const T2 *)"
1797062619,4288,6631,,,,,,,,,,0.061,14328.300,Pinned,Device,NVIDIA A100-SXM4-40GB (0),1,,13,[CUDA memcpy Host-to-Device]
1797074747,587865,6632,,,,,,,,,,456.520,776541.336,Device,,NVIDIA A100-SXM4-40GB (0),1,,13,[CUDA memset]
1797666420,32831,6637,,,,,,,,,,0.825,25139.153,Pinned,Device,NVIDIA A100-SXM4-40GB (0),1,,13,[CUDA memcpy Host-to-Device]
1797701555,7200,6638,,,,,,,,,,0.131,18204.328,Pinned,Device,NVIDIA A100-SXM4-40GB (0),1,,13,[CUDA memcpy Host-to-Device]
1797717619,8192,6639,69,4,1,48,1,1,76,0.002,0.000,,,,,NVIDIA A100-SXM4-40GB (0),1,,13,"void ch_est::windowedChEstPreNoDftSOfdmKernel<float, __half, float, (unsigned int)2, (unsigned int)1, (unsigned short)4>(ch_est::puschRxChEstStatDescr_t *, ch_est::puschRxChEstDynDescr_t *)"
1797726867,6752,6640,137,2,1,24,2,1,44,0.001,0.001,,,,,NVIDIA A100-SXM4-40GB (0),1,,13,"void ch_est::chEstFilterNoDftSOfdmDispatchKernel<float, __half, float, (unsigned int)2>(ch_est::puschRxChEstStatDescr_t *, ch_est::puschRxChEstDynDescr_t *)"
1797734803,5216,6641,137,2,1,24,2,1,44,0.001,0.001,,,,,NVIDIA A100-SXM4-40GB (0),1,,13,"void ch_est::chEstFilterNoDftSOfdmDispatchKernel<float, __half, float, (unsigned int)2>(ch_est::puschRxChEstStatDescr_t *, ch_est::puschRxChEstDynDescr_t *)"
1797741107,2592,6652,103,1,1,128,1,1,16,0.000,0.000,,,,,NVIDIA A100-SXM4-40GB (0),1,,13,cupy_copy__complex64_complex64
1797745011,16608,6662,1434,1,1,128,1,1,16,0.000,0.000,,,,,NVIDIA A100-SXM4-40GB (0),1,,13,cupy_copy__complex64_complex64
1797762739,2559,6669,103,1,1,128,1,1,16,0.000,0.000,,,,,NVIDIA A100-SXM4-40GB (0),1,,13,cupy_copy__complex64_complex64
1797766450,86399,6676,1,1,1,32,32,1,30,0.000,0.000,,,,,NVIDIA A100-SXM4-40GB (0),1,,13,"void convert_kernel<__half2, float2>(tensor_layout_any, T1 *, tensor_layout_any, const T2 *)"
1797880433,4352,6679,,,,,,,,,,0.061,14117.622,Pinned,Device,NVIDIA A100-SXM4-40GB (0),1,,13,[CUDA memcpy Host-to-Device]
1797892945,46495,6680,,,,,,,,,,35.801,769971.247,Device,,NVIDIA A100-SXM4-40GB (0),1,,13,[CUDA memset]
1797944912,2016,6682,,,,,,,,,,0.000,39.682,Pinned,Device,NVIDIA A100-SXM4-40GB (0),1,,13,[CUDA memcpy Host-to-Device]
1797949232,7072,6683,,,,,,,,,,0.131,18533.843,Pinned,Device,NVIDIA A100-SXM4-40GB (0),1,,13,[CUDA memcpy Host-to-Device]
1797962448,9344,6684,273,1,1,48,1,1,40,0.000,0.001,,,,,NVIDIA A100-SXM4-40GB (0),1,,13,"void pusch_noise_intf_est::noiseIntfEstNoDftSOfdmKernel<float, __half, float, float, (unsigned int)2, (unsigned int)1, (unsigned char)4, (unsigned char)4>(pusch_noise_intf_est::puschRxNoiseIntfEstDynDescr)"
1797973072,2976,6695,35,1,1,128,1,1,16,0.000,0.000,,,,,NVIDIA A100-SXM4-40GB (0),1,,13,cupy_copy__complex64_complex64
1797999504,1728,6704,1,1,1,1,1,1,18,0.000,0.000,,,,,NVIDIA A100-SXM4-40GB (0),1,,13,cupy_copy__float32_float32
1798033775,1728,6710,,,,,,,,,,0.000,2.315,Device,Pageable,NVIDIA A100-SXM4-40GB (0),1,,7,[CUDA memcpy Device-to-Host]
1798091695,16543,6721,1434,1,1,128,1,1,16,0.000,0.000,,,,,NVIDIA A100-SXM4-40GB (0),1,,13,cupy_copy__complex64_complex64
1798118510,2816,6728,103,1,1,128,1,1,16,0.000,0.000,,,,,NVIDIA A100-SXM4-40GB (0),1,,13,cupy_copy__complex64_complex64
1798139566,2304,6735,35,1,1,128,1,1,16,0.000,0.000,,,,,NVIDIA A100-SXM4-40GB (0),1,,13,cupy_copy__complex64_complex64
1798157902,1664,6742,1,1,1,1,1,1,18,0.000,0.000,,,,,NVIDIA A100-SXM4-40GB (0),1,,13,cupy_copy__float32_float32
1798291564,87007,6753,1,1,1,32,32,1,30,0.000,0.000,,,,,NVIDIA A100-SXM4-40GB (0),1,,13,"void convert_kernel<__half2, float2>(tensor_layout_any, T1 *, tensor_layout_any, const T2 *)"
1798407019,4288,6756,,,,,,,,,,0.061,14328.300,Pinned,Device,NVIDIA A100-SXM4-40GB (0),1,,13,[CUDA memcpy Host-to-Device]
1798421675,3616,6757,,,,,,,,,,1.547,427715.774,Device,,NVIDIA A100-SXM4-40GB (0),1,,13,[CUDA memset]
1798428139,2816,6762,,,,,,,,,,0.021,7477.259,Pinned,Device,NVIDIA A100-SXM4-40GB (0),1,,13,[CUDA memcpy Host-to-Device]
1798433259,7743,6763,,,,,,,,,,0.131,16927.687,Pinned,Device,NVIDIA A100-SXM4-40GB (0),1,,13,[CUDA memcpy Host-to-Device]
1798445866,6560,6764,273,1,1,8,4,1,39,0.002,0.000,,,,,NVIDIA A100-SXM4-40GB (0),1,,13,"void channel_eq::eqMmseCoefCompLowMimoKernel<float, float, float, (unsigned int)4, (unsigned int)1, (unsigned int)4>(const channel_eq::_puschRxChEqStatDescr *, channel_eq::_puschRxChEqCoefCompDynDescr)"
1798453514,5696,6765,273,1,1,12,11,1,40,0.002,0.000,,,,,NVIDIA A100-SXM4-40GB (0),1,,13,"void channel_eq::eqMmseSoftDemapKernel<float, __half, __half, float, (unsigned int)4, (unsigned short)16383>(channel_eq::_puschRxChEqStatDescr *, channel_eq::_puschRxChEqSoftDemapDynDescr)"
1798460298,307293,6766,1,1,1,32,32,1,30,0.000,0.000,,,,,NVIDIA A100-SXM4-40GB (0),1,,13,"void convert_kernel<float2, __half2>(tensor_layout_any, T1 *, tensor_layout_any, const T2 *)"
1798768807,13599,6778,2253,1,1,128,1,1,16,0.000,0.000,,,,,NVIDIA A100-SXM4-40GB (0),1,,13,cupy_copy__float16_float16
1798783750,2816,6787,282,1,1,128,1,1,16,0.000,0.000,,,,,NVIDIA A100-SXM4-40GB (0),1,,13,cupy_copy__complex64_complex64
1798787878,2048,6796,26,1,1,128,1,1,16,0.000,0.000,,,,,NVIDIA A100-SXM4-40GB (0),1,,13,cupy_copy__float32_float32
1798791270,3040,6805,103,1,1,128,1,1,16,0.000,0.000,,,,,NVIDIA A100-SXM4-40GB (0),1,,13,cupy_copy__complex64_complex64
1798795622,15328,6815,1434,1,1,128,1,1,16,0.000,0.000,,,,,NVIDIA A100-SXM4-40GB (0),1,,13,cupy_copy__complex64_complex64
1798812198,86751,6820,1,1,1,32,32,1,30,0.000,0.000,,,,,NVIDIA A100-SXM4-40GB (0),1,,13,"void convert_kernel<__half2, float2>(tensor_layout_any, T1 *, tensor_layout_any, const T2 *)"
1799068835,4320,6823,,,,,,,,,,0.061,14222.193,Pinned,Device,NVIDIA A100-SXM4-40GB (0),1,,13,[CUDA memcpy Host-to-Device]
1799077187,588281,6824,,,,,,,,,,456.520,775628.296,Device,,NVIDIA A100-SXM4-40GB (0),1,,13,[CUDA memset]
1799669340,32832,6829,,,,,,,,,,0.825,25138.328,Pinned,Device,NVIDIA A100-SXM4-40GB (0),1,,13,[CUDA memcpy Host-to-Device]
1799704476,6879,6830,,,,,,,,,,0.131,19053.806,Pinned,Device,NVIDIA A100-SXM4-40GB (0),1,,13,[CUDA memcpy Host-to-Device]
1799719547,7616,6831,69,4,1,48,1,1,76,0.002,0.000,,,,,NVIDIA A100-SXM4-40GB (0),1,,13,"void ch_est::windowedChEstPreNoDftSOfdmKernel<float, __half, float, (unsigned int)2, (unsigned int)1, (unsigned short)4>(ch_est::puschRxChEstStatDescr_t *, ch_est::puschRxChEstDynDescr_t *)"
1799728219,7040,6832,137,2,1,24,2,1,44,0.001,0.001,,,,,NVIDIA A100-SXM4-40GB (0),1,,13,"void ch_est::chEstFilterNoDftSOfdmDispatchKernel<float, __half, float, (unsigned int)2>(ch_est::puschRxChEstStatDescr_t *, ch_est::puschRxChEstDynDescr_t *)"
1799736571,5184,6833,137,2,1,24,2,1,44,0.001,0.001,,,,,NVIDIA A100-SXM4-40GB (0),1,,13,"void ch_est::chEstFilterNoDftSOfdmDispatchKernel<float, __half, float, (unsigned int)2>(ch_est::puschRxChEstStatDescr_t *, ch_est::puschRxChEstDynDescr_t *)"
1799742811,3072,6844,103,1,1,128,1,1,16,0.000,0.000,,,,,NVIDIA A100-SXM4-40GB (0),1,,13,cupy_copy__complex64_complex64
1799747195,16640,6854,1434,1,1,128,1,1,16,0.000,0.000,,,,,NVIDIA A100-SXM4-40GB (0),1,,13,cupy_copy__complex64_complex64
1799764891,2560,6861,103,1,1,128,1,1,16,0.000,0.000,,,,,NVIDIA A100-SXM4-40GB (0),1,,13,cupy_copy__complex64_complex64
1799768763,86239,6868,1,1,1,32,32,1,30,0.000,0.000,,,,,NVIDIA A100-SXM4-40GB (0),1,,13,"void convert_kernel<__half2, float2>(tensor_layout_any, T1 *, tensor_layout_any, const T2 *)"
1799885817,4288,6871,,,,,,,,,,0.061,14328.300,Pinned,Device,NVIDIA A100-SXM4-40GB (0),1,,13,[CUDA memcpy Host-to-Device]
1799898809,46208,6872,,,,,,,,,,35.801,774768.575,Device,,NVIDIA A100-SXM4-40GB (0),1,,13,[CUDA memset]
1799951929,2016,6874,,,,,,,,,,0.000,39.682,Pinned,Device,NVIDIA A100-SXM4-40GB (0),1,,13,[CUDA memcpy Host-to-Device]
1799956249,6879,6875,,,,,,,,,,0.131,19053.806,Pinned,Device,NVIDIA A100-SXM4-40GB (0),1,,13,[CUDA memcpy Host-to-Device]
1799974520,9472,6876,273,1,1,48,1,1,40,0.000,0.001,,,,,NVIDIA A100-SXM4-40GB (0),1,,13,"void pusch_noise_intf_est::noiseIntfEstNoDftSOfdmKernel<float, __half, float, float, (unsigned int)2, (unsigned int)1, (unsigned char)4, (unsigned char)4>(pusch_noise_intf_est::puschRxNoiseIntfEstDynDescr)"
1799985272,3008,6887,35,1,1,128,1,1,16,0.000,0.000,,,,,NVIDIA A100-SXM4-40GB (0),1,,13,cupy_copy__complex64_complex64
1800020888,1760,6896,1,1,1,1,1,1,18,0.000,0.000,,,,,NVIDIA A100-SXM4-40GB (0),1,,13,cupy_copy__float32_float32
1800056215,1824,6902,,,,,,,,,,0.000,2.193,Device,Pageable,NVIDIA A100-SXM4-40GB (0),1,,7,[CUDA memcpy Device-to-Host]
1800116023,16447,6913,1434,1,1,128,1,1,16,0.000,0.000,,,,,NVIDIA A100-SXM4-40GB (0),1,,13,cupy_copy__complex64_complex64
1800145526,2816,6920,103,1,1,128,1,1,16,0.000,0.000,,,,,NVIDIA A100-SXM4-40GB (0),1,,13,cupy_copy__complex64_complex64
1800168822,2336,6927,35,1,1,128,1,1,16,0.000,0.000,,,,,NVIDIA A100-SXM4-40GB (0),1,,13,cupy_copy__complex64_complex64
1800187350,1696,6934,1,1,1,1,1,1,18,0.000,0.000,,,,,NVIDIA A100-SXM4-40GB (0),1,,13,cupy_copy__float32_float32
1800322196,86815,6945,1,1,1,32,32,1,30,0.000,0.000,,,,,NVIDIA A100-SXM4-40GB (0),1,,13,"void convert_kernel<__half2, float2>(tensor_layout_any, T1 *, tensor_layout_any, const T2 *)"
1800576497,4480,6948,,,,,,,,,,0.061,13714.268,Pinned,Device,NVIDIA A100-SXM4-40GB (0),1,,13,[CUDA memcpy Host-to-Device]
1800586449,3616,6949,,,,,,,,,,1.547,427715.774,Device,,NVIDIA A100-SXM4-40GB (0),1,,13,[CUDA memset]
1800594385,3104,6954,,,,,,,,,,0.021,6783.485,Pinned,Device,NVIDIA A100-SXM4-40GB (0),1,,13,[CUDA memcpy Host-to-Device]
1800599793,7008,6955,,,,,,,,,,0.131,18703.188,Pinned,Device,NVIDIA A100-SXM4-40GB (0),1,,13,[CUDA memcpy Host-to-Device]
1800617585,6528,6956,273,1,1,8,4,1,39,0.002,0.000,,,,,NVIDIA A100-SXM4-40GB (0),1,,13,"void channel_eq::eqMmseCoefCompLowMimoKernel<float, float, float, (unsigned int)4, (unsigned int)1, (unsigned int)4>(const channel_eq::_puschRxChEqStatDescr *, channel_eq::_puschRxChEqCoefCompDynDescr)"
1800625489,5696,6957,273,1,1,12,11,1,40,0.002,0.000,,,,,NVIDIA A100-SXM4-40GB (0),1,,13,"void channel_eq::eqMmseSoftDemapKernel<float, __half, __half, float, (unsigned int)4, (unsigned short)16383>(channel_eq::_puschRxChEqStatDescr *, channel_eq::_puschRxChEqSoftDemapDynDescr)"
1800632401,307452,6958,1,1,1,32,32,1,30,0.000,0.000,,,,,NVIDIA A100-SXM4-40GB (0),1,,13,"void convert_kernel<float2, __half2>(tensor_layout_any, T1 *, tensor_layout_any, const T2 *)"
1800941101,13408,6970,2253,1,1,128,1,1,16,0.000,0.000,,,,,NVIDIA A100-SXM4-40GB (0),1,,13,cupy_copy__float16_float16
1800955693,2912,6979,282,1,1,128,1,1,16,0.000,0.000,,,,,NVIDIA A100-SXM4-40GB (0),1,,13,cupy_copy__complex64_complex64
1800959789,2048,6988,26,1,1,128,1,1,16,0.000,0.000,,,,,NVIDIA A100-SXM4-40GB (0),1,,13,cupy_copy__float32_float32
1800963149,3072,6997,103,1,1,128,1,1,16,0.000,0.000,,,,,NVIDIA A100-SXM4-40GB (0),1,,13,cupy_copy__complex64_complex64
1800967565,15295,7007,1434,1,1,128,1,1,16,0.000,0.000,,,,,NVIDIA A100-SXM4-40GB (0),1,,13,cupy_copy__complex64_complex64
1801086699,87391,7012,1,1,1,32,32,1,30,0.000,0.000,,,,,NVIDIA A100-SXM4-40GB (0),1,,13,"void convert_kernel<__half2, float2>(tensor_layout_any, T1 *, tensor_layout_any, const T2 *)"
1801204874,4288,7015,,,,,,,,,,0.061,14328.300,Pinned,Device,NVIDIA A100-SXM4-40GB (0),1,,13,[CUDA memcpy Host-to-Device]
1801216714,587961,7016,,,,,,,,,,456.520,776084.816,Device,,NVIDIA A100-SXM4-40GB (0),1,,13,[CUDA memset]
1801812931,32799,7021,,,,,,,,,,0.825,25163.088,Pinned,Device,NVIDIA A100-SXM4-40GB (0),1,,13,[CUDA memcpy Host-to-Device]
1801848034,6944,7022,,,,,,,,,,0.131,18875.548,Pinned,Device,NVIDIA A100-SXM4-40GB (0),1,,13,[CUDA memcpy Host-to-Device]
1801864802,8000,7023,69,4,1,48,1,1,76,0.002,0.000,,,,,NVIDIA A100-SXM4-40GB (0),1,,13,"void ch_est::windowedChEstPreNoDftSOfdmKernel<float, __half, float, (unsigned int)2, (unsigned int)1, (unsigned short)4>(ch_est::puschRxChEstStatDescr_t *, ch_est::puschRxChEstDynDescr_t *)"
1801873986,6784,7024,137,2,1,24,2,1,44,0.001,0.001,,,,,NVIDIA A100-SXM4-40GB (0),1,,13,"void ch_est::chEstFilterNoDftSOfdmDispatchKernel<float, __half, float, (unsigned int)2>(ch_est::puschRxChEstStatDescr_t *, ch_est::puschRxChEstDynDescr_t *)"
1801882082,5184,7025,137,2,1,24,2,1,44,0.001,0.001,,,,,NVIDIA A100-SXM4-40GB (0),1,,13,"void ch_est::chEstFilterNoDftSOfdmDispatchKernel<float, __half, float, (unsigned int)2>(ch_est::puschRxChEstStatDescr_t *, ch_est::puschRxChEstDynDescr_t *)"
1801888386,2592,7036,103,1,1,128,1,1,16,0.000,0.000,,,,,NVIDIA A100-SXM4-40GB (0),1,,13,cupy_copy__complex64_complex64
1801892066,16479,7046,1434,1,1,128,1,1,16,0.000,0.000,,,,,NVIDIA A100-SXM4-40GB (0),1,,13,cupy_copy__complex64_complex64
1801909729,2528,7053,103,1,1,128,1,1,16,0.000,0.000,,,,,NVIDIA A100-SXM4-40GB (0),1,,13,cupy_copy__complex64_complex64
1801913281,86495,7060,1,1,1,32,32,1,30,0.000,0.000,,,,,NVIDIA A100-SXM4-40GB (0),1,,13,"void convert_kernel<__half2, float2>(tensor_layout_any, T1 *, tensor_layout_any, const T2 *)"
1802028192,4320,7063,,,,,,,,,,0.061,14222.193,Pinned,Device,NVIDIA A100-SXM4-40GB (0),1,,13,[CUDA memcpy Host-to-Device]
1802041184,46847,7064,,,,,,,,,,35.801,764207.292,Device,,NVIDIA A100-SXM4-40GB (0),1,,13,[CUDA memset]
1802093087,2016,7066,,,,,,,,,,0.000,39.682,Pinned,Device,NVIDIA A100-SXM4-40GB (0),1,,13,[CUDA memcpy Host-to-Device]
1802097407,6912,7067,,,,,,,,,,0.131,18962.842,Pinned,Device,NVIDIA A100-SXM4-40GB (0),1,,13,[CUDA memcpy Host-to-Device]
1802110079,9280,7068,273,1,1,48,1,1,40,0.000,0.001,,,,,NVIDIA A100-SXM4-40GB (0),1,,13,"void pusch_noise_intf_est::noiseIntfEstNoDftSOfdmKernel<float, __half, float, float, (unsigned int)2, (unsigned int)1, (unsigned char)4, (unsigned char)4>(pusch_noise_intf_est::puschRxNoiseIntfEstDynDescr)"
1802120639,2912,7079,35,1,1,128,1,1,16,0.000,0.000,,,,,NVIDIA A100-SXM4-40GB (0),1,,13,cupy_copy__complex64_complex64
1802148095,1728,7088,1,1,1,1,1,1,18,0.000,0.000,,,,,NVIDIA A100-SXM4-40GB (0),1,,13,cupy_copy__float32_float32
1802183774,2016,7094,,,,,,,,,,0.000,1.984,Device,Pageable,NVIDIA A100-SXM4-40GB (0),1,,7,[CUDA memcpy Device-to-Host]
1802243134,16415,7105,1434,1,1,128,1,1,16,0.000,0.000,,,,,NVIDIA A100-SXM4-40GB (0),1,,13,cupy_copy__complex64_complex64
1802270429,2848,7112,103,1,1,128,1,1,16,0.000,0.000,,,,,NVIDIA A100-SXM4-40GB (0),1,,13,cupy_copy__complex64_complex64
1802291997,2304,7119,35,1,1,128,1,1,16,0.000,0.000,,,,,NVIDIA A100-SXM4-40GB (0),1,,13,cupy_copy__complex64_complex64
1802310333,1664,7126,1,1,1,1,1,1,18,0.000,0.000,,,,,NVIDIA A100-SXM4-40GB (0),1,,13,cupy_copy__float32_float32
1802445435,86783,7137,1,1,1,32,32,1,30,0.000,0.000,,,,,NVIDIA A100-SXM4-40GB (0),1,,13,"void convert_kernel<__half2, float2>(tensor_layout_any, T1 *, tensor_layout_any, const T2 *)"
1802560250,4320,7140,,,,,,,,,,0.061,14222.193,Pinned,Device,NVIDIA A100-SXM4-40GB (0),1,,13,[CUDA memcpy Host-to-Device]
1802574202,3584,7141,,,,,,,,,,1.547,431534.389,Device,,NVIDIA A100-SXM4-40GB (0),1,,13,[CUDA memset]
1802580474,3135,7146,,,,,,,,,,0.021,6716.422,Pinned,Device,NVIDIA A100-SXM4-40GB (0),1,,13,[CUDA memcpy Host-to-Device]
1802585913,7040,7147,,,,,,,,,,0.131,18618.122,Pinned,Device,NVIDIA A100-SXM4-40GB (0),1,,13,[CUDA memcpy Host-to-Device]
1802598201,6560,7148,273,1,1,8,4,1,39,0.002,0.000,,,,,NVIDIA A100-SXM4-40GB (0),1,,13,"void channel_eq::eqMmseCoefCompLowMimoKernel<float, float, float, (unsigned int)4, (unsigned int)1, (unsigned int)4>(const channel_eq::_puschRxChEqStatDescr *, channel_eq::_puschRxChEqCoefCompDynDescr)"
1802605977,5856,7149,273,1,1,12,11,1,40,0.002,0.000,,,,,NVIDIA A100-SXM4-40GB (0),1,,13,"void channel_eq::eqMmseSoftDemapKernel<float, __half, __half, float, (unsigned int)4, (unsigned short)16383>(channel_eq::_puschRxChEqStatDescr *, channel_eq::_puschRxChEqSoftDemapDynDescr)"
1802613145,307676,7150,1,1,1,32,32,1,30,0.000,0.000,,,,,NVIDIA A100-SXM4-40GB (0),1,,13,"void convert_kernel<float2, __half2>(tensor_layout_any, T1 *, tensor_layout_any, const T2 *)"
1802921909,13760,7162,2253,1,1,128,1,1,16,0.000,0.000,,,,,NVIDIA A100-SXM4-40GB (0),1,,13,cupy_copy__float16_float16
1802936789,2816,7171,282,1,1,128,1,1,16,0.000,0.000,,,,,NVIDIA A100-SXM4-40GB (0),1,,13,cupy_copy__complex64_complex64
1802940949,2016,7180,26,1,1,128,1,1,16,0.000,0.000,,,,,NVIDIA A100-SXM4-40GB (0),1,,13,cupy_copy__float32_float32
1802944309,3040,7189,103,1,1,128,1,1,16,0.000,0.000,,,,,NVIDIA A100-SXM4-40GB (0),1,,13,cupy_copy__complex64_complex64
1802948373,15264,7199,1434,1,1,128,1,1,16,0.000,0.000,,,,,NVIDIA A100-SXM4-40GB (0),1,,13,cupy_copy__complex64_complex64
1802968917,86431,7204,1,1,1,32,32,1,30,0.000,0.000,,,,,NVIDIA A100-SXM4-40GB (0),1,,13,"void convert_kernel<__half2, float2>(tensor_layout_any, T1 *, tensor_layout_any, const T2 *)"
1803083124,4288,7207,,,,,,,,,,0.061,14328.300,Pinned,Device,NVIDIA A100-SXM4-40GB (0),1,,13,[CUDA memcpy Host-to-Device]
1803094131,587769,7208,,,,,,,,,,456.520,776541.336,Device,,NVIDIA A100-SXM4-40GB (0),1,,13,[CUDA memset]
1803684396,32800,7213,,,,,,,,,,0.825,25162.263,Pinned,Device,NVIDIA A100-SXM4-40GB (0),1,,13,[CUDA memcpy Host-to-Device]
1803719500,6912,7214,,,,,,,,,,0.131,18962.842,Pinned,Device,NVIDIA A100-SXM4-40GB (0),1,,13,[CUDA memcpy Host-to-Device]
1803736652,7680,7215,69,4,1,48,1,1,76,0.002,0.000,,,,,NVIDIA A100-SXM4-40GB (0),1,,13,"void ch_est::windowedChEstPreNoDftSOfdmKernel<float, __half, float, (unsigned int)2, (unsigned int)1, (unsigned short)4>(ch_est::puschRxChEstStatDescr_t *, ch_est::puschRxChEstDynDescr_t *)"
1803745452,6944,7216,137,2,1,24,2,1,44,0.001,0.001,,,,,NVIDIA A100-SXM4-40GB (0),1,,13,"void ch_est::chEstFilterNoDftSOfdmDispatchKernel<float, __half, float, (unsigned int)2>(ch_est::puschRxChEstStatDescr_t *, ch_est::puschRxChEstDynDescr_t *)"
1803753484,5184,7217,137,2,1,24,2,1,44,0.001,0.001,,,,,NVIDIA A100-SXM4-40GB (0),1,,13,"void ch_est::chEstFilterNoDftSOfdmDispatchKernel<float, __half, float, (unsigned int)2>(ch_est::puschRxChEstStatDescr_t *, ch_est::puschRxChEstDynDescr_t *)"
1803759788,2624,7228,103,1,1,128,1,1,16,0.000,0.000,,,,,NVIDIA A100-SXM4-40GB (0),1,,13,cupy_copy__complex64_complex64
1803763564,16703,7238,1434,1,1,128,1,1,16,0.000,0.000,,,,,NVIDIA A100-SXM4-40GB (0),1,,13,cupy_copy__complex64_complex64
1803781451,2528,7245,103,1,1,128,1,1,16,0.000,0.000,,,,,NVIDIA A100-SXM4-40GB (0),1,,13,cupy_copy__complex64_complex64
1803785355,86751,7252,1,1,1,32,32,1,30,0.000,0.000,,,,,NVIDIA A100-SXM4-40GB (0),1,,13,"void convert_kernel<__half2, float2>(tensor_layout_any, T1 *, tensor_layout_any, const T2 *)"
1803900394,4288,7255,,,,,,,,,,0.061,14328.300,Pinned,Device,NVIDIA A100-SXM4-40GB (0),1,,13,[CUDA memcpy Host-to-Device]
1803912842,46655,7256,,,,,,,,,,35.801,767321.976,Device,,NVIDIA A100-SXM4-40GB (0),1,,13,[CUDA memset]
1803964937,2016,7258,,,,,,,,,,0.000,39.682,Pinned,Device,NVIDIA A100-SXM4-40GB (0),1,,13,[CUDA memcpy Host-to-Device]
1803969257,6912,7259,,,,,,,,,,0.131,18962.842,Pinned,Device,NVIDIA A100-SXM4-40GB (0),1,,13,[CUDA memcpy Host-to-Device]
1803987529,9280,7260,273,1,1,48,1,1,40,0.000,0.001,,,,,NVIDIA A100-SXM4-40GB (0),1,,13,"void pusch_noise_intf_est::noiseIntfEstNoDftSOfdmKernel<float, __half, float, float, (unsigned int)2, (unsigned int)1, (unsigned char)4, (unsigned char)4>(pusch_noise_intf_est::puschRxNoiseIntfEstDynDescr)"
1803997929,2784,7271,35,1,1,128,1,1,16,0.000,0.000,,,,,NVIDIA A100-SXM4-40GB (0),1,,13,cupy_copy__complex64_complex64
1804027528,1760,7280,1,1,1,1,1,1,18,0.000,0.000,,,,,NVIDIA A100-SXM4-40GB (0),1,,13,cupy_copy__float32_float32
1804062056,1760,7286,,,,,,,,,,0.000,2.273,Device,Pageable,NVIDIA A100-SXM4-40GB (0),1,,7,[CUDA memcpy Device-to-Host]
1804121159,16352,7297,1434,1,1,128,1,1,16,0.000,0.000,,,,,NVIDIA A100-SXM4-40GB (0),1,,13,cupy_copy__complex64_complex64
1804147559,2784,7304,103,1,1,128,1,1,16,0.000,0.000,,,,,NVIDIA A100-SXM4-40GB (0),1,,13,cupy_copy__complex64_complex64
1804168839,2368,7311,35,1,1,128,1,1,16,0.000,0.000,,,,,NVIDIA A100-SXM4-40GB (0),1,,13,cupy_copy__complex64_complex64
1804187271,1695,7318,1,1,1,1,1,1,18,0.000,0.000,,,,,NVIDIA A100-SXM4-40GB (0),1,,13,cupy_copy__float32_float32
1804323717,87231,7329,1,1,1,32,32,1,30,0.000,0.000,,,,,NVIDIA A100-SXM4-40GB (0),1,,13,"void convert_kernel<__half2, float2>(tensor_layout_any, T1 *, tensor_layout_any, const T2 *)"
1804582114,4288,7332,,,,,,,,,,0.061,14328.300,Pinned,Device,NVIDIA A100-SXM4-40GB (0),1,,13,[CUDA memcpy Host-to-Device]
1804592482,3584,7333,,,,,,,,,,1.547,431534.389,Device,,NVIDIA A100-SXM4-40GB (0),1,,13,[CUDA memset]
1804599906,2848,7338,,,,,,,,,,0.021,7393.246,Pinned,Device,NVIDIA A100-SXM4-40GB (0),1,,13,[CUDA memcpy Host-to-Device]
1804605058,6943,7339,,,,,,,,,,0.131,18878.169,Pinned,Device,NVIDIA A100-SXM4-40GB (0),1,,13,[CUDA memcpy Host-to-Device]
1804618305,6560,7340,273,1,1,8,4,1,39,0.002,0.000,,,,,NVIDIA A100-SXM4-40GB (0),1,,13,"void channel_eq::eqMmseCoefCompLowMimoKernel<float, float, float, (unsigned int)4, (unsigned int)1, (unsigned int)4>(const channel_eq::_puschRxChEqStatDescr *, channel_eq::_puschRxChEqCoefCompDynDescr)"
1804626177,5696,7341,273,1,1,12,11,1,40,0.002,0.000,,,,,NVIDIA A100-SXM4-40GB (0),1,,13,"void channel_eq::eqMmseSoftDemapKernel<float, __half, __half, float, (unsigned int)4, (unsigned short)16383>(channel_eq::_puschRxChEqStatDescr *, channel_eq::_puschRxChEqSoftDemapDynDescr)"
1804632993,307741,7342,1,1,1,32,32,1,30,0.000,0.000,,,,,NVIDIA A100-SXM4-40GB (0),1,,13,"void convert_kernel<float2, __half2>(tensor_layout_any, T1 *, tensor_layout_any, const T2 *)"
1804941886,13663,7354,2253,1,1,128,1,1,16,0.000,0.000,,,,,NVIDIA A100-SXM4-40GB (0),1,,13,cupy_copy__float16_float16
1804956861,2848,7363,282,1,1,128,1,1,16,0.000,0.000,,,,,NVIDIA A100-SXM4-40GB (0),1,,13,cupy_copy__complex64_complex64
1804961021,2048,7372,26,1,1,128,1,1,16,0.000,0.000,,,,,NVIDIA A100-SXM4-40GB (0),1,,13,cupy_copy__float32_float32
1804964093,3072,7381,103,1,1,128,1,1,16,0.000,0.000,,,,,NVIDIA A100-SXM4-40GB (0),1,,13,cupy_copy__complex64_complex64
1804968509,15328,7391,1434,1,1,128,1,1,16,0.000,0.000,,,,,NVIDIA A100-SXM4-40GB (0),1,,13,cupy_copy__complex64_complex64
1805094556,88031,7396,1,1,1,32,32,1,30,0.000,0.000,,,,,NVIDIA A100-SXM4-40GB (0),1,,13,"void convert_kernel<__half2, float2>(tensor_layout_any, T1 *, tensor_layout_any, const T2 *)"
1805212762,4320,7399,,,,,,,,,,0.061,14222.193,Pinned,Device,NVIDIA A100-SXM4-40GB (0),1,,13,[CUDA memcpy Host-to-Device]
1805225562,587641,7400,,,,,,,,,,456.520,776541.336,Device,,NVIDIA A100-SXM4-40GB (0),1,,13,[CUDA memset]
1805815315,32800,7405,,,,,,,,,,0.825,25162.263,Pinned,Device,NVIDIA A100-SXM4-40GB (0),1,,13,[CUDA memcpy Host-to-Device]
1805850451,6880,7406,,,,,,,,,,0.131,19051.053,Pinned,Device,NVIDIA A100-SXM4-40GB (0),1,,13,[CUDA memcpy Host-to-Device]
1805865523,8224,7407,69,4,1,48,1,1,76,0.002,0.000,,,,,NVIDIA A100-SXM4-40GB (0),1,,13,"void ch_est::windowedChEstPreNoDftSOfdmKernel<float, __half, float, (unsigned int)2, (unsigned int)1, (unsigned short)4>(ch_est::puschRxChEstStatDescr_t *, ch_est::puschRxChEstDynDescr_t *)"
1805875059,6751,7408,137,2,1,24,2,1,44,0.001,0.001,,,,,NVIDIA A100-SXM4-40GB (0),1,,13,"void ch_est::chEstFilterNoDftSOfdmDispatchKernel<float, __half, float, (unsigned int)2>(ch_est::puschRxChEstStatDescr_t *, ch_est::puschRxChEstDynDescr_t *)"
1805882994,5152,7409,137,2,1,24,2,1,44,0.001,0.001,,,,,NVIDIA A100-SXM4-40GB (0),1,,13,"void ch_est::chEstFilterNoDftSOfdmDispatchKernel<float, __half, float, (unsigned int)2>(ch_est::puschRxChEstStatDescr_t *, ch_est::puschRxChEstDynDescr_t *)"
1805889266,2560,7420,103,1,1,128,1,1,16,0.000,0.000,,,,,NVIDIA A100-SXM4-40GB (0),1,,13,cupy_copy__complex64_complex64
1805893138,16448,7430,1434,1,1,128,1,1,16,0.000,0.000,,,,,NVIDIA A100-SXM4-40GB (0),1,,13,cupy_copy__complex64_complex64
1805910642,2528,7437,103,1,1,128,1,1,16,0.000,0.000,,,,,NVIDIA A100-SXM4-40GB (0),1,,13,cupy_copy__complex64_complex64
1805914322,86719,7444,1,1,1,32,32,1,30,0.000,0.000,,,,,NVIDIA A100-SXM4-40GB (0),1,,13,"void convert_kernel<__half2, float2>(tensor_layout_any, T1 *, tensor_layout_any, const T2 *)"
1806168431,4320,7447,,,,,,,,,,0.061,14222.193,Pinned,Device,NVIDIA A100-SXM4-40GB (0),1,,13,[CUDA memcpy Host-to-Device]
1806183727,47135,7448,,,,,,,,,,35.801,759517.366,Device,,NVIDIA A100-SXM4-40GB (0),1,,13,[CUDA memset]
1806232110,1984,7450,,,,,,,,,,0.000,40.323,Pinned,Device,NVIDIA A100-SXM4-40GB (0),1,,13,[CUDA memcpy Host-to-Device]
1806236398,7040,7451,,,,,,,,,,0.131,18618.122,Pinned,Device,NVIDIA A100-SXM4-40GB (0),1,,13,[CUDA memcpy Host-to-Device]
1806247246,9952,7452,273,1,1,48,1,1,40,0.000,0.001,,,,,NVIDIA A100-SXM4-40GB (0),1,,13,"void pusch_noise_intf_est::noiseIntfEstNoDftSOfdmKernel<float, __half, float, float, (unsigned int)2, (unsigned int)1, (unsigned char)4, (unsigned char)4>(pusch_noise_intf_est::puschRxNoiseIntfEstDynDescr)"
1806258254,2912,7463,35,1,1,128,1,1,16,0.000,0.000,,,,,NVIDIA A100-SXM4-40GB (0),1,,13,cupy_copy__complex64_complex64
1806271342,1760,7472,1,1,1,1,1,1,18,0.000,0.000,,,,,NVIDIA A100-SXM4-40GB (0),1,,13,cupy_copy__float32_float32
1806307213,1952,7478,,,,,,,,,,0.000,2.049,Device,Pageable,NVIDIA A100-SXM4-40GB (0),1,,7,[CUDA memcpy Device-to-Host]
1806366797,16448,7489,1434,1,1,128,1,1,16,0.000,0.000,,,,,NVIDIA A100-SXM4-40GB (0),1,,13,cupy_copy__complex64_complex64
1806393644,2816,7496,103,1,1,128,1,1,16,0.000,0.000,,,,,NVIDIA A100-SXM4-40GB (0),1,,13,cupy_copy__complex64_complex64
1806415436,2304,7503,35,1,1,128,1,1,16,0.000,0.000,,,,,NVIDIA A100-SXM4-40GB (0),1,,13,cupy_copy__complex64_complex64
1806434060,1664,7510,1,1,1,1,1,1,18,0.000,0.000,,,,,NVIDIA A100-SXM4-40GB (0),1,,13,cupy_copy__float32_float32
1806698025,87135,7521,1,1,1,32,32,1,30,0.000,0.000,,,,,NVIDIA A100-SXM4-40GB (0),1,,13,"void convert_kernel<__half2, float2>(tensor_layout_any, T1 *, tensor_layout_any, const T2 *)"
1806816903,4320,7524,,,,,,,,,,0.061,14222.193,Pinned,Device,NVIDIA A100-SXM4-40GB (0),1,,13,[CUDA memcpy Host-to-Device]
1806832103,3616,7525,,,,,,,,,,1.547,427715.774,Device,,NVIDIA A100-SXM4-40GB (0),1,,13,[CUDA memset]
1806838759,2848,7530,,,,,,,,,,0.021,7393.246,Pinned,Device,NVIDIA A100-SXM4-40GB (0),1,,13,[CUDA memcpy Host-to-Device]
1806843911,6976,7531,,,,,,,,,,0.131,18788.909,Pinned,Device,NVIDIA A100-SXM4-40GB (0),1,,13,[CUDA memcpy Host-to-Device]
1806855687,6656,7532,273,1,1,8,4,1,39,0.002,0.000,,,,,NVIDIA A100-SXM4-40GB (0),1,,13,"void channel_eq::eqMmseCoefCompLowMimoKernel<float, float, float, (unsigned int)4, (unsigned int)1, (unsigned int)4>(const channel_eq::_puschRxChEqStatDescr *, channel_eq::_puschRxChEqCoefCompDynDescr)"
1806863367,5824,7533,273,1,1,12,11,1,40,0.002,0.000,,,,,NVIDIA A100-SXM4-40GB (0),1,,13,"void channel_eq::eqMmseSoftDemapKernel<float, __half, __half, float, (unsigned int)4, (unsigned short)16383>(channel_eq::_puschRxChEqStatDescr *, channel_eq::_puschRxChEqSoftDemapDynDescr)"
1806870503,307388,7534,1,1,1,32,32,1,30,0.000,0.000,,,,,NVIDIA A100-SXM4-40GB (0),1,,13,"void convert_kernel<float2, __half2>(tensor_layout_any, T1 *, tensor_layout_any, const T2 *)"
1807179075,13632,7546,2253,1,1,128,1,1,16,0.000,0.000,,,,,NVIDIA A100-SXM4-40GB (0),1,,13,cupy_copy__float16_float16
1807194019,2880,7555,282,1,1,128,1,1,16,0.000,0.000,,,,,NVIDIA A100-SXM4-40GB (0),1,,13,cupy_copy__complex64_complex64
1807198083,2048,7564,26,1,1,128,1,1,16,0.000,0.000,,,,,NVIDIA A100-SXM4-40GB (0),1,,13,cupy_copy__float32_float32
1807201155,3040,7573,103,1,1,128,1,1,16,0.000,0.000,,,,,NVIDIA A100-SXM4-40GB (0),1,,13,cupy_copy__complex64_complex64
1807205219,15392,7583,1434,1,1,128,1,1,16,0.000,0.000,,,,,NVIDIA A100-SXM4-40GB (0),1,,13,cupy_copy__complex64_complex64
1807221795,86751,7588,1,1,1,32,32,1,30,0.000,0.000,,,,,NVIDIA A100-SXM4-40GB (0),1,,13,"void convert_kernel<__half2, float2>(tensor_layout_any, T1 *, tensor_layout_any, const T2 *)"
1807336129,4288,7591,,,,,,,,,,0.061,14328.300,Pinned,Device,NVIDIA A100-SXM4-40GB (0),1,,13,[CUDA memcpy Host-to-Device]
1807347137,588121,7592,,,,,,,,,,456.520,776084.816,Device,,NVIDIA A100-SXM4-40GB (0),1,,13,[CUDA memset]
1807943546,32896,7597,,,,,,,,,,0.825,25088.807,Pinned,Device,NVIDIA A100-SXM4-40GB (0),1,,13,[CUDA memcpy Host-to-Device]
1807978842,6912,7598,,,,,,,,,,0.131,18962.842,Pinned,Device,NVIDIA A100-SXM4-40GB (0),1,,13,[CUDA memcpy Host-to-Device]
1807990298,7679,7599,69,4,1,48,1,1,76,0.002,0.000,,,,,NVIDIA A100-SXM4-40GB (0),1,,13,"void ch_est::windowedChEstPreNoDftSOfdmKernel<float, __half, float, (unsigned int)2, (unsigned int)1, (unsigned short)4>(ch_est::puschRxChEstStatDescr_t *, ch_est::puschRxChEstDynDescr_t *)"
1807999321,6816,7600,137,2,1,24,2,1,44,0.001,0.001,,,,,NVIDIA A100-SXM4-40GB (0),1,,13,"void ch_est::chEstFilterNoDftSOfdmDispatchKernel<float, __half, float, (unsigned int)2>(ch_est::puschRxChEstStatDescr_t *, ch_est::puschRxChEstDynDescr_t *)"
1808007449,5184,7601,137,2,1,24,2,1,44,0.001,0.001,,,,,NVIDIA A100-SXM4-40GB (0),1,,13,"void ch_est::chEstFilterNoDftSOfdmDispatchKernel<float, __half, float, (unsigned int)2>(ch_est::puschRxChEstStatDescr_t *, ch_est::puschRxChEstDynDescr_t *)"
1808013977,2624,7612,103,1,1,128,1,1,16,0.000,0.000,,,,,NVIDIA A100-SXM4-40GB (0),1,,13,cupy_copy__complex64_complex64
1808017753,16480,7622,1434,1,1,128,1,1,16,0.000,0.000,,,,,NVIDIA A100-SXM4-40GB (0),1,,13,cupy_copy__complex64_complex64
1808035289,2560,7629,103,1,1,128,1,1,16,0.000,0.000,,,,,NVIDIA A100-SXM4-40GB (0),1,,13,cupy_copy__complex64_complex64
1808039129,87135,7636,1,1,1,32,32,1,30,0.000,0.000,,,,,NVIDIA A100-SXM4-40GB (0),1,,13,"void convert_kernel<__half2, float2>(tensor_layout_any, T1 *, tensor_layout_any, const T2 *)"
1808154520,4384,7639,,,,,,,,,,0.061,14014.587,Pinned,Device,NVIDIA A100-SXM4-40GB (0),1,,13,[CUDA memcpy Host-to-Device]
1808166615,46560,7640,,,,,,,,,,35.801,768897.218,Device,,NVIDIA A100-SXM4-40GB (0),1,,13,[CUDA memset]
1808218583,2368,7642,,,,,,,,,,0.000,33.784,Pinned,Device,NVIDIA A100-SXM4-40GB (0),1,,13,[CUDA memcpy Host-to-Device]
1808223255,7008,7643,,,,,,,,,,0.131,18703.188,Pinned,Device,NVIDIA A100-SXM4-40GB (0),1,,13,[CUDA memcpy Host-to-Device]
1808238999,9279,7644,273,1,1,48,1,1,40,0.000,0.001,,,,,NVIDIA A100-SXM4-40GB (0),1,,13,"void pusch_noise_intf_est::noiseIntfEstNoDftSOfdmKernel<float, __half, float, float, (unsigned int)2, (unsigned int)1, (unsigned char)4, (unsigned char)4>(pusch_noise_intf_est::puschRxNoiseIntfEstDynDescr)"
1808249494,2976,7655,35,1,1,128,1,1,16,0.000,0.000,,,,,NVIDIA A100-SXM4-40GB (0),1,,13,cupy_copy__complex64_complex64
1808276534,1728,7664,1,1,1,1,1,1,18,0.000,0.000,,,,,NVIDIA A100-SXM4-40GB (0),1,,13,cupy_copy__float32_float32
1808312022,1984,7670,,,,,,,,,,0.000,2.016,Device,Pageable,NVIDIA A100-SXM4-40GB (0),1,,7,[CUDA memcpy Device-to-Host]
1808371765,16640,7681,1434,1,1,128,1,1,16,0.000,0.000,,,,,NVIDIA A100-SXM4-40GB (0),1,,13,cupy_copy__complex64_complex64
1808398517,2784,7688,103,1,1,128,1,1,16,0.000,0.000,,,,,NVIDIA A100-SXM4-40GB (0),1,,13,cupy_copy__complex64_complex64
1808420308,2336,7695,35,1,1,128,1,1,16,0.000,0.000,,,,,NVIDIA A100-SXM4-40GB (0),1,,13,cupy_copy__complex64_complex64
1808439124,1696,7702,1,1,1,1,1,1,18,0.000,0.000,,,,,NVIDIA A100-SXM4-40GB (0),1,,13,cupy_copy__float32_float32
1808572947,87327,7713,1,1,1,32,32,1,30,0.000,0.000,,,,,NVIDIA A100-SXM4-40GB (0),1,,13,"void convert_kernel<__half2, float2>(tensor_layout_any, T1 *, tensor_layout_any, const T2 *)"
1808689105,4288,7716,,,,,,,,,,0.061,14328.300,Pinned,Device,NVIDIA A100-SXM4-40GB (0),1,,13,[CUDA memcpy Host-to-Device]
1808703441,3616,7717,,,,,,,,,,1.547,427715.774,Device,,NVIDIA A100-SXM4-40GB (0),1,,13,[CUDA memset]
1808709905,2816,7722,,,,,,,,,,0.021,7477.259,Pinned,Device,NVIDIA A100-SXM4-40GB (0),1,,13,[CUDA memcpy Host-to-Device]
1808715057,7712,7723,,,,,,,,,,0.131,16995.844,Pinned,Device,NVIDIA A100-SXM4-40GB (0),1,,13,[CUDA memcpy Host-to-Device]
1808726801,6496,7724,273,1,1,8,4,1,39,0.002,0.000,,,,,NVIDIA A100-SXM4-40GB (0),1,,13,"void channel_eq::eqMmseCoefCompLowMimoKernel<float, float, float, (unsigned int)4, (unsigned int)1, (unsigned int)4>(const channel_eq::_puschRxChEqStatDescr *, channel_eq::_puschRxChEqCoefCompDynDescr)"
1808734353,5824,7725,273,1,1,12,11,1,40,0.002,0.000,,,,,NVIDIA A100-SXM4-40GB (0),1,,13,"void channel_eq::eqMmseSoftDemapKernel<float, __half, __half, float, (unsigned int)4, (unsigned short)16383>(channel_eq::_puschRxChEqStatDescr *, channel_eq::_puschRxChEqSoftDemapDynDescr)"
1808741265,307388,7726,1,1,1,32,32,1,30,0.000,0.000,,,,,NVIDIA A100-SXM4-40GB (0),1,,13,"void convert_kernel<float2, __half2>(tensor_layout_any, T1 *, tensor_layout_any, const T2 *)"
1809049901,13376,7738,2253,1,1,128,1,1,16,0.000,0.000,,,,,NVIDIA A100-SXM4-40GB (0),1,,13,cupy_copy__float16_float16
1809064589,2880,7747,282,1,1,128,1,1,16,0.000,0.000,,,,,NVIDIA A100-SXM4-40GB (0),1,,13,cupy_copy__complex64_complex64
1809068653,2048,7756,26,1,1,128,1,1,16,0.000,0.000,,,,,NVIDIA A100-SXM4-40GB (0),1,,13,cupy_copy__float32_float32
1809072045,3104,7765,103,1,1,128,1,1,16,0.000,0.000,,,,,NVIDIA A100-SXM4-40GB (0),1,,13,cupy_copy__complex64_complex64
1809076461,15295,7775,1434,1,1,128,1,1,16,0.000,0.000,,,,,NVIDIA A100-SXM4-40GB (0),1,,13,cupy_copy__complex64_complex64
1809092940,86815,7780,1,1,1,32,32,1,30,0.000,0.000,,,,,NVIDIA A100-SXM4-40GB (0),1,,13,"void convert_kernel<__half2, float2>(tensor_layout_any, T1 *, tensor_layout_any, const T2 *)"
1809207691,4288,7783,,,,,,,,,,0.061,14328.300,Pinned,Device,NVIDIA A100-SXM4-40GB (0),1,,13,[CUDA memcpy Host-to-Device]
1809217899,588281,7784,,,,,,,,,,456.520,775628.296,Device,,NVIDIA A100-SXM4-40GB (0),1,,13,[CUDA memset]
1809808868,32832,7789,,,,,,,,,,0.825,25138.328,Pinned,Device,NVIDIA A100-SXM4-40GB (0),1,,13,[CUDA memcpy Host-to-Device]
1809844004,7167,7790,,,,,,,,,,0.131,18288.214,Pinned,Device,NVIDIA A100-SXM4-40GB (0),1,,13,[CUDA memcpy Host-to-Device]
1809860067,8064,7791,69,4,1,48,1,1,76,0.002,0.000,,,,,NVIDIA A100-SXM4-40GB (0),1,,13,"void ch_est::windowedChEstPreNoDftSOfdmKernel<float, __half, float, (unsigned int)2, (unsigned int)1, (unsigned short)4>(ch_est::puschRxChEstStatDescr_t *, ch_est::puschRxChEstDynDescr_t *)"
1809869283,7008,7792,137,2,1,24,2,1,44,0.001,0.001,,,,,NVIDIA A100-SXM4-40GB (0),1,,13,"void ch_est::chEstFilterNoDftSOfdmDispatchKernel<float, __half, float, (unsigned int)2>(ch_est::puschRxChEstStatDescr_t *, ch_est::puschRxChEstDynDescr_t *)"
1809877635,5184,7793,137,2,1,24,2,1,44,0.001,0.001,,,,,NVIDIA A100-SXM4-40GB (0),1,,13,"void ch_est::chEstFilterNoDftSOfdmDispatchKernel<float, __half, float, (unsigned int)2>(ch_est::puschRxChEstStatDescr_t *, ch_est::puschRxChEstDynDescr_t *)"
1809883939,2592,7804,103,1,1,128,1,1,16,0.000,0.000,,,,,NVIDIA A100-SXM4-40GB (0),1,,13,cupy_copy__complex64_complex64
1809887619,16544,7814,1434,1,1,128,1,1,16,0.000,0.000,,,,,NVIDIA A100-SXM4-40GB (0),1,,13,cupy_copy__complex64_complex64
1809905475,2528,7821,103,1,1,128,1,1,16,0.000,0.000,,,,,NVIDIA A100-SXM4-40GB (0),1,,13,cupy_copy__complex64_complex64
1809909347,86431,7828,1,1,1,32,32,1,30,0.000,0.000,,,,,NVIDIA A100-SXM4-40GB (0),1,,13,"void convert_kernel<__half2, float2>(tensor_layout_any, T1 *, tensor_layout_any, const T2 *)"
1810166432,4288,7831,,,,,,,,,,0.061,14328.300,Pinned,Device,NVIDIA A100-SXM4-40GB (0),1,,13,[CUDA memcpy Host-to-Device]
1810180608,46719,7832,,,,,,,,,,35.801,766283.748,Device,,NVIDIA A100-SXM4-40GB (0),1,,13,[CUDA memset]
1810230399,2016,7834,,,,,,,,,,0.000,39.682,Pinned,Device,NVIDIA A100-SXM4-40GB (0),1,,13,[CUDA memcpy Host-to-Device]
1810234719,6912,7835,,,,,,,,,,0.131,18962.842,Pinned,Device,NVIDIA A100-SXM4-40GB (0),1,,13,[CUDA memcpy Host-to-Device]
1810252287,9664,7836,273,1,1,48,1,1,40,0.000,0.001,,,,,NVIDIA A100-SXM4-40GB (0),1,,13,"void pusch_noise_intf_est::noiseIntfEstNoDftSOfdmKernel<float, __half, float, float, (unsigned int)2, (unsigned int)1, (unsigned char)4, (unsigned char)4>(pusch_noise_intf_est::puschRxNoiseIntfEstDynDescr)"
1810263039,2848,7847,35,1,1,128,1,1,16,0.000,0.000,,,,,NVIDIA A100-SXM4-40GB (0),1,,13,cupy_copy__complex64_complex64
1810269503,1728,7856,1,1,1,1,1,1,18,0.000,0.000,,,,,NVIDIA A100-SXM4-40GB (0),1,,13,cupy_copy__float32_float32
1810303742,1824,7862,,,,,,,,,,0.000,2.193,Device,Pageable,NVIDIA A100-SXM4-40GB (0),1,,7,[CUDA memcpy Device-to-Host]
1810362621,16480,7873,1434,1,1,128,1,1,16,0.000,0.000,,,,,NVIDIA A100-SXM4-40GB (0),1,,13,cupy_copy__complex64_complex64
1810389213,2816,7880,103,1,1,128,1,1,16,0.000,0.000,,,,,NVIDIA A100-SXM4-40GB (0),1,,13,cupy_copy__complex64_complex64
1810410941,2304,7887,35,1,1,128,1,1,16,0.000,0.000,,,,,NVIDIA A100-SXM4-40GB (0),1,,13,cupy_copy__complex64_complex64
1810429853,1664,7894,1,1,1,1,1,1,18,0.000,0.000,,,,,NVIDIA A100-SXM4-40GB (0),1,,13,cupy_copy__float32_float32
1810696921,87071,7905,1,1,1,32,32,1,30,0.000,0.000,,,,,NVIDIA A100-SXM4-40GB (0),1,,13,"void convert_kernel<__half2, float2>(tensor_layout_any, T1 *, tensor_layout_any, const T2 *)"
1810815640,4288,7908,,,,,,,,,,0.061,14328.300,Pinned,Device,NVIDIA A100-SXM4-40GB (0),1,,13,[CUDA memcpy Host-to-Device]
1810831448,3648,7909,,,,,,,,,,1.547,423963.664,Device,,NVIDIA A100-SXM4-40GB (0),1,,13,[CUDA memset]
1810838008,3072,7914,,,,,,,,,,0.021,6854.149,Pinned,Device,NVIDIA A100-SXM4-40GB (0),1,,13,[CUDA memcpy Host-to-Device]
1810843384,7008,7915,,,,,,,,,,0.131,18703.188,Pinned,Device,NVIDIA A100-SXM4-40GB (0),1,,13,[CUDA memcpy Host-to-Device]
1810856248,6560,7916,273,1,1,8,4,1,39,0.002,0.000,,,,,NVIDIA A100-SXM4-40GB (0),1,,13,"void channel_eq::eqMmseCoefCompLowMimoKernel<float, float, float, (unsigned int)4, (unsigned int)1, (unsigned int)4>(const channel_eq::_puschRxChEqStatDescr *, channel_eq::_puschRxChEqCoefCompDynDescr)"
1810864024,5919,7917,273,1,1,12,11,1,40,0.002,0.000,,,,,NVIDIA A100-SXM4-40GB (0),1,,13,"void channel_eq::eqMmseSoftDemapKernel<float, __half, __half, float, (unsigned int)4, (unsigned short)16383>(channel_eq::_puschRxChEqStatDescr *, channel_eq::_puschRxChEqSoftDemapDynDescr)"
1810871095,307613,7918,1,1,1,32,32,1,30,0.000,0.000,,,,,NVIDIA A100-SXM4-40GB (0),1,,13,"void convert_kernel<float2, __half2>(tensor_layout_any, T1 *, tensor_layout_any, const T2 *)"
1811179764,13568,7930,2253,1,1,128,1,1,16,0.000,0.000,,,,,NVIDIA A100-SXM4-40GB (0),1,,13,cupy_copy__float16_float16
1811194388,2816,7939,282,1,1,128,1,1,16,0.000,0.000,,,,,NVIDIA A100-SXM4-40GB (0),1,,13,cupy_copy__complex64_complex64
1811198516,2048,7948,26,1,1,128,1,1,16,0.000,0.000,,,,,NVIDIA A100-SXM4-40GB (0),1,,13,cupy_copy__float32_float32
1811201588,3039,7957,103,1,1,128,1,1,16,0.000,0.000,,,,,NVIDIA A100-SXM4-40GB (0),1,,13,cupy_copy__complex64_complex64
1811261203,15424,7973,1434,1,1,128,1,1,16,0.000,0.000,,,,,NVIDIA A100-SXM4-40GB (0),1,,13,cupy_copy__complex64_complex64
1811384273,87263,7978,1,1,1,32,32,1,30,0.000,0.000,,,,,NVIDIA A100-SXM4-40GB (0),1,,13,"void convert_kernel<__half2, float2>(tensor_layout_any, T1 *, tensor_layout_any, const T2 *)"
1811639406,4256,7981,,,,,,,,,,0.061,14436.065,Pinned,Device,NVIDIA A100-SXM4-40GB (0),1,,13,[CUDA memcpy Host-to-Device]
1811648910,588057,7982,,,,,,,,,,456.520,776084.816,Device,,NVIDIA A100-SXM4-40GB (0),1,,13,[CUDA memset]
1812238791,32800,7987,,,,,,,,,,0.825,25162.263,Pinned,Device,NVIDIA A100-SXM4-40GB (0),1,,13,[CUDA memcpy Host-to-Device]
1812273895,6912,7988,,,,,,,,,,0.131,18962.842,Pinned,Device,NVIDIA A100-SXM4-40GB (0),1,,13,[CUDA memcpy Host-to-Device]
1812292039,8352,7989,69,4,1,48,1,1,76,0.002,0.000,,,,,NVIDIA A100-SXM4-40GB (0),1,,13,"void ch_est::windowedChEstPreNoDftSOfdmKernel<float, __half, float, (unsigned int)2, (unsigned int)1, (unsigned short)4>(ch_est::puschRxChEstStatDescr_t *, ch_est::puschRxChEstDynDescr_t *)"
1812301574,7168,7990,137,2,1,24,2,1,44,0.001,0.001,,,,,NVIDIA A100-SXM4-40GB (0),1,,13,"void ch_est::chEstFilterNoDftSOfdmDispatchKernel<float, __half, float, (unsigned int)2>(ch_est::puschRxChEstStatDescr_t *, ch_est::puschRxChEstDynDescr_t *)"
1812309830,5184,7991,137,2,1,24,2,1,44,0.001,0.001,,,,,NVIDIA A100-SXM4-40GB (0),1,,13,"void ch_est::chEstFilterNoDftSOfdmDispatchKernel<float, __half, float, (unsigned int)2>(ch_est::puschRxChEstStatDescr_t *, ch_est::puschRxChEstDynDescr_t *)"
1812316134,2624,8002,103,1,1,128,1,1,16,0.000,0.000,,,,,NVIDIA A100-SXM4-40GB (0),1,,13,cupy_copy__complex64_complex64
1812319910,16576,8012,1434,1,1,128,1,1,16,0.000,0.000,,,,,NVIDIA A100-SXM4-40GB (0),1,,13,cupy_copy__complex64_complex64
1812337542,2560,8019,103,1,1,128,1,1,16,0.000,0.000,,,,,NVIDIA A100-SXM4-40GB (0),1,,13,cupy_copy__complex64_complex64
1812341446,86367,8026,1,1,1,32,32,1,30,0.000,0.000,,,,,NVIDIA A100-SXM4-40GB (0),1,,13,"void convert_kernel<__half2, float2>(tensor_layout_any, T1 *, tensor_layout_any, const T2 *)"
1812458885,4320,8029,,,,,,,,,,0.061,14222.193,Pinned,Device,NVIDIA A100-SXM4-40GB (0),1,,13,[CUDA memcpy Host-to-Device]
1812471812,46688,8030,,,,,,,,,,35.801,766784.961,Device,,NVIDIA A100-SXM4-40GB (0),1,,13,[CUDA memset]
1812523428,2016,8032,,,,,,,,,,0.000,39.682,Pinned,Device,NVIDIA A100-SXM4-40GB (0),1,,13,[CUDA memcpy Host-to-Device]
1812527748,6880,8033,,,,,,,,,,0.131,19051.053,Pinned,Device,NVIDIA A100-SXM4-40GB (0),1,,13,[CUDA memcpy Host-to-Device]
1812539876,9280,8034,273,1,1,48,1,1,40,0.000,0.001,,,,,NVIDIA A100-SXM4-40GB (0),1,,13,"void pusch_noise_intf_est::noiseIntfEstNoDftSOfdmKernel<float, __half, float, float, (unsigned int)2, (unsigned int)1, (unsigned char)4, (unsigned char)4>(pusch_noise_intf_est::puschRxNoiseIntfEstDynDescr)"
1812550180,2912,8045,35,1,1,128,1,1,16,0.000,0.000,,,,,NVIDIA A100-SXM4-40GB (0),1,,13,cupy_copy__complex64_complex64
1812586115,1760,8054,1,1,1,1,1,1,18,0.000,0.000,,,,,NVIDIA A100-SXM4-40GB (0),1,,13,cupy_copy__float32_float32
1812621187,1824,8060,,,,,,,,,,0.000,2.193,Device,Pageable,NVIDIA A100-SXM4-40GB (0),1,,7,[CUDA memcpy Device-to-Host]
1812680162,16416,8071,1434,1,1,128,1,1,16,0.000,0.000,,,,,NVIDIA A100-SXM4-40GB (0),1,,13,cupy_copy__complex64_complex64
1812706818,2816,8078,103,1,1,128,1,1,16,0.000,0.000,,,,,NVIDIA A100-SXM4-40GB (0),1,,13,cupy_copy__complex64_complex64
1812728321,2336,8085,35,1,1,128,1,1,16,0.000,0.000,,,,,NVIDIA A100-SXM4-40GB (0),1,,13,cupy_copy__complex64_complex64
1812747521,1664,8092,1,1,1,1,1,1,18,0.000,0.000,,,,,NVIDIA A100-SXM4-40GB (0),1,,13,cupy_copy__float32_float32
1812883680,86335,8103,1,1,1,32,32,1,30,0.000,0.000,,,,,NVIDIA A100-SXM4-40GB (0),1,,13,"void convert_kernel<__half2, float2>(tensor_layout_any, T1 *, tensor_layout_any, const T2 *)"
1812998398,4288,8106,,,,,,,,,,0.061,14328.300,Pinned,Device,NVIDIA A100-SXM4-40GB (0),1,,13,[CUDA memcpy Host-to-Device]
1813013278,3584,8107,,,,,,,,,,1.547,431534.389,Device,,NVIDIA A100-SXM4-40GB (0),1,,13,[CUDA memset]
1813019806,2848,8112,,,,,,,,,,0.021,7393.246,Pinned,Device,NVIDIA A100-SXM4-40GB (0),1,,13,[CUDA memcpy Host-to-Device]
1813024958,7872,8113,,,,,,,,,,0.131,16650.338,Pinned,Device,NVIDIA A100-SXM4-40GB (0),1,,13,[CUDA memcpy Host-to-Device]
1813037086,6560,8114,273,1,1,8,4,1,39,0.002,0.000,,,,,NVIDIA A100-SXM4-40GB (0),1,,13,"void channel_eq::eqMmseCoefCompLowMimoKernel<float, float, float, (unsigned int)4, (unsigned int)1, (unsigned int)4>(const channel_eq::_puschRxChEqStatDescr *, channel_eq::_puschRxChEqCoefCompDynDescr)"
1813044990,5664,8115,273,1,1,12,11,1,40,0.002,0.000,,,,,NVIDIA A100-SXM4-40GB (0),1,,13,"void channel_eq::eqMmseSoftDemapKernel<float, __half, __half, float, (unsigned int)4, (unsigned short)16383>(channel_eq::_puschRxChEqStatDescr *, channel_eq::_puschRxChEqSoftDemapDynDescr)"
1813051774,306972,8116,1,1,1,32,32,1,30,0.000,0.000,,,,,NVIDIA A100-SXM4-40GB (0),1,,13,"void convert_kernel<float2, __half2>(tensor_layout_any, T1 *, tensor_layout_any, const T2 *)"
1813360026,13472,8128,2253,1,1,128,1,1,16,0.000,0.000,,,,,NVIDIA A100-SXM4-40GB (0),1,,13,cupy_copy__float16_float16
1813374618,2816,8137,282,1,1,128,1,1,16,0.000,0.000,,,,,NVIDIA A100-SXM4-40GB (0),1,,13,cupy_copy__complex64_complex64
1813378746,2048,8146,26,1,1,128,1,1,16,0.000,0.000,,,,,NVIDIA A100-SXM4-40GB (0),1,,13,cupy_copy__float32_float32
1813381850,3040,8155,103,1,1,128,1,1,16,0.000,0.000,,,,,NVIDIA A100-SXM4-40GB (0),1,,13,cupy_copy__complex64_complex64
1813386202,15455,8165,1434,1,1,128,1,1,16,0.000,0.000,,,,,NVIDIA A100-SXM4-40GB (0),1,,13,cupy_copy__complex64_complex64
1813402809,86559,8170,1,1,1,32,32,1,30,0.000,0.000,,,,,NVIDIA A100-SXM4-40GB (0),1,,13,"void convert_kernel<__half2, float2>(tensor_layout_any, T1 *, tensor_layout_any, const T2 *)"
1813516792,4288,8173,,,,,,,,,,0.061,14328.300,Pinned,Device,NVIDIA A100-SXM4-40GB (0),1,,13,[CUDA memcpy Host-to-Device]
1813527640,587993,8174,,,,,,,,,,456.520,776084.816,Device,,NVIDIA A100-SXM4-40GB (0),1,,13,[CUDA memset]
1814123953,32800,8179,,,,,,,,,,0.825,25162.263,Pinned,Device,NVIDIA A100-SXM4-40GB (0),1,,13,[CUDA memcpy Host-to-Device]
1814159057,6879,8180,,,,,,,,,,0.131,19053.806,Pinned,Device,NVIDIA A100-SXM4-40GB (0),1,,13,[CUDA memcpy Host-to-Device]
1814176176,7936,8181,69,4,1,48,1,1,76,0.002,0.000,,,,,NVIDIA A100-SXM4-40GB (0),1,,13,"void ch_est::windowedChEstPreNoDftSOfdmKernel<float, __half, float, (unsigned int)2, (unsigned int)1, (unsigned short)4>(ch_est::puschRxChEstStatDescr_t *, ch_est::puschRxChEstDynDescr_t *)"
1814185168,6784,8182,137,2,1,24,2,1,44,0.001,0.001,,,,,NVIDIA A100-SXM4-40GB (0),1,,13,"void ch_est::chEstFilterNoDftSOfdmDispatchKernel<float, __half, float, (unsigned int)2>(ch_est::puschRxChEstStatDescr_t *, ch_est::puschRxChEstDynDescr_t *)"
1814193072,5184,8183,137,2,1,24,2,1,44,0.001,0.001,,,,,NVIDIA A100-SXM4-40GB (0),1,,13,"void ch_est::chEstFilterNoDftSOfdmDispatchKernel<float, __half, float, (unsigned int)2>(ch_est::puschRxChEstStatDescr_t *, ch_est::puschRxChEstDynDescr_t *)"
1814199376,2624,8194,103,1,1,128,1,1,16,0.000,0.000,,,,,NVIDIA A100-SXM4-40GB (0),1,,13,cupy_copy__complex64_complex64
1814203184,16640,8204,1434,1,1,128,1,1,16,0.000,0.000,,,,,NVIDIA A100-SXM4-40GB (0),1,,13,cupy_copy__complex64_complex64
1814220944,2528,8211,103,1,1,128,1,1,16,0.000,0.000,,,,,NVIDIA A100-SXM4-40GB (0),1,,13,cupy_copy__complex64_complex64
1814224656,87103,8218,1,1,1,32,32,1,30,0.000,0.000,,,,,NVIDIA A100-SXM4-40GB (0),1,,13,"void convert_kernel<__half2, float2>(tensor_layout_any, T1 *, tensor_layout_any, const T2 *)"
1814340014,4416,8221,,,,,,,,,,0.061,13913.027,Pinned,Device,NVIDIA A100-SXM4-40GB (0),1,,13,[CUDA memcpy Host-to-Device]
1814352206,46784,8222,,,,,,,,,,35.801,765209.719,Device,,NVIDIA A100-SXM4-40GB (0),1,,13,[CUDA memset]
1814403470,2176,8224,,,,,,,,,,0.000,36.765,Pinned,Device,NVIDIA A100-SXM4-40GB (0),1,,13,[CUDA memcpy Host-to-Device]
1814407950,7039,8225,,,,,,,,,,0.131,18620.744,Pinned,Device,NVIDIA A100-SXM4-40GB (0),1,,13,[CUDA memcpy Host-to-Device]
1814418893,9344,8226,273,1,1,48,1,1,40,0.000,0.001,,,,,NVIDIA A100-SXM4-40GB (0),1,,13,"void pusch_noise_intf_est::noiseIntfEstNoDftSOfdmKernel<float, __half, float, float, (unsigned int)2, (unsigned int)1, (unsigned char)4, (unsigned char)4>(pusch_noise_intf_est::puschRxNoiseIntfEstDynDescr)"
1814429421,2880,8237,35,1,1,128,1,1,16,0.000,0.000,,,,,NVIDIA A100-SXM4-40GB (0),1,,13,cupy_copy__complex64_complex64
1814459885,1760,8246,1,1,1,1,1,1,18,0.000,0.000,,,,,NVIDIA A100-SXM4-40GB (0),1,,13,cupy_copy__float32_float32
1814493933,1760,8252,,,,,,,,,,0.000,2.273,Device,Pageable,NVIDIA A100-SXM4-40GB (0),1,,7,[CUDA memcpy Device-to-Host]
1814552044,16352,8263,1434,1,1,128,1,1,16,0.000,0.000,,,,,NVIDIA A100-SXM4-40GB (0),1,,13,cupy_copy__complex64_complex64
1814579820,2816,8270,103,1,1,128,1,1,16,0.000,0.000,,,,,NVIDIA A100-SXM4-40GB (0),1,,13,cupy_copy__complex64_complex64
1814601227,2304,8277,35,1,1,128,1,1,16,0.000,0.000,,,,,NVIDIA A100-SXM4-40GB (0),1,,13,cupy_copy__complex64_complex64
1814620427,1664,8284,1,1,1,1,1,1,18,0.000,0.000,,,,,NVIDIA A100-SXM4-40GB (0),1,,13,cupy_copy__float32_float32
1814753481,87103,8295,1,1,1,32,32,1,30,0.000,0.000,,,,,NVIDIA A100-SXM4-40GB (0),1,,13,"void convert_kernel<__half2, float2>(tensor_layout_any, T1 *, tensor_layout_any, const T2 *)"
1814869672,4608,8298,,,,,,,,,,0.061,13333.279,Pinned,Device,NVIDIA A100-SXM4-40GB (0),1,,13,[CUDA memcpy Host-to-Device]
1814884584,3584,8299,,,,,,,,,,1.547,431534.389,Device,,NVIDIA A100-SXM4-40GB (0),1,,13,[CUDA memset]
1814891080,2816,8304,,,,,,,,,,0.021,7477.259,Pinned,Device,NVIDIA A100-SXM4-40GB (0),1,,13,[CUDA memcpy Host-to-Device]
1814896200,7296,8305,,,,,,,,,,0.131,17964.859,Pinned,Device,NVIDIA A100-SXM4-40GB (0),1,,13,[CUDA memcpy Host-to-Device]
1814908424,6560,8306,273,1,1,8,4,1,39,0.002,0.000,,,,,NVIDIA A100-SXM4-40GB (0),1,,13,"void channel_eq::eqMmseCoefCompLowMimoKernel<float, float, float, (unsigned int)4, (unsigned int)1, (unsigned int)4>(const channel_eq::_puschRxChEqStatDescr *, channel_eq::_puschRxChEqCoefCompDynDescr)"
1814916072,5823,8307,273,1,1,12,11,1,40,0.002,0.000,,,,,NVIDIA A100-SXM4-40GB (0),1,,13,"void channel_eq::eqMmseSoftDemapKernel<float, __half, __half, float, (unsigned int)4, (unsigned short)16383>(channel_eq::_puschRxChEqStatDescr *, channel_eq::_puschRxChEqSoftDemapDynDescr)"
1814923207,307229,8308,1,1,1,32,32,1,30,0.000,0.000,,,,,NVIDIA A100-SXM4-40GB (0),1,,13,"void convert_kernel<float2, __half2>(tensor_layout_any, T1 *, tensor_layout_any, const T2 *)"
1815231588,13792,8320,2253,1,1,128,1,1,16,0.000,0.000,,,,,NVIDIA A100-SXM4-40GB (0),1,,13,cupy_copy__float16_float16
1815246468,2816,8329,282,1,1,128,1,1,16,0.000,0.000,,,,,NVIDIA A100-SXM4-40GB (0),1,,13,cupy_copy__complex64_complex64
1815250308,2048,8338,26,1,1,128,1,1,16,0.000,0.000,,,,,NVIDIA A100-SXM4-40GB (0),1,,13,cupy_copy__float32_float32
1815253700,3040,8347,103,1,1,128,1,1,16,0.000,0.000,,,,,NVIDIA A100-SXM4-40GB (0),1,,13,cupy_copy__complex64_complex64
1815257764,15487,8357,1434,1,1,128,1,1,16,0.000,0.000,,,,,NVIDIA A100-SXM4-40GB (0),1,,13,cupy_copy__complex64_complex64
1815274435,87263,8362,1,1,1,32,32,1,30,0.000,0.000,,,,,NVIDIA A100-SXM4-40GB (0),1,,13,"void convert_kernel<__half2, float2>(tensor_layout_any, T1 *, tensor_layout_any, const T2 *)"
1815532512,4288,8365,,,,,,,,,,0.061,14328.300,Pinned,Device,NVIDIA A100-SXM4-40GB (0),1,,13,[CUDA memcpy Host-to-Device]
1815540384,588473,8366,,,,,,,,,,456.520,775628.296,Device,,NVIDIA A100-SXM4-40GB (0),1,,13,[CUDA memset]
1816131993,32768,8371,,,,,,,,,,0.825,25187.023,Pinned,Device,NVIDIA A100-SXM4-40GB (0),1,,13,[CUDA memcpy Host-to-Device]
1816167065,6912,8372,,,,,,,,,,0.131,18962.842,Pinned,Device,NVIDIA A100-SXM4-40GB (0),1,,13,[CUDA memcpy Host-to-Device]
1816183225,7711,8373,69,4,1,48,1,1,76,0.002,0.000,,,,,NVIDIA A100-SXM4-40GB (0),1,,13,"void ch_est::windowedChEstPreNoDftSOfdmKernel<float, __half, float, (unsigned int)2, (unsigned int)1, (unsigned short)4>(ch_est::puschRxChEstStatDescr_t *, ch_est::puschRxChEstDynDescr_t *)"
1816192280,7168,8374,137,2,1,24,2,1,44,0.001,0.001,,,,,NVIDIA A100-SXM4-40GB (0),1,,13,"void ch_est::chEstFilterNoDftSOfdmDispatchKernel<float, __half, float, (unsigned int)2>(ch_est::puschRxChEstStatDescr_t *, ch_est::puschRxChEstDynDescr_t *)"
1816200536,5152,8375,137,2,1,24,2,1,44,0.001,0.001,,,,,NVIDIA A100-SXM4-40GB (0),1,,13,"void ch_est::chEstFilterNoDftSOfdmDispatchKernel<float, __half, float, (unsigned int)2>(ch_est::puschRxChEstStatDescr_t *, ch_est::puschRxChEstDynDescr_t *)"
1816206744,3072,8386,103,1,1,128,1,1,16,0.000,0.000,,,,,NVIDIA A100-SXM4-40GB (0),1,,13,cupy_copy__complex64_complex64
1816211032,16576,8396,1434,1,1,128,1,1,16,0.000,0.000,,,,,NVIDIA A100-SXM4-40GB (0),1,,13,cupy_copy__complex64_complex64
1816228760,2560,8403,103,1,1,128,1,1,16,0.000,0.000,,,,,NVIDIA A100-SXM4-40GB (0),1,,13,cupy_copy__complex64_complex64
1816232664,86047,8410,1,1,1,32,32,1,30,0.000,0.000,,,,,NVIDIA A100-SXM4-40GB (0),1,,13,"void convert_kernel<__half2, float2>(tensor_layout_any, T1 *, tensor_layout_any, const T2 *)"
1816349559,4320,8413,,,,,,,,,,0.061,14222.193,Pinned,Device,NVIDIA A100-SXM4-40GB (0),1,,13,[CUDA memcpy Host-to-Device]
1816362966,46624,8414,,,,,,,,,,35.801,767858.990,Device,,NVIDIA A100-SXM4-40GB (0),1,,13,[CUDA memset]
1816415638,1984,8416,,,,,,,,,,0.000,40.323,Pinned,Device,NVIDIA A100-SXM4-40GB (0),1,,13,[CUDA memcpy Host-to-Device]
1816419926,7232,8417,,,,,,,,,,0.131,18123.850,Pinned,Device,NVIDIA A100-SXM4-40GB (0),1,,13,[CUDA memcpy Host-to-Device]
1816437334,9215,8418,273,1,1,48,1,1,40,0.000,0.001,,,,,NVIDIA A100-SXM4-40GB (0),1,,13,"void pusch_noise_intf_est::noiseIntfEstNoDftSOfdmKernel<float, __half, float, float, (unsigned int)2, (unsigned int)1, (unsigned char)4, (unsigned char)4>(pusch_noise_intf_est::puschRxNoiseIntfEstDynDescr)"
1816447669,2976,8429,35,1,1,128,1,1,16,0.000,0.000,,,,,NVIDIA A100-SXM4-40GB (0),1,,13,cupy_copy__complex64_complex64
1816475893,1728,8438,1,1,1,1,1,1,18,0.000,0.000,,,,,NVIDIA A100-SXM4-40GB (0),1,,13,cupy_copy__float32_float32
1816510549,1824,8444,,,,,,,,,,0.000,2.193,Device,Pageable,NVIDIA A100-SXM4-40GB (0),1,,7,[CUDA memcpy Device-to-Host]
1816569204,16352,8455,1434,1,1,128,1,1,16,0.000,0.000,,,,,NVIDIA A100-SXM4-40GB (0),1,,13,cupy_copy__complex64_complex64
1816596724,2784,8462,103,1,1,128,1,1,16,0.000,0.000,,,,,NVIDIA A100-SXM4-40GB (0),1,,13,cupy_copy__complex64_complex64
1816619059,2336,8469,35,1,1,128,1,1,16,0.000,0.000,,,,,NVIDIA A100-SXM4-40GB (0),1,,13,cupy_copy__complex64_complex64
1816638099,1696,8476,1,1,1,1,1,1,18,0.000,0.000,,,,,NVIDIA A100-SXM4-40GB (0),1,,13,cupy_copy__float32_float32
1816773714,86591,8487,1,1,1,32,32,1,30,0.000,0.000,,,,,NVIDIA A100-SXM4-40GB (0),1,,13,"void convert_kernel<__half2, float2>(tensor_layout_any, T1 *, tensor_layout_any, const T2 *)"
1817028943,4352,8490,,,,,,,,,,0.061,14117.622,Pinned,Device,NVIDIA A100-SXM4-40GB (0),1,,13,[CUDA memcpy Host-to-Device]
1817038318,3616,8491,,,,,,,,,,1.547,427715.774,Device,,NVIDIA A100-SXM4-40GB (0),1,,13,[CUDA memset]
1817046798,2848,8496,,,,,,,,,,0.021,7393.246,Pinned,Device,NVIDIA A100-SXM4-40GB (0),1,,13,[CUDA memcpy Host-to-Device]
1817052334,6912,8497,,,,,,,,,,0.131,18962.842,Pinned,Device,NVIDIA A100-SXM4-40GB (0),1,,13,[CUDA memcpy Host-to-Device]
1817068974,6560,8498,273,1,1,8,4,1,39,0.002,0.000,,,,,NVIDIA A100-SXM4-40GB (0),1,,13,"void channel_eq::eqMmseCoefCompLowMimoKernel<float, float, float, (unsigned int)4, (unsigned int)1, (unsigned int)4>(const channel_eq::_puschRxChEqStatDescr *, channel_eq::_puschRxChEqCoefCompDynDescr)"
1817076878,5760,8499,273,1,1,12,11,1,40,0.002,0.000,,,,,NVIDIA A100-SXM4-40GB (0),1,,13,"void channel_eq::eqMmseSoftDemapKernel<float, __half, __half, float, (unsigned int)4, (unsigned short)16383>(channel_eq::_puschRxChEqStatDescr *, channel_eq::_puschRxChEqSoftDemapDynDescr)"
1817083790,307644,8500,1,1,1,32,32,1,30,0.000,0.000,,,,,NVIDIA A100-SXM4-40GB (0),1,,13,"void convert_kernel<float2, __half2>(tensor_layout_any, T1 *, tensor_layout_any, const T2 *)"
1817392586,13504,8512,2253,1,1,128,1,1,16,0.000,0.000,,,,,NVIDIA A100-SXM4-40GB (0),1,,13,cupy_copy__float16_float16
1817407178,2848,8521,282,1,1,128,1,1,16,0.000,0.000,,,,,NVIDIA A100-SXM4-40GB (0),1,,13,cupy_copy__complex64_complex64
1817411338,2048,8530,26,1,1,128,1,1,16,0.000,0.000,,,,,NVIDIA A100-SXM4-40GB (0),1,,13,cupy_copy__float32_float32
1817414730,3072,8539,103,1,1,128,1,1,16,0.000,0.000,,,,,NVIDIA A100-SXM4-40GB (0),1,,13,cupy_copy__complex64_complex64
1817419114,15360,8549,1434,1,1,128,1,1,16,0.000,0.000,,,,,NVIDIA A100-SXM4-40GB (0),1,,13,cupy_copy__complex64_complex64
1817534217,87871,8554,1,1,1,32,32,1,30,0.000,0.000,,,,,NVIDIA A100-SXM4-40GB (0),1,,13,"void convert_kernel<__half2, float2>(tensor_layout_any, T1 *, tensor_layout_any, const T2 *)"
1817652551,4352,8557,,,,,,,,,,0.061,14117.622,Pinned,Device,NVIDIA A100-SXM4-40GB (0),1,,13,[CUDA memcpy Host-to-Device]
1817663527,588025,8558,,,,,,,,,,456.520,776084.816,Device,,NVIDIA A100-SXM4-40GB (0),1,,13,[CUDA memset]
1818253696,32800,8563,,,,,,,,,,0.825,25162.263,Pinned,Device,NVIDIA A100-SXM4-40GB (0),1,,13,[CUDA memcpy Host-to-Device]
1818288800,7072,8564,,,,,,,,,,0.131,18533.843,Pinned,Device,NVIDIA A100-SXM4-40GB (0),1,,13,[CUDA memcpy Host-to-Device]
1818302847,8000,8565,69,4,1,48,1,1,76,0.002,0.000,,,,,NVIDIA A100-SXM4-40GB (0),1,,13,"void ch_est::windowedChEstPreNoDftSOfdmKernel<float, __half, float, (unsigned int)2, (unsigned int)1, (unsigned short)4>(ch_est::puschRxChEstStatDescr_t *, ch_est::puschRxChEstDynDescr_t *)"
1818312063,6656,8566,137,2,1,24,2,1,44,0.001,0.001,,,,,NVIDIA A100-SXM4-40GB (0),1,,13,"void ch_est::chEstFilterNoDftSOfdmDispatchKernel<float, __half, float, (unsigned int)2>(ch_est::puschRxChEstStatDescr_t *, ch_est::puschRxChEstDynDescr_t *)"
1818320031,5216,8567,137,2,1,24,2,1,44,0.001,0.001,,,,,NVIDIA A100-SXM4-40GB (0),1,,13,"void ch_est::chEstFilterNoDftSOfdmDispatchKernel<float, __half, float, (unsigned int)2>(ch_est::puschRxChEstStatDescr_t *, ch_est::puschRxChEstDynDescr_t *)"
1818326367,2592,8578,103,1,1,128,1,1,16,0.000,0.000,,,,,NVIDIA A100-SXM4-40GB (0),1,,13,cupy_copy__complex64_complex64
1818330047,16672,8588,1434,1,1,128,1,1,16,0.000,0.000,,,,,NVIDIA A100-SXM4-40GB (0),1,,13,cupy_copy__complex64_complex64
1818347807,2528,8595,103,1,1,128,1,1,16,0.000,0.000,,,,,NVIDIA A100-SXM4-40GB (0),1,,13,cupy_copy__complex64_complex64
1818351359,86239,8602,1,1,1,32,32,1,30,0.000,0.000,,,,,NVIDIA A100-SXM4-40GB (0),1,,13,"void convert_kernel<__half2, float2>(tensor_layout_any, T1 *, tensor_layout_any, const T2 *)"
1818465854,4320,8605,,,,,,,,,,0.061,14222.193,Pinned,Device,NVIDIA A100-SXM4-40GB (0),1,,13,[CUDA memcpy Host-to-Device]
1818478557,46720,8606,,,,,,,,,,35.801,766283.748,Device,,NVIDIA A100-SXM4-40GB (0),1,,13,[CUDA memset]
1818530141,2016,8608,,,,,,,,,,0.000,39.682,Pinned,Device,NVIDIA A100-SXM4-40GB (0),1,,13,[CUDA memcpy Host-to-Device]
1818534461,6880,8609,,,,,,,,,,0.131,19051.053,Pinned,Device,NVIDIA A100-SXM4-40GB (0),1,,13,[CUDA memcpy Host-to-Device]
1818545565,9152,8610,273,1,1,48,1,1,40,0.000,0.001,,,,,NVIDIA A100-SXM4-40GB (0),1,,13,"void pusch_noise_intf_est::noiseIntfEstNoDftSOfdmKernel<float, __half, float, float, (unsigned int)2, (unsigned int)1, (unsigned char)4, (unsigned char)4>(pusch_noise_intf_est::puschRxNoiseIntfEstDynDescr)"
1818555772,2848,8621,35,1,1,128,1,1,16,0.000,0.000,,,,,NVIDIA A100-SXM4-40GB (0),1,,13,cupy_copy__complex64_complex64
1818587260,1728,8630,1,1,1,1,1,1,18,0.000,0.000,,,,,NVIDIA A100-SXM4-40GB (0),1,,13,cupy_copy__float32_float32
1818622300,1824,8636,,,,,,,,,,0.000,2.193,Device,Pageable,NVIDIA A100-SXM4-40GB (0),1,,7,[CUDA memcpy Device-to-Host]
1818680507,16736,8647,1434,1,1,128,1,1,16,0.000,0.000,,,,,NVIDIA A100-SXM4-40GB (0),1,,13,cupy_copy__complex64_complex64
1818707003,2784,8654,103,1,1,128,1,1,16,0.000,0.000,,,,,NVIDIA A100-SXM4-40GB (0),1,,13,cupy_copy__complex64_complex64
1818727802,2272,8661,35,1,1,128,1,1,16,0.000,0.000,,,,,NVIDIA A100-SXM4-40GB (0),1,,13,cupy_copy__complex64_complex64
1818746394,1664,8668,1,1,1,1,1,1,18,0.000,0.000,,,,,NVIDIA A100-SXM4-40GB (0),1,,13,cupy_copy__float32_float32
1818880153,86847,8679,1,1,1,32,32,1,30,0.000,0.000,,,,,NVIDIA A100-SXM4-40GB (0),1,,13,"void convert_kernel<__half2, float2>(tensor_layout_any, T1 *, tensor_layout_any, const T2 *)"
1818994359,4288,8682,,,,,,,,,,0.061,14328.300,Pinned,Device,NVIDIA A100-SXM4-40GB (0),1,,13,[CUDA memcpy Host-to-Device]
1819008503,3584,8683,,,,,,,,,,1.547,431534.389,Device,,NVIDIA A100-SXM4-40GB (0),1,,13,[CUDA memset]
1819014935,2816,8688,,,,,,,,,,0.021,7477.259,Pinned,Device,NVIDIA A100-SXM4-40GB (0),1,,13,[CUDA memcpy Host-to-Device]
1819020055,7488,8689,,,,,,,,,,0.131,17504.272,Pinned,Device,NVIDIA A100-SXM4-40GB (0),1,,13,[CUDA memcpy Host-to-Device]
1819032823,6720,8690,273,1,1,8,4,1,39,0.002,0.000,,,,,NVIDIA A100-SXM4-40GB (0),1,,13,"void channel_eq::eqMmseCoefCompLowMimoKernel<float, float, float, (unsigned int)4, (unsigned int)1, (unsigned int)4>(const channel_eq::_puschRxChEqStatDescr *, channel_eq::_puschRxChEqCoefCompDynDescr)"
1819040631,5696,8691,273,1,1,12,11,1,40,0.002,0.000,,,,,NVIDIA A100-SXM4-40GB (0),1,,13,"void channel_eq::eqMmseSoftDemapKernel<float, __half, __half, float, (unsigned int)4, (unsigned short)16383>(channel_eq::_puschRxChEqStatDescr *, channel_eq::_puschRxChEqSoftDemapDynDescr)"
1819047447,307484,8692,1,1,1,32,32,1,30,0.000,0.000,,,,,NVIDIA A100-SXM4-40GB (0),1,,13,"void convert_kernel<float2, __half2>(tensor_layout_any, T1 *, tensor_layout_any, const T2 *)"
1819355987,13568,8704,2253,1,1,128,1,1,16,0.000,0.000,,,,,NVIDIA A100-SXM4-40GB (0),1,,13,cupy_copy__float16_float16
1819370611,2912,8713,282,1,1,128,1,1,16,0.000,0.000,,,,,NVIDIA A100-SXM4-40GB (0),1,,13,cupy_copy__complex64_complex64
1819374675,2048,8722,26,1,1,128,1,1,16,0.000,0.000,,,,,NVIDIA A100-SXM4-40GB (0),1,,13,cupy_copy__float32_float32
1819378067,3040,8731,103,1,1,128,1,1,16,0.000,0.000,,,,,NVIDIA A100-SXM4-40GB (0),1,,13,cupy_copy__complex64_complex64
1819382419,15488,8741,1434,1,1,128,1,1,16,0.000,0.000,,,,,NVIDIA A100-SXM4-40GB (0),1,,13,cupy_copy__complex64_complex64
1819398931,86622,8746,1,1,1,32,32,1,30,0.000,0.000,,,,,NVIDIA A100-SXM4-40GB (0),1,,13,"void convert_kernel<__half2, float2>(tensor_layout_any, T1 *, tensor_layout_any, const T2 *)"
1819513265,4320,8749,,,,,,,,,,0.061,14222.193,Pinned,Device,NVIDIA A100-SXM4-40GB (0),1,,13,[CUDA memcpy Host-to-Device]
1819524113,587929,8750,,,,,,,,,,456.520,776084.816,Device,,NVIDIA A100-SXM4-40GB (0),1,,13,[CUDA memset]
1820114282,32832,8755,,,,,,,,,,0.825,25138.328,Pinned,Device,NVIDIA A100-SXM4-40GB (0),1,,13,[CUDA memcpy Host-to-Device]
1820149418,7200,8756,,,,,,,,,,0.131,18204.328,Pinned,Device,NVIDIA A100-SXM4-40GB (0),1,,13,[CUDA memcpy Host-to-Device]
1820164489,7808,8757,69,4,1,48,1,1,76,0.002,0.000,,,,,NVIDIA A100-SXM4-40GB (0),1,,13,"void ch_est::windowedChEstPreNoDftSOfdmKernel<float, __half, float, (unsigned int)2, (unsigned int)1, (unsigned short)4>(ch_est::puschRxChEstStatDescr_t *, ch_est::puschRxChEstDynDescr_t *)"
1820173417,6944,8758,137,2,1,24,2,1,44,0.001,0.001,,,,,NVIDIA A100-SXM4-40GB (0),1,,13,"void ch_est::chEstFilterNoDftSOfdmDispatchKernel<float, __half, float, (unsigned int)2>(ch_est::puschRxChEstStatDescr_t *, ch_est::puschRxChEstDynDescr_t *)"
1820181449,5216,8759,137,2,1,24,2,1,44,0.001,0.001,,,,,NVIDIA A100-SXM4-40GB (0),1,,13,"void ch_est::chEstFilterNoDftSOfdmDispatchKernel<float, __half, float, (unsigned int)2>(ch_est::puschRxChEstStatDescr_t *, ch_est::puschRxChEstDynDescr_t *)"
1820187753,2624,8770,103,1,1,128,1,1,16,0.000,0.000,,,,,NVIDIA A100-SXM4-40GB (0),1,,13,cupy_copy__complex64_complex64
1820191529,16416,8780,1434,1,1,128,1,1,16,0.000,0.000,,,,,NVIDIA A100-SXM4-40GB (0),1,,13,cupy_copy__complex64_complex64
1820209289,2528,8787,103,1,1,128,1,1,16,0.000,0.000,,,,,NVIDIA A100-SXM4-40GB (0),1,,13,cupy_copy__complex64_complex64
1820213161,86751,8794,1,1,1,32,32,1,30,0.000,0.000,,,,,NVIDIA A100-SXM4-40GB (0),1,,13,"void convert_kernel<__half2, float2>(tensor_layout_any, T1 *, tensor_layout_any, const T2 *)"
1820329096,4543,8797,,,,,,,,,,0.061,13524.050,Pinned,Device,NVIDIA A100-SXM4-40GB (0),1,,13,[CUDA memcpy Host-to-Device]
1820341415,46720,8798,,,,,,,,,,35.801,766283.748,Device,,NVIDIA A100-SXM4-40GB (0),1,,13,[CUDA memset]
1820392807,2112,8800,,,,,,,,,,0.000,37.879,Pinned,Device,NVIDIA A100-SXM4-40GB (0),1,,13,[CUDA memcpy Host-to-Device]
1820397223,7008,8801,,,,,,,,,,0.131,18703.188,Pinned,Device,NVIDIA A100-SXM4-40GB (0),1,,13,[CUDA memcpy Host-to-Device]
1820410919,9279,8802,273,1,1,48,1,1,40,0.000,0.001,,,,,NVIDIA A100-SXM4-40GB (0),1,,13,"void pusch_noise_intf_est::noiseIntfEstNoDftSOfdmKernel<float, __half, float, float, (unsigned int)2, (unsigned int)1, (unsigned char)4, (unsigned char)4>(pusch_noise_intf_est::puschRxNoiseIntfEstDynDescr)"
1820421318,2912,8813,35,1,1,128,1,1,16,0.000,0.000,,,,,NVIDIA A100-SXM4-40GB (0),1,,13,cupy_copy__complex64_complex64
1820448230,1760,8822,1,1,1,1,1,1,18,0.000,0.000,,,,,NVIDIA A100-SXM4-40GB (0),1,,13,cupy_copy__float32_float32
1820481350,1760,8828,,,,,,,,,,0.000,2.273,Device,Pageable,NVIDIA A100-SXM4-40GB (0),1,,7,[CUDA memcpy Device-to-Host]
1820539333,16512,8839,1434,1,1,128,1,1,16,0.000,0.000,,,,,NVIDIA A100-SXM4-40GB (0),1,,13,cupy_copy__complex64_complex64
1820565733,2784,8846,103,1,1,128,1,1,16,0.000,0.000,,,,,NVIDIA A100-SXM4-40GB (0),1,,13,cupy_copy__complex64_complex64
1820586084,2336,8853,35,1,1,128,1,1,16,0.000,0.000,,,,,NVIDIA A100-SXM4-40GB (0),1,,13,cupy_copy__complex64_complex64
1820604228,1696,8860,1,1,1,1,1,1,18,0.000,0.000,,,,,NVIDIA A100-SXM4-40GB (0),1,,13,cupy_copy__float32_float32
1820737379,86879,8871,1,1,1,32,32,1,30,0.000,0.000,,,,,NVIDIA A100-SXM4-40GB (0),1,,13,"void convert_kernel<__half2, float2>(tensor_layout_any, T1 *, tensor_layout_any, const T2 *)"
1820992768,4288,8874,,,,,,,,,,0.061,14328.300,Pinned,Device,NVIDIA A100-SXM4-40GB (0),1,,13,[CUDA memcpy Host-to-Device]
1821003648,3583,8875,,,,,,,,,,1.547,431655.025,Device,,NVIDIA A100-SXM4-40GB (0),1,,13,[CUDA memset]
1821010335,3104,8880,,,,,,,,,,0.021,6783.485,Pinned,Device,NVIDIA A100-SXM4-40GB (0),1,,13,[CUDA memcpy Host-to-Device]
1821015743,7008,8881,,,,,,,,,,0.131,18703.188,Pinned,Device,NVIDIA A100-SXM4-40GB (0),1,,13,[CUDA memcpy Host-to-Device]
1821026687,6624,8882,273,1,1,8,4,1,39,0.002,0.000,,,,,NVIDIA A100-SXM4-40GB (0),1,,13,"void channel_eq::eqMmseCoefCompLowMimoKernel<float, float, float, (unsigned int)4, (unsigned int)1, (unsigned int)4>(const channel_eq::_puschRxChEqStatDescr *, channel_eq::_puschRxChEqCoefCompDynDescr)"
1821034527,5984,8883,273,1,1,12,11,1,40,0.002,0.000,,,,,NVIDIA A100-SXM4-40GB (0),1,,13,"void channel_eq::eqMmseSoftDemapKernel<float, __half, __half, float, (unsigned int)4, (unsigned short)16383>(channel_eq::_puschRxChEqStatDescr *, channel_eq::_puschRxChEqSoftDemapDynDescr)"
1821041535,307516,8884,1,1,1,32,32,1,30,0.000,0.000,,,,,NVIDIA A100-SXM4-40GB (0),1,,13,"void convert_kernel<float2, __half2>(tensor_layout_any, T1 *, tensor_layout_any, const T2 *)"
1821350267,13632,8896,2253,1,1,128,1,1,16,0.000,0.000,,,,,NVIDIA A100-SXM4-40GB (0),1,,13,cupy_copy__float16_float16
1821365083,2848,8905,282,1,1,128,1,1,16,0.000,0.000,,,,,NVIDIA A100-SXM4-40GB (0),1,,13,cupy_copy__complex64_complex64
1821369243,2048,8914,26,1,1,128,1,1,16,0.000,0.000,,,,,NVIDIA A100-SXM4-40GB (0),1,,13,cupy_copy__float32_float32
1821372315,3072,8923,103,1,1,128,1,1,16,0.000,0.000,,,,,NVIDIA A100-SXM4-40GB (0),1,,13,cupy_copy__complex64_complex64
1821376731,15424,8933,1434,1,1,128,1,1,16,0.000,0.000,,,,,NVIDIA A100-SXM4-40GB (0),1,,13,cupy_copy__complex64_complex64
1821501562,86687,8938,1,1,1,32,32,1,30,0.000,0.000,,,,,NVIDIA A100-SXM4-40GB (0),1,,13,"void convert_kernel<__half2, float2>(tensor_layout_any, T1 *, tensor_layout_any, const T2 *)"
1821618104,4288,8941,,,,,,,,,,0.061,14328.300,Pinned,Device,NVIDIA A100-SXM4-40GB (0),1,,13,[CUDA memcpy Host-to-Device]
1821630072,588089,8942,,,,,,,,,,456.520,776084.816,Device,,NVIDIA A100-SXM4-40GB (0),1,,13,[CUDA memset]
1822218929,32800,8947,,,,,,,,,,0.825,25162.263,Pinned,Device,NVIDIA A100-SXM4-40GB (0),1,,13,[CUDA memcpy Host-to-Device]
1822254033,6880,8948,,,,,,,,,,0.131,19051.053,Pinned,Device,NVIDIA A100-SXM4-40GB (0),1,,13,[CUDA memcpy Host-to-Device]
1822270833,7871,8949,69,4,1,48,1,1,76,0.002,0.000,,,,,NVIDIA A100-SXM4-40GB (0),1,,13,"void ch_est::windowedChEstPreNoDftSOfdmKernel<float, __half, float, (unsigned int)2, (unsigned int)1, (unsigned short)4>(ch_est::puschRxChEstStatDescr_t *, ch_est::puschRxChEstDynDescr_t *)"
1822279888,6816,8950,137,2,1,24,2,1,44,0.001,0.001,,,,,NVIDIA A100-SXM4-40GB (0),1,,13,"void ch_est::chEstFilterNoDftSOfdmDispatchKernel<float, __half, float, (unsigned int)2>(ch_est::puschRxChEstStatDescr_t *, ch_est::puschRxChEstDynDescr_t *)"
1822287792,5184,8951,137,2,1,24,2,1,44,0.001,0.001,,,,,NVIDIA A100-SXM4-40GB (0),1,,13,"void ch_est::chEstFilterNoDftSOfdmDispatchKernel<float, __half, float, (unsigned int)2>(ch_est::puschRxChEstStatDescr_t *, ch_est::puschRxChEstDynDescr_t *)"
1822294096,2592,8962,103,1,1,128,1,1,16,0.000,0.000,,,,,NVIDIA A100-SXM4-40GB (0),1,,13,cupy_copy__complex64_complex64
1822297872,16608,8972,1434,1,1,128,1,1,16,0.000,0.000,,,,,NVIDIA A100-SXM4-40GB (0),1,,13,cupy_copy__complex64_complex64
1822315664,2528,8979,103,1,1,128,1,1,16,0.000,0.000,,,,,NVIDIA A100-SXM4-40GB (0),1,,13,cupy_copy__complex64_complex64
1822319376,86463,8986,1,1,1,32,32,1,30,0.000,0.000,,,,,NVIDIA A100-SXM4-40GB (0),1,,13,"void convert_kernel<__half2, float2>(tensor_layout_any, T1 *, tensor_layout_any, const T2 *)"
1822571341,4640,8989,,,,,,,,,,0.061,13241.364,Pinned,Device,NVIDIA A100-SXM4-40GB (0),1,,13,[CUDA memcpy Host-to-Device]
1822587245,46783,8990,,,,,,,,,,35.801,765245.520,Device,,NVIDIA A100-SXM4-40GB (0),1,,13,[CUDA memset]
1822636044,1984,8992,,,,,,,,,,0.000,40.323,Pinned,Device,NVIDIA A100-SXM4-40GB (0),1,,13,[CUDA memcpy Host-to-Device]
1822640332,6976,8993,,,,,,,,,,0.131,18788.909,Pinned,Device,NVIDIA A100-SXM4-40GB (0),1,,13,[CUDA memcpy Host-to-Device]
1822651756,9760,8994,273,1,1,48,1,1,40,0.000,0.001,,,,,NVIDIA A100-SXM4-40GB (0),1,,13,"void pusch_noise_intf_est::noiseIntfEstNoDftSOfdmKernel<float, __half, float, float, (unsigned int)2, (unsigned int)1, (unsigned char)4, (unsigned char)4>(pusch_noise_intf_est::puschRxNoiseIntfEstDynDescr)"
1822662860,2880,9005,35,1,1,128,1,1,16,0.000,0.000,,,,,NVIDIA A100-SXM4-40GB (0),1,,13,cupy_copy__complex64_complex64
1822671724,1760,9014,1,1,1,1,1,1,18,0.000,0.000,,,,,NVIDIA A100-SXM4-40GB (0),1,,13,cupy_copy__float32_float32
1822706507,1824,9020,,,,,,,,,,0.000,2.193,Device,Pageable,NVIDIA A100-SXM4-40GB (0),1,,7,[CUDA memcpy Device-to-Host]
1822764555,16544,9031,1434,1,1,128,1,1,16,0.000,0.000,,,,,NVIDIA A100-SXM4-40GB (0),1,,13,cupy_copy__complex64_complex64
1822791082,2816,9038,103,1,1,128,1,1,16,0.000,0.000,,,,,NVIDIA A100-SXM4-40GB (0),1,,13,cupy_copy__complex64_complex64
1822811978,2304,9045,35,1,1,128,1,1,16,0.000,0.000,,,,,NVIDIA A100-SXM4-40GB (0),1,,13,cupy_copy__complex64_complex64
1822830922,1664,9052,1,1,1,1,1,1,18,0.000,0.000,,,,,NVIDIA A100-SXM4-40GB (0),1,,13,cupy_copy__float32_float32
1823095335,87487,9063,1,1,1,32,32,1,30,0.000,0.000,,,,,NVIDIA A100-SXM4-40GB (0),1,,13,"void convert_kernel<__half2, float2>(tensor_layout_any, T1 *, tensor_layout_any, const T2 *)"
1823214565,4320,9066,,,,,,,,,,0.061,14222.193,Pinned,Device,NVIDIA A100-SXM4-40GB (0),1,,13,[CUDA memcpy Host-to-Device]
1823230149,3584,9067,,,,,,,,,,1.547,431534.389,Device,,NVIDIA A100-SXM4-40GB (0),1,,13,[CUDA memset]
1823236677,2816,9072,,,,,,,,,,0.021,7477.259,Pinned,Device,NVIDIA A100-SXM4-40GB (0),1,,13,[CUDA memcpy Host-to-Device]
1823241797,6976,9073,,,,,,,,,,0.131,18788.909,Pinned,Device,NVIDIA A100-SXM4-40GB (0),1,,13,[CUDA memcpy Host-to-Device]
1823253797,6560,9074,273,1,1,8,4,1,39,0.002,0.000,,,,,NVIDIA A100-SXM4-40GB (0),1,,13,"void channel_eq::eqMmseCoefCompLowMimoKernel<float, float, float, (unsigned int)4, (unsigned int)1, (unsigned int)4>(const channel_eq::_puschRxChEqStatDescr *, channel_eq::_puschRxChEqCoefCompDynDescr)"
1823261445,5728,9075,273,1,1,12,11,1,40,0.002,0.000,,,,,NVIDIA A100-SXM4-40GB (0),1,,13,"void channel_eq::eqMmseSoftDemapKernel<float, __half, __half, float, (unsigned int)4, (unsigned short)16383>(channel_eq::_puschRxChEqStatDescr *, channel_eq::_puschRxChEqSoftDemapDynDescr)"
1823268229,307836,9076,1,1,1,32,32,1,30,0.000,0.000,,,,,NVIDIA A100-SXM4-40GB (0),1,,13,"void convert_kernel<float2, __half2>(tensor_layout_any, T1 *, tensor_layout_any, const T2 *)"
1823577185,13984,9088,2253,1,1,128,1,1,16,0.000,0.000,,,,,NVIDIA A100-SXM4-40GB (0),1,,13,cupy_copy__float16_float16
1823592321,2880,9097,282,1,1,128,1,1,16,0.000,0.000,,,,,NVIDIA A100-SXM4-40GB (0),1,,13,cupy_copy__complex64_complex64
1823596353,2048,9106,26,1,1,128,1,1,16,0.000,0.000,,,,,NVIDIA A100-SXM4-40GB (0),1,,13,cupy_copy__float32_float32
1823599425,3040,9115,103,1,1,128,1,1,16,0.000,0.000,,,,,NVIDIA A100-SXM4-40GB (0),1,,13,cupy_copy__complex64_complex64
1823603521,15456,9125,1434,1,1,128,1,1,16,0.000,0.000,,,,,NVIDIA A100-SXM4-40GB (0),1,,13,cupy_copy__complex64_complex64
1823620193,87199,9130,1,1,1,32,32,1,30,0.000,0.000,,,,,NVIDIA A100-SXM4-40GB (0),1,,13,"void convert_kernel<__half2, float2>(tensor_layout_any, T1 *, tensor_layout_any, const T2 *)"
1823734783,4288,9133,,,,,,,,,,0.061,14328.300,Pinned,Device,NVIDIA A100-SXM4-40GB (0),1,,13,[CUDA memcpy Host-to-Device]
1823745663,587513,9134,,,,,,,,,,456.520,776997.857,Device,,NVIDIA A100-SXM4-40GB (0),1,,13,[CUDA memset]
1824334456,32832,9139,,,,,,,,,,0.825,25138.328,Pinned,Device,NVIDIA A100-SXM4-40GB (0),1,,13,[CUDA memcpy Host-to-Device]
1824369592,6912,9140,,,,,,,,,,0.131,18962.842,Pinned,Device,NVIDIA A100-SXM4-40GB (0),1,,13,[CUDA memcpy Host-to-Device]
1824385368,7807,9141,69,4,1,48,1,1,76,0.002,0.000,,,,,NVIDIA A100-SXM4-40GB (0),1,,13,"void ch_est::windowedChEstPreNoDftSOfdmKernel<float, __half, float, (unsigned int)2, (unsigned int)1, (unsigned short)4>(ch_est::puschRxChEstStatDescr_t *, ch_est::puschRxChEstDynDescr_t *)"
1824394359,7040,9142,137,2,1,24,2,1,44,0.001,0.001,,,,,NVIDIA A100-SXM4-40GB (0),1,,13,"void ch_est::chEstFilterNoDftSOfdmDispatchKernel<float, __half, float, (unsigned int)2>(ch_est::puschRxChEstStatDescr_t *, ch_est::puschRxChEstDynDescr_t *)"
1824402711,5184,9143,137,2,1,24,2,1,44,0.001,0.001,,,,,NVIDIA A100-SXM4-40GB (0),1,,13,"void ch_est::chEstFilterNoDftSOfdmDispatchKernel<float, __half, float, (unsigned int)2>(ch_est::puschRxChEstStatDescr_t *, ch_est::puschRxChEstDynDescr_t *)"
1824409239,2624,9154,103,1,1,128,1,1,16,0.000,0.000,,,,,NVIDIA A100-SXM4-40GB (0),1,,13,cupy_copy__complex64_complex64
1824413015,16576,9164,1434,1,1,128,1,1,16,0.000,0.000,,,,,NVIDIA A100-SXM4-40GB (0),1,,13,cupy_copy__complex64_complex64
1824430743,2560,9171,103,1,1,128,1,1,16,0.000,0.000,,,,,NVIDIA A100-SXM4-40GB (0),1,,13,cupy_copy__complex64_complex64
1824434647,85887,9178,1,1,1,32,32,1,30,0.000,0.000,,,,,NVIDIA A100-SXM4-40GB (0),1,,13,"void convert_kernel<__half2, float2>(tensor_layout_any, T1 *, tensor_layout_any, const T2 *)"
1824547958,4320,9181,,,,,,,,,,0.061,14222.193,Pinned,Device,NVIDIA A100-SXM4-40GB (0),1,,13,[CUDA memcpy Host-to-Device]
1824560725,46528,9182,,,,,,,,,,35.801,769434.232,Device,,NVIDIA A100-SXM4-40GB (0),1,,13,[CUDA memset]
1824612629,2016,9184,,,,,,,,,,0.000,39.682,Pinned,Device,NVIDIA A100-SXM4-40GB (0),1,,13,[CUDA memcpy Host-to-Device]
1824616949,6880,9185,,,,,,,,,,0.131,19051.053,Pinned,Device,NVIDIA A100-SXM4-40GB (0),1,,13,[CUDA memcpy Host-to-Device]
1824630613,9216,9186,273,1,1,48,1,1,40,0.000,0.001,,,,,NVIDIA A100-SXM4-40GB (0),1,,13,"void pusch_noise_intf_est::noiseIntfEstNoDftSOfdmKernel<float, __half, float, float, (unsigned int)2, (unsigned int)1, (unsigned char)4, (unsigned char)4>(pusch_noise_intf_est::puschRxNoiseIntfEstDynDescr)"
1824640885,2911,9197,35,1,1,128,1,1,16,0.000,0.000,,,,,NVIDIA A100-SXM4-40GB (0),1,,13,cupy_copy__complex64_complex64
1824668820,1760,9206,1,1,1,1,1,1,18,0.000,0.000,,,,,NVIDIA A100-SXM4-40GB (0),1,,13,cupy_copy__float32_float32
1824703828,1824,9212,,,,,,,,,,0.000,2.193,Device,Pageable,NVIDIA A100-SXM4-40GB (0),1,,7,[CUDA memcpy Device-to-Host]
1824762419,16224,9223,1434,1,1,128,1,1,16,0.000,0.000,,,,,NVIDIA A100-SXM4-40GB (0),1,,13,cupy_copy__complex64_complex64
1824789299,2784,9230,103,1,1,128,1,1,16,0.000,0.000,,,,,NVIDIA A100-SXM4-40GB (0),1,,13,cupy_copy__complex64_complex64
1824810098,2336,9237,35,1,1,128,1,1,16,0.000,0.000,,,,,NVIDIA A100-SXM4-40GB (0),1,,13,cupy_copy__complex64_complex64
1824827858,1696,9244,1,1,1,1,1,1,18,0.000,0.000,,,,,NVIDIA A100-SXM4-40GB (0),1,,13,cupy_copy__float32_float32
1824960561,87071,9255,1,1,1,32,32,1,30,0.000,0.000,,,,,NVIDIA A100-SXM4-40GB (0),1,,13,"void convert_kernel<__half2, float2>(tensor_layout_any, T1 *, tensor_layout_any, const T2 *)"
1825075695,4320,9258,,,,,,,,,,0.061,14222.193,Pinned,Device,NVIDIA A100-SXM4-40GB (0),1,,13,[CUDA memcpy Host-to-Device]
1825089839,3616,9259,,,,,,,,,,1.547,427715.774,Device,,NVIDIA A100-SXM4-40GB (0),1,,13,[CUDA memset]
1825096399,2816,9264,,,,,,,,,,0.021,7477.259,Pinned,Device,NVIDIA A100-SXM4-40GB (0),1,,13,[CUDA memcpy Host-to-Device]
1825101519,6976,9265,,,,,,,,,,0.131,18788.909,Pinned,Device,NVIDIA A100-SXM4-40GB (0),1,,13,[CUDA memcpy Host-to-Device]
1825114223,6560,9266,273,1,1,8,4,1,39,0.002,0.000,,,,,NVIDIA A100-SXM4-40GB (0),1,,13,"void channel_eq::eqMmseCoefCompLowMimoKernel<float, float, float, (unsigned int)4, (unsigned int)1, (unsigned int)4>(const channel_eq::_puschRxChEqStatDescr *, channel_eq::_puschRxChEqCoefCompDynDescr)"
1825122127,5664,9267,273,1,1,12,11,1,40,0.002,0.000,,,,,NVIDIA A100-SXM4-40GB (0),1,,13,"void channel_eq::eqMmseSoftDemapKernel<float, __half, __half, float, (unsigned int)4, (unsigned short)16383>(channel_eq::_puschRxChEqStatDescr *, channel_eq::_puschRxChEqSoftDemapDynDescr)"
1825128879,307548,9268,1,1,1,32,32,1,30,0.000,0.000,,,,,NVIDIA A100-SXM4-40GB (0),1,,13,"void convert_kernel<float2, __half2>(tensor_layout_any, T1 *, tensor_layout_any, const T2 *)"
1825437515,13408,9280,2253,1,1,128,1,1,16,0.000,0.000,,,,,NVIDIA A100-SXM4-40GB (0),1,,13,cupy_copy__float16_float16
1825452139,2848,9289,282,1,1,128,1,1,16,0.000,0.000,,,,,NVIDIA A100-SXM4-40GB (0),1,,13,cupy_copy__complex64_complex64
1825456171,2048,9298,26,1,1,128,1,1,16,0.000,0.000,,,,,NVIDIA A100-SXM4-40GB (0),1,,13,cupy_copy__float32_float32
1825459243,3104,9307,103,1,1,128,1,1,16,0.000,0.000,,,,,NVIDIA A100-SXM4-40GB (0),1,,13,cupy_copy__complex64_complex64
1825463563,15424,9317,1434,1,1,128,1,1,16,0.000,0.000,,,,,NVIDIA A100-SXM4-40GB (0),1,,13,cupy_copy__complex64_complex64
1825480139,87007,9322,1,1,1,32,32,1,30,0.000,0.000,,,,,NVIDIA A100-SXM4-40GB (0),1,,13,"void convert_kernel<__half2, float2>(tensor_layout_any, T1 *, tensor_layout_any, const T2 *)"
1825594505,4320,9325,,,,,,,,,,0.061,14222.193,Pinned,Device,NVIDIA A100-SXM4-40GB (0),1,,13,[CUDA memcpy Host-to-Device]
1825604713,588025,9326,,,,,,,,,,456.520,776084.816,Device,,NVIDIA A100-SXM4-40GB (0),1,,13,[CUDA memset]
1826194402,33024,9331,,,,,,,,,,0.825,24992.242,Pinned,Device,NVIDIA A100-SXM4-40GB (0),1,,13,[CUDA memcpy Host-to-Device]
1826229730,6976,9332,,,,,,,,,,0.131,18788.909,Pinned,Device,NVIDIA A100-SXM4-40GB (0),1,,13,[CUDA memcpy Host-to-Device]
1826240738,7935,9333,69,4,1,48,1,1,76,0.002,0.000,,,,,NVIDIA A100-SXM4-40GB (0),1,,13,"void ch_est::windowedChEstPreNoDftSOfdmKernel<float, __half, float, (unsigned int)2, (unsigned int)1, (unsigned short)4>(ch_est::puschRxChEstStatDescr_t *, ch_est::puschRxChEstDynDescr_t *)"
1826249825,6720,9334,137,2,1,24,2,1,44,0.001,0.001,,,,,NVIDIA A100-SXM4-40GB (0),1,,13,"void ch_est::chEstFilterNoDftSOfdmDispatchKernel<float, __half, float, (unsigned int)2>(ch_est::puschRxChEstStatDescr_t *, ch_est::puschRxChEstDynDescr_t *)"
1826257601,5184,9335,137,2,1,24,2,1,44,0.001,0.001,,,,,NVIDIA A100-SXM4-40GB (0),1,,13,"void ch_est::chEstFilterNoDftSOfdmDispatchKernel<float, __half, float, (unsigned int)2>(ch_est::puschRxChEstStatDescr_t *, ch_est::puschRxChEstDynDescr_t *)"
1826263873,2624,9346,103,1,1,128,1,1,16,0.000,0.000,,,,,NVIDIA A100-SXM4-40GB (0),1,,13,cupy_copy__complex64_complex64
1826267681,16448,9356,1434,1,1,128,1,1,16,0.000,0.000,,,,,NVIDIA A100-SXM4-40GB (0),1,,13,cupy_copy__complex64_complex64
1826285185,2560,9363,103,1,1,128,1,1,16,0.000,0.000,,,,,NVIDIA A100-SXM4-40GB (0),1,,13,cupy_copy__complex64_complex64
1826289057,86975,9370,1,1,1,32,32,1,30,0.000,0.000,,,,,NVIDIA A100-SXM4-40GB (0),1,,13,"void convert_kernel<__half2, float2>(tensor_layout_any, T1 *, tensor_layout_any, const T2 *)"
1826543870,4288,9373,,,,,,,,,,0.061,14328.300,Pinned,Device,NVIDIA A100-SXM4-40GB (0),1,,13,[CUDA memcpy Host-to-Device]
1826552894,46879,9374,,,,,,,,,,35.801,763670.278,Device,,NVIDIA A100-SXM4-40GB (0),1,,13,[CUDA memset]
1826600221,1984,9376,,,,,,,,,,0.000,40.323,Pinned,Device,NVIDIA A100-SXM4-40GB (0),1,,13,[CUDA memcpy Host-to-Device]
1826604509,6912,9377,,,,,,,,,,0.131,18962.842,Pinned,Device,NVIDIA A100-SXM4-40GB (0),1,,13,[CUDA memcpy Host-to-Device]
1826617405,9632,9378,273,1,1,48,1,1,40,0.000,0.001,,,,,NVIDIA A100-SXM4-40GB (0),1,,13,"void pusch_noise_intf_est::noiseIntfEstNoDftSOfdmKernel<float, __half, float, float, (unsigned int)2, (unsigned int)1, (unsigned char)4, (unsigned char)4>(pusch_noise_intf_est::puschRxNoiseIntfEstDynDescr)"
1826628189,2880,9389,35,1,1,128,1,1,16,0.000,0.000,,,,,NVIDIA A100-SXM4-40GB (0),1,,13,cupy_copy__complex64_complex64
1826644733,1728,9398,1,1,1,1,1,1,18,0.000,0.000,,,,,NVIDIA A100-SXM4-40GB (0),1,,13,cupy_copy__float32_float32
1826678748,1824,9404,,,,,,,,,,0.000,2.193,Device,Pageable,NVIDIA A100-SXM4-40GB (0),1,,7,[CUDA memcpy Device-to-Host]
1826736892,16480,9415,1434,1,1,128,1,1,16,0.000,0.000,,,,,NVIDIA A100-SXM4-40GB (0),1,,13,cupy_copy__complex64_complex64
1826763963,2784,9422,103,1,1,128,1,1,16,0.000,0.000,,,,,NVIDIA A100-SXM4-40GB (0),1,,13,cupy_copy__complex64_complex64
1826784507,2336,9429,35,1,1,128,1,1,16,0.000,0.000,,,,,NVIDIA A100-SXM4-40GB (0),1,,13,cupy_copy__complex64_complex64
1826803259,1664,9436,1,1,1,1,1,1,18,0.000,0.000,,,,,NVIDIA A100-SXM4-40GB (0),1,,13,cupy_copy__float32_float32
1827069176,87839,9447,1,1,1,32,32,1,30,0.000,0.000,,,,,NVIDIA A100-SXM4-40GB (0),1,,13,"void convert_kernel<__half2, float2>(tensor_layout_any, T1 *, tensor_layout_any, const T2 *)"
1827187702,4320,9450,,,,,,,,,,0.061,14222.193,Pinned,Device,NVIDIA A100-SXM4-40GB (0),1,,13,[CUDA memcpy Host-to-Device]
1827203062,3584,9451,,,,,,,,,,1.547,431534.389,Device,,NVIDIA A100-SXM4-40GB (0),1,,13,[CUDA memset]
1827209622,3008,9456,,,,,,,,,,0.021,6999.983,Pinned,Device,NVIDIA A100-SXM4-40GB (0),1,,13,[CUDA memcpy Host-to-Device]
1827214934,6976,9457,,,,,,,,,,0.131,18788.909,Pinned,Device,NVIDIA A100-SXM4-40GB (0),1,,13,[CUDA memcpy Host-to-Device]
1827226198,6560,9458,273,1,1,8,4,1,39,0.002,0.000,,,,,NVIDIA A100-SXM4-40GB (0),1,,13,"void channel_eq::eqMmseCoefCompLowMimoKernel<float, float, float, (unsigned int)4, (unsigned int)1, (unsigned int)4>(const channel_eq::_puschRxChEqStatDescr *, channel_eq::_puschRxChEqCoefCompDynDescr)"
1827234102,5824,9459,273,1,1,12,11,1,40,0.002,0.000,,,,,NVIDIA A100-SXM4-40GB (0),1,,13,"void channel_eq::eqMmseSoftDemapKernel<float, __half, __half, float, (unsigned int)4, (unsigned short)16383>(channel_eq::_puschRxChEqStatDescr *, channel_eq::_puschRxChEqSoftDemapDynDescr)"
1827241142,307612,9460,1,1,1,32,32,1,30,0.000,0.000,,,,,NVIDIA A100-SXM4-40GB (0),1,,13,"void convert_kernel<float2, __half2>(tensor_layout_any, T1 *, tensor_layout_any, const T2 *)"
1827549810,13504,9472,2253,1,1,128,1,1,16,0.000,0.000,,,,,NVIDIA A100-SXM4-40GB (0),1,,13,cupy_copy__float16_float16
1827564402,2816,9481,282,1,1,128,1,1,16,0.000,0.000,,,,,NVIDIA A100-SXM4-40GB (0),1,,13,cupy_copy__complex64_complex64
1827568530,2048,9490,26,1,1,128,1,1,16,0.000,0.000,,,,,NVIDIA A100-SXM4-40GB (0),1,,13,cupy_copy__float32_float32
1827571602,3040,9499,103,1,1,128,1,1,16,0.000,0.000,,,,,NVIDIA A100-SXM4-40GB (0),1,,13,cupy_copy__complex64_complex64
1827575954,15456,9509,1434,1,1,128,1,1,16,0.000,0.000,,,,,NVIDIA A100-SXM4-40GB (0),1,,13,cupy_copy__complex64_complex64
1827592466,86847,9514,1,1,1,32,32,1,30,0.000,0.000,,,,,NVIDIA A100-SXM4-40GB (0),1,,13,"void convert_kernel<__half2, float2>(tensor_layout_any, T1 *, tensor_layout_any, const T2 *)"
1827844847,4288,9517,,,,,,,,,,0.061,14328.300,Pinned,Device,NVIDIA A100-SXM4-40GB (0),1,,13,[CUDA memcpy Host-to-Device]
1827859534,588153,9518,,,,,,,,,,456.520,776084.816,Device,,NVIDIA A100-SXM4-40GB (0),1,,13,[CUDA memset]
1828451591,32800,9523,,,,,,,,,,0.825,25162.263,Pinned,Device,NVIDIA A100-SXM4-40GB (0),1,,13,[CUDA memcpy Host-to-Device]
1828486695,6912,9524,,,,,,,,,,0.131,18962.842,Pinned,Device,NVIDIA A100-SXM4-40GB (0),1,,13,[CUDA memcpy Host-to-Device]
1828499751,8160,9525,69,4,1,48,1,1,76,0.002,0.000,,,,,NVIDIA A100-SXM4-40GB (0),1,,13,"void ch_est::windowedChEstPreNoDftSOfdmKernel<float, __half, float, (unsigned int)2, (unsigned int)1, (unsigned short)4>(ch_est::puschRxChEstStatDescr_t *, ch_est::puschRxChEstDynDescr_t *)"
1828508935,6848,9526,137,2,1,24,2,1,44,0.001,0.001,,,,,NVIDIA A100-SXM4-40GB (0),1,,13,"void ch_est::chEstFilterNoDftSOfdmDispatchKernel<float, __half, float, (unsigned int)2>(ch_est::puschRxChEstStatDescr_t *, ch_est::puschRxChEstDynDescr_t *)"
1828516999,5152,9527,137,2,1,24,2,1,44,0.001,0.001,,,,,NVIDIA A100-SXM4-40GB (0),1,,13,"void ch_est::chEstFilterNoDftSOfdmDispatchKernel<float, __half, float, (unsigned int)2>(ch_est::puschRxChEstStatDescr_t *, ch_est::puschRxChEstDynDescr_t *)"
1828523271,2624,9538,103,1,1,128,1,1,16,0.000,0.000,,,,,NVIDIA A100-SXM4-40GB (0),1,,13,cupy_copy__complex64_complex64
1828527079,16543,9548,1434,1,1,128,1,1,16,0.000,0.000,,,,,NVIDIA A100-SXM4-40GB (0),1,,13,cupy_copy__complex64_complex64
1828544710,2560,9555,103,1,1,128,1,1,16,0.000,0.000,,,,,NVIDIA A100-SXM4-40GB (0),1,,13,cupy_copy__complex64_complex64
1828548582,86111,9562,1,1,1,32,32,1,30,0.000,0.000,,,,,NVIDIA A100-SXM4-40GB (0),1,,13,"void convert_kernel<__half2, float2>(tensor_layout_any, T1 *, tensor_layout_any, const T2 *)"
1828665701,4320,9565,,,,,,,,,,0.061,14222.193,Pinned,Device,NVIDIA A100-SXM4-40GB (0),1,,13,[CUDA memcpy Host-to-Device]
1828678469,47007,9566,,,,,,,,,,35.801,761593.822,Device,,NVIDIA A100-SXM4-40GB (0),1,,13,[CUDA memset]
1828731108,2016,9568,,,,,,,,,,0.000,39.682,Pinned,Device,NVIDIA A100-SXM4-40GB (0),1,,13,[CUDA memcpy Host-to-Device]
1828735428,7136,9569,,,,,,,,,,0.131,18367.644,Pinned,Device,NVIDIA A100-SXM4-40GB (0),1,,13,[CUDA memcpy Host-to-Device]
1828753188,9504,9570,273,1,1,48,1,1,40,0.000,0.001,,,,,NVIDIA A100-SXM4-40GB (0),1,,13,"void pusch_noise_intf_est::noiseIntfEstNoDftSOfdmKernel<float, __half, float, float, (unsigned int)2, (unsigned int)1, (unsigned char)4, (unsigned char)4>(pusch_noise_intf_est::puschRxNoiseIntfEstDynDescr)"
1828763844,2912,9581,35,1,1,128,1,1,16,0.000,0.000,,,,,NVIDIA A100-SXM4-40GB (0),1,,13,cupy_copy__complex64_complex64
1828790723,1728,9590,1,1,1,1,1,1,18,0.000,0.000,,,,,NVIDIA A100-SXM4-40GB (0),1,,13,cupy_copy__float32_float32
1828826211,1824,9596,,,,,,,,,,0.000,2.193,Device,Pageable,NVIDIA A100-SXM4-40GB (0),1,,7,[CUDA memcpy Device-to-Host]
1828884770,16384,9607,1434,1,1,128,1,1,16,0.000,0.000,,,,,NVIDIA A100-SXM4-40GB (0),1,,13,cupy_copy__complex64_complex64
1828911394,2784,9614,103,1,1,128,1,1,16,0.000,0.000,,,,,NVIDIA A100-SXM4-40GB (0),1,,13,cupy_copy__complex64_complex64
1828933378,2336,9621,35,1,1,128,1,1,16,0.000,0.000,,,,,NVIDIA A100-SXM4-40GB (0),1,,13,cupy_copy__complex64_complex64
1828952001,1696,9628,1,1,1,1,1,1,18,0.000,0.000,,,,,NVIDIA A100-SXM4-40GB (0),1,,13,cupy_copy__float32_float32
1829086944,86783,9639,1,1,1,32,32,1,30,0.000,0.000,,,,,NVIDIA A100-SXM4-40GB (0),1,,13,"void convert_kernel<__half2, float2>(tensor_layout_any, T1 *, tensor_layout_any, const T2 *)"
1829202207,4319,9642,,,,,,,,,,0.061,14225.510,Pinned,Device,NVIDIA A100-SXM4-40GB (0),1,,13,[CUDA memcpy Host-to-Device]
1829216414,3616,9643,,,,,,,,,,1.547,427715.774,Device,,NVIDIA A100-SXM4-40GB (0),1,,13,[CUDA memset]
1829222974,2816,9648,,,,,,,,,,0.021,7477.259,Pinned,Device,NVIDIA A100-SXM4-40GB (0),1,,13,[CUDA memcpy Host-to-Device]
1829228094,7552,9649,,,,,,,,,,0.131,17355.899,Pinned,Device,NVIDIA A100-SXM4-40GB (0),1,,13,[CUDA memcpy Host-to-Device]
1829239582,6496,9650,273,1,1,8,4,1,39,0.002,0.000,,,,,NVIDIA A100-SXM4-40GB (0),1,,13,"void channel_eq::eqMmseCoefCompLowMimoKernel<float, float, float, (unsigned int)4, (unsigned int)1, (unsigned int)4>(const channel_eq::_puschRxChEqStatDescr *, channel_eq::_puschRxChEqCoefCompDynDescr)"
1829247134,5632,9651,273,1,1,12,11,1,40,0.002,0.000,,,,,NVIDIA A100-SXM4-40GB (0),1,,13,"void channel_eq::eqMmseSoftDemapKernel<float, __half, __half, float, (unsigned int)4, (unsigned short)16383>(channel_eq::_puschRxChEqStatDescr *, channel_eq::_puschRxChEqSoftDemapDynDescr)"
1829253918,307516,9652,1,1,1,32,32,1,30,0.000,0.000,,,,,NVIDIA A100-SXM4-40GB (0),1,,13,"void convert_kernel<float2, __half2>(tensor_layout_any, T1 *, tensor_layout_any, const T2 *)"
1829562682,13600,9664,2253,1,1,128,1,1,16,0.000,0.000,,,,,NVIDIA A100-SXM4-40GB (0),1,,13,cupy_copy__float16_float16
1829577594,2848,9673,282,1,1,128,1,1,16,0.000,0.000,,,,,NVIDIA A100-SXM4-40GB (0),1,,13,cupy_copy__complex64_complex64
1829581754,2016,9682,26,1,1,128,1,1,16,0.000,0.000,,,,,NVIDIA A100-SXM4-40GB (0),1,,13,cupy_copy__float32_float32
1829584826,3104,9691,103,1,1,128,1,1,16,0.000,0.000,,,,,NVIDIA A100-SXM4-40GB (0),1,,13,cupy_copy__complex64_complex64
1829589242,15392,9701,1434,1,1,128,1,1,16,0.000,0.000,,,,,NVIDIA A100-SXM4-40GB (0),1,,13,cupy_copy__complex64_complex64
1829605690,87071,9706,1,1,1,32,32,1,30,0.000,0.000,,,,,NVIDIA A100-SXM4-40GB (0),1,,13,"void convert_kernel<__half2, float2>(tensor_layout_any, T1 *, tensor_layout_any, const T2 *)"
1829719576,4544,9709,,,,,,,,,,0.061,13521.101,Pinned,Device,NVIDIA A100-SXM4-40GB (0),1,,13,[CUDA memcpy Host-to-Device]
1829730328,587449,9710,,,,,,,,,,456.520,776997.857,Device,,NVIDIA A100-SXM4-40GB (0),1,,13,[CUDA memset]
1830319377,32832,9715,,,,,,,,,,0.825,25138.328,Pinned,Device,NVIDIA A100-SXM4-40GB (0),1,,13,[CUDA memcpy Host-to-Device]
1830354513,6880,9716,,,,,,,,,,0.131,19051.053,Pinned,Device,NVIDIA A100-SXM4-40GB (0),1,,13,[CUDA memcpy Host-to-Device]
1830370545,7936,9717,69,4,1,48,1,1,76,0.002,0.000,,,,,NVIDIA A100-SXM4-40GB (0),1,,13,"void ch_est::windowedChEstPreNoDftSOfdmKernel<float, __half, float, (unsigned int)2, (unsigned int)1, (unsigned short)4>(ch_est::puschRxChEstStatDescr_t *, ch_est::puschRxChEstDynDescr_t *)"
1830379537,7072,9718,137,2,1,24,2,1,44,0.001,0.001,,,,,NVIDIA A100-SXM4-40GB (0),1,,13,"void ch_est::chEstFilterNoDftSOfdmDispatchKernel<float, __half, float, (unsigned int)2>(ch_est::puschRxChEstStatDescr_t *, ch_est::puschRxChEstDynDescr_t *)"
1830387665,5183,9719,137,2,1,24,2,1,44,0.001,0.001,,,,,NVIDIA A100-SXM4-40GB (0),1,,13,"void ch_est::chEstFilterNoDftSOfdmDispatchKernel<float, __half, float, (unsigned int)2>(ch_est::puschRxChEstStatDescr_t *, ch_est::puschRxChEstDynDescr_t *)"
1830393968,2560,9730,103,1,1,128,1,1,16,0.000,0.000,,,,,NVIDIA A100-SXM4-40GB (0),1,,13,cupy_copy__complex64_complex64
1830397872,16448,9740,1434,1,1,128,1,1,16,0.000,0.000,,,,,NVIDIA A100-SXM4-40GB (0),1,,13,cupy_copy__complex64_complex64
1830415344,2528,9747,103,1,1,128,1,1,16,0.000,0.000,,,,,NVIDIA A100-SXM4-40GB (0),1,,13,cupy_copy__complex64_complex64
1830419056,86943,9754,1,1,1,32,32,1,30,0.000,0.000,,,,,NVIDIA A100-SXM4-40GB (0),1,,13,"void convert_kernel<__half2, float2>(tensor_layout_any, T1 *, tensor_layout_any, const T2 *)"
1830538287,4320,9757,,,,,,,,,,0.061,14222.193,Pinned,Device,NVIDIA A100-SXM4-40GB (0),1,,13,[CUDA memcpy Host-to-Device]
1830550863,46591,9758,,,,,,,,,,35.801,768396.004,Device,,NVIDIA A100-SXM4-40GB (0),1,,13,[CUDA memset]
1830603982,2368,9760,,,,,,,,,,0.000,33.784,Pinned,Device,NVIDIA A100-SXM4-40GB (0),1,,13,[CUDA memcpy Host-to-Device]
1830608654,7008,9761,,,,,,,,,,0.131,18703.188,Pinned,Device,NVIDIA A100-SXM4-40GB (0),1,,13,[CUDA memcpy Host-to-Device]
1830622222,9184,9762,273,1,1,48,1,1,40,0.000,0.001,,,,,NVIDIA A100-SXM4-40GB (0),1,,13,"void pusch_noise_intf_est::noiseIntfEstNoDftSOfdmKernel<float, __half, float, float, (unsigned int)2, (unsigned int)1, (unsigned char)4, (unsigned char)4>(pusch_noise_intf_est::puschRxNoiseIntfEstDynDescr)"
1830632590,2784,9773,35,1,1,128,1,1,16,0.000,0.000,,,,,NVIDIA A100-SXM4-40GB (0),1,,13,cupy_copy__complex64_complex64
1830658989,1728,9782,1,1,1,1,1,1,18,0.000,0.000,,,,,NVIDIA A100-SXM4-40GB (0),1,,13,cupy_copy__float32_float32
1830692909,1728,9788,,,,,,,,,,0.000,2.315,Device,Pageable,NVIDIA A100-SXM4-40GB (0),1,,7,[CUDA memcpy Device-to-Host]
1830750892,16416,9799,1434,1,1,128,1,1,16,0.000,0.000,,,,,NVIDIA A100-SXM4-40GB (0),1,,13,cupy_copy__complex64_complex64
1830777196,2816,9806,103,1,1,128,1,1,16,0.000,0.000,,,,,NVIDIA A100-SXM4-40GB (0),1,,13,cupy_copy__complex64_complex64
1830798028,2304,9813,35,1,1,128,1,1,16,0.000,0.000,,,,,NVIDIA A100-SXM4-40GB (0),1,,13,cupy_copy__complex64_complex64
1830816459,1664,9820,1,1,1,1,1,1,18,0.000,0.000,,,,,NVIDIA A100-SXM4-40GB (0),1,,13,cupy_copy__float32_float32
1830951274,85823,9831,1,1,1,32,32,1,30,0.000,0.000,,,,,NVIDIA A100-SXM4-40GB (0),1,,13,"void convert_kernel<__half2, float2>(tensor_layout_any, T1 *, tensor_layout_any, const T2 *)"
1831065416,4544,9834,,,,,,,,,,0.061,13521.101,Pinned,Device,NVIDIA A100-SXM4-40GB (0),1,,13,[CUDA memcpy Host-to-Device]
1831079624,3584,9835,,,,,,,,,,1.547,431534.389,Device,,NVIDIA A100-SXM4-40GB (0),1,,13,[CUDA memset]
1831085992,2816,9840,,,,,,,,,,0.021,7477.259,Pinned,Device,NVIDIA A100-SXM4-40GB (0),1,,13,[CUDA memcpy Host-to-Device]
1831091432,6880,9841,,,,,,,,,,0.131,19051.053,Pinned,Device,NVIDIA A100-SXM4-40GB (0),1,,13,[CUDA memcpy Host-to-Device]
1831102568,6592,9842,273,1,1,8,4,1,39,0.002,0.000,,,,,NVIDIA A100-SXM4-40GB (0),1,,13,"void channel_eq::eqMmseCoefCompLowMimoKernel<float, float, float, (unsigned int)4, (unsigned int)1, (unsigned int)4>(const channel_eq::_puschRxChEqStatDescr *, channel_eq::_puschRxChEqCoefCompDynDescr)"
1831110216,5696,9843,273,1,1,12,11,1,40,0.002,0.000,,,,,NVIDIA A100-SXM4-40GB (0),1,,13,"void channel_eq::eqMmseSoftDemapKernel<float, __half, __half, float, (unsigned int)4, (unsigned short)16383>(channel_eq::_puschRxChEqStatDescr *, channel_eq::_puschRxChEqSoftDemapDynDescr)"
1831117000,308028,9844,1,1,1,32,32,1,30,0.000,0.000,,,,,NVIDIA A100-SXM4-40GB (0),1,,13,"void convert_kernel<float2, __half2>(tensor_layout_any, T1 *, tensor_layout_any, const T2 *)"
1831426052,13792,9856,2253,1,1,128,1,1,16,0.000,0.000,,,,,NVIDIA A100-SXM4-40GB (0),1,,13,cupy_copy__float16_float16
1831440900,2912,9865,282,1,1,128,1,1,16,0.000,0.000,,,,,NVIDIA A100-SXM4-40GB (0),1,,13,cupy_copy__complex64_complex64
1831444964,2048,9874,26,1,1,128,1,1,16,0.000,0.000,,,,,NVIDIA A100-SXM4-40GB (0),1,,13,cupy_copy__float32_float32
1831448356,3008,9883,103,1,1,128,1,1,16,0.000,0.000,,,,,NVIDIA A100-SXM4-40GB (0),1,,13,cupy_copy__complex64_complex64
1831505859,15296,9899,1434,1,1,128,1,1,16,0.000,0.000,,,,,NVIDIA A100-SXM4-40GB (0),1,,13,cupy_copy__complex64_complex64
1831621250,87199,9904,1,1,1,32,32,1,30,0.000,0.000,,,,,NVIDIA A100-SXM4-40GB (0),1,,13,"void convert_kernel<__half2, float2>(tensor_layout_any, T1 *, tensor_layout_any, const T2 *)"
1831877535,4544,9907,,,,,,,,,,0.061,13521.101,Pinned,Device,NVIDIA A100-SXM4-40GB (0),1,,13,[CUDA memcpy Host-to-Device]
1831893215,588345,9908,,,,,,,,,,456.520,775628.296,Device,,NVIDIA A100-SXM4-40GB (0),1,,13,[CUDA memset]
1832486104,32831,9913,,,,,,,,,,0.825,25139.153,Pinned,Device,NVIDIA A100-SXM4-40GB (0),1,,13,[CUDA memcpy Host-to-Device]
1832521239,6912,9914,,,,,,,,,,0.131,18962.842,Pinned,Device,NVIDIA A100-SXM4-40GB (0),1,,13,[CUDA memcpy Host-to-Device]
1832536311,7584,9915,69,4,1,48,1,1,76,0.002,0.000,,,,,NVIDIA A100-SXM4-40GB (0),1,,13,"void ch_est::windowedChEstPreNoDftSOfdmKernel<float, __half, float, (unsigned int)2, (unsigned int)1, (unsigned short)4>(ch_est::puschRxChEstStatDescr_t *, ch_est::puschRxChEstDynDescr_t *)"
1832545015,6944,9916,137,2,1,24,2,1,44,0.001,0.001,,,,,NVIDIA A100-SXM4-40GB (0),1,,13,"void ch_est::chEstFilterNoDftSOfdmDispatchKernel<float, __half, float, (unsigned int)2>(ch_est::puschRxChEstStatDescr_t *, ch_est::puschRxChEstDynDescr_t *)"
1832553015,5216,9917,137,2,1,24,2,1,44,0.001,0.001,,,,,NVIDIA A100-SXM4-40GB (0),1,,13,"void ch_est::chEstFilterNoDftSOfdmDispatchKernel<float, __half, float, (unsigned int)2>(ch_est::puschRxChEstStatDescr_t *, ch_est::puschRxChEstDynDescr_t *)"
1832559575,3072,9928,103,1,1,128,1,1,16,0.000,0.000,,,,,NVIDIA A100-SXM4-40GB (0),1,,13,cupy_copy__complex64_complex64
1832563991,16256,9938,1434,1,1,128,1,1,16,0.000,0.000,,,,,NVIDIA A100-SXM4-40GB (0),1,,13,cupy_copy__complex64_complex64
1832581527,2560,9945,103,1,1,128,1,1,16,0.000,0.000,,,,,NVIDIA A100-SXM4-40GB (0),1,,13,cupy_copy__complex64_complex64
1832585143,86942,9952,1,1,1,32,32,1,30,0.000,0.000,,,,,NVIDIA A100-SXM4-40GB (0),1,,13,"void convert_kernel<__half2, float2>(tensor_layout_any, T1 *, tensor_layout_any, const T2 *)"
1832702997,4352,9955,,,,,,,,,,0.061,14117.622,Pinned,Device,NVIDIA A100-SXM4-40GB (0),1,,13,[CUDA memcpy Host-to-Device]
1832715797,46527,9956,,,,,,,,,,35.801,769434.232,Device,,NVIDIA A100-SXM4-40GB (0),1,,13,[CUDA memset]
1832768724,1984,9958,,,,,,,,,,0.000,40.323,Pinned,Device,NVIDIA A100-SXM4-40GB (0),1,,13,[CUDA memcpy Host-to-Device]
1832773012,6912,9959,,,,,,,,,,0.131,18962.842,Pinned,Device,NVIDIA A100-SXM4-40GB (0),1,,13,[CUDA memcpy Host-to-Device]
1832790708,9216,9960,273,1,1,48,1,1,40,0.000,0.001,,,,,NVIDIA A100-SXM4-40GB (0),1,,13,"void pusch_noise_intf_est::noiseIntfEstNoDftSOfdmKernel<float, __half, float, float, (unsigned int)2, (unsigned int)1, (unsigned char)4, (unsigned char)4>(pusch_noise_intf_est::puschRxNoiseIntfEstDynDescr)"
1832801076,2944,9971,35,1,1,128,1,1,16,0.000,0.000,,,,,NVIDIA A100-SXM4-40GB (0),1,,13,cupy_copy__complex64_complex64
1832827796,1760,9980,1,1,1,1,1,1,18,0.000,0.000,,,,,NVIDIA A100-SXM4-40GB (0),1,,13,cupy_copy__float32_float32
1832863411,1824,9986,,,,,,,,,,0.000,2.193,Device,Pageable,NVIDIA A100-SXM4-40GB (0),1,,7,[CUDA memcpy Device-to-Host]
1832922067,16607,9997,1434,1,1,128,1,1,16,0.000,0.000,,,,,NVIDIA A100-SXM4-40GB (0),1,,13,cupy_copy__complex64_complex64
1832949298,2784,10004,103,1,1,128,1,1,16,0.000,0.000,,,,,NVIDIA A100-SXM4-40GB (0),1,,13,cupy_copy__complex64_complex64
1832970258,2336,10011,35,1,1,128,1,1,16,0.000,0.000,,,,,NVIDIA A100-SXM4-40GB (0),1,,13,cupy_copy__complex64_complex64
1832988306,1696,10018,1,1,1,1,1,1,18,0.000,0.000,,,,,NVIDIA A100-SXM4-40GB (0),1,,13,cupy_copy__float32_float32
1833122512,86143,10029,1,1,1,32,32,1,30,0.000,0.000,,,,,NVIDIA A100-SXM4-40GB (0),1,,13,"void convert_kernel<__half2, float2>(tensor_layout_any, T1 *, tensor_layout_any, const T2 *)"
1833375149,4288,10032,,,,,,,,,,0.061,14328.300,Pinned,Device,NVIDIA A100-SXM4-40GB (0),1,,13,[CUDA memcpy Host-to-Device]
1833385453,3584,10033,,,,,,,,,,1.547,431534.389,Device,,NVIDIA A100-SXM4-40GB (0),1,,13,[CUDA memset]
1833392397,2848,10038,,,,,,,,,,0.021,7393.246,Pinned,Device,NVIDIA A100-SXM4-40GB (0),1,,13,[CUDA memcpy Host-to-Device]
1833397549,6912,10039,,,,,,,,,,0.131,18962.842,Pinned,Device,NVIDIA A100-SXM4-40GB (0),1,,13,[CUDA memcpy Host-to-Device]
1833411821,6528,10040,273,1,1,8,4,1,39,0.002,0.000,,,,,NVIDIA A100-SXM4-40GB (0),1,,13,"void channel_eq::eqMmseCoefCompLowMimoKernel<float, float, float, (unsigned int)4, (unsigned int)1, (unsigned int)4>(const channel_eq::_puschRxChEqStatDescr *, channel_eq::_puschRxChEqCoefCompDynDescr)"
1833419693,5696,10041,273,1,1,12,11,1,40,0.002,0.000,,,,,NVIDIA A100-SXM4-40GB (0),1,,13,"void channel_eq::eqMmseSoftDemapKernel<float, __half, __half, float, (unsigned int)4, (unsigned short)16383>(channel_eq::_puschRxChEqStatDescr *, channel_eq::_puschRxChEqSoftDemapDynDescr)"
1833426605,307868,10042,1,1,1,32,32,1,30,0.000,0.000,,,,,NVIDIA A100-SXM4-40GB (0),1,,13,"void convert_kernel<float2, __half2>(tensor_layout_any, T1 *, tensor_layout_any, const T2 *)"
1833735753,13760,10054,2253,1,1,128,1,1,16,0.000,0.000,,,,,NVIDIA A100-SXM4-40GB (0),1,,13,cupy_copy__float16_float16
1833750601,2816,10063,282,1,1,128,1,1,16,0.000,0.000,,,,,NVIDIA A100-SXM4-40GB (0),1,,13,cupy_copy__complex64_complex64
1833754761,2016,10072,26,1,1,128,1,1,16,0.000,0.000,,,,,NVIDIA A100-SXM4-40GB (0),1,,13,cupy_copy__float32_float32
1833758121,3072,10081,103,1,1,128,1,1,16,0.000,0.000,,,,,NVIDIA A100-SXM4-40GB (0),1,,13,cupy_copy__complex64_complex64
1833762505,15295,10091,1434,1,1,128,1,1,16,0.000,0.000,,,,,NVIDIA A100-SXM4-40GB (0),1,,13,cupy_copy__complex64_complex64
1833880327,87295,10096,1,1,1,32,32,1,30,0.000,0.000,,,,,NVIDIA A100-SXM4-40GB (0),1,,13,"void convert_kernel<__half2, float2>(tensor_layout_any, T1 *, tensor_layout_any, const T2 *)"
1833998278,4320,10099,,,,,,,,,,0.061,14222.193,Pinned,Device,NVIDIA A100-SXM4-40GB (0),1,,13,[CUDA memcpy Host-to-Device]
1834009350,587481,10100,,,,,,,,,,456.520,776997.857,Device,,NVIDIA A100-SXM4-40GB (0),1,,13,[CUDA memset]
1834598559,33087,10105,,,,,,,,,,0.825,24944.372,Pinned,Device,NVIDIA A100-SXM4-40GB (0),1,,13,[CUDA memcpy Host-to-Device]
1834633950,6912,10106,,,,,,,,,,0.131,18962.842,Pinned,Device,NVIDIA A100-SXM4-40GB (0),1,,13,[CUDA memcpy Host-to-Device]
1834648766,8192,10107,69,4,1,48,1,1,76,0.002,0.000,,,,,NVIDIA A100-SXM4-40GB (0),1,,13,"void ch_est::windowedChEstPreNoDftSOfdmKernel<float, __half, float, (unsigned int)2, (unsigned int)1, (unsigned short)4>(ch_est::puschRxChEstStatDescr_t *, ch_est::puschRxChEstDynDescr_t *)"
1834658302,6976,10108,137,2,1,24,2,1,44,0.001,0.001,,,,,NVIDIA A100-SXM4-40GB (0),1,,13,"void ch_est::chEstFilterNoDftSOfdmDispatchKernel<float, __half, float, (unsigned int)2>(ch_est::puschRxChEstStatDescr_t *, ch_est::puschRxChEstDynDescr_t *)"
1834666334,5280,10109,137,2,1,24,2,1,44,0.001,0.001,,,,,NVIDIA A100-SXM4-40GB (0),1,,13,"void ch_est::chEstFilterNoDftSOfdmDispatchKernel<float, __half, float, (unsigned int)2>(ch_est::puschRxChEstStatDescr_t *, ch_est::puschRxChEstDynDescr_t *)"
1834672990,2560,10120,103,1,1,128,1,1,16,0.000,0.000,,,,,NVIDIA A100-SXM4-40GB (0),1,,13,cupy_copy__complex64_complex64
1834676638,16416,10130,1434,1,1,128,1,1,16,0.000,0.000,,,,,NVIDIA A100-SXM4-40GB (0),1,,13,cupy_copy__complex64_complex64
1834694142,2560,10137,103,1,1,128,1,1,16,0.000,0.000,,,,,NVIDIA A100-SXM4-40GB (0),1,,13,cupy_copy__complex64_complex64
1834698046,86846,10144,1,1,1,32,32,1,30,0.000,0.000,,,,,NVIDIA A100-SXM4-40GB (0),1,,13,"void convert_kernel<__half2, float2>(tensor_layout_any, T1 *, tensor_layout_any, const T2 *)"
1834813084,4320,10147,,,,,,,,,,0.061,14222.193,Pinned,Device,NVIDIA A100-SXM4-40GB (0),1,,13,[CUDA memcpy Host-to-Device]
1834825692,46687,10148,,,,,,,,,,35.801,766820.762,Device,,NVIDIA A100-SXM4-40GB (0),1,,13,[CUDA memset]
1834878107,2016,10150,,,,,,,,,,0.000,39.682,Pinned,Device,NVIDIA A100-SXM4-40GB (0),1,,13,[CUDA memcpy Host-to-Device]
1834882427,6912,10151,,,,,,,,,,0.131,18962.842,Pinned,Device,NVIDIA A100-SXM4-40GB (0),1,,13,[CUDA memcpy Host-to-Device]
1834896187,9088,10152,273,1,1,48,1,1,40,0.000,0.001,,,,,NVIDIA A100-SXM4-40GB (0),1,,13,"void pusch_noise_intf_est::noiseIntfEstNoDftSOfdmKernel<float, __half, float, float, (unsigned int)2, (unsigned int)1, (unsigned char)4, (unsigned char)4>(pusch_noise_intf_est::puschRxNoiseIntfEstDynDescr)"
1834906523,2784,10163,35,1,1,128,1,1,16,0.000,0.000,,,,,NVIDIA A100-SXM4-40GB (0),1,,13,cupy_copy__complex64_complex64
1834933819,1728,10172,1,1,1,1,1,1,18,0.000,0.000,,,,,NVIDIA A100-SXM4-40GB (0),1,,13,cupy_copy__float32_float32
1834968826,1824,10178,,,,,,,,,,0.000,2.193,Device,Pageable,NVIDIA A100-SXM4-40GB (0),1,,7,[CUDA memcpy Device-to-Host]
1835027482,16319,10189,1434,1,1,128,1,1,16,0.000,0.000,,,,,NVIDIA A100-SXM4-40GB (0),1,,13,cupy_copy__complex64_complex64
1835053689,2848,10196,103,1,1,128,1,1,16,0.000,0.000,,,,,NVIDIA A100-SXM4-40GB (0),1,,13,cupy_copy__complex64_complex64
1835075737,2304,10203,35,1,1,128,1,1,16,0.000,0.000,,,,,NVIDIA A100-SXM4-40GB (0),1,,13,cupy_copy__complex64_complex64
1835092729,1696,10210,1,1,1,1,1,1,18,0.000,0.000,,,,,NVIDIA A100-SXM4-40GB (0),1,,13,cupy_copy__float32_float32
1835224695,86719,10221,1,1,1,32,32,1,30,0.000,0.000,,,,,NVIDIA A100-SXM4-40GB (0),1,,13,"void convert_kernel<__half2, float2>(tensor_layout_any, T1 *, tensor_layout_any, const T2 *)"
1835338294,4288,10224,,,,,,,,,,0.061,14328.300,Pinned,Device,NVIDIA A100-SXM4-40GB (0),1,,13,[CUDA memcpy Host-to-Device]
1835352822,3616,10225,,,,,,,,,,1.547,427715.774,Device,,NVIDIA A100-SXM4-40GB (0),1,,13,[CUDA memset]
1835359510,2816,10230,,,,,,,,,,0.021,7477.259,Pinned,Device,NVIDIA A100-SXM4-40GB (0),1,,13,[CUDA memcpy Host-to-Device]
1835364630,7008,10231,,,,,,,,,,0.131,18703.188,Pinned,Device,NVIDIA A100-SXM4-40GB (0),1,,13,[CUDA memcpy Host-to-Device]
1835376597,6624,10232,273,1,1,8,4,1,39,0.002,0.000,,,,,NVIDIA A100-SXM4-40GB (0),1,,13,"void channel_eq::eqMmseCoefCompLowMimoKernel<float, float, float, (unsigned int)4, (unsigned int)1, (unsigned int)4>(const channel_eq::_puschRxChEqStatDescr *, channel_eq::_puschRxChEqCoefCompDynDescr)"
1835384405,5856,10233,273,1,1,12,11,1,40,0.002,0.000,,,,,NVIDIA A100-SXM4-40GB (0),1,,13,"void channel_eq::eqMmseSoftDemapKernel<float, __half, __half, float, (unsigned int)4, (unsigned short)16383>(channel_eq::_puschRxChEqStatDescr *, channel_eq::_puschRxChEqSoftDemapDynDescr)"
1835391477,307197,10234,1,1,1,32,32,1,30,0.000,0.000,,,,,NVIDIA A100-SXM4-40GB (0),1,,13,"void convert_kernel<float2, __half2>(tensor_layout_any, T1 *, tensor_layout_any, const T2 *)"
1835699730,13407,10246,2253,1,1,128,1,1,16,0.000,0.000,,,,,NVIDIA A100-SXM4-40GB (0),1,,13,cupy_copy__float16_float16
1835714449,2816,10255,282,1,1,128,1,1,16,0.000,0.000,,,,,NVIDIA A100-SXM4-40GB (0),1,,13,cupy_copy__complex64_complex64
1835718289,2048,10264,26,1,1,128,1,1,16,0.000,0.000,,,,,NVIDIA A100-SXM4-40GB (0),1,,13,cupy_copy__float32_float32
1835721681,3072,10273,103,1,1,128,1,1,16,0.000,0.000,,,,,NVIDIA A100-SXM4-40GB (0),1,,13,cupy_copy__complex64_complex64
1835726065,15392,10283,1434,1,1,128,1,1,16,0.000,0.000,,,,,NVIDIA A100-SXM4-40GB (0),1,,13,cupy_copy__complex64_complex64
1835742705,87487,10288,1,1,1,32,32,1,30,0.000,0.000,,,,,NVIDIA A100-SXM4-40GB (0),1,,13,"void convert_kernel<__half2, float2>(tensor_layout_any, T1 *, tensor_layout_any, const T2 *)"
1835857648,4672,10291,,,,,,,,,,0.061,13150.679,Pinned,Device,NVIDIA A100-SXM4-40GB (0),1,,13,[CUDA memcpy Host-to-Device]
1835868784,587673,10292,,,,,,,,,,456.520,776541.336,Device,,NVIDIA A100-SXM4-40GB (0),1,,13,[CUDA memset]
1836459177,32959,10297,,,,,,,,,,0.825,25040.937,Pinned,Device,NVIDIA A100-SXM4-40GB (0),1,,13,[CUDA memcpy Host-to-Device]
1836494440,6912,10298,,,,,,,,,,0.131,18962.842,Pinned,Device,NVIDIA A100-SXM4-40GB (0),1,,13,[CUDA memcpy Host-to-Device]
1836511432,7488,10299,69,4,1,48,1,1,76,0.002,0.000,,,,,NVIDIA A100-SXM4-40GB (0),1,,13,"void ch_est::windowedChEstPreNoDftSOfdmKernel<float, __half, float, (unsigned int)2, (unsigned int)1, (unsigned short)4>(ch_est::puschRxChEstStatDescr_t *, ch_est::puschRxChEstDynDescr_t *)"
1836520136,7232,10300,137,2,1,24,2,1,44,0.001,0.001,,,,,NVIDIA A100-SXM4-40GB (0),1,,13,"void ch_est::chEstFilterNoDftSOfdmDispatchKernel<float, __half, float, (unsigned int)2>(ch_est::puschRxChEstStatDescr_t *, ch_est::puschRxChEstDynDescr_t *)"
1836528520,5184,10301,137,2,1,24,2,1,44,0.001,0.001,,,,,NVIDIA A100-SXM4-40GB (0),1,,13,"void ch_est::chEstFilterNoDftSOfdmDispatchKernel<float, __half, float, (unsigned int)2>(ch_est::puschRxChEstStatDescr_t *, ch_est::puschRxChEstDynDescr_t *)"
1836534824,2624,10312,103,1,1,128,1,1,16,0.000,0.000,,,,,NVIDIA A100-SXM4-40GB (0),1,,13,cupy_copy__complex64_complex64
1836538632,16448,10322,1434,1,1,128,1,1,16,0.000,0.000,,,,,NVIDIA A100-SXM4-40GB (0),1,,13,cupy_copy__complex64_complex64
1836556392,2559,10329,103,1,1,128,1,1,16,0.000,0.000,,,,,NVIDIA A100-SXM4-40GB (0),1,,13,cupy_copy__complex64_complex64
1836560295,86623,10336,1,1,1,32,32,1,30,0.000,0.000,,,,,NVIDIA A100-SXM4-40GB (0),1,,13,"void convert_kernel<__half2, float2>(tensor_layout_any, T1 *, tensor_layout_any, const T2 *)"
1836675014,4320,10339,,,,,,,,,,0.061,14222.193,Pinned,Device,NVIDIA A100-SXM4-40GB (0),1,,13,[CUDA memcpy Host-to-Device]
1836687878,46623,10340,,,,,,,,,,35.801,767858.990,Device,,NVIDIA A100-SXM4-40GB (0),1,,13,[CUDA memset]
1836739717,2016,10342,,,,,,,,,,0.000,39.682,Pinned,Device,NVIDIA A100-SXM4-40GB (0),1,,13,[CUDA memcpy Host-to-Device]
1836744037,6880,10343,,,,,,,,,,0.131,19051.053,Pinned,Device,NVIDIA A100-SXM4-40GB (0),1,,13,[CUDA memcpy Host-to-Device]
1836757317,9408,10344,273,1,1,48,1,1,40,0.000,0.001,,,,,NVIDIA A100-SXM4-40GB (0),1,,13,"void pusch_noise_intf_est::noiseIntfEstNoDftSOfdmKernel<float, __half, float, float, (unsigned int)2, (unsigned int)1, (unsigned char)4, (unsigned char)4>(pusch_noise_intf_est::puschRxNoiseIntfEstDynDescr)"
1836767877,2944,10355,35,1,1,128,1,1,16,0.000,0.000,,,,,NVIDIA A100-SXM4-40GB (0),1,,13,cupy_copy__complex64_complex64
1836794757,1760,10364,1,1,1,1,1,1,18,0.000,0.000,,,,,NVIDIA A100-SXM4-40GB (0),1,,13,cupy_copy__float32_float32
1836828388,1760,10370,,,,,,,,,,0.000,2.273,Device,Pageable,NVIDIA A100-SXM4-40GB (0),1,,7,[CUDA memcpy Device-to-Host]
1836886820,16287,10381,1434,1,1,128,1,1,16,0.000,0.000,,,,,NVIDIA A100-SXM4-40GB (0),1,,13,cupy_copy__complex64_complex64
1836913699,2784,10388,103,1,1,128,1,1,16,0.000,0.000,,,,,NVIDIA A100-SXM4-40GB (0),1,,13,cupy_copy__complex64_complex64
1836934947,2336,10395,35,1,1,128,1,1,16,0.000,0.000,,,,,NVIDIA A100-SXM4-40GB (0),1,,13,cupy_copy__complex64_complex64
1836952867,1696,10402,1,1,1,1,1,1,18,0.000,0.000,,,,,NVIDIA A100-SXM4-40GB (0),1,,13,cupy_copy__float32_float32
1837086529,87199,10413,1,1,1,32,32,1,30,0.000,0.000,,,,,NVIDIA A100-SXM4-40GB (0),1,,13,"void convert_kernel<__half2, float2>(tensor_layout_any, T1 *, tensor_layout_any, const T2 *)"
1837343358,4320,10416,,,,,,,,,,0.061,14222.193,Pinned,Device,NVIDIA A100-SXM4-40GB (0),1,,13,[CUDA memcpy Host-to-Device]
1837353342,3616,10417,,,,,,,,,,1.547,427715.774,Device,,NVIDIA A100-SXM4-40GB (0),1,,13,[CUDA memset]
1837361694,2816,10422,,,,,,,,,,0.021,7477.259,Pinned,Device,NVIDIA A100-SXM4-40GB (0),1,,13,[CUDA memcpy Host-to-Device]
1837366814,6912,10423,,,,,,,,,,0.131,18962.842,Pinned,Device,NVIDIA A100-SXM4-40GB (0),1,,13,[CUDA memcpy Host-to-Device]
1837379774,6560,10424,273,1,1,8,4,1,39,0.002,0.000,,,,,NVIDIA A100-SXM4-40GB (0),1,,13,"void channel_eq::eqMmseCoefCompLowMimoKernel<float, float, float, (unsigned int)4, (unsigned int)1, (unsigned int)4>(const channel_eq::_puschRxChEqStatDescr *, channel_eq::_puschRxChEqCoefCompDynDescr)"
1837387646,5600,10425,273,1,1,12,11,1,40,0.002,0.000,,,,,NVIDIA A100-SXM4-40GB (0),1,,13,"void channel_eq::eqMmseSoftDemapKernel<float, __half, __half, float, (unsigned int)4, (unsigned short)16383>(channel_eq::_puschRxChEqStatDescr *, channel_eq::_puschRxChEqSoftDemapDynDescr)"
1837394558,307676,10426,1,1,1,32,32,1,30,0.000,0.000,,,,,NVIDIA A100-SXM4-40GB (0),1,,13,"void convert_kernel<float2, __half2>(tensor_layout_any, T1 *, tensor_layout_any, const T2 *)"
1837703290,13568,10438,2253,1,1,128,1,1,16,0.000,0.000,,,,,NVIDIA A100-SXM4-40GB (0),1,,13,cupy_copy__float16_float16
1837718202,2848,10447,282,1,1,128,1,1,16,0.000,0.000,,,,,NVIDIA A100-SXM4-40GB (0),1,,13,cupy_copy__complex64_complex64
1837722362,2048,10456,26,1,1,128,1,1,16,0.000,0.000,,,,,NVIDIA A100-SXM4-40GB (0),1,,13,cupy_copy__float32_float32
1837725722,3104,10465,103,1,1,128,1,1,16,0.000,0.000,,,,,NVIDIA A100-SXM4-40GB (0),1,,13,cupy_copy__complex64_complex64
1837730170,15199,10475,1434,1,1,128,1,1,16,0.000,0.000,,,,,NVIDIA A100-SXM4-40GB (0),1,,13,cupy_copy__complex64_complex64
1837850584,87071,10480,1,1,1,32,32,1,30,0.000,0.000,,,,,NVIDIA A100-SXM4-40GB (0),1,,13,"void convert_kernel<__half2, float2>(tensor_layout_any, T1 *, tensor_layout_any, const T2 *)"
1837968119,4416,10483,,,,,,,,,,0.061,13913.027,Pinned,Device,NVIDIA A100-SXM4-40GB (0),1,,13,[CUDA memcpy Host-to-Device]
1837979927,587705,10484,,,,,,,,,,456.520,776541.336,Device,,NVIDIA A100-SXM4-40GB (0),1,,13,[CUDA memset]
1838568944,33087,10489,,,,,,,,,,0.825,24944.372,Pinned,Device,NVIDIA A100-SXM4-40GB (0),1,,13,[CUDA memcpy Host-to-Device]
1838604335,6880,10490,,,,,,,,,,0.131,19051.053,Pinned,Device,NVIDIA A100-SXM4-40GB (0),1,,13,[CUDA memcpy Host-to-Device]
1838620847,8032,10491,69,4,1,48,1,1,76,0.002,0.000,,,,,NVIDIA A100-SXM4-40GB (0),1,,13,"void ch_est::windowedChEstPreNoDftSOfdmKernel<float, __half, float, (unsigned int)2, (unsigned int)1, (unsigned short)4>(ch_est::puschRxChEstStatDescr_t *, ch_est::puschRxChEstDynDescr_t *)"
1838630031,6816,10492,137,2,1,24,2,1,44,0.001,0.001,,,,,NVIDIA A100-SXM4-40GB (0),1,,13,"void ch_est::chEstFilterNoDftSOfdmDispatchKernel<float, __half, float, (unsigned int)2>(ch_est::puschRxChEstStatDescr_t *, ch_est::puschRxChEstDynDescr_t *)"
1838637967,5152,10493,137,2,1,24,2,1,44,0.001,0.001,,,,,NVIDIA A100-SXM4-40GB (0),1,,13,"void ch_est::chEstFilterNoDftSOfdmDispatchKernel<float, __half, float, (unsigned int)2>(ch_est::puschRxChEstStatDescr_t *, ch_est::puschRxChEstDynDescr_t *)"
1838644271,2624,10504,103,1,1,128,1,1,16,0.000,0.000,,,,,NVIDIA A100-SXM4-40GB (0),1,,13,cupy_copy__complex64_complex64
1838648047,16320,10514,1434,1,1,128,1,1,16,0.000,0.000,,,,,NVIDIA A100-SXM4-40GB (0),1,,13,cupy_copy__complex64_complex64
1838665551,2496,10521,103,1,1,128,1,1,16,0.000,0.000,,,,,NVIDIA A100-SXM4-40GB (0),1,,13,cupy_copy__complex64_complex64
1838669359,86878,10528,1,1,1,32,32,1,30,0.000,0.000,,,,,NVIDIA A100-SXM4-40GB (0),1,,13,"void convert_kernel<__half2, float2>(tensor_layout_any, T1 *, tensor_layout_any, const T2 *)"
1838922604,4351,10531,,,,,,,,,,0.061,14120.878,Pinned,Device,NVIDIA A100-SXM4-40GB (0),1,,13,[CUDA memcpy Host-to-Device]
1838937259,47104,10532,,,,,,,,,,35.801,760018.580,Device,,NVIDIA A100-SXM4-40GB (0),1,,13,[CUDA memset]
1838986027,2144,10534,,,,,,,,,,0.000,37.313,Pinned,Device,NVIDIA A100-SXM4-40GB (0),1,,13,[CUDA memcpy Host-to-Device]
1838990475,7040,10535,,,,,,,,,,0.131,18618.122,Pinned,Device,NVIDIA A100-SXM4-40GB (0),1,,13,[CUDA memcpy Host-to-Device]
1839003819,9727,10536,273,1,1,48,1,1,40,0.000,0.001,,,,,NVIDIA A100-SXM4-40GB (0),1,,13,"void pusch_noise_intf_est::noiseIntfEstNoDftSOfdmKernel<float, __half, float, float, (unsigned int)2, (unsigned int)1, (unsigned char)4, (unsigned char)4>(pusch_noise_intf_est::puschRxNoiseIntfEstDynDescr)"
1839014602,2784,10547,35,1,1,128,1,1,16,0.000,0.000,,,,,NVIDIA A100-SXM4-40GB (0),1,,13,cupy_copy__complex64_complex64
1839024170,1760,10556,1,1,1,1,1,1,18,0.000,0.000,,,,,NVIDIA A100-SXM4-40GB (0),1,,13,cupy_copy__float32_float32
1839059146,1920,10562,,,,,,,,,,0.000,2.083,Device,Pageable,NVIDIA A100-SXM4-40GB (0),1,,7,[CUDA memcpy Device-to-Host]
1839117321,16448,10573,1434,1,1,128,1,1,16,0.000,0.000,,,,,NVIDIA A100-SXM4-40GB (0),1,,13,cupy_copy__complex64_complex64
1839143881,2848,10580,103,1,1,128,1,1,16,0.000,0.000,,,,,NVIDIA A100-SXM4-40GB (0),1,,13,cupy_copy__complex64_complex64
1839165609,2304,10587,35,1,1,128,1,1,16,0.000,0.000,,,,,NVIDIA A100-SXM4-40GB (0),1,,13,cupy_copy__complex64_complex64
1839183208,1664,10594,1,1,1,1,1,1,18,0.000,0.000,,,,,NVIDIA A100-SXM4-40GB (0),1,,13,cupy_copy__float32_float32
1839446405,87295,10605,1,1,1,32,32,1,30,0.000,0.000,,,,,NVIDIA A100-SXM4-40GB (0),1,,13,"void convert_kernel<__half2, float2>(tensor_layout_any, T1 *, tensor_layout_any, const T2 *)"
1839565476,4320,10608,,,,,,,,,,0.061,14222.193,Pinned,Device,NVIDIA A100-SXM4-40GB (0),1,,13,[CUDA memcpy Host-to-Device]
1839580932,3648,10609,,,,,,,,,,1.547,423963.664,Device,,NVIDIA A100-SXM4-40GB (0),1,,13,[CUDA memset]
1839587428,2976,10614,,,,,,,,,,0.021,7075.258,Pinned,Device,NVIDIA A100-SXM4-40GB (0),1,,13,[CUDA memcpy Host-to-Device]
1839592708,7104,10615,,,,,,,,,,0.131,18450.350,Pinned,Device,NVIDIA A100-SXM4-40GB (0),1,,13,[CUDA memcpy Host-to-Device]
1839604931,6592,10616,273,1,1,8,4,1,39,0.002,0.000,,,,,NVIDIA A100-SXM4-40GB (0),1,,13,"void channel_eq::eqMmseCoefCompLowMimoKernel<float, float, float, (unsigned int)4, (unsigned int)1, (unsigned int)4>(const channel_eq::_puschRxChEqStatDescr *, channel_eq::_puschRxChEqCoefCompDynDescr)"
1839612611,5920,10617,273,1,1,12,11,1,40,0.002,0.000,,,,,NVIDIA A100-SXM4-40GB (0),1,,13,"void channel_eq::eqMmseSoftDemapKernel<float, __half, __half, float, (unsigned int)4, (unsigned short)16383>(channel_eq::_puschRxChEqStatDescr *, channel_eq::_puschRxChEqSoftDemapDynDescr)"
1839619651,307517,10618,1,1,1,32,32,1,30,0.000,0.000,,,,,NVIDIA A100-SXM4-40GB (0),1,,13,"void convert_kernel<float2, __half2>(tensor_layout_any, T1 *, tensor_layout_any, const T2 *)"
1839928224,13407,10630,2253,1,1,128,1,1,16,0.000,0.000,,,,,NVIDIA A100-SXM4-40GB (0),1,,13,cupy_copy__float16_float16
1839942975,2784,10639,282,1,1,128,1,1,16,0.000,0.000,,,,,NVIDIA A100-SXM4-40GB (0),1,,13,cupy_copy__complex64_complex64
1839947071,2048,10648,26,1,1,128,1,1,16,0.000,0.000,,,,,NVIDIA A100-SXM4-40GB (0),1,,13,cupy_copy__float32_float32
1839950175,3072,10657,103,1,1,128,1,1,16,0.000,0.000,,,,,NVIDIA A100-SXM4-40GB (0),1,,13,cupy_copy__complex64_complex64
1839954591,15584,10667,1434,1,1,128,1,1,16,0.000,0.000,,,,,NVIDIA A100-SXM4-40GB (0),1,,13,cupy_copy__complex64_complex64
1839981855,86911,10672,1,1,1,32,32,1,30,0.000,0.000,,,,,NVIDIA A100-SXM4-40GB (0),1,,13,"void convert_kernel<__half2, float2>(tensor_layout_any, T1 *, tensor_layout_any, const T2 *)"
1840096862,4288,10675,,,,,,,,,,0.061,14328.300,Pinned,Device,NVIDIA A100-SXM4-40GB (0),1,,13,[CUDA memcpy Host-to-Device]
1840108221,587578,10676,,,,,,,,,,456.520,776541.336,Device,,NVIDIA A100-SXM4-40GB (0),1,,13,[CUDA memset]
1840697431,33055,10681,,,,,,,,,,0.825,24968.307,Pinned,Device,NVIDIA A100-SXM4-40GB (0),1,,13,[CUDA memcpy Host-to-Device]
1840732790,6912,10682,,,,,,,,,,0.131,18962.842,Pinned,Device,NVIDIA A100-SXM4-40GB (0),1,,13,[CUDA memcpy Host-to-Device]
1840744598,7616,10683,69,4,1,48,1,1,76,0.002,0.000,,,,,NVIDIA A100-SXM4-40GB (0),1,,13,"void ch_est::windowedChEstPreNoDftSOfdmKernel<float, __half, float, (unsigned int)2, (unsigned int)1, (unsigned short)4>(ch_est::puschRxChEstStatDescr_t *, ch_est::puschRxChEstDynDescr_t *)"
1840753270,6848,10684,137,2,1,24,2,1,44,0.001,0.001,,,,,NVIDIA A100-SXM4-40GB (0),1,,13,"void ch_est::chEstFilterNoDftSOfdmDispatchKernel<float, __half, float, (unsigned int)2>(ch_est::puschRxChEstStatDescr_t *, ch_est::puschRxChEstDynDescr_t *)"
1840761334,5184,10685,137,2,1,24,2,1,44,0.001,0.001,,,,,NVIDIA A100-SXM4-40GB (0),1,,13,"void ch_est::chEstFilterNoDftSOfdmDispatchKernel<float, __half, float, (unsigned int)2>(ch_est::puschRxChEstStatDescr_t *, ch_est::puschRxChEstDynDescr_t *)"
1840767542,2624,10696,103,1,1,128,1,1,16,0.000,0.000,,,,,NVIDIA A100-SXM4-40GB (0),1,,13,cupy_copy__complex64_complex64
1840771350,16479,10706,1434,1,1,128,1,1,16,0.000,0.000,,,,,NVIDIA A100-SXM4-40GB (0),1,,13,cupy_copy__complex64_complex64
1840789173,2560,10713,103,1,1,128,1,1,16,0.000,0.000,,,,,NVIDIA A100-SXM4-40GB (0),1,,13,cupy_copy__complex64_complex64
1840793045,86591,10720,1,1,1,32,32,1,30,0.000,0.000,,,,,NVIDIA A100-SXM4-40GB (0),1,,13,"void convert_kernel<__half2, float2>(tensor_layout_any, T1 *, tensor_layout_any, const T2 *)"
1840907316,4320,10723,,,,,,,,,,0.061,14222.193,Pinned,Device,NVIDIA A100-SXM4-40GB (0),1,,13,[CUDA memcpy Host-to-Device]
1840919924,46655,10724,,,,,,,,,,35.801,767321.976,Device,,NVIDIA A100-SXM4-40GB (0),1,,13,[CUDA memset]
1840972915,1984,10726,,,,,,,,,,0.000,40.323,Pinned,Device,NVIDIA A100-SXM4-40GB (0),1,,13,[CUDA memcpy Host-to-Device]
1840977203,6912,10727,,,,,,,,,,0.131,18962.842,Pinned,Device,NVIDIA A100-SXM4-40GB (0),1,,13,[CUDA memcpy Host-to-Device]
1840991027,9152,10728,273,1,1,48,1,1,40,0.000,0.001,,,,,NVIDIA A100-SXM4-40GB (0),1,,13,"void pusch_noise_intf_est::noiseIntfEstNoDftSOfdmKernel<float, __half, float, float, (unsigned int)2, (unsigned int)1, (unsigned char)4, (unsigned char)4>(pusch_noise_intf_est::puschRxNoiseIntfEstDynDescr)"
1841001203,2912,10739,35,1,1,128,1,1,16,0.000,0.000,,,,,NVIDIA A100-SXM4-40GB (0),1,,13,cupy_copy__complex64_complex64
1841029267,1728,10748,1,1,1,1,1,1,18,0.000,0.000,,,,,NVIDIA A100-SXM4-40GB (0),1,,13,cupy_copy__float32_float32
1841063890,1824,10754,,,,,,,,,,0.000,2.193,Device,Pageable,NVIDIA A100-SXM4-40GB (0),1,,7,[CUDA memcpy Device-to-Host]
1841122353,16448,10765,1434,1,1,128,1,1,16,0.000,0.000,,,,,NVIDIA A100-SXM4-40GB (0),1,,13,cupy_copy__complex64_complex64
1841149681,2784,10772,103,1,1,128,1,1,16,0.000,0.000,,,,,NVIDIA A100-SXM4-40GB (0),1,,13,cupy_copy__complex64_complex64
1841171089,2336,10779,35,1,1,128,1,1,16,0.000,0.000,,,,,NVIDIA A100-SXM4-40GB (0),1,,13,cupy_copy__complex64_complex64
1841189137,1696,10786,1,1,1,1,1,1,18,0.000,0.000,,,,,NVIDIA A100-SXM4-40GB (0),1,,13,cupy_copy__float32_float32
1841321615,87359,10797,1,1,1,32,32,1,30,0.000,0.000,,,,,NVIDIA A100-SXM4-40GB (0),1,,13,"void convert_kernel<__half2, float2>(tensor_layout_any, T1 *, tensor_layout_any, const T2 *)"
1841437294,4320,10800,,,,,,,,,,0.061,14222.193,Pinned,Device,NVIDIA A100-SXM4-40GB (0),1,,13,[CUDA memcpy Host-to-Device]
1841451406,3616,10801,,,,,,,,,,1.547,427715.774,Device,,NVIDIA A100-SXM4-40GB (0),1,,13,[CUDA memset]
1841457742,2847,10806,,,,,,,,,,0.021,7395.836,Pinned,Device,NVIDIA A100-SXM4-40GB (0),1,,13,[CUDA memcpy Host-to-Device]
1841462893,7136,10807,,,,,,,,,,0.131,18367.644,Pinned,Device,NVIDIA A100-SXM4-40GB (0),1,,13,[CUDA memcpy Host-to-Device]
1841474797,6528,10808,273,1,1,8,4,1,39,0.002,0.000,,,,,NVIDIA A100-SXM4-40GB (0),1,,13,"void channel_eq::eqMmseCoefCompLowMimoKernel<float, float, float, (unsigned int)4, (unsigned int)1, (unsigned int)4>(const channel_eq::_puschRxChEqStatDescr *, channel_eq::_puschRxChEqCoefCompDynDescr)"
1841482349,5760,10809,273,1,1,12,11,1,40,0.002,0.000,,,,,NVIDIA A100-SXM4-40GB (0),1,,13,"void channel_eq::eqMmseSoftDemapKernel<float, __half, __half, float, (unsigned int)4, (unsigned short)16383>(channel_eq::_puschRxChEqStatDescr *, channel_eq::_puschRxChEqSoftDemapDynDescr)"
1841489261,307005,10810,1,1,1,32,32,1,30,0.000,0.000,,,,,NVIDIA A100-SXM4-40GB (0),1,,13,"void convert_kernel<float2, __half2>(tensor_layout_any, T1 *, tensor_layout_any, const T2 *)"
1841797322,13535,10822,2253,1,1,128,1,1,16,0.000,0.000,,,,,NVIDIA A100-SXM4-40GB (0),1,,13,cupy_copy__float16_float16
1841811945,2816,10831,282,1,1,128,1,1,16,0.000,0.000,,,,,NVIDIA A100-SXM4-40GB (0),1,,13,cupy_copy__complex64_complex64
1841816073,2048,10840,26,1,1,128,1,1,16,0.000,0.000,,,,,NVIDIA A100-SXM4-40GB (0),1,,13,cupy_copy__float32_float32
1841819145,3072,10849,103,1,1,128,1,1,16,0.000,0.000,,,,,NVIDIA A100-SXM4-40GB (0),1,,13,cupy_copy__complex64_complex64
1841823529,15328,10859,1434,1,1,128,1,1,16,0.000,0.000,,,,,NVIDIA A100-SXM4-40GB (0),1,,13,cupy_copy__complex64_complex64
1841839913,86559,10864,1,1,1,32,32,1,30,0.000,0.000,,,,,NVIDIA A100-SXM4-40GB (0),1,,13,"void convert_kernel<__half2, float2>(tensor_layout_any, T1 *, tensor_layout_any, const T2 *)"
1841954344,4288,10867,,,,,,,,,,0.061,14328.300,Pinned,Device,NVIDIA A100-SXM4-40GB (0),1,,13,[CUDA memcpy Host-to-Device]
1841964392,587673,10868,,,,,,,,,,456.520,776541.336,Device,,NVIDIA A100-SXM4-40GB (0),1,,13,[CUDA memset]
1842553249,32831,10873,,,,,,,,,,0.825,25139.153,Pinned,Device,NVIDIA A100-SXM4-40GB (0),1,,13,[CUDA memcpy Host-to-Device]
1842588384,6912,10874,,,,,,,,,,0.131,18962.842,Pinned,Device,NVIDIA A100-SXM4-40GB (0),1,,13,[CUDA memcpy Host-to-Device]
1842605152,8096,10875,69,4,1,48,1,1,76,0.002,0.000,,,,,NVIDIA A100-SXM4-40GB (0),1,,13,"void ch_est::windowedChEstPreNoDftSOfdmKernel<float, __half, float, (unsigned int)2, (unsigned int)1, (unsigned short)4>(ch_est::puschRxChEstStatDescr_t *, ch_est::puschRxChEstDynDescr_t *)"
1842614592,6752,10876,137,2,1,24,2,1,44,0.001,0.001,,,,,NVIDIA A100-SXM4-40GB (0),1,,13,"void ch_est::chEstFilterNoDftSOfdmDispatchKernel<float, __half, float, (unsigned int)2>(ch_est::puschRxChEstStatDescr_t *, ch_est::puschRxChEstDynDescr_t *)"
1842622688,5152,10877,137,2,1,24,2,1,44,0.001,0.001,,,,,NVIDIA A100-SXM4-40GB (0),1,,13,"void ch_est::chEstFilterNoDftSOfdmDispatchKernel<float, __half, float, (unsigned int)2>(ch_est::puschRxChEstStatDescr_t *, ch_est::puschRxChEstDynDescr_t *)"
1842628960,2592,10888,103,1,1,128,1,1,16,0.000,0.000,,,,,NVIDIA A100-SXM4-40GB (0),1,,13,cupy_copy__complex64_complex64
1842632672,16319,10898,1434,1,1,128,1,1,16,0.000,0.000,,,,,NVIDIA A100-SXM4-40GB (0),1,,13,cupy_copy__complex64_complex64
1842650143,2528,10905,103,1,1,128,1,1,16,0.000,0.000,,,,,NVIDIA A100-SXM4-40GB (0),1,,13,cupy_copy__complex64_complex64
1842653695,86431,10912,1,1,1,32,32,1,30,0.000,0.000,,,,,NVIDIA A100-SXM4-40GB (0),1,,13,"void convert_kernel<__half2, float2>(tensor_layout_any, T1 *, tensor_layout_any, const T2 *)"
1842908796,4320,10915,,,,,,,,,,0.061,14222.193,Pinned,Device,NVIDIA A100-SXM4-40GB (0),1,,13,[CUDA memcpy Host-to-Device]
1842924668,46688,10916,,,,,,,,,,35.801,766784.961,Device,,NVIDIA A100-SXM4-40GB (0),1,,13,[CUDA memset]
1842972412,1984,10918,,,,,,,,,,0.000,40.323,Pinned,Device,NVIDIA A100-SXM4-40GB (0),1,,13,[CUDA memcpy Host-to-Device]
1842976732,7327,10919,,,,,,,,,,0.131,17888.838,Pinned,Device,NVIDIA A100-SXM4-40GB (0),1,,13,[CUDA memcpy Host-to-Device]
1842990203,9824,10920,273,1,1,48,1,1,40,0.000,0.001,,,,,NVIDIA A100-SXM4-40GB (0),1,,13,"void pusch_noise_intf_est::noiseIntfEstNoDftSOfdmKernel<float, __half, float, float, (unsigned int)2, (unsigned int)1, (unsigned char)4, (unsigned char)4>(pusch_noise_intf_est::puschRxNoiseIntfEstDynDescr)"
1843001211,2848,10931,35,1,1,128,1,1,16,0.000,0.000,,,,,NVIDIA A100-SXM4-40GB (0),1,,13,cupy_copy__complex64_complex64
1843011003,1728,10940,1,1,1,1,1,1,18,0.000,0.000,,,,,NVIDIA A100-SXM4-40GB (0),1,,13,cupy_copy__float32_float32
1843044923,1824,10946,,,,,,,,,,0.000,2.193,Device,Pageable,NVIDIA A100-SXM4-40GB (0),1,,7,[CUDA memcpy Device-to-Host]
1843103546,16512,10957,1434,1,1,128,1,1,16,0.000,0.000,,,,,NVIDIA A100-SXM4-40GB (0),1,,13,cupy_copy__complex64_complex64
1843130650,2848,10964,103,1,1,128,1,1,16,0.000,0.000,,,,,NVIDIA A100-SXM4-40GB (0),1,,13,cupy_copy__complex64_complex64
1843151545,2304,10971,35,1,1,128,1,1,16,0.000,0.000,,,,,NVIDIA A100-SXM4-40GB (0),1,,13,cupy_copy__complex64_complex64
1843169913,1696,10978,1,1,1,1,1,1,18,0.000,0.000,,,,,NVIDIA A100-SXM4-40GB (0),1,,13,cupy_copy__float32_float32
1843433494,86975,10989,1,1,1,32,32,1,30,0.000,0.000,,,,,NVIDIA A100-SXM4-40GB (0),1,,13,"void convert_kernel<__half2, float2>(tensor_layout_any, T1 *, tensor_layout_any, const T2 *)"
1843551445,4288,10992,,,,,,,,,,0.061,14328.300,Pinned,Device,NVIDIA A100-SXM4-40GB (0),1,,13,[CUDA memcpy Host-to-Device]
1843566965,3584,10993,,,,,,,,,,1.547,431534.389,Device,,NVIDIA A100-SXM4-40GB (0),1,,13,[CUDA memset]
1843573652,2848,10998,,,,,,,,,,0.021,7393.246,Pinned,Device,NVIDIA A100-SXM4-40GB (0),1,,13,[CUDA memcpy Host-to-Device]
1843578804,7136,10999,,,,,,,,,,0.131,18367.644,Pinned,Device,NVIDIA A100-SXM4-40GB (0),1,,13,[CUDA memcpy Host-to-Device]
1843590676,6560,11000,273,1,1,8,4,1,39,0.002,0.000,,,,,NVIDIA A100-SXM4-40GB (0),1,,13,"void channel_eq::eqMmseCoefCompLowMimoKernel<float, float, float, (unsigned int)4, (unsigned int)1, (unsigned int)4>(const channel_eq::_puschRxChEqStatDescr *, channel_eq::_puschRxChEqCoefCompDynDescr)"
1843598580,5728,11001,273,1,1,12,11,1,40,0.002,0.000,,,,,NVIDIA A100-SXM4-40GB (0),1,,13,"void channel_eq::eqMmseSoftDemapKernel<float, __half, __half, float, (unsigned int)4, (unsigned short)16383>(channel_eq::_puschRxChEqStatDescr *, channel_eq::_puschRxChEqSoftDemapDynDescr)"
1843605364,307452,11002,1,1,1,32,32,1,30,0.000,0.000,,,,,NVIDIA A100-SXM4-40GB (0),1,,13,"void convert_kernel<float2, __half2>(tensor_layout_any, T1 *, tensor_layout_any, const T2 *)"
1843914000,13664,11014,2253,1,1,128,1,1,16,0.000,0.000,,,,,NVIDIA A100-SXM4-40GB (0),1,,13,cupy_copy__float16_float16
1843928848,2784,11023,282,1,1,128,1,1,16,0.000,0.000,,,,,NVIDIA A100-SXM4-40GB (0),1,,13,cupy_copy__complex64_complex64
1843932656,2048,11032,26,1,1,128,1,1,16,0.000,0.000,,,,,NVIDIA A100-SXM4-40GB (0),1,,13,cupy_copy__float32_float32
1843935760,3008,11041,103,1,1,128,1,1,16,0.000,0.000,,,,,NVIDIA A100-SXM4-40GB (0),1,,13,cupy_copy__complex64_complex64
1843939792,15328,11051,1434,1,1,128,1,1,16,0.000,0.000,,,,,NVIDIA A100-SXM4-40GB (0),1,,13,cupy_copy__complex64_complex64
1844651752,87199,11056,1,1,1,32,32,1,30,0.000,0.000,,,,,NVIDIA A100-SXM4-40GB (0),1,,13,"void convert_kernel<__half2, float2>(tensor_layout_any, T1 *, tensor_layout_any, const T2 *)"
1844908517,4288,11059,,,,,,,,,,0.061,14328.300,Pinned,Device,NVIDIA A100-SXM4-40GB (0),1,,13,[CUDA memcpy Host-to-Device]
1844921157,588185,11060,,,,,,,,,,456.520,776084.816,Device,,NVIDIA A100-SXM4-40GB (0),1,,13,[CUDA memset]
1845512254,32895,11065,,,,,,,,,,0.825,25089.632,Pinned,Device,NVIDIA A100-SXM4-40GB (0),1,,13,[CUDA memcpy Host-to-Device]
1845547453,6880,11066,,,,,,,,,,0.131,19051.053,Pinned,Device,NVIDIA A100-SXM4-40GB (0),1,,13,[CUDA memcpy Host-to-Device]
1845562461,8352,11067,69,4,1,48,1,1,76,0.002,0.000,,,,,NVIDIA A100-SXM4-40GB (0),1,,13,"void ch_est::windowedChEstPreNoDftSOfdmKernel<float, __half, float, (unsigned int)2, (unsigned int)1, (unsigned short)4>(ch_est::puschRxChEstStatDescr_t *, ch_est::puschRxChEstDynDescr_t *)"
1845571933,7200,11068,137,2,1,24,2,1,44,0.001,0.001,,,,,NVIDIA A100-SXM4-40GB (0),1,,13,"void ch_est::chEstFilterNoDftSOfdmDispatchKernel<float, __half, float, (unsigned int)2>(ch_est::puschRxChEstStatDescr_t *, ch_est::puschRxChEstDynDescr_t *)"
1845580221,5184,11069,137,2,1,24,2,1,44,0.001,0.001,,,,,NVIDIA A100-SXM4-40GB (0),1,,13,"void ch_est::chEstFilterNoDftSOfdmDispatchKernel<float, __half, float, (unsigned int)2>(ch_est::puschRxChEstStatDescr_t *, ch_est::puschRxChEstDynDescr_t *)"
1845586493,2624,11080,103,1,1,128,1,1,16,0.000,0.000,,,,,NVIDIA A100-SXM4-40GB (0),1,,13,cupy_copy__complex64_complex64
1845590301,16447,11090,1434,1,1,128,1,1,16,0.000,0.000,,,,,NVIDIA A100-SXM4-40GB (0),1,,13,cupy_copy__complex64_complex64
1845608060,2528,11097,103,1,1,128,1,1,16,0.000,0.000,,,,,NVIDIA A100-SXM4-40GB (0),1,,13,cupy_copy__complex64_complex64
1845611612,86175,11104,1,1,1,32,32,1,30,0.000,0.000,,,,,NVIDIA A100-SXM4-40GB (0),1,,13,"void convert_kernel<__half2, float2>(tensor_layout_any, T1 *, tensor_layout_any, const T2 *)"
1845729819,4320,11107,,,,,,,,,,0.061,14222.193,Pinned,Device,NVIDIA A100-SXM4-40GB (0),1,,13,[CUDA memcpy Host-to-Device]
1845742971,46815,11108,,,,,,,,,,35.801,764708.506,Device,,NVIDIA A100-SXM4-40GB (0),1,,13,[CUDA memset]
1845795866,2016,11110,,,,,,,,,,0.000,39.682,Pinned,Device,NVIDIA A100-SXM4-40GB (0),1,,13,[CUDA memcpy Host-to-Device]
1845800186,6912,11111,,,,,,,,,,0.131,18962.842,Pinned,Device,NVIDIA A100-SXM4-40GB (0),1,,13,[CUDA memcpy Host-to-Device]
1845818234,9248,11112,273,1,1,48,1,1,40,0.000,0.001,,,,,NVIDIA A100-SXM4-40GB (0),1,,13,"void pusch_noise_intf_est::noiseIntfEstNoDftSOfdmKernel<float, __half, float, float, (unsigned int)2, (unsigned int)1, (unsigned char)4, (unsigned char)4>(pusch_noise_intf_est::puschRxNoiseIntfEstDynDescr)"
1845828602,2784,11123,35,1,1,128,1,1,16,0.000,0.000,,,,,NVIDIA A100-SXM4-40GB (0),1,,13,cupy_copy__complex64_complex64
1845856025,1760,11132,1,1,1,1,1,1,18,0.000,0.000,,,,,NVIDIA A100-SXM4-40GB (0),1,,13,cupy_copy__float32_float32
1845891641,1824,11138,,,,,,,,,,0.000,2.193,Device,Pageable,NVIDIA A100-SXM4-40GB (0),1,,7,[CUDA memcpy Device-to-Host]
1845950072,16576,11149,1434,1,1,128,1,1,16,0.000,0.000,,,,,NVIDIA A100-SXM4-40GB (0),1,,13,cupy_copy__complex64_complex64
1845977304,2784,11156,103,1,1,128,1,1,16,0.000,0.000,,,,,NVIDIA A100-SXM4-40GB (0),1,,13,cupy_copy__complex64_complex64
1845998232,2336,11163,35,1,1,128,1,1,16,0.000,0.000,,,,,NVIDIA A100-SXM4-40GB (0),1,,13,cupy_copy__complex64_complex64
1846016312,1696,11170,1,1,1,1,1,1,18,0.000,0.000,,,,,NVIDIA A100-SXM4-40GB (0),1,,13,cupy_copy__float32_float32
1846150806,86463,11181,1,1,1,32,32,1,30,0.000,0.000,,,,,NVIDIA A100-SXM4-40GB (0),1,,13,"void convert_kernel<__half2, float2>(tensor_layout_any, T1 *, tensor_layout_any, const T2 *)"
1846265205,4640,11184,,,,,,,,,,0.061,13241.364,Pinned,Device,NVIDIA A100-SXM4-40GB (0),1,,13,[CUDA memcpy Host-to-Device]
1846280468,3584,11185,,,,,,,,,,1.547,431534.389,Device,,NVIDIA A100-SXM4-40GB (0),1,,13,[CUDA memset]
1846287380,2816,11190,,,,,,,,,,0.021,7477.259,Pinned,Device,NVIDIA A100-SXM4-40GB (0),1,,13,[CUDA memcpy Host-to-Device]
1846292500,7552,11191,,,,,,,,,,0.131,17355.899,Pinned,Device,NVIDIA A100-SXM4-40GB (0),1,,13,[CUDA memcpy Host-to-Device]
1846304628,6528,11192,273,1,1,8,4,1,39,0.002,0.000,,,,,NVIDIA A100-SXM4-40GB (0),1,,13,"void channel_eq::eqMmseCoefCompLowMimoKernel<float, float, float, (unsigned int)4, (unsigned int)1, (unsigned int)4>(const channel_eq::_puschRxChEqStatDescr *, channel_eq::_puschRxChEqCoefCompDynDescr)"
1846312500,5600,11193,273,1,1,12,11,1,40,0.002,0.000,,,,,NVIDIA A100-SXM4-40GB (0),1,,13,"void channel_eq::eqMmseSoftDemapKernel<float, __half, __half, float, (unsigned int)4, (unsigned short)16383>(channel_eq::_puschRxChEqStatDescr *, channel_eq::_puschRxChEqSoftDemapDynDescr)"
1846319284,307068,11194,1,1,1,32,32,1,30,0.000,0.000,,,,,NVIDIA A100-SXM4-40GB (0),1,,13,"void convert_kernel<float2, __half2>(tensor_layout_any, T1 *, tensor_layout_any, const T2 *)"
1846627504,13600,11206,2253,1,1,128,1,1,16,0.000,0.000,,,,,NVIDIA A100-SXM4-40GB (0),1,,13,cupy_copy__float16_float16
1846642128,2912,11215,282,1,1,128,1,1,16,0.000,0.000,,,,,NVIDIA A100-SXM4-40GB (0),1,,13,cupy_copy__complex64_complex64
1846646160,2048,11224,26,1,1,128,1,1,16,0.000,0.000,,,,,NVIDIA A100-SXM4-40GB (0),1,,13,cupy_copy__float32_float32
1846649552,3104,11233,103,1,1,128,1,1,16,0.000,0.000,,,,,NVIDIA A100-SXM4-40GB (0),1,,13,cupy_copy__complex64_complex64
1846653872,15168,11243,1434,1,1,128,1,1,16,0.000,0.000,,,,,NVIDIA A100-SXM4-40GB (0),1,,13,cupy_copy__complex64_complex64
1846670192,86847,11248,1,1,1,32,32,1,30,0.000,0.000,,,,,NVIDIA A100-SXM4-40GB (0),1,,13,"void convert_kernel<__half2, float2>(tensor_layout_any, T1 *, tensor_layout_any, const T2 *)"
1846784335,4287,11251,,,,,,,,,,0.061,14331.679,Pinned,Device,NVIDIA A100-SXM4-40GB (0),1,,13,[CUDA memcpy Host-to-Device]
1846794894,587801,11252,,,,,,,,,,456.520,776541.336,Device,,NVIDIA A100-SXM4-40GB (0),1,,13,[CUDA memset]
1847385127,32800,11257,,,,,,,,,,0.825,25162.263,Pinned,Device,NVIDIA A100-SXM4-40GB (0),1,,13,[CUDA memcpy Host-to-Device]
1847420231,6912,11258,,,,,,,,,,0.131,18962.842,Pinned,Device,NVIDIA A100-SXM4-40GB (0),1,,13,[CUDA memcpy Host-to-Device]
1847437351,8064,11259,69,4,1,48,1,1,76,0.002,0.000,,,,,NVIDIA A100-SXM4-40GB (0),1,,13,"void ch_est::windowedChEstPreNoDftSOfdmKernel<float, __half, float, (unsigned int)2, (unsigned int)1, (unsigned short)4>(ch_est::puschRxChEstStatDescr_t *, ch_est::puschRxChEstDynDescr_t *)"
1847446567,6592,11260,137,2,1,24,2,1,44,0.001,0.001,,,,,NVIDIA A100-SXM4-40GB (0),1,,13,"void ch_est::chEstFilterNoDftSOfdmDispatchKernel<float, __half, float, (unsigned int)2>(ch_est::puschRxChEstStatDescr_t *, ch_est::puschRxChEstDynDescr_t *)"
1847454247,5152,11261,137,2,1,24,2,1,44,0.001,0.001,,,,,NVIDIA A100-SXM4-40GB (0),1,,13,"void ch_est::chEstFilterNoDftSOfdmDispatchKernel<float, __half, float, (unsigned int)2>(ch_est::puschRxChEstStatDescr_t *, ch_est::puschRxChEstDynDescr_t *)"
1847460550,2592,11272,103,1,1,128,1,1,16,0.000,0.000,,,,,NVIDIA A100-SXM4-40GB (0),1,,13,cupy_copy__complex64_complex64
1847464326,16736,11282,1434,1,1,128,1,1,16,0.000,0.000,,,,,NVIDIA A100-SXM4-40GB (0),1,,13,cupy_copy__complex64_complex64
1847482374,2528,11289,103,1,1,128,1,1,16,0.000,0.000,,,,,NVIDIA A100-SXM4-40GB (0),1,,13,cupy_copy__complex64_complex64
1847486086,86399,11296,1,1,1,32,32,1,30,0.000,0.000,,,,,NVIDIA A100-SXM4-40GB (0),1,,13,"void convert_kernel<__half2, float2>(tensor_layout_any, T1 *, tensor_layout_any, const T2 *)"
1847600485,4288,11299,,,,,,,,,,0.061,14328.300,Pinned,Device,NVIDIA A100-SXM4-40GB (0),1,,13,[CUDA memcpy Host-to-Device]
1847612965,46623,11300,,,,,,,,,,35.801,767858.990,Device,,NVIDIA A100-SXM4-40GB (0),1,,13,[CUDA memset]
1847660644,2016,11302,,,,,,,,,,0.000,39.682,Pinned,Device,NVIDIA A100-SXM4-40GB (0),1,,13,[CUDA memcpy Host-to-Device]
1847664964,7072,11303,,,,,,,,,,0.131,18533.843,Pinned,Device,NVIDIA A100-SXM4-40GB (0),1,,13,[CUDA memcpy Host-to-Device]
1847682884,9312,11304,273,1,1,48,1,1,40,0.000,0.001,,,,,NVIDIA A100-SXM4-40GB (0),1,,13,"void pusch_noise_intf_est::noiseIntfEstNoDftSOfdmKernel<float, __half, float, float, (unsigned int)2, (unsigned int)1, (unsigned char)4, (unsigned char)4>(pusch_noise_intf_est::puschRxNoiseIntfEstDynDescr)"
1847693348,2912,11315,35,1,1,128,1,1,16,0.000,0.000,,,,,NVIDIA A100-SXM4-40GB (0),1,,13,cupy_copy__complex64_complex64
1847725219,1760,11324,1,1,1,1,1,1,18,0.000,0.000,,,,,NVIDIA A100-SXM4-40GB (0),1,,13,cupy_copy__float32_float32
1847759139,1760,11330,,,,,,,,,,0.000,2.273,Device,Pageable,NVIDIA A100-SXM4-40GB (0),1,,7,[CUDA memcpy Device-to-Host]
1847816674,16608,11341,1434,1,1,128,1,1,16,0.000,0.000,,,,,NVIDIA A100-SXM4-40GB (0),1,,13,cupy_copy__complex64_complex64
1847843362,2784,11348,103,1,1,128,1,1,16,0.000,0.000,,,,,NVIDIA A100-SXM4-40GB (0),1,,13,cupy_copy__complex64_complex64
1847863458,2304,11355,35,1,1,128,1,1,16,0.000,0.000,,,,,NVIDIA A100-SXM4-40GB (0),1,,13,cupy_copy__complex64_complex64
1847882114,1663,11362,1,1,1,1,1,1,18,0.000,0.000,,,,,NVIDIA A100-SXM4-40GB (0),1,,13,cupy_copy__float32_float32
1848025984,86079,11373,1,1,1,32,32,1,30,0.000,0.000,,,,,NVIDIA A100-SXM4-40GB (0),1,,13,"void convert_kernel<__half2, float2>(tensor_layout_any, T1 *, tensor_layout_any, const T2 *)"
1848140126,4288,11376,,,,,,,,,,0.061,14328.300,Pinned,Device,NVIDIA A100-SXM4-40GB (0),1,,13,[CUDA memcpy Host-to-Device]
1848154654,3616,11377,,,,,,,,,,1.547,427715.774,Device,,NVIDIA A100-SXM4-40GB (0),1,,13,[CUDA memset]
1848161374,2816,11382,,,,,,,,,,0.021,7477.259,Pinned,Device,NVIDIA A100-SXM4-40GB (0),1,,13,[CUDA memcpy Host-to-Device]
1848166494,6912,11383,,,,,,,,,,0.131,18962.842,Pinned,Device,NVIDIA A100-SXM4-40GB (0),1,,13,[CUDA memcpy Host-to-Device]
1848177790,6720,11384,273,1,1,8,4,1,39,0.002,0.000,,,,,NVIDIA A100-SXM4-40GB (0),1,,13,"void channel_eq::eqMmseCoefCompLowMimoKernel<float, float, float, (unsigned int)4, (unsigned int)1, (unsigned int)4>(const channel_eq::_puschRxChEqStatDescr *, channel_eq::_puschRxChEqCoefCompDynDescr)"
1848185758,5792,11385,273,1,1,12,11,1,40,0.002,0.000,,,,,NVIDIA A100-SXM4-40GB (0),1,,13,"void channel_eq::eqMmseSoftDemapKernel<float, __half, __half, float, (unsigned int)4, (unsigned short)16383>(channel_eq::_puschRxChEqStatDescr *, channel_eq::_puschRxChEqSoftDemapDynDescr)"
1848192894,307772,11386,1,1,1,32,32,1,30,0.000,0.000,,,,,NVIDIA A100-SXM4-40GB (0),1,,13,"void convert_kernel<float2, __half2>(tensor_layout_any, T1 *, tensor_layout_any, const T2 *)"
1848501850,13728,11398,2253,1,1,128,1,1,16,0.000,0.000,,,,,NVIDIA A100-SXM4-40GB (0),1,,13,cupy_copy__float16_float16
1848516730,2816,11407,282,1,1,128,1,1,16,0.000,0.000,,,,,NVIDIA A100-SXM4-40GB (0),1,,13,cupy_copy__complex64_complex64
1848520858,2048,11416,26,1,1,128,1,1,16,0.000,0.000,,,,,NVIDIA A100-SXM4-40GB (0),1,,13,cupy_copy__float32_float32
1848523962,3008,11425,103,1,1,128,1,1,16,0.000,0.000,,,,,NVIDIA A100-SXM4-40GB (0),1,,13,cupy_copy__complex64_complex64
1848527994,15328,11435,1434,1,1,128,1,1,16,0.000,0.000,,,,,NVIDIA A100-SXM4-40GB (0),1,,13,cupy_copy__complex64_complex64
1848544346,87007,11440,1,1,1,32,32,1,30,0.000,0.000,,,,,NVIDIA A100-SXM4-40GB (0),1,,13,"void convert_kernel<__half2, float2>(tensor_layout_any, T1 *, tensor_layout_any, const T2 *)"
1848801911,4288,11443,,,,,,,,,,0.061,14328.300,Pinned,Device,NVIDIA A100-SXM4-40GB (0),1,,13,[CUDA memcpy Host-to-Device]
1848811511,588633,11444,,,,,,,,,,456.520,775171.775,Device,,NVIDIA A100-SXM4-40GB (0),1,,13,[CUDA memset]
1849402384,32799,11449,,,,,,,,,,0.825,25163.088,Pinned,Device,NVIDIA A100-SXM4-40GB (0),1,,13,[CUDA memcpy Host-to-Device]
1849437487,6912,11450,,,,,,,,,,0.131,18962.842,Pinned,Device,NVIDIA A100-SXM4-40GB (0),1,,13,[CUDA memcpy Host-to-Device]
1849452591,7680,11451,69,4,1,48,1,1,76,0.002,0.000,,,,,NVIDIA A100-SXM4-40GB (0),1,,13,"void ch_est::windowedChEstPreNoDftSOfdmKernel<float, __half, float, (unsigned int)2, (unsigned int)1, (unsigned short)4>(ch_est::puschRxChEstStatDescr_t *, ch_est::puschRxChEstDynDescr_t *)"
1849461615,7040,11452,137,2,1,24,2,1,44,0.001,0.001,,,,,NVIDIA A100-SXM4-40GB (0),1,,13,"void ch_est::chEstFilterNoDftSOfdmDispatchKernel<float, __half, float, (unsigned int)2>(ch_est::puschRxChEstStatDescr_t *, ch_est::puschRxChEstDynDescr_t *)"
1849469999,5184,11453,137,2,1,24,2,1,44,0.001,0.001,,,,,NVIDIA A100-SXM4-40GB (0),1,,13,"void ch_est::chEstFilterNoDftSOfdmDispatchKernel<float, __half, float, (unsigned int)2>(ch_est::puschRxChEstStatDescr_t *, ch_est::puschRxChEstDynDescr_t *)"
1849476495,3104,11464,103,1,1,128,1,1,16,0.000,0.000,,,,,NVIDIA A100-SXM4-40GB (0),1,,13,cupy_copy__complex64_complex64
1849480911,16799,11474,1434,1,1,128,1,1,16,0.000,0.000,,,,,NVIDIA A100-SXM4-40GB (0),1,,13,cupy_copy__complex64_complex64
1849498862,2560,11481,103,1,1,128,1,1,16,0.000,0.000,,,,,NVIDIA A100-SXM4-40GB (0),1,,13,cupy_copy__complex64_complex64
1849502766,86975,11488,1,1,1,32,32,1,30,0.000,0.000,,,,,NVIDIA A100-SXM4-40GB (0),1,,13,"void convert_kernel<__half2, float2>(tensor_layout_any, T1 *, tensor_layout_any, const T2 *)"
1849620077,4320,11491,,,,,,,,,,0.061,14222.193,Pinned,Device,NVIDIA A100-SXM4-40GB (0),1,,13,[CUDA memcpy Host-to-Device]
1849632941,46463,11492,,,,,,,,,,35.801,770508.261,Device,,NVIDIA A100-SXM4-40GB (0),1,,13,[CUDA memset]
1849685996,2016,11494,,,,,,,,,,0.000,39.682,Pinned,Device,NVIDIA A100-SXM4-40GB (0),1,,13,[CUDA memcpy Host-to-Device]
1849690316,6912,11495,,,,,,,,,,0.131,18962.842,Pinned,Device,NVIDIA A100-SXM4-40GB (0),1,,13,[CUDA memcpy Host-to-Device]
1849708140,9344,11496,273,1,1,48,1,1,40,0.000,0.001,,,,,NVIDIA A100-SXM4-40GB (0),1,,13,"void pusch_noise_intf_est::noiseIntfEstNoDftSOfdmKernel<float, __half, float, float, (unsigned int)2, (unsigned int)1, (unsigned char)4, (unsigned char)4>(pusch_noise_intf_est::puschRxNoiseIntfEstDynDescr)"
1849718700,2816,11507,35,1,1,128,1,1,16,0.000,0.000,,,,,NVIDIA A100-SXM4-40GB (0),1,,13,cupy_copy__complex64_complex64
1849746507,1760,11516,1,1,1,1,1,1,18,0.000,0.000,,,,,NVIDIA A100-SXM4-40GB (0),1,,13,cupy_copy__float32_float32
1849782475,2016,11522,,,,,,,,,,0.000,1.984,Device,Pageable,NVIDIA A100-SXM4-40GB (0),1,,7,[CUDA memcpy Device-to-Host]
1849841418,16672,11533,1434,1,1,128,1,1,16,0.000,0.000,,,,,NVIDIA A100-SXM4-40GB (0),1,,13,cupy_copy__complex64_complex64
1849868330,2816,11540,103,1,1,128,1,1,16,0.000,0.000,,,,,NVIDIA A100-SXM4-40GB (0),1,,13,cupy_copy__complex64_complex64
1849888970,2336,11547,35,1,1,128,1,1,16,0.000,0.000,,,,,NVIDIA A100-SXM4-40GB (0),1,,13,cupy_copy__complex64_complex64
1849910986,1695,11554,1,1,1,1,1,1,18,0.000,0.000,,,,,NVIDIA A100-SXM4-40GB (0),1,,13,cupy_copy__float32_float32
1850045544,87263,11565,1,1,1,32,32,1,30,0.000,0.000,,,,,NVIDIA A100-SXM4-40GB (0),1,,13,"void convert_kernel<__half2, float2>(tensor_layout_any, T1 *, tensor_layout_any, const T2 *)"
1850299429,4288,11568,,,,,,,,,,0.061,14328.300,Pinned,Device,NVIDIA A100-SXM4-40GB (0),1,,13,[CUDA memcpy Host-to-Device]
1850308869,3584,11569,,,,,,,,,,1.547,431534.389,Device,,NVIDIA A100-SXM4-40GB (0),1,,13,[CUDA memset]
1850317189,2848,11574,,,,,,,,,,0.021,7393.246,Pinned,Device,NVIDIA A100-SXM4-40GB (0),1,,13,[CUDA memcpy Host-to-Device]
1850322341,6880,11575,,,,,,,,,,0.131,19051.053,Pinned,Device,NVIDIA A100-SXM4-40GB (0),1,,13,[CUDA memcpy Host-to-Device]
1850334244,6560,11576,273,1,1,8,4,1,39,0.002,0.000,,,,,NVIDIA A100-SXM4-40GB (0),1,,13,"void channel_eq::eqMmseCoefCompLowMimoKernel<float, float, float, (unsigned int)4, (unsigned int)1, (unsigned int)4>(const channel_eq::_puschRxChEqStatDescr *, channel_eq::_puschRxChEqCoefCompDynDescr)"
1850342116,5696,11577,273,1,1,12,11,1,40,0.002,0.000,,,,,NVIDIA A100-SXM4-40GB (0),1,,13,"void channel_eq::eqMmseSoftDemapKernel<float, __half, __half, float, (unsigned int)4, (unsigned short)16383>(channel_eq::_puschRxChEqStatDescr *, channel_eq::_puschRxChEqSoftDemapDynDescr)"
1850349124,307709,11578,1,1,1,32,32,1,30,0.000,0.000,,,,,NVIDIA A100-SXM4-40GB (0),1,,13,"void convert_kernel<float2, __half2>(tensor_layout_any, T1 *, tensor_layout_any, const T2 *)"
1850657985,13600,11590,2253,1,1,128,1,1,16,0.000,0.000,,,,,NVIDIA A100-SXM4-40GB (0),1,,13,cupy_copy__float16_float16
1850672896,2880,11599,282,1,1,128,1,1,16,0.000,0.000,,,,,NVIDIA A100-SXM4-40GB (0),1,,13,cupy_copy__complex64_complex64
1850676992,2048,11608,26,1,1,128,1,1,16,0.000,0.000,,,,,NVIDIA A100-SXM4-40GB (0),1,,13,cupy_copy__float32_float32
1850680352,3072,11617,103,1,1,128,1,1,16,0.000,0.000,,,,,NVIDIA A100-SXM4-40GB (0),1,,13,cupy_copy__complex64_complex64
1850684736,15584,11627,1434,1,1,128,1,1,16,0.000,0.000,,,,,NVIDIA A100-SXM4-40GB (0),1,,13,cupy_copy__complex64_complex64
1850803679,87167,11632,1,1,1,32,32,1,30,0.000,0.000,,,,,NVIDIA A100-SXM4-40GB (0),1,,13,"void convert_kernel<__half2, float2>(tensor_layout_any, T1 *, tensor_layout_any, const T2 *)"
1850921502,4287,11635,,,,,,,,,,0.061,14331.679,Pinned,Device,NVIDIA A100-SXM4-40GB (0),1,,13,[CUDA memcpy Host-to-Device]
1850932989,588089,11636,,,,,,,,,,456.520,776084.816,Device,,NVIDIA A100-SXM4-40GB (0),1,,13,[CUDA memset]
1851526134,32960,11641,,,,,,,,,,0.825,25040.112,Pinned,Device,NVIDIA A100-SXM4-40GB (0),1,,13,[CUDA memcpy Host-to-Device]
1851561398,6880,11642,,,,,,,,,,0.131,19051.053,Pinned,Device,NVIDIA A100-SXM4-40GB (0),1,,13,[CUDA memcpy Host-to-Device]
1851575318,7936,11643,69,4,1,48,1,1,76,0.002,0.000,,,,,NVIDIA A100-SXM4-40GB (0),1,,13,"void ch_est::windowedChEstPreNoDftSOfdmKernel<float, __half, float, (unsigned int)2, (unsigned int)1, (unsigned short)4>(ch_est::puschRxChEstStatDescr_t *, ch_est::puschRxChEstDynDescr_t *)"
1851584598,6784,11644,137,2,1,24,2,1,44,0.001,0.001,,,,,NVIDIA A100-SXM4-40GB (0),1,,13,"void ch_est::chEstFilterNoDftSOfdmDispatchKernel<float, __half, float, (unsigned int)2>(ch_est::puschRxChEstStatDescr_t *, ch_est::puschRxChEstDynDescr_t *)"
1851592694,5184,11645,137,2,1,24,2,1,44,0.001,0.001,,,,,NVIDIA A100-SXM4-40GB (0),1,,13,"void ch_est::chEstFilterNoDftSOfdmDispatchKernel<float, __half, float, (unsigned int)2>(ch_est::puschRxChEstStatDescr_t *, ch_est::puschRxChEstDynDescr_t *)"
1851598998,2624,11656,103,1,1,128,1,1,16,0.000,0.000,,,,,NVIDIA A100-SXM4-40GB (0),1,,13,cupy_copy__complex64_complex64
1851602645,16448,11666,1434,1,1,128,1,1,16,0.000,0.000,,,,,NVIDIA A100-SXM4-40GB (0),1,,13,cupy_copy__complex64_complex64
1851620149,2528,11673,103,1,1,128,1,1,16,0.000,0.000,,,,,NVIDIA A100-SXM4-40GB (0),1,,13,cupy_copy__complex64_complex64
1851623701,86495,11680,1,1,1,32,32,1,30,0.000,0.000,,,,,NVIDIA A100-SXM4-40GB (0),1,,13,"void convert_kernel<__half2, float2>(tensor_layout_any, T1 *, tensor_layout_any, const T2 *)"
1851738548,4480,11683,,,,,,,,,,0.061,13714.268,Pinned,Device,NVIDIA A100-SXM4-40GB (0),1,,13,[CUDA memcpy Host-to-Device]
1851751412,46527,11684,,,,,,,,,,35.801,769434.232,Device,,NVIDIA A100-SXM4-40GB (0),1,,13,[CUDA memset]
1851803603,2016,11686,,,,,,,,,,0.000,39.682,Pinned,Device,NVIDIA A100-SXM4-40GB (0),1,,13,[CUDA memcpy Host-to-Device]
1851807923,7040,11687,,,,,,,,,,0.131,18618.122,Pinned,Device,NVIDIA A100-SXM4-40GB (0),1,,13,[CUDA memcpy Host-to-Device]
1851821235,8992,11688,273,1,1,48,1,1,40,0.000,0.001,,,,,NVIDIA A100-SXM4-40GB (0),1,,13,"void pusch_noise_intf_est::noiseIntfEstNoDftSOfdmKernel<float, __half, float, float, (unsigned int)2, (unsigned int)1, (unsigned char)4, (unsigned char)4>(pusch_noise_intf_est::puschRxNoiseIntfEstDynDescr)"
1851831315,2880,11699,35,1,1,128,1,1,16,0.000,0.000,,,,,NVIDIA A100-SXM4-40GB (0),1,,13,cupy_copy__complex64_complex64
1851858642,1728,11708,1,1,1,1,1,1,18,0.000,0.000,,,,,NVIDIA A100-SXM4-40GB (0),1,,13,cupy_copy__float32_float32
1851893362,1920,11714,,,,,,,,,,0.000,2.083,Device,Pageable,NVIDIA A100-SXM4-40GB (0),1,,7,[CUDA memcpy Device-to-Host]
1851957905,16576,11725,1434,1,1,128,1,1,16,0.000,0.000,,,,,NVIDIA A100-SXM4-40GB (0),1,,13,cupy_copy__complex64_complex64
1851988305,2848,11732,103,1,1,128,1,1,16,0.000,0.000,,,,,NVIDIA A100-SXM4-40GB (0),1,,13,cupy_copy__complex64_complex64
1852013137,2304,11739,35,1,1,128,1,1,16,0.000,0.000,,,,,NVIDIA A100-SXM4-40GB (0),1,,13,cupy_copy__complex64_complex64
1852032016,1664,11746,1,1,1,1,1,1,18,0.000,0.000,,,,,NVIDIA A100-SXM4-40GB (0),1,,13,cupy_copy__float32_float32
1852260974,87103,11757,1,1,1,32,32,1,30,0.000,0.000,,,,,NVIDIA A100-SXM4-40GB (0),1,,13,"void convert_kernel<__half2, float2>(tensor_layout_any, T1 *, tensor_layout_any, const T2 *)"
1852375084,4320,11760,,,,,,,,,,0.061,14222.193,Pinned,Device,NVIDIA A100-SXM4-40GB (0),1,,13,[CUDA memcpy Host-to-Device]
1852389708,3616,11761,,,,,,,,,,1.547,427715.774,Device,,NVIDIA A100-SXM4-40GB (0),1,,13,[CUDA memset]
1852396300,2816,11766,,,,,,,,,,0.021,7477.259,Pinned,Device,NVIDIA A100-SXM4-40GB (0),1,,13,[CUDA memcpy Host-to-Device]
1852401420,7136,11767,,,,,,,,,,0.131,18367.644,Pinned,Device,NVIDIA A100-SXM4-40GB (0),1,,13,[CUDA memcpy Host-to-Device]
1852413324,6592,11768,273,1,1,8,4,1,39,0.002,0.000,,,,,NVIDIA A100-SXM4-40GB (0),1,,13,"void channel_eq::eqMmseCoefCompLowMimoKernel<float, float, float, (unsigned int)4, (unsigned int)1, (unsigned int)4>(const channel_eq::_puschRxChEqStatDescr *, channel_eq::_puschRxChEqCoefCompDynDescr)"
1852421228,5664,11769,273,1,1,12,11,1,40,0.002,0.000,,,,,NVIDIA A100-SXM4-40GB (0),1,,13,"void channel_eq::eqMmseSoftDemapKernel<float, __half, __half, float, (unsigned int)4, (unsigned short)16383>(channel_eq::_puschRxChEqStatDescr *, channel_eq::_puschRxChEqSoftDemapDynDescr)"
1852428076,307580,11770,1,1,1,32,32,1,30,0.000,0.000,,,,,NVIDIA A100-SXM4-40GB (0),1,,13,"void convert_kernel<float2, __half2>(tensor_layout_any, T1 *, tensor_layout_any, const T2 *)"
1852736840,13472,11782,2253,1,1,128,1,1,16,0.000,0.000,,,,,NVIDIA A100-SXM4-40GB (0),1,,13,cupy_copy__float16_float16
1852751432,2816,11791,282,1,1,128,1,1,16,0.000,0.000,,,,,NVIDIA A100-SXM4-40GB (0),1,,13,cupy_copy__complex64_complex64
1852755560,2048,11800,26,1,1,128,1,1,16,0.000,0.000,,,,,NVIDIA A100-SXM4-40GB (0),1,,13,cupy_copy__float32_float32
1852758952,3008,11809,103,1,1,128,1,1,16,0.000,0.000,,,,,NVIDIA A100-SXM4-40GB (0),1,,13,cupy_copy__complex64_complex64
1852816743,15392,11825,1434,1,1,128,1,1,16,0.000,0.000,,,,,NVIDIA A100-SXM4-40GB (0),1,,13,cupy_copy__complex64_complex64
1852930758,86559,11830,1,1,1,32,32,1,30,0.000,0.000,,,,,NVIDIA A100-SXM4-40GB (0),1,,13,"void convert_kernel<__half2, float2>(tensor_layout_any, T1 *, tensor_layout_any, const T2 *)"
1853044964,4288,11833,,,,,,,,,,0.061,14328.300,Pinned,Device,NVIDIA A100-SXM4-40GB (0),1,,13,[CUDA memcpy Host-to-Device]
1853057412,587769,11834,,,,,,,,,,456.520,776541.336,Device,,NVIDIA A100-SXM4-40GB (0),1,,13,[CUDA memset]
1853646109,32864,11839,,,,,,,,,,0.825,25113.567,Pinned,Device,NVIDIA A100-SXM4-40GB (0),1,,13,[CUDA memcpy Host-to-Device]
1853681277,6912,11840,,,,,,,,,,0.131,18962.842,Pinned,Device,NVIDIA A100-SXM4-40GB (0),1,,13,[CUDA memcpy Host-to-Device]
1853699069,7584,11841,69,4,1,48,1,1,76,0.002,0.000,,,,,NVIDIA A100-SXM4-40GB (0),1,,13,"void ch_est::windowedChEstPreNoDftSOfdmKernel<float, __half, float, (unsigned int)2, (unsigned int)1, (unsigned short)4>(ch_est::puschRxChEstStatDescr_t *, ch_est::puschRxChEstDynDescr_t *)"
1853707741,7327,11842,137,2,1,24,2,1,44,0.001,0.001,,,,,NVIDIA A100-SXM4-40GB (0),1,,13,"void ch_est::chEstFilterNoDftSOfdmDispatchKernel<float, __half, float, (unsigned int)2>(ch_est::puschRxChEstStatDescr_t *, ch_est::puschRxChEstDynDescr_t *)"
1853716284,5184,11843,137,2,1,24,2,1,44,0.001,0.001,,,,,NVIDIA A100-SXM4-40GB (0),1,,13,"void ch_est::chEstFilterNoDftSOfdmDispatchKernel<float, __half, float, (unsigned int)2>(ch_est::puschRxChEstStatDescr_t *, ch_est::puschRxChEstDynDescr_t *)"
1853722588,2592,11854,103,1,1,128,1,1,16,0.000,0.000,,,,,NVIDIA A100-SXM4-40GB (0),1,,13,cupy_copy__complex64_complex64
1853726364,16800,11864,1434,1,1,128,1,1,16,0.000,0.000,,,,,NVIDIA A100-SXM4-40GB (0),1,,13,cupy_copy__complex64_complex64
1853744252,2560,11871,103,1,1,128,1,1,16,0.000,0.000,,,,,NVIDIA A100-SXM4-40GB (0),1,,13,cupy_copy__complex64_complex64
1853748124,87007,11878,1,1,1,32,32,1,30,0.000,0.000,,,,,NVIDIA A100-SXM4-40GB (0),1,,13,"void convert_kernel<__half2, float2>(tensor_layout_any, T1 *, tensor_layout_any, const T2 *)"
1853862907,4320,11881,,,,,,,,,,0.061,14222.193,Pinned,Device,NVIDIA A100-SXM4-40GB (0),1,,13,[CUDA memcpy Host-to-Device]
1853875035,46495,11882,,,,,,,,,,35.801,769971.247,Device,,NVIDIA A100-SXM4-40GB (0),1,,13,[CUDA memset]
1853927354,2016,11884,,,,,,,,,,0.000,39.682,Pinned,Device,NVIDIA A100-SXM4-40GB (0),1,,13,[CUDA memcpy Host-to-Device]
1853931674,7424,11885,,,,,,,,,,0.131,17655.136,Pinned,Device,NVIDIA A100-SXM4-40GB (0),1,,13,[CUDA memcpy Host-to-Device]
1853946938,9248,11886,273,1,1,48,1,1,40,0.000,0.001,,,,,NVIDIA A100-SXM4-40GB (0),1,,13,"void pusch_noise_intf_est::noiseIntfEstNoDftSOfdmKernel<float, __half, float, float, (unsigned int)2, (unsigned int)1, (unsigned char)4, (unsigned char)4>(pusch_noise_intf_est::puschRxNoiseIntfEstDynDescr)"
1853957402,2816,11897,35,1,1,128,1,1,16,0.000,0.000,,,,,NVIDIA A100-SXM4-40GB (0),1,,13,cupy_copy__complex64_complex64
1853983993,1792,11906,1,1,1,1,1,1,18,0.000,0.000,,,,,NVIDIA A100-SXM4-40GB (0),1,,13,cupy_copy__float32_float32
1854018201,1728,11912,,,,,,,,,,0.000,2.315,Device,Pageable,NVIDIA A100-SXM4-40GB (0),1,,7,[CUDA memcpy Device-to-Host]
1854079608,16512,11923,1434,1,1,128,1,1,16,0.000,0.000,,,,,NVIDIA A100-SXM4-40GB (0),1,,13,cupy_copy__complex64_complex64
1854106872,2816,11930,103,1,1,128,1,1,16,0.000,0.000,,,,,NVIDIA A100-SXM4-40GB (0),1,,13,cupy_copy__complex64_complex64
1854128248,2336,11937,35,1,1,128,1,1,16,0.000,0.000,,,,,NVIDIA A100-SXM4-40GB (0),1,,13,cupy_copy__complex64_complex64
1854146743,1696,11944,1,1,1,1,1,1,18,0.000,0.000,,,,,NVIDIA A100-SXM4-40GB (0),1,,13,cupy_copy__float32_float32
1854279798,86399,11955,1,1,1,32,32,1,30,0.000,0.000,,,,,NVIDIA A100-SXM4-40GB (0),1,,13,"void convert_kernel<__half2, float2>(tensor_layout_any, T1 *, tensor_layout_any, const T2 *)"
1854535987,4320,11958,,,,,,,,,,0.061,14222.193,Pinned,Device,NVIDIA A100-SXM4-40GB (0),1,,13,[CUDA memcpy Host-to-Device]
1854546387,3648,11959,,,,,,,,,,1.547,423963.664,Device,,NVIDIA A100-SXM4-40GB (0),1,,13,[CUDA memset]
1854554451,2816,11964,,,,,,,,,,0.021,7477.259,Pinned,Device,NVIDIA A100-SXM4-40GB (0),1,,13,[CUDA memcpy Host-to-Device]
1854559603,6879,11965,,,,,,,,,,0.131,19053.806,Pinned,Device,NVIDIA A100-SXM4-40GB (0),1,,13,[CUDA memcpy Host-to-Device]
1854572530,6560,11966,273,1,1,8,4,1,39,0.002,0.000,,,,,NVIDIA A100-SXM4-40GB (0),1,,13,"void channel_eq::eqMmseCoefCompLowMimoKernel<float, float, float, (unsigned int)4, (unsigned int)1, (unsigned int)4>(const channel_eq::_puschRxChEqStatDescr *, channel_eq::_puschRxChEqCoefCompDynDescr)"
1854580434,5632,11967,273,1,1,12,11,1,40,0.002,0.000,,,,,NVIDIA A100-SXM4-40GB (0),1,,13,"void channel_eq::eqMmseSoftDemapKernel<float, __half, __half, float, (unsigned int)4, (unsigned short)16383>(channel_eq::_puschRxChEqStatDescr *, channel_eq::_puschRxChEqSoftDemapDynDescr)"
1854587250,307837,11968,1,1,1,32,32,1,30,0.000,0.000,,,,,NVIDIA A100-SXM4-40GB (0),1,,13,"void convert_kernel<float2, __half2>(tensor_layout_any, T1 *, tensor_layout_any, const T2 *)"
1854896367,13727,11980,2253,1,1,128,1,1,16,0.000,0.000,,,,,NVIDIA A100-SXM4-40GB (0),1,,13,cupy_copy__float16_float16
1854911214,2848,11989,282,1,1,128,1,1,16,0.000,0.000,,,,,NVIDIA A100-SXM4-40GB (0),1,,13,cupy_copy__complex64_complex64
1854915278,2016,11998,26,1,1,128,1,1,16,0.000,0.000,,,,,NVIDIA A100-SXM4-40GB (0),1,,13,cupy_copy__float32_float32
1854918638,3072,12007,103,1,1,128,1,1,16,0.000,0.000,,,,,NVIDIA A100-SXM4-40GB (0),1,,13,cupy_copy__complex64_complex64
1854923054,15360,12017,1434,1,1,128,1,1,16,0.000,0.000,,,,,NVIDIA A100-SXM4-40GB (0),1,,13,cupy_copy__complex64_complex64
1855048813,87135,12022,1,1,1,32,32,1,30,0.000,0.000,,,,,NVIDIA A100-SXM4-40GB (0),1,,13,"void convert_kernel<__half2, float2>(tensor_layout_any, T1 *, tensor_layout_any, const T2 *)"
1855166411,4288,12025,,,,,,,,,,0.061,14328.300,Pinned,Device,NVIDIA A100-SXM4-40GB (0),1,,13,[CUDA memcpy Host-to-Device]
1855178379,588153,12026,,,,,,,,,,456.520,776084.816,Device,,NVIDIA A100-SXM4-40GB (0),1,,13,[CUDA memset]
1855774020,32832,12031,,,,,,,,,,0.825,25138.328,Pinned,Device,NVIDIA A100-SXM4-40GB (0),1,,13,[CUDA memcpy Host-to-Device]
1855809156,6880,12032,,,,,,,,,,0.131,19051.053,Pinned,Device,NVIDIA A100-SXM4-40GB (0),1,,13,[CUDA memcpy Host-to-Device]
1855825892,7903,12033,69,4,1,48,1,1,76,0.002,0.000,,,,,NVIDIA A100-SXM4-40GB (0),1,,13,"void ch_est::windowedChEstPreNoDftSOfdmKernel<float, __half, float, (unsigned int)2, (unsigned int)1, (unsigned short)4>(ch_est::puschRxChEstStatDescr_t *, ch_est::puschRxChEstDynDescr_t *)"
1855835139,6752,12034,137,2,1,24,2,1,44,0.001,0.001,,,,,NVIDIA A100-SXM4-40GB (0),1,,13,"void ch_est::chEstFilterNoDftSOfdmDispatchKernel<float, __half, float, (unsigned int)2>(ch_est::puschRxChEstStatDescr_t *, ch_est::puschRxChEstDynDescr_t *)"
1855843043,5216,12035,137,2,1,24,2,1,44,0.001,0.001,,,,,NVIDIA A100-SXM4-40GB (0),1,,13,"void ch_est::chEstFilterNoDftSOfdmDispatchKernel<float, __half, float, (unsigned int)2>(ch_est::puschRxChEstStatDescr_t *, ch_est::puschRxChEstDynDescr_t *)"
1855849347,2592,12046,103,1,1,128,1,1,16,0.000,0.000,,,,,NVIDIA A100-SXM4-40GB (0),1,,13,cupy_copy__complex64_complex64
1855853123,16384,12056,1434,1,1,128,1,1,16,0.000,0.000,,,,,NVIDIA A100-SXM4-40GB (0),1,,13,cupy_copy__complex64_complex64
1855870627,2528,12063,103,1,1,128,1,1,16,0.000,0.000,,,,,NVIDIA A100-SXM4-40GB (0),1,,13,cupy_copy__complex64_complex64
1855874339,86591,12070,1,1,1,32,32,1,30,0.000,0.000,,,,,NVIDIA A100-SXM4-40GB (0),1,,13,"void convert_kernel<__half2, float2>(tensor_layout_any, T1 *, tensor_layout_any, const T2 *)"
1856127648,4320,12073,,,,,,,,,,0.061,14222.193,Pinned,Device,NVIDIA A100-SXM4-40GB (0),1,,13,[CUDA memcpy Host-to-Device]
1856137184,47039,12074,,,,,,,,,,35.801,761056.808,Device,,NVIDIA A100-SXM4-40GB (0),1,,13,[CUDA memset]
1856192159,1984,12076,,,,,,,,,,0.000,40.323,Pinned,Device,NVIDIA A100-SXM4-40GB (0),1,,13,[CUDA memcpy Host-to-Device]
1856196447,6944,12077,,,,,,,,,,0.131,18875.548,Pinned,Device,NVIDIA A100-SXM4-40GB (0),1,,13,[CUDA memcpy Host-to-Device]
1856209887,9792,12078,273,1,1,48,1,1,40,0.000,0.001,,,,,NVIDIA A100-SXM4-40GB (0),1,,13,"void pusch_noise_intf_est::noiseIntfEstNoDftSOfdmKernel<float, __half, float, float, (unsigned int)2, (unsigned int)1, (unsigned char)4, (unsigned char)4>(pusch_noise_intf_est::puschRxNoiseIntfEstDynDescr)"
1856220927,2816,12089,35,1,1,128,1,1,16,0.000,0.000,,,,,NVIDIA A100-SXM4-40GB (0),1,,13,cupy_copy__complex64_complex64
1856229695,1728,12098,1,1,1,1,1,1,18,0.000,0.000,,,,,NVIDIA A100-SXM4-40GB (0),1,,13,cupy_copy__float32_float32
1856267870,1824,12104,,,,,,,,,,0.000,2.193,Device,Pageable,NVIDIA A100-SXM4-40GB (0),1,,7,[CUDA memcpy Device-to-Host]
1856327198,16575,12115,1434,1,1,128,1,1,16,0.000,0.000,,,,,NVIDIA A100-SXM4-40GB (0),1,,13,cupy_copy__complex64_complex64
1856354365,2848,12122,103,1,1,128,1,1,16,0.000,0.000,,,,,NVIDIA A100-SXM4-40GB (0),1,,13,cupy_copy__complex64_complex64
1856374845,2304,12129,35,1,1,128,1,1,16,0.000,0.000,,,,,NVIDIA A100-SXM4-40GB (0),1,,13,cupy_copy__complex64_complex64
1856393245,1696,12136,1,1,1,1,1,1,18,0.000,0.000,,,,,NVIDIA A100-SXM4-40GB (0),1,,13,cupy_copy__float32_float32
1856658266,86879,12147,1,1,1,32,32,1,30,0.000,0.000,,,,,NVIDIA A100-SXM4-40GB (0),1,,13,"void convert_kernel<__half2, float2>(tensor_layout_any, T1 *, tensor_layout_any, const T2 *)"
1856776632,4288,12150,,,,,,,,,,0.061,14328.300,Pinned,Device,NVIDIA A100-SXM4-40GB (0),1,,13,[CUDA memcpy Host-to-Device]
1856792024,3584,12151,,,,,,,,,,1.547,431534.389,Device,,NVIDIA A100-SXM4-40GB (0),1,,13,[CUDA memset]
1856798520,2816,12156,,,,,,,,,,0.021,7477.259,Pinned,Device,NVIDIA A100-SXM4-40GB (0),1,,13,[CUDA memcpy Host-to-Device]
1856803672,7232,12157,,,,,,,,,,0.131,18123.850,Pinned,Device,NVIDIA A100-SXM4-40GB (0),1,,13,[CUDA memcpy Host-to-Device]
1856815736,6592,12158,273,1,1,8,4,1,39,0.002,0.000,,,,,NVIDIA A100-SXM4-40GB (0),1,,13,"void channel_eq::eqMmseCoefCompLowMimoKernel<float, float, float, (unsigned int)4, (unsigned int)1, (unsigned int)4>(const channel_eq::_puschRxChEqStatDescr *, channel_eq::_puschRxChEqCoefCompDynDescr)"
1856823480,5728,12159,273,1,1,12,11,1,40,0.002,0.000,,,,,NVIDIA A100-SXM4-40GB (0),1,,13,"void channel_eq::eqMmseSoftDemapKernel<float, __half, __half, float, (unsigned int)4, (unsigned short)16383>(channel_eq::_puschRxChEqStatDescr *, channel_eq::_puschRxChEqSoftDemapDynDescr)"
1856830264,307452,12160,1,1,1,32,32,1,30,0.000,0.000,,,,,NVIDIA A100-SXM4-40GB (0),1,,13,"void convert_kernel<float2, __half2>(tensor_layout_any, T1 *, tensor_layout_any, const T2 *)"
1857138836,13504,12172,2253,1,1,128,1,1,16,0.000,0.000,,,,,NVIDIA A100-SXM4-40GB (0),1,,13,cupy_copy__float16_float16
1857153492,2784,12181,282,1,1,128,1,1,16,0.000,0.000,,,,,NVIDIA A100-SXM4-40GB (0),1,,13,cupy_copy__complex64_complex64
1857157268,2048,12190,26,1,1,128,1,1,16,0.000,0.000,,,,,NVIDIA A100-SXM4-40GB (0),1,,13,cupy_copy__float32_float32
1857160372,3008,12199,103,1,1,128,1,1,16,0.000,0.000,,,,,NVIDIA A100-SXM4-40GB (0),1,,13,cupy_copy__complex64_complex64
1857164436,15296,12209,1434,1,1,128,1,1,16,0.000,0.000,,,,,NVIDIA A100-SXM4-40GB (0),1,,13,cupy_copy__complex64_complex64
1857180915,86815,12214,1,1,1,32,32,1,30,0.000,0.000,,,,,NVIDIA A100-SXM4-40GB (0),1,,13,"void convert_kernel<__half2, float2>(tensor_layout_any, T1 *, tensor_layout_any, const T2 *)"
1857294962,4288,12217,,,,,,,,,,0.061,14328.300,Pinned,Device,NVIDIA A100-SXM4-40GB (0),1,,13,[CUDA memcpy Host-to-Device]
1857306162,587865,12218,,,,,,,,,,456.520,776541.336,Device,,NVIDIA A100-SXM4-40GB (0),1,,13,[CUDA memset]
1857895691,32800,12223,,,,,,,,,,0.825,25162.263,Pinned,Device,NVIDIA A100-SXM4-40GB (0),1,,13,[CUDA memcpy Host-to-Device]
1857930827,6880,12224,,,,,,,,,,0.131,19051.053,Pinned,Device,NVIDIA A100-SXM4-40GB (0),1,,13,[CUDA memcpy Host-to-Device]
1857947594,7712,12225,69,4,1,48,1,1,76,0.002,0.000,,,,,NVIDIA A100-SXM4-40GB (0),1,,13,"void ch_est::windowedChEstPreNoDftSOfdmKernel<float, __half, float, (unsigned int)2, (unsigned int)1, (unsigned short)4>(ch_est::puschRxChEstStatDescr_t *, ch_est::puschRxChEstDynDescr_t *)"
1857956490,6880,12226,137,2,1,24,2,1,44,0.001,0.001,,,,,NVIDIA A100-SXM4-40GB (0),1,,13,"void ch_est::chEstFilterNoDftSOfdmDispatchKernel<float, __half, float, (unsigned int)2>(ch_est::puschRxChEstStatDescr_t *, ch_est::puschRxChEstDynDescr_t *)"
1857964682,5152,12227,137,2,1,24,2,1,44,0.001,0.001,,,,,NVIDIA A100-SXM4-40GB (0),1,,13,"void ch_est::chEstFilterNoDftSOfdmDispatchKernel<float, __half, float, (unsigned int)2>(ch_est::puschRxChEstStatDescr_t *, ch_est::puschRxChEstDynDescr_t *)"
1857971178,2656,12238,103,1,1,128,1,1,16,0.000,0.000,,,,,NVIDIA A100-SXM4-40GB (0),1,,13,cupy_copy__complex64_complex64
1857974986,16576,12248,1434,1,1,128,1,1,16,0.000,0.000,,,,,NVIDIA A100-SXM4-40GB (0),1,,13,cupy_copy__complex64_complex64
1857992746,2560,12255,103,1,1,128,1,1,16,0.000,0.000,,,,,NVIDIA A100-SXM4-40GB (0),1,,13,cupy_copy__complex64_complex64
1857996618,86847,12262,1,1,1,32,32,1,30,0.000,0.000,,,,,NVIDIA A100-SXM4-40GB (0),1,,13,"void convert_kernel<__half2, float2>(tensor_layout_any, T1 *, tensor_layout_any, const T2 *)"
1858110664,4320,12265,,,,,,,,,,0.061,14222.193,Pinned,Device,NVIDIA A100-SXM4-40GB (0),1,,13,[CUDA memcpy Host-to-Device]
1858122632,46848,12266,,,,,,,,,,35.801,764171.491,Device,,NVIDIA A100-SXM4-40GB (0),1,,13,[CUDA memset]
1858174888,1984,12268,,,,,,,,,,0.000,40.323,Pinned,Device,NVIDIA A100-SXM4-40GB (0),1,,13,[CUDA memcpy Host-to-Device]
1858179176,6880,12269,,,,,,,,,,0.131,19051.053,Pinned,Device,NVIDIA A100-SXM4-40GB (0),1,,13,[CUDA memcpy Host-to-Device]
1858190280,9375,12270,273,1,1,48,1,1,40,0.000,0.001,,,,,NVIDIA A100-SXM4-40GB (0),1,,13,"void pusch_noise_intf_est::noiseIntfEstNoDftSOfdmKernel<float, __half, float, float, (unsigned int)2, (unsigned int)1, (unsigned char)4, (unsigned char)4>(pusch_noise_intf_est::puschRxNoiseIntfEstDynDescr)"
1858200775,2816,12281,35,1,1,128,1,1,16,0.000,0.000,,,,,NVIDIA A100-SXM4-40GB (0),1,,13,cupy_copy__complex64_complex64
1858235495,1728,12290,1,1,1,1,1,1,18,0.000,0.000,,,,,NVIDIA A100-SXM4-40GB (0),1,,13,cupy_copy__float32_float32
1858270439,1824,12296,,,,,,,,,,0.000,2.193,Device,Pageable,NVIDIA A100-SXM4-40GB (0),1,,7,[CUDA memcpy Device-to-Host]
1858328230,16352,12307,1434,1,1,128,1,1,16,0.000,0.000,,,,,NVIDIA A100-SXM4-40GB (0),1,,13,cupy_copy__complex64_complex64
1858355206,2816,12314,103,1,1,128,1,1,16,0.000,0.000,,,,,NVIDIA A100-SXM4-40GB (0),1,,13,cupy_copy__complex64_complex64
1858376293,2336,12321,35,1,1,128,1,1,16,0.000,0.000,,,,,NVIDIA A100-SXM4-40GB (0),1,,13,cupy_copy__complex64_complex64
1858394885,1696,12328,1,1,1,1,1,1,18,0.000,0.000,,,,,NVIDIA A100-SXM4-40GB (0),1,,13,cupy_copy__float32_float32
1858525444,86367,12339,1,1,1,32,32,1,30,0.000,0.000,,,,,NVIDIA A100-SXM4-40GB (0),1,,13,"void convert_kernel<__half2, float2>(tensor_layout_any, T1 *, tensor_layout_any, const T2 *)"
1858640002,4544,12342,,,,,,,,,,0.061,13521.101,Pinned,Device,NVIDIA A100-SXM4-40GB (0),1,,13,[CUDA memcpy Host-to-Device]
1858654530,3616,12343,,,,,,,,,,1.547,427715.774,Device,,NVIDIA A100-SXM4-40GB (0),1,,13,[CUDA memset]
1858660930,2880,12348,,,,,,,,,,0.021,7311.106,Pinned,Device,NVIDIA A100-SXM4-40GB (0),1,,13,[CUDA memcpy Host-to-Device]
1858666114,7264,12349,,,,,,,,,,0.131,18044.027,Pinned,Device,NVIDIA A100-SXM4-40GB (0),1,,13,[CUDA memcpy Host-to-Device]
1858677474,6528,12350,273,1,1,8,4,1,39,0.002,0.000,,,,,NVIDIA A100-SXM4-40GB (0),1,,13,"void channel_eq::eqMmseCoefCompLowMimoKernel<float, float, float, (unsigned int)4, (unsigned int)1, (unsigned int)4>(const channel_eq::_puschRxChEqStatDescr *, channel_eq::_puschRxChEqCoefCompDynDescr)"
1858685058,5696,12351,273,1,1,12,11,1,40,0.002,0.000,,,,,NVIDIA A100-SXM4-40GB (0),1,,13,"void channel_eq::eqMmseSoftDemapKernel<float, __half, __half, float, (unsigned int)4, (unsigned short)16383>(channel_eq::_puschRxChEqStatDescr *, channel_eq::_puschRxChEqSoftDemapDynDescr)"
1858692066,307068,12352,1,1,1,32,32,1,30,0.000,0.000,,,,,NVIDIA A100-SXM4-40GB (0),1,,13,"void convert_kernel<float2, __half2>(tensor_layout_any, T1 *, tensor_layout_any, const T2 *)"
1859000286,13600,12364,2253,1,1,128,1,1,16,0.000,0.000,,,,,NVIDIA A100-SXM4-40GB (0),1,,13,cupy_copy__float16_float16
1859014942,2848,12373,282,1,1,128,1,1,16,0.000,0.000,,,,,NVIDIA A100-SXM4-40GB (0),1,,13,cupy_copy__complex64_complex64
1859019006,2048,12382,26,1,1,128,1,1,16,0.000,0.000,,,,,NVIDIA A100-SXM4-40GB (0),1,,13,cupy_copy__float32_float32
1859022366,3104,12391,103,1,1,128,1,1,16,0.000,0.000,,,,,NVIDIA A100-SXM4-40GB (0),1,,13,cupy_copy__complex64_complex64
1859026814,15327,12401,1434,1,1,128,1,1,16,0.000,0.000,,,,,NVIDIA A100-SXM4-40GB (0),1,,13,cupy_copy__complex64_complex64
1859043357,86815,12406,1,1,1,32,32,1,30,0.000,0.000,,,,,NVIDIA A100-SXM4-40GB (0),1,,13,"void convert_kernel<__half2, float2>(tensor_layout_any, T1 *, tensor_layout_any, const T2 *)"
1859157436,4512,12409,,,,,,,,,,0.061,13617.009,Pinned,Device,NVIDIA A100-SXM4-40GB (0),1,,13,[CUDA memcpy Host-to-Device]
1859167740,588153,12410,,,,,,,,,,456.520,776084.816,Device,,NVIDIA A100-SXM4-40GB (0),1,,13,[CUDA memset]
1859757973,33184,12415,,,,,,,,,,0.825,24871.741,Pinned,Device,NVIDIA A100-SXM4-40GB (0),1,,13,[CUDA memcpy Host-to-Device]
1859793461,6911,12416,,,,,,,,,,0.131,18965.594,Pinned,Device,NVIDIA A100-SXM4-40GB (0),1,,13,[CUDA memcpy Host-to-Device]
1859805076,8000,12417,69,4,1,48,1,1,76,0.002,0.000,,,,,NVIDIA A100-SXM4-40GB (0),1,,13,"void ch_est::windowedChEstPreNoDftSOfdmKernel<float, __half, float, (unsigned int)2, (unsigned int)1, (unsigned short)4>(ch_est::puschRxChEstStatDescr_t *, ch_est::puschRxChEstDynDescr_t *)"
1859814292,6880,12418,137,2,1,24,2,1,44,0.001,0.001,,,,,NVIDIA A100-SXM4-40GB (0),1,,13,"void ch_est::chEstFilterNoDftSOfdmDispatchKernel<float, __half, float, (unsigned int)2>(ch_est::puschRxChEstStatDescr_t *, ch_est::puschRxChEstDynDescr_t *)"
1859822516,5184,12419,137,2,1,24,2,1,44,0.001,0.001,,,,,NVIDIA A100-SXM4-40GB (0),1,,13,"void ch_est::chEstFilterNoDftSOfdmDispatchKernel<float, __half, float, (unsigned int)2>(ch_est::puschRxChEstStatDescr_t *, ch_est::puschRxChEstDynDescr_t *)"
1859828820,2592,12430,103,1,1,128,1,1,16,0.000,0.000,,,,,NVIDIA A100-SXM4-40GB (0),1,,13,cupy_copy__complex64_complex64
1859832500,16480,12440,1434,1,1,128,1,1,16,0.000,0.000,,,,,NVIDIA A100-SXM4-40GB (0),1,,13,cupy_copy__complex64_complex64
1859850004,2528,12447,103,1,1,128,1,1,16,0.000,0.000,,,,,NVIDIA A100-SXM4-40GB (0),1,,13,cupy_copy__complex64_complex64
1859853556,86847,12454,1,1,1,32,32,1,30,0.000,0.000,,,,,NVIDIA A100-SXM4-40GB (0),1,,13,"void convert_kernel<__half2, float2>(tensor_layout_any, T1 *, tensor_layout_any, const T2 *)"
1860115633,4288,12457,,,,,,,,,,0.061,14328.300,Pinned,Device,NVIDIA A100-SXM4-40GB (0),1,,13,[CUDA memcpy Host-to-Device]
1860126641,46847,12458,,,,,,,,,,35.801,764207.292,Device,,NVIDIA A100-SXM4-40GB (0),1,,13,[CUDA memset]
1860179824,2016,12460,,,,,,,,,,0.000,39.682,Pinned,Device,NVIDIA A100-SXM4-40GB (0),1,,13,[CUDA memcpy Host-to-Device]
1860184144,6912,12461,,,,,,,,,,0.131,18962.842,Pinned,Device,NVIDIA A100-SXM4-40GB (0),1,,13,[CUDA memcpy Host-to-Device]
1860201392,9888,12462,273,1,1,48,1,1,40,0.000,0.001,,,,,NVIDIA A100-SXM4-40GB (0),1,,13,"void pusch_noise_intf_est::noiseIntfEstNoDftSOfdmKernel<float, __half, float, float, (unsigned int)2, (unsigned int)1, (unsigned char)4, (unsigned char)4>(pusch_noise_intf_est::puschRxNoiseIntfEstDynDescr)"
1860212400,2944,12473,35,1,1,128,1,1,16,0.000,0.000,,,,,NVIDIA A100-SXM4-40GB (0),1,,13,cupy_copy__complex64_complex64
1860221776,1727,12482,1,1,1,1,1,1,18,0.000,0.000,,,,,NVIDIA A100-SXM4-40GB (0),1,,13,cupy_copy__float32_float32
1860255887,1824,12488,,,,,,,,,,0.000,2.193,Device,Pageable,NVIDIA A100-SXM4-40GB (0),1,,7,[CUDA memcpy Device-to-Host]
1860314670,16672,12499,1434,1,1,128,1,1,16,0.000,0.000,,,,,NVIDIA A100-SXM4-40GB (0),1,,13,cupy_copy__complex64_complex64
1860341230,2816,12506,103,1,1,128,1,1,16,0.000,0.000,,,,,NVIDIA A100-SXM4-40GB (0),1,,13,cupy_copy__complex64_complex64
1860362222,2304,12513,35,1,1,128,1,1,16,0.000,0.000,,,,,NVIDIA A100-SXM4-40GB (0),1,,13,cupy_copy__complex64_complex64
1860380878,1664,12520,1,1,1,1,1,1,18,0.000,0.000,,,,,NVIDIA A100-SXM4-40GB (0),1,,13,cupy_copy__float32_float32
1860645866,86463,12531,1,1,1,32,32,1,30,0.000,0.000,,,,,NVIDIA A100-SXM4-40GB (0),1,,13,"void convert_kernel<__half2, float2>(tensor_layout_any, T1 *, tensor_layout_any, const T2 *)"
1860763497,4320,12534,,,,,,,,,,0.061,14222.193,Pinned,Device,NVIDIA A100-SXM4-40GB (0),1,,13,[CUDA memcpy Host-to-Device]
1860778761,3616,12535,,,,,,,,,,1.547,427715.774,Device,,NVIDIA A100-SXM4-40GB (0),1,,13,[CUDA memset]
1860785321,2816,12540,,,,,,,,,,0.021,7477.259,Pinned,Device,NVIDIA A100-SXM4-40GB (0),1,,13,[CUDA memcpy Host-to-Device]
1860790441,8160,12541,,,,,,,,,,0.131,16062.743,Pinned,Device,NVIDIA A100-SXM4-40GB (0),1,,13,[CUDA memcpy Host-to-Device]
1860802889,6592,12542,273,1,1,8,4,1,39,0.002,0.000,,,,,NVIDIA A100-SXM4-40GB (0),1,,13,"void channel_eq::eqMmseCoefCompLowMimoKernel<float, float, float, (unsigned int)4, (unsigned int)1, (unsigned int)4>(const channel_eq::_puschRxChEqStatDescr *, channel_eq::_puschRxChEqCoefCompDynDescr)"
1860810793,5951,12543,273,1,1,12,11,1,40,0.002,0.000,,,,,NVIDIA A100-SXM4-40GB (0),1,,13,"void channel_eq::eqMmseSoftDemapKernel<float, __half, __half, float, (unsigned int)4, (unsigned short)16383>(channel_eq::_puschRxChEqStatDescr *, channel_eq::_puschRxChEqSoftDemapDynDescr)"
1860817832,307421,12544,1,1,1,32,32,1,30,0.000,0.000,,,,,NVIDIA A100-SXM4-40GB (0),1,,13,"void convert_kernel<float2, __half2>(tensor_layout_any, T1 *, tensor_layout_any, const T2 *)"
1861126533,13408,12556,2253,1,1,128,1,1,16,0.000,0.000,,,,,NVIDIA A100-SXM4-40GB (0),1,,13,cupy_copy__float16_float16
1861141125,2816,12565,282,1,1,128,1,1,16,0.000,0.000,,,,,NVIDIA A100-SXM4-40GB (0),1,,13,cupy_copy__complex64_complex64
1861145253,2048,12574,26,1,1,128,1,1,16,0.000,0.000,,,,,NVIDIA A100-SXM4-40GB (0),1,,13,cupy_copy__float32_float32
1861148357,3040,12583,103,1,1,128,1,1,16,0.000,0.000,,,,,NVIDIA A100-SXM4-40GB (0),1,,13,cupy_copy__complex64_complex64
1861152388,15424,12593,1434,1,1,128,1,1,16,0.000,0.000,,,,,NVIDIA A100-SXM4-40GB (0),1,,13,cupy_copy__complex64_complex64
1861171012,86815,12598,1,1,1,32,32,1,30,0.000,0.000,,,,,NVIDIA A100-SXM4-40GB (0),1,,13,"void convert_kernel<__half2, float2>(tensor_layout_any, T1 *, tensor_layout_any, const T2 *)"
1861424353,4320,12601,,,,,,,,,,0.061,14222.193,Pinned,Device,NVIDIA A100-SXM4-40GB (0),1,,13,[CUDA memcpy Host-to-Device]
1861432129,588089,12602,,,,,,,,,,456.520,776084.816,Device,,NVIDIA A100-SXM4-40GB (0),1,,13,[CUDA memset]
1862025082,32800,12607,,,,,,,,,,0.825,25162.263,Pinned,Device,NVIDIA A100-SXM4-40GB (0),1,,13,[CUDA memcpy Host-to-Device]
1862060186,6912,12608,,,,,,,,,,0.131,18962.842,Pinned,Device,NVIDIA A100-SXM4-40GB (0),1,,13,[CUDA memcpy Host-to-Device]
1862071194,8448,12609,69,4,1,48,1,1,76,0.002,0.000,,,,,NVIDIA A100-SXM4-40GB (0),1,,13,"void ch_est::windowedChEstPreNoDftSOfdmKernel<float, __half, float, (unsigned int)2, (unsigned int)1, (unsigned short)4>(ch_est::puschRxChEstStatDescr_t *, ch_est::puschRxChEstDynDescr_t *)"
1862080986,7007,12610,137,2,1,24,2,1,44,0.001,0.001,,,,,NVIDIA A100-SXM4-40GB (0),1,,13,"void ch_est::chEstFilterNoDftSOfdmDispatchKernel<float, __half, float, (unsigned int)2>(ch_est::puschRxChEstStatDescr_t *, ch_est::puschRxChEstDynDescr_t *)"
1862089017,5184,12611,137,2,1,24,2,1,44,0.001,0.001,,,,,NVIDIA A100-SXM4-40GB (0),1,,13,"void ch_est::chEstFilterNoDftSOfdmDispatchKernel<float, __half, float, (unsigned int)2>(ch_est::puschRxChEstStatDescr_t *, ch_est::puschRxChEstDynDescr_t *)"
1862095289,2656,12622,103,1,1,128,1,1,16,0.000,0.000,,,,,NVIDIA A100-SXM4-40GB (0),1,,13,cupy_copy__complex64_complex64
1862099097,16672,12632,1434,1,1,128,1,1,16,0.000,0.000,,,,,NVIDIA A100-SXM4-40GB (0),1,,13,cupy_copy__complex64_complex64
1862116793,2528,12639,103,1,1,128,1,1,16,0.000,0.000,,,,,NVIDIA A100-SXM4-40GB (0),1,,13,cupy_copy__complex64_complex64
1862120665,87039,12646,1,1,1,32,32,1,30,0.000,0.000,,,,,NVIDIA A100-SXM4-40GB (0),1,,13,"void convert_kernel<__half2, float2>(tensor_layout_any, T1 *, tensor_layout_any, const T2 *)"
1862238456,4352,12649,,,,,,,,,,0.061,14117.622,Pinned,Device,NVIDIA A100-SXM4-40GB (0),1,,13,[CUDA memcpy Host-to-Device]
1862251863,46688,12650,,,,,,,,,,35.801,766784.961,Device,,NVIDIA A100-SXM4-40GB (0),1,,13,[CUDA memset]
1862304599,2016,12652,,,,,,,,,,0.000,39.682,Pinned,Device,NVIDIA A100-SXM4-40GB (0),1,,13,[CUDA memcpy Host-to-Device]
1862308919,7200,12653,,,,,,,,,,0.131,18204.328,Pinned,Device,NVIDIA A100-SXM4-40GB (0),1,,13,[CUDA memcpy Host-to-Device]
1862320023,9280,12654,273,1,1,48,1,1,40,0.000,0.001,,,,,NVIDIA A100-SXM4-40GB (0),1,,13,"void pusch_noise_intf_est::noiseIntfEstNoDftSOfdmKernel<float, __half, float, float, (unsigned int)2, (unsigned int)1, (unsigned char)4, (unsigned char)4>(pusch_noise_intf_est::puschRxNoiseIntfEstDynDescr)"
1862331255,2816,12665,35,1,1,128,1,1,16,0.000,0.000,,,,,NVIDIA A100-SXM4-40GB (0),1,,13,cupy_copy__complex64_complex64
1862366614,1760,12674,1,1,1,1,1,1,18,0.000,0.000,,,,,NVIDIA A100-SXM4-40GB (0),1,,13,cupy_copy__float32_float32
1862401910,1824,12680,,,,,,,,,,0.000,2.193,Device,Pageable,NVIDIA A100-SXM4-40GB (0),1,,7,[CUDA memcpy Device-to-Host]
1862460693,16320,12691,1434,1,1,128,1,1,16,0.000,0.000,,,,,NVIDIA A100-SXM4-40GB (0),1,,13,cupy_copy__complex64_complex64
1862487541,2784,12698,103,1,1,128,1,1,16,0.000,0.000,,,,,NVIDIA A100-SXM4-40GB (0),1,,13,cupy_copy__complex64_complex64
1862508148,2336,12705,35,1,1,128,1,1,16,0.000,0.000,,,,,NVIDIA A100-SXM4-40GB (0),1,,13,cupy_copy__complex64_complex64
1862526324,1696,12712,1,1,1,1,1,1,18,0.000,0.000,,,,,NVIDIA A100-SXM4-40GB (0),1,,13,cupy_copy__float32_float32
1862661075,85983,12723,1,1,1,32,32,1,30,0.000,0.000,,,,,NVIDIA A100-SXM4-40GB (0),1,,13,"void convert_kernel<__half2, float2>(tensor_layout_any, T1 *, tensor_layout_any, const T2 *)"
1862775729,4544,12726,,,,,,,,,,0.061,13521.101,Pinned,Device,NVIDIA A100-SXM4-40GB (0),1,,13,[CUDA memcpy Host-to-Device]
1862789969,3648,12727,,,,,,,,,,1.547,423963.664,Device,,NVIDIA A100-SXM4-40GB (0),1,,13,[CUDA memset]
1862796753,2816,12732,,,,,,,,,,0.021,7477.259,Pinned,Device,NVIDIA A100-SXM4-40GB (0),1,,13,[CUDA memcpy Host-to-Device]
1862801873,7168,12733,,,,,,,,,,0.131,18285.593,Pinned,Device,NVIDIA A100-SXM4-40GB (0),1,,13,[CUDA memcpy Host-to-Device]
1862814065,6528,12734,273,1,1,8,4,1,39,0.002,0.000,,,,,NVIDIA A100-SXM4-40GB (0),1,,13,"void channel_eq::eqMmseCoefCompLowMimoKernel<float, float, float, (unsigned int)4, (unsigned int)1, (unsigned int)4>(const channel_eq::_puschRxChEqStatDescr *, channel_eq::_puschRxChEqCoefCompDynDescr)"
1862821905,5632,12735,273,1,1,12,11,1,40,0.002,0.000,,,,,NVIDIA A100-SXM4-40GB (0),1,,13,"void channel_eq::eqMmseSoftDemapKernel<float, __half, __half, float, (unsigned int)4, (unsigned short)16383>(channel_eq::_puschRxChEqStatDescr *, channel_eq::_puschRxChEqSoftDemapDynDescr)"
1862828721,307292,12736,1,1,1,32,32,1,30,0.000,0.000,,,,,NVIDIA A100-SXM4-40GB (0),1,,13,"void convert_kernel<float2, __half2>(tensor_layout_any, T1 *, tensor_layout_any, const T2 *)"
1863137197,13536,12748,2253,1,1,128,1,1,16,0.000,0.000,,,,,NVIDIA A100-SXM4-40GB (0),1,,13,cupy_copy__float16_float16
1863151821,2816,12757,282,1,1,128,1,1,16,0.000,0.000,,,,,NVIDIA A100-SXM4-40GB (0),1,,13,cupy_copy__complex64_complex64
1863155949,2048,12766,26,1,1,128,1,1,16,0.000,0.000,,,,,NVIDIA A100-SXM4-40GB (0),1,,13,cupy_copy__float32_float32
1863159021,3104,12775,103,1,1,128,1,1,16,0.000,0.000,,,,,NVIDIA A100-SXM4-40GB (0),1,,13,cupy_copy__complex64_complex64
1863163437,15296,12785,1434,1,1,128,1,1,16,0.000,0.000,,,,,NVIDIA A100-SXM4-40GB (0),1,,13,cupy_copy__complex64_complex64
1863179981,86206,12790,1,1,1,32,32,1,30,0.000,0.000,,,,,NVIDIA A100-SXM4-40GB (0),1,,13,"void convert_kernel<__half2, float2>(tensor_layout_any, T1 *, tensor_layout_any, const T2 *)"
1863292907,4288,12793,,,,,,,,,,0.061,14328.300,Pinned,Device,NVIDIA A100-SXM4-40GB (0),1,,13,[CUDA memcpy Host-to-Device]
1863304043,588185,12794,,,,,,,,,,456.520,776084.816,Device,,NVIDIA A100-SXM4-40GB (0),1,,13,[CUDA memset]
1863893860,32832,12799,,,,,,,,,,0.825,25138.328,Pinned,Device,NVIDIA A100-SXM4-40GB (0),1,,13,[CUDA memcpy Host-to-Device]
1863928996,6912,12800,,,,,,,,,,0.131,18962.842,Pinned,Device,NVIDIA A100-SXM4-40GB (0),1,,13,[CUDA memcpy Host-to-Device]
1863943011,8032,12801,69,4,1,48,1,1,76,0.002,0.000,,,,,NVIDIA A100-SXM4-40GB (0),1,,13,"void ch_est::windowedChEstPreNoDftSOfdmKernel<float, __half, float, (unsigned int)2, (unsigned int)1, (unsigned short)4>(ch_est::puschRxChEstStatDescr_t *, ch_est::puschRxChEstDynDescr_t *)"
1863952259,6720,12802,137,2,1,24,2,1,44,0.001,0.001,,,,,NVIDIA A100-SXM4-40GB (0),1,,13,"void ch_est::chEstFilterNoDftSOfdmDispatchKernel<float, __half, float, (unsigned int)2>(ch_est::puschRxChEstStatDescr_t *, ch_est::puschRxChEstDynDescr_t *)"
1863960003,5152,12803,137,2,1,24,2,1,44,0.001,0.001,,,,,NVIDIA A100-SXM4-40GB (0),1,,13,"void ch_est::chEstFilterNoDftSOfdmDispatchKernel<float, __half, float, (unsigned int)2>(ch_est::puschRxChEstStatDescr_t *, ch_est::puschRxChEstDynDescr_t *)"
1863966307,2560,12814,103,1,1,128,1,1,16,0.000,0.000,,,,,NVIDIA A100-SXM4-40GB (0),1,,13,cupy_copy__complex64_complex64
1863970179,16544,12824,1434,1,1,128,1,1,16,0.000,0.000,,,,,NVIDIA A100-SXM4-40GB (0),1,,13,cupy_copy__complex64_complex64
1863988035,2496,12831,103,1,1,128,1,1,16,0.000,0.000,,,,,NVIDIA A100-SXM4-40GB (0),1,,13,cupy_copy__complex64_complex64
1863991747,86495,12838,1,1,1,32,32,1,30,0.000,0.000,,,,,NVIDIA A100-SXM4-40GB (0),1,,13,"void convert_kernel<__half2, float2>(tensor_layout_any, T1 *, tensor_layout_any, const T2 *)"
1864107042,4447,12841,,,,,,,,,,0.061,13816.013,Pinned,Device,NVIDIA A100-SXM4-40GB (0),1,,13,[CUDA memcpy Host-to-Device]
1864119617,46688,12842,,,,,,,,,,35.801,766784.961,Device,,NVIDIA A100-SXM4-40GB (0),1,,13,[CUDA memset]
1864168257,2016,12844,,,,,,,,,,0.000,39.682,Pinned,Device,NVIDIA A100-SXM4-40GB (0),1,,13,[CUDA memcpy Host-to-Device]
1864172577,6912,12845,,,,,,,,,,0.131,18962.842,Pinned,Device,NVIDIA A100-SXM4-40GB (0),1,,13,[CUDA memcpy Host-to-Device]
1864183681,9216,12846,273,1,1,48,1,1,40,0.000,0.001,,,,,NVIDIA A100-SXM4-40GB (0),1,,13,"void pusch_noise_intf_est::noiseIntfEstNoDftSOfdmKernel<float, __half, float, float, (unsigned int)2, (unsigned int)1, (unsigned char)4, (unsigned char)4>(pusch_noise_intf_est::puschRxNoiseIntfEstDynDescr)"
1864198880,2880,12857,35,1,1,128,1,1,16,0.000,0.000,,,,,NVIDIA A100-SXM4-40GB (0),1,,13,cupy_copy__complex64_complex64
1864235360,1760,12866,1,1,1,1,1,1,18,0.000,0.000,,,,,NVIDIA A100-SXM4-40GB (0),1,,13,cupy_copy__float32_float32
1864269408,1760,12872,,,,,,,,,,0.000,2.273,Device,Pageable,NVIDIA A100-SXM4-40GB (0),1,,7,[CUDA memcpy Device-to-Host]
1864327039,16544,12883,1434,1,1,128,1,1,16,0.000,0.000,,,,,NVIDIA A100-SXM4-40GB (0),1,,13,cupy_copy__complex64_complex64
1864353855,2848,12890,103,1,1,128,1,1,16,0.000,0.000,,,,,NVIDIA A100-SXM4-40GB (0),1,,13,cupy_copy__complex64_complex64
1864373854,2304,12897,35,1,1,128,1,1,16,0.000,0.000,,,,,NVIDIA A100-SXM4-40GB (0),1,,13,cupy_copy__complex64_complex64
1864392222,1664,12904,1,1,1,1,1,1,18,0.000,0.000,,,,,NVIDIA A100-SXM4-40GB (0),1,,13,cupy_copy__float32_float32
1864524317,86687,12915,1,1,1,32,32,1,30,0.000,0.000,,,,,NVIDIA A100-SXM4-40GB (0),1,,13,"void convert_kernel<__half2, float2>(tensor_layout_any, T1 *, tensor_layout_any, const T2 *)"
1864638331,4320,12918,,,,,,,,,,0.061,14222.193,Pinned,Device,NVIDIA A100-SXM4-40GB (0),1,,13,[CUDA memcpy Host-to-Device]
1864652635,3584,12919,,,,,,,,,,1.547,431534.389,Device,,NVIDIA A100-SXM4-40GB (0),1,,13,[CUDA memset]
1864659835,2816,12924,,,,,,,,,,0.021,7477.259,Pinned,Device,NVIDIA A100-SXM4-40GB (0),1,,13,[CUDA memcpy Host-to-Device]
1864664987,7200,12925,,,,,,,,,,0.131,18204.328,Pinned,Device,NVIDIA A100-SXM4-40GB (0),1,,13,[CUDA memcpy Host-to-Device]
1864676539,6592,12926,273,1,1,8,4,1,39,0.002,0.000,,,,,NVIDIA A100-SXM4-40GB (0),1,,13,"void channel_eq::eqMmseCoefCompLowMimoKernel<float, float, float, (unsigned int)4, (unsigned int)1, (unsigned int)4>(const channel_eq::_puschRxChEqStatDescr *, channel_eq::_puschRxChEqCoefCompDynDescr)"
1864684187,5856,12927,273,1,1,12,11,1,40,0.002,0.000,,,,,NVIDIA A100-SXM4-40GB (0),1,,13,"void channel_eq::eqMmseSoftDemapKernel<float, __half, __half, float, (unsigned int)4, (unsigned short)16383>(channel_eq::_puschRxChEqStatDescr *, channel_eq::_puschRxChEqSoftDemapDynDescr)"
1864691259,307836,12928,1,1,1,32,32,1,30,0.000,0.000,,,,,NVIDIA A100-SXM4-40GB (0),1,,13,"void convert_kernel<float2, __half2>(tensor_layout_any, T1 *, tensor_layout_any, const T2 *)"
1865000279,13568,12940,2253,1,1,128,1,1,16,0.000,0.000,,,,,NVIDIA A100-SXM4-40GB (0),1,,13,cupy_copy__float16_float16
1865014903,2784,12949,282,1,1,128,1,1,16,0.000,0.000,,,,,NVIDIA A100-SXM4-40GB (0),1,,13,cupy_copy__complex64_complex64
1865019031,2048,12958,26,1,1,128,1,1,16,0.000,0.000,,,,,NVIDIA A100-SXM4-40GB (0),1,,13,cupy_copy__float32_float32
1865022423,3040,12967,103,1,1,128,1,1,16,0.000,0.000,,,,,NVIDIA A100-SXM4-40GB (0),1,,13,cupy_copy__complex64_complex64
1865026487,15423,12977,1434,1,1,128,1,1,16,0.000,0.000,,,,,NVIDIA A100-SXM4-40GB (0),1,,13,cupy_copy__complex64_complex64
1865043062,86943,12982,1,1,1,32,32,1,30,0.000,0.000,,,,,NVIDIA A100-SXM4-40GB (0),1,,13,"void convert_kernel<__half2, float2>(tensor_layout_any, T1 *, tensor_layout_any, const T2 *)"
1865299923,4288,12985,,,,,,,,,,0.061,14328.300,Pinned,Device,NVIDIA A100-SXM4-40GB (0),1,,13,[CUDA memcpy Host-to-Device]
1865316179,588153,12986,,,,,,,,,,456.520,776084.816,Device,,NVIDIA A100-SXM4-40GB (0),1,,13,[CUDA memset]
1865907020,32800,12991,,,,,,,,,,0.825,25162.263,Pinned,Device,NVIDIA A100-SXM4-40GB (0),1,,13,[CUDA memcpy Host-to-Device]
1865942156,6880,12992,,,,,,,,,,0.131,19051.053,Pinned,Device,NVIDIA A100-SXM4-40GB (0),1,,13,[CUDA memcpy Host-to-Device]
1865957228,7552,12993,69,4,1,48,1,1,76,0.002,0.000,,,,,NVIDIA A100-SXM4-40GB (0),1,,13,"void ch_est::windowedChEstPreNoDftSOfdmKernel<float, __half, float, (unsigned int)2, (unsigned int)1, (unsigned short)4>(ch_est::puschRxChEstStatDescr_t *, ch_est::puschRxChEstDynDescr_t *)"
1865965932,7007,12994,137,2,1,24,2,1,44,0.001,0.001,,,,,NVIDIA A100-SXM4-40GB (0),1,,13,"void ch_est::chEstFilterNoDftSOfdmDispatchKernel<float, __half, float, (unsigned int)2>(ch_est::puschRxChEstStatDescr_t *, ch_est::puschRxChEstDynDescr_t *)"
1865974283,5184,12995,137,2,1,24,2,1,44,0.001,0.001,,,,,NVIDIA A100-SXM4-40GB (0),1,,13,"void ch_est::chEstFilterNoDftSOfdmDispatchKernel<float, __half, float, (unsigned int)2>(ch_est::puschRxChEstStatDescr_t *, ch_est::puschRxChEstDynDescr_t *)"
1865980811,3072,13006,103,1,1,128,1,1,16,0.000,0.000,,,,,NVIDIA A100-SXM4-40GB (0),1,,13,cupy_copy__complex64_complex64
1865985195,16704,13016,1434,1,1,128,1,1,16,0.000,0.000,,,,,NVIDIA A100-SXM4-40GB (0),1,,13,cupy_copy__complex64_complex64
1866002987,2528,13023,103,1,1,128,1,1,16,0.000,0.000,,,,,NVIDIA A100-SXM4-40GB (0),1,,13,cupy_copy__complex64_complex64
1866006571,87103,13030,1,1,1,32,32,1,30,0.000,0.000,,,,,NVIDIA A100-SXM4-40GB (0),1,,13,"void convert_kernel<__half2, float2>(tensor_layout_any, T1 *, tensor_layout_any, const T2 *)"
1866124074,4480,13033,,,,,,,,,,0.061,13714.268,Pinned,Device,NVIDIA A100-SXM4-40GB (0),1,,13,[CUDA memcpy Host-to-Device]
1866139849,46528,13034,,,,,,,,,,35.801,769434.232,Device,,NVIDIA A100-SXM4-40GB (0),1,,13,[CUDA memset]
1866192681,2016,13036,,,,,,,,,,0.000,39.682,Pinned,Device,NVIDIA A100-SXM4-40GB (0),1,,13,[CUDA memcpy Host-to-Device]
1866197001,6880,13037,,,,,,,,,,0.131,19051.053,Pinned,Device,NVIDIA A100-SXM4-40GB (0),1,,13,[CUDA memcpy Host-to-Device]
1866215049,9279,13038,273,1,1,48,1,1,40,0.000,0.001,,,,,NVIDIA A100-SXM4-40GB (0),1,,13,"void pusch_noise_intf_est::noiseIntfEstNoDftSOfdmKernel<float, __half, float, float, (unsigned int)2, (unsigned int)1, (unsigned char)4, (unsigned char)4>(pusch_noise_intf_est::puschRxNoiseIntfEstDynDescr)"
1866225544,2816,13049,35,1,1,128,1,1,16,0.000,0.000,,,,,NVIDIA A100-SXM4-40GB (0),1,,13,cupy_copy__complex64_complex64
1866253288,1760,13058,1,1,1,1,1,1,18,0.000,0.000,,,,,NVIDIA A100-SXM4-40GB (0),1,,13,cupy_copy__float32_float32
1866288840,1824,13064,,,,,,,,,,0.000,2.193,Device,Pageable,NVIDIA A100-SXM4-40GB (0),1,,7,[CUDA memcpy Device-to-Host]
1866347335,16480,13075,1434,1,1,128,1,1,16,0.000,0.000,,,,,NVIDIA A100-SXM4-40GB (0),1,,13,cupy_copy__complex64_complex64
1866373831,2784,13082,103,1,1,128,1,1,16,0.000,0.000,,,,,NVIDIA A100-SXM4-40GB (0),1,,13,cupy_copy__complex64_complex64
1866394662,2336,13089,35,1,1,128,1,1,16,0.000,0.000,,,,,NVIDIA A100-SXM4-40GB (0),1,,13,cupy_copy__complex64_complex64
1866412934,1696,13096,1,1,1,1,1,1,18,0.000,0.000,,,,,NVIDIA A100-SXM4-40GB (0),1,,13,cupy_copy__float32_float32
1866545797,86687,13107,1,1,1,32,32,1,30,0.000,0.000,,,,,NVIDIA A100-SXM4-40GB (0),1,,13,"void convert_kernel<__half2, float2>(tensor_layout_any, T1 *, tensor_layout_any, const T2 *)"
1866798658,4320,13110,,,,,,,,,,0.061,14222.193,Pinned,Device,NVIDIA A100-SXM4-40GB (0),1,,13,[CUDA memcpy Host-to-Device]
1866807682,3552,13111,,,,,,,,,,1.547,435422.601,Device,,NVIDIA A100-SXM4-40GB (0),1,,13,[CUDA memset]
1866816385,2816,13116,,,,,,,,,,0.021,7477.259,Pinned,Device,NVIDIA A100-SXM4-40GB (0),1,,13,[CUDA memcpy Host-to-Device]
1866821889,6912,13117,,,,,,,,,,0.131,18962.842,Pinned,Device,NVIDIA A100-SXM4-40GB (0),1,,13,[CUDA memcpy Host-to-Device]
1866838913,6496,13118,273,1,1,8,4,1,39,0.002,0.000,,,,,NVIDIA A100-SXM4-40GB (0),1,,13,"void channel_eq::eqMmseCoefCompLowMimoKernel<float, float, float, (unsigned int)4, (unsigned int)1, (unsigned int)4>(const channel_eq::_puschRxChEqStatDescr *, channel_eq::_puschRxChEqCoefCompDynDescr)"
1866846465,5696,13119,273,1,1,12,11,1,40,0.002,0.000,,,,,NVIDIA A100-SXM4-40GB (0),1,,13,"void channel_eq::eqMmseSoftDemapKernel<float, __half, __half, float, (unsigned int)4, (unsigned short)16383>(channel_eq::_puschRxChEqStatDescr *, channel_eq::_puschRxChEqSoftDemapDynDescr)"
1866853377,307164,13120,1,1,1,32,32,1,30,0.000,0.000,,,,,NVIDIA A100-SXM4-40GB (0),1,,13,"void convert_kernel<float2, __half2>(tensor_layout_any, T1 *, tensor_layout_any, const T2 *)"
1867161565,13632,13132,2253,1,1,128,1,1,16,0.000,0.000,,,,,NVIDIA A100-SXM4-40GB (0),1,,13,cupy_copy__float16_float16
1867176477,2816,13141,282,1,1,128,1,1,16,0.000,0.000,,,,,NVIDIA A100-SXM4-40GB (0),1,,13,cupy_copy__complex64_complex64
1867180637,2048,13150,26,1,1,128,1,1,16,0.000,0.000,,,,,NVIDIA A100-SXM4-40GB (0),1,,13,cupy_copy__float32_float32
1867183709,3072,13159,103,1,1,128,1,1,16,0.000,0.000,,,,,NVIDIA A100-SXM4-40GB (0),1,,13,cupy_copy__complex64_complex64
1867188093,15328,13169,1434,1,1,128,1,1,16,0.000,0.000,,,,,NVIDIA A100-SXM4-40GB (0),1,,13,cupy_copy__complex64_complex64
1867307644,87455,13174,1,1,1,32,32,1,30,0.000,0.000,,,,,NVIDIA A100-SXM4-40GB (0),1,,13,"void convert_kernel<__half2, float2>(tensor_layout_any, T1 *, tensor_layout_any, const T2 *)"
1867425594,4288,13177,,,,,,,,,,0.061,14328.300,Pinned,Device,NVIDIA A100-SXM4-40GB (0),1,,13,[CUDA memcpy Host-to-Device]
1867436474,588537,13178,,,,,,,,,,456.520,775628.296,Device,,NVIDIA A100-SXM4-40GB (0),1,,13,[CUDA memset]
1868026003,32832,13183,,,,,,,,,,0.825,25138.328,Pinned,Device,NVIDIA A100-SXM4-40GB (0),1,,13,[CUDA memcpy Host-to-Device]
1868061139,6912,13184,,,,,,,,,,0.131,18962.842,Pinned,Device,NVIDIA A100-SXM4-40GB (0),1,,13,[CUDA memcpy Host-to-Device]
1868074835,8095,13185,69,4,1,48,1,1,76,0.002,0.000,,,,,NVIDIA A100-SXM4-40GB (0),1,,13,"void ch_est::windowedChEstPreNoDftSOfdmKernel<float, __half, float, (unsigned int)2, (unsigned int)1, (unsigned short)4>(ch_est::puschRxChEstStatDescr_t *, ch_est::puschRxChEstDynDescr_t *)"
1868084018,7008,13186,137,2,1,24,2,1,44,0.001,0.001,,,,,NVIDIA A100-SXM4-40GB (0),1,,13,"void ch_est::chEstFilterNoDftSOfdmDispatchKernel<float, __half, float, (unsigned int)2>(ch_est::puschRxChEstStatDescr_t *, ch_est::puschRxChEstDynDescr_t *)"
1868092370,5152,13187,137,2,1,24,2,1,44,0.001,0.001,,,,,NVIDIA A100-SXM4-40GB (0),1,,13,"void ch_est::chEstFilterNoDftSOfdmDispatchKernel<float, __half, float, (unsigned int)2>(ch_est::puschRxChEstStatDescr_t *, ch_est::puschRxChEstDynDescr_t *)"
1868098674,2592,13198,103,1,1,128,1,1,16,0.000,0.000,,,,,NVIDIA A100-SXM4-40GB (0),1,,13,cupy_copy__complex64_complex64
1868102354,16480,13208,1434,1,1,128,1,1,16,0.000,0.000,,,,,NVIDIA A100-SXM4-40GB (0),1,,13,cupy_copy__complex64_complex64
1868120178,2528,13215,103,1,1,128,1,1,16,0.000,0.000,,,,,NVIDIA A100-SXM4-40GB (0),1,,13,cupy_copy__complex64_complex64
1868124050,86655,13222,1,1,1,32,32,1,30,0.000,0.000,,,,,NVIDIA A100-SXM4-40GB (0),1,,13,"void convert_kernel<__half2, float2>(tensor_layout_any, T1 *, tensor_layout_any, const T2 *)"
1868239601,4288,13225,,,,,,,,,,0.061,14328.300,Pinned,Device,NVIDIA A100-SXM4-40GB (0),1,,13,[CUDA memcpy Host-to-Device]
1868251760,46592,13226,,,,,,,,,,35.801,768360.204,Device,,NVIDIA A100-SXM4-40GB (0),1,,13,[CUDA memset]
1868304176,1984,13228,,,,,,,,,,0.000,40.323,Pinned,Device,NVIDIA A100-SXM4-40GB (0),1,,13,[CUDA memcpy Host-to-Device]
1868308464,6880,13229,,,,,,,,,,0.131,19051.053,Pinned,Device,NVIDIA A100-SXM4-40GB (0),1,,13,[CUDA memcpy Host-to-Device]
1868323792,9216,13230,273,1,1,48,1,1,40,0.000,0.001,,,,,NVIDIA A100-SXM4-40GB (0),1,,13,"void pusch_noise_intf_est::noiseIntfEstNoDftSOfdmKernel<float, __half, float, float, (unsigned int)2, (unsigned int)1, (unsigned char)4, (unsigned char)4>(pusch_noise_intf_est::puschRxNoiseIntfEstDynDescr)"
1868334096,2751,13241,35,1,1,128,1,1,16,0.000,0.000,,,,,NVIDIA A100-SXM4-40GB (0),1,,13,cupy_copy__complex64_complex64
1868360463,1760,13250,1,1,1,1,1,1,18,0.000,0.000,,,,,NVIDIA A100-SXM4-40GB (0),1,,13,cupy_copy__float32_float32
1868394991,1824,13256,,,,,,,,,,0.000,2.193,Device,Pageable,NVIDIA A100-SXM4-40GB (0),1,,7,[CUDA memcpy Device-to-Host]
1868454958,16544,13267,1434,1,1,128,1,1,16,0.000,0.000,,,,,NVIDIA A100-SXM4-40GB (0),1,,13,cupy_copy__complex64_complex64
1868480686,2848,13274,103,1,1,128,1,1,16,0.000,0.000,,,,,NVIDIA A100-SXM4-40GB (0),1,,13,cupy_copy__complex64_complex64
1868501198,2272,13281,35,1,1,128,1,1,16,0.000,0.000,,,,,NVIDIA A100-SXM4-40GB (0),1,,13,cupy_copy__complex64_complex64
1868519693,1696,13288,1,1,1,1,1,1,18,0.000,0.000,,,,,NVIDIA A100-SXM4-40GB (0),1,,13,cupy_copy__float32_float32
1868652364,86879,13299,1,1,1,32,32,1,30,0.000,0.000,,,,,NVIDIA A100-SXM4-40GB (0),1,,13,"void convert_kernel<__half2, float2>(tensor_layout_any, T1 *, tensor_layout_any, const T2 *)"
1868767018,4288,13302,,,,,,,,,,0.061,14328.300,Pinned,Device,NVIDIA A100-SXM4-40GB (0),1,,13,[CUDA memcpy Host-to-Device]
1868781354,3616,13303,,,,,,,,,,1.547,427715.774,Device,,NVIDIA A100-SXM4-40GB (0),1,,13,[CUDA memset]
1868787754,2816,13308,,,,,,,,,,0.021,7477.259,Pinned,Device,NVIDIA A100-SXM4-40GB (0),1,,13,[CUDA memcpy Host-to-Device]
1868792874,7200,13309,,,,,,,,,,0.131,18204.328,Pinned,Device,NVIDIA A100-SXM4-40GB (0),1,,13,[CUDA memcpy Host-to-Device]
1868807786,6720,13310,273,1,1,8,4,1,39,0.002,0.000,,,,,NVIDIA A100-SXM4-40GB (0),1,,13,"void channel_eq::eqMmseCoefCompLowMimoKernel<float, float, float, (unsigned int)4, (unsigned int)1, (unsigned int)4>(const channel_eq::_puschRxChEqStatDescr *, channel_eq::_puschRxChEqCoefCompDynDescr)"
1868815594,5824,13311,273,1,1,12,11,1,40,0.002,0.000,,,,,NVIDIA A100-SXM4-40GB (0),1,,13,"void channel_eq::eqMmseSoftDemapKernel<float, __half, __half, float, (unsigned int)4, (unsigned short)16383>(channel_eq::_puschRxChEqStatDescr *, channel_eq::_puschRxChEqSoftDemapDynDescr)"
1868822762,307612,13312,1,1,1,32,32,1,30,0.000,0.000,,,,,NVIDIA A100-SXM4-40GB (0),1,,13,"void convert_kernel<float2, __half2>(tensor_layout_any, T1 *, tensor_layout_any, const T2 *)"
1869131590,13856,13324,2253,1,1,128,1,1,16,0.000,0.000,,,,,NVIDIA A100-SXM4-40GB (0),1,,13,cupy_copy__float16_float16
1869146502,2784,13333,282,1,1,128,1,1,16,0.000,0.000,,,,,NVIDIA A100-SXM4-40GB (0),1,,13,cupy_copy__complex64_complex64
1869150342,2016,13342,26,1,1,128,1,1,16,0.000,0.000,,,,,NVIDIA A100-SXM4-40GB (0),1,,13,cupy_copy__float32_float32
1869153702,3040,13351,103,1,1,128,1,1,16,0.000,0.000,,,,,NVIDIA A100-SXM4-40GB (0),1,,13,cupy_copy__complex64_complex64
1869157894,15360,13361,1434,1,1,128,1,1,16,0.000,0.000,,,,,NVIDIA A100-SXM4-40GB (0),1,,13,cupy_copy__complex64_complex64
1869174310,86687,13366,1,1,1,32,32,1,30,0.000,0.000,,,,,NVIDIA A100-SXM4-40GB (0),1,,13,"void convert_kernel<__half2, float2>(tensor_layout_any, T1 *, tensor_layout_any, const T2 *)"
1869288004,4288,13369,,,,,,,,,,0.061,14328.300,Pinned,Device,NVIDIA A100-SXM4-40GB (0),1,,13,[CUDA memcpy Host-to-Device]
1869299492,587737,13370,,,,,,,,,,456.520,776541.336,Device,,NVIDIA A100-SXM4-40GB (0),1,,13,[CUDA memset]
1869888637,32800,13375,,,,,,,,,,0.825,25162.263,Pinned,Device,NVIDIA A100-SXM4-40GB (0),1,,13,[CUDA memcpy Host-to-Device]
1869923741,6880,13376,,,,,,,,,,0.131,19051.053,Pinned,Device,NVIDIA A100-SXM4-40GB (0),1,,13,[CUDA memcpy Host-to-Device]
1869939517,7743,13377,69,4,1,48,1,1,76,0.002,0.000,,,,,NVIDIA A100-SXM4-40GB (0),1,,13,"void ch_est::windowedChEstPreNoDftSOfdmKernel<float, __half, float, (unsigned int)2, (unsigned int)1, (unsigned short)4>(ch_est::puschRxChEstStatDescr_t *, ch_est::puschRxChEstDynDescr_t *)"
1869948444,7104,13378,137,2,1,24,2,1,44,0.001,0.001,,,,,NVIDIA A100-SXM4-40GB (0),1,,13,"void ch_est::chEstFilterNoDftSOfdmDispatchKernel<float, __half, float, (unsigned int)2>(ch_est::puschRxChEstStatDescr_t *, ch_est::puschRxChEstDynDescr_t *)"
1869956892,5184,13379,137,2,1,24,2,1,44,0.001,0.001,,,,,NVIDIA A100-SXM4-40GB (0),1,,13,"void ch_est::chEstFilterNoDftSOfdmDispatchKernel<float, __half, float, (unsigned int)2>(ch_est::puschRxChEstStatDescr_t *, ch_est::puschRxChEstDynDescr_t *)"
1869963196,2624,13390,103,1,1,128,1,1,16,0.000,0.000,,,,,NVIDIA A100-SXM4-40GB (0),1,,13,cupy_copy__complex64_complex64
1869966972,16832,13400,1434,1,1,128,1,1,16,0.000,0.000,,,,,NVIDIA A100-SXM4-40GB (0),1,,13,cupy_copy__complex64_complex64
1869984860,2592,13407,103,1,1,128,1,1,16,0.000,0.000,,,,,NVIDIA A100-SXM4-40GB (0),1,,13,cupy_copy__complex64_complex64
1869988764,86559,13414,1,1,1,32,32,1,30,0.000,0.000,,,,,NVIDIA A100-SXM4-40GB (0),1,,13,"void convert_kernel<__half2, float2>(tensor_layout_any, T1 *, tensor_layout_any, const T2 *)"
1870102619,4384,13417,,,,,,,,,,0.061,14014.587,Pinned,Device,NVIDIA A100-SXM4-40GB (0),1,,13,[CUDA memcpy Host-to-Device]
1870115098,46592,13418,,,,,,,,,,35.801,768360.204,Device,,NVIDIA A100-SXM4-40GB (0),1,,13,[CUDA memset]
1870166778,1984,13420,,,,,,,,,,0.000,40.323,Pinned,Device,NVIDIA A100-SXM4-40GB (0),1,,13,[CUDA memcpy Host-to-Device]
1870171098,6912,13421,,,,,,,,,,0.131,18962.842,Pinned,Device,NVIDIA A100-SXM4-40GB (0),1,,13,[CUDA memcpy Host-to-Device]
1870183802,9216,13422,273,1,1,48,1,1,40,0.000,0.001,,,,,NVIDIA A100-SXM4-40GB (0),1,,13,"void pusch_noise_intf_est::noiseIntfEstNoDftSOfdmKernel<float, __half, float, float, (unsigned int)2, (unsigned int)1, (unsigned char)4, (unsigned char)4>(pusch_noise_intf_est::puschRxNoiseIntfEstDynDescr)"
1870194202,2943,13433,35,1,1,128,1,1,16,0.000,0.000,,,,,NVIDIA A100-SXM4-40GB (0),1,,13,cupy_copy__complex64_complex64
1870221049,1760,13442,1,1,1,1,1,1,18,0.000,0.000,,,,,NVIDIA A100-SXM4-40GB (0),1,,13,cupy_copy__float32_float32
1870254489,1760,13448,,,,,,,,,,0.000,2.273,Device,Pageable,NVIDIA A100-SXM4-40GB (0),1,,7,[CUDA memcpy Device-to-Host]
1870312472,16480,13459,1434,1,1,128,1,1,16,0.000,0.000,,,,,NVIDIA A100-SXM4-40GB (0),1,,13,cupy_copy__complex64_complex64
1870338456,2752,13466,103,1,1,128,1,1,16,0.000,0.000,,,,,NVIDIA A100-SXM4-40GB (0),1,,13,cupy_copy__complex64_complex64
1870359416,2336,13473,35,1,1,128,1,1,16,0.000,0.000,,,,,NVIDIA A100-SXM4-40GB (0),1,,13,cupy_copy__complex64_complex64
1870377815,1728,13480,1,1,1,1,1,1,18,0.000,0.000,,,,,NVIDIA A100-SXM4-40GB (0),1,,13,cupy_copy__float32_float32
1870509782,86591,13491,1,1,1,32,32,1,30,0.000,0.000,,,,,NVIDIA A100-SXM4-40GB (0),1,,13,"void convert_kernel<__half2, float2>(tensor_layout_any, T1 *, tensor_layout_any, const T2 *)"
1870766387,4416,13494,,,,,,,,,,0.061,13913.027,Pinned,Device,NVIDIA A100-SXM4-40GB (0),1,,13,[CUDA memcpy Host-to-Device]
1870779059,3584,13495,,,,,,,,,,1.547,431534.389,Device,,NVIDIA A100-SXM4-40GB (0),1,,13,[CUDA memset]
1870784339,3103,13500,,,,,,,,,,0.021,6785.675,Pinned,Device,NVIDIA A100-SXM4-40GB (0),1,,13,[CUDA memcpy Host-to-Device]
1870789746,7008,13501,,,,,,,,,,0.131,18703.188,Pinned,Device,NVIDIA A100-SXM4-40GB (0),1,,13,[CUDA memcpy Host-to-Device]
1870801714,6560,13502,273,1,1,8,4,1,39,0.002,0.000,,,,,NVIDIA A100-SXM4-40GB (0),1,,13,"void channel_eq::eqMmseCoefCompLowMimoKernel<float, float, float, (unsigned int)4, (unsigned int)1, (unsigned int)4>(const channel_eq::_puschRxChEqStatDescr *, channel_eq::_puschRxChEqCoefCompDynDescr)"
1870809618,5696,13503,273,1,1,12,11,1,40,0.002,0.000,,,,,NVIDIA A100-SXM4-40GB (0),1,,13,"void channel_eq::eqMmseSoftDemapKernel<float, __half, __half, float, (unsigned int)4, (unsigned short)16383>(channel_eq::_puschRxChEqStatDescr *, channel_eq::_puschRxChEqSoftDemapDynDescr)"
1870816402,307293,13504,1,1,1,32,32,1,30,0.000,0.000,,,,,NVIDIA A100-SXM4-40GB (0),1,,13,"void convert_kernel<float2, __half2>(tensor_layout_any, T1 *, tensor_layout_any, const T2 *)"
1871124911,13567,13516,2253,1,1,128,1,1,16,0.000,0.000,,,,,NVIDIA A100-SXM4-40GB (0),1,,13,cupy_copy__float16_float16
1871139502,2912,13525,282,1,1,128,1,1,16,0.000,0.000,,,,,NVIDIA A100-SXM4-40GB (0),1,,13,cupy_copy__complex64_complex64
1871143598,2016,13534,26,1,1,128,1,1,16,0.000,0.000,,,,,NVIDIA A100-SXM4-40GB (0),1,,13,cupy_copy__float32_float32
1871146638,3104,13543,103,1,1,128,1,1,16,0.000,0.000,,,,,NVIDIA A100-SXM4-40GB (0),1,,13,cupy_copy__complex64_complex64
1871151054,15264,13553,1434,1,1,128,1,1,16,0.000,0.000,,,,,NVIDIA A100-SXM4-40GB (0),1,,13,cupy_copy__complex64_complex64
1871277261,87263,13558,1,1,1,32,32,1,30,0.000,0.000,,,,,NVIDIA A100-SXM4-40GB (0),1,,13,"void convert_kernel<__half2, float2>(tensor_layout_any, T1 *, tensor_layout_any, const T2 *)"
1871394315,4640,13561,,,,,,,,,,0.061,13241.364,Pinned,Device,NVIDIA A100-SXM4-40GB (0),1,,13,[CUDA memcpy Host-to-Device]
1871406443,587929,13562,,,,,,,,,,456.520,776084.816,Device,,NVIDIA A100-SXM4-40GB (0),1,,13,[CUDA memset]
1871997700,32800,13567,,,,,,,,,,0.825,25162.263,Pinned,Device,NVIDIA A100-SXM4-40GB (0),1,,13,[CUDA memcpy Host-to-Device]
1872032836,6912,13568,,,,,,,,,,0.131,18962.842,Pinned,Device,NVIDIA A100-SXM4-40GB (0),1,,13,[CUDA memcpy Host-to-Device]
1872046884,7872,13569,69,4,1,48,1,1,76,0.002,0.000,,,,,NVIDIA A100-SXM4-40GB (0),1,,13,"void ch_est::windowedChEstPreNoDftSOfdmKernel<float, __half, float, (unsigned int)2, (unsigned int)1, (unsigned short)4>(ch_est::puschRxChEstStatDescr_t *, ch_est::puschRxChEstDynDescr_t *)"
1872055843,6720,13570,137,2,1,24,2,1,44,0.001,0.001,,,,,NVIDIA A100-SXM4-40GB (0),1,,13,"void ch_est::chEstFilterNoDftSOfdmDispatchKernel<float, __half, float, (unsigned int)2>(ch_est::puschRxChEstStatDescr_t *, ch_est::puschRxChEstDynDescr_t *)"
1872063619,5184,13571,137,2,1,24,2,1,44,0.001,0.001,,,,,NVIDIA A100-SXM4-40GB (0),1,,13,"void ch_est::chEstFilterNoDftSOfdmDispatchKernel<float, __half, float, (unsigned int)2>(ch_est::puschRxChEstStatDescr_t *, ch_est::puschRxChEstDynDescr_t *)"
1872069923,2592,13582,103,1,1,128,1,1,16,0.000,0.000,,,,,NVIDIA A100-SXM4-40GB (0),1,,13,cupy_copy__complex64_complex64
1872073699,16576,13592,1434,1,1,128,1,1,16,0.000,0.000,,,,,NVIDIA A100-SXM4-40GB (0),1,,13,cupy_copy__complex64_complex64
1872091427,2528,13599,103,1,1,128,1,1,16,0.000,0.000,,,,,NVIDIA A100-SXM4-40GB (0),1,,13,cupy_copy__complex64_complex64
1872095139,86815,13606,1,1,1,32,32,1,30,0.000,0.000,,,,,NVIDIA A100-SXM4-40GB (0),1,,13,"void convert_kernel<__half2, float2>(tensor_layout_any, T1 *, tensor_layout_any, const T2 *)"
1872349856,4288,13609,,,,,,,,,,0.061,14328.300,Pinned,Device,NVIDIA A100-SXM4-40GB (0),1,,13,[CUDA memcpy Host-to-Device]
1872359200,47103,13610,,,,,,,,,,35.801,760054.381,Device,,NVIDIA A100-SXM4-40GB (0),1,,13,[CUDA memset]
1872414143,2016,13612,,,,,,,,,,0.000,39.682,Pinned,Device,NVIDIA A100-SXM4-40GB (0),1,,13,[CUDA memcpy Host-to-Device]
1872418431,7072,13613,,,,,,,,,,0.131,18533.843,Pinned,Device,NVIDIA A100-SXM4-40GB (0),1,,13,[CUDA memcpy Host-to-Device]
1872431903,9888,13614,273,1,1,48,1,1,40,0.000,0.001,,,,,NVIDIA A100-SXM4-40GB (0),1,,13,"void pusch_noise_intf_est::noiseIntfEstNoDftSOfdmKernel<float, __half, float, float, (unsigned int)2, (unsigned int)1, (unsigned char)4, (unsigned char)4>(pusch_noise_intf_est::puschRxNoiseIntfEstDynDescr)"
1872442943,2720,13625,35,1,1,128,1,1,16,0.000,0.000,,,,,NVIDIA A100-SXM4-40GB (0),1,,13,cupy_copy__complex64_complex64
1872452031,1728,13634,1,1,1,1,1,1,18,0.000,0.000,,,,,NVIDIA A100-SXM4-40GB (0),1,,13,cupy_copy__float32_float32
1872487614,1824,13640,,,,,,,,,,0.000,2.193,Device,Pageable,NVIDIA A100-SXM4-40GB (0),1,,7,[CUDA memcpy Device-to-Host]
1872546526,16383,13651,1434,1,1,128,1,1,16,0.000,0.000,,,,,NVIDIA A100-SXM4-40GB (0),1,,13,cupy_copy__complex64_complex64
1872573533,2848,13658,103,1,1,128,1,1,16,0.000,0.000,,,,,NVIDIA A100-SXM4-40GB (0),1,,13,cupy_copy__complex64_complex64
1872593981,2304,13665,35,1,1,128,1,1,16,0.000,0.000,,,,,NVIDIA A100-SXM4-40GB (0),1,,13,cupy_copy__complex64_complex64
1872611901,1696,13672,1,1,1,1,1,1,18,0.000,0.000,,,,,NVIDIA A100-SXM4-40GB (0),1,,13,cupy_copy__float32_float32
1872875706,87231,13683,1,1,1,32,32,1,30,0.000,0.000,,,,,NVIDIA A100-SXM4-40GB (0),1,,13,"void convert_kernel<__half2, float2>(tensor_layout_any, T1 *, tensor_layout_any, const T2 *)"
1872994264,4288,13686,,,,,,,,,,0.061,14328.300,Pinned,Device,NVIDIA A100-SXM4-40GB (0),1,,13,[CUDA memcpy Host-to-Device]
1873009880,3584,13687,,,,,,,,,,1.547,431534.389,Device,,NVIDIA A100-SXM4-40GB (0),1,,13,[CUDA memset]
1873016248,2848,13692,,,,,,,,,,0.021,7393.246,Pinned,Device,NVIDIA A100-SXM4-40GB (0),1,,13,[CUDA memcpy Host-to-Device]
1873021752,6976,13693,,,,,,,,,,0.131,18788.909,Pinned,Device,NVIDIA A100-SXM4-40GB (0),1,,13,[CUDA memcpy Host-to-Device]
1873035768,6592,13694,273,1,1,8,4,1,39,0.002,0.000,,,,,NVIDIA A100-SXM4-40GB (0),1,,13,"void channel_eq::eqMmseCoefCompLowMimoKernel<float, float, float, (unsigned int)4, (unsigned int)1, (unsigned int)4>(const channel_eq::_puschRxChEqStatDescr *, channel_eq::_puschRxChEqCoefCompDynDescr)"
1873043448,5728,13695,273,1,1,12,11,1,40,0.002,0.000,,,,,NVIDIA A100-SXM4-40GB (0),1,,13,"void channel_eq::eqMmseSoftDemapKernel<float, __half, __half, float, (unsigned int)4, (unsigned short)16383>(channel_eq::_puschRxChEqStatDescr *, channel_eq::_puschRxChEqSoftDemapDynDescr)"
1873050264,307548,13696,1,1,1,32,32,1,30,0.000,0.000,,,,,NVIDIA A100-SXM4-40GB (0),1,,13,"void convert_kernel<float2, __half2>(tensor_layout_any, T1 *, tensor_layout_any, const T2 *)"
1873358868,13504,13708,2253,1,1,128,1,1,16,0.000,0.000,,,,,NVIDIA A100-SXM4-40GB (0),1,,13,cupy_copy__float16_float16
1873373460,2816,13717,282,1,1,128,1,1,16,0.000,0.000,,,,,NVIDIA A100-SXM4-40GB (0),1,,13,cupy_copy__complex64_complex64
1873377588,2048,13726,26,1,1,128,1,1,16,0.000,0.000,,,,,NVIDIA A100-SXM4-40GB (0),1,,13,cupy_copy__float32_float32
1873380692,3008,13735,103,1,1,128,1,1,16,0.000,0.000,,,,,NVIDIA A100-SXM4-40GB (0),1,,13,cupy_copy__complex64_complex64
1873436819,15552,13751,1434,1,1,128,1,1,16,0.000,0.000,,,,,NVIDIA A100-SXM4-40GB (0),1,,13,cupy_copy__complex64_complex64
1873553714,87359,13756,1,1,1,32,32,1,30,0.000,0.000,,,,,NVIDIA A100-SXM4-40GB (0),1,,13,"void convert_kernel<__half2, float2>(tensor_layout_any, T1 *, tensor_layout_any, const T2 *)"
1873668240,4288,13759,,,,,,,,,,0.061,14328.300,Pinned,Device,NVIDIA A100-SXM4-40GB (0),1,,13,[CUDA memcpy Host-to-Device]
1873679856,588025,13760,,,,,,,,,,456.520,776084.816,Device,,NVIDIA A100-SXM4-40GB (0),1,,13,[CUDA memset]
1874276457,32832,13765,,,,,,,,,,0.825,25138.328,Pinned,Device,NVIDIA A100-SXM4-40GB (0),1,,13,[CUDA memcpy Host-to-Device]
1874311593,7168,13766,,,,,,,,,,0.131,18285.593,Pinned,Device,NVIDIA A100-SXM4-40GB (0),1,,13,[CUDA memcpy Host-to-Device]
1874324233,7552,13767,69,4,1,48,1,1,76,0.002,0.000,,,,,NVIDIA A100-SXM4-40GB (0),1,,13,"void ch_est::windowedChEstPreNoDftSOfdmKernel<float, __half, float, (unsigned int)2, (unsigned int)1, (unsigned short)4>(ch_est::puschRxChEstStatDescr_t *, ch_est::puschRxChEstDynDescr_t *)"
1874333129,7039,13768,137,2,1,24,2,1,44,0.001,0.001,,,,,NVIDIA A100-SXM4-40GB (0),1,,13,"void ch_est::chEstFilterNoDftSOfdmDispatchKernel<float, __half, float, (unsigned int)2>(ch_est::puschRxChEstStatDescr_t *, ch_est::puschRxChEstDynDescr_t *)"
1874341480,5216,13769,137,2,1,24,2,1,44,0.001,0.001,,,,,NVIDIA A100-SXM4-40GB (0),1,,13,"void ch_est::chEstFilterNoDftSOfdmDispatchKernel<float, __half, float, (unsigned int)2>(ch_est::puschRxChEstStatDescr_t *, ch_est::puschRxChEstDynDescr_t *)"
1874347720,2624,13780,103,1,1,128,1,1,16,0.000,0.000,,,,,NVIDIA A100-SXM4-40GB (0),1,,13,cupy_copy__complex64_complex64
1874351496,16384,13790,1434,1,1,128,1,1,16,0.000,0.000,,,,,NVIDIA A100-SXM4-40GB (0),1,,13,cupy_copy__complex64_complex64
1874368968,2560,13797,103,1,1,128,1,1,16,0.000,0.000,,,,,NVIDIA A100-SXM4-40GB (0),1,,13,cupy_copy__complex64_complex64
1874372840,86559,13804,1,1,1,32,32,1,30,0.000,0.000,,,,,NVIDIA A100-SXM4-40GB (0),1,,13,"void convert_kernel<__half2, float2>(tensor_layout_any, T1 *, tensor_layout_any, const T2 *)"
1874486535,4320,13807,,,,,,,,,,0.061,14222.193,Pinned,Device,NVIDIA A100-SXM4-40GB (0),1,,13,[CUDA memcpy Host-to-Device]
1874499847,46559,13808,,,,,,,,,,35.801,768933.019,Device,,NVIDIA A100-SXM4-40GB (0),1,,13,[CUDA memset]
1874550470,2016,13810,,,,,,,,,,0.000,39.682,Pinned,Device,NVIDIA A100-SXM4-40GB (0),1,,13,[CUDA memcpy Host-to-Device]
1874554790,6944,13811,,,,,,,,,,0.131,18875.548,Pinned,Device,NVIDIA A100-SXM4-40GB (0),1,,13,[CUDA memcpy Host-to-Device]
1874569350,9344,13812,273,1,1,48,1,1,40,0.000,0.001,,,,,NVIDIA A100-SXM4-40GB (0),1,,13,"void pusch_noise_intf_est::noiseIntfEstNoDftSOfdmKernel<float, __half, float, float, (unsigned int)2, (unsigned int)1, (unsigned char)4, (unsigned char)4>(pusch_noise_intf_est::puschRxNoiseIntfEstDynDescr)"
1874579910,2848,13823,35,1,1,128,1,1,16,0.000,0.000,,,,,NVIDIA A100-SXM4-40GB (0),1,,13,cupy_copy__complex64_complex64
1874606245,1760,13832,1,1,1,1,1,1,18,0.000,0.000,,,,,NVIDIA A100-SXM4-40GB (0),1,,13,cupy_copy__float32_float32
1874640101,2016,13838,,,,,,,,,,0.000,1.984,Device,Pageable,NVIDIA A100-SXM4-40GB (0),1,,7,[CUDA memcpy Device-to-Host]
1874698788,16352,13849,1434,1,1,128,1,1,16,0.000,0.000,,,,,NVIDIA A100-SXM4-40GB (0),1,,13,cupy_copy__complex64_complex64
1874725124,2816,13856,103,1,1,128,1,1,16,0.000,0.000,,,,,NVIDIA A100-SXM4-40GB (0),1,,13,cupy_copy__complex64_complex64
1874746436,2336,13863,35,1,1,128,1,1,16,0.000,0.000,,,,,NVIDIA A100-SXM4-40GB (0),1,,13,cupy_copy__complex64_complex64
1874764419,1696,13870,1,1,1,1,1,1,18,0.000,0.000,,,,,NVIDIA A100-SXM4-40GB (0),1,,13,cupy_copy__float32_float32
1874897410,87519,13881,1,1,1,32,32,1,30,0.000,0.000,,,,,NVIDIA A100-SXM4-40GB (0),1,,13,"void convert_kernel<__half2, float2>(tensor_layout_any, T1 *, tensor_layout_any, const T2 *)"
1875012992,4288,13884,,,,,,,,,,0.061,14328.300,Pinned,Device,NVIDIA A100-SXM4-40GB (0),1,,13,[CUDA memcpy Host-to-Device]
1875029792,3552,13885,,,,,,,,,,1.547,435422.601,Device,,NVIDIA A100-SXM4-40GB (0),1,,13,[CUDA memset]
1875036448,2848,13890,,,,,,,,,,0.021,7393.246,Pinned,Device,NVIDIA A100-SXM4-40GB (0),1,,13,[CUDA memcpy Host-to-Device]
1875041600,7168,13891,,,,,,,,,,0.131,18285.593,Pinned,Device,NVIDIA A100-SXM4-40GB (0),1,,13,[CUDA memcpy Host-to-Device]
1875053824,6688,13892,273,1,1,8,4,1,39,0.002,0.000,,,,,NVIDIA A100-SXM4-40GB (0),1,,13,"void channel_eq::eqMmseCoefCompLowMimoKernel<float, float, float, (unsigned int)4, (unsigned int)1, (unsigned int)4>(const channel_eq::_puschRxChEqStatDescr *, channel_eq::_puschRxChEqCoefCompDynDescr)"
1875061632,5696,13893,273,1,1,12,11,1,40,0.002,0.000,,,,,NVIDIA A100-SXM4-40GB (0),1,,13,"void channel_eq::eqMmseSoftDemapKernel<float, __half, __half, float, (unsigned int)4, (unsigned short)16383>(channel_eq::_puschRxChEqStatDescr *, channel_eq::_puschRxChEqSoftDemapDynDescr)"
1875068640,307132,13894,1,1,1,32,32,1,30,0.000,0.000,,,,,NVIDIA A100-SXM4-40GB (0),1,,13,"void convert_kernel<float2, __half2>(tensor_layout_any, T1 *, tensor_layout_any, const T2 *)"
1875376892,13664,13906,2253,1,1,128,1,1,16,0.000,0.000,,,,,NVIDIA A100-SXM4-40GB (0),1,,13,cupy_copy__float16_float16
1875391740,2848,13915,282,1,1,128,1,1,16,0.000,0.000,,,,,NVIDIA A100-SXM4-40GB (0),1,,13,cupy_copy__complex64_complex64
1875395772,2048,13924,26,1,1,128,1,1,16,0.000,0.000,,,,,NVIDIA A100-SXM4-40GB (0),1,,13,cupy_copy__float32_float32
1875398844,3072,13933,103,1,1,128,1,1,16,0.000,0.000,,,,,NVIDIA A100-SXM4-40GB (0),1,,13,cupy_copy__complex64_complex64
1875403228,15488,13943,1434,1,1,128,1,1,16,0.000,0.000,,,,,NVIDIA A100-SXM4-40GB (0),1,,13,cupy_copy__complex64_complex64
1875419740,86367,13948,1,1,1,32,32,1,30,0.000,0.000,,,,,NVIDIA A100-SXM4-40GB (0),1,,13,"void convert_kernel<__half2, float2>(tensor_layout_any, T1 *, tensor_layout_any, const T2 *)"
1875534266,4320,13951,,,,,,,,,,0.061,14222.193,Pinned,Device,NVIDIA A100-SXM4-40GB (0),1,,13,[CUDA memcpy Host-to-Device]
1875544314,587641,13952,,,,,,,,,,456.520,776541.336,Device,,NVIDIA A100-SXM4-40GB (0),1,,13,[CUDA memset]
1876132915,32768,13957,,,,,,,,,,0.825,25187.023,Pinned,Device,NVIDIA A100-SXM4-40GB (0),1,,13,[CUDA memcpy Host-to-Device]
1876167987,6912,13958,,,,,,,,,,0.131,18962.842,Pinned,Device,NVIDIA A100-SXM4-40GB (0),1,,13,[CUDA memcpy Host-to-Device]
1876179667,8064,13959,69,4,1,48,1,1,76,0.002,0.000,,,,,NVIDIA A100-SXM4-40GB (0),1,,13,"void ch_est::windowedChEstPreNoDftSOfdmKernel<float, __half, float, (unsigned int)2, (unsigned int)1, (unsigned short)4>(ch_est::puschRxChEstStatDescr_t *, ch_est::puschRxChEstDynDescr_t *)"
1876188883,6656,13960,137,2,1,24,2,1,44,0.001,0.001,,,,,NVIDIA A100-SXM4-40GB (0),1,,13,"void ch_est::chEstFilterNoDftSOfdmDispatchKernel<float, __half, float, (unsigned int)2>(ch_est::puschRxChEstStatDescr_t *, ch_est::puschRxChEstDynDescr_t *)"
1876196690,5152,13961,137,2,1,24,2,1,44,0.001,0.001,,,,,NVIDIA A100-SXM4-40GB (0),1,,13,"void ch_est::chEstFilterNoDftSOfdmDispatchKernel<float, __half, float, (unsigned int)2>(ch_est::puschRxChEstStatDescr_t *, ch_est::puschRxChEstDynDescr_t *)"
1876202994,2560,13972,103,1,1,128,1,1,16,0.000,0.000,,,,,NVIDIA A100-SXM4-40GB (0),1,,13,cupy_copy__complex64_complex64
1876206866,16736,13982,1434,1,1,128,1,1,16,0.000,0.000,,,,,NVIDIA A100-SXM4-40GB (0),1,,13,cupy_copy__complex64_complex64
1876224914,2528,13989,103,1,1,128,1,1,16,0.000,0.000,,,,,NVIDIA A100-SXM4-40GB (0),1,,13,cupy_copy__complex64_complex64
1876228466,86431,13996,1,1,1,32,32,1,30,0.000,0.000,,,,,NVIDIA A100-SXM4-40GB (0),1,,13,"void convert_kernel<__half2, float2>(tensor_layout_any, T1 *, tensor_layout_any, const T2 *)"
1876484463,4320,13999,,,,,,,,,,0.061,14222.193,Pinned,Device,NVIDIA A100-SXM4-40GB (0),1,,13,[CUDA memcpy Host-to-Device]
1876494063,46751,14000,,,,,,,,,,35.801,765746.733,Device,,NVIDIA A100-SXM4-40GB (0),1,,13,[CUDA memset]
1876549390,2016,14002,,,,,,,,,,0.000,39.682,Pinned,Device,NVIDIA A100-SXM4-40GB (0),1,,13,[CUDA memcpy Host-to-Device]
1876553678,6944,14003,,,,,,,,,,0.131,18875.548,Pinned,Device,NVIDIA A100-SXM4-40GB (0),1,,13,[CUDA memcpy Host-to-Device]
1876566766,9856,14004,273,1,1,48,1,1,40,0.000,0.001,,,,,NVIDIA A100-SXM4-40GB (0),1,,13,"void pusch_noise_intf_est::noiseIntfEstNoDftSOfdmKernel<float, __half, float, float, (unsigned int)2, (unsigned int)1, (unsigned char)4, (unsigned char)4>(pusch_noise_intf_est::puschRxNoiseIntfEstDynDescr)"
1876577774,2752,14015,35,1,1,128,1,1,16,0.000,0.000,,,,,NVIDIA A100-SXM4-40GB (0),1,,13,cupy_copy__complex64_complex64
1876586862,1728,14024,1,1,1,1,1,1,18,0.000,0.000,,,,,NVIDIA A100-SXM4-40GB (0),1,,13,cupy_copy__float32_float32
1876620653,1856,14030,,,,,,,,,,0.000,2.155,Device,Pageable,NVIDIA A100-SXM4-40GB (0),1,,7,[CUDA memcpy Device-to-Host]
1876680141,16544,14041,1434,1,1,128,1,1,16,0.000,0.000,,,,,NVIDIA A100-SXM4-40GB (0),1,,13,cupy_copy__complex64_complex64
1876706316,2784,14048,103,1,1,128,1,1,16,0.000,0.000,,,,,NVIDIA A100-SXM4-40GB (0),1,,13,cupy_copy__complex64_complex64
1876727148,2304,14055,35,1,1,128,1,1,16,0.000,0.000,,,,,NVIDIA A100-SXM4-40GB (0),1,,13,cupy_copy__complex64_complex64
1876745452,1664,14062,1,1,1,1,1,1,18,0.000,0.000,,,,,NVIDIA A100-SXM4-40GB (0),1,,13,cupy_copy__float32_float32
1877011977,86751,14073,1,1,1,32,32,1,30,0.000,0.000,,,,,NVIDIA A100-SXM4-40GB (0),1,,13,"void convert_kernel<__half2, float2>(tensor_layout_any, T1 *, tensor_layout_any, const T2 *)"
1877129703,4320,14076,,,,,,,,,,0.061,14222.193,Pinned,Device,NVIDIA A100-SXM4-40GB (0),1,,13,[CUDA memcpy Host-to-Device]
1877145383,3584,14077,,,,,,,,,,1.547,431534.389,Device,,NVIDIA A100-SXM4-40GB (0),1,,13,[CUDA memset]
1877151911,2848,14082,,,,,,,,,,0.021,7393.246,Pinned,Device,NVIDIA A100-SXM4-40GB (0),1,,13,[CUDA memcpy Host-to-Device]
1877157063,6944,14083,,,,,,,,,,0.131,18875.548,Pinned,Device,NVIDIA A100-SXM4-40GB (0),1,,13,[CUDA memcpy Host-to-Device]
1877169895,6592,14084,273,1,1,8,4,1,39,0.002,0.000,,,,,NVIDIA A100-SXM4-40GB (0),1,,13,"void channel_eq::eqMmseCoefCompLowMimoKernel<float, float, float, (unsigned int)4, (unsigned int)1, (unsigned int)4>(const channel_eq::_puschRxChEqStatDescr *, channel_eq::_puschRxChEqCoefCompDynDescr)"
1877177511,5824,14085,273,1,1,12,11,1,40,0.002,0.000,,,,,NVIDIA A100-SXM4-40GB (0),1,,13,"void channel_eq::eqMmseSoftDemapKernel<float, __half, __half, float, (unsigned int)4, (unsigned short)16383>(channel_eq::_puschRxChEqStatDescr *, channel_eq::_puschRxChEqSoftDemapDynDescr)"
1877184647,307708,14086,1,1,1,32,32,1,30,0.000,0.000,,,,,NVIDIA A100-SXM4-40GB (0),1,,13,"void convert_kernel<float2, __half2>(tensor_layout_any, T1 *, tensor_layout_any, const T2 *)"
1877493635,13632,14098,2253,1,1,128,1,1,16,0.000,0.000,,,,,NVIDIA A100-SXM4-40GB (0),1,,13,cupy_copy__float16_float16
1877508611,2784,14107,282,1,1,128,1,1,16,0.000,0.000,,,,,NVIDIA A100-SXM4-40GB (0),1,,13,cupy_copy__complex64_complex64
1877512707,2048,14116,26,1,1,128,1,1,16,0.000,0.000,,,,,NVIDIA A100-SXM4-40GB (0),1,,13,cupy_copy__float32_float32
1877515811,3040,14125,103,1,1,128,1,1,16,0.000,0.000,,,,,NVIDIA A100-SXM4-40GB (0),1,,13,cupy_copy__complex64_complex64
1877520163,15392,14135,1434,1,1,128,1,1,16,0.000,0.000,,,,,NVIDIA A100-SXM4-40GB (0),1,,13,cupy_copy__complex64_complex64
1877536675,86527,14140,1,1,1,32,32,1,30,0.000,0.000,,,,,NVIDIA A100-SXM4-40GB (0),1,,13,"void convert_kernel<__half2, float2>(tensor_layout_any, T1 *, tensor_layout_any, const T2 *)"
1877789952,4544,14143,,,,,,,,,,0.061,13521.101,Pinned,Device,NVIDIA A100-SXM4-40GB (0),1,,13,[CUDA memcpy Host-to-Device]
1877798816,588057,14144,,,,,,,,,,456.520,776084.816,Device,,NVIDIA A100-SXM4-40GB (0),1,,13,[CUDA memset]
1878391481,32831,14149,,,,,,,,,,0.825,25139.153,Pinned,Device,NVIDIA A100-SXM4-40GB (0),1,,13,[CUDA memcpy Host-to-Device]
1878426840,6944,14150,,,,,,,,,,0.131,18875.548,Pinned,Device,NVIDIA A100-SXM4-40GB (0),1,,13,[CUDA memcpy Host-to-Device]
1878438616,8256,14151,69,4,1,48,1,1,76,0.002,0.000,,,,,NVIDIA A100-SXM4-40GB (0),1,,13,"void ch_est::windowedChEstPreNoDftSOfdmKernel<float, __half, float, (unsigned int)2, (unsigned int)1, (unsigned short)4>(ch_est::puschRxChEstStatDescr_t *, ch_est::puschRxChEstDynDescr_t *)"
1878448056,7168,14152,137,2,1,24,2,1,44,0.001,0.001,,,,,NVIDIA A100-SXM4-40GB (0),1,,13,"void ch_est::chEstFilterNoDftSOfdmDispatchKernel<float, __half, float, (unsigned int)2>(ch_est::puschRxChEstStatDescr_t *, ch_est::puschRxChEstDynDescr_t *)"
1878456312,5216,14153,137,2,1,24,2,1,44,0.001,0.001,,,,,NVIDIA A100-SXM4-40GB (0),1,,13,"void ch_est::chEstFilterNoDftSOfdmDispatchKernel<float, __half, float, (unsigned int)2>(ch_est::puschRxChEstStatDescr_t *, ch_est::puschRxChEstDynDescr_t *)"
1878462616,2656,14164,103,1,1,128,1,1,16,0.000,0.000,,,,,NVIDIA A100-SXM4-40GB (0),1,,13,cupy_copy__complex64_complex64
1878466424,16479,14174,1434,1,1,128,1,1,16,0.000,0.000,,,,,NVIDIA A100-SXM4-40GB (0),1,,13,cupy_copy__complex64_complex64
1878484087,2560,14181,103,1,1,128,1,1,16,0.000,0.000,,,,,NVIDIA A100-SXM4-40GB (0),1,,13,cupy_copy__complex64_complex64
1878487959,86271,14188,1,1,1,32,32,1,30,0.000,0.000,,,,,NVIDIA A100-SXM4-40GB (0),1,,13,"void convert_kernel<__half2, float2>(tensor_layout_any, T1 *, tensor_layout_any, const T2 *)"
1878604470,4320,14191,,,,,,,,,,0.061,14222.193,Pinned,Device,NVIDIA A100-SXM4-40GB (0),1,,13,[CUDA memcpy Host-to-Device]
1878617302,46687,14192,,,,,,,,,,35.801,766820.762,Device,,NVIDIA A100-SXM4-40GB (0),1,,13,[CUDA memset]
1878669973,1984,14194,,,,,,,,,,0.000,40.323,Pinned,Device,NVIDIA A100-SXM4-40GB (0),1,,13,[CUDA memcpy Host-to-Device]
1878674293,6912,14195,,,,,,,,,,0.131,18962.842,Pinned,Device,NVIDIA A100-SXM4-40GB (0),1,,13,[CUDA memcpy Host-to-Device]
1878691189,9408,14196,273,1,1,48,1,1,40,0.000,0.001,,,,,NVIDIA A100-SXM4-40GB (0),1,,13,"void pusch_noise_intf_est::noiseIntfEstNoDftSOfdmKernel<float, __half, float, float, (unsigned int)2, (unsigned int)1, (unsigned char)4, (unsigned char)4>(pusch_noise_intf_est::puschRxNoiseIntfEstDynDescr)"
1878701845,2784,14207,35,1,1,128,1,1,16,0.000,0.000,,,,,NVIDIA A100-SXM4-40GB (0),1,,13,cupy_copy__complex64_complex64
1878728597,1760,14216,1,1,1,1,1,1,18,0.000,0.000,,,,,NVIDIA A100-SXM4-40GB (0),1,,13,cupy_copy__float32_float32
1878763988,1824,14222,,,,,,,,,,0.000,2.193,Device,Pageable,NVIDIA A100-SXM4-40GB (0),1,,7,[CUDA memcpy Device-to-Host]
1878822899,16352,14233,1434,1,1,128,1,1,16,0.000,0.000,,,,,NVIDIA A100-SXM4-40GB (0),1,,13,cupy_copy__complex64_complex64
1878848595,2784,14240,103,1,1,128,1,1,16,0.000,0.000,,,,,NVIDIA A100-SXM4-40GB (0),1,,13,cupy_copy__complex64_complex64
1878869203,2336,14247,35,1,1,128,1,1,16,0.000,0.000,,,,,NVIDIA A100-SXM4-40GB (0),1,,13,cupy_copy__complex64_complex64
1878887923,1696,14254,1,1,1,1,1,1,18,0.000,0.000,,,,,NVIDIA A100-SXM4-40GB (0),1,,13,cupy_copy__float32_float32
1879026065,86815,14265,1,1,1,32,32,1,30,0.000,0.000,,,,,NVIDIA A100-SXM4-40GB (0),1,,13,"void convert_kernel<__half2, float2>(tensor_layout_any, T1 *, tensor_layout_any, const T2 *)"
1879141072,4576,14268,,,,,,,,,,0.061,13426.545,Pinned,Device,NVIDIA A100-SXM4-40GB (0),1,,13,[CUDA memcpy Host-to-Device]
1879155311,3616,14269,,,,,,,,,,1.547,427715.774,Device,,NVIDIA A100-SXM4-40GB (0),1,,13,[CUDA memset]
1879162031,2816,14274,,,,,,,,,,0.021,7477.259,Pinned,Device,NVIDIA A100-SXM4-40GB (0),1,,13,[CUDA memcpy Host-to-Device]
1879167151,7424,14275,,,,,,,,,,0.131,17655.136,Pinned,Device,NVIDIA A100-SXM4-40GB (0),1,,13,[CUDA memcpy Host-to-Device]
1879179439,6560,14276,273,1,1,8,4,1,39,0.002,0.000,,,,,NVIDIA A100-SXM4-40GB (0),1,,13,"void channel_eq::eqMmseCoefCompLowMimoKernel<float, float, float, (unsigned int)4, (unsigned int)1, (unsigned int)4>(const channel_eq::_puschRxChEqStatDescr *, channel_eq::_puschRxChEqCoefCompDynDescr)"
1879187343,5664,14277,273,1,1,12,11,1,40,0.002,0.000,,,,,NVIDIA A100-SXM4-40GB (0),1,,13,"void channel_eq::eqMmseSoftDemapKernel<float, __half, __half, float, (unsigned int)4, (unsigned short)16383>(channel_eq::_puschRxChEqStatDescr *, channel_eq::_puschRxChEqSoftDemapDynDescr)"
1879194127,307484,14278,1,1,1,32,32,1,30,0.000,0.000,,,,,NVIDIA A100-SXM4-40GB (0),1,,13,"void convert_kernel<float2, __half2>(tensor_layout_any, T1 *, tensor_layout_any, const T2 *)"
1879502795,13792,14290,2253,1,1,128,1,1,16,0.000,0.000,,,,,NVIDIA A100-SXM4-40GB (0),1,,13,cupy_copy__float16_float16
1879517643,2848,14299,282,1,1,128,1,1,16,0.000,0.000,,,,,NVIDIA A100-SXM4-40GB (0),1,,13,cupy_copy__complex64_complex64
1879521803,2016,14308,26,1,1,128,1,1,16,0.000,0.000,,,,,NVIDIA A100-SXM4-40GB (0),1,,13,cupy_copy__float32_float32
1879524875,3072,14317,103,1,1,128,1,1,16,0.000,0.000,,,,,NVIDIA A100-SXM4-40GB (0),1,,13,cupy_copy__complex64_complex64
1879529259,15520,14327,1434,1,1,128,1,1,16,0.000,0.000,,,,,NVIDIA A100-SXM4-40GB (0),1,,13,cupy_copy__complex64_complex64
1879545963,85695,14332,1,1,1,32,32,1,30,0.000,0.000,,,,,NVIDIA A100-SXM4-40GB (0),1,,13,"void convert_kernel<__half2, float2>(tensor_layout_any, T1 *, tensor_layout_any, const T2 *)"
1879658762,4607,14335,,,,,,,,,,0.061,13336.166,Pinned,Device,NVIDIA A100-SXM4-40GB (0),1,,13,[CUDA memcpy Host-to-Device]
1879669513,587993,14336,,,,,,,,,,456.520,776084.816,Device,,NVIDIA A100-SXM4-40GB (0),1,,13,[CUDA memset]
1880265762,32800,14341,,,,,,,,,,0.825,25162.263,Pinned,Device,NVIDIA A100-SXM4-40GB (0),1,,13,[CUDA memcpy Host-to-Device]
1880300866,7136,14342,,,,,,,,,,0.131,18367.644,Pinned,Device,NVIDIA A100-SXM4-40GB (0),1,,13,[CUDA memcpy Host-to-Device]
1880314530,8128,14343,69,4,1,48,1,1,76,0.002,0.000,,,,,NVIDIA A100-SXM4-40GB (0),1,,13,"void ch_est::windowedChEstPreNoDftSOfdmKernel<float, __half, float, (unsigned int)2, (unsigned int)1, (unsigned short)4>(ch_est::puschRxChEstStatDescr_t *, ch_est::puschRxChEstDynDescr_t *)"
1880323778,6720,14344,137,2,1,24,2,1,44,0.001,0.001,,,,,NVIDIA A100-SXM4-40GB (0),1,,13,"void ch_est::chEstFilterNoDftSOfdmDispatchKernel<float, __half, float, (unsigned int)2>(ch_est::puschRxChEstStatDescr_t *, ch_est::puschRxChEstDynDescr_t *)"
1880331682,5184,14345,137,2,1,24,2,1,44,0.001,0.001,,,,,NVIDIA A100-SXM4-40GB (0),1,,13,"void ch_est::chEstFilterNoDftSOfdmDispatchKernel<float, __half, float, (unsigned int)2>(ch_est::puschRxChEstStatDescr_t *, ch_est::puschRxChEstDynDescr_t *)"
1880337985,2592,14356,103,1,1,128,1,1,16,0.000,0.000,,,,,NVIDIA A100-SXM4-40GB (0),1,,13,cupy_copy__complex64_complex64
1880341761,16384,14366,1434,1,1,128,1,1,16,0.000,0.000,,,,,NVIDIA A100-SXM4-40GB (0),1,,13,cupy_copy__complex64_complex64
1880359265,2560,14373,103,1,1,128,1,1,16,0.000,0.000,,,,,NVIDIA A100-SXM4-40GB (0),1,,13,cupy_copy__complex64_complex64
1880362977,86911,14380,1,1,1,32,32,1,30,0.000,0.000,,,,,NVIDIA A100-SXM4-40GB (0),1,,13,"void convert_kernel<__half2, float2>(tensor_layout_any, T1 *, tensor_layout_any, const T2 *)"
1880478720,4320,14383,,,,,,,,,,0.061,14222.193,Pinned,Device,NVIDIA A100-SXM4-40GB (0),1,,13,[CUDA memcpy Host-to-Device]
1880491008,46463,14384,,,,,,,,,,35.801,770508.261,Device,,NVIDIA A100-SXM4-40GB (0),1,,13,[CUDA memset]
1880543871,2016,14386,,,,,,,,,,0.000,39.682,Pinned,Device,NVIDIA A100-SXM4-40GB (0),1,,13,[CUDA memcpy Host-to-Device]
1880548191,7040,14387,,,,,,,,,,0.131,18618.122,Pinned,Device,NVIDIA A100-SXM4-40GB (0),1,,13,[CUDA memcpy Host-to-Device]
1880561983,9536,14388,273,1,1,48,1,1,40,0.000,0.001,,,,,NVIDIA A100-SXM4-40GB (0),1,,13,"void pusch_noise_intf_est::noiseIntfEstNoDftSOfdmKernel<float, __half, float, float, (unsigned int)2, (unsigned int)1, (unsigned char)4, (unsigned char)4>(pusch_noise_intf_est::puschRxNoiseIntfEstDynDescr)"
1880572607,2912,14399,35,1,1,128,1,1,16,0.000,0.000,,,,,NVIDIA A100-SXM4-40GB (0),1,,13,cupy_copy__complex64_complex64
1880599134,1728,14408,1,1,1,1,1,1,18,0.000,0.000,,,,,NVIDIA A100-SXM4-40GB (0),1,,13,cupy_copy__float32_float32
1880632798,1760,14414,,,,,,,,,,0.000,2.273,Device,Pageable,NVIDIA A100-SXM4-40GB (0),1,,7,[CUDA memcpy Device-to-Host]
1880690461,16544,14425,1434,1,1,128,1,1,16,0.000,0.000,,,,,NVIDIA A100-SXM4-40GB (0),1,,13,cupy_copy__complex64_complex64
1880717341,2816,14432,103,1,1,128,1,1,16,0.000,0.000,,,,,NVIDIA A100-SXM4-40GB (0),1,,13,cupy_copy__complex64_complex64
1880737757,2304,14439,35,1,1,128,1,1,16,0.000,0.000,,,,,NVIDIA A100-SXM4-40GB (0),1,,13,cupy_copy__complex64_complex64
1880759997,1663,14446,1,1,1,1,1,1,18,0.000,0.000,,,,,NVIDIA A100-SXM4-40GB (0),1,,13,cupy_copy__float32_float32
1880892187,86719,14457,1,1,1,32,32,1,30,0.000,0.000,,,,,NVIDIA A100-SXM4-40GB (0),1,,13,"void convert_kernel<__half2, float2>(tensor_layout_any, T1 *, tensor_layout_any, const T2 *)"
1881010426,4319,14460,,,,,,,,,,0.061,14225.510,Pinned,Device,NVIDIA A100-SXM4-40GB (0),1,,13,[CUDA memcpy Host-to-Device]
1881025625,3616,14461,,,,,,,,,,1.547,427715.774,Device,,NVIDIA A100-SXM4-40GB (0),1,,13,[CUDA memset]
1881032313,2784,14466,,,,,,,,,,0.021,7563.210,Pinned,Device,NVIDIA A100-SXM4-40GB (0),1,,13,[CUDA memcpy Host-to-Device]
1881037401,7264,14467,,,,,,,,,,0.131,18044.027,Pinned,Device,NVIDIA A100-SXM4-40GB (0),1,,13,[CUDA memcpy Host-to-Device]
1881048825,6688,14468,273,1,1,8,4,1,39,0.002,0.000,,,,,NVIDIA A100-SXM4-40GB (0),1,,13,"void channel_eq::eqMmseCoefCompLowMimoKernel<float, float, float, (unsigned int)4, (unsigned int)1, (unsigned int)4>(const channel_eq::_puschRxChEqStatDescr *, channel_eq::_puschRxChEqCoefCompDynDescr)"
1881056729,5632,14469,273,1,1,12,11,1,40,0.002,0.000,,,,,NVIDIA A100-SXM4-40GB (0),1,,13,"void channel_eq::eqMmseSoftDemapKernel<float, __half, __half, float, (unsigned int)4, (unsigned short)16383>(channel_eq::_puschRxChEqStatDescr *, channel_eq::_puschRxChEqSoftDemapDynDescr)"
1881063513,307740,14470,1,1,1,32,32,1,30,0.000,0.000,,,,,NVIDIA A100-SXM4-40GB (0),1,,13,"void convert_kernel<float2, __half2>(tensor_layout_any, T1 *, tensor_layout_any, const T2 *)"
1881372437,13760,14482,2253,1,1,128,1,1,16,0.000,0.000,,,,,NVIDIA A100-SXM4-40GB (0),1,,13,cupy_copy__float16_float16
1881387317,2912,14491,282,1,1,128,1,1,16,0.000,0.000,,,,,NVIDIA A100-SXM4-40GB (0),1,,13,cupy_copy__complex64_complex64
1881391381,2016,14500,26,1,1,128,1,1,16,0.000,0.000,,,,,NVIDIA A100-SXM4-40GB (0),1,,13,cupy_copy__float32_float32
1881394453,3040,14509,103,1,1,128,1,1,16,0.000,0.000,,,,,NVIDIA A100-SXM4-40GB (0),1,,13,cupy_copy__complex64_complex64
1881398485,15488,14519,1434,1,1,128,1,1,16,0.000,0.000,,,,,NVIDIA A100-SXM4-40GB (0),1,,13,cupy_copy__complex64_complex64
1881415253,86879,14524,1,1,1,32,32,1,30,0.000,0.000,,,,,NVIDIA A100-SXM4-40GB (0),1,,13,"void convert_kernel<__half2, float2>(tensor_layout_any, T1 *, tensor_layout_any, const T2 *)"
1881671890,4288,14527,,,,,,,,,,0.061,14328.300,Pinned,Device,NVIDIA A100-SXM4-40GB (0),1,,13,[CUDA memcpy Host-to-Device]
1881682354,588121,14528,,,,,,,,,,456.520,776084.816,Device,,NVIDIA A100-SXM4-40GB (0),1,,13,[CUDA memset]
1882278923,33151,14533,,,,,,,,,,0.825,24896.502,Pinned,Device,NVIDIA A100-SXM4-40GB (0),1,,13,[CUDA memcpy Host-to-Device]
1882314378,6944,14534,,,,,,,,,,0.131,18875.548,Pinned,Device,NVIDIA A100-SXM4-40GB (0),1,,13,[CUDA memcpy Host-to-Device]
1882331818,7872,14535,69,4,1,48,1,1,76,0.002,0.000,,,,,NVIDIA A100-SXM4-40GB (0),1,,13,"void ch_est::windowedChEstPreNoDftSOfdmKernel<float, __half, float, (unsigned int)2, (unsigned int)1, (unsigned short)4>(ch_est::puschRxChEstStatDescr_t *, ch_est::puschRxChEstDynDescr_t *)"
1882340810,7200,14536,137,2,1,24,2,1,44,0.001,0.001,,,,,NVIDIA A100-SXM4-40GB (0),1,,13,"void ch_est::chEstFilterNoDftSOfdmDispatchKernel<float, __half, float, (unsigned int)2>(ch_est::puschRxChEstStatDescr_t *, ch_est::puschRxChEstDynDescr_t *)"
1882349066,5184,14537,137,2,1,24,2,1,44,0.001,0.001,,,,,NVIDIA A100-SXM4-40GB (0),1,,13,"void ch_est::chEstFilterNoDftSOfdmDispatchKernel<float, __half, float, (unsigned int)2>(ch_est::puschRxChEstStatDescr_t *, ch_est::puschRxChEstDynDescr_t *)"
1882355594,3072,14548,103,1,1,128,1,1,16,0.000,0.000,,,,,NVIDIA A100-SXM4-40GB (0),1,,13,cupy_copy__complex64_complex64
1882359882,16735,14558,1434,1,1,128,1,1,16,0.000,0.000,,,,,NVIDIA A100-SXM4-40GB (0),1,,13,cupy_copy__complex64_complex64
1882377673,2560,14565,103,1,1,128,1,1,16,0.000,0.000,,,,,NVIDIA A100-SXM4-40GB (0),1,,13,cupy_copy__complex64_complex64
1882381545,86335,14572,1,1,1,32,32,1,30,0.000,0.000,,,,,NVIDIA A100-SXM4-40GB (0),1,,13,"void convert_kernel<__half2, float2>(tensor_layout_any, T1 *, tensor_layout_any, const T2 *)"
1882498088,4416,14575,,,,,,,,,,0.061,13913.027,Pinned,Device,NVIDIA A100-SXM4-40GB (0),1,,13,[CUDA memcpy Host-to-Device]
1882510728,46719,14576,,,,,,,,,,35.801,766283.748,Device,,NVIDIA A100-SXM4-40GB (0),1,,13,[CUDA memset]
1882564199,2016,14578,,,,,,,,,,0.000,39.682,Pinned,Device,NVIDIA A100-SXM4-40GB (0),1,,13,[CUDA memcpy Host-to-Device]
1882568519,6944,14579,,,,,,,,,,0.131,18875.548,Pinned,Device,NVIDIA A100-SXM4-40GB (0),1,,13,[CUDA memcpy Host-to-Device]
1882584615,9344,14580,273,1,1,48,1,1,40,0.000,0.001,,,,,NVIDIA A100-SXM4-40GB (0),1,,13,"void pusch_noise_intf_est::noiseIntfEstNoDftSOfdmKernel<float, __half, float, float, (unsigned int)2, (unsigned int)1, (unsigned char)4, (unsigned char)4>(pusch_noise_intf_est::puschRxNoiseIntfEstDynDescr)"
1882595143,2944,14591,35,1,1,128,1,1,16,0.000,0.000,,,,,NVIDIA A100-SXM4-40GB (0),1,,13,cupy_copy__complex64_complex64
1882622182,1728,14600,1,1,1,1,1,1,18,0.000,0.000,,,,,NVIDIA A100-SXM4-40GB (0),1,,13,cupy_copy__float32_float32
1882657062,1824,14606,,,,,,,,,,0.000,2.193,Device,Pageable,NVIDIA A100-SXM4-40GB (0),1,,7,[CUDA memcpy Device-to-Host]
1882714693,16544,14617,1434,1,1,128,1,1,16,0.000,0.000,,,,,NVIDIA A100-SXM4-40GB (0),1,,13,cupy_copy__complex64_complex64
1882740901,2816,14624,103,1,1,128,1,1,16,0.000,0.000,,,,,NVIDIA A100-SXM4-40GB (0),1,,13,cupy_copy__complex64_complex64
1882765925,2336,14631,35,1,1,128,1,1,16,0.000,0.000,,,,,NVIDIA A100-SXM4-40GB (0),1,,13,cupy_copy__complex64_complex64
1882784709,1664,14638,1,1,1,1,1,1,18,0.000,0.000,,,,,NVIDIA A100-SXM4-40GB (0),1,,13,cupy_copy__float32_float32
1882917219,87807,14649,1,1,1,32,32,1,30,0.000,0.000,,,,,NVIDIA A100-SXM4-40GB (0),1,,13,"void convert_kernel<__half2, float2>(tensor_layout_any, T1 *, tensor_layout_any, const T2 *)"
1883172064,4288,14652,,,,,,,,,,0.061,14328.300,Pinned,Device,NVIDIA A100-SXM4-40GB (0),1,,13,[CUDA memcpy Host-to-Device]
1883181952,3584,14653,,,,,,,,,,1.547,431534.389,Device,,NVIDIA A100-SXM4-40GB (0),1,,13,[CUDA memset]
1883190272,2848,14658,,,,,,,,,,0.021,7393.246,Pinned,Device,NVIDIA A100-SXM4-40GB (0),1,,13,[CUDA memcpy Host-to-Device]
1883195424,6912,14659,,,,,,,,,,0.131,18962.842,Pinned,Device,NVIDIA A100-SXM4-40GB (0),1,,13,[CUDA memcpy Host-to-Device]
1883207328,6559,14660,273,1,1,8,4,1,39,0.002,0.000,,,,,NVIDIA A100-SXM4-40GB (0),1,,13,"void channel_eq::eqMmseCoefCompLowMimoKernel<float, float, float, (unsigned int)4, (unsigned int)1, (unsigned int)4>(const channel_eq::_puschRxChEqStatDescr *, channel_eq::_puschRxChEqCoefCompDynDescr)"
1883215231,5600,14661,273,1,1,12,11,1,40,0.002,0.000,,,,,NVIDIA A100-SXM4-40GB (0),1,,13,"void channel_eq::eqMmseSoftDemapKernel<float, __half, __half, float, (unsigned int)4, (unsigned short)16383>(channel_eq::_puschRxChEqStatDescr *, channel_eq::_puschRxChEqSoftDemapDynDescr)"
1883221887,307549,14662,1,1,1,32,32,1,30,0.000,0.000,,,,,NVIDIA A100-SXM4-40GB (0),1,,13,"void convert_kernel<float2, __half2>(tensor_layout_any, T1 *, tensor_layout_any, const T2 *)"
1883530492,13824,14674,2253,1,1,128,1,1,16,0.000,0.000,,,,,NVIDIA A100-SXM4-40GB (0),1,,13,cupy_copy__float16_float16
1883545340,2816,14683,282,1,1,128,1,1,16,0.000,0.000,,,,,NVIDIA A100-SXM4-40GB (0),1,,13,cupy_copy__complex64_complex64
1883549499,2016,14692,26,1,1,128,1,1,16,0.000,0.000,,,,,NVIDIA A100-SXM4-40GB (0),1,,13,cupy_copy__float32_float32
1883552539,3136,14701,103,1,1,128,1,1,16,0.000,0.000,,,,,NVIDIA A100-SXM4-40GB (0),1,,13,cupy_copy__complex64_complex64
1883556859,15296,14711,1434,1,1,128,1,1,16,0.000,0.000,,,,,NVIDIA A100-SXM4-40GB (0),1,,13,cupy_copy__complex64_complex64
1883675994,86911,14716,1,1,1,32,32,1,30,0.000,0.000,,,,,NVIDIA A100-SXM4-40GB (0),1,,13,"void convert_kernel<__half2, float2>(tensor_layout_any, T1 *, tensor_layout_any, const T2 *)"
1883793177,4288,14719,,,,,,,,,,0.061,14328.300,Pinned,Device,NVIDIA A100-SXM4-40GB (0),1,,13,[CUDA memcpy Host-to-Device]
1883804440,588026,14720,,,,,,,,,,456.520,776084.816,Device,,NVIDIA A100-SXM4-40GB (0),1,,13,[CUDA memset]
1884396145,32800,14725,,,,,,,,,,0.825,25162.263,Pinned,Device,NVIDIA A100-SXM4-40GB (0),1,,13,[CUDA memcpy Host-to-Device]
1884431249,6912,14726,,,,,,,,,,0.131,18962.842,Pinned,Device,NVIDIA A100-SXM4-40GB (0),1,,13,[CUDA memcpy Host-to-Device]
1884442257,7904,14727,69,4,1,48,1,1,76,0.002,0.000,,,,,NVIDIA A100-SXM4-40GB (0),1,,13,"void ch_est::windowedChEstPreNoDftSOfdmKernel<float, __half, float, (unsigned int)2, (unsigned int)1, (unsigned short)4>(ch_est::puschRxChEstStatDescr_t *, ch_est::puschRxChEstDynDescr_t *)"
1884451537,6752,14728,137,2,1,24,2,1,44,0.001,0.001,,,,,NVIDIA A100-SXM4-40GB (0),1,,13,"void ch_est::chEstFilterNoDftSOfdmDispatchKernel<float, __half, float, (unsigned int)2>(ch_est::puschRxChEstStatDescr_t *, ch_est::puschRxChEstDynDescr_t *)"
1884459633,5152,14729,137,2,1,24,2,1,44,0.001,0.001,,,,,NVIDIA A100-SXM4-40GB (0),1,,13,"void ch_est::chEstFilterNoDftSOfdmDispatchKernel<float, __half, float, (unsigned int)2>(ch_est::puschRxChEstStatDescr_t *, ch_est::puschRxChEstDynDescr_t *)"
1884465905,2624,14740,103,1,1,128,1,1,16,0.000,0.000,,,,,NVIDIA A100-SXM4-40GB (0),1,,13,cupy_copy__complex64_complex64
1884469585,16511,14750,1434,1,1,128,1,1,16,0.000,0.000,,,,,NVIDIA A100-SXM4-40GB (0),1,,13,cupy_copy__complex64_complex64
1884487408,2528,14757,103,1,1,128,1,1,16,0.000,0.000,,,,,NVIDIA A100-SXM4-40GB (0),1,,13,cupy_copy__complex64_complex64
1884490992,86303,14764,1,1,1,32,32,1,30,0.000,0.000,,,,,NVIDIA A100-SXM4-40GB (0),1,,13,"void convert_kernel<__half2, float2>(tensor_layout_any, T1 *, tensor_layout_any, const T2 *)"
1884604943,4320,14767,,,,,,,,,,0.061,14222.193,Pinned,Device,NVIDIA A100-SXM4-40GB (0),1,,13,[CUDA memcpy Host-to-Device]
1884617519,46591,14768,,,,,,,,,,35.801,768396.004,Device,,NVIDIA A100-SXM4-40GB (0),1,,13,[CUDA memset]
1884668526,1984,14770,,,,,,,,,,0.000,40.323,Pinned,Device,NVIDIA A100-SXM4-40GB (0),1,,13,[CUDA memcpy Host-to-Device]
1884672814,6912,14771,,,,,,,,,,0.131,18962.842,Pinned,Device,NVIDIA A100-SXM4-40GB (0),1,,13,[CUDA memcpy Host-to-Device]
1884687054,9376,14772,273,1,1,48,1,1,40,0.000,0.001,,,,,NVIDIA A100-SXM4-40GB (0),1,,13,"void pusch_noise_intf_est::noiseIntfEstNoDftSOfdmKernel<float, __half, float, float, (unsigned int)2, (unsigned int)1, (unsigned char)4, (unsigned char)4>(pusch_noise_intf_est::puschRxNoiseIntfEstDynDescr)"
1884697614,2976,14783,35,1,1,128,1,1,16,0.000,0.000,,,,,NVIDIA A100-SXM4-40GB (0),1,,13,cupy_copy__complex64_complex64
1884724494,1728,14792,1,1,1,1,1,1,18,0.000,0.000,,,,,NVIDIA A100-SXM4-40GB (0),1,,13,cupy_copy__float32_float32
1884758381,1824,14798,,,,,,,,,,0.000,2.193,Device,Pageable,NVIDIA A100-SXM4-40GB (0),1,,7,[CUDA memcpy Device-to-Host]
1884816685,16575,14809,1434,1,1,128,1,1,16,0.000,0.000,,,,,NVIDIA A100-SXM4-40GB (0),1,,13,cupy_copy__complex64_complex64
1884846828,2848,14816,103,1,1,128,1,1,16,0.000,0.000,,,,,NVIDIA A100-SXM4-40GB (0),1,,13,cupy_copy__complex64_complex64
1884867660,2304,14823,35,1,1,128,1,1,16,0.000,0.000,,,,,NVIDIA A100-SXM4-40GB (0),1,,13,cupy_copy__complex64_complex64
1884885612,1664,14830,1,1,1,1,1,1,18,0.000,0.000,,,,,NVIDIA A100-SXM4-40GB (0),1,,13,cupy_copy__float32_float32
1885019594,86751,14841,1,1,1,32,32,1,30,0.000,0.000,,,,,NVIDIA A100-SXM4-40GB (0),1,,13,"void convert_kernel<__half2, float2>(tensor_layout_any, T1 *, tensor_layout_any, const T2 *)"
1885133385,4288,14844,,,,,,,,,,0.061,14328.300,Pinned,Device,NVIDIA A100-SXM4-40GB (0),1,,13,[CUDA memcpy Host-to-Device]
1885147369,3584,14845,,,,,,,,,,1.547,431534.389,Device,,NVIDIA A100-SXM4-40GB (0),1,,13,[CUDA memset]
1885153833,2847,14850,,,,,,,,,,0.021,7395.836,Pinned,Device,NVIDIA A100-SXM4-40GB (0),1,,13,[CUDA memcpy Host-to-Device]
1885158984,7104,14851,,,,,,,,,,0.131,18450.350,Pinned,Device,NVIDIA A100-SXM4-40GB (0),1,,13,[CUDA memcpy Host-to-Device]
1885171272,6560,14852,273,1,1,8,4,1,39,0.002,0.000,,,,,NVIDIA A100-SXM4-40GB (0),1,,13,"void channel_eq::eqMmseCoefCompLowMimoKernel<float, float, float, (unsigned int)4, (unsigned int)1, (unsigned int)4>(const channel_eq::_puschRxChEqStatDescr *, channel_eq::_puschRxChEqCoefCompDynDescr)"
1885178888,5664,14853,273,1,1,12,11,1,40,0.002,0.000,,,,,NVIDIA A100-SXM4-40GB (0),1,,13,"void channel_eq::eqMmseSoftDemapKernel<float, __half, __half, float, (unsigned int)4, (unsigned short)16383>(channel_eq::_puschRxChEqStatDescr *, channel_eq::_puschRxChEqSoftDemapDynDescr)"
1885185672,307612,14854,1,1,1,32,32,1,30,0.000,0.000,,,,,NVIDIA A100-SXM4-40GB (0),1,,13,"void convert_kernel<float2, __half2>(tensor_layout_any, T1 *, tensor_layout_any, const T2 *)"
1885494436,13568,14866,2253,1,1,128,1,1,16,0.000,0.000,,,,,NVIDIA A100-SXM4-40GB (0),1,,13,cupy_copy__float16_float16
1885509092,2816,14875,282,1,1,128,1,1,16,0.000,0.000,,,,,NVIDIA A100-SXM4-40GB (0),1,,13,cupy_copy__complex64_complex64
1885513220,2048,14884,26,1,1,128,1,1,16,0.000,0.000,,,,,NVIDIA A100-SXM4-40GB (0),1,,13,cupy_copy__float32_float32
1885516612,3008,14893,103,1,1,128,1,1,16,0.000,0.000,,,,,NVIDIA A100-SXM4-40GB (0),1,,13,cupy_copy__complex64_complex64
1885520676,15296,14903,1434,1,1,128,1,1,16,0.000,0.000,,,,,NVIDIA A100-SXM4-40GB (0),1,,13,cupy_copy__complex64_complex64
1885537060,86943,14908,1,1,1,32,32,1,30,0.000,0.000,,,,,NVIDIA A100-SXM4-40GB (0),1,,13,"void convert_kernel<__half2, float2>(tensor_layout_any, T1 *, tensor_layout_any, const T2 *)"
1885651203,4288,14911,,,,,,,,,,0.061,14328.300,Pinned,Device,NVIDIA A100-SXM4-40GB (0),1,,13,[CUDA memcpy Host-to-Device]
1885664130,587834,14912,,,,,,,,,,456.520,776541.336,Device,,NVIDIA A100-SXM4-40GB (0),1,,13,[CUDA memset]
1886260187,32800,14917,,,,,,,,,,0.825,25162.263,Pinned,Device,NVIDIA A100-SXM4-40GB (0),1,,13,[CUDA memcpy Host-to-Device]
1886295291,6912,14918,,,,,,,,,,0.131,18962.842,Pinned,Device,NVIDIA A100-SXM4-40GB (0),1,,13,[CUDA memcpy Host-to-Device]
1886313083,7584,14919,69,4,1,48,1,1,76,0.002,0.000,,,,,NVIDIA A100-SXM4-40GB (0),1,,13,"void ch_est::windowedChEstPreNoDftSOfdmKernel<float, __half, float, (unsigned int)2, (unsigned int)1, (unsigned short)4>(ch_est::puschRxChEstStatDescr_t *, ch_est::puschRxChEstDynDescr_t *)"
1886321787,7040,14920,137,2,1,24,2,1,44,0.001,0.001,,,,,NVIDIA A100-SXM4-40GB (0),1,,13,"void ch_est::chEstFilterNoDftSOfdmDispatchKernel<float, __half, float, (unsigned int)2>(ch_est::puschRxChEstStatDescr_t *, ch_est::puschRxChEstDynDescr_t *)"
1886330139,5184,14921,137,2,1,24,2,1,44,0.001,0.001,,,,,NVIDIA A100-SXM4-40GB (0),1,,13,"void ch_est::chEstFilterNoDftSOfdmDispatchKernel<float, __half, float, (unsigned int)2>(ch_est::puschRxChEstStatDescr_t *, ch_est::puschRxChEstDynDescr_t *)"
1886336443,2623,14932,103,1,1,128,1,1,16,0.000,0.000,,,,,NVIDIA A100-SXM4-40GB (0),1,,13,cupy_copy__complex64_complex64
1886340218,16736,14942,1434,1,1,128,1,1,16,0.000,0.000,,,,,NVIDIA A100-SXM4-40GB (0),1,,13,cupy_copy__complex64_complex64
1886358266,2528,14949,103,1,1,128,1,1,16,0.000,0.000,,,,,NVIDIA A100-SXM4-40GB (0),1,,13,cupy_copy__complex64_complex64
1886362138,86815,14956,1,1,1,32,32,1,30,0.000,0.000,,,,,NVIDIA A100-SXM4-40GB (0),1,,13,"void convert_kernel<__half2, float2>(tensor_layout_any, T1 *, tensor_layout_any, const T2 *)"
1886476185,4320,14959,,,,,,,,,,0.061,14222.193,Pinned,Device,NVIDIA A100-SXM4-40GB (0),1,,13,[CUDA memcpy Host-to-Device]
1886488505,46847,14960,,,,,,,,,,35.801,764207.292,Device,,NVIDIA A100-SXM4-40GB (0),1,,13,[CUDA memset]
1886540376,2144,14962,,,,,,,,,,0.000,37.313,Pinned,Device,NVIDIA A100-SXM4-40GB (0),1,,13,[CUDA memcpy Host-to-Device]
1886544824,7008,14963,,,,,,,,,,0.131,18703.188,Pinned,Device,NVIDIA A100-SXM4-40GB (0),1,,13,[CUDA memcpy Host-to-Device]
1886558328,9184,14964,273,1,1,48,1,1,40,0.000,0.001,,,,,NVIDIA A100-SXM4-40GB (0),1,,13,"void pusch_noise_intf_est::noiseIntfEstNoDftSOfdmKernel<float, __half, float, float, (unsigned int)2, (unsigned int)1, (unsigned char)4, (unsigned char)4>(pusch_noise_intf_est::puschRxNoiseIntfEstDynDescr)"
1886568568,2816,14975,35,1,1,128,1,1,16,0.000,0.000,,,,,NVIDIA A100-SXM4-40GB (0),1,,13,cupy_copy__complex64_complex64
1886594679,1760,14984,1,1,1,1,1,1,18,0.000,0.000,,,,,NVIDIA A100-SXM4-40GB (0),1,,13,cupy_copy__float32_float32
1886628439,1728,14990,,,,,,,,,,0.000,2.315,Device,Pageable,NVIDIA A100-SXM4-40GB (0),1,,7,[CUDA memcpy Device-to-Host]
1886686390,16384,15001,1434,1,1,128,1,1,16,0.000,0.000,,,,,NVIDIA A100-SXM4-40GB (0),1,,13,cupy_copy__complex64_complex64
1886716406,2784,15008,103,1,1,128,1,1,16,0.000,0.000,,,,,NVIDIA A100-SXM4-40GB (0),1,,13,cupy_copy__complex64_complex64
1886736854,2336,15015,35,1,1,128,1,1,16,0.000,0.000,,,,,NVIDIA A100-SXM4-40GB (0),1,,13,cupy_copy__complex64_complex64
1886755158,1696,15022,1,1,1,1,1,1,18,0.000,0.000,,,,,NVIDIA A100-SXM4-40GB (0),1,,13,cupy_copy__float32_float32
1886886676,86303,15033,1,1,1,32,32,1,30,0.000,0.000,,,,,NVIDIA A100-SXM4-40GB (0),1,,13,"void convert_kernel<__half2, float2>(tensor_layout_any, T1 *, tensor_layout_any, const T2 *)"
1887144401,4288,15036,,,,,,,,,,0.061,14328.300,Pinned,Device,NVIDIA A100-SXM4-40GB (0),1,,13,[CUDA memcpy Host-to-Device]
1887154449,3584,15037,,,,,,,,,,1.547,431534.389,Device,,NVIDIA A100-SXM4-40GB (0),1,,13,[CUDA memset]
1887162321,2880,15042,,,,,,,,,,0.021,7311.106,Pinned,Device,NVIDIA A100-SXM4-40GB (0),1,,13,[CUDA memcpy Host-to-Device]
1887167505,6944,15043,,,,,,,,,,0.131,18875.548,Pinned,Device,NVIDIA A100-SXM4-40GB (0),1,,13,[CUDA memcpy Host-to-Device]
1887185296,6560,15044,273,1,1,8,4,1,39,0.002,0.000,,,,,NVIDIA A100-SXM4-40GB (0),1,,13,"void channel_eq::eqMmseCoefCompLowMimoKernel<float, float, float, (unsigned int)4, (unsigned int)1, (unsigned int)4>(const channel_eq::_puschRxChEqStatDescr *, channel_eq::_puschRxChEqCoefCompDynDescr)"
1887193200,5824,15045,273,1,1,12,11,1,40,0.002,0.000,,,,,NVIDIA A100-SXM4-40GB (0),1,,13,"void channel_eq::eqMmseSoftDemapKernel<float, __half, __half, float, (unsigned int)4, (unsigned short)16383>(channel_eq::_puschRxChEqStatDescr *, channel_eq::_puschRxChEqSoftDemapDynDescr)"
1887200368,307677,15046,1,1,1,32,32,1,30,0.000,0.000,,,,,NVIDIA A100-SXM4-40GB (0),1,,13,"void convert_kernel<float2, __half2>(tensor_layout_any, T1 *, tensor_layout_any, const T2 *)"
1887509293,13919,15058,2253,1,1,128,1,1,16,0.000,0.000,,,,,NVIDIA A100-SXM4-40GB (0),1,,13,cupy_copy__float16_float16
1887524524,2816,15067,282,1,1,128,1,1,16,0.000,0.000,,,,,NVIDIA A100-SXM4-40GB (0),1,,13,cupy_copy__complex64_complex64
1887528652,2048,15076,26,1,1,128,1,1,16,0.000,0.000,,,,,NVIDIA A100-SXM4-40GB (0),1,,13,cupy_copy__float32_float32
1887531724,3072,15085,103,1,1,128,1,1,16,0.000,0.000,,,,,NVIDIA A100-SXM4-40GB (0),1,,13,cupy_copy__complex64_complex64
1887536140,15424,15095,1434,1,1,128,1,1,16,0.000,0.000,,,,,NVIDIA A100-SXM4-40GB (0),1,,13,cupy_copy__complex64_complex64
1887651147,87359,15100,1,1,1,32,32,1,30,0.000,0.000,,,,,NVIDIA A100-SXM4-40GB (0),1,,13,"void convert_kernel<__half2, float2>(tensor_layout_any, T1 *, tensor_layout_any, const T2 *)"
1887768746,4320,15103,,,,,,,,,,0.061,14222.193,Pinned,Device,NVIDIA A100-SXM4-40GB (0),1,,13,[CUDA memcpy Host-to-Device]
1887780969,588281,15104,,,,,,,,,,456.520,775628.296,Device,,NVIDIA A100-SXM4-40GB (0),1,,13,[CUDA memset]
1888371234,32832,15109,,,,,,,,,,0.825,25138.328,Pinned,Device,NVIDIA A100-SXM4-40GB (0),1,,13,[CUDA memcpy Host-to-Device]
1888406370,6912,15110,,,,,,,,,,0.131,18962.842,Pinned,Device,NVIDIA A100-SXM4-40GB (0),1,,13,[CUDA memcpy Host-to-Device]
1888418402,8192,15111,69,4,1,48,1,1,76,0.002,0.000,,,,,NVIDIA A100-SXM4-40GB (0),1,,13,"void ch_est::windowedChEstPreNoDftSOfdmKernel<float, __half, float, (unsigned int)2, (unsigned int)1, (unsigned short)4>(ch_est::puschRxChEstStatDescr_t *, ch_est::puschRxChEstDynDescr_t *)"
1888427906,6656,15112,137,2,1,24,2,1,44,0.001,0.001,,,,,NVIDIA A100-SXM4-40GB (0),1,,13,"void ch_est::chEstFilterNoDftSOfdmDispatchKernel<float, __half, float, (unsigned int)2>(ch_est::puschRxChEstStatDescr_t *, ch_est::puschRxChEstDynDescr_t *)"
1888435906,5184,15113,137,2,1,24,2,1,44,0.001,0.001,,,,,NVIDIA A100-SXM4-40GB (0),1,,13,"void ch_est::chEstFilterNoDftSOfdmDispatchKernel<float, __half, float, (unsigned int)2>(ch_est::puschRxChEstStatDescr_t *, ch_est::puschRxChEstDynDescr_t *)"
1888442178,2624,15124,103,1,1,128,1,1,16,0.000,0.000,,,,,NVIDIA A100-SXM4-40GB (0),1,,13,cupy_copy__complex64_complex64
1888445954,16319,15134,1434,1,1,128,1,1,16,0.000,0.000,,,,,NVIDIA A100-SXM4-40GB (0),1,,13,cupy_copy__complex64_complex64
1888463585,2560,15141,103,1,1,128,1,1,16,0.000,0.000,,,,,NVIDIA A100-SXM4-40GB (0),1,,13,cupy_copy__complex64_complex64
1888467297,87679,15148,1,1,1,32,32,1,30,0.000,0.000,,,,,NVIDIA A100-SXM4-40GB (0),1,,13,"void convert_kernel<__half2, float2>(tensor_layout_any, T1 *, tensor_layout_any, const T2 *)"
1888722622,4320,15151,,,,,,,,,,0.061,14222.193,Pinned,Device,NVIDIA A100-SXM4-40GB (0),1,,13,[CUDA memcpy Host-to-Device]
1888731742,47040,15152,,,,,,,,,,35.801,761056.808,Device,,NVIDIA A100-SXM4-40GB (0),1,,13,[CUDA memset]
1888786686,2016,15154,,,,,,,,,,0.000,39.682,Pinned,Device,NVIDIA A100-SXM4-40GB (0),1,,13,[CUDA memcpy Host-to-Device]
1888791005,6944,15155,,,,,,,,,,0.131,18875.548,Pinned,Device,NVIDIA A100-SXM4-40GB (0),1,,13,[CUDA memcpy Host-to-Device]
1888803421,9408,15156,273,1,1,48,1,1,40,0.000,0.001,,,,,NVIDIA A100-SXM4-40GB (0),1,,13,"void pusch_noise_intf_est::noiseIntfEstNoDftSOfdmKernel<float, __half, float, float, (unsigned int)2, (unsigned int)1, (unsigned char)4, (unsigned char)4>(pusch_noise_intf_est::puschRxNoiseIntfEstDynDescr)"
1888813949,2912,15167,35,1,1,128,1,1,16,0.000,0.000,,,,,NVIDIA A100-SXM4-40GB (0),1,,13,cupy_copy__complex64_complex64
1888824541,1760,15176,1,1,1,1,1,1,18,0.000,0.000,,,,,NVIDIA A100-SXM4-40GB (0),1,,13,cupy_copy__float32_float32
1888861821,1824,15182,,,,,,,,,,0.000,2.193,Device,Pageable,NVIDIA A100-SXM4-40GB (0),1,,7,[CUDA memcpy Device-to-Host]
1888920796,16608,15193,1434,1,1,128,1,1,16,0.000,0.000,,,,,NVIDIA A100-SXM4-40GB (0),1,,13,cupy_copy__complex64_complex64
1888947836,2816,15200,103,1,1,128,1,1,16,0.000,0.000,,,,,NVIDIA A100-SXM4-40GB (0),1,,13,cupy_copy__complex64_complex64
1888969115,2336,15207,35,1,1,128,1,1,16,0.000,0.000,,,,,NVIDIA A100-SXM4-40GB (0),1,,13,cupy_copy__complex64_complex64
1888987707,1696,15214,1,1,1,1,1,1,18,0.000,0.000,,,,,NVIDIA A100-SXM4-40GB (0),1,,13,cupy_copy__float32_float32
1889250840,87519,15225,1,1,1,32,32,1,30,0.000,0.000,,,,,NVIDIA A100-SXM4-40GB (0),1,,13,"void convert_kernel<__half2, float2>(tensor_layout_any, T1 *, tensor_layout_any, const T2 *)"
1889369527,4320,15228,,,,,,,,,,0.061,14222.193,Pinned,Device,NVIDIA A100-SXM4-40GB (0),1,,13,[CUDA memcpy Host-to-Device]
1889385014,3616,15229,,,,,,,,,,1.547,427715.774,Device,,NVIDIA A100-SXM4-40GB (0),1,,13,[CUDA memset]
1889392022,2880,15234,,,,,,,,,,0.021,7311.106,Pinned,Device,NVIDIA A100-SXM4-40GB (0),1,,13,[CUDA memcpy Host-to-Device]
1889397206,6912,15235,,,,,,,,,,0.131,18962.842,Pinned,Device,NVIDIA A100-SXM4-40GB (0),1,,13,[CUDA memcpy Host-to-Device]
1889409366,6816,15236,273,1,1,8,4,1,39,0.002,0.000,,,,,NVIDIA A100-SXM4-40GB (0),1,,13,"void channel_eq::eqMmseCoefCompLowMimoKernel<float, float, float, (unsigned int)4, (unsigned int)1, (unsigned int)4>(const channel_eq::_puschRxChEqStatDescr *, channel_eq::_puschRxChEqCoefCompDynDescr)"
1889417270,6144,15237,273,1,1,12,11,1,40,0.002,0.000,,,,,NVIDIA A100-SXM4-40GB (0),1,,13,"void channel_eq::eqMmseSoftDemapKernel<float, __half, __half, float, (unsigned int)4, (unsigned short)16383>(channel_eq::_puschRxChEqStatDescr *, channel_eq::_puschRxChEqSoftDemapDynDescr)"
1889424566,307356,15238,1,1,1,32,32,1,30,0.000,0.000,,,,,NVIDIA A100-SXM4-40GB (0),1,,13,"void convert_kernel<float2, __half2>(tensor_layout_any, T1 *, tensor_layout_any, const T2 *)"
1889733042,13600,15250,2253,1,1,128,1,1,16,0.000,0.000,,,,,NVIDIA A100-SXM4-40GB (0),1,,13,cupy_copy__float16_float16
1889747698,2784,15259,282,1,1,128,1,1,16,0.000,0.000,,,,,NVIDIA A100-SXM4-40GB (0),1,,13,cupy_copy__complex64_complex64
1889751794,2048,15268,26,1,1,128,1,1,16,0.000,0.000,,,,,NVIDIA A100-SXM4-40GB (0),1,,13,cupy_copy__float32_float32
1889754898,3008,15277,103,1,1,128,1,1,16,0.000,0.000,,,,,NVIDIA A100-SXM4-40GB (0),1,,13,cupy_copy__complex64_complex64
1889758930,15584,15287,1434,1,1,128,1,1,16,0.000,0.000,,,,,NVIDIA A100-SXM4-40GB (0),1,,13,cupy_copy__complex64_complex64
1889775666,86527,15292,1,1,1,32,32,1,30,0.000,0.000,,,,,NVIDIA A100-SXM4-40GB (0),1,,13,"void convert_kernel<__half2, float2>(tensor_layout_any, T1 *, tensor_layout_any, const T2 *)"
1889889936,4320,15295,,,,,,,,,,0.061,14222.193,Pinned,Device,NVIDIA A100-SXM4-40GB (0),1,,13,[CUDA memcpy Host-to-Device]
1889901072,587865,15296,,,,,,,,,,456.520,776541.336,Device,,NVIDIA A100-SXM4-40GB (0),1,,13,[CUDA memset]
1890490217,32832,15301,,,,,,,,,,0.825,25138.328,Pinned,Device,NVIDIA A100-SXM4-40GB (0),1,,13,[CUDA memcpy Host-to-Device]
1890525385,6912,15302,,,,,,,,,,0.131,18962.842,Pinned,Device,NVIDIA A100-SXM4-40GB (0),1,,13,[CUDA memcpy Host-to-Device]
1890540105,7808,15303,69,4,1,48,1,1,76,0.002,0.000,,,,,NVIDIA A100-SXM4-40GB (0),1,,13,"void ch_est::windowedChEstPreNoDftSOfdmKernel<float, __half, float, (unsigned int)2, (unsigned int)1, (unsigned short)4>(ch_est::puschRxChEstStatDescr_t *, ch_est::puschRxChEstDynDescr_t *)"
1890549033,7136,15304,137,2,1,24,2,1,44,0.001,0.001,,,,,NVIDIA A100-SXM4-40GB (0),1,,13,"void ch_est::chEstFilterNoDftSOfdmDispatchKernel<float, __half, float, (unsigned int)2>(ch_est::puschRxChEstStatDescr_t *, ch_est::puschRxChEstDynDescr_t *)"
1890557321,5184,15305,137,2,1,24,2,1,44,0.001,0.001,,,,,NVIDIA A100-SXM4-40GB (0),1,,13,"void ch_est::chEstFilterNoDftSOfdmDispatchKernel<float, __half, float, (unsigned int)2>(ch_est::puschRxChEstStatDescr_t *, ch_est::puschRxChEstDynDescr_t *)"
1890563849,2623,15316,103,1,1,128,1,1,16,0.000,0.000,,,,,NVIDIA A100-SXM4-40GB (0),1,,13,cupy_copy__complex64_complex64
1890567656,16224,15326,1434,1,1,128,1,1,16,0.000,0.000,,,,,NVIDIA A100-SXM4-40GB (0),1,,13,cupy_copy__complex64_complex64
1890584904,2560,15333,103,1,1,128,1,1,16,0.000,0.000,,,,,NVIDIA A100-SXM4-40GB (0),1,,13,cupy_copy__complex64_complex64
1890588776,87231,15340,1,1,1,32,32,1,30,0.000,0.000,,,,,NVIDIA A100-SXM4-40GB (0),1,,13,"void convert_kernel<__half2, float2>(tensor_layout_any, T1 *, tensor_layout_any, const T2 *)"
1890703335,4288,15343,,,,,,,,,,0.061,14328.300,Pinned,Device,NVIDIA A100-SXM4-40GB (0),1,,13,[CUDA memcpy Host-to-Device]
1890715527,46623,15344,,,,,,,,,,35.801,767858.990,Device,,NVIDIA A100-SXM4-40GB (0),1,,13,[CUDA memset]
1890767366,2016,15346,,,,,,,,,,0.000,39.682,Pinned,Device,NVIDIA A100-SXM4-40GB (0),1,,13,[CUDA memcpy Host-to-Device]
1890771686,6912,15347,,,,,,,,,,0.131,18962.842,Pinned,Device,NVIDIA A100-SXM4-40GB (0),1,,13,[CUDA memcpy Host-to-Device]
1890784326,9536,15348,273,1,1,48,1,1,40,0.000,0.001,,,,,NVIDIA A100-SXM4-40GB (0),1,,13,"void pusch_noise_intf_est::noiseIntfEstNoDftSOfdmKernel<float, __half, float, float, (unsigned int)2, (unsigned int)1, (unsigned char)4, (unsigned char)4>(pusch_noise_intf_est::puschRxNoiseIntfEstDynDescr)"
1890794950,2912,15359,35,1,1,128,1,1,16,0.000,0.000,,,,,NVIDIA A100-SXM4-40GB (0),1,,13,cupy_copy__complex64_complex64
1890820677,1760,15368,1,1,1,1,1,1,18,0.000,0.000,,,,,NVIDIA A100-SXM4-40GB (0),1,,13,cupy_copy__float32_float32
1890858181,1984,15374,,,,,,,,,,0.000,2.016,Device,Pageable,NVIDIA A100-SXM4-40GB (0),1,,7,[CUDA memcpy Device-to-Host]
1890917348,16384,15385,1434,1,1,128,1,1,16,0.000,0.000,,,,,NVIDIA A100-SXM4-40GB (0),1,,13,cupy_copy__complex64_complex64
1890943844,2784,15392,103,1,1,128,1,1,16,0.000,0.000,,,,,NVIDIA A100-SXM4-40GB (0),1,,13,cupy_copy__complex64_complex64
1890964388,2336,15399,35,1,1,128,1,1,16,0.000,0.000,,,,,NVIDIA A100-SXM4-40GB (0),1,,13,cupy_copy__complex64_complex64
1890982212,1696,15406,1,1,1,1,1,1,18,0.000,0.000,,,,,NVIDIA A100-SXM4-40GB (0),1,,13,cupy_copy__float32_float32
1891114914,86911,15417,1,1,1,32,32,1,30,0.000,0.000,,,,,NVIDIA A100-SXM4-40GB (0),1,,13,"void convert_kernel<__half2, float2>(tensor_layout_any, T1 *, tensor_layout_any, const T2 *)"
1891229569,4320,15420,,,,,,,,,,0.061,14222.193,Pinned,Device,NVIDIA A100-SXM4-40GB (0),1,,13,[CUDA memcpy Host-to-Device]
1891243488,3616,15421,,,,,,,,,,1.547,427715.774,Device,,NVIDIA A100-SXM4-40GB (0),1,,13,[CUDA memset]
1891249856,2848,15426,,,,,,,,,,0.021,7393.246,Pinned,Device,NVIDIA A100-SXM4-40GB (0),1,,13,[CUDA memcpy Host-to-Device]
1891255008,8352,15427,,,,,,,,,,0.131,15693.382,Pinned,Device,NVIDIA A100-SXM4-40GB (0),1,,13,[CUDA memcpy Host-to-Device]
1891266752,6528,15428,273,1,1,8,4,1,39,0.002,0.000,,,,,NVIDIA A100-SXM4-40GB (0),1,,13,"void channel_eq::eqMmseCoefCompLowMimoKernel<float, float, float, (unsigned int)4, (unsigned int)1, (unsigned int)4>(const channel_eq::_puschRxChEqStatDescr *, channel_eq::_puschRxChEqCoefCompDynDescr)"
1891274336,5920,15429,273,1,1,12,11,1,40,0.002,0.000,,,,,NVIDIA A100-SXM4-40GB (0),1,,13,"void channel_eq::eqMmseSoftDemapKernel<float, __half, __half, float, (unsigned int)4, (unsigned short)16383>(channel_eq::_puschRxChEqStatDescr *, channel_eq::_puschRxChEqSoftDemapDynDescr)"
1891281568,307772,15430,1,1,1,32,32,1,30,0.000,0.000,,,,,NVIDIA A100-SXM4-40GB (0),1,,13,"void convert_kernel<float2, __half2>(tensor_layout_any, T1 *, tensor_layout_any, const T2 *)"
1891590556,13600,15442,2253,1,1,128,1,1,16,0.000,0.000,,,,,NVIDIA A100-SXM4-40GB (0),1,,13,cupy_copy__float16_float16
1891605212,2816,15451,282,1,1,128,1,1,16,0.000,0.000,,,,,NVIDIA A100-SXM4-40GB (0),1,,13,cupy_copy__complex64_complex64
1891609340,2048,15460,26,1,1,128,1,1,16,0.000,0.000,,,,,NVIDIA A100-SXM4-40GB (0),1,,13,cupy_copy__float32_float32
1891612412,3168,15469,103,1,1,128,1,1,16,0.000,0.000,,,,,NVIDIA A100-SXM4-40GB (0),1,,13,cupy_copy__complex64_complex64
1891616732,15296,15479,1434,1,1,128,1,1,16,0.000,0.000,,,,,NVIDIA A100-SXM4-40GB (0),1,,13,cupy_copy__complex64_complex64
1891633180,86623,15484,1,1,1,32,32,1,30,0.000,0.000,,,,,NVIDIA A100-SXM4-40GB (0),1,,13,"void convert_kernel<__half2, float2>(tensor_layout_any, T1 *, tensor_layout_any, const T2 *)"
1891747450,4288,15487,,,,,,,,,,0.061,14328.300,Pinned,Device,NVIDIA A100-SXM4-40GB (0),1,,13,[CUDA memcpy Host-to-Device]
1891757498,587769,15488,,,,,,,,,,456.520,776541.336,Device,,NVIDIA A100-SXM4-40GB (0),1,,13,[CUDA memset]
1892349459,32800,15493,,,,,,,,,,0.825,25162.263,Pinned,Device,NVIDIA A100-SXM4-40GB (0),1,,13,[CUDA memcpy Host-to-Device]
1892384563,6880,15494,,,,,,,,,,0.131,19051.053,Pinned,Device,NVIDIA A100-SXM4-40GB (0),1,,13,[CUDA memcpy Host-to-Device]
1892401683,7840,15495,69,4,1,48,1,1,76,0.002,0.000,,,,,NVIDIA A100-SXM4-40GB (0),1,,13,"void ch_est::windowedChEstPreNoDftSOfdmKernel<float, __half, float, (unsigned int)2, (unsigned int)1, (unsigned short)4>(ch_est::puschRxChEstStatDescr_t *, ch_est::puschRxChEstDynDescr_t *)"
1892410643,6656,15496,137,2,1,24,2,1,44,0.001,0.001,,,,,NVIDIA A100-SXM4-40GB (0),1,,13,"void ch_est::chEstFilterNoDftSOfdmDispatchKernel<float, __half, float, (unsigned int)2>(ch_est::puschRxChEstStatDescr_t *, ch_est::puschRxChEstDynDescr_t *)"
1892418419,5183,15497,137,2,1,24,2,1,44,0.001,0.001,,,,,NVIDIA A100-SXM4-40GB (0),1,,13,"void ch_est::chEstFilterNoDftSOfdmDispatchKernel<float, __half, float, (unsigned int)2>(ch_est::puschRxChEstStatDescr_t *, ch_est::puschRxChEstDynDescr_t *)"
1892424722,2592,15508,103,1,1,128,1,1,16,0.000,0.000,,,,,NVIDIA A100-SXM4-40GB (0),1,,13,cupy_copy__complex64_complex64
1892428402,16320,15518,1434,1,1,128,1,1,16,0.000,0.000,,,,,NVIDIA A100-SXM4-40GB (0),1,,13,cupy_copy__complex64_complex64
1892445874,2560,15525,103,1,1,128,1,1,16,0.000,0.000,,,,,NVIDIA A100-SXM4-40GB (0),1,,13,cupy_copy__complex64_complex64
1892449746,87135,15532,1,1,1,32,32,1,30,0.000,0.000,,,,,NVIDIA A100-SXM4-40GB (0),1,,13,"void convert_kernel<__half2, float2>(tensor_layout_any, T1 *, tensor_layout_any, const T2 *)"
1892707599,4288,15535,,,,,,,,,,0.061,14328.300,Pinned,Device,NVIDIA A100-SXM4-40GB (0),1,,13,[CUDA memcpy Host-to-Device]
1892717103,46591,15536,,,,,,,,,,35.801,768396.004,Device,,NVIDIA A100-SXM4-40GB (0),1,,13,[CUDA memset]
1892771438,1984,15538,,,,,,,,,,0.000,40.323,Pinned,Device,NVIDIA A100-SXM4-40GB (0),1,,13,[CUDA memcpy Host-to-Device]
1892775726,7360,15539,,,,,,,,,,0.131,17808.622,Pinned,Device,NVIDIA A100-SXM4-40GB (0),1,,13,[CUDA memcpy Host-to-Device]
1892788782,9600,15540,273,1,1,48,1,1,40,0.000,0.001,,,,,NVIDIA A100-SXM4-40GB (0),1,,13,"void pusch_noise_intf_est::noiseIntfEstNoDftSOfdmKernel<float, __half, float, float, (unsigned int)2, (unsigned int)1, (unsigned char)4, (unsigned char)4>(pusch_noise_intf_est::puschRxNoiseIntfEstDynDescr)"
1892799566,2848,15551,35,1,1,128,1,1,16,0.000,0.000,,,,,NVIDIA A100-SXM4-40GB (0),1,,13,cupy_copy__complex64_complex64
1892813486,1760,15560,1,1,1,1,1,1,18,0.000,0.000,,,,,NVIDIA A100-SXM4-40GB (0),1,,13,cupy_copy__float32_float32
1892848781,1824,15566,,,,,,,,,,0.000,2.193,Device,Pageable,NVIDIA A100-SXM4-40GB (0),1,,7,[CUDA memcpy Device-to-Host]
1892907949,16832,15577,1434,1,1,128,1,1,16,0.000,0.000,,,,,NVIDIA A100-SXM4-40GB (0),1,,13,cupy_copy__complex64_complex64
1892934508,2816,15584,103,1,1,128,1,1,16,0.000,0.000,,,,,NVIDIA A100-SXM4-40GB (0),1,,13,cupy_copy__complex64_complex64
1892955820,2336,15591,35,1,1,128,1,1,16,0.000,0.000,,,,,NVIDIA A100-SXM4-40GB (0),1,,13,cupy_copy__complex64_complex64
1892974252,1664,15598,1,1,1,1,1,1,18,0.000,0.000,,,,,NVIDIA A100-SXM4-40GB (0),1,,13,cupy_copy__float32_float32
1893241129,87295,15609,1,1,1,32,32,1,30,0.000,0.000,,,,,NVIDIA A100-SXM4-40GB (0),1,,13,"void convert_kernel<__half2, float2>(tensor_layout_any, T1 *, tensor_layout_any, const T2 *)"
1893359399,4320,15612,,,,,,,,,,0.061,14222.193,Pinned,Device,NVIDIA A100-SXM4-40GB (0),1,,13,[CUDA memcpy Host-to-Device]
1893374823,3616,15613,,,,,,,,,,1.547,427715.774,Device,,NVIDIA A100-SXM4-40GB (0),1,,13,[CUDA memset]
1893381383,2880,15618,,,,,,,,,,0.021,7311.106,Pinned,Device,NVIDIA A100-SXM4-40GB (0),1,,13,[CUDA memcpy Host-to-Device]
1893386567,7712,15619,,,,,,,,,,0.131,16995.844,Pinned,Device,NVIDIA A100-SXM4-40GB (0),1,,13,[CUDA memcpy Host-to-Device]
1893398503,6624,15620,273,1,1,8,4,1,39,0.002,0.000,,,,,NVIDIA A100-SXM4-40GB (0),1,,13,"void channel_eq::eqMmseCoefCompLowMimoKernel<float, float, float, (unsigned int)4, (unsigned int)1, (unsigned int)4>(const channel_eq::_puschRxChEqStatDescr *, channel_eq::_puschRxChEqCoefCompDynDescr)"
1893406343,5824,15621,273,1,1,12,11,1,40,0.002,0.000,,,,,NVIDIA A100-SXM4-40GB (0),1,,13,"void channel_eq::eqMmseSoftDemapKernel<float, __half, __half, float, (unsigned int)4, (unsigned short)16383>(channel_eq::_puschRxChEqStatDescr *, channel_eq::_puschRxChEqSoftDemapDynDescr)"
1893413383,306844,15622,1,1,1,32,32,1,30,0.000,0.000,,,,,NVIDIA A100-SXM4-40GB (0),1,,13,"void convert_kernel<float2, __half2>(tensor_layout_any, T1 *, tensor_layout_any, const T2 *)"
1893721475,13632,15634,2253,1,1,128,1,1,16,0.000,0.000,,,,,NVIDIA A100-SXM4-40GB (0),1,,13,cupy_copy__float16_float16
1893736419,2880,15643,282,1,1,128,1,1,16,0.000,0.000,,,,,NVIDIA A100-SXM4-40GB (0),1,,13,cupy_copy__complex64_complex64
1893740451,2080,15652,26,1,1,128,1,1,16,0.000,0.000,,,,,NVIDIA A100-SXM4-40GB (0),1,,13,cupy_copy__float32_float32
1893743843,3040,15661,103,1,1,128,1,1,16,0.000,0.000,,,,,NVIDIA A100-SXM4-40GB (0),1,,13,cupy_copy__complex64_complex64
1893802594,15648,15677,1434,1,1,128,1,1,16,0.000,0.000,,,,,NVIDIA A100-SXM4-40GB (0),1,,13,cupy_copy__complex64_complex64
1893919937,86495,15682,1,1,1,32,32,1,30,0.000,0.000,,,,,NVIDIA A100-SXM4-40GB (0),1,,13,"void convert_kernel<__half2, float2>(tensor_layout_any, T1 *, tensor_layout_any, const T2 *)"
1894174430,4320,15685,,,,,,,,,,0.061,14222.193,Pinned,Device,NVIDIA A100-SXM4-40GB (0),1,,13,[CUDA memcpy Host-to-Device]
1894190622,588025,15686,,,,,,,,,,456.520,776084.816,Device,,NVIDIA A100-SXM4-40GB (0),1,,13,[CUDA memset]
1894785527,32799,15691,,,,,,,,,,0.825,25163.088,Pinned,Device,NVIDIA A100-SXM4-40GB (0),1,,13,[CUDA memcpy Host-to-Device]
1894820630,7008,15692,,,,,,,,,,0.131,18703.188,Pinned,Device,NVIDIA A100-SXM4-40GB (0),1,,13,[CUDA memcpy Host-to-Device]
1894831638,8192,15693,69,4,1,48,1,1,76,0.002,0.000,,,,,NVIDIA A100-SXM4-40GB (0),1,,13,"void ch_est::windowedChEstPreNoDftSOfdmKernel<float, __half, float, (unsigned int)2, (unsigned int)1, (unsigned short)4>(ch_est::puschRxChEstStatDescr_t *, ch_est::puschRxChEstDynDescr_t *)"
1894841174,7424,15694,137,2,1,24,2,1,44,0.001,0.001,,,,,NVIDIA A100-SXM4-40GB (0),1,,13,"void ch_est::chEstFilterNoDftSOfdmDispatchKernel<float, __half, float, (unsigned int)2>(ch_est::puschRxChEstStatDescr_t *, ch_est::puschRxChEstDynDescr_t *)"
1894849686,5152,15695,137,2,1,24,2,1,44,0.001,0.001,,,,,NVIDIA A100-SXM4-40GB (0),1,,13,"void ch_est::chEstFilterNoDftSOfdmDispatchKernel<float, __half, float, (unsigned int)2>(ch_est::puschRxChEstStatDescr_t *, ch_est::puschRxChEstDynDescr_t *)"
1894855990,2624,15706,103,1,1,128,1,1,16,0.000,0.000,,,,,NVIDIA A100-SXM4-40GB (0),1,,13,cupy_copy__complex64_complex64
1894859766,16575,15716,1434,1,1,128,1,1,16,0.000,0.000,,,,,NVIDIA A100-SXM4-40GB (0),1,,13,cupy_copy__complex64_complex64
1894877461,2528,15723,103,1,1,128,1,1,16,0.000,0.000,,,,,NVIDIA A100-SXM4-40GB (0),1,,13,cupy_copy__complex64_complex64
1894881013,85983,15730,1,1,1,32,32,1,30,0.000,0.000,,,,,NVIDIA A100-SXM4-40GB (0),1,,13,"void convert_kernel<__half2, float2>(tensor_layout_any, T1 *, tensor_layout_any, const T2 *)"
1894997524,4704,15733,,,,,,,,,,0.061,13061.222,Pinned,Device,NVIDIA A100-SXM4-40GB (0),1,,13,[CUDA memcpy Host-to-Device]
1895010036,46591,15734,,,,,,,,,,35.801,768396.004,Device,,NVIDIA A100-SXM4-40GB (0),1,,13,[CUDA memset]
1895062995,2112,15736,,,,,,,,,,0.000,37.879,Pinned,Device,NVIDIA A100-SXM4-40GB (0),1,,13,[CUDA memcpy Host-to-Device]
1895067411,7008,15737,,,,,,,,,,0.131,18703.188,Pinned,Device,NVIDIA A100-SXM4-40GB (0),1,,13,[CUDA memcpy Host-to-Device]
1895079443,9536,15738,273,1,1,48,1,1,40,0.000,0.001,,,,,NVIDIA A100-SXM4-40GB (0),1,,13,"void pusch_noise_intf_est::noiseIntfEstNoDftSOfdmKernel<float, __half, float, float, (unsigned int)2, (unsigned int)1, (unsigned char)4, (unsigned char)4>(pusch_noise_intf_est::puschRxNoiseIntfEstDynDescr)"
1895090547,2912,15749,35,1,1,128,1,1,16,0.000,0.000,,,,,NVIDIA A100-SXM4-40GB (0),1,,13,cupy_copy__complex64_complex64
1895126515,1759,15758,1,1,1,1,1,1,18,0.000,0.000,,,,,NVIDIA A100-SXM4-40GB (0),1,,13,cupy_copy__float32_float32
1895161586,1824,15764,,,,,,,,,,0.000,2.193,Device,Pageable,NVIDIA A100-SXM4-40GB (0),1,,7,[CUDA memcpy Device-to-Host]
1895220401,16512,15775,1434,1,1,128,1,1,16,0.000,0.000,,,,,NVIDIA A100-SXM4-40GB (0),1,,13,cupy_copy__complex64_complex64
1895246641,2784,15782,103,1,1,128,1,1,16,0.000,0.000,,,,,NVIDIA A100-SXM4-40GB (0),1,,13,cupy_copy__complex64_complex64
1895267825,2336,15789,35,1,1,128,1,1,16,0.000,0.000,,,,,NVIDIA A100-SXM4-40GB (0),1,,13,cupy_copy__complex64_complex64
1895286257,1696,15796,1,1,1,1,1,1,18,0.000,0.000,,,,,NVIDIA A100-SXM4-40GB (0),1,,13,cupy_copy__float32_float32
1895419375,86527,15807,1,1,1,32,32,1,30,0.000,0.000,,,,,NVIDIA A100-SXM4-40GB (0),1,,13,"void convert_kernel<__half2, float2>(tensor_layout_any, T1 *, tensor_layout_any, const T2 *)"
1895533742,4288,15810,,,,,,,,,,0.061,14328.300,Pinned,Device,NVIDIA A100-SXM4-40GB (0),1,,13,[CUDA memcpy Host-to-Device]
1895548238,3615,15811,,,,,,,,,,1.547,427834.864,Device,,NVIDIA A100-SXM4-40GB (0),1,,13,[CUDA memset]
1895554829,3040,15816,,,,,,,,,,0.021,6926.308,Pinned,Device,NVIDIA A100-SXM4-40GB (0),1,,13,[CUDA memcpy Host-to-Device]
1895560173,7040,15817,,,,,,,,,,0.131,18618.122,Pinned,Device,NVIDIA A100-SXM4-40GB (0),1,,13,[CUDA memcpy Host-to-Device]
1895572621,6592,15818,273,1,1,8,4,1,39,0.002,0.000,,,,,NVIDIA A100-SXM4-40GB (0),1,,13,"void channel_eq::eqMmseCoefCompLowMimoKernel<float, float, float, (unsigned int)4, (unsigned int)1, (unsigned int)4>(const channel_eq::_puschRxChEqStatDescr *, channel_eq::_puschRxChEqCoefCompDynDescr)"
1895580429,5632,15819,273,1,1,12,11,1,40,0.002,0.000,,,,,NVIDIA A100-SXM4-40GB (0),1,,13,"void channel_eq::eqMmseSoftDemapKernel<float, __half, __half, float, (unsigned int)4, (unsigned short)16383>(channel_eq::_puschRxChEqStatDescr *, channel_eq::_puschRxChEqSoftDemapDynDescr)"
1895587213,308412,15820,1,1,1,32,32,1,30,0.000,0.000,,,,,NVIDIA A100-SXM4-40GB (0),1,,13,"void convert_kernel<float2, __half2>(tensor_layout_any, T1 *, tensor_layout_any, const T2 *)"
1895896713,13440,15832,2253,1,1,128,1,1,16,0.000,0.000,,,,,NVIDIA A100-SXM4-40GB (0),1,,13,cupy_copy__float16_float16
1895911305,2848,15841,282,1,1,128,1,1,16,0.000,0.000,,,,,NVIDIA A100-SXM4-40GB (0),1,,13,cupy_copy__complex64_complex64
1895915497,2016,15850,26,1,1,128,1,1,16,0.000,0.000,,,,,NVIDIA A100-SXM4-40GB (0),1,,13,cupy_copy__float32_float32
1895918569,3072,15859,103,1,1,128,1,1,16,0.000,0.000,,,,,NVIDIA A100-SXM4-40GB (0),1,,13,cupy_copy__complex64_complex64
1895922953,15616,15869,1434,1,1,128,1,1,16,0.000,0.000,,,,,NVIDIA A100-SXM4-40GB (0),1,,13,cupy_copy__complex64_complex64
1895939625,86751,15874,1,1,1,32,32,1,30,0.000,0.000,,,,,NVIDIA A100-SXM4-40GB (0),1,,13,"void convert_kernel<__half2, float2>(tensor_layout_any, T1 *, tensor_layout_any, const T2 *)"
1896054024,4287,15877,,,,,,,,,,0.061,14331.679,Pinned,Device,NVIDIA A100-SXM4-40GB (0),1,,13,[CUDA memcpy Host-to-Device]
1896065447,588185,15878,,,,,,,,,,456.520,776084.816,Device,,NVIDIA A100-SXM4-40GB (0),1,,13,[CUDA memset]
1896654624,32832,15883,,,,,,,,,,0.825,25138.328,Pinned,Device,NVIDIA A100-SXM4-40GB (0),1,,13,[CUDA memcpy Host-to-Device]
1896689760,6912,15884,,,,,,,,,,0.131,18962.842,Pinned,Device,NVIDIA A100-SXM4-40GB (0),1,,13,[CUDA memcpy Host-to-Device]
1896706528,8000,15885,69,4,1,48,1,1,76,0.002,0.000,,,,,NVIDIA A100-SXM4-40GB (0),1,,13,"void ch_est::windowedChEstPreNoDftSOfdmKernel<float, __half, float, (unsigned int)2, (unsigned int)1, (unsigned short)4>(ch_est::puschRxChEstStatDescr_t *, ch_est::puschRxChEstDynDescr_t *)"
1896715872,7008,15886,137,2,1,24,2,1,44,0.001,0.001,,,,,NVIDIA A100-SXM4-40GB (0),1,,13,"void ch_est::chEstFilterNoDftSOfdmDispatchKernel<float, __half, float, (unsigned int)2>(ch_est::puschRxChEstStatDescr_t *, ch_est::puschRxChEstDynDescr_t *)"
1896724000,5184,15887,137,2,1,24,2,1,44,0.001,0.001,,,,,NVIDIA A100-SXM4-40GB (0),1,,13,"void ch_est::chEstFilterNoDftSOfdmDispatchKernel<float, __half, float, (unsigned int)2>(ch_est::puschRxChEstStatDescr_t *, ch_est::puschRxChEstDynDescr_t *)"
1896730336,2592,15898,103,1,1,128,1,1,16,0.000,0.000,,,,,NVIDIA A100-SXM4-40GB (0),1,,13,cupy_copy__complex64_complex64
1896734111,16320,15908,1434,1,1,128,1,1,16,0.000,0.000,,,,,NVIDIA A100-SXM4-40GB (0),1,,13,cupy_copy__complex64_complex64
1896751455,2528,15915,103,1,1,128,1,1,16,0.000,0.000,,,,,NVIDIA A100-SXM4-40GB (0),1,,13,cupy_copy__complex64_complex64
1896755007,87135,15922,1,1,1,32,32,1,30,0.000,0.000,,,,,NVIDIA A100-SXM4-40GB (0),1,,13,"void convert_kernel<__half2, float2>(tensor_layout_any, T1 *, tensor_layout_any, const T2 *)"
1896869438,4288,15925,,,,,,,,,,0.061,14328.300,Pinned,Device,NVIDIA A100-SXM4-40GB (0),1,,13,[CUDA memcpy Host-to-Device]
1896881406,46559,15926,,,,,,,,,,35.801,768933.019,Device,,NVIDIA A100-SXM4-40GB (0),1,,13,[CUDA memset]
1896936285,1984,15928,,,,,,,,,,0.000,40.323,Pinned,Device,NVIDIA A100-SXM4-40GB (0),1,,13,[CUDA memcpy Host-to-Device]
1896940605,6880,15929,,,,,,,,,,0.131,19051.053,Pinned,Device,NVIDIA A100-SXM4-40GB (0),1,,13,[CUDA memcpy Host-to-Device]
1896955901,9216,15930,273,1,1,48,1,1,40,0.000,0.001,,,,,NVIDIA A100-SXM4-40GB (0),1,,13,"void pusch_noise_intf_est::noiseIntfEstNoDftSOfdmKernel<float, __half, float, float, (unsigned int)2, (unsigned int)1, (unsigned char)4, (unsigned char)4>(pusch_noise_intf_est::puschRxNoiseIntfEstDynDescr)"
1896966301,2880,15941,35,1,1,128,1,1,16,0.000,0.000,,,,,NVIDIA A100-SXM4-40GB (0),1,,13,cupy_copy__complex64_complex64
1896992668,1760,15950,1,1,1,1,1,1,18,0.000,0.000,,,,,NVIDIA A100-SXM4-40GB (0),1,,13,cupy_copy__float32_float32
1897026716,1728,15956,,,,,,,,,,0.000,2.315,Device,Pageable,NVIDIA A100-SXM4-40GB (0),1,,7,[CUDA memcpy Device-to-Host]
1897084091,16704,15967,1434,1,1,128,1,1,16,0.000,0.000,,,,,NVIDIA A100-SXM4-40GB (0),1,,13,cupy_copy__complex64_complex64
1897110331,2816,15974,103,1,1,128,1,1,16,0.000,0.000,,,,,NVIDIA A100-SXM4-40GB (0),1,,13,cupy_copy__complex64_complex64
1897131099,2304,15981,35,1,1,128,1,1,16,0.000,0.000,,,,,NVIDIA A100-SXM4-40GB (0),1,,13,cupy_copy__complex64_complex64
1897149083,1696,15988,1,1,1,1,1,1,18,0.000,0.000,,,,,NVIDIA A100-SXM4-40GB (0),1,,13,cupy_copy__float32_float32
1897280089,86591,15999,1,1,1,32,32,1,30,0.000,0.000,,,,,NVIDIA A100-SXM4-40GB (0),1,,13,"void convert_kernel<__half2, float2>(tensor_layout_any, T1 *, tensor_layout_any, const T2 *)"
1897394104,4320,16002,,,,,,,,,,0.061,14222.193,Pinned,Device,NVIDIA A100-SXM4-40GB (0),1,,13,[CUDA memcpy Host-to-Device]
1897408248,3615,16003,,,,,,,,,,1.547,427834.864,Device,,NVIDIA A100-SXM4-40GB (0),1,,13,[CUDA memset]
1897418615,2816,16008,,,,,,,,,,0.021,7477.259,Pinned,Device,NVIDIA A100-SXM4-40GB (0),1,,13,[CUDA memcpy Host-to-Device]
1897423735,6976,16009,,,,,,,,,,0.131,18788.909,Pinned,Device,NVIDIA A100-SXM4-40GB (0),1,,13,[CUDA memcpy Host-to-Device]
1897436183,6592,16010,273,1,1,8,4,1,39,0.002,0.000,,,,,NVIDIA A100-SXM4-40GB (0),1,,13,"void channel_eq::eqMmseCoefCompLowMimoKernel<float, float, float, (unsigned int)4, (unsigned int)1, (unsigned int)4>(const channel_eq::_puschRxChEqStatDescr *, channel_eq::_puschRxChEqCoefCompDynDescr)"
1897443863,5728,16011,273,1,1,12,11,1,40,0.002,0.000,,,,,NVIDIA A100-SXM4-40GB (0),1,,13,"void channel_eq::eqMmseSoftDemapKernel<float, __half, __half, float, (unsigned int)4, (unsigned short)16383>(channel_eq::_puschRxChEqStatDescr *, channel_eq::_puschRxChEqSoftDemapDynDescr)"
1897450647,307260,16012,1,1,1,32,32,1,30,0.000,0.000,,,,,NVIDIA A100-SXM4-40GB (0),1,,13,"void convert_kernel<float2, __half2>(tensor_layout_any, T1 *, tensor_layout_any, const T2 *)"
1897759155,13504,16024,2253,1,1,128,1,1,16,0.000,0.000,,,,,NVIDIA A100-SXM4-40GB (0),1,,13,cupy_copy__float16_float16
1897773747,2912,16033,282,1,1,128,1,1,16,0.000,0.000,,,,,NVIDIA A100-SXM4-40GB (0),1,,13,cupy_copy__complex64_complex64
1897777779,2048,16042,26,1,1,128,1,1,16,0.000,0.000,,,,,NVIDIA A100-SXM4-40GB (0),1,,13,cupy_copy__float32_float32
1897780883,3040,16051,103,1,1,128,1,1,16,0.000,0.000,,,,,NVIDIA A100-SXM4-40GB (0),1,,13,cupy_copy__complex64_complex64
1897784947,15328,16061,1434,1,1,128,1,1,16,0.000,0.000,,,,,NVIDIA A100-SXM4-40GB (0),1,,13,cupy_copy__complex64_complex64
1897801555,87007,16066,1,1,1,32,32,1,30,0.000,0.000,,,,,NVIDIA A100-SXM4-40GB (0),1,,13,"void convert_kernel<__half2, float2>(tensor_layout_any, T1 *, tensor_layout_any, const T2 *)"
1898057936,4320,16069,,,,,,,,,,0.061,14222.193,Pinned,Device,NVIDIA A100-SXM4-40GB (0),1,,13,[CUDA memcpy Host-to-Device]
1898073552,588857,16070,,,,,,,,,,456.520,775171.775,Device,,NVIDIA A100-SXM4-40GB (0),1,,13,[CUDA memset]
1898667465,32927,16075,,,,,,,,,,0.825,25065.697,Pinned,Device,NVIDIA A100-SXM4-40GB (0),1,,13,[CUDA memcpy Host-to-Device]
1898702728,6912,16076,,,,,,,,,,0.131,18962.842,Pinned,Device,NVIDIA A100-SXM4-40GB (0),1,,13,[CUDA memcpy Host-to-Device]
1898714600,7936,16077,69,4,1,48,1,1,76,0.002,0.000,,,,,NVIDIA A100-SXM4-40GB (0),1,,13,"void ch_est::windowedChEstPreNoDftSOfdmKernel<float, __half, float, (unsigned int)2, (unsigned int)1, (unsigned short)4>(ch_est::puschRxChEstStatDescr_t *, ch_est::puschRxChEstDynDescr_t *)"
1898723880,7072,16078,137,2,1,24,2,1,44,0.001,0.001,,,,,NVIDIA A100-SXM4-40GB (0),1,,13,"void ch_est::chEstFilterNoDftSOfdmDispatchKernel<float, __half, float, (unsigned int)2>(ch_est::puschRxChEstStatDescr_t *, ch_est::puschRxChEstDynDescr_t *)"
1898732168,5152,16079,137,2,1,24,2,1,44,0.001,0.001,,,,,NVIDIA A100-SXM4-40GB (0),1,,13,"void ch_est::chEstFilterNoDftSOfdmDispatchKernel<float, __half, float, (unsigned int)2>(ch_est::puschRxChEstStatDescr_t *, ch_est::puschRxChEstDynDescr_t *)"
1898738376,3040,16090,103,1,1,128,1,1,16,0.000,0.000,,,,,NVIDIA A100-SXM4-40GB (0),1,,13,cupy_copy__complex64_complex64
1898742760,16704,16100,1434,1,1,128,1,1,16,0.000,0.000,,,,,NVIDIA A100-SXM4-40GB (0),1,,13,cupy_copy__complex64_complex64
1898760488,2559,16107,103,1,1,128,1,1,16,0.000,0.000,,,,,NVIDIA A100-SXM4-40GB (0),1,,13,cupy_copy__complex64_complex64
1898764391,85663,16114,1,1,1,32,32,1,30,0.000,0.000,,,,,NVIDIA A100-SXM4-40GB (0),1,,13,"void convert_kernel<__half2, float2>(tensor_layout_any, T1 *, tensor_layout_any, const T2 *)"
1898883526,4640,16117,,,,,,,,,,0.061,13241.364,Pinned,Device,NVIDIA A100-SXM4-40GB (0),1,,13,[CUDA memcpy Host-to-Device]
1898896742,46687,16118,,,,,,,,,,35.801,766820.762,Device,,NVIDIA A100-SXM4-40GB (0),1,,13,[CUDA memset]
1898950053,2016,16120,,,,,,,,,,0.000,39.682,Pinned,Device,NVIDIA A100-SXM4-40GB (0),1,,13,[CUDA memcpy Host-to-Device]
1898954373,6912,16121,,,,,,,,,,0.131,18962.842,Pinned,Device,NVIDIA A100-SXM4-40GB (0),1,,13,[CUDA memcpy Host-to-Device]
1898972229,9248,16122,273,1,1,48,1,1,40,0.000,0.001,,,,,NVIDIA A100-SXM4-40GB (0),1,,13,"void pusch_noise_intf_est::noiseIntfEstNoDftSOfdmKernel<float, __half, float, float, (unsigned int)2, (unsigned int)1, (unsigned char)4, (unsigned char)4>(pusch_noise_intf_est::puschRxNoiseIntfEstDynDescr)"
1898982533,2912,16133,35,1,1,128,1,1,16,0.000,0.000,,,,,NVIDIA A100-SXM4-40GB (0),1,,13,cupy_copy__complex64_complex64
1899009733,1760,16142,1,1,1,1,1,1,18,0.000,0.000,,,,,NVIDIA A100-SXM4-40GB (0),1,,13,cupy_copy__float32_float32
1899045444,1824,16148,,,,,,,,,,0.000,2.193,Device,Pageable,NVIDIA A100-SXM4-40GB (0),1,,7,[CUDA memcpy Device-to-Host]
1899103587,16384,16159,1434,1,1,128,1,1,16,0.000,0.000,,,,,NVIDIA A100-SXM4-40GB (0),1,,13,cupy_copy__complex64_complex64
1899130627,2816,16166,103,1,1,128,1,1,16,0.000,0.000,,,,,NVIDIA A100-SXM4-40GB (0),1,,13,cupy_copy__complex64_complex64
1899152227,2304,16173,35,1,1,128,1,1,16,0.000,0.000,,,,,NVIDIA A100-SXM4-40GB (0),1,,13,cupy_copy__complex64_complex64
1899169827,1696,16180,1,1,1,1,1,1,18,0.000,0.000,,,,,NVIDIA A100-SXM4-40GB (0),1,,13,cupy_copy__float32_float32
1899304033,86495,16191,1,1,1,32,32,1,30,0.000,0.000,,,,,NVIDIA A100-SXM4-40GB (0),1,,13,"void convert_kernel<__half2, float2>(tensor_layout_any, T1 *, tensor_layout_any, const T2 *)"
1899558110,4288,16194,,,,,,,,,,0.061,14328.300,Pinned,Device,NVIDIA A100-SXM4-40GB (0),1,,13,[CUDA memcpy Host-to-Device]
1899567838,3648,16195,,,,,,,,,,1.547,423963.664,Device,,NVIDIA A100-SXM4-40GB (0),1,,13,[CUDA memset]
1899575806,2880,16200,,,,,,,,,,0.021,7311.106,Pinned,Device,NVIDIA A100-SXM4-40GB (0),1,,13,[CUDA memcpy Host-to-Device]
1899580990,6976,16201,,,,,,,,,,0.131,18788.909,Pinned,Device,NVIDIA A100-SXM4-40GB (0),1,,13,[CUDA memcpy Host-to-Device]
1899593182,6560,16202,273,1,1,8,4,1,39,0.002,0.000,,,,,NVIDIA A100-SXM4-40GB (0),1,,13,"void channel_eq::eqMmseCoefCompLowMimoKernel<float, float, float, (unsigned int)4, (unsigned int)1, (unsigned int)4>(const channel_eq::_puschRxChEqStatDescr *, channel_eq::_puschRxChEqCoefCompDynDescr)"
1899601054,5664,16203,273,1,1,12,11,1,40,0.002,0.000,,,,,NVIDIA A100-SXM4-40GB (0),1,,13,"void channel_eq::eqMmseSoftDemapKernel<float, __half, __half, float, (unsigned int)4, (unsigned short)16383>(channel_eq::_puschRxChEqStatDescr *, channel_eq::_puschRxChEqSoftDemapDynDescr)"
1899608061,307741,16204,1,1,1,32,32,1,30,0.000,0.000,,,,,NVIDIA A100-SXM4-40GB (0),1,,13,"void convert_kernel<float2, __half2>(tensor_layout_any, T1 *, tensor_layout_any, const T2 *)"
1899916890,13440,16216,2253,1,1,128,1,1,16,0.000,0.000,,,,,NVIDIA A100-SXM4-40GB (0),1,,13,cupy_copy__float16_float16
1899931482,2816,16225,282,1,1,128,1,1,16,0.000,0.000,,,,,NVIDIA A100-SXM4-40GB (0),1,,13,cupy_copy__complex64_complex64
1899935642,2048,16234,26,1,1,128,1,1,16,0.000,0.000,,,,,NVIDIA A100-SXM4-40GB (0),1,,13,cupy_copy__float32_float32
1899939002,3072,16243,103,1,1,128,1,1,16,0.000,0.000,,,,,NVIDIA A100-SXM4-40GB (0),1,,13,cupy_copy__complex64_complex64
1899943386,15423,16253,1434,1,1,128,1,1,16,0.000,0.000,,,,,NVIDIA A100-SXM4-40GB (0),1,,13,cupy_copy__complex64_complex64
1900074648,87231,16258,1,1,1,32,32,1,30,0.000,0.000,,,,,NVIDIA A100-SXM4-40GB (0),1,,13,"void convert_kernel<__half2, float2>(tensor_layout_any, T1 *, tensor_layout_any, const T2 *)"
1900192951,4288,16261,,,,,,,,,,0.061,14328.300,Pinned,Device,NVIDIA A100-SXM4-40GB (0),1,,13,[CUDA memcpy Host-to-Device]
1900204086,588185,16262,,,,,,,,,,456.520,776084.816,Device,,NVIDIA A100-SXM4-40GB (0),1,,13,[CUDA memset]
1900793615,32800,16267,,,,,,,,,,0.825,25162.263,Pinned,Device,NVIDIA A100-SXM4-40GB (0),1,,13,[CUDA memcpy Host-to-Device]
1900828719,6912,16268,,,,,,,,,,0.131,18962.842,Pinned,Device,NVIDIA A100-SXM4-40GB (0),1,,13,[CUDA memcpy Host-to-Device]
1900846543,7968,16269,69,4,1,48,1,1,76,0.002,0.000,,,,,NVIDIA A100-SXM4-40GB (0),1,,13,"void ch_est::windowedChEstPreNoDftSOfdmKernel<float, __half, float, (unsigned int)2, (unsigned int)1, (unsigned short)4>(ch_est::puschRxChEstStatDescr_t *, ch_est::puschRxChEstDynDescr_t *)"
1900855855,6656,16270,137,2,1,24,2,1,44,0.001,0.001,,,,,NVIDIA A100-SXM4-40GB (0),1,,13,"void ch_est::chEstFilterNoDftSOfdmDispatchKernel<float, __half, float, (unsigned int)2>(ch_est::puschRxChEstStatDescr_t *, ch_est::puschRxChEstDynDescr_t *)"
1900863599,5216,16271,137,2,1,24,2,1,44,0.001,0.001,,,,,NVIDIA A100-SXM4-40GB (0),1,,13,"void ch_est::chEstFilterNoDftSOfdmDispatchKernel<float, __half, float, (unsigned int)2>(ch_est::puschRxChEstStatDescr_t *, ch_est::puschRxChEstDynDescr_t *)"
1900869935,2624,16282,103,1,1,128,1,1,16,0.000,0.000,,,,,NVIDIA A100-SXM4-40GB (0),1,,13,cupy_copy__complex64_complex64
1900873647,16639,16292,1434,1,1,128,1,1,16,0.000,0.000,,,,,NVIDIA A100-SXM4-40GB (0),1,,13,cupy_copy__complex64_complex64
1900891374,2560,16299,103,1,1,128,1,1,16,0.000,0.000,,,,,NVIDIA A100-SXM4-40GB (0),1,,13,cupy_copy__complex64_complex64
1900895246,86271,16306,1,1,1,32,32,1,30,0.000,0.000,,,,,NVIDIA A100-SXM4-40GB (0),1,,13,"void convert_kernel<__half2, float2>(tensor_layout_any, T1 *, tensor_layout_any, const T2 *)"
1901009133,4320,16309,,,,,,,,,,0.061,14222.193,Pinned,Device,NVIDIA A100-SXM4-40GB (0),1,,13,[CUDA memcpy Host-to-Device]
1901021805,46719,16310,,,,,,,,,,35.801,766283.748,Device,,NVIDIA A100-SXM4-40GB (0),1,,13,[CUDA memset]
1901073804,2016,16312,,,,,,,,,,0.000,39.682,Pinned,Device,NVIDIA A100-SXM4-40GB (0),1,,13,[CUDA memcpy Host-to-Device]
1901078124,6912,16313,,,,,,,,,,0.131,18962.842,Pinned,Device,NVIDIA A100-SXM4-40GB (0),1,,13,[CUDA memcpy Host-to-Device]
1901091660,9120,16314,273,1,1,48,1,1,40,0.000,0.001,,,,,NVIDIA A100-SXM4-40GB (0),1,,13,"void pusch_noise_intf_est::noiseIntfEstNoDftSOfdmKernel<float, __half, float, float, (unsigned int)2, (unsigned int)1, (unsigned char)4, (unsigned char)4>(pusch_noise_intf_est::puschRxNoiseIntfEstDynDescr)"
1901101868,2752,16325,35,1,1,128,1,1,16,0.000,0.000,,,,,NVIDIA A100-SXM4-40GB (0),1,,13,cupy_copy__complex64_complex64
1901128619,1728,16334,1,1,1,1,1,1,18,0.000,0.000,,,,,NVIDIA A100-SXM4-40GB (0),1,,13,cupy_copy__float32_float32
1901163627,1824,16340,,,,,,,,,,0.000,2.193,Device,Pageable,NVIDIA A100-SXM4-40GB (0),1,,7,[CUDA memcpy Device-to-Host]
1901221450,16640,16351,1434,1,1,128,1,1,16,0.000,0.000,,,,,NVIDIA A100-SXM4-40GB (0),1,,13,cupy_copy__complex64_complex64
1901247786,2848,16358,103,1,1,128,1,1,16,0.000,0.000,,,,,NVIDIA A100-SXM4-40GB (0),1,,13,cupy_copy__complex64_complex64
1901268266,2304,16365,35,1,1,128,1,1,16,0.000,0.000,,,,,NVIDIA A100-SXM4-40GB (0),1,,13,cupy_copy__complex64_complex64
1901286698,1664,16372,1,1,1,1,1,1,18,0.000,0.000,,,,,NVIDIA A100-SXM4-40GB (0),1,,13,cupy_copy__float32_float32
1901418440,87199,16383,1,1,1,32,32,1,30,0.000,0.000,,,,,NVIDIA A100-SXM4-40GB (0),1,,13,"void convert_kernel<__half2, float2>(tensor_layout_any, T1 *, tensor_layout_any, const T2 *)"
1901533287,4320,16386,,,,,,,,,,0.061,14222.193,Pinned,Device,NVIDIA A100-SXM4-40GB (0),1,,13,[CUDA memcpy Host-to-Device]
1901547431,3616,16387,,,,,,,,,,1.547,427715.774,Device,,NVIDIA A100-SXM4-40GB (0),1,,13,[CUDA memset]
1901553862,2848,16392,,,,,,,,,,0.021,7393.246,Pinned,Device,NVIDIA A100-SXM4-40GB (0),1,,13,[CUDA memcpy Host-to-Device]
1901559014,7424,16393,,,,,,,,,,0.131,17655.136,Pinned,Device,NVIDIA A100-SXM4-40GB (0),1,,13,[CUDA memcpy Host-to-Device]
1901572838,6592,16394,273,1,1,8,4,1,39,0.002,0.000,,,,,NVIDIA A100-SXM4-40GB (0),1,,13,"void channel_eq::eqMmseCoefCompLowMimoKernel<float, float, float, (unsigned int)4, (unsigned int)1, (unsigned int)4>(const channel_eq::_puschRxChEqStatDescr *, channel_eq::_puschRxChEqCoefCompDynDescr)"
1901580646,5824,16395,273,1,1,12,11,1,40,0.002,0.000,,,,,NVIDIA A100-SXM4-40GB (0),1,,13,"void channel_eq::eqMmseSoftDemapKernel<float, __half, __half, float, (unsigned int)4, (unsigned short)16383>(channel_eq::_puschRxChEqStatDescr *, channel_eq::_puschRxChEqSoftDemapDynDescr)"
1901587814,307804,16396,1,1,1,32,32,1,30,0.000,0.000,,,,,NVIDIA A100-SXM4-40GB (0),1,,13,"void convert_kernel<float2, __half2>(tensor_layout_any, T1 *, tensor_layout_any, const T2 *)"
1901896738,13504,16408,2253,1,1,128,1,1,16,0.000,0.000,,,,,NVIDIA A100-SXM4-40GB (0),1,,13,cupy_copy__float16_float16
1901911394,2816,16417,282,1,1,128,1,1,16,0.000,0.000,,,,,NVIDIA A100-SXM4-40GB (0),1,,13,cupy_copy__complex64_complex64
1901915522,2048,16426,26,1,1,128,1,1,16,0.000,0.000,,,,,NVIDIA A100-SXM4-40GB (0),1,,13,cupy_copy__float32_float32
1901918914,3072,16435,103,1,1,128,1,1,16,0.000,0.000,,,,,NVIDIA A100-SXM4-40GB (0),1,,13,cupy_copy__complex64_complex64
1901923298,15488,16445,1434,1,1,128,1,1,16,0.000,0.000,,,,,NVIDIA A100-SXM4-40GB (0),1,,13,cupy_copy__complex64_complex64
1901939970,86783,16450,1,1,1,32,32,1,30,0.000,0.000,,,,,NVIDIA A100-SXM4-40GB (0),1,,13,"void convert_kernel<__half2, float2>(tensor_layout_any, T1 *, tensor_layout_any, const T2 *)"
1902054209,4287,16453,,,,,,,,,,0.061,14331.679,Pinned,Device,NVIDIA A100-SXM4-40GB (0),1,,13,[CUDA memcpy Host-to-Device]
1902065216,587737,16454,,,,,,,,,,456.520,776541.336,Device,,NVIDIA A100-SXM4-40GB (0),1,,13,[CUDA memset]
1902661401,32928,16459,,,,,,,,,,0.825,25064.872,Pinned,Device,NVIDIA A100-SXM4-40GB (0),1,,13,[CUDA memcpy Host-to-Device]
1902696633,6912,16460,,,,,,,,,,0.131,18962.842,Pinned,Device,NVIDIA A100-SXM4-40GB (0),1,,13,[CUDA memcpy Host-to-Device]
1902714297,7552,16461,69,4,1,48,1,1,76,0.002,0.000,,,,,NVIDIA A100-SXM4-40GB (0),1,,13,"void ch_est::windowedChEstPreNoDftSOfdmKernel<float, __half, float, (unsigned int)2, (unsigned int)1, (unsigned short)4>(ch_est::puschRxChEstStatDescr_t *, ch_est::puschRxChEstDynDescr_t *)"
1902723161,7168,16462,137,2,1,24,2,1,44,0.001,0.001,,,,,NVIDIA A100-SXM4-40GB (0),1,,13,"void ch_est::chEstFilterNoDftSOfdmDispatchKernel<float, __half, float, (unsigned int)2>(ch_est::puschRxChEstStatDescr_t *, ch_est::puschRxChEstDynDescr_t *)"
1902731449,5151,16463,137,2,1,24,2,1,44,0.001,0.001,,,,,NVIDIA A100-SXM4-40GB (0),1,,13,"void ch_est::chEstFilterNoDftSOfdmDispatchKernel<float, __half, float, (unsigned int)2>(ch_est::puschRxChEstStatDescr_t *, ch_est::puschRxChEstDynDescr_t *)"
1902737752,2624,16474,103,1,1,128,1,1,16,0.000,0.000,,,,,NVIDIA A100-SXM4-40GB (0),1,,13,cupy_copy__complex64_complex64
1902741560,16576,16484,1434,1,1,128,1,1,16,0.000,0.000,,,,,NVIDIA A100-SXM4-40GB (0),1,,13,cupy_copy__complex64_complex64
1902759192,2528,16491,103,1,1,128,1,1,16,0.000,0.000,,,,,NVIDIA A100-SXM4-40GB (0),1,,13,cupy_copy__complex64_complex64
1902762776,86527,16498,1,1,1,32,32,1,30,0.000,0.000,,,,,NVIDIA A100-SXM4-40GB (0),1,,13,"void convert_kernel<__half2, float2>(tensor_layout_any, T1 *, tensor_layout_any, const T2 *)"
1902876791,4320,16501,,,,,,,,,,0.061,14222.193,Pinned,Device,NVIDIA A100-SXM4-40GB (0),1,,13,[CUDA memcpy Host-to-Device]
1902889303,46335,16502,,,,,,,,,,35.801,772620.518,Device,,NVIDIA A100-SXM4-40GB (0),1,,13,[CUDA memset]
1902941590,1984,16504,,,,,,,,,,0.000,40.323,Pinned,Device,NVIDIA A100-SXM4-40GB (0),1,,13,[CUDA memcpy Host-to-Device]
1902945878,6912,16505,,,,,,,,,,0.131,18962.842,Pinned,Device,NVIDIA A100-SXM4-40GB (0),1,,13,[CUDA memcpy Host-to-Device]
1902958070,9312,16506,273,1,1,48,1,1,40,0.000,0.001,,,,,NVIDIA A100-SXM4-40GB (0),1,,13,"void pusch_noise_intf_est::noiseIntfEstNoDftSOfdmKernel<float, __half, float, float, (unsigned int)2, (unsigned int)1, (unsigned char)4, (unsigned char)4>(pusch_noise_intf_est::puschRxNoiseIntfEstDynDescr)"
1902968470,2784,16517,35,1,1,128,1,1,16,0.000,0.000,,,,,NVIDIA A100-SXM4-40GB (0),1,,13,cupy_copy__complex64_complex64
1902994837,1728,16526,1,1,1,1,1,1,18,0.000,0.000,,,,,NVIDIA A100-SXM4-40GB (0),1,,13,cupy_copy__float32_float32
1903029397,1760,16532,,,,,,,,,,0.000,2.273,Device,Pageable,NVIDIA A100-SXM4-40GB (0),1,,7,[CUDA memcpy Device-to-Host]
1903087412,16576,16543,1434,1,1,128,1,1,16,0.000,0.000,,,,,NVIDIA A100-SXM4-40GB (0),1,,13,cupy_copy__complex64_complex64
1903113556,2784,16550,103,1,1,128,1,1,16,0.000,0.000,,,,,NVIDIA A100-SXM4-40GB (0),1,,13,cupy_copy__complex64_complex64
1903135060,2336,16557,35,1,1,128,1,1,16,0.000,0.000,,,,,NVIDIA A100-SXM4-40GB (0),1,,13,cupy_copy__complex64_complex64
1903153140,1696,16564,1,1,1,1,1,1,18,0.000,0.000,,,,,NVIDIA A100-SXM4-40GB (0),1,,13,cupy_copy__float32_float32
1903285842,86847,16575,1,1,1,32,32,1,30,0.000,0.000,,,,,NVIDIA A100-SXM4-40GB (0),1,,13,"void convert_kernel<__half2, float2>(tensor_layout_any, T1 *, tensor_layout_any, const T2 *)"
1903542351,4288,16578,,,,,,,,,,0.061,14328.300,Pinned,Device,NVIDIA A100-SXM4-40GB (0),1,,13,[CUDA memcpy Host-to-Device]
1903550671,3616,16579,,,,,,,,,,1.547,427715.774,Device,,NVIDIA A100-SXM4-40GB (0),1,,13,[CUDA memset]
1903560143,2848,16584,,,,,,,,,,0.021,7393.246,Pinned,Device,NVIDIA A100-SXM4-40GB (0),1,,13,[CUDA memcpy Host-to-Device]
1903565295,7040,16585,,,,,,,,,,0.131,18618.122,Pinned,Device,NVIDIA A100-SXM4-40GB (0),1,,13,[CUDA memcpy Host-to-Device]
1903577519,6527,16586,273,1,1,8,4,1,39,0.002,0.000,,,,,NVIDIA A100-SXM4-40GB (0),1,,13,"void channel_eq::eqMmseCoefCompLowMimoKernel<float, float, float, (unsigned int)4, (unsigned int)1, (unsigned int)4>(const channel_eq::_puschRxChEqStatDescr *, channel_eq::_puschRxChEqCoefCompDynDescr)"
1903585070,5632,16587,273,1,1,12,11,1,40,0.002,0.000,,,,,NVIDIA A100-SXM4-40GB (0),1,,13,"void channel_eq::eqMmseSoftDemapKernel<float, __half, __half, float, (unsigned int)4, (unsigned short)16383>(channel_eq::_puschRxChEqStatDescr *, channel_eq::_puschRxChEqSoftDemapDynDescr)"
1903591886,308381,16588,1,1,1,32,32,1,30,0.000,0.000,,,,,NVIDIA A100-SXM4-40GB (0),1,,13,"void convert_kernel<float2, __half2>(tensor_layout_any, T1 *, tensor_layout_any, const T2 *)"
1903901323,13600,16600,2253,1,1,128,1,1,16,0.000,0.000,,,,,NVIDIA A100-SXM4-40GB (0),1,,13,cupy_copy__float16_float16
1903916235,2847,16609,282,1,1,128,1,1,16,0.000,0.000,,,,,NVIDIA A100-SXM4-40GB (0),1,,13,cupy_copy__complex64_complex64
1903920394,2048,16618,26,1,1,128,1,1,16,0.000,0.000,,,,,NVIDIA A100-SXM4-40GB (0),1,,13,cupy_copy__float32_float32
1903923786,3072,16627,103,1,1,128,1,1,16,0.000,0.000,,,,,NVIDIA A100-SXM4-40GB (0),1,,13,cupy_copy__complex64_complex64
1903928170,15424,16637,1434,1,1,128,1,1,16,0.000,0.000,,,,,NVIDIA A100-SXM4-40GB (0),1,,13,cupy_copy__complex64_complex64
1904060009,87487,16642,1,1,1,32,32,1,30,0.000,0.000,,,,,NVIDIA A100-SXM4-40GB (0),1,,13,"void convert_kernel<__half2, float2>(tensor_layout_any, T1 *, tensor_layout_any, const T2 *)"
1904177895,4320,16645,,,,,,,,,,0.061,14222.193,Pinned,Device,NVIDIA A100-SXM4-40GB (0),1,,13,[CUDA memcpy Host-to-Device]
1904189991,587705,16646,,,,,,,,,,456.520,776541.336,Device,,NVIDIA A100-SXM4-40GB (0),1,,13,[CUDA memset]
1904779616,32832,16651,,,,,,,,,,0.825,25138.328,Pinned,Device,NVIDIA A100-SXM4-40GB (0),1,,13,[CUDA memcpy Host-to-Device]
1904814752,6912,16652,,,,,,,,,,0.131,18962.842,Pinned,Device,NVIDIA A100-SXM4-40GB (0),1,,13,[CUDA memcpy Host-to-Device]
1904831904,8032,16653,69,4,1,48,1,1,76,0.002,0.000,,,,,NVIDIA A100-SXM4-40GB (0),1,,13,"void ch_est::windowedChEstPreNoDftSOfdmKernel<float, __half, float, (unsigned int)2, (unsigned int)1, (unsigned short)4>(ch_est::puschRxChEstStatDescr_t *, ch_est::puschRxChEstDynDescr_t *)"
1904841088,6751,16654,137,2,1,24,2,1,44,0.001,0.001,,,,,NVIDIA A100-SXM4-40GB (0),1,,13,"void ch_est::chEstFilterNoDftSOfdmDispatchKernel<float, __half, float, (unsigned int)2>(ch_est::puschRxChEstStatDescr_t *, ch_est::puschRxChEstDynDescr_t *)"
1904849023,5184,16655,137,2,1,24,2,1,44,0.001,0.001,,,,,NVIDIA A100-SXM4-40GB (0),1,,13,"void ch_est::chEstFilterNoDftSOfdmDispatchKernel<float, __half, float, (unsigned int)2>(ch_est::puschRxChEstStatDescr_t *, ch_est::puschRxChEstDynDescr_t *)"
1904855327,2624,16666,103,1,1,128,1,1,16,0.000,0.000,,,,,NVIDIA A100-SXM4-40GB (0),1,,13,cupy_copy__complex64_complex64
1904859103,16352,16676,1434,1,1,128,1,1,16,0.000,0.000,,,,,NVIDIA A100-SXM4-40GB (0),1,,13,cupy_copy__complex64_complex64
1904876639,2496,16683,103,1,1,128,1,1,16,0.000,0.000,,,,,NVIDIA A100-SXM4-40GB (0),1,,13,cupy_copy__complex64_complex64
1904880351,86367,16690,1,1,1,32,32,1,30,0.000,0.000,,,,,NVIDIA A100-SXM4-40GB (0),1,,13,"void convert_kernel<__half2, float2>(tensor_layout_any, T1 *, tensor_layout_any, const T2 *)"
1905133148,4288,16693,,,,,,,,,,0.061,14328.300,Pinned,Device,NVIDIA A100-SXM4-40GB (0),1,,13,[CUDA memcpy Host-to-Device]
1905142172,47295,16694,,,,,,,,,,35.801,756939.697,Device,,NVIDIA A100-SXM4-40GB (0),1,,13,[CUDA memset]
1905197499,2016,16696,,,,,,,,,,0.000,39.682,Pinned,Device,NVIDIA A100-SXM4-40GB (0),1,,13,[CUDA memcpy Host-to-Device]
1905201819,6912,16697,,,,,,,,,,0.131,18962.842,Pinned,Device,NVIDIA A100-SXM4-40GB (0),1,,13,[CUDA memcpy Host-to-Device]
1905213851,9728,16698,273,1,1,48,1,1,40,0.000,0.001,,,,,NVIDIA A100-SXM4-40GB (0),1,,13,"void pusch_noise_intf_est::noiseIntfEstNoDftSOfdmKernel<float, __half, float, float, (unsigned int)2, (unsigned int)1, (unsigned char)4, (unsigned char)4>(pusch_noise_intf_est::puschRxNoiseIntfEstDynDescr)"
1905224635,2912,16709,35,1,1,128,1,1,16,0.000,0.000,,,,,NVIDIA A100-SXM4-40GB (0),1,,13,cupy_copy__complex64_complex64
1905234235,1760,16718,1,1,1,1,1,1,18,0.000,0.000,,,,,NVIDIA A100-SXM4-40GB (0),1,,13,cupy_copy__float32_float32
1905269659,1823,16724,,,,,,,,,,0.000,2.194,Device,Pageable,NVIDIA A100-SXM4-40GB (0),1,,7,[CUDA memcpy Device-to-Host]
1905328186,16384,16735,1434,1,1,128,1,1,16,0.000,0.000,,,,,NVIDIA A100-SXM4-40GB (0),1,,13,cupy_copy__complex64_complex64
1905354809,2816,16742,103,1,1,128,1,1,16,0.000,0.000,,,,,NVIDIA A100-SXM4-40GB (0),1,,13,cupy_copy__complex64_complex64
1905376089,2304,16749,35,1,1,128,1,1,16,0.000,0.000,,,,,NVIDIA A100-SXM4-40GB (0),1,,13,cupy_copy__complex64_complex64
1905394073,1664,16756,1,1,1,1,1,1,18,0.000,0.000,,,,,NVIDIA A100-SXM4-40GB (0),1,,13,cupy_copy__float32_float32
1905659158,86463,16767,1,1,1,32,32,1,30,0.000,0.000,,,,,NVIDIA A100-SXM4-40GB (0),1,,13,"void convert_kernel<__half2, float2>(tensor_layout_any, T1 *, tensor_layout_any, const T2 *)"
1905776629,4287,16770,,,,,,,,,,0.061,14331.679,Pinned,Device,NVIDIA A100-SXM4-40GB (0),1,,13,[CUDA memcpy Host-to-Device]
1905792020,3616,16771,,,,,,,,,,1.547,427715.774,Device,,NVIDIA A100-SXM4-40GB (0),1,,13,[CUDA memset]
1905798644,2816,16776,,,,,,,,,,0.021,7477.259,Pinned,Device,NVIDIA A100-SXM4-40GB (0),1,,13,[CUDA memcpy Host-to-Device]
1905804148,6912,16777,,,,,,,,,,0.131,18962.842,Pinned,Device,NVIDIA A100-SXM4-40GB (0),1,,13,[CUDA memcpy Host-to-Device]
1905818932,6592,16778,273,1,1,8,4,1,39,0.002,0.000,,,,,NVIDIA A100-SXM4-40GB (0),1,,13,"void channel_eq::eqMmseCoefCompLowMimoKernel<float, float, float, (unsigned int)4, (unsigned int)1, (unsigned int)4>(const channel_eq::_puschRxChEqStatDescr *, channel_eq::_puschRxChEqCoefCompDynDescr)"
1905826612,5728,16779,273,1,1,12,11,1,40,0.002,0.000,,,,,NVIDIA A100-SXM4-40GB (0),1,,13,"void channel_eq::eqMmseSoftDemapKernel<float, __half, __half, float, (unsigned int)4, (unsigned short)16383>(channel_eq::_puschRxChEqStatDescr *, channel_eq::_puschRxChEqSoftDemapDynDescr)"
1905833396,308220,16780,1,1,1,32,32,1,30,0.000,0.000,,,,,NVIDIA A100-SXM4-40GB (0),1,,13,"void convert_kernel<float2, __half2>(tensor_layout_any, T1 *, tensor_layout_any, const T2 *)"
1906142864,13472,16792,2253,1,1,128,1,1,16,0.000,0.000,,,,,NVIDIA A100-SXM4-40GB (0),1,,13,cupy_copy__float16_float16
1906157520,2880,16801,282,1,1,128,1,1,16,0.000,0.000,,,,,NVIDIA A100-SXM4-40GB (0),1,,13,cupy_copy__complex64_complex64
1906161552,2048,16810,26,1,1,128,1,1,16,0.000,0.000,,,,,NVIDIA A100-SXM4-40GB (0),1,,13,cupy_copy__float32_float32
1906164656,3040,16819,103,1,1,128,1,1,16,0.000,0.000,,,,,NVIDIA A100-SXM4-40GB (0),1,,13,cupy_copy__complex64_complex64
1906168720,15392,16829,1434,1,1,128,1,1,16,0.000,0.000,,,,,NVIDIA A100-SXM4-40GB (0),1,,13,cupy_copy__complex64_complex64
1906185296,87423,16834,1,1,1,32,32,1,30,0.000,0.000,,,,,NVIDIA A100-SXM4-40GB (0),1,,13,"void convert_kernel<__half2, float2>(tensor_layout_any, T1 *, tensor_layout_any, const T2 *)"
1906300302,4320,16837,,,,,,,,,,0.061,14222.193,Pinned,Device,NVIDIA A100-SXM4-40GB (0),1,,13,[CUDA memcpy Host-to-Device]
1906311278,588025,16838,,,,,,,,,,456.520,776084.816,Device,,NVIDIA A100-SXM4-40GB (0),1,,13,[CUDA memset]
1906907879,32832,16843,,,,,,,,,,0.825,25138.328,Pinned,Device,NVIDIA A100-SXM4-40GB (0),1,,13,[CUDA memcpy Host-to-Device]
1906943015,6880,16844,,,,,,,,,,0.131,19051.053,Pinned,Device,NVIDIA A100-SXM4-40GB (0),1,,13,[CUDA memcpy Host-to-Device]
1906956455,7775,16845,69,4,1,48,1,1,76,0.002,0.000,,,,,NVIDIA A100-SXM4-40GB (0),1,,13,"void ch_est::windowedChEstPreNoDftSOfdmKernel<float, __half, float, (unsigned int)2, (unsigned int)1, (unsigned short)4>(ch_est::puschRxChEstStatDescr_t *, ch_est::puschRxChEstDynDescr_t *)"
1906965382,7072,16846,137,2,1,24,2,1,44,0.001,0.001,,,,,NVIDIA A100-SXM4-40GB (0),1,,13,"void ch_est::chEstFilterNoDftSOfdmDispatchKernel<float, __half, float, (unsigned int)2>(ch_est::puschRxChEstStatDescr_t *, ch_est::puschRxChEstDynDescr_t *)"
1906973798,5152,16847,137,2,1,24,2,1,44,0.001,0.001,,,,,NVIDIA A100-SXM4-40GB (0),1,,13,"void ch_est::chEstFilterNoDftSOfdmDispatchKernel<float, __half, float, (unsigned int)2>(ch_est::puschRxChEstStatDescr_t *, ch_est::puschRxChEstDynDescr_t *)"
1906980262,2656,16858,103,1,1,128,1,1,16,0.000,0.000,,,,,NVIDIA A100-SXM4-40GB (0),1,,13,cupy_copy__complex64_complex64
1906984070,16448,16868,1434,1,1,128,1,1,16,0.000,0.000,,,,,NVIDIA A100-SXM4-40GB (0),1,,13,cupy_copy__complex64_complex64
1907001574,2528,16875,103,1,1,128,1,1,16,0.000,0.000,,,,,NVIDIA A100-SXM4-40GB (0),1,,13,cupy_copy__complex64_complex64
1907005158,86719,16882,1,1,1,32,32,1,30,0.000,0.000,,,,,NVIDIA A100-SXM4-40GB (0),1,,13,"void convert_kernel<__half2, float2>(tensor_layout_any, T1 *, tensor_layout_any, const T2 *)"
1907119781,4320,16885,,,,,,,,,,0.061,14222.193,Pinned,Device,NVIDIA A100-SXM4-40GB (0),1,,13,[CUDA memcpy Host-to-Device]
1907131716,46880,16886,,,,,,,,,,35.801,763670.278,Device,,NVIDIA A100-SXM4-40GB (0),1,,13,[CUDA memset]
1907182596,2016,16888,,,,,,,,,,0.000,39.682,Pinned,Device,NVIDIA A100-SXM4-40GB (0),1,,13,[CUDA memcpy Host-to-Device]
1907186916,7136,16889,,,,,,,,,,0.131,18367.644,Pinned,Device,NVIDIA A100-SXM4-40GB (0),1,,13,[CUDA memcpy Host-to-Device]
1907198116,9248,16890,273,1,1,48,1,1,40,0.000,0.001,,,,,NVIDIA A100-SXM4-40GB (0),1,,13,"void pusch_noise_intf_est::noiseIntfEstNoDftSOfdmKernel<float, __half, float, float, (unsigned int)2, (unsigned int)1, (unsigned char)4, (unsigned char)4>(pusch_noise_intf_est::puschRxNoiseIntfEstDynDescr)"
1907208580,2784,16901,35,1,1,128,1,1,16,0.000,0.000,,,,,NVIDIA A100-SXM4-40GB (0),1,,13,cupy_copy__complex64_complex64
1907238403,1760,16910,1,1,1,1,1,1,18,0.000,0.000,,,,,NVIDIA A100-SXM4-40GB (0),1,,13,cupy_copy__float32_float32
1907272931,1824,16916,,,,,,,,,,0.000,2.193,Device,Pageable,NVIDIA A100-SXM4-40GB (0),1,,7,[CUDA memcpy Device-to-Host]
1907331042,16448,16927,1434,1,1,128,1,1,16,0.000,0.000,,,,,NVIDIA A100-SXM4-40GB (0),1,,13,cupy_copy__complex64_complex64
1907357666,2784,16934,103,1,1,128,1,1,16,0.000,0.000,,,,,NVIDIA A100-SXM4-40GB (0),1,,13,cupy_copy__complex64_complex64
1907379106,2336,16941,35,1,1,128,1,1,16,0.000,0.000,,,,,NVIDIA A100-SXM4-40GB (0),1,,13,cupy_copy__complex64_complex64
1907395969,1696,16948,1,1,1,1,1,1,18,0.000,0.000,,,,,NVIDIA A100-SXM4-40GB (0),1,,13,cupy_copy__float32_float32
1907527904,86303,16959,1,1,1,32,32,1,30,0.000,0.000,,,,,NVIDIA A100-SXM4-40GB (0),1,,13,"void convert_kernel<__half2, float2>(tensor_layout_any, T1 *, tensor_layout_any, const T2 *)"
1907641950,4320,16962,,,,,,,,,,0.061,14222.193,Pinned,Device,NVIDIA A100-SXM4-40GB (0),1,,13,[CUDA memcpy Host-to-Device]
1907655838,3584,16963,,,,,,,,,,1.547,431534.389,Device,,NVIDIA A100-SXM4-40GB (0),1,,13,[CUDA memset]
1907667998,3008,16968,,,,,,,,,,0.021,6999.983,Pinned,Device,NVIDIA A100-SXM4-40GB (0),1,,13,[CUDA memcpy Host-to-Device]
1907678622,7040,16969,,,,,,,,,,0.131,18618.122,Pinned,Device,NVIDIA A100-SXM4-40GB (0),1,,13,[CUDA memcpy Host-to-Device]
1907692702,6496,16970,273,1,1,8,4,1,39,0.002,0.000,,,,,NVIDIA A100-SXM4-40GB (0),1,,13,"void channel_eq::eqMmseCoefCompLowMimoKernel<float, float, float, (unsigned int)4, (unsigned int)1, (unsigned int)4>(const channel_eq::_puschRxChEqStatDescr *, channel_eq::_puschRxChEqCoefCompDynDescr)"
1907700254,5696,16971,273,1,1,12,11,1,40,0.002,0.000,,,,,NVIDIA A100-SXM4-40GB (0),1,,13,"void channel_eq::eqMmseSoftDemapKernel<float, __half, __half, float, (unsigned int)4, (unsigned short)16383>(channel_eq::_puschRxChEqStatDescr *, channel_eq::_puschRxChEqSoftDemapDynDescr)"
1907707262,307324,16972,1,1,1,32,32,1,30,0.000,0.000,,,,,NVIDIA A100-SXM4-40GB (0),1,,13,"void convert_kernel<float2, __half2>(tensor_layout_any, T1 *, tensor_layout_any, const T2 *)"
1908015610,13920,16984,2253,1,1,128,1,1,16,0.000,0.000,,,,,NVIDIA A100-SXM4-40GB (0),1,,13,cupy_copy__float16_float16
1908030842,2816,16993,282,1,1,128,1,1,16,0.000,0.000,,,,,NVIDIA A100-SXM4-40GB (0),1,,13,cupy_copy__complex64_complex64
1908035002,2016,17002,26,1,1,128,1,1,16,0.000,0.000,,,,,NVIDIA A100-SXM4-40GB (0),1,,13,cupy_copy__float32_float32
1908038074,3040,17011,103,1,1,128,1,1,16,0.000,0.000,,,,,NVIDIA A100-SXM4-40GB (0),1,,13,cupy_copy__complex64_complex64
1908042458,15520,17021,1434,1,1,128,1,1,16,0.000,0.000,,,,,NVIDIA A100-SXM4-40GB (0),1,,13,cupy_copy__complex64_complex64
1908059097,87167,17026,1,1,1,32,32,1,30,0.000,0.000,,,,,NVIDIA A100-SXM4-40GB (0),1,,13,"void convert_kernel<__half2, float2>(tensor_layout_any, T1 *, tensor_layout_any, const T2 *)"
1908174232,4576,17029,,,,,,,,,,0.061,13426.545,Pinned,Device,NVIDIA A100-SXM4-40GB (0),1,,13,[CUDA memcpy Host-to-Device]
1908184248,588153,17030,,,,,,,,,,456.520,776084.816,Device,,NVIDIA A100-SXM4-40GB (0),1,,13,[CUDA memset]
1908773521,32832,17035,,,,,,,,,,0.825,25138.328,Pinned,Device,NVIDIA A100-SXM4-40GB (0),1,,13,[CUDA memcpy Host-to-Device]
1908808657,6944,17036,,,,,,,,,,0.131,18875.548,Pinned,Device,NVIDIA A100-SXM4-40GB (0),1,,13,[CUDA memcpy Host-to-Device]
1908819281,7999,17037,69,4,1,48,1,1,76,0.002,0.000,,,,,NVIDIA A100-SXM4-40GB (0),1,,13,"void ch_est::windowedChEstPreNoDftSOfdmKernel<float, __half, float, (unsigned int)2, (unsigned int)1, (unsigned short)4>(ch_est::puschRxChEstStatDescr_t *, ch_est::puschRxChEstDynDescr_t *)"
1908828464,6944,17038,137,2,1,24,2,1,44,0.001,0.001,,,,,NVIDIA A100-SXM4-40GB (0),1,,13,"void ch_est::chEstFilterNoDftSOfdmDispatchKernel<float, __half, float, (unsigned int)2>(ch_est::puschRxChEstStatDescr_t *, ch_est::puschRxChEstDynDescr_t *)"
1908836592,5184,17039,137,2,1,24,2,1,44,0.001,0.001,,,,,NVIDIA A100-SXM4-40GB (0),1,,13,"void ch_est::chEstFilterNoDftSOfdmDispatchKernel<float, __half, float, (unsigned int)2>(ch_est::puschRxChEstStatDescr_t *, ch_est::puschRxChEstDynDescr_t *)"
1908842896,2624,17050,103,1,1,128,1,1,16,0.000,0.000,,,,,NVIDIA A100-SXM4-40GB (0),1,,13,cupy_copy__complex64_complex64
1908846576,16480,17060,1434,1,1,128,1,1,16,0.000,0.000,,,,,NVIDIA A100-SXM4-40GB (0),1,,13,cupy_copy__complex64_complex64
1908864112,2528,17067,103,1,1,128,1,1,16,0.000,0.000,,,,,NVIDIA A100-SXM4-40GB (0),1,,13,cupy_copy__complex64_complex64
1908867632,86015,17074,1,1,1,32,32,1,30,0.000,0.000,,,,,NVIDIA A100-SXM4-40GB (0),1,,13,"void convert_kernel<__half2, float2>(tensor_layout_any, T1 *, tensor_layout_any, const T2 *)"
1909123757,4288,17077,,,,,,,,,,0.061,14328.300,Pinned,Device,NVIDIA A100-SXM4-40GB (0),1,,13,[CUDA memcpy Host-to-Device]
1909137773,46847,17078,,,,,,,,,,35.801,764207.292,Device,,NVIDIA A100-SXM4-40GB (0),1,,13,[CUDA memset]
1909187564,2016,17080,,,,,,,,,,0.000,39.682,Pinned,Device,NVIDIA A100-SXM4-40GB (0),1,,13,[CUDA memcpy Host-to-Device]
1909191884,6944,17081,,,,,,,,,,0.131,18875.548,Pinned,Device,NVIDIA A100-SXM4-40GB (0),1,,13,[CUDA memcpy Host-to-Device]
1909204300,9696,17082,273,1,1,48,1,1,40,0.000,0.001,,,,,NVIDIA A100-SXM4-40GB (0),1,,13,"void pusch_noise_intf_est::noiseIntfEstNoDftSOfdmKernel<float, __half, float, float, (unsigned int)2, (unsigned int)1, (unsigned char)4, (unsigned char)4>(pusch_noise_intf_est::puschRxNoiseIntfEstDynDescr)"
1909215084,3040,17093,35,1,1,128,1,1,16,0.000,0.000,,,,,NVIDIA A100-SXM4-40GB (0),1,,13,cupy_copy__complex64_complex64
1909224204,1728,17102,1,1,1,1,1,1,18,0.000,0.000,,,,,NVIDIA A100-SXM4-40GB (0),1,,13,cupy_copy__float32_float32
1909258891,1824,17108,,,,,,,,,,0.000,2.193,Device,Pageable,NVIDIA A100-SXM4-40GB (0),1,,7,[CUDA memcpy Device-to-Host]
1909317291,16447,17119,1434,1,1,128,1,1,16,0.000,0.000,,,,,NVIDIA A100-SXM4-40GB (0),1,,13,cupy_copy__complex64_complex64
1909344554,2848,17126,103,1,1,128,1,1,16,0.000,0.000,,,,,NVIDIA A100-SXM4-40GB (0),1,,13,cupy_copy__complex64_complex64
1909365578,2304,17133,35,1,1,128,1,1,16,0.000,0.000,,,,,NVIDIA A100-SXM4-40GB (0),1,,13,cupy_copy__complex64_complex64
1909383882,1696,17140,1,1,1,1,1,1,18,0.000,0.000,,,,,NVIDIA A100-SXM4-40GB (0),1,,13,cupy_copy__float32_float32
1909648359,86559,17151,1,1,1,32,32,1,30,0.000,0.000,,,,,NVIDIA A100-SXM4-40GB (0),1,,13,"void convert_kernel<__half2, float2>(tensor_layout_any, T1 *, tensor_layout_any, const T2 *)"
1909768517,4320,17154,,,,,,,,,,0.061,14222.193,Pinned,Device,NVIDIA A100-SXM4-40GB (0),1,,13,[CUDA memcpy Host-to-Device]
1909784197,3648,17155,,,,,,,,,,1.547,423963.664,Device,,NVIDIA A100-SXM4-40GB (0),1,,13,[CUDA memset]
1909791141,3168,17160,,,,,,,,,,0.021,6646.453,Pinned,Device,NVIDIA A100-SXM4-40GB (0),1,,13,[CUDA memcpy Host-to-Device]
1909796613,6976,17161,,,,,,,,,,0.131,18788.909,Pinned,Device,NVIDIA A100-SXM4-40GB (0),1,,13,[CUDA memcpy Host-to-Device]
1909808709,6624,17162,273,1,1,8,4,1,39,0.002,0.000,,,,,NVIDIA A100-SXM4-40GB (0),1,,13,"void channel_eq::eqMmseCoefCompLowMimoKernel<float, float, float, (unsigned int)4, (unsigned int)1, (unsigned int)4>(const channel_eq::_puschRxChEqStatDescr *, channel_eq::_puschRxChEqCoefCompDynDescr)"
1909816549,5824,17163,273,1,1,12,11,1,40,0.002,0.000,,,,,NVIDIA A100-SXM4-40GB (0),1,,13,"void channel_eq::eqMmseSoftDemapKernel<float, __half, __half, float, (unsigned int)4, (unsigned short)16383>(channel_eq::_puschRxChEqStatDescr *, channel_eq::_puschRxChEqSoftDemapDynDescr)"
1909823557,307356,17164,1,1,1,32,32,1,30,0.000,0.000,,,,,NVIDIA A100-SXM4-40GB (0),1,,13,"void convert_kernel<float2, __half2>(tensor_layout_any, T1 *, tensor_layout_any, const T2 *)"
1910132161,13632,17176,2253,1,1,128,1,1,16,0.000,0.000,,,,,NVIDIA A100-SXM4-40GB (0),1,,13,cupy_copy__float16_float16
1910147105,2944,17185,282,1,1,128,1,1,16,0.000,0.000,,,,,NVIDIA A100-SXM4-40GB (0),1,,13,cupy_copy__complex64_complex64
1910151169,2048,17194,26,1,1,128,1,1,16,0.000,0.000,,,,,NVIDIA A100-SXM4-40GB (0),1,,13,cupy_copy__float32_float32
1910154241,3040,17203,103,1,1,128,1,1,16,0.000,0.000,,,,,NVIDIA A100-SXM4-40GB (0),1,,13,cupy_copy__complex64_complex64
1910158305,15391,17213,1434,1,1,128,1,1,16,0.000,0.000,,,,,NVIDIA A100-SXM4-40GB (0),1,,13,cupy_copy__complex64_complex64
1910174816,86783,17218,1,1,1,32,32,1,30,0.000,0.000,,,,,NVIDIA A100-SXM4-40GB (0),1,,13,"void convert_kernel<__half2, float2>(tensor_layout_any, T1 *, tensor_layout_any, const T2 *)"
1910428509,4288,17221,,,,,,,,,,0.061,14328.300,Pinned,Device,NVIDIA A100-SXM4-40GB (0),1,,13,[CUDA memcpy Host-to-Device]
1910438877,587961,17222,,,,,,,,,,456.520,776084.816,Device,,NVIDIA A100-SXM4-40GB (0),1,,13,[CUDA memset]
1911030070,32800,17227,,,,,,,,,,0.825,25162.263,Pinned,Device,NVIDIA A100-SXM4-40GB (0),1,,13,[CUDA memcpy Host-to-Device]
1911065206,6912,17228,,,,,,,,,,0.131,18962.842,Pinned,Device,NVIDIA A100-SXM4-40GB (0),1,,13,[CUDA memcpy Host-to-Device]
1911078230,8320,17229,69,4,1,48,1,1,76,0.002,0.000,,,,,NVIDIA A100-SXM4-40GB (0),1,,13,"void ch_est::windowedChEstPreNoDftSOfdmKernel<float, __half, float, (unsigned int)2, (unsigned int)1, (unsigned short)4>(ch_est::puschRxChEstStatDescr_t *, ch_est::puschRxChEstDynDescr_t *)"
1911087670,7200,17230,137,2,1,24,2,1,44,0.001,0.001,,,,,NVIDIA A100-SXM4-40GB (0),1,,13,"void ch_est::chEstFilterNoDftSOfdmDispatchKernel<float, __half, float, (unsigned int)2>(ch_est::puschRxChEstStatDescr_t *, ch_est::puschRxChEstDynDescr_t *)"
1911095926,5216,17231,137,2,1,24,2,1,44,0.001,0.001,,,,,NVIDIA A100-SXM4-40GB (0),1,,13,"void ch_est::chEstFilterNoDftSOfdmDispatchKernel<float, __half, float, (unsigned int)2>(ch_est::puschRxChEstStatDescr_t *, ch_est::puschRxChEstDynDescr_t *)"
1911102229,2624,17242,103,1,1,128,1,1,16,0.000,0.000,,,,,NVIDIA A100-SXM4-40GB (0),1,,13,cupy_copy__complex64_complex64
1911106037,16544,17252,1434,1,1,128,1,1,16,0.000,0.000,,,,,NVIDIA A100-SXM4-40GB (0),1,,13,cupy_copy__complex64_complex64
1911123669,2528,17259,103,1,1,128,1,1,16,0.000,0.000,,,,,NVIDIA A100-SXM4-40GB (0),1,,13,cupy_copy__complex64_complex64
1911127541,86943,17266,1,1,1,32,32,1,30,0.000,0.000,,,,,NVIDIA A100-SXM4-40GB (0),1,,13,"void convert_kernel<__half2, float2>(tensor_layout_any, T1 *, tensor_layout_any, const T2 *)"
1911245268,4608,17269,,,,,,,,,,0.061,13333.279,Pinned,Device,NVIDIA A100-SXM4-40GB (0),1,,13,[CUDA memcpy Host-to-Device]
1911258324,46815,17270,,,,,,,,,,35.801,764708.506,Device,,NVIDIA A100-SXM4-40GB (0),1,,13,[CUDA memset]
1911310611,2080,17272,,,,,,,,,,0.000,38.462,Pinned,Device,NVIDIA A100-SXM4-40GB (0),1,,13,[CUDA memcpy Host-to-Device]
1911315027,7008,17273,,,,,,,,,,0.131,18703.188,Pinned,Device,NVIDIA A100-SXM4-40GB (0),1,,13,[CUDA memcpy Host-to-Device]
1911326035,9344,17274,273,1,1,48,1,1,40,0.000,0.001,,,,,NVIDIA A100-SXM4-40GB (0),1,,13,"void pusch_noise_intf_est::noiseIntfEstNoDftSOfdmKernel<float, __half, float, float, (unsigned int)2, (unsigned int)1, (unsigned char)4, (unsigned char)4>(pusch_noise_intf_est::puschRxNoiseIntfEstDynDescr)"
1911336563,2912,17285,35,1,1,128,1,1,16,0.000,0.000,,,,,NVIDIA A100-SXM4-40GB (0),1,,13,cupy_copy__complex64_complex64
1911371666,1760,17294,1,1,1,1,1,1,18,0.000,0.000,,,,,NVIDIA A100-SXM4-40GB (0),1,,13,cupy_copy__float32_float32
1911407506,2048,17300,,,,,,,,,,0.000,1.953,Device,Pageable,NVIDIA A100-SXM4-40GB (0),1,,7,[CUDA memcpy Device-to-Host]
1911466353,16384,17311,1434,1,1,128,1,1,16,0.000,0.000,,,,,NVIDIA A100-SXM4-40GB (0),1,,13,cupy_copy__complex64_complex64
1911493681,2784,17318,103,1,1,128,1,1,16,0.000,0.000,,,,,NVIDIA A100-SXM4-40GB (0),1,,13,cupy_copy__complex64_complex64
1911514705,2336,17325,35,1,1,128,1,1,16,0.000,0.000,,,,,NVIDIA A100-SXM4-40GB (0),1,,13,cupy_copy__complex64_complex64
1911533552,1696,17332,1,1,1,1,1,1,18,0.000,0.000,,,,,NVIDIA A100-SXM4-40GB (0),1,,13,cupy_copy__float32_float32
1911667375,86559,17343,1,1,1,32,32,1,30,0.000,0.000,,,,,NVIDIA A100-SXM4-40GB (0),1,,13,"void convert_kernel<__half2, float2>(tensor_layout_any, T1 *, tensor_layout_any, const T2 *)"
1911782829,4288,17346,,,,,,,,,,0.061,14328.300,Pinned,Device,NVIDIA A100-SXM4-40GB (0),1,,13,[CUDA memcpy Host-to-Device]
1911798125,3584,17347,,,,,,,,,,1.547,431534.389,Device,,NVIDIA A100-SXM4-40GB (0),1,,13,[CUDA memset]
1911804525,3136,17352,,,,,,,,,,0.021,6714.274,Pinned,Device,NVIDIA A100-SXM4-40GB (0),1,,13,[CUDA memcpy Host-to-Device]
1911809965,7168,17353,,,,,,,,,,0.131,18285.593,Pinned,Device,NVIDIA A100-SXM4-40GB (0),1,,13,[CUDA memcpy Host-to-Device]
1911822157,6560,17354,273,1,1,8,4,1,39,0.002,0.000,,,,,NVIDIA A100-SXM4-40GB (0),1,,13,"void channel_eq::eqMmseCoefCompLowMimoKernel<float, float, float, (unsigned int)4, (unsigned int)1, (unsigned int)4>(const channel_eq::_puschRxChEqStatDescr *, channel_eq::_puschRxChEqCoefCompDynDescr)"
1911830029,5632,17355,273,1,1,12,11,1,40,0.002,0.000,,,,,NVIDIA A100-SXM4-40GB (0),1,,13,"void channel_eq::eqMmseSoftDemapKernel<float, __half, __half, float, (unsigned int)4, (unsigned short)16383>(channel_eq::_puschRxChEqStatDescr *, channel_eq::_puschRxChEqSoftDemapDynDescr)"
1911836845,306716,17356,1,1,1,32,32,1,30,0.000,0.000,,,,,NVIDIA A100-SXM4-40GB (0),1,,13,"void convert_kernel<float2, __half2>(tensor_layout_any, T1 *, tensor_layout_any, const T2 *)"
1912144777,13632,17368,2253,1,1,128,1,1,16,0.000,0.000,,,,,NVIDIA A100-SXM4-40GB (0),1,,13,cupy_copy__float16_float16
1912159721,2816,17377,282,1,1,128,1,1,16,0.000,0.000,,,,,NVIDIA A100-SXM4-40GB (0),1,,13,cupy_copy__complex64_complex64
1912163849,2048,17386,26,1,1,128,1,1,16,0.000,0.000,,,,,NVIDIA A100-SXM4-40GB (0),1,,13,cupy_copy__float32_float32
1912166953,3072,17395,103,1,1,128,1,1,16,0.000,0.000,,,,,NVIDIA A100-SXM4-40GB (0),1,,13,cupy_copy__complex64_complex64
1912171337,15264,17405,1434,1,1,128,1,1,16,0.000,0.000,,,,,NVIDIA A100-SXM4-40GB (0),1,,13,cupy_copy__complex64_complex64
1912187721,86367,17410,1,1,1,32,32,1,30,0.000,0.000,,,,,NVIDIA A100-SXM4-40GB (0),1,,13,"void convert_kernel<__half2, float2>(tensor_layout_any, T1 *, tensor_layout_any, const T2 *)"
1912300871,4288,17413,,,,,,,,,,0.061,14328.300,Pinned,Device,NVIDIA A100-SXM4-40GB (0),1,,13,[CUDA memcpy Host-to-Device]
1912311975,587865,17414,,,,,,,,,,456.520,776541.336,Device,,NVIDIA A100-SXM4-40GB (0),1,,13,[CUDA memset]
1912901248,32800,17419,,,,,,,,,,0.825,25162.263,Pinned,Device,NVIDIA A100-SXM4-40GB (0),1,,13,[CUDA memcpy Host-to-Device]
1912936352,6944,17420,,,,,,,,,,0.131,18875.548,Pinned,Device,NVIDIA A100-SXM4-40GB (0),1,,13,[CUDA memcpy Host-to-Device]
1912948000,7872,17421,69,4,1,48,1,1,76,0.002,0.000,,,,,NVIDIA A100-SXM4-40GB (0),1,,13,"void ch_est::windowedChEstPreNoDftSOfdmKernel<float, __half, float, (unsigned int)2, (unsigned int)1, (unsigned short)4>(ch_est::puschRxChEstStatDescr_t *, ch_est::puschRxChEstDynDescr_t *)"
1912956992,6815,17422,137,2,1,24,2,1,44,0.001,0.001,,,,,NVIDIA A100-SXM4-40GB (0),1,,13,"void ch_est::chEstFilterNoDftSOfdmDispatchKernel<float, __half, float, (unsigned int)2>(ch_est::puschRxChEstStatDescr_t *, ch_est::puschRxChEstDynDescr_t *)"
1912964895,5152,17423,137,2,1,24,2,1,44,0.001,0.001,,,,,NVIDIA A100-SXM4-40GB (0),1,,13,"void ch_est::chEstFilterNoDftSOfdmDispatchKernel<float, __half, float, (unsigned int)2>(ch_est::puschRxChEstStatDescr_t *, ch_est::puschRxChEstDynDescr_t *)"
1912971199,2592,17434,103,1,1,128,1,1,16,0.000,0.000,,,,,NVIDIA A100-SXM4-40GB (0),1,,13,cupy_copy__complex64_complex64
1912974975,16672,17444,1434,1,1,128,1,1,16,0.000,0.000,,,,,NVIDIA A100-SXM4-40GB (0),1,,13,cupy_copy__complex64_complex64
1912992799,2528,17451,103,1,1,128,1,1,16,0.000,0.000,,,,,NVIDIA A100-SXM4-40GB (0),1,,13,cupy_copy__complex64_complex64
1912996479,87103,17458,1,1,1,32,32,1,30,0.000,0.000,,,,,NVIDIA A100-SXM4-40GB (0),1,,13,"void convert_kernel<__half2, float2>(tensor_layout_any, T1 *, tensor_layout_any, const T2 *)"
1913111902,4320,17461,,,,,,,,,,0.061,14222.193,Pinned,Device,NVIDIA A100-SXM4-40GB (0),1,,13,[CUDA memcpy Host-to-Device]
1913124414,46943,17462,,,,,,,,,,35.801,762632.050,Device,,NVIDIA A100-SXM4-40GB (0),1,,13,[CUDA memset]
1913175293,2016,17464,,,,,,,,,,0.000,39.682,Pinned,Device,NVIDIA A100-SXM4-40GB (0),1,,13,[CUDA memcpy Host-to-Device]
1913179613,6912,17465,,,,,,,,,,0.131,18962.842,Pinned,Device,NVIDIA A100-SXM4-40GB (0),1,,13,[CUDA memcpy Host-to-Device]
1913192829,9216,17466,273,1,1,48,1,1,40,0.000,0.001,,,,,NVIDIA A100-SXM4-40GB (0),1,,13,"void pusch_noise_intf_est::noiseIntfEstNoDftSOfdmKernel<float, __half, float, float, (unsigned int)2, (unsigned int)1, (unsigned char)4, (unsigned char)4>(pusch_noise_intf_est::puschRxNoiseIntfEstDynDescr)"
1913203165,2912,17477,35,1,1,128,1,1,16,0.000,0.000,,,,,NVIDIA A100-SXM4-40GB (0),1,,13,cupy_copy__complex64_complex64
1913229724,1728,17486,1,1,1,1,1,1,18,0.000,0.000,,,,,NVIDIA A100-SXM4-40GB (0),1,,13,cupy_copy__float32_float32
1913263356,1760,17492,,,,,,,,,,0.000,2.273,Device,Pageable,NVIDIA A100-SXM4-40GB (0),1,,7,[CUDA memcpy Device-to-Host]
1913321915,16512,17503,1434,1,1,128,1,1,16,0.000,0.000,,,,,NVIDIA A100-SXM4-40GB (0),1,,13,cupy_copy__complex64_complex64
1913348955,2848,17510,103,1,1,128,1,1,16,0.000,0.000,,,,,NVIDIA A100-SXM4-40GB (0),1,,13,cupy_copy__complex64_complex64
1913368379,2272,17517,35,1,1,128,1,1,16,0.000,0.000,,,,,NVIDIA A100-SXM4-40GB (0),1,,13,cupy_copy__complex64_complex64
1913386106,1664,17524,1,1,1,1,1,1,18,0.000,0.000,,,,,NVIDIA A100-SXM4-40GB (0),1,,13,cupy_copy__float32_float32
1913521945,87583,17535,1,1,1,32,32,1,30,0.000,0.000,,,,,NVIDIA A100-SXM4-40GB (0),1,,13,"void convert_kernel<__half2, float2>(tensor_layout_any, T1 *, tensor_layout_any, const T2 *)"
1913637463,4512,17538,,,,,,,,,,0.061,13617.009,Pinned,Device,NVIDIA A100-SXM4-40GB (0),1,,13,[CUDA memcpy Host-to-Device]
1913652215,3616,17539,,,,,,,,,,1.547,427715.774,Device,,NVIDIA A100-SXM4-40GB (0),1,,13,[CUDA memset]
1913658519,3136,17544,,,,,,,,,,0.021,6714.274,Pinned,Device,NVIDIA A100-SXM4-40GB (0),1,,13,[CUDA memcpy Host-to-Device]
1913663959,7168,17545,,,,,,,,,,0.131,18285.593,Pinned,Device,NVIDIA A100-SXM4-40GB (0),1,,13,[CUDA memcpy Host-to-Device]
1913675703,6560,17546,273,1,1,8,4,1,39,0.002,0.000,,,,,NVIDIA A100-SXM4-40GB (0),1,,13,"void channel_eq::eqMmseCoefCompLowMimoKernel<float, float, float, (unsigned int)4, (unsigned int)1, (unsigned int)4>(const channel_eq::_puschRxChEqStatDescr *, channel_eq::_puschRxChEqCoefCompDynDescr)"
1913683383,5696,17547,273,1,1,12,11,1,40,0.002,0.000,,,,,NVIDIA A100-SXM4-40GB (0),1,,13,"void channel_eq::eqMmseSoftDemapKernel<float, __half, __half, float, (unsigned int)4, (unsigned short)16383>(channel_eq::_puschRxChEqStatDescr *, channel_eq::_puschRxChEqSoftDemapDynDescr)"
1913690199,307484,17548,1,1,1,32,32,1,30,0.000,0.000,,,,,NVIDIA A100-SXM4-40GB (0),1,,13,"void convert_kernel<float2, __half2>(tensor_layout_any, T1 *, tensor_layout_any, const T2 *)"
1913998771,13632,17560,2253,1,1,128,1,1,16,0.000,0.000,,,,,NVIDIA A100-SXM4-40GB (0),1,,13,cupy_copy__float16_float16
1914013715,2816,17569,282,1,1,128,1,1,16,0.000,0.000,,,,,NVIDIA A100-SXM4-40GB (0),1,,13,cupy_copy__complex64_complex64
1914017843,2048,17578,26,1,1,128,1,1,16,0.000,0.000,,,,,NVIDIA A100-SXM4-40GB (0),1,,13,cupy_copy__float32_float32
1914021235,3040,17587,103,1,1,128,1,1,16,0.000,0.000,,,,,NVIDIA A100-SXM4-40GB (0),1,,13,cupy_copy__complex64_complex64
1914078450,15488,17603,1434,1,1,128,1,1,16,0.000,0.000,,,,,NVIDIA A100-SXM4-40GB (0),1,,13,cupy_copy__complex64_complex64
1914193713,86751,17608,1,1,1,32,32,1,30,0.000,0.000,,,,,NVIDIA A100-SXM4-40GB (0),1,,13,"void convert_kernel<__half2, float2>(tensor_layout_any, T1 *, tensor_layout_any, const T2 *)"
1914450478,4320,17611,,,,,,,,,,0.061,14222.193,Pinned,Device,NVIDIA A100-SXM4-40GB (0),1,,13,[CUDA memcpy Host-to-Device]
1914459182,588185,17612,,,,,,,,,,456.520,776084.816,Device,,NVIDIA A100-SXM4-40GB (0),1,,13,[CUDA memset]
1915051271,32831,17617,,,,,,,,,,0.825,25139.153,Pinned,Device,NVIDIA A100-SXM4-40GB (0),1,,13,[CUDA memcpy Host-to-Device]
1915086406,7072,17618,,,,,,,,,,0.131,18533.843,Pinned,Device,NVIDIA A100-SXM4-40GB (0),1,,13,[CUDA memcpy Host-to-Device]
1915098406,7904,17619,69,4,1,48,1,1,76,0.002,0.000,,,,,NVIDIA A100-SXM4-40GB (0),1,,13,"void ch_est::windowedChEstPreNoDftSOfdmKernel<float, __half, float, (unsigned int)2, (unsigned int)1, (unsigned short)4>(ch_est::puschRxChEstStatDescr_t *, ch_est::puschRxChEstDynDescr_t *)"
1915107398,6944,17620,137,2,1,24,2,1,44,0.001,0.001,,,,,NVIDIA A100-SXM4-40GB (0),1,,13,"void ch_est::chEstFilterNoDftSOfdmDispatchKernel<float, __half, float, (unsigned int)2>(ch_est::puschRxChEstStatDescr_t *, ch_est::puschRxChEstDynDescr_t *)"
1915115430,5152,17621,137,2,1,24,2,1,44,0.001,0.001,,,,,NVIDIA A100-SXM4-40GB (0),1,,13,"void ch_est::chEstFilterNoDftSOfdmDispatchKernel<float, __half, float, (unsigned int)2>(ch_est::puschRxChEstStatDescr_t *, ch_est::puschRxChEstDynDescr_t *)"
1915121638,3072,17632,103,1,1,128,1,1,16,0.000,0.000,,,,,NVIDIA A100-SXM4-40GB (0),1,,13,cupy_copy__complex64_complex64
1915126022,16512,17642,1434,1,1,128,1,1,16,0.000,0.000,,,,,NVIDIA A100-SXM4-40GB (0),1,,13,cupy_copy__complex64_complex64
1915143846,2560,17649,103,1,1,128,1,1,16,0.000,0.000,,,,,NVIDIA A100-SXM4-40GB (0),1,,13,cupy_copy__complex64_complex64
1915147750,86463,17656,1,1,1,32,32,1,30,0.000,0.000,,,,,NVIDIA A100-SXM4-40GB (0),1,,13,"void convert_kernel<__half2, float2>(tensor_layout_any, T1 *, tensor_layout_any, const T2 *)"
1915264548,4288,17659,,,,,,,,,,0.061,14328.300,Pinned,Device,NVIDIA A100-SXM4-40GB (0),1,,13,[CUDA memcpy Host-to-Device]
1915277540,46560,17660,,,,,,,,,,35.801,768897.218,Device,,NVIDIA A100-SXM4-40GB (0),1,,13,[CUDA memset]
1915330787,2016,17662,,,,,,,,,,0.000,39.682,Pinned,Device,NVIDIA A100-SXM4-40GB (0),1,,13,[CUDA memcpy Host-to-Device]
1915335107,6880,17663,,,,,,,,,,0.131,19051.053,Pinned,Device,NVIDIA A100-SXM4-40GB (0),1,,13,[CUDA memcpy Host-to-Device]
1915347235,9504,17664,273,1,1,48,1,1,40,0.000,0.001,,,,,NVIDIA A100-SXM4-40GB (0),1,,13,"void pusch_noise_intf_est::noiseIntfEstNoDftSOfdmKernel<float, __half, float, float, (unsigned int)2, (unsigned int)1, (unsigned char)4, (unsigned char)4>(pusch_noise_intf_est::puschRxNoiseIntfEstDynDescr)"
1915360963,2848,17675,35,1,1,128,1,1,16,0.000,0.000,,,,,NVIDIA A100-SXM4-40GB (0),1,,13,cupy_copy__complex64_complex64
1915398435,1760,17684,1,1,1,1,1,1,18,0.000,0.000,,,,,NVIDIA A100-SXM4-40GB (0),1,,13,cupy_copy__float32_float32
1915433442,1824,17690,,,,,,,,,,0.000,2.193,Device,Pageable,NVIDIA A100-SXM4-40GB (0),1,,7,[CUDA memcpy Device-to-Host]
1915491522,16607,17701,1434,1,1,128,1,1,16,0.000,0.000,,,,,NVIDIA A100-SXM4-40GB (0),1,,13,cupy_copy__complex64_complex64
1915518241,2784,17708,103,1,1,128,1,1,16,0.000,0.000,,,,,NVIDIA A100-SXM4-40GB (0),1,,13,cupy_copy__complex64_complex64
1915542497,2368,17715,35,1,1,128,1,1,16,0.000,0.000,,,,,NVIDIA A100-SXM4-40GB (0),1,,13,cupy_copy__complex64_complex64
1915561089,1696,17722,1,1,1,1,1,1,18,0.000,0.000,,,,,NVIDIA A100-SXM4-40GB (0),1,,13,cupy_copy__float32_float32
1915694495,86943,17733,1,1,1,32,32,1,30,0.000,0.000,,,,,NVIDIA A100-SXM4-40GB (0),1,,13,"void convert_kernel<__half2, float2>(tensor_layout_any, T1 *, tensor_layout_any, const T2 *)"
1915950268,4288,17736,,,,,,,,,,0.061,14328.300,Pinned,Device,NVIDIA A100-SXM4-40GB (0),1,,13,[CUDA memcpy Host-to-Device]
1915961628,3584,17737,,,,,,,,,,1.547,431534.389,Device,,NVIDIA A100-SXM4-40GB (0),1,,13,[CUDA memset]
1915966012,3168,17742,,,,,,,,,,0.021,6646.453,Pinned,Device,NVIDIA A100-SXM4-40GB (0),1,,13,[CUDA memcpy Host-to-Device]
1915971484,6944,17743,,,,,,,,,,0.131,18875.548,Pinned,Device,NVIDIA A100-SXM4-40GB (0),1,,13,[CUDA memcpy Host-to-Device]
1915984156,6560,17744,273,1,1,8,4,1,39,0.002,0.000,,,,,NVIDIA A100-SXM4-40GB (0),1,,13,"void channel_eq::eqMmseCoefCompLowMimoKernel<float, float, float, (unsigned int)4, (unsigned int)1, (unsigned int)4>(const channel_eq::_puschRxChEqStatDescr *, channel_eq::_puschRxChEqCoefCompDynDescr)"
1915992028,5888,17745,273,1,1,12,11,1,40,0.002,0.000,,,,,NVIDIA A100-SXM4-40GB (0),1,,13,"void channel_eq::eqMmseSoftDemapKernel<float, __half, __half, float, (unsigned int)4, (unsigned short)16383>(channel_eq::_puschRxChEqStatDescr *, channel_eq::_puschRxChEqSoftDemapDynDescr)"
1915998972,307324,17746,1,1,1,32,32,1,30,0.000,0.000,,,,,NVIDIA A100-SXM4-40GB (0),1,,13,"void convert_kernel<float2, __half2>(tensor_layout_any, T1 *, tensor_layout_any, const T2 *)"
1916307512,13696,17758,2253,1,1,128,1,1,16,0.000,0.000,,,,,NVIDIA A100-SXM4-40GB (0),1,,13,cupy_copy__float16_float16
1916322360,2816,17767,282,1,1,128,1,1,16,0.000,0.000,,,,,NVIDIA A100-SXM4-40GB (0),1,,13,cupy_copy__complex64_complex64
1916326520,2048,17776,26,1,1,128,1,1,16,0.000,0.000,,,,,NVIDIA A100-SXM4-40GB (0),1,,13,cupy_copy__float32_float32
1916329880,3104,17785,103,1,1,128,1,1,16,0.000,0.000,,,,,NVIDIA A100-SXM4-40GB (0),1,,13,cupy_copy__complex64_complex64
1916334328,15391,17795,1434,1,1,128,1,1,16,0.000,0.000,,,,,NVIDIA A100-SXM4-40GB (0),1,,13,cupy_copy__complex64_complex64
1916467414,87839,17800,1,1,1,32,32,1,30,0.000,0.000,,,,,NVIDIA A100-SXM4-40GB (0),1,,13,"void convert_kernel<__half2, float2>(tensor_layout_any, T1 *, tensor_layout_any, const T2 *)"
1916585653,4288,17803,,,,,,,,,,0.061,14328.300,Pinned,Device,NVIDIA A100-SXM4-40GB (0),1,,13,[CUDA memcpy Host-to-Device]
1916596980,587802,17804,,,,,,,,,,456.520,776541.336,Device,,NVIDIA A100-SXM4-40GB (0),1,,13,[CUDA memset]
1917191789,32832,17809,,,,,,,,,,0.825,25138.328,Pinned,Device,NVIDIA A100-SXM4-40GB (0),1,,13,[CUDA memcpy Host-to-Device]
1917226925,6880,17810,,,,,,,,,,0.131,19051.053,Pinned,Device,NVIDIA A100-SXM4-40GB (0),1,,13,[CUDA memcpy Host-to-Device]
1917237517,8032,17811,69,4,1,48,1,1,76,0.002,0.000,,,,,NVIDIA A100-SXM4-40GB (0),1,,13,"void ch_est::windowedChEstPreNoDftSOfdmKernel<float, __half, float, (unsigned int)2, (unsigned int)1, (unsigned short)4>(ch_est::puschRxChEstStatDescr_t *, ch_est::puschRxChEstDynDescr_t *)"
1917246701,6912,17812,137,2,1,24,2,1,44,0.001,0.001,,,,,NVIDIA A100-SXM4-40GB (0),1,,13,"void ch_est::chEstFilterNoDftSOfdmDispatchKernel<float, __half, float, (unsigned int)2>(ch_est::puschRxChEstStatDescr_t *, ch_est::puschRxChEstDynDescr_t *)"
1917254733,5152,17813,137,2,1,24,2,1,44,0.001,0.001,,,,,NVIDIA A100-SXM4-40GB (0),1,,13,"void ch_est::chEstFilterNoDftSOfdmDispatchKernel<float, __half, float, (unsigned int)2>(ch_est::puschRxChEstStatDescr_t *, ch_est::puschRxChEstDynDescr_t *)"
1917261037,2624,17824,103,1,1,128,1,1,16,0.000,0.000,,,,,NVIDIA A100-SXM4-40GB (0),1,,13,cupy_copy__complex64_complex64
1917264717,16543,17834,1434,1,1,128,1,1,16,0.000,0.000,,,,,NVIDIA A100-SXM4-40GB (0),1,,13,cupy_copy__complex64_complex64
1917282476,2560,17841,103,1,1,128,1,1,16,0.000,0.000,,,,,NVIDIA A100-SXM4-40GB (0),1,,13,cupy_copy__complex64_complex64
1917286348,86175,17848,1,1,1,32,32,1,30,0.000,0.000,,,,,NVIDIA A100-SXM4-40GB (0),1,,13,"void convert_kernel<__half2, float2>(tensor_layout_any, T1 *, tensor_layout_any, const T2 *)"
1917400875,4320,17851,,,,,,,,,,0.061,14222.193,Pinned,Device,NVIDIA A100-SXM4-40GB (0),1,,13,[CUDA memcpy Host-to-Device]
1917412811,46591,17852,,,,,,,,,,35.801,768396.004,Device,,NVIDIA A100-SXM4-40GB (0),1,,13,[CUDA memset]
1917466058,2016,17854,,,,,,,,,,0.000,39.682,Pinned,Device,NVIDIA A100-SXM4-40GB (0),1,,13,[CUDA memcpy Host-to-Device]
1917470378,6880,17855,,,,,,,,,,0.131,19051.053,Pinned,Device,NVIDIA A100-SXM4-40GB (0),1,,13,[CUDA memcpy Host-to-Device]
1917483882,9216,17856,273,1,1,48,1,1,40,0.000,0.001,,,,,NVIDIA A100-SXM4-40GB (0),1,,13,"void pusch_noise_intf_est::noiseIntfEstNoDftSOfdmKernel<float, __half, float, float, (unsigned int)2, (unsigned int)1, (unsigned char)4, (unsigned char)4>(pusch_noise_intf_est::puschRxNoiseIntfEstDynDescr)"
1917494186,2880,17867,35,1,1,128,1,1,16,0.000,0.000,,,,,NVIDIA A100-SXM4-40GB (0),1,,13,cupy_copy__complex64_complex64
1917520682,1728,17876,1,1,1,1,1,1,18,0.000,0.000,,,,,NVIDIA A100-SXM4-40GB (0),1,,13,cupy_copy__float32_float32
1917555305,1824,17882,,,,,,,,,,0.000,2.193,Device,Pageable,NVIDIA A100-SXM4-40GB (0),1,,7,[CUDA memcpy Device-to-Host]
1917614536,16480,17893,1434,1,1,128,1,1,16,0.000,0.000,,,,,NVIDIA A100-SXM4-40GB (0),1,,13,cupy_copy__complex64_complex64
1917645128,2816,17900,103,1,1,128,1,1,16,0.000,0.000,,,,,NVIDIA A100-SXM4-40GB (0),1,,13,cupy_copy__complex64_complex64
1917666024,2304,17907,35,1,1,128,1,1,16,0.000,0.000,,,,,NVIDIA A100-SXM4-40GB (0),1,,13,cupy_copy__complex64_complex64
1917683656,1664,17914,1,1,1,1,1,1,18,0.000,0.000,,,,,NVIDIA A100-SXM4-40GB (0),1,,13,cupy_copy__float32_float32
1917815814,87167,17925,1,1,1,32,32,1,30,0.000,0.000,,,,,NVIDIA A100-SXM4-40GB (0),1,,13,"void convert_kernel<__half2, float2>(tensor_layout_any, T1 *, tensor_layout_any, const T2 *)"
1917930501,4512,17928,,,,,,,,,,0.061,13617.009,Pinned,Device,NVIDIA A100-SXM4-40GB (0),1,,13,[CUDA memcpy Host-to-Device]
1917944741,3615,17929,,,,,,,,,,1.547,427834.864,Device,,NVIDIA A100-SXM4-40GB (0),1,,13,[CUDA memset]
1917951300,3136,17934,,,,,,,,,,0.021,6714.274,Pinned,Device,NVIDIA A100-SXM4-40GB (0),1,,13,[CUDA memcpy Host-to-Device]
1917956740,7008,17935,,,,,,,,,,0.131,18703.188,Pinned,Device,NVIDIA A100-SXM4-40GB (0),1,,13,[CUDA memcpy Host-to-Device]
1917968900,6624,17936,273,1,1,8,4,1,39,0.002,0.000,,,,,NVIDIA A100-SXM4-40GB (0),1,,13,"void channel_eq::eqMmseCoefCompLowMimoKernel<float, float, float, (unsigned int)4, (unsigned int)1, (unsigned int)4>(const channel_eq::_puschRxChEqStatDescr *, channel_eq::_puschRxChEqCoefCompDynDescr)"
1917976676,5696,17937,273,1,1,12,11,1,40,0.002,0.000,,,,,NVIDIA A100-SXM4-40GB (0),1,,13,"void channel_eq::eqMmseSoftDemapKernel<float, __half, __half, float, (unsigned int)4, (unsigned short)16383>(channel_eq::_puschRxChEqStatDescr *, channel_eq::_puschRxChEqSoftDemapDynDescr)"
1917983492,307420,17938,1,1,1,32,32,1,30,0.000,0.000,,,,,NVIDIA A100-SXM4-40GB (0),1,,13,"void convert_kernel<float2, __half2>(tensor_layout_any, T1 *, tensor_layout_any, const T2 *)"
1918292064,13600,17950,2253,1,1,128,1,1,16,0.000,0.000,,,,,NVIDIA A100-SXM4-40GB (0),1,,13,cupy_copy__float16_float16
1918306976,2912,17959,282,1,1,128,1,1,16,0.000,0.000,,,,,NVIDIA A100-SXM4-40GB (0),1,,13,cupy_copy__complex64_complex64
1918311040,2048,17968,26,1,1,128,1,1,16,0.000,0.000,,,,,NVIDIA A100-SXM4-40GB (0),1,,13,cupy_copy__float32_float32
1918314112,3040,17977,103,1,1,128,1,1,16,0.000,0.000,,,,,NVIDIA A100-SXM4-40GB (0),1,,13,cupy_copy__complex64_complex64
1918318176,15712,17987,1434,1,1,128,1,1,16,0.000,0.000,,,,,NVIDIA A100-SXM4-40GB (0),1,,13,cupy_copy__complex64_complex64
1918334976,86335,17992,1,1,1,32,32,1,30,0.000,0.000,,,,,NVIDIA A100-SXM4-40GB (0),1,,13,"void convert_kernel<__half2, float2>(tensor_layout_any, T1 *, tensor_layout_any, const T2 *)"
1918449151,4448,17995,,,,,,,,,,0.061,13812.941,Pinned,Device,NVIDIA A100-SXM4-40GB (0),1,,13,[CUDA memcpy Host-to-Device]
1918460606,587897,17996,,,,,,,,,,456.520,776084.816,Device,,NVIDIA A100-SXM4-40GB (0),1,,13,[CUDA memset]
1919051991,32800,18001,,,,,,,,,,0.825,25162.263,Pinned,Device,NVIDIA A100-SXM4-40GB (0),1,,13,[CUDA memcpy Host-to-Device]
1919087095,6912,18002,,,,,,,,,,0.131,18962.842,Pinned,Device,NVIDIA A100-SXM4-40GB (0),1,,13,[CUDA memcpy Host-to-Device]
1919101175,7744,18003,69,4,1,48,1,1,76,0.002,0.000,,,,,NVIDIA A100-SXM4-40GB (0),1,,13,"void ch_est::windowedChEstPreNoDftSOfdmKernel<float, __half, float, (unsigned int)2, (unsigned int)1, (unsigned short)4>(ch_est::puschRxChEstStatDescr_t *, ch_est::puschRxChEstDynDescr_t *)"
1919110103,7040,18004,137,2,1,24,2,1,44,0.001,0.001,,,,,NVIDIA A100-SXM4-40GB (0),1,,13,"void ch_est::chEstFilterNoDftSOfdmDispatchKernel<float, __half, float, (unsigned int)2>(ch_est::puschRxChEstStatDescr_t *, ch_est::puschRxChEstDynDescr_t *)"
1919118263,5184,18005,137,2,1,24,2,1,44,0.001,0.001,,,,,NVIDIA A100-SXM4-40GB (0),1,,13,"void ch_est::chEstFilterNoDftSOfdmDispatchKernel<float, __half, float, (unsigned int)2>(ch_est::puschRxChEstStatDescr_t *, ch_est::puschRxChEstDynDescr_t *)"
1919124567,2624,18016,103,1,1,128,1,1,16,0.000,0.000,,,,,NVIDIA A100-SXM4-40GB (0),1,,13,cupy_copy__complex64_complex64
1919128343,16479,18026,1434,1,1,128,1,1,16,0.000,0.000,,,,,NVIDIA A100-SXM4-40GB (0),1,,13,cupy_copy__complex64_complex64
1919145846,2560,18033,103,1,1,128,1,1,16,0.000,0.000,,,,,NVIDIA A100-SXM4-40GB (0),1,,13,cupy_copy__complex64_complex64
1919149718,87487,18040,1,1,1,32,32,1,30,0.000,0.000,,,,,NVIDIA A100-SXM4-40GB (0),1,,13,"void convert_kernel<__half2, float2>(tensor_layout_any, T1 *, tensor_layout_any, const T2 *)"
1919265333,4320,18043,,,,,,,,,,0.061,14222.193,Pinned,Device,NVIDIA A100-SXM4-40GB (0),1,,13,[CUDA memcpy Host-to-Device]
1919277941,46527,18044,,,,,,,,,,35.801,769434.232,Device,,NVIDIA A100-SXM4-40GB (0),1,,13,[CUDA memset]
1919330516,1984,18046,,,,,,,,,,0.000,40.323,Pinned,Device,NVIDIA A100-SXM4-40GB (0),1,,13,[CUDA memcpy Host-to-Device]
1919334804,6912,18047,,,,,,,,,,0.131,18962.842,Pinned,Device,NVIDIA A100-SXM4-40GB (0),1,,13,[CUDA memcpy Host-to-Device]
1919346292,9344,18048,273,1,1,48,1,1,40,0.000,0.001,,,,,NVIDIA A100-SXM4-40GB (0),1,,13,"void pusch_noise_intf_est::noiseIntfEstNoDftSOfdmKernel<float, __half, float, float, (unsigned int)2, (unsigned int)1, (unsigned char)4, (unsigned char)4>(pusch_noise_intf_est::puschRxNoiseIntfEstDynDescr)"
1919356692,2880,18059,35,1,1,128,1,1,16,0.000,0.000,,,,,NVIDIA A100-SXM4-40GB (0),1,,13,cupy_copy__complex64_complex64
1919383316,1759,18068,1,1,1,1,1,1,18,0.000,0.000,,,,,NVIDIA A100-SXM4-40GB (0),1,,13,cupy_copy__float32_float32
1919417459,1920,18074,,,,,,,,,,0.000,2.083,Device,Pageable,NVIDIA A100-SXM4-40GB (0),1,,7,[CUDA memcpy Device-to-Host]
1919478866,16480,18085,1434,1,1,128,1,1,16,0.000,0.000,,,,,NVIDIA A100-SXM4-40GB (0),1,,13,cupy_copy__complex64_complex64
1919505042,2784,18092,103,1,1,128,1,1,16,0.000,0.000,,,,,NVIDIA A100-SXM4-40GB (0),1,,13,cupy_copy__complex64_complex64
1919525970,2336,18099,35,1,1,128,1,1,16,0.000,0.000,,,,,NVIDIA A100-SXM4-40GB (0),1,,13,cupy_copy__complex64_complex64
1919544178,1696,18106,1,1,1,1,1,1,18,0.000,0.000,,,,,NVIDIA A100-SXM4-40GB (0),1,,13,cupy_copy__float32_float32
1919675760,86591,18117,1,1,1,32,32,1,30,0.000,0.000,,,,,NVIDIA A100-SXM4-40GB (0),1,,13,"void convert_kernel<__half2, float2>(tensor_layout_any, T1 *, tensor_layout_any, const T2 *)"
1919931789,4608,18120,,,,,,,,,,0.061,13333.279,Pinned,Device,NVIDIA A100-SXM4-40GB (0),1,,13,[CUDA memcpy Host-to-Device]
1919941645,3648,18121,,,,,,,,,,1.547,423963.664,Device,,NVIDIA A100-SXM4-40GB (0),1,,13,[CUDA memset]
1919949069,3200,18126,,,,,,,,,,0.021,6580.000,Pinned,Device,NVIDIA A100-SXM4-40GB (0),1,,13,[CUDA memcpy Host-to-Device]
1919954573,6944,18127,,,,,,,,,,0.131,18875.548,Pinned,Device,NVIDIA A100-SXM4-40GB (0),1,,13,[CUDA memcpy Host-to-Device]
1919972589,6559,18128,273,1,1,8,4,1,39,0.002,0.000,,,,,NVIDIA A100-SXM4-40GB (0),1,,13,"void channel_eq::eqMmseCoefCompLowMimoKernel<float, float, float, (unsigned int)4, (unsigned int)1, (unsigned int)4>(const channel_eq::_puschRxChEqStatDescr *, channel_eq::_puschRxChEqCoefCompDynDescr)"
1919980460,5632,18129,273,1,1,12,11,1,40,0.002,0.000,,,,,NVIDIA A100-SXM4-40GB (0),1,,13,"void channel_eq::eqMmseSoftDemapKernel<float, __half, __half, float, (unsigned int)4, (unsigned short)16383>(channel_eq::_puschRxChEqStatDescr *, channel_eq::_puschRxChEqSoftDemapDynDescr)"
1919987276,307293,18130,1,1,1,32,32,1,30,0.000,0.000,,,,,NVIDIA A100-SXM4-40GB (0),1,,13,"void convert_kernel<float2, __half2>(tensor_layout_any, T1 *, tensor_layout_any, const T2 *)"
1920295689,13536,18142,2253,1,1,128,1,1,16,0.000,0.000,,,,,NVIDIA A100-SXM4-40GB (0),1,,13,cupy_copy__float16_float16
1920310281,2816,18151,282,1,1,128,1,1,16,0.000,0.000,,,,,NVIDIA A100-SXM4-40GB (0),1,,13,cupy_copy__complex64_complex64
1920314408,2048,18160,26,1,1,128,1,1,16,0.000,0.000,,,,,NVIDIA A100-SXM4-40GB (0),1,,13,cupy_copy__float32_float32
1920317480,3072,18169,103,1,1,128,1,1,16,0.000,0.000,,,,,NVIDIA A100-SXM4-40GB (0),1,,13,cupy_copy__complex64_complex64
1920321864,15360,18179,1434,1,1,128,1,1,16,0.000,0.000,,,,,NVIDIA A100-SXM4-40GB (0),1,,13,cupy_copy__complex64_complex64
1920445511,87199,18184,1,1,1,32,32,1,30,0.000,0.000,,,,,NVIDIA A100-SXM4-40GB (0),1,,13,"void convert_kernel<__half2, float2>(tensor_layout_any, T1 *, tensor_layout_any, const T2 *)"
1920562982,4320,18187,,,,,,,,,,0.061,14222.193,Pinned,Device,NVIDIA A100-SXM4-40GB (0),1,,13,[CUDA memcpy Host-to-Device]
1920575109,588185,18188,,,,,,,,,,456.520,776084.816,Device,,NVIDIA A100-SXM4-40GB (0),1,,13,[CUDA memset]
1921172030,32800,18193,,,,,,,,,,0.825,25162.263,Pinned,Device,NVIDIA A100-SXM4-40GB (0),1,,13,[CUDA memcpy Host-to-Device]
1921207134,6912,18194,,,,,,,,,,0.131,18962.842,Pinned,Device,NVIDIA A100-SXM4-40GB (0),1,,13,[CUDA memcpy Host-to-Device]
1921220830,8000,18195,69,4,1,48,1,1,76,0.002,0.000,,,,,NVIDIA A100-SXM4-40GB (0),1,,13,"void ch_est::windowedChEstPreNoDftSOfdmKernel<float, __half, float, (unsigned int)2, (unsigned int)1, (unsigned short)4>(ch_est::puschRxChEstStatDescr_t *, ch_est::puschRxChEstDynDescr_t *)"
1921230046,6784,18196,137,2,1,24,2,1,44,0.001,0.001,,,,,NVIDIA A100-SXM4-40GB (0),1,,13,"void ch_est::chEstFilterNoDftSOfdmDispatchKernel<float, __half, float, (unsigned int)2>(ch_est::puschRxChEstStatDescr_t *, ch_est::puschRxChEstDynDescr_t *)"
1921237982,5216,18197,137,2,1,24,2,1,44,0.001,0.001,,,,,NVIDIA A100-SXM4-40GB (0),1,,13,"void ch_est::chEstFilterNoDftSOfdmDispatchKernel<float, __half, float, (unsigned int)2>(ch_est::puschRxChEstStatDescr_t *, ch_est::puschRxChEstDynDescr_t *)"
1921244317,2560,18208,103,1,1,128,1,1,16,0.000,0.000,,,,,NVIDIA A100-SXM4-40GB (0),1,,13,cupy_copy__complex64_complex64
1921248189,16608,18218,1434,1,1,128,1,1,16,0.000,0.000,,,,,NVIDIA A100-SXM4-40GB (0),1,,13,cupy_copy__complex64_complex64
1921265949,2560,18225,103,1,1,128,1,1,16,0.000,0.000,,,,,NVIDIA A100-SXM4-40GB (0),1,,13,cupy_copy__complex64_complex64
1921269629,86271,18232,1,1,1,32,32,1,30,0.000,0.000,,,,,NVIDIA A100-SXM4-40GB (0),1,,13,"void convert_kernel<__half2, float2>(tensor_layout_any, T1 *, tensor_layout_any, const T2 *)"
1921522330,4320,18235,,,,,,,,,,0.061,14222.193,Pinned,Device,NVIDIA A100-SXM4-40GB (0),1,,13,[CUDA memcpy Host-to-Device]
1921537210,46815,18236,,,,,,,,,,35.801,764708.506,Device,,NVIDIA A100-SXM4-40GB (0),1,,13,[CUDA memset]
1921587033,2016,18238,,,,,,,,,,0.000,39.682,Pinned,Device,NVIDIA A100-SXM4-40GB (0),1,,13,[CUDA memcpy Host-to-Device]
1921591353,6976,18239,,,,,,,,,,0.131,18788.909,Pinned,Device,NVIDIA A100-SXM4-40GB (0),1,,13,[CUDA memcpy Host-to-Device]
1921602777,9696,18240,273,1,1,48,1,1,40,0.000,0.001,,,,,NVIDIA A100-SXM4-40GB (0),1,,13,"void pusch_noise_intf_est::noiseIntfEstNoDftSOfdmKernel<float, __half, float, float, (unsigned int)2, (unsigned int)1, (unsigned char)4, (unsigned char)4>(pusch_noise_intf_est::puschRxNoiseIntfEstDynDescr)"
1921613561,2912,18251,35,1,1,128,1,1,16,0.000,0.000,,,,,NVIDIA A100-SXM4-40GB (0),1,,13,cupy_copy__complex64_complex64
1921623097,1728,18260,1,1,1,1,1,1,18,0.000,0.000,,,,,NVIDIA A100-SXM4-40GB (0),1,,13,cupy_copy__float32_float32
1921661337,1824,18266,,,,,,,,,,0.000,2.193,Device,Pageable,NVIDIA A100-SXM4-40GB (0),1,,7,[CUDA memcpy Device-to-Host]
1921720952,16480,18277,1434,1,1,128,1,1,16,0.000,0.000,,,,,NVIDIA A100-SXM4-40GB (0),1,,13,cupy_copy__complex64_complex64
1921747672,2848,18284,103,1,1,128,1,1,16,0.000,0.000,,,,,NVIDIA A100-SXM4-40GB (0),1,,13,cupy_copy__complex64_complex64
1921768727,2304,18291,35,1,1,128,1,1,16,0.000,0.000,,,,,NVIDIA A100-SXM4-40GB (0),1,,13,cupy_copy__complex64_complex64
1921786807,1664,18298,1,1,1,1,1,1,18,0.000,0.000,,,,,NVIDIA A100-SXM4-40GB (0),1,,13,cupy_copy__float32_float32
1922050964,87487,18309,1,1,1,32,32,1,30,0.000,0.000,,,,,NVIDIA A100-SXM4-40GB (0),1,,13,"void convert_kernel<__half2, float2>(tensor_layout_any, T1 *, tensor_layout_any, const T2 *)"
1922170163,4319,18312,,,,,,,,,,0.061,14225.510,Pinned,Device,NVIDIA A100-SXM4-40GB (0),1,,13,[CUDA memcpy Host-to-Device]
1922185554,3648,18313,,,,,,,,,,1.547,423963.664,Device,,NVIDIA A100-SXM4-40GB (0),1,,13,[CUDA memset]
1922192178,3136,18318,,,,,,,,,,0.021,6714.274,Pinned,Device,NVIDIA A100-SXM4-40GB (0),1,,13,[CUDA memcpy Host-to-Device]
1922197618,7136,18319,,,,,,,,,,0.131,18367.644,Pinned,Device,NVIDIA A100-SXM4-40GB (0),1,,13,[CUDA memcpy Host-to-Device]
1922209970,6560,18320,273,1,1,8,4,1,39,0.002,0.000,,,,,NVIDIA A100-SXM4-40GB (0),1,,13,"void channel_eq::eqMmseCoefCompLowMimoKernel<float, float, float, (unsigned int)4, (unsigned int)1, (unsigned int)4>(const channel_eq::_puschRxChEqStatDescr *, channel_eq::_puschRxChEqCoefCompDynDescr)"
1922217778,5888,18321,273,1,1,12,11,1,40,0.002,0.000,,,,,NVIDIA A100-SXM4-40GB (0),1,,13,"void channel_eq::eqMmseSoftDemapKernel<float, __half, __half, float, (unsigned int)4, (unsigned short)16383>(channel_eq::_puschRxChEqStatDescr *, channel_eq::_puschRxChEqSoftDemapDynDescr)"
1922224850,307484,18322,1,1,1,32,32,1,30,0.000,0.000,,,,,NVIDIA A100-SXM4-40GB (0),1,,13,"void convert_kernel<float2, __half2>(tensor_layout_any, T1 *, tensor_layout_any, const T2 *)"
1922533358,13344,18334,2253,1,1,128,1,1,16,0.000,0.000,,,,,NVIDIA A100-SXM4-40GB (0),1,,13,cupy_copy__float16_float16
1922547758,2880,18343,282,1,1,128,1,1,16,0.000,0.000,,,,,NVIDIA A100-SXM4-40GB (0),1,,13,cupy_copy__complex64_complex64
1922551790,2048,18352,26,1,1,128,1,1,16,0.000,0.000,,,,,NVIDIA A100-SXM4-40GB (0),1,,13,cupy_copy__float32_float32
1922554894,3040,18361,103,1,1,128,1,1,16,0.000,0.000,,,,,NVIDIA A100-SXM4-40GB (0),1,,13,cupy_copy__complex64_complex64
1922558958,15200,18371,1434,1,1,128,1,1,16,0.000,0.000,,,,,NVIDIA A100-SXM4-40GB (0),1,,13,cupy_copy__complex64_complex64
1922575214,87423,18376,1,1,1,32,32,1,30,0.000,0.000,,,,,NVIDIA A100-SXM4-40GB (0),1,,13,"void convert_kernel<__half2, float2>(tensor_layout_any, T1 *, tensor_layout_any, const T2 *)"
1922689996,4288,18379,,,,,,,,,,0.061,14328.300,Pinned,Device,NVIDIA A100-SXM4-40GB (0),1,,13,[CUDA memcpy Host-to-Device]
1922701740,587417,18380,,,,,,,,,,456.520,776997.857,Device,,NVIDIA A100-SXM4-40GB (0),1,,13,[CUDA memset]
1923297829,32800,18385,,,,,,,,,,0.825,25162.263,Pinned,Device,NVIDIA A100-SXM4-40GB (0),1,,13,[CUDA memcpy Host-to-Device]
1923332933,6912,18386,,,,,,,,,,0.131,18962.842,Pinned,Device,NVIDIA A100-SXM4-40GB (0),1,,13,[CUDA memcpy Host-to-Device]
1923349701,7743,18387,69,4,1,48,1,1,76,0.002,0.000,,,,,NVIDIA A100-SXM4-40GB (0),1,,13,"void ch_est::windowedChEstPreNoDftSOfdmKernel<float, __half, float, (unsigned int)2, (unsigned int)1, (unsigned short)4>(ch_est::puschRxChEstStatDescr_t *, ch_est::puschRxChEstDynDescr_t *)"
1923358756,7104,18388,137,2,1,24,2,1,44,0.001,0.001,,,,,NVIDIA A100-SXM4-40GB (0),1,,13,"void ch_est::chEstFilterNoDftSOfdmDispatchKernel<float, __half, float, (unsigned int)2>(ch_est::puschRxChEstStatDescr_t *, ch_est::puschRxChEstDynDescr_t *)"
1923367076,5152,18389,137,2,1,24,2,1,44,0.001,0.001,,,,,NVIDIA A100-SXM4-40GB (0),1,,13,"void ch_est::chEstFilterNoDftSOfdmDispatchKernel<float, __half, float, (unsigned int)2>(ch_est::puschRxChEstStatDescr_t *, ch_est::puschRxChEstDynDescr_t *)"
1923373572,2656,18400,103,1,1,128,1,1,16,0.000,0.000,,,,,NVIDIA A100-SXM4-40GB (0),1,,13,cupy_copy__complex64_complex64
1923377380,16512,18410,1434,1,1,128,1,1,16,0.000,0.000,,,,,NVIDIA A100-SXM4-40GB (0),1,,13,cupy_copy__complex64_complex64
1923395236,2528,18417,103,1,1,128,1,1,16,0.000,0.000,,,,,NVIDIA A100-SXM4-40GB (0),1,,13,cupy_copy__complex64_complex64
1923399108,86943,18424,1,1,1,32,32,1,30,0.000,0.000,,,,,NVIDIA A100-SXM4-40GB (0),1,,13,"void convert_kernel<__half2, float2>(tensor_layout_any, T1 *, tensor_layout_any, const T2 *)"
1923513059,4640,18427,,,,,,,,,,0.061,13241.364,Pinned,Device,NVIDIA A100-SXM4-40GB (0),1,,13,[CUDA memcpy Host-to-Device]
1923526082,46464,18428,,,,,,,,,,35.801,770508.261,Device,,NVIDIA A100-SXM4-40GB (0),1,,13,[CUDA memset]
1923579010,2016,18430,,,,,,,,,,0.000,39.682,Pinned,Device,NVIDIA A100-SXM4-40GB (0),1,,13,[CUDA memcpy Host-to-Device]
1923583330,7008,18431,,,,,,,,,,0.131,18703.188,Pinned,Device,NVIDIA A100-SXM4-40GB (0),1,,13,[CUDA memcpy Host-to-Device]
1923596162,9568,18432,273,1,1,48,1,1,40,0.000,0.001,,,,,NVIDIA A100-SXM4-40GB (0),1,,13,"void pusch_noise_intf_est::noiseIntfEstNoDftSOfdmKernel<float, __half, float, float, (unsigned int)2, (unsigned int)1, (unsigned char)4, (unsigned char)4>(pusch_noise_intf_est::puschRxNoiseIntfEstDynDescr)"
1923607010,2912,18443,35,1,1,128,1,1,16,0.000,0.000,,,,,NVIDIA A100-SXM4-40GB (0),1,,13,cupy_copy__complex64_complex64
1923636961,1760,18452,1,1,1,1,1,1,18,0.000,0.000,,,,,NVIDIA A100-SXM4-40GB (0),1,,13,cupy_copy__float32_float32
1923671681,2016,18458,,,,,,,,,,0.000,1.984,Device,Pageable,NVIDIA A100-SXM4-40GB (0),1,,7,[CUDA memcpy Device-to-Host]
1923730176,16384,18469,1434,1,1,128,1,1,16,0.000,0.000,,,,,NVIDIA A100-SXM4-40GB (0),1,,13,cupy_copy__complex64_complex64
1923756768,2816,18476,103,1,1,128,1,1,16,0.000,0.000,,,,,NVIDIA A100-SXM4-40GB (0),1,,13,cupy_copy__complex64_complex64
1923777120,2335,18483,35,1,1,128,1,1,16,0.000,0.000,,,,,NVIDIA A100-SXM4-40GB (0),1,,13,cupy_copy__complex64_complex64
1923794911,1696,18490,1,1,1,1,1,1,18,0.000,0.000,,,,,NVIDIA A100-SXM4-40GB (0),1,,13,cupy_copy__float32_float32
1923930686,87007,18501,1,1,1,32,32,1,30,0.000,0.000,,,,,NVIDIA A100-SXM4-40GB (0),1,,13,"void convert_kernel<__half2, float2>(tensor_layout_any, T1 *, tensor_layout_any, const T2 *)"
1924046780,4288,18504,,,,,,,,,,0.061,14328.300,Pinned,Device,NVIDIA A100-SXM4-40GB (0),1,,13,[CUDA memcpy Host-to-Device]
1924061500,3584,18505,,,,,,,,,,1.547,431534.389,Device,,NVIDIA A100-SXM4-40GB (0),1,,13,[CUDA memset]
1924068828,3168,18510,,,,,,,,,,0.021,6646.453,Pinned,Device,NVIDIA A100-SXM4-40GB (0),1,,13,[CUDA memcpy Host-to-Device]
1924074300,7168,18511,,,,,,,,,,0.131,18285.593,Pinned,Device,NVIDIA A100-SXM4-40GB (0),1,,13,[CUDA memcpy Host-to-Device]
1924086908,6528,18512,273,1,1,8,4,1,39,0.002,0.000,,,,,NVIDIA A100-SXM4-40GB (0),1,,13,"void channel_eq::eqMmseCoefCompLowMimoKernel<float, float, float, (unsigned int)4, (unsigned int)1, (unsigned int)4>(const channel_eq::_puschRxChEqStatDescr *, channel_eq::_puschRxChEqCoefCompDynDescr)"
1924094492,5696,18513,273,1,1,12,11,1,40,0.002,0.000,,,,,NVIDIA A100-SXM4-40GB (0),1,,13,"void channel_eq::eqMmseSoftDemapKernel<float, __half, __half, float, (unsigned int)4, (unsigned short)16383>(channel_eq::_puschRxChEqStatDescr *, channel_eq::_puschRxChEqSoftDemapDynDescr)"
1924101500,308860,18514,1,1,1,32,32,1,30,0.000,0.000,,,,,NVIDIA A100-SXM4-40GB (0),1,,13,"void convert_kernel<float2, __half2>(tensor_layout_any, T1 *, tensor_layout_any, const T2 *)"
1924411512,13600,18526,2253,1,1,128,1,1,16,0.000,0.000,,,,,NVIDIA A100-SXM4-40GB (0),1,,13,cupy_copy__float16_float16
1924426136,2880,18535,282,1,1,128,1,1,16,0.000,0.000,,,,,NVIDIA A100-SXM4-40GB (0),1,,13,cupy_copy__complex64_complex64
1924430200,2016,18544,26,1,1,128,1,1,16,0.000,0.000,,,,,NVIDIA A100-SXM4-40GB (0),1,,13,cupy_copy__float32_float32
1924433272,3104,18553,103,1,1,128,1,1,16,0.000,0.000,,,,,NVIDIA A100-SXM4-40GB (0),1,,13,cupy_copy__complex64_complex64
1924437560,15456,18563,1434,1,1,128,1,1,16,0.000,0.000,,,,,NVIDIA A100-SXM4-40GB (0),1,,13,cupy_copy__complex64_complex64
1924454104,87294,18568,1,1,1,32,32,1,30,0.000,0.000,,,,,NVIDIA A100-SXM4-40GB (0),1,,13,"void convert_kernel<__half2, float2>(tensor_layout_any, T1 *, tensor_layout_any, const T2 *)"
1924568886,4288,18571,,,,,,,,,,0.061,14328.300,Pinned,Device,NVIDIA A100-SXM4-40GB (0),1,,13,[CUDA memcpy Host-to-Device]
1924579158,587897,18572,,,,,,,,,,456.520,776084.816,Device,,NVIDIA A100-SXM4-40GB (0),1,,13,[CUDA memset]
1925169295,32800,18577,,,,,,,,,,0.825,25162.263,Pinned,Device,NVIDIA A100-SXM4-40GB (0),1,,13,[CUDA memcpy Host-to-Device]
1925204399,6912,18578,,,,,,,,,,0.131,18962.842,Pinned,Device,NVIDIA A100-SXM4-40GB (0),1,,13,[CUDA memcpy Host-to-Device]
1925218446,8032,18579,69,4,1,48,1,1,76,0.002,0.000,,,,,NVIDIA A100-SXM4-40GB (0),1,,13,"void ch_est::windowedChEstPreNoDftSOfdmKernel<float, __half, float, (unsigned int)2, (unsigned int)1, (unsigned short)4>(ch_est::puschRxChEstStatDescr_t *, ch_est::puschRxChEstDynDescr_t *)"
1925227662,6848,18580,137,2,1,24,2,1,44,0.001,0.001,,,,,NVIDIA A100-SXM4-40GB (0),1,,13,"void ch_est::chEstFilterNoDftSOfdmDispatchKernel<float, __half, float, (unsigned int)2>(ch_est::puschRxChEstStatDescr_t *, ch_est::puschRxChEstDynDescr_t *)"
1925235694,5184,18581,137,2,1,24,2,1,44,0.001,0.001,,,,,NVIDIA A100-SXM4-40GB (0),1,,13,"void ch_est::chEstFilterNoDftSOfdmDispatchKernel<float, __half, float, (unsigned int)2>(ch_est::puschRxChEstStatDescr_t *, ch_est::puschRxChEstDynDescr_t *)"
1925241966,2624,18592,103,1,1,128,1,1,16,0.000,0.000,,,,,NVIDIA A100-SXM4-40GB (0),1,,13,cupy_copy__complex64_complex64
1925245710,16480,18602,1434,1,1,128,1,1,16,0.000,0.000,,,,,NVIDIA A100-SXM4-40GB (0),1,,13,cupy_copy__complex64_complex64
1925263502,2528,18609,103,1,1,128,1,1,16,0.000,0.000,,,,,NVIDIA A100-SXM4-40GB (0),1,,13,cupy_copy__complex64_complex64
1925267054,86623,18616,1,1,1,32,32,1,30,0.000,0.000,,,,,NVIDIA A100-SXM4-40GB (0),1,,13,"void convert_kernel<__half2, float2>(tensor_layout_any, T1 *, tensor_layout_any, const T2 *)"
1925524107,4512,18619,,,,,,,,,,0.061,13617.009,Pinned,Device,NVIDIA A100-SXM4-40GB (0),1,,13,[CUDA memcpy Host-to-Device]
1925532843,46879,18620,,,,,,,,,,35.801,763670.278,Device,,NVIDIA A100-SXM4-40GB (0),1,,13,[CUDA memset]
1925588490,2016,18622,,,,,,,,,,0.000,39.682,Pinned,Device,NVIDIA A100-SXM4-40GB (0),1,,13,[CUDA memcpy Host-to-Device]
1925592810,6944,18623,,,,,,,,,,0.131,18875.548,Pinned,Device,NVIDIA A100-SXM4-40GB (0),1,,13,[CUDA memcpy Host-to-Device]
1925608618,9952,18624,273,1,1,48,1,1,40,0.000,0.001,,,,,NVIDIA A100-SXM4-40GB (0),1,,13,"void pusch_noise_intf_est::noiseIntfEstNoDftSOfdmKernel<float, __half, float, float, (unsigned int)2, (unsigned int)1, (unsigned char)4, (unsigned char)4>(pusch_noise_intf_est::puschRxNoiseIntfEstDynDescr)"
1925619626,2976,18635,35,1,1,128,1,1,16,0.000,0.000,,,,,NVIDIA A100-SXM4-40GB (0),1,,13,cupy_copy__complex64_complex64
1925629546,1728,18644,1,1,1,1,1,1,18,0.000,0.000,,,,,NVIDIA A100-SXM4-40GB (0),1,,13,cupy_copy__float32_float32
1925663753,1824,18650,,,,,,,,,,0.000,2.193,Device,Pageable,NVIDIA A100-SXM4-40GB (0),1,,7,[CUDA memcpy Device-to-Host]
1925722409,16511,18661,1434,1,1,128,1,1,16,0.000,0.000,,,,,NVIDIA A100-SXM4-40GB (0),1,,13,cupy_copy__complex64_complex64
1925748616,2848,18668,103,1,1,128,1,1,16,0.000,0.000,,,,,NVIDIA A100-SXM4-40GB (0),1,,13,cupy_copy__complex64_complex64
1925769224,2304,18675,35,1,1,128,1,1,16,0.000,0.000,,,,,NVIDIA A100-SXM4-40GB (0),1,,13,cupy_copy__complex64_complex64
1925787688,1664,18682,1,1,1,1,1,1,18,0.000,0.000,,,,,NVIDIA A100-SXM4-40GB (0),1,,13,cupy_copy__float32_float32
1926054661,87487,18693,1,1,1,32,32,1,30,0.000,0.000,,,,,NVIDIA A100-SXM4-40GB (0),1,,13,"void convert_kernel<__half2, float2>(tensor_layout_any, T1 *, tensor_layout_any, const T2 *)"
1926173347,4320,18696,,,,,,,,,,0.061,14222.193,Pinned,Device,NVIDIA A100-SXM4-40GB (0),1,,13,[CUDA memcpy Host-to-Device]
1926188899,3680,18697,,,,,,,,,,1.547,420278.059,Device,,NVIDIA A100-SXM4-40GB (0),1,,13,[CUDA memset]
1926195683,3136,18702,,,,,,,,,,0.021,6714.274,Pinned,Device,NVIDIA A100-SXM4-40GB (0),1,,13,[CUDA memcpy Host-to-Device]
1926201123,7232,18703,,,,,,,,,,0.131,18123.850,Pinned,Device,NVIDIA A100-SXM4-40GB (0),1,,13,[CUDA memcpy Host-to-Device]
1926213667,6624,18704,273,1,1,8,4,1,39,0.002,0.000,,,,,NVIDIA A100-SXM4-40GB (0),1,,13,"void channel_eq::eqMmseCoefCompLowMimoKernel<float, float, float, (unsigned int)4, (unsigned int)1, (unsigned int)4>(const channel_eq::_puschRxChEqStatDescr *, channel_eq::_puschRxChEqCoefCompDynDescr)"
1926221507,6048,18705,273,1,1,12,11,1,40,0.002,0.000,,,,,NVIDIA A100-SXM4-40GB (0),1,,13,"void channel_eq::eqMmseSoftDemapKernel<float, __half, __half, float, (unsigned int)4, (unsigned short)16383>(channel_eq::_puschRxChEqStatDescr *, channel_eq::_puschRxChEqSoftDemapDynDescr)"
1926228867,307676,18706,1,1,1,32,32,1,30,0.000,0.000,,,,,NVIDIA A100-SXM4-40GB (0),1,,13,"void convert_kernel<float2, __half2>(tensor_layout_any, T1 *, tensor_layout_any, const T2 *)"
1926537567,13472,18718,2253,1,1,128,1,1,16,0.000,0.000,,,,,NVIDIA A100-SXM4-40GB (0),1,,13,cupy_copy__float16_float16
1926552223,2816,18727,282,1,1,128,1,1,16,0.000,0.000,,,,,NVIDIA A100-SXM4-40GB (0),1,,13,cupy_copy__complex64_complex64
1926556351,2048,18736,26,1,1,128,1,1,16,0.000,0.000,,,,,NVIDIA A100-SXM4-40GB (0),1,,13,cupy_copy__float32_float32
1926559455,3008,18745,103,1,1,128,1,1,16,0.000,0.000,,,,,NVIDIA A100-SXM4-40GB (0),1,,13,cupy_copy__complex64_complex64
1926563487,15551,18755,1434,1,1,128,1,1,16,0.000,0.000,,,,,NVIDIA A100-SXM4-40GB (0),1,,13,cupy_copy__complex64_complex64
1926580286,86783,18760,1,1,1,32,32,1,30,0.000,0.000,,,,,NVIDIA A100-SXM4-40GB (0),1,,13,"void convert_kernel<__half2, float2>(tensor_layout_any, T1 *, tensor_layout_any, const T2 *)"
1926831803,4288,18763,,,,,,,,,,0.061,14328.300,Pinned,Device,NVIDIA A100-SXM4-40GB (0),1,,13,[CUDA memcpy Host-to-Device]
1926839419,588569,18764,,,,,,,,,,456.520,775628.296,Device,,NVIDIA A100-SXM4-40GB (0),1,,13,[CUDA memset]
1927433332,32800,18769,,,,,,,,,,0.825,25162.263,Pinned,Device,NVIDIA A100-SXM4-40GB (0),1,,13,[CUDA memcpy Host-to-Device]
1927468436,6912,18770,,,,,,,,,,0.131,18962.842,Pinned,Device,NVIDIA A100-SXM4-40GB (0),1,,13,[CUDA memcpy Host-to-Device]
1927486356,8160,18771,69,4,1,48,1,1,76,0.002,0.000,,,,,NVIDIA A100-SXM4-40GB (0),1,,13,"void ch_est::windowedChEstPreNoDftSOfdmKernel<float, __half, float, (unsigned int)2, (unsigned int)1, (unsigned short)4>(ch_est::puschRxChEstStatDescr_t *, ch_est::puschRxChEstDynDescr_t *)"
1927495700,7007,18772,137,2,1,24,2,1,44,0.001,0.001,,,,,NVIDIA A100-SXM4-40GB (0),1,,13,"void ch_est::chEstFilterNoDftSOfdmDispatchKernel<float, __half, float, (unsigned int)2>(ch_est::puschRxChEstStatDescr_t *, ch_est::puschRxChEstDynDescr_t *)"
1927503827,5152,18773,137,2,1,24,2,1,44,0.001,0.001,,,,,NVIDIA A100-SXM4-40GB (0),1,,13,"void ch_est::chEstFilterNoDftSOfdmDispatchKernel<float, __half, float, (unsigned int)2>(ch_est::puschRxChEstStatDescr_t *, ch_est::puschRxChEstDynDescr_t *)"
1927510099,2624,18784,103,1,1,128,1,1,16,0.000,0.000,,,,,NVIDIA A100-SXM4-40GB (0),1,,13,cupy_copy__complex64_complex64
1927513907,16288,18794,1434,1,1,128,1,1,16,0.000,0.000,,,,,NVIDIA A100-SXM4-40GB (0),1,,13,cupy_copy__complex64_complex64
1927531283,2560,18801,103,1,1,128,1,1,16,0.000,0.000,,,,,NVIDIA A100-SXM4-40GB (0),1,,13,cupy_copy__complex64_complex64
1927535187,87231,18808,1,1,1,32,32,1,30,0.000,0.000,,,,,NVIDIA A100-SXM4-40GB (0),1,,13,"void convert_kernel<__half2, float2>(tensor_layout_any, T1 *, tensor_layout_any, const T2 *)"
1927653874,4288,18811,,,,,,,,,,0.061,14328.300,Pinned,Device,NVIDIA A100-SXM4-40GB (0),1,,13,[CUDA memcpy Host-to-Device]
1927667185,46528,18812,,,,,,,,,,35.801,769434.232,Device,,NVIDIA A100-SXM4-40GB (0),1,,13,[CUDA memset]
1927719729,1984,18814,,,,,,,,,,0.000,40.323,Pinned,Device,NVIDIA A100-SXM4-40GB (0),1,,13,[CUDA memcpy Host-to-Device]
1927724017,6944,18815,,,,,,,,,,0.131,18875.548,Pinned,Device,NVIDIA A100-SXM4-40GB (0),1,,13,[CUDA memcpy Host-to-Device]
1927735217,9216,18816,273,1,1,48,1,1,40,0.000,0.001,,,,,NVIDIA A100-SXM4-40GB (0),1,,13,"void pusch_noise_intf_est::noiseIntfEstNoDftSOfdmKernel<float, __half, float, float, (unsigned int)2, (unsigned int)1, (unsigned char)4, (unsigned char)4>(pusch_noise_intf_est::puschRxNoiseIntfEstDynDescr)"
1927745521,3040,18827,35,1,1,128,1,1,16,0.000,0.000,,,,,NVIDIA A100-SXM4-40GB (0),1,,13,cupy_copy__complex64_complex64
1927780272,1760,18836,1,1,1,1,1,1,18,0.000,0.000,,,,,NVIDIA A100-SXM4-40GB (0),1,,13,cupy_copy__float32_float32
1927815504,1824,18842,,,,,,,,,,0.000,2.193,Device,Pageable,NVIDIA A100-SXM4-40GB (0),1,,7,[CUDA memcpy Device-to-Host]
1927873871,16576,18853,1434,1,1,128,1,1,16,0.000,0.000,,,,,NVIDIA A100-SXM4-40GB (0),1,,13,cupy_copy__complex64_complex64
1927900495,2752,18860,103,1,1,128,1,1,16,0.000,0.000,,,,,NVIDIA A100-SXM4-40GB (0),1,,13,cupy_copy__complex64_complex64
1927921550,2336,18867,35,1,1,128,1,1,16,0.000,0.000,,,,,NVIDIA A100-SXM4-40GB (0),1,,13,cupy_copy__complex64_complex64
1927939534,1696,18874,1,1,1,1,1,1,18,0.000,0.000,,,,,NVIDIA A100-SXM4-40GB (0),1,,13,cupy_copy__float32_float32
1928081421,86783,18885,1,1,1,32,32,1,30,0.000,0.000,,,,,NVIDIA A100-SXM4-40GB (0),1,,13,"void convert_kernel<__half2, float2>(tensor_layout_any, T1 *, tensor_layout_any, const T2 *)"
1928196555,4672,18888,,,,,,,,,,0.061,13150.679,Pinned,Device,NVIDIA A100-SXM4-40GB (0),1,,13,[CUDA memcpy Host-to-Device]
1928211691,3648,18889,,,,,,,,,,1.547,423963.664,Device,,NVIDIA A100-SXM4-40GB (0),1,,13,[CUDA memset]
1928217131,3136,18894,,,,,,,,,,0.021,6714.274,Pinned,Device,NVIDIA A100-SXM4-40GB (0),1,,13,[CUDA memcpy Host-to-Device]
1928222571,6976,18895,,,,,,,,,,0.131,18788.909,Pinned,Device,NVIDIA A100-SXM4-40GB (0),1,,13,[CUDA memcpy Host-to-Device]
1928235403,6560,18896,273,1,1,8,4,1,39,0.002,0.000,,,,,NVIDIA A100-SXM4-40GB (0),1,,13,"void channel_eq::eqMmseCoefCompLowMimoKernel<float, float, float, (unsigned int)4, (unsigned int)1, (unsigned int)4>(const channel_eq::_puschRxChEqStatDescr *, channel_eq::_puschRxChEqCoefCompDynDescr)"
1928243275,5792,18897,273,1,1,12,11,1,40,0.002,0.000,,,,,NVIDIA A100-SXM4-40GB (0),1,,13,"void channel_eq::eqMmseSoftDemapKernel<float, __half, __half, float, (unsigned int)4, (unsigned short)16383>(channel_eq::_puschRxChEqStatDescr *, channel_eq::_puschRxChEqSoftDemapDynDescr)"
1928250091,307260,18898,1,1,1,32,32,1,30,0.000,0.000,,,,,NVIDIA A100-SXM4-40GB (0),1,,13,"void convert_kernel<float2, __half2>(tensor_layout_any, T1 *, tensor_layout_any, const T2 *)"
1928558407,13760,18910,2253,1,1,128,1,1,16,0.000,0.000,,,,,NVIDIA A100-SXM4-40GB (0),1,,13,cupy_copy__float16_float16
1928573287,2816,18919,282,1,1,128,1,1,16,0.000,0.000,,,,,NVIDIA A100-SXM4-40GB (0),1,,13,cupy_copy__complex64_complex64
1928577415,2048,18928,26,1,1,128,1,1,16,0.000,0.000,,,,,NVIDIA A100-SXM4-40GB (0),1,,13,cupy_copy__float32_float32
1928580807,3136,18937,103,1,1,128,1,1,16,0.000,0.000,,,,,NVIDIA A100-SXM4-40GB (0),1,,13,cupy_copy__complex64_complex64
1928585127,15455,18947,1434,1,1,128,1,1,16,0.000,0.000,,,,,NVIDIA A100-SXM4-40GB (0),1,,13,cupy_copy__complex64_complex64
1928601638,87391,18952,1,1,1,32,32,1,30,0.000,0.000,,,,,NVIDIA A100-SXM4-40GB (0),1,,13,"void convert_kernel<__half2, float2>(tensor_layout_any, T1 *, tensor_layout_any, const T2 *)"
1928716357,4288,18955,,,,,,,,,,0.061,14328.300,Pinned,Device,NVIDIA A100-SXM4-40GB (0),1,,13,[CUDA memcpy Host-to-Device]
1928728069,588153,18956,,,,,,,,,,456.520,776084.816,Device,,NVIDIA A100-SXM4-40GB (0),1,,13,[CUDA memset]
1929318494,32800,18961,,,,,,,,,,0.825,25162.263,Pinned,Device,NVIDIA A100-SXM4-40GB (0),1,,13,[CUDA memcpy Host-to-Device]
1929353630,6879,18962,,,,,,,,,,0.131,19053.806,Pinned,Device,NVIDIA A100-SXM4-40GB (0),1,,13,[CUDA memcpy Host-to-Device]
1929366621,8192,18963,69,4,1,48,1,1,76,0.002,0.000,,,,,NVIDIA A100-SXM4-40GB (0),1,,13,"void ch_est::windowedChEstPreNoDftSOfdmKernel<float, __half, float, (unsigned int)2, (unsigned int)1, (unsigned short)4>(ch_est::puschRxChEstStatDescr_t *, ch_est::puschRxChEstDynDescr_t *)"
1929375869,6688,18964,137,2,1,24,2,1,44,0.001,0.001,,,,,NVIDIA A100-SXM4-40GB (0),1,,13,"void ch_est::chEstFilterNoDftSOfdmDispatchKernel<float, __half, float, (unsigned int)2>(ch_est::puschRxChEstStatDescr_t *, ch_est::puschRxChEstDynDescr_t *)"
1929383741,5184,18965,137,2,1,24,2,1,44,0.001,0.001,,,,,NVIDIA A100-SXM4-40GB (0),1,,13,"void ch_est::chEstFilterNoDftSOfdmDispatchKernel<float, __half, float, (unsigned int)2>(ch_est::puschRxChEstStatDescr_t *, ch_est::puschRxChEstDynDescr_t *)"
1929390045,2624,18976,103,1,1,128,1,1,16,0.000,0.000,,,,,NVIDIA A100-SXM4-40GB (0),1,,13,cupy_copy__complex64_complex64
1929393853,16576,18986,1434,1,1,128,1,1,16,0.000,0.000,,,,,NVIDIA A100-SXM4-40GB (0),1,,13,cupy_copy__complex64_complex64
1929411581,2528,18993,103,1,1,128,1,1,16,0.000,0.000,,,,,NVIDIA A100-SXM4-40GB (0),1,,13,cupy_copy__complex64_complex64
1929415293,87711,19000,1,1,1,32,32,1,30,0.000,0.000,,,,,NVIDIA A100-SXM4-40GB (0),1,,13,"void convert_kernel<__half2, float2>(tensor_layout_any, T1 *, tensor_layout_any, const T2 *)"
1929530395,4320,19003,,,,,,,,,,0.061,14222.193,Pinned,Device,NVIDIA A100-SXM4-40GB (0),1,,13,[CUDA memcpy Host-to-Device]
1929543035,46464,19004,,,,,,,,,,35.801,770508.261,Device,,NVIDIA A100-SXM4-40GB (0),1,,13,[CUDA memset]
1929596987,2016,19006,,,,,,,,,,0.000,39.682,Pinned,Device,NVIDIA A100-SXM4-40GB (0),1,,13,[CUDA memcpy Host-to-Device]
1929601371,6880,19007,,,,,,,,,,0.131,19051.053,Pinned,Device,NVIDIA A100-SXM4-40GB (0),1,,13,[CUDA memcpy Host-to-Device]
1929612410,9152,19008,273,1,1,48,1,1,40,0.000,0.001,,,,,NVIDIA A100-SXM4-40GB (0),1,,13,"void pusch_noise_intf_est::noiseIntfEstNoDftSOfdmKernel<float, __half, float, float, (unsigned int)2, (unsigned int)1, (unsigned char)4, (unsigned char)4>(pusch_noise_intf_est::puschRxNoiseIntfEstDynDescr)"
1929622810,2816,19019,35,1,1,128,1,1,16,0.000,0.000,,,,,NVIDIA A100-SXM4-40GB (0),1,,13,cupy_copy__complex64_complex64
1929652698,1760,19028,1,1,1,1,1,1,18,0.000,0.000,,,,,NVIDIA A100-SXM4-40GB (0),1,,13,cupy_copy__float32_float32
1929686394,1888,19034,,,,,,,,,,0.000,2.119,Device,Pageable,NVIDIA A100-SXM4-40GB (0),1,,7,[CUDA memcpy Device-to-Host]
1929744729,16544,19045,1434,1,1,128,1,1,16,0.000,0.000,,,,,NVIDIA A100-SXM4-40GB (0),1,,13,cupy_copy__complex64_complex64
1929770553,2848,19052,103,1,1,128,1,1,16,0.000,0.000,,,,,NVIDIA A100-SXM4-40GB (0),1,,13,cupy_copy__complex64_complex64
1929791128,2304,19059,35,1,1,128,1,1,16,0.000,0.000,,,,,NVIDIA A100-SXM4-40GB (0),1,,13,cupy_copy__complex64_complex64
1929809496,1696,19066,1,1,1,1,1,1,18,0.000,0.000,,,,,NVIDIA A100-SXM4-40GB (0),1,,13,cupy_copy__float32_float32
1929942647,85951,19077,1,1,1,32,32,1,30,0.000,0.000,,,,,NVIDIA A100-SXM4-40GB (0),1,,13,"void convert_kernel<__half2, float2>(tensor_layout_any, T1 *, tensor_layout_any, const T2 *)"
1930056245,4320,19080,,,,,,,,,,0.061,14222.193,Pinned,Device,NVIDIA A100-SXM4-40GB (0),1,,13,[CUDA memcpy Host-to-Device]
1930071061,3616,19081,,,,,,,,,,1.547,427715.774,Device,,NVIDIA A100-SXM4-40GB (0),1,,13,[CUDA memset]
1930077685,3136,19086,,,,,,,,,,0.021,6714.274,Pinned,Device,NVIDIA A100-SXM4-40GB (0),1,,13,[CUDA memcpy Host-to-Device]
1930083125,7904,19087,,,,,,,,,,0.131,16582.967,Pinned,Device,NVIDIA A100-SXM4-40GB (0),1,,13,[CUDA memcpy Host-to-Device]
1930094645,6560,19088,273,1,1,8,4,1,39,0.002,0.000,,,,,NVIDIA A100-SXM4-40GB (0),1,,13,"void channel_eq::eqMmseCoefCompLowMimoKernel<float, float, float, (unsigned int)4, (unsigned int)1, (unsigned int)4>(const channel_eq::_puschRxChEqStatDescr *, channel_eq::_puschRxChEqCoefCompDynDescr)"
1930102293,5824,19089,273,1,1,12,11,1,40,0.002,0.000,,,,,NVIDIA A100-SXM4-40GB (0),1,,13,"void channel_eq::eqMmseSoftDemapKernel<float, __half, __half, float, (unsigned int)4, (unsigned short)16383>(channel_eq::_puschRxChEqStatDescr *, channel_eq::_puschRxChEqSoftDemapDynDescr)"
1930109429,307740,19090,1,1,1,32,32,1,30,0.000,0.000,,,,,NVIDIA A100-SXM4-40GB (0),1,,13,"void convert_kernel<float2, __half2>(tensor_layout_any, T1 *, tensor_layout_any, const T2 *)"
1930418321,13568,19102,2253,1,1,128,1,1,16,0.000,0.000,,,,,NVIDIA A100-SXM4-40GB (0),1,,13,cupy_copy__float16_float16
1930432945,2912,19111,282,1,1,128,1,1,16,0.000,0.000,,,,,NVIDIA A100-SXM4-40GB (0),1,,13,cupy_copy__complex64_complex64
1930437009,2016,19120,26,1,1,128,1,1,16,0.000,0.000,,,,,NVIDIA A100-SXM4-40GB (0),1,,13,cupy_copy__float32_float32
1930440081,3040,19129,103,1,1,128,1,1,16,0.000,0.000,,,,,NVIDIA A100-SXM4-40GB (0),1,,13,cupy_copy__complex64_complex64
1930444145,15359,19139,1434,1,1,128,1,1,16,0.000,0.000,,,,,NVIDIA A100-SXM4-40GB (0),1,,13,cupy_copy__complex64_complex64
1930460688,86047,19144,1,1,1,32,32,1,30,0.000,0.000,,,,,NVIDIA A100-SXM4-40GB (0),1,,13,"void convert_kernel<__half2, float2>(tensor_layout_any, T1 *, tensor_layout_any, const T2 *)"
1930716589,4288,19147,,,,,,,,,,0.061,14328.300,Pinned,Device,NVIDIA A100-SXM4-40GB (0),1,,13,[CUDA memcpy Host-to-Device]
1930724941,588025,19148,,,,,,,,,,456.520,776084.816,Device,,NVIDIA A100-SXM4-40GB (0),1,,13,[CUDA memset]
1931315270,32800,19153,,,,,,,,,,0.825,25162.263,Pinned,Device,NVIDIA A100-SXM4-40GB (0),1,,13,[CUDA memcpy Host-to-Device]
1931350374,7040,19154,,,,,,,,,,0.131,18618.122,Pinned,Device,NVIDIA A100-SXM4-40GB (0),1,,13,[CUDA memcpy Host-to-Device]
1931361382,7968,19155,69,4,1,48,1,1,76,0.002,0.000,,,,,NVIDIA A100-SXM4-40GB (0),1,,13,"void ch_est::windowedChEstPreNoDftSOfdmKernel<float, __half, float, (unsigned int)2, (unsigned int)1, (unsigned short)4>(ch_est::puschRxChEstStatDescr_t *, ch_est::puschRxChEstDynDescr_t *)"
1931370438,6976,19156,137,2,1,24,2,1,44,0.001,0.001,,,,,NVIDIA A100-SXM4-40GB (0),1,,13,"void ch_est::chEstFilterNoDftSOfdmDispatchKernel<float, __half, float, (unsigned int)2>(ch_est::puschRxChEstStatDescr_t *, ch_est::puschRxChEstDynDescr_t *)"
1931378758,5152,19157,137,2,1,24,2,1,44,0.001,0.001,,,,,NVIDIA A100-SXM4-40GB (0),1,,13,"void ch_est::chEstFilterNoDftSOfdmDispatchKernel<float, __half, float, (unsigned int)2>(ch_est::puschRxChEstStatDescr_t *, ch_est::puschRxChEstDynDescr_t *)"
1931384966,3071,19168,103,1,1,128,1,1,16,0.000,0.000,,,,,NVIDIA A100-SXM4-40GB (0),1,,13,cupy_copy__complex64_complex64
1931389253,16800,19178,1434,1,1,128,1,1,16,0.000,0.000,,,,,NVIDIA A100-SXM4-40GB (0),1,,13,cupy_copy__complex64_complex64
1931407237,2528,19185,103,1,1,128,1,1,16,0.000,0.000,,,,,NVIDIA A100-SXM4-40GB (0),1,,13,cupy_copy__complex64_complex64
1931410821,86751,19192,1,1,1,32,32,1,30,0.000,0.000,,,,,NVIDIA A100-SXM4-40GB (0),1,,13,"void convert_kernel<__half2, float2>(tensor_layout_any, T1 *, tensor_layout_any, const T2 *)"
1931528452,4352,19195,,,,,,,,,,0.061,14117.622,Pinned,Device,NVIDIA A100-SXM4-40GB (0),1,,13,[CUDA memcpy Host-to-Device]
1931544420,46559,19196,,,,,,,,,,35.801,768933.019,Device,,NVIDIA A100-SXM4-40GB (0),1,,13,[CUDA memset]
1931596835,2016,19198,,,,,,,,,,0.000,39.682,Pinned,Device,NVIDIA A100-SXM4-40GB (0),1,,13,[CUDA memcpy Host-to-Device]
1931601155,6880,19199,,,,,,,,,,0.131,19051.053,Pinned,Device,NVIDIA A100-SXM4-40GB (0),1,,13,[CUDA memcpy Host-to-Device]
1931612259,9312,19200,273,1,1,48,1,1,40,0.000,0.001,,,,,NVIDIA A100-SXM4-40GB (0),1,,13,"void pusch_noise_intf_est::noiseIntfEstNoDftSOfdmKernel<float, __half, float, float, (unsigned int)2, (unsigned int)1, (unsigned char)4, (unsigned char)4>(pusch_noise_intf_est::puschRxNoiseIntfEstDynDescr)"
1931622627,2912,19211,35,1,1,128,1,1,16,0.000,0.000,,,,,NVIDIA A100-SXM4-40GB (0),1,,13,cupy_copy__complex64_complex64
1931656802,1760,19220,1,1,1,1,1,1,18,0.000,0.000,,,,,NVIDIA A100-SXM4-40GB (0),1,,13,cupy_copy__float32_float32
1931691938,1824,19226,,,,,,,,,,0.000,2.193,Device,Pageable,NVIDIA A100-SXM4-40GB (0),1,,7,[CUDA memcpy Device-to-Host]
1931750337,16448,19237,1434,1,1,128,1,1,16,0.000,0.000,,,,,NVIDIA A100-SXM4-40GB (0),1,,13,cupy_copy__complex64_complex64
1931777249,2784,19244,103,1,1,128,1,1,16,0.000,0.000,,,,,NVIDIA A100-SXM4-40GB (0),1,,13,cupy_copy__complex64_complex64
1931797985,2336,19251,35,1,1,128,1,1,16,0.000,0.000,,,,,NVIDIA A100-SXM4-40GB (0),1,,13,cupy_copy__complex64_complex64
1931816544,1696,19258,1,1,1,1,1,1,18,0.000,0.000,,,,,NVIDIA A100-SXM4-40GB (0),1,,13,cupy_copy__float32_float32
1931950623,87199,19269,1,1,1,32,32,1,30,0.000,0.000,,,,,NVIDIA A100-SXM4-40GB (0),1,,13,"void convert_kernel<__half2, float2>(tensor_layout_any, T1 *, tensor_layout_any, const T2 *)"
1932205244,4288,19272,,,,,,,,,,0.061,14328.300,Pinned,Device,NVIDIA A100-SXM4-40GB (0),1,,13,[CUDA memcpy Host-to-Device]
1932215420,3648,19273,,,,,,,,,,1.547,423963.664,Device,,NVIDIA A100-SXM4-40GB (0),1,,13,[CUDA memset]
1932222588,3168,19278,,,,,,,,,,0.021,6646.453,Pinned,Device,NVIDIA A100-SXM4-40GB (0),1,,13,[CUDA memcpy Host-to-Device]
1932228060,6911,19279,,,,,,,,,,0.131,18965.594,Pinned,Device,NVIDIA A100-SXM4-40GB (0),1,,13,[CUDA memcpy Host-to-Device]
1932246107,6528,19280,273,1,1,8,4,1,39,0.002,0.000,,,,,NVIDIA A100-SXM4-40GB (0),1,,13,"void channel_eq::eqMmseCoefCompLowMimoKernel<float, float, float, (unsigned int)4, (unsigned int)1, (unsigned int)4>(const channel_eq::_puschRxChEqStatDescr *, channel_eq::_puschRxChEqCoefCompDynDescr)"
1932253691,5664,19281,273,1,1,12,11,1,40,0.002,0.000,,,,,NVIDIA A100-SXM4-40GB (0),1,,13,"void channel_eq::eqMmseSoftDemapKernel<float, __half, __half, float, (unsigned int)4, (unsigned short)16383>(channel_eq::_puschRxChEqStatDescr *, channel_eq::_puschRxChEqSoftDemapDynDescr)"
1932260667,307645,19282,1,1,1,32,32,1,30,0.000,0.000,,,,,NVIDIA A100-SXM4-40GB (0),1,,13,"void convert_kernel<float2, __half2>(tensor_layout_any, T1 *, tensor_layout_any, const T2 *)"
1932569527,13536,19294,2253,1,1,128,1,1,16,0.000,0.000,,,,,NVIDIA A100-SXM4-40GB (0),1,,13,cupy_copy__float16_float16
1932584119,2848,19303,282,1,1,128,1,1,16,0.000,0.000,,,,,NVIDIA A100-SXM4-40GB (0),1,,13,cupy_copy__complex64_complex64
1932588311,2048,19312,26,1,1,128,1,1,16,0.000,0.000,,,,,NVIDIA A100-SXM4-40GB (0),1,,13,cupy_copy__float32_float32
1932591383,3104,19321,103,1,1,128,1,1,16,0.000,0.000,,,,,NVIDIA A100-SXM4-40GB (0),1,,13,cupy_copy__complex64_complex64
1932595831,15168,19331,1434,1,1,128,1,1,16,0.000,0.000,,,,,NVIDIA A100-SXM4-40GB (0),1,,13,cupy_copy__complex64_complex64
1932713142,87391,19336,1,1,1,32,32,1,30,0.000,0.000,,,,,NVIDIA A100-SXM4-40GB (0),1,,13,"void convert_kernel<__half2, float2>(tensor_layout_any, T1 *, tensor_layout_any, const T2 *)"
1932831284,4288,19339,,,,,,,,,,0.061,14328.300,Pinned,Device,NVIDIA A100-SXM4-40GB (0),1,,13,[CUDA memcpy Host-to-Device]
1932842420,587865,19340,,,,,,,,,,456.520,776541.336,Device,,NVIDIA A100-SXM4-40GB (0),1,,13,[CUDA memset]
1933434925,32768,19345,,,,,,,,,,0.825,25187.023,Pinned,Device,NVIDIA A100-SXM4-40GB (0),1,,13,[CUDA memcpy Host-to-Device]
1933469997,6912,19346,,,,,,,,,,0.131,18962.842,Pinned,Device,NVIDIA A100-SXM4-40GB (0),1,,13,[CUDA memcpy Host-to-Device]
1933481037,8032,19347,69,4,1,48,1,1,76,0.002,0.000,,,,,NVIDIA A100-SXM4-40GB (0),1,,13,"void ch_est::windowedChEstPreNoDftSOfdmKernel<float, __half, float, (unsigned int)2, (unsigned int)1, (unsigned short)4>(ch_est::puschRxChEstStatDescr_t *, ch_est::puschRxChEstDynDescr_t *)"
1933490253,6592,19348,137,2,1,24,2,1,44,0.001,0.001,,,,,NVIDIA A100-SXM4-40GB (0),1,,13,"void ch_est::chEstFilterNoDftSOfdmDispatchKernel<float, __half, float, (unsigned int)2>(ch_est::puschRxChEstStatDescr_t *, ch_est::puschRxChEstDynDescr_t *)"
1933497997,5183,19349,137,2,1,24,2,1,44,0.001,0.001,,,,,NVIDIA A100-SXM4-40GB (0),1,,13,"void ch_est::chEstFilterNoDftSOfdmDispatchKernel<float, __half, float, (unsigned int)2>(ch_est::puschRxChEstStatDescr_t *, ch_est::puschRxChEstDynDescr_t *)"
1933504332,2592,19360,103,1,1,128,1,1,16,0.000,0.000,,,,,NVIDIA A100-SXM4-40GB (0),1,,13,cupy_copy__complex64_complex64
1933508012,16288,19370,1434,1,1,128,1,1,16,0.000,0.000,,,,,NVIDIA A100-SXM4-40GB (0),1,,13,cupy_copy__complex64_complex64
1933525516,2496,19377,103,1,1,128,1,1,16,0.000,0.000,,,,,NVIDIA A100-SXM4-40GB (0),1,,13,cupy_copy__complex64_complex64
1933529068,86655,19384,1,1,1,32,32,1,30,0.000,0.000,,,,,NVIDIA A100-SXM4-40GB (0),1,,13,"void convert_kernel<__half2, float2>(tensor_layout_any, T1 *, tensor_layout_any, const T2 *)"
1933643947,4320,19387,,,,,,,,,,0.061,14222.193,Pinned,Device,NVIDIA A100-SXM4-40GB (0),1,,13,[CUDA memcpy Host-to-Device]
1933656491,46495,19388,,,,,,,,,,35.801,769971.247,Device,,NVIDIA A100-SXM4-40GB (0),1,,13,[CUDA memset]
1933709354,1984,19390,,,,,,,,,,0.000,40.323,Pinned,Device,NVIDIA A100-SXM4-40GB (0),1,,13,[CUDA memcpy Host-to-Device]
1933713642,6912,19391,,,,,,,,,,0.131,18962.842,Pinned,Device,NVIDIA A100-SXM4-40GB (0),1,,13,[CUDA memcpy Host-to-Device]
1933727050,9216,19392,273,1,1,48,1,1,40,0.000,0.001,,,,,NVIDIA A100-SXM4-40GB (0),1,,13,"void pusch_noise_intf_est::noiseIntfEstNoDftSOfdmKernel<float, __half, float, float, (unsigned int)2, (unsigned int)1, (unsigned char)4, (unsigned char)4>(pusch_noise_intf_est::puschRxNoiseIntfEstDynDescr)"
1933737354,2912,19403,35,1,1,128,1,1,16,0.000,0.000,,,,,NVIDIA A100-SXM4-40GB (0),1,,13,cupy_copy__complex64_complex64
1933764713,1728,19412,1,1,1,1,1,1,18,0.000,0.000,,,,,NVIDIA A100-SXM4-40GB (0),1,,13,cupy_copy__float32_float32
1933799977,1824,19418,,,,,,,,,,0.000,2.193,Device,Pageable,NVIDIA A100-SXM4-40GB (0),1,,7,[CUDA memcpy Device-to-Host]
1933859112,16320,19429,1434,1,1,128,1,1,16,0.000,0.000,,,,,NVIDIA A100-SXM4-40GB (0),1,,13,cupy_copy__complex64_complex64
1933885384,2848,19436,103,1,1,128,1,1,16,0.000,0.000,,,,,NVIDIA A100-SXM4-40GB (0),1,,13,cupy_copy__complex64_complex64
1933906248,2304,19443,35,1,1,128,1,1,16,0.000,0.000,,,,,NVIDIA A100-SXM4-40GB (0),1,,13,cupy_copy__complex64_complex64
1933923975,1696,19450,1,1,1,1,1,1,18,0.000,0.000,,,,,NVIDIA A100-SXM4-40GB (0),1,,13,cupy_copy__float32_float32
1934056102,86783,19461,1,1,1,32,32,1,30,0.000,0.000,,,,,NVIDIA A100-SXM4-40GB (0),1,,13,"void convert_kernel<__half2, float2>(tensor_layout_any, T1 *, tensor_layout_any, const T2 *)"
1934170533,4319,19464,,,,,,,,,,0.061,14225.510,Pinned,Device,NVIDIA A100-SXM4-40GB (0),1,,13,[CUDA memcpy Host-to-Device]
1934184740,3616,19465,,,,,,,,,,1.547,427715.774,Device,,NVIDIA A100-SXM4-40GB (0),1,,13,[CUDA memset]
1934191108,3136,19470,,,,,,,,,,0.021,6714.274,Pinned,Device,NVIDIA A100-SXM4-40GB (0),1,,13,[CUDA memcpy Host-to-Device]
1934196548,6976,19471,,,,,,,,,,0.131,18788.909,Pinned,Device,NVIDIA A100-SXM4-40GB (0),1,,13,[CUDA memcpy Host-to-Device]
1934211332,6560,19472,273,1,1,8,4,1,39,0.002,0.000,,,,,NVIDIA A100-SXM4-40GB (0),1,,13,"void channel_eq::eqMmseCoefCompLowMimoKernel<float, float, float, (unsigned int)4, (unsigned int)1, (unsigned int)4>(const channel_eq::_puschRxChEqStatDescr *, channel_eq::_puschRxChEqCoefCompDynDescr)"
1934219204,5664,19473,273,1,1,12,11,1,40,0.002,0.000,,,,,NVIDIA A100-SXM4-40GB (0),1,,13,"void channel_eq::eqMmseSoftDemapKernel<float, __half, __half, float, (unsigned int)4, (unsigned short)16383>(channel_eq::_puschRxChEqStatDescr *, channel_eq::_puschRxChEqSoftDemapDynDescr)"
1934226020,307484,19474,1,1,1,32,32,1,30,0.000,0.000,,,,,NVIDIA A100-SXM4-40GB (0),1,,13,"void convert_kernel<float2, __half2>(tensor_layout_any, T1 *, tensor_layout_any, const T2 *)"
1934534784,13728,19486,2253,1,1,128,1,1,16,0.000,0.000,,,,,NVIDIA A100-SXM4-40GB (0),1,,13,cupy_copy__float16_float16
1934549664,2816,19495,282,1,1,128,1,1,16,0.000,0.000,,,,,NVIDIA A100-SXM4-40GB (0),1,,13,cupy_copy__complex64_complex64
1934553792,2048,19504,26,1,1,128,1,1,16,0.000,0.000,,,,,NVIDIA A100-SXM4-40GB (0),1,,13,cupy_copy__float32_float32
1934557184,3040,19513,103,1,1,128,1,1,16,0.000,0.000,,,,,NVIDIA A100-SXM4-40GB (0),1,,13,cupy_copy__complex64_complex64
1934607359,15232,19529,1434,1,1,128,1,1,16,0.000,0.000,,,,,NVIDIA A100-SXM4-40GB (0),1,,13,cupy_copy__complex64_complex64
1934722910,87263,19534,1,1,1,32,32,1,30,0.000,0.000,,,,,NVIDIA A100-SXM4-40GB (0),1,,13,"void convert_kernel<__half2, float2>(tensor_layout_any, T1 *, tensor_layout_any, const T2 *)"
1934837437,4544,19537,,,,,,,,,,0.061,13521.101,Pinned,Device,NVIDIA A100-SXM4-40GB (0),1,,13,[CUDA memcpy Host-to-Device]
1934848637,587737,19538,,,,,,,,,,456.520,776541.336,Device,,NVIDIA A100-SXM4-40GB (0),1,,13,[CUDA memset]
1935437814,32831,19543,,,,,,,,,,0.825,25139.153,Pinned,Device,NVIDIA A100-SXM4-40GB (0),1,,13,[CUDA memcpy Host-to-Device]
1935472949,6912,19544,,,,,,,,,,0.131,18962.842,Pinned,Device,NVIDIA A100-SXM4-40GB (0),1,,13,[CUDA memcpy Host-to-Device]
1935484981,7680,19545,69,4,1,48,1,1,76,0.002,0.000,,,,,NVIDIA A100-SXM4-40GB (0),1,,13,"void ch_est::windowedChEstPreNoDftSOfdmKernel<float, __half, float, (unsigned int)2, (unsigned int)1, (unsigned short)4>(ch_est::puschRxChEstStatDescr_t *, ch_est::puschRxChEstDynDescr_t *)"
1935493973,6912,19546,137,2,1,24,2,1,44,0.001,0.001,,,,,NVIDIA A100-SXM4-40GB (0),1,,13,"void ch_est::chEstFilterNoDftSOfdmDispatchKernel<float, __half, float, (unsigned int)2>(ch_est::puschRxChEstStatDescr_t *, ch_est::puschRxChEstDynDescr_t *)"
1935502037,5184,19547,137,2,1,24,2,1,44,0.001,0.001,,,,,NVIDIA A100-SXM4-40GB (0),1,,13,"void ch_est::chEstFilterNoDftSOfdmDispatchKernel<float, __half, float, (unsigned int)2>(ch_est::puschRxChEstStatDescr_t *, ch_est::puschRxChEstDynDescr_t *)"
1935508341,2624,19558,103,1,1,128,1,1,16,0.000,0.000,,,,,NVIDIA A100-SXM4-40GB (0),1,,13,cupy_copy__complex64_complex64
1935512117,16287,19568,1434,1,1,128,1,1,16,0.000,0.000,,,,,NVIDIA A100-SXM4-40GB (0),1,,13,cupy_copy__complex64_complex64
1935529524,2528,19575,103,1,1,128,1,1,16,0.000,0.000,,,,,NVIDIA A100-SXM4-40GB (0),1,,13,cupy_copy__complex64_complex64
1935533108,87071,19582,1,1,1,32,32,1,30,0.000,0.000,,,,,NVIDIA A100-SXM4-40GB (0),1,,13,"void convert_kernel<__half2, float2>(tensor_layout_any, T1 *, tensor_layout_any, const T2 *)"
1935648243,4352,19585,,,,,,,,,,0.061,14117.622,Pinned,Device,NVIDIA A100-SXM4-40GB (0),1,,13,[CUDA memcpy Host-to-Device]
1935660403,46719,19586,,,,,,,,,,35.801,766283.748,Device,,NVIDIA A100-SXM4-40GB (0),1,,13,[CUDA memset]
1935713266,2144,19588,,,,,,,,,,0.000,37.313,Pinned,Device,NVIDIA A100-SXM4-40GB (0),1,,13,[CUDA memcpy Host-to-Device]
1935717714,7008,19589,,,,,,,,,,0.131,18703.188,Pinned,Device,NVIDIA A100-SXM4-40GB (0),1,,13,[CUDA memcpy Host-to-Device]
1935730930,9344,19590,273,1,1,48,1,1,40,0.000,0.001,,,,,NVIDIA A100-SXM4-40GB (0),1,,13,"void pusch_noise_intf_est::noiseIntfEstNoDftSOfdmKernel<float, __half, float, float, (unsigned int)2, (unsigned int)1, (unsigned char)4, (unsigned char)4>(pusch_noise_intf_est::puschRxNoiseIntfEstDynDescr)"
1935741362,2784,19601,35,1,1,128,1,1,16,0.000,0.000,,,,,NVIDIA A100-SXM4-40GB (0),1,,13,cupy_copy__complex64_complex64
1935768754,1760,19610,1,1,1,1,1,1,18,0.000,0.000,,,,,NVIDIA A100-SXM4-40GB (0),1,,13,cupy_copy__float32_float32
1935802577,1728,19616,,,,,,,,,,0.000,2.315,Device,Pageable,NVIDIA A100-SXM4-40GB (0),1,,7,[CUDA memcpy Device-to-Host]
1935859985,16319,19627,1434,1,1,128,1,1,16,0.000,0.000,,,,,NVIDIA A100-SXM4-40GB (0),1,,13,cupy_copy__complex64_complex64
1935885776,2752,19634,103,1,1,128,1,1,16,0.000,0.000,,,,,NVIDIA A100-SXM4-40GB (0),1,,13,cupy_copy__complex64_complex64
1935906608,2336,19641,35,1,1,128,1,1,16,0.000,0.000,,,,,NVIDIA A100-SXM4-40GB (0),1,,13,cupy_copy__complex64_complex64
1935925744,1696,19648,1,1,1,1,1,1,18,0.000,0.000,,,,,NVIDIA A100-SXM4-40GB (0),1,,13,cupy_copy__float32_float32
1936068846,87103,19659,1,1,1,32,32,1,30,0.000,0.000,,,,,NVIDIA A100-SXM4-40GB (0),1,,13,"void convert_kernel<__half2, float2>(tensor_layout_any, T1 *, tensor_layout_any, const T2 *)"
1936325195,4320,19662,,,,,,,,,,0.061,14222.193,Pinned,Device,NVIDIA A100-SXM4-40GB (0),1,,13,[CUDA memcpy Host-to-Device]
1936334091,3616,19663,,,,,,,,,,1.547,427715.774,Device,,NVIDIA A100-SXM4-40GB (0),1,,13,[CUDA memset]
1936343115,3136,19668,,,,,,,,,,0.021,6714.274,Pinned,Device,NVIDIA A100-SXM4-40GB (0),1,,13,[CUDA memcpy Host-to-Device]
1936348555,6944,19669,,,,,,,,,,0.131,18875.548,Pinned,Device,NVIDIA A100-SXM4-40GB (0),1,,13,[CUDA memcpy Host-to-Device]
1936363563,6560,19670,273,1,1,8,4,1,39,0.002,0.000,,,,,NVIDIA A100-SXM4-40GB (0),1,,13,"void channel_eq::eqMmseCoefCompLowMimoKernel<float, float, float, (unsigned int)4, (unsigned int)1, (unsigned int)4>(const channel_eq::_puschRxChEqStatDescr *, channel_eq::_puschRxChEqCoefCompDynDescr)"
1936371467,5823,19671,273,1,1,12,11,1,40,0.002,0.000,,,,,NVIDIA A100-SXM4-40GB (0),1,,13,"void channel_eq::eqMmseSoftDemapKernel<float, __half, __half, float, (unsigned int)4, (unsigned short)16383>(channel_eq::_puschRxChEqStatDescr *, channel_eq::_puschRxChEqSoftDemapDynDescr)"
1936378602,307325,19672,1,1,1,32,32,1,30,0.000,0.000,,,,,NVIDIA A100-SXM4-40GB (0),1,,13,"void convert_kernel<float2, __half2>(tensor_layout_any, T1 *, tensor_layout_any, const T2 *)"
1936687047,13696,19684,2253,1,1,128,1,1,16,0.000,0.000,,,,,NVIDIA A100-SXM4-40GB (0),1,,13,cupy_copy__float16_float16
1936701895,2816,19693,282,1,1,128,1,1,16,0.000,0.000,,,,,NVIDIA A100-SXM4-40GB (0),1,,13,cupy_copy__complex64_complex64
1936706023,2048,19702,26,1,1,128,1,1,16,0.000,0.000,,,,,NVIDIA A100-SXM4-40GB (0),1,,13,cupy_copy__float32_float32
1936709383,3071,19711,103,1,1,128,1,1,16,0.000,0.000,,,,,NVIDIA A100-SXM4-40GB (0),1,,13,cupy_copy__complex64_complex64
1936713766,15392,19721,1434,1,1,128,1,1,16,0.000,0.000,,,,,NVIDIA A100-SXM4-40GB (0),1,,13,cupy_copy__complex64_complex64
1936837605,86207,19726,1,1,1,32,32,1,30,0.000,0.000,,,,,NVIDIA A100-SXM4-40GB (0),1,,13,"void convert_kernel<__half2, float2>(tensor_layout_any, T1 *, tensor_layout_any, const T2 *)"
1936954180,4320,19729,,,,,,,,,,0.061,14222.193,Pinned,Device,NVIDIA A100-SXM4-40GB (0),1,,13,[CUDA memcpy Host-to-Device]
1936965987,587802,19730,,,,,,,,,,456.520,776541.336,Device,,NVIDIA A100-SXM4-40GB (0),1,,13,[CUDA memset]
1937557500,33088,19735,,,,,,,,,,0.825,24943.546,Pinned,Device,NVIDIA A100-SXM4-40GB (0),1,,13,[CUDA memcpy Host-to-Device]
1937592924,6880,19736,,,,,,,,,,0.131,19051.053,Pinned,Device,NVIDIA A100-SXM4-40GB (0),1,,13,[CUDA memcpy Host-to-Device]
1937603612,8288,19737,69,4,1,48,1,1,76,0.002,0.000,,,,,NVIDIA A100-SXM4-40GB (0),1,,13,"void ch_est::windowedChEstPreNoDftSOfdmKernel<float, __half, float, (unsigned int)2, (unsigned int)1, (unsigned short)4>(ch_est::puschRxChEstStatDescr_t *, ch_est::puschRxChEstDynDescr_t *)"
1937613244,6944,19738,137,2,1,24,2,1,44,0.001,0.001,,,,,NVIDIA A100-SXM4-40GB (0),1,,13,"void ch_est::chEstFilterNoDftSOfdmDispatchKernel<float, __half, float, (unsigned int)2>(ch_est::puschRxChEstStatDescr_t *, ch_est::puschRxChEstDynDescr_t *)"
1937621404,5216,19739,137,2,1,24,2,1,44,0.001,0.001,,,,,NVIDIA A100-SXM4-40GB (0),1,,13,"void ch_est::chEstFilterNoDftSOfdmDispatchKernel<float, __half, float, (unsigned int)2>(ch_est::puschRxChEstStatDescr_t *, ch_est::puschRxChEstDynDescr_t *)"
1937627708,2592,19750,103,1,1,128,1,1,16,0.000,0.000,,,,,NVIDIA A100-SXM4-40GB (0),1,,13,cupy_copy__complex64_complex64
1937631484,16383,19760,1434,1,1,128,1,1,16,0.000,0.000,,,,,NVIDIA A100-SXM4-40GB (0),1,,13,cupy_copy__complex64_complex64
1937648955,2528,19767,103,1,1,128,1,1,16,0.000,0.000,,,,,NVIDIA A100-SXM4-40GB (0),1,,13,cupy_copy__complex64_complex64
1937652667,86975,19774,1,1,1,32,32,1,30,0.000,0.000,,,,,NVIDIA A100-SXM4-40GB (0),1,,13,"void convert_kernel<__half2, float2>(tensor_layout_any, T1 *, tensor_layout_any, const T2 *)"
1937907192,4288,19777,,,,,,,,,,0.061,14328.300,Pinned,Device,NVIDIA A100-SXM4-40GB (0),1,,13,[CUDA memcpy Host-to-Device]
1937916920,47456,19778,,,,,,,,,,35.801,754397.829,Device,,NVIDIA A100-SXM4-40GB (0),1,,13,[CUDA memset]
1937971896,1984,19780,,,,,,,,,,0.000,40.323,Pinned,Device,NVIDIA A100-SXM4-40GB (0),1,,13,[CUDA memcpy Host-to-Device]
1937976184,6943,19781,,,,,,,,,,0.131,18878.169,Pinned,Device,NVIDIA A100-SXM4-40GB (0),1,,13,[CUDA memcpy Host-to-Device]
1937988631,9792,19782,273,1,1,48,1,1,40,0.000,0.001,,,,,NVIDIA A100-SXM4-40GB (0),1,,13,"void pusch_noise_intf_est::noiseIntfEstNoDftSOfdmKernel<float, __half, float, float, (unsigned int)2, (unsigned int)1, (unsigned char)4, (unsigned char)4>(pusch_noise_intf_est::puschRxNoiseIntfEstDynDescr)"
1937999767,2784,19793,35,1,1,128,1,1,16,0.000,0.000,,,,,NVIDIA A100-SXM4-40GB (0),1,,13,cupy_copy__complex64_complex64
1938009783,1760,19802,1,1,1,1,1,1,18,0.000,0.000,,,,,NVIDIA A100-SXM4-40GB (0),1,,13,cupy_copy__float32_float32
1938044663,1856,19808,,,,,,,,,,0.000,2.155,Device,Pageable,NVIDIA A100-SXM4-40GB (0),1,,7,[CUDA memcpy Device-to-Host]
1938103062,16640,19819,1434,1,1,128,1,1,16,0.000,0.000,,,,,NVIDIA A100-SXM4-40GB (0),1,,13,cupy_copy__complex64_complex64
1938130070,2848,19826,103,1,1,128,1,1,16,0.000,0.000,,,,,NVIDIA A100-SXM4-40GB (0),1,,13,cupy_copy__complex64_complex64
1938151285,2304,19833,35,1,1,128,1,1,16,0.000,0.000,,,,,NVIDIA A100-SXM4-40GB (0),1,,13,cupy_copy__complex64_complex64
1938169749,1696,19840,1,1,1,1,1,1,18,0.000,0.000,,,,,NVIDIA A100-SXM4-40GB (0),1,,13,cupy_copy__float32_float32
1938434418,87071,19851,1,1,1,32,32,1,30,0.000,0.000,,,,,NVIDIA A100-SXM4-40GB (0),1,,13,"void convert_kernel<__half2, float2>(tensor_layout_any, T1 *, tensor_layout_any, const T2 *)"
1938553105,4320,19854,,,,,,,,,,0.061,14222.193,Pinned,Device,NVIDIA A100-SXM4-40GB (0),1,,13,[CUDA memcpy Host-to-Device]
1938568593,3583,19855,,,,,,,,,,1.547,431655.025,Device,,NVIDIA A100-SXM4-40GB (0),1,,13,[CUDA memset]
1938580016,2752,19860,,,,,,,,,,0.021,7651.161,Pinned,Device,NVIDIA A100-SXM4-40GB (0),1,,13,[CUDA memcpy Host-to-Device]
1938591792,7008,19861,,,,,,,,,,0.131,18703.188,Pinned,Device,NVIDIA A100-SXM4-40GB (0),1,,13,[CUDA memcpy Host-to-Device]
1938606096,6592,19862,273,1,1,8,4,1,39,0.002,0.000,,,,,NVIDIA A100-SXM4-40GB (0),1,,13,"void channel_eq::eqMmseCoefCompLowMimoKernel<float, float, float, (unsigned int)4, (unsigned int)1, (unsigned int)4>(const channel_eq::_puschRxChEqStatDescr *, channel_eq::_puschRxChEqCoefCompDynDescr)"
1938613776,5792,19863,273,1,1,12,11,1,40,0.002,0.000,,,,,NVIDIA A100-SXM4-40GB (0),1,,13,"void channel_eq::eqMmseSoftDemapKernel<float, __half, __half, float, (unsigned int)4, (unsigned short)16383>(channel_eq::_puschRxChEqStatDescr *, channel_eq::_puschRxChEqSoftDemapDynDescr)"
1938620912,308124,19864,1,1,1,32,32,1,30,0.000,0.000,,,,,NVIDIA A100-SXM4-40GB (0),1,,13,"void convert_kernel<float2, __half2>(tensor_layout_any, T1 *, tensor_layout_any, const T2 *)"
1938930060,13536,19876,2253,1,1,128,1,1,16,0.000,0.000,,,,,NVIDIA A100-SXM4-40GB (0),1,,13,cupy_copy__float16_float16
1938944684,2784,19885,282,1,1,128,1,1,16,0.000,0.000,,,,,NVIDIA A100-SXM4-40GB (0),1,,13,cupy_copy__complex64_complex64
1938948812,2016,19894,26,1,1,128,1,1,16,0.000,0.000,,,,,NVIDIA A100-SXM4-40GB (0),1,,13,cupy_copy__float32_float32
1938951884,3008,19903,103,1,1,128,1,1,16,0.000,0.000,,,,,NVIDIA A100-SXM4-40GB (0),1,,13,cupy_copy__complex64_complex64
1938956108,15328,19913,1434,1,1,128,1,1,16,0.000,0.000,,,,,NVIDIA A100-SXM4-40GB (0),1,,13,cupy_copy__complex64_complex64
1938972492,87007,19918,1,1,1,32,32,1,30,0.000,0.000,,,,,NVIDIA A100-SXM4-40GB (0),1,,13,"void convert_kernel<__half2, float2>(tensor_layout_any, T1 *, tensor_layout_any, const T2 *)"
1939087114,4288,19921,,,,,,,,,,0.061,14328.300,Pinned,Device,NVIDIA A100-SXM4-40GB (0),1,,13,[CUDA memcpy Host-to-Device]
1939098762,588249,19922,,,,,,,,,,456.520,775628.296,Device,,NVIDIA A100-SXM4-40GB (0),1,,13,[CUDA memset]
1939687747,32800,19927,,,,,,,,,,0.825,25162.263,Pinned,Device,NVIDIA A100-SXM4-40GB (0),1,,13,[CUDA memcpy Host-to-Device]
1939722851,7008,19928,,,,,,,,,,0.131,18703.188,Pinned,Device,NVIDIA A100-SXM4-40GB (0),1,,13,[CUDA memcpy Host-to-Device]
1939736579,7744,19929,69,4,1,48,1,1,76,0.002,0.000,,,,,NVIDIA A100-SXM4-40GB (0),1,,13,"void ch_est::windowedChEstPreNoDftSOfdmKernel<float, __half, float, (unsigned int)2, (unsigned int)1, (unsigned short)4>(ch_est::puschRxChEstStatDescr_t *, ch_est::puschRxChEstDynDescr_t *)"
1939745539,6976,19930,137,2,1,24,2,1,44,0.001,0.001,,,,,NVIDIA A100-SXM4-40GB (0),1,,13,"void ch_est::chEstFilterNoDftSOfdmDispatchKernel<float, __half, float, (unsigned int)2>(ch_est::puschRxChEstStatDescr_t *, ch_est::puschRxChEstDynDescr_t *)"
1939753634,5184,19931,137,2,1,24,2,1,44,0.001,0.001,,,,,NVIDIA A100-SXM4-40GB (0),1,,13,"void ch_est::chEstFilterNoDftSOfdmDispatchKernel<float, __half, float, (unsigned int)2>(ch_est::puschRxChEstStatDescr_t *, ch_est::puschRxChEstDynDescr_t *)"
1939760162,2624,19942,103,1,1,128,1,1,16,0.000,0.000,,,,,NVIDIA A100-SXM4-40GB (0),1,,13,cupy_copy__complex64_complex64
1939763970,16672,19952,1434,1,1,128,1,1,16,0.000,0.000,,,,,NVIDIA A100-SXM4-40GB (0),1,,13,cupy_copy__complex64_complex64
1939781730,2560,19959,103,1,1,128,1,1,16,0.000,0.000,,,,,NVIDIA A100-SXM4-40GB (0),1,,13,cupy_copy__complex64_complex64
1939785602,86847,19966,1,1,1,32,32,1,30,0.000,0.000,,,,,NVIDIA A100-SXM4-40GB (0),1,,13,"void convert_kernel<__half2, float2>(tensor_layout_any, T1 *, tensor_layout_any, const T2 *)"
1939899585,4320,19969,,,,,,,,,,0.061,14222.193,Pinned,Device,NVIDIA A100-SXM4-40GB (0),1,,13,[CUDA memcpy Host-to-Device]
1939911841,46367,19970,,,,,,,,,,35.801,772119.304,Device,,NVIDIA A100-SXM4-40GB (0),1,,13,[CUDA memset]
1939963872,1984,19972,,,,,,,,,,0.000,40.323,Pinned,Device,NVIDIA A100-SXM4-40GB (0),1,,13,[CUDA memcpy Host-to-Device]
1939968160,6912,19973,,,,,,,,,,0.131,18962.842,Pinned,Device,NVIDIA A100-SXM4-40GB (0),1,,13,[CUDA memcpy Host-to-Device]
1939985408,9504,19974,273,1,1,48,1,1,40,0.000,0.001,,,,,NVIDIA A100-SXM4-40GB (0),1,,13,"void pusch_noise_intf_est::noiseIntfEstNoDftSOfdmKernel<float, __half, float, float, (unsigned int)2, (unsigned int)1, (unsigned char)4, (unsigned char)4>(pusch_noise_intf_est::puschRxNoiseIntfEstDynDescr)"
1939996064,3008,19985,35,1,1,128,1,1,16,0.000,0.000,,,,,NVIDIA A100-SXM4-40GB (0),1,,13,cupy_copy__complex64_complex64
1940026623,1728,19994,1,1,1,1,1,1,18,0.000,0.000,,,,,NVIDIA A100-SXM4-40GB (0),1,,13,cupy_copy__float32_float32
1940061215,1920,20000,,,,,,,,,,0.000,2.083,Device,Pageable,NVIDIA A100-SXM4-40GB (0),1,,7,[CUDA memcpy Device-to-Host]
1940119518,16448,20011,1434,1,1,128,1,1,16,0.000,0.000,,,,,NVIDIA A100-SXM4-40GB (0),1,,13,cupy_copy__complex64_complex64
1940147070,2752,20018,103,1,1,128,1,1,16,0.000,0.000,,,,,NVIDIA A100-SXM4-40GB (0),1,,13,cupy_copy__complex64_complex64
1940167870,2336,20025,35,1,1,128,1,1,16,0.000,0.000,,,,,NVIDIA A100-SXM4-40GB (0),1,,13,cupy_copy__complex64_complex64
1940186141,1696,20032,1,1,1,1,1,1,18,0.000,0.000,,,,,NVIDIA A100-SXM4-40GB (0),1,,13,cupy_copy__float32_float32
1940318044,86623,20043,1,1,1,32,32,1,30,0.000,0.000,,,,,NVIDIA A100-SXM4-40GB (0),1,,13,"void convert_kernel<__half2, float2>(tensor_layout_any, T1 *, tensor_layout_any, const T2 *)"
1940432378,4320,20046,,,,,,,,,,0.061,14222.193,Pinned,Device,NVIDIA A100-SXM4-40GB (0),1,,13,[CUDA memcpy Host-to-Device]
1940449434,3616,20047,,,,,,,,,,1.547,427715.774,Device,,NVIDIA A100-SXM4-40GB (0),1,,13,[CUDA memset]
1940455994,3136,20052,,,,,,,,,,0.021,6714.274,Pinned,Device,NVIDIA A100-SXM4-40GB (0),1,,13,[CUDA memcpy Host-to-Device]
1940461786,8000,20053,,,,,,,,,,0.131,16384.000,Pinned,Device,NVIDIA A100-SXM4-40GB (0),1,,13,[CUDA memcpy Host-to-Device]
1940473402,6528,20054,273,1,1,8,4,1,39,0.002,0.000,,,,,NVIDIA A100-SXM4-40GB (0),1,,13,"void channel_eq::eqMmseCoefCompLowMimoKernel<float, float, float, (unsigned int)4, (unsigned int)1, (unsigned int)4>(const channel_eq::_puschRxChEqStatDescr *, channel_eq::_puschRxChEqCoefCompDynDescr)"
1940480986,5856,20055,273,1,1,12,11,1,40,0.002,0.000,,,,,NVIDIA A100-SXM4-40GB (0),1,,13,"void channel_eq::eqMmseSoftDemapKernel<float, __half, __half, float, (unsigned int)4, (unsigned short)16383>(channel_eq::_puschRxChEqStatDescr *, channel_eq::_puschRxChEqSoftDemapDynDescr)"
1940487898,307676,20056,1,1,1,32,32,1,30,0.000,0.000,,,,,NVIDIA A100-SXM4-40GB (0),1,,13,"void convert_kernel<float2, __half2>(tensor_layout_any, T1 *, tensor_layout_any, const T2 *)"
1940796822,13408,20068,2253,1,1,128,1,1,16,0.000,0.000,,,,,NVIDIA A100-SXM4-40GB (0),1,,13,cupy_copy__float16_float16
1940811542,2848,20077,282,1,1,128,1,1,16,0.000,0.000,,,,,NVIDIA A100-SXM4-40GB (0),1,,13,cupy_copy__complex64_complex64
1940815702,2016,20086,26,1,1,128,1,1,16,0.000,0.000,,,,,NVIDIA A100-SXM4-40GB (0),1,,13,cupy_copy__float32_float32
1940818774,3072,20095,103,1,1,128,1,1,16,0.000,0.000,,,,,NVIDIA A100-SXM4-40GB (0),1,,13,cupy_copy__complex64_complex64
1940823158,15360,20105,1434,1,1,128,1,1,16,0.000,0.000,,,,,NVIDIA A100-SXM4-40GB (0),1,,13,cupy_copy__complex64_complex64
1940839670,87327,20110,1,1,1,32,32,1,30,0.000,0.000,,,,,NVIDIA A100-SXM4-40GB (0),1,,13,"void convert_kernel<__half2, float2>(tensor_layout_any, T1 *, tensor_layout_any, const T2 *)"
1940954548,4288,20113,,,,,,,,,,0.061,14328.300,Pinned,Device,NVIDIA A100-SXM4-40GB (0),1,,13,[CUDA memcpy Host-to-Device]
1940964628,587833,20114,,,,,,,,,,456.520,776541.336,Device,,NVIDIA A100-SXM4-40GB (0),1,,13,[CUDA memset]
1941554125,32800,20119,,,,,,,,,,0.825,25162.263,Pinned,Device,NVIDIA A100-SXM4-40GB (0),1,,13,[CUDA memcpy Host-to-Device]
1941589229,6944,20120,,,,,,,,,,0.131,18875.548,Pinned,Device,NVIDIA A100-SXM4-40GB (0),1,,13,[CUDA memcpy Host-to-Device]
1941600237,7904,20121,69,4,1,48,1,1,76,0.002,0.000,,,,,NVIDIA A100-SXM4-40GB (0),1,,13,"void ch_est::windowedChEstPreNoDftSOfdmKernel<float, __half, float, (unsigned int)2, (unsigned int)1, (unsigned short)4>(ch_est::puschRxChEstStatDescr_t *, ch_est::puschRxChEstDynDescr_t *)"
1941609485,7007,20122,137,2,1,24,2,1,44,0.001,0.001,,,,,NVIDIA A100-SXM4-40GB (0),1,,13,"void ch_est::chEstFilterNoDftSOfdmDispatchKernel<float, __half, float, (unsigned int)2>(ch_est::puschRxChEstStatDescr_t *, ch_est::puschRxChEstDynDescr_t *)"
1941617516,5216,20123,137,2,1,24,2,1,44,0.001,0.001,,,,,NVIDIA A100-SXM4-40GB (0),1,,13,"void ch_est::chEstFilterNoDftSOfdmDispatchKernel<float, __half, float, (unsigned int)2>(ch_est::puschRxChEstStatDescr_t *, ch_est::puschRxChEstDynDescr_t *)"
1941623820,2624,20134,103,1,1,128,1,1,16,0.000,0.000,,,,,NVIDIA A100-SXM4-40GB (0),1,,13,cupy_copy__complex64_complex64
1941627532,16608,20144,1434,1,1,128,1,1,16,0.000,0.000,,,,,NVIDIA A100-SXM4-40GB (0),1,,13,cupy_copy__complex64_complex64
1941645292,2528,20151,103,1,1,128,1,1,16,0.000,0.000,,,,,NVIDIA A100-SXM4-40GB (0),1,,13,cupy_copy__complex64_complex64
1941648844,86559,20158,1,1,1,32,32,1,30,0.000,0.000,,,,,NVIDIA A100-SXM4-40GB (0),1,,13,"void convert_kernel<__half2, float2>(tensor_layout_any, T1 *, tensor_layout_any, const T2 *)"
1941905353,4288,20161,,,,,,,,,,0.061,14328.300,Pinned,Device,NVIDIA A100-SXM4-40GB (0),1,,13,[CUDA memcpy Host-to-Device]
1941920745,46847,20162,,,,,,,,,,35.801,764207.292,Device,,NVIDIA A100-SXM4-40GB (0),1,,13,[CUDA memset]
1941969832,2016,20164,,,,,,,,,,0.000,39.682,Pinned,Device,NVIDIA A100-SXM4-40GB (0),1,,13,[CUDA memcpy Host-to-Device]
1941974152,6912,20165,,,,,,,,,,0.131,18962.842,Pinned,Device,NVIDIA A100-SXM4-40GB (0),1,,13,[CUDA memcpy Host-to-Device]
1941988328,9888,20166,273,1,1,48,1,1,40,0.000,0.001,,,,,NVIDIA A100-SXM4-40GB (0),1,,13,"void pusch_noise_intf_est::noiseIntfEstNoDftSOfdmKernel<float, __half, float, float, (unsigned int)2, (unsigned int)1, (unsigned char)4, (unsigned char)4>(pusch_noise_intf_est::puschRxNoiseIntfEstDynDescr)"
1941999368,2944,20177,35,1,1,128,1,1,16,0.000,0.000,,,,,NVIDIA A100-SXM4-40GB (0),1,,13,cupy_copy__complex64_complex64
1942008520,1728,20186,1,1,1,1,1,1,18,0.000,0.000,,,,,NVIDIA A100-SXM4-40GB (0),1,,13,cupy_copy__float32_float32
1942042119,1856,20192,,,,,,,,,,0.000,2.155,Device,Pageable,NVIDIA A100-SXM4-40GB (0),1,,7,[CUDA memcpy Device-to-Host]
1942100487,16416,20203,1434,1,1,128,1,1,16,0.000,0.000,,,,,NVIDIA A100-SXM4-40GB (0),1,,13,cupy_copy__complex64_complex64
1942127174,2784,20210,103,1,1,128,1,1,16,0.000,0.000,,,,,NVIDIA A100-SXM4-40GB (0),1,,13,cupy_copy__complex64_complex64
1942147846,2336,20217,35,1,1,128,1,1,16,0.000,0.000,,,,,NVIDIA A100-SXM4-40GB (0),1,,13,cupy_copy__complex64_complex64
1942166278,1696,20224,1,1,1,1,1,1,18,0.000,0.000,,,,,NVIDIA A100-SXM4-40GB (0),1,,13,cupy_copy__float32_float32
1942432899,86303,20235,1,1,1,32,32,1,30,0.000,0.000,,,,,NVIDIA A100-SXM4-40GB (0),1,,13,"void convert_kernel<__half2, float2>(tensor_layout_any, T1 *, tensor_layout_any, const T2 *)"
1942549601,4288,20238,,,,,,,,,,0.061,14328.300,Pinned,Device,NVIDIA A100-SXM4-40GB (0),1,,13,[CUDA memcpy Host-to-Device]
1942565377,3616,20239,,,,,,,,,,1.547,427715.774,Device,,NVIDIA A100-SXM4-40GB (0),1,,13,[CUDA memset]
1942572385,3168,20244,,,,,,,,,,0.021,6646.453,Pinned,Device,NVIDIA A100-SXM4-40GB (0),1,,13,[CUDA memcpy Host-to-Device]
1942577857,7072,20245,,,,,,,,,,0.131,18533.843,Pinned,Device,NVIDIA A100-SXM4-40GB (0),1,,13,[CUDA memcpy Host-to-Device]
1942589921,6592,20246,273,1,1,8,4,1,39,0.002,0.000,,,,,NVIDIA A100-SXM4-40GB (0),1,,13,"void channel_eq::eqMmseCoefCompLowMimoKernel<float, float, float, (unsigned int)4, (unsigned int)1, (unsigned int)4>(const channel_eq::_puschRxChEqStatDescr *, channel_eq::_puschRxChEqCoefCompDynDescr)"
1942597857,5824,20247,273,1,1,12,11,1,40,0.002,0.000,,,,,NVIDIA A100-SXM4-40GB (0),1,,13,"void channel_eq::eqMmseSoftDemapKernel<float, __half, __half, float, (unsigned int)4, (unsigned short)16383>(channel_eq::_puschRxChEqStatDescr *, channel_eq::_puschRxChEqSoftDemapDynDescr)"
1942605025,308188,20248,1,1,1,32,32,1,30,0.000,0.000,,,,,NVIDIA A100-SXM4-40GB (0),1,,13,"void convert_kernel<float2, __half2>(tensor_layout_any, T1 *, tensor_layout_any, const T2 *)"
1942914333,13696,20260,2253,1,1,128,1,1,16,0.000,0.000,,,,,NVIDIA A100-SXM4-40GB (0),1,,13,cupy_copy__float16_float16
1942929213,2912,20269,282,1,1,128,1,1,16,0.000,0.000,,,,,NVIDIA A100-SXM4-40GB (0),1,,13,cupy_copy__complex64_complex64
1942933277,2016,20278,26,1,1,128,1,1,16,0.000,0.000,,,,,NVIDIA A100-SXM4-40GB (0),1,,13,cupy_copy__float32_float32
1942936349,3040,20287,103,1,1,128,1,1,16,0.000,0.000,,,,,NVIDIA A100-SXM4-40GB (0),1,,13,cupy_copy__complex64_complex64
1942940701,15392,20297,1434,1,1,128,1,1,16,0.000,0.000,,,,,NVIDIA A100-SXM4-40GB (0),1,,13,cupy_copy__complex64_complex64
1942961629,87007,20302,1,1,1,32,32,1,30,0.000,0.000,,,,,NVIDIA A100-SXM4-40GB (0),1,,13,"void convert_kernel<__half2, float2>(tensor_layout_any, T1 *, tensor_layout_any, const T2 *)"
1943215642,4319,20305,,,,,,,,,,0.061,14225.510,Pinned,Device,NVIDIA A100-SXM4-40GB (0),1,,13,[CUDA memcpy Host-to-Device]
1943225305,588217,20306,,,,,,,,,,456.520,776084.816,Device,,NVIDIA A100-SXM4-40GB (0),1,,13,[CUDA memset]
1943817138,32800,20311,,,,,,,,,,0.825,25162.263,Pinned,Device,NVIDIA A100-SXM4-40GB (0),1,,13,[CUDA memcpy Host-to-Device]
1943852242,6880,20312,,,,,,,,,,0.131,19051.053,Pinned,Device,NVIDIA A100-SXM4-40GB (0),1,,13,[CUDA memcpy Host-to-Device]
1943867346,8448,20313,69,4,1,48,1,1,76,0.002,0.000,,,,,NVIDIA A100-SXM4-40GB (0),1,,13,"void ch_est::windowedChEstPreNoDftSOfdmKernel<float, __half, float, (unsigned int)2, (unsigned int)1, (unsigned short)4>(ch_est::puschRxChEstStatDescr_t *, ch_est::puschRxChEstDynDescr_t *)"
1943877138,7008,20314,137,2,1,24,2,1,44,0.001,0.001,,,,,NVIDIA A100-SXM4-40GB (0),1,,13,"void ch_est::chEstFilterNoDftSOfdmDispatchKernel<float, __half, float, (unsigned int)2>(ch_est::puschRxChEstStatDescr_t *, ch_est::puschRxChEstDynDescr_t *)"
1943885202,5184,20315,137,2,1,24,2,1,44,0.001,0.001,,,,,NVIDIA A100-SXM4-40GB (0),1,,13,"void ch_est::chEstFilterNoDftSOfdmDispatchKernel<float, __half, float, (unsigned int)2>(ch_est::puschRxChEstStatDescr_t *, ch_est::puschRxChEstDynDescr_t *)"
1943891474,2655,20326,103,1,1,128,1,1,16,0.000,0.000,,,,,NVIDIA A100-SXM4-40GB (0),1,,13,cupy_copy__complex64_complex64
1943895281,16640,20336,1434,1,1,128,1,1,16,0.000,0.000,,,,,NVIDIA A100-SXM4-40GB (0),1,,13,cupy_copy__complex64_complex64
1943912945,2592,20343,103,1,1,128,1,1,16,0.000,0.000,,,,,NVIDIA A100-SXM4-40GB (0),1,,13,cupy_copy__complex64_complex64
1943916849,86015,20350,1,1,1,32,32,1,30,0.000,0.000,,,,,NVIDIA A100-SXM4-40GB (0),1,,13,"void convert_kernel<__half2, float2>(tensor_layout_any, T1 *, tensor_layout_any, const T2 *)"
1944034128,4320,20353,,,,,,,,,,0.061,14222.193,Pinned,Device,NVIDIA A100-SXM4-40GB (0),1,,13,[CUDA memcpy Host-to-Device]
1944046832,46431,20354,,,,,,,,,,35.801,771045.276,Device,,NVIDIA A100-SXM4-40GB (0),1,,13,[CUDA memset]
1944099759,1984,20356,,,,,,,,,,0.000,40.323,Pinned,Device,NVIDIA A100-SXM4-40GB (0),1,,13,[CUDA memcpy Host-to-Device]
1944104047,6912,20357,,,,,,,,,,0.131,18962.842,Pinned,Device,NVIDIA A100-SXM4-40GB (0),1,,13,[CUDA memcpy Host-to-Device]
1944121903,9344,20358,273,1,1,48,1,1,40,0.000,0.001,,,,,NVIDIA A100-SXM4-40GB (0),1,,13,"void pusch_noise_intf_est::noiseIntfEstNoDftSOfdmKernel<float, __half, float, float, (unsigned int)2, (unsigned int)1, (unsigned char)4, (unsigned char)4>(pusch_noise_intf_est::puschRxNoiseIntfEstDynDescr)"
1944132335,2880,20369,35,1,1,128,1,1,16,0.000,0.000,,,,,NVIDIA A100-SXM4-40GB (0),1,,13,cupy_copy__complex64_complex64
1944160270,1760,20378,1,1,1,1,1,1,18,0.000,0.000,,,,,NVIDIA A100-SXM4-40GB (0),1,,13,cupy_copy__float32_float32
1944195278,1824,20384,,,,,,,,,,0.000,2.193,Device,Pageable,NVIDIA A100-SXM4-40GB (0),1,,7,[CUDA memcpy Device-to-Host]
1944253901,16544,20395,1434,1,1,128,1,1,16,0.000,0.000,,,,,NVIDIA A100-SXM4-40GB (0),1,,13,cupy_copy__complex64_complex64
1944280461,2784,20402,103,1,1,128,1,1,16,0.000,0.000,,,,,NVIDIA A100-SXM4-40GB (0),1,,13,cupy_copy__complex64_complex64
1944301517,2304,20409,35,1,1,128,1,1,16,0.000,0.000,,,,,NVIDIA A100-SXM4-40GB (0),1,,13,cupy_copy__complex64_complex64
1944319596,1664,20416,1,1,1,1,1,1,18,0.000,0.000,,,,,NVIDIA A100-SXM4-40GB (0),1,,13,cupy_copy__float32_float32
1944455595,86623,20427,1,1,1,32,32,1,30,0.000,0.000,,,,,NVIDIA A100-SXM4-40GB (0),1,,13,"void convert_kernel<__half2, float2>(tensor_layout_any, T1 *, tensor_layout_any, const T2 *)"
1944570409,4352,20430,,,,,,,,,,0.061,14117.622,Pinned,Device,NVIDIA A100-SXM4-40GB (0),1,,13,[CUDA memcpy Host-to-Device]
1944584553,3648,20431,,,,,,,,,,1.547,423963.664,Device,,NVIDIA A100-SXM4-40GB (0),1,,13,[CUDA memset]
1944591017,3136,20436,,,,,,,,,,0.021,6714.274,Pinned,Device,NVIDIA A100-SXM4-40GB (0),1,,13,[CUDA memcpy Host-to-Device]
1944596457,6944,20437,,,,,,,,,,0.131,18875.548,Pinned,Device,NVIDIA A100-SXM4-40GB (0),1,,13,[CUDA memcpy Host-to-Device]
1944608041,6592,20438,273,1,1,8,4,1,39,0.002,0.000,,,,,NVIDIA A100-SXM4-40GB (0),1,,13,"void channel_eq::eqMmseCoefCompLowMimoKernel<float, float, float, (unsigned int)4, (unsigned int)1, (unsigned int)4>(const channel_eq::_puschRxChEqStatDescr *, channel_eq::_puschRxChEqCoefCompDynDescr)"
1944615849,6048,20439,273,1,1,12,11,1,40,0.002,0.000,,,,,NVIDIA A100-SXM4-40GB (0),1,,13,"void channel_eq::eqMmseSoftDemapKernel<float, __half, __half, float, (unsigned int)4, (unsigned short)16383>(channel_eq::_puschRxChEqStatDescr *, channel_eq::_puschRxChEqSoftDemapDynDescr)"
1944623209,307260,20440,1,1,1,32,32,1,30,0.000,0.000,,,,,NVIDIA A100-SXM4-40GB (0),1,,13,"void convert_kernel<float2, __half2>(tensor_layout_any, T1 *, tensor_layout_any, const T2 *)"
1944931749,13408,20452,2253,1,1,128,1,1,16,0.000,0.000,,,,,NVIDIA A100-SXM4-40GB (0),1,,13,cupy_copy__float16_float16
1944946309,2816,20461,282,1,1,128,1,1,16,0.000,0.000,,,,,NVIDIA A100-SXM4-40GB (0),1,,13,cupy_copy__complex64_complex64
1944950437,2016,20470,26,1,1,128,1,1,16,0.000,0.000,,,,,NVIDIA A100-SXM4-40GB (0),1,,13,cupy_copy__float32_float32
1944953509,3072,20479,103,1,1,128,1,1,16,0.000,0.000,,,,,NVIDIA A100-SXM4-40GB (0),1,,13,cupy_copy__complex64_complex64
1944957893,15520,20489,1434,1,1,128,1,1,16,0.000,0.000,,,,,NVIDIA A100-SXM4-40GB (0),1,,13,cupy_copy__complex64_complex64
1944974597,87231,20494,1,1,1,32,32,1,30,0.000,0.000,,,,,NVIDIA A100-SXM4-40GB (0),1,,13,"void convert_kernel<__half2, float2>(tensor_layout_any, T1 *, tensor_layout_any, const T2 *)"
1945089027,4256,20497,,,,,,,,,,0.061,14436.065,Pinned,Device,NVIDIA A100-SXM4-40GB (0),1,,13,[CUDA memcpy Host-to-Device]
1945099811,587705,20498,,,,,,,,,,456.520,776541.336,Device,,NVIDIA A100-SXM4-40GB (0),1,,13,[CUDA memset]
1945688316,32800,20503,,,,,,,,,,0.825,25162.263,Pinned,Device,NVIDIA A100-SXM4-40GB (0),1,,13,[CUDA memcpy Host-to-Device]
1945723388,6912,20504,,,,,,,,,,0.131,18962.842,Pinned,Device,NVIDIA A100-SXM4-40GB (0),1,,13,[CUDA memcpy Host-to-Device]
1945734044,7936,20505,69,4,1,48,1,1,76,0.002,0.000,,,,,NVIDIA A100-SXM4-40GB (0),1,,13,"void ch_est::windowedChEstPreNoDftSOfdmKernel<float, __half, float, (unsigned int)2, (unsigned int)1, (unsigned short)4>(ch_est::puschRxChEstStatDescr_t *, ch_est::puschRxChEstDynDescr_t *)"
1945743324,6848,20506,137,2,1,24,2,1,44,0.001,0.001,,,,,NVIDIA A100-SXM4-40GB (0),1,,13,"void ch_est::chEstFilterNoDftSOfdmDispatchKernel<float, __half, float, (unsigned int)2>(ch_est::puschRxChEstStatDescr_t *, ch_est::puschRxChEstDynDescr_t *)"
1945751228,5183,20507,137,2,1,24,2,1,44,0.001,0.001,,,,,NVIDIA A100-SXM4-40GB (0),1,,13,"void ch_est::chEstFilterNoDftSOfdmDispatchKernel<float, __half, float, (unsigned int)2>(ch_est::puschRxChEstStatDescr_t *, ch_est::puschRxChEstDynDescr_t *)"
1945757531,2592,20518,103,1,1,128,1,1,16,0.000,0.000,,,,,NVIDIA A100-SXM4-40GB (0),1,,13,cupy_copy__complex64_complex64
1945761307,16320,20528,1434,1,1,128,1,1,16,0.000,0.000,,,,,NVIDIA A100-SXM4-40GB (0),1,,13,cupy_copy__complex64_complex64
1945778907,2528,20535,103,1,1,128,1,1,16,0.000,0.000,,,,,NVIDIA A100-SXM4-40GB (0),1,,13,cupy_copy__complex64_complex64
1945782747,86015,20542,1,1,1,32,32,1,30,0.000,0.000,,,,,NVIDIA A100-SXM4-40GB (0),1,,13,"void convert_kernel<__half2, float2>(tensor_layout_any, T1 *, tensor_layout_any, const T2 *)"
1945896154,4320,20545,,,,,,,,,,0.061,14222.193,Pinned,Device,NVIDIA A100-SXM4-40GB (0),1,,13,[CUDA memcpy Host-to-Device]
1945908858,46879,20546,,,,,,,,,,35.801,763670.278,Device,,NVIDIA A100-SXM4-40GB (0),1,,13,[CUDA memset]
1945961369,1984,20548,,,,,,,,,,0.000,40.323,Pinned,Device,NVIDIA A100-SXM4-40GB (0),1,,13,[CUDA memcpy Host-to-Device]
1945965657,6880,20549,,,,,,,,,,0.131,19051.053,Pinned,Device,NVIDIA A100-SXM4-40GB (0),1,,13,[CUDA memcpy Host-to-Device]
1945978265,9216,20550,273,1,1,48,1,1,40,0.000,0.001,,,,,NVIDIA A100-SXM4-40GB (0),1,,13,"void pusch_noise_intf_est::noiseIntfEstNoDftSOfdmKernel<float, __half, float, float, (unsigned int)2, (unsigned int)1, (unsigned char)4, (unsigned char)4>(pusch_noise_intf_est::puschRxNoiseIntfEstDynDescr)"
1945988601,2720,20561,35,1,1,128,1,1,16,0.000,0.000,,,,,NVIDIA A100-SXM4-40GB (0),1,,13,cupy_copy__complex64_complex64
1946016792,1760,20570,1,1,1,1,1,1,18,0.000,0.000,,,,,NVIDIA A100-SXM4-40GB (0),1,,13,cupy_copy__float32_float32
1946050392,1728,20576,,,,,,,,,,0.000,2.315,Device,Pageable,NVIDIA A100-SXM4-40GB (0),1,,7,[CUDA memcpy Device-to-Host]
1946109271,16576,20587,1434,1,1,128,1,1,16,0.000,0.000,,,,,NVIDIA A100-SXM4-40GB (0),1,,13,cupy_copy__complex64_complex64
1946135927,2816,20594,103,1,1,128,1,1,16,0.000,0.000,,,,,NVIDIA A100-SXM4-40GB (0),1,,13,cupy_copy__complex64_complex64
1946157655,2304,20601,35,1,1,128,1,1,16,0.000,0.000,,,,,NVIDIA A100-SXM4-40GB (0),1,,13,cupy_copy__complex64_complex64
1946179510,1664,20608,1,1,1,1,1,1,18,0.000,0.000,,,,,NVIDIA A100-SXM4-40GB (0),1,,13,cupy_copy__float32_float32
1946310677,86687,20619,1,1,1,32,32,1,30,0.000,0.000,,,,,NVIDIA A100-SXM4-40GB (0),1,,13,"void convert_kernel<__half2, float2>(tensor_layout_any, T1 *, tensor_layout_any, const T2 *)"
1946424948,4639,20622,,,,,,,,,,0.061,13244.191,Pinned,Device,NVIDIA A100-SXM4-40GB (0),1,,13,[CUDA memcpy Host-to-Device]
1946439283,3616,20623,,,,,,,,,,1.547,427715.774,Device,,NVIDIA A100-SXM4-40GB (0),1,,13,[CUDA memset]
1946445939,3168,20628,,,,,,,,,,0.021,6646.453,Pinned,Device,NVIDIA A100-SXM4-40GB (0),1,,13,[CUDA memcpy Host-to-Device]
1946451411,7136,20629,,,,,,,,,,0.131,18367.644,Pinned,Device,NVIDIA A100-SXM4-40GB (0),1,,13,[CUDA memcpy Host-to-Device]
1946462483,6656,20630,273,1,1,8,4,1,39,0.002,0.000,,,,,NVIDIA A100-SXM4-40GB (0),1,,13,"void channel_eq::eqMmseCoefCompLowMimoKernel<float, float, float, (unsigned int)4, (unsigned int)1, (unsigned int)4>(const channel_eq::_puschRxChEqStatDescr *, channel_eq::_puschRxChEqCoefCompDynDescr)"
1946470451,5952,20631,273,1,1,12,11,1,40,0.002,0.000,,,,,NVIDIA A100-SXM4-40GB (0),1,,13,"void channel_eq::eqMmseSoftDemapKernel<float, __half, __half, float, (unsigned int)4, (unsigned short)16383>(channel_eq::_puschRxChEqStatDescr *, channel_eq::_puschRxChEqSoftDemapDynDescr)"
1946477491,307356,20632,1,1,1,32,32,1,30,0.000,0.000,,,,,NVIDIA A100-SXM4-40GB (0),1,,13,"void convert_kernel<float2, __half2>(tensor_layout_any, T1 *, tensor_layout_any, const T2 *)"
1946786031,13696,20644,2253,1,1,128,1,1,16,0.000,0.000,,,,,NVIDIA A100-SXM4-40GB (0),1,,13,cupy_copy__float16_float16
1946800879,2816,20653,282,1,1,128,1,1,16,0.000,0.000,,,,,NVIDIA A100-SXM4-40GB (0),1,,13,cupy_copy__complex64_complex64
1946804719,2016,20662,26,1,1,128,1,1,16,0.000,0.000,,,,,NVIDIA A100-SXM4-40GB (0),1,,13,cupy_copy__float32_float32
1946807791,3008,20671,103,1,1,128,1,1,16,0.000,0.000,,,,,NVIDIA A100-SXM4-40GB (0),1,,13,cupy_copy__complex64_complex64
1946811951,15392,20681,1434,1,1,128,1,1,16,0.000,0.000,,,,,NVIDIA A100-SXM4-40GB (0),1,,13,cupy_copy__complex64_complex64
1946828655,86655,20686,1,1,1,32,32,1,30,0.000,0.000,,,,,NVIDIA A100-SXM4-40GB (0),1,,13,"void convert_kernel<__half2, float2>(tensor_layout_any, T1 *, tensor_layout_any, const T2 *)"
1947084620,4288,20689,,,,,,,,,,0.061,14328.300,Pinned,Device,NVIDIA A100-SXM4-40GB (0),1,,13,[CUDA memcpy Host-to-Device]
1947092428,588249,20690,,,,,,,,,,456.520,775628.296,Device,,NVIDIA A100-SXM4-40GB (0),1,,13,[CUDA memset]
1947685765,32799,20695,,,,,,,,,,0.825,25163.088,Pinned,Device,NVIDIA A100-SXM4-40GB (0),1,,13,[CUDA memcpy Host-to-Device]
1947720868,6912,20696,,,,,,,,,,0.131,18962.842,Pinned,Device,NVIDIA A100-SXM4-40GB (0),1,,13,[CUDA memcpy Host-to-Device]
1947735748,7712,20697,69,4,1,48,1,1,76,0.002,0.000,,,,,NVIDIA A100-SXM4-40GB (0),1,,13,"void ch_est::windowedChEstPreNoDftSOfdmKernel<float, __half, float, (unsigned int)2, (unsigned int)1, (unsigned short)4>(ch_est::puschRxChEstStatDescr_t *, ch_est::puschRxChEstDynDescr_t *)"
1947744676,6912,20698,137,2,1,24,2,1,44,0.001,0.001,,,,,NVIDIA A100-SXM4-40GB (0),1,,13,"void ch_est::chEstFilterNoDftSOfdmDispatchKernel<float, __half, float, (unsigned int)2>(ch_est::puschRxChEstStatDescr_t *, ch_est::puschRxChEstDynDescr_t *)"
1947752804,5152,20699,137,2,1,24,2,1,44,0.001,0.001,,,,,NVIDIA A100-SXM4-40GB (0),1,,13,"void ch_est::chEstFilterNoDftSOfdmDispatchKernel<float, __half, float, (unsigned int)2>(ch_est::puschRxChEstStatDescr_t *, ch_est::puschRxChEstDynDescr_t *)"
1947759012,3072,20710,103,1,1,128,1,1,16,0.000,0.000,,,,,NVIDIA A100-SXM4-40GB (0),1,,13,cupy_copy__complex64_complex64
1947763396,16384,20720,1434,1,1,128,1,1,16,0.000,0.000,,,,,NVIDIA A100-SXM4-40GB (0),1,,13,cupy_copy__complex64_complex64
1947780900,2527,20727,103,1,1,128,1,1,16,0.000,0.000,,,,,NVIDIA A100-SXM4-40GB (0),1,,13,cupy_copy__complex64_complex64
1947784771,86367,20734,1,1,1,32,32,1,30,0.000,0.000,,,,,NVIDIA A100-SXM4-40GB (0),1,,13,"void convert_kernel<__half2, float2>(tensor_layout_any, T1 *, tensor_layout_any, const T2 *)"
1947901506,4448,20737,,,,,,,,,,0.061,13812.941,Pinned,Device,NVIDIA A100-SXM4-40GB (0),1,,13,[CUDA memcpy Host-to-Device]
1947914242,46719,20738,,,,,,,,,,35.801,766283.748,Device,,NVIDIA A100-SXM4-40GB (0),1,,13,[CUDA memset]
1947962273,1984,20740,,,,,,,,,,0.000,40.323,Pinned,Device,NVIDIA A100-SXM4-40GB (0),1,,13,[CUDA memcpy Host-to-Device]
1947966561,6912,20741,,,,,,,,,,0.131,18962.842,Pinned,Device,NVIDIA A100-SXM4-40GB (0),1,,13,[CUDA memcpy Host-to-Device]
1947984577,9248,20742,273,1,1,48,1,1,40,0.000,0.001,,,,,NVIDIA A100-SXM4-40GB (0),1,,13,"void pusch_noise_intf_est::noiseIntfEstNoDftSOfdmKernel<float, __half, float, float, (unsigned int)2, (unsigned int)1, (unsigned char)4, (unsigned char)4>(pusch_noise_intf_est::puschRxNoiseIntfEstDynDescr)"
1948002849,2912,20753,35,1,1,128,1,1,16,0.000,0.000,,,,,NVIDIA A100-SXM4-40GB (0),1,,13,cupy_copy__complex64_complex64
1948039072,1760,20762,1,1,1,1,1,1,18,0.000,0.000,,,,,NVIDIA A100-SXM4-40GB (0),1,,13,cupy_copy__float32_float32
1948074784,2112,20768,,,,,,,,,,0.000,1.894,Device,Pageable,NVIDIA A100-SXM4-40GB (0),1,,7,[CUDA memcpy Device-to-Host]
1948133375,16448,20779,1434,1,1,128,1,1,16,0.000,0.000,,,,,NVIDIA A100-SXM4-40GB (0),1,,13,cupy_copy__complex64_complex64
1948160383,2784,20786,103,1,1,128,1,1,16,0.000,0.000,,,,,NVIDIA A100-SXM4-40GB (0),1,,13,cupy_copy__complex64_complex64
1948184895,2336,20793,35,1,1,128,1,1,16,0.000,0.000,,,,,NVIDIA A100-SXM4-40GB (0),1,,13,cupy_copy__complex64_complex64
1948203103,1663,20800,1,1,1,1,1,1,18,0.000,0.000,,,,,NVIDIA A100-SXM4-40GB (0),1,,13,cupy_copy__float32_float32
1948337373,86303,20811,1,1,1,32,32,1,30,0.000,0.000,,,,,NVIDIA A100-SXM4-40GB (0),1,,13,"void convert_kernel<__half2, float2>(tensor_layout_any, T1 *, tensor_layout_any, const T2 *)"
1948591610,4320,20814,,,,,,,,,,0.061,14222.193,Pinned,Device,NVIDIA A100-SXM4-40GB (0),1,,13,[CUDA memcpy Host-to-Device]
1948601658,3616,20815,,,,,,,,,,1.547,427715.774,Device,,NVIDIA A100-SXM4-40GB (0),1,,13,[CUDA memset]
1948609786,3136,20820,,,,,,,,,,0.021,6714.274,Pinned,Device,NVIDIA A100-SXM4-40GB (0),1,,13,[CUDA memcpy Host-to-Device]
1948615226,6912,20821,,,,,,,,,,0.131,18962.842,Pinned,Device,NVIDIA A100-SXM4-40GB (0),1,,13,[CUDA memcpy Host-to-Device]
1948632985,6656,20822,273,1,1,8,4,1,39,0.002,0.000,,,,,NVIDIA A100-SXM4-40GB (0),1,,13,"void channel_eq::eqMmseCoefCompLowMimoKernel<float, float, float, (unsigned int)4, (unsigned int)1, (unsigned int)4>(const channel_eq::_puschRxChEqStatDescr *, channel_eq::_puschRxChEqCoefCompDynDescr)"
1948640825,5760,20823,273,1,1,12,11,1,40,0.002,0.000,,,,,NVIDIA A100-SXM4-40GB (0),1,,13,"void channel_eq::eqMmseSoftDemapKernel<float, __half, __half, float, (unsigned int)4, (unsigned short)16383>(channel_eq::_puschRxChEqStatDescr *, channel_eq::_puschRxChEqSoftDemapDynDescr)"
1948647705,307517,20824,1,1,1,32,32,1,30,0.000,0.000,,,,,NVIDIA A100-SXM4-40GB (0),1,,13,"void convert_kernel<float2, __half2>(tensor_layout_any, T1 *, tensor_layout_any, const T2 *)"
1948956310,13759,20836,2253,1,1,128,1,1,16,0.000,0.000,,,,,NVIDIA A100-SXM4-40GB (0),1,,13,cupy_copy__float16_float16
1948971157,2880,20845,282,1,1,128,1,1,16,0.000,0.000,,,,,NVIDIA A100-SXM4-40GB (0),1,,13,cupy_copy__complex64_complex64
1948975221,2048,20854,26,1,1,128,1,1,16,0.000,0.000,,,,,NVIDIA A100-SXM4-40GB (0),1,,13,cupy_copy__float32_float32
1948978581,3104,20863,103,1,1,128,1,1,16,0.000,0.000,,,,,NVIDIA A100-SXM4-40GB (0),1,,13,cupy_copy__complex64_complex64
1948982901,15328,20873,1434,1,1,128,1,1,16,0.000,0.000,,,,,NVIDIA A100-SXM4-40GB (0),1,,13,cupy_copy__complex64_complex64
1949097300,87295,20878,1,1,1,32,32,1,30,0.000,0.000,,,,,NVIDIA A100-SXM4-40GB (0),1,,13,"void convert_kernel<__half2, float2>(tensor_layout_any, T1 *, tensor_layout_any, const T2 *)"
1949214995,4415,20881,,,,,,,,,,0.061,13916.160,Pinned,Device,NVIDIA A100-SXM4-40GB (0),1,,13,[CUDA memcpy Host-to-Device]
1949226226,587705,20882,,,,,,,,,,456.520,776541.336,Device,,NVIDIA A100-SXM4-40GB (0),1,,13,[CUDA memset]
1949817707,32896,20887,,,,,,,,,,0.825,25088.807,Pinned,Device,NVIDIA A100-SXM4-40GB (0),1,,13,[CUDA memcpy Host-to-Device]
1949852907,6912,20888,,,,,,,,,,0.131,18962.842,Pinned,Device,NVIDIA A100-SXM4-40GB (0),1,,13,[CUDA memcpy Host-to-Device]
1949868939,7936,20889,69,4,1,48,1,1,76,0.002,0.000,,,,,NVIDIA A100-SXM4-40GB (0),1,,13,"void ch_est::windowedChEstPreNoDftSOfdmKernel<float, __half, float, (unsigned int)2, (unsigned int)1, (unsigned short)4>(ch_est::puschRxChEstStatDescr_t *, ch_est::puschRxChEstDynDescr_t *)"
1949878219,6880,20890,137,2,1,24,2,1,44,0.001,0.001,,,,,NVIDIA A100-SXM4-40GB (0),1,,13,"void ch_est::chEstFilterNoDftSOfdmDispatchKernel<float, __half, float, (unsigned int)2>(ch_est::puschRxChEstStatDescr_t *, ch_est::puschRxChEstDynDescr_t *)"
1949886219,5216,20891,137,2,1,24,2,1,44,0.001,0.001,,,,,NVIDIA A100-SXM4-40GB (0),1,,13,"void ch_est::chEstFilterNoDftSOfdmDispatchKernel<float, __half, float, (unsigned int)2>(ch_est::puschRxChEstStatDescr_t *, ch_est::puschRxChEstDynDescr_t *)"
1949892523,2591,20902,103,1,1,128,1,1,16,0.000,0.000,,,,,NVIDIA A100-SXM4-40GB (0),1,,13,cupy_copy__complex64_complex64
1949896234,16640,20912,1434,1,1,128,1,1,16,0.000,0.000,,,,,NVIDIA A100-SXM4-40GB (0),1,,13,cupy_copy__complex64_complex64
1949913962,2528,20919,103,1,1,128,1,1,16,0.000,0.000,,,,,NVIDIA A100-SXM4-40GB (0),1,,13,cupy_copy__complex64_complex64
1949917546,86879,20926,1,1,1,32,32,1,30,0.000,0.000,,,,,NVIDIA A100-SXM4-40GB (0),1,,13,"void convert_kernel<__half2, float2>(tensor_layout_any, T1 *, tensor_layout_any, const T2 *)"
1950031945,4320,20929,,,,,,,,,,0.061,14222.193,Pinned,Device,NVIDIA A100-SXM4-40GB (0),1,,13,[CUDA memcpy Host-to-Device]
1950044649,46207,20930,,,,,,,,,,35.801,774768.575,Device,,NVIDIA A100-SXM4-40GB (0),1,,13,[CUDA memset]
1950097224,2016,20932,,,,,,,,,,0.000,39.682,Pinned,Device,NVIDIA A100-SXM4-40GB (0),1,,13,[CUDA memcpy Host-to-Device]
1950101544,6912,20933,,,,,,,,,,0.131,18962.842,Pinned,Device,NVIDIA A100-SXM4-40GB (0),1,,13,[CUDA memcpy Host-to-Device]
1950116008,9216,20934,273,1,1,48,1,1,40,0.000,0.001,,,,,NVIDIA A100-SXM4-40GB (0),1,,13,"void pusch_noise_intf_est::noiseIntfEstNoDftSOfdmKernel<float, __half, float, float, (unsigned int)2, (unsigned int)1, (unsigned char)4, (unsigned char)4>(pusch_noise_intf_est::puschRxNoiseIntfEstDynDescr)"
1950126344,2976,20945,35,1,1,128,1,1,16,0.000,0.000,,,,,NVIDIA A100-SXM4-40GB (0),1,,13,cupy_copy__complex64_complex64
1950153927,1728,20954,1,1,1,1,1,1,18,0.000,0.000,,,,,NVIDIA A100-SXM4-40GB (0),1,,13,cupy_copy__float32_float32
1950189447,2016,20960,,,,,,,,,,0.000,1.984,Device,Pageable,NVIDIA A100-SXM4-40GB (0),1,,7,[CUDA memcpy Device-to-Host]
1950248038,16352,20971,1434,1,1,128,1,1,16,0.000,0.000,,,,,NVIDIA A100-SXM4-40GB (0),1,,13,cupy_copy__complex64_complex64
1950278214,2848,20978,103,1,1,128,1,1,16,0.000,0.000,,,,,NVIDIA A100-SXM4-40GB (0),1,,13,cupy_copy__complex64_complex64
1950299974,2304,20985,35,1,1,128,1,1,16,0.000,0.000,,,,,NVIDIA A100-SXM4-40GB (0),1,,13,cupy_copy__complex64_complex64
1950317733,1664,20992,1,1,1,1,1,1,18,0.000,0.000,,,,,NVIDIA A100-SXM4-40GB (0),1,,13,cupy_copy__float32_float32
1950451172,87295,21003,1,1,1,32,32,1,30,0.000,0.000,,,,,NVIDIA A100-SXM4-40GB (0),1,,13,"void convert_kernel<__half2, float2>(tensor_layout_any, T1 *, tensor_layout_any, const T2 *)"
1950565923,4512,21006,,,,,,,,,,0.061,13617.009,Pinned,Device,NVIDIA A100-SXM4-40GB (0),1,,13,[CUDA memcpy Host-to-Device]
1950579970,3616,21007,,,,,,,,,,1.547,427715.774,Device,,NVIDIA A100-SXM4-40GB (0),1,,13,[CUDA memset]
1950586562,3136,21012,,,,,,,,,,0.021,6714.274,Pinned,Device,NVIDIA A100-SXM4-40GB (0),1,,13,[CUDA memcpy Host-to-Device]
1950592002,6912,21013,,,,,,,,,,0.131,18962.842,Pinned,Device,NVIDIA A100-SXM4-40GB (0),1,,13,[CUDA memcpy Host-to-Device]
1950603202,6624,21014,273,1,1,8,4,1,39,0.002,0.000,,,,,NVIDIA A100-SXM4-40GB (0),1,,13,"void channel_eq::eqMmseCoefCompLowMimoKernel<float, float, float, (unsigned int)4, (unsigned int)1, (unsigned int)4>(const channel_eq::_puschRxChEqStatDescr *, channel_eq::_puschRxChEqCoefCompDynDescr)"
1950611010,5856,21015,273,1,1,12,11,1,40,0.002,0.000,,,,,NVIDIA A100-SXM4-40GB (0),1,,13,"void channel_eq::eqMmseSoftDemapKernel<float, __half, __half, float, (unsigned int)4, (unsigned short)16383>(channel_eq::_puschRxChEqStatDescr *, channel_eq::_puschRxChEqSoftDemapDynDescr)"
1950618050,307612,21016,1,1,1,32,32,1,30,0.000,0.000,,,,,NVIDIA A100-SXM4-40GB (0),1,,13,"void convert_kernel<float2, __half2>(tensor_layout_any, T1 *, tensor_layout_any, const T2 *)"
1950926750,13472,21028,2253,1,1,128,1,1,16,0.000,0.000,,,,,NVIDIA A100-SXM4-40GB (0),1,,13,cupy_copy__float16_float16
1950941406,2880,21037,282,1,1,128,1,1,16,0.000,0.000,,,,,NVIDIA A100-SXM4-40GB (0),1,,13,cupy_copy__complex64_complex64
1950945470,2048,21046,26,1,1,128,1,1,16,0.000,0.000,,,,,NVIDIA A100-SXM4-40GB (0),1,,13,cupy_copy__float32_float32
1950948830,3040,21055,103,1,1,128,1,1,16,0.000,0.000,,,,,NVIDIA A100-SXM4-40GB (0),1,,13,cupy_copy__complex64_complex64
1950952894,15360,21065,1434,1,1,128,1,1,16,0.000,0.000,,,,,NVIDIA A100-SXM4-40GB (0),1,,13,cupy_copy__complex64_complex64
1950969342,86207,21070,1,1,1,32,32,1,30,0.000,0.000,,,,,NVIDIA A100-SXM4-40GB (0),1,,13,"void convert_kernel<__half2, float2>(tensor_layout_any, T1 *, tensor_layout_any, const T2 *)"
1951085820,4288,21073,,,,,,,,,,0.061,14328.300,Pinned,Device,NVIDIA A100-SXM4-40GB (0),1,,13,[CUDA memcpy Host-to-Device]
1951097212,588057,21074,,,,,,,,,,456.520,776084.816,Device,,NVIDIA A100-SXM4-40GB (0),1,,13,[CUDA memset]
1951686837,32768,21079,,,,,,,,,,0.825,25187.023,Pinned,Device,NVIDIA A100-SXM4-40GB (0),1,,13,[CUDA memcpy Host-to-Device]
1951721909,7680,21080,,,,,,,,,,0.131,17066.623,Pinned,Device,NVIDIA A100-SXM4-40GB (0),1,,13,[CUDA memcpy Host-to-Device]
1951737717,7712,21081,69,4,1,48,1,1,76,0.002,0.000,,,,,NVIDIA A100-SXM4-40GB (0),1,,13,"void ch_est::windowedChEstPreNoDftSOfdmKernel<float, __half, float, (unsigned int)2, (unsigned int)1, (unsigned short)4>(ch_est::puschRxChEstStatDescr_t *, ch_est::puschRxChEstDynDescr_t *)"
1951746741,7008,21082,137,2,1,24,2,1,44,0.001,0.001,,,,,NVIDIA A100-SXM4-40GB (0),1,,13,"void ch_est::chEstFilterNoDftSOfdmDispatchKernel<float, __half, float, (unsigned int)2>(ch_est::puschRxChEstStatDescr_t *, ch_est::puschRxChEstDynDescr_t *)"
1951754772,5184,21083,137,2,1,24,2,1,44,0.001,0.001,,,,,NVIDIA A100-SXM4-40GB (0),1,,13,"void ch_est::chEstFilterNoDftSOfdmDispatchKernel<float, __half, float, (unsigned int)2>(ch_est::puschRxChEstStatDescr_t *, ch_est::puschRxChEstDynDescr_t *)"
1951761076,2624,21094,103,1,1,128,1,1,16,0.000,0.000,,,,,NVIDIA A100-SXM4-40GB (0),1,,13,cupy_copy__complex64_complex64
1951764852,16672,21104,1434,1,1,128,1,1,16,0.000,0.000,,,,,NVIDIA A100-SXM4-40GB (0),1,,13,cupy_copy__complex64_complex64
1951782612,2528,21111,103,1,1,128,1,1,16,0.000,0.000,,,,,NVIDIA A100-SXM4-40GB (0),1,,13,cupy_copy__complex64_complex64
1951786484,86495,21118,1,1,1,32,32,1,30,0.000,0.000,,,,,NVIDIA A100-SXM4-40GB (0),1,,13,"void convert_kernel<__half2, float2>(tensor_layout_any, T1 *, tensor_layout_any, const T2 *)"
1951900467,4288,21121,,,,,,,,,,0.061,14328.300,Pinned,Device,NVIDIA A100-SXM4-40GB (0),1,,13,[CUDA memcpy Host-to-Device]
1951912915,46655,21122,,,,,,,,,,35.801,767321.976,Device,,NVIDIA A100-SXM4-40GB (0),1,,13,[CUDA memset]
1951965010,1984,21124,,,,,,,,,,0.000,40.323,Pinned,Device,NVIDIA A100-SXM4-40GB (0),1,,13,[CUDA memcpy Host-to-Device]
1951969298,6880,21125,,,,,,,,,,0.131,19051.053,Pinned,Device,NVIDIA A100-SXM4-40GB (0),1,,13,[CUDA memcpy Host-to-Device]
1951987602,9376,21126,273,1,1,48,1,1,40,0.000,0.001,,,,,NVIDIA A100-SXM4-40GB (0),1,,13,"void pusch_noise_intf_est::noiseIntfEstNoDftSOfdmKernel<float, __half, float, float, (unsigned int)2, (unsigned int)1, (unsigned char)4, (unsigned char)4>(pusch_noise_intf_est::puschRxNoiseIntfEstDynDescr)"
1951998098,2784,21137,35,1,1,128,1,1,16,0.000,0.000,,,,,NVIDIA A100-SXM4-40GB (0),1,,13,cupy_copy__complex64_complex64
1952027313,1760,21146,1,1,1,1,1,1,18,0.000,0.000,,,,,NVIDIA A100-SXM4-40GB (0),1,,13,cupy_copy__float32_float32
1952061169,1728,21152,,,,,,,,,,0.000,2.315,Device,Pageable,NVIDIA A100-SXM4-40GB (0),1,,7,[CUDA memcpy Device-to-Host]
1952123120,16544,21163,1434,1,1,128,1,1,16,0.000,0.000,,,,,NVIDIA A100-SXM4-40GB (0),1,,13,cupy_copy__complex64_complex64
1952149520,2784,21170,103,1,1,128,1,1,16,0.000,0.000,,,,,NVIDIA A100-SXM4-40GB (0),1,,13,cupy_copy__complex64_complex64
1952170704,2336,21177,35,1,1,128,1,1,16,0.000,0.000,,,,,NVIDIA A100-SXM4-40GB (0),1,,13,cupy_copy__complex64_complex64
1952189071,1696,21184,1,1,1,1,1,1,18,0.000,0.000,,,,,NVIDIA A100-SXM4-40GB (0),1,,13,cupy_copy__float32_float32
1952322670,86815,21195,1,1,1,32,32,1,30,0.000,0.000,,,,,NVIDIA A100-SXM4-40GB (0),1,,13,"void convert_kernel<__half2, float2>(tensor_layout_any, T1 *, tensor_layout_any, const T2 *)"
1952578795,4320,21198,,,,,,,,,,0.061,14222.193,Pinned,Device,NVIDIA A100-SXM4-40GB (0),1,,13,[CUDA memcpy Host-to-Device]
1952589067,3584,21199,,,,,,,,,,1.547,431534.389,Device,,NVIDIA A100-SXM4-40GB (0),1,,13,[CUDA memset]
1952595851,3168,21204,,,,,,,,,,0.021,6646.453,Pinned,Device,NVIDIA A100-SXM4-40GB (0),1,,13,[CUDA memcpy Host-to-Device]
1952601322,6944,21205,,,,,,,,,,0.131,18875.548,Pinned,Device,NVIDIA A100-SXM4-40GB (0),1,,13,[CUDA memcpy Host-to-Device]
1952615274,6560,21206,273,1,1,8,4,1,39,0.002,0.000,,,,,NVIDIA A100-SXM4-40GB (0),1,,13,"void channel_eq::eqMmseCoefCompLowMimoKernel<float, float, float, (unsigned int)4, (unsigned int)1, (unsigned int)4>(const channel_eq::_puschRxChEqStatDescr *, channel_eq::_puschRxChEqCoefCompDynDescr)"
1952623178,5920,21207,273,1,1,12,11,1,40,0.002,0.000,,,,,NVIDIA A100-SXM4-40GB (0),1,,13,"void channel_eq::eqMmseSoftDemapKernel<float, __half, __half, float, (unsigned int)4, (unsigned short)16383>(channel_eq::_puschRxChEqStatDescr *, channel_eq::_puschRxChEqSoftDemapDynDescr)"
1952630218,307420,21208,1,1,1,32,32,1,30,0.000,0.000,,,,,NVIDIA A100-SXM4-40GB (0),1,,13,"void convert_kernel<float2, __half2>(tensor_layout_any, T1 *, tensor_layout_any, const T2 *)"
1952938918,13728,21220,2253,1,1,128,1,1,16,0.000,0.000,,,,,NVIDIA A100-SXM4-40GB (0),1,,13,cupy_copy__float16_float16
1952953798,2848,21229,282,1,1,128,1,1,16,0.000,0.000,,,,,NVIDIA A100-SXM4-40GB (0),1,,13,cupy_copy__complex64_complex64
1952957958,2048,21238,26,1,1,128,1,1,16,0.000,0.000,,,,,NVIDIA A100-SXM4-40GB (0),1,,13,cupy_copy__float32_float32
1952961030,3040,21247,103,1,1,128,1,1,16,0.000,0.000,,,,,NVIDIA A100-SXM4-40GB (0),1,,13,cupy_copy__complex64_complex64
1952965382,15424,21257,1434,1,1,128,1,1,16,0.000,0.000,,,,,NVIDIA A100-SXM4-40GB (0),1,,13,cupy_copy__complex64_complex64
1953084773,87231,21262,1,1,1,32,32,1,30,0.000,0.000,,,,,NVIDIA A100-SXM4-40GB (0),1,,13,"void convert_kernel<__half2, float2>(tensor_layout_any, T1 *, tensor_layout_any, const T2 *)"
1953202307,4320,21265,,,,,,,,,,0.061,14222.193,Pinned,Device,NVIDIA A100-SXM4-40GB (0),1,,13,[CUDA memcpy Host-to-Device]
1953214339,587769,21266,,,,,,,,,,456.520,776541.336,Device,,NVIDIA A100-SXM4-40GB (0),1,,13,[CUDA memset]
1953807164,32800,21271,,,,,,,,,,0.825,25162.263,Pinned,Device,NVIDIA A100-SXM4-40GB (0),1,,13,[CUDA memcpy Host-to-Device]
1953842300,6912,21272,,,,,,,,,,0.131,18962.842,Pinned,Device,NVIDIA A100-SXM4-40GB (0),1,,13,[CUDA memcpy Host-to-Device]
1953860444,8031,21273,69,4,1,48,1,1,76,0.002,0.000,,,,,NVIDIA A100-SXM4-40GB (0),1,,13,"void ch_est::windowedChEstPreNoDftSOfdmKernel<float, __half, float, (unsigned int)2, (unsigned int)1, (unsigned short)4>(ch_est::puschRxChEstStatDescr_t *, ch_est::puschRxChEstDynDescr_t *)"
1953869659,6976,21274,137,2,1,24,2,1,44,0.001,0.001,,,,,NVIDIA A100-SXM4-40GB (0),1,,13,"void ch_est::chEstFilterNoDftSOfdmDispatchKernel<float, __half, float, (unsigned int)2>(ch_est::puschRxChEstStatDescr_t *, ch_est::puschRxChEstDynDescr_t *)"
1953877819,5152,21275,137,2,1,24,2,1,44,0.001,0.001,,,,,NVIDIA A100-SXM4-40GB (0),1,,13,"void ch_est::chEstFilterNoDftSOfdmDispatchKernel<float, __half, float, (unsigned int)2>(ch_est::puschRxChEstStatDescr_t *, ch_est::puschRxChEstDynDescr_t *)"
1953884091,2592,21286,103,1,1,128,1,1,16,0.000,0.000,,,,,NVIDIA A100-SXM4-40GB (0),1,,13,cupy_copy__complex64_complex64
1953887867,16448,21296,1434,1,1,128,1,1,16,0.000,0.000,,,,,NVIDIA A100-SXM4-40GB (0),1,,13,cupy_copy__complex64_complex64
1953905371,2528,21303,103,1,1,128,1,1,16,0.000,0.000,,,,,NVIDIA A100-SXM4-40GB (0),1,,13,cupy_copy__complex64_complex64
1953909179,85983,21310,1,1,1,32,32,1,30,0.000,0.000,,,,,NVIDIA A100-SXM4-40GB (0),1,,13,"void convert_kernel<__half2, float2>(tensor_layout_any, T1 *, tensor_layout_any, const T2 *)"
1954160632,4320,21313,,,,,,,,,,0.061,14222.193,Pinned,Device,NVIDIA A100-SXM4-40GB (0),1,,13,[CUDA memcpy Host-to-Device]
1954170712,46623,21314,,,,,,,,,,35.801,767858.990,Device,,NVIDIA A100-SXM4-40GB (0),1,,13,[CUDA memset]
1954223927,1984,21316,,,,,,,,,,0.000,40.323,Pinned,Device,NVIDIA A100-SXM4-40GB (0),1,,13,[CUDA memcpy Host-to-Device]
1954228215,7200,21317,,,,,,,,,,0.131,18204.328,Pinned,Device,NVIDIA A100-SXM4-40GB (0),1,,13,[CUDA memcpy Host-to-Device]
1954242391,9664,21318,273,1,1,48,1,1,40,0.000,0.001,,,,,NVIDIA A100-SXM4-40GB (0),1,,13,"void pusch_noise_intf_est::noiseIntfEstNoDftSOfdmKernel<float, __half, float, float, (unsigned int)2, (unsigned int)1, (unsigned char)4, (unsigned char)4>(pusch_noise_intf_est::puschRxNoiseIntfEstDynDescr)"
1954253143,2752,21329,35,1,1,128,1,1,16,0.000,0.000,,,,,NVIDIA A100-SXM4-40GB (0),1,,13,cupy_copy__complex64_complex64
1954263575,1728,21338,1,1,1,1,1,1,18,0.000,0.000,,,,,NVIDIA A100-SXM4-40GB (0),1,,13,cupy_copy__float32_float32
1954301206,1824,21344,,,,,,,,,,0.000,2.193,Device,Pageable,NVIDIA A100-SXM4-40GB (0),1,,7,[CUDA memcpy Device-to-Host]
1954360598,16479,21355,1434,1,1,128,1,1,16,0.000,0.000,,,,,NVIDIA A100-SXM4-40GB (0),1,,13,cupy_copy__complex64_complex64
1954387829,2880,21362,103,1,1,128,1,1,16,0.000,0.000,,,,,NVIDIA A100-SXM4-40GB (0),1,,13,cupy_copy__complex64_complex64
1954409333,2304,21369,35,1,1,128,1,1,16,0.000,0.000,,,,,NVIDIA A100-SXM4-40GB (0),1,,13,cupy_copy__complex64_complex64
1954428085,1664,21376,1,1,1,1,1,1,18,0.000,0.000,,,,,NVIDIA A100-SXM4-40GB (0),1,,13,cupy_copy__float32_float32
1954691506,87199,21387,1,1,1,32,32,1,30,0.000,0.000,,,,,NVIDIA A100-SXM4-40GB (0),1,,13,"void convert_kernel<__half2, float2>(tensor_layout_any, T1 *, tensor_layout_any, const T2 *)"
1954809808,4320,21390,,,,,,,,,,0.061,14222.193,Pinned,Device,NVIDIA A100-SXM4-40GB (0),1,,13,[CUDA memcpy Host-to-Device]
1954825360,3616,21391,,,,,,,,,,1.547,427715.774,Device,,NVIDIA A100-SXM4-40GB (0),1,,13,[CUDA memset]
1954832240,3104,21396,,,,,,,,,,0.021,6783.485,Pinned,Device,NVIDIA A100-SXM4-40GB (0),1,,13,[CUDA memcpy Host-to-Device]
1954837680,7264,21397,,,,,,,,,,0.131,18044.027,Pinned,Device,NVIDIA A100-SXM4-40GB (0),1,,13,[CUDA memcpy Host-to-Device]
1954849712,6720,21398,273,1,1,8,4,1,39,0.002,0.000,,,,,NVIDIA A100-SXM4-40GB (0),1,,13,"void channel_eq::eqMmseCoefCompLowMimoKernel<float, float, float, (unsigned int)4, (unsigned int)1, (unsigned int)4>(const channel_eq::_puschRxChEqStatDescr *, channel_eq::_puschRxChEqCoefCompDynDescr)"
1954857744,5824,21399,273,1,1,12,11,1,40,0.002,0.000,,,,,NVIDIA A100-SXM4-40GB (0),1,,13,"void channel_eq::eqMmseSoftDemapKernel<float, __half, __half, float, (unsigned int)4, (unsigned short)16383>(channel_eq::_puschRxChEqStatDescr *, channel_eq::_puschRxChEqSoftDemapDynDescr)"
1954864880,307420,21400,1,1,1,32,32,1,30,0.000,0.000,,,,,NVIDIA A100-SXM4-40GB (0),1,,13,"void convert_kernel<float2, __half2>(tensor_layout_any, T1 *, tensor_layout_any, const T2 *)"
1955173356,13664,21412,2253,1,1,128,1,1,16,0.000,0.000,,,,,NVIDIA A100-SXM4-40GB (0),1,,13,cupy_copy__float16_float16
1955188204,2848,21421,282,1,1,128,1,1,16,0.000,0.000,,,,,NVIDIA A100-SXM4-40GB (0),1,,13,cupy_copy__complex64_complex64
1955192332,2048,21430,26,1,1,128,1,1,16,0.000,0.000,,,,,NVIDIA A100-SXM4-40GB (0),1,,13,cupy_copy__float32_float32
1955195404,3040,21439,103,1,1,128,1,1,16,0.000,0.000,,,,,NVIDIA A100-SXM4-40GB (0),1,,13,cupy_copy__complex64_complex64
1955252395,15456,21455,1434,1,1,128,1,1,16,0.000,0.000,,,,,NVIDIA A100-SXM4-40GB (0),1,,13,cupy_copy__complex64_complex64
1955371146,86431,21460,1,1,1,32,32,1,30,0.000,0.000,,,,,NVIDIA A100-SXM4-40GB (0),1,,13,"void convert_kernel<__half2, float2>(tensor_layout_any, T1 *, tensor_layout_any, const T2 *)"
1955485384,4288,21463,,,,,,,,,,0.061,14328.300,Pinned,Device,NVIDIA A100-SXM4-40GB (0),1,,13,[CUDA memcpy Host-to-Device]
1955496648,587929,21464,,,,,,,,,,456.520,776084.816,Device,,NVIDIA A100-SXM4-40GB (0),1,,13,[CUDA memset]
1956086561,33056,21469,,,,,,,,,,0.825,24967.481,Pinned,Device,NVIDIA A100-SXM4-40GB (0),1,,13,[CUDA memcpy Host-to-Device]
1956121921,6880,21470,,,,,,,,,,0.131,19051.053,Pinned,Device,NVIDIA A100-SXM4-40GB (0),1,,13,[CUDA memcpy Host-to-Device]
1956138817,7552,21471,69,4,1,48,1,1,76,0.002,0.000,,,,,NVIDIA A100-SXM4-40GB (0),1,,13,"void ch_est::windowedChEstPreNoDftSOfdmKernel<float, __half, float, (unsigned int)2, (unsigned int)1, (unsigned short)4>(ch_est::puschRxChEstStatDescr_t *, ch_est::puschRxChEstDynDescr_t *)"
1956147489,6847,21472,137,2,1,24,2,1,44,0.001,0.001,,,,,NVIDIA A100-SXM4-40GB (0),1,,13,"void ch_est::chEstFilterNoDftSOfdmDispatchKernel<float, __half, float, (unsigned int)2>(ch_est::puschRxChEstStatDescr_t *, ch_est::puschRxChEstDynDescr_t *)"
1956155552,5184,21473,137,2,1,24,2,1,44,0.001,0.001,,,,,NVIDIA A100-SXM4-40GB (0),1,,13,"void ch_est::chEstFilterNoDftSOfdmDispatchKernel<float, __half, float, (unsigned int)2>(ch_est::puschRxChEstStatDescr_t *, ch_est::puschRxChEstDynDescr_t *)"
1956161760,2624,21484,103,1,1,128,1,1,16,0.000,0.000,,,,,NVIDIA A100-SXM4-40GB (0),1,,13,cupy_copy__complex64_complex64
1956165536,16544,21494,1434,1,1,128,1,1,16,0.000,0.000,,,,,NVIDIA A100-SXM4-40GB (0),1,,13,cupy_copy__complex64_complex64
1956183264,2528,21501,103,1,1,128,1,1,16,0.000,0.000,,,,,NVIDIA A100-SXM4-40GB (0),1,,13,cupy_copy__complex64_complex64
1956186848,86271,21508,1,1,1,32,32,1,30,0.000,0.000,,,,,NVIDIA A100-SXM4-40GB (0),1,,13,"void convert_kernel<__half2, float2>(tensor_layout_any, T1 *, tensor_layout_any, const T2 *)"
1956301119,4288,21511,,,,,,,,,,0.061,14328.300,Pinned,Device,NVIDIA A100-SXM4-40GB (0),1,,13,[CUDA memcpy Host-to-Device]
1956313471,46975,21512,,,,,,,,,,35.801,762095.036,Device,,NVIDIA A100-SXM4-40GB (0),1,,13,[CUDA memset]
1956366078,2016,21514,,,,,,,,,,0.000,39.682,Pinned,Device,NVIDIA A100-SXM4-40GB (0),1,,13,[CUDA memcpy Host-to-Device]
1956370398,6912,21515,,,,,,,,,,0.131,18962.842,Pinned,Device,NVIDIA A100-SXM4-40GB (0),1,,13,[CUDA memcpy Host-to-Device]
1956381502,9280,21516,273,1,1,48,1,1,40,0.000,0.001,,,,,NVIDIA A100-SXM4-40GB (0),1,,13,"void pusch_noise_intf_est::noiseIntfEstNoDftSOfdmKernel<float, __half, float, float, (unsigned int)2, (unsigned int)1, (unsigned char)4, (unsigned char)4>(pusch_noise_intf_est::puschRxNoiseIntfEstDynDescr)"
1956391966,2912,21527,35,1,1,128,1,1,16,0.000,0.000,,,,,NVIDIA A100-SXM4-40GB (0),1,,13,cupy_copy__complex64_complex64
1956427037,1760,21536,1,1,1,1,1,1,18,0.000,0.000,,,,,NVIDIA A100-SXM4-40GB (0),1,,13,cupy_copy__float32_float32
1956461373,1824,21542,,,,,,,,,,0.000,2.193,Device,Pageable,NVIDIA A100-SXM4-40GB (0),1,,7,[CUDA memcpy Device-to-Host]
1956519996,16320,21553,1434,1,1,128,1,1,16,0.000,0.000,,,,,NVIDIA A100-SXM4-40GB (0),1,,13,cupy_copy__complex64_complex64
1956546492,2784,21560,103,1,1,128,1,1,16,0.000,0.000,,,,,NVIDIA A100-SXM4-40GB (0),1,,13,cupy_copy__complex64_complex64
1956567612,2336,21567,35,1,1,128,1,1,16,0.000,0.000,,,,,NVIDIA A100-SXM4-40GB (0),1,,13,cupy_copy__complex64_complex64
1956586075,1664,21574,1,1,1,1,1,1,18,0.000,0.000,,,,,NVIDIA A100-SXM4-40GB (0),1,,13,cupy_copy__float32_float32
1956718682,87007,21585,1,1,1,32,32,1,30,0.000,0.000,,,,,NVIDIA A100-SXM4-40GB (0),1,,13,"void convert_kernel<__half2, float2>(tensor_layout_any, T1 *, tensor_layout_any, const T2 *)"
1956833240,4320,21588,,,,,,,,,,0.061,14222.193,Pinned,Device,NVIDIA A100-SXM4-40GB (0),1,,13,[CUDA memcpy Host-to-Device]
1956847864,3616,21589,,,,,,,,,,1.547,427715.774,Device,,NVIDIA A100-SXM4-40GB (0),1,,13,[CUDA memset]
1956854488,3136,21594,,,,,,,,,,0.021,6714.274,Pinned,Device,NVIDIA A100-SXM4-40GB (0),1,,13,[CUDA memcpy Host-to-Device]
1956859928,8224,21595,,,,,,,,,,0.131,15937.700,Pinned,Device,NVIDIA A100-SXM4-40GB (0),1,,13,[CUDA memcpy Host-to-Device]
1956872632,6560,21596,273,1,1,8,4,1,39,0.002,0.000,,,,,NVIDIA A100-SXM4-40GB (0),1,,13,"void channel_eq::eqMmseCoefCompLowMimoKernel<float, float, float, (unsigned int)4, (unsigned int)1, (unsigned int)4>(const channel_eq::_puschRxChEqStatDescr *, channel_eq::_puschRxChEqCoefCompDynDescr)"
1956880248,5600,21597,273,1,1,12,11,1,40,0.002,0.000,,,,,NVIDIA A100-SXM4-40GB (0),1,,13,"void channel_eq::eqMmseSoftDemapKernel<float, __half, __half, float, (unsigned int)4, (unsigned short)16383>(channel_eq::_puschRxChEqStatDescr *, channel_eq::_puschRxChEqSoftDemapDynDescr)"
1956886872,307900,21598,1,1,1,32,32,1,30,0.000,0.000,,,,,NVIDIA A100-SXM4-40GB (0),1,,13,"void convert_kernel<float2, __half2>(tensor_layout_any, T1 *, tensor_layout_any, const T2 *)"
1957196020,13760,21610,2253,1,1,128,1,1,16,0.000,0.000,,,,,NVIDIA A100-SXM4-40GB (0),1,,13,cupy_copy__float16_float16
1957210932,2880,21619,282,1,1,128,1,1,16,0.000,0.000,,,,,NVIDIA A100-SXM4-40GB (0),1,,13,cupy_copy__complex64_complex64
1957214996,2048,21628,26,1,1,128,1,1,16,0.000,0.000,,,,,NVIDIA A100-SXM4-40GB (0),1,,13,cupy_copy__float32_float32
1957218100,3104,21637,103,1,1,128,1,1,16,0.000,0.000,,,,,NVIDIA A100-SXM4-40GB (0),1,,13,cupy_copy__complex64_complex64
1957222516,15296,21647,1434,1,1,128,1,1,16,0.000,0.000,,,,,NVIDIA A100-SXM4-40GB (0),1,,13,cupy_copy__complex64_complex64
1957238996,86303,21652,1,1,1,32,32,1,30,0.000,0.000,,,,,NVIDIA A100-SXM4-40GB (0),1,,13,"void convert_kernel<__half2, float2>(tensor_layout_any, T1 *, tensor_layout_any, const T2 *)"
1957353106,4288,21655,,,,,,,,,,0.061,14328.300,Pinned,Device,NVIDIA A100-SXM4-40GB (0),1,,13,[CUDA memcpy Host-to-Device]
1957363314,587705,21656,,,,,,,,,,456.520,776541.336,Device,,NVIDIA A100-SXM4-40GB (0),1,,13,[CUDA memset]
1957953291,32832,21661,,,,,,,,,,0.825,25138.328,Pinned,Device,NVIDIA A100-SXM4-40GB (0),1,,13,[CUDA memcpy Host-to-Device]
1957988427,7232,21662,,,,,,,,,,0.131,18123.850,Pinned,Device,NVIDIA A100-SXM4-40GB (0),1,,13,[CUDA memcpy Host-to-Device]
1958004491,7839,21663,69,4,1,48,1,1,76,0.002,0.000,,,,,NVIDIA A100-SXM4-40GB (0),1,,13,"void ch_est::windowedChEstPreNoDftSOfdmKernel<float, __half, float, (unsigned int)2, (unsigned int)1, (unsigned short)4>(ch_est::puschRxChEstStatDescr_t *, ch_est::puschRxChEstDynDescr_t *)"
1958013450,6880,21664,137,2,1,24,2,1,44,0.001,0.001,,,,,NVIDIA A100-SXM4-40GB (0),1,,13,"void ch_est::chEstFilterNoDftSOfdmDispatchKernel<float, __half, float, (unsigned int)2>(ch_est::puschRxChEstStatDescr_t *, ch_est::puschRxChEstDynDescr_t *)"
1958021482,5184,21665,137,2,1,24,2,1,44,0.001,0.001,,,,,NVIDIA A100-SXM4-40GB (0),1,,13,"void ch_est::chEstFilterNoDftSOfdmDispatchKernel<float, __half, float, (unsigned int)2>(ch_est::puschRxChEstStatDescr_t *, ch_est::puschRxChEstDynDescr_t *)"
1958027786,2592,21676,103,1,1,128,1,1,16,0.000,0.000,,,,,NVIDIA A100-SXM4-40GB (0),1,,13,cupy_copy__complex64_complex64
1958031466,16608,21686,1434,1,1,128,1,1,16,0.000,0.000,,,,,NVIDIA A100-SXM4-40GB (0),1,,13,cupy_copy__complex64_complex64
1958049290,2560,21693,103,1,1,128,1,1,16,0.000,0.000,,,,,NVIDIA A100-SXM4-40GB (0),1,,13,cupy_copy__complex64_complex64
1958053162,86015,21700,1,1,1,32,32,1,30,0.000,0.000,,,,,NVIDIA A100-SXM4-40GB (0),1,,13,"void convert_kernel<__half2, float2>(tensor_layout_any, T1 *, tensor_layout_any, const T2 *)"
1958308743,4544,21703,,,,,,,,,,0.061,13521.101,Pinned,Device,NVIDIA A100-SXM4-40GB (0),1,,13,[CUDA memcpy Host-to-Device]
1958317127,46879,21704,,,,,,,,,,35.801,763670.278,Device,,NVIDIA A100-SXM4-40GB (0),1,,13,[CUDA memset]
1958365254,2016,21706,,,,,,,,,,0.000,39.682,Pinned,Device,NVIDIA A100-SXM4-40GB (0),1,,13,[CUDA memcpy Host-to-Device]
1958369574,6912,21707,,,,,,,,,,0.131,18962.842,Pinned,Device,NVIDIA A100-SXM4-40GB (0),1,,13,[CUDA memcpy Host-to-Device]
1958384422,9792,21708,273,1,1,48,1,1,40,0.000,0.001,,,,,NVIDIA A100-SXM4-40GB (0),1,,13,"void pusch_noise_intf_est::noiseIntfEstNoDftSOfdmKernel<float, __half, float, float, (unsigned int)2, (unsigned int)1, (unsigned char)4, (unsigned char)4>(pusch_noise_intf_est::puschRxNoiseIntfEstDynDescr)"
1958395558,2816,21719,35,1,1,128,1,1,16,0.000,0.000,,,,,NVIDIA A100-SXM4-40GB (0),1,,13,cupy_copy__complex64_complex64
1958412934,1728,21728,1,1,1,1,1,1,18,0.000,0.000,,,,,NVIDIA A100-SXM4-40GB (0),1,,13,cupy_copy__float32_float32
1958447365,1824,21734,,,,,,,,,,0.000,2.193,Device,Pageable,NVIDIA A100-SXM4-40GB (0),1,,7,[CUDA memcpy Device-to-Host]
1958505829,16287,21745,1434,1,1,128,1,1,16,0.000,0.000,,,,,NVIDIA A100-SXM4-40GB (0),1,,13,cupy_copy__complex64_complex64
1958533124,2816,21752,103,1,1,128,1,1,16,0.000,0.000,,,,,NVIDIA A100-SXM4-40GB (0),1,,13,cupy_copy__complex64_complex64
1958552740,2304,21759,35,1,1,128,1,1,16,0.000,0.000,,,,,NVIDIA A100-SXM4-40GB (0),1,,13,cupy_copy__complex64_complex64
1958571044,1696,21766,1,1,1,1,1,1,18,0.000,0.000,,,,,NVIDIA A100-SXM4-40GB (0),1,,13,cupy_copy__float32_float32
1958838977,87359,21777,1,1,1,32,32,1,30,0.000,0.000,,,,,NVIDIA A100-SXM4-40GB (0),1,,13,"void convert_kernel<__half2, float2>(tensor_layout_any, T1 *, tensor_layout_any, const T2 *)"
1958956799,4288,21780,,,,,,,,,,0.061,14328.300,Pinned,Device,NVIDIA A100-SXM4-40GB (0),1,,13,[CUDA memcpy Host-to-Device]
1958972223,3584,21781,,,,,,,,,,1.547,431534.389,Device,,NVIDIA A100-SXM4-40GB (0),1,,13,[CUDA memset]
1958978623,3136,21786,,,,,,,,,,0.021,6714.274,Pinned,Device,NVIDIA A100-SXM4-40GB (0),1,,13,[CUDA memcpy Host-to-Device]
1958984063,7136,21787,,,,,,,,,,0.131,18367.644,Pinned,Device,NVIDIA A100-SXM4-40GB (0),1,,13,[CUDA memcpy Host-to-Device]
1958996319,6592,21788,273,1,1,8,4,1,39,0.002,0.000,,,,,NVIDIA A100-SXM4-40GB (0),1,,13,"void channel_eq::eqMmseCoefCompLowMimoKernel<float, float, float, (unsigned int)4, (unsigned int)1, (unsigned int)4>(const channel_eq::_puschRxChEqStatDescr *, channel_eq::_puschRxChEqCoefCompDynDescr)"
1959004223,6016,21789,273,1,1,12,11,1,40,0.002,0.000,,,,,NVIDIA A100-SXM4-40GB (0),1,,13,"void channel_eq::eqMmseSoftDemapKernel<float, __half, __half, float, (unsigned int)4, (unsigned short)16383>(channel_eq::_puschRxChEqStatDescr *, channel_eq::_puschRxChEqSoftDemapDynDescr)"
1959011583,307036,21790,1,1,1,32,32,1,30,0.000,0.000,,,,,NVIDIA A100-SXM4-40GB (0),1,,13,"void convert_kernel<float2, __half2>(tensor_layout_any, T1 *, tensor_layout_any, const T2 *)"
1959319707,13728,21802,2253,1,1,128,1,1,16,0.000,0.000,,,,,NVIDIA A100-SXM4-40GB (0),1,,13,cupy_copy__float16_float16
1959334587,2880,21811,282,1,1,128,1,1,16,0.000,0.000,,,,,NVIDIA A100-SXM4-40GB (0),1,,13,cupy_copy__complex64_complex64
1959338619,2048,21820,26,1,1,128,1,1,16,0.000,0.000,,,,,NVIDIA A100-SXM4-40GB (0),1,,13,cupy_copy__float32_float32
1959341723,3040,21829,103,1,1,128,1,1,16,0.000,0.000,,,,,NVIDIA A100-SXM4-40GB (0),1,,13,cupy_copy__complex64_complex64
1959346075,15455,21839,1434,1,1,128,1,1,16,0.000,0.000,,,,,NVIDIA A100-SXM4-40GB (0),1,,13,cupy_copy__complex64_complex64
1959362746,87583,21844,1,1,1,32,32,1,30,0.000,0.000,,,,,NVIDIA A100-SXM4-40GB (0),1,,13,"void convert_kernel<__half2, float2>(tensor_layout_any, T1 *, tensor_layout_any, const T2 *)"
1959617143,4320,21847,,,,,,,,,,0.061,14222.193,Pinned,Device,NVIDIA A100-SXM4-40GB (0),1,,13,[CUDA memcpy Host-to-Device]
1959630583,588761,21848,,,,,,,,,,456.520,775171.775,Device,,NVIDIA A100-SXM4-40GB (0),1,,13,[CUDA memset]
1960225520,32864,21853,,,,,,,,,,0.825,25113.567,Pinned,Device,NVIDIA A100-SXM4-40GB (0),1,,13,[CUDA memcpy Host-to-Device]
1960260688,6880,21854,,,,,,,,,,0.131,19051.053,Pinned,Device,NVIDIA A100-SXM4-40GB (0),1,,13,[CUDA memcpy Host-to-Device]
1960277776,8320,21855,69,4,1,48,1,1,76,0.002,0.000,,,,,NVIDIA A100-SXM4-40GB (0),1,,13,"void ch_est::windowedChEstPreNoDftSOfdmKernel<float, __half, float, (unsigned int)2, (unsigned int)1, (unsigned short)4>(ch_est::puschRxChEstStatDescr_t *, ch_est::puschRxChEstDynDescr_t *)"
1960287184,6911,21856,137,2,1,24,2,1,44,0.001,0.001,,,,,NVIDIA A100-SXM4-40GB (0),1,,13,"void ch_est::chEstFilterNoDftSOfdmDispatchKernel<float, __half, float, (unsigned int)2>(ch_est::puschRxChEstStatDescr_t *, ch_est::puschRxChEstDynDescr_t *)"
1960295183,5152,21857,137,2,1,24,2,1,44,0.001,0.001,,,,,NVIDIA A100-SXM4-40GB (0),1,,13,"void ch_est::chEstFilterNoDftSOfdmDispatchKernel<float, __half, float, (unsigned int)2>(ch_est::puschRxChEstStatDescr_t *, ch_est::puschRxChEstDynDescr_t *)"
1960301455,2624,21868,103,1,1,128,1,1,16,0.000,0.000,,,,,NVIDIA A100-SXM4-40GB (0),1,,13,cupy_copy__complex64_complex64
1960305263,16352,21878,1434,1,1,128,1,1,16,0.000,0.000,,,,,NVIDIA A100-SXM4-40GB (0),1,,13,cupy_copy__complex64_complex64
1960322639,2560,21885,103,1,1,128,1,1,16,0.000,0.000,,,,,NVIDIA A100-SXM4-40GB (0),1,,13,cupy_copy__complex64_complex64
1960326511,86943,21892,1,1,1,32,32,1,30,0.000,0.000,,,,,NVIDIA A100-SXM4-40GB (0),1,,13,"void convert_kernel<__half2, float2>(tensor_layout_any, T1 *, tensor_layout_any, const T2 *)"
1960444814,4288,21895,,,,,,,,,,0.061,14328.300,Pinned,Device,NVIDIA A100-SXM4-40GB (0),1,,13,[CUDA memcpy Host-to-Device]
1960457806,46591,21896,,,,,,,,,,35.801,768396.004,Device,,NVIDIA A100-SXM4-40GB (0),1,,13,[CUDA memset]
1960511213,1984,21898,,,,,,,,,,0.000,40.323,Pinned,Device,NVIDIA A100-SXM4-40GB (0),1,,13,[CUDA memcpy Host-to-Device]
1960515501,6880,21899,,,,,,,,,,0.131,19051.053,Pinned,Device,NVIDIA A100-SXM4-40GB (0),1,,13,[CUDA memcpy Host-to-Device]
1960526605,9184,21900,273,1,1,48,1,1,40,0.000,0.001,,,,,NVIDIA A100-SXM4-40GB (0),1,,13,"void pusch_noise_intf_est::noiseIntfEstNoDftSOfdmKernel<float, __half, float, float, (unsigned int)2, (unsigned int)1, (unsigned char)4, (unsigned char)4>(pusch_noise_intf_est::puschRxNoiseIntfEstDynDescr)"
1960538093,2912,21911,35,1,1,128,1,1,16,0.000,0.000,,,,,NVIDIA A100-SXM4-40GB (0),1,,13,cupy_copy__complex64_complex64
1960574028,1728,21920,1,1,1,1,1,1,18,0.000,0.000,,,,,NVIDIA A100-SXM4-40GB (0),1,,13,cupy_copy__float32_float32
1960609068,1824,21926,,,,,,,,,,0.000,2.193,Device,Pageable,NVIDIA A100-SXM4-40GB (0),1,,7,[CUDA memcpy Device-to-Host]
1960667691,16512,21937,1434,1,1,128,1,1,16,0.000,0.000,,,,,NVIDIA A100-SXM4-40GB (0),1,,13,cupy_copy__complex64_complex64
1960693995,2816,21944,103,1,1,128,1,1,16,0.000,0.000,,,,,NVIDIA A100-SXM4-40GB (0),1,,13,cupy_copy__complex64_complex64
1960714346,2336,21951,35,1,1,128,1,1,16,0.000,0.000,,,,,NVIDIA A100-SXM4-40GB (0),1,,13,cupy_copy__complex64_complex64
1960732074,1696,21958,1,1,1,1,1,1,18,0.000,0.000,,,,,NVIDIA A100-SXM4-40GB (0),1,,13,cupy_copy__float32_float32
1960866473,86879,21969,1,1,1,32,32,1,30,0.000,0.000,,,,,NVIDIA A100-SXM4-40GB (0),1,,13,"void convert_kernel<__half2, float2>(tensor_layout_any, T1 *, tensor_layout_any, const T2 *)"
1960981639,4320,21972,,,,,,,,,,0.061,14222.193,Pinned,Device,NVIDIA A100-SXM4-40GB (0),1,,13,[CUDA memcpy Host-to-Device]
1960995495,3648,21973,,,,,,,,,,1.547,423963.664,Device,,NVIDIA A100-SXM4-40GB (0),1,,13,[CUDA memset]
1961002087,3168,21978,,,,,,,,,,0.021,6646.453,Pinned,Device,NVIDIA A100-SXM4-40GB (0),1,,13,[CUDA memcpy Host-to-Device]
1961007559,6912,21979,,,,,,,,,,0.131,18962.842,Pinned,Device,NVIDIA A100-SXM4-40GB (0),1,,13,[CUDA memcpy Host-to-Device]
1961019111,6560,21980,273,1,1,8,4,1,39,0.002,0.000,,,,,NVIDIA A100-SXM4-40GB (0),1,,13,"void channel_eq::eqMmseCoefCompLowMimoKernel<float, float, float, (unsigned int)4, (unsigned int)1, (unsigned int)4>(const channel_eq::_puschRxChEqStatDescr *, channel_eq::_puschRxChEqCoefCompDynDescr)"
1961026983,5664,21981,273,1,1,12,11,1,40,0.002,0.000,,,,,NVIDIA A100-SXM4-40GB (0),1,,13,"void channel_eq::eqMmseSoftDemapKernel<float, __half, __half, float, (unsigned int)4, (unsigned short)16383>(channel_eq::_puschRxChEqStatDescr *, channel_eq::_puschRxChEqSoftDemapDynDescr)"
1961033799,307580,21982,1,1,1,32,32,1,30,0.000,0.000,,,,,NVIDIA A100-SXM4-40GB (0),1,,13,"void convert_kernel<float2, __half2>(tensor_layout_any, T1 *, tensor_layout_any, const T2 *)"
1961342659,13664,21994,2253,1,1,128,1,1,16,0.000,0.000,,,,,NVIDIA A100-SXM4-40GB (0),1,,13,cupy_copy__float16_float16
1961357603,2848,22003,282,1,1,128,1,1,16,0.000,0.000,,,,,NVIDIA A100-SXM4-40GB (0),1,,13,cupy_copy__complex64_complex64
1961361763,2048,22012,26,1,1,128,1,1,16,0.000,0.000,,,,,NVIDIA A100-SXM4-40GB (0),1,,13,cupy_copy__float32_float32
1961364835,3072,22021,103,1,1,128,1,1,16,0.000,0.000,,,,,NVIDIA A100-SXM4-40GB (0),1,,13,cupy_copy__complex64_complex64
1961369219,15584,22031,1434,1,1,128,1,1,16,0.000,0.000,,,,,NVIDIA A100-SXM4-40GB (0),1,,13,cupy_copy__complex64_complex64
1961386019,86655,22036,1,1,1,32,32,1,30,0.000,0.000,,,,,NVIDIA A100-SXM4-40GB (0),1,,13,"void convert_kernel<__half2, float2>(tensor_layout_any, T1 *, tensor_layout_any, const T2 *)"
1961500193,4320,22039,,,,,,,,,,0.061,14222.193,Pinned,Device,NVIDIA A100-SXM4-40GB (0),1,,13,[CUDA memcpy Host-to-Device]
1961511009,588121,22040,,,,,,,,,,456.520,776084.816,Device,,NVIDIA A100-SXM4-40GB (0),1,,13,[CUDA memset]
1962100474,32896,22045,,,,,,,,,,0.825,25088.807,Pinned,Device,NVIDIA A100-SXM4-40GB (0),1,,13,[CUDA memcpy Host-to-Device]
1962135706,6880,22046,,,,,,,,,,0.131,19051.053,Pinned,Device,NVIDIA A100-SXM4-40GB (0),1,,13,[CUDA memcpy Host-to-Device]
1962151641,8192,22047,69,4,1,48,1,1,76,0.002,0.000,,,,,NVIDIA A100-SXM4-40GB (0),1,,13,"void ch_est::windowedChEstPreNoDftSOfdmKernel<float, __half, float, (unsigned int)2, (unsigned int)1, (unsigned short)4>(ch_est::puschRxChEstStatDescr_t *, ch_est::puschRxChEstDynDescr_t *)"
1962160857,6752,22048,137,2,1,24,2,1,44,0.001,0.001,,,,,NVIDIA A100-SXM4-40GB (0),1,,13,"void ch_est::chEstFilterNoDftSOfdmDispatchKernel<float, __half, float, (unsigned int)2>(ch_est::puschRxChEstStatDescr_t *, ch_est::puschRxChEstDynDescr_t *)"
1962168761,5184,22049,137,2,1,24,2,1,44,0.001,0.001,,,,,NVIDIA A100-SXM4-40GB (0),1,,13,"void ch_est::chEstFilterNoDftSOfdmDispatchKernel<float, __half, float, (unsigned int)2>(ch_est::puschRxChEstStatDescr_t *, ch_est::puschRxChEstDynDescr_t *)"
1962175097,2560,22060,103,1,1,128,1,1,16,0.000,0.000,,,,,NVIDIA A100-SXM4-40GB (0),1,,13,cupy_copy__complex64_complex64
1962178969,16480,22070,1434,1,1,128,1,1,16,0.000,0.000,,,,,NVIDIA A100-SXM4-40GB (0),1,,13,cupy_copy__complex64_complex64
1962196793,2528,22077,103,1,1,128,1,1,16,0.000,0.000,,,,,NVIDIA A100-SXM4-40GB (0),1,,13,cupy_copy__complex64_complex64
1962200633,86495,22084,1,1,1,32,32,1,30,0.000,0.000,,,,,NVIDIA A100-SXM4-40GB (0),1,,13,"void convert_kernel<__half2, float2>(tensor_layout_any, T1 *, tensor_layout_any, const T2 *)"
1962315128,4319,22087,,,,,,,,,,0.061,14225.510,Pinned,Device,NVIDIA A100-SXM4-40GB (0),1,,13,[CUDA memcpy Host-to-Device]
1962327607,46208,22088,,,,,,,,,,35.801,774768.575,Device,,NVIDIA A100-SXM4-40GB (0),1,,13,[CUDA memset]
1962382007,2016,22090,,,,,,,,,,0.000,39.682,Pinned,Device,NVIDIA A100-SXM4-40GB (0),1,,13,[CUDA memcpy Host-to-Device]
1962386327,6912,22091,,,,,,,,,,0.131,18962.842,Pinned,Device,NVIDIA A100-SXM4-40GB (0),1,,13,[CUDA memcpy Host-to-Device]
1962400183,9215,22092,273,1,1,48,1,1,40,0.000,0.001,,,,,NVIDIA A100-SXM4-40GB (0),1,,13,"void pusch_noise_intf_est::noiseIntfEstNoDftSOfdmKernel<float, __half, float, float, (unsigned int)2, (unsigned int)1, (unsigned char)4, (unsigned char)4>(pusch_noise_intf_est::puschRxNoiseIntfEstDynDescr)"
1962410518,2976,22103,35,1,1,128,1,1,16,0.000,0.000,,,,,NVIDIA A100-SXM4-40GB (0),1,,13,cupy_copy__complex64_complex64
1962437302,1728,22112,1,1,1,1,1,1,18,0.000,0.000,,,,,NVIDIA A100-SXM4-40GB (0),1,,13,cupy_copy__float32_float32
1962471478,1728,22118,,,,,,,,,,0.000,2.315,Device,Pageable,NVIDIA A100-SXM4-40GB (0),1,,7,[CUDA memcpy Device-to-Host]
1962529077,16448,22129,1434,1,1,128,1,1,16,0.000,0.000,,,,,NVIDIA A100-SXM4-40GB (0),1,,13,cupy_copy__complex64_complex64
1962555381,2784,22136,103,1,1,128,1,1,16,0.000,0.000,,,,,NVIDIA A100-SXM4-40GB (0),1,,13,cupy_copy__complex64_complex64
1962576564,2304,22143,35,1,1,128,1,1,16,0.000,0.000,,,,,NVIDIA A100-SXM4-40GB (0),1,,13,cupy_copy__complex64_complex64
1962595124,1664,22150,1,1,1,1,1,1,18,0.000,0.000,,,,,NVIDIA A100-SXM4-40GB (0),1,,13,cupy_copy__float32_float32
1962727219,87263,22161,1,1,1,32,32,1,30,0.000,0.000,,,,,NVIDIA A100-SXM4-40GB (0),1,,13,"void convert_kernel<__half2, float2>(tensor_layout_any, T1 *, tensor_layout_any, const T2 *)"
1962842385,4288,22164,,,,,,,,,,0.061,14328.300,Pinned,Device,NVIDIA A100-SXM4-40GB (0),1,,13,[CUDA memcpy Host-to-Device]
1962856593,3616,22165,,,,,,,,,,1.547,427715.774,Device,,NVIDIA A100-SXM4-40GB (0),1,,13,[CUDA memset]
1962863153,3136,22170,,,,,,,,,,0.021,6714.274,Pinned,Device,NVIDIA A100-SXM4-40GB (0),1,,13,[CUDA memcpy Host-to-Device]
1962868593,7200,22171,,,,,,,,,,0.131,18204.328,Pinned,Device,NVIDIA A100-SXM4-40GB (0),1,,13,[CUDA memcpy Host-to-Device]
1962880593,6592,22172,273,1,1,8,4,1,39,0.002,0.000,,,,,NVIDIA A100-SXM4-40GB (0),1,,13,"void channel_eq::eqMmseCoefCompLowMimoKernel<float, float, float, (unsigned int)4, (unsigned int)1, (unsigned int)4>(const channel_eq::_puschRxChEqStatDescr *, channel_eq::_puschRxChEqCoefCompDynDescr)"
1962888209,5824,22173,273,1,1,12,11,1,40,0.002,0.000,,,,,NVIDIA A100-SXM4-40GB (0),1,,13,"void channel_eq::eqMmseSoftDemapKernel<float, __half, __half, float, (unsigned int)4, (unsigned short)16383>(channel_eq::_puschRxChEqStatDescr *, channel_eq::_puschRxChEqSoftDemapDynDescr)"
1962895345,306908,22174,1,1,1,32,32,1,30,0.000,0.000,,,,,NVIDIA A100-SXM4-40GB (0),1,,13,"void convert_kernel<float2, __half2>(tensor_layout_any, T1 *, tensor_layout_any, const T2 *)"
1963203405,13536,22186,2253,1,1,128,1,1,16,0.000,0.000,,,,,NVIDIA A100-SXM4-40GB (0),1,,13,cupy_copy__float16_float16
1963217997,2912,22195,282,1,1,128,1,1,16,0.000,0.000,,,,,NVIDIA A100-SXM4-40GB (0),1,,13,cupy_copy__complex64_complex64
1963222061,2048,22204,26,1,1,128,1,1,16,0.000,0.000,,,,,NVIDIA A100-SXM4-40GB (0),1,,13,cupy_copy__float32_float32
1963225453,3040,22213,103,1,1,128,1,1,16,0.000,0.000,,,,,NVIDIA A100-SXM4-40GB (0),1,,13,cupy_copy__complex64_complex64
1963229485,15456,22223,1434,1,1,128,1,1,16,0.000,0.000,,,,,NVIDIA A100-SXM4-40GB (0),1,,13,cupy_copy__complex64_complex64
1963246125,86687,22228,1,1,1,32,32,1,30,0.000,0.000,,,,,NVIDIA A100-SXM4-40GB (0),1,,13,"void convert_kernel<__half2, float2>(tensor_layout_any, T1 *, tensor_layout_any, const T2 *)"
1963501482,4479,22231,,,,,,,,,,0.061,13717.340,Pinned,Device,NVIDIA A100-SXM4-40GB (0),1,,13,[CUDA memcpy Host-to-Device]
1963516617,588953,22232,,,,,,,,,,456.520,774715.255,Device,,NVIDIA A100-SXM4-40GB (0),1,,13,[CUDA memset]
1964108482,33056,22237,,,,,,,,,,0.825,24967.481,Pinned,Device,NVIDIA A100-SXM4-40GB (0),1,,13,[CUDA memcpy Host-to-Device]
1964143842,6912,22238,,,,,,,,,,0.131,18962.842,Pinned,Device,NVIDIA A100-SXM4-40GB (0),1,,13,[CUDA memcpy Host-to-Device]
1964158690,7712,22239,69,4,1,48,1,1,76,0.002,0.000,,,,,NVIDIA A100-SXM4-40GB (0),1,,13,"void ch_est::windowedChEstPreNoDftSOfdmKernel<float, __half, float, (unsigned int)2, (unsigned int)1, (unsigned short)4>(ch_est::puschRxChEstStatDescr_t *, ch_est::puschRxChEstDynDescr_t *)"
1964167490,7104,22240,137,2,1,24,2,1,44,0.001,0.001,,,,,NVIDIA A100-SXM4-40GB (0),1,,13,"void ch_est::chEstFilterNoDftSOfdmDispatchKernel<float, __half, float, (unsigned int)2>(ch_est::puschRxChEstStatDescr_t *, ch_est::puschRxChEstDynDescr_t *)"
1964175746,5151,22241,137,2,1,24,2,1,44,0.001,0.001,,,,,NVIDIA A100-SXM4-40GB (0),1,,13,"void ch_est::chEstFilterNoDftSOfdmDispatchKernel<float, __half, float, (unsigned int)2>(ch_est::puschRxChEstStatDescr_t *, ch_est::puschRxChEstDynDescr_t *)"
1964181953,3072,22252,103,1,1,128,1,1,16,0.000,0.000,,,,,NVIDIA A100-SXM4-40GB (0),1,,13,cupy_copy__complex64_complex64
1964186337,16608,22262,1434,1,1,128,1,1,16,0.000,0.000,,,,,NVIDIA A100-SXM4-40GB (0),1,,13,cupy_copy__complex64_complex64
1964204289,2528,22269,103,1,1,128,1,1,16,0.000,0.000,,,,,NVIDIA A100-SXM4-40GB (0),1,,13,cupy_copy__complex64_complex64
1964207873,86079,22276,1,1,1,32,32,1,30,0.000,0.000,,,,,NVIDIA A100-SXM4-40GB (0),1,,13,"void convert_kernel<__half2, float2>(tensor_layout_any, T1 *, tensor_layout_any, const T2 *)"
1964326944,4288,22279,,,,,,,,,,0.061,14328.300,Pinned,Device,NVIDIA A100-SXM4-40GB (0),1,,13,[CUDA memcpy Host-to-Device]
1964340160,46591,22280,,,,,,,,,,35.801,768396.004,Device,,NVIDIA A100-SXM4-40GB (0),1,,13,[CUDA memset]
1964388351,2016,22282,,,,,,,,,,0.000,39.682,Pinned,Device,NVIDIA A100-SXM4-40GB (0),1,,13,[CUDA memcpy Host-to-Device]
1964392671,6880,22283,,,,,,,,,,0.131,19051.053,Pinned,Device,NVIDIA A100-SXM4-40GB (0),1,,13,[CUDA memcpy Host-to-Device]
1964410591,9216,22284,273,1,1,48,1,1,40,0.000,0.001,,,,,NVIDIA A100-SXM4-40GB (0),1,,13,"void pusch_noise_intf_est::noiseIntfEstNoDftSOfdmKernel<float, __half, float, float, (unsigned int)2, (unsigned int)1, (unsigned char)4, (unsigned char)4>(pusch_noise_intf_est::puschRxNoiseIntfEstDynDescr)"
1964421023,2944,22295,35,1,1,128,1,1,16,0.000,0.000,,,,,NVIDIA A100-SXM4-40GB (0),1,,13,cupy_copy__complex64_complex64
1964456094,1760,22304,1,1,1,1,1,1,18,0.000,0.000,,,,,NVIDIA A100-SXM4-40GB (0),1,,13,cupy_copy__float32_float32
1964490974,1824,22310,,,,,,,,,,0.000,2.193,Device,Pageable,NVIDIA A100-SXM4-40GB (0),1,,7,[CUDA memcpy Device-to-Host]
1964549181,16576,22321,1434,1,1,128,1,1,16,0.000,0.000,,,,,NVIDIA A100-SXM4-40GB (0),1,,13,cupy_copy__complex64_complex64
1964575581,2752,22328,103,1,1,128,1,1,16,0.000,0.000,,,,,NVIDIA A100-SXM4-40GB (0),1,,13,cupy_copy__complex64_complex64
1964596157,2368,22335,35,1,1,128,1,1,16,0.000,0.000,,,,,NVIDIA A100-SXM4-40GB (0),1,,13,cupy_copy__complex64_complex64
1964614364,1664,22342,1,1,1,1,1,1,18,0.000,0.000,,,,,NVIDIA A100-SXM4-40GB (0),1,,13,cupy_copy__float32_float32
1964747483,86687,22353,1,1,1,32,32,1,30,0.000,0.000,,,,,NVIDIA A100-SXM4-40GB (0),1,,13,"void convert_kernel<__half2, float2>(tensor_layout_any, T1 *, tensor_layout_any, const T2 *)"
1965002232,5024,22356,,,,,,,,,,0.061,12229.263,Pinned,Device,NVIDIA A100-SXM4-40GB (0),1,,13,[CUDA memcpy Host-to-Device]
1965012120,3616,22357,,,,,,,,,,1.547,427715.774,Device,,NVIDIA A100-SXM4-40GB (0),1,,13,[CUDA memset]
1965019896,3200,22362,,,,,,,,,,0.021,6580.000,Pinned,Device,NVIDIA A100-SXM4-40GB (0),1,,13,[CUDA memcpy Host-to-Device]
1965025367,6944,22363,,,,,,,,,,0.131,18875.548,Pinned,Device,NVIDIA A100-SXM4-40GB (0),1,,13,[CUDA memcpy Host-to-Device]
1965038295,6560,22364,273,1,1,8,4,1,39,0.002,0.000,,,,,NVIDIA A100-SXM4-40GB (0),1,,13,"void channel_eq::eqMmseCoefCompLowMimoKernel<float, float, float, (unsigned int)4, (unsigned int)1, (unsigned int)4>(const channel_eq::_puschRxChEqStatDescr *, channel_eq::_puschRxChEqCoefCompDynDescr)"
1965046167,5856,22365,273,1,1,12,11,1,40,0.002,0.000,,,,,NVIDIA A100-SXM4-40GB (0),1,,13,"void channel_eq::eqMmseSoftDemapKernel<float, __half, __half, float, (unsigned int)4, (unsigned short)16383>(channel_eq::_puschRxChEqStatDescr *, channel_eq::_puschRxChEqSoftDemapDynDescr)"
1965053111,307453,22366,1,1,1,32,32,1,30,0.000,0.000,,,,,NVIDIA A100-SXM4-40GB (0),1,,13,"void convert_kernel<float2, __half2>(tensor_layout_any, T1 *, tensor_layout_any, const T2 *)"
1965361619,13632,22378,2253,1,1,128,1,1,16,0.000,0.000,,,,,NVIDIA A100-SXM4-40GB (0),1,,13,cupy_copy__float16_float16
1965376563,2816,22387,282,1,1,128,1,1,16,0.000,0.000,,,,,NVIDIA A100-SXM4-40GB (0),1,,13,cupy_copy__complex64_complex64
1965380691,2048,22396,26,1,1,128,1,1,16,0.000,0.000,,,,,NVIDIA A100-SXM4-40GB (0),1,,13,cupy_copy__float32_float32
1965384083,3104,22405,103,1,1,128,1,1,16,0.000,0.000,,,,,NVIDIA A100-SXM4-40GB (0),1,,13,cupy_copy__complex64_complex64
1965388403,15328,22415,1434,1,1,128,1,1,16,0.000,0.000,,,,,NVIDIA A100-SXM4-40GB (0),1,,13,cupy_copy__complex64_complex64
1965508114,87039,22420,1,1,1,32,32,1,30,0.000,0.000,,,,,NVIDIA A100-SXM4-40GB (0),1,,13,"void convert_kernel<__half2, float2>(tensor_layout_any, T1 *, tensor_layout_any, const T2 *)"
1965625552,4288,22423,,,,,,,,,,0.061,14328.300,Pinned,Device,NVIDIA A100-SXM4-40GB (0),1,,13,[CUDA memcpy Host-to-Device]
1965636848,587993,22424,,,,,,,,,,456.520,776084.816,Device,,NVIDIA A100-SXM4-40GB (0),1,,13,[CUDA memset]
1966227113,32800,22429,,,,,,,,,,0.825,25162.263,Pinned,Device,NVIDIA A100-SXM4-40GB (0),1,,13,[CUDA memcpy Host-to-Device]
1966262217,6912,22430,,,,,,,,,,0.131,18962.842,Pinned,Device,NVIDIA A100-SXM4-40GB (0),1,,13,[CUDA memcpy Host-to-Device]
1966274217,8064,22431,69,4,1,48,1,1,76,0.002,0.000,,,,,NVIDIA A100-SXM4-40GB (0),1,,13,"void ch_est::windowedChEstPreNoDftSOfdmKernel<float, __half, float, (unsigned int)2, (unsigned int)1, (unsigned short)4>(ch_est::puschRxChEstStatDescr_t *, ch_est::puschRxChEstDynDescr_t *)"
1966283433,7008,22432,137,2,1,24,2,1,44,0.001,0.001,,,,,NVIDIA A100-SXM4-40GB (0),1,,13,"void ch_est::chEstFilterNoDftSOfdmDispatchKernel<float, __half, float, (unsigned int)2>(ch_est::puschRxChEstStatDescr_t *, ch_est::puschRxChEstDynDescr_t *)"
1966291784,5152,22433,137,2,1,24,2,1,44,0.001,0.001,,,,,NVIDIA A100-SXM4-40GB (0),1,,13,"void ch_est::chEstFilterNoDftSOfdmDispatchKernel<float, __half, float, (unsigned int)2>(ch_est::puschRxChEstStatDescr_t *, ch_est::puschRxChEstDynDescr_t *)"
1966298088,2592,22444,103,1,1,128,1,1,16,0.000,0.000,,,,,NVIDIA A100-SXM4-40GB (0),1,,13,cupy_copy__complex64_complex64
1966301768,16512,22454,1434,1,1,128,1,1,16,0.000,0.000,,,,,NVIDIA A100-SXM4-40GB (0),1,,13,cupy_copy__complex64_complex64
1966319336,2528,22461,103,1,1,128,1,1,16,0.000,0.000,,,,,NVIDIA A100-SXM4-40GB (0),1,,13,cupy_copy__complex64_complex64
1966322888,86527,22468,1,1,1,32,32,1,30,0.000,0.000,,,,,NVIDIA A100-SXM4-40GB (0),1,,13,"void convert_kernel<__half2, float2>(tensor_layout_any, T1 *, tensor_layout_any, const T2 *)"
1966437479,4320,22471,,,,,,,,,,0.061,14222.193,Pinned,Device,NVIDIA A100-SXM4-40GB (0),1,,13,[CUDA memcpy Host-to-Device]
1966449703,46911,22472,,,,,,,,,,35.801,763133.263,Device,,NVIDIA A100-SXM4-40GB (0),1,,13,[CUDA memset]
1966502534,2016,22474,,,,,,,,,,0.000,39.682,Pinned,Device,NVIDIA A100-SXM4-40GB (0),1,,13,[CUDA memcpy Host-to-Device]
1966506854,6880,22475,,,,,,,,,,0.131,19051.053,Pinned,Device,NVIDIA A100-SXM4-40GB (0),1,,13,[CUDA memcpy Host-to-Device]
1966517958,9184,22476,273,1,1,48,1,1,40,0.000,0.001,,,,,NVIDIA A100-SXM4-40GB (0),1,,13,"void pusch_noise_intf_est::noiseIntfEstNoDftSOfdmKernel<float, __half, float, float, (unsigned int)2, (unsigned int)1, (unsigned char)4, (unsigned char)4>(pusch_noise_intf_est::puschRxNoiseIntfEstDynDescr)"
1966528390,2784,22487,35,1,1,128,1,1,16,0.000,0.000,,,,,NVIDIA A100-SXM4-40GB (0),1,,13,cupy_copy__complex64_complex64
1966557733,1728,22496,1,1,1,1,1,1,18,0.000,0.000,,,,,NVIDIA A100-SXM4-40GB (0),1,,13,cupy_copy__float32_float32
1966592645,1824,22502,,,,,,,,,,0.000,2.193,Device,Pageable,NVIDIA A100-SXM4-40GB (0),1,,7,[CUDA memcpy Device-to-Host]
1966650340,16416,22513,1434,1,1,128,1,1,16,0.000,0.000,,,,,NVIDIA A100-SXM4-40GB (0),1,,13,cupy_copy__complex64_complex64
1966677892,2816,22520,103,1,1,128,1,1,16,0.000,0.000,,,,,NVIDIA A100-SXM4-40GB (0),1,,13,cupy_copy__complex64_complex64
1966698660,2272,22527,35,1,1,128,1,1,16,0.000,0.000,,,,,NVIDIA A100-SXM4-40GB (0),1,,13,cupy_copy__complex64_complex64
1966716739,1664,22534,1,1,1,1,1,1,18,0.000,0.000,,,,,NVIDIA A100-SXM4-40GB (0),1,,13,cupy_copy__float32_float32
1966848674,87007,22545,1,1,1,32,32,1,30,0.000,0.000,,,,,NVIDIA A100-SXM4-40GB (0),1,,13,"void convert_kernel<__half2, float2>(tensor_layout_any, T1 *, tensor_layout_any, const T2 *)"
1966963553,4287,22548,,,,,,,,,,0.061,14331.679,Pinned,Device,NVIDIA A100-SXM4-40GB (0),1,,13,[CUDA memcpy Host-to-Device]
1966977760,3680,22549,,,,,,,,,,1.547,420278.059,Device,,NVIDIA A100-SXM4-40GB (0),1,,13,[CUDA memset]
1966984128,3136,22554,,,,,,,,,,0.021,6714.274,Pinned,Device,NVIDIA A100-SXM4-40GB (0),1,,13,[CUDA memcpy Host-to-Device]
1966989568,7104,22555,,,,,,,,,,0.131,18450.350,Pinned,Device,NVIDIA A100-SXM4-40GB (0),1,,13,[CUDA memcpy Host-to-Device]
1967003488,6592,22556,273,1,1,8,4,1,39,0.002,0.000,,,,,NVIDIA A100-SXM4-40GB (0),1,,13,"void channel_eq::eqMmseCoefCompLowMimoKernel<float, float, float, (unsigned int)4, (unsigned int)1, (unsigned int)4>(const channel_eq::_puschRxChEqStatDescr *, channel_eq::_puschRxChEqCoefCompDynDescr)"
1967011392,5696,22557,273,1,1,12,11,1,40,0.002,0.000,,,,,NVIDIA A100-SXM4-40GB (0),1,,13,"void channel_eq::eqMmseSoftDemapKernel<float, __half, __half, float, (unsigned int)4, (unsigned short)16383>(channel_eq::_puschRxChEqStatDescr *, channel_eq::_puschRxChEqSoftDemapDynDescr)"
1967018240,307260,22558,1,1,1,32,32,1,30,0.000,0.000,,,,,NVIDIA A100-SXM4-40GB (0),1,,13,"void convert_kernel<float2, __half2>(tensor_layout_any, T1 *, tensor_layout_any, const T2 *)"
1967326716,13472,22570,2253,1,1,128,1,1,16,0.000,0.000,,,,,NVIDIA A100-SXM4-40GB (0),1,,13,cupy_copy__float16_float16
1967341340,2816,22579,282,1,1,128,1,1,16,0.000,0.000,,,,,NVIDIA A100-SXM4-40GB (0),1,,13,cupy_copy__complex64_complex64
1967345468,2048,22588,26,1,1,128,1,1,16,0.000,0.000,,,,,NVIDIA A100-SXM4-40GB (0),1,,13,cupy_copy__float32_float32
1967348860,3008,22597,103,1,1,128,1,1,16,0.000,0.000,,,,,NVIDIA A100-SXM4-40GB (0),1,,13,cupy_copy__complex64_complex64
1967352892,15392,22607,1434,1,1,128,1,1,16,0.000,0.000,,,,,NVIDIA A100-SXM4-40GB (0),1,,13,cupy_copy__complex64_complex64
1967369532,87039,22612,1,1,1,32,32,1,30,0.000,0.000,,,,,NVIDIA A100-SXM4-40GB (0),1,,13,"void convert_kernel<__half2, float2>(tensor_layout_any, T1 *, tensor_layout_any, const T2 *)"
1967483962,4320,22615,,,,,,,,,,0.061,14222.193,Pinned,Device,NVIDIA A100-SXM4-40GB (0),1,,13,[CUDA memcpy Host-to-Device]
1967494714,588473,22616,,,,,,,,,,456.520,775628.296,Device,,NVIDIA A100-SXM4-40GB (0),1,,13,[CUDA memset]
1968083635,32800,22621,,,,,,,,,,0.825,25162.263,Pinned,Device,NVIDIA A100-SXM4-40GB (0),1,,13,[CUDA memcpy Host-to-Device]
1968118739,6912,22622,,,,,,,,,,0.131,18962.842,Pinned,Device,NVIDIA A100-SXM4-40GB (0),1,,13,[CUDA memcpy Host-to-Device]
1968136659,7712,22623,69,4,1,48,1,1,76,0.002,0.000,,,,,NVIDIA A100-SXM4-40GB (0),1,,13,"void ch_est::windowedChEstPreNoDftSOfdmKernel<float, __half, float, (unsigned int)2, (unsigned int)1, (unsigned short)4>(ch_est::puschRxChEstStatDescr_t *, ch_est::puschRxChEstDynDescr_t *)"
1968145587,7103,22624,137,2,1,24,2,1,44,0.001,0.001,,,,,NVIDIA A100-SXM4-40GB (0),1,,13,"void ch_est::chEstFilterNoDftSOfdmDispatchKernel<float, __half, float, (unsigned int)2>(ch_est::puschRxChEstStatDescr_t *, ch_est::puschRxChEstDynDescr_t *)"
1968154034,5184,22625,137,2,1,24,2,1,44,0.001,0.001,,,,,NVIDIA A100-SXM4-40GB (0),1,,13,"void ch_est::chEstFilterNoDftSOfdmDispatchKernel<float, __half, float, (unsigned int)2>(ch_est::puschRxChEstStatDescr_t *, ch_est::puschRxChEstDynDescr_t *)"
1968160306,2656,22636,103,1,1,128,1,1,16,0.000,0.000,,,,,NVIDIA A100-SXM4-40GB (0),1,,13,cupy_copy__complex64_complex64
1968164114,16544,22646,1434,1,1,128,1,1,16,0.000,0.000,,,,,NVIDIA A100-SXM4-40GB (0),1,,13,cupy_copy__complex64_complex64
1968181778,2528,22653,103,1,1,128,1,1,16,0.000,0.000,,,,,NVIDIA A100-SXM4-40GB (0),1,,13,cupy_copy__complex64_complex64
1968185650,85919,22660,1,1,1,32,32,1,30,0.000,0.000,,,,,NVIDIA A100-SXM4-40GB (0),1,,13,"void convert_kernel<__half2, float2>(tensor_layout_any, T1 *, tensor_layout_any, const T2 *)"
1968300113,4320,22663,,,,,,,,,,0.061,14222.193,Pinned,Device,NVIDIA A100-SXM4-40GB (0),1,,13,[CUDA memcpy Host-to-Device]
1968312529,46879,22664,,,,,,,,,,35.801,763670.278,Device,,NVIDIA A100-SXM4-40GB (0),1,,13,[CUDA memset]
1968365168,2016,22666,,,,,,,,,,0.000,39.682,Pinned,Device,NVIDIA A100-SXM4-40GB (0),1,,13,[CUDA memcpy Host-to-Device]
1968369488,7072,22667,,,,,,,,,,0.131,18533.843,Pinned,Device,NVIDIA A100-SXM4-40GB (0),1,,13,[CUDA memcpy Host-to-Device]
1968384240,9280,22668,273,1,1,48,1,1,40,0.000,0.001,,,,,NVIDIA A100-SXM4-40GB (0),1,,13,"void pusch_noise_intf_est::noiseIntfEstNoDftSOfdmKernel<float, __half, float, float, (unsigned int)2, (unsigned int)1, (unsigned char)4, (unsigned char)4>(pusch_noise_intf_est::puschRxNoiseIntfEstDynDescr)"
1968394672,2848,22679,35,1,1,128,1,1,16,0.000,0.000,,,,,NVIDIA A100-SXM4-40GB (0),1,,13,cupy_copy__complex64_complex64
1968421199,1760,22688,1,1,1,1,1,1,18,0.000,0.000,,,,,NVIDIA A100-SXM4-40GB (0),1,,13,cupy_copy__float32_float32
1968455215,1728,22694,,,,,,,,,,0.000,2.315,Device,Pageable,NVIDIA A100-SXM4-40GB (0),1,,7,[CUDA memcpy Device-to-Host]
1968512750,16288,22705,1434,1,1,128,1,1,16,0.000,0.000,,,,,NVIDIA A100-SXM4-40GB (0),1,,13,cupy_copy__complex64_complex64
1968539310,2752,22712,103,1,1,128,1,1,16,0.000,0.000,,,,,NVIDIA A100-SXM4-40GB (0),1,,13,cupy_copy__complex64_complex64
1968560526,2336,22719,35,1,1,128,1,1,16,0.000,0.000,,,,,NVIDIA A100-SXM4-40GB (0),1,,13,cupy_copy__complex64_complex64
1968578957,1696,22726,1,1,1,1,1,1,18,0.000,0.000,,,,,NVIDIA A100-SXM4-40GB (0),1,,13,cupy_copy__float32_float32
1968711340,87071,22737,1,1,1,32,32,1,30,0.000,0.000,,,,,NVIDIA A100-SXM4-40GB (0),1,,13,"void convert_kernel<__half2, float2>(tensor_layout_any, T1 *, tensor_layout_any, const T2 *)"
1968967753,4288,22740,,,,,,,,,,0.061,14328.300,Pinned,Device,NVIDIA A100-SXM4-40GB (0),1,,13,[CUDA memcpy Host-to-Device]
1968975785,3648,22741,,,,,,,,,,1.547,423963.664,Device,,NVIDIA A100-SXM4-40GB (0),1,,13,[CUDA memset]
1968984841,3136,22746,,,,,,,,,,0.021,6714.274,Pinned,Device,NVIDIA A100-SXM4-40GB (0),1,,13,[CUDA memcpy Host-to-Device]
1968990281,7231,22747,,,,,,,,,,0.131,18126.340,Pinned,Device,NVIDIA A100-SXM4-40GB (0),1,,13,[CUDA memcpy Host-to-Device]
1969002152,6496,22748,273,1,1,8,4,1,39,0.002,0.000,,,,,NVIDIA A100-SXM4-40GB (0),1,,13,"void channel_eq::eqMmseCoefCompLowMimoKernel<float, float, float, (unsigned int)4, (unsigned int)1, (unsigned int)4>(const channel_eq::_puschRxChEqStatDescr *, channel_eq::_puschRxChEqCoefCompDynDescr)"
1969009704,5824,22749,273,1,1,12,11,1,40,0.002,0.000,,,,,NVIDIA A100-SXM4-40GB (0),1,,13,"void channel_eq::eqMmseSoftDemapKernel<float, __half, __half, float, (unsigned int)4, (unsigned short)16383>(channel_eq::_puschRxChEqStatDescr *, channel_eq::_puschRxChEqSoftDemapDynDescr)"
1969016840,307581,22750,1,1,1,32,32,1,30,0.000,0.000,,,,,NVIDIA A100-SXM4-40GB (0),1,,13,"void convert_kernel<float2, __half2>(tensor_layout_any, T1 *, tensor_layout_any, const T2 *)"
1969325573,13855,22762,2253,1,1,128,1,1,16,0.000,0.000,,,,,NVIDIA A100-SXM4-40GB (0),1,,13,cupy_copy__float16_float16
1969340452,2816,22771,282,1,1,128,1,1,16,0.000,0.000,,,,,NVIDIA A100-SXM4-40GB (0),1,,13,cupy_copy__complex64_complex64
1969344580,2048,22780,26,1,1,128,1,1,16,0.000,0.000,,,,,NVIDIA A100-SXM4-40GB (0),1,,13,cupy_copy__float32_float32
1969347940,3168,22789,103,1,1,128,1,1,16,0.000,0.000,,,,,NVIDIA A100-SXM4-40GB (0),1,,13,cupy_copy__complex64_complex64
1969352292,15424,22799,1434,1,1,128,1,1,16,0.000,0.000,,,,,NVIDIA A100-SXM4-40GB (0),1,,13,cupy_copy__complex64_complex64
1969477571,87423,22804,1,1,1,32,32,1,30,0.000,0.000,,,,,NVIDIA A100-SXM4-40GB (0),1,,13,"void convert_kernel<__half2, float2>(tensor_layout_any, T1 *, tensor_layout_any, const T2 *)"
1969594977,4288,22807,,,,,,,,,,0.061,14328.300,Pinned,Device,NVIDIA A100-SXM4-40GB (0),1,,13,[CUDA memcpy Host-to-Device]
1969606625,588217,22808,,,,,,,,,,456.520,776084.816,Device,,NVIDIA A100-SXM4-40GB (0),1,,13,[CUDA memset]
1970196442,32960,22813,,,,,,,,,,0.825,25040.112,Pinned,Device,NVIDIA A100-SXM4-40GB (0),1,,13,[CUDA memcpy Host-to-Device]
1970231738,6880,22814,,,,,,,,,,0.131,19051.053,Pinned,Device,NVIDIA A100-SXM4-40GB (0),1,,13,[CUDA memcpy Host-to-Device]
1970248346,7968,22815,69,4,1,48,1,1,76,0.002,0.000,,,,,NVIDIA A100-SXM4-40GB (0),1,,13,"void ch_est::windowedChEstPreNoDftSOfdmKernel<float, __half, float, (unsigned int)2, (unsigned int)1, (unsigned short)4>(ch_est::puschRxChEstStatDescr_t *, ch_est::puschRxChEstDynDescr_t *)"
1970257658,6751,22816,137,2,1,24,2,1,44,0.001,0.001,,,,,NVIDIA A100-SXM4-40GB (0),1,,13,"void ch_est::chEstFilterNoDftSOfdmDispatchKernel<float, __half, float, (unsigned int)2>(ch_est::puschRxChEstStatDescr_t *, ch_est::puschRxChEstDynDescr_t *)"
1970265561,5152,22817,137,2,1,24,2,1,44,0.001,0.001,,,,,NVIDIA A100-SXM4-40GB (0),1,,13,"void ch_est::chEstFilterNoDftSOfdmDispatchKernel<float, __half, float, (unsigned int)2>(ch_est::puschRxChEstStatDescr_t *, ch_est::puschRxChEstDynDescr_t *)"
1970271865,2592,22828,103,1,1,128,1,1,16,0.000,0.000,,,,,NVIDIA A100-SXM4-40GB (0),1,,13,cupy_copy__complex64_complex64
1970275641,16448,22838,1434,1,1,128,1,1,16,0.000,0.000,,,,,NVIDIA A100-SXM4-40GB (0),1,,13,cupy_copy__complex64_complex64
1970293145,2528,22845,103,1,1,128,1,1,16,0.000,0.000,,,,,NVIDIA A100-SXM4-40GB (0),1,,13,cupy_copy__complex64_complex64
1970296857,87295,22852,1,1,1,32,32,1,30,0.000,0.000,,,,,NVIDIA A100-SXM4-40GB (0),1,,13,"void convert_kernel<__half2, float2>(tensor_layout_any, T1 *, tensor_layout_any, const T2 *)"
1970551382,4640,22855,,,,,,,,,,0.061,13241.364,Pinned,Device,NVIDIA A100-SXM4-40GB (0),1,,13,[CUDA memcpy Host-to-Device]
1970560630,47039,22856,,,,,,,,,,35.801,761056.808,Device,,NVIDIA A100-SXM4-40GB (0),1,,13,[CUDA memset]
1970615605,1984,22858,,,,,,,,,,0.000,40.323,Pinned,Device,NVIDIA A100-SXM4-40GB (0),1,,13,[CUDA memcpy Host-to-Device]
1970619893,6976,22859,,,,,,,,,,0.131,18788.909,Pinned,Device,NVIDIA A100-SXM4-40GB (0),1,,13,[CUDA memcpy Host-to-Device]
1970632341,9664,22860,273,1,1,48,1,1,40,0.000,0.001,,,,,NVIDIA A100-SXM4-40GB (0),1,,13,"void pusch_noise_intf_est::noiseIntfEstNoDftSOfdmKernel<float, __half, float, float, (unsigned int)2, (unsigned int)1, (unsigned char)4, (unsigned char)4>(pusch_noise_intf_est::puschRxNoiseIntfEstDynDescr)"
1970643125,2880,22871,35,1,1,128,1,1,16,0.000,0.000,,,,,NVIDIA A100-SXM4-40GB (0),1,,13,cupy_copy__complex64_complex64
1970653237,1728,22880,1,1,1,1,1,1,18,0.000,0.000,,,,,NVIDIA A100-SXM4-40GB (0),1,,13,cupy_copy__float32_float32
1970687860,1824,22886,,,,,,,,,,0.000,2.193,Device,Pageable,NVIDIA A100-SXM4-40GB (0),1,,7,[CUDA memcpy Device-to-Host]
1970745684,16672,22897,1434,1,1,128,1,1,16,0.000,0.000,,,,,NVIDIA A100-SXM4-40GB (0),1,,13,cupy_copy__complex64_complex64
1970773555,2848,22904,103,1,1,128,1,1,16,0.000,0.000,,,,,NVIDIA A100-SXM4-40GB (0),1,,13,cupy_copy__complex64_complex64
1970794515,2272,22911,35,1,1,128,1,1,16,0.000,0.000,,,,,NVIDIA A100-SXM4-40GB (0),1,,13,cupy_copy__complex64_complex64
1970813139,1664,22918,1,1,1,1,1,1,18,0.000,0.000,,,,,NVIDIA A100-SXM4-40GB (0),1,,13,cupy_copy__float32_float32
1971077232,87327,22929,1,1,1,32,32,1,30,0.000,0.000,,,,,NVIDIA A100-SXM4-40GB (0),1,,13,"void convert_kernel<__half2, float2>(tensor_layout_any, T1 *, tensor_layout_any, const T2 *)"
1971195950,4288,22932,,,,,,,,,,0.061,14328.300,Pinned,Device,NVIDIA A100-SXM4-40GB (0),1,,13,[CUDA memcpy Host-to-Device]
1971211438,3616,22933,,,,,,,,,,1.547,427715.774,Device,,NVIDIA A100-SXM4-40GB (0),1,,13,[CUDA memset]
1971218030,3136,22938,,,,,,,,,,0.021,6714.274,Pinned,Device,NVIDIA A100-SXM4-40GB (0),1,,13,[CUDA memcpy Host-to-Device]
1971223854,8064,22939,,,,,,,,,,0.131,16253.846,Pinned,Device,NVIDIA A100-SXM4-40GB (0),1,,13,[CUDA memcpy Host-to-Device]
1971238126,6560,22940,273,1,1,8,4,1,39,0.002,0.000,,,,,NVIDIA A100-SXM4-40GB (0),1,,13,"void channel_eq::eqMmseCoefCompLowMimoKernel<float, float, float, (unsigned int)4, (unsigned int)1, (unsigned int)4>(const channel_eq::_puschRxChEqStatDescr *, channel_eq::_puschRxChEqCoefCompDynDescr)"
1971245870,6016,22941,273,1,1,12,11,1,40,0.002,0.000,,,,,NVIDIA A100-SXM4-40GB (0),1,,13,"void channel_eq::eqMmseSoftDemapKernel<float, __half, __half, float, (unsigned int)4, (unsigned short)16383>(channel_eq::_puschRxChEqStatDescr *, channel_eq::_puschRxChEqSoftDemapDynDescr)"
1971252942,307676,22942,1,1,1,32,32,1,30,0.000,0.000,,,,,NVIDIA A100-SXM4-40GB (0),1,,13,"void convert_kernel<float2, __half2>(tensor_layout_any, T1 *, tensor_layout_any, const T2 *)"
1971561642,13824,22954,2253,1,1,128,1,1,16,0.000,0.000,,,,,NVIDIA A100-SXM4-40GB (0),1,,13,cupy_copy__float16_float16
1971576522,2816,22963,282,1,1,128,1,1,16,0.000,0.000,,,,,NVIDIA A100-SXM4-40GB (0),1,,13,cupy_copy__complex64_complex64
1971580650,2048,22972,26,1,1,128,1,1,16,0.000,0.000,,,,,NVIDIA A100-SXM4-40GB (0),1,,13,cupy_copy__float32_float32
1971583722,3072,22981,103,1,1,128,1,1,16,0.000,0.000,,,,,NVIDIA A100-SXM4-40GB (0),1,,13,cupy_copy__complex64_complex64
1971588106,15296,22991,1434,1,1,128,1,1,16,0.000,0.000,,,,,NVIDIA A100-SXM4-40GB (0),1,,13,cupy_copy__complex64_complex64
1971604458,86943,22996,1,1,1,32,32,1,30,0.000,0.000,,,,,NVIDIA A100-SXM4-40GB (0),1,,13,"void convert_kernel<__half2, float2>(tensor_layout_any, T1 *, tensor_layout_any, const T2 *)"
1971719016,4608,22999,,,,,,,,,,0.061,13333.279,Pinned,Device,NVIDIA A100-SXM4-40GB (0),1,,13,[CUDA memcpy Host-to-Device]
1971730600,588089,23000,,,,,,,,,,456.520,776084.816,Device,,NVIDIA A100-SXM4-40GB (0),1,,13,[CUDA memset]
1972320193,33088,23005,,,,,,,,,,0.825,24943.546,Pinned,Device,NVIDIA A100-SXM4-40GB (0),1,,13,[CUDA memcpy Host-to-Device]
1972355585,6880,23006,,,,,,,,,,0.131,19051.053,Pinned,Device,NVIDIA A100-SXM4-40GB (0),1,,13,[CUDA memcpy Host-to-Device]
1972373121,7615,23007,69,4,1,48,1,1,76,0.002,0.000,,,,,NVIDIA A100-SXM4-40GB (0),1,,13,"void ch_est::windowedChEstPreNoDftSOfdmKernel<float, __half, float, (unsigned int)2, (unsigned int)1, (unsigned short)4>(ch_est::puschRxChEstStatDescr_t *, ch_est::puschRxChEstDynDescr_t *)"
1972381792,7008,23008,137,2,1,24,2,1,44,0.001,0.001,,,,,NVIDIA A100-SXM4-40GB (0),1,,13,"void ch_est::chEstFilterNoDftSOfdmDispatchKernel<float, __half, float, (unsigned int)2>(ch_est::puschRxChEstStatDescr_t *, ch_est::puschRxChEstDynDescr_t *)"
1972390176,5184,23009,137,2,1,24,2,1,44,0.001,0.001,,,,,NVIDIA A100-SXM4-40GB (0),1,,13,"void ch_est::chEstFilterNoDftSOfdmDispatchKernel<float, __half, float, (unsigned int)2>(ch_est::puschRxChEstStatDescr_t *, ch_est::puschRxChEstDynDescr_t *)"
1972396672,2656,23020,103,1,1,128,1,1,16,0.000,0.000,,,,,NVIDIA A100-SXM4-40GB (0),1,,13,cupy_copy__complex64_complex64
1972400480,16608,23030,1434,1,1,128,1,1,16,0.000,0.000,,,,,NVIDIA A100-SXM4-40GB (0),1,,13,cupy_copy__complex64_complex64
1972418240,2560,23037,103,1,1,128,1,1,16,0.000,0.000,,,,,NVIDIA A100-SXM4-40GB (0),1,,13,cupy_copy__complex64_complex64
1972422144,86111,23044,1,1,1,32,32,1,30,0.000,0.000,,,,,NVIDIA A100-SXM4-40GB (0),1,,13,"void convert_kernel<__half2, float2>(tensor_layout_any, T1 *, tensor_layout_any, const T2 *)"
1972535391,4320,23047,,,,,,,,,,0.061,14222.193,Pinned,Device,NVIDIA A100-SXM4-40GB (0),1,,13,[CUDA memcpy Host-to-Device]
1972547966,46880,23048,,,,,,,,,,35.801,763670.278,Device,,NVIDIA A100-SXM4-40GB (0),1,,13,[CUDA memset]
1972600414,1984,23050,,,,,,,,,,0.000,40.323,Pinned,Device,NVIDIA A100-SXM4-40GB (0),1,,13,[CUDA memcpy Host-to-Device]
1972604702,6912,23051,,,,,,,,,,0.131,18962.842,Pinned,Device,NVIDIA A100-SXM4-40GB (0),1,,13,[CUDA memcpy Host-to-Device]
1972618686,9344,23052,273,1,1,48,1,1,40,0.000,0.001,,,,,NVIDIA A100-SXM4-40GB (0),1,,13,"void pusch_noise_intf_est::noiseIntfEstNoDftSOfdmKernel<float, __half, float, float, (unsigned int)2, (unsigned int)1, (unsigned char)4, (unsigned char)4>(pusch_noise_intf_est::puschRxNoiseIntfEstDynDescr)"
1972629214,2975,23063,35,1,1,128,1,1,16,0.000,0.000,,,,,NVIDIA A100-SXM4-40GB (0),1,,13,cupy_copy__complex64_complex64
1972655901,1760,23072,1,1,1,1,1,1,18,0.000,0.000,,,,,NVIDIA A100-SXM4-40GB (0),1,,13,cupy_copy__float32_float32
1972690973,1792,23078,,,,,,,,,,0.000,2.232,Device,Pageable,NVIDIA A100-SXM4-40GB (0),1,,7,[CUDA memcpy Device-to-Host]
1972749340,16640,23089,1434,1,1,128,1,1,16,0.000,0.000,,,,,NVIDIA A100-SXM4-40GB (0),1,,13,cupy_copy__complex64_complex64
1972776316,2816,23096,103,1,1,128,1,1,16,0.000,0.000,,,,,NVIDIA A100-SXM4-40GB (0),1,,13,cupy_copy__complex64_complex64
1972797052,2335,23103,35,1,1,128,1,1,16,0.000,0.000,,,,,NVIDIA A100-SXM4-40GB (0),1,,13,cupy_copy__complex64_complex64
1972815195,1696,23110,1,1,1,1,1,1,18,0.000,0.000,,,,,NVIDIA A100-SXM4-40GB (0),1,,13,cupy_copy__float32_float32
1972947194,86719,23121,1,1,1,32,32,1,30,0.000,0.000,,,,,NVIDIA A100-SXM4-40GB (0),1,,13,"void convert_kernel<__half2, float2>(tensor_layout_any, T1 *, tensor_layout_any, const T2 *)"
1973061912,4320,23124,,,,,,,,,,0.061,14222.193,Pinned,Device,NVIDIA A100-SXM4-40GB (0),1,,13,[CUDA memcpy Host-to-Device]
1973075992,3616,23125,,,,,,,,,,1.547,427715.774,Device,,NVIDIA A100-SXM4-40GB (0),1,,13,[CUDA memset]
1973087192,2816,23130,,,,,,,,,,0.021,7477.259,Pinned,Device,NVIDIA A100-SXM4-40GB (0),1,,13,[CUDA memcpy Host-to-Device]
1973099160,7168,23131,,,,,,,,,,0.131,18285.593,Pinned,Device,NVIDIA A100-SXM4-40GB (0),1,,13,[CUDA memcpy Host-to-Device]
1973115512,6560,23132,273,1,1,8,4,1,39,0.002,0.000,,,,,NVIDIA A100-SXM4-40GB (0),1,,13,"void channel_eq::eqMmseCoefCompLowMimoKernel<float, float, float, (unsigned int)4, (unsigned int)1, (unsigned int)4>(const channel_eq::_puschRxChEqStatDescr *, channel_eq::_puschRxChEqCoefCompDynDescr)"
1973123416,5632,23133,273,1,1,12,11,1,40,0.002,0.000,,,,,NVIDIA A100-SXM4-40GB (0),1,,13,"void channel_eq::eqMmseSoftDemapKernel<float, __half, __half, float, (unsigned int)4, (unsigned short)16383>(channel_eq::_puschRxChEqStatDescr *, channel_eq::_puschRxChEqSoftDemapDynDescr)"
1973130072,307324,23134,1,1,1,32,32,1,30,0.000,0.000,,,,,NVIDIA A100-SXM4-40GB (0),1,,13,"void convert_kernel<float2, __half2>(tensor_layout_any, T1 *, tensor_layout_any, const T2 *)"
1973438612,13568,23146,2253,1,1,128,1,1,16,0.000,0.000,,,,,NVIDIA A100-SXM4-40GB (0),1,,13,cupy_copy__float16_float16
1973453204,2880,23155,282,1,1,128,1,1,16,0.000,0.000,,,,,NVIDIA A100-SXM4-40GB (0),1,,13,cupy_copy__complex64_complex64
1973457268,2048,23164,26,1,1,128,1,1,16,0.000,0.000,,,,,NVIDIA A100-SXM4-40GB (0),1,,13,cupy_copy__float32_float32
1973460404,3104,23173,103,1,1,128,1,1,16,0.000,0.000,,,,,NVIDIA A100-SXM4-40GB (0),1,,13,cupy_copy__complex64_complex64
1973464692,15487,23183,1434,1,1,128,1,1,16,0.000,0.000,,,,,NVIDIA A100-SXM4-40GB (0),1,,13,cupy_copy__complex64_complex64
1973481299,86879,23188,1,1,1,32,32,1,30,0.000,0.000,,,,,NVIDIA A100-SXM4-40GB (0),1,,13,"void convert_kernel<__half2, float2>(tensor_layout_any, T1 *, tensor_layout_any, const T2 *)"
1973595602,4544,23191,,,,,,,,,,0.061,13521.101,Pinned,Device,NVIDIA A100-SXM4-40GB (0),1,,13,[CUDA memcpy Host-to-Device]
1973606290,587737,23192,,,,,,,,,,456.520,776541.336,Device,,NVIDIA A100-SXM4-40GB (0),1,,13,[CUDA memset]
1974196811,33024,23197,,,,,,,,,,0.825,24992.242,Pinned,Device,NVIDIA A100-SXM4-40GB (0),1,,13,[CUDA memcpy Host-to-Device]
1974232139,6911,23198,,,,,,,,,,0.131,18965.594,Pinned,Device,NVIDIA A100-SXM4-40GB (0),1,,13,[CUDA memcpy Host-to-Device]
1974249034,8192,23199,69,4,1,48,1,1,76,0.002,0.000,,,,,NVIDIA A100-SXM4-40GB (0),1,,13,"void ch_est::windowedChEstPreNoDftSOfdmKernel<float, __half, float, (unsigned int)2, (unsigned int)1, (unsigned short)4>(ch_est::puschRxChEstStatDescr_t *, ch_est::puschRxChEstDynDescr_t *)"
1974258346,6720,23200,137,2,1,24,2,1,44,0.001,0.001,,,,,NVIDIA A100-SXM4-40GB (0),1,,13,"void ch_est::chEstFilterNoDftSOfdmDispatchKernel<float, __half, float, (unsigned int)2>(ch_est::puschRxChEstStatDescr_t *, ch_est::puschRxChEstDynDescr_t *)"
1974266122,5216,23201,137,2,1,24,2,1,44,0.001,0.001,,,,,NVIDIA A100-SXM4-40GB (0),1,,13,"void ch_est::chEstFilterNoDftSOfdmDispatchKernel<float, __half, float, (unsigned int)2>(ch_est::puschRxChEstStatDescr_t *, ch_est::puschRxChEstDynDescr_t *)"
1974272426,2592,23212,103,1,1,128,1,1,16,0.000,0.000,,,,,NVIDIA A100-SXM4-40GB (0),1,,13,cupy_copy__complex64_complex64
1974276138,16640,23222,1434,1,1,128,1,1,16,0.000,0.000,,,,,NVIDIA A100-SXM4-40GB (0),1,,13,cupy_copy__complex64_complex64
1974293898,2496,23229,103,1,1,128,1,1,16,0.000,0.000,,,,,NVIDIA A100-SXM4-40GB (0),1,,13,cupy_copy__complex64_complex64
1974297418,87071,23236,1,1,1,32,32,1,30,0.000,0.000,,,,,NVIDIA A100-SXM4-40GB (0),1,,13,"void convert_kernel<__half2, float2>(tensor_layout_any, T1 *, tensor_layout_any, const T2 *)"
1974553959,4288,23239,,,,,,,,,,0.061,14328.300,Pinned,Device,NVIDIA A100-SXM4-40GB (0),1,,13,[CUDA memcpy Host-to-Device]
1974568551,46975,23240,,,,,,,,,,35.801,762095.036,Device,,NVIDIA A100-SXM4-40GB (0),1,,13,[CUDA memset]
1974617350,1984,23242,,,,,,,,,,0.000,40.323,Pinned,Device,NVIDIA A100-SXM4-40GB (0),1,,13,[CUDA memcpy Host-to-Device]
1974621638,6944,23243,,,,,,,,,,0.131,18875.548,Pinned,Device,NVIDIA A100-SXM4-40GB (0),1,,13,[CUDA memcpy Host-to-Device]
1974634054,9664,23244,273,1,1,48,1,1,40,0.000,0.001,,,,,NVIDIA A100-SXM4-40GB (0),1,,13,"void pusch_noise_intf_est::noiseIntfEstNoDftSOfdmKernel<float, __half, float, float, (unsigned int)2, (unsigned int)1, (unsigned char)4, (unsigned char)4>(pusch_noise_intf_est::puschRxNoiseIntfEstDynDescr)"
1974644870,2720,23255,35,1,1,128,1,1,16,0.000,0.000,,,,,NVIDIA A100-SXM4-40GB (0),1,,13,cupy_copy__complex64_complex64
1974654918,1728,23264,1,1,1,1,1,1,18,0.000,0.000,,,,,NVIDIA A100-SXM4-40GB (0),1,,13,cupy_copy__float32_float32
1974689029,1856,23270,,,,,,,,,,0.000,2.155,Device,Pageable,NVIDIA A100-SXM4-40GB (0),1,,7,[CUDA memcpy Device-to-Host]
1974747524,16480,23281,1434,1,1,128,1,1,16,0.000,0.000,,,,,NVIDIA A100-SXM4-40GB (0),1,,13,cupy_copy__complex64_complex64
1974774180,2816,23288,103,1,1,128,1,1,16,0.000,0.000,,,,,NVIDIA A100-SXM4-40GB (0),1,,13,cupy_copy__complex64_complex64
1974795748,2304,23295,35,1,1,128,1,1,16,0.000,0.000,,,,,NVIDIA A100-SXM4-40GB (0),1,,13,cupy_copy__complex64_complex64
1974813924,1696,23302,1,1,1,1,1,1,18,0.000,0.000,,,,,NVIDIA A100-SXM4-40GB (0),1,,13,cupy_copy__float32_float32
1975081792,87071,23313,1,1,1,32,32,1,30,0.000,0.000,,,,,NVIDIA A100-SXM4-40GB (0),1,,13,"void convert_kernel<__half2, float2>(tensor_layout_any, T1 *, tensor_layout_any, const T2 *)"
1975200159,4288,23316,,,,,,,,,,0.061,14328.300,Pinned,Device,NVIDIA A100-SXM4-40GB (0),1,,13,[CUDA memcpy Host-to-Device]
1975215551,3584,23317,,,,,,,,,,1.547,431534.389,Device,,NVIDIA A100-SXM4-40GB (0),1,,13,[CUDA memset]
1975222143,3136,23322,,,,,,,,,,0.021,6714.274,Pinned,Device,NVIDIA A100-SXM4-40GB (0),1,,13,[CUDA memcpy Host-to-Device]
1975227583,7680,23323,,,,,,,,,,0.131,17066.623,Pinned,Device,NVIDIA A100-SXM4-40GB (0),1,,13,[CUDA memcpy Host-to-Device]
1975240319,6592,23324,273,1,1,8,4,1,39,0.002,0.000,,,,,NVIDIA A100-SXM4-40GB (0),1,,13,"void channel_eq::eqMmseCoefCompLowMimoKernel<float, float, float, (unsigned int)4, (unsigned int)1, (unsigned int)4>(const channel_eq::_puschRxChEqStatDescr *, channel_eq::_puschRxChEqCoefCompDynDescr)"
1975248223,5759,23325,273,1,1,12,11,1,40,0.002,0.000,,,,,NVIDIA A100-SXM4-40GB (0),1,,13,"void channel_eq::eqMmseSoftDemapKernel<float, __half, __half, float, (unsigned int)4, (unsigned short)16383>(channel_eq::_puschRxChEqStatDescr *, channel_eq::_puschRxChEqSoftDemapDynDescr)"
1975255006,307901,23326,1,1,1,32,32,1,30,0.000,0.000,,,,,NVIDIA A100-SXM4-40GB (0),1,,13,"void convert_kernel<float2, __half2>(tensor_layout_any, T1 *, tensor_layout_any, const T2 *)"
1975563995,13536,23338,2253,1,1,128,1,1,16,0.000,0.000,,,,,NVIDIA A100-SXM4-40GB (0),1,,13,cupy_copy__float16_float16
1975578619,2880,23347,282,1,1,128,1,1,16,0.000,0.000,,,,,NVIDIA A100-SXM4-40GB (0),1,,13,cupy_copy__complex64_complex64
1975582651,2048,23356,26,1,1,128,1,1,16,0.000,0.000,,,,,NVIDIA A100-SXM4-40GB (0),1,,13,cupy_copy__float32_float32
1975585755,3007,23365,103,1,1,128,1,1,16,0.000,0.000,,,,,NVIDIA A100-SXM4-40GB (0),1,,13,cupy_copy__complex64_complex64
1975640154,15360,23381,1434,1,1,128,1,1,16,0.000,0.000,,,,,NVIDIA A100-SXM4-40GB (0),1,,13,cupy_copy__complex64_complex64
1975757368,86815,23386,1,1,1,32,32,1,30,0.000,0.000,,,,,NVIDIA A100-SXM4-40GB (0),1,,13,"void convert_kernel<__half2, float2>(tensor_layout_any, T1 *, tensor_layout_any, const T2 *)"
1976011157,4384,23389,,,,,,,,,,0.061,14014.587,Pinned,Device,NVIDIA A100-SXM4-40GB (0),1,,13,[CUDA memcpy Host-to-Device]
1976021589,588441,23390,,,,,,,,,,456.520,775628.296,Device,,NVIDIA A100-SXM4-40GB (0),1,,13,[CUDA memset]
1976618926,33024,23395,,,,,,,,,,0.825,24992.242,Pinned,Device,NVIDIA A100-SXM4-40GB (0),1,,13,[CUDA memcpy Host-to-Device]
1976654254,6912,23396,,,,,,,,,,0.131,18962.842,Pinned,Device,NVIDIA A100-SXM4-40GB (0),1,,13,[CUDA memcpy Host-to-Device]
1976667726,8416,23397,69,4,1,48,1,1,76,0.002,0.000,,,,,NVIDIA A100-SXM4-40GB (0),1,,13,"void ch_est::windowedChEstPreNoDftSOfdmKernel<float, __half, float, (unsigned int)2, (unsigned int)1, (unsigned short)4>(ch_est::puschRxChEstStatDescr_t *, ch_est::puschRxChEstDynDescr_t *)"
1976677486,7040,23398,137,2,1,24,2,1,44,0.001,0.001,,,,,NVIDIA A100-SXM4-40GB (0),1,,13,"void ch_est::chEstFilterNoDftSOfdmDispatchKernel<float, __half, float, (unsigned int)2>(ch_est::puschRxChEstStatDescr_t *, ch_est::puschRxChEstDynDescr_t *)"
1976685870,5183,23399,137,2,1,24,2,1,44,0.001,0.001,,,,,NVIDIA A100-SXM4-40GB (0),1,,13,"void ch_est::chEstFilterNoDftSOfdmDispatchKernel<float, __half, float, (unsigned int)2>(ch_est::puschRxChEstStatDescr_t *, ch_est::puschRxChEstDynDescr_t *)"
1976692141,2624,23410,103,1,1,128,1,1,16,0.000,0.000,,,,,NVIDIA A100-SXM4-40GB (0),1,,13,cupy_copy__complex64_complex64
1976695949,16416,23420,1434,1,1,128,1,1,16,0.000,0.000,,,,,NVIDIA A100-SXM4-40GB (0),1,,13,cupy_copy__complex64_complex64
1976713421,2528,23427,103,1,1,128,1,1,16,0.000,0.000,,,,,NVIDIA A100-SXM4-40GB (0),1,,13,cupy_copy__complex64_complex64
1976716973,86719,23434,1,1,1,32,32,1,30,0.000,0.000,,,,,NVIDIA A100-SXM4-40GB (0),1,,13,"void convert_kernel<__half2, float2>(tensor_layout_any, T1 *, tensor_layout_any, const T2 *)"
1976834636,4288,23437,,,,,,,,,,0.061,14328.300,Pinned,Device,NVIDIA A100-SXM4-40GB (0),1,,13,[CUDA memcpy Host-to-Device]
1976847500,46655,23438,,,,,,,,,,35.801,767321.976,Device,,NVIDIA A100-SXM4-40GB (0),1,,13,[CUDA memset]
1976901131,2016,23440,,,,,,,,,,0.000,39.682,Pinned,Device,NVIDIA A100-SXM4-40GB (0),1,,13,[CUDA memcpy Host-to-Device]
1976905547,6880,23441,,,,,,,,,,0.131,19051.053,Pinned,Device,NVIDIA A100-SXM4-40GB (0),1,,13,[CUDA memcpy Host-to-Device]
1976923211,9312,23442,273,1,1,48,1,1,40,0.000,0.001,,,,,NVIDIA A100-SXM4-40GB (0),1,,13,"void pusch_noise_intf_est::noiseIntfEstNoDftSOfdmKernel<float, __half, float, float, (unsigned int)2, (unsigned int)1, (unsigned char)4, (unsigned char)4>(pusch_noise_intf_est::puschRxNoiseIntfEstDynDescr)"
1976933707,2912,23453,35,1,1,128,1,1,16,0.000,0.000,,,,,NVIDIA A100-SXM4-40GB (0),1,,13,cupy_copy__complex64_complex64
1976961098,1760,23462,1,1,1,1,1,1,18,0.000,0.000,,,,,NVIDIA A100-SXM4-40GB (0),1,,13,cupy_copy__float32_float32
1976996362,1824,23468,,,,,,,,,,0.000,2.193,Device,Pageable,NVIDIA A100-SXM4-40GB (0),1,,7,[CUDA memcpy Device-to-Host]
1977055721,16288,23479,1434,1,1,128,1,1,16,0.000,0.000,,,,,NVIDIA A100-SXM4-40GB (0),1,,13,cupy_copy__complex64_complex64
1977082153,2752,23486,103,1,1,128,1,1,16,0.000,0.000,,,,,NVIDIA A100-SXM4-40GB (0),1,,13,cupy_copy__complex64_complex64
1977102921,2336,23493,35,1,1,128,1,1,16,0.000,0.000,,,,,NVIDIA A100-SXM4-40GB (0),1,,13,cupy_copy__complex64_complex64
1977121800,1696,23500,1,1,1,1,1,1,18,0.000,0.000,,,,,NVIDIA A100-SXM4-40GB (0),1,,13,cupy_copy__float32_float32
1977260743,87551,23511,1,1,1,32,32,1,30,0.000,0.000,,,,,NVIDIA A100-SXM4-40GB (0),1,,13,"void convert_kernel<__half2, float2>(tensor_layout_any, T1 *, tensor_layout_any, const T2 *)"
1977376837,4512,23514,,,,,,,,,,0.061,13617.009,Pinned,Device,NVIDIA A100-SXM4-40GB (0),1,,13,[CUDA memcpy Host-to-Device]
1977391237,3616,23515,,,,,,,,,,1.547,427715.774,Device,,NVIDIA A100-SXM4-40GB (0),1,,13,[CUDA memset]
1977397733,3168,23520,,,,,,,,,,0.021,6646.453,Pinned,Device,NVIDIA A100-SXM4-40GB (0),1,,13,[CUDA memcpy Host-to-Device]
1977403205,7200,23521,,,,,,,,,,0.131,18204.328,Pinned,Device,NVIDIA A100-SXM4-40GB (0),1,,13,[CUDA memcpy Host-to-Device]
1977415493,6528,23522,273,1,1,8,4,1,39,0.002,0.000,,,,,NVIDIA A100-SXM4-40GB (0),1,,13,"void channel_eq::eqMmseCoefCompLowMimoKernel<float, float, float, (unsigned int)4, (unsigned int)1, (unsigned int)4>(const channel_eq::_puschRxChEqStatDescr *, channel_eq::_puschRxChEqCoefCompDynDescr)"
1977423141,5728,23523,273,1,1,12,11,1,40,0.002,0.000,,,,,NVIDIA A100-SXM4-40GB (0),1,,13,"void channel_eq::eqMmseSoftDemapKernel<float, __half, __half, float, (unsigned int)4, (unsigned short)16383>(channel_eq::_puschRxChEqStatDescr *, channel_eq::_puschRxChEqSoftDemapDynDescr)"
1977429893,307228,23524,1,1,1,32,32,1,30,0.000,0.000,,,,,NVIDIA A100-SXM4-40GB (0),1,,13,"void convert_kernel<float2, __half2>(tensor_layout_any, T1 *, tensor_layout_any, const T2 *)"
1977738241,13504,23536,2253,1,1,128,1,1,16,0.000,0.000,,,,,NVIDIA A100-SXM4-40GB (0),1,,13,cupy_copy__float16_float16
1977752833,2816,23545,282,1,1,128,1,1,16,0.000,0.000,,,,,NVIDIA A100-SXM4-40GB (0),1,,13,cupy_copy__complex64_complex64
1977756961,2048,23554,26,1,1,128,1,1,16,0.000,0.000,,,,,NVIDIA A100-SXM4-40GB (0),1,,13,cupy_copy__float32_float32
1977760065,3040,23563,103,1,1,128,1,1,16,0.000,0.000,,,,,NVIDIA A100-SXM4-40GB (0),1,,13,cupy_copy__complex64_complex64
1977764417,15360,23573,1434,1,1,128,1,1,16,0.000,0.000,,,,,NVIDIA A100-SXM4-40GB (0),1,,13,cupy_copy__complex64_complex64
1977780865,87039,23578,1,1,1,32,32,1,30,0.000,0.000,,,,,NVIDIA A100-SXM4-40GB (0),1,,13,"void convert_kernel<__half2, float2>(tensor_layout_any, T1 *, tensor_layout_any, const T2 *)"
1977895263,4640,23581,,,,,,,,,,0.061,13241.364,Pinned,Device,NVIDIA A100-SXM4-40GB (0),1,,13,[CUDA memcpy Host-to-Device]
1977906079,587801,23582,,,,,,,,,,456.520,776541.336,Device,,NVIDIA A100-SXM4-40GB (0),1,,13,[CUDA memset]
1978495480,33024,23587,,,,,,,,,,0.825,24992.242,Pinned,Device,NVIDIA A100-SXM4-40GB (0),1,,13,[CUDA memcpy Host-to-Device]
1978530808,6912,23588,,,,,,,,,,0.131,18962.842,Pinned,Device,NVIDIA A100-SXM4-40GB (0),1,,13,[CUDA memcpy Host-to-Device]
1978542616,8031,23589,69,4,1,48,1,1,76,0.002,0.000,,,,,NVIDIA A100-SXM4-40GB (0),1,,13,"void ch_est::windowedChEstPreNoDftSOfdmKernel<float, __half, float, (unsigned int)2, (unsigned int)1, (unsigned short)4>(ch_est::puschRxChEstStatDescr_t *, ch_est::puschRxChEstDynDescr_t *)"
1978551831,7040,23590,137,2,1,24,2,1,44,0.001,0.001,,,,,NVIDIA A100-SXM4-40GB (0),1,,13,"void ch_est::chEstFilterNoDftSOfdmDispatchKernel<float, __half, float, (unsigned int)2>(ch_est::puschRxChEstStatDescr_t *, ch_est::puschRxChEstDynDescr_t *)"
1978559991,5184,23591,137,2,1,24,2,1,44,0.001,0.001,,,,,NVIDIA A100-SXM4-40GB (0),1,,13,"void ch_est::chEstFilterNoDftSOfdmDispatchKernel<float, __half, float, (unsigned int)2>(ch_est::puschRxChEstStatDescr_t *, ch_est::puschRxChEstDynDescr_t *)"
1978566295,2592,23602,103,1,1,128,1,1,16,0.000,0.000,,,,,NVIDIA A100-SXM4-40GB (0),1,,13,cupy_copy__complex64_complex64
1978570199,16512,23612,1434,1,1,128,1,1,16,0.000,0.000,,,,,NVIDIA A100-SXM4-40GB (0),1,,13,cupy_copy__complex64_complex64
1978588023,2528,23619,103,1,1,128,1,1,16,0.000,0.000,,,,,NVIDIA A100-SXM4-40GB (0),1,,13,cupy_copy__complex64_complex64
1978591735,86431,23626,1,1,1,32,32,1,30,0.000,0.000,,,,,NVIDIA A100-SXM4-40GB (0),1,,13,"void convert_kernel<__half2, float2>(tensor_layout_any, T1 *, tensor_layout_any, const T2 *)"
1978705974,4320,23629,,,,,,,,,,0.061,14222.193,Pinned,Device,NVIDIA A100-SXM4-40GB (0),1,,13,[CUDA memcpy Host-to-Device]
1978719157,46848,23630,,,,,,,,,,35.801,764171.491,Device,,NVIDIA A100-SXM4-40GB (0),1,,13,[CUDA memset]
1978771989,1984,23632,,,,,,,,,,0.000,40.323,Pinned,Device,NVIDIA A100-SXM4-40GB (0),1,,13,[CUDA memcpy Host-to-Device]
1978776277,7040,23633,,,,,,,,,,0.131,18618.122,Pinned,Device,NVIDIA A100-SXM4-40GB (0),1,,13,[CUDA memcpy Host-to-Device]
1978788469,9184,23634,273,1,1,48,1,1,40,0.000,0.001,,,,,NVIDIA A100-SXM4-40GB (0),1,,13,"void pusch_noise_intf_est::noiseIntfEstNoDftSOfdmKernel<float, __half, float, float, (unsigned int)2, (unsigned int)1, (unsigned char)4, (unsigned char)4>(pusch_noise_intf_est::puschRxNoiseIntfEstDynDescr)"
1978798741,2751,23645,35,1,1,128,1,1,16,0.000,0.000,,,,,NVIDIA A100-SXM4-40GB (0),1,,13,cupy_copy__complex64_complex64
1978825460,1760,23654,1,1,1,1,1,1,18,0.000,0.000,,,,,NVIDIA A100-SXM4-40GB (0),1,,13,cupy_copy__float32_float32
1978859092,1728,23660,,,,,,,,,,0.000,2.315,Device,Pageable,NVIDIA A100-SXM4-40GB (0),1,,7,[CUDA memcpy Device-to-Host]
1978917619,16608,23671,1434,1,1,128,1,1,16,0.000,0.000,,,,,NVIDIA A100-SXM4-40GB (0),1,,13,cupy_copy__complex64_complex64
1978944595,2848,23678,103,1,1,128,1,1,16,0.000,0.000,,,,,NVIDIA A100-SXM4-40GB (0),1,,13,cupy_copy__complex64_complex64
1978966067,2272,23685,35,1,1,128,1,1,16,0.000,0.000,,,,,NVIDIA A100-SXM4-40GB (0),1,,13,cupy_copy__complex64_complex64
1978987698,1664,23692,1,1,1,1,1,1,18,0.000,0.000,,,,,NVIDIA A100-SXM4-40GB (0),1,,13,cupy_copy__float32_float32
1979120369,87519,23703,1,1,1,32,32,1,30,0.000,0.000,,,,,NVIDIA A100-SXM4-40GB (0),1,,13,"void convert_kernel<__half2, float2>(tensor_layout_any, T1 *, tensor_layout_any, const T2 *)"
1979235983,4288,23706,,,,,,,,,,0.061,14328.300,Pinned,Device,NVIDIA A100-SXM4-40GB (0),1,,13,[CUDA memcpy Host-to-Device]
1979250607,3616,23707,,,,,,,,,,1.547,427715.774,Device,,NVIDIA A100-SXM4-40GB (0),1,,13,[CUDA memset]
1979257167,3136,23712,,,,,,,,,,0.021,6714.274,Pinned,Device,NVIDIA A100-SXM4-40GB (0),1,,13,[CUDA memcpy Host-to-Device]
1979262607,7040,23713,,,,,,,,,,0.131,18618.122,Pinned,Device,NVIDIA A100-SXM4-40GB (0),1,,13,[CUDA memcpy Host-to-Device]
1979274671,6592,23714,273,1,1,8,4,1,39,0.002,0.000,,,,,NVIDIA A100-SXM4-40GB (0),1,,13,"void channel_eq::eqMmseCoefCompLowMimoKernel<float, float, float, (unsigned int)4, (unsigned int)1, (unsigned int)4>(const channel_eq::_puschRxChEqStatDescr *, channel_eq::_puschRxChEqCoefCompDynDescr)"
1979282351,5728,23715,273,1,1,12,11,1,40,0.002,0.000,,,,,NVIDIA A100-SXM4-40GB (0),1,,13,"void channel_eq::eqMmseSoftDemapKernel<float, __half, __half, float, (unsigned int)4, (unsigned short)16383>(channel_eq::_puschRxChEqStatDescr *, channel_eq::_puschRxChEqSoftDemapDynDescr)"
1979289135,307228,23716,1,1,1,32,32,1,30,0.000,0.000,,,,,NVIDIA A100-SXM4-40GB (0),1,,13,"void convert_kernel<float2, __half2>(tensor_layout_any, T1 *, tensor_layout_any, const T2 *)"
1979597483,13504,23728,2253,1,1,128,1,1,16,0.000,0.000,,,,,NVIDIA A100-SXM4-40GB (0),1,,13,cupy_copy__float16_float16
1979612043,2848,23737,282,1,1,128,1,1,16,0.000,0.000,,,,,NVIDIA A100-SXM4-40GB (0),1,,13,cupy_copy__complex64_complex64
1979616203,2048,23746,26,1,1,128,1,1,16,0.000,0.000,,,,,NVIDIA A100-SXM4-40GB (0),1,,13,cupy_copy__float32_float32
1979619563,3040,23755,103,1,1,128,1,1,16,0.000,0.000,,,,,NVIDIA A100-SXM4-40GB (0),1,,13,cupy_copy__complex64_complex64
1979623627,15296,23765,1434,1,1,128,1,1,16,0.000,0.000,,,,,NVIDIA A100-SXM4-40GB (0),1,,13,cupy_copy__complex64_complex64
1979640107,87039,23770,1,1,1,32,32,1,30,0.000,0.000,,,,,NVIDIA A100-SXM4-40GB (0),1,,13,"void convert_kernel<__half2, float2>(tensor_layout_any, T1 *, tensor_layout_any, const T2 *)"
1979896040,4287,23773,,,,,,,,,,0.061,14331.679,Pinned,Device,NVIDIA A100-SXM4-40GB (0),1,,13,[CUDA memcpy Host-to-Device]
1979903911,588281,23774,,,,,,,,,,456.520,775628.296,Device,,NVIDIA A100-SXM4-40GB (0),1,,13,[CUDA memset]
1980497408,32800,23779,,,,,,,,,,0.825,25162.263,Pinned,Device,NVIDIA A100-SXM4-40GB (0),1,,13,[CUDA memcpy Host-to-Device]
1980532512,6944,23780,,,,,,,,,,0.131,18875.548,Pinned,Device,NVIDIA A100-SXM4-40GB (0),1,,13,[CUDA memcpy Host-to-Device]
1980544544,7552,23781,69,4,1,48,1,1,76,0.002,0.000,,,,,NVIDIA A100-SXM4-40GB (0),1,,13,"void ch_est::windowedChEstPreNoDftSOfdmKernel<float, __half, float, (unsigned int)2, (unsigned int)1, (unsigned short)4>(ch_est::puschRxChEstStatDescr_t *, ch_est::puschRxChEstDynDescr_t *)"
1980553184,6848,23782,137,2,1,24,2,1,44,0.001,0.001,,,,,NVIDIA A100-SXM4-40GB (0),1,,13,"void ch_est::chEstFilterNoDftSOfdmDispatchKernel<float, __half, float, (unsigned int)2>(ch_est::puschRxChEstStatDescr_t *, ch_est::puschRxChEstDynDescr_t *)"
1980561216,5184,23783,137,2,1,24,2,1,44,0.001,0.001,,,,,NVIDIA A100-SXM4-40GB (0),1,,13,"void ch_est::chEstFilterNoDftSOfdmDispatchKernel<float, __half, float, (unsigned int)2>(ch_est::puschRxChEstStatDescr_t *, ch_est::puschRxChEstDynDescr_t *)"
1980567424,3072,23794,103,1,1,128,1,1,16,0.000,0.000,,,,,NVIDIA A100-SXM4-40GB (0),1,,13,cupy_copy__complex64_complex64
1980571712,16479,23804,1434,1,1,128,1,1,16,0.000,0.000,,,,,NVIDIA A100-SXM4-40GB (0),1,,13,cupy_copy__complex64_complex64
1980589183,2560,23811,103,1,1,128,1,1,16,0.000,0.000,,,,,NVIDIA A100-SXM4-40GB (0),1,,13,cupy_copy__complex64_complex64
1980592767,86911,23818,1,1,1,32,32,1,30,0.000,0.000,,,,,NVIDIA A100-SXM4-40GB (0),1,,13,"void convert_kernel<__half2, float2>(tensor_layout_any, T1 *, tensor_layout_any, const T2 *)"
1980710078,4320,23821,,,,,,,,,,0.061,14222.193,Pinned,Device,NVIDIA A100-SXM4-40GB (0),1,,13,[CUDA memcpy Host-to-Device]
1980722878,46623,23822,,,,,,,,,,35.801,767858.990,Device,,NVIDIA A100-SXM4-40GB (0),1,,13,[CUDA memset]
1980775901,2016,23824,,,,,,,,,,0.000,39.682,Pinned,Device,NVIDIA A100-SXM4-40GB (0),1,,13,[CUDA memcpy Host-to-Device]
1980780221,7040,23825,,,,,,,,,,0.131,18618.122,Pinned,Device,NVIDIA A100-SXM4-40GB (0),1,,13,[CUDA memcpy Host-to-Device]
1980797661,9312,23826,273,1,1,48,1,1,40,0.000,0.001,,,,,NVIDIA A100-SXM4-40GB (0),1,,13,"void pusch_noise_intf_est::noiseIntfEstNoDftSOfdmKernel<float, __half, float, float, (unsigned int)2, (unsigned int)1, (unsigned char)4, (unsigned char)4>(pusch_noise_intf_est::puschRxNoiseIntfEstDynDescr)"
1980808221,2912,23837,35,1,1,128,1,1,16,0.000,0.000,,,,,NVIDIA A100-SXM4-40GB (0),1,,13,cupy_copy__complex64_complex64
1980835996,1760,23846,1,1,1,1,1,1,18,0.000,0.000,,,,,NVIDIA A100-SXM4-40GB (0),1,,13,cupy_copy__float32_float32
1980871388,1824,23852,,,,,,,,,,0.000,2.193,Device,Pageable,NVIDIA A100-SXM4-40GB (0),1,,7,[CUDA memcpy Device-to-Host]
1980929659,16416,23863,1434,1,1,128,1,1,16,0.000,0.000,,,,,NVIDIA A100-SXM4-40GB (0),1,,13,cupy_copy__complex64_complex64
1980958107,2816,23870,103,1,1,128,1,1,16,0.000,0.000,,,,,NVIDIA A100-SXM4-40GB (0),1,,13,cupy_copy__complex64_complex64
1980984091,2304,23877,35,1,1,128,1,1,16,0.000,0.000,,,,,NVIDIA A100-SXM4-40GB (0),1,,13,cupy_copy__complex64_complex64
1981002298,1696,23884,1,1,1,1,1,1,18,0.000,0.000,,,,,NVIDIA A100-SXM4-40GB (0),1,,13,cupy_copy__float32_float32
1981135385,86751,23895,1,1,1,32,32,1,30,0.000,0.000,,,,,NVIDIA A100-SXM4-40GB (0),1,,13,"void convert_kernel<__half2, float2>(tensor_layout_any, T1 *, tensor_layout_any, const T2 *)"
1981388694,4320,23898,,,,,,,,,,0.061,14222.193,Pinned,Device,NVIDIA A100-SXM4-40GB (0),1,,13,[CUDA memcpy Host-to-Device]
1981398230,3616,23899,,,,,,,,,,1.547,427715.774,Device,,NVIDIA A100-SXM4-40GB (0),1,,13,[CUDA memset]
1981406070,3136,23904,,,,,,,,,,0.021,6714.274,Pinned,Device,NVIDIA A100-SXM4-40GB (0),1,,13,[CUDA memcpy Host-to-Device]
1981411542,7104,23905,,,,,,,,,,0.131,18450.350,Pinned,Device,NVIDIA A100-SXM4-40GB (0),1,,13,[CUDA memcpy Host-to-Device]
1981429301,6592,23906,273,1,1,8,4,1,39,0.002,0.000,,,,,NVIDIA A100-SXM4-40GB (0),1,,13,"void channel_eq::eqMmseCoefCompLowMimoKernel<float, float, float, (unsigned int)4, (unsigned int)1, (unsigned int)4>(const channel_eq::_puschRxChEqStatDescr *, channel_eq::_puschRxChEqCoefCompDynDescr)"
1981437077,5664,23907,273,1,1,12,11,1,40,0.002,0.000,,,,,NVIDIA A100-SXM4-40GB (0),1,,13,"void channel_eq::eqMmseSoftDemapKernel<float, __half, __half, float, (unsigned int)4, (unsigned short)16383>(channel_eq::_puschRxChEqStatDescr *, channel_eq::_puschRxChEqSoftDemapDynDescr)"
1981444085,307517,23908,1,1,1,32,32,1,30,0.000,0.000,,,,,NVIDIA A100-SXM4-40GB (0),1,,13,"void convert_kernel<float2, __half2>(tensor_layout_any, T1 *, tensor_layout_any, const T2 *)"
1981752818,13567,23920,2253,1,1,128,1,1,16,0.000,0.000,,,,,NVIDIA A100-SXM4-40GB (0),1,,13,cupy_copy__float16_float16
1981767505,2816,23929,282,1,1,128,1,1,16,0.000,0.000,,,,,NVIDIA A100-SXM4-40GB (0),1,,13,cupy_copy__complex64_complex64
1981771665,2016,23938,26,1,1,128,1,1,16,0.000,0.000,,,,,NVIDIA A100-SXM4-40GB (0),1,,13,cupy_copy__float32_float32
1981775025,3104,23947,103,1,1,128,1,1,16,0.000,0.000,,,,,NVIDIA A100-SXM4-40GB (0),1,,13,cupy_copy__complex64_complex64
1981779441,15360,23957,1434,1,1,128,1,1,16,0.000,0.000,,,,,NVIDIA A100-SXM4-40GB (0),1,,13,cupy_copy__complex64_complex64
1981892432,88383,23962,1,1,1,32,32,1,30,0.000,0.000,,,,,NVIDIA A100-SXM4-40GB (0),1,,13,"void convert_kernel<__half2, float2>(tensor_layout_any, T1 *, tensor_layout_any, const T2 *)"
1982011534,4288,23965,,,,,,,,,,0.061,14328.300,Pinned,Device,NVIDIA A100-SXM4-40GB (0),1,,13,[CUDA memcpy Host-to-Device]
1982022862,587833,23966,,,,,,,,,,456.520,776541.336,Device,,NVIDIA A100-SXM4-40GB (0),1,,13,[CUDA memset]
1982616423,32800,23971,,,,,,,,,,0.825,25162.263,Pinned,Device,NVIDIA A100-SXM4-40GB (0),1,,13,[CUDA memcpy Host-to-Device]
1982651527,6912,23972,,,,,,,,,,0.131,18962.842,Pinned,Device,NVIDIA A100-SXM4-40GB (0),1,,13,[CUDA memcpy Host-to-Device]
1982664199,8064,23973,69,4,1,48,1,1,76,0.002,0.000,,,,,NVIDIA A100-SXM4-40GB (0),1,,13,"void ch_est::windowedChEstPreNoDftSOfdmKernel<float, __half, float, (unsigned int)2, (unsigned int)1, (unsigned short)4>(ch_est::puschRxChEstStatDescr_t *, ch_est::puschRxChEstDynDescr_t *)"
1982673383,7008,23974,137,2,1,24,2,1,44,0.001,0.001,,,,,NVIDIA A100-SXM4-40GB (0),1,,13,"void ch_est::chEstFilterNoDftSOfdmDispatchKernel<float, __half, float, (unsigned int)2>(ch_est::puschRxChEstStatDescr_t *, ch_est::puschRxChEstDynDescr_t *)"
1982681735,5184,23975,137,2,1,24,2,1,44,0.001,0.001,,,,,NVIDIA A100-SXM4-40GB (0),1,,13,"void ch_est::chEstFilterNoDftSOfdmDispatchKernel<float, __half, float, (unsigned int)2>(ch_est::puschRxChEstStatDescr_t *, ch_est::puschRxChEstDynDescr_t *)"
1982688038,2592,23986,103,1,1,128,1,1,16,0.000,0.000,,,,,NVIDIA A100-SXM4-40GB (0),1,,13,cupy_copy__complex64_complex64
1982691750,16448,23996,1434,1,1,128,1,1,16,0.000,0.000,,,,,NVIDIA A100-SXM4-40GB (0),1,,13,cupy_copy__complex64_complex64
1982709254,2528,24003,103,1,1,128,1,1,16,0.000,0.000,,,,,NVIDIA A100-SXM4-40GB (0),1,,13,cupy_copy__complex64_complex64
1982712838,86751,24010,1,1,1,32,32,1,30,0.000,0.000,,,,,NVIDIA A100-SXM4-40GB (0),1,,13,"void convert_kernel<__half2, float2>(tensor_layout_any, T1 *, tensor_layout_any, const T2 *)"
1982827653,4320,24013,,,,,,,,,,0.061,14222.193,Pinned,Device,NVIDIA A100-SXM4-40GB (0),1,,13,[CUDA memcpy Host-to-Device]
1982840165,46559,24014,,,,,,,,,,35.801,768933.019,Device,,NVIDIA A100-SXM4-40GB (0),1,,13,[CUDA memset]
1982893508,2016,24016,,,,,,,,,,0.000,39.682,Pinned,Device,NVIDIA A100-SXM4-40GB (0),1,,13,[CUDA memcpy Host-to-Device]
1982897828,6880,24017,,,,,,,,,,0.131,19051.053,Pinned,Device,NVIDIA A100-SXM4-40GB (0),1,,13,[CUDA memcpy Host-to-Device]
1982911172,9056,24018,273,1,1,48,1,1,40,0.000,0.001,,,,,NVIDIA A100-SXM4-40GB (0),1,,13,"void pusch_noise_intf_est::noiseIntfEstNoDftSOfdmKernel<float, __half, float, float, (unsigned int)2, (unsigned int)1, (unsigned char)4, (unsigned char)4>(pusch_noise_intf_est::puschRxNoiseIntfEstDynDescr)"
1982921316,2912,24029,35,1,1,128,1,1,16,0.000,0.000,,,,,NVIDIA A100-SXM4-40GB (0),1,,13,cupy_copy__complex64_complex64
1982948355,1760,24038,1,1,1,1,1,1,18,0.000,0.000,,,,,NVIDIA A100-SXM4-40GB (0),1,,13,cupy_copy__float32_float32
1982983139,1824,24044,,,,,,,,,,0.000,2.193,Device,Pageable,NVIDIA A100-SXM4-40GB (0),1,,7,[CUDA memcpy Device-to-Host]
1983041378,16384,24055,1434,1,1,128,1,1,16,0.000,0.000,,,,,NVIDIA A100-SXM4-40GB (0),1,,13,cupy_copy__complex64_complex64
1983071970,2816,24062,103,1,1,128,1,1,16,0.000,0.000,,,,,NVIDIA A100-SXM4-40GB (0),1,,13,cupy_copy__complex64_complex64
1983093442,2304,24069,35,1,1,128,1,1,16,0.000,0.000,,,,,NVIDIA A100-SXM4-40GB (0),1,,13,cupy_copy__complex64_complex64
1983111745,1696,24076,1,1,1,1,1,1,18,0.000,0.000,,,,,NVIDIA A100-SXM4-40GB (0),1,,13,cupy_copy__float32_float32
1983246592,86655,24087,1,1,1,32,32,1,30,0.000,0.000,,,,,NVIDIA A100-SXM4-40GB (0),1,,13,"void convert_kernel<__half2, float2>(tensor_layout_any, T1 *, tensor_layout_any, const T2 *)"
1983361183,4287,24090,,,,,,,,,,0.061,14331.679,Pinned,Device,NVIDIA A100-SXM4-40GB (0),1,,13,[CUDA memcpy Host-to-Device]
1983375582,3584,24091,,,,,,,,,,1.547,431534.389,Device,,NVIDIA A100-SXM4-40GB (0),1,,13,[CUDA memset]
1983382526,3136,24096,,,,,,,,,,0.021,6714.274,Pinned,Device,NVIDIA A100-SXM4-40GB (0),1,,13,[CUDA memcpy Host-to-Device]
1983387934,7104,24097,,,,,,,,,,0.131,18450.350,Pinned,Device,NVIDIA A100-SXM4-40GB (0),1,,13,[CUDA memcpy Host-to-Device]
1983399966,6592,24098,273,1,1,8,4,1,39,0.002,0.000,,,,,NVIDIA A100-SXM4-40GB (0),1,,13,"void channel_eq::eqMmseCoefCompLowMimoKernel<float, float, float, (unsigned int)4, (unsigned int)1, (unsigned int)4>(const channel_eq::_puschRxChEqStatDescr *, channel_eq::_puschRxChEqCoefCompDynDescr)"
1983407870,5760,24099,273,1,1,12,11,1,40,0.002,0.000,,,,,NVIDIA A100-SXM4-40GB (0),1,,13,"void channel_eq::eqMmseSoftDemapKernel<float, __half, __half, float, (unsigned int)4, (unsigned short)16383>(channel_eq::_puschRxChEqStatDescr *, channel_eq::_puschRxChEqSoftDemapDynDescr)"
1983414654,307228,24100,1,1,1,32,32,1,30,0.000,0.000,,,,,NVIDIA A100-SXM4-40GB (0),1,,13,"void convert_kernel<float2, __half2>(tensor_layout_any, T1 *, tensor_layout_any, const T2 *)"
1983723034,13728,24112,2253,1,1,128,1,1,16,0.000,0.000,,,,,NVIDIA A100-SXM4-40GB (0),1,,13,cupy_copy__float16_float16
1983737882,2784,24121,282,1,1,128,1,1,16,0.000,0.000,,,,,NVIDIA A100-SXM4-40GB (0),1,,13,cupy_copy__complex64_complex64
1983742010,2048,24130,26,1,1,128,1,1,16,0.000,0.000,,,,,NVIDIA A100-SXM4-40GB (0),1,,13,cupy_copy__float32_float32
1983745402,3008,24139,103,1,1,128,1,1,16,0.000,0.000,,,,,NVIDIA A100-SXM4-40GB (0),1,,13,cupy_copy__complex64_complex64
1983749466,15360,24149,1434,1,1,128,1,1,16,0.000,0.000,,,,,NVIDIA A100-SXM4-40GB (0),1,,13,cupy_copy__complex64_complex64
1983765882,87167,24154,1,1,1,32,32,1,30,0.000,0.000,,,,,NVIDIA A100-SXM4-40GB (0),1,,13,"void convert_kernel<__half2, float2>(tensor_layout_any, T1 *, tensor_layout_any, const T2 *)"
1983880152,4320,24157,,,,,,,,,,0.061,14222.193,Pinned,Device,NVIDIA A100-SXM4-40GB (0),1,,13,[CUDA memcpy Host-to-Device]
1983891896,587513,24158,,,,,,,,,,456.520,776997.857,Device,,NVIDIA A100-SXM4-40GB (0),1,,13,[CUDA memset]
1984488273,32832,24163,,,,,,,,,,0.825,25138.328,Pinned,Device,NVIDIA A100-SXM4-40GB (0),1,,13,[CUDA memcpy Host-to-Device]
1984523409,6880,24164,,,,,,,,,,0.131,19051.053,Pinned,Device,NVIDIA A100-SXM4-40GB (0),1,,13,[CUDA memcpy Host-to-Device]
1984537073,7680,24165,69,4,1,48,1,1,76,0.002,0.000,,,,,NVIDIA A100-SXM4-40GB (0),1,,13,"void ch_est::windowedChEstPreNoDftSOfdmKernel<float, __half, float, (unsigned int)2, (unsigned int)1, (unsigned short)4>(ch_est::puschRxChEstStatDescr_t *, ch_est::puschRxChEstDynDescr_t *)"
1984546097,7167,24166,137,2,1,24,2,1,44,0.001,0.001,,,,,NVIDIA A100-SXM4-40GB (0),1,,13,"void ch_est::chEstFilterNoDftSOfdmDispatchKernel<float, __half, float, (unsigned int)2>(ch_est::puschRxChEstStatDescr_t *, ch_est::puschRxChEstDynDescr_t *)"
1984554352,5216,24167,137,2,1,24,2,1,44,0.001,0.001,,,,,NVIDIA A100-SXM4-40GB (0),1,,13,"void ch_est::chEstFilterNoDftSOfdmDispatchKernel<float, __half, float, (unsigned int)2>(ch_est::puschRxChEstStatDescr_t *, ch_est::puschRxChEstDynDescr_t *)"
1984560656,2624,24178,103,1,1,128,1,1,16,0.000,0.000,,,,,NVIDIA A100-SXM4-40GB (0),1,,13,cupy_copy__complex64_complex64
1984564464,16416,24188,1434,1,1,128,1,1,16,0.000,0.000,,,,,NVIDIA A100-SXM4-40GB (0),1,,13,cupy_copy__complex64_complex64
1984581936,2560,24195,103,1,1,128,1,1,16,0.000,0.000,,,,,NVIDIA A100-SXM4-40GB (0),1,,13,cupy_copy__complex64_complex64
1984585808,85823,24202,1,1,1,32,32,1,30,0.000,0.000,,,,,NVIDIA A100-SXM4-40GB (0),1,,13,"void convert_kernel<__half2, float2>(tensor_layout_any, T1 *, tensor_layout_any, const T2 *)"
1984699343,4320,24205,,,,,,,,,,0.061,14222.193,Pinned,Device,NVIDIA A100-SXM4-40GB (0),1,,13,[CUDA memcpy Host-to-Device]
1984711823,46655,24206,,,,,,,,,,35.801,767321.976,Device,,NVIDIA A100-SXM4-40GB (0),1,,13,[CUDA memset]
1984763342,1984,24208,,,,,,,,,,0.000,40.323,Pinned,Device,NVIDIA A100-SXM4-40GB (0),1,,13,[CUDA memcpy Host-to-Device]
1984767630,6912,24209,,,,,,,,,,0.131,18962.842,Pinned,Device,NVIDIA A100-SXM4-40GB (0),1,,13,[CUDA memcpy Host-to-Device]
1984781422,9280,24210,273,1,1,48,1,1,40,0.000,0.001,,,,,NVIDIA A100-SXM4-40GB (0),1,,13,"void pusch_noise_intf_est::noiseIntfEstNoDftSOfdmKernel<float, __half, float, float, (unsigned int)2, (unsigned int)1, (unsigned char)4, (unsigned char)4>(pusch_noise_intf_est::puschRxNoiseIntfEstDynDescr)"
1984791886,2784,24221,35,1,1,128,1,1,16,0.000,0.000,,,,,NVIDIA A100-SXM4-40GB (0),1,,13,cupy_copy__complex64_complex64
1984818989,1760,24230,1,1,1,1,1,1,18,0.000,0.000,,,,,NVIDIA A100-SXM4-40GB (0),1,,13,cupy_copy__float32_float32
1984853069,1728,24236,,,,,,,,,,0.000,2.315,Device,Pageable,NVIDIA A100-SXM4-40GB (0),1,,7,[CUDA memcpy Device-to-Host]
1984914124,16640,24247,1434,1,1,128,1,1,16,0.000,0.000,,,,,NVIDIA A100-SXM4-40GB (0),1,,13,cupy_copy__complex64_complex64
1984941452,2752,24254,103,1,1,128,1,1,16,0.000,0.000,,,,,NVIDIA A100-SXM4-40GB (0),1,,13,cupy_copy__complex64_complex64
1984962060,2336,24261,35,1,1,128,1,1,16,0.000,0.000,,,,,NVIDIA A100-SXM4-40GB (0),1,,13,cupy_copy__complex64_complex64
1984980651,1696,24268,1,1,1,1,1,1,18,0.000,0.000,,,,,NVIDIA A100-SXM4-40GB (0),1,,13,cupy_copy__float32_float32
1985112618,87423,24279,1,1,1,32,32,1,30,0.000,0.000,,,,,NVIDIA A100-SXM4-40GB (0),1,,13,"void convert_kernel<__half2, float2>(tensor_layout_any, T1 *, tensor_layout_any, const T2 *)"
1985370215,4288,24282,,,,,,,,,,0.061,14328.300,Pinned,Device,NVIDIA A100-SXM4-40GB (0),1,,13,[CUDA memcpy Host-to-Device]
1985379559,3584,24283,,,,,,,,,,1.547,431534.389,Device,,NVIDIA A100-SXM4-40GB (0),1,,13,[CUDA memset]
1985388359,3168,24288,,,,,,,,,,0.021,6646.453,Pinned,Device,NVIDIA A100-SXM4-40GB (0),1,,13,[CUDA memcpy Host-to-Device]
1985394214,7232,24289,,,,,,,,,,0.131,18123.850,Pinned,Device,NVIDIA A100-SXM4-40GB (0),1,,13,[CUDA memcpy Host-to-Device]
1985410534,6528,24290,273,1,1,8,4,1,39,0.002,0.000,,,,,NVIDIA A100-SXM4-40GB (0),1,,13,"void channel_eq::eqMmseCoefCompLowMimoKernel<float, float, float, (unsigned int)4, (unsigned int)1, (unsigned int)4>(const channel_eq::_puschRxChEqStatDescr *, channel_eq::_puschRxChEqCoefCompDynDescr)"
1985418118,5856,24291,273,1,1,12,11,1,40,0.002,0.000,,,,,NVIDIA A100-SXM4-40GB (0),1,,13,"void channel_eq::eqMmseSoftDemapKernel<float, __half, __half, float, (unsigned int)4, (unsigned short)16383>(channel_eq::_puschRxChEqStatDescr *, channel_eq::_puschRxChEqSoftDemapDynDescr)"
1985425158,307292,24292,1,1,1,32,32,1,30,0.000,0.000,,,,,NVIDIA A100-SXM4-40GB (0),1,,13,"void convert_kernel<float2, __half2>(tensor_layout_any, T1 *, tensor_layout_any, const T2 *)"
1985733666,13632,24304,2253,1,1,128,1,1,16,0.000,0.000,,,,,NVIDIA A100-SXM4-40GB (0),1,,13,cupy_copy__float16_float16
1985748642,2880,24313,282,1,1,128,1,1,16,0.000,0.000,,,,,NVIDIA A100-SXM4-40GB (0),1,,13,cupy_copy__complex64_complex64
1985752674,2048,24322,26,1,1,128,1,1,16,0.000,0.000,,,,,NVIDIA A100-SXM4-40GB (0),1,,13,cupy_copy__float32_float32
1985756066,3072,24331,103,1,1,128,1,1,16,0.000,0.000,,,,,NVIDIA A100-SXM4-40GB (0),1,,13,cupy_copy__complex64_complex64
1985760450,15360,24341,1434,1,1,128,1,1,16,0.000,0.000,,,,,NVIDIA A100-SXM4-40GB (0),1,,13,cupy_copy__complex64_complex64
1985880641,88095,24346,1,1,1,32,32,1,30,0.000,0.000,,,,,NVIDIA A100-SXM4-40GB (0),1,,13,"void convert_kernel<__half2, float2>(tensor_layout_any, T1 *, tensor_layout_any, const T2 *)"
1985998847,4320,24349,,,,,,,,,,0.061,14222.193,Pinned,Device,NVIDIA A100-SXM4-40GB (0),1,,13,[CUDA memcpy Host-to-Device]
1986011007,587577,24350,,,,,,,,,,456.520,776541.336,Device,,NVIDIA A100-SXM4-40GB (0),1,,13,[CUDA memset]
1986599672,32832,24355,,,,,,,,,,0.825,25138.328,Pinned,Device,NVIDIA A100-SXM4-40GB (0),1,,13,[CUDA memcpy Host-to-Device]
1986634808,6912,24356,,,,,,,,,,0.131,18962.842,Pinned,Device,NVIDIA A100-SXM4-40GB (0),1,,13,[CUDA memcpy Host-to-Device]
1986652632,8159,24357,69,4,1,48,1,1,76,0.002,0.000,,,,,NVIDIA A100-SXM4-40GB (0),1,,13,"void ch_est::windowedChEstPreNoDftSOfdmKernel<float, __half, float, (unsigned int)2, (unsigned int)1, (unsigned short)4>(ch_est::puschRxChEstStatDescr_t *, ch_est::puschRxChEstDynDescr_t *)"
1986662167,6656,24358,137,2,1,24,2,1,44,0.001,0.001,,,,,NVIDIA A100-SXM4-40GB (0),1,,13,"void ch_est::chEstFilterNoDftSOfdmDispatchKernel<float, __half, float, (unsigned int)2>(ch_est::puschRxChEstStatDescr_t *, ch_est::puschRxChEstDynDescr_t *)"
1986670135,5184,24359,137,2,1,24,2,1,44,0.001,0.001,,,,,NVIDIA A100-SXM4-40GB (0),1,,13,"void ch_est::chEstFilterNoDftSOfdmDispatchKernel<float, __half, float, (unsigned int)2>(ch_est::puschRxChEstStatDescr_t *, ch_est::puschRxChEstDynDescr_t *)"
1986676439,2592,24370,103,1,1,128,1,1,16,0.000,0.000,,,,,NVIDIA A100-SXM4-40GB (0),1,,13,cupy_copy__complex64_complex64
1986680183,16512,24380,1434,1,1,128,1,1,16,0.000,0.000,,,,,NVIDIA A100-SXM4-40GB (0),1,,13,cupy_copy__complex64_complex64
1986698007,2560,24387,103,1,1,128,1,1,16,0.000,0.000,,,,,NVIDIA A100-SXM4-40GB (0),1,,13,cupy_copy__complex64_complex64
1986701719,87423,24394,1,1,1,32,32,1,30,0.000,0.000,,,,,NVIDIA A100-SXM4-40GB (0),1,,13,"void convert_kernel<__half2, float2>(tensor_layout_any, T1 *, tensor_layout_any, const T2 *)"
1986955252,4608,24397,,,,,,,,,,0.061,13333.279,Pinned,Device,NVIDIA A100-SXM4-40GB (0),1,,13,[CUDA memcpy Host-to-Device]
1986969012,46911,24398,,,,,,,,,,35.801,763133.263,Device,,NVIDIA A100-SXM4-40GB (0),1,,13,[CUDA memset]
1987018867,1984,24400,,,,,,,,,,0.000,40.323,Pinned,Device,NVIDIA A100-SXM4-40GB (0),1,,13,[CUDA memcpy Host-to-Device]
1987023155,7104,24401,,,,,,,,,,0.131,18450.350,Pinned,Device,NVIDIA A100-SXM4-40GB (0),1,,13,[CUDA memcpy Host-to-Device]
1987035603,9792,24402,273,1,1,48,1,1,40,0.000,0.001,,,,,NVIDIA A100-SXM4-40GB (0),1,,13,"void pusch_noise_intf_est::noiseIntfEstNoDftSOfdmKernel<float, __half, float, float, (unsigned int)2, (unsigned int)1, (unsigned char)4, (unsigned char)4>(pusch_noise_intf_est::puschRxNoiseIntfEstDynDescr)"
1987046611,2944,24413,35,1,1,128,1,1,16,0.000,0.000,,,,,NVIDIA A100-SXM4-40GB (0),1,,13,cupy_copy__complex64_complex64
1987056275,1728,24422,1,1,1,1,1,1,18,0.000,0.000,,,,,NVIDIA A100-SXM4-40GB (0),1,,13,cupy_copy__float32_float32
1987094770,1824,24428,,,,,,,,,,0.000,2.193,Device,Pageable,NVIDIA A100-SXM4-40GB (0),1,,7,[CUDA memcpy Device-to-Host]
1987154066,16639,24439,1434,1,1,128,1,1,16,0.000,0.000,,,,,NVIDIA A100-SXM4-40GB (0),1,,13,cupy_copy__complex64_complex64
1987181201,2816,24446,103,1,1,128,1,1,16,0.000,0.000,,,,,NVIDIA A100-SXM4-40GB (0),1,,13,cupy_copy__complex64_complex64
1987202193,2304,24453,35,1,1,128,1,1,16,0.000,0.000,,,,,NVIDIA A100-SXM4-40GB (0),1,,13,cupy_copy__complex64_complex64
1987220017,1664,24460,1,1,1,1,1,1,18,0.000,0.000,,,,,NVIDIA A100-SXM4-40GB (0),1,,13,cupy_copy__float32_float32
1987483182,87199,24471,1,1,1,32,32,1,30,0.000,0.000,,,,,NVIDIA A100-SXM4-40GB (0),1,,13,"void convert_kernel<__half2, float2>(tensor_layout_any, T1 *, tensor_layout_any, const T2 *)"
1987601324,4288,24474,,,,,,,,,,0.061,14328.300,Pinned,Device,NVIDIA A100-SXM4-40GB (0),1,,13,[CUDA memcpy Host-to-Device]
1987617324,3616,24475,,,,,,,,,,1.547,427715.774,Device,,NVIDIA A100-SXM4-40GB (0),1,,13,[CUDA memset]
1987623628,3136,24480,,,,,,,,,,0.021,6714.274,Pinned,Device,NVIDIA A100-SXM4-40GB (0),1,,13,[CUDA memcpy Host-to-Device]
1987629068,6944,24481,,,,,,,,,,0.131,18875.548,Pinned,Device,NVIDIA A100-SXM4-40GB (0),1,,13,[CUDA memcpy Host-to-Device]
1987640012,6560,24482,273,1,1,8,4,1,39,0.002,0.000,,,,,NVIDIA A100-SXM4-40GB (0),1,,13,"void channel_eq::eqMmseCoefCompLowMimoKernel<float, float, float, (unsigned int)4, (unsigned int)1, (unsigned int)4>(const channel_eq::_puschRxChEqStatDescr *, channel_eq::_puschRxChEqCoefCompDynDescr)"
1987647660,5792,24483,273,1,1,12,11,1,40,0.002,0.000,,,,,NVIDIA A100-SXM4-40GB (0),1,,13,"void channel_eq::eqMmseSoftDemapKernel<float, __half, __half, float, (unsigned int)4, (unsigned short)16383>(channel_eq::_puschRxChEqStatDescr *, channel_eq::_puschRxChEqSoftDemapDynDescr)"
1987654764,307644,24484,1,1,1,32,32,1,30,0.000,0.000,,,,,NVIDIA A100-SXM4-40GB (0),1,,13,"void convert_kernel<float2, __half2>(tensor_layout_any, T1 *, tensor_layout_any, const T2 *)"
1987963528,13664,24496,2253,1,1,128,1,1,16,0.000,0.000,,,,,NVIDIA A100-SXM4-40GB (0),1,,13,cupy_copy__float16_float16
1987978504,2912,24505,282,1,1,128,1,1,16,0.000,0.000,,,,,NVIDIA A100-SXM4-40GB (0),1,,13,cupy_copy__complex64_complex64
1987982568,2048,24514,26,1,1,128,1,1,16,0.000,0.000,,,,,NVIDIA A100-SXM4-40GB (0),1,,13,cupy_copy__float32_float32
1987985672,3040,24523,103,1,1,128,1,1,16,0.000,0.000,,,,,NVIDIA A100-SXM4-40GB (0),1,,13,cupy_copy__complex64_complex64
1987989736,15360,24533,1434,1,1,128,1,1,16,0.000,0.000,,,,,NVIDIA A100-SXM4-40GB (0),1,,13,cupy_copy__complex64_complex64
1988011176,86782,24538,1,1,1,32,32,1,30,0.000,0.000,,,,,NVIDIA A100-SXM4-40GB (0),1,,13,"void convert_kernel<__half2, float2>(tensor_layout_any, T1 *, tensor_layout_any, const T2 *)"
1988126406,4320,24541,,,,,,,,,,0.061,14222.193,Pinned,Device,NVIDIA A100-SXM4-40GB (0),1,,13,[CUDA memcpy Host-to-Device]
1988137286,588313,24542,,,,,,,,,,456.520,775628.296,Device,,NVIDIA A100-SXM4-40GB (0),1,,13,[CUDA memset]
1988733727,32800,24547,,,,,,,,,,0.825,25162.263,Pinned,Device,NVIDIA A100-SXM4-40GB (0),1,,13,[CUDA memcpy Host-to-Device]
1988768831,6911,24548,,,,,,,,,,0.131,18965.594,Pinned,Device,NVIDIA A100-SXM4-40GB (0),1,,13,[CUDA memcpy Host-to-Device]
1988785598,7584,24549,69,4,1,48,1,1,76,0.002,0.000,,,,,NVIDIA A100-SXM4-40GB (0),1,,13,"void ch_est::windowedChEstPreNoDftSOfdmKernel<float, __half, float, (unsigned int)2, (unsigned int)1, (unsigned short)4>(ch_est::puschRxChEstStatDescr_t *, ch_est::puschRxChEstDynDescr_t *)"
1988794398,6944,24550,137,2,1,24,2,1,44,0.001,0.001,,,,,NVIDIA A100-SXM4-40GB (0),1,,13,"void ch_est::chEstFilterNoDftSOfdmDispatchKernel<float, __half, float, (unsigned int)2>(ch_est::puschRxChEstStatDescr_t *, ch_est::puschRxChEstDynDescr_t *)"
1988802526,5152,24551,137,2,1,24,2,1,44,0.001,0.001,,,,,NVIDIA A100-SXM4-40GB (0),1,,13,"void ch_est::chEstFilterNoDftSOfdmDispatchKernel<float, __half, float, (unsigned int)2>(ch_est::puschRxChEstStatDescr_t *, ch_est::puschRxChEstDynDescr_t *)"
1988808830,2656,24562,103,1,1,128,1,1,16,0.000,0.000,,,,,NVIDIA A100-SXM4-40GB (0),1,,13,cupy_copy__complex64_complex64
1988812638,16544,24572,1434,1,1,128,1,1,16,0.000,0.000,,,,,NVIDIA A100-SXM4-40GB (0),1,,13,cupy_copy__complex64_complex64
1988830526,2560,24579,103,1,1,128,1,1,16,0.000,0.000,,,,,NVIDIA A100-SXM4-40GB (0),1,,13,cupy_copy__complex64_complex64
1988834398,87039,24586,1,1,1,32,32,1,30,0.000,0.000,,,,,NVIDIA A100-SXM4-40GB (0),1,,13,"void convert_kernel<__half2, float2>(tensor_layout_any, T1 *, tensor_layout_any, const T2 *)"
1988948316,4288,24589,,,,,,,,,,0.061,14328.300,Pinned,Device,NVIDIA A100-SXM4-40GB (0),1,,13,[CUDA memcpy Host-to-Device]
1988960700,46656,24590,,,,,,,,,,35.801,767321.976,Device,,NVIDIA A100-SXM4-40GB (0),1,,13,[CUDA memset]
1989012860,2016,24592,,,,,,,,,,0.000,39.682,Pinned,Device,NVIDIA A100-SXM4-40GB (0),1,,13,[CUDA memcpy Host-to-Device]
1989017180,6880,24593,,,,,,,,,,0.131,19051.053,Pinned,Device,NVIDIA A100-SXM4-40GB (0),1,,13,[CUDA memcpy Host-to-Device]
1989030395,9440,24594,273,1,1,48,1,1,40,0.000,0.001,,,,,NVIDIA A100-SXM4-40GB (0),1,,13,"void pusch_noise_intf_est::noiseIntfEstNoDftSOfdmKernel<float, __half, float, float, (unsigned int)2, (unsigned int)1, (unsigned char)4, (unsigned char)4>(pusch_noise_intf_est::puschRxNoiseIntfEstDynDescr)"
1989041051,2912,24605,35,1,1,128,1,1,16,0.000,0.000,,,,,NVIDIA A100-SXM4-40GB (0),1,,13,cupy_copy__complex64_complex64
1989072155,1760,24614,1,1,1,1,1,1,18,0.000,0.000,,,,,NVIDIA A100-SXM4-40GB (0),1,,13,cupy_copy__float32_float32
1989107547,1824,24620,,,,,,,,,,0.000,2.193,Device,Pageable,NVIDIA A100-SXM4-40GB (0),1,,7,[CUDA memcpy Device-to-Host]
1989165690,16416,24631,1434,1,1,128,1,1,16,0.000,0.000,,,,,NVIDIA A100-SXM4-40GB (0),1,,13,cupy_copy__complex64_complex64
1989192122,2848,24638,103,1,1,128,1,1,16,0.000,0.000,,,,,NVIDIA A100-SXM4-40GB (0),1,,13,cupy_copy__complex64_complex64
1989212409,2368,24645,35,1,1,128,1,1,16,0.000,0.000,,,,,NVIDIA A100-SXM4-40GB (0),1,,13,cupy_copy__complex64_complex64
1989231193,1664,24652,1,1,1,1,1,1,18,0.000,0.000,,,,,NVIDIA A100-SXM4-40GB (0),1,,13,cupy_copy__float32_float32
1989364055,87711,24663,1,1,1,32,32,1,30,0.000,0.000,,,,,NVIDIA A100-SXM4-40GB (0),1,,13,"void convert_kernel<__half2, float2>(tensor_layout_any, T1 *, tensor_layout_any, const T2 *)"
1989479254,4288,24666,,,,,,,,,,0.061,14328.300,Pinned,Device,NVIDIA A100-SXM4-40GB (0),1,,13,[CUDA memcpy Host-to-Device]
1989493878,3616,24667,,,,,,,,,,1.547,427715.774,Device,,NVIDIA A100-SXM4-40GB (0),1,,13,[CUDA memset]
1989500342,3168,24672,,,,,,,,,,0.021,6646.453,Pinned,Device,NVIDIA A100-SXM4-40GB (0),1,,13,[CUDA memcpy Host-to-Device]
1989505814,7232,24673,,,,,,,,,,0.131,18123.850,Pinned,Device,NVIDIA A100-SXM4-40GB (0),1,,13,[CUDA memcpy Host-to-Device]
1989517590,6560,24674,273,1,1,8,4,1,39,0.002,0.000,,,,,NVIDIA A100-SXM4-40GB (0),1,,13,"void channel_eq::eqMmseCoefCompLowMimoKernel<float, float, float, (unsigned int)4, (unsigned int)1, (unsigned int)4>(const channel_eq::_puschRxChEqStatDescr *, channel_eq::_puschRxChEqCoefCompDynDescr)"
1989525174,5664,24675,273,1,1,12,11,1,40,0.002,0.000,,,,,NVIDIA A100-SXM4-40GB (0),1,,13,"void channel_eq::eqMmseSoftDemapKernel<float, __half, __half, float, (unsigned int)4, (unsigned short)16383>(channel_eq::_puschRxChEqStatDescr *, channel_eq::_puschRxChEqSoftDemapDynDescr)"
1989532150,307772,24676,1,1,1,32,32,1,30,0.000,0.000,,,,,NVIDIA A100-SXM4-40GB (0),1,,13,"void convert_kernel<float2, __half2>(tensor_layout_any, T1 *, tensor_layout_any, const T2 *)"
1989840978,13728,24688,2253,1,1,128,1,1,16,0.000,0.000,,,,,NVIDIA A100-SXM4-40GB (0),1,,13,cupy_copy__float16_float16
1989856018,2880,24697,282,1,1,128,1,1,16,0.000,0.000,,,,,NVIDIA A100-SXM4-40GB (0),1,,13,cupy_copy__complex64_complex64
1989860050,2048,24706,26,1,1,128,1,1,16,0.000,0.000,,,,,NVIDIA A100-SXM4-40GB (0),1,,13,cupy_copy__float32_float32
1989863154,3072,24715,103,1,1,128,1,1,16,0.000,0.000,,,,,NVIDIA A100-SXM4-40GB (0),1,,13,cupy_copy__complex64_complex64
1989867538,15583,24725,1434,1,1,128,1,1,16,0.000,0.000,,,,,NVIDIA A100-SXM4-40GB (0),1,,13,cupy_copy__complex64_complex64
1989884177,86271,24730,1,1,1,32,32,1,30,0.000,0.000,,,,,NVIDIA A100-SXM4-40GB (0),1,,13,"void convert_kernel<__half2, float2>(tensor_layout_any, T1 *, tensor_layout_any, const T2 *)"
1989998320,4448,24733,,,,,,,,,,0.061,13812.941,Pinned,Device,NVIDIA A100-SXM4-40GB (0),1,,13,[CUDA memcpy Host-to-Device]
1990008432,587385,24734,,,,,,,,,,456.520,776997.857,Device,,NVIDIA A100-SXM4-40GB (0),1,,13,[CUDA memset]
1990598025,32832,24739,,,,,,,,,,0.825,25138.328,Pinned,Device,NVIDIA A100-SXM4-40GB (0),1,,13,[CUDA memcpy Host-to-Device]
1990633160,6912,24740,,,,,,,,,,0.131,18962.842,Pinned,Device,NVIDIA A100-SXM4-40GB (0),1,,13,[CUDA memcpy Host-to-Device]
1990647208,7904,24741,69,4,1,48,1,1,76,0.002,0.000,,,,,NVIDIA A100-SXM4-40GB (0),1,,13,"void ch_est::windowedChEstPreNoDftSOfdmKernel<float, __half, float, (unsigned int)2, (unsigned int)1, (unsigned short)4>(ch_est::puschRxChEstStatDescr_t *, ch_est::puschRxChEstDynDescr_t *)"
1990656168,7040,24742,137,2,1,24,2,1,44,0.001,0.001,,,,,NVIDIA A100-SXM4-40GB (0),1,,13,"void ch_est::chEstFilterNoDftSOfdmDispatchKernel<float, __half, float, (unsigned int)2>(ch_est::puschRxChEstStatDescr_t *, ch_est::puschRxChEstDynDescr_t *)"
1990664552,5120,24743,137,2,1,24,2,1,44,0.001,0.001,,,,,NVIDIA A100-SXM4-40GB (0),1,,13,"void ch_est::chEstFilterNoDftSOfdmDispatchKernel<float, __half, float, (unsigned int)2>(ch_est::puschRxChEstStatDescr_t *, ch_est::puschRxChEstDynDescr_t *)"
1990670792,2624,24754,103,1,1,128,1,1,16,0.000,0.000,,,,,NVIDIA A100-SXM4-40GB (0),1,,13,cupy_copy__complex64_complex64
1990674504,16640,24764,1434,1,1,128,1,1,16,0.000,0.000,,,,,NVIDIA A100-SXM4-40GB (0),1,,13,cupy_copy__complex64_complex64
1990692232,2560,24771,103,1,1,128,1,1,16,0.000,0.000,,,,,NVIDIA A100-SXM4-40GB (0),1,,13,cupy_copy__complex64_complex64
1990696104,86975,24778,1,1,1,32,32,1,30,0.000,0.000,,,,,NVIDIA A100-SXM4-40GB (0),1,,13,"void convert_kernel<__half2, float2>(tensor_layout_any, T1 *, tensor_layout_any, const T2 *)"
1990952453,4576,24781,,,,,,,,,,0.061,13426.545,Pinned,Device,NVIDIA A100-SXM4-40GB (0),1,,13,[CUDA memcpy Host-to-Device]
1990966693,46847,24782,,,,,,,,,,35.801,764207.292,Device,,NVIDIA A100-SXM4-40GB (0),1,,13,[CUDA memset]
1991016836,1984,24784,,,,,,,,,,0.000,40.323,Pinned,Device,NVIDIA A100-SXM4-40GB (0),1,,13,[CUDA memcpy Host-to-Device]
1991021124,6944,24785,,,,,,,,,,0.131,18875.548,Pinned,Device,NVIDIA A100-SXM4-40GB (0),1,,13,[CUDA memcpy Host-to-Device]
1991036324,9632,24786,273,1,1,48,1,1,40,0.000,0.001,,,,,NVIDIA A100-SXM4-40GB (0),1,,13,"void pusch_noise_intf_est::noiseIntfEstNoDftSOfdmKernel<float, __half, float, float, (unsigned int)2, (unsigned int)1, (unsigned char)4, (unsigned char)4>(pusch_noise_intf_est::puschRxNoiseIntfEstDynDescr)"
1991047076,2784,24797,35,1,1,128,1,1,16,0.000,0.000,,,,,NVIDIA A100-SXM4-40GB (0),1,,13,cupy_copy__complex64_complex64
1991057827,1728,24806,1,1,1,1,1,1,18,0.000,0.000,,,,,NVIDIA A100-SXM4-40GB (0),1,,13,cupy_copy__float32_float32
1991092803,1824,24812,,,,,,,,,,0.000,2.193,Device,Pageable,NVIDIA A100-SXM4-40GB (0),1,,7,[CUDA memcpy Device-to-Host]
1991151074,16352,24823,1434,1,1,128,1,1,16,0.000,0.000,,,,,NVIDIA A100-SXM4-40GB (0),1,,13,cupy_copy__complex64_complex64
1991178082,2816,24830,103,1,1,128,1,1,16,0.000,0.000,,,,,NVIDIA A100-SXM4-40GB (0),1,,13,cupy_copy__complex64_complex64
1991199650,2336,24837,35,1,1,128,1,1,16,0.000,0.000,,,,,NVIDIA A100-SXM4-40GB (0),1,,13,cupy_copy__complex64_complex64
1991217698,1696,24844,1,1,1,1,1,1,18,0.000,0.000,,,,,NVIDIA A100-SXM4-40GB (0),1,,13,cupy_copy__float32_float32
1991484670,86783,24855,1,1,1,32,32,1,30,0.000,0.000,,,,,NVIDIA A100-SXM4-40GB (0),1,,13,"void convert_kernel<__half2, float2>(tensor_layout_any, T1 *, tensor_layout_any, const T2 *)"
1991602237,4320,24858,,,,,,,,,,0.061,14222.193,Pinned,Device,NVIDIA A100-SXM4-40GB (0),1,,13,[CUDA memcpy Host-to-Device]
1991617501,3616,24859,,,,,,,,,,1.547,427715.774,Device,,NVIDIA A100-SXM4-40GB (0),1,,13,[CUDA memset]
1991624381,3104,24864,,,,,,,,,,0.021,6783.485,Pinned,Device,NVIDIA A100-SXM4-40GB (0),1,,13,[CUDA memcpy Host-to-Device]
1991629789,7712,24865,,,,,,,,,,0.131,16995.844,Pinned,Device,NVIDIA A100-SXM4-40GB (0),1,,13,[CUDA memcpy Host-to-Device]
1991640925,6527,24866,273,1,1,8,4,1,39,0.002,0.000,,,,,NVIDIA A100-SXM4-40GB (0),1,,13,"void channel_eq::eqMmseCoefCompLowMimoKernel<float, float, float, (unsigned int)4, (unsigned int)1, (unsigned int)4>(const channel_eq::_puschRxChEqStatDescr *, channel_eq::_puschRxChEqCoefCompDynDescr)"
1991648508,5920,24867,273,1,1,12,11,1,40,0.002,0.000,,,,,NVIDIA A100-SXM4-40GB (0),1,,13,"void channel_eq::eqMmseSoftDemapKernel<float, __half, __half, float, (unsigned int)4, (unsigned short)16383>(channel_eq::_puschRxChEqStatDescr *, channel_eq::_puschRxChEqSoftDemapDynDescr)"
1991655548,307357,24868,1,1,1,32,32,1,30,0.000,0.000,,,,,NVIDIA A100-SXM4-40GB (0),1,,13,"void convert_kernel<float2, __half2>(tensor_layout_any, T1 *, tensor_layout_any, const T2 *)"
1991964025,13664,24880,2253,1,1,128,1,1,16,0.000,0.000,,,,,NVIDIA A100-SXM4-40GB (0),1,,13,cupy_copy__float16_float16
1991979001,2880,24889,282,1,1,128,1,1,16,0.000,0.000,,,,,NVIDIA A100-SXM4-40GB (0),1,,13,cupy_copy__complex64_complex64
1991983065,2047,24898,26,1,1,128,1,1,16,0.000,0.000,,,,,NVIDIA A100-SXM4-40GB (0),1,,13,cupy_copy__float32_float32
1991986136,3040,24907,103,1,1,128,1,1,16,0.000,0.000,,,,,NVIDIA A100-SXM4-40GB (0),1,,13,cupy_copy__complex64_complex64
1991990200,15584,24917,1434,1,1,128,1,1,16,0.000,0.000,,,,,NVIDIA A100-SXM4-40GB (0),1,,13,cupy_copy__complex64_complex64
1992011960,87455,24922,1,1,1,32,32,1,30,0.000,0.000,,,,,NVIDIA A100-SXM4-40GB (0),1,,13,"void convert_kernel<__half2, float2>(tensor_layout_any, T1 *, tensor_layout_any, const T2 *)"
1992266325,4672,24925,,,,,,,,,,0.061,13150.679,Pinned,Device,NVIDIA A100-SXM4-40GB (0),1,,13,[CUDA memcpy Host-to-Device]
1992274549,588537,24926,,,,,,,,,,456.520,775628.296,Device,,NVIDIA A100-SXM4-40GB (0),1,,13,[CUDA memset]
1992867182,32832,24931,,,,,,,,,,0.825,25138.328,Pinned,Device,NVIDIA A100-SXM4-40GB (0),1,,13,[CUDA memcpy Host-to-Device]
1992902318,6880,24932,,,,,,,,,,0.131,19051.053,Pinned,Device,NVIDIA A100-SXM4-40GB (0),1,,13,[CUDA memcpy Host-to-Device]
1992913294,8351,24933,69,4,1,48,1,1,76,0.002,0.000,,,,,NVIDIA A100-SXM4-40GB (0),1,,13,"void ch_est::windowedChEstPreNoDftSOfdmKernel<float, __half, float, (unsigned int)2, (unsigned int)1, (unsigned short)4>(ch_est::puschRxChEstStatDescr_t *, ch_est::puschRxChEstDynDescr_t *)"
1992922797,7200,24934,137,2,1,24,2,1,44,0.001,0.001,,,,,NVIDIA A100-SXM4-40GB (0),1,,13,"void ch_est::chEstFilterNoDftSOfdmDispatchKernel<float, __half, float, (unsigned int)2>(ch_est::puschRxChEstStatDescr_t *, ch_est::puschRxChEstDynDescr_t *)"
1992931053,5184,24935,137,2,1,24,2,1,44,0.001,0.001,,,,,NVIDIA A100-SXM4-40GB (0),1,,13,"void ch_est::chEstFilterNoDftSOfdmDispatchKernel<float, __half, float, (unsigned int)2>(ch_est::puschRxChEstStatDescr_t *, ch_est::puschRxChEstDynDescr_t *)"
1992937389,2592,24946,103,1,1,128,1,1,16,0.000,0.000,,,,,NVIDIA A100-SXM4-40GB (0),1,,13,cupy_copy__complex64_complex64
1992941165,16576,24956,1434,1,1,128,1,1,16,0.000,0.000,,,,,NVIDIA A100-SXM4-40GB (0),1,,13,cupy_copy__complex64_complex64
1992958797,2560,24963,103,1,1,128,1,1,16,0.000,0.000,,,,,NVIDIA A100-SXM4-40GB (0),1,,13,cupy_copy__complex64_complex64
1992962669,86239,24970,1,1,1,32,32,1,30,0.000,0.000,,,,,NVIDIA A100-SXM4-40GB (0),1,,13,"void convert_kernel<__half2, float2>(tensor_layout_any, T1 *, tensor_layout_any, const T2 *)"
1993079980,4319,24973,,,,,,,,,,0.061,14225.510,Pinned,Device,NVIDIA A100-SXM4-40GB (0),1,,13,[CUDA memcpy Host-to-Device]
1993092747,46496,24974,,,,,,,,,,35.801,769971.247,Device,,NVIDIA A100-SXM4-40GB (0),1,,13,[CUDA memset]
1993145707,1984,24976,,,,,,,,,,0.000,40.323,Pinned,Device,NVIDIA A100-SXM4-40GB (0),1,,13,[CUDA memcpy Host-to-Device]
1993149995,7104,24977,,,,,,,,,,0.131,18450.350,Pinned,Device,NVIDIA A100-SXM4-40GB (0),1,,13,[CUDA memcpy Host-to-Device]
1993162123,9183,24978,273,1,1,48,1,1,40,0.000,0.001,,,,,NVIDIA A100-SXM4-40GB (0),1,,13,"void pusch_noise_intf_est::noiseIntfEstNoDftSOfdmKernel<float, __half, float, float, (unsigned int)2, (unsigned int)1, (unsigned char)4, (unsigned char)4>(pusch_noise_intf_est::puschRxNoiseIntfEstDynDescr)"
1993173002,2880,24989,35,1,1,128,1,1,16,0.000,0.000,,,,,NVIDIA A100-SXM4-40GB (0),1,,13,cupy_copy__complex64_complex64
1993208490,1760,24998,1,1,1,1,1,1,18,0.000,0.000,,,,,NVIDIA A100-SXM4-40GB (0),1,,13,cupy_copy__float32_float32
1993244042,1824,25004,,,,,,,,,,0.000,2.193,Device,Pageable,NVIDIA A100-SXM4-40GB (0),1,,7,[CUDA memcpy Device-to-Host]
1993302889,16320,25015,1434,1,1,128,1,1,16,0.000,0.000,,,,,NVIDIA A100-SXM4-40GB (0),1,,13,cupy_copy__complex64_complex64
1993329353,2752,25022,103,1,1,128,1,1,16,0.000,0.000,,,,,NVIDIA A100-SXM4-40GB (0),1,,13,cupy_copy__complex64_complex64
1993350120,2304,25029,35,1,1,128,1,1,16,0.000,0.000,,,,,NVIDIA A100-SXM4-40GB (0),1,,13,cupy_copy__complex64_complex64
1993368360,1696,25036,1,1,1,1,1,1,18,0.000,0.000,,,,,NVIDIA A100-SXM4-40GB (0),1,,13,cupy_copy__float32_float32
1993503047,86719,25047,1,1,1,32,32,1,30,0.000,0.000,,,,,NVIDIA A100-SXM4-40GB (0),1,,13,"void convert_kernel<__half2, float2>(tensor_layout_any, T1 *, tensor_layout_any, const T2 *)"
1993617893,4288,25050,,,,,,,,,,0.061,14328.300,Pinned,Device,NVIDIA A100-SXM4-40GB (0),1,,13,[CUDA memcpy Host-to-Device]
1993632549,3648,25051,,,,,,,,,,1.547,423963.664,Device,,NVIDIA A100-SXM4-40GB (0),1,,13,[CUDA memset]
1993639301,3136,25056,,,,,,,,,,0.021,6714.274,Pinned,Device,NVIDIA A100-SXM4-40GB (0),1,,13,[CUDA memcpy Host-to-Device]
1993644741,6912,25057,,,,,,,,,,0.131,18962.842,Pinned,Device,NVIDIA A100-SXM4-40GB (0),1,,13,[CUDA memcpy Host-to-Device]
1993655845,6496,25058,273,1,1,8,4,1,39,0.002,0.000,,,,,NVIDIA A100-SXM4-40GB (0),1,,13,"void channel_eq::eqMmseCoefCompLowMimoKernel<float, float, float, (unsigned int)4, (unsigned int)1, (unsigned int)4>(const channel_eq::_puschRxChEqStatDescr *, channel_eq::_puschRxChEqCoefCompDynDescr)"
1993663397,5696,25059,273,1,1,12,11,1,40,0.002,0.000,,,,,NVIDIA A100-SXM4-40GB (0),1,,13,"void channel_eq::eqMmseSoftDemapKernel<float, __half, __half, float, (unsigned int)4, (unsigned short)16383>(channel_eq::_puschRxChEqStatDescr *, channel_eq::_puschRxChEqSoftDemapDynDescr)"
1993670181,307324,25060,1,1,1,32,32,1,30,0.000,0.000,,,,,NVIDIA A100-SXM4-40GB (0),1,,13,"void convert_kernel<float2, __half2>(tensor_layout_any, T1 *, tensor_layout_any, const T2 *)"
1993978721,13600,25072,2253,1,1,128,1,1,16,0.000,0.000,,,,,NVIDIA A100-SXM4-40GB (0),1,,13,cupy_copy__float16_float16
1993993345,2816,25081,282,1,1,128,1,1,16,0.000,0.000,,,,,NVIDIA A100-SXM4-40GB (0),1,,13,cupy_copy__complex64_complex64
1993997473,2016,25090,26,1,1,128,1,1,16,0.000,0.000,,,,,NVIDIA A100-SXM4-40GB (0),1,,13,cupy_copy__float32_float32
1994000545,3072,25099,103,1,1,128,1,1,16,0.000,0.000,,,,,NVIDIA A100-SXM4-40GB (0),1,,13,cupy_copy__complex64_complex64
1994004929,15359,25109,1434,1,1,128,1,1,16,0.000,0.000,,,,,NVIDIA A100-SXM4-40GB (0),1,,13,cupy_copy__complex64_complex64
1994021440,86815,25114,1,1,1,32,32,1,30,0.000,0.000,,,,,NVIDIA A100-SXM4-40GB (0),1,,13,"void convert_kernel<__half2, float2>(tensor_layout_any, T1 *, tensor_layout_any, const T2 *)"
1994134847,4608,25117,,,,,,,,,,0.061,13333.279,Pinned,Device,NVIDIA A100-SXM4-40GB (0),1,,13,[CUDA memcpy Host-to-Device]
1994145663,587865,25118,,,,,,,,,,456.520,776541.336,Device,,NVIDIA A100-SXM4-40GB (0),1,,13,[CUDA memset]
1994734232,32832,25123,,,,,,,,,,0.825,25138.328,Pinned,Device,NVIDIA A100-SXM4-40GB (0),1,,13,[CUDA memcpy Host-to-Device]
1994769368,6911,25124,,,,,,,,,,0.131,18965.594,Pinned,Device,NVIDIA A100-SXM4-40GB (0),1,,13,[CUDA memcpy Host-to-Device]
1994786135,8192,25125,69,4,1,48,1,1,76,0.002,0.000,,,,,NVIDIA A100-SXM4-40GB (0),1,,13,"void ch_est::windowedChEstPreNoDftSOfdmKernel<float, __half, float, (unsigned int)2, (unsigned int)1, (unsigned short)4>(ch_est::puschRxChEstStatDescr_t *, ch_est::puschRxChEstDynDescr_t *)"
1994795511,6784,25126,137,2,1,24,2,1,44,0.001,0.001,,,,,NVIDIA A100-SXM4-40GB (0),1,,13,"void ch_est::chEstFilterNoDftSOfdmDispatchKernel<float, __half, float, (unsigned int)2>(ch_est::puschRxChEstStatDescr_t *, ch_est::puschRxChEstDynDescr_t *)"
1994803415,5184,25127,137,2,1,24,2,1,44,0.001,0.001,,,,,NVIDIA A100-SXM4-40GB (0),1,,13,"void ch_est::chEstFilterNoDftSOfdmDispatchKernel<float, __half, float, (unsigned int)2>(ch_est::puschRxChEstStatDescr_t *, ch_est::puschRxChEstDynDescr_t *)"
1994809719,2624,25138,103,1,1,128,1,1,16,0.000,0.000,,,,,NVIDIA A100-SXM4-40GB (0),1,,13,cupy_copy__complex64_complex64
1994813527,16448,25148,1434,1,1,128,1,1,16,0.000,0.000,,,,,NVIDIA A100-SXM4-40GB (0),1,,13,cupy_copy__complex64_complex64
1994830999,2528,25155,103,1,1,128,1,1,16,0.000,0.000,,,,,NVIDIA A100-SXM4-40GB (0),1,,13,cupy_copy__complex64_complex64
1994834711,87807,25162,1,1,1,32,32,1,30,0.000,0.000,,,,,NVIDIA A100-SXM4-40GB (0),1,,13,"void convert_kernel<__half2, float2>(tensor_layout_any, T1 *, tensor_layout_any, const T2 *)"
1994949781,4320,25165,,,,,,,,,,0.061,14222.193,Pinned,Device,NVIDIA A100-SXM4-40GB (0),1,,13,[CUDA memcpy Host-to-Device]
1994962101,46944,25166,,,,,,,,,,35.801,762596.249,Device,,NVIDIA A100-SXM4-40GB (0),1,,13,[CUDA memset]
1995016501,2016,25168,,,,,,,,,,0.000,39.682,Pinned,Device,NVIDIA A100-SXM4-40GB (0),1,,13,[CUDA memcpy Host-to-Device]
1995020821,6879,25169,,,,,,,,,,0.131,19053.806,Pinned,Device,NVIDIA A100-SXM4-40GB (0),1,,13,[CUDA memcpy Host-to-Device]
1995034548,9088,25170,273,1,1,48,1,1,40,0.000,0.001,,,,,NVIDIA A100-SXM4-40GB (0),1,,13,"void pusch_noise_intf_est::noiseIntfEstNoDftSOfdmKernel<float, __half, float, float, (unsigned int)2, (unsigned int)1, (unsigned char)4, (unsigned char)4>(pusch_noise_intf_est::puschRxNoiseIntfEstDynDescr)"
1995044756,2976,25181,35,1,1,128,1,1,16,0.000,0.000,,,,,NVIDIA A100-SXM4-40GB (0),1,,13,cupy_copy__complex64_complex64
1995071636,1696,25190,1,1,1,1,1,1,18,0.000,0.000,,,,,NVIDIA A100-SXM4-40GB (0),1,,13,cupy_copy__float32_float32
1995105044,1760,25196,,,,,,,,,,0.000,2.273,Device,Pageable,NVIDIA A100-SXM4-40GB (0),1,,7,[CUDA memcpy Device-to-Host]
1995163059,16512,25207,1434,1,1,128,1,1,16,0.000,0.000,,,,,NVIDIA A100-SXM4-40GB (0),1,,13,cupy_copy__complex64_complex64
1995189395,2816,25214,103,1,1,128,1,1,16,0.000,0.000,,,,,NVIDIA A100-SXM4-40GB (0),1,,13,cupy_copy__complex64_complex64
1995210194,2272,25221,35,1,1,128,1,1,16,0.000,0.000,,,,,NVIDIA A100-SXM4-40GB (0),1,,13,cupy_copy__complex64_complex64
1995228146,1664,25228,1,1,1,1,1,1,18,0.000,0.000,,,,,NVIDIA A100-SXM4-40GB (0),1,,13,cupy_copy__float32_float32
1995359633,87391,25239,1,1,1,32,32,1,30,0.000,0.000,,,,,NVIDIA A100-SXM4-40GB (0),1,,13,"void convert_kernel<__half2, float2>(tensor_layout_any, T1 *, tensor_layout_any, const T2 *)"
1995475503,4288,25242,,,,,,,,,,0.061,14328.300,Pinned,Device,NVIDIA A100-SXM4-40GB (0),1,,13,[CUDA memcpy Host-to-Device]
1995489583,3680,25243,,,,,,,,,,1.547,420278.059,Device,,NVIDIA A100-SXM4-40GB (0),1,,13,[CUDA memset]
1995496079,3136,25248,,,,,,,,,,0.021,6714.274,Pinned,Device,NVIDIA A100-SXM4-40GB (0),1,,13,[CUDA memcpy Host-to-Device]
1995501519,7264,25249,,,,,,,,,,0.131,18044.027,Pinned,Device,NVIDIA A100-SXM4-40GB (0),1,,13,[CUDA memcpy Host-to-Device]
1995513103,6560,25250,273,1,1,8,4,1,39,0.002,0.000,,,,,NVIDIA A100-SXM4-40GB (0),1,,13,"void channel_eq::eqMmseCoefCompLowMimoKernel<float, float, float, (unsigned int)4, (unsigned int)1, (unsigned int)4>(const channel_eq::_puschRxChEqStatDescr *, channel_eq::_puschRxChEqCoefCompDynDescr)"
1995520975,5664,25251,273,1,1,12,11,1,40,0.002,0.000,,,,,NVIDIA A100-SXM4-40GB (0),1,,13,"void channel_eq::eqMmseSoftDemapKernel<float, __half, __half, float, (unsigned int)4, (unsigned short)16383>(channel_eq::_puschRxChEqStatDescr *, channel_eq::_puschRxChEqSoftDemapDynDescr)"
1995527791,308188,25252,1,1,1,32,32,1,30,0.000,0.000,,,,,NVIDIA A100-SXM4-40GB (0),1,,13,"void convert_kernel<float2, __half2>(tensor_layout_any, T1 *, tensor_layout_any, const T2 *)"
1995837195,13600,25264,2253,1,1,128,1,1,16,0.000,0.000,,,,,NVIDIA A100-SXM4-40GB (0),1,,13,cupy_copy__float16_float16
1995852107,2816,25273,282,1,1,128,1,1,16,0.000,0.000,,,,,NVIDIA A100-SXM4-40GB (0),1,,13,cupy_copy__complex64_complex64
1995856235,2048,25282,26,1,1,128,1,1,16,0.000,0.000,,,,,NVIDIA A100-SXM4-40GB (0),1,,13,cupy_copy__float32_float32
1995859307,3040,25291,103,1,1,128,1,1,16,0.000,0.000,,,,,NVIDIA A100-SXM4-40GB (0),1,,13,cupy_copy__complex64_complex64
1995916970,15488,25307,1434,1,1,128,1,1,16,0.000,0.000,,,,,NVIDIA A100-SXM4-40GB (0),1,,13,cupy_copy__complex64_complex64
1996041800,86079,25312,1,1,1,32,32,1,30,0.000,0.000,,,,,NVIDIA A100-SXM4-40GB (0),1,,13,"void convert_kernel<__half2, float2>(tensor_layout_any, T1 *, tensor_layout_any, const T2 *)"
1996297509,4288,25315,,,,,,,,,,0.061,14328.300,Pinned,Device,NVIDIA A100-SXM4-40GB (0),1,,13,[CUDA memcpy Host-to-Device]
1996310853,588537,25316,,,,,,,,,,456.520,775628.296,Device,,NVIDIA A100-SXM4-40GB (0),1,,13,[CUDA memset]
1996904766,32800,25321,,,,,,,,,,0.825,25162.263,Pinned,Device,NVIDIA A100-SXM4-40GB (0),1,,13,[CUDA memcpy Host-to-Device]
1996939870,6912,25322,,,,,,,,,,0.131,18962.842,Pinned,Device,NVIDIA A100-SXM4-40GB (0),1,,13,[CUDA memcpy Host-to-Device]
1996956766,7808,25323,69,4,1,48,1,1,76,0.002,0.000,,,,,NVIDIA A100-SXM4-40GB (0),1,,13,"void ch_est::windowedChEstPreNoDftSOfdmKernel<float, __half, float, (unsigned int)2, (unsigned int)1, (unsigned short)4>(ch_est::puschRxChEstStatDescr_t *, ch_est::puschRxChEstDynDescr_t *)"
1996965758,6847,25324,137,2,1,24,2,1,44,0.001,0.001,,,,,NVIDIA A100-SXM4-40GB (0),1,,13,"void ch_est::chEstFilterNoDftSOfdmDispatchKernel<float, __half, float, (unsigned int)2>(ch_est::puschRxChEstStatDescr_t *, ch_est::puschRxChEstDynDescr_t *)"
1996973789,5184,25325,137,2,1,24,2,1,44,0.001,0.001,,,,,NVIDIA A100-SXM4-40GB (0),1,,13,"void ch_est::chEstFilterNoDftSOfdmDispatchKernel<float, __half, float, (unsigned int)2>(ch_est::puschRxChEstStatDescr_t *, ch_est::puschRxChEstDynDescr_t *)"
1996980029,3040,25336,103,1,1,128,1,1,16,0.000,0.000,,,,,NVIDIA A100-SXM4-40GB (0),1,,13,cupy_copy__complex64_complex64
1996984381,16448,25346,1434,1,1,128,1,1,16,0.000,0.000,,,,,NVIDIA A100-SXM4-40GB (0),1,,13,cupy_copy__complex64_complex64
1997001853,2560,25353,103,1,1,128,1,1,16,0.000,0.000,,,,,NVIDIA A100-SXM4-40GB (0),1,,13,cupy_copy__complex64_complex64
1997005437,85919,25360,1,1,1,32,32,1,30,0.000,0.000,,,,,NVIDIA A100-SXM4-40GB (0),1,,13,"void convert_kernel<__half2, float2>(tensor_layout_any, T1 *, tensor_layout_any, const T2 *)"
1997122012,4288,25363,,,,,,,,,,0.061,14328.300,Pinned,Device,NVIDIA A100-SXM4-40GB (0),1,,13,[CUDA memcpy Host-to-Device]
1997135292,46879,25364,,,,,,,,,,35.801,763670.278,Device,,NVIDIA A100-SXM4-40GB (0),1,,13,[CUDA memset]
1997188379,2016,25366,,,,,,,,,,0.000,39.682,Pinned,Device,NVIDIA A100-SXM4-40GB (0),1,,13,[CUDA memcpy Host-to-Device]
1997192699,6880,25367,,,,,,,,,,0.131,19051.053,Pinned,Device,NVIDIA A100-SXM4-40GB (0),1,,13,[CUDA memcpy Host-to-Device]
1997210971,9280,25368,273,1,1,48,1,1,40,0.000,0.001,,,,,NVIDIA A100-SXM4-40GB (0),1,,13,"void pusch_noise_intf_est::noiseIntfEstNoDftSOfdmKernel<float, __half, float, float, (unsigned int)2, (unsigned int)1, (unsigned char)4, (unsigned char)4>(pusch_noise_intf_est::puschRxNoiseIntfEstDynDescr)"
1997221403,2751,25379,35,1,1,128,1,1,16,0.000,0.000,,,,,NVIDIA A100-SXM4-40GB (0),1,,13,cupy_copy__complex64_complex64
1997249786,1728,25388,1,1,1,1,1,1,18,0.000,0.000,,,,,NVIDIA A100-SXM4-40GB (0),1,,13,cupy_copy__float32_float32
1997285498,1984,25394,,,,,,,,,,0.000,2.016,Device,Pageable,NVIDIA A100-SXM4-40GB (0),1,,7,[CUDA memcpy Device-to-Host]
1997344025,16320,25405,1434,1,1,128,1,1,16,0.000,0.000,,,,,NVIDIA A100-SXM4-40GB (0),1,,13,cupy_copy__complex64_complex64
1997370745,2816,25412,103,1,1,128,1,1,16,0.000,0.000,,,,,NVIDIA A100-SXM4-40GB (0),1,,13,cupy_copy__complex64_complex64
1997391833,2303,25419,35,1,1,128,1,1,16,0.000,0.000,,,,,NVIDIA A100-SXM4-40GB (0),1,,13,cupy_copy__complex64_complex64
1997410840,1696,25426,1,1,1,1,1,1,18,0.000,0.000,,,,,NVIDIA A100-SXM4-40GB (0),1,,13,cupy_copy__float32_float32
1997545431,86783,25437,1,1,1,32,32,1,30,0.000,0.000,,,,,NVIDIA A100-SXM4-40GB (0),1,,13,"void convert_kernel<__half2, float2>(tensor_layout_any, T1 *, tensor_layout_any, const T2 *)"
1997799668,4480,25440,,,,,,,,,,0.061,13714.268,Pinned,Device,NVIDIA A100-SXM4-40GB (0),1,,13,[CUDA memcpy Host-to-Device]
1997808660,3616,25441,,,,,,,,,,1.547,427715.774,Device,,NVIDIA A100-SXM4-40GB (0),1,,13,[CUDA memset]
1997817203,3200,25446,,,,,,,,,,0.021,6580.000,Pinned,Device,NVIDIA A100-SXM4-40GB (0),1,,13,[CUDA memcpy Host-to-Device]
1997822707,6944,25447,,,,,,,,,,0.131,18875.548,Pinned,Device,NVIDIA A100-SXM4-40GB (0),1,,13,[CUDA memcpy Host-to-Device]
1997834611,6496,25448,273,1,1,8,4,1,39,0.002,0.000,,,,,NVIDIA A100-SXM4-40GB (0),1,,13,"void channel_eq::eqMmseCoefCompLowMimoKernel<float, float, float, (unsigned int)4, (unsigned int)1, (unsigned int)4>(const channel_eq::_puschRxChEqStatDescr *, channel_eq::_puschRxChEqCoefCompDynDescr)"
1997842163,6848,25449,273,1,1,12,11,1,40,0.002,0.000,,,,,NVIDIA A100-SXM4-40GB (0),1,,13,"void channel_eq::eqMmseSoftDemapKernel<float, __half, __half, float, (unsigned int)4, (unsigned short)16383>(channel_eq::_puschRxChEqStatDescr *, channel_eq::_puschRxChEqSoftDemapDynDescr)"
1997850099,307580,25450,1,1,1,32,32,1,30,0.000,0.000,,,,,NVIDIA A100-SXM4-40GB (0),1,,13,"void convert_kernel<float2, __half2>(tensor_layout_any, T1 *, tensor_layout_any, const T2 *)"
1998158703,13408,25462,2253,1,1,128,1,1,16,0.000,0.000,,,,,NVIDIA A100-SXM4-40GB (0),1,,13,cupy_copy__float16_float16
1998173423,2880,25471,282,1,1,128,1,1,16,0.000,0.000,,,,,NVIDIA A100-SXM4-40GB (0),1,,13,cupy_copy__complex64_complex64
1998177487,2048,25480,26,1,1,128,1,1,16,0.000,0.000,,,,,NVIDIA A100-SXM4-40GB (0),1,,13,cupy_copy__float32_float32
1998180847,3072,25489,103,1,1,128,1,1,16,0.000,0.000,,,,,NVIDIA A100-SXM4-40GB (0),1,,13,cupy_copy__complex64_complex64
1998185231,15392,25499,1434,1,1,128,1,1,16,0.000,0.000,,,,,NVIDIA A100-SXM4-40GB (0),1,,13,cupy_copy__complex64_complex64
1998307854,87199,25504,1,1,1,32,32,1,30,0.000,0.000,,,,,NVIDIA A100-SXM4-40GB (0),1,,13,"void convert_kernel<__half2, float2>(tensor_layout_any, T1 *, tensor_layout_any, const T2 *)"
1998425708,4288,25507,,,,,,,,,,0.061,14328.300,Pinned,Device,NVIDIA A100-SXM4-40GB (0),1,,13,[CUDA memcpy Host-to-Device]
1998437036,587417,25508,,,,,,,,,,456.520,776997.857,Device,,NVIDIA A100-SXM4-40GB (0),1,,13,[CUDA memset]
1999028517,32800,25513,,,,,,,,,,0.825,25162.263,Pinned,Device,NVIDIA A100-SXM4-40GB (0),1,,13,[CUDA memcpy Host-to-Device]
1999063621,6912,25514,,,,,,,,,,0.131,18962.842,Pinned,Device,NVIDIA A100-SXM4-40GB (0),1,,13,[CUDA memcpy Host-to-Device]
1999077701,7967,25515,69,4,1,48,1,1,76,0.002,0.000,,,,,NVIDIA A100-SXM4-40GB (0),1,,13,"void ch_est::windowedChEstPreNoDftSOfdmKernel<float, __half, float, (unsigned int)2, (unsigned int)1, (unsigned short)4>(ch_est::puschRxChEstStatDescr_t *, ch_est::puschRxChEstDynDescr_t *)"
1999086980,6848,25516,137,2,1,24,2,1,44,0.001,0.001,,,,,NVIDIA A100-SXM4-40GB (0),1,,13,"void ch_est::chEstFilterNoDftSOfdmDispatchKernel<float, __half, float, (unsigned int)2>(ch_est::puschRxChEstStatDescr_t *, ch_est::puschRxChEstDynDescr_t *)"
1999095012,5184,25517,137,2,1,24,2,1,44,0.001,0.001,,,,,NVIDIA A100-SXM4-40GB (0),1,,13,"void ch_est::chEstFilterNoDftSOfdmDispatchKernel<float, __half, float, (unsigned int)2>(ch_est::puschRxChEstStatDescr_t *, ch_est::puschRxChEstDynDescr_t *)"
1999101316,2592,25528,103,1,1,128,1,1,16,0.000,0.000,,,,,NVIDIA A100-SXM4-40GB (0),1,,13,cupy_copy__complex64_complex64
1999104996,16608,25538,1434,1,1,128,1,1,16,0.000,0.000,,,,,NVIDIA A100-SXM4-40GB (0),1,,13,cupy_copy__complex64_complex64
1999122756,2528,25545,103,1,1,128,1,1,16,0.000,0.000,,,,,NVIDIA A100-SXM4-40GB (0),1,,13,cupy_copy__complex64_complex64
1999126308,86335,25552,1,1,1,32,32,1,30,0.000,0.000,,,,,NVIDIA A100-SXM4-40GB (0),1,,13,"void convert_kernel<__half2, float2>(tensor_layout_any, T1 *, tensor_layout_any, const T2 *)"
1999240451,4576,25555,,,,,,,,,,0.061,13426.545,Pinned,Device,NVIDIA A100-SXM4-40GB (0),1,,13,[CUDA memcpy Host-to-Device]
1999253058,46752,25556,,,,,,,,,,35.801,765746.733,Device,,NVIDIA A100-SXM4-40GB (0),1,,13,[CUDA memset]
1999304994,1984,25558,,,,,,,,,,0.000,40.323,Pinned,Device,NVIDIA A100-SXM4-40GB (0),1,,13,[CUDA memcpy Host-to-Device]
1999309282,6912,25559,,,,,,,,,,0.131,18962.842,Pinned,Device,NVIDIA A100-SXM4-40GB (0),1,,13,[CUDA memcpy Host-to-Device]
1999323426,9152,25560,273,1,1,48,1,1,40,0.000,0.001,,,,,NVIDIA A100-SXM4-40GB (0),1,,13,"void pusch_noise_intf_est::noiseIntfEstNoDftSOfdmKernel<float, __half, float, float, (unsigned int)2, (unsigned int)1, (unsigned char)4, (unsigned char)4>(pusch_noise_intf_est::puschRxNoiseIntfEstDynDescr)"
1999333730,2912,25571,35,1,1,128,1,1,16,0.000,0.000,,,,,NVIDIA A100-SXM4-40GB (0),1,,13,cupy_copy__complex64_complex64
1999361697,1728,25580,1,1,1,1,1,1,18,0.000,0.000,,,,,NVIDIA A100-SXM4-40GB (0),1,,13,cupy_copy__float32_float32
1999396801,1824,25586,,,,,,,,,,0.000,2.193,Device,Pageable,NVIDIA A100-SXM4-40GB (0),1,,7,[CUDA memcpy Device-to-Host]
1999455904,16576,25597,1434,1,1,128,1,1,16,0.000,0.000,,,,,NVIDIA A100-SXM4-40GB (0),1,,13,cupy_copy__complex64_complex64
1999482144,2816,25604,103,1,1,128,1,1,16,0.000,0.000,,,,,NVIDIA A100-SXM4-40GB (0),1,,13,cupy_copy__complex64_complex64
1999502816,2304,25611,35,1,1,128,1,1,16,0.000,0.000,,,,,NVIDIA A100-SXM4-40GB (0),1,,13,cupy_copy__complex64_complex64
1999520703,1696,25618,1,1,1,1,1,1,18,0.000,0.000,,,,,NVIDIA A100-SXM4-40GB (0),1,,13,cupy_copy__float32_float32
1999652350,86847,25629,1,1,1,32,32,1,30,0.000,0.000,,,,,NVIDIA A100-SXM4-40GB (0),1,,13,"void convert_kernel<__half2, float2>(tensor_layout_any, T1 *, tensor_layout_any, const T2 *)"
1999767068,4320,25632,,,,,,,,,,0.061,14222.193,Pinned,Device,NVIDIA A100-SXM4-40GB (0),1,,13,[CUDA memcpy Host-to-Device]
1999781532,3616,25633,,,,,,,,,,1.547,427715.774,Device,,NVIDIA A100-SXM4-40GB (0),1,,13,[CUDA memset]
1999787964,3136,25638,,,,,,,,,,0.021,6714.274,Pinned,Device,NVIDIA A100-SXM4-40GB (0),1,,13,[CUDA memcpy Host-to-Device]
1999793404,7104,25639,,,,,,,,,,0.131,18450.350,Pinned,Device,NVIDIA A100-SXM4-40GB (0),1,,13,[CUDA memcpy Host-to-Device]
1999807580,6592,25640,273,1,1,8,4,1,39,0.002,0.000,,,,,NVIDIA A100-SXM4-40GB (0),1,,13,"void channel_eq::eqMmseCoefCompLowMimoKernel<float, float, float, (unsigned int)4, (unsigned int)1, (unsigned int)4>(const channel_eq::_puschRxChEqStatDescr *, channel_eq::_puschRxChEqCoefCompDynDescr)"
1999815388,5888,25641,273,1,1,12,11,1,40,0.002,0.000,,,,,NVIDIA A100-SXM4-40GB (0),1,,13,"void channel_eq::eqMmseSoftDemapKernel<float, __half, __half, float, (unsigned int)4, (unsigned short)16383>(channel_eq::_puschRxChEqStatDescr *, channel_eq::_puschRxChEqSoftDemapDynDescr)"
1999822428,307900,25642,1,1,1,32,32,1,30,0.000,0.000,,,,,NVIDIA A100-SXM4-40GB (0),1,,13,"void convert_kernel<float2, __half2>(tensor_layout_any, T1 *, tensor_layout_any, const T2 *)"
2000131480,13632,25654,2253,1,1,128,1,1,16,0.000,0.000,,,,,NVIDIA A100-SXM4-40GB (0),1,,13,cupy_copy__float16_float16
2000146424,2784,25663,282,1,1,128,1,1,16,0.000,0.000,,,,,NVIDIA A100-SXM4-40GB (0),1,,13,cupy_copy__complex64_complex64
2000150264,2016,25672,26,1,1,128,1,1,16,0.000,0.000,,,,,NVIDIA A100-SXM4-40GB (0),1,,13,cupy_copy__float32_float32
2000153624,3040,25681,103,1,1,128,1,1,16,0.000,0.000,,,,,NVIDIA A100-SXM4-40GB (0),1,,13,cupy_copy__complex64_complex64
2000158008,15296,25691,1434,1,1,128,1,1,16,0.000,0.000,,,,,NVIDIA A100-SXM4-40GB (0),1,,13,cupy_copy__complex64_complex64
2000174808,86655,25696,1,1,1,32,32,1,30,0.000,0.000,,,,,NVIDIA A100-SXM4-40GB (0),1,,13,"void convert_kernel<__half2, float2>(tensor_layout_any, T1 *, tensor_layout_any, const T2 *)"
2000288438,4672,25699,,,,,,,,,,0.061,13150.679,Pinned,Device,NVIDIA A100-SXM4-40GB (0),1,,13,[CUDA memcpy Host-to-Device]
2000299830,588377,25700,,,,,,,,,,456.520,775628.296,Device,,NVIDIA A100-SXM4-40GB (0),1,,13,[CUDA memset]
2000890095,33024,25705,,,,,,,,,,0.825,24992.242,Pinned,Device,NVIDIA A100-SXM4-40GB (0),1,,13,[CUDA memcpy Host-to-Device]
2000925423,6912,25706,,,,,,,,,,0.131,18962.842,Pinned,Device,NVIDIA A100-SXM4-40GB (0),1,,13,[CUDA memcpy Host-to-Device]
2000942383,7807,25707,69,4,1,48,1,1,76,0.002,0.000,,,,,NVIDIA A100-SXM4-40GB (0),1,,13,"void ch_est::windowedChEstPreNoDftSOfdmKernel<float, __half, float, (unsigned int)2, (unsigned int)1, (unsigned short)4>(ch_est::puschRxChEstStatDescr_t *, ch_est::puschRxChEstDynDescr_t *)"
2000951374,7168,25708,137,2,1,24,2,1,44,0.001,0.001,,,,,NVIDIA A100-SXM4-40GB (0),1,,13,"void ch_est::chEstFilterNoDftSOfdmDispatchKernel<float, __half, float, (unsigned int)2>(ch_est::puschRxChEstStatDescr_t *, ch_est::puschRxChEstDynDescr_t *)"
2000959662,5184,25709,137,2,1,24,2,1,44,0.001,0.001,,,,,NVIDIA A100-SXM4-40GB (0),1,,13,"void ch_est::chEstFilterNoDftSOfdmDispatchKernel<float, __half, float, (unsigned int)2>(ch_est::puschRxChEstStatDescr_t *, ch_est::puschRxChEstDynDescr_t *)"
2000965966,2624,25720,103,1,1,128,1,1,16,0.000,0.000,,,,,NVIDIA A100-SXM4-40GB (0),1,,13,cupy_copy__complex64_complex64
2000969742,16832,25730,1434,1,1,128,1,1,16,0.000,0.000,,,,,NVIDIA A100-SXM4-40GB (0),1,,13,cupy_copy__complex64_complex64
2000987726,2560,25737,103,1,1,128,1,1,16,0.000,0.000,,,,,NVIDIA A100-SXM4-40GB (0),1,,13,cupy_copy__complex64_complex64
2000991598,86527,25744,1,1,1,32,32,1,30,0.000,0.000,,,,,NVIDIA A100-SXM4-40GB (0),1,,13,"void convert_kernel<__half2, float2>(tensor_layout_any, T1 *, tensor_layout_any, const T2 *)"
2001105293,4320,25747,,,,,,,,,,0.061,14222.193,Pinned,Device,NVIDIA A100-SXM4-40GB (0),1,,13,[CUDA memcpy Host-to-Device]
2001117324,46592,25748,,,,,,,,,,35.801,768360.204,Device,,NVIDIA A100-SXM4-40GB (0),1,,13,[CUDA memset]
2001169676,1984,25750,,,,,,,,,,0.000,40.323,Pinned,Device,NVIDIA A100-SXM4-40GB (0),1,,13,[CUDA memcpy Host-to-Device]
2001173964,6912,25751,,,,,,,,,,0.131,18962.842,Pinned,Device,NVIDIA A100-SXM4-40GB (0),1,,13,[CUDA memcpy Host-to-Device]
2001186188,9216,25752,273,1,1,48,1,1,40,0.000,0.001,,,,,NVIDIA A100-SXM4-40GB (0),1,,13,"void pusch_noise_intf_est::noiseIntfEstNoDftSOfdmKernel<float, __half, float, float, (unsigned int)2, (unsigned int)1, (unsigned char)4, (unsigned char)4>(pusch_noise_intf_est::puschRxNoiseIntfEstDynDescr)"
2001196619,2912,25763,35,1,1,128,1,1,16,0.000,0.000,,,,,NVIDIA A100-SXM4-40GB (0),1,,13,cupy_copy__complex64_complex64
2001223275,1760,25772,1,1,1,1,1,1,18,0.000,0.000,,,,,NVIDIA A100-SXM4-40GB (0),1,,13,cupy_copy__float32_float32
2001256491,1728,25778,,,,,,,,,,0.000,2.315,Device,Pageable,NVIDIA A100-SXM4-40GB (0),1,,7,[CUDA memcpy Device-to-Host]
2001313130,16512,25789,1434,1,1,128,1,1,16,0.000,0.000,,,,,NVIDIA A100-SXM4-40GB (0),1,,13,cupy_copy__complex64_complex64
2001339658,2784,25796,103,1,1,128,1,1,16,0.000,0.000,,,,,NVIDIA A100-SXM4-40GB (0),1,,13,cupy_copy__complex64_complex64
2001360042,2336,25803,35,1,1,128,1,1,16,0.000,0.000,,,,,NVIDIA A100-SXM4-40GB (0),1,,13,cupy_copy__complex64_complex64
2001378025,1696,25810,1,1,1,1,1,1,18,0.000,0.000,,,,,NVIDIA A100-SXM4-40GB (0),1,,13,cupy_copy__float32_float32
2001509512,86687,25821,1,1,1,32,32,1,30,0.000,0.000,,,,,NVIDIA A100-SXM4-40GB (0),1,,13,"void convert_kernel<__half2, float2>(tensor_layout_any, T1 *, tensor_layout_any, const T2 *)"
2001765413,4384,25824,,,,,,,,,,0.061,14014.587,Pinned,Device,NVIDIA A100-SXM4-40GB (0),1,,13,[CUDA memcpy Host-to-Device]
2001774341,3616,25825,,,,,,,,,,1.547,427715.774,Device,,NVIDIA A100-SXM4-40GB (0),1,,13,[CUDA memset]
2001783141,3136,25830,,,,,,,,,,0.021,6714.274,Pinned,Device,NVIDIA A100-SXM4-40GB (0),1,,13,[CUDA memcpy Host-to-Device]
2001788580,6912,25831,,,,,,,,,,0.131,18962.842,Pinned,Device,NVIDIA A100-SXM4-40GB (0),1,,13,[CUDA memcpy Host-to-Device]
2001803556,6560,25832,273,1,1,8,4,1,39,0.002,0.000,,,,,NVIDIA A100-SXM4-40GB (0),1,,13,"void channel_eq::eqMmseCoefCompLowMimoKernel<float, float, float, (unsigned int)4, (unsigned int)1, (unsigned int)4>(const channel_eq::_puschRxChEqStatDescr *, channel_eq::_puschRxChEqCoefCompDynDescr)"
2001811460,5760,25833,273,1,1,12,11,1,40,0.002,0.000,,,,,NVIDIA A100-SXM4-40GB (0),1,,13,"void channel_eq::eqMmseSoftDemapKernel<float, __half, __half, float, (unsigned int)4, (unsigned short)16383>(channel_eq::_puschRxChEqStatDescr *, channel_eq::_puschRxChEqSoftDemapDynDescr)"
2001818276,307709,25834,1,1,1,32,32,1,30,0.000,0.000,,,,,NVIDIA A100-SXM4-40GB (0),1,,13,"void convert_kernel<float2, __half2>(tensor_layout_any, T1 *, tensor_layout_any, const T2 *)"
2002127136,13536,25846,2253,1,1,128,1,1,16,0.000,0.000,,,,,NVIDIA A100-SXM4-40GB (0),1,,13,cupy_copy__float16_float16
2002141728,2880,25855,282,1,1,128,1,1,16,0.000,0.000,,,,,NVIDIA A100-SXM4-40GB (0),1,,13,cupy_copy__complex64_complex64
2002145920,2016,25864,26,1,1,128,1,1,16,0.000,0.000,,,,,NVIDIA A100-SXM4-40GB (0),1,,13,cupy_copy__float32_float32
2002148992,3104,25873,103,1,1,128,1,1,16,0.000,0.000,,,,,NVIDIA A100-SXM4-40GB (0),1,,13,cupy_copy__complex64_complex64
2002153408,15424,25883,1434,1,1,128,1,1,16,0.000,0.000,,,,,NVIDIA A100-SXM4-40GB (0),1,,13,cupy_copy__complex64_complex64
2002274079,87295,25888,1,1,1,32,32,1,30,0.000,0.000,,,,,NVIDIA A100-SXM4-40GB (0),1,,13,"void convert_kernel<__half2, float2>(tensor_layout_any, T1 *, tensor_layout_any, const T2 *)"
2002391613,4608,25891,,,,,,,,,,0.061,13333.279,Pinned,Device,NVIDIA A100-SXM4-40GB (0),1,,13,[CUDA memcpy Host-to-Device]
2002403773,588217,25892,,,,,,,,,,456.520,776084.816,Device,,NVIDIA A100-SXM4-40GB (0),1,,13,[CUDA memset]
2002992694,32832,25897,,,,,,,,,,0.825,25138.328,Pinned,Device,NVIDIA A100-SXM4-40GB (0),1,,13,[CUDA memcpy Host-to-Device]
2003027830,6912,25898,,,,,,,,,,0.131,18962.842,Pinned,Device,NVIDIA A100-SXM4-40GB (0),1,,13,[CUDA memcpy Host-to-Device]
2003045654,8032,25899,69,4,1,48,1,1,76,0.002,0.000,,,,,NVIDIA A100-SXM4-40GB (0),1,,13,"void ch_est::windowedChEstPreNoDftSOfdmKernel<float, __half, float, (unsigned int)2, (unsigned int)1, (unsigned short)4>(ch_est::puschRxChEstStatDescr_t *, ch_est::puschRxChEstDynDescr_t *)"
2003054870,6847,25900,137,2,1,24,2,1,44,0.001,0.001,,,,,NVIDIA A100-SXM4-40GB (0),1,,13,"void ch_est::chEstFilterNoDftSOfdmDispatchKernel<float, __half, float, (unsigned int)2>(ch_est::puschRxChEstStatDescr_t *, ch_est::puschRxChEstDynDescr_t *)"
2003062773,5216,25901,137,2,1,24,2,1,44,0.001,0.001,,,,,NVIDIA A100-SXM4-40GB (0),1,,13,"void ch_est::chEstFilterNoDftSOfdmDispatchKernel<float, __half, float, (unsigned int)2>(ch_est::puschRxChEstStatDescr_t *, ch_est::puschRxChEstDynDescr_t *)"
2003069077,2592,25912,103,1,1,128,1,1,16,0.000,0.000,,,,,NVIDIA A100-SXM4-40GB (0),1,,13,cupy_copy__complex64_complex64
2003072853,16416,25922,1434,1,1,128,1,1,16,0.000,0.000,,,,,NVIDIA A100-SXM4-40GB (0),1,,13,cupy_copy__complex64_complex64
2003090357,2528,25929,103,1,1,128,1,1,16,0.000,0.000,,,,,NVIDIA A100-SXM4-40GB (0),1,,13,cupy_copy__complex64_complex64
2003094069,87455,25936,1,1,1,32,32,1,30,0.000,0.000,,,,,NVIDIA A100-SXM4-40GB (0),1,,13,"void convert_kernel<__half2, float2>(tensor_layout_any, T1 *, tensor_layout_any, const T2 *)"
2003350098,4320,25939,,,,,,,,,,0.061,14222.193,Pinned,Device,NVIDIA A100-SXM4-40GB (0),1,,13,[CUDA memcpy Host-to-Device]
2003358962,46975,25940,,,,,,,,,,35.801,762095.036,Device,,NVIDIA A100-SXM4-40GB (0),1,,13,[CUDA memset]
2003413937,1984,25942,,,,,,,,,,0.000,40.323,Pinned,Device,NVIDIA A100-SXM4-40GB (0),1,,13,[CUDA memcpy Host-to-Device]
2003418225,6944,25943,,,,,,,,,,0.131,18875.548,Pinned,Device,NVIDIA A100-SXM4-40GB (0),1,,13,[CUDA memcpy Host-to-Device]
2003430705,9600,25944,273,1,1,48,1,1,40,0.000,0.001,,,,,NVIDIA A100-SXM4-40GB (0),1,,13,"void pusch_noise_intf_est::noiseIntfEstNoDftSOfdmKernel<float, __half, float, float, (unsigned int)2, (unsigned int)1, (unsigned char)4, (unsigned char)4>(pusch_noise_intf_est::puschRxNoiseIntfEstDynDescr)"
2003441457,2816,25955,35,1,1,128,1,1,16,0.000,0.000,,,,,NVIDIA A100-SXM4-40GB (0),1,,13,cupy_copy__complex64_complex64
2003451729,1760,25964,1,1,1,1,1,1,18,0.000,0.000,,,,,NVIDIA A100-SXM4-40GB (0),1,,13,cupy_copy__float32_float32
2003486992,1888,25970,,,,,,,,,,0.000,2.119,Device,Pageable,NVIDIA A100-SXM4-40GB (0),1,,7,[CUDA memcpy Device-to-Host]
2003545104,16480,25981,1434,1,1,128,1,1,16,0.000,0.000,,,,,NVIDIA A100-SXM4-40GB (0),1,,13,cupy_copy__complex64_complex64
2003571759,2816,25988,103,1,1,128,1,1,16,0.000,0.000,,,,,NVIDIA A100-SXM4-40GB (0),1,,13,cupy_copy__complex64_complex64
2003593231,2304,25995,35,1,1,128,1,1,16,0.000,0.000,,,,,NVIDIA A100-SXM4-40GB (0),1,,13,cupy_copy__complex64_complex64
2003611535,1664,26002,1,1,1,1,1,1,18,0.000,0.000,,,,,NVIDIA A100-SXM4-40GB (0),1,,13,cupy_copy__float32_float32
2003875020,87391,26013,1,1,1,32,32,1,30,0.000,0.000,,,,,NVIDIA A100-SXM4-40GB (0),1,,13,"void convert_kernel<__half2, float2>(tensor_layout_any, T1 *, tensor_layout_any, const T2 *)"
2003994154,4288,26016,,,,,,,,,,0.061,14328.300,Pinned,Device,NVIDIA A100-SXM4-40GB (0),1,,13,[CUDA memcpy Host-to-Device]
2004009674,3616,26017,,,,,,,,,,1.547,427715.774,Device,,NVIDIA A100-SXM4-40GB (0),1,,13,[CUDA memset]
2004020330,2656,26022,,,,,,,,,,0.021,7927.710,Pinned,Device,NVIDIA A100-SXM4-40GB (0),1,,13,[CUDA memcpy Host-to-Device]
2004032810,7008,26023,,,,,,,,,,0.131,18703.188,Pinned,Device,NVIDIA A100-SXM4-40GB (0),1,,13,[CUDA memcpy Host-to-Device]
2004046090,6560,26024,273,1,1,8,4,1,39,0.002,0.000,,,,,NVIDIA A100-SXM4-40GB (0),1,,13,"void channel_eq::eqMmseCoefCompLowMimoKernel<float, float, float, (unsigned int)4, (unsigned int)1, (unsigned int)4>(const channel_eq::_puschRxChEqStatDescr *, channel_eq::_puschRxChEqCoefCompDynDescr)"
2004053770,5760,26025,273,1,1,12,11,1,40,0.002,0.000,,,,,NVIDIA A100-SXM4-40GB (0),1,,13,"void channel_eq::eqMmseSoftDemapKernel<float, __half, __half, float, (unsigned int)4, (unsigned short)16383>(channel_eq::_puschRxChEqStatDescr *, channel_eq::_puschRxChEqSoftDemapDynDescr)"
2004060586,307932,26026,1,1,1,32,32,1,30,0.000,0.000,,,,,NVIDIA A100-SXM4-40GB (0),1,,13,"void convert_kernel<float2, __half2>(tensor_layout_any, T1 *, tensor_layout_any, const T2 *)"
2004369670,13632,26038,2253,1,1,128,1,1,16,0.000,0.000,,,,,NVIDIA A100-SXM4-40GB (0),1,,13,cupy_copy__float16_float16
2004384326,2784,26047,282,1,1,128,1,1,16,0.000,0.000,,,,,NVIDIA A100-SXM4-40GB (0),1,,13,cupy_copy__complex64_complex64
2004388422,2048,26056,26,1,1,128,1,1,16,0.000,0.000,,,,,NVIDIA A100-SXM4-40GB (0),1,,13,cupy_copy__float32_float32
2004391526,3040,26065,103,1,1,128,1,1,16,0.000,0.000,,,,,NVIDIA A100-SXM4-40GB (0),1,,13,cupy_copy__complex64_complex64
2004395590,15391,26075,1434,1,1,128,1,1,16,0.000,0.000,,,,,NVIDIA A100-SXM4-40GB (0),1,,13,cupy_copy__complex64_complex64
2004412197,87679,26080,1,1,1,32,32,1,30,0.000,0.000,,,,,NVIDIA A100-SXM4-40GB (0),1,,13,"void convert_kernel<__half2, float2>(tensor_layout_any, T1 *, tensor_layout_any, const T2 *)"
2004527716,4288,26083,,,,,,,,,,0.061,14328.300,Pinned,Device,NVIDIA A100-SXM4-40GB (0),1,,13,[CUDA memcpy Host-to-Device]
2004538212,588121,26084,,,,,,,,,,456.520,776084.816,Device,,NVIDIA A100-SXM4-40GB (0),1,,13,[CUDA memset]
2005128413,32896,26089,,,,,,,,,,0.825,25088.807,Pinned,Device,NVIDIA A100-SXM4-40GB (0),1,,13,[CUDA memcpy Host-to-Device]
2005163613,6911,26090,,,,,,,,,,0.131,18965.594,Pinned,Device,NVIDIA A100-SXM4-40GB (0),1,,13,[CUDA memcpy Host-to-Device]
2005180636,7872,26091,69,4,1,48,1,1,76,0.002,0.000,,,,,NVIDIA A100-SXM4-40GB (0),1,,13,"void ch_est::windowedChEstPreNoDftSOfdmKernel<float, __half, float, (unsigned int)2, (unsigned int)1, (unsigned short)4>(ch_est::puschRxChEstStatDescr_t *, ch_est::puschRxChEstDynDescr_t *)"
2005189628,7040,26092,137,2,1,24,2,1,44,0.001,0.001,,,,,NVIDIA A100-SXM4-40GB (0),1,,13,"void ch_est::chEstFilterNoDftSOfdmDispatchKernel<float, __half, float, (unsigned int)2>(ch_est::puschRxChEstStatDescr_t *, ch_est::puschRxChEstDynDescr_t *)"
2005197980,5184,26093,137,2,1,24,2,1,44,0.001,0.001,,,,,NVIDIA A100-SXM4-40GB (0),1,,13,"void ch_est::chEstFilterNoDftSOfdmDispatchKernel<float, __half, float, (unsigned int)2>(ch_est::puschRxChEstStatDescr_t *, ch_est::puschRxChEstDynDescr_t *)"
2005204220,2624,26104,103,1,1,128,1,1,16,0.000,0.000,,,,,NVIDIA A100-SXM4-40GB (0),1,,13,cupy_copy__complex64_complex64
2005208028,16544,26114,1434,1,1,128,1,1,16,0.000,0.000,,,,,NVIDIA A100-SXM4-40GB (0),1,,13,cupy_copy__complex64_complex64
2005225756,2560,26121,103,1,1,128,1,1,16,0.000,0.000,,,,,NVIDIA A100-SXM4-40GB (0),1,,13,cupy_copy__complex64_complex64
2005229628,86399,26128,1,1,1,32,32,1,30,0.000,0.000,,,,,NVIDIA A100-SXM4-40GB (0),1,,13,"void convert_kernel<__half2, float2>(tensor_layout_any, T1 *, tensor_layout_any, const T2 *)"
2005342938,4320,26131,,,,,,,,,,0.061,14222.193,Pinned,Device,NVIDIA A100-SXM4-40GB (0),1,,13,[CUDA memcpy Host-to-Device]
2005355226,46496,26132,,,,,,,,,,35.801,769971.247,Device,,NVIDIA A100-SXM4-40GB (0),1,,13,[CUDA memset]
2005406938,1984,26134,,,,,,,,,,0.000,40.323,Pinned,Device,NVIDIA A100-SXM4-40GB (0),1,,13,[CUDA memcpy Host-to-Device]
2005411258,6880,26135,,,,,,,,,,0.131,19051.053,Pinned,Device,NVIDIA A100-SXM4-40GB (0),1,,13,[CUDA memcpy Host-to-Device]
2005424409,9216,26136,273,1,1,48,1,1,40,0.000,0.001,,,,,NVIDIA A100-SXM4-40GB (0),1,,13,"void pusch_noise_intf_est::noiseIntfEstNoDftSOfdmKernel<float, __half, float, float, (unsigned int)2, (unsigned int)1, (unsigned char)4, (unsigned char)4>(pusch_noise_intf_est::puschRxNoiseIntfEstDynDescr)"
2005434713,2912,26147,35,1,1,128,1,1,16,0.000,0.000,,,,,NVIDIA A100-SXM4-40GB (0),1,,13,cupy_copy__complex64_complex64
2005461657,1760,26156,1,1,1,1,1,1,18,0.000,0.000,,,,,NVIDIA A100-SXM4-40GB (0),1,,13,cupy_copy__float32_float32
2005496089,1824,26162,,,,,,,,,,0.000,2.193,Device,Pageable,NVIDIA A100-SXM4-40GB (0),1,,7,[CUDA memcpy Device-to-Host]
2005553272,16416,26173,1434,1,1,128,1,1,16,0.000,0.000,,,,,NVIDIA A100-SXM4-40GB (0),1,,13,cupy_copy__complex64_complex64
2005579992,2784,26180,103,1,1,128,1,1,16,0.000,0.000,,,,,NVIDIA A100-SXM4-40GB (0),1,,13,cupy_copy__complex64_complex64
2005601623,2336,26187,35,1,1,128,1,1,16,0.000,0.000,,,,,NVIDIA A100-SXM4-40GB (0),1,,13,cupy_copy__complex64_complex64
2005619671,1696,26194,1,1,1,1,1,1,18,0.000,0.000,,,,,NVIDIA A100-SXM4-40GB (0),1,,13,cupy_copy__float32_float32
2005752566,87519,26205,1,1,1,32,32,1,30,0.000,0.000,,,,,NVIDIA A100-SXM4-40GB (0),1,,13,"void convert_kernel<__half2, float2>(tensor_layout_any, T1 *, tensor_layout_any, const T2 *)"
2005867956,4288,26208,,,,,,,,,,0.061,14328.300,Pinned,Device,NVIDIA A100-SXM4-40GB (0),1,,13,[CUDA memcpy Host-to-Device]
2005884884,3584,26209,,,,,,,,,,1.547,431534.389,Device,,NVIDIA A100-SXM4-40GB (0),1,,13,[CUDA memset]
2005891668,3136,26214,,,,,,,,,,0.021,6714.274,Pinned,Device,NVIDIA A100-SXM4-40GB (0),1,,13,[CUDA memcpy Host-to-Device]
2005897108,6944,26215,,,,,,,,,,0.131,18875.548,Pinned,Device,NVIDIA A100-SXM4-40GB (0),1,,13,[CUDA memcpy Host-to-Device]
2005909332,6656,26216,273,1,1,8,4,1,39,0.002,0.000,,,,,NVIDIA A100-SXM4-40GB (0),1,,13,"void channel_eq::eqMmseCoefCompLowMimoKernel<float, float, float, (unsigned int)4, (unsigned int)1, (unsigned int)4>(const channel_eq::_puschRxChEqStatDescr *, channel_eq::_puschRxChEqCoefCompDynDescr)"
2005917140,5600,26217,273,1,1,12,11,1,40,0.002,0.000,,,,,NVIDIA A100-SXM4-40GB (0),1,,13,"void channel_eq::eqMmseSoftDemapKernel<float, __half, __half, float, (unsigned int)4, (unsigned short)16383>(channel_eq::_puschRxChEqStatDescr *, channel_eq::_puschRxChEqSoftDemapDynDescr)"
2005923828,307388,26218,1,1,1,32,32,1,30,0.000,0.000,,,,,NVIDIA A100-SXM4-40GB (0),1,,13,"void convert_kernel<float2, __half2>(tensor_layout_any, T1 *, tensor_layout_any, const T2 *)"
2006232272,13440,26230,2253,1,1,128,1,1,16,0.000,0.000,,,,,NVIDIA A100-SXM4-40GB (0),1,,13,cupy_copy__float16_float16
2006246896,2880,26239,282,1,1,128,1,1,16,0.000,0.000,,,,,NVIDIA A100-SXM4-40GB (0),1,,13,cupy_copy__complex64_complex64
2006250928,2048,26248,26,1,1,128,1,1,16,0.000,0.000,,,,,NVIDIA A100-SXM4-40GB (0),1,,13,cupy_copy__float32_float32
2006254352,3072,26257,103,1,1,128,1,1,16,0.000,0.000,,,,,NVIDIA A100-SXM4-40GB (0),1,,13,cupy_copy__complex64_complex64
2006258736,15423,26267,1434,1,1,128,1,1,16,0.000,0.000,,,,,NVIDIA A100-SXM4-40GB (0),1,,13,cupy_copy__complex64_complex64
2006275343,87615,26272,1,1,1,32,32,1,30,0.000,0.000,,,,,NVIDIA A100-SXM4-40GB (0),1,,13,"void convert_kernel<__half2, float2>(tensor_layout_any, T1 *, tensor_layout_any, const T2 *)"
2006390446,4288,26275,,,,,,,,,,0.061,14328.300,Pinned,Device,NVIDIA A100-SXM4-40GB (0),1,,13,[CUDA memcpy Host-to-Device]
2006400558,588089,26276,,,,,,,,,,456.520,776084.816,Device,,NVIDIA A100-SXM4-40GB (0),1,,13,[CUDA memset]
2006989319,32864,26281,,,,,,,,,,0.825,25113.567,Pinned,Device,NVIDIA A100-SXM4-40GB (0),1,,13,[CUDA memcpy Host-to-Device]
2007024487,6911,26282,,,,,,,,,,0.131,18965.594,Pinned,Device,NVIDIA A100-SXM4-40GB (0),1,,13,[CUDA memcpy Host-to-Device]
2007041254,8032,26283,69,4,1,48,1,1,76,0.002,0.000,,,,,NVIDIA A100-SXM4-40GB (0),1,,13,"void ch_est::windowedChEstPreNoDftSOfdmKernel<float, __half, float, (unsigned int)2, (unsigned int)1, (unsigned short)4>(ch_est::puschRxChEstStatDescr_t *, ch_est::puschRxChEstDynDescr_t *)"
2007050438,6816,26284,137,2,1,24,2,1,44,0.001,0.001,,,,,NVIDIA A100-SXM4-40GB (0),1,,13,"void ch_est::chEstFilterNoDftSOfdmDispatchKernel<float, __half, float, (unsigned int)2>(ch_est::puschRxChEstStatDescr_t *, ch_est::puschRxChEstDynDescr_t *)"
2007058566,5184,26285,137,2,1,24,2,1,44,0.001,0.001,,,,,NVIDIA A100-SXM4-40GB (0),1,,13,"void ch_est::chEstFilterNoDftSOfdmDispatchKernel<float, __half, float, (unsigned int)2>(ch_est::puschRxChEstStatDescr_t *, ch_est::puschRxChEstDynDescr_t *)"
2007064838,2624,26296,103,1,1,128,1,1,16,0.000,0.000,,,,,NVIDIA A100-SXM4-40GB (0),1,,13,cupy_copy__complex64_complex64
2007068550,16608,26306,1434,1,1,128,1,1,16,0.000,0.000,,,,,NVIDIA A100-SXM4-40GB (0),1,,13,cupy_copy__complex64_complex64
2007086310,2560,26313,103,1,1,128,1,1,16,0.000,0.000,,,,,NVIDIA A100-SXM4-40GB (0),1,,13,cupy_copy__complex64_complex64
2007089894,86623,26320,1,1,1,32,32,1,30,0.000,0.000,,,,,NVIDIA A100-SXM4-40GB (0),1,,13,"void convert_kernel<__half2, float2>(tensor_layout_any, T1 *, tensor_layout_any, const T2 *)"
2007346723,5184,26323,,,,,,,,,,0.061,11851.837,Pinned,Device,NVIDIA A100-SXM4-40GB (0),1,,13,[CUDA memcpy Host-to-Device]
2007360739,46783,26324,,,,,,,,,,35.801,765245.520,Device,,NVIDIA A100-SXM4-40GB (0),1,,13,[CUDA memset]
2007410882,1984,26326,,,,,,,,,,0.000,40.323,Pinned,Device,NVIDIA A100-SXM4-40GB (0),1,,13,[CUDA memcpy Host-to-Device]
2007415170,6912,26327,,,,,,,,,,0.131,18962.842,Pinned,Device,NVIDIA A100-SXM4-40GB (0),1,,13,[CUDA memcpy Host-to-Device]
2007429346,9728,26328,273,1,1,48,1,1,40,0.000,0.001,,,,,NVIDIA A100-SXM4-40GB (0),1,,13,"void pusch_noise_intf_est::noiseIntfEstNoDftSOfdmKernel<float, __half, float, float, (unsigned int)2, (unsigned int)1, (unsigned char)4, (unsigned char)4>(pusch_noise_intf_est::puschRxNoiseIntfEstDynDescr)"
2007440130,2784,26339,35,1,1,128,1,1,16,0.000,0.000,,,,,NVIDIA A100-SXM4-40GB (0),1,,13,cupy_copy__complex64_complex64
2007450146,1727,26348,1,1,1,1,1,1,18,0.000,0.000,,,,,NVIDIA A100-SXM4-40GB (0),1,,13,cupy_copy__float32_float32
2007485569,1824,26354,,,,,,,,,,0.000,2.193,Device,Pageable,NVIDIA A100-SXM4-40GB (0),1,,7,[CUDA memcpy Device-to-Host]
2007543744,16352,26365,1434,1,1,128,1,1,16,0.000,0.000,,,,,NVIDIA A100-SXM4-40GB (0),1,,13,cupy_copy__complex64_complex64
2007570336,2816,26372,103,1,1,128,1,1,16,0.000,0.000,,,,,NVIDIA A100-SXM4-40GB (0),1,,13,cupy_copy__complex64_complex64
2007591168,2272,26379,35,1,1,128,1,1,16,0.000,0.000,,,,,NVIDIA A100-SXM4-40GB (0),1,,13,cupy_copy__complex64_complex64
2007609344,1664,26386,1,1,1,1,1,1,18,0.000,0.000,,,,,NVIDIA A100-SXM4-40GB (0),1,,13,cupy_copy__float32_float32
2007878172,86751,26397,1,1,1,32,32,1,30,0.000,0.000,,,,,NVIDIA A100-SXM4-40GB (0),1,,13,"void convert_kernel<__half2, float2>(tensor_layout_any, T1 *, tensor_layout_any, const T2 *)"
2007996571,4288,26400,,,,,,,,,,0.061,14328.300,Pinned,Device,NVIDIA A100-SXM4-40GB (0),1,,13,[CUDA memcpy Host-to-Device]
2008012059,3584,26401,,,,,,,,,,1.547,431534.389,Device,,NVIDIA A100-SXM4-40GB (0),1,,13,[CUDA memset]
2008018619,3168,26406,,,,,,,,,,0.021,6646.453,Pinned,Device,NVIDIA A100-SXM4-40GB (0),1,,13,[CUDA memcpy Host-to-Device]
2008024091,7200,26407,,,,,,,,,,0.131,18204.328,Pinned,Device,NVIDIA A100-SXM4-40GB (0),1,,13,[CUDA memcpy Host-to-Device]
2008036283,6623,26408,273,1,1,8,4,1,39,0.002,0.000,,,,,NVIDIA A100-SXM4-40GB (0),1,,13,"void channel_eq::eqMmseCoefCompLowMimoKernel<float, float, float, (unsigned int)4, (unsigned int)1, (unsigned int)4>(const channel_eq::_puschRxChEqStatDescr *, channel_eq::_puschRxChEqCoefCompDynDescr)"
2008044218,5888,26409,273,1,1,12,11,1,40,0.002,0.000,,,,,NVIDIA A100-SXM4-40GB (0),1,,13,"void channel_eq::eqMmseSoftDemapKernel<float, __half, __half, float, (unsigned int)4, (unsigned short)16383>(channel_eq::_puschRxChEqStatDescr *, channel_eq::_puschRxChEqSoftDemapDynDescr)"
2008051258,307677,26410,1,1,1,32,32,1,30,0.000,0.000,,,,,NVIDIA A100-SXM4-40GB (0),1,,13,"void convert_kernel<float2, __half2>(tensor_layout_any, T1 *, tensor_layout_any, const T2 *)"
2008360183,13536,26422,2253,1,1,128,1,1,16,0.000,0.000,,,,,NVIDIA A100-SXM4-40GB (0),1,,13,cupy_copy__float16_float16
2008374839,2784,26431,282,1,1,128,1,1,16,0.000,0.000,,,,,NVIDIA A100-SXM4-40GB (0),1,,13,cupy_copy__complex64_complex64
2008378935,2079,26440,26,1,1,128,1,1,16,0.000,0.000,,,,,NVIDIA A100-SXM4-40GB (0),1,,13,cupy_copy__float32_float32
2008382038,3040,26449,103,1,1,128,1,1,16,0.000,0.000,,,,,NVIDIA A100-SXM4-40GB (0),1,,13,cupy_copy__complex64_complex64
2008386102,15328,26459,1434,1,1,128,1,1,16,0.000,0.000,,,,,NVIDIA A100-SXM4-40GB (0),1,,13,cupy_copy__complex64_complex64
2008402582,86655,26464,1,1,1,32,32,1,30,0.000,0.000,,,,,NVIDIA A100-SXM4-40GB (0),1,,13,"void convert_kernel<__half2, float2>(tensor_layout_any, T1 *, tensor_layout_any, const T2 *)"
2008656883,4288,26467,,,,,,,,,,0.061,14328.300,Pinned,Device,NVIDIA A100-SXM4-40GB (0),1,,13,[CUDA memcpy Host-to-Device]
2008664723,588729,26468,,,,,,,,,,456.520,775171.775,Device,,NVIDIA A100-SXM4-40GB (0),1,,13,[CUDA memset]
2009256108,32928,26473,,,,,,,,,,0.825,25064.872,Pinned,Device,NVIDIA A100-SXM4-40GB (0),1,,13,[CUDA memcpy Host-to-Device]
2009291340,6880,26474,,,,,,,,,,0.131,19051.053,Pinned,Device,NVIDIA A100-SXM4-40GB (0),1,,13,[CUDA memcpy Host-to-Device]
2009304236,8351,26475,69,4,1,48,1,1,76,0.002,0.000,,,,,NVIDIA A100-SXM4-40GB (0),1,,13,"void ch_est::windowedChEstPreNoDftSOfdmKernel<float, __half, float, (unsigned int)2, (unsigned int)1, (unsigned short)4>(ch_est::puschRxChEstStatDescr_t *, ch_est::puschRxChEstDynDescr_t *)"
2009313707,7104,26476,137,2,1,24,2,1,44,0.001,0.001,,,,,NVIDIA A100-SXM4-40GB (0),1,,13,"void ch_est::chEstFilterNoDftSOfdmDispatchKernel<float, __half, float, (unsigned int)2>(ch_est::puschRxChEstStatDescr_t *, ch_est::puschRxChEstDynDescr_t *)"
2009321963,5216,26477,137,2,1,24,2,1,44,0.001,0.001,,,,,NVIDIA A100-SXM4-40GB (0),1,,13,"void ch_est::chEstFilterNoDftSOfdmDispatchKernel<float, __half, float, (unsigned int)2>(ch_est::puschRxChEstStatDescr_t *, ch_est::puschRxChEstDynDescr_t *)"
2009328267,2656,26488,103,1,1,128,1,1,16,0.000,0.000,,,,,NVIDIA A100-SXM4-40GB (0),1,,13,cupy_copy__complex64_complex64
2009332075,16896,26498,1434,1,1,128,1,1,16,0.000,0.000,,,,,NVIDIA A100-SXM4-40GB (0),1,,13,cupy_copy__complex64_complex64
2009350027,2560,26505,103,1,1,128,1,1,16,0.000,0.000,,,,,NVIDIA A100-SXM4-40GB (0),1,,13,cupy_copy__complex64_complex64
2009353931,86111,26512,1,1,1,32,32,1,30,0.000,0.000,,,,,NVIDIA A100-SXM4-40GB (0),1,,13,"void convert_kernel<__half2, float2>(tensor_layout_any, T1 *, tensor_layout_any, const T2 *)"
2009471082,4320,26515,,,,,,,,,,0.061,14222.193,Pinned,Device,NVIDIA A100-SXM4-40GB (0),1,,13,[CUDA memcpy Host-to-Device]
2009483977,46784,26516,,,,,,,,,,35.801,765209.719,Device,,NVIDIA A100-SXM4-40GB (0),1,,13,[CUDA memset]
2009536681,1984,26518,,,,,,,,,,0.000,40.323,Pinned,Device,NVIDIA A100-SXM4-40GB (0),1,,13,[CUDA memcpy Host-to-Device]
2009540969,6912,26519,,,,,,,,,,0.131,18962.842,Pinned,Device,NVIDIA A100-SXM4-40GB (0),1,,13,[CUDA memcpy Host-to-Device]
2009559241,9183,26520,273,1,1,48,1,1,40,0.000,0.001,,,,,NVIDIA A100-SXM4-40GB (0),1,,13,"void pusch_noise_intf_est::noiseIntfEstNoDftSOfdmKernel<float, __half, float, float, (unsigned int)2, (unsigned int)1, (unsigned char)4, (unsigned char)4>(pusch_noise_intf_est::puschRxNoiseIntfEstDynDescr)"
2009569704,2976,26531,35,1,1,128,1,1,16,0.000,0.000,,,,,NVIDIA A100-SXM4-40GB (0),1,,13,cupy_copy__complex64_complex64
2009598152,1728,26540,1,1,1,1,1,1,18,0.000,0.000,,,,,NVIDIA A100-SXM4-40GB (0),1,,13,cupy_copy__float32_float32
2009634568,1824,26546,,,,,,,,,,0.000,2.193,Device,Pageable,NVIDIA A100-SXM4-40GB (0),1,,7,[CUDA memcpy Device-to-Host]
2009693479,16320,26557,1434,1,1,128,1,1,16,0.000,0.000,,,,,NVIDIA A100-SXM4-40GB (0),1,,13,cupy_copy__complex64_complex64
2009720199,2784,26564,103,1,1,128,1,1,16,0.000,0.000,,,,,NVIDIA A100-SXM4-40GB (0),1,,13,cupy_copy__complex64_complex64
2009741798,2304,26571,35,1,1,128,1,1,16,0.000,0.000,,,,,NVIDIA A100-SXM4-40GB (0),1,,13,cupy_copy__complex64_complex64
2009759974,1696,26578,1,1,1,1,1,1,18,0.000,0.000,,,,,NVIDIA A100-SXM4-40GB (0),1,,13,cupy_copy__float32_float32
2009899557,86942,26589,1,1,1,32,32,1,30,0.000,0.000,,,,,NVIDIA A100-SXM4-40GB (0),1,,13,"void convert_kernel<__half2, float2>(tensor_layout_any, T1 *, tensor_layout_any, const T2 *)"
2010015363,4320,26592,,,,,,,,,,0.061,14222.193,Pinned,Device,NVIDIA A100-SXM4-40GB (0),1,,13,[CUDA memcpy Host-to-Device]
2010029603,3552,26593,,,,,,,,,,1.547,435422.601,Device,,NVIDIA A100-SXM4-40GB (0),1,,13,[CUDA memset]
2010036483,3136,26598,,,,,,,,,,0.021,6714.274,Pinned,Device,NVIDIA A100-SXM4-40GB (0),1,,13,[CUDA memcpy Host-to-Device]
2010041923,7072,26599,,,,,,,,,,0.131,18533.843,Pinned,Device,NVIDIA A100-SXM4-40GB (0),1,,13,[CUDA memcpy Host-to-Device]
2010053859,6720,26600,273,1,1,8,4,1,39,0.002,0.000,,,,,NVIDIA A100-SXM4-40GB (0),1,,13,"void channel_eq::eqMmseCoefCompLowMimoKernel<float, float, float, (unsigned int)4, (unsigned int)1, (unsigned int)4>(const channel_eq::_puschRxChEqStatDescr *, channel_eq::_puschRxChEqCoefCompDynDescr)"
2010061699,5632,26601,273,1,1,12,11,1,40,0.002,0.000,,,,,NVIDIA A100-SXM4-40GB (0),1,,13,"void channel_eq::eqMmseSoftDemapKernel<float, __half, __half, float, (unsigned int)4, (unsigned short)16383>(channel_eq::_puschRxChEqStatDescr *, channel_eq::_puschRxChEqSoftDemapDynDescr)"
2010068515,307163,26602,1,1,1,32,32,1,30,0.000,0.000,,,,,NVIDIA A100-SXM4-40GB (0),1,,13,"void convert_kernel<float2, __half2>(tensor_layout_any, T1 *, tensor_layout_any, const T2 *)"
2010376734,13664,26614,2253,1,1,128,1,1,16,0.000,0.000,,,,,NVIDIA A100-SXM4-40GB (0),1,,13,cupy_copy__float16_float16
2010391614,2816,26623,282,1,1,128,1,1,16,0.000,0.000,,,,,NVIDIA A100-SXM4-40GB (0),1,,13,cupy_copy__complex64_complex64
2010395742,2016,26632,26,1,1,128,1,1,16,0.000,0.000,,,,,NVIDIA A100-SXM4-40GB (0),1,,13,cupy_copy__float32_float32
2010399134,3072,26641,103,1,1,128,1,1,16,0.000,0.000,,,,,NVIDIA A100-SXM4-40GB (0),1,,13,cupy_copy__complex64_complex64
2010403518,15456,26651,1434,1,1,128,1,1,16,0.000,0.000,,,,,NVIDIA A100-SXM4-40GB (0),1,,13,cupy_copy__complex64_complex64
2010420190,87647,26656,1,1,1,32,32,1,30,0.000,0.000,,,,,NVIDIA A100-SXM4-40GB (0),1,,13,"void convert_kernel<__half2, float2>(tensor_layout_any, T1 *, tensor_layout_any, const T2 *)"
2010534844,4288,26659,,,,,,,,,,0.061,14328.300,Pinned,Device,NVIDIA A100-SXM4-40GB (0),1,,13,[CUDA memcpy Host-to-Device]
2010545820,588185,26660,,,,,,,,,,456.520,776084.816,Device,,NVIDIA A100-SXM4-40GB (0),1,,13,[CUDA memset]
2011135445,32832,26665,,,,,,,,,,0.825,25138.328,Pinned,Device,NVIDIA A100-SXM4-40GB (0),1,,13,[CUDA memcpy Host-to-Device]
2011170581,6912,26666,,,,,,,,,,0.131,18962.842,Pinned,Device,NVIDIA A100-SXM4-40GB (0),1,,13,[CUDA memcpy Host-to-Device]
2011185333,7807,26667,69,4,1,48,1,1,76,0.002,0.000,,,,,NVIDIA A100-SXM4-40GB (0),1,,13,"void ch_est::windowedChEstPreNoDftSOfdmKernel<float, __half, float, (unsigned int)2, (unsigned int)1, (unsigned short)4>(ch_est::puschRxChEstStatDescr_t *, ch_est::puschRxChEstDynDescr_t *)"
2011194292,6752,26668,137,2,1,24,2,1,44,0.001,0.001,,,,,NVIDIA A100-SXM4-40GB (0),1,,13,"void ch_est::chEstFilterNoDftSOfdmDispatchKernel<float, __half, float, (unsigned int)2>(ch_est::puschRxChEstStatDescr_t *, ch_est::puschRxChEstDynDescr_t *)"
2011202228,5184,26669,137,2,1,24,2,1,44,0.001,0.001,,,,,NVIDIA A100-SXM4-40GB (0),1,,13,"void ch_est::chEstFilterNoDftSOfdmDispatchKernel<float, __half, float, (unsigned int)2>(ch_est::puschRxChEstStatDescr_t *, ch_est::puschRxChEstDynDescr_t *)"
2011208532,2592,26680,103,1,1,128,1,1,16,0.000,0.000,,,,,NVIDIA A100-SXM4-40GB (0),1,,13,cupy_copy__complex64_complex64
2011212340,16480,26690,1434,1,1,128,1,1,16,0.000,0.000,,,,,NVIDIA A100-SXM4-40GB (0),1,,13,cupy_copy__complex64_complex64
2011230132,2560,26697,103,1,1,128,1,1,16,0.000,0.000,,,,,NVIDIA A100-SXM4-40GB (0),1,,13,cupy_copy__complex64_complex64
2011233876,86207,26704,1,1,1,32,32,1,30,0.000,0.000,,,,,NVIDIA A100-SXM4-40GB (0),1,,13,"void convert_kernel<__half2, float2>(tensor_layout_any, T1 *, tensor_layout_any, const T2 *)"
2011347507,4288,26707,,,,,,,,,,0.061,14328.300,Pinned,Device,NVIDIA A100-SXM4-40GB (0),1,,13,[CUDA memcpy Host-to-Device]
2011359826,46560,26708,,,,,,,,,,35.801,768897.218,Device,,NVIDIA A100-SXM4-40GB (0),1,,13,[CUDA memset]
2011411602,1984,26710,,,,,,,,,,0.000,40.323,Pinned,Device,NVIDIA A100-SXM4-40GB (0),1,,13,[CUDA memcpy Host-to-Device]
2011415890,6944,26711,,,,,,,,,,0.131,18875.548,Pinned,Device,NVIDIA A100-SXM4-40GB (0),1,,13,[CUDA memcpy Host-to-Device]
2011430642,9503,26712,273,1,1,48,1,1,40,0.000,0.001,,,,,NVIDIA A100-SXM4-40GB (0),1,,13,"void pusch_noise_intf_est::noiseIntfEstNoDftSOfdmKernel<float, __half, float, float, (unsigned int)2, (unsigned int)1, (unsigned char)4, (unsigned char)4>(pusch_noise_intf_est::puschRxNoiseIntfEstDynDescr)"
2011441297,2944,26723,35,1,1,128,1,1,16,0.000,0.000,,,,,NVIDIA A100-SXM4-40GB (0),1,,13,cupy_copy__complex64_complex64
2011467633,1728,26732,1,1,1,1,1,1,18,0.000,0.000,,,,,NVIDIA A100-SXM4-40GB (0),1,,13,cupy_copy__float32_float32
2011502033,1760,26738,,,,,,,,,,0.000,2.273,Device,Pageable,NVIDIA A100-SXM4-40GB (0),1,,7,[CUDA memcpy Device-to-Host]
2011560912,16608,26749,1434,1,1,128,1,1,16,0.000,0.000,,,,,NVIDIA A100-SXM4-40GB (0),1,,13,cupy_copy__complex64_complex64
2011587792,2816,26756,103,1,1,128,1,1,16,0.000,0.000,,,,,NVIDIA A100-SXM4-40GB (0),1,,13,cupy_copy__complex64_complex64
2011609103,2304,26763,35,1,1,128,1,1,16,0.000,0.000,,,,,NVIDIA A100-SXM4-40GB (0),1,,13,cupy_copy__complex64_complex64
2011632175,1664,26770,1,1,1,1,1,1,18,0.000,0.000,,,,,NVIDIA A100-SXM4-40GB (0),1,,13,cupy_copy__float32_float32
2011765806,86527,26781,1,1,1,32,32,1,30,0.000,0.000,,,,,NVIDIA A100-SXM4-40GB (0),1,,13,"void convert_kernel<__half2, float2>(tensor_layout_any, T1 *, tensor_layout_any, const T2 *)"
2011880716,4288,26784,,,,,,,,,,0.061,14328.300,Pinned,Device,NVIDIA A100-SXM4-40GB (0),1,,13,[CUDA memcpy Host-to-Device]
2011895372,3616,26785,,,,,,,,,,1.547,427715.774,Device,,NVIDIA A100-SXM4-40GB (0),1,,13,[CUDA memset]
2011902156,3136,26790,,,,,,,,,,0.021,6714.274,Pinned,Device,NVIDIA A100-SXM4-40GB (0),1,,13,[CUDA memcpy Host-to-Device]
2011907596,6912,26791,,,,,,,,,,0.131,18962.842,Pinned,Device,NVIDIA A100-SXM4-40GB (0),1,,13,[CUDA memcpy Host-to-Device]
2011919020,6560,26792,273,1,1,8,4,1,39,0.002,0.000,,,,,NVIDIA A100-SXM4-40GB (0),1,,13,"void channel_eq::eqMmseCoefCompLowMimoKernel<float, float, float, (unsigned int)4, (unsigned int)1, (unsigned int)4>(const channel_eq::_puschRxChEqStatDescr *, channel_eq::_puschRxChEqCoefCompDynDescr)"
2011926700,5664,26793,273,1,1,12,11,1,40,0.002,0.000,,,,,NVIDIA A100-SXM4-40GB (0),1,,13,"void channel_eq::eqMmseSoftDemapKernel<float, __half, __half, float, (unsigned int)4, (unsigned short)16383>(channel_eq::_puschRxChEqStatDescr *, channel_eq::_puschRxChEqSoftDemapDynDescr)"
2011933484,307708,26794,1,1,1,32,32,1,30,0.000,0.000,,,,,NVIDIA A100-SXM4-40GB (0),1,,13,"void convert_kernel<float2, __half2>(tensor_layout_any, T1 *, tensor_layout_any, const T2 *)"
2012242312,13760,26806,2253,1,1,128,1,1,16,0.000,0.000,,,,,NVIDIA A100-SXM4-40GB (0),1,,13,cupy_copy__float16_float16
2012257192,2816,26815,282,1,1,128,1,1,16,0.000,0.000,,,,,NVIDIA A100-SXM4-40GB (0),1,,13,cupy_copy__complex64_complex64
2012261320,2048,26824,26,1,1,128,1,1,16,0.000,0.000,,,,,NVIDIA A100-SXM4-40GB (0),1,,13,cupy_copy__float32_float32
2012264712,3040,26833,103,1,1,128,1,1,16,0.000,0.000,,,,,NVIDIA A100-SXM4-40GB (0),1,,13,cupy_copy__complex64_complex64
2012269064,15231,26843,1434,1,1,128,1,1,16,0.000,0.000,,,,,NVIDIA A100-SXM4-40GB (0),1,,13,cupy_copy__complex64_complex64
2012287431,87231,26848,1,1,1,32,32,1,30,0.000,0.000,,,,,NVIDIA A100-SXM4-40GB (0),1,,13,"void convert_kernel<__half2, float2>(tensor_layout_any, T1 *, tensor_layout_any, const T2 *)"
2012546628,4320,26851,,,,,,,,,,0.061,14222.193,Pinned,Device,NVIDIA A100-SXM4-40GB (0),1,,13,[CUDA memcpy Host-to-Device]
2012554340,588313,26852,,,,,,,,,,456.520,775628.296,Device,,NVIDIA A100-SXM4-40GB (0),1,,13,[CUDA memset]
2013147261,32800,26857,,,,,,,,,,0.825,25162.263,Pinned,Device,NVIDIA A100-SXM4-40GB (0),1,,13,[CUDA memcpy Host-to-Device]
2013182365,6912,26858,,,,,,,,,,0.131,18962.842,Pinned,Device,NVIDIA A100-SXM4-40GB (0),1,,13,[CUDA memcpy Host-to-Device]
2013197468,7488,26859,69,4,1,48,1,1,76,0.002,0.000,,,,,NVIDIA A100-SXM4-40GB (0),1,,13,"void ch_est::windowedChEstPreNoDftSOfdmKernel<float, __half, float, (unsigned int)2, (unsigned int)1, (unsigned short)4>(ch_est::puschRxChEstStatDescr_t *, ch_est::puschRxChEstDynDescr_t *)"
2013206300,7264,26860,137,2,1,24,2,1,44,0.001,0.001,,,,,NVIDIA A100-SXM4-40GB (0),1,,13,"void ch_est::chEstFilterNoDftSOfdmDispatchKernel<float, __half, float, (unsigned int)2>(ch_est::puschRxChEstStatDescr_t *, ch_est::puschRxChEstDynDescr_t *)"
2013214876,5184,26861,137,2,1,24,2,1,44,0.001,0.001,,,,,NVIDIA A100-SXM4-40GB (0),1,,13,"void ch_est::chEstFilterNoDftSOfdmDispatchKernel<float, __half, float, (unsigned int)2>(ch_est::puschRxChEstStatDescr_t *, ch_est::puschRxChEstDynDescr_t *)"
2013221404,3072,26872,103,1,1,128,1,1,16,0.000,0.000,,,,,NVIDIA A100-SXM4-40GB (0),1,,13,cupy_copy__complex64_complex64
2013225820,16384,26882,1434,1,1,128,1,1,16,0.000,0.000,,,,,NVIDIA A100-SXM4-40GB (0),1,,13,cupy_copy__complex64_complex64
2013243516,2592,26889,103,1,1,128,1,1,16,0.000,0.000,,,,,NVIDIA A100-SXM4-40GB (0),1,,13,cupy_copy__complex64_complex64
2013247420,86943,26896,1,1,1,32,32,1,30,0.000,0.000,,,,,NVIDIA A100-SXM4-40GB (0),1,,13,"void convert_kernel<__half2, float2>(tensor_layout_any, T1 *, tensor_layout_any, const T2 *)"
2013364762,4320,26899,,,,,,,,,,0.061,14222.193,Pinned,Device,NVIDIA A100-SXM4-40GB (0),1,,13,[CUDA memcpy Host-to-Device]
2013378330,46976,26900,,,,,,,,,,35.801,762095.036,Device,,NVIDIA A100-SXM4-40GB (0),1,,13,[CUDA memset]
2013431930,1984,26902,,,,,,,,,,0.000,40.323,Pinned,Device,NVIDIA A100-SXM4-40GB (0),1,,13,[CUDA memcpy Host-to-Device]
2013436218,6911,26903,,,,,,,,,,0.131,18965.594,Pinned,Device,NVIDIA A100-SXM4-40GB (0),1,,13,[CUDA memcpy Host-to-Device]
2013453465,9344,26904,273,1,1,48,1,1,40,0.000,0.001,,,,,NVIDIA A100-SXM4-40GB (0),1,,13,"void pusch_noise_intf_est::noiseIntfEstNoDftSOfdmKernel<float, __half, float, float, (unsigned int)2, (unsigned int)1, (unsigned char)4, (unsigned char)4>(pusch_noise_intf_est::puschRxNoiseIntfEstDynDescr)"
2013463929,2944,26915,35,1,1,128,1,1,16,0.000,0.000,,,,,NVIDIA A100-SXM4-40GB (0),1,,13,cupy_copy__complex64_complex64
2013493465,1760,26924,1,1,1,1,1,1,18,0.000,0.000,,,,,NVIDIA A100-SXM4-40GB (0),1,,13,cupy_copy__float32_float32
2013528824,1824,26930,,,,,,,,,,0.000,2.193,Device,Pageable,NVIDIA A100-SXM4-40GB (0),1,,7,[CUDA memcpy Device-to-Host]
2013587576,16512,26941,1434,1,1,128,1,1,16,0.000,0.000,,,,,NVIDIA A100-SXM4-40GB (0),1,,13,cupy_copy__complex64_complex64
2013614199,2784,26948,103,1,1,128,1,1,16,0.000,0.000,,,,,NVIDIA A100-SXM4-40GB (0),1,,13,cupy_copy__complex64_complex64
2013639415,2368,26955,35,1,1,128,1,1,16,0.000,0.000,,,,,NVIDIA A100-SXM4-40GB (0),1,,13,cupy_copy__complex64_complex64
2013658167,1664,26962,1,1,1,1,1,1,18,0.000,0.000,,,,,NVIDIA A100-SXM4-40GB (0),1,,13,cupy_copy__float32_float32
2013794101,86783,26973,1,1,1,32,32,1,30,0.000,0.000,,,,,NVIDIA A100-SXM4-40GB (0),1,,13,"void convert_kernel<__half2, float2>(tensor_layout_any, T1 *, tensor_layout_any, const T2 *)"
2014049010,4288,26976,,,,,,,,,,0.061,14328.300,Pinned,Device,NVIDIA A100-SXM4-40GB (0),1,,13,[CUDA memcpy Host-to-Device]
2014059346,3648,26977,,,,,,,,,,1.547,423963.664,Device,,NVIDIA A100-SXM4-40GB (0),1,,13,[CUDA memset]
2014067186,3136,26982,,,,,,,,,,0.021,6714.274,Pinned,Device,NVIDIA A100-SXM4-40GB (0),1,,13,[CUDA memcpy Host-to-Device]
2014072626,6944,26983,,,,,,,,,,0.131,18875.548,Pinned,Device,NVIDIA A100-SXM4-40GB (0),1,,13,[CUDA memcpy Host-to-Device]
2014090386,6560,26984,273,1,1,8,4,1,39,0.002,0.000,,,,,NVIDIA A100-SXM4-40GB (0),1,,13,"void channel_eq::eqMmseCoefCompLowMimoKernel<float, float, float, (unsigned int)4, (unsigned int)1, (unsigned int)4>(const channel_eq::_puschRxChEqStatDescr *, channel_eq::_puschRxChEqCoefCompDynDescr)"
2014098258,5824,26985,273,1,1,12,11,1,40,0.002,0.000,,,,,NVIDIA A100-SXM4-40GB (0),1,,13,"void channel_eq::eqMmseSoftDemapKernel<float, __half, __half, float, (unsigned int)4, (unsigned short)16383>(channel_eq::_puschRxChEqStatDescr *, channel_eq::_puschRxChEqSoftDemapDynDescr)"
2014105170,307804,26986,1,1,1,32,32,1,30,0.000,0.000,,,,,NVIDIA A100-SXM4-40GB (0),1,,13,"void convert_kernel<float2, __half2>(tensor_layout_any, T1 *, tensor_layout_any, const T2 *)"
2014414062,13664,26998,2253,1,1,128,1,1,16,0.000,0.000,,,,,NVIDIA A100-SXM4-40GB (0),1,,13,cupy_copy__float16_float16
2014428910,2848,27007,282,1,1,128,1,1,16,0.000,0.000,,,,,NVIDIA A100-SXM4-40GB (0),1,,13,cupy_copy__complex64_complex64
2014432974,2016,27016,26,1,1,128,1,1,16,0.000,0.000,,,,,NVIDIA A100-SXM4-40GB (0),1,,13,cupy_copy__float32_float32
2014436110,3104,27025,103,1,1,128,1,1,16,0.000,0.000,,,,,NVIDIA A100-SXM4-40GB (0),1,,13,cupy_copy__complex64_complex64
2014440526,15327,27035,1434,1,1,128,1,1,16,0.000,0.000,,,,,NVIDIA A100-SXM4-40GB (0),1,,13,cupy_copy__complex64_complex64
2014556748,86783,27040,1,1,1,32,32,1,30,0.000,0.000,,,,,NVIDIA A100-SXM4-40GB (0),1,,13,"void convert_kernel<__half2, float2>(tensor_layout_any, T1 *, tensor_layout_any, const T2 *)"
2014674411,5248,27043,,,,,,,,,,0.061,11707.269,Pinned,Device,NVIDIA A100-SXM4-40GB (0),1,,13,[CUDA memcpy Host-to-Device]
2014685291,588153,27044,,,,,,,,,,456.520,776084.816,Device,,NVIDIA A100-SXM4-40GB (0),1,,13,[CUDA memset]
2015277155,33024,27049,,,,,,,,,,0.825,24992.242,Pinned,Device,NVIDIA A100-SXM4-40GB (0),1,,13,[CUDA memcpy Host-to-Device]
2015312483,6880,27050,,,,,,,,,,0.131,19051.053,Pinned,Device,NVIDIA A100-SXM4-40GB (0),1,,13,[CUDA memcpy Host-to-Device]
2015326339,8160,27051,69,4,1,48,1,1,76,0.002,0.000,,,,,NVIDIA A100-SXM4-40GB (0),1,,13,"void ch_est::windowedChEstPreNoDftSOfdmKernel<float, __half, float, (unsigned int)2, (unsigned int)1, (unsigned short)4>(ch_est::puschRxChEstStatDescr_t *, ch_est::puschRxChEstDynDescr_t *)"
2015335715,6816,27052,137,2,1,24,2,1,44,0.001,0.001,,,,,NVIDIA A100-SXM4-40GB (0),1,,13,"void ch_est::chEstFilterNoDftSOfdmDispatchKernel<float, __half, float, (unsigned int)2>(ch_est::puschRxChEstStatDescr_t *, ch_est::puschRxChEstDynDescr_t *)"
2015343587,5184,27053,137,2,1,24,2,1,44,0.001,0.001,,,,,NVIDIA A100-SXM4-40GB (0),1,,13,"void ch_est::chEstFilterNoDftSOfdmDispatchKernel<float, __half, float, (unsigned int)2>(ch_est::puschRxChEstStatDescr_t *, ch_est::puschRxChEstDynDescr_t *)"
2015349891,2592,27064,103,1,1,128,1,1,16,0.000,0.000,,,,,NVIDIA A100-SXM4-40GB (0),1,,13,cupy_copy__complex64_complex64
2015353571,16479,27074,1434,1,1,128,1,1,16,0.000,0.000,,,,,NVIDIA A100-SXM4-40GB (0),1,,13,cupy_copy__complex64_complex64
2015371106,2528,27081,103,1,1,128,1,1,16,0.000,0.000,,,,,NVIDIA A100-SXM4-40GB (0),1,,13,cupy_copy__complex64_complex64
2015374978,85535,27088,1,1,1,32,32,1,30,0.000,0.000,,,,,NVIDIA A100-SXM4-40GB (0),1,,13,"void convert_kernel<__half2, float2>(tensor_layout_any, T1 *, tensor_layout_any, const T2 *)"
2015488513,4288,27091,,,,,,,,,,0.061,14328.300,Pinned,Device,NVIDIA A100-SXM4-40GB (0),1,,13,[CUDA memcpy Host-to-Device]
2015500353,45951,27092,,,,,,,,,,35.801,779100.492,Device,,NVIDIA A100-SXM4-40GB (0),1,,13,[CUDA memset]
2015552544,1888,27094,,,,,,,,,,0.000,42.373,Pinned,Device,NVIDIA A100-SXM4-40GB (0),1,,13,[CUDA memcpy Host-to-Device]
2015556576,7040,27095,,,,,,,,,,0.131,18618.122,Pinned,Device,NVIDIA A100-SXM4-40GB (0),1,,13,[CUDA memcpy Host-to-Device]
2015567136,8512,27096,273,1,1,48,1,1,40,0.000,0.001,,,,,NVIDIA A100-SXM4-40GB (0),1,,13,"void pusch_noise_intf_est::noiseIntfEstNoDftSOfdmKernel<float, __half, float, float, (unsigned int)2, (unsigned int)1, (unsigned char)4, (unsigned char)4>(pusch_noise_intf_est::puschRxNoiseIntfEstDynDescr)"
2015576736,2688,27107,35,1,1,128,1,1,16,0.000,0.000,,,,,NVIDIA A100-SXM4-40GB (0),1,,13,cupy_copy__complex64_complex64
2015609184,1567,27116,1,1,1,1,1,1,18,0.000,0.000,,,,,NVIDIA A100-SXM4-40GB (0),1,,13,cupy_copy__float32_float32
2015643839,1728,27122,,,,,,,,,,0.000,2.315,Device,Pageable,NVIDIA A100-SXM4-40GB (0),1,,7,[CUDA memcpy Device-to-Host]
2015701726,15296,27133,1434,1,1,128,1,1,16,0.000,0.000,,,,,NVIDIA A100-SXM4-40GB (0),1,,13,cupy_copy__complex64_complex64
2015732126,2592,27140,103,1,1,128,1,1,16,0.000,0.000,,,,,NVIDIA A100-SXM4-40GB (0),1,,13,cupy_copy__complex64_complex64
2015753502,2112,27147,35,1,1,128,1,1,16,0.000,0.000,,,,,NVIDIA A100-SXM4-40GB (0),1,,13,cupy_copy__complex64_complex64
2015772126,1504,27154,1,1,1,1,1,1,18,0.000,0.000,,,,,NVIDIA A100-SXM4-40GB (0),1,,13,cupy_copy__float32_float32
2015903324,78751,27165,1,1,1,32,32,1,30,0.000,0.000,,,,,NVIDIA A100-SXM4-40GB (0),1,,13,"void convert_kernel<__half2, float2>(tensor_layout_any, T1 *, tensor_layout_any, const T2 *)"
2016010043,4384,27168,,,,,,,,,,0.061,14014.587,Pinned,Device,NVIDIA A100-SXM4-40GB (0),1,,13,[CUDA memcpy Host-to-Device]
2016025147,3295,27169,,,,,,,,,,1.547,469384.918,Device,,NVIDIA A100-SXM4-40GB (0),1,,13,[CUDA memset]
2016031770,3072,27174,,,,,,,,,,0.021,6854.149,Pinned,Device,NVIDIA A100-SXM4-40GB (0),1,,13,[CUDA memcpy Host-to-Device]
2016036954,6880,27175,,,,,,,,,,0.131,19051.053,Pinned,Device,NVIDIA A100-SXM4-40GB (0),1,,13,[CUDA memcpy Host-to-Device]
2016048826,6080,27176,273,1,1,8,4,1,39,0.002,0.000,,,,,NVIDIA A100-SXM4-40GB (0),1,,13,"void channel_eq::eqMmseCoefCompLowMimoKernel<float, float, float, (unsigned int)4, (unsigned int)1, (unsigned int)4>(const channel_eq::_puschRxChEqStatDescr *, channel_eq::_puschRxChEqCoefCompDynDescr)"
2016055994,5376,27177,273,1,1,12,11,1,40,0.002,0.000,,,,,NVIDIA A100-SXM4-40GB (0),1,,13,"void channel_eq::eqMmseSoftDemapKernel<float, __half, __half, float, (unsigned int)4, (unsigned short)16383>(channel_eq::_puschRxChEqStatDescr *, channel_eq::_puschRxChEqSoftDemapDynDescr)"
2016062426,280861,27178,1,1,1,32,32,1,30,0.000,0.000,,,,,NVIDIA A100-SXM4-40GB (0),1,,13,"void convert_kernel<float2, __half2>(tensor_layout_any, T1 *, tensor_layout_any, const T2 *)"
2016344247,12288,27190,2253,1,1,128,1,1,16,0.000,0.000,,,,,NVIDIA A100-SXM4-40GB (0),1,,13,cupy_copy__float16_float16
2016357591,2656,27199,282,1,1,128,1,1,16,0.000,0.000,,,,,NVIDIA A100-SXM4-40GB (0),1,,13,cupy_copy__complex64_complex64
2016361303,1855,27208,26,1,1,128,1,1,16,0.000,0.000,,,,,NVIDIA A100-SXM4-40GB (0),1,,13,cupy_copy__float32_float32
2016364374,2784,27217,103,1,1,128,1,1,16,0.000,0.000,,,,,NVIDIA A100-SXM4-40GB (0),1,,13,cupy_copy__complex64_complex64
2016417846,14016,27233,1434,1,1,128,1,1,16,0.000,0.000,,,,,NVIDIA A100-SXM4-40GB (0),1,,13,cupy_copy__complex64_complex64
2016534164,79039,27238,1,1,1,32,32,1,30,0.000,0.000,,,,,NVIDIA A100-SXM4-40GB (0),1,,13,"void convert_kernel<__half2, float2>(tensor_layout_any, T1 *, tensor_layout_any, const T2 *)"
2016640723,4192,27241,,,,,,,,,,0.061,14656.451,Pinned,Device,NVIDIA A100-SXM4-40GB (0),1,,13,[CUDA memcpy Host-to-Device]
2016651987,590137,27242,,,,,,,,,,456.520,773345.693,Device,,NVIDIA A100-SXM4-40GB (0),1,,13,[CUDA memset]
2017249708,32703,27247,,,,,,,,,,0.825,25237.369,Pinned,Device,NVIDIA A100-SXM4-40GB (0),1,,13,[CUDA memcpy Host-to-Device]
2017284555,6784,27248,,,,,,,,,,0.131,19320.668,Pinned,Device,NVIDIA A100-SXM4-40GB (0),1,,13,[CUDA memcpy Host-to-Device]
2017302507,7072,27249,69,4,1,48,1,1,76,0.002,0.000,,,,,NVIDIA A100-SXM4-40GB (0),1,,13,"void ch_est::windowedChEstPreNoDftSOfdmKernel<float, __half, float, (unsigned int)2, (unsigned int)1, (unsigned short)4>(ch_est::puschRxChEstStatDescr_t *, ch_est::puschRxChEstDynDescr_t *)"
2017310795,6816,27250,137,2,1,24,2,1,44,0.001,0.001,,,,,NVIDIA A100-SXM4-40GB (0),1,,13,"void ch_est::chEstFilterNoDftSOfdmDispatchKernel<float, __half, float, (unsigned int)2>(ch_est::puschRxChEstStatDescr_t *, ch_est::puschRxChEstDynDescr_t *)"
2017318571,4736,27251,137,2,1,24,2,1,44,0.001,0.001,,,,,NVIDIA A100-SXM4-40GB (0),1,,13,"void ch_est::chEstFilterNoDftSOfdmDispatchKernel<float, __half, float, (unsigned int)2>(ch_est::puschRxChEstStatDescr_t *, ch_est::puschRxChEstDynDescr_t *)"
2017324299,2432,27262,103,1,1,128,1,1,16,0.000,0.000,,,,,NVIDIA A100-SXM4-40GB (0),1,,13,cupy_copy__complex64_complex64
2017327755,15200,27272,1434,1,1,128,1,1,16,0.000,0.000,,,,,NVIDIA A100-SXM4-40GB (0),1,,13,cupy_copy__complex64_complex64
2017344171,2336,27279,103,1,1,128,1,1,16,0.000,0.000,,,,,NVIDIA A100-SXM4-40GB (0),1,,13,cupy_copy__complex64_complex64
2017347723,79583,27286,1,1,1,32,32,1,30,0.000,0.000,,,,,NVIDIA A100-SXM4-40GB (0),1,,13,"void convert_kernel<__half2, float2>(tensor_layout_any, T1 *, tensor_layout_any, const T2 *)"
2017455785,4192,27289,,,,,,,,,,0.061,14656.451,Pinned,Device,NVIDIA A100-SXM4-40GB (0),1,,13,[CUDA memcpy Host-to-Device]
2017468425,46336,27290,,,,,,,,,,35.801,772620.518,Device,,NVIDIA A100-SXM4-40GB (0),1,,13,[CUDA memset]
2017521673,1888,27292,,,,,,,,,,0.000,42.373,Pinned,Device,NVIDIA A100-SXM4-40GB (0),1,,13,[CUDA memcpy Host-to-Device]
2017525705,6783,27293,,,,,,,,,,0.131,19323.552,Pinned,Device,NVIDIA A100-SXM4-40GB (0),1,,13,[CUDA memcpy Host-to-Device]
2017539016,8672,27294,273,1,1,48,1,1,40,0.000,0.001,,,,,NVIDIA A100-SXM4-40GB (0),1,,13,"void pusch_noise_intf_est::noiseIntfEstNoDftSOfdmKernel<float, __half, float, float, (unsigned int)2, (unsigned int)1, (unsigned char)4, (unsigned char)4>(pusch_noise_intf_est::puschRxNoiseIntfEstDynDescr)"
2017548840,2688,27305,35,1,1,128,1,1,16,0.000,0.000,,,,,NVIDIA A100-SXM4-40GB (0),1,,13,cupy_copy__complex64_complex64
2017576840,1632,27314,1,1,1,1,1,1,18,0.000,0.000,,,,,NVIDIA A100-SXM4-40GB (0),1,,13,cupy_copy__float32_float32
2017610984,1632,27320,,,,,,,,,,0.000,2.451,Device,Pageable,NVIDIA A100-SXM4-40GB (0),1,,7,[CUDA memcpy Device-to-Host]
2017673191,15200,27331,1434,1,1,128,1,1,16,0.000,0.000,,,,,NVIDIA A100-SXM4-40GB (0),1,,13,cupy_copy__complex64_complex64
2017699814,2528,27338,103,1,1,128,1,1,16,0.000,0.000,,,,,NVIDIA A100-SXM4-40GB (0),1,,13,cupy_copy__complex64_complex64
2017720934,2144,27345,35,1,1,128,1,1,16,0.000,0.000,,,,,NVIDIA A100-SXM4-40GB (0),1,,13,cupy_copy__complex64_complex64
2017739238,1536,27352,1,1,1,1,1,1,18,0.000,0.000,,,,,NVIDIA A100-SXM4-40GB (0),1,,13,cupy_copy__float32_float32
2017876356,79711,27363,1,1,1,32,32,1,30,0.000,0.000,,,,,NVIDIA A100-SXM4-40GB (0),1,,13,"void convert_kernel<__half2, float2>(tensor_layout_any, T1 *, tensor_layout_any, const T2 *)"
2018120193,4160,27366,,,,,,,,,,0.061,14769.193,Pinned,Device,NVIDIA A100-SXM4-40GB (0),1,,13,[CUDA memcpy Host-to-Device]
2018127713,3296,27367,,,,,,,,,,1.547,469242.628,Device,,NVIDIA A100-SXM4-40GB (0),1,,13,[CUDA memset]
2018136193,3008,27372,,,,,,,,,,0.021,6999.983,Pinned,Device,NVIDIA A100-SXM4-40GB (0),1,,13,[CUDA memcpy Host-to-Device]
2018141729,6816,27373,,,,,,,,,,0.131,19229.966,Pinned,Device,NVIDIA A100-SXM4-40GB (0),1,,13,[CUDA memcpy Host-to-Device]
2018152449,6112,27374,273,1,1,8,4,1,39,0.002,0.000,,,,,NVIDIA A100-SXM4-40GB (0),1,,13,"void channel_eq::eqMmseCoefCompLowMimoKernel<float, float, float, (unsigned int)4, (unsigned int)1, (unsigned int)4>(const channel_eq::_puschRxChEqStatDescr *, channel_eq::_puschRxChEqCoefCompDynDescr)"
2018159585,5312,27375,273,1,1,12,11,1,40,0.002,0.000,,,,,NVIDIA A100-SXM4-40GB (0),1,,13,"void channel_eq::eqMmseSoftDemapKernel<float, __half, __half, float, (unsigned int)4, (unsigned short)16383>(channel_eq::_puschRxChEqStatDescr *, channel_eq::_puschRxChEqSoftDemapDynDescr)"
2018166017,281053,27376,1,1,1,32,32,1,30,0.000,0.000,,,,,NVIDIA A100-SXM4-40GB (0),1,,13,"void convert_kernel<float2, __half2>(tensor_layout_any, T1 *, tensor_layout_any, const T2 *)"
2018448061,12352,27388,2253,1,1,128,1,1,16,0.000,0.000,,,,,NVIDIA A100-SXM4-40GB (0),1,,13,cupy_copy__float16_float16
2018461405,2592,27397,282,1,1,128,1,1,16,0.000,0.000,,,,,NVIDIA A100-SXM4-40GB (0),1,,13,cupy_copy__complex64_complex64
2018465117,1856,27406,26,1,1,128,1,1,16,0.000,0.000,,,,,NVIDIA A100-SXM4-40GB (0),1,,13,cupy_copy__float32_float32
2018468221,2784,27415,103,1,1,128,1,1,16,0.000,0.000,,,,,NVIDIA A100-SXM4-40GB (0),1,,13,cupy_copy__complex64_complex64
2018472221,14144,27425,1434,1,1,128,1,1,16,0.000,0.000,,,,,NVIDIA A100-SXM4-40GB (0),1,,13,cupy_copy__complex64_complex64
2018646427,79071,27430,1,1,1,32,32,1,30,0.000,0.000,,,,,NVIDIA A100-SXM4-40GB (0),1,,13,"void convert_kernel<__half2, float2>(tensor_layout_any, T1 *, tensor_layout_any, const T2 *)"
2018755194,4160,27433,,,,,,,,,,0.061,14769.193,Pinned,Device,NVIDIA A100-SXM4-40GB (0),1,,13,[CUDA memcpy Host-to-Device]
2018766970,588057,27434,,,,,,,,,,456.520,776084.816,Device,,NVIDIA A100-SXM4-40GB (0),1,,13,[CUDA memset]
2019355955,32735,27439,,,,,,,,,,0.825,25212.609,Pinned,Device,NVIDIA A100-SXM4-40GB (0),1,,13,[CUDA memcpy Host-to-Device]
2019390834,7008,27440,,,,,,,,,,0.131,18703.188,Pinned,Device,NVIDIA A100-SXM4-40GB (0),1,,13,[CUDA memcpy Host-to-Device]
2019407858,7360,27441,69,4,1,48,1,1,76,0.002,0.000,,,,,NVIDIA A100-SXM4-40GB (0),1,,13,"void ch_est::windowedChEstPreNoDftSOfdmKernel<float, __half, float, (unsigned int)2, (unsigned int)1, (unsigned short)4>(ch_est::puschRxChEstStatDescr_t *, ch_est::puschRxChEstDynDescr_t *)"
2019416306,6496,27442,137,2,1,24,2,1,44,0.001,0.001,,,,,NVIDIA A100-SXM4-40GB (0),1,,13,"void ch_est::chEstFilterNoDftSOfdmDispatchKernel<float, __half, float, (unsigned int)2>(ch_est::puschRxChEstStatDescr_t *, ch_est::puschRxChEstDynDescr_t *)"
2019423794,4736,27443,137,2,1,24,2,1,44,0.001,0.001,,,,,NVIDIA A100-SXM4-40GB (0),1,,13,"void ch_est::chEstFilterNoDftSOfdmDispatchKernel<float, __half, float, (unsigned int)2>(ch_est::puschRxChEstStatDescr_t *, ch_est::puschRxChEstDynDescr_t *)"
2019429554,2368,27454,103,1,1,128,1,1,16,0.000,0.000,,,,,NVIDIA A100-SXM4-40GB (0),1,,13,cupy_copy__complex64_complex64
2019433010,15200,27464,1434,1,1,128,1,1,16,0.000,0.000,,,,,NVIDIA A100-SXM4-40GB (0),1,,13,cupy_copy__complex64_complex64
2019449265,2304,27471,103,1,1,128,1,1,16,0.000,0.000,,,,,NVIDIA A100-SXM4-40GB (0),1,,13,cupy_copy__complex64_complex64
2019452753,79104,27478,1,1,1,32,32,1,30,0.000,0.000,,,,,NVIDIA A100-SXM4-40GB (0),1,,13,"void convert_kernel<__half2, float2>(tensor_layout_any, T1 *, tensor_layout_any, const T2 *)"
2019691759,4160,27481,,,,,,,,,,0.061,14769.193,Pinned,Device,NVIDIA A100-SXM4-40GB (0),1,,13,[CUDA memcpy Host-to-Device]
2019702734,46464,27482,,,,,,,,,,35.801,770508.261,Device,,NVIDIA A100-SXM4-40GB (0),1,,13,[CUDA memset]
2019756014,1888,27484,,,,,,,,,,0.000,42.373,Pinned,Device,NVIDIA A100-SXM4-40GB (0),1,,13,[CUDA memcpy Host-to-Device]
2019760046,6784,27485,,,,,,,,,,0.131,19320.668,Pinned,Device,NVIDIA A100-SXM4-40GB (0),1,,13,[CUDA memcpy Host-to-Device]
2019777518,9215,27486,273,1,1,48,1,1,40,0.000,0.001,,,,,NVIDIA A100-SXM4-40GB (0),1,,13,"void pusch_noise_intf_est::noiseIntfEstNoDftSOfdmKernel<float, __half, float, float, (unsigned int)2, (unsigned int)1, (unsigned char)4, (unsigned char)4>(pusch_noise_intf_est::puschRxNoiseIntfEstDynDescr)"
2019787789,2592,27497,35,1,1,128,1,1,16,0.000,0.000,,,,,NVIDIA A100-SXM4-40GB (0),1,,13,cupy_copy__complex64_complex64
2019798253,1600,27506,1,1,1,1,1,1,18,0.000,0.000,,,,,NVIDIA A100-SXM4-40GB (0),1,,13,cupy_copy__float32_float32
2019836269,1728,27512,,,,,,,,,,0.000,2.315,Device,Pageable,NVIDIA A100-SXM4-40GB (0),1,,7,[CUDA memcpy Device-to-Host]
2019894604,15616,27523,1434,1,1,128,1,1,16,0.000,0.000,,,,,NVIDIA A100-SXM4-40GB (0),1,,13,cupy_copy__complex64_complex64
2019922188,2592,27530,103,1,1,128,1,1,16,0.000,0.000,,,,,NVIDIA A100-SXM4-40GB (0),1,,13,cupy_copy__complex64_complex64
2019944076,2144,27537,35,1,1,128,1,1,16,0.000,0.000,,,,,NVIDIA A100-SXM4-40GB (0),1,,13,cupy_copy__complex64_complex64
2019971275,1536,27544,1,1,1,1,1,1,18,0.000,0.000,,,,,NVIDIA A100-SXM4-40GB (0),1,,13,cupy_copy__float32_float32
2020235720,79071,27555,1,1,1,32,32,1,30,0.000,0.000,,,,,NVIDIA A100-SXM4-40GB (0),1,,13,"void convert_kernel<__half2, float2>(tensor_layout_any, T1 *, tensor_layout_any, const T2 *)"
2020346279,4192,27558,,,,,,,,,,0.061,14656.451,Pinned,Device,NVIDIA A100-SXM4-40GB (0),1,,13,[CUDA memcpy Host-to-Device]
2020361671,3328,27559,,,,,,,,,,1.547,464729.580,Device,,NVIDIA A100-SXM4-40GB (0),1,,13,[CUDA memset]
2020368102,3296,27564,,,,,,,,,,0.021,6388.348,Pinned,Device,NVIDIA A100-SXM4-40GB (0),1,,13,[CUDA memcpy Host-to-Device]
2020373542,7872,27565,,,,,,,,,,0.131,16650.338,Pinned,Device,NVIDIA A100-SXM4-40GB (0),1,,13,[CUDA memcpy Host-to-Device]
2020386470,6080,27566,273,1,1,8,4,1,39,0.002,0.000,,,,,NVIDIA A100-SXM4-40GB (0),1,,13,"void channel_eq::eqMmseCoefCompLowMimoKernel<float, float, float, (unsigned int)4, (unsigned int)1, (unsigned int)4>(const channel_eq::_puschRxChEqStatDescr *, channel_eq::_puschRxChEqCoefCompDynDescr)"
2020393798,5344,27567,273,1,1,12,11,1,40,0.002,0.000,,,,,NVIDIA A100-SXM4-40GB (0),1,,13,"void channel_eq::eqMmseSoftDemapKernel<float, __half, __half, float, (unsigned int)4, (unsigned short)16383>(channel_eq::_puschRxChEqStatDescr *, channel_eq::_puschRxChEqSoftDemapDynDescr)"
2020400230,280861,27568,1,1,1,32,32,1,30,0.000,0.000,,,,,NVIDIA A100-SXM4-40GB (0),1,,13,"void convert_kernel<float2, __half2>(tensor_layout_any, T1 *, tensor_layout_any, const T2 *)"
2020682211,12416,27580,2253,1,1,128,1,1,16,0.000,0.000,,,,,NVIDIA A100-SXM4-40GB (0),1,,13,cupy_copy__float16_float16
2020695875,2560,27589,282,1,1,128,1,1,16,0.000,0.000,,,,,NVIDIA A100-SXM4-40GB (0),1,,13,cupy_copy__complex64_complex64
2020699619,1887,27598,26,1,1,128,1,1,16,0.000,0.000,,,,,NVIDIA A100-SXM4-40GB (0),1,,13,cupy_copy__float32_float32
2020702434,2784,27607,103,1,1,128,1,1,16,0.000,0.000,,,,,NVIDIA A100-SXM4-40GB (0),1,,13,cupy_copy__complex64_complex64
2020706434,14144,27617,1434,1,1,128,1,1,16,0.000,0.000,,,,,NVIDIA A100-SXM4-40GB (0),1,,13,cupy_copy__complex64_complex64
2020747426,79327,27622,1,1,1,32,32,1,30,0.000,0.000,,,,,NVIDIA A100-SXM4-40GB (0),1,,13,"void convert_kernel<__half2, float2>(tensor_layout_any, T1 *, tensor_layout_any, const T2 *)"
2020854081,4192,27625,,,,,,,,,,0.061,14656.451,Pinned,Device,NVIDIA A100-SXM4-40GB (0),1,,13,[CUDA memcpy Host-to-Device]
2020864769,586808,27626,,,,,,,,,,456.520,777910.898,Device,,NVIDIA A100-SXM4-40GB (0),1,,13,[CUDA memset]
2021455833,32736,27631,,,,,,,,,,0.825,25211.783,Pinned,Device,NVIDIA A100-SXM4-40GB (0),1,,13,[CUDA memcpy Host-to-Device]
2021490713,6784,27632,,,,,,,,,,0.131,19320.668,Pinned,Device,NVIDIA A100-SXM4-40GB (0),1,,13,[CUDA memcpy Host-to-Device]
2021503929,7008,27633,69,4,1,48,1,1,76,0.002,0.000,,,,,NVIDIA A100-SXM4-40GB (0),1,,13,"void ch_est::windowedChEstPreNoDftSOfdmKernel<float, __half, float, (unsigned int)2, (unsigned int)1, (unsigned short)4>(ch_est::puschRxChEstStatDescr_t *, ch_est::puschRxChEstDynDescr_t *)"
2021511993,6432,27634,137,2,1,24,2,1,44,0.001,0.001,,,,,NVIDIA A100-SXM4-40GB (0),1,,13,"void ch_est::chEstFilterNoDftSOfdmDispatchKernel<float, __half, float, (unsigned int)2>(ch_est::puschRxChEstStatDescr_t *, ch_est::puschRxChEstDynDescr_t *)"
2021519641,4736,27635,137,2,1,24,2,1,44,0.001,0.001,,,,,NVIDIA A100-SXM4-40GB (0),1,,13,"void ch_est::chEstFilterNoDftSOfdmDispatchKernel<float, __half, float, (unsigned int)2>(ch_est::puschRxChEstStatDescr_t *, ch_est::puschRxChEstDynDescr_t *)"
2021525369,2400,27646,103,1,1,128,1,1,16,0.000,0.000,,,,,NVIDIA A100-SXM4-40GB (0),1,,13,cupy_copy__complex64_complex64
2021528825,15295,27656,1434,1,1,128,1,1,16,0.000,0.000,,,,,NVIDIA A100-SXM4-40GB (0),1,,13,cupy_copy__complex64_complex64
2021545144,2336,27663,103,1,1,128,1,1,16,0.000,0.000,,,,,NVIDIA A100-SXM4-40GB (0),1,,13,cupy_copy__complex64_complex64
2021548696,79551,27670,1,1,1,32,32,1,30,0.000,0.000,,,,,NVIDIA A100-SXM4-40GB (0),1,,13,"void convert_kernel<__half2, float2>(tensor_layout_any, T1 *, tensor_layout_any, const T2 *)"
2021655735,4384,27673,,,,,,,,,,0.061,14014.587,Pinned,Device,NVIDIA A100-SXM4-40GB (0),1,,13,[CUDA memcpy Host-to-Device]
2021667671,46143,27674,,,,,,,,,,35.801,775842.604,Device,,NVIDIA A100-SXM4-40GB (0),1,,13,[CUDA memset]
2021721046,1888,27676,,,,,,,,,,0.000,42.373,Pinned,Device,NVIDIA A100-SXM4-40GB (0),1,,13,[CUDA memcpy Host-to-Device]
2021725078,6816,27677,,,,,,,,,,0.131,19229.966,Pinned,Device,NVIDIA A100-SXM4-40GB (0),1,,13,[CUDA memcpy Host-to-Device]
2021738966,8832,27678,273,1,1,48,1,1,40,0.000,0.001,,,,,NVIDIA A100-SXM4-40GB (0),1,,13,"void pusch_noise_intf_est::noiseIntfEstNoDftSOfdmKernel<float, __half, float, float, (unsigned int)2, (unsigned int)1, (unsigned char)4, (unsigned char)4>(pusch_noise_intf_est::puschRxNoiseIntfEstDynDescr)"
2021748886,2816,27689,35,1,1,128,1,1,16,0.000,0.000,,,,,NVIDIA A100-SXM4-40GB (0),1,,13,cupy_copy__complex64_complex64
2021780470,1600,27698,1,1,1,1,1,1,18,0.000,0.000,,,,,NVIDIA A100-SXM4-40GB (0),1,,13,cupy_copy__float32_float32
2021815957,1760,27704,,,,,,,,,,0.000,2.273,Device,Pageable,NVIDIA A100-SXM4-40GB (0),1,,7,[CUDA memcpy Device-to-Host]
2021874612,15424,27715,1434,1,1,128,1,1,16,0.000,0.000,,,,,NVIDIA A100-SXM4-40GB (0),1,,13,cupy_copy__complex64_complex64
2021901044,2560,27722,103,1,1,128,1,1,16,0.000,0.000,,,,,NVIDIA A100-SXM4-40GB (0),1,,13,cupy_copy__complex64_complex64
2021922196,2144,27729,35,1,1,128,1,1,16,0.000,0.000,,,,,NVIDIA A100-SXM4-40GB (0),1,,13,cupy_copy__complex64_complex64
2021939956,1536,27736,1,1,1,1,1,1,18,0.000,0.000,,,,,NVIDIA A100-SXM4-40GB (0),1,,13,cupy_copy__float32_float32
2022072754,79615,27747,1,1,1,32,32,1,30,0.000,0.000,,,,,NVIDIA A100-SXM4-40GB (0),1,,13,"void convert_kernel<__half2, float2>(tensor_layout_any, T1 *, tensor_layout_any, const T2 *)"
2022180241,4192,27750,,,,,,,,,,0.061,14656.451,Pinned,Device,NVIDIA A100-SXM4-40GB (0),1,,13,[CUDA memcpy Host-to-Device]
2022194481,3328,27751,,,,,,,,,,1.547,464729.580,Device,,NVIDIA A100-SXM4-40GB (0),1,,13,[CUDA memset]
2022201329,3007,27756,,,,,,,,,,0.021,7002.320,Pinned,Device,NVIDIA A100-SXM4-40GB (0),1,,13,[CUDA memcpy Host-to-Device]
2022206480,6880,27757,,,,,,,,,,0.131,19051.053,Pinned,Device,NVIDIA A100-SXM4-40GB (0),1,,13,[CUDA memcpy Host-to-Device]
2022218928,6016,27758,273,1,1,8,4,1,39,0.002,0.000,,,,,NVIDIA A100-SXM4-40GB (0),1,,13,"void channel_eq::eqMmseCoefCompLowMimoKernel<float, float, float, (unsigned int)4, (unsigned int)1, (unsigned int)4>(const channel_eq::_puschRxChEqStatDescr *, channel_eq::_puschRxChEqCoefCompDynDescr)"
2022226064,5472,27759,273,1,1,12,11,1,40,0.002,0.000,,,,,NVIDIA A100-SXM4-40GB (0),1,,13,"void channel_eq::eqMmseSoftDemapKernel<float, __half, __half, float, (unsigned int)4, (unsigned short)16383>(channel_eq::_puschRxChEqStatDescr *, channel_eq::_puschRxChEqSoftDemapDynDescr)"
2022232624,281053,27760,1,1,1,32,32,1,30,0.000,0.000,,,,,NVIDIA A100-SXM4-40GB (0),1,,13,"void convert_kernel<float2, __half2>(tensor_layout_any, T1 *, tensor_layout_any, const T2 *)"
2022514637,12544,27772,2253,1,1,128,1,1,16,0.000,0.000,,,,,NVIDIA A100-SXM4-40GB (0),1,,13,cupy_copy__float16_float16
2022528237,2624,27781,282,1,1,128,1,1,16,0.000,0.000,,,,,NVIDIA A100-SXM4-40GB (0),1,,13,cupy_copy__complex64_complex64
2022531949,1856,27790,26,1,1,128,1,1,16,0.000,0.000,,,,,NVIDIA A100-SXM4-40GB (0),1,,13,cupy_copy__float32_float32
2022534765,2815,27799,103,1,1,128,1,1,16,0.000,0.000,,,,,NVIDIA A100-SXM4-40GB (0),1,,13,cupy_copy__complex64_complex64
2022538764,13920,27809,1434,1,1,128,1,1,16,0.000,0.000,,,,,NVIDIA A100-SXM4-40GB (0),1,,13,cupy_copy__complex64_complex64
2022577004,79007,27814,1,1,1,32,32,1,30,0.000,0.000,,,,,NVIDIA A100-SXM4-40GB (0),1,,13,"void convert_kernel<__half2, float2>(tensor_layout_any, T1 *, tensor_layout_any, const T2 *)"
2022684139,4192,27817,,,,,,,,,,0.061,14656.451,Pinned,Device,NVIDIA A100-SXM4-40GB (0),1,,13,[CUDA memcpy Host-to-Device]
2022693931,587577,27818,,,,,,,,,,456.520,776541.336,Device,,NVIDIA A100-SXM4-40GB (0),1,,13,[CUDA memset]
2023283652,33023,27823,,,,,,,,,,0.825,24992.242,Pinned,Device,NVIDIA A100-SXM4-40GB (0),1,,13,[CUDA memcpy Host-to-Device]
2023318819,6816,27824,,,,,,,,,,0.131,19229.966,Pinned,Device,NVIDIA A100-SXM4-40GB (0),1,,13,[CUDA memcpy Host-to-Device]
2023334819,7584,27825,69,4,1,48,1,1,76,0.002,0.000,,,,,NVIDIA A100-SXM4-40GB (0),1,,13,"void ch_est::windowedChEstPreNoDftSOfdmKernel<float, __half, float, (unsigned int)2, (unsigned int)1, (unsigned short)4>(ch_est::puschRxChEstStatDescr_t *, ch_est::puschRxChEstDynDescr_t *)"
2023343651,6080,27826,137,2,1,24,2,1,44,0.001,0.001,,,,,NVIDIA A100-SXM4-40GB (0),1,,13,"void ch_est::chEstFilterNoDftSOfdmDispatchKernel<float, __half, float, (unsigned int)2>(ch_est::puschRxChEstStatDescr_t *, ch_est::puschRxChEstDynDescr_t *)"
2023350755,4736,27827,137,2,1,24,2,1,44,0.001,0.001,,,,,NVIDIA A100-SXM4-40GB (0),1,,13,"void ch_est::chEstFilterNoDftSOfdmDispatchKernel<float, __half, float, (unsigned int)2>(ch_est::puschRxChEstStatDescr_t *, ch_est::puschRxChEstDynDescr_t *)"
2023356483,2368,27838,103,1,1,128,1,1,16,0.000,0.000,,,,,NVIDIA A100-SXM4-40GB (0),1,,13,cupy_copy__complex64_complex64
2023359939,15135,27848,1434,1,1,128,1,1,16,0.000,0.000,,,,,NVIDIA A100-SXM4-40GB (0),1,,13,cupy_copy__complex64_complex64
2023376290,2304,27855,103,1,1,128,1,1,16,0.000,0.000,,,,,NVIDIA A100-SXM4-40GB (0),1,,13,cupy_copy__complex64_complex64
2023379810,79263,27862,1,1,1,32,32,1,30,0.000,0.000,,,,,NVIDIA A100-SXM4-40GB (0),1,,13,"void convert_kernel<__half2, float2>(tensor_layout_any, T1 *, tensor_layout_any, const T2 *)"
2023622623,4192,27865,,,,,,,,,,0.061,14656.451,Pinned,Device,NVIDIA A100-SXM4-40GB (0),1,,13,[CUDA memcpy Host-to-Device]
2023633823,46496,27866,,,,,,,,,,35.801,769971.247,Device,,NVIDIA A100-SXM4-40GB (0),1,,13,[CUDA memset]
2023686079,1888,27868,,,,,,,,,,0.000,42.373,Pinned,Device,NVIDIA A100-SXM4-40GB (0),1,,13,[CUDA memcpy Host-to-Device]
2023690111,6784,27869,,,,,,,,,,0.131,19320.668,Pinned,Device,NVIDIA A100-SXM4-40GB (0),1,,13,[CUDA memcpy Host-to-Device]
2023704510,9024,27870,273,1,1,48,1,1,40,0.000,0.001,,,,,NVIDIA A100-SXM4-40GB (0),1,,13,"void pusch_noise_intf_est::noiseIntfEstNoDftSOfdmKernel<float, __half, float, float, (unsigned int)2, (unsigned int)1, (unsigned char)4, (unsigned char)4>(pusch_noise_intf_est::puschRxNoiseIntfEstDynDescr)"
2023714558,2592,27881,35,1,1,128,1,1,16,0.000,0.000,,,,,NVIDIA A100-SXM4-40GB (0),1,,13,cupy_copy__complex64_complex64
2023733342,1600,27890,1,1,1,1,1,1,18,0.000,0.000,,,,,NVIDIA A100-SXM4-40GB (0),1,,13,cupy_copy__float32_float32
2023767838,1696,27896,,,,,,,,,,0.000,2.358,Device,Pageable,NVIDIA A100-SXM4-40GB (0),1,,7,[CUDA memcpy Device-to-Host]
2023825949,15488,27907,1434,1,1,128,1,1,16,0.000,0.000,,,,,NVIDIA A100-SXM4-40GB (0),1,,13,cupy_copy__complex64_complex64
2023852829,2560,27914,103,1,1,128,1,1,16,0.000,0.000,,,,,NVIDIA A100-SXM4-40GB (0),1,,13,cupy_copy__complex64_complex64
2023874076,2112,27921,35,1,1,128,1,1,16,0.000,0.000,,,,,NVIDIA A100-SXM4-40GB (0),1,,13,cupy_copy__complex64_complex64
2023892668,1504,27928,1,1,1,1,1,1,18,0.000,0.000,,,,,NVIDIA A100-SXM4-40GB (0),1,,13,cupy_copy__float32_float32
2024166329,79327,27939,1,1,1,32,32,1,30,0.000,0.000,,,,,NVIDIA A100-SXM4-40GB (0),1,,13,"void convert_kernel<__half2, float2>(tensor_layout_any, T1 *, tensor_layout_any, const T2 *)"
2024275928,4192,27942,,,,,,,,,,0.061,14656.451,Pinned,Device,NVIDIA A100-SXM4-40GB (0),1,,13,[CUDA memcpy Host-to-Device]
2024291159,3328,27943,,,,,,,,,,1.547,464729.580,Device,,NVIDIA A100-SXM4-40GB (0),1,,13,[CUDA memset]
2024297559,3040,27948,,,,,,,,,,0.021,6926.308,Pinned,Device,NVIDIA A100-SXM4-40GB (0),1,,13,[CUDA memcpy Host-to-Device]
2024302711,6976,27949,,,,,,,,,,0.131,18788.909,Pinned,Device,NVIDIA A100-SXM4-40GB (0),1,,13,[CUDA memcpy Host-to-Device]
2024314679,6048,27950,273,1,1,8,4,1,39,0.002,0.000,,,,,NVIDIA A100-SXM4-40GB (0),1,,13,"void channel_eq::eqMmseCoefCompLowMimoKernel<float, float, float, (unsigned int)4, (unsigned int)1, (unsigned int)4>(const channel_eq::_puschRxChEqStatDescr *, channel_eq::_puschRxChEqCoefCompDynDescr)"
2024321815,5376,27951,273,1,1,12,11,1,40,0.002,0.000,,,,,NVIDIA A100-SXM4-40GB (0),1,,13,"void channel_eq::eqMmseSoftDemapKernel<float, __half, __half, float, (unsigned int)4, (unsigned short)16383>(channel_eq::_puschRxChEqStatDescr *, channel_eq::_puschRxChEqSoftDemapDynDescr)"
2024328215,280989,27952,1,1,1,32,32,1,30,0.000,0.000,,,,,NVIDIA A100-SXM4-40GB (0),1,,13,"void convert_kernel<float2, __half2>(tensor_layout_any, T1 *, tensor_layout_any, const T2 *)"
2024610260,12447,27964,2253,1,1,128,1,1,16,0.000,0.000,,,,,NVIDIA A100-SXM4-40GB (0),1,,13,cupy_copy__float16_float16
2024623795,2560,27973,282,1,1,128,1,1,16,0.000,0.000,,,,,NVIDIA A100-SXM4-40GB (0),1,,13,cupy_copy__complex64_complex64
2024627571,1856,27982,26,1,1,128,1,1,16,0.000,0.000,,,,,NVIDIA A100-SXM4-40GB (0),1,,13,cupy_copy__float32_float32
2024630387,2784,27991,103,1,1,128,1,1,16,0.000,0.000,,,,,NVIDIA A100-SXM4-40GB (0),1,,13,cupy_copy__complex64_complex64
2024634387,13984,28001,1434,1,1,128,1,1,16,0.000,0.000,,,,,NVIDIA A100-SXM4-40GB (0),1,,13,cupy_copy__complex64_complex64
2024679027,79455,28006,1,1,1,32,32,1,30,0.000,0.000,,,,,NVIDIA A100-SXM4-40GB (0),1,,13,"void convert_kernel<__half2, float2>(tensor_layout_any, T1 *, tensor_layout_any, const T2 *)"
2024919440,4192,28009,,,,,,,,,,0.061,14656.451,Pinned,Device,NVIDIA A100-SXM4-40GB (0),1,,13,[CUDA memcpy Host-to-Device]
2024929328,588505,28010,,,,,,,,,,456.520,775628.296,Device,,NVIDIA A100-SXM4-40GB (0),1,,13,[CUDA memset]
2025525577,32735,28015,,,,,,,,,,0.825,25212.609,Pinned,Device,NVIDIA A100-SXM4-40GB (0),1,,13,[CUDA memcpy Host-to-Device]
2025560456,6784,28016,,,,,,,,,,0.131,19320.668,Pinned,Device,NVIDIA A100-SXM4-40GB (0),1,,13,[CUDA memcpy Host-to-Device]
2025571208,7680,28017,69,4,1,48,1,1,76,0.002,0.000,,,,,NVIDIA A100-SXM4-40GB (0),1,,13,"void ch_est::windowedChEstPreNoDftSOfdmKernel<float, __half, float, (unsigned int)2, (unsigned int)1, (unsigned short)4>(ch_est::puschRxChEstStatDescr_t *, ch_est::puschRxChEstDynDescr_t *)"
2025579912,6656,28018,137,2,1,24,2,1,44,0.001,0.001,,,,,NVIDIA A100-SXM4-40GB (0),1,,13,"void ch_est::chEstFilterNoDftSOfdmDispatchKernel<float, __half, float, (unsigned int)2>(ch_est::puschRxChEstStatDescr_t *, ch_est::puschRxChEstDynDescr_t *)"
2025587784,4736,28019,137,2,1,24,2,1,44,0.001,0.001,,,,,NVIDIA A100-SXM4-40GB (0),1,,13,"void ch_est::chEstFilterNoDftSOfdmDispatchKernel<float, __half, float, (unsigned int)2>(ch_est::puschRxChEstStatDescr_t *, ch_est::puschRxChEstDynDescr_t *)"
2025593544,2400,28030,103,1,1,128,1,1,16,0.000,0.000,,,,,NVIDIA A100-SXM4-40GB (0),1,,13,cupy_copy__complex64_complex64
2025597000,15552,28040,1434,1,1,128,1,1,16,0.000,0.000,,,,,NVIDIA A100-SXM4-40GB (0),1,,13,cupy_copy__complex64_complex64
2025613736,2336,28047,103,1,1,128,1,1,16,0.000,0.000,,,,,NVIDIA A100-SXM4-40GB (0),1,,13,cupy_copy__complex64_complex64
2025617288,79743,28054,1,1,1,32,32,1,30,0.000,0.000,,,,,NVIDIA A100-SXM4-40GB (0),1,,13,"void convert_kernel<__half2, float2>(tensor_layout_any, T1 *, tensor_layout_any, const T2 *)"
2025728102,4192,28057,,,,,,,,,,0.061,14656.451,Pinned,Device,NVIDIA A100-SXM4-40GB (0),1,,13,[CUDA memcpy Host-to-Device]
2025740774,46304,28058,,,,,,,,,,35.801,773157.532,Device,,NVIDIA A100-SXM4-40GB (0),1,,13,[CUDA memset]
2025795909,1888,28060,,,,,,,,,,0.000,42.373,Pinned,Device,NVIDIA A100-SXM4-40GB (0),1,,13,[CUDA memcpy Host-to-Device]
2025799941,6784,28061,,,,,,,,,,0.131,19320.668,Pinned,Device,NVIDIA A100-SXM4-40GB (0),1,,13,[CUDA memcpy Host-to-Device]
2025810085,8640,28062,273,1,1,48,1,1,40,0.000,0.001,,,,,NVIDIA A100-SXM4-40GB (0),1,,13,"void pusch_noise_intf_est::noiseIntfEstNoDftSOfdmKernel<float, __half, float, float, (unsigned int)2, (unsigned int)1, (unsigned char)4, (unsigned char)4>(pusch_noise_intf_est::puschRxNoiseIntfEstDynDescr)"
2025821893,2592,28073,35,1,1,128,1,1,16,0.000,0.000,,,,,NVIDIA A100-SXM4-40GB (0),1,,13,cupy_copy__complex64_complex64
2025857573,1600,28082,1,1,1,1,1,1,18,0.000,0.000,,,,,NVIDIA A100-SXM4-40GB (0),1,,13,cupy_copy__float32_float32
2025892868,1696,28088,,,,,,,,,,0.000,2.358,Device,Pageable,NVIDIA A100-SXM4-40GB (0),1,,7,[CUDA memcpy Device-to-Host]
2025951236,15423,28099,1434,1,1,128,1,1,16,0.000,0.000,,,,,NVIDIA A100-SXM4-40GB (0),1,,13,cupy_copy__complex64_complex64
2025977347,2528,28106,103,1,1,128,1,1,16,0.000,0.000,,,,,NVIDIA A100-SXM4-40GB (0),1,,13,cupy_copy__complex64_complex64
2025998243,2144,28113,35,1,1,128,1,1,16,0.000,0.000,,,,,NVIDIA A100-SXM4-40GB (0),1,,13,cupy_copy__complex64_complex64
2026016067,1536,28120,1,1,1,1,1,1,18,0.000,0.000,,,,,NVIDIA A100-SXM4-40GB (0),1,,13,cupy_copy__float32_float32
2026149569,79487,28131,1,1,1,32,32,1,30,0.000,0.000,,,,,NVIDIA A100-SXM4-40GB (0),1,,13,"void convert_kernel<__half2, float2>(tensor_layout_any, T1 *, tensor_layout_any, const T2 *)"
2026257344,4192,28134,,,,,,,,,,0.061,14656.451,Pinned,Device,NVIDIA A100-SXM4-40GB (0),1,,13,[CUDA memcpy Host-to-Device]
2026271776,3296,28135,,,,,,,,,,1.547,469242.628,Device,,NVIDIA A100-SXM4-40GB (0),1,,13,[CUDA memset]
2026278336,3040,28140,,,,,,,,,,0.021,6926.308,Pinned,Device,NVIDIA A100-SXM4-40GB (0),1,,13,[CUDA memcpy Host-to-Device]
2026283488,6848,28141,,,,,,,,,,0.131,19140.182,Pinned,Device,NVIDIA A100-SXM4-40GB (0),1,,13,[CUDA memcpy Host-to-Device]
2026295583,6048,28142,273,1,1,8,4,1,39,0.002,0.000,,,,,NVIDIA A100-SXM4-40GB (0),1,,13,"void channel_eq::eqMmseCoefCompLowMimoKernel<float, float, float, (unsigned int)4, (unsigned int)1, (unsigned int)4>(const channel_eq::_puschRxChEqStatDescr *, channel_eq::_puschRxChEqCoefCompDynDescr)"
2026302719,5184,28143,273,1,1,12,11,1,40,0.002,0.000,,,,,NVIDIA A100-SXM4-40GB (0),1,,13,"void channel_eq::eqMmseSoftDemapKernel<float, __half, __half, float, (unsigned int)4, (unsigned short)16383>(channel_eq::_puschRxChEqStatDescr *, channel_eq::_puschRxChEqSoftDemapDynDescr)"
2026308895,280797,28144,1,1,1,32,32,1,30,0.000,0.000,,,,,NVIDIA A100-SXM4-40GB (0),1,,13,"void convert_kernel<float2, __half2>(tensor_layout_any, T1 *, tensor_layout_any, const T2 *)"
2026590876,12480,28156,2253,1,1,128,1,1,16,0.000,0.000,,,,,NVIDIA A100-SXM4-40GB (0),1,,13,cupy_copy__float16_float16
2026604412,2656,28165,282,1,1,128,1,1,16,0.000,0.000,,,,,NVIDIA A100-SXM4-40GB (0),1,,13,cupy_copy__complex64_complex64
2026608124,1856,28174,26,1,1,128,1,1,16,0.000,0.000,,,,,NVIDIA A100-SXM4-40GB (0),1,,13,cupy_copy__float32_float32
2026610940,2816,28183,103,1,1,128,1,1,16,0.000,0.000,,,,,NVIDIA A100-SXM4-40GB (0),1,,13,cupy_copy__complex64_complex64
2026614972,14111,28193,1434,1,1,128,1,1,16,0.000,0.000,,,,,NVIDIA A100-SXM4-40GB (0),1,,13,cupy_copy__complex64_complex64
2026653563,79423,28198,1,1,1,32,32,1,30,0.000,0.000,,,,,NVIDIA A100-SXM4-40GB (0),1,,13,"void convert_kernel<__half2, float2>(tensor_layout_any, T1 *, tensor_layout_any, const T2 *)"
2026759706,4192,28201,,,,,,,,,,0.061,14656.451,Pinned,Device,NVIDIA A100-SXM4-40GB (0),1,,13,[CUDA memcpy Host-to-Device]
2026770586,587769,28202,,,,,,,,,,456.520,776541.336,Device,,NVIDIA A100-SXM4-40GB (0),1,,13,[CUDA memset]
2027360883,32703,28207,,,,,,,,,,0.825,25237.369,Pinned,Device,NVIDIA A100-SXM4-40GB (0),1,,13,[CUDA memcpy Host-to-Device]
2027395762,6784,28208,,,,,,,,,,0.131,19320.668,Pinned,Device,NVIDIA A100-SXM4-40GB (0),1,,13,[CUDA memcpy Host-to-Device]
2027411122,7424,28209,69,4,1,48,1,1,76,0.002,0.000,,,,,NVIDIA A100-SXM4-40GB (0),1,,13,"void ch_est::windowedChEstPreNoDftSOfdmKernel<float, __half, float, (unsigned int)2, (unsigned int)1, (unsigned short)4>(ch_est::puschRxChEstStatDescr_t *, ch_est::puschRxChEstDynDescr_t *)"
2027419538,6304,28210,137,2,1,24,2,1,44,0.001,0.001,,,,,NVIDIA A100-SXM4-40GB (0),1,,13,"void ch_est::chEstFilterNoDftSOfdmDispatchKernel<float, __half, float, (unsigned int)2>(ch_est::puschRxChEstStatDescr_t *, ch_est::puschRxChEstDynDescr_t *)"
2027426802,4736,28211,137,2,1,24,2,1,44,0.001,0.001,,,,,NVIDIA A100-SXM4-40GB (0),1,,13,"void ch_est::chEstFilterNoDftSOfdmDispatchKernel<float, __half, float, (unsigned int)2>(ch_est::puschRxChEstStatDescr_t *, ch_est::puschRxChEstDynDescr_t *)"
2027432530,2400,28222,103,1,1,128,1,1,16,0.000,0.000,,,,,NVIDIA A100-SXM4-40GB (0),1,,13,cupy_copy__complex64_complex64
2027436018,15232,28232,1434,1,1,128,1,1,16,0.000,0.000,,,,,NVIDIA A100-SXM4-40GB (0),1,,13,cupy_copy__complex64_complex64
2027452210,2336,28239,103,1,1,128,1,1,16,0.000,0.000,,,,,NVIDIA A100-SXM4-40GB (0),1,,13,cupy_copy__complex64_complex64
2027455634,79103,28246,1,1,1,32,32,1,30,0.000,0.000,,,,,NVIDIA A100-SXM4-40GB (0),1,,13,"void convert_kernel<__half2, float2>(tensor_layout_any, T1 *, tensor_layout_any, const T2 *)"
2027561680,4256,28249,,,,,,,,,,0.061,14436.065,Pinned,Device,NVIDIA A100-SXM4-40GB (0),1,,13,[CUDA memcpy Host-to-Device]
2027573616,46208,28250,,,,,,,,,,35.801,774768.575,Device,,NVIDIA A100-SXM4-40GB (0),1,,13,[CUDA memset]
2027620240,1888,28252,,,,,,,,,,0.000,42.373,Pinned,Device,NVIDIA A100-SXM4-40GB (0),1,,13,[CUDA memcpy Host-to-Device]
2027624272,6815,28253,,,,,,,,,,0.131,19232.850,Pinned,Device,NVIDIA A100-SXM4-40GB (0),1,,13,[CUDA memcpy Host-to-Device]
2027634351,8704,28254,273,1,1,48,1,1,40,0.000,0.001,,,,,NVIDIA A100-SXM4-40GB (0),1,,13,"void pusch_noise_intf_est::noiseIntfEstNoDftSOfdmKernel<float, __half, float, float, (unsigned int)2, (unsigned int)1, (unsigned char)4, (unsigned char)4>(pusch_noise_intf_est::puschRxNoiseIntfEstDynDescr)"
2027648463,2784,28265,35,1,1,128,1,1,16,0.000,0.000,,,,,NVIDIA A100-SXM4-40GB (0),1,,13,cupy_copy__complex64_complex64
2027683855,1568,28274,1,1,1,1,1,1,18,0.000,0.000,,,,,NVIDIA A100-SXM4-40GB (0),1,,13,cupy_copy__float32_float32
2027718094,1664,28280,,,,,,,,,,0.000,2.404,Device,Pageable,NVIDIA A100-SXM4-40GB (0),1,,7,[CUDA memcpy Device-to-Host]
2027775822,15392,28291,1434,1,1,128,1,1,16,0.000,0.000,,,,,NVIDIA A100-SXM4-40GB (0),1,,13,cupy_copy__complex64_complex64
2027802605,2592,28298,103,1,1,128,1,1,16,0.000,0.000,,,,,NVIDIA A100-SXM4-40GB (0),1,,13,cupy_copy__complex64_complex64
2027822221,2080,28305,35,1,1,128,1,1,16,0.000,0.000,,,,,NVIDIA A100-SXM4-40GB (0),1,,13,cupy_copy__complex64_complex64
2027839757,1536,28312,1,1,1,1,1,1,18,0.000,0.000,,,,,NVIDIA A100-SXM4-40GB (0),1,,13,cupy_copy__float32_float32
2027979211,79775,28323,1,1,1,32,32,1,30,0.000,0.000,,,,,NVIDIA A100-SXM4-40GB (0),1,,13,"void convert_kernel<__half2, float2>(tensor_layout_any, T1 *, tensor_layout_any, const T2 *)"
2028086954,4192,28326,,,,,,,,,,0.061,14656.451,Pinned,Device,NVIDIA A100-SXM4-40GB (0),1,,13,[CUDA memcpy Host-to-Device]
2028102410,3360,28327,,,,,,,,,,1.547,460304.688,Device,,NVIDIA A100-SXM4-40GB (0),1,,13,[CUDA memset]
2028107626,3072,28332,,,,,,,,,,0.021,6854.149,Pinned,Device,NVIDIA A100-SXM4-40GB (0),1,,13,[CUDA memcpy Host-to-Device]
2028112842,7360,28333,,,,,,,,,,0.131,17808.622,Pinned,Device,NVIDIA A100-SXM4-40GB (0),1,,13,[CUDA memcpy Host-to-Device]
2028123850,6079,28334,273,1,1,8,4,1,39,0.002,0.000,,,,,NVIDIA A100-SXM4-40GB (0),1,,13,"void channel_eq::eqMmseCoefCompLowMimoKernel<float, float, float, (unsigned int)4, (unsigned int)1, (unsigned int)4>(const channel_eq::_puschRxChEqStatDescr *, channel_eq::_puschRxChEqCoefCompDynDescr)"
2028130857,5280,28335,273,1,1,12,11,1,40,0.002,0.000,,,,,NVIDIA A100-SXM4-40GB (0),1,,13,"void channel_eq::eqMmseSoftDemapKernel<float, __half, __half, float, (unsigned int)4, (unsigned short)16383>(channel_eq::_puschRxChEqStatDescr *, channel_eq::_puschRxChEqSoftDemapDynDescr)"
2028137065,281053,28336,1,1,1,32,32,1,30,0.000,0.000,,,,,NVIDIA A100-SXM4-40GB (0),1,,13,"void convert_kernel<float2, __half2>(tensor_layout_any, T1 *, tensor_layout_any, const T2 *)"
2028419270,12448,28348,2253,1,1,128,1,1,16,0.000,0.000,,,,,NVIDIA A100-SXM4-40GB (0),1,,13,cupy_copy__float16_float16
2028432646,2624,28357,282,1,1,128,1,1,16,0.000,0.000,,,,,NVIDIA A100-SXM4-40GB (0),1,,13,cupy_copy__complex64_complex64
2028436358,1856,28366,26,1,1,128,1,1,16,0.000,0.000,,,,,NVIDIA A100-SXM4-40GB (0),1,,13,cupy_copy__float32_float32
2028439462,2752,28375,103,1,1,128,1,1,16,0.000,0.000,,,,,NVIDIA A100-SXM4-40GB (0),1,,13,cupy_copy__complex64_complex64
2028443174,14080,28385,1434,1,1,128,1,1,16,0.000,0.000,,,,,NVIDIA A100-SXM4-40GB (0),1,,13,cupy_copy__complex64_complex64
2028479045,79807,28390,1,1,1,32,32,1,30,0.000,0.000,,,,,NVIDIA A100-SXM4-40GB (0),1,,13,"void convert_kernel<__half2, float2>(tensor_layout_any, T1 *, tensor_layout_any, const T2 *)"
2028722594,4192,28393,,,,,,,,,,0.061,14656.451,Pinned,Device,NVIDIA A100-SXM4-40GB (0),1,,13,[CUDA memcpy Host-to-Device]
2028732034,588089,28394,,,,,,,,,,456.520,776084.816,Device,,NVIDIA A100-SXM4-40GB (0),1,,13,[CUDA memset]
2029321403,32736,28399,,,,,,,,,,0.825,25211.783,Pinned,Device,NVIDIA A100-SXM4-40GB (0),1,,13,[CUDA memcpy Host-to-Device]
2029356283,6752,28400,,,,,,,,,,0.131,19412.287,Pinned,Device,NVIDIA A100-SXM4-40GB (0),1,,13,[CUDA memcpy Host-to-Device]
2029373051,7167,28401,69,4,1,48,1,1,76,0.002,0.000,,,,,NVIDIA A100-SXM4-40GB (0),1,,13,"void ch_est::windowedChEstPreNoDftSOfdmKernel<float, __half, float, (unsigned int)2, (unsigned int)1, (unsigned short)4>(ch_est::puschRxChEstStatDescr_t *, ch_est::puschRxChEstDynDescr_t *)"
2029381274,6432,28402,137,2,1,24,2,1,44,0.001,0.001,,,,,NVIDIA A100-SXM4-40GB (0),1,,13,"void ch_est::chEstFilterNoDftSOfdmDispatchKernel<float, __half, float, (unsigned int)2>(ch_est::puschRxChEstStatDescr_t *, ch_est::puschRxChEstDynDescr_t *)"
2029388922,4704,28403,137,2,1,24,2,1,44,0.001,0.001,,,,,NVIDIA A100-SXM4-40GB (0),1,,13,"void ch_est::chEstFilterNoDftSOfdmDispatchKernel<float, __half, float, (unsigned int)2>(ch_est::puschRxChEstStatDescr_t *, ch_est::puschRxChEstDynDescr_t *)"
2029394618,2816,28414,103,1,1,128,1,1,16,0.000,0.000,,,,,NVIDIA A100-SXM4-40GB (0),1,,13,cupy_copy__complex64_complex64
2029398522,15264,28424,1434,1,1,128,1,1,16,0.000,0.000,,,,,NVIDIA A100-SXM4-40GB (0),1,,13,cupy_copy__complex64_complex64
2029414778,2336,28431,103,1,1,128,1,1,16,0.000,0.000,,,,,NVIDIA A100-SXM4-40GB (0),1,,13,cupy_copy__complex64_complex64
2029418330,79487,28438,1,1,1,32,32,1,30,0.000,0.000,,,,,NVIDIA A100-SXM4-40GB (0),1,,13,"void convert_kernel<__half2, float2>(tensor_layout_any, T1 *, tensor_layout_any, const T2 *)"
2029528313,4224,28441,,,,,,,,,,0.061,14545.428,Pinned,Device,NVIDIA A100-SXM4-40GB (0),1,,13,[CUDA memcpy Host-to-Device]
2029542009,45887,28442,,,,,,,,,,35.801,780174.520,Device,,NVIDIA A100-SXM4-40GB (0),1,,13,[CUDA memset]
2029593144,1888,28444,,,,,,,,,,0.000,42.373,Pinned,Device,NVIDIA A100-SXM4-40GB (0),1,,13,[CUDA memcpy Host-to-Device]
2029597176,6816,28445,,,,,,,,,,0.131,19229.966,Pinned,Device,NVIDIA A100-SXM4-40GB (0),1,,13,[CUDA memcpy Host-to-Device]
2029608568,8640,28446,273,1,1,48,1,1,40,0.000,0.001,,,,,NVIDIA A100-SXM4-40GB (0),1,,13,"void pusch_noise_intf_est::noiseIntfEstNoDftSOfdmKernel<float, __half, float, float, (unsigned int)2, (unsigned int)1, (unsigned char)4, (unsigned char)4>(pusch_noise_intf_est::puschRxNoiseIntfEstDynDescr)"
2029618392,2752,28457,35,1,1,128,1,1,16,0.000,0.000,,,,,NVIDIA A100-SXM4-40GB (0),1,,13,cupy_copy__complex64_complex64
2029655031,1600,28466,1,1,1,1,1,1,18,0.000,0.000,,,,,NVIDIA A100-SXM4-40GB (0),1,,13,cupy_copy__float32_float32
2029689943,1728,28472,,,,,,,,,,0.000,2.315,Device,Pageable,NVIDIA A100-SXM4-40GB (0),1,,7,[CUDA memcpy Device-to-Host]
2029748054,15232,28483,1434,1,1,128,1,1,16,0.000,0.000,,,,,NVIDIA A100-SXM4-40GB (0),1,,13,cupy_copy__complex64_complex64
2029775062,2560,28490,103,1,1,128,1,1,16,0.000,0.000,,,,,NVIDIA A100-SXM4-40GB (0),1,,13,cupy_copy__complex64_complex64
2029795285,2112,28497,35,1,1,128,1,1,16,0.000,0.000,,,,,NVIDIA A100-SXM4-40GB (0),1,,13,cupy_copy__complex64_complex64
2029814069,1536,28504,1,1,1,1,1,1,18,0.000,0.000,,,,,NVIDIA A100-SXM4-40GB (0),1,,13,cupy_copy__float32_float32
2029946740,79487,28515,1,1,1,32,32,1,30,0.000,0.000,,,,,NVIDIA A100-SXM4-40GB (0),1,,13,"void convert_kernel<__half2, float2>(tensor_layout_any, T1 *, tensor_layout_any, const T2 *)"
2030186929,4160,28518,,,,,,,,,,0.061,14769.193,Pinned,Device,NVIDIA A100-SXM4-40GB (0),1,,13,[CUDA memcpy Host-to-Device]
2030197937,3296,28519,,,,,,,,,,1.547,469242.628,Device,,NVIDIA A100-SXM4-40GB (0),1,,13,[CUDA memset]
2030208273,3072,28524,,,,,,,,,,0.021,6854.149,Pinned,Device,NVIDIA A100-SXM4-40GB (0),1,,13,[CUDA memcpy Host-to-Device]
2030213456,6848,28525,,,,,,,,,,0.131,19140.182,Pinned,Device,NVIDIA A100-SXM4-40GB (0),1,,13,[CUDA memcpy Host-to-Device]
2030227312,6016,28526,273,1,1,8,4,1,39,0.002,0.000,,,,,NVIDIA A100-SXM4-40GB (0),1,,13,"void channel_eq::eqMmseCoefCompLowMimoKernel<float, float, float, (unsigned int)4, (unsigned int)1, (unsigned int)4>(const channel_eq::_puschRxChEqStatDescr *, channel_eq::_puschRxChEqCoefCompDynDescr)"
2030234512,5312,28527,273,1,1,12,11,1,40,0.002,0.000,,,,,NVIDIA A100-SXM4-40GB (0),1,,13,"void channel_eq::eqMmseSoftDemapKernel<float, __half, __half, float, (unsigned int)4, (unsigned short)16383>(channel_eq::_puschRxChEqStatDescr *, channel_eq::_puschRxChEqSoftDemapDynDescr)"
2030241040,280637,28528,1,1,1,32,32,1,30,0.000,0.000,,,,,NVIDIA A100-SXM4-40GB (0),1,,13,"void convert_kernel<float2, __half2>(tensor_layout_any, T1 *, tensor_layout_any, const T2 *)"
2030522733,12352,28540,2253,1,1,128,1,1,16,0.000,0.000,,,,,NVIDIA A100-SXM4-40GB (0),1,,13,cupy_copy__float16_float16
2030536077,2624,28549,282,1,1,128,1,1,16,0.000,0.000,,,,,NVIDIA A100-SXM4-40GB (0),1,,13,cupy_copy__complex64_complex64
2030539789,1856,28558,26,1,1,128,1,1,16,0.000,0.000,,,,,NVIDIA A100-SXM4-40GB (0),1,,13,cupy_copy__float32_float32
2030542605,2816,28567,103,1,1,128,1,1,16,0.000,0.000,,,,,NVIDIA A100-SXM4-40GB (0),1,,13,cupy_copy__complex64_complex64
2030546604,13984,28577,1434,1,1,128,1,1,16,0.000,0.000,,,,,NVIDIA A100-SXM4-40GB (0),1,,13,cupy_copy__complex64_complex64
2030698155,80287,28582,1,1,1,32,32,1,30,0.000,0.000,,,,,NVIDIA A100-SXM4-40GB (0),1,,13,"void convert_kernel<__half2, float2>(tensor_layout_any, T1 *, tensor_layout_any, const T2 *)"
2030808745,4160,28585,,,,,,,,,,0.061,14769.193,Pinned,Device,NVIDIA A100-SXM4-40GB (0),1,,13,[CUDA memcpy Host-to-Device]
2030819721,586969,28586,,,,,,,,,,456.520,777454.377,Device,,NVIDIA A100-SXM4-40GB (0),1,,13,[CUDA memset]
2031410018,32736,28591,,,,,,,,,,0.825,25211.783,Pinned,Device,NVIDIA A100-SXM4-40GB (0),1,,13,[CUDA memcpy Host-to-Device]
2031444898,6816,28592,,,,,,,,,,0.131,19229.966,Pinned,Device,NVIDIA A100-SXM4-40GB (0),1,,13,[CUDA memcpy Host-to-Device]
2031460162,7711,28593,69,4,1,48,1,1,76,0.002,0.000,,,,,NVIDIA A100-SXM4-40GB (0),1,,13,"void ch_est::windowedChEstPreNoDftSOfdmKernel<float, __half, float, (unsigned int)2, (unsigned int)1, (unsigned short)4>(ch_est::puschRxChEstStatDescr_t *, ch_est::puschRxChEstDynDescr_t *)"
2031469121,6400,28594,137,2,1,24,2,1,44,0.001,0.001,,,,,NVIDIA A100-SXM4-40GB (0),1,,13,"void ch_est::chEstFilterNoDftSOfdmDispatchKernel<float, __half, float, (unsigned int)2>(ch_est::puschRxChEstStatDescr_t *, ch_est::puschRxChEstDynDescr_t *)"
2031476737,4768,28595,137,2,1,24,2,1,44,0.001,0.001,,,,,NVIDIA A100-SXM4-40GB (0),1,,13,"void ch_est::chEstFilterNoDftSOfdmDispatchKernel<float, __half, float, (unsigned int)2>(ch_est::puschRxChEstStatDescr_t *, ch_est::puschRxChEstDynDescr_t *)"
2031482497,2368,28606,103,1,1,128,1,1,16,0.000,0.000,,,,,NVIDIA A100-SXM4-40GB (0),1,,13,cupy_copy__complex64_complex64
2031485921,15392,28616,1434,1,1,128,1,1,16,0.000,0.000,,,,,NVIDIA A100-SXM4-40GB (0),1,,13,cupy_copy__complex64_complex64
2031502369,2272,28623,103,1,1,128,1,1,16,0.000,0.000,,,,,NVIDIA A100-SXM4-40GB (0),1,,13,cupy_copy__complex64_complex64
2031505601,78847,28630,1,1,1,32,32,1,30,0.000,0.000,,,,,NVIDIA A100-SXM4-40GB (0),1,,13,"void convert_kernel<__half2, float2>(tensor_layout_any, T1 *, tensor_layout_any, const T2 *)"
2031613280,4192,28633,,,,,,,,,,0.061,14656.451,Pinned,Device,NVIDIA A100-SXM4-40GB (0),1,,13,[CUDA memcpy Host-to-Device]
2031625728,46047,28634,,,,,,,,,,35.801,777453.647,Device,,NVIDIA A100-SXM4-40GB (0),1,,13,[CUDA memset]
2031677279,1888,28636,,,,,,,,,,0.000,42.373,Pinned,Device,NVIDIA A100-SXM4-40GB (0),1,,13,[CUDA memcpy Host-to-Device]
2031681311,7136,28637,,,,,,,,,,0.131,18367.644,Pinned,Device,NVIDIA A100-SXM4-40GB (0),1,,13,[CUDA memcpy Host-to-Device]
2031691871,8672,28638,273,1,1,48,1,1,40,0.000,0.001,,,,,NVIDIA A100-SXM4-40GB (0),1,,13,"void pusch_noise_intf_est::noiseIntfEstNoDftSOfdmKernel<float, __half, float, float, (unsigned int)2, (unsigned int)1, (unsigned char)4, (unsigned char)4>(pusch_noise_intf_est::puschRxNoiseIntfEstDynDescr)"
2031701599,2624,28649,35,1,1,128,1,1,16,0.000,0.000,,,,,NVIDIA A100-SXM4-40GB (0),1,,13,cupy_copy__complex64_complex64
2031733822,1600,28658,1,1,1,1,1,1,18,0.000,0.000,,,,,NVIDIA A100-SXM4-40GB (0),1,,13,cupy_copy__float32_float32
2031768478,1696,28664,,,,,,,,,,0.000,2.358,Device,Pageable,NVIDIA A100-SXM4-40GB (0),1,,7,[CUDA memcpy Device-to-Host]
2031826301,15648,28675,1434,1,1,128,1,1,16,0.000,0.000,,,,,NVIDIA A100-SXM4-40GB (0),1,,13,cupy_copy__complex64_complex64
2031853021,2624,28682,103,1,1,128,1,1,16,0.000,0.000,,,,,NVIDIA A100-SXM4-40GB (0),1,,13,cupy_copy__complex64_complex64
2031874365,2112,28689,35,1,1,128,1,1,16,0.000,0.000,,,,,NVIDIA A100-SXM4-40GB (0),1,,13,cupy_copy__complex64_complex64
2031893148,1536,28696,1,1,1,1,1,1,18,0.000,0.000,,,,,NVIDIA A100-SXM4-40GB (0),1,,13,cupy_copy__float32_float32
2032032571,78783,28707,1,1,1,32,32,1,30,0.000,0.000,,,,,NVIDIA A100-SXM4-40GB (0),1,,13,"void convert_kernel<__half2, float2>(tensor_layout_any, T1 *, tensor_layout_any, const T2 *)"
2032138329,4192,28710,,,,,,,,,,0.061,14656.451,Pinned,Device,NVIDIA A100-SXM4-40GB (0),1,,13,[CUDA memcpy Host-to-Device]
2032152697,3360,28711,,,,,,,,,,1.547,460304.688,Device,,NVIDIA A100-SXM4-40GB (0),1,,13,[CUDA memset]
2032159257,3040,28716,,,,,,,,,,0.021,6926.308,Pinned,Device,NVIDIA A100-SXM4-40GB (0),1,,13,[CUDA memcpy Host-to-Device]
2032164409,6944,28717,,,,,,,,,,0.131,18875.548,Pinned,Device,NVIDIA A100-SXM4-40GB (0),1,,13,[CUDA memcpy Host-to-Device]
2032178841,6080,28718,273,1,1,8,4,1,39,0.002,0.000,,,,,NVIDIA A100-SXM4-40GB (0),1,,13,"void channel_eq::eqMmseCoefCompLowMimoKernel<float, float, float, (unsigned int)4, (unsigned int)1, (unsigned int)4>(const channel_eq::_puschRxChEqStatDescr *, channel_eq::_puschRxChEqCoefCompDynDescr)"
2032185977,5248,28719,273,1,1,12,11,1,40,0.002,0.000,,,,,NVIDIA A100-SXM4-40GB (0),1,,13,"void channel_eq::eqMmseSoftDemapKernel<float, __half, __half, float, (unsigned int)4, (unsigned short)16383>(channel_eq::_puschRxChEqStatDescr *, channel_eq::_puschRxChEqSoftDemapDynDescr)"
2032192185,281308,28720,1,1,1,32,32,1,30,0.000,0.000,,,,,NVIDIA A100-SXM4-40GB (0),1,,13,"void convert_kernel<float2, __half2>(tensor_layout_any, T1 *, tensor_layout_any, const T2 *)"
2032474581,12480,28732,2253,1,1,128,1,1,16,0.000,0.000,,,,,NVIDIA A100-SXM4-40GB (0),1,,13,cupy_copy__float16_float16
2032488149,2560,28741,282,1,1,128,1,1,16,0.000,0.000,,,,,NVIDIA A100-SXM4-40GB (0),1,,13,cupy_copy__complex64_complex64
2032491637,1888,28750,26,1,1,128,1,1,16,0.000,0.000,,,,,NVIDIA A100-SXM4-40GB (0),1,,13,cupy_copy__float32_float32
2032494741,2784,28759,103,1,1,128,1,1,16,0.000,0.000,,,,,NVIDIA A100-SXM4-40GB (0),1,,13,cupy_copy__complex64_complex64
2032498453,14016,28769,1434,1,1,128,1,1,16,0.000,0.000,,,,,NVIDIA A100-SXM4-40GB (0),1,,13,cupy_copy__complex64_complex64
2032532949,79359,28774,1,1,1,32,32,1,30,0.000,0.000,,,,,NVIDIA A100-SXM4-40GB (0),1,,13,"void convert_kernel<__half2, float2>(tensor_layout_any, T1 *, tensor_layout_any, const T2 *)"
2032639347,4160,28777,,,,,,,,,,0.061,14769.193,Pinned,Device,NVIDIA A100-SXM4-40GB (0),1,,13,[CUDA memcpy Host-to-Device]
2032650355,587193,28778,,,,,,,,,,456.520,777454.377,Device,,NVIDIA A100-SXM4-40GB (0),1,,13,[CUDA memset]
2033239884,32736,28783,,,,,,,,,,0.825,25211.783,Pinned,Device,NVIDIA A100-SXM4-40GB (0),1,,13,[CUDA memcpy Host-to-Device]
2033274764,6816,28784,,,,,,,,,,0.131,19229.966,Pinned,Device,NVIDIA A100-SXM4-40GB (0),1,,13,[CUDA memcpy Host-to-Device]
2033292076,7391,28785,69,4,1,48,1,1,76,0.002,0.000,,,,,NVIDIA A100-SXM4-40GB (0),1,,13,"void ch_est::windowedChEstPreNoDftSOfdmKernel<float, __half, float, (unsigned int)2, (unsigned int)1, (unsigned short)4>(ch_est::puschRxChEstStatDescr_t *, ch_est::puschRxChEstDynDescr_t *)"
2033300523,6624,28786,137,2,1,24,2,1,44,0.001,0.001,,,,,NVIDIA A100-SXM4-40GB (0),1,,13,"void ch_est::chEstFilterNoDftSOfdmDispatchKernel<float, __half, float, (unsigned int)2>(ch_est::puschRxChEstStatDescr_t *, ch_est::puschRxChEstDynDescr_t *)"
2033308363,4736,28787,137,2,1,24,2,1,44,0.001,0.001,,,,,NVIDIA A100-SXM4-40GB (0),1,,13,"void ch_est::chEstFilterNoDftSOfdmDispatchKernel<float, __half, float, (unsigned int)2>(ch_est::puschRxChEstStatDescr_t *, ch_est::puschRxChEstDynDescr_t *)"
2033314123,2432,28798,103,1,1,128,1,1,16,0.000,0.000,,,,,NVIDIA A100-SXM4-40GB (0),1,,13,cupy_copy__complex64_complex64
2033317579,15072,28808,1434,1,1,128,1,1,16,0.000,0.000,,,,,NVIDIA A100-SXM4-40GB (0),1,,13,cupy_copy__complex64_complex64
2033333643,2304,28815,103,1,1,128,1,1,16,0.000,0.000,,,,,NVIDIA A100-SXM4-40GB (0),1,,13,cupy_copy__complex64_complex64
2033337163,79039,28822,1,1,1,32,32,1,30,0.000,0.000,,,,,NVIDIA A100-SXM4-40GB (0),1,,13,"void convert_kernel<__half2, float2>(tensor_layout_any, T1 *, tensor_layout_any, const T2 *)"
2033444682,4736,28825,,,,,,,,,,0.061,12972.933,Pinned,Device,NVIDIA A100-SXM4-40GB (0),1,,13,[CUDA memcpy Host-to-Device]
2033456970,45855,28826,,,,,,,,,,35.801,780711.535,Device,,NVIDIA A100-SXM4-40GB (0),1,,13,[CUDA memset]
2033510217,1888,28828,,,,,,,,,,0.000,42.373,Pinned,Device,NVIDIA A100-SXM4-40GB (0),1,,13,[CUDA memcpy Host-to-Device]
2033514249,6784,28829,,,,,,,,,,0.131,19320.668,Pinned,Device,NVIDIA A100-SXM4-40GB (0),1,,13,[CUDA memcpy Host-to-Device]
2033525993,8704,28830,273,1,1,48,1,1,40,0.000,0.001,,,,,NVIDIA A100-SXM4-40GB (0),1,,13,"void pusch_noise_intf_est::noiseIntfEstNoDftSOfdmKernel<float, __half, float, float, (unsigned int)2, (unsigned int)1, (unsigned char)4, (unsigned char)4>(pusch_noise_intf_est::puschRxNoiseIntfEstDynDescr)"
2033535817,2720,28841,35,1,1,128,1,1,16,0.000,0.000,,,,,NVIDIA A100-SXM4-40GB (0),1,,13,cupy_copy__complex64_complex64
2033562952,1600,28850,1,1,1,1,1,1,18,0.000,0.000,,,,,NVIDIA A100-SXM4-40GB (0),1,,13,cupy_copy__float32_float32
2033597320,1632,28856,,,,,,,,,,0.000,2.451,Device,Pageable,NVIDIA A100-SXM4-40GB (0),1,,7,[CUDA memcpy Device-to-Host]
2033654855,15424,28867,1434,1,1,128,1,1,16,0.000,0.000,,,,,NVIDIA A100-SXM4-40GB (0),1,,13,cupy_copy__complex64_complex64
2033681415,2624,28874,103,1,1,128,1,1,16,0.000,0.000,,,,,NVIDIA A100-SXM4-40GB (0),1,,13,cupy_copy__complex64_complex64
2033702471,2144,28881,35,1,1,128,1,1,16,0.000,0.000,,,,,NVIDIA A100-SXM4-40GB (0),1,,13,cupy_copy__complex64_complex64
2033720198,1568,28888,1,1,1,1,1,1,18,0.000,0.000,,,,,NVIDIA A100-SXM4-40GB (0),1,,13,cupy_copy__float32_float32
2033851333,79903,28899,1,1,1,32,32,1,30,0.000,0.000,,,,,NVIDIA A100-SXM4-40GB (0),1,,13,"void convert_kernel<__half2, float2>(tensor_layout_any, T1 *, tensor_layout_any, const T2 *)"
2034094146,4192,28902,,,,,,,,,,0.061,14656.451,Pinned,Device,NVIDIA A100-SXM4-40GB (0),1,,13,[CUDA memcpy Host-to-Device]
2034107586,3328,28903,,,,,,,,,,1.547,464729.580,Device,,NVIDIA A100-SXM4-40GB (0),1,,13,[CUDA memset]
2034116834,3040,28908,,,,,,,,,,0.021,6926.308,Pinned,Device,NVIDIA A100-SXM4-40GB (0),1,,13,[CUDA memcpy Host-to-Device]
2034122018,6848,28909,,,,,,,,,,0.131,19140.182,Pinned,Device,NVIDIA A100-SXM4-40GB (0),1,,13,[CUDA memcpy Host-to-Device]
2034134849,5984,28910,273,1,1,8,4,1,39,0.002,0.000,,,,,NVIDIA A100-SXM4-40GB (0),1,,13,"void channel_eq::eqMmseCoefCompLowMimoKernel<float, float, float, (unsigned int)4, (unsigned int)1, (unsigned int)4>(const channel_eq::_puschRxChEqStatDescr *, channel_eq::_puschRxChEqCoefCompDynDescr)"
2034142049,5184,28911,273,1,1,12,11,1,40,0.002,0.000,,,,,NVIDIA A100-SXM4-40GB (0),1,,13,"void channel_eq::eqMmseSoftDemapKernel<float, __half, __half, float, (unsigned int)4, (unsigned short)16383>(channel_eq::_puschRxChEqStatDescr *, channel_eq::_puschRxChEqSoftDemapDynDescr)"
2034148257,281437,28912,1,1,1,32,32,1,30,0.000,0.000,,,,,NVIDIA A100-SXM4-40GB (0),1,,13,"void convert_kernel<float2, __half2>(tensor_layout_any, T1 *, tensor_layout_any, const T2 *)"
2034430814,12448,28924,2253,1,1,128,1,1,16,0.000,0.000,,,,,NVIDIA A100-SXM4-40GB (0),1,,13,cupy_copy__float16_float16
2034444478,2592,28933,282,1,1,128,1,1,16,0.000,0.000,,,,,NVIDIA A100-SXM4-40GB (0),1,,13,cupy_copy__complex64_complex64
2034448254,1856,28942,26,1,1,128,1,1,16,0.000,0.000,,,,,NVIDIA A100-SXM4-40GB (0),1,,13,cupy_copy__float32_float32
2034451358,2784,28951,103,1,1,128,1,1,16,0.000,0.000,,,,,NVIDIA A100-SXM4-40GB (0),1,,13,cupy_copy__complex64_complex64
2034455358,14111,28961,1434,1,1,128,1,1,16,0.000,0.000,,,,,NVIDIA A100-SXM4-40GB (0),1,,13,cupy_copy__complex64_complex64
2034608060,79615,28966,1,1,1,32,32,1,30,0.000,0.000,,,,,NVIDIA A100-SXM4-40GB (0),1,,13,"void convert_kernel<__half2, float2>(tensor_layout_any, T1 *, tensor_layout_any, const T2 *)"
2034717499,4191,28969,,,,,,,,,,0.061,14659.953,Pinned,Device,NVIDIA A100-SXM4-40GB (0),1,,13,[CUDA memcpy Host-to-Device]
2034729274,587129,28970,,,,,,,,,,456.520,777454.377,Device,,NVIDIA A100-SXM4-40GB (0),1,,13,[CUDA memset]
2035317875,32896,28975,,,,,,,,,,0.825,25088.807,Pinned,Device,NVIDIA A100-SXM4-40GB (0),1,,13,[CUDA memcpy Host-to-Device]
2035352915,6816,28976,,,,,,,,,,0.131,19229.966,Pinned,Device,NVIDIA A100-SXM4-40GB (0),1,,13,[CUDA memcpy Host-to-Device]
2035370771,7520,28977,69,4,1,48,1,1,76,0.002,0.000,,,,,NVIDIA A100-SXM4-40GB (0),1,,13,"void ch_est::windowedChEstPreNoDftSOfdmKernel<float, __half, float, (unsigned int)2, (unsigned int)1, (unsigned short)4>(ch_est::puschRxChEstStatDescr_t *, ch_est::puschRxChEstDynDescr_t *)"
2035379507,6367,28978,137,2,1,24,2,1,44,0.001,0.001,,,,,NVIDIA A100-SXM4-40GB (0),1,,13,"void ch_est::chEstFilterNoDftSOfdmDispatchKernel<float, __half, float, (unsigned int)2>(ch_est::puschRxChEstStatDescr_t *, ch_est::puschRxChEstDynDescr_t *)"
2035387090,4736,28979,137,2,1,24,2,1,44,0.001,0.001,,,,,NVIDIA A100-SXM4-40GB (0),1,,13,"void ch_est::chEstFilterNoDftSOfdmDispatchKernel<float, __half, float, (unsigned int)2>(ch_est::puschRxChEstStatDescr_t *, ch_est::puschRxChEstDynDescr_t *)"
2035392818,2368,28990,103,1,1,128,1,1,16,0.000,0.000,,,,,NVIDIA A100-SXM4-40GB (0),1,,13,cupy_copy__complex64_complex64
2035396274,15168,29000,1434,1,1,128,1,1,16,0.000,0.000,,,,,NVIDIA A100-SXM4-40GB (0),1,,13,cupy_copy__complex64_complex64
2035412626,2336,29007,103,1,1,128,1,1,16,0.000,0.000,,,,,NVIDIA A100-SXM4-40GB (0),1,,13,cupy_copy__complex64_complex64
2035416146,79007,29014,1,1,1,32,32,1,30,0.000,0.000,,,,,NVIDIA A100-SXM4-40GB (0),1,,13,"void convert_kernel<__half2, float2>(tensor_layout_any, T1 *, tensor_layout_any, const T2 *)"
2035655055,4192,29017,,,,,,,,,,0.061,14656.451,Pinned,Device,NVIDIA A100-SXM4-40GB (0),1,,13,[CUDA memcpy Host-to-Device]
2035668751,46528,29018,,,,,,,,,,35.801,769434.232,Device,,NVIDIA A100-SXM4-40GB (0),1,,13,[CUDA memset]
2035717935,1887,29020,,,,,,,,,,0.000,42.395,Pinned,Device,NVIDIA A100-SXM4-40GB (0),1,,13,[CUDA memcpy Host-to-Device]
2035721966,6816,29021,,,,,,,,,,0.131,19229.966,Pinned,Device,NVIDIA A100-SXM4-40GB (0),1,,13,[CUDA memcpy Host-to-Device]
2035733294,9216,29022,273,1,1,48,1,1,40,0.000,0.001,,,,,NVIDIA A100-SXM4-40GB (0),1,,13,"void pusch_noise_intf_est::noiseIntfEstNoDftSOfdmKernel<float, __half, float, float, (unsigned int)2, (unsigned int)1, (unsigned char)4, (unsigned char)4>(pusch_noise_intf_est::puschRxNoiseIntfEstDynDescr)"
2035743566,2688,29033,35,1,1,128,1,1,16,0.000,0.000,,,,,NVIDIA A100-SXM4-40GB (0),1,,13,cupy_copy__complex64_complex64
2035760718,1600,29042,1,1,1,1,1,1,18,0.000,0.000,,,,,NVIDIA A100-SXM4-40GB (0),1,,13,cupy_copy__float32_float32
2035795886,1696,29048,,,,,,,,,,0.000,2.358,Device,Pageable,NVIDIA A100-SXM4-40GB (0),1,,7,[CUDA memcpy Device-to-Host]
2035853261,15232,29059,1434,1,1,128,1,1,16,0.000,0.000,,,,,NVIDIA A100-SXM4-40GB (0),1,,13,cupy_copy__complex64_complex64
2035880045,2624,29066,103,1,1,128,1,1,16,0.000,0.000,,,,,NVIDIA A100-SXM4-40GB (0),1,,13,cupy_copy__complex64_complex64
2035900972,2112,29073,35,1,1,128,1,1,16,0.000,0.000,,,,,NVIDIA A100-SXM4-40GB (0),1,,13,cupy_copy__complex64_complex64
2035920300,1536,29080,1,1,1,1,1,1,18,0.000,0.000,,,,,NVIDIA A100-SXM4-40GB (0),1,,13,cupy_copy__float32_float32
2036190249,79327,29091,1,1,1,32,32,1,30,0.000,0.000,,,,,NVIDIA A100-SXM4-40GB (0),1,,13,"void convert_kernel<__half2, float2>(tensor_layout_any, T1 *, tensor_layout_any, const T2 *)"
2036302248,4191,29094,,,,,,,,,,0.061,14659.953,Pinned,Device,NVIDIA A100-SXM4-40GB (0),1,,13,[CUDA memcpy Host-to-Device]
2036317607,3296,29095,,,,,,,,,,1.547,469242.628,Device,,NVIDIA A100-SXM4-40GB (0),1,,13,[CUDA memset]
2036328263,2464,29100,,,,,,,,,,0.021,8545.451,Pinned,Device,NVIDIA A100-SXM4-40GB (0),1,,13,[CUDA memcpy Host-to-Device]
2036332423,6880,29101,,,,,,,,,,0.131,19051.053,Pinned,Device,NVIDIA A100-SXM4-40GB (0),1,,13,[CUDA memcpy Host-to-Device]
2036345479,6048,29102,273,1,1,8,4,1,39,0.002,0.000,,,,,NVIDIA A100-SXM4-40GB (0),1,,13,"void channel_eq::eqMmseCoefCompLowMimoKernel<float, float, float, (unsigned int)4, (unsigned int)1, (unsigned int)4>(const channel_eq::_puschRxChEqStatDescr *, channel_eq::_puschRxChEqCoefCompDynDescr)"
2036352487,5440,29103,273,1,1,12,11,1,40,0.002,0.000,,,,,NVIDIA A100-SXM4-40GB (0),1,,13,"void channel_eq::eqMmseSoftDemapKernel<float, __half, __half, float, (unsigned int)4, (unsigned short)16383>(channel_eq::_puschRxChEqStatDescr *, channel_eq::_puschRxChEqSoftDemapDynDescr)"
2036358919,280892,29104,1,1,1,32,32,1,30,0.000,0.000,,,,,NVIDIA A100-SXM4-40GB (0),1,,13,"void convert_kernel<float2, __half2>(tensor_layout_any, T1 *, tensor_layout_any, const T2 *)"
2036640963,12384,29116,2253,1,1,128,1,1,16,0.000,0.000,,,,,NVIDIA A100-SXM4-40GB (0),1,,13,cupy_copy__float16_float16
2036654307,2656,29125,282,1,1,128,1,1,16,0.000,0.000,,,,,NVIDIA A100-SXM4-40GB (0),1,,13,cupy_copy__complex64_complex64
2036658019,1856,29134,26,1,1,128,1,1,16,0.000,0.000,,,,,NVIDIA A100-SXM4-40GB (0),1,,13,cupy_copy__float32_float32
2036660835,2752,29143,103,1,1,128,1,1,16,0.000,0.000,,,,,NVIDIA A100-SXM4-40GB (0),1,,13,cupy_copy__complex64_complex64
2036716099,14207,29159,1434,1,1,128,1,1,16,0.000,0.000,,,,,NVIDIA A100-SXM4-40GB (0),1,,13,cupy_copy__complex64_complex64
2036831521,79231,29164,1,1,1,32,32,1,30,0.000,0.000,,,,,NVIDIA A100-SXM4-40GB (0),1,,13,"void convert_kernel<__half2, float2>(tensor_layout_any, T1 *, tensor_layout_any, const T2 *)"
2036938080,4192,29167,,,,,,,,,,0.061,14656.451,Pinned,Device,NVIDIA A100-SXM4-40GB (0),1,,13,[CUDA memcpy Host-to-Device]
2036949280,587033,29168,,,,,,,,,,456.520,777454.377,Device,,NVIDIA A100-SXM4-40GB (0),1,,13,[CUDA memset]
2037545145,32959,29173,,,,,,,,,,0.825,25040.937,Pinned,Device,NVIDIA A100-SXM4-40GB (0),1,,13,[CUDA memcpy Host-to-Device]
2037580248,6784,29174,,,,,,,,,,0.131,19320.668,Pinned,Device,NVIDIA A100-SXM4-40GB (0),1,,13,[CUDA memcpy Host-to-Device]
2037592824,7072,29175,69,4,1,48,1,1,76,0.002,0.000,,,,,NVIDIA A100-SXM4-40GB (0),1,,13,"void ch_est::windowedChEstPreNoDftSOfdmKernel<float, __half, float, (unsigned int)2, (unsigned int)1, (unsigned short)4>(ch_est::puschRxChEstStatDescr_t *, ch_est::puschRxChEstDynDescr_t *)"
2037601112,6368,29176,137,2,1,24,2,1,44,0.001,0.001,,,,,NVIDIA A100-SXM4-40GB (0),1,,13,"void ch_est::chEstFilterNoDftSOfdmDispatchKernel<float, __half, float, (unsigned int)2>(ch_est::puschRxChEstStatDescr_t *, ch_est::puschRxChEstDynDescr_t *)"
2037608472,4736,29177,137,2,1,24,2,1,44,0.001,0.001,,,,,NVIDIA A100-SXM4-40GB (0),1,,13,"void ch_est::chEstFilterNoDftSOfdmDispatchKernel<float, __half, float, (unsigned int)2>(ch_est::puschRxChEstStatDescr_t *, ch_est::puschRxChEstDynDescr_t *)"
2037614168,2432,29188,103,1,1,128,1,1,16,0.000,0.000,,,,,NVIDIA A100-SXM4-40GB (0),1,,13,cupy_copy__complex64_complex64
2037617624,15232,29198,1434,1,1,128,1,1,16,0.000,0.000,,,,,NVIDIA A100-SXM4-40GB (0),1,,13,cupy_copy__complex64_complex64
2037633848,2304,29205,103,1,1,128,1,1,16,0.000,0.000,,,,,NVIDIA A100-SXM4-40GB (0),1,,13,cupy_copy__complex64_complex64
2037637368,79231,29212,1,1,1,32,32,1,30,0.000,0.000,,,,,NVIDIA A100-SXM4-40GB (0),1,,13,"void convert_kernel<__half2, float2>(tensor_layout_any, T1 *, tensor_layout_any, const T2 *)"
2037743478,4736,29215,,,,,,,,,,0.061,12972.933,Pinned,Device,NVIDIA A100-SXM4-40GB (0),1,,13,[CUDA memcpy Host-to-Device]
2037755862,45952,29216,,,,,,,,,,35.801,779064.691,Device,,NVIDIA A100-SXM4-40GB (0),1,,13,[CUDA memset]
2037808917,1888,29218,,,,,,,,,,0.000,42.373,Pinned,Device,NVIDIA A100-SXM4-40GB (0),1,,13,[CUDA memcpy Host-to-Device]
2037812949,6816,29219,,,,,,,,,,0.131,19229.966,Pinned,Device,NVIDIA A100-SXM4-40GB (0),1,,13,[CUDA memcpy Host-to-Device]
2037825077,8672,29220,273,1,1,48,1,1,40,0.000,0.001,,,,,NVIDIA A100-SXM4-40GB (0),1,,13,"void pusch_noise_intf_est::noiseIntfEstNoDftSOfdmKernel<float, __half, float, float, (unsigned int)2, (unsigned int)1, (unsigned char)4, (unsigned char)4>(pusch_noise_intf_est::puschRxNoiseIntfEstDynDescr)"
2037834869,2560,29231,35,1,1,128,1,1,16,0.000,0.000,,,,,NVIDIA A100-SXM4-40GB (0),1,,13,cupy_copy__complex64_complex64
2037862101,1600,29240,1,1,1,1,1,1,18,0.000,0.000,,,,,NVIDIA A100-SXM4-40GB (0),1,,13,cupy_copy__float32_float32
2037896500,1728,29246,,,,,,,,,,0.000,2.315,Device,Pageable,NVIDIA A100-SXM4-40GB (0),1,,7,[CUDA memcpy Device-to-Host]
2037953684,15488,29257,1434,1,1,128,1,1,16,0.000,0.000,,,,,NVIDIA A100-SXM4-40GB (0),1,,13,cupy_copy__complex64_complex64
2037979635,2528,29264,103,1,1,128,1,1,16,0.000,0.000,,,,,NVIDIA A100-SXM4-40GB (0),1,,13,cupy_copy__complex64_complex64
2038000275,2144,29271,35,1,1,128,1,1,16,0.000,0.000,,,,,NVIDIA A100-SXM4-40GB (0),1,,13,cupy_copy__complex64_complex64
2038018291,1568,29278,1,1,1,1,1,1,18,0.000,0.000,,,,,NVIDIA A100-SXM4-40GB (0),1,,13,cupy_copy__float32_float32
2038149809,79199,29289,1,1,1,32,32,1,30,0.000,0.000,,,,,NVIDIA A100-SXM4-40GB (0),1,,13,"void convert_kernel<__half2, float2>(tensor_layout_any, T1 *, tensor_layout_any, const T2 *)"
2038259312,4192,29292,,,,,,,,,,0.061,14656.451,Pinned,Device,NVIDIA A100-SXM4-40GB (0),1,,13,[CUDA memcpy Host-to-Device]
2038273776,3296,29293,,,,,,,,,,1.547,469242.628,Device,,NVIDIA A100-SXM4-40GB (0),1,,13,[CUDA memset]
2038280368,3008,29298,,,,,,,,,,0.021,6999.983,Pinned,Device,NVIDIA A100-SXM4-40GB (0),1,,13,[CUDA memcpy Host-to-Device]
2038285520,7872,29299,,,,,,,,,,0.131,16650.338,Pinned,Device,NVIDIA A100-SXM4-40GB (0),1,,13,[CUDA memcpy Host-to-Device]
2038299472,6015,29300,273,1,1,8,4,1,39,0.002,0.000,,,,,NVIDIA A100-SXM4-40GB (0),1,,13,"void channel_eq::eqMmseCoefCompLowMimoKernel<float, float, float, (unsigned int)4, (unsigned int)1, (unsigned int)4>(const channel_eq::_puschRxChEqStatDescr *, channel_eq::_puschRxChEqCoefCompDynDescr)"
2038306703,5600,29301,273,1,1,12,11,1,40,0.002,0.000,,,,,NVIDIA A100-SXM4-40GB (0),1,,13,"void channel_eq::eqMmseSoftDemapKernel<float, __half, __half, float, (unsigned int)4, (unsigned short)16383>(channel_eq::_puschRxChEqStatDescr *, channel_eq::_puschRxChEqSoftDemapDynDescr)"
2038313295,281373,29302,1,1,1,32,32,1,30,0.000,0.000,,,,,NVIDIA A100-SXM4-40GB (0),1,,13,"void convert_kernel<float2, __half2>(tensor_layout_any, T1 *, tensor_layout_any, const T2 *)"
2038595820,12512,29314,2253,1,1,128,1,1,16,0.000,0.000,,,,,NVIDIA A100-SXM4-40GB (0),1,,13,cupy_copy__float16_float16
2038609420,2592,29323,282,1,1,128,1,1,16,0.000,0.000,,,,,NVIDIA A100-SXM4-40GB (0),1,,13,cupy_copy__complex64_complex64
2038613196,1856,29332,26,1,1,128,1,1,16,0.000,0.000,,,,,NVIDIA A100-SXM4-40GB (0),1,,13,cupy_copy__float32_float32
2038615980,2816,29341,103,1,1,128,1,1,16,0.000,0.000,,,,,NVIDIA A100-SXM4-40GB (0),1,,13,cupy_copy__complex64_complex64
2038620012,14112,29351,1434,1,1,128,1,1,16,0.000,0.000,,,,,NVIDIA A100-SXM4-40GB (0),1,,13,cupy_copy__complex64_complex64
2038652523,79231,29356,1,1,1,32,32,1,30,0.000,0.000,,,,,NVIDIA A100-SXM4-40GB (0),1,,13,"void convert_kernel<__half2, float2>(tensor_layout_any, T1 *, tensor_layout_any, const T2 *)"
2038759306,4160,29359,,,,,,,,,,0.061,14769.193,Pinned,Device,NVIDIA A100-SXM4-40GB (0),1,,13,[CUDA memcpy Host-to-Device]
2038769098,587385,29360,,,,,,,,,,456.520,776997.857,Device,,NVIDIA A100-SXM4-40GB (0),1,,13,[CUDA memset]
2039359267,32991,29365,,,,,,,,,,0.825,25017.002,Pinned,Device,NVIDIA A100-SXM4-40GB (0),1,,13,[CUDA memcpy Host-to-Device]
2039394402,6784,29366,,,,,,,,,,0.131,19320.668,Pinned,Device,NVIDIA A100-SXM4-40GB (0),1,,13,[CUDA memcpy Host-to-Device]
2039404546,7456,29367,69,4,1,48,1,1,76,0.002,0.000,,,,,NVIDIA A100-SXM4-40GB (0),1,,13,"void ch_est::windowedChEstPreNoDftSOfdmKernel<float, __half, float, (unsigned int)2, (unsigned int)1, (unsigned short)4>(ch_est::puschRxChEstStatDescr_t *, ch_est::puschRxChEstDynDescr_t *)"
2039412962,6496,29368,137,2,1,24,2,1,44,0.001,0.001,,,,,NVIDIA A100-SXM4-40GB (0),1,,13,"void ch_est::chEstFilterNoDftSOfdmDispatchKernel<float, __half, float, (unsigned int)2>(ch_est::puschRxChEstStatDescr_t *, ch_est::puschRxChEstDynDescr_t *)"
2039420514,4768,29369,137,2,1,24,2,1,44,0.001,0.001,,,,,NVIDIA A100-SXM4-40GB (0),1,,13,"void ch_est::chEstFilterNoDftSOfdmDispatchKernel<float, __half, float, (unsigned int)2>(ch_est::puschRxChEstStatDescr_t *, ch_est::puschRxChEstDynDescr_t *)"
2039426242,2400,29380,103,1,1,128,1,1,16,0.000,0.000,,,,,NVIDIA A100-SXM4-40GB (0),1,,13,cupy_copy__complex64_complex64
2039429666,15648,29390,1434,1,1,128,1,1,16,0.000,0.000,,,,,NVIDIA A100-SXM4-40GB (0),1,,13,cupy_copy__complex64_complex64
2039446370,2304,29397,103,1,1,128,1,1,16,0.000,0.000,,,,,NVIDIA A100-SXM4-40GB (0),1,,13,cupy_copy__complex64_complex64
2039449890,79711,29404,1,1,1,32,32,1,30,0.000,0.000,,,,,NVIDIA A100-SXM4-40GB (0),1,,13,"void convert_kernel<__half2, float2>(tensor_layout_any, T1 *, tensor_layout_any, const T2 *)"
2039692895,4192,29407,,,,,,,,,,0.061,14656.451,Pinned,Device,NVIDIA A100-SXM4-40GB (0),1,,13,[CUDA memcpy Host-to-Device]
2039707359,46591,29408,,,,,,,,,,35.801,768396.004,Device,,NVIDIA A100-SXM4-40GB (0),1,,13,[CUDA memset]
2039756542,1888,29410,,,,,,,,,,0.000,42.373,Pinned,Device,NVIDIA A100-SXM4-40GB (0),1,,13,[CUDA memcpy Host-to-Device]
2039760574,6816,29411,,,,,,,,,,0.131,19229.966,Pinned,Device,NVIDIA A100-SXM4-40GB (0),1,,13,[CUDA memcpy Host-to-Device]
2039770846,9248,29412,273,1,1,48,1,1,40,0.000,0.001,,,,,NVIDIA A100-SXM4-40GB (0),1,,13,"void pusch_noise_intf_est::noiseIntfEstNoDftSOfdmKernel<float, __half, float, float, (unsigned int)2, (unsigned int)1, (unsigned char)4, (unsigned char)4>(pusch_noise_intf_est::puschRxNoiseIntfEstDynDescr)"
2039781150,2720,29423,35,1,1,128,1,1,16,0.000,0.000,,,,,NVIDIA A100-SXM4-40GB (0),1,,13,cupy_copy__complex64_complex64
2039799390,1632,29432,1,1,1,1,1,1,18,0.000,0.000,,,,,NVIDIA A100-SXM4-40GB (0),1,,13,cupy_copy__float32_float32
2039833469,1728,29438,,,,,,,,,,0.000,2.315,Device,Pageable,NVIDIA A100-SXM4-40GB (0),1,,7,[CUDA memcpy Device-to-Host]
2039891356,15264,29449,1434,1,1,128,1,1,16,0.000,0.000,,,,,NVIDIA A100-SXM4-40GB (0),1,,13,cupy_copy__complex64_complex64
2039917692,2624,29456,103,1,1,128,1,1,16,0.000,0.000,,,,,NVIDIA A100-SXM4-40GB (0),1,,13,cupy_copy__complex64_complex64
2039938652,2112,29463,35,1,1,128,1,1,16,0.000,0.000,,,,,NVIDIA A100-SXM4-40GB (0),1,,13,cupy_copy__complex64_complex64
2039963036,1536,29470,1,1,1,1,1,1,18,0.000,0.000,,,,,NVIDIA A100-SXM4-40GB (0),1,,13,cupy_copy__float32_float32
2040229976,79519,29481,1,1,1,32,32,1,30,0.000,0.000,,,,,NVIDIA A100-SXM4-40GB (0),1,,13,"void convert_kernel<__half2, float2>(tensor_layout_any, T1 *, tensor_layout_any, const T2 *)"
2040339959,4192,29484,,,,,,,,,,0.061,14656.451,Pinned,Device,NVIDIA A100-SXM4-40GB (0),1,,13,[CUDA memcpy Host-to-Device]
2040355575,3296,29485,,,,,,,,,,1.547,469242.628,Device,,NVIDIA A100-SXM4-40GB (0),1,,13,[CUDA memset]
2040362359,3040,29490,,,,,,,,,,0.021,6926.308,Pinned,Device,NVIDIA A100-SXM4-40GB (0),1,,13,[CUDA memcpy Host-to-Device]
2040367511,6848,29491,,,,,,,,,,0.131,19140.182,Pinned,Device,NVIDIA A100-SXM4-40GB (0),1,,13,[CUDA memcpy Host-to-Device]
2040379767,6048,29492,273,1,1,8,4,1,39,0.002,0.000,,,,,NVIDIA A100-SXM4-40GB (0),1,,13,"void channel_eq::eqMmseCoefCompLowMimoKernel<float, float, float, (unsigned int)4, (unsigned int)1, (unsigned int)4>(const channel_eq::_puschRxChEqStatDescr *, channel_eq::_puschRxChEqCoefCompDynDescr)"
2040386903,5343,29493,273,1,1,12,11,1,40,0.002,0.000,,,,,NVIDIA A100-SXM4-40GB (0),1,,13,"void channel_eq::eqMmseSoftDemapKernel<float, __half, __half, float, (unsigned int)4, (unsigned short)16383>(channel_eq::_puschRxChEqStatDescr *, channel_eq::_puschRxChEqSoftDemapDynDescr)"
2040393334,281501,29494,1,1,1,32,32,1,30,0.000,0.000,,,,,NVIDIA A100-SXM4-40GB (0),1,,13,"void convert_kernel<float2, __half2>(tensor_layout_any, T1 *, tensor_layout_any, const T2 *)"
2040675923,12320,29506,2253,1,1,128,1,1,16,0.000,0.000,,,,,NVIDIA A100-SXM4-40GB (0),1,,13,cupy_copy__float16_float16
2040689267,2560,29515,282,1,1,128,1,1,16,0.000,0.000,,,,,NVIDIA A100-SXM4-40GB (0),1,,13,cupy_copy__complex64_complex64
2040693043,1856,29524,26,1,1,128,1,1,16,0.000,0.000,,,,,NVIDIA A100-SXM4-40GB (0),1,,13,cupy_copy__float32_float32
2040695827,2784,29533,103,1,1,128,1,1,16,0.000,0.000,,,,,NVIDIA A100-SXM4-40GB (0),1,,13,cupy_copy__complex64_complex64
2040699539,14016,29543,1434,1,1,128,1,1,16,0.000,0.000,,,,,NVIDIA A100-SXM4-40GB (0),1,,13,cupy_copy__complex64_complex64
2040737746,79359,29548,1,1,1,32,32,1,30,0.000,0.000,,,,,NVIDIA A100-SXM4-40GB (0),1,,13,"void convert_kernel<__half2, float2>(tensor_layout_any, T1 *, tensor_layout_any, const T2 *)"
2040977711,4416,29551,,,,,,,,,,0.061,13913.027,Pinned,Device,NVIDIA A100-SXM4-40GB (0),1,,13,[CUDA memcpy Host-to-Device]
2040987343,587609,29552,,,,,,,,,,456.520,776541.336,Device,,NVIDIA A100-SXM4-40GB (0),1,,13,[CUDA memset]
2041577192,32768,29557,,,,,,,,,,0.825,25187.023,Pinned,Device,NVIDIA A100-SXM4-40GB (0),1,,13,[CUDA memcpy Host-to-Device]
2041612104,6944,29558,,,,,,,,,,0.131,18875.548,Pinned,Device,NVIDIA A100-SXM4-40GB (0),1,,13,[CUDA memcpy Host-to-Device]
2041628360,7552,29559,69,4,1,48,1,1,76,0.002,0.000,,,,,NVIDIA A100-SXM4-40GB (0),1,,13,"void ch_est::windowedChEstPreNoDftSOfdmKernel<float, __half, float, (unsigned int)2, (unsigned int)1, (unsigned short)4>(ch_est::puschRxChEstStatDescr_t *, ch_est::puschRxChEstDynDescr_t *)"
2041636904,6751,29560,137,2,1,24,2,1,44,0.001,0.001,,,,,NVIDIA A100-SXM4-40GB (0),1,,13,"void ch_est::chEstFilterNoDftSOfdmDispatchKernel<float, __half, float, (unsigned int)2>(ch_est::puschRxChEstStatDescr_t *, ch_est::puschRxChEstDynDescr_t *)"
2041644647,4768,29561,137,2,1,24,2,1,44,0.001,0.001,,,,,NVIDIA A100-SXM4-40GB (0),1,,13,"void ch_est::chEstFilterNoDftSOfdmDispatchKernel<float, __half, float, (unsigned int)2>(ch_est::puschRxChEstStatDescr_t *, ch_est::puschRxChEstDynDescr_t *)"
2041650407,2400,29572,103,1,1,128,1,1,16,0.000,0.000,,,,,NVIDIA A100-SXM4-40GB (0),1,,13,cupy_copy__complex64_complex64
2041653863,15520,29582,1434,1,1,128,1,1,16,0.000,0.000,,,,,NVIDIA A100-SXM4-40GB (0),1,,13,cupy_copy__complex64_complex64
2041670567,2336,29589,103,1,1,128,1,1,16,0.000,0.000,,,,,NVIDIA A100-SXM4-40GB (0),1,,13,cupy_copy__complex64_complex64
2041674119,78975,29596,1,1,1,32,32,1,30,0.000,0.000,,,,,NVIDIA A100-SXM4-40GB (0),1,,13,"void convert_kernel<__half2, float2>(tensor_layout_any, T1 *, tensor_layout_any, const T2 *)"
2041783878,4224,29599,,,,,,,,,,0.061,14545.428,Pinned,Device,NVIDIA A100-SXM4-40GB (0),1,,13,[CUDA memcpy Host-to-Device]
2041796294,46367,29600,,,,,,,,,,35.801,772119.304,Device,,NVIDIA A100-SXM4-40GB (0),1,,13,[CUDA memset]
2041849573,1888,29602,,,,,,,,,,0.000,42.373,Pinned,Device,NVIDIA A100-SXM4-40GB (0),1,,13,[CUDA memcpy Host-to-Device]
2041853605,7136,29603,,,,,,,,,,0.131,18367.644,Pinned,Device,NVIDIA A100-SXM4-40GB (0),1,,13,[CUDA memcpy Host-to-Device]
2041870853,8640,29604,273,1,1,48,1,1,40,0.000,0.001,,,,,NVIDIA A100-SXM4-40GB (0),1,,13,"void pusch_noise_intf_est::noiseIntfEstNoDftSOfdmKernel<float, __half, float, float, (unsigned int)2, (unsigned int)1, (unsigned char)4, (unsigned char)4>(pusch_noise_intf_est::puschRxNoiseIntfEstDynDescr)"
2041880677,2720,29615,35,1,1,128,1,1,16,0.000,0.000,,,,,NVIDIA A100-SXM4-40GB (0),1,,13,cupy_copy__complex64_complex64
2041908420,1600,29624,1,1,1,1,1,1,18,0.000,0.000,,,,,NVIDIA A100-SXM4-40GB (0),1,,13,cupy_copy__float32_float32
2041943396,1696,29630,,,,,,,,,,0.000,2.358,Device,Pageable,NVIDIA A100-SXM4-40GB (0),1,,7,[CUDA memcpy Device-to-Host]
2042000643,15328,29641,1434,1,1,128,1,1,16,0.000,0.000,,,,,NVIDIA A100-SXM4-40GB (0),1,,13,cupy_copy__complex64_complex64
2042026851,2560,29648,103,1,1,128,1,1,16,0.000,0.000,,,,,NVIDIA A100-SXM4-40GB (0),1,,13,cupy_copy__complex64_complex64
2042047843,2144,29655,35,1,1,128,1,1,16,0.000,0.000,,,,,NVIDIA A100-SXM4-40GB (0),1,,13,cupy_copy__complex64_complex64
2042066114,1536,29662,1,1,1,1,1,1,18,0.000,0.000,,,,,NVIDIA A100-SXM4-40GB (0),1,,13,cupy_copy__float32_float32
2042202817,79455,29673,1,1,1,32,32,1,30,0.000,0.000,,,,,NVIDIA A100-SXM4-40GB (0),1,,13,"void convert_kernel<__half2, float2>(tensor_layout_any, T1 *, tensor_layout_any, const T2 *)"
2042310080,4191,29676,,,,,,,,,,0.061,14659.953,Pinned,Device,NVIDIA A100-SXM4-40GB (0),1,,13,[CUDA memcpy Host-to-Device]
2042324383,3296,29677,,,,,,,,,,1.547,469242.628,Device,,NVIDIA A100-SXM4-40GB (0),1,,13,[CUDA memset]
2042331071,3008,29682,,,,,,,,,,0.021,6999.983,Pinned,Device,NVIDIA A100-SXM4-40GB (0),1,,13,[CUDA memcpy Host-to-Device]
2042336223,7328,29683,,,,,,,,,,0.131,17886.347,Pinned,Device,NVIDIA A100-SXM4-40GB (0),1,,13,[CUDA memcpy Host-to-Device]
2042349151,6016,29684,273,1,1,8,4,1,39,0.002,0.000,,,,,NVIDIA A100-SXM4-40GB (0),1,,13,"void channel_eq::eqMmseCoefCompLowMimoKernel<float, float, float, (unsigned int)4, (unsigned int)1, (unsigned int)4>(const channel_eq::_puschRxChEqStatDescr *, channel_eq::_puschRxChEqCoefCompDynDescr)"
2042356383,5216,29685,273,1,1,12,11,1,40,0.002,0.000,,,,,NVIDIA A100-SXM4-40GB (0),1,,13,"void channel_eq::eqMmseSoftDemapKernel<float, __half, __half, float, (unsigned int)4, (unsigned short)16383>(channel_eq::_puschRxChEqStatDescr *, channel_eq::_puschRxChEqSoftDemapDynDescr)"
2042362591,281117,29686,1,1,1,32,32,1,30,0.000,0.000,,,,,NVIDIA A100-SXM4-40GB (0),1,,13,"void convert_kernel<float2, __half2>(tensor_layout_any, T1 *, tensor_layout_any, const T2 *)"
2042644827,12288,29698,2253,1,1,128,1,1,16,0.000,0.000,,,,,NVIDIA A100-SXM4-40GB (0),1,,13,cupy_copy__float16_float16
2042658171,2592,29707,282,1,1,128,1,1,16,0.000,0.000,,,,,NVIDIA A100-SXM4-40GB (0),1,,13,cupy_copy__complex64_complex64
2042661947,1888,29716,26,1,1,128,1,1,16,0.000,0.000,,,,,NVIDIA A100-SXM4-40GB (0),1,,13,cupy_copy__float32_float32
2042665051,2848,29725,103,1,1,128,1,1,16,0.000,0.000,,,,,NVIDIA A100-SXM4-40GB (0),1,,13,cupy_copy__complex64_complex64
2042669083,14048,29735,1434,1,1,128,1,1,16,0.000,0.000,,,,,NVIDIA A100-SXM4-40GB (0),1,,13,cupy_copy__complex64_complex64
2042701883,79935,29740,1,1,1,32,32,1,30,0.000,0.000,,,,,NVIDIA A100-SXM4-40GB (0),1,,13,"void convert_kernel<__half2, float2>(tensor_layout_any, T1 *, tensor_layout_any, const T2 *)"
2042808410,4319,29743,,,,,,,,,,0.061,14225.510,Pinned,Device,NVIDIA A100-SXM4-40GB (0),1,,13,[CUDA memcpy Host-to-Device]
2042819321,587193,29744,,,,,,,,,,456.520,777454.377,Device,,NVIDIA A100-SXM4-40GB (0),1,,13,[CUDA memset]
2043407410,32704,29749,,,,,,,,,,0.825,25236.543,Pinned,Device,NVIDIA A100-SXM4-40GB (0),1,,13,[CUDA memcpy Host-to-Device]
2043442258,6784,29750,,,,,,,,,,0.131,19320.668,Pinned,Device,NVIDIA A100-SXM4-40GB (0),1,,13,[CUDA memcpy Host-to-Device]
2043459250,7328,29751,69,4,1,48,1,1,76,0.002,0.000,,,,,NVIDIA A100-SXM4-40GB (0),1,,13,"void ch_est::windowedChEstPreNoDftSOfdmKernel<float, __half, float, (unsigned int)2, (unsigned int)1, (unsigned short)4>(ch_est::puschRxChEstStatDescr_t *, ch_est::puschRxChEstDynDescr_t *)"
2043467794,6464,29752,137,2,1,24,2,1,44,0.001,0.001,,,,,NVIDIA A100-SXM4-40GB (0),1,,13,"void ch_est::chEstFilterNoDftSOfdmDispatchKernel<float, __half, float, (unsigned int)2>(ch_est::puschRxChEstStatDescr_t *, ch_est::puschRxChEstDynDescr_t *)"
2043475314,4735,29753,137,2,1,24,2,1,44,0.001,0.001,,,,,NVIDIA A100-SXM4-40GB (0),1,,13,"void ch_est::chEstFilterNoDftSOfdmDispatchKernel<float, __half, float, (unsigned int)2>(ch_est::puschRxChEstStatDescr_t *, ch_est::puschRxChEstDynDescr_t *)"
2043481041,2368,29764,103,1,1,128,1,1,16,0.000,0.000,,,,,NVIDIA A100-SXM4-40GB (0),1,,13,cupy_copy__complex64_complex64
2043484529,15296,29774,1434,1,1,128,1,1,16,0.000,0.000,,,,,NVIDIA A100-SXM4-40GB (0),1,,13,cupy_copy__complex64_complex64
2043501041,2304,29781,103,1,1,128,1,1,16,0.000,0.000,,,,,NVIDIA A100-SXM4-40GB (0),1,,13,cupy_copy__complex64_complex64
2043504465,78687,29788,1,1,1,32,32,1,30,0.000,0.000,,,,,NVIDIA A100-SXM4-40GB (0),1,,13,"void convert_kernel<__half2, float2>(tensor_layout_any, T1 *, tensor_layout_any, const T2 *)"
2043609936,4224,29791,,,,,,,,,,0.061,14545.428,Pinned,Device,NVIDIA A100-SXM4-40GB (0),1,,13,[CUDA memcpy Host-to-Device]
2043622256,46111,29792,,,,,,,,,,35.801,776379.619,Device,,NVIDIA A100-SXM4-40GB (0),1,,13,[CUDA memset]
2043674319,1888,29794,,,,,,,,,,0.000,42.373,Pinned,Device,NVIDIA A100-SXM4-40GB (0),1,,13,[CUDA memcpy Host-to-Device]
2043678575,6784,29795,,,,,,,,,,0.131,19320.668,Pinned,Device,NVIDIA A100-SXM4-40GB (0),1,,13,[CUDA memcpy Host-to-Device]
2043691919,8768,29796,273,1,1,48,1,1,40,0.000,0.001,,,,,NVIDIA A100-SXM4-40GB (0),1,,13,"void pusch_noise_intf_est::noiseIntfEstNoDftSOfdmKernel<float, __half, float, float, (unsigned int)2, (unsigned int)1, (unsigned char)4, (unsigned char)4>(pusch_noise_intf_est::puschRxNoiseIntfEstDynDescr)"
2043701839,2592,29807,35,1,1,128,1,1,16,0.000,0.000,,,,,NVIDIA A100-SXM4-40GB (0),1,,13,cupy_copy__complex64_complex64
2043728399,1599,29816,1,1,1,1,1,1,18,0.000,0.000,,,,,NVIDIA A100-SXM4-40GB (0),1,,13,cupy_copy__float32_float32
2043762542,1632,29822,,,,,,,,,,0.000,2.451,Device,Pageable,NVIDIA A100-SXM4-40GB (0),1,,7,[CUDA memcpy Device-to-Host]
2043819245,15136,29833,1434,1,1,128,1,1,16,0.000,0.000,,,,,NVIDIA A100-SXM4-40GB (0),1,,13,cupy_copy__complex64_complex64
2043845005,2624,29840,103,1,1,128,1,1,16,0.000,0.000,,,,,NVIDIA A100-SXM4-40GB (0),1,,13,cupy_copy__complex64_complex64
2043864909,2112,29847,35,1,1,128,1,1,16,0.000,0.000,,,,,NVIDIA A100-SXM4-40GB (0),1,,13,cupy_copy__complex64_complex64
2043887149,1536,29854,1,1,1,1,1,1,18,0.000,0.000,,,,,NVIDIA A100-SXM4-40GB (0),1,,13,cupy_copy__float32_float32
2044025835,78943,29865,1,1,1,32,32,1,30,0.000,0.000,,,,,NVIDIA A100-SXM4-40GB (0),1,,13,"void convert_kernel<__half2, float2>(tensor_layout_any, T1 *, tensor_layout_any, const T2 *)"
2044132458,4192,29868,,,,,,,,,,0.061,14656.451,Pinned,Device,NVIDIA A100-SXM4-40GB (0),1,,13,[CUDA memcpy Host-to-Device]
2044146697,3296,29869,,,,,,,,,,1.547,469242.628,Device,,NVIDIA A100-SXM4-40GB (0),1,,13,[CUDA memset]
2044153321,3072,29874,,,,,,,,,,0.021,6854.149,Pinned,Device,NVIDIA A100-SXM4-40GB (0),1,,13,[CUDA memcpy Host-to-Device]
2044158537,6976,29875,,,,,,,,,,0.131,18788.909,Pinned,Device,NVIDIA A100-SXM4-40GB (0),1,,13,[CUDA memcpy Host-to-Device]
2044171145,6080,29876,273,1,1,8,4,1,39,0.002,0.000,,,,,NVIDIA A100-SXM4-40GB (0),1,,13,"void channel_eq::eqMmseCoefCompLowMimoKernel<float, float, float, (unsigned int)4, (unsigned int)1, (unsigned int)4>(const channel_eq::_puschRxChEqStatDescr *, channel_eq::_puschRxChEqCoefCompDynDescr)"
2044178441,5312,29877,273,1,1,12,11,1,40,0.002,0.000,,,,,NVIDIA A100-SXM4-40GB (0),1,,13,"void channel_eq::eqMmseSoftDemapKernel<float, __half, __half, float, (unsigned int)4, (unsigned short)16383>(channel_eq::_puschRxChEqStatDescr *, channel_eq::_puschRxChEqSoftDemapDynDescr)"
2044184969,281213,29878,1,1,1,32,32,1,30,0.000,0.000,,,,,NVIDIA A100-SXM4-40GB (0),1,,13,"void convert_kernel<float2, __half2>(tensor_layout_any, T1 *, tensor_layout_any, const T2 *)"
2044467142,12607,29890,2253,1,1,128,1,1,16,0.000,0.000,,,,,NVIDIA A100-SXM4-40GB (0),1,,13,cupy_copy__float16_float16
2044480741,2560,29899,282,1,1,128,1,1,16,0.000,0.000,,,,,NVIDIA A100-SXM4-40GB (0),1,,13,cupy_copy__complex64_complex64
2044484517,1888,29908,26,1,1,128,1,1,16,0.000,0.000,,,,,NVIDIA A100-SXM4-40GB (0),1,,13,cupy_copy__float32_float32
2044487621,2784,29917,103,1,1,128,1,1,16,0.000,0.000,,,,,NVIDIA A100-SXM4-40GB (0),1,,13,cupy_copy__complex64_complex64
2044491589,13984,29927,1434,1,1,128,1,1,16,0.000,0.000,,,,,NVIDIA A100-SXM4-40GB (0),1,,13,cupy_copy__complex64_complex64
2044521861,79775,29932,1,1,1,32,32,1,30,0.000,0.000,,,,,NVIDIA A100-SXM4-40GB (0),1,,13,"void convert_kernel<__half2, float2>(tensor_layout_any, T1 *, tensor_layout_any, const T2 *)"
2044765634,4160,29935,,,,,,,,,,0.061,14769.193,Pinned,Device,NVIDIA A100-SXM4-40GB (0),1,,13,[CUDA memcpy Host-to-Device]
2044773570,587993,29936,,,,,,,,,,456.520,776084.816,Device,,NVIDIA A100-SXM4-40GB (0),1,,13,[CUDA memset]
2045364955,32671,29941,,,,,,,,,,0.825,25262.129,Pinned,Device,NVIDIA A100-SXM4-40GB (0),1,,13,[CUDA memcpy Host-to-Device]
2045399802,6816,29942,,,,,,,,,,0.131,19229.966,Pinned,Device,NVIDIA A100-SXM4-40GB (0),1,,13,[CUDA memcpy Host-to-Device]
2045410970,7168,29943,69,4,1,48,1,1,76,0.002,0.000,,,,,NVIDIA A100-SXM4-40GB (0),1,,13,"void ch_est::windowedChEstPreNoDftSOfdmKernel<float, __half, float, (unsigned int)2, (unsigned int)1, (unsigned short)4>(ch_est::puschRxChEstStatDescr_t *, ch_est::puschRxChEstDynDescr_t *)"
2045419386,6784,29944,137,2,1,24,2,1,44,0.001,0.001,,,,,NVIDIA A100-SXM4-40GB (0),1,,13,"void ch_est::chEstFilterNoDftSOfdmDispatchKernel<float, __half, float, (unsigned int)2>(ch_est::puschRxChEstStatDescr_t *, ch_est::puschRxChEstDynDescr_t *)"
2045427194,4736,29945,137,2,1,24,2,1,44,0.001,0.001,,,,,NVIDIA A100-SXM4-40GB (0),1,,13,"void ch_est::chEstFilterNoDftSOfdmDispatchKernel<float, __half, float, (unsigned int)2>(ch_est::puschRxChEstStatDescr_t *, ch_est::puschRxChEstDynDescr_t *)"
2045432890,2816,29956,103,1,1,128,1,1,16,0.000,0.000,,,,,NVIDIA A100-SXM4-40GB (0),1,,13,cupy_copy__complex64_complex64
2045436794,15072,29966,1434,1,1,128,1,1,16,0.000,0.000,,,,,NVIDIA A100-SXM4-40GB (0),1,,13,cupy_copy__complex64_complex64
2045453050,2368,29973,103,1,1,128,1,1,16,0.000,0.000,,,,,NVIDIA A100-SXM4-40GB (0),1,,13,cupy_copy__complex64_complex64
2045456602,78975,29980,1,1,1,32,32,1,30,0.000,0.000,,,,,NVIDIA A100-SXM4-40GB (0),1,,13,"void convert_kernel<__half2, float2>(tensor_layout_any, T1 *, tensor_layout_any, const T2 *)"
2045565944,4288,29983,,,,,,,,,,0.061,14328.300,Pinned,Device,NVIDIA A100-SXM4-40GB (0),1,,13,[CUDA memcpy Host-to-Device]
2045578552,46080,29984,,,,,,,,,,35.801,776916.633,Device,,NVIDIA A100-SXM4-40GB (0),1,,13,[CUDA memset]
2045631160,1888,29986,,,,,,,,,,0.000,42.373,Pinned,Device,NVIDIA A100-SXM4-40GB (0),1,,13,[CUDA memcpy Host-to-Device]
2045635192,6784,29987,,,,,,,,,,0.131,19320.668,Pinned,Device,NVIDIA A100-SXM4-40GB (0),1,,13,[CUDA memcpy Host-to-Device]
2045646488,8703,29988,273,1,1,48,1,1,40,0.000,0.001,,,,,NVIDIA A100-SXM4-40GB (0),1,,13,"void pusch_noise_intf_est::noiseIntfEstNoDftSOfdmKernel<float, __half, float, float, (unsigned int)2, (unsigned int)1, (unsigned char)4, (unsigned char)4>(pusch_noise_intf_est::puschRxNoiseIntfEstDynDescr)"
2045656247,2656,29999,35,1,1,128,1,1,16,0.000,0.000,,,,,NVIDIA A100-SXM4-40GB (0),1,,13,cupy_copy__complex64_complex64
2045691479,1600,30008,1,1,1,1,1,1,18,0.000,0.000,,,,,NVIDIA A100-SXM4-40GB (0),1,,13,cupy_copy__float32_float32
2045726615,1728,30014,,,,,,,,,,0.000,2.315,Device,Pageable,NVIDIA A100-SXM4-40GB (0),1,,7,[CUDA memcpy Device-to-Host]
2045784694,15200,30025,1434,1,1,128,1,1,16,0.000,0.000,,,,,NVIDIA A100-SXM4-40GB (0),1,,13,cupy_copy__complex64_complex64
2045811894,2560,30032,103,1,1,128,1,1,16,0.000,0.000,,,,,NVIDIA A100-SXM4-40GB (0),1,,13,cupy_copy__complex64_complex64
2045837365,2144,30039,35,1,1,128,1,1,16,0.000,0.000,,,,,NVIDIA A100-SXM4-40GB (0),1,,13,cupy_copy__complex64_complex64
2045855989,1536,30046,1,1,1,1,1,1,18,0.000,0.000,,,,,NVIDIA A100-SXM4-40GB (0),1,,13,cupy_copy__float32_float32
2045989843,79263,30057,1,1,1,32,32,1,30,0.000,0.000,,,,,NVIDIA A100-SXM4-40GB (0),1,,13,"void convert_kernel<__half2, float2>(tensor_layout_any, T1 *, tensor_layout_any, const T2 *)"
2046230385,4479,30060,,,,,,,,,,0.061,13717.340,Pinned,Device,NVIDIA A100-SXM4-40GB (0),1,,13,[CUDA memcpy Host-to-Device]
2046242544,3296,30061,,,,,,,,,,1.547,469242.628,Device,,NVIDIA A100-SXM4-40GB (0),1,,13,[CUDA memset]
2046254160,3040,30066,,,,,,,,,,0.021,6926.308,Pinned,Device,NVIDIA A100-SXM4-40GB (0),1,,13,[CUDA memcpy Host-to-Device]
2046259312,6816,30067,,,,,,,,,,0.131,19229.966,Pinned,Device,NVIDIA A100-SXM4-40GB (0),1,,13,[CUDA memcpy Host-to-Device]
2046277296,6016,30068,273,1,1,8,4,1,39,0.002,0.000,,,,,NVIDIA A100-SXM4-40GB (0),1,,13,"void channel_eq::eqMmseCoefCompLowMimoKernel<float, float, float, (unsigned int)4, (unsigned int)1, (unsigned int)4>(const channel_eq::_puschRxChEqStatDescr *, channel_eq::_puschRxChEqCoefCompDynDescr)"
2046284432,5280,30069,273,1,1,12,11,1,40,0.002,0.000,,,,,NVIDIA A100-SXM4-40GB (0),1,,13,"void channel_eq::eqMmseSoftDemapKernel<float, __half, __half, float, (unsigned int)4, (unsigned short)16383>(channel_eq::_puschRxChEqStatDescr *, channel_eq::_puschRxChEqSoftDemapDynDescr)"
2046290800,281148,30070,1,1,1,32,32,1,30,0.000,0.000,,,,,NVIDIA A100-SXM4-40GB (0),1,,13,"void convert_kernel<float2, __half2>(tensor_layout_any, T1 *, tensor_layout_any, const T2 *)"
2046573004,12448,30082,2253,1,1,128,1,1,16,0.000,0.000,,,,,NVIDIA A100-SXM4-40GB (0),1,,13,cupy_copy__float16_float16
2046586380,2560,30091,282,1,1,128,1,1,16,0.000,0.000,,,,,NVIDIA A100-SXM4-40GB (0),1,,13,cupy_copy__complex64_complex64
2046590156,1856,30100,26,1,1,128,1,1,16,0.000,0.000,,,,,NVIDIA A100-SXM4-40GB (0),1,,13,cupy_copy__float32_float32
2046593260,2816,30109,103,1,1,128,1,1,16,0.000,0.000,,,,,NVIDIA A100-SXM4-40GB (0),1,,13,cupy_copy__complex64_complex64
2046597196,14112,30119,1434,1,1,128,1,1,16,0.000,0.000,,,,,NVIDIA A100-SXM4-40GB (0),1,,13,cupy_copy__complex64_complex64
2046739850,80063,30124,1,1,1,32,32,1,30,0.000,0.000,,,,,NVIDIA A100-SXM4-40GB (0),1,,13,"void convert_kernel<__half2, float2>(tensor_layout_any, T1 *, tensor_layout_any, const T2 *)"
2046850601,4480,30127,,,,,,,,,,0.061,13714.268,Pinned,Device,NVIDIA A100-SXM4-40GB (0),1,,13,[CUDA memcpy Host-to-Device]
2046864137,587353,30128,,,,,,,,,,456.520,776997.857,Device,,NVIDIA A100-SXM4-40GB (0),1,,13,[CUDA memset]
2047453890,32703,30133,,,,,,,,,,0.825,25237.369,Pinned,Device,NVIDIA A100-SXM4-40GB (0),1,,13,[CUDA memcpy Host-to-Device]
2047488737,6816,30134,,,,,,,,,,0.131,19229.966,Pinned,Device,NVIDIA A100-SXM4-40GB (0),1,,13,[CUDA memcpy Host-to-Device]
2047505057,7648,30135,69,4,1,48,1,1,76,0.002,0.000,,,,,NVIDIA A100-SXM4-40GB (0),1,,13,"void ch_est::windowedChEstPreNoDftSOfdmKernel<float, __half, float, (unsigned int)2, (unsigned int)1, (unsigned short)4>(ch_est::puschRxChEstStatDescr_t *, ch_est::puschRxChEstDynDescr_t *)"
2047513793,6432,30136,137,2,1,24,2,1,44,0.001,0.001,,,,,NVIDIA A100-SXM4-40GB (0),1,,13,"void ch_est::chEstFilterNoDftSOfdmDispatchKernel<float, __half, float, (unsigned int)2>(ch_est::puschRxChEstStatDescr_t *, ch_est::puschRxChEstDynDescr_t *)"
2047521185,4736,30137,137,2,1,24,2,1,44,0.001,0.001,,,,,NVIDIA A100-SXM4-40GB (0),1,,13,"void ch_est::chEstFilterNoDftSOfdmDispatchKernel<float, __half, float, (unsigned int)2>(ch_est::puschRxChEstStatDescr_t *, ch_est::puschRxChEstDynDescr_t *)"
2047526945,2368,30148,103,1,1,128,1,1,16,0.000,0.000,,,,,NVIDIA A100-SXM4-40GB (0),1,,13,cupy_copy__complex64_complex64
2047530337,15296,30158,1434,1,1,128,1,1,16,0.000,0.000,,,,,NVIDIA A100-SXM4-40GB (0),1,,13,cupy_copy__complex64_complex64
2047546625,2304,30165,103,1,1,128,1,1,16,0.000,0.000,,,,,NVIDIA A100-SXM4-40GB (0),1,,13,cupy_copy__complex64_complex64
2047549889,79199,30172,1,1,1,32,32,1,30,0.000,0.000,,,,,NVIDIA A100-SXM4-40GB (0),1,,13,"void convert_kernel<__half2, float2>(tensor_layout_any, T1 *, tensor_layout_any, const T2 *)"
2047656479,4224,30175,,,,,,,,,,0.061,14545.428,Pinned,Device,NVIDIA A100-SXM4-40GB (0),1,,13,[CUDA memcpy Host-to-Device]
2047668575,46304,30176,,,,,,,,,,35.801,773157.532,Device,,NVIDIA A100-SXM4-40GB (0),1,,13,[CUDA memset]
2047721119,1888,30178,,,,,,,,,,0.000,42.373,Pinned,Device,NVIDIA A100-SXM4-40GB (0),1,,13,[CUDA memcpy Host-to-Device]
2047725151,6784,30179,,,,,,,,,,0.131,19320.668,Pinned,Device,NVIDIA A100-SXM4-40GB (0),1,,13,[CUDA memcpy Host-to-Device]
2047738302,8704,30180,273,1,1,48,1,1,40,0.000,0.001,,,,,NVIDIA A100-SXM4-40GB (0),1,,13,"void pusch_noise_intf_est::noiseIntfEstNoDftSOfdmKernel<float, __half, float, float, (unsigned int)2, (unsigned int)1, (unsigned char)4, (unsigned char)4>(pusch_noise_intf_est::puschRxNoiseIntfEstDynDescr)"
2047747998,2656,30191,35,1,1,128,1,1,16,0.000,0.000,,,,,NVIDIA A100-SXM4-40GB (0),1,,13,cupy_copy__complex64_complex64
2047776062,1600,30200,1,1,1,1,1,1,18,0.000,0.000,,,,,NVIDIA A100-SXM4-40GB (0),1,,13,cupy_copy__float32_float32
2047810782,1696,30206,,,,,,,,,,0.000,2.358,Device,Pageable,NVIDIA A100-SXM4-40GB (0),1,,7,[CUDA memcpy Device-to-Host]
2047868349,15232,30217,1434,1,1,128,1,1,16,0.000,0.000,,,,,NVIDIA A100-SXM4-40GB (0),1,,13,cupy_copy__complex64_complex64
2047898781,2591,30224,103,1,1,128,1,1,16,0.000,0.000,,,,,NVIDIA A100-SXM4-40GB (0),1,,13,cupy_copy__complex64_complex64
2047920092,2080,30231,35,1,1,128,1,1,16,0.000,0.000,,,,,NVIDIA A100-SXM4-40GB (0),1,,13,cupy_copy__complex64_complex64
2047938428,1504,30238,1,1,1,1,1,1,18,0.000,0.000,,,,,NVIDIA A100-SXM4-40GB (0),1,,13,cupy_copy__float32_float32
2048078394,78751,30249,1,1,1,32,32,1,30,0.000,0.000,,,,,NVIDIA A100-SXM4-40GB (0),1,,13,"void convert_kernel<__half2, float2>(tensor_layout_any, T1 *, tensor_layout_any, const T2 *)"
2048185113,4448,30252,,,,,,,,,,0.061,13812.941,Pinned,Device,NVIDIA A100-SXM4-40GB (0),1,,13,[CUDA memcpy Host-to-Device]
2048199385,3264,30253,,,,,,,,,,1.547,473842.288,Device,,NVIDIA A100-SXM4-40GB (0),1,,13,[CUDA memset]
2048206201,3008,30258,,,,,,,,,,0.021,6999.983,Pinned,Device,NVIDIA A100-SXM4-40GB (0),1,,13,[CUDA memcpy Host-to-Device]
2048211353,6880,30259,,,,,,,,,,0.131,19051.053,Pinned,Device,NVIDIA A100-SXM4-40GB (0),1,,13,[CUDA memcpy Host-to-Device]
2048222809,6048,30260,273,1,1,8,4,1,39,0.002,0.000,,,,,NVIDIA A100-SXM4-40GB (0),1,,13,"void channel_eq::eqMmseCoefCompLowMimoKernel<float, float, float, (unsigned int)4, (unsigned int)1, (unsigned int)4>(const channel_eq::_puschRxChEqStatDescr *, channel_eq::_puschRxChEqCoefCompDynDescr)"
2048229913,5311,30261,273,1,1,12,11,1,40,0.002,0.000,,,,,NVIDIA A100-SXM4-40GB (0),1,,13,"void channel_eq::eqMmseSoftDemapKernel<float, __half, __half, float, (unsigned int)4, (unsigned short)16383>(channel_eq::_puschRxChEqStatDescr *, channel_eq::_puschRxChEqSoftDemapDynDescr)"
2048236440,281597,30262,1,1,1,32,32,1,30,0.000,0.000,,,,,NVIDIA A100-SXM4-40GB (0),1,,13,"void convert_kernel<float2, __half2>(tensor_layout_any, T1 *, tensor_layout_any, const T2 *)"
2048518965,12384,30274,2253,1,1,128,1,1,16,0.000,0.000,,,,,NVIDIA A100-SXM4-40GB (0),1,,13,cupy_copy__float16_float16
2048532341,2560,30283,282,1,1,128,1,1,16,0.000,0.000,,,,,NVIDIA A100-SXM4-40GB (0),1,,13,cupy_copy__complex64_complex64
2048536117,1856,30292,26,1,1,128,1,1,16,0.000,0.000,,,,,NVIDIA A100-SXM4-40GB (0),1,,13,cupy_copy__float32_float32
2048539189,2816,30301,103,1,1,128,1,1,16,0.000,0.000,,,,,NVIDIA A100-SXM4-40GB (0),1,,13,cupy_copy__complex64_complex64
2048543221,13952,30311,1434,1,1,128,1,1,16,0.000,0.000,,,,,NVIDIA A100-SXM4-40GB (0),1,,13,cupy_copy__complex64_complex64
2048577172,79359,30316,1,1,1,32,32,1,30,0.000,0.000,,,,,NVIDIA A100-SXM4-40GB (0),1,,13,"void convert_kernel<__half2, float2>(tensor_layout_any, T1 *, tensor_layout_any, const T2 *)"
2048683859,4192,30319,,,,,,,,,,0.061,14656.451,Pinned,Device,NVIDIA A100-SXM4-40GB (0),1,,13,[CUDA memcpy Host-to-Device]
2048695219,587705,30320,,,,,,,,,,456.520,776541.336,Device,,NVIDIA A100-SXM4-40GB (0),1,,13,[CUDA memset]
2049284044,32768,30325,,,,,,,,,,0.825,25187.023,Pinned,Device,NVIDIA A100-SXM4-40GB (0),1,,13,[CUDA memcpy Host-to-Device]
2049318923,6816,30326,,,,,,,,,,0.131,19229.966,Pinned,Device,NVIDIA A100-SXM4-40GB (0),1,,13,[CUDA memcpy Host-to-Device]
2049334667,7232,30327,69,4,1,48,1,1,76,0.002,0.000,,,,,NVIDIA A100-SXM4-40GB (0),1,,13,"void ch_est::windowedChEstPreNoDftSOfdmKernel<float, __half, float, (unsigned int)2, (unsigned int)1, (unsigned short)4>(ch_est::puschRxChEstStatDescr_t *, ch_est::puschRxChEstDynDescr_t *)"
2049342891,6496,30328,137,2,1,24,2,1,44,0.001,0.001,,,,,NVIDIA A100-SXM4-40GB (0),1,,13,"void ch_est::chEstFilterNoDftSOfdmDispatchKernel<float, __half, float, (unsigned int)2>(ch_est::puschRxChEstStatDescr_t *, ch_est::puschRxChEstDynDescr_t *)"
2049350443,4768,30329,137,2,1,24,2,1,44,0.001,0.001,,,,,NVIDIA A100-SXM4-40GB (0),1,,13,"void ch_est::chEstFilterNoDftSOfdmDispatchKernel<float, __half, float, (unsigned int)2>(ch_est::puschRxChEstStatDescr_t *, ch_est::puschRxChEstDynDescr_t *)"
2049356203,2400,30340,103,1,1,128,1,1,16,0.000,0.000,,,,,NVIDIA A100-SXM4-40GB (0),1,,13,cupy_copy__complex64_complex64
2049359659,15296,30350,1434,1,1,128,1,1,16,0.000,0.000,,,,,NVIDIA A100-SXM4-40GB (0),1,,13,cupy_copy__complex64_complex64
2049375947,2336,30357,103,1,1,128,1,1,16,0.000,0.000,,,,,NVIDIA A100-SXM4-40GB (0),1,,13,cupy_copy__complex64_complex64
2049379467,79359,30364,1,1,1,32,32,1,30,0.000,0.000,,,,,NVIDIA A100-SXM4-40GB (0),1,,13,"void convert_kernel<__half2, float2>(tensor_layout_any, T1 *, tensor_layout_any, const T2 *)"
2049486505,4192,30367,,,,,,,,,,0.061,14656.451,Pinned,Device,NVIDIA A100-SXM4-40GB (0),1,,13,[CUDA memcpy Host-to-Device]
2049498377,46080,30368,,,,,,,,,,35.801,776916.633,Device,,NVIDIA A100-SXM4-40GB (0),1,,13,[CUDA memset]
2049550985,1888,30370,,,,,,,,,,0.000,42.373,Pinned,Device,NVIDIA A100-SXM4-40GB (0),1,,13,[CUDA memcpy Host-to-Device]
2049555017,6880,30371,,,,,,,,,,0.131,19051.053,Pinned,Device,NVIDIA A100-SXM4-40GB (0),1,,13,[CUDA memcpy Host-to-Device]
2049567401,8831,30372,273,1,1,48,1,1,40,0.000,0.001,,,,,NVIDIA A100-SXM4-40GB (0),1,,13,"void pusch_noise_intf_est::noiseIntfEstNoDftSOfdmKernel<float, __half, float, float, (unsigned int)2, (unsigned int)1, (unsigned char)4, (unsigned char)4>(pusch_noise_intf_est::puschRxNoiseIntfEstDynDescr)"
2049577224,2656,30383,35,1,1,128,1,1,16,0.000,0.000,,,,,NVIDIA A100-SXM4-40GB (0),1,,13,cupy_copy__complex64_complex64
2049603400,1632,30392,1,1,1,1,1,1,18,0.000,0.000,,,,,NVIDIA A100-SXM4-40GB (0),1,,13,cupy_copy__float32_float32
2049637192,1632,30398,,,,,,,,,,0.000,2.451,Device,Pageable,NVIDIA A100-SXM4-40GB (0),1,,7,[CUDA memcpy Device-to-Host]
2049697447,15136,30409,1434,1,1,128,1,1,16,0.000,0.000,,,,,NVIDIA A100-SXM4-40GB (0),1,,13,cupy_copy__complex64_complex64
2049723687,2560,30416,103,1,1,128,1,1,16,0.000,0.000,,,,,NVIDIA A100-SXM4-40GB (0),1,,13,cupy_copy__complex64_complex64
2049743974,2112,30423,35,1,1,128,1,1,16,0.000,0.000,,,,,NVIDIA A100-SXM4-40GB (0),1,,13,cupy_copy__complex64_complex64
2049761862,1536,30430,1,1,1,1,1,1,18,0.000,0.000,,,,,NVIDIA A100-SXM4-40GB (0),1,,13,cupy_copy__float32_float32
2049892837,79487,30441,1,1,1,32,32,1,30,0.000,0.000,,,,,NVIDIA A100-SXM4-40GB (0),1,,13,"void convert_kernel<__half2, float2>(tensor_layout_any, T1 *, tensor_layout_any, const T2 *)"
2050135970,4192,30444,,,,,,,,,,0.061,14656.451,Pinned,Device,NVIDIA A100-SXM4-40GB (0),1,,13,[CUDA memcpy Host-to-Device]
2050146658,3296,30445,,,,,,,,,,1.547,469242.628,Device,,NVIDIA A100-SXM4-40GB (0),1,,13,[CUDA memset]
2050150434,3039,30450,,,,,,,,,,0.021,6928.582,Pinned,Device,NVIDIA A100-SXM4-40GB (0),1,,13,[CUDA memcpy Host-to-Device]
2050155617,8224,30451,,,,,,,,,,0.131,15937.700,Pinned,Device,NVIDIA A100-SXM4-40GB (0),1,,13,[CUDA memcpy Host-to-Device]
2050167425,6016,30452,273,1,1,8,4,1,39,0.002,0.000,,,,,NVIDIA A100-SXM4-40GB (0),1,,13,"void channel_eq::eqMmseCoefCompLowMimoKernel<float, float, float, (unsigned int)4, (unsigned int)1, (unsigned int)4>(const channel_eq::_puschRxChEqStatDescr *, channel_eq::_puschRxChEqCoefCompDynDescr)"
2050174625,5152,30453,273,1,1,12,11,1,40,0.002,0.000,,,,,NVIDIA A100-SXM4-40GB (0),1,,13,"void channel_eq::eqMmseSoftDemapKernel<float, __half, __half, float, (unsigned int)4, (unsigned short)16383>(channel_eq::_puschRxChEqStatDescr *, channel_eq::_puschRxChEqSoftDemapDynDescr)"
2050180833,281981,30454,1,1,1,32,32,1,30,0.000,0.000,,,,,NVIDIA A100-SXM4-40GB (0),1,,13,"void convert_kernel<float2, __half2>(tensor_layout_any, T1 *, tensor_layout_any, const T2 *)"
2050463934,12576,30466,2253,1,1,128,1,1,16,0.000,0.000,,,,,NVIDIA A100-SXM4-40GB (0),1,,13,cupy_copy__float16_float16
2050477502,2560,30475,282,1,1,128,1,1,16,0.000,0.000,,,,,NVIDIA A100-SXM4-40GB (0),1,,13,cupy_copy__complex64_complex64
2050481278,1856,30484,26,1,1,128,1,1,16,0.000,0.000,,,,,NVIDIA A100-SXM4-40GB (0),1,,13,cupy_copy__float32_float32
2050484350,2847,30493,103,1,1,128,1,1,16,0.000,0.000,,,,,NVIDIA A100-SXM4-40GB (0),1,,13,cupy_copy__complex64_complex64
2050488285,14176,30503,1434,1,1,128,1,1,16,0.000,0.000,,,,,NVIDIA A100-SXM4-40GB (0),1,,13,cupy_copy__complex64_complex64
2050646684,79615,30508,1,1,1,32,32,1,30,0.000,0.000,,,,,NVIDIA A100-SXM4-40GB (0),1,,13,"void convert_kernel<__half2, float2>(tensor_layout_any, T1 *, tensor_layout_any, const T2 *)"
2050756346,4192,30511,,,,,,,,,,0.061,14656.451,Pinned,Device,NVIDIA A100-SXM4-40GB (0),1,,13,[CUDA memcpy Host-to-Device]
2050768346,587321,30512,,,,,,,,,,456.520,776997.857,Device,,NVIDIA A100-SXM4-40GB (0),1,,13,[CUDA memset]
2051356595,32736,30517,,,,,,,,,,0.825,25211.783,Pinned,Device,NVIDIA A100-SXM4-40GB (0),1,,13,[CUDA memcpy Host-to-Device]
2051391475,6784,30518,,,,,,,,,,0.131,19320.668,Pinned,Device,NVIDIA A100-SXM4-40GB (0),1,,13,[CUDA memcpy Host-to-Device]
2051407474,7296,30519,69,4,1,48,1,1,76,0.002,0.000,,,,,NVIDIA A100-SXM4-40GB (0),1,,13,"void ch_est::windowedChEstPreNoDftSOfdmKernel<float, __half, float, (unsigned int)2, (unsigned int)1, (unsigned short)4>(ch_est::puschRxChEstStatDescr_t *, ch_est::puschRxChEstDynDescr_t *)"
2051415986,6432,30520,137,2,1,24,2,1,44,0.001,0.001,,,,,NVIDIA A100-SXM4-40GB (0),1,,13,"void ch_est::chEstFilterNoDftSOfdmDispatchKernel<float, __half, float, (unsigned int)2>(ch_est::puschRxChEstStatDescr_t *, ch_est::puschRxChEstDynDescr_t *)"
2051423474,4736,30521,137,2,1,24,2,1,44,0.001,0.001,,,,,NVIDIA A100-SXM4-40GB (0),1,,13,"void ch_est::chEstFilterNoDftSOfdmDispatchKernel<float, __half, float, (unsigned int)2>(ch_est::puschRxChEstStatDescr_t *, ch_est::puschRxChEstDynDescr_t *)"
2051429202,2368,30532,103,1,1,128,1,1,16,0.000,0.000,,,,,NVIDIA A100-SXM4-40GB (0),1,,13,cupy_copy__complex64_complex64
2051432658,15232,30542,1434,1,1,128,1,1,16,0.000,0.000,,,,,NVIDIA A100-SXM4-40GB (0),1,,13,cupy_copy__complex64_complex64
2051448914,2304,30549,103,1,1,128,1,1,16,0.000,0.000,,,,,NVIDIA A100-SXM4-40GB (0),1,,13,cupy_copy__complex64_complex64
2051452402,78879,30556,1,1,1,32,32,1,30,0.000,0.000,,,,,NVIDIA A100-SXM4-40GB (0),1,,13,"void convert_kernel<__half2, float2>(tensor_layout_any, T1 *, tensor_layout_any, const T2 *)"
2051690063,4192,30559,,,,,,,,,,0.061,14656.451,Pinned,Device,NVIDIA A100-SXM4-40GB (0),1,,13,[CUDA memcpy Host-to-Device]
2051703375,46623,30560,,,,,,,,,,35.801,767858.990,Device,,NVIDIA A100-SXM4-40GB (0),1,,13,[CUDA memset]
2051754606,1888,30562,,,,,,,,,,0.000,42.373,Pinned,Device,NVIDIA A100-SXM4-40GB (0),1,,13,[CUDA memcpy Host-to-Device]
2051758638,6784,30563,,,,,,,,,,0.131,19320.668,Pinned,Device,NVIDIA A100-SXM4-40GB (0),1,,13,[CUDA memcpy Host-to-Device]
2051775086,9056,30564,273,1,1,48,1,1,40,0.000,0.001,,,,,NVIDIA A100-SXM4-40GB (0),1,,13,"void pusch_noise_intf_est::noiseIntfEstNoDftSOfdmKernel<float, __half, float, float, (unsigned int)2, (unsigned int)1, (unsigned char)4, (unsigned char)4>(pusch_noise_intf_est::puschRxNoiseIntfEstDynDescr)"
2051785134,2720,30575,35,1,1,128,1,1,16,0.000,0.000,,,,,NVIDIA A100-SXM4-40GB (0),1,,13,cupy_copy__complex64_complex64
2051795182,1600,30584,1,1,1,1,1,1,18,0.000,0.000,,,,,NVIDIA A100-SXM4-40GB (0),1,,13,cupy_copy__float32_float32
2051833645,1696,30590,,,,,,,,,,0.000,2.358,Device,Pageable,NVIDIA A100-SXM4-40GB (0),1,,7,[CUDA memcpy Device-to-Host]
2051892141,15519,30601,1434,1,1,128,1,1,16,0.000,0.000,,,,,NVIDIA A100-SXM4-40GB (0),1,,13,cupy_copy__complex64_complex64
2051918924,2624,30608,103,1,1,128,1,1,16,0.000,0.000,,,,,NVIDIA A100-SXM4-40GB (0),1,,13,cupy_copy__complex64_complex64
2051939692,2112,30615,35,1,1,128,1,1,16,0.000,0.000,,,,,NVIDIA A100-SXM4-40GB (0),1,,13,cupy_copy__complex64_complex64
2051964140,1536,30622,1,1,1,1,1,1,18,0.000,0.000,,,,,NVIDIA A100-SXM4-40GB (0),1,,13,cupy_copy__float32_float32
2052229289,79743,30633,1,1,1,32,32,1,30,0.000,0.000,,,,,NVIDIA A100-SXM4-40GB (0),1,,13,"void convert_kernel<__half2, float2>(tensor_layout_any, T1 *, tensor_layout_any, const T2 *)"
2052339879,4192,30636,,,,,,,,,,0.061,14656.451,Pinned,Device,NVIDIA A100-SXM4-40GB (0),1,,13,[CUDA memcpy Host-to-Device]
2052355111,3296,30637,,,,,,,,,,1.547,469242.628,Device,,NVIDIA A100-SXM4-40GB (0),1,,13,[CUDA memset]
2052361703,3008,30642,,,,,,,,,,0.021,6999.983,Pinned,Device,NVIDIA A100-SXM4-40GB (0),1,,13,[CUDA memcpy Host-to-Device]
2052366855,6848,30643,,,,,,,,,,0.131,19140.182,Pinned,Device,NVIDIA A100-SXM4-40GB (0),1,,13,[CUDA memcpy Host-to-Device]
2052378855,6080,30644,273,1,1,8,4,1,39,0.002,0.000,,,,,NVIDIA A100-SXM4-40GB (0),1,,13,"void channel_eq::eqMmseCoefCompLowMimoKernel<float, float, float, (unsigned int)4, (unsigned int)1, (unsigned int)4>(const channel_eq::_puschRxChEqStatDescr *, channel_eq::_puschRxChEqCoefCompDynDescr)"
2052385895,5408,30645,273,1,1,12,11,1,40,0.002,0.000,,,,,NVIDIA A100-SXM4-40GB (0),1,,13,"void channel_eq::eqMmseSoftDemapKernel<float, __half, __half, float, (unsigned int)4, (unsigned short)16383>(channel_eq::_puschRxChEqStatDescr *, channel_eq::_puschRxChEqSoftDemapDynDescr)"
2052392359,280668,30646,1,1,1,32,32,1,30,0.000,0.000,,,,,NVIDIA A100-SXM4-40GB (0),1,,13,"void convert_kernel<float2, __half2>(tensor_layout_any, T1 *, tensor_layout_any, const T2 *)"
2052674019,12352,30658,2253,1,1,128,1,1,16,0.000,0.000,,,,,NVIDIA A100-SXM4-40GB (0),1,,13,cupy_copy__float16_float16
2052687331,2560,30667,282,1,1,128,1,1,16,0.000,0.000,,,,,NVIDIA A100-SXM4-40GB (0),1,,13,cupy_copy__complex64_complex64
2052691107,1856,30676,26,1,1,128,1,1,16,0.000,0.000,,,,,NVIDIA A100-SXM4-40GB (0),1,,13,cupy_copy__float32_float32
2052693923,2752,30685,103,1,1,128,1,1,16,0.000,0.000,,,,,NVIDIA A100-SXM4-40GB (0),1,,13,cupy_copy__complex64_complex64
2052697635,14176,30695,1434,1,1,128,1,1,16,0.000,0.000,,,,,NVIDIA A100-SXM4-40GB (0),1,,13,cupy_copy__complex64_complex64
2052741250,79744,30700,1,1,1,32,32,1,30,0.000,0.000,,,,,NVIDIA A100-SXM4-40GB (0),1,,13,"void convert_kernel<__half2, float2>(tensor_layout_any, T1 *, tensor_layout_any, const T2 *)"
2052848577,4192,30703,,,,,,,,,,0.061,14656.451,Pinned,Device,NVIDIA A100-SXM4-40GB (0),1,,13,[CUDA memcpy Host-to-Device]
2052859425,587161,30704,,,,,,,,,,456.520,777454.377,Device,,NVIDIA A100-SXM4-40GB (0),1,,13,[CUDA memset]
2053454842,33088,30709,,,,,,,,,,0.825,24943.546,Pinned,Device,NVIDIA A100-SXM4-40GB (0),1,,13,[CUDA memcpy Host-to-Device]
2053490074,6815,30710,,,,,,,,,,0.131,19232.850,Pinned,Device,NVIDIA A100-SXM4-40GB (0),1,,13,[CUDA memcpy Host-to-Device]
2053506617,7104,30711,69,4,1,48,1,1,76,0.002,0.000,,,,,NVIDIA A100-SXM4-40GB (0),1,,13,"void ch_est::windowedChEstPreNoDftSOfdmKernel<float, __half, float, (unsigned int)2, (unsigned int)1, (unsigned short)4>(ch_est::puschRxChEstStatDescr_t *, ch_est::puschRxChEstDynDescr_t *)"
2053514841,6560,30712,137,2,1,24,2,1,44,0.001,0.001,,,,,NVIDIA A100-SXM4-40GB (0),1,,13,"void ch_est::chEstFilterNoDftSOfdmDispatchKernel<float, __half, float, (unsigned int)2>(ch_est::puschRxChEstStatDescr_t *, ch_est::puschRxChEstDynDescr_t *)"
2053522457,4768,30713,137,2,1,24,2,1,44,0.001,0.001,,,,,NVIDIA A100-SXM4-40GB (0),1,,13,"void ch_est::chEstFilterNoDftSOfdmDispatchKernel<float, __half, float, (unsigned int)2>(ch_est::puschRxChEstStatDescr_t *, ch_est::puschRxChEstDynDescr_t *)"
2053528185,2400,30724,103,1,1,128,1,1,16,0.000,0.000,,,,,NVIDIA A100-SXM4-40GB (0),1,,13,cupy_copy__complex64_complex64
2053531641,15104,30734,1434,1,1,128,1,1,16,0.000,0.000,,,,,NVIDIA A100-SXM4-40GB (0),1,,13,cupy_copy__complex64_complex64
2053547929,2368,30741,103,1,1,128,1,1,16,0.000,0.000,,,,,NVIDIA A100-SXM4-40GB (0),1,,13,cupy_copy__complex64_complex64
2053551481,79103,30748,1,1,1,32,32,1,30,0.000,0.000,,,,,NVIDIA A100-SXM4-40GB (0),1,,13,"void convert_kernel<__half2, float2>(tensor_layout_any, T1 *, tensor_layout_any, const T2 *)"
2053657559,4224,30751,,,,,,,,,,0.061,14545.428,Pinned,Device,NVIDIA A100-SXM4-40GB (0),1,,13,[CUDA memcpy Host-to-Device]
2053669367,46016,30752,,,,,,,,,,35.801,777990.662,Device,,NVIDIA A100-SXM4-40GB (0),1,,13,[CUDA memset]
2053720663,1888,30754,,,,,,,,,,0.000,42.373,Pinned,Device,NVIDIA A100-SXM4-40GB (0),1,,13,[CUDA memcpy Host-to-Device]
2053724695,6816,30755,,,,,,,,,,0.131,19229.966,Pinned,Device,NVIDIA A100-SXM4-40GB (0),1,,13,[CUDA memcpy Host-to-Device]
2053735991,8671,30756,273,1,1,48,1,1,40,0.000,0.001,,,,,NVIDIA A100-SXM4-40GB (0),1,,13,"void pusch_noise_intf_est::noiseIntfEstNoDftSOfdmKernel<float, __half, float, float, (unsigned int)2, (unsigned int)1, (unsigned char)4, (unsigned char)4>(pusch_noise_intf_est::puschRxNoiseIntfEstDynDescr)"
2053745622,2592,30767,35,1,1,128,1,1,16,0.000,0.000,,,,,NVIDIA A100-SXM4-40GB (0),1,,13,cupy_copy__complex64_complex64
2053780022,1600,30776,1,1,1,1,1,1,18,0.000,0.000,,,,,NVIDIA A100-SXM4-40GB (0),1,,13,cupy_copy__float32_float32
2053815158,1696,30782,,,,,,,,,,0.000,2.358,Device,Pageable,NVIDIA A100-SXM4-40GB (0),1,,7,[CUDA memcpy Device-to-Host]
2053871669,15328,30793,1434,1,1,128,1,1,16,0.000,0.000,,,,,NVIDIA A100-SXM4-40GB (0),1,,13,cupy_copy__complex64_complex64
2053898229,2560,30800,103,1,1,128,1,1,16,0.000,0.000,,,,,NVIDIA A100-SXM4-40GB (0),1,,13,cupy_copy__complex64_complex64
2053918964,2144,30807,35,1,1,128,1,1,16,0.000,0.000,,,,,NVIDIA A100-SXM4-40GB (0),1,,13,cupy_copy__complex64_complex64
2053937172,1568,30814,1,1,1,1,1,1,18,0.000,0.000,,,,,NVIDIA A100-SXM4-40GB (0),1,,13,cupy_copy__float32_float32
2054069267,78911,30825,1,1,1,32,32,1,30,0.000,0.000,,,,,NVIDIA A100-SXM4-40GB (0),1,,13,"void convert_kernel<__half2, float2>(tensor_layout_any, T1 *, tensor_layout_any, const T2 *)"
2054175601,4192,30828,,,,,,,,,,0.061,14656.451,Pinned,Device,NVIDIA A100-SXM4-40GB (0),1,,13,[CUDA memcpy Host-to-Device]
2054190129,3296,30829,,,,,,,,,,1.547,469242.628,Device,,NVIDIA A100-SXM4-40GB (0),1,,13,[CUDA memset]
2054196753,3040,30834,,,,,,,,,,0.021,6926.308,Pinned,Device,NVIDIA A100-SXM4-40GB (0),1,,13,[CUDA memcpy Host-to-Device]
2054201937,6880,30835,,,,,,,,,,0.131,19051.053,Pinned,Device,NVIDIA A100-SXM4-40GB (0),1,,13,[CUDA memcpy Host-to-Device]
2054213841,6048,30836,273,1,1,8,4,1,39,0.002,0.000,,,,,NVIDIA A100-SXM4-40GB (0),1,,13,"void channel_eq::eqMmseCoefCompLowMimoKernel<float, float, float, (unsigned int)4, (unsigned int)1, (unsigned int)4>(const channel_eq::_puschRxChEqStatDescr *, channel_eq::_puschRxChEqCoefCompDynDescr)"
2054220977,5472,30837,273,1,1,12,11,1,40,0.002,0.000,,,,,NVIDIA A100-SXM4-40GB (0),1,,13,"void channel_eq::eqMmseSoftDemapKernel<float, __half, __half, float, (unsigned int)4, (unsigned short)16383>(channel_eq::_puschRxChEqStatDescr *, channel_eq::_puschRxChEqSoftDemapDynDescr)"
2054227665,281468,30838,1,1,1,32,32,1,30,0.000,0.000,,,,,NVIDIA A100-SXM4-40GB (0),1,,13,"void convert_kernel<float2, __half2>(tensor_layout_any, T1 *, tensor_layout_any, const T2 *)"
2054510189,12352,30850,2253,1,1,128,1,1,16,0.000,0.000,,,,,NVIDIA A100-SXM4-40GB (0),1,,13,cupy_copy__float16_float16
2054523565,2560,30859,282,1,1,128,1,1,16,0.000,0.000,,,,,NVIDIA A100-SXM4-40GB (0),1,,13,cupy_copy__complex64_complex64
2054527309,1856,30868,26,1,1,128,1,1,16,0.000,0.000,,,,,NVIDIA A100-SXM4-40GB (0),1,,13,cupy_copy__float32_float32
2054530125,2848,30877,103,1,1,128,1,1,16,0.000,0.000,,,,,NVIDIA A100-SXM4-40GB (0),1,,13,cupy_copy__complex64_complex64
2054534061,13984,30887,1434,1,1,128,1,1,16,0.000,0.000,,,,,NVIDIA A100-SXM4-40GB (0),1,,13,cupy_copy__complex64_complex64
2054573037,78943,30892,1,1,1,32,32,1,30,0.000,0.000,,,,,NVIDIA A100-SXM4-40GB (0),1,,13,"void convert_kernel<__half2, float2>(tensor_layout_any, T1 *, tensor_layout_any, const T2 *)"
2054679595,4192,30895,,,,,,,,,,0.061,14656.451,Pinned,Device,NVIDIA A100-SXM4-40GB (0),1,,13,[CUDA memcpy Host-to-Device]
2054689707,586681,30896,,,,,,,,,,456.520,777910.898,Device,,NVIDIA A100-SXM4-40GB (0),1,,13,[CUDA memset]
2055280228,32736,30901,,,,,,,,,,0.825,25211.783,Pinned,Device,NVIDIA A100-SXM4-40GB (0),1,,13,[CUDA memcpy Host-to-Device]
2055315076,6816,30902,,,,,,,,,,0.131,19229.966,Pinned,Device,NVIDIA A100-SXM4-40GB (0),1,,13,[CUDA memcpy Host-to-Device]
2055331363,7520,30903,69,4,1,48,1,1,76,0.002,0.000,,,,,NVIDIA A100-SXM4-40GB (0),1,,13,"void ch_est::windowedChEstPreNoDftSOfdmKernel<float, __half, float, (unsigned int)2, (unsigned int)1, (unsigned short)4>(ch_est::puschRxChEstStatDescr_t *, ch_est::puschRxChEstDynDescr_t *)"
2055340099,6272,30904,137,2,1,24,2,1,44,0.001,0.001,,,,,NVIDIA A100-SXM4-40GB (0),1,,13,"void ch_est::chEstFilterNoDftSOfdmDispatchKernel<float, __half, float, (unsigned int)2>(ch_est::puschRxChEstStatDescr_t *, ch_est::puschRxChEstDynDescr_t *)"
2055347427,4736,30905,137,2,1,24,2,1,44,0.001,0.001,,,,,NVIDIA A100-SXM4-40GB (0),1,,13,"void ch_est::chEstFilterNoDftSOfdmDispatchKernel<float, __half, float, (unsigned int)2>(ch_est::puschRxChEstStatDescr_t *, ch_est::puschRxChEstDynDescr_t *)"
2055353187,2368,30916,103,1,1,128,1,1,16,0.000,0.000,,,,,NVIDIA A100-SXM4-40GB (0),1,,13,cupy_copy__complex64_complex64
2055356579,15264,30926,1434,1,1,128,1,1,16,0.000,0.000,,,,,NVIDIA A100-SXM4-40GB (0),1,,13,cupy_copy__complex64_complex64
2055372867,2304,30933,103,1,1,128,1,1,16,0.000,0.000,,,,,NVIDIA A100-SXM4-40GB (0),1,,13,cupy_copy__complex64_complex64
2055376387,79487,30940,1,1,1,32,32,1,30,0.000,0.000,,,,,NVIDIA A100-SXM4-40GB (0),1,,13,"void convert_kernel<__half2, float2>(tensor_layout_any, T1 *, tensor_layout_any, const T2 *)"
2055619936,4736,30943,,,,,,,,,,0.061,12972.933,Pinned,Device,NVIDIA A100-SXM4-40GB (0),1,,13,[CUDA memcpy Host-to-Device]
2055631392,46399,30944,,,,,,,,,,35.801,771582.290,Device,,NVIDIA A100-SXM4-40GB (0),1,,13,[CUDA memset]
2055683647,1888,30946,,,,,,,,,,0.000,42.373,Pinned,Device,NVIDIA A100-SXM4-40GB (0),1,,13,[CUDA memcpy Host-to-Device]
2055687679,6816,30947,,,,,,,,,,0.131,19229.966,Pinned,Device,NVIDIA A100-SXM4-40GB (0),1,,13,[CUDA memcpy Host-to-Device]
2055702047,9152,30948,273,1,1,48,1,1,40,0.000,0.001,,,,,NVIDIA A100-SXM4-40GB (0),1,,13,"void pusch_noise_intf_est::noiseIntfEstNoDftSOfdmKernel<float, __half, float, float, (unsigned int)2, (unsigned int)1, (unsigned char)4, (unsigned char)4>(pusch_noise_intf_est::puschRxNoiseIntfEstDynDescr)"
2055712415,2720,30959,35,1,1,128,1,1,16,0.000,0.000,,,,,NVIDIA A100-SXM4-40GB (0),1,,13,cupy_copy__complex64_complex64
2055731231,1600,30968,1,1,1,1,1,1,18,0.000,0.000,,,,,NVIDIA A100-SXM4-40GB (0),1,,13,cupy_copy__float32_float32
2055765598,1696,30974,,,,,,,,,,0.000,2.358,Device,Pageable,NVIDIA A100-SXM4-40GB (0),1,,7,[CUDA memcpy Device-to-Host]
2055823294,15327,30985,1434,1,1,128,1,1,16,0.000,0.000,,,,,NVIDIA A100-SXM4-40GB (0),1,,13,cupy_copy__complex64_complex64
2055850077,2560,30992,103,1,1,128,1,1,16,0.000,0.000,,,,,NVIDIA A100-SXM4-40GB (0),1,,13,cupy_copy__complex64_complex64
2055870685,2144,30999,35,1,1,128,1,1,16,0.000,0.000,,,,,NVIDIA A100-SXM4-40GB (0),1,,13,cupy_copy__complex64_complex64
2055888253,1536,31006,1,1,1,1,1,1,18,0.000,0.000,,,,,NVIDIA A100-SXM4-40GB (0),1,,13,cupy_copy__float32_float32
2056164505,79456,31017,1,1,1,32,32,1,30,0.000,0.000,,,,,NVIDIA A100-SXM4-40GB (0),1,,13,"void convert_kernel<__half2, float2>(tensor_layout_any, T1 *, tensor_layout_any, const T2 *)"
2056275288,4192,31020,,,,,,,,,,0.061,14656.451,Pinned,Device,NVIDIA A100-SXM4-40GB (0),1,,13,[CUDA memcpy Host-to-Device]
2056290648,3296,31021,,,,,,,,,,1.547,469242.628,Device,,NVIDIA A100-SXM4-40GB (0),1,,13,[CUDA memset]
2056297432,3040,31026,,,,,,,,,,0.021,6926.308,Pinned,Device,NVIDIA A100-SXM4-40GB (0),1,,13,[CUDA memcpy Host-to-Device]
2056302584,6880,31027,,,,,,,,,,0.131,19051.053,Pinned,Device,NVIDIA A100-SXM4-40GB (0),1,,13,[CUDA memcpy Host-to-Device]
2056315608,6080,31028,273,1,1,8,4,1,39,0.002,0.000,,,,,NVIDIA A100-SXM4-40GB (0),1,,13,"void channel_eq::eqMmseCoefCompLowMimoKernel<float, float, float, (unsigned int)4, (unsigned int)1, (unsigned int)4>(const channel_eq::_puschRxChEqStatDescr *, channel_eq::_puschRxChEqCoefCompDynDescr)"
2056322744,5471,31029,273,1,1,12,11,1,40,0.002,0.000,,,,,NVIDIA A100-SXM4-40GB (0),1,,13,"void channel_eq::eqMmseSoftDemapKernel<float, __half, __half, float, (unsigned int)4, (unsigned short)16383>(channel_eq::_puschRxChEqStatDescr *, channel_eq::_puschRxChEqSoftDemapDynDescr)"
2056329175,281661,31030,1,1,1,32,32,1,30,0.000,0.000,,,,,NVIDIA A100-SXM4-40GB (0),1,,13,"void convert_kernel<float2, __half2>(tensor_layout_any, T1 *, tensor_layout_any, const T2 *)"
2056611956,12352,31042,2253,1,1,128,1,1,16,0.000,0.000,,,,,NVIDIA A100-SXM4-40GB (0),1,,13,cupy_copy__float16_float16
2056625300,2592,31051,282,1,1,128,1,1,16,0.000,0.000,,,,,NVIDIA A100-SXM4-40GB (0),1,,13,cupy_copy__complex64_complex64
2056629076,1888,31060,26,1,1,128,1,1,16,0.000,0.000,,,,,NVIDIA A100-SXM4-40GB (0),1,,13,cupy_copy__float32_float32
2056631892,2784,31069,103,1,1,128,1,1,16,0.000,0.000,,,,,NVIDIA A100-SXM4-40GB (0),1,,13,cupy_copy__complex64_complex64
2056685747,14080,31085,1434,1,1,128,1,1,16,0.000,0.000,,,,,NVIDIA A100-SXM4-40GB (0),1,,13,cupy_copy__complex64_complex64
2056803154,79839,31090,1,1,1,32,32,1,30,0.000,0.000,,,,,NVIDIA A100-SXM4-40GB (0),1,,13,"void convert_kernel<__half2, float2>(tensor_layout_any, T1 *, tensor_layout_any, const T2 *)"
2057043215,4160,31093,,,,,,,,,,0.061,14769.193,Pinned,Device,NVIDIA A100-SXM4-40GB (0),1,,13,[CUDA memcpy Host-to-Device]
2057052943,588185,31094,,,,,,,,,,456.520,776084.816,Device,,NVIDIA A100-SXM4-40GB (0),1,,13,[CUDA memset]
2057642792,32735,31099,,,,,,,,,,0.825,25212.609,Pinned,Device,NVIDIA A100-SXM4-40GB (0),1,,13,[CUDA memcpy Host-to-Device]
2057677671,6784,31100,,,,,,,,,,0.131,19320.668,Pinned,Device,NVIDIA A100-SXM4-40GB (0),1,,13,[CUDA memcpy Host-to-Device]
2057687815,7744,31101,69,4,1,48,1,1,76,0.002,0.000,,,,,NVIDIA A100-SXM4-40GB (0),1,,13,"void ch_est::windowedChEstPreNoDftSOfdmKernel<float, __half, float, (unsigned int)2, (unsigned int)1, (unsigned short)4>(ch_est::puschRxChEstStatDescr_t *, ch_est::puschRxChEstDynDescr_t *)"
2057696807,6560,31102,137,2,1,24,2,1,44,0.001,0.001,,,,,NVIDIA A100-SXM4-40GB (0),1,,13,"void ch_est::chEstFilterNoDftSOfdmDispatchKernel<float, __half, float, (unsigned int)2>(ch_est::puschRxChEstStatDescr_t *, ch_est::puschRxChEstDynDescr_t *)"
2057704359,4736,31103,137,2,1,24,2,1,44,0.001,0.001,,,,,NVIDIA A100-SXM4-40GB (0),1,,13,"void ch_est::chEstFilterNoDftSOfdmDispatchKernel<float, __half, float, (unsigned int)2>(ch_est::puschRxChEstStatDescr_t *, ch_est::puschRxChEstDynDescr_t *)"
2057710119,2400,31114,103,1,1,128,1,1,16,0.000,0.000,,,,,NVIDIA A100-SXM4-40GB (0),1,,13,cupy_copy__complex64_complex64
2057713575,15072,31124,1434,1,1,128,1,1,16,0.000,0.000,,,,,NVIDIA A100-SXM4-40GB (0),1,,13,cupy_copy__complex64_complex64
2057729831,2336,31131,103,1,1,128,1,1,16,0.000,0.000,,,,,NVIDIA A100-SXM4-40GB (0),1,,13,cupy_copy__complex64_complex64
2057733383,78975,31138,1,1,1,32,32,1,30,0.000,0.000,,,,,NVIDIA A100-SXM4-40GB (0),1,,13,"void convert_kernel<__half2, float2>(tensor_layout_any, T1 *, tensor_layout_any, const T2 *)"
2057842981,4448,31141,,,,,,,,,,0.061,13812.941,Pinned,Device,NVIDIA A100-SXM4-40GB (0),1,,13,[CUDA memcpy Host-to-Device]
2057855301,46208,31142,,,,,,,,,,35.801,774768.575,Device,,NVIDIA A100-SXM4-40GB (0),1,,13,[CUDA memset]
2057910213,1888,31144,,,,,,,,,,0.000,42.373,Pinned,Device,NVIDIA A100-SXM4-40GB (0),1,,13,[CUDA memcpy Host-to-Device]
2057914244,6816,31145,,,,,,,,,,0.131,19229.966,Pinned,Device,NVIDIA A100-SXM4-40GB (0),1,,13,[CUDA memcpy Host-to-Device]
2057924388,9056,31146,273,1,1,48,1,1,40,0.000,0.001,,,,,NVIDIA A100-SXM4-40GB (0),1,,13,"void pusch_noise_intf_est::noiseIntfEstNoDftSOfdmKernel<float, __half, float, float, (unsigned int)2, (unsigned int)1, (unsigned char)4, (unsigned char)4>(pusch_noise_intf_est::puschRxNoiseIntfEstDynDescr)"
2057935108,2720,31157,35,1,1,128,1,1,16,0.000,0.000,,,,,NVIDIA A100-SXM4-40GB (0),1,,13,cupy_copy__complex64_complex64
2057971140,1600,31166,1,1,1,1,1,1,18,0.000,0.000,,,,,NVIDIA A100-SXM4-40GB (0),1,,13,cupy_copy__float32_float32
2058005059,1728,31172,,,,,,,,,,0.000,2.315,Device,Pageable,NVIDIA A100-SXM4-40GB (0),1,,7,[CUDA memcpy Device-to-Host]
2058061859,15136,31183,1434,1,1,128,1,1,16,0.000,0.000,,,,,NVIDIA A100-SXM4-40GB (0),1,,13,cupy_copy__complex64_complex64
2058088258,2560,31190,103,1,1,128,1,1,16,0.000,0.000,,,,,NVIDIA A100-SXM4-40GB (0),1,,13,cupy_copy__complex64_complex64
2058108610,2112,31197,35,1,1,128,1,1,16,0.000,0.000,,,,,NVIDIA A100-SXM4-40GB (0),1,,13,cupy_copy__complex64_complex64
2058126850,1568,31204,1,1,1,1,1,1,18,0.000,0.000,,,,,NVIDIA A100-SXM4-40GB (0),1,,13,cupy_copy__float32_float32
2058261920,79327,31215,1,1,1,32,32,1,30,0.000,0.000,,,,,NVIDIA A100-SXM4-40GB (0),1,,13,"void convert_kernel<__half2, float2>(tensor_layout_any, T1 *, tensor_layout_any, const T2 *)"
2058369023,4192,31218,,,,,,,,,,0.061,14656.451,Pinned,Device,NVIDIA A100-SXM4-40GB (0),1,,13,[CUDA memcpy Host-to-Device]
2058383839,3328,31219,,,,,,,,,,1.547,464729.580,Device,,NVIDIA A100-SXM4-40GB (0),1,,13,[CUDA memset]
2058390207,3072,31224,,,,,,,,,,0.021,6854.149,Pinned,Device,NVIDIA A100-SXM4-40GB (0),1,,13,[CUDA memcpy Host-to-Device]
2058395391,6944,31225,,,,,,,,,,0.131,18875.548,Pinned,Device,NVIDIA A100-SXM4-40GB (0),1,,13,[CUDA memcpy Host-to-Device]
2058406847,6080,31226,273,1,1,8,4,1,39,0.002,0.000,,,,,NVIDIA A100-SXM4-40GB (0),1,,13,"void channel_eq::eqMmseCoefCompLowMimoKernel<float, float, float, (unsigned int)4, (unsigned int)1, (unsigned int)4>(const channel_eq::_puschRxChEqStatDescr *, channel_eq::_puschRxChEqCoefCompDynDescr)"
2058413982,5280,31227,273,1,1,12,11,1,40,0.002,0.000,,,,,NVIDIA A100-SXM4-40GB (0),1,,13,"void channel_eq::eqMmseSoftDemapKernel<float, __half, __half, float, (unsigned int)4, (unsigned short)16383>(channel_eq::_puschRxChEqStatDescr *, channel_eq::_puschRxChEqSoftDemapDynDescr)"
2058420478,281373,31228,1,1,1,32,32,1,30,0.000,0.000,,,,,NVIDIA A100-SXM4-40GB (0),1,,13,"void convert_kernel<float2, __half2>(tensor_layout_any, T1 *, tensor_layout_any, const T2 *)"
2058702907,12224,31240,2253,1,1,128,1,1,16,0.000,0.000,,,,,NVIDIA A100-SXM4-40GB (0),1,,13,cupy_copy__float16_float16
2058716315,2560,31249,282,1,1,128,1,1,16,0.000,0.000,,,,,NVIDIA A100-SXM4-40GB (0),1,,13,cupy_copy__complex64_complex64
2058720091,1856,31258,26,1,1,128,1,1,16,0.000,0.000,,,,,NVIDIA A100-SXM4-40GB (0),1,,13,cupy_copy__float32_float32
2058723195,2848,31267,103,1,1,128,1,1,16,0.000,0.000,,,,,NVIDIA A100-SXM4-40GB (0),1,,13,cupy_copy__complex64_complex64
2058727099,14016,31277,1434,1,1,128,1,1,16,0.000,0.000,,,,,NVIDIA A100-SXM4-40GB (0),1,,13,cupy_copy__complex64_complex64
2058763866,79391,31282,1,1,1,32,32,1,30,0.000,0.000,,,,,NVIDIA A100-SXM4-40GB (0),1,,13,"void convert_kernel<__half2, float2>(tensor_layout_any, T1 *, tensor_layout_any, const T2 *)"
2058870073,4192,31285,,,,,,,,,,0.061,14656.451,Pinned,Device,NVIDIA A100-SXM4-40GB (0),1,,13,[CUDA memcpy Host-to-Device]
2058880889,587481,31286,,,,,,,,,,456.520,776997.857,Device,,NVIDIA A100-SXM4-40GB (0),1,,13,[CUDA memset]
2059469650,32799,31291,,,,,,,,,,0.825,25163.088,Pinned,Device,NVIDIA A100-SXM4-40GB (0),1,,13,[CUDA memcpy Host-to-Device]
2059504593,6784,31292,,,,,,,,,,0.131,19320.668,Pinned,Device,NVIDIA A100-SXM4-40GB (0),1,,13,[CUDA memcpy Host-to-Device]
2059520497,7456,31293,69,4,1,48,1,1,76,0.002,0.000,,,,,NVIDIA A100-SXM4-40GB (0),1,,13,"void ch_est::windowedChEstPreNoDftSOfdmKernel<float, __half, float, (unsigned int)2, (unsigned int)1, (unsigned short)4>(ch_est::puschRxChEstStatDescr_t *, ch_est::puschRxChEstDynDescr_t *)"
2059528945,6368,31294,137,2,1,24,2,1,44,0.001,0.001,,,,,NVIDIA A100-SXM4-40GB (0),1,,13,"void ch_est::chEstFilterNoDftSOfdmDispatchKernel<float, __half, float, (unsigned int)2>(ch_est::puschRxChEstStatDescr_t *, ch_est::puschRxChEstDynDescr_t *)"
2059536433,4704,31295,137,2,1,24,2,1,44,0.001,0.001,,,,,NVIDIA A100-SXM4-40GB (0),1,,13,"void ch_est::chEstFilterNoDftSOfdmDispatchKernel<float, __half, float, (unsigned int)2>(ch_est::puschRxChEstStatDescr_t *, ch_est::puschRxChEstDynDescr_t *)"
2059542161,2368,31306,103,1,1,128,1,1,16,0.000,0.000,,,,,NVIDIA A100-SXM4-40GB (0),1,,13,cupy_copy__complex64_complex64
2059545617,15296,31316,1434,1,1,128,1,1,16,0.000,0.000,,,,,NVIDIA A100-SXM4-40GB (0),1,,13,cupy_copy__complex64_complex64
2059561841,2304,31323,103,1,1,128,1,1,16,0.000,0.000,,,,,NVIDIA A100-SXM4-40GB (0),1,,13,cupy_copy__complex64_complex64
2059565361,78879,31330,1,1,1,32,32,1,30,0.000,0.000,,,,,NVIDIA A100-SXM4-40GB (0),1,,13,"void convert_kernel<__half2, float2>(tensor_layout_any, T1 *, tensor_layout_any, const T2 *)"
2059671407,4192,31333,,,,,,,,,,0.061,14656.451,Pinned,Device,NVIDIA A100-SXM4-40GB (0),1,,13,[CUDA memcpy Host-to-Device]
2059685711,45920,31334,,,,,,,,,,35.801,779637.506,Device,,NVIDIA A100-SXM4-40GB (0),1,,13,[CUDA memset]
2059738639,1888,31336,,,,,,,,,,0.000,42.373,Pinned,Device,NVIDIA A100-SXM4-40GB (0),1,,13,[CUDA memcpy Host-to-Device]
2059742671,6783,31337,,,,,,,,,,0.131,19323.552,Pinned,Device,NVIDIA A100-SXM4-40GB (0),1,,13,[CUDA memcpy Host-to-Device]
2059752942,8608,31338,273,1,1,48,1,1,40,0.000,0.001,,,,,NVIDIA A100-SXM4-40GB (0),1,,13,"void pusch_noise_intf_est::noiseIntfEstNoDftSOfdmKernel<float, __half, float, float, (unsigned int)2, (unsigned int)1, (unsigned char)4, (unsigned char)4>(pusch_noise_intf_est::puschRxNoiseIntfEstDynDescr)"
2059762510,2720,31349,35,1,1,128,1,1,16,0.000,0.000,,,,,NVIDIA A100-SXM4-40GB (0),1,,13,cupy_copy__complex64_complex64
2059794382,1600,31358,1,1,1,1,1,1,18,0.000,0.000,,,,,NVIDIA A100-SXM4-40GB (0),1,,13,cupy_copy__float32_float32
2059828462,1632,31364,,,,,,,,,,0.000,2.451,Device,Pageable,NVIDIA A100-SXM4-40GB (0),1,,7,[CUDA memcpy Device-to-Host]
2059885261,15648,31375,1434,1,1,128,1,1,16,0.000,0.000,,,,,NVIDIA A100-SXM4-40GB (0),1,,13,cupy_copy__complex64_complex64
2059911597,2560,31382,103,1,1,128,1,1,16,0.000,0.000,,,,,NVIDIA A100-SXM4-40GB (0),1,,13,cupy_copy__complex64_complex64
2059932460,2112,31389,35,1,1,128,1,1,16,0.000,0.000,,,,,NVIDIA A100-SXM4-40GB (0),1,,13,cupy_copy__complex64_complex64
2059950284,1536,31396,1,1,1,1,1,1,18,0.000,0.000,,,,,NVIDIA A100-SXM4-40GB (0),1,,13,cupy_copy__float32_float32
2060089514,79391,31407,1,1,1,32,32,1,30,0.000,0.000,,,,,NVIDIA A100-SXM4-40GB (0),1,,13,"void convert_kernel<__half2, float2>(tensor_layout_any, T1 *, tensor_layout_any, const T2 *)"
2060197193,4192,31410,,,,,,,,,,0.061,14656.451,Pinned,Device,NVIDIA A100-SXM4-40GB (0),1,,13,[CUDA memcpy Host-to-Device]
2060211433,3296,31411,,,,,,,,,,1.547,469242.628,Device,,NVIDIA A100-SXM4-40GB (0),1,,13,[CUDA memset]
2060218185,3008,31416,,,,,,,,,,0.021,6999.983,Pinned,Device,NVIDIA A100-SXM4-40GB (0),1,,13,[CUDA memcpy Host-to-Device]
2060223337,6880,31417,,,,,,,,,,0.131,19051.053,Pinned,Device,NVIDIA A100-SXM4-40GB (0),1,,13,[CUDA memcpy Host-to-Device]
2060235241,6176,31418,273,1,1,8,4,1,39,0.002,0.000,,,,,NVIDIA A100-SXM4-40GB (0),1,,13,"void channel_eq::eqMmseCoefCompLowMimoKernel<float, float, float, (unsigned int)4, (unsigned int)1, (unsigned int)4>(const channel_eq::_puschRxChEqStatDescr *, channel_eq::_puschRxChEqCoefCompDynDescr)"
2060242473,5344,31419,273,1,1,12,11,1,40,0.002,0.000,,,,,NVIDIA A100-SXM4-40GB (0),1,,13,"void channel_eq::eqMmseSoftDemapKernel<float, __half, __half, float, (unsigned int)4, (unsigned short)16383>(channel_eq::_puschRxChEqStatDescr *, channel_eq::_puschRxChEqSoftDemapDynDescr)"
2060249000,280925,31420,1,1,1,32,32,1,30,0.000,0.000,,,,,NVIDIA A100-SXM4-40GB (0),1,,13,"void convert_kernel<float2, __half2>(tensor_layout_any, T1 *, tensor_layout_any, const T2 *)"
2060531013,12256,31432,2253,1,1,128,1,1,16,0.000,0.000,,,,,NVIDIA A100-SXM4-40GB (0),1,,13,cupy_copy__float16_float16
2060544357,2592,31441,282,1,1,128,1,1,16,0.000,0.000,,,,,NVIDIA A100-SXM4-40GB (0),1,,13,cupy_copy__complex64_complex64
2060548133,1888,31450,26,1,1,128,1,1,16,0.000,0.000,,,,,NVIDIA A100-SXM4-40GB (0),1,,13,cupy_copy__float32_float32
2060551237,2784,31459,103,1,1,128,1,1,16,0.000,0.000,,,,,NVIDIA A100-SXM4-40GB (0),1,,13,cupy_copy__complex64_complex64
2060554949,13952,31469,1434,1,1,128,1,1,16,0.000,0.000,,,,,NVIDIA A100-SXM4-40GB (0),1,,13,cupy_copy__complex64_complex64
2060590308,79487,31474,1,1,1,32,32,1,30,0.000,0.000,,,,,NVIDIA A100-SXM4-40GB (0),1,,13,"void convert_kernel<__half2, float2>(tensor_layout_any, T1 *, tensor_layout_any, const T2 *)"
2060834625,4160,31477,,,,,,,,,,0.061,14769.193,Pinned,Device,NVIDIA A100-SXM4-40GB (0),1,,13,[CUDA memcpy Host-to-Device]
2060844321,588249,31478,,,,,,,,,,456.520,775628.296,Device,,NVIDIA A100-SXM4-40GB (0),1,,13,[CUDA memset]
2061435418,32736,31483,,,,,,,,,,0.825,25211.783,Pinned,Device,NVIDIA A100-SXM4-40GB (0),1,,13,[CUDA memcpy Host-to-Device]
2061470298,6784,31484,,,,,,,,,,0.131,19320.668,Pinned,Device,NVIDIA A100-SXM4-40GB (0),1,,13,[CUDA memcpy Host-to-Device]
2061480410,7296,31485,69,4,1,48,1,1,76,0.002,0.000,,,,,NVIDIA A100-SXM4-40GB (0),1,,13,"void ch_est::windowedChEstPreNoDftSOfdmKernel<float, __half, float, (unsigned int)2, (unsigned int)1, (unsigned short)4>(ch_est::puschRxChEstStatDescr_t *, ch_est::puschRxChEstDynDescr_t *)"
2061488698,6592,31486,137,2,1,24,2,1,44,0.001,0.001,,,,,NVIDIA A100-SXM4-40GB (0),1,,13,"void ch_est::chEstFilterNoDftSOfdmDispatchKernel<float, __half, float, (unsigned int)2>(ch_est::puschRxChEstStatDescr_t *, ch_est::puschRxChEstDynDescr_t *)"
2061496538,4703,31487,137,2,1,24,2,1,44,0.001,0.001,,,,,NVIDIA A100-SXM4-40GB (0),1,,13,"void ch_est::chEstFilterNoDftSOfdmDispatchKernel<float, __half, float, (unsigned int)2>(ch_est::puschRxChEstStatDescr_t *, ch_est::puschRxChEstDynDescr_t *)"
2061502233,2816,31498,103,1,1,128,1,1,16,0.000,0.000,,,,,NVIDIA A100-SXM4-40GB (0),1,,13,cupy_copy__complex64_complex64
2061506137,15104,31508,1434,1,1,128,1,1,16,0.000,0.000,,,,,NVIDIA A100-SXM4-40GB (0),1,,13,cupy_copy__complex64_complex64
2061522329,2336,31515,103,1,1,128,1,1,16,0.000,0.000,,,,,NVIDIA A100-SXM4-40GB (0),1,,13,cupy_copy__complex64_complex64
2061525593,79935,31522,1,1,1,32,32,1,30,0.000,0.000,,,,,NVIDIA A100-SXM4-40GB (0),1,,13,"void convert_kernel<__half2, float2>(tensor_layout_any, T1 *, tensor_layout_any, const T2 *)"
2061635896,4192,31525,,,,,,,,,,0.061,14656.451,Pinned,Device,NVIDIA A100-SXM4-40GB (0),1,,13,[CUDA memcpy Host-to-Device]
2061649080,46143,31526,,,,,,,,,,35.801,775842.604,Device,,NVIDIA A100-SXM4-40GB (0),1,,13,[CUDA memset]
2061702647,1888,31528,,,,,,,,,,0.000,42.373,Pinned,Device,NVIDIA A100-SXM4-40GB (0),1,,13,[CUDA memcpy Host-to-Device]
2061706679,6912,31529,,,,,,,,,,0.131,18962.842,Pinned,Device,NVIDIA A100-SXM4-40GB (0),1,,13,[CUDA memcpy Host-to-Device]
2061716951,8544,31530,273,1,1,48,1,1,40,0.000,0.001,,,,,NVIDIA A100-SXM4-40GB (0),1,,13,"void pusch_noise_intf_est::noiseIntfEstNoDftSOfdmKernel<float, __half, float, float, (unsigned int)2, (unsigned int)1, (unsigned char)4, (unsigned char)4>(pusch_noise_intf_est::puschRxNoiseIntfEstDynDescr)"
2061726487,2624,31541,35,1,1,128,1,1,16,0.000,0.000,,,,,NVIDIA A100-SXM4-40GB (0),1,,13,cupy_copy__complex64_complex64
2061760470,1600,31550,1,1,1,1,1,1,18,0.000,0.000,,,,,NVIDIA A100-SXM4-40GB (0),1,,13,cupy_copy__float32_float32
2061796022,1696,31556,,,,,,,,,,0.000,2.358,Device,Pageable,NVIDIA A100-SXM4-40GB (0),1,,7,[CUDA memcpy Device-to-Host]
2061853653,15616,31567,1434,1,1,128,1,1,16,0.000,0.000,,,,,NVIDIA A100-SXM4-40GB (0),1,,13,cupy_copy__complex64_complex64
2061880885,2560,31574,103,1,1,128,1,1,16,0.000,0.000,,,,,NVIDIA A100-SXM4-40GB (0),1,,13,cupy_copy__complex64_complex64
2061901781,2144,31581,35,1,1,128,1,1,16,0.000,0.000,,,,,NVIDIA A100-SXM4-40GB (0),1,,13,cupy_copy__complex64_complex64
2061920404,1568,31588,1,1,1,1,1,1,18,0.000,0.000,,,,,NVIDIA A100-SXM4-40GB (0),1,,13,cupy_copy__float32_float32
2062053203,79679,31599,1,1,1,32,32,1,30,0.000,0.000,,,,,NVIDIA A100-SXM4-40GB (0),1,,13,"void convert_kernel<__half2, float2>(tensor_layout_any, T1 *, tensor_layout_any, const T2 *)"
2062294288,4192,31602,,,,,,,,,,0.061,14656.451,Pinned,Device,NVIDIA A100-SXM4-40GB (0),1,,13,[CUDA memcpy Host-to-Device]
2062304592,3360,31603,,,,,,,,,,1.547,460304.688,Device,,NVIDIA A100-SXM4-40GB (0),1,,13,[CUDA memset]
2062316112,3072,31608,,,,,,,,,,0.021,6854.149,Pinned,Device,NVIDIA A100-SXM4-40GB (0),1,,13,[CUDA memcpy Host-to-Device]
2062321296,7104,31609,,,,,,,,,,0.131,18450.350,Pinned,Device,NVIDIA A100-SXM4-40GB (0),1,,13,[CUDA memcpy Host-to-Device]
2062333424,6015,31610,273,1,1,8,4,1,39,0.002,0.000,,,,,NVIDIA A100-SXM4-40GB (0),1,,13,"void channel_eq::eqMmseCoefCompLowMimoKernel<float, float, float, (unsigned int)4, (unsigned int)1, (unsigned int)4>(const channel_eq::_puschRxChEqStatDescr *, channel_eq::_puschRxChEqCoefCompDynDescr)"
2062340559,5376,31611,273,1,1,12,11,1,40,0.002,0.000,,,,,NVIDIA A100-SXM4-40GB (0),1,,13,"void channel_eq::eqMmseSoftDemapKernel<float, __half, __half, float, (unsigned int)4, (unsigned short)16383>(channel_eq::_puschRxChEqStatDescr *, channel_eq::_puschRxChEqSoftDemapDynDescr)"
2062346895,281373,31612,1,1,1,32,32,1,30,0.000,0.000,,,,,NVIDIA A100-SXM4-40GB (0),1,,13,"void convert_kernel<float2, __half2>(tensor_layout_any, T1 *, tensor_layout_any, const T2 *)"
2062629420,12448,31624,2253,1,1,128,1,1,16,0.000,0.000,,,,,NVIDIA A100-SXM4-40GB (0),1,,13,cupy_copy__float16_float16
2062643052,2592,31633,282,1,1,128,1,1,16,0.000,0.000,,,,,NVIDIA A100-SXM4-40GB (0),1,,13,cupy_copy__complex64_complex64
2062646828,1888,31642,26,1,1,128,1,1,16,0.000,0.000,,,,,NVIDIA A100-SXM4-40GB (0),1,,13,cupy_copy__float32_float32
2062649932,2816,31651,103,1,1,128,1,1,16,0.000,0.000,,,,,NVIDIA A100-SXM4-40GB (0),1,,13,cupy_copy__complex64_complex64
2062653932,14016,31661,1434,1,1,128,1,1,16,0.000,0.000,,,,,NVIDIA A100-SXM4-40GB (0),1,,13,cupy_copy__complex64_complex64
2062806538,79967,31666,1,1,1,32,32,1,30,0.000,0.000,,,,,NVIDIA A100-SXM4-40GB (0),1,,13,"void convert_kernel<__half2, float2>(tensor_layout_any, T1 *, tensor_layout_any, const T2 *)"
2062917001,4191,31669,,,,,,,,,,0.061,14659.953,Pinned,Device,NVIDIA A100-SXM4-40GB (0),1,,13,[CUDA memcpy Host-to-Device]
2062928040,587481,31670,,,,,,,,,,456.520,776997.857,Device,,NVIDIA A100-SXM4-40GB (0),1,,13,[CUDA memset]
2063519233,32864,31675,,,,,,,,,,0.825,25113.567,Pinned,Device,NVIDIA A100-SXM4-40GB (0),1,,13,[CUDA memcpy Host-to-Device]
2063554241,6816,31676,,,,,,,,,,0.131,19229.966,Pinned,Device,NVIDIA A100-SXM4-40GB (0),1,,13,[CUDA memcpy Host-to-Device]
2063571393,7392,31677,69,4,1,48,1,1,76,0.002,0.000,,,,,NVIDIA A100-SXM4-40GB (0),1,,13,"void ch_est::windowedChEstPreNoDftSOfdmKernel<float, __half, float, (unsigned int)2, (unsigned int)1, (unsigned short)4>(ch_est::puschRxChEstStatDescr_t *, ch_est::puschRxChEstDynDescr_t *)"
2063579841,6336,31678,137,2,1,24,2,1,44,0.001,0.001,,,,,NVIDIA A100-SXM4-40GB (0),1,,13,"void ch_est::chEstFilterNoDftSOfdmDispatchKernel<float, __half, float, (unsigned int)2>(ch_est::puschRxChEstStatDescr_t *, ch_est::puschRxChEstDynDescr_t *)"
2063587136,4768,31679,137,2,1,24,2,1,44,0.001,0.001,,,,,NVIDIA A100-SXM4-40GB (0),1,,13,"void ch_est::chEstFilterNoDftSOfdmDispatchKernel<float, __half, float, (unsigned int)2>(ch_est::puschRxChEstStatDescr_t *, ch_est::puschRxChEstDynDescr_t *)"
2063592928,2368,31690,103,1,1,128,1,1,16,0.000,0.000,,,,,NVIDIA A100-SXM4-40GB (0),1,,13,cupy_copy__complex64_complex64
2063596352,15392,31700,1434,1,1,128,1,1,16,0.000,0.000,,,,,NVIDIA A100-SXM4-40GB (0),1,,13,cupy_copy__complex64_complex64
2063612800,2336,31707,103,1,1,128,1,1,16,0.000,0.000,,,,,NVIDIA A100-SXM4-40GB (0),1,,13,cupy_copy__complex64_complex64
2063616096,78911,31714,1,1,1,32,32,1,30,0.000,0.000,,,,,NVIDIA A100-SXM4-40GB (0),1,,13,"void convert_kernel<__half2, float2>(tensor_layout_any, T1 *, tensor_layout_any, const T2 *)"
2063723231,4224,31717,,,,,,,,,,0.061,14545.428,Pinned,Device,NVIDIA A100-SXM4-40GB (0),1,,13,[CUDA memcpy Host-to-Device]
2063735423,46207,31718,,,,,,,,,,35.801,774768.575,Device,,NVIDIA A100-SXM4-40GB (0),1,,13,[CUDA memset]
2063787486,1888,31720,,,,,,,,,,0.000,42.373,Pinned,Device,NVIDIA A100-SXM4-40GB (0),1,,13,[CUDA memcpy Host-to-Device]
2063791518,6784,31721,,,,,,,,,,0.131,19320.668,Pinned,Device,NVIDIA A100-SXM4-40GB (0),1,,13,[CUDA memcpy Host-to-Device]
2063801822,8576,31722,273,1,1,48,1,1,40,0.000,0.001,,,,,NVIDIA A100-SXM4-40GB (0),1,,13,"void pusch_noise_intf_est::noiseIntfEstNoDftSOfdmKernel<float, __half, float, float, (unsigned int)2, (unsigned int)1, (unsigned char)4, (unsigned char)4>(pusch_noise_intf_est::puschRxNoiseIntfEstDynDescr)"
2063811422,2688,31733,35,1,1,128,1,1,16,0.000,0.000,,,,,NVIDIA A100-SXM4-40GB (0),1,,13,cupy_copy__complex64_complex64
2063844253,1600,31742,1,1,1,1,1,1,18,0.000,0.000,,,,,NVIDIA A100-SXM4-40GB (0),1,,13,cupy_copy__float32_float32
2063879293,1696,31748,,,,,,,,,,0.000,2.358,Device,Pageable,NVIDIA A100-SXM4-40GB (0),1,,7,[CUDA memcpy Device-to-Host]
2063936668,15264,31759,1434,1,1,128,1,1,16,0.000,0.000,,,,,NVIDIA A100-SXM4-40GB (0),1,,13,cupy_copy__complex64_complex64
2063969724,2560,31766,103,1,1,128,1,1,16,0.000,0.000,,,,,NVIDIA A100-SXM4-40GB (0),1,,13,cupy_copy__complex64_complex64
2063992540,2112,31773,35,1,1,128,1,1,16,0.000,0.000,,,,,NVIDIA A100-SXM4-40GB (0),1,,13,cupy_copy__complex64_complex64
2064010715,1504,31780,1,1,1,1,1,1,18,0.000,0.000,,,,,NVIDIA A100-SXM4-40GB (0),1,,13,cupy_copy__float32_float32
2064143226,79519,31791,1,1,1,32,32,1,30,0.000,0.000,,,,,NVIDIA A100-SXM4-40GB (0),1,,13,"void convert_kernel<__half2, float2>(tensor_layout_any, T1 *, tensor_layout_any, const T2 *)"
2064250457,4223,31794,,,,,,,,,,0.061,14548.869,Pinned,Device,NVIDIA A100-SXM4-40GB (0),1,,13,[CUDA memcpy Host-to-Device]
2064264568,3328,31795,,,,,,,,,,1.547,464729.580,Device,,NVIDIA A100-SXM4-40GB (0),1,,13,[CUDA memset]
2064271224,3104,31800,,,,,,,,,,0.021,6783.485,Pinned,Device,NVIDIA A100-SXM4-40GB (0),1,,13,[CUDA memcpy Host-to-Device]
2064276472,7232,31801,,,,,,,,,,0.131,18123.850,Pinned,Device,NVIDIA A100-SXM4-40GB (0),1,,13,[CUDA memcpy Host-to-Device]
2064290520,6048,31802,273,1,1,8,4,1,39,0.002,0.000,,,,,NVIDIA A100-SXM4-40GB (0),1,,13,"void channel_eq::eqMmseCoefCompLowMimoKernel<float, float, float, (unsigned int)4, (unsigned int)1, (unsigned int)4>(const channel_eq::_puschRxChEqStatDescr *, channel_eq::_puschRxChEqCoefCompDynDescr)"
2064297656,5312,31803,273,1,1,12,11,1,40,0.002,0.000,,,,,NVIDIA A100-SXM4-40GB (0),1,,13,"void channel_eq::eqMmseSoftDemapKernel<float, __half, __half, float, (unsigned int)4, (unsigned short)16383>(channel_eq::_puschRxChEqStatDescr *, channel_eq::_puschRxChEqSoftDemapDynDescr)"
2064304184,281213,31804,1,1,1,32,32,1,30,0.000,0.000,,,,,NVIDIA A100-SXM4-40GB (0),1,,13,"void convert_kernel<float2, __half2>(tensor_layout_any, T1 *, tensor_layout_any, const T2 *)"
2064586421,12511,31816,2253,1,1,128,1,1,16,0.000,0.000,,,,,NVIDIA A100-SXM4-40GB (0),1,,13,cupy_copy__float16_float16
2064600020,2560,31825,282,1,1,128,1,1,16,0.000,0.000,,,,,NVIDIA A100-SXM4-40GB (0),1,,13,cupy_copy__complex64_complex64
2064603796,1856,31834,26,1,1,128,1,1,16,0.000,0.000,,,,,NVIDIA A100-SXM4-40GB (0),1,,13,cupy_copy__float32_float32
2064606900,2752,31843,103,1,1,128,1,1,16,0.000,0.000,,,,,NVIDIA A100-SXM4-40GB (0),1,,13,cupy_copy__complex64_complex64
2064610612,14112,31853,1434,1,1,128,1,1,16,0.000,0.000,,,,,NVIDIA A100-SXM4-40GB (0),1,,13,cupy_copy__complex64_complex64
2064639540,79135,31858,1,1,1,32,32,1,30,0.000,0.000,,,,,NVIDIA A100-SXM4-40GB (0),1,,13,"void convert_kernel<__half2, float2>(tensor_layout_any, T1 *, tensor_layout_any, const T2 *)"
2064745491,4192,31861,,,,,,,,,,0.061,14656.451,Pinned,Device,NVIDIA A100-SXM4-40GB (0),1,,13,[CUDA memcpy Host-to-Device]
2064756306,587513,31862,,,,,,,,,,456.520,776997.857,Device,,NVIDIA A100-SXM4-40GB (0),1,,13,[CUDA memset]
2065345995,32736,31867,,,,,,,,,,0.825,25211.783,Pinned,Device,NVIDIA A100-SXM4-40GB (0),1,,13,[CUDA memcpy Host-to-Device]
2065380875,6912,31868,,,,,,,,,,0.131,18962.842,Pinned,Device,NVIDIA A100-SXM4-40GB (0),1,,13,[CUDA memcpy Host-to-Device]
2065398187,7296,31869,69,4,1,48,1,1,76,0.002,0.000,,,,,NVIDIA A100-SXM4-40GB (0),1,,13,"void ch_est::windowedChEstPreNoDftSOfdmKernel<float, __half, float, (unsigned int)2, (unsigned int)1, (unsigned short)4>(ch_est::puschRxChEstStatDescr_t *, ch_est::puschRxChEstDynDescr_t *)"
2065406731,6592,31870,137,2,1,24,2,1,44,0.001,0.001,,,,,NVIDIA A100-SXM4-40GB (0),1,,13,"void ch_est::chEstFilterNoDftSOfdmDispatchKernel<float, __half, float, (unsigned int)2>(ch_est::puschRxChEstStatDescr_t *, ch_est::puschRxChEstDynDescr_t *)"
2065414283,4736,31871,137,2,1,24,2,1,44,0.001,0.001,,,,,NVIDIA A100-SXM4-40GB (0),1,,13,"void ch_est::chEstFilterNoDftSOfdmDispatchKernel<float, __half, float, (unsigned int)2>(ch_est::puschRxChEstStatDescr_t *, ch_est::puschRxChEstDynDescr_t *)"
2065420043,2399,31882,103,1,1,128,1,1,16,0.000,0.000,,,,,NVIDIA A100-SXM4-40GB (0),1,,13,cupy_copy__complex64_complex64
2065423498,15392,31892,1434,1,1,128,1,1,16,0.000,0.000,,,,,NVIDIA A100-SXM4-40GB (0),1,,13,cupy_copy__complex64_complex64
2065439914,2304,31899,103,1,1,128,1,1,16,0.000,0.000,,,,,NVIDIA A100-SXM4-40GB (0),1,,13,cupy_copy__complex64_complex64
2065443434,79263,31906,1,1,1,32,32,1,30,0.000,0.000,,,,,NVIDIA A100-SXM4-40GB (0),1,,13,"void convert_kernel<__half2, float2>(tensor_layout_any, T1 *, tensor_layout_any, const T2 *)"
2065550441,4192,31909,,,,,,,,,,0.061,14656.451,Pinned,Device,NVIDIA A100-SXM4-40GB (0),1,,13,[CUDA memcpy Host-to-Device]
2065562409,46335,31910,,,,,,,,,,35.801,772620.518,Device,,NVIDIA A100-SXM4-40GB (0),1,,13,[CUDA memset]
2065614280,1888,31912,,,,,,,,,,0.000,42.373,Pinned,Device,NVIDIA A100-SXM4-40GB (0),1,,13,[CUDA memcpy Host-to-Device]
2065618312,6784,31913,,,,,,,,,,0.131,19320.668,Pinned,Device,NVIDIA A100-SXM4-40GB (0),1,,13,[CUDA memcpy Host-to-Device]
2065632136,8736,31914,273,1,1,48,1,1,40,0.000,0.001,,,,,NVIDIA A100-SXM4-40GB (0),1,,13,"void pusch_noise_intf_est::noiseIntfEstNoDftSOfdmKernel<float, __half, float, float, (unsigned int)2, (unsigned int)1, (unsigned char)4, (unsigned char)4>(pusch_noise_intf_est::puschRxNoiseIntfEstDynDescr)"
2065641960,2720,31925,35,1,1,128,1,1,16,0.000,0.000,,,,,NVIDIA A100-SXM4-40GB (0),1,,13,cupy_copy__complex64_complex64
2065669096,1600,31934,1,1,1,1,1,1,18,0.000,0.000,,,,,NVIDIA A100-SXM4-40GB (0),1,,13,cupy_copy__float32_float32
2065702663,1664,31940,,,,,,,,,,0.000,2.404,Device,Pageable,NVIDIA A100-SXM4-40GB (0),1,,7,[CUDA memcpy Device-to-Host]
2065759654,15424,31951,1434,1,1,128,1,1,16,0.000,0.000,,,,,NVIDIA A100-SXM4-40GB (0),1,,13,cupy_copy__complex64_complex64
2065786246,2560,31958,103,1,1,128,1,1,16,0.000,0.000,,,,,NVIDIA A100-SXM4-40GB (0),1,,13,cupy_copy__complex64_complex64
2065807142,2112,31965,35,1,1,128,1,1,16,0.000,0.000,,,,,NVIDIA A100-SXM4-40GB (0),1,,13,cupy_copy__complex64_complex64
2065825510,1536,31972,1,1,1,1,1,1,18,0.000,0.000,,,,,NVIDIA A100-SXM4-40GB (0),1,,13,cupy_copy__float32_float32
2065958340,79935,31983,1,1,1,32,32,1,30,0.000,0.000,,,,,NVIDIA A100-SXM4-40GB (0),1,,13,"void convert_kernel<__half2, float2>(tensor_layout_any, T1 *, tensor_layout_any, const T2 *)"
2066201729,4192,31986,,,,,,,,,,0.061,14656.451,Pinned,Device,NVIDIA A100-SXM4-40GB (0),1,,13,[CUDA memcpy Host-to-Device]
2066215169,3328,31987,,,,,,,,,,1.547,464729.580,Device,,NVIDIA A100-SXM4-40GB (0),1,,13,[CUDA memset]
2066218849,3008,31992,,,,,,,,,,0.021,6999.983,Pinned,Device,NVIDIA A100-SXM4-40GB (0),1,,13,[CUDA memcpy Host-to-Device]
2066224353,6784,31993,,,,,,,,,,0.131,19320.668,Pinned,Device,NVIDIA A100-SXM4-40GB (0),1,,13,[CUDA memcpy Host-to-Device]
2066240961,6016,31994,273,1,1,8,4,1,39,0.002,0.000,,,,,NVIDIA A100-SXM4-40GB (0),1,,13,"void channel_eq::eqMmseCoefCompLowMimoKernel<float, float, float, (unsigned int)4, (unsigned int)1, (unsigned int)4>(const channel_eq::_puschRxChEqStatDescr *, channel_eq::_puschRxChEqCoefCompDynDescr)"
2066248193,5312,31995,273,1,1,12,11,1,40,0.002,0.000,,,,,NVIDIA A100-SXM4-40GB (0),1,,13,"void channel_eq::eqMmseSoftDemapKernel<float, __half, __half, float, (unsigned int)4, (unsigned short)16383>(channel_eq::_puschRxChEqStatDescr *, channel_eq::_puschRxChEqSoftDemapDynDescr)"
2066254625,281212,31996,1,1,1,32,32,1,30,0.000,0.000,,,,,NVIDIA A100-SXM4-40GB (0),1,,13,"void convert_kernel<float2, __half2>(tensor_layout_any, T1 *, tensor_layout_any, const T2 *)"
2066536893,12768,32008,2253,1,1,128,1,1,16,0.000,0.000,,,,,NVIDIA A100-SXM4-40GB (0),1,,13,cupy_copy__float16_float16
2066550717,2592,32017,282,1,1,128,1,1,16,0.000,0.000,,,,,NVIDIA A100-SXM4-40GB (0),1,,13,cupy_copy__complex64_complex64
2066554493,1856,32026,26,1,1,128,1,1,16,0.000,0.000,,,,,NVIDIA A100-SXM4-40GB (0),1,,13,cupy_copy__float32_float32
2066557597,2848,32035,103,1,1,128,1,1,16,0.000,0.000,,,,,NVIDIA A100-SXM4-40GB (0),1,,13,cupy_copy__complex64_complex64
2066561533,14048,32045,1434,1,1,128,1,1,16,0.000,0.000,,,,,NVIDIA A100-SXM4-40GB (0),1,,13,cupy_copy__complex64_complex64
2066716795,79615,32050,1,1,1,32,32,1,30,0.000,0.000,,,,,NVIDIA A100-SXM4-40GB (0),1,,13,"void convert_kernel<__half2, float2>(tensor_layout_any, T1 *, tensor_layout_any, const T2 *)"
2066826490,4288,32053,,,,,,,,,,0.061,14328.300,Pinned,Device,NVIDIA A100-SXM4-40GB (0),1,,13,[CUDA memcpy Host-to-Device]
2066838394,587576,32054,,,,,,,,,,456.520,776541.336,Device,,NVIDIA A100-SXM4-40GB (0),1,,13,[CUDA memset]
2067427058,32704,32059,,,,,,,,,,0.825,25236.543,Pinned,Device,NVIDIA A100-SXM4-40GB (0),1,,13,[CUDA memcpy Host-to-Device]
2067461906,6784,32060,,,,,,,,,,0.131,19320.668,Pinned,Device,NVIDIA A100-SXM4-40GB (0),1,,13,[CUDA memcpy Host-to-Device]
2067475858,7296,32061,69,4,1,48,1,1,76,0.002,0.000,,,,,NVIDIA A100-SXM4-40GB (0),1,,13,"void ch_est::windowedChEstPreNoDftSOfdmKernel<float, __half, float, (unsigned int)2, (unsigned int)1, (unsigned short)4>(ch_est::puschRxChEstStatDescr_t *, ch_est::puschRxChEstDynDescr_t *)"
2067484114,6336,32062,137,2,1,24,2,1,44,0.001,0.001,,,,,NVIDIA A100-SXM4-40GB (0),1,,13,"void ch_est::chEstFilterNoDftSOfdmDispatchKernel<float, __half, float, (unsigned int)2>(ch_est::puschRxChEstStatDescr_t *, ch_est::puschRxChEstDynDescr_t *)"
2067491410,4736,32063,137,2,1,24,2,1,44,0.001,0.001,,,,,NVIDIA A100-SXM4-40GB (0),1,,13,"void ch_est::chEstFilterNoDftSOfdmDispatchKernel<float, __half, float, (unsigned int)2>(ch_est::puschRxChEstStatDescr_t *, ch_est::puschRxChEstDynDescr_t *)"
2067497170,2368,32074,103,1,1,128,1,1,16,0.000,0.000,,,,,NVIDIA A100-SXM4-40GB (0),1,,13,cupy_copy__complex64_complex64
2067500594,15231,32084,1434,1,1,128,1,1,16,0.000,0.000,,,,,NVIDIA A100-SXM4-40GB (0),1,,13,cupy_copy__complex64_complex64
2067516849,2336,32091,103,1,1,128,1,1,16,0.000,0.000,,,,,NVIDIA A100-SXM4-40GB (0),1,,13,cupy_copy__complex64_complex64
2067520369,78847,32098,1,1,1,32,32,1,30,0.000,0.000,,,,,NVIDIA A100-SXM4-40GB (0),1,,13,"void convert_kernel<__half2, float2>(tensor_layout_any, T1 *, tensor_layout_any, const T2 *)"
2067760334,4736,32101,,,,,,,,,,0.061,12972.933,Pinned,Device,NVIDIA A100-SXM4-40GB (0),1,,13,[CUDA memcpy Host-to-Device]
2067771790,46720,32102,,,,,,,,,,35.801,766283.748,Device,,NVIDIA A100-SXM4-40GB (0),1,,13,[CUDA memset]
2067824046,1888,32104,,,,,,,,,,0.000,42.373,Pinned,Device,NVIDIA A100-SXM4-40GB (0),1,,13,[CUDA memcpy Host-to-Device]
2067828078,7008,32105,,,,,,,,,,0.131,18703.188,Pinned,Device,NVIDIA A100-SXM4-40GB (0),1,,13,[CUDA memcpy Host-to-Device]
2067845549,9056,32106,273,1,1,48,1,1,40,0.000,0.001,,,,,NVIDIA A100-SXM4-40GB (0),1,,13,"void pusch_noise_intf_est::noiseIntfEstNoDftSOfdmKernel<float, __half, float, float, (unsigned int)2, (unsigned int)1, (unsigned char)4, (unsigned char)4>(pusch_noise_intf_est::puschRxNoiseIntfEstDynDescr)"
2067855597,2880,32117,35,1,1,128,1,1,16,0.000,0.000,,,,,NVIDIA A100-SXM4-40GB (0),1,,13,cupy_copy__complex64_complex64
2067866861,1568,32126,1,1,1,1,1,1,18,0.000,0.000,,,,,NVIDIA A100-SXM4-40GB (0),1,,13,cupy_copy__float32_float32
2067902285,1696,32132,,,,,,,,,,0.000,2.358,Device,Pageable,NVIDIA A100-SXM4-40GB (0),1,,7,[CUDA memcpy Device-to-Host]
2067966060,15520,32143,1434,1,1,128,1,1,16,0.000,0.000,,,,,NVIDIA A100-SXM4-40GB (0),1,,13,cupy_copy__complex64_complex64
2067994732,2560,32150,103,1,1,128,1,1,16,0.000,0.000,,,,,NVIDIA A100-SXM4-40GB (0),1,,13,cupy_copy__complex64_complex64
2068015979,2112,32157,35,1,1,128,1,1,16,0.000,0.000,,,,,NVIDIA A100-SXM4-40GB (0),1,,13,cupy_copy__complex64_complex64
2068033675,1536,32164,1,1,1,1,1,1,18,0.000,0.000,,,,,NVIDIA A100-SXM4-40GB (0),1,,13,cupy_copy__float32_float32
2068297640,79903,32175,1,1,1,32,32,1,30,0.000,0.000,,,,,NVIDIA A100-SXM4-40GB (0),1,,13,"void convert_kernel<__half2, float2>(tensor_layout_any, T1 *, tensor_layout_any, const T2 *)"
2068408071,4192,32178,,,,,,,,,,0.061,14656.451,Pinned,Device,NVIDIA A100-SXM4-40GB (0),1,,13,[CUDA memcpy Host-to-Device]
2068423591,3327,32179,,,,,,,,,,1.547,464870.322,Device,,NVIDIA A100-SXM4-40GB (0),1,,13,[CUDA memset]
2068433862,2464,32184,,,,,,,,,,0.021,8545.451,Pinned,Device,NVIDIA A100-SXM4-40GB (0),1,,13,[CUDA memcpy Host-to-Device]
2068438118,6880,32185,,,,,,,,,,0.131,19051.053,Pinned,Device,NVIDIA A100-SXM4-40GB (0),1,,13,[CUDA memcpy Host-to-Device]
2068451686,6080,32186,273,1,1,8,4,1,39,0.002,0.000,,,,,NVIDIA A100-SXM4-40GB (0),1,,13,"void channel_eq::eqMmseCoefCompLowMimoKernel<float, float, float, (unsigned int)4, (unsigned int)1, (unsigned int)4>(const channel_eq::_puschRxChEqStatDescr *, channel_eq::_puschRxChEqCoefCompDynDescr)"
2068458726,5440,32187,273,1,1,12,11,1,40,0.002,0.000,,,,,NVIDIA A100-SXM4-40GB (0),1,,13,"void channel_eq::eqMmseSoftDemapKernel<float, __half, __half, float, (unsigned int)4, (unsigned short)16383>(channel_eq::_puschRxChEqStatDescr *, channel_eq::_puschRxChEqSoftDemapDynDescr)"
2068465158,281053,32188,1,1,1,32,32,1,30,0.000,0.000,,,,,NVIDIA A100-SXM4-40GB (0),1,,13,"void convert_kernel<float2, __half2>(tensor_layout_any, T1 *, tensor_layout_any, const T2 *)"
2068747267,12383,32200,2253,1,1,128,1,1,16,0.000,0.000,,,,,NVIDIA A100-SXM4-40GB (0),1,,13,cupy_copy__float16_float16
2068760642,2560,32209,282,1,1,128,1,1,16,0.000,0.000,,,,,NVIDIA A100-SXM4-40GB (0),1,,13,cupy_copy__complex64_complex64
2068764418,1856,32218,26,1,1,128,1,1,16,0.000,0.000,,,,,NVIDIA A100-SXM4-40GB (0),1,,13,cupy_copy__float32_float32
2068767522,2752,32227,103,1,1,128,1,1,16,0.000,0.000,,,,,NVIDIA A100-SXM4-40GB (0),1,,13,cupy_copy__complex64_complex64
2068771522,14112,32237,1434,1,1,128,1,1,16,0.000,0.000,,,,,NVIDIA A100-SXM4-40GB (0),1,,13,cupy_copy__complex64_complex64
2068809314,79103,32242,1,1,1,32,32,1,30,0.000,0.000,,,,,NVIDIA A100-SXM4-40GB (0),1,,13,"void convert_kernel<__half2, float2>(tensor_layout_any, T1 *, tensor_layout_any, const T2 *)"
2068915617,4288,32245,,,,,,,,,,0.061,14328.300,Pinned,Device,NVIDIA A100-SXM4-40GB (0),1,,13,[CUDA memcpy Host-to-Device]
2068926528,587737,32246,,,,,,,,,,456.520,776541.336,Device,,NVIDIA A100-SXM4-40GB (0),1,,13,[CUDA memset]
2069514969,32960,32251,,,,,,,,,,0.825,25040.112,Pinned,Device,NVIDIA A100-SXM4-40GB (0),1,,13,[CUDA memcpy Host-to-Device]
2069550073,6784,32252,,,,,,,,,,0.131,19320.668,Pinned,Device,NVIDIA A100-SXM4-40GB (0),1,,13,[CUDA memcpy Host-to-Device]
2069560697,7232,32253,69,4,1,48,1,1,76,0.002,0.000,,,,,NVIDIA A100-SXM4-40GB (0),1,,13,"void ch_est::windowedChEstPreNoDftSOfdmKernel<float, __half, float, (unsigned int)2, (unsigned int)1, (unsigned short)4>(ch_est::puschRxChEstStatDescr_t *, ch_est::puschRxChEstDynDescr_t *)"
2069569017,6592,32254,137,2,1,24,2,1,44,0.001,0.001,,,,,NVIDIA A100-SXM4-40GB (0),1,,13,"void ch_est::chEstFilterNoDftSOfdmDispatchKernel<float, __half, float, (unsigned int)2>(ch_est::puschRxChEstStatDescr_t *, ch_est::puschRxChEstDynDescr_t *)"
2069576665,4736,32255,137,2,1,24,2,1,44,0.001,0.001,,,,,NVIDIA A100-SXM4-40GB (0),1,,13,"void ch_est::chEstFilterNoDftSOfdmDispatchKernel<float, __half, float, (unsigned int)2>(ch_est::puschRxChEstStatDescr_t *, ch_est::puschRxChEstDynDescr_t *)"
2069582361,2400,32266,103,1,1,128,1,1,16,0.000,0.000,,,,,NVIDIA A100-SXM4-40GB (0),1,,13,cupy_copy__complex64_complex64
2069585849,15231,32276,1434,1,1,128,1,1,16,0.000,0.000,,,,,NVIDIA A100-SXM4-40GB (0),1,,13,cupy_copy__complex64_complex64
2069602072,2368,32283,103,1,1,128,1,1,16,0.000,0.000,,,,,NVIDIA A100-SXM4-40GB (0),1,,13,cupy_copy__complex64_complex64
2069605624,79455,32290,1,1,1,32,32,1,30,0.000,0.000,,,,,NVIDIA A100-SXM4-40GB (0),1,,13,"void convert_kernel<__half2, float2>(tensor_layout_any, T1 *, tensor_layout_any, const T2 *)"
2069711831,4384,32293,,,,,,,,,,0.061,14014.587,Pinned,Device,NVIDIA A100-SXM4-40GB (0),1,,13,[CUDA memcpy Host-to-Device]
2069724215,46175,32294,,,,,,,,,,35.801,775305.590,Device,,NVIDIA A100-SXM4-40GB (0),1,,13,[CUDA memset]
2069776790,1888,32296,,,,,,,,,,0.000,42.373,Pinned,Device,NVIDIA A100-SXM4-40GB (0),1,,13,[CUDA memcpy Host-to-Device]
2069780822,6784,32297,,,,,,,,,,0.131,19320.668,Pinned,Device,NVIDIA A100-SXM4-40GB (0),1,,13,[CUDA memcpy Host-to-Device]
2069793046,8576,32298,273,1,1,48,1,1,40,0.000,0.001,,,,,NVIDIA A100-SXM4-40GB (0),1,,13,"void pusch_noise_intf_est::noiseIntfEstNoDftSOfdmKernel<float, __half, float, float, (unsigned int)2, (unsigned int)1, (unsigned char)4, (unsigned char)4>(pusch_noise_intf_est::puschRxNoiseIntfEstDynDescr)"
2069802678,2784,32309,35,1,1,128,1,1,16,0.000,0.000,,,,,NVIDIA A100-SXM4-40GB (0),1,,13,cupy_copy__complex64_complex64
2069830102,1600,32318,1,1,1,1,1,1,18,0.000,0.000,,,,,NVIDIA A100-SXM4-40GB (0),1,,13,cupy_copy__float32_float32
2069864789,1728,32324,,,,,,,,,,0.000,2.315,Device,Pageable,NVIDIA A100-SXM4-40GB (0),1,,7,[CUDA memcpy Device-to-Host]
2069921909,15103,32335,1434,1,1,128,1,1,16,0.000,0.000,,,,,NVIDIA A100-SXM4-40GB (0),1,,13,cupy_copy__complex64_complex64
2069948340,2592,32342,103,1,1,128,1,1,16,0.000,0.000,,,,,NVIDIA A100-SXM4-40GB (0),1,,13,cupy_copy__complex64_complex64
2069969364,2144,32349,35,1,1,128,1,1,16,0.000,0.000,,,,,NVIDIA A100-SXM4-40GB (0),1,,13,cupy_copy__complex64_complex64
2069986996,1536,32356,1,1,1,1,1,1,18,0.000,0.000,,,,,NVIDIA A100-SXM4-40GB (0),1,,13,cupy_copy__float32_float32
2070118866,79519,32367,1,1,1,32,32,1,30,0.000,0.000,,,,,NVIDIA A100-SXM4-40GB (0),1,,13,"void convert_kernel<__half2, float2>(tensor_layout_any, T1 *, tensor_layout_any, const T2 *)"
2070226033,4384,32370,,,,,,,,,,0.061,14014.587,Pinned,Device,NVIDIA A100-SXM4-40GB (0),1,,13,[CUDA memcpy Host-to-Device]
2070243185,3264,32371,,,,,,,,,,1.547,473842.288,Device,,NVIDIA A100-SXM4-40GB (0),1,,13,[CUDA memset]
2070249841,3008,32376,,,,,,,,,,0.021,6999.983,Pinned,Device,NVIDIA A100-SXM4-40GB (0),1,,13,[CUDA memcpy Host-to-Device]
2070254993,6847,32377,,,,,,,,,,0.131,19142.935,Pinned,Device,NVIDIA A100-SXM4-40GB (0),1,,13,[CUDA memcpy Host-to-Device]
2070267984,6048,32378,273,1,1,8,4,1,39,0.002,0.000,,,,,NVIDIA A100-SXM4-40GB (0),1,,13,"void channel_eq::eqMmseCoefCompLowMimoKernel<float, float, float, (unsigned int)4, (unsigned int)1, (unsigned int)4>(const channel_eq::_puschRxChEqStatDescr *, channel_eq::_puschRxChEqCoefCompDynDescr)"
2070275120,5248,32379,273,1,1,12,11,1,40,0.002,0.000,,,,,NVIDIA A100-SXM4-40GB (0),1,,13,"void channel_eq::eqMmseSoftDemapKernel<float, __half, __half, float, (unsigned int)4, (unsigned short)16383>(channel_eq::_puschRxChEqStatDescr *, channel_eq::_puschRxChEqSoftDemapDynDescr)"
2070281392,281565,32380,1,1,1,32,32,1,30,0.000,0.000,,,,,NVIDIA A100-SXM4-40GB (0),1,,13,"void convert_kernel<float2, __half2>(tensor_layout_any, T1 *, tensor_layout_any, const T2 *)"
2070563949,12384,32392,2253,1,1,128,1,1,16,0.000,0.000,,,,,NVIDIA A100-SXM4-40GB (0),1,,13,cupy_copy__float16_float16
2070577261,2656,32401,282,1,1,128,1,1,16,0.000,0.000,,,,,NVIDIA A100-SXM4-40GB (0),1,,13,cupy_copy__complex64_complex64
2070580973,1856,32410,26,1,1,128,1,1,16,0.000,0.000,,,,,NVIDIA A100-SXM4-40GB (0),1,,13,cupy_copy__float32_float32
2070584077,2816,32419,103,1,1,128,1,1,16,0.000,0.000,,,,,NVIDIA A100-SXM4-40GB (0),1,,13,cupy_copy__complex64_complex64
2070588077,13983,32429,1434,1,1,128,1,1,16,0.000,0.000,,,,,NVIDIA A100-SXM4-40GB (0),1,,13,cupy_copy__complex64_complex64
2070617324,79359,32434,1,1,1,32,32,1,30,0.000,0.000,,,,,NVIDIA A100-SXM4-40GB (0),1,,13,"void convert_kernel<__half2, float2>(tensor_layout_any, T1 *, tensor_layout_any, const T2 *)"
2070723851,4160,32437,,,,,,,,,,0.061,14769.193,Pinned,Device,NVIDIA A100-SXM4-40GB (0),1,,13,[CUDA memcpy Host-to-Device]
2070733803,586969,32438,,,,,,,,,,456.520,777454.377,Device,,NVIDIA A100-SXM4-40GB (0),1,,13,[CUDA memset]
2071323012,32831,32443,,,,,,,,,,0.825,25139.153,Pinned,Device,NVIDIA A100-SXM4-40GB (0),1,,13,[CUDA memcpy Host-to-Device]
2071357987,6784,32444,,,,,,,,,,0.131,19320.668,Pinned,Device,NVIDIA A100-SXM4-40GB (0),1,,13,[CUDA memcpy Host-to-Device]
2071374179,7456,32445,69,4,1,48,1,1,76,0.002,0.000,,,,,NVIDIA A100-SXM4-40GB (0),1,,13,"void ch_est::windowedChEstPreNoDftSOfdmKernel<float, __half, float, (unsigned int)2, (unsigned int)1, (unsigned short)4>(ch_est::puschRxChEstStatDescr_t *, ch_est::puschRxChEstDynDescr_t *)"
2071382595,6656,32446,137,2,1,24,2,1,44,0.001,0.001,,,,,NVIDIA A100-SXM4-40GB (0),1,,13,"void ch_est::chEstFilterNoDftSOfdmDispatchKernel<float, __half, float, (unsigned int)2>(ch_est::puschRxChEstStatDescr_t *, ch_est::puschRxChEstDynDescr_t *)"
2071390467,4736,32447,137,2,1,24,2,1,44,0.001,0.001,,,,,NVIDIA A100-SXM4-40GB (0),1,,13,"void ch_est::chEstFilterNoDftSOfdmDispatchKernel<float, __half, float, (unsigned int)2>(ch_est::puschRxChEstStatDescr_t *, ch_est::puschRxChEstDynDescr_t *)"
2071396195,2368,32458,103,1,1,128,1,1,16,0.000,0.000,,,,,NVIDIA A100-SXM4-40GB (0),1,,13,cupy_copy__complex64_complex64
2071399619,15232,32468,1434,1,1,128,1,1,16,0.000,0.000,,,,,NVIDIA A100-SXM4-40GB (0),1,,13,cupy_copy__complex64_complex64
2071415875,2304,32475,103,1,1,128,1,1,16,0.000,0.000,,,,,NVIDIA A100-SXM4-40GB (0),1,,13,cupy_copy__complex64_complex64
2071419107,79423,32482,1,1,1,32,32,1,30,0.000,0.000,,,,,NVIDIA A100-SXM4-40GB (0),1,,13,"void convert_kernel<__half2, float2>(tensor_layout_any, T1 *, tensor_layout_any, const T2 *)"
2071661536,4736,32485,,,,,,,,,,0.061,12972.933,Pinned,Device,NVIDIA A100-SXM4-40GB (0),1,,13,[CUDA memcpy Host-to-Device]
2071673184,46399,32486,,,,,,,,,,35.801,771582.290,Device,,NVIDIA A100-SXM4-40GB (0),1,,13,[CUDA memset]
2071725439,1888,32488,,,,,,,,,,0.000,42.373,Pinned,Device,NVIDIA A100-SXM4-40GB (0),1,,13,[CUDA memcpy Host-to-Device]
2071729471,7104,32489,,,,,,,,,,0.131,18450.350,Pinned,Device,NVIDIA A100-SXM4-40GB (0),1,,13,[CUDA memcpy Host-to-Device]
2071747967,9088,32490,273,1,1,48,1,1,40,0.000,0.001,,,,,NVIDIA A100-SXM4-40GB (0),1,,13,"void pusch_noise_intf_est::noiseIntfEstNoDftSOfdmKernel<float, __half, float, float, (unsigned int)2, (unsigned int)1, (unsigned char)4, (unsigned char)4>(pusch_noise_intf_est::puschRxNoiseIntfEstDynDescr)"
2071758015,2656,32501,35,1,1,128,1,1,16,0.000,0.000,,,,,NVIDIA A100-SXM4-40GB (0),1,,13,cupy_copy__complex64_complex64
2071768382,1568,32510,1,1,1,1,1,1,18,0.000,0.000,,,,,NVIDIA A100-SXM4-40GB (0),1,,13,cupy_copy__float32_float32
2071802046,1728,32516,,,,,,,,,,0.000,2.315,Device,Pageable,NVIDIA A100-SXM4-40GB (0),1,,7,[CUDA memcpy Device-to-Host]
2071859805,15552,32527,1434,1,1,128,1,1,16,0.000,0.000,,,,,NVIDIA A100-SXM4-40GB (0),1,,13,cupy_copy__complex64_complex64
2071886141,2592,32534,103,1,1,128,1,1,16,0.000,0.000,,,,,NVIDIA A100-SXM4-40GB (0),1,,13,cupy_copy__complex64_complex64
2071906845,2080,32541,35,1,1,128,1,1,16,0.000,0.000,,,,,NVIDIA A100-SXM4-40GB (0),1,,13,cupy_copy__complex64_complex64
2071925213,1536,32548,1,1,1,1,1,1,18,0.000,0.000,,,,,NVIDIA A100-SXM4-40GB (0),1,,13,cupy_copy__float32_float32
2072198297,79487,32559,1,1,1,32,32,1,30,0.000,0.000,,,,,NVIDIA A100-SXM4-40GB (0),1,,13,"void convert_kernel<__half2, float2>(tensor_layout_any, T1 *, tensor_layout_any, const T2 *)"
2072308920,4416,32562,,,,,,,,,,0.061,13913.027,Pinned,Device,NVIDIA A100-SXM4-40GB (0),1,,13,[CUDA memcpy Host-to-Device]
2072325176,3360,32563,,,,,,,,,,1.547,460304.688,Device,,NVIDIA A100-SXM4-40GB (0),1,,13,[CUDA memset]
2072332216,3008,32568,,,,,,,,,,0.021,6999.983,Pinned,Device,NVIDIA A100-SXM4-40GB (0),1,,13,[CUDA memcpy Host-to-Device]
2072337368,8480,32569,,,,,,,,,,0.131,15456.535,Pinned,Device,NVIDIA A100-SXM4-40GB (0),1,,13,[CUDA memcpy Host-to-Device]
2072349559,6080,32570,273,1,1,8,4,1,39,0.002,0.000,,,,,NVIDIA A100-SXM4-40GB (0),1,,13,"void channel_eq::eqMmseCoefCompLowMimoKernel<float, float, float, (unsigned int)4, (unsigned int)1, (unsigned int)4>(const channel_eq::_puschRxChEqStatDescr *, channel_eq::_puschRxChEqCoefCompDynDescr)"
2072356695,5408,32571,273,1,1,12,11,1,40,0.002,0.000,,,,,NVIDIA A100-SXM4-40GB (0),1,,13,"void channel_eq::eqMmseSoftDemapKernel<float, __half, __half, float, (unsigned int)4, (unsigned short)16383>(channel_eq::_puschRxChEqStatDescr *, channel_eq::_puschRxChEqSoftDemapDynDescr)"
2072363127,281341,32572,1,1,1,32,32,1,30,0.000,0.000,,,,,NVIDIA A100-SXM4-40GB (0),1,,13,"void convert_kernel<float2, __half2>(tensor_layout_any, T1 *, tensor_layout_any, const T2 *)"
2072645556,12448,32584,2253,1,1,128,1,1,16,0.000,0.000,,,,,NVIDIA A100-SXM4-40GB (0),1,,13,cupy_copy__float16_float16
2072659220,2624,32593,282,1,1,128,1,1,16,0.000,0.000,,,,,NVIDIA A100-SXM4-40GB (0),1,,13,cupy_copy__complex64_complex64
2072662900,1856,32602,26,1,1,128,1,1,16,0.000,0.000,,,,,NVIDIA A100-SXM4-40GB (0),1,,13,cupy_copy__float32_float32
2072665716,2784,32611,103,1,1,128,1,1,16,0.000,0.000,,,,,NVIDIA A100-SXM4-40GB (0),1,,13,cupy_copy__complex64_complex64
2072669716,13951,32621,1434,1,1,128,1,1,16,0.000,0.000,,,,,NVIDIA A100-SXM4-40GB (0),1,,13,cupy_copy__complex64_complex64
2072709267,79103,32626,1,1,1,32,32,1,30,0.000,0.000,,,,,NVIDIA A100-SXM4-40GB (0),1,,13,"void convert_kernel<__half2, float2>(tensor_layout_any, T1 *, tensor_layout_any, const T2 *)"
2072949392,4480,32629,,,,,,,,,,0.061,13714.268,Pinned,Device,NVIDIA A100-SXM4-40GB (0),1,,13,[CUDA memcpy Host-to-Device]
2072959312,587833,32630,,,,,,,,,,456.520,776541.336,Device,,NVIDIA A100-SXM4-40GB (0),1,,13,[CUDA memset]
2073550217,32704,32635,,,,,,,,,,0.825,25236.543,Pinned,Device,NVIDIA A100-SXM4-40GB (0),1,,13,[CUDA memcpy Host-to-Device]
2073585065,6784,32636,,,,,,,,,,0.131,19320.668,Pinned,Device,NVIDIA A100-SXM4-40GB (0),1,,13,[CUDA memcpy Host-to-Device]
2073601352,7712,32637,69,4,1,48,1,1,76,0.002,0.000,,,,,NVIDIA A100-SXM4-40GB (0),1,,13,"void ch_est::windowedChEstPreNoDftSOfdmKernel<float, __half, float, (unsigned int)2, (unsigned int)1, (unsigned short)4>(ch_est::puschRxChEstStatDescr_t *, ch_est::puschRxChEstDynDescr_t *)"
2073610088,6656,32638,137,2,1,24,2,1,44,0.001,0.001,,,,,NVIDIA A100-SXM4-40GB (0),1,,13,"void ch_est::chEstFilterNoDftSOfdmDispatchKernel<float, __half, float, (unsigned int)2>(ch_est::puschRxChEstStatDescr_t *, ch_est::puschRxChEstDynDescr_t *)"
2073617960,4736,32639,137,2,1,24,2,1,44,0.001,0.001,,,,,NVIDIA A100-SXM4-40GB (0),1,,13,"void ch_est::chEstFilterNoDftSOfdmDispatchKernel<float, __half, float, (unsigned int)2>(ch_est::puschRxChEstStatDescr_t *, ch_est::puschRxChEstDynDescr_t *)"
2073623688,2400,32650,103,1,1,128,1,1,16,0.000,0.000,,,,,NVIDIA A100-SXM4-40GB (0),1,,13,cupy_copy__complex64_complex64
2073627144,15424,32660,1434,1,1,128,1,1,16,0.000,0.000,,,,,NVIDIA A100-SXM4-40GB (0),1,,13,cupy_copy__complex64_complex64
2073643560,2304,32667,103,1,1,128,1,1,16,0.000,0.000,,,,,NVIDIA A100-SXM4-40GB (0),1,,13,cupy_copy__complex64_complex64
2073646792,78591,32674,1,1,1,32,32,1,30,0.000,0.000,,,,,NVIDIA A100-SXM4-40GB (0),1,,13,"void convert_kernel<__half2, float2>(tensor_layout_any, T1 *, tensor_layout_any, const T2 *)"
2073755751,4192,32677,,,,,,,,,,0.061,14656.451,Pinned,Device,NVIDIA A100-SXM4-40GB (0),1,,13,[CUDA memcpy Host-to-Device]
2073768390,46432,32678,,,,,,,,,,35.801,771009.475,Device,,NVIDIA A100-SXM4-40GB (0),1,,13,[CUDA memset]
2073821542,1888,32680,,,,,,,,,,0.000,42.373,Pinned,Device,NVIDIA A100-SXM4-40GB (0),1,,13,[CUDA memcpy Host-to-Device]
2073825574,6816,32681,,,,,,,,,,0.131,19229.966,Pinned,Device,NVIDIA A100-SXM4-40GB (0),1,,13,[CUDA memcpy Host-to-Device]
2073835846,8896,32682,273,1,1,48,1,1,40,0.000,0.001,,,,,NVIDIA A100-SXM4-40GB (0),1,,13,"void pusch_noise_intf_est::noiseIntfEstNoDftSOfdmKernel<float, __half, float, float, (unsigned int)2, (unsigned int)1, (unsigned char)4, (unsigned char)4>(pusch_noise_intf_est::puschRxNoiseIntfEstDynDescr)"
2073845734,2656,32693,35,1,1,128,1,1,16,0.000,0.000,,,,,NVIDIA A100-SXM4-40GB (0),1,,13,cupy_copy__complex64_complex64
2073880677,1600,32702,1,1,1,1,1,1,18,0.000,0.000,,,,,NVIDIA A100-SXM4-40GB (0),1,,13,cupy_copy__float32_float32
2073915621,1728,32708,,,,,,,,,,0.000,2.315,Device,Pageable,NVIDIA A100-SXM4-40GB (0),1,,7,[CUDA memcpy Device-to-Host]
2073972964,15136,32719,1434,1,1,128,1,1,16,0.000,0.000,,,,,NVIDIA A100-SXM4-40GB (0),1,,13,cupy_copy__complex64_complex64
2074000100,2560,32726,103,1,1,128,1,1,16,0.000,0.000,,,,,NVIDIA A100-SXM4-40GB (0),1,,13,cupy_copy__complex64_complex64
2074021507,2144,32733,35,1,1,128,1,1,16,0.000,0.000,,,,,NVIDIA A100-SXM4-40GB (0),1,,13,cupy_copy__complex64_complex64
2074039843,1536,32740,1,1,1,1,1,1,18,0.000,0.000,,,,,NVIDIA A100-SXM4-40GB (0),1,,13,cupy_copy__float32_float32
2074178146,79455,32751,1,1,1,32,32,1,30,0.000,0.000,,,,,NVIDIA A100-SXM4-40GB (0),1,,13,"void convert_kernel<__half2, float2>(tensor_layout_any, T1 *, tensor_layout_any, const T2 *)"
2074285792,4192,32754,,,,,,,,,,0.061,14656.451,Pinned,Device,NVIDIA A100-SXM4-40GB (0),1,,13,[CUDA memcpy Host-to-Device]
2074299520,3264,32755,,,,,,,,,,1.547,473842.288,Device,,NVIDIA A100-SXM4-40GB (0),1,,13,[CUDA memset]
2074306080,3040,32760,,,,,,,,,,0.021,6926.308,Pinned,Device,NVIDIA A100-SXM4-40GB (0),1,,13,[CUDA memcpy Host-to-Device]
2074311264,6848,32761,,,,,,,,,,0.131,19140.182,Pinned,Device,NVIDIA A100-SXM4-40GB (0),1,,13,[CUDA memcpy Host-to-Device]
2074322912,6048,32762,273,1,1,8,4,1,39,0.002,0.000,,,,,NVIDIA A100-SXM4-40GB (0),1,,13,"void channel_eq::eqMmseCoefCompLowMimoKernel<float, float, float, (unsigned int)4, (unsigned int)1, (unsigned int)4>(const channel_eq::_puschRxChEqStatDescr *, channel_eq::_puschRxChEqCoefCompDynDescr)"
2074330048,5184,32763,273,1,1,12,11,1,40,0.002,0.000,,,,,NVIDIA A100-SXM4-40GB (0),1,,13,"void channel_eq::eqMmseSoftDemapKernel<float, __half, __half, float, (unsigned int)4, (unsigned short)16383>(channel_eq::_puschRxChEqStatDescr *, channel_eq::_puschRxChEqSoftDemapDynDescr)"
2074336256,280636,32764,1,1,1,32,32,1,30,0.000,0.000,,,,,NVIDIA A100-SXM4-40GB (0),1,,13,"void convert_kernel<float2, __half2>(tensor_layout_any, T1 *, tensor_layout_any, const T2 *)"
2074617948,12416,32776,2253,1,1,128,1,1,16,0.000,0.000,,,,,NVIDIA A100-SXM4-40GB (0),1,,13,cupy_copy__float16_float16
2074631580,2592,32785,282,1,1,128,1,1,16,0.000,0.000,,,,,NVIDIA A100-SXM4-40GB (0),1,,13,cupy_copy__complex64_complex64
2074635356,1856,32794,26,1,1,128,1,1,16,0.000,0.000,,,,,NVIDIA A100-SXM4-40GB (0),1,,13,cupy_copy__float32_float32
2074638460,2816,32803,103,1,1,128,1,1,16,0.000,0.000,,,,,NVIDIA A100-SXM4-40GB (0),1,,13,cupy_copy__complex64_complex64
2074642460,14208,32813,1434,1,1,128,1,1,16,0.000,0.000,,,,,NVIDIA A100-SXM4-40GB (0),1,,13,cupy_copy__complex64_complex64
2074677372,79071,32818,1,1,1,32,32,1,30,0.000,0.000,,,,,NVIDIA A100-SXM4-40GB (0),1,,13,"void convert_kernel<__half2, float2>(tensor_layout_any, T1 *, tensor_layout_any, const T2 *)"
2074783802,4192,32821,,,,,,,,,,0.061,14656.451,Pinned,Device,NVIDIA A100-SXM4-40GB (0),1,,13,[CUDA memcpy Host-to-Device]
2074794522,587161,32822,,,,,,,,,,456.520,777454.377,Device,,NVIDIA A100-SXM4-40GB (0),1,,13,[CUDA memset]
2075384147,32736,32827,,,,,,,,,,0.825,25211.783,Pinned,Device,NVIDIA A100-SXM4-40GB (0),1,,13,[CUDA memcpy Host-to-Device]
2075419027,6816,32828,,,,,,,,,,0.131,19229.966,Pinned,Device,NVIDIA A100-SXM4-40GB (0),1,,13,[CUDA memcpy Host-to-Device]
2075435314,7488,32829,69,4,1,48,1,1,76,0.002,0.000,,,,,NVIDIA A100-SXM4-40GB (0),1,,13,"void ch_est::windowedChEstPreNoDftSOfdmKernel<float, __half, float, (unsigned int)2, (unsigned int)1, (unsigned short)4>(ch_est::puschRxChEstStatDescr_t *, ch_est::puschRxChEstDynDescr_t *)"
2075444050,6368,32830,137,2,1,24,2,1,44,0.001,0.001,,,,,NVIDIA A100-SXM4-40GB (0),1,,13,"void ch_est::chEstFilterNoDftSOfdmDispatchKernel<float, __half, float, (unsigned int)2>(ch_est::puschRxChEstStatDescr_t *, ch_est::puschRxChEstDynDescr_t *)"
2075451602,4736,32831,137,2,1,24,2,1,44,0.001,0.001,,,,,NVIDIA A100-SXM4-40GB (0),1,,13,"void ch_est::chEstFilterNoDftSOfdmDispatchKernel<float, __half, float, (unsigned int)2>(ch_est::puschRxChEstStatDescr_t *, ch_est::puschRxChEstDynDescr_t *)"
2075457362,2400,32842,103,1,1,128,1,1,16,0.000,0.000,,,,,NVIDIA A100-SXM4-40GB (0),1,,13,cupy_copy__complex64_complex64
2075460818,15168,32852,1434,1,1,128,1,1,16,0.000,0.000,,,,,NVIDIA A100-SXM4-40GB (0),1,,13,cupy_copy__complex64_complex64
2075477042,2304,32859,103,1,1,128,1,1,16,0.000,0.000,,,,,NVIDIA A100-SXM4-40GB (0),1,,13,cupy_copy__complex64_complex64
2075480562,78111,32866,1,1,1,32,32,1,30,0.000,0.000,,,,,NVIDIA A100-SXM4-40GB (0),1,,13,"void convert_kernel<__half2, float2>(tensor_layout_any, T1 *, tensor_layout_any, const T2 *)"
2075586129,4224,32869,,,,,,,,,,0.061,14545.428,Pinned,Device,NVIDIA A100-SXM4-40GB (0),1,,13,[CUDA memcpy Host-to-Device]
2075597969,46207,32870,,,,,,,,,,35.801,774768.575,Device,,NVIDIA A100-SXM4-40GB (0),1,,13,[CUDA memset]
2075650384,1888,32872,,,,,,,,,,0.000,42.373,Pinned,Device,NVIDIA A100-SXM4-40GB (0),1,,13,[CUDA memcpy Host-to-Device]
2075654416,6784,32873,,,,,,,,,,0.131,19320.668,Pinned,Device,NVIDIA A100-SXM4-40GB (0),1,,13,[CUDA memcpy Host-to-Device]
2075667376,8704,32874,273,1,1,48,1,1,40,0.000,0.001,,,,,NVIDIA A100-SXM4-40GB (0),1,,13,"void pusch_noise_intf_est::noiseIntfEstNoDftSOfdmKernel<float, __half, float, float, (unsigned int)2, (unsigned int)1, (unsigned char)4, (unsigned char)4>(pusch_noise_intf_est::puschRxNoiseIntfEstDynDescr)"
2075677040,2592,32885,35,1,1,128,1,1,16,0.000,0.000,,,,,NVIDIA A100-SXM4-40GB (0),1,,13,cupy_copy__complex64_complex64
2075704815,1600,32894,1,1,1,1,1,1,18,0.000,0.000,,,,,NVIDIA A100-SXM4-40GB (0),1,,13,cupy_copy__float32_float32
2075738319,1632,32900,,,,,,,,,,0.000,2.451,Device,Pageable,NVIDIA A100-SXM4-40GB (0),1,,7,[CUDA memcpy Device-to-Host]
2075796046,15552,32911,1434,1,1,128,1,1,16,0.000,0.000,,,,,NVIDIA A100-SXM4-40GB (0),1,,13,cupy_copy__complex64_complex64
2075822894,2560,32918,103,1,1,128,1,1,16,0.000,0.000,,,,,NVIDIA A100-SXM4-40GB (0),1,,13,cupy_copy__complex64_complex64
2075843694,2112,32925,35,1,1,128,1,1,16,0.000,0.000,,,,,NVIDIA A100-SXM4-40GB (0),1,,13,cupy_copy__complex64_complex64
2075865997,1536,32932,1,1,1,1,1,1,18,0.000,0.000,,,,,NVIDIA A100-SXM4-40GB (0),1,,13,cupy_copy__float32_float32
2076004172,79967,32943,1,1,1,32,32,1,30,0.000,0.000,,,,,NVIDIA A100-SXM4-40GB (0),1,,13,"void convert_kernel<__half2, float2>(tensor_layout_any, T1 *, tensor_layout_any, const T2 *)"
2076111786,4192,32946,,,,,,,,,,0.061,14656.451,Pinned,Device,NVIDIA A100-SXM4-40GB (0),1,,13,[CUDA memcpy Host-to-Device]
2076126378,3328,32947,,,,,,,,,,1.547,464729.580,Device,,NVIDIA A100-SXM4-40GB (0),1,,13,[CUDA memset]
2076132970,3040,32952,,,,,,,,,,0.021,6926.308,Pinned,Device,NVIDIA A100-SXM4-40GB (0),1,,13,[CUDA memcpy Host-to-Device]
2076138122,6880,32953,,,,,,,,,,0.131,19051.053,Pinned,Device,NVIDIA A100-SXM4-40GB (0),1,,13,[CUDA memcpy Host-to-Device]
2076149962,6048,32954,273,1,1,8,4,1,39,0.002,0.000,,,,,NVIDIA A100-SXM4-40GB (0),1,,13,"void channel_eq::eqMmseCoefCompLowMimoKernel<float, float, float, (unsigned int)4, (unsigned int)1, (unsigned int)4>(const channel_eq::_puschRxChEqStatDescr *, channel_eq::_puschRxChEqCoefCompDynDescr)"
2076156970,5344,32955,273,1,1,12,11,1,40,0.002,0.000,,,,,NVIDIA A100-SXM4-40GB (0),1,,13,"void channel_eq::eqMmseSoftDemapKernel<float, __half, __half, float, (unsigned int)4, (unsigned short)16383>(channel_eq::_puschRxChEqStatDescr *, channel_eq::_puschRxChEqSoftDemapDynDescr)"
2076163434,280988,32956,1,1,1,32,32,1,30,0.000,0.000,,,,,NVIDIA A100-SXM4-40GB (0),1,,13,"void convert_kernel<float2, __half2>(tensor_layout_any, T1 *, tensor_layout_any, const T2 *)"
2076445446,12416,32968,2253,1,1,128,1,1,16,0.000,0.000,,,,,NVIDIA A100-SXM4-40GB (0),1,,13,cupy_copy__float16_float16
2076459078,2656,32977,282,1,1,128,1,1,16,0.000,0.000,,,,,NVIDIA A100-SXM4-40GB (0),1,,13,cupy_copy__complex64_complex64
2076462790,1856,32986,26,1,1,128,1,1,16,0.000,0.000,,,,,NVIDIA A100-SXM4-40GB (0),1,,13,cupy_copy__float32_float32
2076465862,2784,32995,103,1,1,128,1,1,16,0.000,0.000,,,,,NVIDIA A100-SXM4-40GB (0),1,,13,cupy_copy__complex64_complex64
2076521861,14112,33011,1434,1,1,128,1,1,16,0.000,0.000,,,,,NVIDIA A100-SXM4-40GB (0),1,,13,cupy_copy__complex64_complex64
2076637860,78975,33016,1,1,1,32,32,1,30,0.000,0.000,,,,,NVIDIA A100-SXM4-40GB (0),1,,13,"void convert_kernel<__half2, float2>(tensor_layout_any, T1 *, tensor_layout_any, const T2 *)"
2076881825,4416,33019,,,,,,,,,,0.061,13913.027,Pinned,Device,NVIDIA A100-SXM4-40GB (0),1,,13,[CUDA memcpy Host-to-Device]
2076891329,587641,33020,,,,,,,,,,456.520,776541.336,Device,,NVIDIA A100-SXM4-40GB (0),1,,13,[CUDA memset]
2077484762,32704,33025,,,,,,,,,,0.825,25236.543,Pinned,Device,NVIDIA A100-SXM4-40GB (0),1,,13,[CUDA memcpy Host-to-Device]
2077519610,6783,33026,,,,,,,,,,0.131,19323.552,Pinned,Device,NVIDIA A100-SXM4-40GB (0),1,,13,[CUDA memcpy Host-to-Device]
2077536537,7104,33027,69,4,1,48,1,1,76,0.002,0.000,,,,,NVIDIA A100-SXM4-40GB (0),1,,13,"void ch_est::windowedChEstPreNoDftSOfdmKernel<float, __half, float, (unsigned int)2, (unsigned int)1, (unsigned short)4>(ch_est::puschRxChEstStatDescr_t *, ch_est::puschRxChEstDynDescr_t *)"
2077544761,6592,33028,137,2,1,24,2,1,44,0.001,0.001,,,,,NVIDIA A100-SXM4-40GB (0),1,,13,"void ch_est::chEstFilterNoDftSOfdmDispatchKernel<float, __half, float, (unsigned int)2>(ch_est::puschRxChEstStatDescr_t *, ch_est::puschRxChEstDynDescr_t *)"
2077552409,4736,33029,137,2,1,24,2,1,44,0.001,0.001,,,,,NVIDIA A100-SXM4-40GB (0),1,,13,"void ch_est::chEstFilterNoDftSOfdmDispatchKernel<float, __half, float, (unsigned int)2>(ch_est::puschRxChEstStatDescr_t *, ch_est::puschRxChEstDynDescr_t *)"
2077558105,2816,33040,103,1,1,128,1,1,16,0.000,0.000,,,,,NVIDIA A100-SXM4-40GB (0),1,,13,cupy_copy__complex64_complex64
2077562105,15296,33050,1434,1,1,128,1,1,16,0.000,0.000,,,,,NVIDIA A100-SXM4-40GB (0),1,,13,cupy_copy__complex64_complex64
2077578361,2336,33057,103,1,1,128,1,1,16,0.000,0.000,,,,,NVIDIA A100-SXM4-40GB (0),1,,13,cupy_copy__complex64_complex64
2077581881,79743,33064,1,1,1,32,32,1,30,0.000,0.000,,,,,NVIDIA A100-SXM4-40GB (0),1,,13,"void convert_kernel<__half2, float2>(tensor_layout_any, T1 *, tensor_layout_any, const T2 *)"
2077692055,4224,33067,,,,,,,,,,0.061,14545.428,Pinned,Device,NVIDIA A100-SXM4-40GB (0),1,,13,[CUDA memcpy Host-to-Device]
2077704695,46304,33068,,,,,,,,,,35.801,773157.532,Device,,NVIDIA A100-SXM4-40GB (0),1,,13,[CUDA memset]
2077758775,2016,33070,,,,,,,,,,0.000,39.682,Pinned,Device,NVIDIA A100-SXM4-40GB (0),1,,13,[CUDA memcpy Host-to-Device]
2077762903,6816,33071,,,,,,,,,,0.131,19229.966,Pinned,Device,NVIDIA A100-SXM4-40GB (0),1,,13,[CUDA memcpy Host-to-Device]
2077780054,8768,33072,273,1,1,48,1,1,40,0.000,0.001,,,,,NVIDIA A100-SXM4-40GB (0),1,,13,"void pusch_noise_intf_est::noiseIntfEstNoDftSOfdmKernel<float, __half, float, float, (unsigned int)2, (unsigned int)1, (unsigned char)4, (unsigned char)4>(pusch_noise_intf_est::puschRxNoiseIntfEstDynDescr)"
2077789974,2688,33083,35,1,1,128,1,1,16,0.000,0.000,,,,,NVIDIA A100-SXM4-40GB (0),1,,13,cupy_copy__complex64_complex64
2077817462,1600,33092,1,1,1,1,1,1,18,0.000,0.000,,,,,NVIDIA A100-SXM4-40GB (0),1,,13,cupy_copy__float32_float32
2077852758,1727,33098,,,,,,,,,,0.000,2.316,Device,Pageable,NVIDIA A100-SXM4-40GB (0),1,,7,[CUDA memcpy Device-to-Host]
2077910485,15328,33109,1434,1,1,128,1,1,16,0.000,0.000,,,,,NVIDIA A100-SXM4-40GB (0),1,,13,cupy_copy__complex64_complex64
2077937237,2559,33116,103,1,1,128,1,1,16,0.000,0.000,,,,,NVIDIA A100-SXM4-40GB (0),1,,13,cupy_copy__complex64_complex64
2077962484,2144,33123,35,1,1,128,1,1,16,0.000,0.000,,,,,NVIDIA A100-SXM4-40GB (0),1,,13,cupy_copy__complex64_complex64
2077980916,1568,33130,1,1,1,1,1,1,18,0.000,0.000,,,,,NVIDIA A100-SXM4-40GB (0),1,,13,cupy_copy__float32_float32
2078114258,79743,33141,1,1,1,32,32,1,30,0.000,0.000,,,,,NVIDIA A100-SXM4-40GB (0),1,,13,"void convert_kernel<__half2, float2>(tensor_layout_any, T1 *, tensor_layout_any, const T2 *)"
2078354384,4191,33144,,,,,,,,,,0.061,14659.953,Pinned,Device,NVIDIA A100-SXM4-40GB (0),1,,13,[CUDA memcpy Host-to-Device]
2078361647,3264,33145,,,,,,,,,,1.547,473842.288,Device,,NVIDIA A100-SXM4-40GB (0),1,,13,[CUDA memset]
2078369199,3072,33150,,,,,,,,,,0.021,6854.149,Pinned,Device,NVIDIA A100-SXM4-40GB (0),1,,13,[CUDA memcpy Host-to-Device]
2078374383,7168,33151,,,,,,,,,,0.131,18285.593,Pinned,Device,NVIDIA A100-SXM4-40GB (0),1,,13,[CUDA memcpy Host-to-Device]
2078392623,6272,33152,273,1,1,8,4,1,39,0.002,0.000,,,,,NVIDIA A100-SXM4-40GB (0),1,,13,"void channel_eq::eqMmseCoefCompLowMimoKernel<float, float, float, (unsigned int)4, (unsigned int)1, (unsigned int)4>(const channel_eq::_puschRxChEqStatDescr *, channel_eq::_puschRxChEqCoefCompDynDescr)"
2078399951,5280,33153,273,1,1,12,11,1,40,0.002,0.000,,,,,NVIDIA A100-SXM4-40GB (0),1,,13,"void channel_eq::eqMmseSoftDemapKernel<float, __half, __half, float, (unsigned int)4, (unsigned short)16383>(channel_eq::_puschRxChEqStatDescr *, channel_eq::_puschRxChEqSoftDemapDynDescr)"
2078406319,281117,33154,1,1,1,32,32,1,30,0.000,0.000,,,,,NVIDIA A100-SXM4-40GB (0),1,,13,"void convert_kernel<float2, __half2>(tensor_layout_any, T1 *, tensor_layout_any, const T2 *)"
2078688459,12288,33166,2253,1,1,128,1,1,16,0.000,0.000,,,,,NVIDIA A100-SXM4-40GB (0),1,,13,cupy_copy__float16_float16
2078701803,2624,33175,282,1,1,128,1,1,16,0.000,0.000,,,,,NVIDIA A100-SXM4-40GB (0),1,,13,cupy_copy__complex64_complex64
2078705483,1888,33184,26,1,1,128,1,1,16,0.000,0.000,,,,,NVIDIA A100-SXM4-40GB (0),1,,13,cupy_copy__float32_float32
2078708587,2816,33193,103,1,1,128,1,1,16,0.000,0.000,,,,,NVIDIA A100-SXM4-40GB (0),1,,13,cupy_copy__complex64_complex64
2078712619,13952,33203,1434,1,1,128,1,1,16,0.000,0.000,,,,,NVIDIA A100-SXM4-40GB (0),1,,13,cupy_copy__complex64_complex64
2078866281,79935,33208,1,1,1,32,32,1,30,0.000,0.000,,,,,NVIDIA A100-SXM4-40GB (0),1,,13,"void convert_kernel<__half2, float2>(tensor_layout_any, T1 *, tensor_layout_any, const T2 *)"
2078976904,5056,33211,,,,,,,,,,0.061,12151.849,Pinned,Device,NVIDIA A100-SXM4-40GB (0),1,,13,[CUDA memcpy Host-to-Device]
2078990280,587001,33212,,,,,,,,,,456.520,777454.377,Device,,NVIDIA A100-SXM4-40GB (0),1,,13,[CUDA memset]
2079578721,32735,33217,,,,,,,,,,0.825,25212.609,Pinned,Device,NVIDIA A100-SXM4-40GB (0),1,,13,[CUDA memcpy Host-to-Device]
2079613568,6816,33218,,,,,,,,,,0.131,19229.966,Pinned,Device,NVIDIA A100-SXM4-40GB (0),1,,13,[CUDA memcpy Host-to-Device]
2079627552,7488,33219,69,4,1,48,1,1,76,0.002,0.000,,,,,NVIDIA A100-SXM4-40GB (0),1,,13,"void ch_est::windowedChEstPreNoDftSOfdmKernel<float, __half, float, (unsigned int)2, (unsigned int)1, (unsigned short)4>(ch_est::puschRxChEstStatDescr_t *, ch_est::puschRxChEstDynDescr_t *)"
2079636256,6432,33220,137,2,1,24,2,1,44,0.001,0.001,,,,,NVIDIA A100-SXM4-40GB (0),1,,13,"void ch_est::chEstFilterNoDftSOfdmDispatchKernel<float, __half, float, (unsigned int)2>(ch_est::puschRxChEstStatDescr_t *, ch_est::puschRxChEstDynDescr_t *)"
2079643936,4736,33221,137,2,1,24,2,1,44,0.001,0.001,,,,,NVIDIA A100-SXM4-40GB (0),1,,13,"void ch_est::chEstFilterNoDftSOfdmDispatchKernel<float, __half, float, (unsigned int)2>(ch_est::puschRxChEstStatDescr_t *, ch_est::puschRxChEstDynDescr_t *)"
2079649664,2368,33232,103,1,1,128,1,1,16,0.000,0.000,,,,,NVIDIA A100-SXM4-40GB (0),1,,13,cupy_copy__complex64_complex64
2079653088,15232,33242,1434,1,1,128,1,1,16,0.000,0.000,,,,,NVIDIA A100-SXM4-40GB (0),1,,13,cupy_copy__complex64_complex64
2079669376,2304,33249,103,1,1,128,1,1,16,0.000,0.000,,,,,NVIDIA A100-SXM4-40GB (0),1,,13,cupy_copy__complex64_complex64
2079672640,78783,33256,1,1,1,32,32,1,30,0.000,0.000,,,,,NVIDIA A100-SXM4-40GB (0),1,,13,"void convert_kernel<__half2, float2>(tensor_layout_any, T1 *, tensor_layout_any, const T2 *)"
2079778814,4192,33259,,,,,,,,,,0.061,14656.451,Pinned,Device,NVIDIA A100-SXM4-40GB (0),1,,13,[CUDA memcpy Host-to-Device]
2079790334,46112,33260,,,,,,,,,,35.801,776379.619,Device,,NVIDIA A100-SXM4-40GB (0),1,,13,[CUDA memset]
2079843614,1888,33262,,,,,,,,,,0.000,42.373,Pinned,Device,NVIDIA A100-SXM4-40GB (0),1,,13,[CUDA memcpy Host-to-Device]
2079847646,6784,33263,,,,,,,,,,0.131,19320.668,Pinned,Device,NVIDIA A100-SXM4-40GB (0),1,,13,[CUDA memcpy Host-to-Device]
2079858941,8608,33264,273,1,1,48,1,1,40,0.000,0.001,,,,,NVIDIA A100-SXM4-40GB (0),1,,13,"void pusch_noise_intf_est::noiseIntfEstNoDftSOfdmKernel<float, __half, float, float, (unsigned int)2, (unsigned int)1, (unsigned char)4, (unsigned char)4>(pusch_noise_intf_est::puschRxNoiseIntfEstDynDescr)"
2079868541,2752,33275,35,1,1,128,1,1,16,0.000,0.000,,,,,NVIDIA A100-SXM4-40GB (0),1,,13,cupy_copy__complex64_complex64
2079899037,1600,33284,1,1,1,1,1,1,18,0.000,0.000,,,,,NVIDIA A100-SXM4-40GB (0),1,,13,cupy_copy__float32_float32
2079934141,1696,33290,,,,,,,,,,0.000,2.358,Device,Pageable,NVIDIA A100-SXM4-40GB (0),1,,7,[CUDA memcpy Device-to-Host]
2080000348,15616,33301,1434,1,1,128,1,1,16,0.000,0.000,,,,,NVIDIA A100-SXM4-40GB (0),1,,13,cupy_copy__complex64_complex64
2080031227,2560,33308,103,1,1,128,1,1,16,0.000,0.000,,,,,NVIDIA A100-SXM4-40GB (0),1,,13,cupy_copy__complex64_complex64
2080052443,2112,33315,35,1,1,128,1,1,16,0.000,0.000,,,,,NVIDIA A100-SXM4-40GB (0),1,,13,cupy_copy__complex64_complex64
2080070491,1536,33322,1,1,1,1,1,1,18,0.000,0.000,,,,,NVIDIA A100-SXM4-40GB (0),1,,13,cupy_copy__float32_float32
2080203801,79679,33333,1,1,1,32,32,1,30,0.000,0.000,,,,,NVIDIA A100-SXM4-40GB (0),1,,13,"void convert_kernel<__half2, float2>(tensor_layout_any, T1 *, tensor_layout_any, const T2 *)"
2080311032,4192,33336,,,,,,,,,,0.061,14656.451,Pinned,Device,NVIDIA A100-SXM4-40GB (0),1,,13,[CUDA memcpy Host-to-Device]
2080325336,3296,33337,,,,,,,,,,1.547,469242.628,Device,,NVIDIA A100-SXM4-40GB (0),1,,13,[CUDA memset]
2080331832,3008,33342,,,,,,,,,,0.021,6999.983,Pinned,Device,NVIDIA A100-SXM4-40GB (0),1,,13,[CUDA memcpy Host-to-Device]
2080336984,6848,33343,,,,,,,,,,0.131,19140.182,Pinned,Device,NVIDIA A100-SXM4-40GB (0),1,,13,[CUDA memcpy Host-to-Device]
2080348888,6112,33344,273,1,1,8,4,1,39,0.002,0.000,,,,,NVIDIA A100-SXM4-40GB (0),1,,13,"void channel_eq::eqMmseCoefCompLowMimoKernel<float, float, float, (unsigned int)4, (unsigned int)1, (unsigned int)4>(const channel_eq::_puschRxChEqStatDescr *, channel_eq::_puschRxChEqCoefCompDynDescr)"
2080356024,5279,33345,273,1,1,12,11,1,40,0.002,0.000,,,,,NVIDIA A100-SXM4-40GB (0),1,,13,"void channel_eq::eqMmseSoftDemapKernel<float, __half, __half, float, (unsigned int)4, (unsigned short)16383>(channel_eq::_puschRxChEqStatDescr *, channel_eq::_puschRxChEqSoftDemapDynDescr)"
2080362551,281021,33346,1,1,1,32,32,1,30,0.000,0.000,,,,,NVIDIA A100-SXM4-40GB (0),1,,13,"void convert_kernel<float2, __half2>(tensor_layout_any, T1 *, tensor_layout_any, const T2 *)"
2080644628,12384,33358,2253,1,1,128,1,1,16,0.000,0.000,,,,,NVIDIA A100-SXM4-40GB (0),1,,13,cupy_copy__float16_float16
2080658004,2656,33367,282,1,1,128,1,1,16,0.000,0.000,,,,,NVIDIA A100-SXM4-40GB (0),1,,13,cupy_copy__complex64_complex64
2080661716,1856,33376,26,1,1,128,1,1,16,0.000,0.000,,,,,NVIDIA A100-SXM4-40GB (0),1,,13,cupy_copy__float32_float32
2080664820,2784,33385,103,1,1,128,1,1,16,0.000,0.000,,,,,NVIDIA A100-SXM4-40GB (0),1,,13,cupy_copy__complex64_complex64
2080668820,14048,33395,1434,1,1,128,1,1,16,0.000,0.000,,,,,NVIDIA A100-SXM4-40GB (0),1,,13,cupy_copy__complex64_complex64
2080702355,79679,33400,1,1,1,32,32,1,30,0.000,0.000,,,,,NVIDIA A100-SXM4-40GB (0),1,,13,"void convert_kernel<__half2, float2>(tensor_layout_any, T1 *, tensor_layout_any, const T2 *)"
2080809042,4192,33403,,,,,,,,,,0.061,14656.451,Pinned,Device,NVIDIA A100-SXM4-40GB (0),1,,13,[CUDA memcpy Host-to-Device]
2080820114,587609,33404,,,,,,,,,,456.520,776541.336,Device,,NVIDIA A100-SXM4-40GB (0),1,,13,[CUDA memset]
2081415851,32735,33409,,,,,,,,,,0.825,25212.609,Pinned,Device,NVIDIA A100-SXM4-40GB (0),1,,13,[CUDA memcpy Host-to-Device]
2081450730,6784,33410,,,,,,,,,,0.131,19320.668,Pinned,Device,NVIDIA A100-SXM4-40GB (0),1,,13,[CUDA memcpy Host-to-Device]
2081467626,7232,33411,69,4,1,48,1,1,76,0.002,0.000,,,,,NVIDIA A100-SXM4-40GB (0),1,,13,"void ch_est::windowedChEstPreNoDftSOfdmKernel<float, __half, float, (unsigned int)2, (unsigned int)1, (unsigned short)4>(ch_est::puschRxChEstStatDescr_t *, ch_est::puschRxChEstDynDescr_t *)"
2081475850,6400,33412,137,2,1,24,2,1,44,0.001,0.001,,,,,NVIDIA A100-SXM4-40GB (0),1,,13,"void ch_est::chEstFilterNoDftSOfdmDispatchKernel<float, __half, float, (unsigned int)2>(ch_est::puschRxChEstStatDescr_t *, ch_est::puschRxChEstDynDescr_t *)"
2081483466,4736,33413,137,2,1,24,2,1,44,0.001,0.001,,,,,NVIDIA A100-SXM4-40GB (0),1,,13,"void ch_est::chEstFilterNoDftSOfdmDispatchKernel<float, __half, float, (unsigned int)2>(ch_est::puschRxChEstStatDescr_t *, ch_est::puschRxChEstDynDescr_t *)"
2081489258,2368,33424,103,1,1,128,1,1,16,0.000,0.000,,,,,NVIDIA A100-SXM4-40GB (0),1,,13,cupy_copy__complex64_complex64
2081492682,15264,33434,1434,1,1,128,1,1,16,0.000,0.000,,,,,NVIDIA A100-SXM4-40GB (0),1,,13,cupy_copy__complex64_complex64
2081509194,2336,33441,103,1,1,128,1,1,16,0.000,0.000,,,,,NVIDIA A100-SXM4-40GB (0),1,,13,cupy_copy__complex64_complex64
2081512714,79359,33448,1,1,1,32,32,1,30,0.000,0.000,,,,,NVIDIA A100-SXM4-40GB (0),1,,13,"void convert_kernel<__half2, float2>(tensor_layout_any, T1 *, tensor_layout_any, const T2 *)"
2081620008,4352,33451,,,,,,,,,,0.061,14117.622,Pinned,Device,NVIDIA A100-SXM4-40GB (0),1,,13,[CUDA memcpy Host-to-Device]
2081632168,46400,33452,,,,,,,,,,35.801,771546.489,Device,,NVIDIA A100-SXM4-40GB (0),1,,13,[CUDA memset]
2081684744,1888,33454,,,,,,,,,,0.000,42.373,Pinned,Device,NVIDIA A100-SXM4-40GB (0),1,,13,[CUDA memcpy Host-to-Device]
2081688776,6879,33455,,,,,,,,,,0.131,19053.806,Pinned,Device,NVIDIA A100-SXM4-40GB (0),1,,13,[CUDA memcpy Host-to-Device]
2081701095,8896,33456,273,1,1,48,1,1,40,0.000,0.001,,,,,NVIDIA A100-SXM4-40GB (0),1,,13,"void pusch_noise_intf_est::noiseIntfEstNoDftSOfdmKernel<float, __half, float, float, (unsigned int)2, (unsigned int)1, (unsigned char)4, (unsigned char)4>(pusch_noise_intf_est::puschRxNoiseIntfEstDynDescr)"
2081711143,2624,33467,35,1,1,128,1,1,16,0.000,0.000,,,,,NVIDIA A100-SXM4-40GB (0),1,,13,cupy_copy__complex64_complex64
2081738023,1600,33476,1,1,1,1,1,1,18,0.000,0.000,,,,,NVIDIA A100-SXM4-40GB (0),1,,13,cupy_copy__float32_float32
2081770919,1632,33482,,,,,,,,,,0.000,2.451,Device,Pageable,NVIDIA A100-SXM4-40GB (0),1,,7,[CUDA memcpy Device-to-Host]
2081830534,15552,33493,1434,1,1,128,1,1,16,0.000,0.000,,,,,NVIDIA A100-SXM4-40GB (0),1,,13,cupy_copy__complex64_complex64
2081856166,2624,33500,103,1,1,128,1,1,16,0.000,0.000,,,,,NVIDIA A100-SXM4-40GB (0),1,,13,cupy_copy__complex64_complex64
2081876901,2144,33507,35,1,1,128,1,1,16,0.000,0.000,,,,,NVIDIA A100-SXM4-40GB (0),1,,13,cupy_copy__complex64_complex64
2081894405,1536,33514,1,1,1,1,1,1,18,0.000,0.000,,,,,NVIDIA A100-SXM4-40GB (0),1,,13,cupy_copy__float32_float32
2082025156,79263,33525,1,1,1,32,32,1,30,0.000,0.000,,,,,NVIDIA A100-SXM4-40GB (0),1,,13,"void convert_kernel<__half2, float2>(tensor_layout_any, T1 *, tensor_layout_any, const T2 *)"
2082267009,4416,33528,,,,,,,,,,0.061,13913.027,Pinned,Device,NVIDIA A100-SXM4-40GB (0),1,,13,[CUDA memcpy Host-to-Device]
2082277152,3296,33529,,,,,,,,,,1.547,469242.628,Device,,NVIDIA A100-SXM4-40GB (0),1,,13,[CUDA memset]
2082280800,3072,33534,,,,,,,,,,0.021,6854.149,Pinned,Device,NVIDIA A100-SXM4-40GB (0),1,,13,[CUDA memcpy Host-to-Device]
2082286016,6816,33535,,,,,,,,,,0.131,19229.966,Pinned,Device,NVIDIA A100-SXM4-40GB (0),1,,13,[CUDA memcpy Host-to-Device]
2082296320,6016,33536,273,1,1,8,4,1,39,0.002,0.000,,,,,NVIDIA A100-SXM4-40GB (0),1,,13,"void channel_eq::eqMmseCoefCompLowMimoKernel<float, float, float, (unsigned int)4, (unsigned int)1, (unsigned int)4>(const channel_eq::_puschRxChEqStatDescr *, channel_eq::_puschRxChEqCoefCompDynDescr)"
2082303552,5248,33537,273,1,1,12,11,1,40,0.002,0.000,,,,,NVIDIA A100-SXM4-40GB (0),1,,13,"void channel_eq::eqMmseSoftDemapKernel<float, __half, __half, float, (unsigned int)4, (unsigned short)16383>(channel_eq::_puschRxChEqStatDescr *, channel_eq::_puschRxChEqSoftDemapDynDescr)"
2082309760,281085,33538,1,1,1,32,32,1,30,0.000,0.000,,,,,NVIDIA A100-SXM4-40GB (0),1,,13,"void convert_kernel<float2, __half2>(tensor_layout_any, T1 *, tensor_layout_any, const T2 *)"
2082591837,12480,33550,2253,1,1,128,1,1,16,0.000,0.000,,,,,NVIDIA A100-SXM4-40GB (0),1,,13,cupy_copy__float16_float16
2082605533,2560,33559,282,1,1,128,1,1,16,0.000,0.000,,,,,NVIDIA A100-SXM4-40GB (0),1,,13,cupy_copy__complex64_complex64
2082609309,1855,33568,26,1,1,128,1,1,16,0.000,0.000,,,,,NVIDIA A100-SXM4-40GB (0),1,,13,cupy_copy__float32_float32
2082612380,2784,33577,103,1,1,128,1,1,16,0.000,0.000,,,,,NVIDIA A100-SXM4-40GB (0),1,,13,cupy_copy__complex64_complex64
2082616380,14112,33587,1434,1,1,128,1,1,16,0.000,0.000,,,,,NVIDIA A100-SXM4-40GB (0),1,,13,cupy_copy__complex64_complex64
2082781466,79423,33592,1,1,1,32,32,1,30,0.000,0.000,,,,,NVIDIA A100-SXM4-40GB (0),1,,13,"void convert_kernel<__half2, float2>(tensor_layout_any, T1 *, tensor_layout_any, const T2 *)"
2082890841,4192,33595,,,,,,,,,,0.061,14656.451,Pinned,Device,NVIDIA A100-SXM4-40GB (0),1,,13,[CUDA memcpy Host-to-Device]
2082902233,587321,33596,,,,,,,,,,456.520,776997.857,Device,,NVIDIA A100-SXM4-40GB (0),1,,13,[CUDA memset]
2083491058,32736,33601,,,,,,,,,,0.825,25211.783,Pinned,Device,NVIDIA A100-SXM4-40GB (0),1,,13,[CUDA memcpy Host-to-Device]
2083525906,6783,33602,,,,,,,,,,0.131,19323.552,Pinned,Device,NVIDIA A100-SXM4-40GB (0),1,,13,[CUDA memcpy Host-to-Device]
2083541201,7424,33603,69,4,1,48,1,1,76,0.002,0.000,,,,,NVIDIA A100-SXM4-40GB (0),1,,13,"void ch_est::windowedChEstPreNoDftSOfdmKernel<float, __half, float, (unsigned int)2, (unsigned int)1, (unsigned short)4>(ch_est::puschRxChEstStatDescr_t *, ch_est::puschRxChEstDynDescr_t *)"
2083549649,6144,33604,137,2,1,24,2,1,44,0.001,0.001,,,,,NVIDIA A100-SXM4-40GB (0),1,,13,"void ch_est::chEstFilterNoDftSOfdmDispatchKernel<float, __half, float, (unsigned int)2>(ch_est::puschRxChEstStatDescr_t *, ch_est::puschRxChEstDynDescr_t *)"
2083556913,4736,33605,137,2,1,24,2,1,44,0.001,0.001,,,,,NVIDIA A100-SXM4-40GB (0),1,,13,"void ch_est::chEstFilterNoDftSOfdmDispatchKernel<float, __half, float, (unsigned int)2>(ch_est::puschRxChEstStatDescr_t *, ch_est::puschRxChEstDynDescr_t *)"
2083562641,2368,33616,103,1,1,128,1,1,16,0.000,0.000,,,,,NVIDIA A100-SXM4-40GB (0),1,,13,cupy_copy__complex64_complex64
2083566097,15392,33626,1434,1,1,128,1,1,16,0.000,0.000,,,,,NVIDIA A100-SXM4-40GB (0),1,,13,cupy_copy__complex64_complex64
2083582417,2304,33633,103,1,1,128,1,1,16,0.000,0.000,,,,,NVIDIA A100-SXM4-40GB (0),1,,13,cupy_copy__complex64_complex64
2083585681,79359,33640,1,1,1,32,32,1,30,0.000,0.000,,,,,NVIDIA A100-SXM4-40GB (0),1,,13,"void convert_kernel<__half2, float2>(tensor_layout_any, T1 *, tensor_layout_any, const T2 *)"
2083825742,4192,33643,,,,,,,,,,0.061,14656.451,Pinned,Device,NVIDIA A100-SXM4-40GB (0),1,,13,[CUDA memcpy Host-to-Device]
2083836110,46207,33644,,,,,,,,,,35.801,774768.575,Device,,NVIDIA A100-SXM4-40GB (0),1,,13,[CUDA memset]
2083889389,1888,33646,,,,,,,,,,0.000,42.373,Pinned,Device,NVIDIA A100-SXM4-40GB (0),1,,13,[CUDA memcpy Host-to-Device]
2083893421,6976,33647,,,,,,,,,,0.131,18788.909,Pinned,Device,NVIDIA A100-SXM4-40GB (0),1,,13,[CUDA memcpy Host-to-Device]
2083903981,9216,33648,273,1,1,48,1,1,40,0.000,0.001,,,,,NVIDIA A100-SXM4-40GB (0),1,,13,"void pusch_noise_intf_est::noiseIntfEstNoDftSOfdmKernel<float, __half, float, float, (unsigned int)2, (unsigned int)1, (unsigned char)4, (unsigned char)4>(pusch_noise_intf_est::puschRxNoiseIntfEstDynDescr)"
2083914285,2656,33659,35,1,1,128,1,1,16,0.000,0.000,,,,,NVIDIA A100-SXM4-40GB (0),1,,13,cupy_copy__complex64_complex64
2083932685,1600,33668,1,1,1,1,1,1,18,0.000,0.000,,,,,NVIDIA A100-SXM4-40GB (0),1,,13,cupy_copy__float32_float32
2083978028,1696,33674,,,,,,,,,,0.000,2.358,Device,Pageable,NVIDIA A100-SXM4-40GB (0),1,,7,[CUDA memcpy Device-to-Host]
2084037835,15456,33685,1434,1,1,128,1,1,16,0.000,0.000,,,,,NVIDIA A100-SXM4-40GB (0),1,,13,cupy_copy__complex64_complex64
2084065195,2560,33692,103,1,1,128,1,1,16,0.000,0.000,,,,,NVIDIA A100-SXM4-40GB (0),1,,13,cupy_copy__complex64_complex64
2084086475,2080,33699,35,1,1,128,1,1,16,0.000,0.000,,,,,NVIDIA A100-SXM4-40GB (0),1,,13,cupy_copy__complex64_complex64
2084104363,1536,33706,1,1,1,1,1,1,18,0.000,0.000,,,,,NVIDIA A100-SXM4-40GB (0),1,,13,cupy_copy__float32_float32
2084370151,79647,33717,1,1,1,32,32,1,30,0.000,0.000,,,,,NVIDIA A100-SXM4-40GB (0),1,,13,"void convert_kernel<__half2, float2>(tensor_layout_any, T1 *, tensor_layout_any, const T2 *)"
2084479974,4480,33720,,,,,,,,,,0.061,13714.268,Pinned,Device,NVIDIA A100-SXM4-40GB (0),1,,13,[CUDA memcpy Host-to-Device]
2084495494,3296,33721,,,,,,,,,,1.547,469242.628,Device,,NVIDIA A100-SXM4-40GB (0),1,,13,[CUDA memset]
2084502214,3040,33726,,,,,,,,,,0.021,6926.308,Pinned,Device,NVIDIA A100-SXM4-40GB (0),1,,13,[CUDA memcpy Host-to-Device]
2084507366,6880,33727,,,,,,,,,,0.131,19051.053,Pinned,Device,NVIDIA A100-SXM4-40GB (0),1,,13,[CUDA memcpy Host-to-Device]
2084519174,6048,33728,273,1,1,8,4,1,39,0.002,0.000,,,,,NVIDIA A100-SXM4-40GB (0),1,,13,"void channel_eq::eqMmseCoefCompLowMimoKernel<float, float, float, (unsigned int)4, (unsigned int)1, (unsigned int)4>(const channel_eq::_puschRxChEqStatDescr *, channel_eq::_puschRxChEqCoefCompDynDescr)"
2084526214,5407,33729,273,1,1,12,11,1,40,0.002,0.000,,,,,NVIDIA A100-SXM4-40GB (0),1,,13,"void channel_eq::eqMmseSoftDemapKernel<float, __half, __half, float, (unsigned int)4, (unsigned short)16383>(channel_eq::_puschRxChEqStatDescr *, channel_eq::_puschRxChEqSoftDemapDynDescr)"
2084532613,281405,33730,1,1,1,32,32,1,30,0.000,0.000,,,,,NVIDIA A100-SXM4-40GB (0),1,,13,"void convert_kernel<float2, __half2>(tensor_layout_any, T1 *, tensor_layout_any, const T2 *)"
2084815106,12448,33742,2253,1,1,128,1,1,16,0.000,0.000,,,,,NVIDIA A100-SXM4-40GB (0),1,,13,cupy_copy__float16_float16
2084828674,2656,33751,282,1,1,128,1,1,16,0.000,0.000,,,,,NVIDIA A100-SXM4-40GB (0),1,,13,cupy_copy__complex64_complex64
2084832386,1856,33760,26,1,1,128,1,1,16,0.000,0.000,,,,,NVIDIA A100-SXM4-40GB (0),1,,13,cupy_copy__float32_float32
2084835170,2784,33769,103,1,1,128,1,1,16,0.000,0.000,,,,,NVIDIA A100-SXM4-40GB (0),1,,13,cupy_copy__complex64_complex64
2084838914,14080,33779,1434,1,1,128,1,1,16,0.000,0.000,,,,,NVIDIA A100-SXM4-40GB (0),1,,13,cupy_copy__complex64_complex64
2084880801,79135,33784,1,1,1,32,32,1,30,0.000,0.000,,,,,NVIDIA A100-SXM4-40GB (0),1,,13,"void convert_kernel<__half2, float2>(tensor_layout_any, T1 *, tensor_layout_any, const T2 *)"
2084987328,4160,33787,,,,,,,,,,0.061,14769.193,Pinned,Device,NVIDIA A100-SXM4-40GB (0),1,,13,[CUDA memcpy Host-to-Device]
2084998176,587385,33788,,,,,,,,,,456.520,776997.857,Device,,NVIDIA A100-SXM4-40GB (0),1,,13,[CUDA memset]
2085593721,32735,33793,,,,,,,,,,0.825,25212.609,Pinned,Device,NVIDIA A100-SXM4-40GB (0),1,,13,[CUDA memcpy Host-to-Device]
2085628600,6784,33794,,,,,,,,,,0.131,19320.668,Pinned,Device,NVIDIA A100-SXM4-40GB (0),1,,13,[CUDA memcpy Host-to-Device]
2085639352,7424,33795,69,4,1,48,1,1,76,0.002,0.000,,,,,NVIDIA A100-SXM4-40GB (0),1,,13,"void ch_est::windowedChEstPreNoDftSOfdmKernel<float, __half, float, (unsigned int)2, (unsigned int)1, (unsigned short)4>(ch_est::puschRxChEstStatDescr_t *, ch_est::puschRxChEstDynDescr_t *)"
2085647800,6528,33796,137,2,1,24,2,1,44,0.001,0.001,,,,,NVIDIA A100-SXM4-40GB (0),1,,13,"void ch_est::chEstFilterNoDftSOfdmDispatchKernel<float, __half, float, (unsigned int)2>(ch_est::puschRxChEstStatDescr_t *, ch_est::puschRxChEstDynDescr_t *)"
2085655352,4736,33797,137,2,1,24,2,1,44,0.001,0.001,,,,,NVIDIA A100-SXM4-40GB (0),1,,13,"void ch_est::chEstFilterNoDftSOfdmDispatchKernel<float, __half, float, (unsigned int)2>(ch_est::puschRxChEstStatDescr_t *, ch_est::puschRxChEstDynDescr_t *)"
2085661080,2400,33808,103,1,1,128,1,1,16,0.000,0.000,,,,,NVIDIA A100-SXM4-40GB (0),1,,13,cupy_copy__complex64_complex64
2085664536,15136,33818,1434,1,1,128,1,1,16,0.000,0.000,,,,,NVIDIA A100-SXM4-40GB (0),1,,13,cupy_copy__complex64_complex64
2085680888,2336,33825,103,1,1,128,1,1,16,0.000,0.000,,,,,NVIDIA A100-SXM4-40GB (0),1,,13,cupy_copy__complex64_complex64
2085684440,79295,33832,1,1,1,32,32,1,30,0.000,0.000,,,,,NVIDIA A100-SXM4-40GB (0),1,,13,"void convert_kernel<__half2, float2>(tensor_layout_any, T1 *, tensor_layout_any, const T2 *)"
2085790646,4192,33835,,,,,,,,,,0.061,14656.451,Pinned,Device,NVIDIA A100-SXM4-40GB (0),1,,13,[CUDA memcpy Host-to-Device]
2085802838,46400,33836,,,,,,,,,,35.801,771546.489,Device,,NVIDIA A100-SXM4-40GB (0),1,,13,[CUDA memset]
2085854422,1920,33838,,,,,,,,,,0.000,41.667,Pinned,Device,NVIDIA A100-SXM4-40GB (0),1,,13,[CUDA memcpy Host-to-Device]
2085858486,6911,33839,,,,,,,,,,0.131,18965.594,Pinned,Device,NVIDIA A100-SXM4-40GB (0),1,,13,[CUDA memcpy Host-to-Device]
2085868725,8960,33840,273,1,1,48,1,1,40,0.000,0.001,,,,,NVIDIA A100-SXM4-40GB (0),1,,13,"void pusch_noise_intf_est::noiseIntfEstNoDftSOfdmKernel<float, __half, float, float, (unsigned int)2, (unsigned int)1, (unsigned char)4, (unsigned char)4>(pusch_noise_intf_est::puschRxNoiseIntfEstDynDescr)"
2085878805,2624,33851,35,1,1,128,1,1,16,0.000,0.000,,,,,NVIDIA A100-SXM4-40GB (0),1,,13,cupy_copy__complex64_complex64
2085913397,1600,33860,1,1,1,1,1,1,18,0.000,0.000,,,,,NVIDIA A100-SXM4-40GB (0),1,,13,cupy_copy__float32_float32
2085948692,1728,33866,,,,,,,,,,0.000,2.315,Device,Pageable,NVIDIA A100-SXM4-40GB (0),1,,7,[CUDA memcpy Device-to-Host]
2086006004,15616,33877,1434,1,1,128,1,1,16,0.000,0.000,,,,,NVIDIA A100-SXM4-40GB (0),1,,13,cupy_copy__complex64_complex64
2086031891,2528,33884,103,1,1,128,1,1,16,0.000,0.000,,,,,NVIDIA A100-SXM4-40GB (0),1,,13,cupy_copy__complex64_complex64
2086052659,2144,33891,35,1,1,128,1,1,16,0.000,0.000,,,,,NVIDIA A100-SXM4-40GB (0),1,,13,cupy_copy__complex64_complex64
2086070643,1568,33898,1,1,1,1,1,1,18,0.000,0.000,,,,,NVIDIA A100-SXM4-40GB (0),1,,13,cupy_copy__float32_float32
2086203537,79423,33909,1,1,1,32,32,1,30,0.000,0.000,,,,,NVIDIA A100-SXM4-40GB (0),1,,13,"void convert_kernel<__half2, float2>(tensor_layout_any, T1 *, tensor_layout_any, const T2 *)"
2086310800,4192,33912,,,,,,,,,,0.061,14656.451,Pinned,Device,NVIDIA A100-SXM4-40GB (0),1,,13,[CUDA memcpy Host-to-Device]
2086325136,3264,33913,,,,,,,,,,1.547,473842.288,Device,,NVIDIA A100-SXM4-40GB (0),1,,13,[CUDA memset]
2086331696,3008,33918,,,,,,,,,,0.021,6999.983,Pinned,Device,NVIDIA A100-SXM4-40GB (0),1,,13,[CUDA memcpy Host-to-Device]
2086336848,6848,33919,,,,,,,,,,0.131,19140.182,Pinned,Device,NVIDIA A100-SXM4-40GB (0),1,,13,[CUDA memcpy Host-to-Device]
2086348560,6240,33920,273,1,1,8,4,1,39,0.002,0.000,,,,,NVIDIA A100-SXM4-40GB (0),1,,13,"void channel_eq::eqMmseCoefCompLowMimoKernel<float, float, float, (unsigned int)4, (unsigned int)1, (unsigned int)4>(const channel_eq::_puschRxChEqStatDescr *, channel_eq::_puschRxChEqCoefCompDynDescr)"
2086355984,5216,33921,273,1,1,12,11,1,40,0.002,0.000,,,,,NVIDIA A100-SXM4-40GB (0),1,,13,"void channel_eq::eqMmseSoftDemapKernel<float, __half, __half, float, (unsigned int)4, (unsigned short)16383>(channel_eq::_puschRxChEqStatDescr *, channel_eq::_puschRxChEqSoftDemapDynDescr)"
2086362416,281980,33922,1,1,1,32,32,1,30,0.000,0.000,,,,,NVIDIA A100-SXM4-40GB (0),1,,13,"void convert_kernel<float2, __half2>(tensor_layout_any, T1 *, tensor_layout_any, const T2 *)"
2086645516,12352,33934,2253,1,1,128,1,1,16,0.000,0.000,,,,,NVIDIA A100-SXM4-40GB (0),1,,13,cupy_copy__float16_float16
2086658924,2560,33943,282,1,1,128,1,1,16,0.000,0.000,,,,,NVIDIA A100-SXM4-40GB (0),1,,13,cupy_copy__complex64_complex64
2086662700,1856,33952,26,1,1,128,1,1,16,0.000,0.000,,,,,NVIDIA A100-SXM4-40GB (0),1,,13,cupy_copy__float32_float32
2086665516,2784,33961,103,1,1,128,1,1,16,0.000,0.000,,,,,NVIDIA A100-SXM4-40GB (0),1,,13,cupy_copy__complex64_complex64
2086669516,14080,33971,1434,1,1,128,1,1,16,0.000,0.000,,,,,NVIDIA A100-SXM4-40GB (0),1,,13,cupy_copy__complex64_complex64
2086706187,78751,33976,1,1,1,32,32,1,30,0.000,0.000,,,,,NVIDIA A100-SXM4-40GB (0),1,,13,"void convert_kernel<__half2, float2>(tensor_layout_any, T1 *, tensor_layout_any, const T2 *)"
2086812522,4256,33979,,,,,,,,,,0.061,14436.065,Pinned,Device,NVIDIA A100-SXM4-40GB (0),1,,13,[CUDA memcpy Host-to-Device]
2086822410,587161,33980,,,,,,,,,,456.520,777454.377,Device,,NVIDIA A100-SXM4-40GB (0),1,,13,[CUDA memset]
2087413987,32960,33985,,,,,,,,,,0.825,25040.112,Pinned,Device,NVIDIA A100-SXM4-40GB (0),1,,13,[CUDA memcpy Host-to-Device]
2087449091,6783,33986,,,,,,,,,,0.131,19323.552,Pinned,Device,NVIDIA A100-SXM4-40GB (0),1,,13,[CUDA memcpy Host-to-Device]
2087462050,7360,33987,69,4,1,48,1,1,76,0.002,0.000,,,,,NVIDIA A100-SXM4-40GB (0),1,,13,"void ch_est::windowedChEstPreNoDftSOfdmKernel<float, __half, float, (unsigned int)2, (unsigned int)1, (unsigned short)4>(ch_est::puschRxChEstStatDescr_t *, ch_est::puschRxChEstDynDescr_t *)"
2087470498,6368,33988,137,2,1,24,2,1,44,0.001,0.001,,,,,NVIDIA A100-SXM4-40GB (0),1,,13,"void ch_est::chEstFilterNoDftSOfdmDispatchKernel<float, __half, float, (unsigned int)2>(ch_est::puschRxChEstStatDescr_t *, ch_est::puschRxChEstDynDescr_t *)"
2087477826,4736,33989,137,2,1,24,2,1,44,0.001,0.001,,,,,NVIDIA A100-SXM4-40GB (0),1,,13,"void ch_est::chEstFilterNoDftSOfdmDispatchKernel<float, __half, float, (unsigned int)2>(ch_est::puschRxChEstStatDescr_t *, ch_est::puschRxChEstDynDescr_t *)"
2087483586,2368,34000,103,1,1,128,1,1,16,0.000,0.000,,,,,NVIDIA A100-SXM4-40GB (0),1,,13,cupy_copy__complex64_complex64
2087486978,15360,34010,1434,1,1,128,1,1,16,0.000,0.000,,,,,NVIDIA A100-SXM4-40GB (0),1,,13,cupy_copy__complex64_complex64
2087503266,2336,34017,103,1,1,128,1,1,16,0.000,0.000,,,,,NVIDIA A100-SXM4-40GB (0),1,,13,cupy_copy__complex64_complex64
2087506818,79231,34024,1,1,1,32,32,1,30,0.000,0.000,,,,,NVIDIA A100-SXM4-40GB (0),1,,13,"void convert_kernel<__half2, float2>(tensor_layout_any, T1 *, tensor_layout_any, const T2 *)"
2087749599,4256,34027,,,,,,,,,,0.061,14436.065,Pinned,Device,NVIDIA A100-SXM4-40GB (0),1,,13,[CUDA memcpy Host-to-Device]
2087761055,46303,34028,,,,,,,,,,35.801,773157.532,Device,,NVIDIA A100-SXM4-40GB (0),1,,13,[CUDA memset]
2087813310,1888,34030,,,,,,,,,,0.000,42.373,Pinned,Device,NVIDIA A100-SXM4-40GB (0),1,,13,[CUDA memcpy Host-to-Device]
2087817342,6912,34031,,,,,,,,,,0.131,18962.842,Pinned,Device,NVIDIA A100-SXM4-40GB (0),1,,13,[CUDA memcpy Host-to-Device]
2087830686,9024,34032,273,1,1,48,1,1,40,0.000,0.001,,,,,NVIDIA A100-SXM4-40GB (0),1,,13,"void pusch_noise_intf_est::noiseIntfEstNoDftSOfdmKernel<float, __half, float, float, (unsigned int)2, (unsigned int)1, (unsigned char)4, (unsigned char)4>(pusch_noise_intf_est::puschRxNoiseIntfEstDynDescr)"
2087840766,2784,34043,35,1,1,128,1,1,16,0.000,0.000,,,,,NVIDIA A100-SXM4-40GB (0),1,,13,cupy_copy__complex64_complex64
2087858654,1568,34052,1,1,1,1,1,1,18,0.000,0.000,,,,,NVIDIA A100-SXM4-40GB (0),1,,13,cupy_copy__float32_float32
2087892701,1696,34058,,,,,,,,,,0.000,2.358,Device,Pageable,NVIDIA A100-SXM4-40GB (0),1,,7,[CUDA memcpy Device-to-Host]
2087950364,15552,34069,1434,1,1,128,1,1,16,0.000,0.000,,,,,NVIDIA A100-SXM4-40GB (0),1,,13,cupy_copy__complex64_complex64
2087986876,2592,34076,103,1,1,128,1,1,16,0.000,0.000,,,,,NVIDIA A100-SXM4-40GB (0),1,,13,cupy_copy__complex64_complex64
2088007900,2112,34083,35,1,1,128,1,1,16,0.000,0.000,,,,,NVIDIA A100-SXM4-40GB (0),1,,13,cupy_copy__complex64_complex64
2088025628,1536,34090,1,1,1,1,1,1,18,0.000,0.000,,,,,NVIDIA A100-SXM4-40GB (0),1,,13,cupy_copy__float32_float32
2088291480,79679,34101,1,1,1,32,32,1,30,0.000,0.000,,,,,NVIDIA A100-SXM4-40GB (0),1,,13,"void convert_kernel<__half2, float2>(tensor_layout_any, T1 *, tensor_layout_any, const T2 *)"
2088401911,4192,34104,,,,,,,,,,0.061,14656.451,Pinned,Device,NVIDIA A100-SXM4-40GB (0),1,,13,[CUDA memcpy Host-to-Device]
2088418135,3392,34105,,,,,,,,,,1.547,455961.768,Device,,NVIDIA A100-SXM4-40GB (0),1,,13,[CUDA memset]
2088424855,3008,34110,,,,,,,,,,0.021,6999.983,Pinned,Device,NVIDIA A100-SXM4-40GB (0),1,,13,[CUDA memcpy Host-to-Device]
2088430007,6976,34111,,,,,,,,,,0.131,18788.909,Pinned,Device,NVIDIA A100-SXM4-40GB (0),1,,13,[CUDA memcpy Host-to-Device]
2088442135,6080,34112,273,1,1,8,4,1,39,0.002,0.000,,,,,NVIDIA A100-SXM4-40GB (0),1,,13,"void channel_eq::eqMmseCoefCompLowMimoKernel<float, float, float, (unsigned int)4, (unsigned int)1, (unsigned int)4>(const channel_eq::_puschRxChEqStatDescr *, channel_eq::_puschRxChEqCoefCompDynDescr)"
2088449271,5471,34113,273,1,1,12,11,1,40,0.002,0.000,,,,,NVIDIA A100-SXM4-40GB (0),1,,13,"void channel_eq::eqMmseSoftDemapKernel<float, __half, __half, float, (unsigned int)4, (unsigned short)16383>(channel_eq::_puschRxChEqStatDescr *, channel_eq::_puschRxChEqSoftDemapDynDescr)"
2088455702,280605,34114,1,1,1,32,32,1,30,0.000,0.000,,,,,NVIDIA A100-SXM4-40GB (0),1,,13,"void convert_kernel<float2, __half2>(tensor_layout_any, T1 *, tensor_layout_any, const T2 *)"
2088737363,12256,34126,2253,1,1,128,1,1,16,0.000,0.000,,,,,NVIDIA A100-SXM4-40GB (0),1,,13,cupy_copy__float16_float16
2088750707,2560,34135,282,1,1,128,1,1,16,0.000,0.000,,,,,NVIDIA A100-SXM4-40GB (0),1,,13,cupy_copy__complex64_complex64
2088754483,1856,34144,26,1,1,128,1,1,16,0.000,0.000,,,,,NVIDIA A100-SXM4-40GB (0),1,,13,cupy_copy__float32_float32
2088757299,2752,34153,103,1,1,128,1,1,16,0.000,0.000,,,,,NVIDIA A100-SXM4-40GB (0),1,,13,cupy_copy__complex64_complex64
2088760979,14080,34163,1434,1,1,128,1,1,16,0.000,0.000,,,,,NVIDIA A100-SXM4-40GB (0),1,,13,cupy_copy__complex64_complex64
2088806002,79647,34168,1,1,1,32,32,1,30,0.000,0.000,,,,,NVIDIA A100-SXM4-40GB (0),1,,13,"void convert_kernel<__half2, float2>(tensor_layout_any, T1 *, tensor_layout_any, const T2 *)"
2089046319,4192,34171,,,,,,,,,,0.061,14656.451,Pinned,Device,NVIDIA A100-SXM4-40GB (0),1,,13,[CUDA memcpy Host-to-Device]
2089055663,588153,34172,,,,,,,,,,456.520,776084.816,Device,,NVIDIA A100-SXM4-40GB (0),1,,13,[CUDA memset]
2089645512,32736,34177,,,,,,,,,,0.825,25211.783,Pinned,Device,NVIDIA A100-SXM4-40GB (0),1,,13,[CUDA memcpy Host-to-Device]
2089680392,6784,34178,,,,,,,,,,0.131,19320.668,Pinned,Device,NVIDIA A100-SXM4-40GB (0),1,,13,[CUDA memcpy Host-to-Device]
2089696392,7743,34179,69,4,1,48,1,1,76,0.002,0.000,,,,,NVIDIA A100-SXM4-40GB (0),1,,13,"void ch_est::windowedChEstPreNoDftSOfdmKernel<float, __half, float, (unsigned int)2, (unsigned int)1, (unsigned short)4>(ch_est::puschRxChEstStatDescr_t *, ch_est::puschRxChEstDynDescr_t *)"
2089705383,6432,34180,137,2,1,24,2,1,44,0.001,0.001,,,,,NVIDIA A100-SXM4-40GB (0),1,,13,"void ch_est::chEstFilterNoDftSOfdmDispatchKernel<float, __half, float, (unsigned int)2>(ch_est::puschRxChEstStatDescr_t *, ch_est::puschRxChEstDynDescr_t *)"
2089713031,4704,34181,137,2,1,24,2,1,44,0.001,0.001,,,,,NVIDIA A100-SXM4-40GB (0),1,,13,"void ch_est::chEstFilterNoDftSOfdmDispatchKernel<float, __half, float, (unsigned int)2>(ch_est::puschRxChEstStatDescr_t *, ch_est::puschRxChEstDynDescr_t *)"
2089718727,2432,34192,103,1,1,128,1,1,16,0.000,0.000,,,,,NVIDIA A100-SXM4-40GB (0),1,,13,cupy_copy__complex64_complex64
2089722215,15136,34202,1434,1,1,128,1,1,16,0.000,0.000,,,,,NVIDIA A100-SXM4-40GB (0),1,,13,cupy_copy__complex64_complex64
2089738343,2336,34209,103,1,1,128,1,1,16,0.000,0.000,,,,,NVIDIA A100-SXM4-40GB (0),1,,13,cupy_copy__complex64_complex64
2089741607,79071,34216,1,1,1,32,32,1,30,0.000,0.000,,,,,NVIDIA A100-SXM4-40GB (0),1,,13,"void convert_kernel<__half2, float2>(tensor_layout_any, T1 *, tensor_layout_any, const T2 *)"
2089850918,4736,34219,,,,,,,,,,0.061,12972.933,Pinned,Device,NVIDIA A100-SXM4-40GB (0),1,,13,[CUDA memcpy Host-to-Device]
2089863526,45983,34220,,,,,,,,,,35.801,778563.477,Device,,NVIDIA A100-SXM4-40GB (0),1,,13,[CUDA memset]
2089910757,1888,34222,,,,,,,,,,0.000,42.373,Pinned,Device,NVIDIA A100-SXM4-40GB (0),1,,13,[CUDA memcpy Host-to-Device]
2089914757,6816,34223,,,,,,,,,,0.131,19229.966,Pinned,Device,NVIDIA A100-SXM4-40GB (0),1,,13,[CUDA memcpy Host-to-Device]
2089931909,8672,34224,273,1,1,48,1,1,40,0.000,0.001,,,,,NVIDIA A100-SXM4-40GB (0),1,,13,"void pusch_noise_intf_est::noiseIntfEstNoDftSOfdmKernel<float, __half, float, float, (unsigned int)2, (unsigned int)1, (unsigned char)4, (unsigned char)4>(pusch_noise_intf_est::puschRxNoiseIntfEstDynDescr)"
2089942469,2688,34235,35,1,1,128,1,1,16,0.000,0.000,,,,,NVIDIA A100-SXM4-40GB (0),1,,13,cupy_copy__complex64_complex64
2089977572,1600,34244,1,1,1,1,1,1,18,0.000,0.000,,,,,NVIDIA A100-SXM4-40GB (0),1,,13,cupy_copy__float32_float32
2090012548,1728,34250,,,,,,,,,,0.000,2.315,Device,Pageable,NVIDIA A100-SXM4-40GB (0),1,,7,[CUDA memcpy Device-to-Host]
2090070307,15488,34261,1434,1,1,128,1,1,16,0.000,0.000,,,,,NVIDIA A100-SXM4-40GB (0),1,,13,cupy_copy__complex64_complex64
2090097251,2560,34268,103,1,1,128,1,1,16,0.000,0.000,,,,,NVIDIA A100-SXM4-40GB (0),1,,13,cupy_copy__complex64_complex64
2090117987,2143,34275,35,1,1,128,1,1,16,0.000,0.000,,,,,NVIDIA A100-SXM4-40GB (0),1,,13,cupy_copy__complex64_complex64
2090135938,1536,34282,1,1,1,1,1,1,18,0.000,0.000,,,,,NVIDIA A100-SXM4-40GB (0),1,,13,cupy_copy__float32_float32
2090269249,79039,34293,1,1,1,32,32,1,30,0.000,0.000,,,,,NVIDIA A100-SXM4-40GB (0),1,,13,"void convert_kernel<__half2, float2>(tensor_layout_any, T1 *, tensor_layout_any, const T2 *)"
2090376159,4160,34296,,,,,,,,,,0.061,14769.193,Pinned,Device,NVIDIA A100-SXM4-40GB (0),1,,13,[CUDA memcpy Host-to-Device]
2090391039,3296,34297,,,,,,,,,,1.547,469242.628,Device,,NVIDIA A100-SXM4-40GB (0),1,,13,[CUDA memset]
2090397631,3040,34302,,,,,,,,,,0.021,6926.308,Pinned,Device,NVIDIA A100-SXM4-40GB (0),1,,13,[CUDA memcpy Host-to-Device]
2090402815,6848,34303,,,,,,,,,,0.131,19140.182,Pinned,Device,NVIDIA A100-SXM4-40GB (0),1,,13,[CUDA memcpy Host-to-Device]
2090414591,6016,34304,273,1,1,8,4,1,39,0.002,0.000,,,,,NVIDIA A100-SXM4-40GB (0),1,,13,"void channel_eq::eqMmseCoefCompLowMimoKernel<float, float, float, (unsigned int)4, (unsigned int)1, (unsigned int)4>(const channel_eq::_puschRxChEqStatDescr *, channel_eq::_puschRxChEqCoefCompDynDescr)"
2090421791,5216,34305,273,1,1,12,11,1,40,0.002,0.000,,,,,NVIDIA A100-SXM4-40GB (0),1,,13,"void channel_eq::eqMmseSoftDemapKernel<float, __half, __half, float, (unsigned int)4, (unsigned short)16383>(channel_eq::_puschRxChEqStatDescr *, channel_eq::_puschRxChEqSoftDemapDynDescr)"
2090427999,281500,34306,1,1,1,32,32,1,30,0.000,0.000,,,,,NVIDIA A100-SXM4-40GB (0),1,,13,"void convert_kernel<float2, __half2>(tensor_layout_any, T1 *, tensor_layout_any, const T2 *)"
2090710555,12320,34318,2253,1,1,128,1,1,16,0.000,0.000,,,,,NVIDIA A100-SXM4-40GB (0),1,,13,cupy_copy__float16_float16
2090723899,2592,34327,282,1,1,128,1,1,16,0.000,0.000,,,,,NVIDIA A100-SXM4-40GB (0),1,,13,cupy_copy__complex64_complex64
2090727707,1856,34336,26,1,1,128,1,1,16,0.000,0.000,,,,,NVIDIA A100-SXM4-40GB (0),1,,13,cupy_copy__float32_float32
2090730523,2816,34345,103,1,1,128,1,1,16,0.000,0.000,,,,,NVIDIA A100-SXM4-40GB (0),1,,13,cupy_copy__complex64_complex64
2090734555,13920,34355,1434,1,1,128,1,1,16,0.000,0.000,,,,,NVIDIA A100-SXM4-40GB (0),1,,13,cupy_copy__complex64_complex64
2090771707,79647,34360,1,1,1,32,32,1,30,0.000,0.000,,,,,NVIDIA A100-SXM4-40GB (0),1,,13,"void convert_kernel<__half2, float2>(tensor_layout_any, T1 *, tensor_layout_any, const T2 *)"
2090878361,4192,34363,,,,,,,,,,0.061,14656.451,Pinned,Device,NVIDIA A100-SXM4-40GB (0),1,,13,[CUDA memcpy Host-to-Device]
2090889081,586713,34364,,,,,,,,,,456.520,777910.898,Device,,NVIDIA A100-SXM4-40GB (0),1,,13,[CUDA memset]
2091477138,32736,34369,,,,,,,,,,0.825,25211.783,Pinned,Device,NVIDIA A100-SXM4-40GB (0),1,,13,[CUDA memcpy Host-to-Device]
2091511986,7104,34370,,,,,,,,,,0.131,18450.350,Pinned,Device,NVIDIA A100-SXM4-40GB (0),1,,13,[CUDA memcpy Host-to-Device]
2091528306,7520,34371,69,4,1,48,1,1,76,0.002,0.000,,,,,NVIDIA A100-SXM4-40GB (0),1,,13,"void ch_est::windowedChEstPreNoDftSOfdmKernel<float, __half, float, (unsigned int)2, (unsigned int)1, (unsigned short)4>(ch_est::puschRxChEstStatDescr_t *, ch_est::puschRxChEstDynDescr_t *)"
2091537074,6271,34372,137,2,1,24,2,1,44,0.001,0.001,,,,,NVIDIA A100-SXM4-40GB (0),1,,13,"void ch_est::chEstFilterNoDftSOfdmDispatchKernel<float, __half, float, (unsigned int)2>(ch_est::puschRxChEstStatDescr_t *, ch_est::puschRxChEstDynDescr_t *)"
2091544401,4736,34373,137,2,1,24,2,1,44,0.001,0.001,,,,,NVIDIA A100-SXM4-40GB (0),1,,13,"void ch_est::chEstFilterNoDftSOfdmDispatchKernel<float, __half, float, (unsigned int)2>(ch_est::puschRxChEstStatDescr_t *, ch_est::puschRxChEstDynDescr_t *)"
2091550161,2368,34384,103,1,1,128,1,1,16,0.000,0.000,,,,,NVIDIA A100-SXM4-40GB (0),1,,13,cupy_copy__complex64_complex64
2091553617,15264,34394,1434,1,1,128,1,1,16,0.000,0.000,,,,,NVIDIA A100-SXM4-40GB (0),1,,13,cupy_copy__complex64_complex64
2091569841,2304,34401,103,1,1,128,1,1,16,0.000,0.000,,,,,NVIDIA A100-SXM4-40GB (0),1,,13,cupy_copy__complex64_complex64
2091573361,79295,34408,1,1,1,32,32,1,30,0.000,0.000,,,,,NVIDIA A100-SXM4-40GB (0),1,,13,"void convert_kernel<__half2, float2>(tensor_layout_any, T1 *, tensor_layout_any, const T2 *)"
2091679760,4736,34411,,,,,,,,,,0.061,12972.933,Pinned,Device,NVIDIA A100-SXM4-40GB (0),1,,13,[CUDA memcpy Host-to-Device]
2091692304,46111,34412,,,,,,,,,,35.801,776379.619,Device,,NVIDIA A100-SXM4-40GB (0),1,,13,[CUDA memset]
2091746447,1888,34414,,,,,,,,,,0.000,42.373,Pinned,Device,NVIDIA A100-SXM4-40GB (0),1,,13,[CUDA memcpy Host-to-Device]
2091750479,6784,34415,,,,,,,,,,0.131,19320.668,Pinned,Device,NVIDIA A100-SXM4-40GB (0),1,,13,[CUDA memcpy Host-to-Device]
2091760751,8640,34416,273,1,1,48,1,1,40,0.000,0.001,,,,,NVIDIA A100-SXM4-40GB (0),1,,13,"void pusch_noise_intf_est::noiseIntfEstNoDftSOfdmKernel<float, __half, float, float, (unsigned int)2, (unsigned int)1, (unsigned char)4, (unsigned char)4>(pusch_noise_intf_est::puschRxNoiseIntfEstDynDescr)"
2091770447,2624,34427,35,1,1,128,1,1,16,0.000,0.000,,,,,NVIDIA A100-SXM4-40GB (0),1,,13,cupy_copy__complex64_complex64
2091802478,1568,34436,1,1,1,1,1,1,18,0.000,0.000,,,,,NVIDIA A100-SXM4-40GB (0),1,,13,cupy_copy__float32_float32
2091836430,1632,34442,,,,,,,,,,0.000,2.451,Device,Pageable,NVIDIA A100-SXM4-40GB (0),1,,7,[CUDA memcpy Device-to-Host]
2091893901,15392,34453,1434,1,1,128,1,1,16,0.000,0.000,,,,,NVIDIA A100-SXM4-40GB (0),1,,13,cupy_copy__complex64_complex64
2091919917,2624,34460,103,1,1,128,1,1,16,0.000,0.000,,,,,NVIDIA A100-SXM4-40GB (0),1,,13,cupy_copy__complex64_complex64
2091940717,2112,34467,35,1,1,128,1,1,16,0.000,0.000,,,,,NVIDIA A100-SXM4-40GB (0),1,,13,cupy_copy__complex64_complex64
2091965388,1536,34474,1,1,1,1,1,1,18,0.000,0.000,,,,,NVIDIA A100-SXM4-40GB (0),1,,13,cupy_copy__float32_float32
2092098219,79391,34485,1,1,1,32,32,1,30,0.000,0.000,,,,,NVIDIA A100-SXM4-40GB (0),1,,13,"void convert_kernel<__half2, float2>(tensor_layout_any, T1 *, tensor_layout_any, const T2 *)"
2092205737,4192,34488,,,,,,,,,,0.061,14656.451,Pinned,Device,NVIDIA A100-SXM4-40GB (0),1,,13,[CUDA memcpy Host-to-Device]
2092220137,3296,34489,,,,,,,,,,1.547,469242.628,Device,,NVIDIA A100-SXM4-40GB (0),1,,13,[CUDA memset]
2092226889,3040,34494,,,,,,,,,,0.021,6926.308,Pinned,Device,NVIDIA A100-SXM4-40GB (0),1,,13,[CUDA memcpy Host-to-Device]
2092232073,6848,34495,,,,,,,,,,0.131,19140.182,Pinned,Device,NVIDIA A100-SXM4-40GB (0),1,,13,[CUDA memcpy Host-to-Device]
2092243913,6112,34496,273,1,1,8,4,1,39,0.002,0.000,,,,,NVIDIA A100-SXM4-40GB (0),1,,13,"void channel_eq::eqMmseCoefCompLowMimoKernel<float, float, float, (unsigned int)4, (unsigned int)1, (unsigned int)4>(const channel_eq::_puschRxChEqStatDescr *, channel_eq::_puschRxChEqCoefCompDynDescr)"
2092251241,5344,34497,273,1,1,12,11,1,40,0.002,0.000,,,,,NVIDIA A100-SXM4-40GB (0),1,,13,"void channel_eq::eqMmseSoftDemapKernel<float, __half, __half, float, (unsigned int)4, (unsigned short)16383>(channel_eq::_puschRxChEqStatDescr *, channel_eq::_puschRxChEqSoftDemapDynDescr)"
2092257769,281276,34498,1,1,1,32,32,1,30,0.000,0.000,,,,,NVIDIA A100-SXM4-40GB (0),1,,13,"void convert_kernel<float2, __half2>(tensor_layout_any, T1 *, tensor_layout_any, const T2 *)"
2092539973,12736,34510,2253,1,1,128,1,1,16,0.000,0.000,,,,,NVIDIA A100-SXM4-40GB (0),1,,13,cupy_copy__float16_float16
2092553765,2560,34519,282,1,1,128,1,1,16,0.000,0.000,,,,,NVIDIA A100-SXM4-40GB (0),1,,13,cupy_copy__complex64_complex64
2092557541,1856,34528,26,1,1,128,1,1,16,0.000,0.000,,,,,NVIDIA A100-SXM4-40GB (0),1,,13,cupy_copy__float32_float32
2092560645,2752,34537,103,1,1,128,1,1,16,0.000,0.000,,,,,NVIDIA A100-SXM4-40GB (0),1,,13,cupy_copy__complex64_complex64
2092564613,14080,34547,1434,1,1,128,1,1,16,0.000,0.000,,,,,NVIDIA A100-SXM4-40GB (0),1,,13,cupy_copy__complex64_complex64
2092598693,79199,34552,1,1,1,32,32,1,30,0.000,0.000,,,,,NVIDIA A100-SXM4-40GB (0),1,,13,"void convert_kernel<__half2, float2>(tensor_layout_any, T1 *, tensor_layout_any, const T2 *)"
2092840866,4224,34555,,,,,,,,,,0.061,14545.428,Pinned,Device,NVIDIA A100-SXM4-40GB (0),1,,13,[CUDA memcpy Host-to-Device]
2092850338,587865,34556,,,,,,,,,,456.520,776541.336,Device,,NVIDIA A100-SXM4-40GB (0),1,,13,[CUDA memset]
2093441179,32735,34561,,,,,,,,,,0.825,25212.609,Pinned,Device,NVIDIA A100-SXM4-40GB (0),1,,13,[CUDA memcpy Host-to-Device]
2093476058,6784,34562,,,,,,,,,,0.131,19320.668,Pinned,Device,NVIDIA A100-SXM4-40GB (0),1,,13,[CUDA memcpy Host-to-Device]
2093493338,7104,34563,69,4,1,48,1,1,76,0.002,0.000,,,,,NVIDIA A100-SXM4-40GB (0),1,,13,"void ch_est::windowedChEstPreNoDftSOfdmKernel<float, __half, float, (unsigned int)2, (unsigned int)1, (unsigned short)4>(ch_est::puschRxChEstStatDescr_t *, ch_est::puschRxChEstDynDescr_t *)"
2093501658,6624,34564,137,2,1,24,2,1,44,0.001,0.001,,,,,NVIDIA A100-SXM4-40GB (0),1,,13,"void ch_est::chEstFilterNoDftSOfdmDispatchKernel<float, __half, float, (unsigned int)2>(ch_est::puschRxChEstStatDescr_t *, ch_est::puschRxChEstDynDescr_t *)"
2093509498,4736,34565,137,2,1,24,2,1,44,0.001,0.001,,,,,NVIDIA A100-SXM4-40GB (0),1,,13,"void ch_est::chEstFilterNoDftSOfdmDispatchKernel<float, __half, float, (unsigned int)2>(ch_est::puschRxChEstStatDescr_t *, ch_est::puschRxChEstDynDescr_t *)"
2093515194,2848,34576,103,1,1,128,1,1,16,0.000,0.000,,,,,NVIDIA A100-SXM4-40GB (0),1,,13,cupy_copy__complex64_complex64
2093519098,15328,34586,1434,1,1,128,1,1,16,0.000,0.000,,,,,NVIDIA A100-SXM4-40GB (0),1,,13,cupy_copy__complex64_complex64
2093535642,2336,34593,103,1,1,128,1,1,16,0.000,0.000,,,,,NVIDIA A100-SXM4-40GB (0),1,,13,cupy_copy__complex64_complex64
2093539194,79039,34600,1,1,1,32,32,1,30,0.000,0.000,,,,,NVIDIA A100-SXM4-40GB (0),1,,13,"void convert_kernel<__half2, float2>(tensor_layout_any, T1 *, tensor_layout_any, const T2 *)"
2093648568,4192,34603,,,,,,,,,,0.061,14656.451,Pinned,Device,NVIDIA A100-SXM4-40GB (0),1,,13,[CUDA memcpy Host-to-Device]
2093661464,46015,34604,,,,,,,,,,35.801,778026.463,Device,,NVIDIA A100-SXM4-40GB (0),1,,13,[CUDA memset]
2093715575,1888,34606,,,,,,,,,,0.000,42.373,Pinned,Device,NVIDIA A100-SXM4-40GB (0),1,,13,[CUDA memcpy Host-to-Device]
2093719607,6784,34607,,,,,,,,,,0.131,19320.668,Pinned,Device,NVIDIA A100-SXM4-40GB (0),1,,13,[CUDA memcpy Host-to-Device]
2093736023,8896,34608,273,1,1,48,1,1,40,0.000,0.001,,,,,NVIDIA A100-SXM4-40GB (0),1,,13,"void pusch_noise_intf_est::noiseIntfEstNoDftSOfdmKernel<float, __half, float, float, (unsigned int)2, (unsigned int)1, (unsigned char)4, (unsigned char)4>(pusch_noise_intf_est::puschRxNoiseIntfEstDynDescr)"
2093746039,2656,34619,35,1,1,128,1,1,16,0.000,0.000,,,,,NVIDIA A100-SXM4-40GB (0),1,,13,cupy_copy__complex64_complex64
2093774551,1600,34628,1,1,1,1,1,1,18,0.000,0.000,,,,,NVIDIA A100-SXM4-40GB (0),1,,13,cupy_copy__float32_float32
2093809526,1696,34634,,,,,,,,,,0.000,2.358,Device,Pageable,NVIDIA A100-SXM4-40GB (0),1,,7,[CUDA memcpy Device-to-Host]
2093867286,15679,34645,1434,1,1,128,1,1,16,0.000,0.000,,,,,NVIDIA A100-SXM4-40GB (0),1,,13,cupy_copy__complex64_complex64
2093893269,2560,34652,103,1,1,128,1,1,16,0.000,0.000,,,,,NVIDIA A100-SXM4-40GB (0),1,,13,cupy_copy__complex64_complex64
2093913685,2144,34659,35,1,1,128,1,1,16,0.000,0.000,,,,,NVIDIA A100-SXM4-40GB (0),1,,13,cupy_copy__complex64_complex64
2093931637,1568,34666,1,1,1,1,1,1,18,0.000,0.000,,,,,NVIDIA A100-SXM4-40GB (0),1,,13,cupy_copy__float32_float32
2094065139,79391,34677,1,1,1,32,32,1,30,0.000,0.000,,,,,NVIDIA A100-SXM4-40GB (0),1,,13,"void convert_kernel<__half2, float2>(tensor_layout_any, T1 *, tensor_layout_any, const T2 *)"
2094305072,4192,34680,,,,,,,,,,0.061,14656.451,Pinned,Device,NVIDIA A100-SXM4-40GB (0),1,,13,[CUDA memcpy Host-to-Device]
2094315024,3328,34681,,,,,,,,,,1.547,464729.580,Device,,NVIDIA A100-SXM4-40GB (0),1,,13,[CUDA memset]
2094318800,3040,34686,,,,,,,,,,0.021,6926.308,Pinned,Device,NVIDIA A100-SXM4-40GB (0),1,,13,[CUDA memcpy Host-to-Device]
2094323984,7136,34687,,,,,,,,,,0.131,18367.644,Pinned,Device,NVIDIA A100-SXM4-40GB (0),1,,13,[CUDA memcpy Host-to-Device]
2094336112,6048,34688,273,1,1,8,4,1,39,0.002,0.000,,,,,NVIDIA A100-SXM4-40GB (0),1,,13,"void channel_eq::eqMmseCoefCompLowMimoKernel<float, float, float, (unsigned int)4, (unsigned int)1, (unsigned int)4>(const channel_eq::_puschRxChEqStatDescr *, channel_eq::_puschRxChEqCoefCompDynDescr)"
2094343216,6048,34689,273,1,1,12,11,1,40,0.002,0.000,,,,,NVIDIA A100-SXM4-40GB (0),1,,13,"void channel_eq::eqMmseSoftDemapKernel<float, __half, __half, float, (unsigned int)4, (unsigned short)16383>(channel_eq::_puschRxChEqStatDescr *, channel_eq::_puschRxChEqSoftDemapDynDescr)"
2094350256,281180,34690,1,1,1,32,32,1,30,0.000,0.000,,,,,NVIDIA A100-SXM4-40GB (0),1,,13,"void convert_kernel<float2, __half2>(tensor_layout_any, T1 *, tensor_layout_any, const T2 *)"
2094632588,12320,34702,2253,1,1,128,1,1,16,0.000,0.000,,,,,NVIDIA A100-SXM4-40GB (0),1,,13,cupy_copy__float16_float16
2094645932,2592,34711,282,1,1,128,1,1,16,0.000,0.000,,,,,NVIDIA A100-SXM4-40GB (0),1,,13,cupy_copy__complex64_complex64
2094649740,1824,34720,26,1,1,128,1,1,16,0.000,0.000,,,,,NVIDIA A100-SXM4-40GB (0),1,,13,cupy_copy__float32_float32
2094652524,2848,34729,103,1,1,128,1,1,16,0.000,0.000,,,,,NVIDIA A100-SXM4-40GB (0),1,,13,cupy_copy__complex64_complex64
2094656556,14048,34739,1434,1,1,128,1,1,16,0.000,0.000,,,,,NVIDIA A100-SXM4-40GB (0),1,,13,cupy_copy__complex64_complex64
2094815946,79583,34744,1,1,1,32,32,1,30,0.000,0.000,,,,,NVIDIA A100-SXM4-40GB (0),1,,13,"void convert_kernel<__half2, float2>(tensor_layout_any, T1 *, tensor_layout_any, const T2 *)"
2094925673,4160,34747,,,,,,,,,,0.061,14769.193,Pinned,Device,NVIDIA A100-SXM4-40GB (0),1,,13,[CUDA memcpy Host-to-Device]
2094937193,587513,34748,,,,,,,,,,456.520,776997.857,Device,,NVIDIA A100-SXM4-40GB (0),1,,13,[CUDA memset]
2095528066,32703,34753,,,,,,,,,,0.825,25237.369,Pinned,Device,NVIDIA A100-SXM4-40GB (0),1,,13,[CUDA memcpy Host-to-Device]
2095562913,6784,34754,,,,,,,,,,0.131,19320.668,Pinned,Device,NVIDIA A100-SXM4-40GB (0),1,,13,[CUDA memcpy Host-to-Device]
2095578177,7424,34755,69,4,1,48,1,1,76,0.002,0.000,,,,,NVIDIA A100-SXM4-40GB (0),1,,13,"void ch_est::windowedChEstPreNoDftSOfdmKernel<float, __half, float, (unsigned int)2, (unsigned int)1, (unsigned short)4>(ch_est::puschRxChEstStatDescr_t *, ch_est::puschRxChEstDynDescr_t *)"
2095586625,6176,34756,137,2,1,24,2,1,44,0.001,0.001,,,,,NVIDIA A100-SXM4-40GB (0),1,,13,"void ch_est::chEstFilterNoDftSOfdmDispatchKernel<float, __half, float, (unsigned int)2>(ch_est::puschRxChEstStatDescr_t *, ch_est::puschRxChEstDynDescr_t *)"
2095593729,4736,34757,137,2,1,24,2,1,44,0.001,0.001,,,,,NVIDIA A100-SXM4-40GB (0),1,,13,"void ch_est::chEstFilterNoDftSOfdmDispatchKernel<float, __half, float, (unsigned int)2>(ch_est::puschRxChEstStatDescr_t *, ch_est::puschRxChEstDynDescr_t *)"
2095599489,2368,34768,103,1,1,128,1,1,16,0.000,0.000,,,,,NVIDIA A100-SXM4-40GB (0),1,,13,cupy_copy__complex64_complex64
2095602881,15200,34778,1434,1,1,128,1,1,16,0.000,0.000,,,,,NVIDIA A100-SXM4-40GB (0),1,,13,cupy_copy__complex64_complex64
2095619105,2304,34785,103,1,1,128,1,1,16,0.000,0.000,,,,,NVIDIA A100-SXM4-40GB (0),1,,13,cupy_copy__complex64_complex64
2095622369,79807,34792,1,1,1,32,32,1,30,0.000,0.000,,,,,NVIDIA A100-SXM4-40GB (0),1,,13,"void convert_kernel<__half2, float2>(tensor_layout_any, T1 *, tensor_layout_any, const T2 *)"
2095730047,4736,34795,,,,,,,,,,0.061,12972.933,Pinned,Device,NVIDIA A100-SXM4-40GB (0),1,,13,[CUDA memcpy Host-to-Device]
2095742463,46016,34796,,,,,,,,,,35.801,777990.662,Device,,NVIDIA A100-SXM4-40GB (0),1,,13,[CUDA memset]
2095794270,1888,34798,,,,,,,,,,0.000,42.373,Pinned,Device,NVIDIA A100-SXM4-40GB (0),1,,13,[CUDA memcpy Host-to-Device]
2095798302,6816,34799,,,,,,,,,,0.131,19229.966,Pinned,Device,NVIDIA A100-SXM4-40GB (0),1,,13,[CUDA memcpy Host-to-Device]
2095808606,8672,34800,273,1,1,48,1,1,40,0.000,0.001,,,,,NVIDIA A100-SXM4-40GB (0),1,,13,"void pusch_noise_intf_est::noiseIntfEstNoDftSOfdmKernel<float, __half, float, float, (unsigned int)2, (unsigned int)1, (unsigned char)4, (unsigned char)4>(pusch_noise_intf_est::puschRxNoiseIntfEstDynDescr)"
2095818238,2592,34811,35,1,1,128,1,1,16,0.000,0.000,,,,,NVIDIA A100-SXM4-40GB (0),1,,13,cupy_copy__complex64_complex64
2095849598,1568,34820,1,1,1,1,1,1,18,0.000,0.000,,,,,NVIDIA A100-SXM4-40GB (0),1,,13,cupy_copy__float32_float32
2095884701,1728,34826,,,,,,,,,,0.000,2.315,Device,Pageable,NVIDIA A100-SXM4-40GB (0),1,,7,[CUDA memcpy Device-to-Host]
2095942525,15296,34837,1434,1,1,128,1,1,16,0.000,0.000,,,,,NVIDIA A100-SXM4-40GB (0),1,,13,cupy_copy__complex64_complex64
2095977404,2592,34844,103,1,1,128,1,1,16,0.000,0.000,,,,,NVIDIA A100-SXM4-40GB (0),1,,13,cupy_copy__complex64_complex64
2095999036,2144,34851,35,1,1,128,1,1,16,0.000,0.000,,,,,NVIDIA A100-SXM4-40GB (0),1,,13,cupy_copy__complex64_complex64
2096016860,1536,34858,1,1,1,1,1,1,18,0.000,0.000,,,,,NVIDIA A100-SXM4-40GB (0),1,,13,cupy_copy__float32_float32
2096149434,78943,34869,1,1,1,32,32,1,30,0.000,0.000,,,,,NVIDIA A100-SXM4-40GB (0),1,,13,"void convert_kernel<__half2, float2>(tensor_layout_any, T1 *, tensor_layout_any, const T2 *)"
2096255513,4480,34872,,,,,,,,,,0.061,13714.268,Pinned,Device,NVIDIA A100-SXM4-40GB (0),1,,13,[CUDA memcpy Host-to-Device]
2096270009,3328,34873,,,,,,,,,,1.547,464729.580,Device,,NVIDIA A100-SXM4-40GB (0),1,,13,[CUDA memset]
2096276665,3040,34878,,,,,,,,,,0.021,6926.308,Pinned,Device,NVIDIA A100-SXM4-40GB (0),1,,13,[CUDA memcpy Host-to-Device]
2096281849,6880,34879,,,,,,,,,,0.131,19051.053,Pinned,Device,NVIDIA A100-SXM4-40GB (0),1,,13,[CUDA memcpy Host-to-Device]
2096295640,6112,34880,273,1,1,8,4,1,39,0.002,0.000,,,,,NVIDIA A100-SXM4-40GB (0),1,,13,"void channel_eq::eqMmseCoefCompLowMimoKernel<float, float, float, (unsigned int)4, (unsigned int)1, (unsigned int)4>(const channel_eq::_puschRxChEqStatDescr *, channel_eq::_puschRxChEqCoefCompDynDescr)"
2096302776,5216,34881,273,1,1,12,11,1,40,0.002,0.000,,,,,NVIDIA A100-SXM4-40GB (0),1,,13,"void channel_eq::eqMmseSoftDemapKernel<float, __half, __half, float, (unsigned int)4, (unsigned short)16383>(channel_eq::_puschRxChEqStatDescr *, channel_eq::_puschRxChEqSoftDemapDynDescr)"
2096308984,281789,34882,1,1,1,32,32,1,30,0.000,0.000,,,,,NVIDIA A100-SXM4-40GB (0),1,,13,"void convert_kernel<float2, __half2>(tensor_layout_any, T1 *, tensor_layout_any, const T2 *)"
2096591925,12480,34894,2253,1,1,128,1,1,16,0.000,0.000,,,,,NVIDIA A100-SXM4-40GB (0),1,,13,cupy_copy__float16_float16
2096605493,2560,34903,282,1,1,128,1,1,16,0.000,0.000,,,,,NVIDIA A100-SXM4-40GB (0),1,,13,cupy_copy__complex64_complex64
2096609013,1856,34912,26,1,1,128,1,1,16,0.000,0.000,,,,,NVIDIA A100-SXM4-40GB (0),1,,13,cupy_copy__float32_float32
2096612085,2752,34921,103,1,1,128,1,1,16,0.000,0.000,,,,,NVIDIA A100-SXM4-40GB (0),1,,13,cupy_copy__complex64_complex64
