day,group,parent,file,label,condition,iterations,num_cells,mean_ms,p50_ms,p95_ms,p99_ms,min_ms,max_ms,raw_n
20260531,n20_baseline_fullGPU,n20_baseline_fullGPU,20260531/n20_baseline_fullGPU/run_1.json,no-mig,n20_baseline_fullGPU,50,20,51.79553276062012,50.747182846069336,59.23697013854977,68.66275741577148,50.6360969543457,69.08480072021484,50
20260531,n20_baseline_fullGPU,n20_baseline_fullGPU,20260531/n20_baseline_fullGPU/run_10.json,no-mig,n20_baseline_fullGPU,50,20,55.56891494750977,54.43494415283203,62.60800781249996,75.44015686035155,54.20764923095703,78.32367706298828,50
20260531,n20_baseline_fullGPU,n20_baseline_fullGPU,20260531/n20_baseline_fullGPU/run_11.json,no-mig,n20_baseline_fullGPU,50,20,54.15041290283203,53.32604789733887,60.01787147521969,69.07446960449218,49.9771842956543,69.87369537353516,50
20260531,n20_baseline_fullGPU,n20_baseline_fullGPU,20260531/n20_baseline_fullGPU/run_12.json,no-mig,n20_baseline_fullGPU,50,20,51.601614761352536,50.4869441986084,59.521082496643025,70.55560585021972,49.683326721191406,73.08271789550781,50
20260531,n20_baseline_fullGPU,n20_baseline_fullGPU,20260531/n20_baseline_fullGPU/run_13.json,no-mig,n20_baseline_fullGPU,50,20,54.1394548034668,53.53508949279785,54.61567687988281,70.48408813476561,50.18022537231445,71.5257568359375,50
20260531,n20_baseline_fullGPU,n20_baseline_fullGPU,20260531/n20_baseline_fullGPU/run_14.json,no-mig,n20_baseline_fullGPU,50,20,51.3620639038086,50.534048080444336,59.35219955444335,62.03945373535156,50.260257720947266,63.53753662109375,50
20260531,n20_baseline_fullGPU,n20_baseline_fullGPU,20260531/n20_baseline_fullGPU/run_15.json,no-mig,n20_baseline_fullGPU,50,20,55.20713157653809,54.35748863220215,61.85912761688229,71.19838653564453,49.97324752807617,71.61705780029297,50
20260531,n20_baseline_fullGPU,n20_baseline_fullGPU,20260531/n20_baseline_fullGPU/run_16.json,no-mig,n20_baseline_fullGPU,50,20,53.754016723632816,50.8394718170166,70.32066764831542,89.91072845458977,49.99235153198242,106.72083282470703,50
20260531,n20_baseline_fullGPU,n20_baseline_fullGPU,20260531/n20_baseline_fullGPU/run_17.json,no-mig,n20_baseline_fullGPU,50,20,58.43102844238281,54.10103988647461,90.58816223144531,110.54799354553221,50.03724670410156,114.49504089355469,50
20260531,n20_baseline_fullGPU,n20_baseline_fullGPU,20260531/n20_baseline_fullGPU/run_18.json,no-mig,n20_baseline_fullGPU,50,20,53.08573745727539,50.634063720703125,69.90785293579101,85.91226165771478,50.12092971801758,100.72006225585938,50
20260531,n20_baseline_fullGPU,n20_baseline_fullGPU,20260531/n20_baseline_fullGPU/run_19.json,no-mig,n20_baseline_fullGPU,50,20,51.37638710021972,50.564144134521484,52.30351848602295,69.71060005187988,49.85443115234375,69.86771392822266,50
20260531,n20_baseline_fullGPU,n20_baseline_fullGPU,20260531/n20_baseline_fullGPU/run_2.json,no-mig,n20_baseline_fullGPU,50,20,51.442809677124025,50.5327205657959,58.192416381835905,65.05379257202148,49.785247802734375,65.32508850097656,50
20260531,n20_baseline_fullGPU,n20_baseline_fullGPU,20260531/n20_baseline_fullGPU/run_20.json,no-mig,n20_baseline_fullGPU,50,20,51.31708427429199,50.49798393249512,51.825864982604976,69.88818687438965,49.87388610839844,70.93379211425781,50
20260531,n20_baseline_fullGPU,n20_baseline_fullGPU,20260531/n20_baseline_fullGPU/run_3.json,no-mig,n20_baseline_fullGPU,50,20,54.31537841796875,53.33260726928711,63.39691772460933,71.62572204589844,49.850494384765625,72.16092681884766,50
20260531,n20_baseline_fullGPU,n20_baseline_fullGPU,20260531/n20_baseline_fullGPU/run_4.json,no-mig,n20_baseline_fullGPU,50,20,55.19020164489746,54.40518379211426,55.79887886047363,72.73474365234374,54.10575866699219,74.44032287597656,50
20260531,n20_baseline_fullGPU,n20_baseline_fullGPU,20260531/n20_baseline_fullGPU/run_5.json,no-mig,n20_baseline_fullGPU,50,20,55.13632835388184,54.24664115905762,60.83411922454833,68.93751945495605,53.97510528564453,69.78428649902344,50
20260531,n20_baseline_fullGPU,n20_baseline_fullGPU,20260531/n20_baseline_fullGPU/run_6.json,no-mig,n20_baseline_fullGPU,50,20,51.96287879943848,50.731632232666016,60.839241409301714,72.05209701538085,50.530399322509766,73.07846069335938,50
20260531,n20_baseline_fullGPU,n20_baseline_fullGPU,20260531/n20_baseline_fullGPU/run_7.json,no-mig,n20_baseline_fullGPU,50,20,55.2956787109375,54.24110412597656,65.20027008056636,73.84258644104004,50.18873596191406,74.4968032836914,50
20260531,n20_baseline_fullGPU,n20_baseline_fullGPU,20260531/n20_baseline_fullGPU/run_8.json,no-mig,n20_baseline_fullGPU,50,20,54.791614074707034,54.198801040649414,54.575350761413574,72.64058044433594,50.16307067871094,72.74195098876953,50
20260531,n20_baseline_fullGPU,n20_baseline_fullGPU,20260531/n20_baseline_fullGPU/run_9.json,no-mig,n20_baseline_fullGPU,50,20,54.60862861633301,54.03656005859375,57.64291667938231,68.80952850341795,49.70284652709961,72.15372467041016,50
20260531,n20_phase1_qwen7b_decode,n20_phase1_qwen7b_decode,20260531/n20_phase1_qwen7b_decode/run_1.json,split-50-50,n20_phase1_qwen7b_decode,50,20,55.560158767700194,55.171457290649414,58.49719734191894,64.62123703002929,50.926815032958984,66.04847717285156,50
20260531,n20_phase1_qwen7b_decode,n20_phase1_qwen7b_decode,20260531/n20_phase1_qwen7b_decode/run_10.json,split-50-50,n20_phase1_qwen7b_decode,50,20,55.68932052612305,54.91662406921387,61.967500877380346,67.40846076965332,54.55548858642578,68.28409576416016,50
20260531,n20_phase1_qwen7b_decode,n20_phase1_qwen7b_decode,20260531/n20_phase1_qwen7b_decode/run_11.json,split-50-50,n20_phase1_qwen7b_decode,50,20,52.161011962890626,51.051361083984375,60.13300704956054,69.18615371704101,50.184478759765625,71.00621032714844,50
20260531,n20_phase1_qwen7b_decode,n20_phase1_qwen7b_decode,20260531/n20_phase1_qwen7b_decode/run_12.json,split-50-50,n20_phase1_qwen7b_decode,50,20,56.02425559997559,54.05497741699219,68.0305923461914,78.9121496582031,53.796321868896484,84.31574249267578,50
20260531,n20_phase1_qwen7b_decode,n20_phase1_qwen7b_decode,20260531/n20_phase1_qwen7b_decode/run_13.json,split-50-50,n20_phase1_qwen7b_decode,50,20,56.68193634033203,54.761728286743164,67.2923110961914,77.20460998535152,54.52054214477539,85.88355255126953,50
20260531,n20_phase1_qwen7b_decode,n20_phase1_qwen7b_decode,20260531/n20_phase1_qwen7b_decode/run_14.json,split-50-50,n20_phase1_qwen7b_decode,50,20,56.76134078979492,55.1639518737793,67.63825492858886,80.63532394409175,51.108001708984375,90.37542724609375,50
20260531,n20_phase1_qwen7b_decode,n20_phase1_qwen7b_decode,20260531/n20_phase1_qwen7b_decode/run_15.json,split-50-50,n20_phase1_qwen7b_decode,50,20,52.52017219543457,51.53003120422363,59.21161670684811,68.9522258758545,50.73017501831055,69.10050964355469,50
20260531,n20_phase1_qwen7b_decode,n20_phase1_qwen7b_decode,20260531/n20_phase1_qwen7b_decode/run_16.json,split-50-50,n20_phase1_qwen7b_decode,50,20,52.2196549987793,51.05060958862305,60.70238761901851,71.1618657684326,50.281150817871094,72.69519805908203,50
20260531,n20_phase1_qwen7b_decode,n20_phase1_qwen7b_decode,20260531/n20_phase1_qwen7b_decode/run_17.json,split-50-50,n20_phase1_qwen7b_decode,50,20,51.85711700439453,51.16035270690918,53.224183464050284,66.7200257873535,50.8625602722168,68.28313446044922,50
20260531,n20_phase1_qwen7b_decode,n20_phase1_qwen7b_decode,20260531/n20_phase1_qwen7b_decode/run_18.json,split-50-50,n20_phase1_qwen7b_decode,50,20,57.078610000610354,55.26838302612305,67.80389938354492,88.8684958648681,51.120033264160156,107.1388168334961,50
20260531,n20_phase1_qwen7b_decode,n20_phase1_qwen7b_decode,20260531/n20_phase1_qwen7b_decode/run_19.json,split-50-50,n20_phase1_qwen7b_decode,50,20,53.46413223266602,51.3352165222168,67.3810646057129,75.15694396972654,50.72342300415039,79.52076721191406,50
20260531,n20_phase1_qwen7b_decode,n20_phase1_qwen7b_decode,20260531/n20_phase1_qwen7b_decode/run_2.json,split-50-50,n20_phase1_qwen7b_decode,50,20,52.080990676879885,51.24041557312012,58.50288085937497,65.40271553039551,50.42985534667969,65.96393585205078,50
20260531,n20_phase1_qwen7b_decode,n20_phase1_qwen7b_decode,20260531/n20_phase1_qwen7b_decode/run_20.json,split-50-50,n20_phase1_qwen7b_decode,50,20,52.3537174987793,51.51456069946289,58.22943115234372,65.20563095092773,50.8603515625,65.98339080810547,50
20260531,n20_phase1_qwen7b_decode,n20_phase1_qwen7b_decode,20260531/n20_phase1_qwen7b_decode/run_3.json,split-50-50,n20_phase1_qwen7b_decode,50,20,55.90543174743652,54.95947074890137,63.12887153625485,69.74384414672852,54.741729736328125,70.3311996459961,50
20260531,n20_phase1_qwen7b_decode,n20_phase1_qwen7b_decode,20260531/n20_phase1_qwen7b_decode/run_4.json,split-50-50,n20_phase1_qwen7b_decode,50,20,54.81488708496094,54.20708656311035,55.52547283172607,68.77420402526855,53.848384857177734,69.76262664794922,50
20260531,n20_phase1_qwen7b_decode,n20_phase1_qwen7b_decode,20260531/n20_phase1_qwen7b_decode/run_5.json,split-50-50,n20_phase1_qwen7b_decode,50,20,52.583176879882814,51.6945915222168,59.385049438476535,66.27798072814942,51.284446716308594,66.43536376953125,50
20260531,n20_phase1_qwen7b_decode,n20_phase1_qwen7b_decode,20260531/n20_phase1_qwen7b_decode/run_6.json,split-50-50,n20_phase1_qwen7b_decode,50,20,54.73640899658203,53.83388900756836,61.95742340087889,67.07043800354003,53.71238327026367,68.9444808959961,50
20260531,n20_phase1_qwen7b_decode,n20_phase1_qwen7b_decode,20260531/n20_phase1_qwen7b_decode/run_7.json,split-50-50,n20_phase1_qwen7b_decode,50,20,54.731687774658205,54.12899208068848,56.156067848205566,66.863369140625,53.84966278076172,67.39142608642578,50
20260531,n20_phase1_qwen7b_decode,n20_phase1_qwen7b_decode,20260531/n20_phase1_qwen7b_decode/run_8.json,split-50-50,n20_phase1_qwen7b_decode,50,20,55.762465744018556,54.98268699645996,61.978983497619595,70.47715843200683,52.10444641113281,71.57273864746094,50
20260531,n20_phase1_qwen7b_decode,n20_phase1_qwen7b_decode,20260531/n20_phase1_qwen7b_decode/run_9.json,split-50-50,n20_phase1_qwen7b_decode,50,20,51.581058502197266,50.919809341430664,51.94726448059082,66.52031761169434,50.218624114990234,66.95231628417969,50
20260531,n20_phase1_qwen7b_prefill,n20_phase1_qwen7b_prefill,20260531/n20_phase1_qwen7b_prefill/run_1.json,split-50-50,n20_phase1_qwen7b_prefill,50,20,52.07267707824707,51.18654441833496,59.04226360321043,64.47774574279785,50.438079833984375,65.50415802001953,50
20260531,n20_phase1_qwen7b_prefill,n20_phase1_qwen7b_prefill,20260531/n20_phase1_qwen7b_prefill/run_10.json,split-50-50,n20_phase1_qwen7b_prefill,50,20,51.75357521057129,51.097808837890625,55.51422405242918,63.69085994720457,50.84204864501953,68.10054779052734,50
20260531,n20_phase1_qwen7b_prefill,n20_phase1_qwen7b_prefill,20260531/n20_phase1_qwen7b_prefill/run_11.json,split-50-50,n20_phase1_qwen7b_prefill,50,20,51.7757152557373,51.12668800354004,52.77237911224365,65.85452934265136,50.359073638916016,67.30815887451172,50
20260531,n20_phase1_qwen7b_prefill,n20_phase1_qwen7b_prefill,20260531/n20_phase1_qwen7b_prefill/run_12.json,split-50-50,n20_phase1_qwen7b_prefill,50,20,52.32533073425293,51.541664123535156,53.0999490737915,69.12780685424804,50.72675323486328,70.17676544189453,50
20260531,n20_phase1_qwen7b_prefill,n20_phase1_qwen7b_prefill,20260531/n20_phase1_qwen7b_prefill/run_13.json,split-50-50,n20_phase1_qwen7b_prefill,50,20,52.40837188720703,51.41838455200195,60.302631950378384,67.28699485778809,51.161537170410156,67.30998229980469,50
20260531,n20_phase1_qwen7b_prefill,n20_phase1_qwen7b_prefill,20260531/n20_phase1_qwen7b_prefill/run_14.json,split-50-50,n20_phase1_qwen7b_prefill,50,20,55.87311447143555,54.11369514465332,68.07016639709472,76.73159294128416,50.612159729003906,81.8602523803711,50
20260531,n20_phase1_qwen7b_prefill,n20_phase1_qwen7b_prefill,20260531/n20_phase1_qwen7b_prefill/run_15.json,split-50-50,n20_phase1_qwen7b_prefill,50,20,55.96481811523437,54.815216064453125,64.64559555053707,73.24325347900391,54.469120025634766,73.46371459960938,50
20260531,n20_phase1_qwen7b_prefill,n20_phase1_qwen7b_prefill,20260531/n20_phase1_qwen7b_prefill/run_16.json,split-50-50,n20_phase1_qwen7b_prefill,50,20,55.870047912597656,55.25129508972168,60.96216812133787,67.28185104370117,51.09417724609375,67.28326416015625,50
20260531,n20_phase1_qwen7b_prefill,n20_phase1_qwen7b_prefill,20260531/n20_phase1_qwen7b_prefill/run_17.json,split-50-50,n20_phase1_qwen7b_prefill,50,20,52.01241668701172,51.34281539916992,52.388001441955566,67.92056785583496,50.42316818237305,68.14979553222656,50
20260531,n20_phase1_qwen7b_prefill,n20_phase1_qwen7b_prefill,20260531/n20_phase1_qwen7b_prefill/run_18.json,split-50-50,n20_phase1_qwen7b_prefill,50,20,52.16205505371094,51.16993522644043,58.94549655914303,67.94789939880371,50.889793395996094,68.10774230957031,50
20260531,n20_phase1_qwen7b_prefill,n20_phase1_qwen7b_prefill,20260531/n20_phase1_qwen7b_prefill/run_19.json,split-50-50,n20_phase1_qwen7b_prefill,50,20,53.23118705749512,51.327632904052734,64.6219964981079,85.34178825378412,50.508033752441406,102.0189437866211,50
20260531,n20_phase1_qwen7b_prefill,n20_phase1_qwen7b_prefill,20260531/n20_phase1_qwen7b_prefill/run_2.json,split-50-50,n20_phase1_qwen7b_prefill,50,20,52.088776397705075,51.42288017272949,52.70290298461914,66.56347679138183,50.708065032958984,69.1917724609375,50
20260531,n20_phase1_qwen7b_prefill,n20_phase1_qwen7b_prefill,20260531/n20_phase1_qwen7b_prefill/run_20.json,split-50-50,n20_phase1_qwen7b_prefill,50,20,56.08979110717773,54.010847091674805,69.42460632324217,78.99736183166502,50.65321731567383,85.10169219970703,50
20260531,n20_phase1_qwen7b_prefill,n20_phase1_qwen7b_prefill,20260531/n20_phase1_qwen7b_prefill/run_3.json,split-50-50,n20_phase1_qwen7b_prefill,50,20,54.69194198608398,54.05839920043945,60.2613773345947,66.72881233215332,50.40003204345703,67.13158416748047,50
20260531,n20_phase1_qwen7b_prefill,n20_phase1_qwen7b_prefill,20260531/n20_phase1_qwen7b_prefill/run_4.json,split-50-50,n20_phase1_qwen7b_prefill,50,20,52.174834747314456,51.225040435791016,58.779744148254366,67.02891876220703,50.48787307739258,68.18649291992188,50
20260531,n20_phase1_qwen7b_prefill,n20_phase1_qwen7b_prefill,20260531/n20_phase1_qwen7b_prefill/run_5.json,split-50-50,n20_phase1_qwen7b_prefill,50,20,55.461394424438474,54.951358795166016,56.50129375457764,69.80946548461914,50.60531234741211,70.5994873046875,50
20260531,n20_phase1_qwen7b_prefill,n20_phase1_qwen7b_prefill,20260531/n20_phase1_qwen7b_prefill/run_6.json,split-50-50,n20_phase1_qwen7b_prefill,50,20,52.35657188415527,51.49625587463379,53.06163139343261,71.6549323272705,50.97260665893555,73.32816314697266,50
20260531,n20_phase1_qwen7b_prefill,n20_phase1_qwen7b_prefill,20260531/n20_phase1_qwen7b_prefill/run_7.json,split-50-50,n20_phase1_qwen7b_prefill,50,20,56.38535110473633,55.33865547180176,62.83867111206052,73.92892440795897,55.13929748535156,75.71699523925781,50
20260531,n20_phase1_qwen7b_prefill,n20_phase1_qwen7b_prefill,20260531/n20_phase1_qwen7b_prefill/run_8.json,split-50-50,n20_phase1_qwen7b_prefill,50,20,55.77583786010742,55.11257553100586,55.428979301452635,71.43102867126464,54.877567291259766,72.12124633789062,50
20260531,n20_phase1_qwen7b_prefill,n20_phase1_qwen7b_prefill,20260531/n20_phase1_qwen7b_prefill/run_9.json,split-50-50,n20_phase1_qwen7b_prefill,50,20,55.593791809082035,54.89961624145508,61.16881008148191,69.00368789672852,50.639102935791016,69.15299224853516,50
20260531,n20_phase1_qwen7b_stress,n20_phase1_qwen7b_stress,20260531/n20_phase1_qwen7b_stress/run_1.json,split-50-50,n20_phase1_qwen7b_stress,50,20,53.38758460998535,51.34660720825195,70.39595222473145,74.19442054748535,50.73811340332031,75.58009338378906,50
20260531,n20_phase1_qwen7b_stress,n20_phase1_qwen7b_stress,20260531/n20_phase1_qwen7b_stress/run_10.json,split-50-50,n20_phase1_qwen7b_stress,50,20,51.901587295532224,51.16731262207031,52.1917610168457,68.09957977294921,50.306880950927734,69.84620666503906,50
20260531,n20_phase1_qwen7b_stress,n20_phase1_qwen7b_stress,20260531/n20_phase1_qwen7b_stress/run_11.json,split-50-50,n20_phase1_qwen7b_stress,50,20,51.977381744384765,51.05204772949219,59.577518844604455,66.2380492401123,50.18540954589844,67.03548431396484,50
20260531,n20_phase1_qwen7b_stress,n20_phase1_qwen7b_stress,20260531/n20_phase1_qwen7b_stress/run_12.json,split-50-50,n20_phase1_qwen7b_stress,50,20,52.1133708190918,51.26724815368652,58.80758419036862,64.87420818328857,50.49327850341797,65.89571380615234,50
20260531,n20_phase1_qwen7b_stress,n20_phase1_qwen7b_stress,20260531/n20_phase1_qwen7b_stress/run_13.json,split-50-50,n20_phase1_qwen7b_stress,50,20,52.561062774658204,51.30222511291504,61.22470722198482,72.2445236968994,51.1668815612793,74.33904266357422,50
20260531,n20_phase1_qwen7b_stress,n20_phase1_qwen7b_stress,20260531/n20_phase1_qwen7b_stress/run_14.json,split-50-50,n20_phase1_qwen7b_stress,50,20,52.209336853027345,51.30009460449219,56.96429443359375,67.22887306213379,50.49862289428711,67.7146224975586,50
20260531,n20_phase1_qwen7b_stress,n20_phase1_qwen7b_stress,20260531/n20_phase1_qwen7b_stress/run_15.json,split-50-50,n20_phase1_qwen7b_stress,50,20,55.94266937255859,55.126272201538086,56.61371536254883,73.78142265319823,54.76172637939453,75.2850570678711,50
20260531,n20_phase1_qwen7b_stress,n20_phase1_qwen7b_stress,20260531/n20_phase1_qwen7b_stress/run_16.json,split-50-50,n20_phase1_qwen7b_stress,50,20,52.83646934509277,51.66927909851074,61.82168273925777,71.12080383300781,50.78316879272461,71.733154296875,50
20260531,n20_phase1_qwen7b_stress,n20_phase1_qwen7b_stress,20260531/n20_phase1_qwen7b_stress/run_17.json,split-50-50,n20_phase1_qwen7b_stress,50,20,52.00815849304199,51.095327377319336,58.78919334411619,65.44344974517821,50.44550323486328,67.38988494873047,50
20260531,n20_phase1_qwen7b_stress,n20_phase1_qwen7b_stress,20260531/n20_phase1_qwen7b_stress/run_18.json,split-50-50,n20_phase1_qwen7b_stress,50,20,54.346901473999026,53.82967948913574,54.422071075439455,68.6814498901367,50.127681732177734,71.60076904296875,50
20260531,n20_phase1_qwen7b_stress,n20_phase1_qwen7b_stress,20260531/n20_phase1_qwen7b_stress/run_19.json,split-50-50,n20_phase1_qwen7b_stress,50,20,53.023464889526366,51.203439712524414,64.30350761413571,81.96992691040037,50.30873489379883,84.9940185546875,50
20260531,n20_phase1_qwen7b_stress,n20_phase1_qwen7b_stress,20260531/n20_phase1_qwen7b_stress/run_2.json,split-50-50,n20_phase1_qwen7b_stress,50,20,51.77774894714356,51.185312271118164,52.54368877410889,64.20801490783691,51.077152252197266,65.18240356445312,50
20260531,n20_phase1_qwen7b_stress,n20_phase1_qwen7b_stress,20260531/n20_phase1_qwen7b_stress/run_20.json,split-50-50,n20_phase1_qwen7b_stress,50,20,56.33173583984375,54.159568786621094,69.68912849426269,79.49812591552731,53.83446502685547,86.76870727539062,50
20260531,n20_phase1_qwen7b_stress,n20_phase1_qwen7b_stress,20260531/n20_phase1_qwen7b_stress/run_3.json,split-50-50,n20_phase1_qwen7b_stress,50,20,51.88447387695312,51.20457649230957,52.377913093566896,66.68418190002441,50.40095901489258,67.43619537353516,50
20260531,n20_phase1_qwen7b_stress,n20_phase1_qwen7b_stress,20260531/n20_phase1_qwen7b_stress/run_4.json,split-50-50,n20_phase1_qwen7b_stress,50,20,52.16013763427734,51.224863052368164,59.56444549560543,66.8647052001953,50.37385559082031,68.12777709960938,50
20260531,n20_phase1_qwen7b_stress,n20_phase1_qwen7b_stress,20260531/n20_phase1_qwen7b_stress/run_5.json,split-50-50,n20_phase1_qwen7b_stress,50,20,52.16013763427734,51.224863052368164,59.56444549560543,66.8647052001953,50.37385559082031,68.12777709960938,50
20260531,n20_phase1_qwen7b_stress,n20_phase1_qwen7b_stress,20260531/n20_phase1_qwen7b_stress/run_6.json,split-50-50,n20_phase1_qwen7b_stress,50,20,53.274986038208006,51.3712158203125,66.99039878845214,76.19609283447264,50.59910583496094,81.1006088256836,50
20260531,n20_phase1_qwen7b_stress,n20_phase1_qwen7b_stress,20260531/n20_phase1_qwen7b_stress/run_7.json,split-50-50,n20_phase1_qwen7b_stress,50,20,55.61731315612793,54.84832000732422,62.24288616180417,69.8434260559082,50.5689582824707,70.95430755615234,50
20260531,n20_phase1_qwen7b_stress,n20_phase1_qwen7b_stress,20260531/n20_phase1_qwen7b_stress/run_8.json,split-50-50,n20_phase1_qwen7b_stress,50,20,52.05161483764648,51.185312271118164,58.9488731384277,65.68427154541016,50.36735916137695,65.72496032714844,50
20260531,n20_phase1_qwen7b_stress,n20_phase1_qwen7b_stress,20260531/n20_phase1_qwen7b_stress/run_9.json,split-50-50,n20_phase1_qwen7b_stress,50,20,51.7454273223877,51.153472900390625,52.09659042358398,64.73392158508301,51.07408142089844,64.95974731445312,50
20260531,n20_phase1_qwen_small,n20_phase1_qwen_small,20260531/n20_phase1_qwen_small/run_1.json,split-50-50,n20_phase1_qwen_small,50,20,52.358190002441404,51.529775619506836,53.02743015289306,71.75030502319335,50.75209426879883,75.725341796875,50
20260531,n20_phase1_qwen_small,n20_phase1_qwen_small,20260531/n20_phase1_qwen_small/run_10.json,split-50-50,n20_phase1_qwen_small,50,20,52.16815292358398,51.574527740478516,52.9107479095459,65.00160255432128,50.961761474609375,65.7136001586914,50
20260531,n20_phase1_qwen_small,n20_phase1_qwen_small,20260531/n20_phase1_qwen_small/run_11.json,split-50-50,n20_phase1_qwen_small,50,20,51.746590576171876,51.05080032348633,52.64191455841064,66.79325500488281,50.285118103027344,66.90560150146484,50
20260531,n20_phase1_qwen_small,n20_phase1_qwen_small,20260531/n20_phase1_qwen_small/run_12.json,split-50-50,n20_phase1_qwen_small,50,20,55.05230667114258,54.25046348571777,60.56643295288084,67.62533920288085,53.94579315185547,68.57843017578125,50
20260531,n20_phase1_qwen_small,n20_phase1_qwen_small,20260531/n20_phase1_qwen_small/run_13.json,split-50-50,n20_phase1_qwen_small,50,20,51.85888229370117,51.03105545043945,58.78340167999264,64.13899375915527,50.13612747192383,64.35308837890625,50
20260531,n20_phase1_qwen_small,n20_phase1_qwen_small,20260531/n20_phase1_qwen_small/run_14.json,split-50-50,n20_phase1_qwen_small,50,20,53.458542556762694,51.471391677856445,68.76007308959959,72.73264801025391,50.66038513183594,73.14224243164062,50
20260531,n20_phase1_qwen_small,n20_phase1_qwen_small,20260531/n20_phase1_qwen_small/run_15.json,split-50-50,n20_phase1_qwen_small,50,20,51.68305877685547,50.95187187194824,52.816617774963376,67.50519203186035,50.22608184814453,67.53062438964844,50
20260531,n20_phase1_qwen_small,n20_phase1_qwen_small,20260531/n20_phase1_qwen_small/run_16.json,split-50-50,n20_phase1_qwen_small,50,20,51.87455101013184,51.06184005737305,55.49191837310789,66.84625289916991,50.75174331665039,67.92256164550781,50
20260531,n20_phase1_qwen_small,n20_phase1_qwen_small,20260531/n20_phase1_qwen_small/run_17.json,split-50-50,n20_phase1_qwen_small,50,20,51.95947998046875,51.19636917114258,57.798165702819794,64.21118824005127,50.41468811035156,64.97666931152344,50
20260531,n20_phase1_qwen_small,n20_phase1_qwen_small,20260531/n20_phase1_qwen_small/run_18.json,split-50-50,n20_phase1_qwen_small,50,20,52.456254196166995,51.283424377441406,61.363286399841265,70.68417907714843,50.481407165527344,71.18614196777344,50
20260531,n20_phase1_qwen_small,n20_phase1_qwen_small,20260531/n20_phase1_qwen_small/run_19.json,split-50-50,n20_phase1_qwen_small,50,20,55.054011535644534,54.16086387634277,60.1188724517822,70.52468727111817,53.78451156616211,70.6720962524414,50
20260531,n20_phase1_qwen_small,n20_phase1_qwen_small,20260531/n20_phase1_qwen_small/run_2.json,split-50-50,n20_phase1_qwen_small,50,20,51.7690380859375,50.97734451293945,52.26876792907715,69.27897888183594,50.31039810180664,70.09855651855469,50
20260531,n20_phase1_qwen_small,n20_phase1_qwen_small,20260531/n20_phase1_qwen_small/run_20.json,split-50-50,n20_phase1_qwen_small,50,20,51.935009231567385,51.22439956665039,52.65798206329345,67.14697257995604,51.042335510253906,68.7423324584961,50
20260531,n20_phase1_qwen_small,n20_phase1_qwen_small,20260531/n20_phase1_qwen_small/run_3.json,split-50-50,n20_phase1_qwen_small,50,20,56.47907592773438,55.53548812866211,62.72004814147947,70.97067573547363,55.390560150146484,71.52579498291016,50
20260531,n20_phase1_qwen_small,n20_phase1_qwen_small,20260531/n20_phase1_qwen_small/run_4.json,split-50-50,n20_phase1_qwen_small,50,20,52.508305053710934,51.35095977783203,61.24032058715816,70.8794955444336,51.0096321105957,71.76969909667969,50
20260531,n20_phase1_qwen_small,n20_phase1_qwen_small,20260531/n20_phase1_qwen_small/run_5.json,split-50-50,n20_phase1_qwen_small,50,20,52.095443954467775,51.2531681060791,58.159066581726044,65.2204411315918,50.44192123413086,65.77359771728516,50
20260531,n20_phase1_qwen_small,n20_phase1_qwen_small,20260531/n20_phase1_qwen_small/run_6.json,split-50-50,n20_phase1_qwen_small,50,20,52.16208236694336,51.58580780029297,53.1293025970459,64.27667224884033,50.931358337402344,64.76742553710938,50
20260531,n20_phase1_qwen_small,n20_phase1_qwen_small,20260531/n20_phase1_qwen_small/run_7.json,split-50-50,n20_phase1_qwen_small,50,20,54.88899398803711,54.05622482299805,61.87204933166503,68.56718551635741,50.59494400024414,69.41398620605469,50
20260531,n20_phase1_qwen_small,n20_phase1_qwen_small,20260531/n20_phase1_qwen_small/run_8.json,split-50-50,n20_phase1_qwen_small,50,20,52.38528953552246,51.25992012023926,61.363426589965776,69.48040153503418,50.46083068847656,69.64514923095703,50
20260531,n20_phase1_qwen_small,n20_phase1_qwen_small,20260531/n20_phase1_qwen_small/run_9.json,split-50-50,n20_phase1_qwen_small,50,20,51.73069412231445,50.880958557128906,57.43373622894285,65.53293731689453,50.042816162109375,66.6317138671875,50
20260531,n20_phase2_M1_3way_balanced,n20_phase2_M1_3way_balanced,20260531/n20_phase2_M1_3way_balanced/run_1.json,3way-balanced,n20_phase2_M1_3way_balanced,50,20,51.96232521057129,51.062992095947266,59.094332885742155,66.21606292724609,50.3139533996582,68.03958129882812,50
20260531,n20_phase2_M1_3way_balanced,n20_phase2_M1_3way_balanced,20260531/n20_phase2_M1_3way_balanced/run_10.json,3way-balanced,n20_phase2_M1_3way_balanced,50,20,55.51881576538086,54.568111419677734,64.08221225738522,71.55625633239745,49.91798400878906,71.88790130615234,50
20260531,n20_phase2_M1_3way_balanced,n20_phase2_M1_3way_balanced,20260531/n20_phase2_M1_3way_balanced/run_11.json,3way-balanced,n20_phase2_M1_3way_balanced,50,20,51.812667541503906,50.994590759277344,58.353711128234835,64.27060131072997,50.39606475830078,64.64649963378906,50
20260531,n20_phase2_M1_3way_balanced,n20_phase2_M1_3way_balanced,20260531/n20_phase2_M1_3way_balanced/run_12.json,3way-balanced,n20_phase2_M1_3way_balanced,50,20,51.75425521850586,51.03264045715332,52.643412590026855,67.48032615661621,50.22016143798828,68.12438201904297,50
20260531,n20_phase2_M1_3way_balanced,n20_phase2_M1_3way_balanced,20260531/n20_phase2_M1_3way_balanced/run_13.json,3way-balanced,n20_phase2_M1_3way_balanced,50,20,51.44226417541504,50.75553512573242,51.91437034606933,66.82548286437988,49.90662384033203,66.91228485107422,50
20260531,n20_phase2_M1_3way_balanced,n20_phase2_M1_3way_balanced,20260531/n20_phase2_M1_3way_balanced/run_14.json,3way-balanced,n20_phase2_M1_3way_balanced,50,20,51.71309494018555,51.084815979003906,52.38970413208008,65.33438194274902,50.7567024230957,65.80863952636719,50
20260531,n20_phase2_M1_3way_balanced,n20_phase2_M1_3way_balanced,20260531/n20_phase2_M1_3way_balanced/run_15.json,3way-balanced,n20_phase2_M1_3way_balanced,50,20,52.02451011657715,50.98825645446777,59.84526996612545,68.27408874511718,50.295169830322266,68.71049499511719,50
20260531,n20_phase2_M1_3way_balanced,n20_phase2_M1_3way_balanced,20260531/n20_phase2_M1_3way_balanced/run_16.json,3way-balanced,n20_phase2_M1_3way_balanced,50,20,54.77467155456543,53.88806343078613,61.11853656768796,68.63309440612792,53.61328125,69.5215072631836,50
20260531,n20_phase2_M1_3way_balanced,n20_phase2_M1_3way_balanced,20260531/n20_phase2_M1_3way_balanced/run_17.json,3way-balanced,n20_phase2_M1_3way_balanced,50,20,51.88559677124024,50.99371337890625,58.523867988586396,65.51506828308105,50.16057586669922,67.2734375,50
20260531,n20_phase2_M1_3way_balanced,n20_phase2_M1_3way_balanced,20260531/n20_phase2_M1_3way_balanced/run_18.json,3way-balanced,n20_phase2_M1_3way_balanced,50,20,51.944892959594725,50.81462478637695,60.4004278182983,69.95485900878906,50.03148651123047,72.52137756347656,50
20260531,n20_phase2_M1_3way_balanced,n20_phase2_M1_3way_balanced,20260531/n20_phase2_M1_3way_balanced/run_19.json,3way-balanced,n20_phase2_M1_3way_balanced,50,20,51.63860252380371,50.92923355102539,52.51665916442871,66.67651985168456,50.70732879638672,68.00115203857422,50
20260531,n20_phase2_M1_3way_balanced,n20_phase2_M1_3way_balanced,20260531/n20_phase2_M1_3way_balanced/run_2.json,3way-balanced,n20_phase2_M1_3way_balanced,50,20,56.78333480834961,54.97887992858887,69.84252433776855,77.65129493713378,50.26889419555664,79.54854583740234,50
20260531,n20_phase2_M1_3way_balanced,n20_phase2_M1_3way_balanced,20260531/n20_phase2_M1_3way_balanced/run_20.json,3way-balanced,n20_phase2_M1_3way_balanced,50,20,55.35314865112305,54.88603210449219,55.773841476440424,68.73444480895996,50.62214279174805,69.27526092529297,50
20260531,n20_phase2_M1_3way_balanced,n20_phase2_M1_3way_balanced,20260531/n20_phase2_M1_3way_balanced/run_3.json,3way-balanced,n20_phase2_M1_3way_balanced,50,20,53.80275650024414,51.2139835357666,66.19547157287597,90.44336067199706,50.53897476196289,94.74352264404297,50
20260531,n20_phase2_M1_3way_balanced,n20_phase2_M1_3way_balanced,20260531/n20_phase2_M1_3way_balanced/run_4.json,3way-balanced,n20_phase2_M1_3way_balanced,50,20,52.33652359008789,51.46358299255371,59.592709541320765,65.57614990234374,50.579105377197266,66.00835418701172,50
20260531,n20_phase2_M1_3way_balanced,n20_phase2_M1_3way_balanced,20260531/n20_phase2_M1_3way_balanced/run_5.json,3way-balanced,n20_phase2_M1_3way_balanced,50,20,57.04565460205078,55.08870315551758,69.02412261962891,81.28511001586911,54.66147232055664,89.56041717529297,50
20260531,n20_phase2_M1_3way_balanced,n20_phase2_M1_3way_balanced,20260531/n20_phase2_M1_3way_balanced/run_6.json,3way-balanced,n20_phase2_M1_3way_balanced,50,20,57.211644973754886,54.88804817199707,73.3011692047119,82.20007827758789,54.60755157470703,82.39584350585938,50
20260531,n20_phase2_M1_3way_balanced,n20_phase2_M1_3way_balanced,20260531/n20_phase2_M1_3way_balanced/run_7.json,3way-balanced,n20_phase2_M1_3way_balanced,50,20,51.8750341796875,50.88875198364258,58.7666399002075,66.74483169555664,50.10979080200195,67.73497772216797,50
20260531,n20_phase2_M1_3way_balanced,n20_phase2_M1_3way_balanced,20260531/n20_phase2_M1_3way_balanced/run_8.json,3way-balanced,n20_phase2_M1_3way_balanced,50,20,53.190230255126956,50.93534278869629,67.06118774414062,79.59340438842773,50.85023880004883,80.47929382324219,50
20260531,n20_phase2_M1_3way_balanced,n20_phase2_M1_3way_balanced,20260531/n20_phase2_M1_3way_balanced/run_9.json,3way-balanced,n20_phase2_M1_3way_balanced,50,20,53.08877754211426,51.09347152709961,65.40066833496093,79.75000335693355,50.88243103027344,92.36540985107422,50
20260531,n20_phase2_M2_3way_L1small,n20_phase2_M2_3way_L1small,20260531/n20_phase2_M2_3way_L1small/run_1.json,3way-L1small,n20_phase2_M2_3way_L1small,50,20,69.01655868530274,67.93160247802734,77.50069961547847,84.6259130859375,67.80364990234375,84.6646728515625,50
20260531,n20_phase2_M2_3way_L1small,n20_phase2_M2_3way_L1small,20260531/n20_phase2_M2_3way_L1small/run_10.json,3way-L1small,n20_phase2_M2_3way_L1small,50,20,64.79469619750977,63.83707237243652,70.98011817932127,80.25280387878418,63.646881103515625,80.52047729492188,50
20260531,n20_phase2_M2_3way_L1small,n20_phase2_M2_3way_L1small,20260531/n20_phase2_M2_3way_L1small/run_11.json,3way-L1small,n20_phase2_M2_3way_L1small,50,20,65.99218940734863,63.80054473876953,78.93302917480469,87.00013595581052,62.9304313659668,93.75312042236328,50
20260531,n20_phase2_M2_3way_L1small,n20_phase2_M2_3way_L1small,20260531/n20_phase2_M2_3way_L1small/run_12.json,3way-L1small,n20_phase2_M2_3way_L1small,50,20,68.01075325012206,67.0658073425293,75.54803924560545,80.78206466674804,63.53715133666992,81.87583923339844,50
20260531,n20_phase2_M2_3way_L1small,n20_phase2_M2_3way_L1small,20260531/n20_phase2_M2_3way_L1small/run_13.json,3way-L1small,n20_phase2_M2_3way_L1small,50,20,66.26301528930664,64.09407806396484,79.22475776672363,92.24466201782222,63.889312744140625,102.27305603027344,50
20260531,n20_phase2_M2_3way_L1small,n20_phase2_M2_3way_L1small,20260531/n20_phase2_M2_3way_L1small/run_14.json,3way-L1small,n20_phase2_M2_3way_L1small,50,20,65.09880836486816,64.09466934204102,73.00485382080075,80.05577926635742,63.27305603027344,80.27862548828125,50
20260531,n20_phase2_M2_3way_L1small,n20_phase2_M2_3way_L1small,20260531/n20_phase2_M2_3way_L1small/run_15.json,3way-L1small,n20_phase2_M2_3way_L1small,50,20,66.23629188537598,64.07575988769531,80.86762580871581,84.52904716491699,63.89561462402344,86.70732879638672,50
20260531,n20_phase2_M2_3way_L1small,n20_phase2_M2_3way_L1small,20260531/n20_phase2_M2_3way_L1small/run_16.json,3way-L1small,n20_phase2_M2_3way_L1small,50,20,65.45041763305665,64.2123031616211,76.4788909912109,82.61482093811034,63.540958404541016,83.50019073486328,50
20260531,n20_phase2_M2_3way_L1small,n20_phase2_M2_3way_L1small,20260531/n20_phase2_M2_3way_L1small/run_17.json,3way-L1small,n20_phase2_M2_3way_L1small,50,20,66.57882133483886,64.30020904541016,80.88415870666503,97.22245735168457,63.48495864868164,97.9889907836914,50
20260531,n20_phase2_M2_3way_L1small,n20_phase2_M2_3way_L1small,20260531/n20_phase2_M2_3way_L1small/run_18.json,3way-L1small,n20_phase2_M2_3way_L1small,50,20,66.03003036499024,63.834049224853516,82.75985527038574,84.87533447265625,63.337825775146484,85.21135711669922,50
20260531,n20_phase2_M2_3way_L1small,n20_phase2_M2_3way_L1small,20260531/n20_phase2_M2_3way_L1small/run_19.json,3way-L1small,n20_phase2_M2_3way_L1small,50,20,65.85221954345702,63.80975914001465,79.33445739746094,86.9469819641113,63.59856033325195,93.74931335449219,50
20260531,n20_phase2_M2_3way_L1small,n20_phase2_M2_3way_L1small,20260531/n20_phase2_M2_3way_L1small/run_2.json,3way-L1small,n20_phase2_M2_3way_L1small,50,20,65.30301002502442,64.24686431884766,73.4522552490234,82.25857063293456,63.9700813293457,83.75724792480469,50
20260531,n20_phase2_M2_3way_L1small,n20_phase2_M2_3way_L1small,20260531/n20_phase2_M2_3way_L1small/run_20.json,3way-L1small,n20_phase2_M2_3way_L1small,50,20,65.95318153381348,63.65044975280762,76.61041259765625,100.2085372924804,63.363521575927734,115.81689453125,50
20260531,n20_phase2_M2_3way_L1small,n20_phase2_M2_3way_L1small,20260531/n20_phase2_M2_3way_L1small/run_3.json,3way-L1small,n20_phase2_M2_3way_L1small,50,20,64.99681587219239,64.14390182495117,71.24001426696775,78.79684440612793,63.49055862426758,79.38470458984375,50
20260531,n20_phase2_M2_3way_L1small,n20_phase2_M2_3way_L1small,20260531/n20_phase2_M2_3way_L1small/run_4.json,3way-L1small,n20_phase2_M2_3way_L1small,50,20,64.97222198486328,63.9923210144043,71.64433288574216,80.00741096496581,63.19145584106445,81.30496215820312,50
20260531,n20_phase2_M2_3way_L1small,n20_phase2_M2_3way_L1small,20260531/n20_phase2_M2_3way_L1small/run_5.json,3way-L1small,n20_phase2_M2_3way_L1small,50,20,65.04099601745605,64.07577514648438,72.90868873596187,80.43558364868164,63.25788879394531,81.19142150878906,50
20260531,n20_phase2_M2_3way_L1small,n20_phase2_M2_3way_L1small,20260531/n20_phase2_M2_3way_L1small/run_6.json,3way-L1small,n20_phase2_M2_3way_L1small,50,20,64.89251670837402,63.79734420776367,73.13574371337889,81.73854301452636,63.57545471191406,82.74896240234375,50
20260531,n20_phase2_M2_3way_L1small,n20_phase2_M2_3way_L1small,20260531/n20_phase2_M2_3way_L1small/run_7.json,3way-L1small,n20_phase2_M2_3way_L1small,50,20,65.39998428344727,64.27613067626953,74.21307830810542,82.60263938903809,64.1654052734375,83.17411041259766,50
20260531,n20_phase2_M2_3way_L1small,n20_phase2_M2_3way_L1small,20260531/n20_phase2_M2_3way_L1small/run_8.json,3way-L1small,n20_phase2_M2_3way_L1small,50,20,64.98907470703125,64.12433242797852,70.90071640014645,79.0599829864502,63.97987365722656,79.64713287353516,50
20260531,n20_phase2_M2_3way_L1small,n20_phase2_M2_3way_L1small,20260531/n20_phase2_M2_3way_L1small/run_9.json,3way-L1small,n20_phase2_M2_3way_L1small,50,20,68.79434875488282,67.9134407043457,74.18872528076169,82.75873313903809,67.69149017333984,84.07807922363281,50
20260531,n20_phase2_M3_3way_asym,n20_phase2_M3_3way_asym,20260531/n20_phase2_M3_3way_asym/run_1.json,3way-asym,n20_phase2_M3_3way_asym,50,20,51.95524543762207,50.94468879699707,59.460891151428186,67.6789037322998,50.04470443725586,68.03919982910156,50
20260531,n20_phase2_M3_3way_asym,n20_phase2_M3_3way_asym,20260531/n20_phase2_M3_3way_asym/run_10.json,3way-asym,n20_phase2_M3_3way_asym,50,20,54.76222274780273,54.114030838012695,55.23101692199707,69.26088737487792,53.9923210144043,69.4117431640625,50
20260531,n20_phase2_M3_3way_asym,n20_phase2_M3_3way_asym,20260531/n20_phase2_M3_3way_asym/run_11.json,3way-asym,n20_phase2_M3_3way_asym,50,20,56.027936172485354,55.21156883239746,62.54063644409177,68.52335052490234,54.972415924072266,69.23312377929688,50
20260531,n20_phase2_M3_3way_asym,n20_phase2_M3_3way_asym,20260531/n20_phase2_M3_3way_asym/run_12.json,3way-asym,n20_phase2_M3_3way_asym,50,20,51.856912231445314,50.92665481567383,58.94445190429684,66.58631225585937,50.5621452331543,68.07536315917969,50
20260531,n20_phase2_M3_3way_asym,n20_phase2_M3_3way_asym,20260531/n20_phase2_M3_3way_asym/run_13.json,3way-asym,n20_phase2_M3_3way_asym,50,20,57.334145126342776,54.97769546508789,71.25947952270508,83.90659492492671,54.7367057800293,95.19235229492188,50
20260531,n20_phase2_M3_3way_asym,n20_phase2_M3_3way_asym,20260531/n20_phase2_M3_3way_asym/run_14.json,3way-asym,n20_phase2_M3_3way_asym,50,20,51.589035186767575,50.97694396972656,53.13064002990723,64.16660190582274,50.76028823852539,65.97583770751953,50
20260531,n20_phase2_M3_3way_asym,n20_phase2_M3_3way_asym,20260531/n20_phase2_M3_3way_asym/run_15.json,3way-asym,n20_phase2_M3_3way_asym,50,20,53.24782218933105,51.240543365478516,66.95162506103514,78.6974269866943,50.33241653442383,87.76703643798828,50
20260531,n20_phase2_M3_3way_asym,n20_phase2_M3_3way_asym,20260531/n20_phase2_M3_3way_asym/run_16.json,3way-asym,n20_phase2_M3_3way_asym,50,20,53.28160385131836,51.039663314819336,65.69162673950196,76.20189170837398,50.22969436645508,86.03421020507812,50
20260531,n20_phase2_M3_3way_asym,n20_phase2_M3_3way_asym,20260531/n20_phase2_M3_3way_asym/run_17.json,3way-asym,n20_phase2_M3_3way_asym,50,20,55.42160339355469,55.02755165100098,56.27000541687012,67.39676132202148,50.80799865722656,68.39913940429688,50
20260531,n20_phase2_M3_3way_asym,n20_phase2_M3_3way_asym,20260531/n20_phase2_M3_3way_asym/run_18.json,3way-asym,n20_phase2_M3_3way_asym,50,20,57.79199531555176,55.28020668029785,73.3316535949707,82.8246577453613,52.43939208984375,89.32332611083984,50
20260531,n20_phase2_M3_3way_asym,n20_phase2_M3_3way_asym,20260531/n20_phase2_M3_3way_asym/run_19.json,3way-asym,n20_phase2_M3_3way_asym,50,20,52.16852294921875,51.16406440734863,58.52456111907958,69.11764450073241,50.2652473449707,70.28959655761719,50
20260531,n20_phase2_M3_3way_asym,n20_phase2_M3_3way_asym,20260531/n20_phase2_M3_3way_asym/run_2.json,3way-asym,n20_phase2_M3_3way_asym,50,20,54.69241050720215,53.84087944030762,62.411347389221156,70.03454971313477,50.47856140136719,70.94429016113281,50
20260531,n20_phase2_M3_3way_asym,n20_phase2_M3_3way_asym,20260531/n20_phase2_M3_3way_asym/run_20.json,3way-asym,n20_phase2_M3_3way_asym,50,20,55.3613493347168,54.62286376953125,61.43380680084228,69.63236511230468,50.354496002197266,69.80633544921875,50
20260531,n20_phase2_M3_3way_asym,n20_phase2_M3_3way_asym,20260531/n20_phase2_M3_3way_asym/run_3.json,3way-asym,n20_phase2_M3_3way_asym,50,20,51.73822288513183,50.756736755371094,59.24912242889401,67.03420562744141,50.10566329956055,67.78502655029297,50
20260531,n20_phase2_M3_3way_asym,n20_phase2_M3_3way_asym,20260531/n20_phase2_M3_3way_asym/run_4.json,3way-asym,n20_phase2_M3_3way_asym,50,20,51.57255035400391,50.97056007385254,51.873833847045894,65.67533576965332,50.21110534667969,67.66944122314453,50
20260531,n20_phase2_M3_3way_asym,n20_phase2_M3_3way_asym,20260531/n20_phase2_M3_3way_asym/run_5.json,3way-asym,n20_phase2_M3_3way_asym,50,20,54.85499656677246,53.877023696899414,63.82205429077144,71.832890625,50.61619186401367,72.10079956054688,50
20260531,n20_phase2_M3_3way_asym,n20_phase2_M3_3way_asym,20260531/n20_phase2_M3_3way_asym/run_6.json,3way-asym,n20_phase2_M3_3way_asym,50,20,51.744002685546874,51.01456069946289,52.18108577728271,68.29326126098633,50.325984954833984,69.26985931396484,50
20260531,n20_phase2_M3_3way_asym,n20_phase2_M3_3way_asym,20260531/n20_phase2_M3_3way_asym/run_7.json,3way-asym,n20_phase2_M3_3way_asym,50,20,51.77247299194336,51.01595115661621,51.716104888916014,69.42245834350584,50.647422790527344,73.45113372802734,50
20260531,n20_phase2_M3_3way_asym,n20_phase2_M3_3way_asym,20260531/n20_phase2_M3_3way_asym/run_8.json,3way-asym,n20_phase2_M3_3way_asym,50,20,55.77808586120605,54.98539161682129,63.522940826416,70.09053436279297,50.9496955871582,70.53148651123047,50
20260531,n20_phase2_M3_3way_asym,n20_phase2_M3_3way_asym,20260531/n20_phase2_M3_3way_asym/run_9.json,3way-asym,n20_phase2_M3_3way_asym,50,20,56.180002517700196,55.201438903808594,63.59149837493893,71.6776528930664,54.986270904541016,73.50921630859375,50
20260531,n20_phase2_M4_4way_1L1_3AI,n20_phase2_M4_4way_1L1_3AI,20260531/n20_phase2_M4_4way_1L1_3AI/run_1.json,4way-1L1+3AI,n20_phase2_M4_4way_1L1_3AI,50,20,53.632039337158204,51.08559989929199,66.01744537353515,82.12255455017086,50.80144119262695,91.13919830322266,50
20260531,n20_phase2_M4_4way_1L1_3AI,n20_phase2_M4_4way_1L1_3AI,20260531/n20_phase2_M4_4way_1L1_3AI/run_10.json,4way-1L1+3AI,n20_phase2_M4_4way_1L1_3AI,50,20,52.23145416259766,50.91927909851074,61.23072357177733,73.26006553649903,50.08915328979492,73.4928970336914,50
20260531,n20_phase2_M4_4way_1L1_3AI,n20_phase2_M4_4way_1L1_3AI,20260531/n20_phase2_M4_4way_1L1_3AI/run_11.json,4way-1L1+3AI,n20_phase2_M4_4way_1L1_3AI,50,20,55.79544319152832,54.67822456359863,63.63755397796627,73.09067436218261,54.470176696777344,73.15885162353516,50
20260531,n20_phase2_M4_4way_1L1_3AI,n20_phase2_M4_4way_1L1_3AI,20260531/n20_phase2_M4_4way_1L1_3AI/run_12.json,4way-1L1+3AI,n20_phase2_M4_4way_1L1_3AI,50,20,52.03846916198731,50.973520278930664,60.75001258850094,68.40498352050781,50.19801712036133,68.65545654296875,50
20260531,n20_phase2_M4_4way_1L1_3AI,n20_phase2_M4_4way_1L1_3AI,20260531/n20_phase2_M4_4way_1L1_3AI/run_13.json,4way-1L1+3AI,n20_phase2_M4_4way_1L1_3AI,50,20,52.214170684814455,51.20817565917969,58.097277832031246,69.12636260986328,50.40038299560547,69.1912612915039,50
20260531,n20_phase2_M4_4way_1L1_3AI,n20_phase2_M4_4way_1L1_3AI,20260531/n20_phase2_M4_4way_1L1_3AI/run_14.json,4way-1L1+3AI,n20_phase2_M4_4way_1L1_3AI,50,20,52.73370567321777,51.57784080505371,62.1624467849731,71.44790298461913,51.0549430847168,72.28438568115234,50
20260531,n20_phase2_M4_4way_1L1_3AI,n20_phase2_M4_4way_1L1_3AI,20260531/n20_phase2_M4_4way_1L1_3AI/run_15.json,4way-1L1+3AI,n20_phase2_M4_4way_1L1_3AI,50,20,52.392641143798826,51.33345603942871,61.55368175506589,66.9544010925293,50.504703521728516,67.52684783935547,50
20260531,n20_phase2_M4_4way_1L1_3AI,n20_phase2_M4_4way_1L1_3AI,20260531/n20_phase2_M4_4way_1L1_3AI/run_16.json,4way-1L1+3AI,n20_phase2_M4_4way_1L1_3AI,50,20,52.58570167541504,51.48966407775879,61.54479999542235,68.54936973571778,50.638431549072266,69.52751922607422,50
20260531,n20_phase2_M4_4way_1L1_3AI,n20_phase2_M4_4way_1L1_3AI,20260531/n20_phase2_M4_4way_1L1_3AI/run_17.json,4way-1L1+3AI,n20_phase2_M4_4way_1L1_3AI,50,20,55.76423469543457,54.822256088256836,62.48626251220703,72.61472351074218,50.96352005004883,73.34559631347656,50
20260531,n20_phase2_M4_4way_1L1_3AI,n20_phase2_M4_4way_1L1_3AI,20260531/n20_phase2_M4_4way_1L1_3AI/run_18.json,4way-1L1+3AI,n20_phase2_M4_4way_1L1_3AI,50,20,52.31533874511719,51.2258415222168,60.547806167602495,70.24414085388183,50.27996826171875,71.22940826416016,50
20260531,n20_phase2_M4_4way_1L1_3AI,n20_phase2_M4_4way_1L1_3AI,20260531/n20_phase2_M4_4way_1L1_3AI/run_19.json,4way-1L1+3AI,n20_phase2_M4_4way_1L1_3AI,50,20,51.72432464599609,50.74454307556152,57.99497356414795,64.98047325134276,49.9040641784668,67.31401824951172,50
20260531,n20_phase2_M4_4way_1L1_3AI,n20_phase2_M4_4way_1L1_3AI,20260531/n20_phase2_M4_4way_1L1_3AI/run_2.json,4way-1L1+3AI,n20_phase2_M4_4way_1L1_3AI,50,20,52.190023498535155,51.18876838684082,59.66250782012936,68.26017448425293,50.88911819458008,68.90620422363281,50
20260531,n20_phase2_M4_4way_1L1_3AI,n20_phase2_M4_4way_1L1_3AI,20260531/n20_phase2_M4_4way_1L1_3AI/run_20.json,4way-1L1+3AI,n20_phase2_M4_4way_1L1_3AI,50,20,54.260404891967774,51.13340759277344,71.44026794433593,88.76801574707031,50.41571044921875,88.97264099121094,50
20260531,n20_phase2_M4_4way_1L1_3AI,n20_phase2_M4_4way_1L1_3AI,20260531/n20_phase2_M4_4way_1L1_3AI/run_3.json,4way-1L1+3AI,n20_phase2_M4_4way_1L1_3AI,50,20,57.521394958496096,54.859968185424805,74.18687744140625,87.1528971099853,50.60051345825195,98.94831848144531,50
20260531,n20_phase2_M4_4way_1L1_3AI,n20_phase2_M4_4way_1L1_3AI,20260531/n20_phase2_M4_4way_1L1_3AI/run_4.json,4way-1L1+3AI,n20_phase2_M4_4way_1L1_3AI,50,20,52.013712615966796,50.95734405517578,60.87732715606687,66.79298973083496,50.33222579956055,68.30115509033203,50
20260531,n20_phase2_M4_4way_1L1_3AI,n20_phase2_M4_4way_1L1_3AI,20260531/n20_phase2_M4_4way_1L1_3AI/run_5.json,4way-1L1+3AI,n20_phase2_M4_4way_1L1_3AI,50,20,54.082415390014646,51.32278251647949,68.61916580200194,85.77704521179194,50.505184173583984,99.17337799072266,50
20260531,n20_phase2_M4_4way_1L1_3AI,n20_phase2_M4_4way_1L1_3AI,20260531/n20_phase2_M4_4way_1L1_3AI/run_6.json,4way-1L1+3AI,n20_phase2_M4_4way_1L1_3AI,50,20,52.32876754760742,51.09636688232422,60.1656280517578,72.34979431152341,50.280670166015625,77.43897247314453,50
20260531,n20_phase2_M4_4way_1L1_3AI,n20_phase2_M4_4way_1L1_3AI,20260531/n20_phase2_M4_4way_1L1_3AI/run_7.json,4way-1L1+3AI,n20_phase2_M4_4way_1L1_3AI,50,20,51.997923583984374,51.23023986816406,52.57901229858398,69.47271423339842,50.4475212097168,72.18739318847656,50
20260531,n20_phase2_M4_4way_1L1_3AI,n20_phase2_M4_4way_1L1_3AI,20260531/n20_phase2_M4_4way_1L1_3AI/run_8.json,4way-1L1+3AI,n20_phase2_M4_4way_1L1_3AI,50,20,54.06569122314453,51.32963180541992,71.65259475708008,82.16327224731441,50.730751037597656,92.11804962158203,50
20260531,n20_phase2_M4_4way_1L1_3AI,n20_phase2_M4_4way_1L1_3AI,20260531/n20_phase2_M4_4way_1L1_3AI/run_9.json,4way-1L1+3AI,n20_phase2_M4_4way_1L1_3AI,50,20,52.330988845825196,51.23846435546875,60.59900093078609,69.1573819732666,50.64108657836914,70.28034973144531,50
20260531,n20_phase3_D1_L1_starved,n20_phase3_D1_L1_starved,20260531/n20_phase3_D1_L1_starved/run_1.json,split-40-60,n20_phase3_D1_L1_starved,50,20,66.20473274230957,64.181884765625,80.32027397155761,91.0127872467041,63.8941764831543,92.77938842773438,50
20260531,n20_phase3_D1_L1_starved,n20_phase3_D1_L1_starved,20260531/n20_phase3_D1_L1_starved/run_10.json,split-40-60,n20_phase3_D1_L1_starved,50,20,65.69858055114746,63.94955253601074,75.09036674499511,86.08153076171871,63.815425872802734,94.34467315673828,50
20260531,n20_phase3_D1_L1_starved,n20_phase3_D1_L1_starved,20260531/n20_phase3_D1_L1_starved/run_11.json,split-40-60,n20_phase3_D1_L1_starved,50,20,64.98485061645508,63.7152156829834,76.58714904785155,80.76870483398437,63.26553726196289,82.18319702148438,50
20260531,n20_phase3_D1_L1_starved,n20_phase3_D1_L1_starved,20260531/n20_phase3_D1_L1_starved/run_12.json,split-40-60,n20_phase3_D1_L1_starved,50,20,69.08799507141113,67.90660858154297,81.70116233825684,85.05426734924316,63.56790542602539,86.96063995361328,50
20260531,n20_phase3_D1_L1_starved,n20_phase3_D1_L1_starved,20260531/n20_phase3_D1_L1_starved/run_13.json,split-40-60,n20_phase3_D1_L1_starved,50,20,64.96268234252929,63.94993782043457,71.69747085571285,81.65874519348144,63.422943115234375,82.88365173339844,50
20260531,n20_phase3_D1_L1_starved,n20_phase3_D1_L1_starved,20260531/n20_phase3_D1_L1_starved/run_14.json,split-40-60,n20_phase3_D1_L1_starved,50,20,64.93509574890136,63.943695068359375,72.31378669738766,79.2645718383789,63.84086227416992,80.34233856201172,50
20260531,n20_phase3_D1_L1_starved,n20_phase3_D1_L1_starved,20260531/n20_phase3_D1_L1_starved/run_15.json,split-40-60,n20_phase3_D1_L1_starved,50,20,68.70164039611817,68.16961669921875,73.22675933837888,79.06255920410156,63.26572799682617,79.59481811523438,50
20260531,n20_phase3_D1_L1_starved,n20_phase3_D1_L1_starved,20260531/n20_phase3_D1_L1_starved/run_16.json,split-40-60,n20_phase3_D1_L1_starved,50,20,69.00330757141113,68.10897827148438,78.90968933105468,80.66180114746093,63.610591888427734,81.11923217773438,50
20260531,n20_phase3_D1_L1_starved,n20_phase3_D1_L1_starved,20260531/n20_phase3_D1_L1_starved/run_17.json,split-40-60,n20_phase3_D1_L1_starved,50,20,65.15746192932129,63.9832649230957,76.03022537231445,79.72850112915039,63.75788879394531,81.56409454345703,50
20260531,n20_phase3_D1_L1_starved,n20_phase3_D1_L1_starved,20260531/n20_phase3_D1_L1_starved/run_18.json,split-40-60,n20_phase3_D1_L1_starved,50,20,65.35130638122558,64.10526275634766,77.49594650268554,80.07594886779785,63.98704147338867,80.54297637939453,50
20260531,n20_phase3_D1_L1_starved,n20_phase3_D1_L1_starved,20260531/n20_phase3_D1_L1_starved/run_19.json,split-40-60,n20_phase3_D1_L1_starved,50,20,65.3526203918457,64.19091033935547,76.6175537109375,78.28838539123535,63.84748840332031,78.9290542602539,50
20260531,n20_phase3_D1_L1_starved,n20_phase3_D1_L1_starved,20260531/n20_phase3_D1_L1_starved/run_2.json,split-40-60,n20_phase3_D1_L1_starved,50,20,64.88358261108398,63.89694404602051,73.13245048522947,77.98787315368652,63.19091033935547,78.49443054199219,50
20260531,n20_phase3_D1_L1_starved,n20_phase3_D1_L1_starved,20260531/n20_phase3_D1_L1_starved/run_20.json,split-40-60,n20_phase3_D1_L1_starved,50,20,68.87340553283691,68.03392028808594,77.10106582641602,79.73825164794921,63.55820846557617,81.59852600097656,50
20260531,n20_phase3_D1_L1_starved,n20_phase3_D1_L1_starved,20260531/n20_phase3_D1_L1_starved/run_3.json,split-40-60,n20_phase3_D1_L1_starved,50,20,65.95719932556152,63.97817611694336,79.16407165527343,88.16402862548826,63.803199768066406,95.82198333740234,50
20260531,n20_phase3_D1_L1_starved,n20_phase3_D1_L1_starved,20260531/n20_phase3_D1_L1_starved/run_4.json,split-40-60,n20_phase3_D1_L1_starved,50,20,69.73100219726562,68.10134506225586,80.78288688659667,84.37841201782226,67.85481262207031,85.43571472167969,50
20260531,n20_phase3_D1_L1_starved,n20_phase3_D1_L1_starved,20260531/n20_phase3_D1_L1_starved/run_5.json,split-40-60,n20_phase3_D1_L1_starved,50,20,64.62068840026855,63.67512130737305,71.05254592895506,79.42857490539551,62.875518798828125,80.62249755859375,50
20260531,n20_phase3_D1_L1_starved,n20_phase3_D1_L1_starved,20260531/n20_phase3_D1_L1_starved/run_6.json,split-40-60,n20_phase3_D1_L1_starved,50,20,70.22964385986329,68.00403213500977,84.78629188537596,90.16246932983397,67.74076843261719,93.52934265136719,50
20260531,n20_phase3_D1_L1_starved,n20_phase3_D1_L1_starved,20260531/n20_phase3_D1_L1_starved/run_7.json,split-40-60,n20_phase3_D1_L1_starved,50,20,69.5473583984375,67.95572662353516,79.34267845153808,86.91920707702636,63.517822265625,90.33155059814453,50
20260531,n20_phase3_D1_L1_starved,n20_phase3_D1_L1_starved,20260531/n20_phase3_D1_L1_starved/run_8.json,split-40-60,n20_phase3_D1_L1_starved,50,20,65.16369201660156,64.07510375976562,73.05377922058102,82.27268272399903,63.28134536743164,82.46841430664062,50
20260531,n20_phase3_D1_L1_starved,n20_phase3_D1_L1_starved,20260531/n20_phase3_D1_L1_starved/run_9.json,split-40-60,n20_phase3_D1_L1_starved,50,20,65.66381324768066,63.670894622802734,78.62112655639648,87.0416142272949,62.87648010253906,91.37459564208984,50
20260531,n20_phase3_D2_L1_boosted,n20_phase3_D2_L1_boosted,20260531/n20_phase3_D2_L1_boosted/run_1.json,split-60-40,n20_phase3_D2_L1_boosted,50,20,51.7625252532959,51.18934440612793,52.72959613800049,64.50346054077148,50.569313049316406,65.78482818603516,50
20260531,n20_phase3_D2_L1_boosted,n20_phase3_D2_L1_boosted,20260531/n20_phase3_D2_L1_boosted/run_10.json,split-60-40,n20_phase3_D2_L1_boosted,50,20,53.162320098876954,51.040815353393555,66.83140754699707,82.56495780944823,50.248416900634766,83.89756774902344,50
20260531,n20_phase3_D2_L1_boosted,n20_phase3_D2_L1_boosted,20260531/n20_phase3_D2_L1_boosted/run_11.json,split-60-40,n20_phase3_D2_L1_boosted,50,20,52.88776710510254,50.96345520019531,66.98871994018553,78.04255317687985,50.206783294677734,86.07190704345703,50
20260531,n20_phase3_D2_L1_boosted,n20_phase3_D2_L1_boosted,20260531/n20_phase3_D2_L1_boosted/run_12.json,split-60-40,n20_phase3_D2_L1_boosted,50,20,53.25355010986328,50.95982360839844,66.24752883911133,83.26283454895014,50.79481506347656,96.51725006103516,50
20260531,n20_phase3_D2_L1_boosted,n20_phase3_D2_L1_boosted,20260531/n20_phase3_D2_L1_boosted/run_13.json,split-60-40,n20_phase3_D2_L1_boosted,50,20,51.94437957763672,51.03683090209961,59.65413169860837,66.27478385925293,50.19398498535156,66.669921875,50
20260531,n20_phase3_D2_L1_boosted,n20_phase3_D2_L1_boosted,20260531/n20_phase3_D2_L1_boosted/run_14.json,split-60-40,n20_phase3_D2_L1_boosted,50,20,51.95427787780762,51.25913619995117,53.578286170959466,66.39787353515625,51.09564971923828,66.92950439453125,50
20260531,n20_phase3_D2_L1_boosted,n20_phase3_D2_L1_boosted,20260531/n20_phase3_D2_L1_boosted/run_15.json,split-60-40,n20_phase3_D2_L1_boosted,50,20,51.88246704101562,50.85118293762207,60.65890445709224,67.49206817626953,50.202335357666016,67.60211181640625,50
20260531,n20_phase3_D2_L1_boosted,n20_phase3_D2_L1_boosted,20260531/n20_phase3_D2_L1_boosted/run_16.json,split-60-40,n20_phase3_D2_L1_boosted,50,20,53.12664115905762,50.993247985839844,65.54352416992188,72.21603088378906,50.75462341308594,73.23347473144531,50
20260531,n20_phase3_D2_L1_boosted,n20_phase3_D2_L1_boosted,20260531/n20_phase3_D2_L1_boosted/run_17.json,split-60-40,n20_phase3_D2_L1_boosted,50,20,56.74485237121582,54.74691200256348,67.7507553100586,85.53802223205561,50.52204895019531,98.55744171142578,50
20260531,n20_phase3_D2_L1_boosted,n20_phase3_D2_L1_boosted,20260531/n20_phase3_D2_L1_boosted/run_18.json,split-60-40,n20_phase3_D2_L1_boosted,50,20,56.82038825988769,54.9368953704834,69.71603736877441,83.6259279632568,54.701087951660156,93.4366683959961,50
20260531,n20_phase3_D2_L1_boosted,n20_phase3_D2_L1_boosted,20260531/n20_phase3_D2_L1_boosted/run_19.json,split-60-40,n20_phase3_D2_L1_boosted,50,20,52.1056559753418,51.27849769592285,58.86808490753171,65.61554870605468,50.35356903076172,67.02425384521484,50
20260531,n20_phase3_D2_L1_boosted,n20_phase3_D2_L1_boosted,20260531/n20_phase3_D2_L1_boosted/run_2.json,split-60-40,n20_phase3_D2_L1_boosted,50,20,51.917945022583005,51.22452735900879,52.154172515869135,68.45654335021972,50.28607940673828,71.2209243774414,50
20260531,n20_phase3_D2_L1_boosted,n20_phase3_D2_L1_boosted,20260531/n20_phase3_D2_L1_boosted/run_20.json,split-60-40,n20_phase3_D2_L1_boosted,50,20,55.87438552856445,55.11467361450195,62.21666183471677,67.53482986450194,54.8870735168457,68.0481948852539,50
20260531,n20_phase3_D2_L1_boosted,n20_phase3_D2_L1_boosted,20260531/n20_phase3_D2_L1_boosted/run_3.json,split-60-40,n20_phase3_D2_L1_boosted,50,20,54.72159950256348,53.76715087890625,61.75197105407712,69.53410469055176,53.49913787841797,70.0472640991211,50
20260531,n20_phase3_D2_L1_boosted,n20_phase3_D2_L1_boosted,20260531/n20_phase3_D2_L1_boosted/run_4.json,split-60-40,n20_phase3_D2_L1_boosted,50,20,56.942528839111326,54.86800003051758,66.35544128417969,81.08816703796383,50.79804611206055,91.32044982910156,50
20260531,n20_phase3_D2_L1_boosted,n20_phase3_D2_L1_boosted,20260531/n20_phase3_D2_L1_boosted/run_5.json,split-60-40,n20_phase3_D2_L1_boosted,50,20,56.71095352172851,55.021535873413086,70.02423706054688,81.06147102355953,50.93305587768555,89.48470306396484,50
20260531,n20_phase3_D2_L1_boosted,n20_phase3_D2_L1_boosted,20260531/n20_phase3_D2_L1_boosted/run_6.json,split-60-40,n20_phase3_D2_L1_boosted,50,20,53.26267951965332,50.98036766052246,67.13266639709472,77.33055381774899,50.45872116088867,84.86524963378906,50
20260531,n20_phase3_D2_L1_boosted,n20_phase3_D2_L1_boosted,20260531/n20_phase3_D2_L1_boosted/run_7.json,split-60-40,n20_phase3_D2_L1_boosted,50,20,51.91739128112793,50.876495361328125,59.800747489929165,68.04203147888184,50.60316848754883,68.62060546875,50
20260531,n20_phase3_D2_L1_boosted,n20_phase3_D2_L1_boosted,20260531/n20_phase3_D2_L1_boosted/run_8.json,split-60-40,n20_phase3_D2_L1_boosted,50,20,51.728152160644534,51.021087646484375,56.70074367523191,63.44501972198486,50.36454391479492,63.54198455810547,50
20260531,n20_phase3_D2_L1_boosted,n20_phase3_D2_L1_boosted,20260531/n20_phase3_D2_L1_boosted/run_9.json,split-60-40,n20_phase3_D2_L1_boosted,50,20,54.75600051879883,53.794368743896484,62.045807838439906,69.96178825378416,53.53539276123047,72.32147216796875,50
20260531,n20_phase4_chanpred,n20_phase4_chanpred,20260531/n20_phase4_chanpred/run_1.json,split-50-50,n20_phase4_chanpred,50,20,55.20916046142578,54.69761657714844,57.46062107086181,64.05554981231688,54.62656021118164,66.19420623779297,50
20260531,n20_phase4_chanpred,n20_phase4_chanpred,20260531/n20_phase4_chanpred/run_10.json,split-50-50,n20_phase4_chanpred,50,20,53.77537101745605,51.51268768310547,68.93796806335449,73.93079956054686,50.77471923828125,76.12739562988281,50
20260531,n20_phase4_chanpred,n20_phase4_chanpred,20260531/n20_phase4_chanpred/run_11.json,split-50-50,n20_phase4_chanpred,50,20,56.86972892761231,55.03846549987793,63.84953784942625,89.32755088806147,54.7949104309082,105.18931579589844,50
20260531,n20_phase4_chanpred,n20_phase4_chanpred,20260531/n20_phase4_chanpred/run_12.json,split-50-50,n20_phase4_chanpred,50,20,55.66175056457519,53.92734336853027,66.12958183288575,76.27993530273434,53.63644790649414,84.51663970947266,50
20260531,n20_phase4_chanpred,n20_phase4_chanpred,20260531/n20_phase4_chanpred/run_13.json,split-50-50,n20_phase4_chanpred,50,20,52.11878593444824,51.50051307678223,52.778785705566406,65.39184524536132,51.22963333129883,66.42623901367188,50
20260531,n20_phase4_chanpred,n20_phase4_chanpred,20260531/n20_phase4_chanpred/run_14.json,split-50-50,n20_phase4_chanpred,50,20,51.84454734802246,51.10268783569336,52.65357913970947,67.67285408020018,50.93689727783203,70.06275177001953,50
20260531,n20_phase4_chanpred,n20_phase4_chanpred,20260531/n20_phase4_chanpred/run_15.json,split-50-50,n20_phase4_chanpred,50,20,51.91386161804199,51.03715133666992,59.06019515991208,65.2528498840332,50.32060623168945,65.97344207763672,50
20260531,n20_phase4_chanpred,n20_phase4_chanpred,20260531/n20_phase4_chanpred/run_16.json,split-50-50,n20_phase4_chanpred,50,20,53.0071573638916,51.27519989013672,64.8598237991333,73.44438659667966,50.3342399597168,78.82044982910156,50
20260531,n20_phase4_chanpred,n20_phase4_chanpred,20260531/n20_phase4_chanpred/run_17.json,split-50-50,n20_phase4_chanpred,50,20,53.1852262878418,51.516143798828125,62.82231998443603,73.34976463317868,51.331871032714844,81.6220474243164,50
20260531,n20_phase4_chanpred,n20_phase4_chanpred,20260531/n20_phase4_chanpred/run_18.json,split-50-50,n20_phase4_chanpred,50,20,53.4268473815918,51.121952056884766,67.94883804321289,73.60844970703124,50.42291259765625,77.35609436035156,50
20260531,n20_phase4_chanpred,n20_phase4_chanpred,20260531/n20_phase4_chanpred/run_19.json,split-50-50,n20_phase4_chanpred,50,20,51.7366886138916,51.22022247314453,54.57531814575194,60.288624076843256,50.3614387512207,62.57401657104492,50
20260531,n20_phase4_chanpred,n20_phase4_chanpred,20260531/n20_phase4_chanpred/run_2.json,split-50-50,n20_phase4_chanpred,50,20,55.84091438293457,54.91720008850098,63.214234733581506,69.60154800415039,54.64006423950195,70.08271789550781,50
20260531,n20_phase4_chanpred,n20_phase4_chanpred,20260531/n20_phase4_chanpred/run_20.json,split-50-50,n20_phase4_chanpred,50,20,51.97099357604981,51.208784103393555,52.52178134918213,69.06520538330076,50.652671813964844,71.52941131591797,50
20260531,n20_phase4_chanpred,n20_phase4_chanpred,20260531/n20_phase4_chanpred/run_3.json,split-50-50,n20_phase4_chanpred,50,20,52.397815475463865,51.58932876586914,58.62395133972165,64.55620922088623,50.777313232421875,65.25331115722656,50
20260531,n20_phase4_chanpred,n20_phase4_chanpred,20260531/n20_phase4_chanpred/run_4.json,split-50-50,n20_phase4_chanpred,50,20,54.61631172180176,54.00760078430176,55.35080146789551,70.23385818481444,50.60297775268555,73.3001937866211,50
20260531,n20_phase4_chanpred,n20_phase4_chanpred,20260531/n20_phase4_chanpred/run_5.json,split-50-50,n20_phase4_chanpred,50,20,55.75963134765625,55.07611274719238,62.672697830200185,66.7892928314209,51.06447982788086,68.58211517333984,50
20260531,n20_phase4_chanpred,n20_phase4_chanpred,20260531/n20_phase4_chanpred/run_6.json,split-50-50,n20_phase4_chanpred,50,20,55.560372543334964,54.94980812072754,56.200103187561034,72.70267570495605,50.72492980957031,72.93094635009766,50
20260531,n20_phase4_chanpred,n20_phase4_chanpred,20260531/n20_phase4_chanpred/run_7.json,split-50-50,n20_phase4_chanpred,50,20,56.14098358154297,54.82793617248535,64.49438285827632,77.596905670166,54.6769905090332,81.03123474121094,50
20260531,n20_phase4_chanpred,n20_phase4_chanpred,20260531/n20_phase4_chanpred/run_8.json,split-50-50,n20_phase4_chanpred,50,20,51.57854858398437,51.00918388366699,52.173060417175286,64.48473648071288,50.18547058105469,64.88227081298828,50
20260531,n20_phase4_chanpred,n20_phase4_chanpred,20260531/n20_phase4_chanpred/run_9.json,split-50-50,n20_phase4_chanpred,50,20,56.79784637451172,55.03592109680176,69.97950820922851,83.5547796630859,50.47190475463867,92.58006286621094,50
20260531,n20_phase4_neuralrx,n20_phase4_neuralrx,20260531/n20_phase4_neuralrx/run_1.json,split-50-50,n20_phase4_neuralrx,50,20,62.947198181152345,55.10963249206543,67.64024391174316,230.48684219360337,54.6987190246582,265.08441162109375,50
20260531,n20_phase4_neuralrx,n20_phase4_neuralrx,20260531/n20_phase4_neuralrx/run_10.json,split-50-50,n20_phase4_neuralrx,50,20,62.13795227050781,51.41980743408203,79.37875213623042,243.22860794067356,50.94105529785156,312.7027587890625,50
20260531,n20_phase4_neuralrx,n20_phase4_neuralrx,20260531/n20_phase4_neuralrx/run_11.json,split-50-50,n20_phase4_neuralrx,50,20,59.13300453186035,51.28950500488281,100.29625587463362,191.83465011596672,50.92115020751953,208.35699462890625,50
20260531,n20_phase4_neuralrx,n20_phase4_neuralrx,20260531/n20_phase4_neuralrx/run_12.json,split-50-50,n20_phase4_neuralrx,50,20,63.001212997436525,55.375505447387695,72.22371788024903,212.4287007141112,55.035423278808594,249.81036376953125,50
20260531,n20_phase4_neuralrx,n20_phase4_neuralrx,20260531/n20_phase4_neuralrx/run_13.json,split-50-50,n20_phase4_neuralrx,50,20,61.120876998901366,52.08684730529785,78.40408706665035,199.95696441650375,50.974334716796875,241.63763427734375,50
20260531,n20_phase4_neuralrx,n20_phase4_neuralrx,20260531/n20_phase4_neuralrx/run_14.json,split-50-50,n20_phase4_neuralrx,50,20,59.539166870117185,51.48495864868164,69.32397842407225,225.7530540466307,51.242305755615234,264.2007751464844,50
20260531,n20_phase4_neuralrx,n20_phase4_neuralrx,20260531/n20_phase4_neuralrx/run_15.json,split-50-50,n20_phase4_neuralrx,50,20,58.95081703186035,51.23609733581543,107.80869522094706,181.11610748291008,50.897151947021484,198.6411590576172,50
20260531,n20_phase4_neuralrx,n20_phase4_neuralrx,20260531/n20_phase4_neuralrx/run_16.json,split-50-50,n20_phase4_neuralrx,50,20,58.6399585723877,51.063472747802734,105.0330551147459,183.59029571533202,50.08047866821289,187.0786895751953,50
20260531,n20_phase4_neuralrx,n20_phase4_neuralrx,20260531/n20_phase4_neuralrx/run_17.json,split-50-50,n20_phase4_neuralrx,50,20,62.655007934570314,55.019840240478516,113.46967010498022,184.73772033691398,50.99203109741211,208.7638702392578,50
20260531,n20_phase4_neuralrx,n20_phase4_neuralrx,20260531/n20_phase4_neuralrx/run_18.json,split-50-50,n20_phase4_neuralrx,50,20,59.69190132141113,51.17513656616211,109.50123710632303,175.29163696289058,50.208927154541016,188.3205108642578,50
20260531,n20_phase4_neuralrx,n20_phase4_neuralrx,20260531/n20_phase4_neuralrx/run_19.json,split-50-50,n20_phase4_neuralrx,50,20,59.28752716064453,51.3238410949707,99.11771812438948,184.15627227783202,50.54777526855469,186.53199768066406,50
20260531,n20_phase4_neuralrx,n20_phase4_neuralrx,20260531/n20_phase4_neuralrx/run_2.json,split-50-50,n20_phase4_neuralrx,50,20,59.43368766784668,51.39593505859375,110.87433815002423,183.74027908325195,50.98534393310547,184.8673553466797,50
20260531,n20_phase4_neuralrx,n20_phase4_neuralrx,20260531/n20_phase4_neuralrx/run_20.json,split-50-50,n20_phase4_neuralrx,50,20,61.285813903808595,52.19243240356445,107.72690200805646,191.80093811035147,50.757408142089844,211.66403198242188,50
20260531,n20_phase4_neuralrx,n20_phase4_neuralrx,20260531/n20_phase4_neuralrx/run_3.json,split-50-50,n20_phase4_neuralrx,50,20,61.194049987792965,52.52412796020508,104.18729896545393,185.42073654174803,51.04694366455078,190.2618865966797,50
20260531,n20_phase4_neuralrx,n20_phase4_neuralrx,20260531/n20_phase4_neuralrx/run_4.json,split-50-50,n20_phase4_neuralrx,50,20,59.089455184936526,51.25801467895508,106.87796783447244,184.09089950561523,50.946624755859375,186.37184143066406,50
20260531,n20_phase4_neuralrx,n20_phase4_neuralrx,20260531/n20_phase4_neuralrx/run_5.json,split-50-50,n20_phase4_neuralrx,50,20,59.292353515625,51.513566970825195,104.88777465820294,181.24283035278313,51.10563278198242,196.4391632080078,50
20260531,n20_phase4_neuralrx,n20_phase4_neuralrx,20260531/n20_phase4_neuralrx/run_6.json,split-50-50,n20_phase4_neuralrx,50,20,59.87037048339844,51.83720016479492,111.35919799804665,178.76463912963862,50.9356803894043,188.255615234375,50
20260531,n20_phase4_neuralrx,n20_phase4_neuralrx,20260531/n20_phase4_neuralrx/run_7.json,split-50-50,n20_phase4_neuralrx,50,20,59.39263603210449,51.04297637939453,80.95865402221672,204.9551481628418,50.71430587768555,205.07110595703125,50
20260531,n20_phase4_neuralrx,n20_phase4_neuralrx,20260531/n20_phase4_neuralrx/run_8.json,split-50-50,n20_phase4_neuralrx,50,20,58.8167064666748,51.307647705078125,78.21904754638665,200.9130209350585,50.4796142578125,217.9883575439453,50
20260531,n20_phase4_neuralrx,n20_phase4_neuralrx,20260531/n20_phase4_neuralrx/run_9.json,split-50-50,n20_phase4_neuralrx,50,20,63.21493301391602,55.39611053466797,84.86983985900875,210.12157409667967,54.54777526855469,218.37184143066406,50
20260531,n20_phase4_xapp,n20_phase4_xapp,20260531/n20_phase4_xapp/run_1.json,split-50-50,n20_phase4_xapp,50,20,51.65289543151855,50.940895080566406,52.49255313873291,67.20842006683347,50.67091369628906,72.16265869140625,50
20260531,n20_phase4_xapp,n20_phase4_xapp,20260531/n20_phase4_xapp/run_10.json,split-50-50,n20_phase4_xapp,50,20,54.473482284545895,53.73788833618164,60.89060192108151,67.76632179260253,50.295711517333984,69.50835418701172,50
20260531,n20_phase4_xapp,n20_phase4_xapp,20260531/n20_phase4_xapp/run_11.json,split-50-50,n20_phase4_xapp,50,20,51.64547393798828,51.04648017883301,52.443115615844725,64.90285091400146,50.12355041503906,67.07849884033203,50
20260531,n20_phase4_xapp,n20_phase4_xapp,20260531/n20_phase4_xapp/run_12.json,split-50-50,n20_phase4_xapp,50,20,54.85956489562988,53.98852729797363,55.37999649047851,74.65842247009277,53.71894454956055,74.87123107910156,50
20260531,n20_phase4_xapp,n20_phase4_xapp,20260531/n20_phase4_xapp/run_13.json,split-50-50,n20_phase4_xapp,50,20,51.96507354736328,51.07158279418945,58.54528255462643,66.28971855163574,50.30316925048828,66.89440155029297,50
20260531,n20_phase4_xapp,n20_phase4_xapp,20260531/n20_phase4_xapp/run_14.json,split-50-50,n20_phase4_xapp,50,20,52.14499519348144,51.25022506713867,58.6466758728027,66.50776298522949,50.36406326293945,68.1418228149414,50
20260531,n20_phase4_xapp,n20_phase4_xapp,20260531/n20_phase4_xapp/run_15.json,split-50-50,n20_phase4_xapp,50,20,51.6796907043457,51.00278282165527,52.5726900100708,65.73187789916992,50.84620666503906,66.3201904296875,50
20260531,n20_phase4_xapp,n20_phase4_xapp,20260531/n20_phase4_xapp/run_16.json,split-50-50,n20_phase4_xapp,50,20,52.04149948120117,51.450096130371094,52.571127319335936,65.87828231811523,50.71593475341797,66.60249328613281,50
20260531,n20_phase4_xapp,n20_phase4_xapp,20260531/n20_phase4_xapp/run_17.json,split-50-50,n20_phase4_xapp,50,20,52.3356795501709,51.64489555358887,55.514705276489245,64.58665229797361,51.5250244140625,67.70829010009766,50
20260531,n20_phase4_xapp,n20_phase4_xapp,20260531/n20_phase4_xapp/run_18.json,split-50-50,n20_phase4_xapp,50,20,53.85295768737793,51.382192611694336,71.93424530029297,75.19493591308593,50.53635025024414,77.96832275390625,50
20260531,n20_phase4_xapp,n20_phase4_xapp,20260531/n20_phase4_xapp/run_19.json,split-50-50,n20_phase4_xapp,50,20,53.4116845703125,51.453887939453125,62.47774124145508,74.93615638732906,51.371585845947266,83.58659362792969,50
20260531,n20_phase4_xapp,n20_phase4_xapp,20260531/n20_phase4_xapp/run_2.json,split-50-50,n20_phase4_xapp,50,20,54.5166284942627,53.88918495178223,58.07866477966307,67.6749420928955,50.54975891113281,68.50505828857422,50
20260531,n20_phase4_xapp,n20_phase4_xapp,20260531/n20_phase4_xapp/run_20.json,split-50-50,n20_phase4_xapp,50,20,53.13395126342773,51.052080154418945,69.41579513549804,75.85091743469236,50.30214309692383,80.11529541015625,50
20260531,n20_phase4_xapp,n20_phase4_xapp,20260531/n20_phase4_xapp/run_3.json,split-50-50,n20_phase4_xapp,50,20,52.173277587890624,51.1123046875,59.18661689758301,68.14367248535156,50.448448181152344,69.63433837890625,50
20260531,n20_phase4_xapp,n20_phase4_xapp,20260531/n20_phase4_xapp/run_4.json,split-50-50,n20_phase4_xapp,50,20,52.29340873718262,51.43111991882324,58.96204681396482,65.73350502014159,50.622398376464844,66.74566650390625,50
20260531,n20_phase4_xapp,n20_phase4_xapp,20260531/n20_phase4_xapp/run_5.json,split-50-50,n20_phase4_xapp,50,20,51.646431579589844,50.954193115234375,51.28585376739502,68.76196640014648,50.126590728759766,69.02681732177734,50
20260531,n20_phase4_xapp,n20_phase4_xapp,20260531/n20_phase4_xapp/run_6.json,split-50-50,n20_phase4_xapp,50,20,54.77849243164062,54.19009590148926,55.9904239654541,69.75152366638181,50.826881408691406,73.38009643554688,50
20260531,n20_phase4_xapp,n20_phase4_xapp,20260531/n20_phase4_xapp/run_7.json,split-50-50,n20_phase4_xapp,50,20,52.13120445251465,51.22768020629883,59.56698722839354,64.21543605804443,50.90643310546875,64.65353393554688,50
20260531,n20_phase4_xapp,n20_phase4_xapp,20260531/n20_phase4_xapp/run_8.json,split-50-50,n20_phase4_xapp,50,20,55.34723388671875,54.7370719909668,55.57005805969238,71.53979988098143,52.223873138427734,73.21017456054688,50
20260531,n20_phase4_xapp,n20_phase4_xapp,20260531/n20_phase4_xapp/run_9.json,split-50-50,n20_phase4_xapp,50,20,52.43874946594238,51.58254432678223,52.90666122436523,71.65971908569335,51.069278717041016,71.9784927368164,50
20260531,n2_sanity_post_reboot,n2_sanity_post_reboot,20260531/n2_sanity_post_reboot/run_1.json,split-50-50,n2_sanity_post_reboot,50,20,51.07186218261719,51.020591735839844,51.23246803283691,52.48976963043213,50.32060623168945,52.596065521240234,50
20260531,n2_sanity_post_reboot,n2_sanity_post_reboot,20260531/n2_sanity_post_reboot/run_2.json,split-50-50,n2_sanity_post_reboot,50,20,55.45981819152832,55.386465072631836,55.83620357513428,56.87711322784424,55.09308624267578,56.99440002441406,50
20260601,F_saturation,F_saturation,20260601/F_saturation/realL1_F_0_alone_run10_20260531_180047.json,F_0_alone_run10,F_0_alone,100,20,43.87891830444336,44.03675079345703,44.34219970703125,45.7832251739502,39.69161605834961,46.32432174682617,100
20260601,F_saturation,F_saturation,20260601/F_saturation/realL1_F_0_alone_run1_20260531_175918.json,F_0_alone_run1,F_0_alone,100,20,43.702027549743654,43.81300735473633,44.23713760375976,45.2621887588501,39.753055572509766,46.20111846923828,100
20260601,F_saturation,F_saturation,20260601/F_saturation/realL1_F_0_alone_run2_20260531_175928.json,F_0_alone_run2,F_0_alone,100,20,44.8641349029541,44.228559494018555,51.46460552215576,60.294833450317405,40.270782470703125,65.12761688232422,100
20260601,F_saturation,F_saturation,20260601/F_saturation/realL1_F_0_alone_run3_20260531_175938.json,F_0_alone_run3,F_0_alone,100,20,43.59751029968262,42.97636795043945,50.09751815795898,60.961952743530276,39.982112884521484,62.001312255859375,100
20260601,F_saturation,F_saturation,20260601/F_saturation/realL1_F_0_alone_run4_20260531_175948.json,F_0_alone_run4,F_0_alone,100,20,40.960485763549805,40.17902374267578,46.03163032531737,57.66984073638918,39.434017181396484,62.04336166381836,100
20260601,F_saturation,F_saturation,20260601/F_saturation/realL1_F_0_alone_run5_20260531_175958.json,F_0_alone_run5,F_0_alone,100,20,44.56915493011475,43.82089614868164,48.35883808135985,60.769771995544446,39.711551666259766,62.896766662597656,100
20260601,F_saturation,F_saturation,20260601/F_saturation/realL1_F_0_alone_run6_20260531_180008.json,F_0_alone_run6,F_0_alone,100,20,44.531755981445315,43.87052917480469,50.56894035339354,59.583158721923844,39.48681640625,63.063838958740234,100
20260601,F_saturation,F_saturation,20260601/F_saturation/realL1_F_0_alone_run7_20260531_180017.json,F_0_alone_run7,F_0_alone,100,20,40.120298042297364,40.1813907623291,40.978102684020996,41.793041992187504,39.597984313964844,42.52048110961914,100
20260601,F_saturation,F_saturation,20260601/F_saturation/realL1_F_0_alone_run8_20260531_180027.json,F_0_alone_run8,F_0_alone,100,20,45.025210494995115,44.26230430603027,50.399728584289534,59.23540889739993,40.62527847290039,63.55503845214844,100
20260601,F_saturation,F_saturation,20260601/F_saturation/realL1_F_0_alone_run9_20260531_180037.json,F_0_alone_run9,F_0_alone,100,20,43.77446678161621,43.92198371887207,44.259721946716304,45.36846126556397,39.870208740234375,46.690975189208984,100
20260601,F_saturation,F_saturation,20260601/F_saturation/realL1_F_B_D2D_sz1024_str1_run1_20260531_180940.json,F_B_D2D_sz1024_str1_run1,F_B_D2D_sz1024_str1,100,20,44.02500270843506,44.16334342956543,44.55911178588867,45.83066719055176,39.695838928222656,46.07894515991211,100
20260601,F_saturation,F_saturation,20260601/F_saturation/realL1_F_B_D2D_sz1024_str1_run2_20260531_180950.json,F_B_D2D_sz1024_str1_run2,F_B_D2D_sz1024_str1,100,20,44.160497436523436,44.309791564941406,44.762701988220215,45.86843914031982,40.41667175292969,46.00368118286133,100
20260601,F_saturation,F_saturation,20260601/F_saturation/realL1_F_B_D2D_sz1024_str1_run3_20260531_181000.json,F_B_D2D_sz1024_str1_run3,F_B_D2D_sz1024_str1,100,20,39.839435997009275,39.93124771118164,40.27237529754639,41.40831268310547,39.275840759277344,41.52150344848633,100
20260601,F_saturation,F_saturation,20260601/F_saturation/realL1_F_B_D2D_sz1024_str1_run4_20260531_181010.json,F_B_D2D_sz1024_str1_run4,F_B_D2D_sz1024_str1,100,20,40.16389064788818,40.260799407958984,40.889380836486815,41.50628299713135,39.69071960449219,42.13471984863281,100
20260601,F_saturation,F_saturation,20260601/F_saturation/realL1_F_B_D2D_sz1024_str1_run5_20260531_181020.json,F_B_D2D_sz1024_str1_run5,F_B_D2D_sz1024_str1,100,20,43.95182231903076,44.0384635925293,44.516136169433594,45.42900009155274,43.50288009643555,46.44972610473633,100
20260601,F_saturation,F_saturation,20260601/F_saturation/realL1_F_B_D2D_sz1024_str4_run1_20260531_181038.json,F_B_D2D_sz1024_str4_run1,F_B_D2D_sz1024_str4,100,20,44.04818153381348,44.18355178833008,44.5071081161499,45.687113723754884,40.05171203613281,46.08732986450195,100
20260601,F_saturation,F_saturation,20260601/F_saturation/realL1_F_B_D2D_sz1024_str4_run2_20260531_181048.json,F_B_D2D_sz1024_str4_run2,F_B_D2D_sz1024_str4,100,20,43.122526512145996,43.26969528198242,43.58565063476563,44.7916484451294,40.292030334472656,45.82147216796875,100
20260601,F_saturation,F_saturation,20260601/F_saturation/realL1_F_B_D2D_sz1024_str4_run3_20260531_181058.json,F_B_D2D_sz1024_str4_run3,F_B_D2D_sz1024_str4,100,20,43.84702278137207,43.87979316711426,44.323568725585936,45.3421437072754,39.49091339111328,46.11177444458008,100
20260601,F_saturation,F_saturation,20260601/F_saturation/realL1_F_B_D2D_sz1024_str4_run4_20260531_181108.json,F_B_D2D_sz1024_str4_run4,F_B_D2D_sz1024_str4,100,20,43.775909690856935,43.86129570007324,44.220465087890624,45.28053779602051,39.6761589050293,46.42985534667969,100
20260601,F_saturation,F_saturation,20260601/F_saturation/realL1_F_B_D2D_sz1024_str4_run5_20260531_181118.json,F_B_D2D_sz1024_str4_run5,F_B_D2D_sz1024_str4,100,20,40.11796230316162,40.221473693847656,40.62024898529053,41.78035083770752,39.663551330566406,41.82124710083008,100
20260601,F_saturation,F_saturation,20260601/F_saturation/realL1_F_B_D2D_sz1024_str8_run1_20260531_181134.json,F_B_D2D_sz1024_str8_run1,F_B_D2D_sz1024_str8,100,20,40.109124641418454,40.06863975524902,40.965507125854494,42.40024246215821,39.468929290771484,44.014400482177734,100
20260601,F_saturation,F_saturation,20260601/F_saturation/realL1_F_B_D2D_sz1024_str8_run2_20260531_181144.json,F_B_D2D_sz1024_str8_run2,F_B_D2D_sz1024_str8,100,20,44.217080154418944,44.381343841552734,44.93723201751709,45.723141250610354,40.786590576171875,46.16089630126953,100
20260601,F_saturation,F_saturation,20260601/F_saturation/realL1_F_B_D2D_sz1024_str8_run3_20260531_181154.json,F_B_D2D_sz1024_str8_run3,F_B_D2D_sz1024_str8,100,20,44.00853832244873,44.07388877868652,44.84241485595703,45.678817214965825,40.72732925415039,46.654624938964844,100
20260601,F_saturation,F_saturation,20260601/F_saturation/realL1_F_B_D2D_sz1024_str8_run4_20260531_181204.json,F_B_D2D_sz1024_str8_run4,F_B_D2D_sz1024_str8,100,20,43.93416015625,44.06475067138672,44.88378257751465,45.85193126678467,39.63020706176758,45.99078369140625,100
20260601,F_saturation,F_saturation,20260601/F_saturation/realL1_F_B_D2D_sz1024_str8_run5_20260531_181214.json,F_B_D2D_sz1024_str8_run5,F_B_D2D_sz1024_str8,100,20,42.7858927154541,42.710689544677734,43.395358657836915,44.44771759033203,39.48704147338867,45.41129684448242,100
20260601,F_saturation,F_saturation,20260601/F_saturation/realL1_F_B_D2D_sz16_str1_run1_20260531_180103.json,F_B_D2D_sz16_str1_run1,F_B_D2D_sz16_str1,100,20,44.06247280120849,44.1463508605957,44.539577102661134,45.49517196655273,43.607200622558594,45.50172805786133,100
20260601,F_saturation,F_saturation,20260601/F_saturation/realL1_F_B_D2D_sz16_str1_run2_20260531_180113.json,F_B_D2D_sz16_str1_run2,F_B_D2D_sz16_str1,100,20,40.24694774627685,40.34031867980957,40.82140045166015,41.48351276397705,39.78518295288086,42.17007827758789,100
20260601,F_saturation,F_saturation,20260601/F_saturation/realL1_F_B_D2D_sz16_str1_run3_20260531_180123.json,F_B_D2D_sz16_str1_run3,F_B_D2D_sz16_str1,100,20,43.840711975097655,43.93137741088867,44.32163619995117,45.45872615814209,43.40137481689453,45.53852844238281,100
20260601,F_saturation,F_saturation,20260601/F_saturation/realL1_F_B_D2D_sz16_str1_run4_20260531_180133.json,F_B_D2D_sz16_str1_run4,F_B_D2D_sz16_str1,100,20,40.07228256225586,40.16513633728027,40.55148468017578,41.660915527343754,39.5203857421875,42.47062301635742,100
20260601,F_saturation,F_saturation,20260601/F_saturation/realL1_F_B_D2D_sz16_str1_run5_20260531_180143.json,F_B_D2D_sz16_str1_run5,F_B_D2D_sz16_str1,100,20,39.95726837158203,40.030351638793945,40.54888706207275,42.26030578613281,39.38560104370117,42.376094818115234,100
20260601,F_saturation,F_saturation,20260601/F_saturation/realL1_F_B_D2D_sz16_str4_run1_20260531_180200.json,F_B_D2D_sz16_str4_run1,F_B_D2D_sz16_str4,100,20,40.00558673858642,40.05886459350586,40.66142024993896,41.18489406585694,39.39664077758789,42.06553649902344,100
20260601,F_saturation,F_saturation,20260601/F_saturation/realL1_F_B_D2D_sz16_str4_run2_20260531_180210.json,F_B_D2D_sz16_str4_run2,F_B_D2D_sz16_str4,100,20,42.91594802856445,42.98908805847168,43.42776393890381,44.708620452880865,39.71120071411133,45.31158447265625,100
20260601,F_saturation,F_saturation,20260601/F_saturation/realL1_F_B_D2D_sz16_str4_run3_20260531_180220.json,F_B_D2D_sz16_str4_run3,F_B_D2D_sz16_str4,100,20,43.69912548065186,43.791982650756836,44.212263870239255,45.21936676025391,39.58729553222656,45.821983337402344,100
20260601,F_saturation,F_saturation,20260601/F_saturation/realL1_F_B_D2D_sz16_str4_run4_20260531_180230.json,F_B_D2D_sz16_str4_run4,F_B_D2D_sz16_str4,100,20,44.00723117828369,44.13865661621094,44.36341609954834,45.38884181976319,40.801185607910156,47.13532638549805,100
20260601,F_saturation,F_saturation,20260601/F_saturation/realL1_F_B_D2D_sz16_str4_run5_20260531_180240.json,F_B_D2D_sz16_str4_run5,F_B_D2D_sz16_str4,100,20,40.0164461517334,40.11016082763672,40.58875980377197,41.31728855133057,39.5599365234375,42.36048126220703,100
20260601,F_saturation,F_saturation,20260601/F_saturation/realL1_F_B_D2D_sz16_str8_run1_20260531_180257.json,F_B_D2D_sz16_str8_run1,F_B_D2D_sz16_str8,100,20,43.83408946990967,44.03800010681152,44.450594902038574,45.465220069885255,40.34703826904297,45.93753433227539,100
20260601,F_saturation,F_saturation,20260601/F_saturation/realL1_F_B_D2D_sz16_str8_run2_20260531_180307.json,F_B_D2D_sz16_str8_run2,F_B_D2D_sz16_str8,100,20,43.77924945831299,43.95012855529785,44.32740173339844,45.26043285369873,39.82704162597656,45.417503356933594,100
20260601,F_saturation,F_saturation,20260601/F_saturation/realL1_F_B_D2D_sz16_str8_run3_20260531_180317.json,F_B_D2D_sz16_str8_run3,F_B_D2D_sz16_str8,100,20,42.96717555999756,43.032447814941406,43.53349342346191,44.47485885620117,39.870880126953125,44.65024185180664,100
20260601,F_saturation,F_saturation,20260601/F_saturation/realL1_F_B_D2D_sz16_str8_run4_20260531_180328.json,F_B_D2D_sz16_str8_run4,F_B_D2D_sz16_str8,100,20,44.025823974609374,44.02599906921387,44.50144233703613,45.92877521514893,40.60380935668945,47.09529495239258,100
20260601,F_saturation,F_saturation,20260601/F_saturation/realL1_F_B_D2D_sz16_str8_run5_20260531_180337.json,F_B_D2D_sz16_str8_run5,F_B_D2D_sz16_str8,100,20,40.089176635742184,40.1738395690918,40.76216869354248,42.00068775177002,39.549503326416016,42.8006706237793,100
20260601,F_saturation,F_saturation,20260601/F_saturation/realL1_F_B_D2D_sz256_str1_run1_20260531_180647.json,F_B_D2D_sz256_str1_run1,F_B_D2D_sz256_str1,100,20,39.97855987548828,40.02652931213379,40.92120990753174,41.14511287689209,39.372894287109375,42.313377380371094,100
20260601,F_saturation,F_saturation,20260601/F_saturation/realL1_F_B_D2D_sz256_str1_run2_20260531_180658.json,F_B_D2D_sz256_str1_run2,F_B_D2D_sz256_str1,100,20,44.08069587707519,44.28676795959473,44.527401542663576,45.59912288665772,39.80985641479492,45.71184158325195,100
20260601,F_saturation,F_saturation,20260601/F_saturation/realL1_F_B_D2D_sz256_str1_run3_20260531_180708.json,F_B_D2D_sz256_str1_run3,F_B_D2D_sz256_str1,100,20,43.97186595916748,44.12255859375,44.55374526977539,45.58423480987549,40.062721252441406,46.07014465332031,100
20260601,F_saturation,F_saturation,20260601/F_saturation/realL1_F_B_D2D_sz256_str1_run4_20260531_180718.json,F_B_D2D_sz256_str1_run4,F_B_D2D_sz256_str1,100,20,43.835729141235355,43.917375564575195,44.258566284179686,45.436135635375976,39.84588623046875,45.5129280090332,100
20260601,F_saturation,F_saturation,20260601/F_saturation/realL1_F_B_D2D_sz256_str1_run5_20260531_180728.json,F_B_D2D_sz256_str1_run5,F_B_D2D_sz256_str1,100,20,43.77036666870117,43.947614669799805,44.29575061798096,45.3585189819336,39.39958572387695,46.023040771484375,100
20260601,F_saturation,F_saturation,20260601/F_saturation/realL1_F_B_D2D_sz256_str4_run1_20260531_180745.json,F_B_D2D_sz256_str4_run1,F_B_D2D_sz256_str4,100,20,42.89464023590088,43.01775932312012,43.3249927520752,44.46805934906007,39.87724685668945,46.4854736328125,100
20260601,F_saturation,F_saturation,20260601/F_saturation/realL1_F_B_D2D_sz256_str4_run2_20260531_180755.json,F_B_D2D_sz256_str4_run2,F_B_D2D_sz256_str4,100,20,43.81533931732178,43.94121551513672,44.33016147613525,45.64541271209717,40.09980773925781,45.88336181640625,100
20260601,F_saturation,F_saturation,20260601/F_saturation/realL1_F_B_D2D_sz256_str4_run3_20260531_180805.json,F_B_D2D_sz256_str4_run3,F_B_D2D_sz256_str4,100,20,40.179049224853514,40.21864128112793,40.84860382080078,41.626080474853524,39.66463851928711,42.7191047668457,100
20260601,F_saturation,F_saturation,20260601/F_saturation/realL1_F_B_D2D_sz256_str4_run4_20260531_180815.json,F_B_D2D_sz256_str4_run4,F_B_D2D_sz256_str4,100,20,43.94966087341309,44.05395317077637,44.355279731750485,45.61379276275635,39.7808952331543,46.13008117675781,100
20260601,F_saturation,F_saturation,20260601/F_saturation/realL1_F_B_D2D_sz256_str4_run5_20260531_180825.json,F_B_D2D_sz256_str4_run5,F_B_D2D_sz256_str4,100,20,42.81427211761475,42.93068885803223,43.33821411132813,44.308228759765626,39.92931365966797,44.799678802490234,100
20260601,F_saturation,F_saturation,20260601/F_saturation/realL1_F_B_D2D_sz256_str8_run1_20260531_180842.json,F_B_D2D_sz256_str8_run1,F_B_D2D_sz256_str8,100,20,42.99966094970703,43.051551818847656,43.412085723876956,44.507565422058114,39.72617721557617,45.58585739135742,100
20260601,F_saturation,F_saturation,20260601/F_saturation/realL1_F_B_D2D_sz256_str8_run2_20260531_180853.json,F_B_D2D_sz256_str8_run2,F_B_D2D_sz256_str8,100,20,43.95708602905273,44.05204772949219,44.383048629760744,45.52972724914551,43.48998260498047,45.681854248046875,100
20260601,F_saturation,F_saturation,20260601/F_saturation/realL1_F_B_D2D_sz256_str8_run3_20260531_180903.json,F_B_D2D_sz256_str8_run3,F_B_D2D_sz256_str8,100,20,43.81858238220215,43.873680114746094,44.34685592651367,45.477108268737794,39.874046325683594,45.719966888427734,100
20260601,F_saturation,F_saturation,20260601/F_saturation/realL1_F_B_D2D_sz256_str8_run4_20260531_180913.json,F_B_D2D_sz256_str8_run4,F_B_D2D_sz256_str8,100,20,43.906811561584476,44.027536392211914,44.47801475524902,45.66096599578857,40.15683364868164,45.9246711730957,100
20260601,F_saturation,F_saturation,20260601/F_saturation/realL1_F_B_D2D_sz256_str8_run5_20260531_180923.json,F_B_D2D_sz256_str8_run5,F_B_D2D_sz256_str8,100,20,40.08365921020508,40.19574546813965,40.865030479431155,41.293973541259774,39.63974380493164,42.515838623046875,100
20260601,F_saturation,F_saturation,20260601/F_saturation/realL1_F_B_D2D_sz64_str1_run1_20260531_180355.json,F_B_D2D_sz64_str1_run1,F_B_D2D_sz64_str1,100,20,43.89751350402832,44.020769119262695,44.52240886688232,45.506153182983404,39.8364143371582,46.06131362915039,100
20260601,F_saturation,F_saturation,20260601/F_saturation/realL1_F_B_D2D_sz64_str1_run2_20260531_180405.json,F_B_D2D_sz64_str1_run2,F_B_D2D_sz64_str1,100,20,43.95618480682373,44.08542442321777,44.58017139434814,45.70856170654297,39.97430419921875,46.20751953125,100
20260601,F_saturation,F_saturation,20260601/F_saturation/realL1_F_B_D2D_sz64_str1_run3_20260531_180415.json,F_B_D2D_sz64_str1_run3,F_B_D2D_sz64_str1,100,20,43.948315086364744,44.06587219238281,44.4835880279541,45.66598026275635,40.055519104003906,45.72252655029297,100
20260601,F_saturation,F_saturation,20260601/F_saturation/realL1_F_B_D2D_sz64_str1_run4_20260531_180425.json,F_B_D2D_sz64_str1_run4,F_B_D2D_sz64_str1,100,20,43.99632316589356,44.14067268371582,44.53859272003174,45.48828674316407,40.54492950439453,46.258113861083984,100
20260601,F_saturation,F_saturation,20260601/F_saturation/realL1_F_B_D2D_sz64_str1_run5_20260531_180436.json,F_B_D2D_sz64_str1_run5,F_B_D2D_sz64_str1,100,20,43.868703575134276,44.03766441345215,44.45095443725586,45.6637194442749,39.82886505126953,45.705665588378906,100
20260601,F_saturation,F_saturation,20260601/F_saturation/realL1_F_B_D2D_sz64_str4_run1_20260531_180453.json,F_B_D2D_sz64_str4_run1,F_B_D2D_sz64_str4,100,20,44.172188682556154,44.345903396606445,44.6590669631958,45.62311519622803,40.90591812133789,45.81417465209961,100
20260601,F_saturation,F_saturation,20260601/F_saturation/realL1_F_B_D2D_sz64_str4_run2_20260531_180503.json,F_B_D2D_sz64_str4_run2,F_B_D2D_sz64_str4,100,20,42.81723659515381,42.976016998291016,43.257544708251956,44.23280906677247,39.64854431152344,45.063838958740234,100
20260601,F_saturation,F_saturation,20260601/F_saturation/realL1_F_B_D2D_sz64_str4_run3_20260531_180513.json,F_B_D2D_sz64_str4_run3,F_B_D2D_sz64_str4,100,20,42.84520118713379,42.89950370788574,43.271697425842284,44.80591167449951,39.62361526489258,45.41654586791992,100
20260601,F_saturation,F_saturation,20260601/F_saturation/realL1_F_B_D2D_sz64_str4_run4_20260531_180523.json,F_B_D2D_sz64_str4_run4,F_B_D2D_sz64_str4,100,20,43.91258064270019,44.038639068603516,44.53934097290039,45.376885223388676,39.90547180175781,45.72742462158203,100
20260601,F_saturation,F_saturation,20260601/F_saturation/realL1_F_B_D2D_sz64_str4_run5_20260531_180533.json,F_B_D2D_sz64_str4_run5,F_B_D2D_sz64_str4,100,20,39.86598247528076,39.96343994140625,40.25811328887939,41.51316871643067,39.27907180786133,41.96790313720703,100
20260601,F_saturation,F_saturation,20260601/F_saturation/realL1_F_B_D2D_sz64_str8_run1_20260531_180550.json,F_B_D2D_sz64_str8_run1,F_B_D2D_sz64_str8,100,20,42.922764930725094,42.96968078613281,43.36411037445068,44.49556159973145,39.829856872558594,45.33603286743164,100
20260601,F_saturation,F_saturation,20260601/F_saturation/realL1_F_B_D2D_sz64_str8_run2_20260531_180600.json,F_B_D2D_sz64_str8_run2,F_B_D2D_sz64_str8,100,20,43.90650524139404,44.07695960998535,44.414907455444336,45.5790567779541,39.68044662475586,45.7993278503418,100
20260601,F_saturation,F_saturation,20260601/F_saturation/realL1_F_B_D2D_sz64_str8_run3_20260531_180610.json,F_B_D2D_sz64_str8_run3,F_B_D2D_sz64_str8,100,20,42.76787567138672,42.94857597351074,43.223366355896,44.40276817321778,39.547264099121094,44.981056213378906,100
20260601,F_saturation,F_saturation,20260601/F_saturation/realL1_F_B_D2D_sz64_str8_run4_20260531_180620.json,F_B_D2D_sz64_str8_run4,F_B_D2D_sz64_str8,100,20,43.69496044158936,43.838016510009766,44.24893760681152,45.373959960937505,39.705345153808594,46.7940788269043,100
20260601,F_saturation,F_saturation,20260601/F_saturation/realL1_F_B_D2D_sz64_str8_run5_20260531_180631.json,F_B_D2D_sz64_str8_run5,F_B_D2D_sz64_str8,100,20,43.02190185546875,43.05761528015137,43.75653381347656,45.85511562347415,39.68735885620117,51.52048110961914,100
20260601,F_saturation,F_saturation,20260601/F_saturation/realL1_F_C_H2D_sz16_str1_run1_20260531_181231.json,F_C_H2D_sz16_str1_run1,F_C_H2D_sz16_str1,100,20,44.14148891448975,44.17158508300781,44.667063522338864,46.04051929473878,40.953311920166016,48.087745666503906,100
20260601,F_saturation,F_saturation,20260601/F_saturation/realL1_F_C_H2D_sz16_str1_run2_20260531_181241.json,F_C_H2D_sz16_str1_run2,F_C_H2D_sz16_str1,100,20,45.24620803833008,45.3311824798584,45.66870975494385,46.78824726104737,42.0296630859375,47.119937896728516,100
20260601,F_saturation,F_saturation,20260601/F_saturation/realL1_F_C_H2D_sz16_str1_run3_20260531_181250.json,F_C_H2D_sz16_str1_run3,F_C_H2D_sz16_str1,100,20,41.46274791717529,41.557504653930664,41.96544780731201,42.881971778869634,41.00057601928711,43.6190071105957,100
20260601,F_saturation,F_saturation,20260601/F_saturation/realL1_F_C_H2D_sz16_str1_run4_20260531_181300.json,F_C_H2D_sz16_str1_run4,F_C_H2D_sz16_str1,100,20,44.432213973999026,44.56644821166992,44.97147102355957,45.78301940917969,41.55875015258789,46.29430389404297,100
20260601,F_saturation,F_saturation,20260601/F_saturation/realL1_F_C_H2D_sz16_str1_run5_20260531_181310.json,F_C_H2D_sz16_str1_run5,F_C_H2D_sz16_str1,100,20,41.28975532531738,41.35945701599121,41.79352970123291,42.71288024902344,40.78307342529297,43.683937072753906,100
20260601,F_saturation,F_saturation,20260601/F_saturation/realL1_F_C_H2D_sz16_str4_run1_20260531_181327.json,F_C_H2D_sz16_str4_run1,F_C_H2D_sz16_str4,100,20,44.590217475891116,44.660593032836914,44.95943546295166,46.03494964599611,41.69696044921875,48.61427307128906,100
20260601,F_saturation,F_saturation,20260601/F_saturation/realL1_F_C_H2D_sz16_str4_run2_20260531_181336.json,F_C_H2D_sz16_str4_run2,F_C_H2D_sz16_str4,100,20,42.03388496398926,42.1464786529541,42.43381824493408,43.558718299865724,41.57513427734375,44.388671875,100
20260601,F_saturation,F_saturation,20260601/F_saturation/realL1_F_C_H2D_sz16_str4_run3_20260531_181346.json,F_C_H2D_sz16_str4_run3,F_C_H2D_sz16_str4,100,20,45.88058746337891,45.96648025512695,46.363289260864256,47.38434555053711,42.53692626953125,48.66681671142578,100
20260601,F_saturation,F_saturation,20260601/F_saturation/realL1_F_C_H2D_sz16_str4_run4_20260531_181356.json,F_C_H2D_sz16_str4_run4,F_C_H2D_sz16_str4,100,20,45.85572277069092,45.924591064453125,46.312294006347656,47.96068218231202,42.03462219238281,49.77043151855469,100
20260601,F_saturation,F_saturation,20260601/F_saturation/realL1_F_C_H2D_sz16_str4_run5_20260531_181406.json,F_C_H2D_sz16_str4_run5,F_C_H2D_sz16_str4,100,20,45.90471172332764,46.002464294433594,46.30623817443848,48.024627265930185,42.03859329223633,49.322208404541016,100
20260601,F_saturation,F_saturation,20260601/F_saturation/realL1_F_C_H2D_sz256_str1_run1_20260531_181616.json,F_C_H2D_sz256_str1_run1,F_C_H2D_sz256_str1,100,20,44.488928909301755,44.58896064758301,44.84292430877686,45.919752311706546,44.04131317138672,46.753822326660156,100
20260601,F_saturation,F_saturation,20260601/F_saturation/realL1_F_C_H2D_sz256_str1_run2_20260531_181626.json,F_C_H2D_sz256_str1_run2,F_C_H2D_sz256_str1,100,20,45.52448543548584,45.59561538696289,46.060886192321775,46.943939781188966,45.045631408691406,47.530494689941406,100
20260601,F_saturation,F_saturation,20260601/F_saturation/realL1_F_C_H2D_sz256_str1_run3_20260531_181636.json,F_C_H2D_sz256_str1_run3,F_C_H2D_sz256_str1,100,20,45.407958335876465,45.50931167602539,45.90167655944824,47.03140010833741,41.67612838745117,48.78083038330078,100
20260601,F_saturation,F_saturation,20260601/F_saturation/realL1_F_C_H2D_sz256_str1_run4_20260531_181646.json,F_C_H2D_sz256_str1_run4,F_C_H2D_sz256_str1,100,20,45.69676338195801,45.80788803100586,46.1921501159668,48.125992202758795,41.572574615478516,49.444801330566406,100
20260601,F_saturation,F_saturation,20260601/F_saturation/realL1_F_C_H2D_sz256_str1_run5_20260531_181656.json,F_C_H2D_sz256_str1_run5,F_C_H2D_sz256_str1,100,20,45.46139827728271,45.63225555419922,45.857476806640626,47.00883358001709,41.205631256103516,47.01852798461914,100
20260601,F_saturation,F_saturation,20260601/F_saturation/realL1_F_C_H2D_sz256_str4_run1_20260531_181713.json,F_C_H2D_sz256_str4_run1,F_C_H2D_sz256_str4,100,20,45.290666275024414,45.28915214538574,45.92374858856201,47.56626091003419,42.186912536621094,49.136512756347656,100
20260601,F_saturation,F_saturation,20260601/F_saturation/realL1_F_C_H2D_sz256_str4_run2_20260531_181723.json,F_C_H2D_sz256_str4_run2,F_C_H2D_sz256_str4,100,20,45.20692676544189,45.185903549194336,45.746345901489256,47.42176822662355,42.33407974243164,49.370849609375,100
20260601,F_saturation,F_saturation,20260601/F_saturation/realL1_F_C_H2D_sz256_str4_run3_20260531_181733.json,F_C_H2D_sz256_str4_run3,F_C_H2D_sz256_str4,100,20,46.327490692138674,46.352304458618164,46.90871696472168,48.76085647583008,42.2690544128418,50.052799224853516,100
20260601,F_saturation,F_saturation,20260601/F_saturation/realL1_F_C_H2D_sz256_str4_run4_20260531_181742.json,F_C_H2D_sz256_str4_run4,F_C_H2D_sz256_str4,100,20,42.973826293945315,42.93065643310547,43.701060104370114,44.80463478088379,42.08758544921875,44.90553665161133,100
20260601,F_saturation,F_saturation,20260601/F_saturation/realL1_F_C_H2D_sz256_str4_run5_20260531_181752.json,F_C_H2D_sz256_str4_run5,F_C_H2D_sz256_str4,100,20,45.327293128967284,45.30766487121582,45.93634605407715,47.05746173858644,42.649566650390625,49.59388732910156,100
20260601,F_saturation,F_saturation,20260601/F_saturation/realL1_F_C_H2D_sz64_str1_run1_20260531_181424.json,F_C_H2D_sz64_str1_run1,F_C_H2D_sz64_str1,100,20,45.48420104980469,45.61231994628906,45.97504768371582,47.09394809722901,41.6473274230957,47.83488082885742,100
20260601,F_saturation,F_saturation,20260601/F_saturation/realL1_F_C_H2D_sz64_str1_run2_20260531_181433.json,F_C_H2D_sz64_str1_run2,F_C_H2D_sz64_str1,100,20,45.58387226104736,45.70556831359863,46.01972923278809,48.363247184753426,41.46566390991211,49.74284744262695,100
20260601,F_saturation,F_saturation,20260601/F_saturation/realL1_F_C_H2D_sz64_str1_run3_20260531_181443.json,F_C_H2D_sz64_str1_run3,F_C_H2D_sz64_str1,100,20,41.753036193847656,41.84379196166992,42.411375999450684,43.387933502197264,41.087615966796875,43.675872802734375,100
20260601,F_saturation,F_saturation,20260601/F_saturation/realL1_F_C_H2D_sz64_str1_run4_20260531_181453.json,F_C_H2D_sz64_str1_run4,F_C_H2D_sz64_str1,100,20,44.34468654632568,44.461055755615234,44.72628669738769,45.679776420593264,41.8073616027832,46.266014099121094,100
20260601,F_saturation,F_saturation,20260601/F_saturation/realL1_F_C_H2D_sz64_str1_run5_20260531_181503.json,F_C_H2D_sz64_str1_run5,F_C_H2D_sz64_str1,100,20,45.51363399505615,45.64059066772461,46.001454734802245,47.517072753906255,41.971038818359375,49.118526458740234,100
20260601,F_saturation,F_saturation,20260601/F_saturation/realL1_F_C_H2D_sz64_str4_run1_20260531_181519.json,F_C_H2D_sz64_str4_run1,F_C_H2D_sz64_str4,100,20,42.74027191162109,42.75511932373047,43.52886123657227,44.0987419128418,42.00300979614258,44.62995147705078,100
20260601,F_saturation,F_saturation,20260601/F_saturation/realL1_F_C_H2D_sz64_str4_run2_20260531_181529.json,F_C_H2D_sz64_str4_run2,F_C_H2D_sz64_str4,100,20,45.58076488494873,45.493473052978516,45.91910877227783,49.011592063903855,42.52479934692383,57.797279357910156,100
20260601,F_saturation,F_saturation,20260601/F_saturation/realL1_F_C_H2D_sz64_str4_run3_20260531_181539.json,F_C_H2D_sz64_str4_run3,F_C_H2D_sz64_str4,100,20,42.64749050140381,42.69486427307129,43.2395845413208,44.72931983947754,41.98310470581055,45.10086441040039,100
20260601,F_saturation,F_saturation,20260601/F_saturation/realL1_F_C_H2D_sz64_str4_run4_20260531_181549.json,F_C_H2D_sz64_str4_run4,F_C_H2D_sz64_str4,100,20,45.23809440612793,45.234880447387695,45.71662273406982,47.89179180145265,42.3744010925293,50.58291244506836,100
20260601,F_saturation,F_saturation,20260601/F_saturation/realL1_F_C_H2D_sz64_str4_run5_20260531_181559.json,F_C_H2D_sz64_str4_run5,F_C_H2D_sz64_str4,100,20,45.389559020996096,45.365713119506836,45.81872215270996,47.783764915466314,42.40281677246094,49.227264404296875,100
20260601,F_saturation,F_saturation,20260601/F_saturation/realL1_F_D_GEMM_d1024_run1_20260531_181905.json,F_D_GEMM_d1024_run1,F_D_GEMM_d1024,100,20,43.0595276260376,43.11425590515137,43.589395904541014,44.59779243469239,39.864097595214844,45.05388641357422,100
20260601,F_saturation,F_saturation,20260601/F_saturation/realL1_F_D_GEMM_d1024_run2_20260531_181914.json,F_D_GEMM_d1024_run2,F_D_GEMM_d1024,100,20,43.75813831329346,43.86974334716797,44.19170970916748,45.40019912719727,40.305599212646484,45.556095123291016,100
20260601,F_saturation,F_saturation,20260601/F_saturation/realL1_F_D_GEMM_d1024_run3_20260531_181924.json,F_D_GEMM_d1024_run3,F_D_GEMM_d1024,100,20,43.97567764282226,44.14156723022461,44.53183536529541,45.79365650177002,39.971168518066406,45.83417510986328,100
20260601,F_saturation,F_saturation,20260601/F_saturation/realL1_F_D_GEMM_d1024_run4_20260531_181933.json,F_D_GEMM_d1024_run4,F_D_GEMM_d1024,100,20,39.8663370513916,39.938079833984375,40.65183353424072,41.94021049499512,39.35171127319336,42.119422912597656,100
20260601,F_saturation,F_saturation,20260601/F_saturation/realL1_F_D_GEMM_d1024_run5_20260531_181943.json,F_D_GEMM_d1024_run5,F_D_GEMM_d1024,100,20,42.78632122039795,42.74465560913086,43.29348926544189,44.330069122314455,39.68534469604492,45.12112045288086,100
20260601,F_saturation,F_saturation,20260601/F_saturation/realL1_F_D_GEMM_d2048_run1_20260531_182000.json,F_D_GEMM_d2048_run1,F_D_GEMM_d2048,100,20,43.95340873718262,44.00547218322754,44.59713935852051,45.14374099731446,43.486846923828125,46.496063232421875,100
20260601,F_saturation,F_saturation,20260601/F_saturation/realL1_F_D_GEMM_d2048_run2_20260531_182010.json,F_D_GEMM_d2048_run2,F_D_GEMM_d2048,100,20,40.058312301635745,40.0664005279541,40.51448726654053,42.44117656707764,39.594398498535156,42.71603012084961,100
20260601,F_saturation,F_saturation,20260601/F_saturation/realL1_F_D_GEMM_d2048_run3_20260531_182019.json,F_D_GEMM_d2048_run3,F_D_GEMM_d2048,100,20,40.35645492553711,40.39254379272461,41.127584075927736,42.44123447418213,39.701663970947266,43.04169464111328,100
20260601,F_saturation,F_saturation,20260601/F_saturation/realL1_F_D_GEMM_d2048_run4_20260531_182029.json,F_D_GEMM_d2048_run4,F_D_GEMM_d2048,100,20,44.752681999206544,44.02756690979004,50.342566299438474,60.30696212768556,43.49212646484375,62.58659362792969,100
20260601,F_saturation,F_saturation,20260601/F_saturation/realL1_F_D_GEMM_d2048_run5_20260531_182039.json,F_D_GEMM_d2048_run5,F_D_GEMM_d2048,100,20,44.098649215698245,44.18641471862793,44.45772743225098,45.67214218139649,43.63359832763672,46.33871841430664,100
20260601,F_saturation,F_saturation,20260601/F_saturation/realL1_F_D_GEMM_d4096_run1_20260531_182055.json,F_D_GEMM_d4096_run1,F_D_GEMM_d4096,100,20,39.95744728088379,40.02742385864258,40.60137805938721,41.38720321655274,39.40729522705078,42.074913024902344,100
20260601,F_saturation,F_saturation,20260601/F_saturation/realL1_F_D_GEMM_d4096_run2_20260531_182105.json,F_D_GEMM_d4096_run2,F_D_GEMM_d4096,100,20,39.941038093566895,40.03625679016113,40.52312602996826,41.453260307312014,39.347007751464844,41.47987365722656,100
20260601,F_saturation,F_saturation,20260601/F_saturation/realL1_F_D_GEMM_d4096_run3_20260531_182115.json,F_D_GEMM_d4096_run3,F_D_GEMM_d4096,100,20,43.88960884094238,44.054847717285156,44.43684024810791,45.58814765930176,39.6201286315918,46.4455680847168,100
20260601,F_saturation,F_saturation,20260601/F_saturation/realL1_F_D_GEMM_d4096_run4_20260531_182124.json,F_D_GEMM_d4096_run4,F_D_GEMM_d4096,100,20,43.061652641296384,43.202816009521484,43.597520446777345,44.982542991638184,40.43052673339844,45.53193664550781,100
20260601,F_saturation,F_saturation,20260601/F_saturation/realL1_F_D_GEMM_d4096_run5_20260531_182134.json,F_D_GEMM_d4096_run5,F_D_GEMM_d4096,100,20,43.89730449676514,44.042015075683594,44.4067684173584,45.64006698608399,39.952064514160156,46.08710479736328,100
20260601,F_saturation,F_saturation,20260601/F_saturation/realL1_F_D_GEMM_d512_run1_20260531_181809.json,F_D_GEMM_d512_run1,F_D_GEMM_d512,100,20,39.877859382629396,39.96188735961914,40.60354442596436,41.1265926361084,39.33647918701172,41.50368118286133,100
20260601,F_saturation,F_saturation,20260601/F_saturation/realL1_F_D_GEMM_d512_run2_20260531_181819.json,F_D_GEMM_d512_run2,F_D_GEMM_d512,100,20,42.83927024841309,42.860511779785156,43.49636039733887,44.533205375671386,39.659423828125,44.791744232177734,100
20260601,F_saturation,F_saturation,20260601/F_saturation/realL1_F_D_GEMM_d512_run3_20260531_181828.json,F_D_GEMM_d512_run3,F_D_GEMM_d512,100,20,43.74270023345947,43.926897048950195,44.134182357788085,45.60441547393799,39.81059265136719,45.85136032104492,100
20260601,F_saturation,F_saturation,20260601/F_saturation/realL1_F_D_GEMM_d512_run4_20260531_181838.json,F_D_GEMM_d512_run4,F_D_GEMM_d512,100,20,43.855527534484864,44.02596664428711,44.49009265899658,45.51438106536865,39.694175720214844,45.80060958862305,100
20260601,F_saturation,F_saturation,20260601/F_saturation/realL1_F_D_GEMM_d512_run5_20260531_181848.json,F_D_GEMM_d512_run5,F_D_GEMM_d512,100,20,43.093432388305665,43.20404815673828,43.652372169494626,44.671273765563974,39.950687408447266,45.83497619628906,100
20260601,F_saturation,F_saturation,20260601/F_saturation/realL1_F_E_chanpred_b1024_run1_20260531_182549.json,F_E_chanpred_b1024_run1,F_E_chanpred_b1024,100,20,43.921451301574706,44.06827354431152,44.42683486938476,45.35754135131836,40.05686569213867,45.84899139404297,100
20260601,F_saturation,F_saturation,20260601/F_saturation/realL1_F_E_chanpred_b1024_run2_20260531_182558.json,F_E_chanpred_b1024_run2,F_E_chanpred_b1024,100,20,40.00999767303467,40.092689514160156,40.79002838134765,42.010077743530275,39.52377700805664,42.104801177978516,100
20260601,F_saturation,F_saturation,20260601/F_saturation/realL1_F_E_chanpred_b1024_run3_20260531_182608.json,F_E_chanpred_b1024_run3,F_E_chanpred_b1024,100,20,43.99777317047119,44.13768005371094,44.6022705078125,45.92014293670655,40.64710235595703,46.070430755615234,100
20260601,F_saturation,F_saturation,20260601/F_saturation/realL1_F_E_chanpred_b1024_run4_20260531_182618.json,F_E_chanpred_b1024_run4,F_E_chanpred_b1024,100,20,43.21040687561035,43.2808952331543,43.702904891967776,45.22026008605957,42.72515106201172,45.37919998168945,100
20260601,F_saturation,F_saturation,20260601/F_saturation/realL1_F_E_chanpred_b1024_run5_20260531_182628.json,F_E_chanpred_b1024_run5,F_E_chanpred_b1024,100,20,43.01254867553711,43.13920021057129,43.44503631591797,44.41706867218018,40.1063346862793,45.44166564941406,100
20260601,F_saturation,F_saturation,20260601/F_saturation/realL1_F_E_chanpred_b16_run1_20260531_182253.json,F_E_chanpred_b16_run1,F_E_chanpred_b16,100,20,39.8484992980957,39.922607421875,40.23106098175049,41.44266136169434,39.31708908081055,41.91209411621094,100
20260601,F_saturation,F_saturation,20260601/F_saturation/realL1_F_E_chanpred_b16_run2_20260531_182303.json,F_E_chanpred_b16_run2,F_E_chanpred_b16,100,20,44.035704345703124,44.138511657714844,45.16804523468018,45.675813903808596,40.35833740234375,45.717567443847656,100
20260601,F_saturation,F_saturation,20260601/F_saturation/realL1_F_E_chanpred_b16_run3_20260531_182313.json,F_E_chanpred_b16_run3,F_E_chanpred_b16,100,20,43.917092666625976,44.09280014038086,44.38085651397705,45.6422880935669,40.355648040771484,45.65964889526367,100
20260601,F_saturation,F_saturation,20260601/F_saturation/realL1_F_E_chanpred_b16_run4_20260531_182322.json,F_E_chanpred_b16_run4,F_E_chanpred_b16,100,20,43.74747077941895,43.90347099304199,44.24512710571289,45.45283531188965,39.397377014160156,45.589569091796875,100
20260601,F_saturation,F_saturation,20260601/F_saturation/realL1_F_E_chanpred_b16_run5_20260531_182332.json,F_E_chanpred_b16_run5,F_E_chanpred_b16,100,20,42.98296886444092,43.068254470825195,43.58194808959961,44.69669330596924,40.18755340576172,45.25334548950195,100
20260601,F_saturation,F_saturation,20260601/F_saturation/realL1_F_E_chanpred_b1_run1_20260531_182154.json,F_E_chanpred_b1_run1,F_E_chanpred_b1,100,20,44.252895469665525,44.2639045715332,44.703130912780765,45.96182800292969,43.675872802734375,46.722591400146484,100
20260601,F_saturation,F_saturation,20260601/F_saturation/realL1_F_E_chanpred_b1_run2_20260531_182204.json,F_E_chanpred_b1_run2,F_E_chanpred_b1,100,20,43.804520797729495,43.90505599975586,44.39036636352539,45.36224811553955,39.53692626953125,45.53414535522461,100
20260601,F_saturation,F_saturation,20260601/F_saturation/realL1_F_E_chanpred_b1_run3_20260531_182214.json,F_E_chanpred_b1_run3,F_E_chanpred_b1,100,20,44.061268692016604,44.06585502624512,44.630179214477536,45.770701293945315,43.52608108520508,46.304222106933594,100
20260601,F_saturation,F_saturation,20260601/F_saturation/realL1_F_E_chanpred_b1_run4_20260531_182224.json,F_E_chanpred_b1_run4,F_E_chanpred_b1,100,20,42.972523803710935,43.0559196472168,43.546518898010255,45.408796310424805,39.78371047973633,45.6808967590332,100
20260601,F_saturation,F_saturation,20260601/F_saturation/realL1_F_E_chanpred_b1_run5_20260531_182233.json,F_E_chanpred_b1_run5,F_E_chanpred_b1,100,20,43.77867130279541,43.77619171142578,44.46056785583496,45.85121864318848,40.05625534057617,46.47391891479492,100
20260601,F_saturation,F_saturation,20260601/F_saturation/realL1_F_E_chanpred_b256_run1_20260531_182450.json,F_E_chanpred_b256_run1,F_E_chanpred_b256,100,20,44.21224960327149,44.269935607910156,44.8461196899414,45.945315895080576,40.40083312988281,47.304832458496094,100
20260601,F_saturation,F_saturation,20260601/F_saturation/realL1_F_E_chanpred_b256_run2_20260531_182500.json,F_E_chanpred_b256_run2,F_E_chanpred_b256,100,20,43.86846824645996,43.962432861328125,44.39288215637207,45.62386325836182,39.7655029296875,46.240577697753906,100
20260601,F_saturation,F_saturation,20260601/F_saturation/realL1_F_E_chanpred_b256_run3_20260531_182509.json,F_E_chanpred_b256_run3,F_E_chanpred_b256,100,20,43.32204582214356,43.37828826904297,43.85674629211426,45.19574764251709,40.5300178527832,45.7441291809082,100
20260601,F_saturation,F_saturation,20260601/F_saturation/realL1_F_E_chanpred_b256_run4_20260531_182519.json,F_E_chanpred_b256_run4,F_E_chanpred_b256,100,20,44.021445960998534,44.06867218017578,44.58629608154297,45.624821777343755,39.93830490112305,46.6343994140625,100
20260601,F_saturation,F_saturation,20260601/F_saturation/realL1_F_E_chanpred_b256_run5_20260531_182529.json,F_E_chanpred_b256_run5,F_E_chanpred_b256,100,20,44.94111553192138,44.112863540649414,52.251589965820315,60.288737602233894,43.56051254272461,61.033409118652344,100
20260601,F_saturation,F_saturation,20260601/F_saturation/realL1_F_E_chanpred_b64_run1_20260531_182352.json,F_E_chanpred_b64_run1,F_E_chanpred_b64,100,20,44.04177791595459,44.16196823120117,44.6191068649292,45.985215225219726,40.39187240600586,46.143550872802734,100
20260601,F_saturation,F_saturation,20260601/F_saturation/realL1_F_E_chanpred_b64_run2_20260531_182402.json,F_E_chanpred_b64_run2,F_E_chanpred_b64,100,20,40.06990119934082,40.17972755432129,40.86806049346924,41.27845088958741,39.50284957885742,42.829566955566406,100
20260601,F_saturation,F_saturation,20260601/F_saturation/realL1_F_E_chanpred_b64_run3_20260531_182411.json,F_E_chanpred_b64_run3,F_E_chanpred_b64,100,20,43.768688354492184,43.921918869018555,44.57743835449219,45.31410793304443,39.393470764160156,45.46271896362305,100
20260601,F_saturation,F_saturation,20260601/F_saturation/realL1_F_E_chanpred_b64_run4_20260531_182420.json,F_E_chanpred_b64_run4,F_E_chanpred_b64,100,20,40.2791605758667,40.35396957397461,40.98494300842285,42.28361759185791,39.67148971557617,42.77481460571289,100
20260601,F_saturation,F_saturation,20260601/F_saturation/realL1_F_E_chanpred_b64_run5_20260531_182430.json,F_E_chanpred_b64_run5,F_E_chanpred_b64,100,20,39.95702777862549,40.035776138305664,40.737593460083005,42.000313720703126,39.411903381347656,42.60163116455078,100
20260601,F_saturation,F_saturation,20260601/F_saturation/realL1_F_E_forecaster_d1024_run1_20260531_183143.json,F_E_forecaster_d1024_run1,F_E_forecaster_d1024,100,20,43.960184745788574,44.14262580871582,44.42317695617676,45.555056495666506,40.022369384765625,46.40883255004883,100
20260601,F_saturation,F_saturation,20260601/F_saturation/realL1_F_E_forecaster_d1024_run2_20260531_183153.json,F_E_forecaster_d1024_run2,F_E_forecaster_d1024,100,20,44.113170852661135,44.255680084228516,44.59555587768555,45.843119926452644,40.74995040893555,46.62102508544922,100
20260601,F_saturation,F_saturation,20260601/F_saturation/realL1_F_E_forecaster_d1024_run3_20260531_183202.json,F_E_forecaster_d1024_run3,F_E_forecaster_d1024,100,20,42.98731018066406,43.11596870422363,43.501305770874026,44.622709922790534,39.90208053588867,45.984031677246094,100
20260601,F_saturation,F_saturation,20260601/F_saturation/realL1_F_E_forecaster_d1024_run4_20260531_183212.json,F_E_forecaster_d1024_run4,F_E_forecaster_d1024,100,20,40.091996574401854,40.171024322509766,40.68380966186523,42.38659969329834,39.60134506225586,42.450721740722656,100
20260601,F_saturation,F_saturation,20260601/F_saturation/realL1_F_E_forecaster_d1024_run5_20260531_183221.json,F_E_forecaster_d1024_run5,F_E_forecaster_d1024,100,20,44.077319374084475,44.22604751586914,44.64364852905273,46.09016277313233,40.06739044189453,46.307552337646484,100
20260601,F_saturation,F_saturation,20260601/F_saturation/realL1_F_E_forecaster_d256_run1_20260531_182945.json,F_E_forecaster_d256_run1,F_E_forecaster_d256,100,20,42.91513565063477,43.041568756103516,43.634165382385255,44.779447669982915,39.735198974609375,45.25398254394531,100
20260601,F_saturation,F_saturation,20260601/F_saturation/realL1_F_E_forecaster_d256_run2_20260531_182954.json,F_E_forecaster_d256_run2,F_E_forecaster_d256,100,20,39.89019729614258,39.92438316345215,40.32469654083252,42.19219348907471,39.3592643737793,42.442718505859375,100
20260601,F_saturation,F_saturation,20260601/F_saturation/realL1_F_E_forecaster_d256_run3_20260531_183004.json,F_E_forecaster_d256_run3,F_E_forecaster_d256,100,20,42.99703845977783,43.09020805358887,43.46142139434814,44.47456775665283,42.49760055541992,44.795230865478516,100
20260601,F_saturation,F_saturation,20260601/F_saturation/realL1_F_E_forecaster_d256_run4_20260531_183014.json,F_E_forecaster_d256_run4,F_E_forecaster_d256,100,20,43.92878482818603,44.11596870422363,44.35587062835693,45.900916824340825,40.20220947265625,46.561790466308594,100
20260601,F_saturation,F_saturation,20260601/F_saturation/realL1_F_E_forecaster_d256_run5_20260531_183023.json,F_E_forecaster_d256_run5,F_E_forecaster_d256,100,20,43.94703815460205,44.04843330383301,44.392082595825194,45.53704990386963,40.18851089477539,45.93260955810547,100
20260601,F_saturation,F_saturation,20260601/F_saturation/realL1_F_E_forecaster_d512_run1_20260531_183043.json,F_E_forecaster_d512_run1,F_E_forecaster_d512,100,20,39.91506870269775,39.95902442932129,40.39137840270996,42.09927341461182,39.289119720458984,42.88288116455078,100
20260601,F_saturation,F_saturation,20260601/F_saturation/realL1_F_E_forecaster_d512_run2_20260531_183053.json,F_E_forecaster_d512_run2,F_E_forecaster_d512,100,20,43.933095893859864,44.08529472351074,44.74525451660156,45.397743721008304,39.73491287231445,46.14064025878906,100
20260601,F_saturation,F_saturation,20260601/F_saturation/realL1_F_E_forecaster_d512_run3_20260531_183103.json,F_E_forecaster_d512_run3,F_E_forecaster_d512,100,20,42.756797828674316,42.717472076416016,43.35332717895508,44.32214538574219,39.41939163208008,45.21887969970703,100
20260601,F_saturation,F_saturation,20260601/F_saturation/realL1_F_E_forecaster_d512_run4_20260531_183113.json,F_E_forecaster_d512_run4,F_E_forecaster_d512,100,20,43.72723968505859,43.91035079956055,44.40376453399658,45.27769786834717,39.69977569580078,45.759521484375,100
20260601,F_saturation,F_saturation,20260601/F_saturation/realL1_F_E_forecaster_d512_run5_20260531_183123.json,F_E_forecaster_d512_run5,F_E_forecaster_d512,100,20,44.13727405548096,44.30966377258301,44.72530536651611,45.86051868438721,40.05583953857422,46.890689849853516,100
20260601,F_saturation,F_saturation,20260601/F_saturation/realL1_F_E_resnet_b16_run1_20260531_182648.json,F_E_resnet_b16_run1,F_E_resnet_b16,100,20,43.9381436920166,44.1003360748291,44.34673023223877,45.824533195495604,39.88499069213867,45.82998275756836,100
20260601,F_saturation,F_saturation,20260601/F_saturation/realL1_F_E_resnet_b16_run2_20260531_182658.json,F_E_resnet_b16_run2,F_E_resnet_b16,100,20,43.03067680358887,43.19191932678223,43.5465181350708,44.73420997619629,40.3197135925293,45.1778564453125,100
20260601,F_saturation,F_saturation,20260601/F_saturation/realL1_F_E_resnet_b16_run3_20260531_182707.json,F_E_resnet_b16_run3,F_E_resnet_b16,100,20,40.05234649658203,40.138559341430664,40.68019256591797,41.8781209564209,39.44851303100586,43.00358581542969,100
20260601,F_saturation,F_saturation,20260601/F_saturation/realL1_F_E_resnet_b16_run4_20260531_182717.json,F_E_resnet_b16_run4,F_E_resnet_b16,100,20,42.81523792266846,42.92510223388672,43.32565174102783,44.39069282531739,42.34854507446289,44.69839859008789,100
20260601,F_saturation,F_saturation,20260601/F_saturation/realL1_F_E_resnet_b16_run5_20260531_182727.json,F_E_resnet_b16_run5,F_E_resnet_b16,100,20,42.92844219207764,43.06888008117676,43.465334510803224,44.59162643432617,40.238529205322266,45.23564910888672,100
20260601,F_saturation,F_saturation,20260601/F_saturation/realL1_F_E_resnet_b256_run1_20260531_182846.json,F_E_resnet_b256_run1,F_E_resnet_b256,100,20,43.97576416015625,44.11721611022949,44.65111598968506,45.80378566741943,39.83206558227539,46.17222213745117,100
20260601,F_saturation,F_saturation,20260601/F_saturation/realL1_F_E_resnet_b256_run2_20260531_182855.json,F_E_resnet_b256_run2,F_E_resnet_b256,100,20,39.94655212402344,40.01460838317871,40.92196102142334,41.539993171691904,39.407230377197266,42.88556671142578,100
20260601,F_saturation,F_saturation,20260601/F_saturation/realL1_F_E_resnet_b256_run3_20260531_182905.json,F_E_resnet_b256_run3,F_E_resnet_b256,100,20,42.8855436706543,42.97515106201172,43.37148475646973,44.35153026580811,42.467777252197266,44.922752380371094,100
20260601,F_saturation,F_saturation,20260601/F_saturation/realL1_F_E_resnet_b256_run4_20260531_182915.json,F_E_resnet_b256_run4,F_E_resnet_b256,100,20,43.19158905029297,43.29441452026367,43.68357925415039,44.753097763061525,42.74816131591797,44.8713264465332,100
20260601,F_saturation,F_saturation,20260601/F_saturation/realL1_F_E_resnet_b256_run5_20260531_182925.json,F_E_resnet_b256_run5,F_E_resnet_b256,100,20,42.707608680725095,42.861520767211914,43.070094680786134,44.133323783874516,39.358848571777344,44.64128112792969,100
20260601,F_saturation,F_saturation,20260601/F_saturation/realL1_F_E_resnet_b64_run1_20260531_182747.json,F_E_resnet_b64_run1,F_E_resnet_b64,100,20,42.9905334854126,43.06366539001465,43.58035373687744,44.56959476470947,42.515743255615234,44.603904724121094,100
20260601,F_saturation,F_saturation,20260601/F_saturation/realL1_F_E_resnet_b64_run2_20260531_182757.json,F_E_resnet_b64_run2,F_E_resnet_b64,100,20,43.82905868530273,43.92617607116699,44.2234130859375,45.27802314758301,43.34415817260742,46.55868911743164,100
20260601,F_saturation,F_saturation,20260601/F_saturation/realL1_F_E_resnet_b64_run3_20260531_182806.json,F_E_resnet_b64_run3,F_E_resnet_b64,100,20,44.05005992889404,44.226463317871094,44.451064872741696,45.61715007781982,40.16691207885742,45.82908630371094,100
20260601,F_saturation,F_saturation,20260601/F_saturation/realL1_F_E_resnet_b64_run4_20260531_182816.json,F_E_resnet_b64_run4,F_E_resnet_b64,100,20,40.15460609436035,40.22934341430664,41.107137298583986,41.85465526580811,39.666751861572266,42.76697540283203,100
20260601,F_saturation,F_saturation,20260601/F_saturation/realL1_F_E_resnet_b64_run5_20260531_182826.json,F_E_resnet_b64_run5,F_E_resnet_b64,100,20,43.88263286590576,43.94495964050293,44.40948009490967,45.38358810424805,39.675968170166016,46.20435333251953,100
20260601,F_saturation,F_saturation,20260601/F_saturation/realL1_F_F_stack_chanpred_x2_run1_20260531_183244.json,F_F_stack_chanpred_x2_run1,F_F_stack_chanpred_x2,100,20,40.04234470367432,40.08126449584961,40.58561897277832,41.962769775390626,39.47187042236328,42.062591552734375,100
20260601,F_saturation,F_saturation,20260601/F_saturation/realL1_F_F_stack_chanpred_x2_run2_20260531_183253.json,F_F_stack_chanpred_x2_run2,F_F_stack_chanpred_x2,100,20,42.818481636047366,42.869598388671875,43.481529235839844,44.61226314544678,39.569664001464844,45.06284713745117,100
20260601,F_saturation,F_saturation,20260601/F_saturation/realL1_F_F_stack_chanpred_x2_run3_20260531_183303.json,F_F_stack_chanpred_x2_run3,F_F_stack_chanpred_x2,100,20,44.27260467529297,44.35203170776367,44.804200172424316,46.29171016693115,40.53180694580078,46.78268814086914,100
20260601,F_saturation,F_saturation,20260601/F_saturation/realL1_F_F_stack_chanpred_x2_run4_20260531_183313.json,F_F_stack_chanpred_x2_run4,F_F_stack_chanpred_x2,100,20,43.989543495178225,44.06835174560547,44.73364315032959,46.02010433197022,39.588417053222656,46.15727996826172,100
20260601,F_saturation,F_saturation,20260601/F_saturation/realL1_F_F_stack_chanpred_x2_run5_20260531_183323.json,F_F_stack_chanpred_x2_run5,F_F_stack_chanpred_x2,100,20,44.233337287902835,44.35065460205078,44.76609802246094,46.50057888031006,40.09904098510742,46.95404815673828,100
20260601,F_saturation,F_saturation,20260601/F_saturation/realL1_F_F_stack_chanpred_x4_run1_20260531_183347.json,F_F_stack_chanpred_x4_run1,F_F_stack_chanpred_x4,100,20,43.122061576843265,43.22302436828613,43.630447959899904,45.002740364074704,40.0283203125,45.01420974731445,100
20260601,F_saturation,F_saturation,20260601/F_saturation/realL1_F_F_stack_chanpred_x4_run2_20260531_183357.json,F_F_stack_chanpred_x4_run2,F_F_stack_chanpred_x4,100,20,44.040780487060545,44.10843086242676,44.6255184173584,45.680742988586424,39.81468963623047,45.9634895324707,100
20260601,F_saturation,F_saturation,20260601/F_saturation/realL1_F_F_stack_chanpred_x4_run3_20260531_183407.json,F_F_stack_chanpred_x4_run3,F_F_stack_chanpred_x4,100,20,42.962803802490235,43.03023910522461,43.49007091522217,44.4398141860962,40.21977615356445,45.656864166259766,100
20260601,F_saturation,F_saturation,20260601/F_saturation/realL1_F_F_stack_chanpred_x4_run4_20260531_183416.json,F_F_stack_chanpred_x4_run4,F_F_stack_chanpred_x4,100,20,43.93809829711914,44.03316879272461,44.42004318237305,45.365874023437506,41.03452682495117,45.934879302978516,100
20260601,F_saturation,F_saturation,20260601/F_saturation/realL1_F_F_stack_chanpred_x4_run5_20260531_183426.json,F_F_stack_chanpred_x4_run5,F_F_stack_chanpred_x4,100,20,43.208191299438475,43.27494430541992,43.778243446350096,45.25720600128174,40.42329788208008,45.706241607666016,100
20260601,F_saturation,F_saturation,20260601/F_saturation/realL1_F_F_stack_chanpred_x8_run1_20260531_183453.json,F_F_stack_chanpred_x8_run1,F_F_stack_chanpred_x8,100,20,44.39998149871826,44.39625549316406,45.23734722137451,46.69294948577881,40.11228942871094,47.76569747924805,100
20260601,F_saturation,F_saturation,20260601/F_saturation/realL1_F_F_stack_chanpred_x8_run2_20260531_183503.json,F_F_stack_chanpred_x8_run2,F_F_stack_chanpred_x8,100,20,44.39220306396484,44.50395202636719,45.010908889770505,46.15397453308106,40.00678253173828,46.93251037597656,100
20260601,F_saturation,F_saturation,20260601/F_saturation/realL1_F_F_stack_chanpred_x8_run3_20260531_183513.json,F_F_stack_chanpred_x8_run3,F_F_stack_chanpred_x8,100,20,44.34986701965332,44.484161376953125,44.96567077636719,45.85730842590332,39.60611343383789,46.25923156738281,100
20260601,F_saturation,F_saturation,20260601/F_saturation/realL1_F_F_stack_chanpred_x8_run4_20260531_183523.json,F_F_stack_chanpred_x8_run4,F_F_stack_chanpred_x8,100,20,44.315070457458496,44.430959701538086,44.79160346984863,45.84418209075928,39.55299377441406,46.75254440307617,100
20260601,F_saturation,F_saturation,20260601/F_saturation/realL1_F_F_stack_chanpred_x8_run5_20260531_183533.json,F_F_stack_chanpred_x8_run5,F_F_stack_chanpred_x8,100,20,43.44193363189697,43.48044776916504,43.968102645874026,45.05318153381348,39.409759521484375,45.29987335205078,100
20260601,F_saturation,F_saturation,20260601/F_saturation/realL1_F_F_stack_resnet_x2_run1_20260531_183557.json,F_F_stack_resnet_x2_run1,F_F_stack_resnet_x2,100,20,43.93000102996826,44.10708808898926,44.50703296661377,45.20423526763916,39.864192962646484,45.689918518066406,100
20260601,F_saturation,F_saturation,20260601/F_saturation/realL1_F_F_stack_resnet_x2_run2_20260531_183607.json,F_F_stack_resnet_x2_run2,F_F_stack_resnet_x2,100,20,40.05553459167481,40.099008560180664,40.555515098571775,41.66254627227783,39.51327896118164,41.70240020751953,100
20260601,F_saturation,F_saturation,20260601/F_saturation/realL1_F_F_stack_resnet_x2_run3_20260531_183617.json,F_F_stack_resnet_x2_run3,F_F_stack_resnet_x2,100,20,42.92503787994385,43.055999755859375,43.44160614013672,44.73612564086915,39.9692497253418,45.57222366333008,100
20260601,F_saturation,F_saturation,20260601/F_saturation/realL1_F_F_stack_resnet_x2_run4_20260531_183627.json,F_F_stack_resnet_x2_run4,F_F_stack_resnet_x2,100,20,43.79435398101807,43.818016052246094,44.27660236358643,45.436570205688476,39.69868850708008,45.809791564941406,100
20260601,F_saturation,F_saturation,20260601/F_saturation/realL1_F_F_stack_resnet_x2_run5_20260531_183636.json,F_F_stack_resnet_x2_run5,F_F_stack_resnet_x2,100,20,42.83144744873047,42.93462371826172,43.27876377105713,44.340169792175296,42.38675308227539,45.37059020996094,100
20260601,F_saturation,F_saturation,20260601/F_saturation/realL1_F_F_stack_resnet_x4_run1_20260531_183700.json,F_F_stack_resnet_x4_run1,F_F_stack_resnet_x4,100,20,43.88885265350342,44.01571083068848,44.37041969299317,45.70896713256836,39.824127197265625,46.3526725769043,100
20260601,F_saturation,F_saturation,20260601/F_saturation/realL1_F_F_stack_resnet_x4_run2_20260531_183710.json,F_F_stack_resnet_x4_run2,F_F_stack_resnet_x4,100,20,42.87768032073975,42.88435173034668,43.37688064575195,44.713331146240236,40.02544021606445,45.17123031616211,100
20260601,F_saturation,F_saturation,20260601/F_saturation/realL1_F_F_stack_resnet_x4_run3_20260531_183720.json,F_F_stack_resnet_x4_run3,F_F_stack_resnet_x4,100,20,43.9642412185669,44.1417293548584,44.36761589050293,45.7410865020752,39.995521545410156,45.8771858215332,100
20260601,F_saturation,F_saturation,20260601/F_saturation/realL1_F_F_stack_resnet_x4_run4_20260531_183730.json,F_F_stack_resnet_x4_run4,F_F_stack_resnet_x4,100,20,42.85548988342285,42.80116653442383,43.38242359161377,44.54935585021973,39.59846496582031,45.342559814453125,100
20260601,F_saturation,F_saturation,20260601/F_saturation/realL1_F_F_stack_resnet_x4_run5_20260531_183740.json,F_F_stack_resnet_x4_run5,F_F_stack_resnet_x4,100,20,42.73179161071777,42.81260681152344,43.17697334289551,44.41003684997558,39.96214294433594,44.43107223510742,100
20260601,F_saturation,F_saturation,20260601/F_saturation/realL1_F_G_kitchen_all_run1_20260531_183804.json,F_G_kitchen_all_run1,F_G_kitchen_all,100,20,43.87759929656983,43.96420860290527,44.533948516845705,45.739004402160646,40.371360778808594,45.91936111450195,100
20260601,F_saturation,F_saturation,20260601/F_saturation/realL1_F_G_kitchen_all_run2_20260531_183814.json,F_G_kitchen_all_run2,F_G_kitchen_all,100,20,42.952172660827635,42.99483299255371,43.447947311401364,44.551613464355476,39.71334457397461,45.55887985229492,100
20260601,F_saturation,F_saturation,20260601/F_saturation/realL1_F_G_kitchen_all_run3_20260531_183824.json,F_G_kitchen_all_run3,F_G_kitchen_all,100,20,44.056403732299806,44.18228721618652,44.55041847229004,45.80258674621582,40.614078521728516,46.378623962402344,100
20260601,F_saturation,F_saturation,20260601/F_saturation/realL1_F_G_kitchen_all_run4_20260531_183833.json,F_G_kitchen_all_run4,F_G_kitchen_all,100,20,39.71610958099365,39.710832595825195,40.38874454498291,41.32304359436036,39.138465881347656,42.11231994628906,100
20260601,F_saturation,F_saturation,20260601/F_saturation/realL1_F_G_kitchen_all_run5_20260531_183843.json,F_G_kitchen_all_run5,F_G_kitchen_all,100,20,39.829373092651366,39.84743881225586,40.46318683624268,41.1325414276123,39.267295837402344,41.16726303100586,100
20260601,G_coloc,G_coloc,20260601/G_coloc/realL1_G_0a_3g_alone_run10_20260601_003245.json,G_0a_3g_alone_run10,G_0a_3g_alone,100,20,44.780933151245115,44.13739204406738,50.22702388763427,62.15946617126467,39.96393585205078,66.00969696044922,100
20260601,G_coloc,G_coloc,20260601/G_coloc/realL1_G_0a_3g_alone_run1_20260601_003115.json,G_0a_3g_alone_run1,G_0a_3g_alone,100,20,40.119072074890134,40.179664611816406,40.76680088043213,41.57475193023682,39.60908889770508,42.870399475097656,100
20260601,G_coloc,G_coloc,20260601/G_coloc/realL1_G_0a_3g_alone_run2_20260601_003125.json,G_0a_3g_alone_run2,G_0a_3g_alone,100,20,44.81290786743164,44.088993072509766,52.58510704040527,60.99588592529299,39.86435317993164,64.17782592773438,100
20260601,G_coloc,G_coloc,20260601/G_coloc/realL1_G_0a_3g_alone_run3_20260601_003135.json,G_0a_3g_alone_run3,G_0a_3g_alone,100,20,44.64039501190186,44.00267219543457,48.010607147216795,60.12749385833741,43.440032958984375,61.794368743896484,100
20260601,G_coloc,G_coloc,20260601/G_coloc/realL1_G_0a_3g_alone_run4_20260601_003145.json,G_0a_3g_alone_run4,G_0a_3g_alone,100,20,44.58431640625,43.92638397216797,49.01765117645262,58.224957504272474,39.75455856323242,61.129600524902344,100
20260601,G_coloc,G_coloc,20260601/G_coloc/realL1_G_0a_3g_alone_run5_20260601_003155.json,G_0a_3g_alone_run5,G_0a_3g_alone,100,20,40.88610034942627,40.0505428314209,48.15792064666747,58.09989574432373,39.433921813964844,58.51420974731445,100
20260601,G_coloc,G_coloc,20260601/G_coloc/realL1_G_0a_3g_alone_run6_20260601_003205.json,G_0a_3g_alone_run6,G_0a_3g_alone,100,20,44.53949245452881,43.83686447143555,49.4359613418579,59.96812129974366,43.29289627075195,60.49955368041992,100
20260601,G_coloc,G_coloc,20260601/G_coloc/realL1_G_0a_3g_alone_run7_20260601_003215.json,G_0a_3g_alone_run7,G_0a_3g_alone,100,20,43.24010284423828,43.27070236206055,43.759709167480466,47.25634559631352,40.301856994628906,56.63935852050781,100
20260601,G_coloc,G_coloc,20260601/G_coloc/realL1_G_0a_3g_alone_run8_20260601_003225.json,G_0a_3g_alone_run8,G_0a_3g_alone,100,20,40.676644515991214,40.39326286315918,41.612592887878414,53.396117095947275,39.8317756652832,55.37190246582031,100
20260601,G_coloc,G_coloc,20260601/G_coloc/realL1_G_0a_3g_alone_run9_20260601_003235.json,G_0a_3g_alone_run9,G_0a_3g_alone,100,20,43.76107830047607,43.029470443725586,49.02213706970214,59.62087047576905,39.61894226074219,62.054656982421875,100
20260601,G_coloc,G_coloc,20260601/G_coloc/realL1_G_0b_4g_alone_run1_20260601_003258.json,G_0b_4g_alone_run1,G_0b_4g_alone,100,20,43.98163330078125,44.07699203491211,44.55721473693848,45.532002334594736,40.1486701965332,46.78665542602539,100
20260601,G_coloc,G_coloc,20260601/G_coloc/realL1_G_0b_4g_alone_run2_20260601_003308.json,G_0b_4g_alone_run2,G_0b_4g_alone,100,20,43.47583263397217,42.79395294189453,51.59679489135742,55.800648765563984,39.934814453125,60.090911865234375,100
20260601,G_coloc,G_coloc,20260601/G_coloc/realL1_G_0b_4g_alone_run3_20260601_003318.json,G_0b_4g_alone_run3,G_0b_4g_alone,100,20,44.62372058868408,44.04089546203613,46.78382301330564,58.95464462280276,43.46316909790039,64.04783630371094,100
20260601,G_coloc,G_coloc,20260601/G_coloc/realL1_G_0b_4g_alone_run4_20260601_003329.json,G_0b_4g_alone_run4,G_0b_4g_alone,100,20,44.63519344329834,43.991695404052734,50.38521728515623,58.83105079650882,40.47382354736328,64.26512145996094,100
20260601,G_coloc,G_coloc,20260601/G_coloc/realL1_G_0b_4g_alone_run5_20260601_003339.json,G_0b_4g_alone_run5,G_0b_4g_alone,100,20,44.63475822448731,43.93971252441406,51.82763214111328,60.904753723144545,39.833473205566406,63.95724868774414,100
20260601,G_coloc,G_coloc,20260601/G_coloc/realL1_G_0c_2g_alone_run1_20260601_003353.json,G_0c_2g_alone_run1,G_0c_2g_alone,100,20,52.85120098114014,52.22527885437012,56.287917137145996,70.8616410827637,51.64777755737305,75.14275360107422,100
20260601,G_coloc,G_coloc,20260601/G_coloc/realL1_G_0c_2g_alone_run2_20260601_003404.json,G_0c_2g_alone_run2,G_0c_2g_alone,100,20,56.777094497680665,56.81246376037598,57.86102294921875,60.3712646484375,52.434017181396484,60.450496673583984,100
20260601,G_coloc,G_coloc,20260601/G_coloc/realL1_G_0c_2g_alone_run3_20260601_003415.json,G_0c_2g_alone_run3,G_0c_2g_alone,100,20,56.562590751647946,56.653873443603516,57.203101539611815,58.01556732177735,56.18310546875,58.032894134521484,100
20260601,G_coloc,G_coloc,20260601/G_coloc/realL1_G_0c_2g_alone_run4_20260601_003426.json,G_0c_2g_alone_run4,G_0c_2g_alone,100,20,56.658084831237794,56.80313682556152,57.319522285461424,58.1634103012085,52.330078125,59.23936080932617,100
20260601,G_coloc,G_coloc,20260601/G_coloc/realL1_G_0c_2g_alone_run5_20260601_003437.json,G_0c_2g_alone_run5,G_0c_2g_alone,100,20,56.59394313812256,56.71990394592285,57.23126087188721,58.267480621337896,52.10899353027344,58.799007415771484,100
20260601,G_coloc,G_coloc,20260601/G_coloc/realL1_G_1a_3g_coloc_run10_20260601_004032.json,G_1a_3g_coloc_run10,G_1a_3g_coloc,100,20,44.17984970092773,44.17512130737305,45.693342971801755,47.531744232177736,43.60310363769531,47.534976959228516,100
20260601,G_coloc,G_coloc,20260601/G_coloc/realL1_G_1a_3g_coloc_run1_20260601_003608.json,G_1a_3g_coloc_run1,G_1a_3g_coloc,100,20,353.2510675048828,353.14378356933594,358.4973678588867,360.432053527832,341.6119384765625,360.6421203613281,100
20260601,G_coloc,G_coloc,20260601/G_coloc/realL1_G_1a_3g_coloc_run2_20260601_003649.json,G_1a_3g_coloc_run2,G_1a_3g_coloc,100,20,354.07438201904296,355.55792236328125,358.7378845214844,360.5635125732422,332.7757873535156,360.6365661621094,100
20260601,G_coloc,G_coloc,20260601/G_coloc/realL1_G_1a_3g_coloc_run3_20260601_003731.json,G_1a_3g_coloc_run3,G_1a_3g_coloc,100,20,353.2852392578125,352.2133483886719,360.2332504272461,360.7464996337891,336.63958740234375,361.4060363769531,100
20260601,G_coloc,G_coloc,20260601/G_coloc/realL1_G_1a_3g_coloc_run4_20260601_003812.json,G_1a_3g_coloc_run4,G_1a_3g_coloc,100,20,352.5781231689453,352.96080017089844,357.91336517333986,360.18936645507813,330.0225830078125,360.21099853515625,100
20260601,G_coloc,G_coloc,20260601/G_coloc/realL1_G_1a_3g_coloc_run5_20260601_003854.json,G_1a_3g_coloc_run5,G_1a_3g_coloc,100,20,353.1048388671875,354.0576477050781,359.00265350341795,360.09995361328123,342.3140563964844,360.14007568359375,100
20260601,G_coloc,G_coloc,20260601/G_coloc/realL1_G_1a_3g_coloc_run6_20260601_003936.json,G_1a_3g_coloc_run6,G_1a_3g_coloc,100,20,353.2829931640625,356.28416442871094,357.3775665283203,358.85799896240235,338.05975341796875,359.6251220703125,100
20260601,G_coloc,G_coloc,20260601/G_coloc/realL1_G_1a_3g_coloc_run7_20260601_004002.json,G_1a_3g_coloc_run7,G_1a_3g_coloc,100,20,203.9531830215454,339.52001953125,357.5906005859375,358.1145751953125,43.652992248535156,359.98291015625,100
20260601,G_coloc,G_coloc,20260601/G_coloc/realL1_G_1a_3g_coloc_run8_20260601_004012.json,G_1a_3g_coloc_run8,G_1a_3g_coloc,100,20,39.74276592254639,39.80691146850586,40.31439609527588,41.15328231811524,39.15568161010742,41.638206481933594,100
20260601,G_coloc,G_coloc,20260601/G_coloc/realL1_G_1a_3g_coloc_run9_20260601_004022.json,G_1a_3g_coloc_run9,G_1a_3g_coloc,100,20,44.036887588500974,44.195871353149414,44.507161140441895,45.499045944213876,39.85283279418945,47.04550552368164,100
20260601,G_coloc,G_coloc,20260601/G_coloc/realL1_G_1b_4g_coloc_run1_20260601_004204.json,G_1b_4g_coloc_run1,G_1b_4g_coloc,100,20,355.14929565429685,355.8217315673828,356.30406951904297,358.3436148071289,342.6095275878906,358.44805908203125,100
20260601,G_coloc,G_coloc,20260601/G_coloc/realL1_G_1b_4g_coloc_run2_20260601_004246.json,G_1b_4g_coloc_run2,G_1b_4g_coloc,100,20,354.88793792724607,355.0973815917969,355.7481658935547,355.8072204589844,339.19866943359375,355.8162841796875,100
20260601,G_coloc,G_coloc,20260601/G_coloc/realL1_G_1b_4g_coloc_run3_20260601_004328.json,G_1b_4g_coloc_run3,G_1b_4g_coloc,100,20,355.219909362793,355.82098388671875,356.2405746459961,356.4319097900391,341.1665954589844,358.0205383300781,100
20260601,G_coloc,G_coloc,20260601/G_coloc/realL1_G_1b_4g_coloc_run4_20260601_004410.json,G_1b_4g_coloc_run4,G_1b_4g_coloc,100,20,355.5904113769531,355.9222106933594,356.1521240234375,356.22775970458986,344.0894470214844,357.0169982910156,100
20260601,G_coloc,G_coloc,20260601/G_coloc/realL1_G_1b_4g_coloc_run5_20260601_004452.json,G_1b_4g_coloc_run5,G_1b_4g_coloc,100,20,355.1292752075195,355.3091125488281,355.90067596435546,355.98371520996096,341.2626953125,356.1177978515625,100
20260601,G_coloc,G_coloc,20260601/G_coloc/realL1_G_1c_2g_coloc_run1_20260601_004625.json,G_1c_2g_coloc_run1,G_1c_2g_coloc,100,20,363.5934701538086,364.26438903808594,369.05855255126954,371.2347033691406,350.2684631347656,373.6086730957031,100
20260601,G_coloc,G_coloc,20260601/G_coloc/realL1_G_1c_2g_coloc_run2_20260601_004708.json,G_1c_2g_coloc_run2,G_1c_2g_coloc,100,20,363.40691040039064,365.5912170410156,368.93885803222656,369.14026824951173,349.98541259765625,371.2258605957031,100
20260601,G_coloc,G_coloc,20260601/G_coloc/realL1_G_1c_2g_coloc_run3_20260601_004750.json,G_1c_2g_coloc_run3,G_1c_2g_coloc,100,20,364.0929364013672,364.88526916503906,369.0571792602539,369.35181732177733,354.19366455078125,371.21697998046875,100
20260601,G_coloc,G_coloc,20260601/G_coloc/realL1_G_1c_2g_coloc_run4_20260601_004833.json,G_1c_2g_coloc_run4,G_1c_2g_coloc,100,20,363.39630126953125,364.3334045410156,368.77781066894534,369.130078125,356.4156799316406,370.913818359375,100
20260601,G_coloc,G_coloc,20260601/G_coloc/realL1_G_1c_2g_coloc_run5_20260601_004916.json,G_1c_2g_coloc_run5,G_1c_2g_coloc,100,20,363.7594869995117,365.48109436035156,368.98730621337893,369.1565911865234,356.7393798828125,369.1933898925781,100
20260601,G_coloc,G_coloc,20260601/G_coloc/realL1_G_2_3gColoc_chanpred_run1_20260601_005059.json,G_2_3gColoc_chanpred_run1,G_2_3gColoc_chanpred,100,20,353.8647500610352,355.32154846191406,358.7162460327148,360.35203857421874,341.31341552734375,361.0003967285156,100
20260601,G_coloc,G_coloc,20260601/G_coloc/realL1_G_2_3gColoc_chanpred_run2_20260601_005141.json,G_2_3gColoc_chanpred_run2,G_2_3gColoc_chanpred,100,20,356.02226104736326,357.55372619628906,360.48658599853513,361.85761169433596,342.738037109375,362.0304870605469,100
20260601,G_coloc,G_coloc,20260601/G_coloc/realL1_G_2_3gColoc_chanpred_run3_20260601_005223.json,G_2_3gColoc_chanpred_run3,G_2_3gColoc_chanpred,100,20,354.29795928955076,355.14662170410156,360.78875122070315,361.1337008666992,342.8426818847656,361.4603271484375,100
20260601,G_coloc,G_coloc,20260601/G_coloc/realL1_G_2_3gColoc_chanpred_run4_20260601_005304.json,G_2_3gColoc_chanpred_run4,G_2_3gColoc_chanpred,100,20,354.6412887573242,356.23992919921875,360.1710540771484,360.509690246582,332.1295471191406,360.5928649902344,100
20260601,G_coloc,G_coloc,20260601/G_coloc/realL1_G_2_3gColoc_chanpred_run5_20260601_005346.json,G_2_3gColoc_chanpred_run5,G_2_3gColoc_chanpred,100,20,354.5192239379883,352.29786682128906,358.92489166259764,361.77287384033247,345.9202575683594,441.3569641113281,100
20260601,G_coloc,G_coloc,20260601/G_coloc/realL1_G_2_3gColoc_forecaster_run1_20260601_005953.json,G_2_3gColoc_forecaster_run1,G_2_3gColoc_forecaster,100,20,349.47268768310545,350.1164093017578,353.85238494873045,356.51261047363283,335.59710693359375,356.5495300292969,100
20260601,G_coloc,G_coloc,20260601/G_coloc/realL1_G_2_3gColoc_forecaster_run2_20260601_010034.json,G_2_3gColoc_forecaster_run2,G_2_3gColoc_forecaster,100,20,350.1569903564453,350.6729736328125,356.65672760009767,357.68685760498045,341.6169738769531,357.8770446777344,100
20260601,G_coloc,G_coloc,20260601/G_coloc/realL1_G_2_3gColoc_forecaster_run3_20260601_010116.json,G_2_3gColoc_forecaster_run3,G_2_3gColoc_forecaster,100,20,349.90716857910155,350.5595397949219,354.84520263671874,356.5792425537109,336.33367919921875,356.7593688964844,100
20260601,G_coloc,G_coloc,20260601/G_coloc/realL1_G_2_3gColoc_forecaster_run4_20260601_010157.json,G_2_3gColoc_forecaster_run4,G_2_3gColoc_forecaster,100,20,349.0696862792969,348.97767639160156,354.1117172241211,355.98127044677733,331.93060302734375,356.2902526855469,100
20260601,G_coloc,G_coloc,20260601/G_coloc/realL1_G_2_3gColoc_forecaster_run5_20260601_010238.json,G_2_3gColoc_forecaster_run5,G_2_3gColoc_forecaster,100,20,350.57718658447266,350.37779235839844,356.1941833496094,357.5108581542973,334.48822021484375,443.9570007324219,100
20260601,G_coloc,G_coloc,20260601/G_coloc/realL1_G_2_3gColoc_qwen_small_run1_20260601_010418.json,G_2_3gColoc_qwen_small_run1,G_2_3gColoc_qwen_small,100,20,351.1390390014648,350.8166198730469,358.1707260131836,358.7674856567383,333.52630615234375,358.87615966796875,100
20260601,G_coloc,G_coloc,20260601/G_coloc/realL1_G_2_3gColoc_qwen_small_run2_20260601_010500.json,G_2_3gColoc_qwen_small_run2,G_2_3gColoc_qwen_small,100,20,350.91631958007815,350.10923767089844,357.2131072998047,358.8809533691406,342.5877380371094,359.33135986328125,100
20260601,G_coloc,G_coloc,20260601/G_coloc/realL1_G_2_3gColoc_qwen_small_run3_20260601_010541.json,G_2_3gColoc_qwen_small_run3,G_2_3gColoc_qwen_small,100,20,350.8140966796875,350.0899658203125,357.7959579467773,359.18549102783203,339.7044372558594,359.7479553222656,100
20260601,G_coloc,G_coloc,20260601/G_coloc/realL1_G_2_3gColoc_qwen_small_run4_20260601_010623.json,G_2_3gColoc_qwen_small_run4,G_2_3gColoc_qwen_small,100,20,350.3556524658203,350.00852966308594,357.6392074584961,358.0146255493164,341.48779296875,358.6951599121094,100
20260601,G_coloc,G_coloc,20260601/G_coloc/realL1_G_2_3gColoc_qwen_small_run5_20260601_010704.json,G_2_3gColoc_qwen_small_run5,G_2_3gColoc_qwen_small,100,20,353.0039404296875,351.59889221191406,358.0332565307617,361.53330627441454,341.87396240234375,451.25018310546875,100
20260601,G_coloc,G_coloc,20260601/G_coloc/realL1_G_2_3gColoc_resnet_run1_20260601_005526.json,G_2_3gColoc_resnet_run1,G_2_3gColoc_resnet,100,20,352.9235272216797,351.85874938964844,358.81680450439455,360.80481872558596,333.5760498046875,360.8721923828125,100
20260601,G_coloc,G_coloc,20260601/G_coloc/realL1_G_2_3gColoc_resnet_run2_20260601_005608.json,G_2_3gColoc_resnet_run2,G_2_3gColoc_resnet,100,20,350.98588104248046,350.5370788574219,357.9321578979492,359.99333526611326,331.7616882324219,360.3184509277344,100
20260601,G_coloc,G_coloc,20260601/G_coloc/realL1_G_2_3gColoc_resnet_run3_20260601_005650.json,G_2_3gColoc_resnet_run3,G_2_3gColoc_resnet,100,20,354.3602105712891,355.24424743652344,358.7949981689453,360.48567932128907,345.68048095703125,360.5120849609375,100
20260601,G_coloc,G_coloc,20260601/G_coloc/realL1_G_2_3gColoc_resnet_run4_20260601_005731.json,G_2_3gColoc_resnet_run4,G_2_3gColoc_resnet,100,20,353.14295471191406,351.6789855957031,359.0541198730469,360.8611297607422,336.6244201660156,361.0771484375,100
20260601,G_coloc,G_coloc,20260601/G_coloc/realL1_G_2_3gColoc_resnet_run5_20260601_005813.json,G_2_3gColoc_resnet_run5,G_2_3gColoc_resnet,100,20,355.28314910888673,355.9038543701172,360.42371673583983,362.0867468261722,346.78143310546875,423.73370361328125,100
20260601,G_coloc,G_coloc,20260601/G_coloc/realL1_G_2_3gColoc_sat_compute_run1_20260601_011309.json,G_2_3gColoc_sat_compute_run1,G_2_3gColoc_sat_compute,100,20,351.53001708984374,350.9861602783203,358.67569427490236,359.2319912719727,336.8702392578125,361.1592102050781,100
20260601,G_coloc,G_coloc,20260601/G_coloc/realL1_G_2_3gColoc_sat_compute_run2_20260601_011350.json,G_2_3gColoc_sat_compute_run2,G_2_3gColoc_sat_compute,100,20,350.99329467773435,350.3398895263672,357.89109497070314,358.5318661499023,332.8826904296875,358.89801025390625,100
20260601,G_coloc,G_coloc,20260601/G_coloc/realL1_G_2_3gColoc_sat_compute_run3_20260601_011432.json,G_2_3gColoc_sat_compute_run3,G_2_3gColoc_sat_compute,100,20,351.13308685302735,350.5634002685547,357.42371826171876,360.06990692138675,342.44757080078125,360.135498046875,100
20260601,G_coloc,G_coloc,20260601/G_coloc/realL1_G_2_3gColoc_sat_compute_run4_20260601_011514.json,G_2_3gColoc_sat_compute_run4,G_2_3gColoc_sat_compute,100,20,351.79459411621093,350.82786560058594,357.70354919433595,359.03136474609374,341.8968200683594,360.18475341796875,100
20260601,G_coloc,G_coloc,20260601/G_coloc/realL1_G_2_3gColoc_sat_compute_run5_20260601_011555.json,G_2_3gColoc_sat_compute_run5,G_2_3gColoc_sat_compute,100,20,352.3650051879883,350.5782775878906,358.1692657470703,360.88267639160193,341.27947998046875,430.4453430175781,100
20260601,G_coloc,G_coloc,20260601/G_coloc/realL1_G_2_3gColoc_sat_hbm_run1_20260601_011735.json,G_2_3gColoc_sat_hbm_run1,G_2_3gColoc_sat_hbm,100,20,348.6005075073242,348.3515625,353.77400665283204,356.15960510253905,333.4565734863281,356.376953125,100
20260601,G_coloc,G_coloc,20260601/G_coloc/realL1_G_2_3gColoc_sat_hbm_run2_20260601_011816.json,G_2_3gColoc_sat_hbm_run2,G_2_3gColoc_sat_hbm,100,20,350.07674102783204,350.893798828125,354.1029418945312,356.85972106933593,334.6839904785156,356.8758544921875,100
20260601,G_coloc,G_coloc,20260601/G_coloc/realL1_G_2_3gColoc_sat_hbm_run3_20260601_011857.json,G_2_3gColoc_sat_hbm_run3,G_2_3gColoc_sat_hbm,100,20,349.77682830810545,350.26353454589844,356.1907012939453,357.2836138916016,336.85882568359375,359.22161865234375,100
20260601,G_coloc,G_coloc,20260601/G_coloc/realL1_G_2_3gColoc_sat_hbm_run4_20260601_011939.json,G_2_3gColoc_sat_hbm_run4,G_2_3gColoc_sat_hbm,100,20,350.1329849243164,350.15025329589844,354.2803970336914,356.82546966552735,346.1752014160156,356.9795227050781,100
20260601,G_coloc,G_coloc,20260601/G_coloc/realL1_G_2_3gColoc_sat_hbm_run5_20260601_012020.json,G_2_3gColoc_sat_hbm_run5,G_2_3gColoc_sat_hbm,100,20,349.1653012084961,349.6555938720703,352.806819152832,355.88817901611327,345.09027099609375,356.0357666015625,100
20260601,G_coloc,G_coloc,20260601/G_coloc/realL1_G_2_3gColoc_xapp_run1_20260601_010844.json,G_2_3gColoc_xapp_run1,G_2_3gColoc_xapp,100,20,349.7444400024414,349.9164581298828,354.3785095214844,357.17900787353517,340.617919921875,357.2084045410156,100
20260601,G_coloc,G_coloc,20260601/G_coloc/realL1_G_2_3gColoc_xapp_run2_20260601_010925.json,G_2_3gColoc_xapp_run2,G_2_3gColoc_xapp,100,20,349.9318966674805,349.2174377441406,356.6759536743164,356.9768212890625,339.46044921875,359.2170104980469,100
20260601,G_coloc,G_coloc,20260601/G_coloc/realL1_G_2_3gColoc_xapp_run3_20260601_011006.json,G_2_3gColoc_xapp_run3,G_2_3gColoc_xapp,100,20,349.59741363525393,349.59197998046875,354.1759506225586,356.90266387939454,343.216064453125,356.9887390136719,100
20260601,G_coloc,G_coloc,20260601/G_coloc/realL1_G_2_3gColoc_xapp_run4_20260601_011048.json,G_2_3gColoc_xapp_run4,G_2_3gColoc_xapp,100,20,350.69380859375,350.42579650878906,357.52826232910155,358.79901123046875,334.9880065917969,360.2461853027344,100
20260601,G_coloc,G_coloc,20260601/G_coloc/realL1_G_2_3gColoc_xapp_run5_20260601_011129.json,G_2_3gColoc_xapp_run5,G_2_3gColoc_xapp,100,20,350.8531799316406,349.3798828125,357.76300659179685,359.72392456054723,332.0550537109375,425.53125,100
20260601,G_coloc,G_coloc,20260601/G_coloc/realL1_G_3_3gColoc_het_chanpred_resnet_run1_20260601_012204.json,G_3_3gColoc_het_chanpred_resnet_run1,G_3_3gColoc_het_chanpred_resnet,100,20,349.2851232910156,350.2090606689453,353.3509994506836,356.5440512084961,334.0873107910156,356.6361083984375,100
20260601,G_coloc,G_coloc,20260601/G_coloc/realL1_G_3_3gColoc_het_chanpred_resnet_run2_20260601_012246.json,G_3_3gColoc_het_chanpred_resnet_run2,G_3_3gColoc_het_chanpred_resnet,100,20,349.62394256591796,350.0319519042969,354.69702911376953,356.5237515258789,334.435302734375,356.557861328125,100
20260601,G_coloc,G_coloc,20260601/G_coloc/realL1_G_3_3gColoc_het_chanpred_resnet_run3_20260601_012327.json,G_3_3gColoc_het_chanpred_resnet_run3,G_3_3gColoc_het_chanpred_resnet,100,20,349.8606799316406,349.9222106933594,353.9252716064453,356.78780639648437,334.3699645996094,356.8326416015625,100
20260601,G_coloc,G_coloc,20260601/G_coloc/realL1_G_3_3gColoc_het_chanpred_resnet_run4_20260601_012408.json,G_3_3gColoc_het_chanpred_resnet_run4,G_3_3gColoc_het_chanpred_resnet,100,20,350.3467123413086,350.4466857910156,356.47997283935547,356.8946505737305,341.927490234375,358.0182800292969,100
20260601,G_coloc,G_coloc,20260601/G_coloc/realL1_G_3_3gColoc_het_chanpred_resnet_run5_20260601_012450.json,G_3_3gColoc_het_chanpred_resnet_run5,G_3_3gColoc_het_chanpred_resnet,100,20,350.97764892578124,349.8211212158203,352.9164810180664,429.2556811523439,345.13653564453125,458.4927062988281,100
20260601,G_coloc,G_coloc,20260601/G_coloc/realL1_G_4_3gColoc_homo_2chanpred_run1_20260601_012635.json,G_4_3gColoc_homo_2chanpred_run1,G_4_3gColoc_homo_2chanpred,100,20,356.1832482910156,358.1516418457031,358.86655883789064,361.0425399780273,339.7247619628906,361.7100830078125,100
20260601,G_coloc,G_coloc,20260601/G_coloc/realL1_G_4_3gColoc_homo_2chanpred_run2_20260601_012717.json,G_4_3gColoc_homo_2chanpred_run2,G_4_3gColoc_homo_2chanpred,100,20,355.6471951293945,357.72357177734375,359.89404449462893,360.83238311767576,335.82861328125,361.16632080078125,100
20260601,G_coloc,G_coloc,20260601/G_coloc/realL1_G_4_3gColoc_homo_2chanpred_run3_20260601_012758.json,G_4_3gColoc_homo_2chanpred_run3,G_4_3gColoc_homo_2chanpred,100,20,355.4659213256836,358.1412811279297,358.64625396728513,358.7886288452149,335.5439758300781,360.748779296875,100
20260601,G_coloc,G_coloc,20260601/G_coloc/realL1_G_4_3gColoc_homo_2chanpred_run4_20260601_012840.json,G_4_3gColoc_homo_2chanpred_run4,G_4_3gColoc_homo_2chanpred,100,20,357.35092376708985,357.89952087402344,360.17883148193357,360.98908172607423,347.210205078125,361.85687255859375,100
20260601,G_coloc,G_coloc,20260601/G_coloc/realL1_G_4_3gColoc_homo_2chanpred_run5_20260601_012922.json,G_4_3gColoc_homo_2chanpred_run5,G_4_3gColoc_homo_2chanpred,100,20,355.8521469116211,356.7057189941406,358.8309127807617,412.483771057129,341.6131896972656,428.69940185546875,100
20260601,G_coloc,G_coloc,20260601/G_coloc/realL1_G_5_4gColoc_chanpred_run1_20260601_013106.json,G_5_4gColoc_chanpred_run1,G_5_4gColoc_chanpred,100,20,354.7956591796875,355.20082092285156,355.67810516357423,356.4901956176758,339.2803955078125,357.5981750488281,100
20260601,G_coloc,G_coloc,20260601/G_coloc/realL1_G_5_4gColoc_chanpred_run2_20260601_013148.json,G_5_4gColoc_chanpred_run2,G_5_4gColoc_chanpred,100,20,354.5953536987305,355.19569396972656,355.8742950439453,356.0917166137695,341.361572265625,356.1018981933594,100
20260601,G_coloc,G_coloc,20260601/G_coloc/realL1_G_5_4gColoc_chanpred_run3_20260601_013230.json,G_5_4gColoc_chanpred_run3,G_5_4gColoc_chanpred,100,20,355.6108386230469,356.17713928222656,357.6947845458984,358.67014892578123,344.779541015625,358.7198181152344,100
20260601,G_coloc,G_coloc,20260601/G_coloc/realL1_G_5_4gColoc_chanpred_run4_20260601_013312.json,G_5_4gColoc_chanpred_run4,G_5_4gColoc_chanpred,100,20,354.42474609375,355.41355895996094,355.8052154541016,355.9924072265625,342.1102600097656,356.135009765625,100
20260601,G_coloc,G_coloc,20260601/G_coloc/realL1_G_5_4gColoc_chanpred_run5_20260601_013354.json,G_5_4gColoc_chanpred_run5,G_5_4gColoc_chanpred,100,20,355.81403564453126,355.1744384765625,355.912092590332,358.2191232299808,346.3412780761719,429.7929992675781,100
20260601,G_coloc,G_coloc,20260601/G_coloc/realL1_G_6_2gColoc_chanpred_3g_run1_20260601_013538.json,G_6_2gColoc_chanpred_3g_run1,G_6_2gColoc_chanpred_3g,100,20,363.5956256103516,365.8468933105469,368.9503448486328,369.08509063720703,343.21746826171875,369.34869384765625,100
20260601,G_coloc,G_coloc,20260601/G_coloc/realL1_G_6_2gColoc_chanpred_3g_run2_20260601_013621.json,G_6_2gColoc_chanpred_3g_run2,G_6_2gColoc_chanpred_3g,100,20,364.0705816650391,364.9740447998047,369.11087188720705,369.2531072998047,357.1876525878906,369.33111572265625,100
20260601,G_coloc,G_coloc,20260601/G_coloc/realL1_G_6_2gColoc_chanpred_3g_run3_20260601_013703.json,G_6_2gColoc_chanpred_3g_run3,G_6_2gColoc_chanpred_3g,100,20,364.1468478393555,366.07276916503906,368.88964080810547,369.1656591796875,358.7939758300781,369.1817321777344,100
20260601,G_coloc,G_coloc,20260601/G_coloc/realL1_G_6_2gColoc_chanpred_3g_run4_20260601_013746.json,G_6_2gColoc_chanpred_3g_run4,G_6_2gColoc_chanpred_3g,100,20,363.9184619140625,365.31568908691406,368.96163482666014,369.15046875,356.31011962890625,369.2548828125,100
20260601,G_coloc,G_coloc,20260601/G_coloc/realL1_G_6_2gColoc_chanpred_3g_run5_20260601_013828.json,G_6_2gColoc_chanpred_3g_run5,G_6_2gColoc_chanpred_3g,100,20,364.7799594116211,366.05799865722656,368.93926696777345,371.34871185302774,356.8171691894531,449.9208679199219,100
20260601,H_dual,H_dual,20260601/H_dual/realL1_H_F1_D2D_1024MB_str8_l1_20260601_013858.json,H_F1_D2D_1024MB_str8_l1,H_F1_D2D_1024MB_str8_l1,200,20,40.32723154067993,40.22550392150879,41.376535987854005,43.26316913604727,39.64246368408203,53.86646270751953,200
20260601,H_dual,H_dual,20260601/H_dual/realL1_H_F2_H2D_256MB_str4_l1_20260601_013927.json,H_F2_H2D_256MB_str4_l1,H_F2_H2D_256MB_str4_l1,200,20,42.70390924453736,42.664833068847656,43.36222610473633,44.23975547790528,41.86057662963867,44.8974723815918,200
20260601,H_dual,H_dual,20260601/H_dual/realL1_H_F3_GEMM_4096_l1_20260601_014041.json,H_F3_GEMM_4096_l1,H_F3_GEMM_4096_l1,200,20,42.96805278778076,42.99934387207031,43.50840263366699,44.44847267150878,39.56252670288086,45.17417526245117,200
20260601,H_dual,H_dual,20260601/H_dual/realL1_H_F4_chanpred_b1024_l1_20260601_014153.json,H_F4_chanpred_b1024_l1,H_F4_chanpred_b1024_l1,200,20,44.185343742370605,44.24540710449219,44.83007335662842,45.76022918701172,40.47257614135742,47.16921615600586,200
20260601,H_dual,H_dual,20260601/H_dual/realL1_H_F5_stack4_chanpred_l1_20260601_014412.json,H_F5_stack4_chanpred_l1,H_F5_stack4_chanpred_l1,200,20,44.07392086029053,44.11260795593262,44.825418090820314,45.528020362854,40.45475387573242,46.18230438232422,200
20260601,H_dual,H_dual,20260601/H_dual/realL1_H_F_kitchen_l1_20260601_015443.json,H_F_kitchen_l1,H_F_kitchen_l1,200,20,42.89806678771973,42.93659210205078,43.42737312316894,44.64942222595215,39.91417694091797,45.59920120239258,200
20260601,H_dual,H_dual,20260601/H_dual/realL1_H_G1_3gColoc_chanpred_l1_20260601_014723.json,H_G1_3gColoc_chanpred_l1,H_G1_3gColoc_chanpred_l1,200,20,124.87011924743652,44.32111930847168,352.4354721069336,355.83620635986324,40.07136154174805,359.21527099609375,200
20260601,H_dual,H_dual,20260601/H_dual/realL1_H_G2_2gColoc_chanpred_3g_l1_20260601_015133.json,H_G2_2gColoc_chanpred_3g_l1,H_G2_2gColoc_chanpred_3g_l1,200,20,139.63134338378907,52.214561462402344,363.7315307617188,368.18751983642574,51.45212936401367,370.75982666015625,200
20260601,H_dual,H_dual,20260601/H_dual/realL1_H_baseline_3g_alone_l1_20260601_015651.json,H_baseline_3g_alone_l1,H_baseline_3g_alone_l1,200,20,44.09018848419189,44.185007095336914,44.77553119659424,45.562054557800295,43.64531326293945,46.77996826171875,200
